ISO-10303-21;
HEADER;
/* Generated by software containing ST-Developer
 * from STEP Tools, Inc. (www.steptools.com) 
 */
/* OPTION: using custom renumber hook */

FILE_DESCRIPTION(
/* description */ ('STEP AP242 Edition 2',
'CAx-IF Rec.Pracs.---Representation and Presentation of Product Manufa
cturing Information (PMI)---4.0---2014-10-13',
'CAx-IF Rec.Pracs.---3D Tessellated Geometry---0.4---2014-09-14','2;1',
'CAx-IF Rec.Pracs.---User Defined Attributes---1.5---2016-08-15'),
/* implementation_level */ '2;1');

FILE_NAME(
/* name */ 'CubXL - ASMI Wellplate Holder_REV. 1',
/* time_stamp */ '2026-08-10T16:23:55Z',
/* author */ (''),
/* organization */ (''),
/* preprocessor_version */ 'ST-DEVELOPER v20',
/* originating_system */ 'ONSHAPE BY PTC INC, 1.219',
/* authorisation */ '  ');

FILE_SCHEMA (('AP242_MANAGED_MODEL_BASED_3D_ENGINEERING_MIM_LF { 1 0 10303 442 3 1 4 }'));
ENDSEC;

DATA;
#10=SHAPE_REPRESENTATION_RELATIONSHIP('','',#5931,#11);
#11=ADVANCED_BREP_SHAPE_REPRESENTATION('',(#5929),#10160);
#12=TOROIDAL_SURFACE('',#6277,0.004,0.002);
#13=TOROIDAL_SURFACE('',#6281,0.004,0.002);
#14=TOROIDAL_SURFACE('',#6282,0.004,0.002);
#15=TOROIDAL_SURFACE('',#6287,0.004,0.002);
#16=TOROIDAL_SURFACE('',#6291,0.004,0.002);
#17=TOROIDAL_SURFACE('',#6295,0.004,0.002);
#18=SPHERICAL_SURFACE('',#6253,0.002);
#19=B_SPLINE_SURFACE_WITH_KNOTS('',3,1,((#8653,#8654),(#8655,#8656),(#8657,
#8658),(#8659,#8660)),.SURF_OF_LINEAR_EXTRUSION.,.F.,.F.,.F.,(4,4),(2,2),
(0.,1.),(0.,1.),.PIECEWISE_BEZIER_KNOTS.);
#20=B_SPLINE_SURFACE_WITH_KNOTS('',3,1,((#8666,#8667),(#8668,#8669),(#8670,
#8671),(#8672,#8673)),.SURF_OF_LINEAR_EXTRUSION.,.F.,.F.,.F.,(4,4),(2,2),
(0.,1.),(0.,1.),.PIECEWISE_BEZIER_KNOTS.);
#21=B_SPLINE_SURFACE_WITH_KNOTS('',3,1,((#8683,#8684),(#8685,#8686),(#8687,
#8688),(#8689,#8690)),.SURF_OF_LINEAR_EXTRUSION.,.F.,.F.,.F.,(4,4),(2,2),
(0.,1.),(0.,1.),.PIECEWISE_BEZIER_KNOTS.);
#22=B_SPLINE_SURFACE_WITH_KNOTS('',3,1,((#8696,#8697),(#8698,#8699),(#8700,
#8701),(#8702,#8703)),.SURF_OF_LINEAR_EXTRUSION.,.F.,.F.,.F.,(4,4),(2,2),
(0.,1.),(0.,1.),.PIECEWISE_BEZIER_KNOTS.);
#23=B_SPLINE_SURFACE_WITH_KNOTS('',3,1,((#8709,#8710),(#8711,#8712),(#8713,
#8714),(#8715,#8716)),.SURF_OF_LINEAR_EXTRUSION.,.F.,.F.,.F.,(4,4),(2,2),
(0.,1.),(0.,1.),.PIECEWISE_BEZIER_KNOTS.);
#24=B_SPLINE_SURFACE_WITH_KNOTS('',3,1,((#8730,#8731),(#8732,#8733),(#8734,
#8735),(#8736,#8737)),.SURF_OF_LINEAR_EXTRUSION.,.F.,.F.,.F.,(4,4),(2,2),
(0.,1.),(0.,1.),.PIECEWISE_BEZIER_KNOTS.);
#25=B_SPLINE_SURFACE_WITH_KNOTS('',3,1,((#8747,#8748),(#8749,#8750),(#8751,
#8752),(#8753,#8754)),.SURF_OF_LINEAR_EXTRUSION.,.F.,.F.,.F.,(4,4),(2,2),
(0.,1.),(0.,1.),.PIECEWISE_BEZIER_KNOTS.);
#26=B_SPLINE_SURFACE_WITH_KNOTS('',3,1,((#8764,#8765),(#8766,#8767),(#8768,
#8769),(#8770,#8771)),.SURF_OF_LINEAR_EXTRUSION.,.F.,.F.,.F.,(4,4),(2,2),
(0.,1.),(0.,1.),.PIECEWISE_BEZIER_KNOTS.);
#27=B_SPLINE_SURFACE_WITH_KNOTS('',3,1,((#8777,#8778),(#8779,#8780),(#8781,
#8782),(#8783,#8784)),.SURF_OF_LINEAR_EXTRUSION.,.F.,.F.,.F.,(4,4),(2,2),
(0.,1.),(0.,1.),.PIECEWISE_BEZIER_KNOTS.);
#28=B_SPLINE_SURFACE_WITH_KNOTS('',3,1,((#8794,#8795),(#8796,#8797),(#8798,
#8799),(#8800,#8801)),.SURF_OF_LINEAR_EXTRUSION.,.F.,.F.,.F.,(4,4),(2,2),
(0.,1.),(0.,1.),.PIECEWISE_BEZIER_KNOTS.);
#29=B_SPLINE_SURFACE_WITH_KNOTS('',3,1,((#8807,#8808),(#8809,#8810),(#8811,
#8812),(#8813,#8814)),.SURF_OF_LINEAR_EXTRUSION.,.F.,.F.,.F.,(4,4),(2,2),
(0.,1.),(0.,1.),.PIECEWISE_BEZIER_KNOTS.);
#30=B_SPLINE_SURFACE_WITH_KNOTS('',3,1,((#8853,#8854),(#8855,#8856),(#8857,
#8858),(#8859,#8860)),.SURF_OF_LINEAR_EXTRUSION.,.F.,.F.,.F.,(4,4),(2,2),
(0.,1.),(0.,1.),.PIECEWISE_BEZIER_KNOTS.);
#31=B_SPLINE_SURFACE_WITH_KNOTS('',3,1,((#8877,#8878),(#8879,#8880),(#8881,
#8882),(#8883,#8884)),.SURF_OF_LINEAR_EXTRUSION.,.F.,.F.,.F.,(4,4),(2,2),
(0.,1.),(0.,1.),.PIECEWISE_BEZIER_KNOTS.);
#32=B_SPLINE_SURFACE_WITH_KNOTS('',3,1,((#8904,#8905),(#8906,#8907),(#8908,
#8909),(#8910,#8911)),.SURF_OF_LINEAR_EXTRUSION.,.F.,.F.,.F.,(4,4),(2,2),
(0.,1.),(0.,1.),.PIECEWISE_BEZIER_KNOTS.);
#33=B_SPLINE_SURFACE_WITH_KNOTS('',3,1,((#8917,#8918),(#8919,#8920),(#8921,
#8922),(#8923,#8924)),.SURF_OF_LINEAR_EXTRUSION.,.F.,.F.,.F.,(4,4),(2,2),
(0.,1.),(0.,1.),.PIECEWISE_BEZIER_KNOTS.);
#34=B_SPLINE_SURFACE_WITH_KNOTS('',3,1,((#8930,#8931),(#8932,#8933),(#8934,
#8935),(#8936,#8937)),.SURF_OF_LINEAR_EXTRUSION.,.F.,.F.,.F.,(4,4),(2,2),
(0.,1.),(0.,1.),.PIECEWISE_BEZIER_KNOTS.);
#35=B_SPLINE_SURFACE_WITH_KNOTS('',3,1,((#8943,#8944),(#8945,#8946),(#8947,
#8948),(#8949,#8950)),.SURF_OF_LINEAR_EXTRUSION.,.F.,.F.,.F.,(4,4),(2,2),
(0.,1.),(0.,1.),.PIECEWISE_BEZIER_KNOTS.);
#36=B_SPLINE_SURFACE_WITH_KNOTS('',3,1,((#8956,#8957),(#8958,#8959),(#8960,
#8961),(#8962,#8963)),.SURF_OF_LINEAR_EXTRUSION.,.F.,.F.,.F.,(4,4),(2,2),
(0.,1.),(0.,1.),.PIECEWISE_BEZIER_KNOTS.);
#37=B_SPLINE_SURFACE_WITH_KNOTS('',3,1,((#8969,#8970),(#8971,#8972),(#8973,
#8974),(#8975,#8976)),.SURF_OF_LINEAR_EXTRUSION.,.F.,.F.,.F.,(4,4),(2,2),
(0.,1.),(0.,1.),.PIECEWISE_BEZIER_KNOTS.);
#38=B_SPLINE_SURFACE_WITH_KNOTS('',3,1,((#8982,#8983),(#8984,#8985),(#8986,
#8987),(#8988,#8989)),.SURF_OF_LINEAR_EXTRUSION.,.F.,.F.,.F.,(4,4),(2,2),
(0.,1.),(0.,1.),.PIECEWISE_BEZIER_KNOTS.);
#39=B_SPLINE_SURFACE_WITH_KNOTS('',3,1,((#8999,#9000),(#9001,#9002),(#9003,
#9004),(#9005,#9006)),.SURF_OF_LINEAR_EXTRUSION.,.F.,.F.,.F.,(4,4),(2,2),
(0.,1.),(0.,1.),.PIECEWISE_BEZIER_KNOTS.);
#40=B_SPLINE_SURFACE_WITH_KNOTS('',3,1,((#9012,#9013),(#9014,#9015),(#9016,
#9017),(#9018,#9019)),.SURF_OF_LINEAR_EXTRUSION.,.F.,.F.,.F.,(4,4),(2,2),
(0.,1.),(0.,1.),.PIECEWISE_BEZIER_KNOTS.);
#41=B_SPLINE_SURFACE_WITH_KNOTS('',3,1,((#9025,#9026),(#9027,#9028),(#9029,
#9030),(#9031,#9032)),.SURF_OF_LINEAR_EXTRUSION.,.F.,.F.,.F.,(4,4),(2,2),
(0.,1.),(0.,1.),.PIECEWISE_BEZIER_KNOTS.);
#42=B_SPLINE_SURFACE_WITH_KNOTS('',3,1,((#9063,#9064),(#9065,#9066),(#9067,
#9068),(#9069,#9070)),.SURF_OF_LINEAR_EXTRUSION.,.F.,.F.,.F.,(4,4),(2,2),
(0.,1.),(0.,1.),.PIECEWISE_BEZIER_KNOTS.);
#43=B_SPLINE_SURFACE_WITH_KNOTS('',3,1,((#9109,#9110),(#9111,#9112),(#9113,
#9114),(#9115,#9116)),.SURF_OF_LINEAR_EXTRUSION.,.F.,.F.,.F.,(4,4),(2,2),
(0.,1.),(0.,1.),.PIECEWISE_BEZIER_KNOTS.);
#44=B_SPLINE_SURFACE_WITH_KNOTS('',3,1,((#9122,#9123),(#9124,#9125),(#9126,
#9127),(#9128,#9129)),.SURF_OF_LINEAR_EXTRUSION.,.F.,.F.,.F.,(4,4),(2,2),
(0.,1.),(0.,1.),.PIECEWISE_BEZIER_KNOTS.);
#45=B_SPLINE_SURFACE_WITH_KNOTS('',3,1,((#9139,#9140),(#9141,#9142),(#9143,
#9144),(#9145,#9146)),.SURF_OF_LINEAR_EXTRUSION.,.F.,.F.,.F.,(4,4),(2,2),
(0.,1.),(0.,1.),.PIECEWISE_BEZIER_KNOTS.);
#46=B_SPLINE_SURFACE_WITH_KNOTS('',3,1,((#9152,#9153),(#9154,#9155),(#9156,
#9157),(#9158,#9159)),.SURF_OF_LINEAR_EXTRUSION.,.F.,.F.,.F.,(4,4),(2,2),
(0.,1.),(0.,1.),.PIECEWISE_BEZIER_KNOTS.);
#47=B_SPLINE_SURFACE_WITH_KNOTS('',3,1,((#9165,#9166),(#9167,#9168),(#9169,
#9170),(#9171,#9172)),.SURF_OF_LINEAR_EXTRUSION.,.F.,.F.,.F.,(4,4),(2,2),
(0.,1.),(0.,1.),.PIECEWISE_BEZIER_KNOTS.);
#48=B_SPLINE_SURFACE_WITH_KNOTS('',3,1,((#9186,#9187),(#9188,#9189),(#9190,
#9191),(#9192,#9193)),.SURF_OF_LINEAR_EXTRUSION.,.F.,.F.,.F.,(4,4),(2,2),
(0.,1.),(0.,1.),.PIECEWISE_BEZIER_KNOTS.);
#49=B_SPLINE_SURFACE_WITH_KNOTS('',3,1,((#9203,#9204),(#9205,#9206),(#9207,
#9208),(#9209,#9210)),.SURF_OF_LINEAR_EXTRUSION.,.F.,.F.,.F.,(4,4),(2,2),
(0.,1.),(0.,1.),.PIECEWISE_BEZIER_KNOTS.);
#50=B_SPLINE_SURFACE_WITH_KNOTS('',3,1,((#9220,#9221),(#9222,#9223),(#9224,
#9225),(#9226,#9227)),.SURF_OF_LINEAR_EXTRUSION.,.F.,.F.,.F.,(4,4),(2,2),
(0.,1.),(0.,1.),.PIECEWISE_BEZIER_KNOTS.);
#51=B_SPLINE_SURFACE_WITH_KNOTS('',3,1,((#9233,#9234),(#9235,#9236),(#9237,
#9238),(#9239,#9240)),.SURF_OF_LINEAR_EXTRUSION.,.F.,.F.,.F.,(4,4),(2,2),
(0.,1.),(0.,1.),.PIECEWISE_BEZIER_KNOTS.);
#52=B_SPLINE_SURFACE_WITH_KNOTS('',3,1,((#9250,#9251),(#9252,#9253),(#9254,
#9255),(#9256,#9257)),.SURF_OF_LINEAR_EXTRUSION.,.F.,.F.,.F.,(4,4),(2,2),
(0.,1.),(0.,1.),.PIECEWISE_BEZIER_KNOTS.);
#53=B_SPLINE_SURFACE_WITH_KNOTS('',3,1,((#9263,#9264),(#9265,#9266),(#9267,
#9268),(#9269,#9270)),.SURF_OF_LINEAR_EXTRUSION.,.F.,.F.,.F.,(4,4),(2,2),
(0.,1.),(0.,1.),.PIECEWISE_BEZIER_KNOTS.);
#54=B_SPLINE_SURFACE_WITH_KNOTS('',3,1,((#9298,#9299),(#9300,#9301),(#9302,
#9303),(#9304,#9305)),.SURF_OF_LINEAR_EXTRUSION.,.F.,.F.,.F.,(4,4),(2,2),
(0.,1.),(0.,1.),.PIECEWISE_BEZIER_KNOTS.);
#55=B_SPLINE_SURFACE_WITH_KNOTS('',3,1,((#9351,#9352),(#9353,#9354),(#9355,
#9356),(#9357,#9358)),.SURF_OF_LINEAR_EXTRUSION.,.F.,.F.,.F.,(4,4),(2,2),
(0.,1.),(0.,1.),.PIECEWISE_BEZIER_KNOTS.);
#56=B_SPLINE_SURFACE_WITH_KNOTS('',3,1,((#9371,#9372),(#9373,#9374),(#9375,
#9376),(#9377,#9378)),.SURF_OF_LINEAR_EXTRUSION.,.F.,.F.,.F.,(4,4),(2,2),
(0.,1.),(0.,1.),.PIECEWISE_BEZIER_KNOTS.);
#57=B_SPLINE_SURFACE_WITH_KNOTS('',3,1,((#9400,#9401),(#9402,#9403),(#9404,
#9405),(#9406,#9407)),.SURF_OF_LINEAR_EXTRUSION.,.F.,.F.,.F.,(4,4),(2,2),
(0.,1.),(0.,1.),.PIECEWISE_BEZIER_KNOTS.);
#58=B_SPLINE_SURFACE_WITH_KNOTS('',3,1,((#9415,#9416),(#9417,#9418),(#9419,
#9420),(#9421,#9422)),.SURF_OF_LINEAR_EXTRUSION.,.F.,.F.,.F.,(4,4),(2,2),
(0.,1.),(0.,1.),.PIECEWISE_BEZIER_KNOTS.);
#59=B_SPLINE_SURFACE_WITH_KNOTS('',3,1,((#9428,#9429),(#9430,#9431),(#9432,
#9433),(#9434,#9435)),.SURF_OF_LINEAR_EXTRUSION.,.F.,.F.,.F.,(4,4),(2,2),
(0.,1.),(0.,1.),.PIECEWISE_BEZIER_KNOTS.);
#60=B_SPLINE_SURFACE_WITH_KNOTS('',3,1,((#9453,#9454),(#9455,#9456),(#9457,
#9458),(#9459,#9460)),.SURF_OF_LINEAR_EXTRUSION.,.F.,.F.,.F.,(4,4),(2,2),
(0.,1.),(0.,1.),.PIECEWISE_BEZIER_KNOTS.);
#61=B_SPLINE_SURFACE_WITH_KNOTS('',3,1,((#9483,#9484),(#9485,#9486),(#9487,
#9488),(#9489,#9490)),.SURF_OF_LINEAR_EXTRUSION.,.F.,.F.,.F.,(4,4),(2,2),
(0.,1.),(0.,1.),.PIECEWISE_BEZIER_KNOTS.);
#62=B_SPLINE_SURFACE_WITH_KNOTS('',3,1,((#9500,#9501),(#9502,#9503),(#9504,
#9505),(#9506,#9507)),.SURF_OF_LINEAR_EXTRUSION.,.F.,.F.,.F.,(4,4),(2,2),
(0.,1.),(0.,1.),.PIECEWISE_BEZIER_KNOTS.);
#63=B_SPLINE_SURFACE_WITH_KNOTS('',3,1,((#9517,#9518),(#9519,#9520),(#9521,
#9522),(#9523,#9524)),.SURF_OF_LINEAR_EXTRUSION.,.F.,.F.,.F.,(4,4),(2,2),
(0.,1.),(0.,1.),.PIECEWISE_BEZIER_KNOTS.);
#64=B_SPLINE_SURFACE_WITH_KNOTS('',3,1,((#9555,#9556),(#9557,#9558),(#9559,
#9560),(#9561,#9562)),.SURF_OF_LINEAR_EXTRUSION.,.F.,.F.,.F.,(4,4),(2,2),
(0.,1.),(0.,1.),.PIECEWISE_BEZIER_KNOTS.);
#65=B_SPLINE_SURFACE_WITH_KNOTS('',3,1,((#9572,#9573),(#9574,#9575),(#9576,
#9577),(#9578,#9579)),.SURF_OF_LINEAR_EXTRUSION.,.F.,.F.,.F.,(4,4),(2,2),
(0.,1.),(0.,1.),.PIECEWISE_BEZIER_KNOTS.);
#66=B_SPLINE_SURFACE_WITH_KNOTS('',3,1,((#9589,#9590),(#9591,#9592),(#9593,
#9594),(#9595,#9596)),.SURF_OF_LINEAR_EXTRUSION.,.F.,.F.,.F.,(4,4),(2,2),
(0.,1.),(0.,1.),.PIECEWISE_BEZIER_KNOTS.);
#67=B_SPLINE_SURFACE_WITH_KNOTS('',3,1,((#9620,#9621),(#9622,#9623),(#9624,
#9625),(#9626,#9627)),.SURF_OF_LINEAR_EXTRUSION.,.F.,.F.,.F.,(4,4),(2,2),
(0.,1.),(0.,1.),.PIECEWISE_BEZIER_KNOTS.);
#68=B_SPLINE_SURFACE_WITH_KNOTS('',3,1,((#9633,#9634),(#9635,#9636),(#9637,
#9638),(#9639,#9640)),.SURF_OF_LINEAR_EXTRUSION.,.F.,.F.,.F.,(4,4),(2,2),
(0.,1.),(0.,1.),.PIECEWISE_BEZIER_KNOTS.);
#69=B_SPLINE_SURFACE_WITH_KNOTS('',3,1,((#9646,#9647),(#9648,#9649),(#9650,
#9651),(#9652,#9653)),.SURF_OF_LINEAR_EXTRUSION.,.F.,.F.,.F.,(4,4),(2,2),
(0.,1.),(0.,1.),.PIECEWISE_BEZIER_KNOTS.);
#70=B_SPLINE_SURFACE_WITH_KNOTS('',3,1,((#9659,#9660),(#9661,#9662),(#9663,
#9664),(#9665,#9666)),.SURF_OF_LINEAR_EXTRUSION.,.F.,.F.,.F.,(4,4),(2,2),
(0.,1.),(0.,1.),.PIECEWISE_BEZIER_KNOTS.);
#71=B_SPLINE_SURFACE_WITH_KNOTS('',3,1,((#9680,#9681),(#9682,#9683),(#9684,
#9685),(#9686,#9687)),.SURF_OF_LINEAR_EXTRUSION.,.F.,.F.,.F.,(4,4),(2,2),
(0.,1.),(0.,1.),.PIECEWISE_BEZIER_KNOTS.);
#72=B_SPLINE_SURFACE_WITH_KNOTS('',3,1,((#9693,#9694),(#9695,#9696),(#9697,
#9698),(#9699,#9700)),.SURF_OF_LINEAR_EXTRUSION.,.F.,.F.,.F.,(4,4),(2,2),
(0.,1.),(0.,1.),.PIECEWISE_BEZIER_KNOTS.);
#73=B_SPLINE_SURFACE_WITH_KNOTS('',3,1,((#9706,#9707),(#9708,#9709),(#9710,
#9711),(#9712,#9713)),.SURF_OF_LINEAR_EXTRUSION.,.F.,.F.,.F.,(4,4),(2,2),
(0.,1.),(0.,1.),.PIECEWISE_BEZIER_KNOTS.);
#74=B_SPLINE_SURFACE_WITH_KNOTS('',3,1,((#9720,#9721),(#9722,#9723),(#9724,
#9725),(#9726,#9727)),.SURF_OF_LINEAR_EXTRUSION.,.F.,.F.,.F.,(4,4),(2,2),
(0.,1.),(0.,1.),.PIECEWISE_BEZIER_KNOTS.);
#75=B_SPLINE_SURFACE_WITH_KNOTS('',3,1,((#9807,#9808),(#9809,#9810),(#9811,
#9812),(#9813,#9814)),.SURF_OF_LINEAR_EXTRUSION.,.F.,.F.,.F.,(4,4),(2,2),
(0.,1.),(0.,1.),.PIECEWISE_BEZIER_KNOTS.);
#76=B_SPLINE_SURFACE_WITH_KNOTS('',3,1,((#9820,#9821),(#9822,#9823),(#9824,
#9825),(#9826,#9827)),.SURF_OF_LINEAR_EXTRUSION.,.F.,.F.,.F.,(4,4),(2,2),
(0.,1.),(0.,1.),.PIECEWISE_BEZIER_KNOTS.);
#77=B_SPLINE_SURFACE_WITH_KNOTS('',3,1,((#9833,#9834),(#9835,#9836),(#9837,
#9838),(#9839,#9840)),.SURF_OF_LINEAR_EXTRUSION.,.F.,.F.,.F.,(4,4),(2,2),
(0.,1.),(0.,1.),.PIECEWISE_BEZIER_KNOTS.);
#78=B_SPLINE_SURFACE_WITH_KNOTS('',3,1,((#9846,#9847),(#9848,#9849),(#9850,
#9851),(#9852,#9853)),.SURF_OF_LINEAR_EXTRUSION.,.F.,.F.,.F.,(4,4),(2,2),
(0.,1.),(0.,1.),.PIECEWISE_BEZIER_KNOTS.);
#79=B_SPLINE_SURFACE_WITH_KNOTS('',3,1,((#9871,#9872),(#9873,#9874),(#9875,
#9876),(#9877,#9878)),.SURF_OF_LINEAR_EXTRUSION.,.F.,.F.,.F.,(4,4),(2,2),
(0.,1.),(0.,1.),.PIECEWISE_BEZIER_KNOTS.);
#80=B_SPLINE_SURFACE_WITH_KNOTS('',3,1,((#9884,#9885),(#9886,#9887),(#9888,
#9889),(#9890,#9891)),.SURF_OF_LINEAR_EXTRUSION.,.F.,.F.,.F.,(4,4),(2,2),
(0.,1.),(0.,1.),.PIECEWISE_BEZIER_KNOTS.);
#81=B_SPLINE_SURFACE_WITH_KNOTS('',3,1,((#9897,#9898),(#9899,#9900),(#9901,
#9902),(#9903,#9904)),.SURF_OF_LINEAR_EXTRUSION.,.F.,.F.,.F.,(4,4),(2,2),
(0.,1.),(0.,1.),.PIECEWISE_BEZIER_KNOTS.);
#82=B_SPLINE_SURFACE_WITH_KNOTS('',3,1,((#9910,#9911),(#9912,#9913),(#9914,
#9915),(#9916,#9917)),.SURF_OF_LINEAR_EXTRUSION.,.F.,.F.,.F.,(4,4),(2,2),
(0.,1.),(0.,1.),.PIECEWISE_BEZIER_KNOTS.);
#83=B_SPLINE_CURVE_WITH_KNOTS('',2,(#7888,#7889,#7890),.UNSPECIFIED.,.F.,
 .F.,(3,3),(0.,1.),.PIECEWISE_BEZIER_KNOTS.);
#84=B_SPLINE_CURVE_WITH_KNOTS('',2,(#7893,#7894,#7895),.UNSPECIFIED.,.F.,
 .F.,(3,3),(0.,1.),.PIECEWISE_BEZIER_KNOTS.);
#85=B_SPLINE_CURVE_WITH_KNOTS('',2,(#7897,#7898,#7899),.UNSPECIFIED.,.F.,
 .F.,(3,3),(0.,1.),.PIECEWISE_BEZIER_KNOTS.);
#86=B_SPLINE_CURVE_WITH_KNOTS('',2,(#7907,#7908,#7909),.UNSPECIFIED.,.F.,
 .F.,(3,3),(0.,1.),.PIECEWISE_BEZIER_KNOTS.);
#87=B_SPLINE_CURVE_WITH_KNOTS('',2,(#7919,#7920,#7921),.UNSPECIFIED.,.F.,
 .F.,(3,3),(0.,1.),.PIECEWISE_BEZIER_KNOTS.);
#88=B_SPLINE_CURVE_WITH_KNOTS('',2,(#7923,#7924,#7925),.UNSPECIFIED.,.F.,
 .F.,(3,3),(0.,1.),.PIECEWISE_BEZIER_KNOTS.);
#89=B_SPLINE_CURVE_WITH_KNOTS('',2,(#7929,#7930,#7931),.UNSPECIFIED.,.F.,
 .F.,(3,3),(0.,1.),.PIECEWISE_BEZIER_KNOTS.);
#90=B_SPLINE_CURVE_WITH_KNOTS('',2,(#7933,#7934,#7935),.UNSPECIFIED.,.F.,
 .F.,(3,3),(0.,1.),.PIECEWISE_BEZIER_KNOTS.);
#91=B_SPLINE_CURVE_WITH_KNOTS('',2,(#7939,#7940,#7941),.UNSPECIFIED.,.F.,
 .F.,(3,3),(0.,1.),.PIECEWISE_BEZIER_KNOTS.);
#92=B_SPLINE_CURVE_WITH_KNOTS('',2,(#7945,#7946,#7947),.UNSPECIFIED.,.F.,
 .F.,(3,3),(0.,1.),.PIECEWISE_BEZIER_KNOTS.);
#93=B_SPLINE_CURVE_WITH_KNOTS('',2,(#7953,#7954,#7955),.UNSPECIFIED.,.F.,
 .F.,(3,3),(0.,1.),.PIECEWISE_BEZIER_KNOTS.);
#94=B_SPLINE_CURVE_WITH_KNOTS('',2,(#7957,#7958,#7959),.UNSPECIFIED.,.F.,
 .F.,(3,3),(0.,1.),.PIECEWISE_BEZIER_KNOTS.);
#95=B_SPLINE_CURVE_WITH_KNOTS('',2,(#7961,#7962,#7963),.UNSPECIFIED.,.F.,
 .F.,(3,3),(0.,1.),.PIECEWISE_BEZIER_KNOTS.);
#96=B_SPLINE_CURVE_WITH_KNOTS('',2,(#7967,#7968,#7969),.UNSPECIFIED.,.F.,
 .F.,(3,3),(0.,1.),.PIECEWISE_BEZIER_KNOTS.);
#97=B_SPLINE_CURVE_WITH_KNOTS('',2,(#7971,#7972,#7973),.UNSPECIFIED.,.F.,
 .F.,(3,3),(0.,1.),.PIECEWISE_BEZIER_KNOTS.);
#98=B_SPLINE_CURVE_WITH_KNOTS('',2,(#7991,#7992,#7993),.UNSPECIFIED.,.F.,
 .F.,(3,3),(0.,1.),.PIECEWISE_BEZIER_KNOTS.);
#99=B_SPLINE_CURVE_WITH_KNOTS('',2,(#8005,#8006,#8007),.UNSPECIFIED.,.F.,
 .F.,(3,3),(0.,1.),.PIECEWISE_BEZIER_KNOTS.);
#100=B_SPLINE_CURVE_WITH_KNOTS('',2,(#8009,#8010,#8011),.UNSPECIFIED.,.F.,
 .F.,(3,3),(0.,1.),.PIECEWISE_BEZIER_KNOTS.);
#101=B_SPLINE_CURVE_WITH_KNOTS('',2,(#8013,#8014,#8015),.UNSPECIFIED.,.F.,
 .F.,(3,3),(0.,1.),.PIECEWISE_BEZIER_KNOTS.);
#102=B_SPLINE_CURVE_WITH_KNOTS('',2,(#8017,#8018,#8019),.UNSPECIFIED.,.F.,
 .F.,(3,3),(0.,1.),.PIECEWISE_BEZIER_KNOTS.);
#103=B_SPLINE_CURVE_WITH_KNOTS('',2,(#8023,#8024,#8025),.UNSPECIFIED.,.F.,
 .F.,(3,3),(0.,1.),.PIECEWISE_BEZIER_KNOTS.);
#104=B_SPLINE_CURVE_WITH_KNOTS('',2,(#8027,#8028,#8029),.UNSPECIFIED.,.F.,
 .F.,(3,3),(0.,1.),.PIECEWISE_BEZIER_KNOTS.);
#105=B_SPLINE_CURVE_WITH_KNOTS('',2,(#8031,#8032,#8033),.UNSPECIFIED.,.F.,
 .F.,(3,3),(0.,1.),.PIECEWISE_BEZIER_KNOTS.);
#106=B_SPLINE_CURVE_WITH_KNOTS('',2,(#8035,#8036,#8037),.UNSPECIFIED.,.F.,
 .F.,(3,3),(0.,1.),.PIECEWISE_BEZIER_KNOTS.);
#107=B_SPLINE_CURVE_WITH_KNOTS('',2,(#8039,#8040,#8041),.UNSPECIFIED.,.F.,
 .F.,(3,3),(0.,1.),.PIECEWISE_BEZIER_KNOTS.);
#108=B_SPLINE_CURVE_WITH_KNOTS('',2,(#8043,#8044,#8045),.UNSPECIFIED.,.F.,
 .F.,(3,3),(0.,1.),.PIECEWISE_BEZIER_KNOTS.);
#109=B_SPLINE_CURVE_WITH_KNOTS('',2,(#8047,#8048,#8049),.UNSPECIFIED.,.F.,
 .F.,(3,3),(0.,1.),.PIECEWISE_BEZIER_KNOTS.);
#110=B_SPLINE_CURVE_WITH_KNOTS('',2,(#8099,#8100,#8101),.UNSPECIFIED.,.F.,
 .F.,(3,3),(0.,1.),.PIECEWISE_BEZIER_KNOTS.);
#111=B_SPLINE_CURVE_WITH_KNOTS('',2,(#8103,#8104,#8105),.UNSPECIFIED.,.F.,
 .F.,(3,3),(0.,1.),.PIECEWISE_BEZIER_KNOTS.);
#112=B_SPLINE_CURVE_WITH_KNOTS('',2,(#8107,#8108,#8109),.UNSPECIFIED.,.F.,
 .F.,(3,3),(0.,1.),.PIECEWISE_BEZIER_KNOTS.);
#113=B_SPLINE_CURVE_WITH_KNOTS('',2,(#8115,#8116,#8117),.UNSPECIFIED.,.F.,
 .F.,(3,3),(0.,1.),.PIECEWISE_BEZIER_KNOTS.);
#114=B_SPLINE_CURVE_WITH_KNOTS('',2,(#8119,#8120,#8121),.UNSPECIFIED.,.F.,
 .F.,(3,3),(0.,1.),.PIECEWISE_BEZIER_KNOTS.);
#115=B_SPLINE_CURVE_WITH_KNOTS('',2,(#8123,#8124,#8125),.UNSPECIFIED.,.F.,
 .F.,(3,3),(0.,1.),.PIECEWISE_BEZIER_KNOTS.);
#116=B_SPLINE_CURVE_WITH_KNOTS('',2,(#8127,#8128,#8129),.UNSPECIFIED.,.F.,
 .F.,(3,3),(0.,1.),.PIECEWISE_BEZIER_KNOTS.);
#117=B_SPLINE_CURVE_WITH_KNOTS('',2,(#8167,#8168,#8169),.UNSPECIFIED.,.F.,
 .F.,(3,3),(0.,1.),.PIECEWISE_BEZIER_KNOTS.);
#118=B_SPLINE_CURVE_WITH_KNOTS('',2,(#8171,#8172,#8173),.UNSPECIFIED.,.F.,
 .F.,(3,3),(0.,1.),.PIECEWISE_BEZIER_KNOTS.);
#119=B_SPLINE_CURVE_WITH_KNOTS('',2,(#8175,#8176,#8177),.UNSPECIFIED.,.F.,
 .F.,(3,3),(0.,1.),.PIECEWISE_BEZIER_KNOTS.);
#120=B_SPLINE_CURVE_WITH_KNOTS('',2,(#8179,#8180,#8181),.UNSPECIFIED.,.F.,
 .F.,(3,3),(0.,1.),.PIECEWISE_BEZIER_KNOTS.);
#121=B_SPLINE_CURVE_WITH_KNOTS('',2,(#8189,#8190,#8191),.UNSPECIFIED.,.F.,
 .F.,(3,3),(0.,1.),.PIECEWISE_BEZIER_KNOTS.);
#122=B_SPLINE_CURVE_WITH_KNOTS('',2,(#8193,#8194,#8195),.UNSPECIFIED.,.F.,
 .F.,(3,3),(0.,1.),.PIECEWISE_BEZIER_KNOTS.);
#123=B_SPLINE_CURVE_WITH_KNOTS('',2,(#8197,#8198,#8199),.UNSPECIFIED.,.F.,
 .F.,(3,3),(0.,1.),.PIECEWISE_BEZIER_KNOTS.);
#124=B_SPLINE_CURVE_WITH_KNOTS('',2,(#8201,#8202,#8203),.UNSPECIFIED.,.F.,
 .F.,(3,3),(0.,1.),.PIECEWISE_BEZIER_KNOTS.);
#125=B_SPLINE_CURVE_WITH_KNOTS('',2,(#8282,#8283,#8284),.UNSPECIFIED.,.F.,
 .F.,(3,3),(0.,1.),.PIECEWISE_BEZIER_KNOTS.);
#126=B_SPLINE_CURVE_WITH_KNOTS('',2,(#8286,#8287,#8288),.UNSPECIFIED.,.F.,
 .F.,(3,3),(0.,1.),.PIECEWISE_BEZIER_KNOTS.);
#127=B_SPLINE_CURVE_WITH_KNOTS('',2,(#8292,#8293,#8294),.UNSPECIFIED.,.F.,
 .F.,(3,3),(0.,1.),.PIECEWISE_BEZIER_KNOTS.);
#128=B_SPLINE_CURVE_WITH_KNOTS('',2,(#8296,#8297,#8298),.UNSPECIFIED.,.F.,
 .F.,(3,3),(0.,1.),.PIECEWISE_BEZIER_KNOTS.);
#129=B_SPLINE_CURVE_WITH_KNOTS('',2,(#8302,#8303,#8304),.UNSPECIFIED.,.F.,
 .F.,(3,3),(0.,1.),.PIECEWISE_BEZIER_KNOTS.);
#130=B_SPLINE_CURVE_WITH_KNOTS('',2,(#8308,#8309,#8310),.UNSPECIFIED.,.F.,
 .F.,(3,3),(0.,1.),.PIECEWISE_BEZIER_KNOTS.);
#131=B_SPLINE_CURVE_WITH_KNOTS('',2,(#8316,#8317,#8318),.UNSPECIFIED.,.F.,
 .F.,(3,3),(0.,1.),.PIECEWISE_BEZIER_KNOTS.);
#132=B_SPLINE_CURVE_WITH_KNOTS('',2,(#8320,#8321,#8322),.UNSPECIFIED.,.F.,
 .F.,(3,3),(0.,1.),.PIECEWISE_BEZIER_KNOTS.);
#133=B_SPLINE_CURVE_WITH_KNOTS('',2,(#8324,#8325,#8326),.UNSPECIFIED.,.F.,
 .F.,(3,3),(0.,1.),.PIECEWISE_BEZIER_KNOTS.);
#134=B_SPLINE_CURVE_WITH_KNOTS('',2,(#8330,#8331,#8332),.UNSPECIFIED.,.F.,
 .F.,(3,3),(0.,1.),.PIECEWISE_BEZIER_KNOTS.);
#135=B_SPLINE_CURVE_WITH_KNOTS('',2,(#8334,#8335,#8336),.UNSPECIFIED.,.F.,
 .F.,(3,3),(0.,1.),.PIECEWISE_BEZIER_KNOTS.);
#136=B_SPLINE_CURVE_WITH_KNOTS('',2,(#8354,#8355,#8356),.UNSPECIFIED.,.F.,
 .F.,(3,3),(0.,1.),.PIECEWISE_BEZIER_KNOTS.);
#137=B_SPLINE_CURVE_WITH_KNOTS('',2,(#8663,#8664,#8665),.UNSPECIFIED.,.F.,
 .F.,(3,3),(0.,1.),.PIECEWISE_BEZIER_KNOTS.);
#138=B_SPLINE_CURVE_WITH_KNOTS('',2,(#8676,#8677,#8678),.UNSPECIFIED.,.F.,
 .F.,(3,3),(0.,1.),.PIECEWISE_BEZIER_KNOTS.);
#139=B_SPLINE_CURVE_WITH_KNOTS('',2,(#8693,#8694,#8695),.UNSPECIFIED.,.F.,
 .F.,(3,3),(0.,1.),.PIECEWISE_BEZIER_KNOTS.);
#140=B_SPLINE_CURVE_WITH_KNOTS('',2,(#8706,#8707,#8708),.UNSPECIFIED.,.F.,
 .F.,(3,3),(0.,1.),.PIECEWISE_BEZIER_KNOTS.);
#141=B_SPLINE_CURVE_WITH_KNOTS('',2,(#8719,#8720,#8721),.UNSPECIFIED.,.F.,
 .F.,(3,3),(0.,1.),.PIECEWISE_BEZIER_KNOTS.);
#142=B_SPLINE_CURVE_WITH_KNOTS('',2,(#8740,#8741,#8742),.UNSPECIFIED.,.F.,
 .F.,(3,3),(0.,1.),.PIECEWISE_BEZIER_KNOTS.);
#143=B_SPLINE_CURVE_WITH_KNOTS('',2,(#8757,#8758,#8759),.UNSPECIFIED.,.F.,
 .F.,(3,3),(0.,1.),.PIECEWISE_BEZIER_KNOTS.);
#144=B_SPLINE_CURVE_WITH_KNOTS('',2,(#8774,#8775,#8776),.UNSPECIFIED.,.F.,
 .F.,(3,3),(0.,1.),.PIECEWISE_BEZIER_KNOTS.);
#145=B_SPLINE_CURVE_WITH_KNOTS('',2,(#8787,#8788,#8789),.UNSPECIFIED.,.F.,
 .F.,(3,3),(0.,1.),.PIECEWISE_BEZIER_KNOTS.);
#146=B_SPLINE_CURVE_WITH_KNOTS('',2,(#8804,#8805,#8806),.UNSPECIFIED.,.F.,
 .F.,(3,3),(0.,1.),.PIECEWISE_BEZIER_KNOTS.);
#147=B_SPLINE_CURVE_WITH_KNOTS('',2,(#8817,#8818,#8819),.UNSPECIFIED.,.F.,
 .F.,(3,3),(0.,1.),.PIECEWISE_BEZIER_KNOTS.);
#148=B_SPLINE_CURVE_WITH_KNOTS('',2,(#8863,#8864,#8865),.UNSPECIFIED.,.F.,
 .F.,(3,3),(0.,1.),.PIECEWISE_BEZIER_KNOTS.);
#149=B_SPLINE_CURVE_WITH_KNOTS('',2,(#8887,#8888,#8889),.UNSPECIFIED.,.F.,
 .F.,(3,3),(0.,1.),.PIECEWISE_BEZIER_KNOTS.);
#150=B_SPLINE_CURVE_WITH_KNOTS('',2,(#8914,#8915,#8916),.UNSPECIFIED.,.F.,
 .F.,(3,3),(0.,1.),.PIECEWISE_BEZIER_KNOTS.);
#151=B_SPLINE_CURVE_WITH_KNOTS('',2,(#8927,#8928,#8929),.UNSPECIFIED.,.F.,
 .F.,(3,3),(0.,1.),.PIECEWISE_BEZIER_KNOTS.);
#152=B_SPLINE_CURVE_WITH_KNOTS('',2,(#8940,#8941,#8942),.UNSPECIFIED.,.F.,
 .F.,(3,3),(0.,1.),.PIECEWISE_BEZIER_KNOTS.);
#153=B_SPLINE_CURVE_WITH_KNOTS('',2,(#8953,#8954,#8955),.UNSPECIFIED.,.F.,
 .F.,(3,3),(0.,1.),.PIECEWISE_BEZIER_KNOTS.);
#154=B_SPLINE_CURVE_WITH_KNOTS('',2,(#8966,#8967,#8968),.UNSPECIFIED.,.F.,
 .F.,(3,3),(0.,1.),.PIECEWISE_BEZIER_KNOTS.);
#155=B_SPLINE_CURVE_WITH_KNOTS('',2,(#8979,#8980,#8981),.UNSPECIFIED.,.F.,
 .F.,(3,3),(0.,1.),.PIECEWISE_BEZIER_KNOTS.);
#156=B_SPLINE_CURVE_WITH_KNOTS('',2,(#8992,#8993,#8994),.UNSPECIFIED.,.F.,
 .F.,(3,3),(0.,1.),.PIECEWISE_BEZIER_KNOTS.);
#157=B_SPLINE_CURVE_WITH_KNOTS('',2,(#9009,#9010,#9011),.UNSPECIFIED.,.F.,
 .F.,(3,3),(0.,1.),.PIECEWISE_BEZIER_KNOTS.);
#158=B_SPLINE_CURVE_WITH_KNOTS('',2,(#9022,#9023,#9024),.UNSPECIFIED.,.F.,
 .F.,(3,3),(0.,1.),.PIECEWISE_BEZIER_KNOTS.);
#159=B_SPLINE_CURVE_WITH_KNOTS('',2,(#9033,#9034,#9035),.UNSPECIFIED.,.F.,
 .F.,(3,3),(0.,1.),.PIECEWISE_BEZIER_KNOTS.);
#160=B_SPLINE_CURVE_WITH_KNOTS('',2,(#9073,#9074,#9075),.UNSPECIFIED.,.F.,
 .F.,(3,3),(0.,1.),.PIECEWISE_BEZIER_KNOTS.);
#161=B_SPLINE_CURVE_WITH_KNOTS('',2,(#9119,#9120,#9121),.UNSPECIFIED.,.F.,
 .F.,(3,3),(0.,1.),.PIECEWISE_BEZIER_KNOTS.);
#162=B_SPLINE_CURVE_WITH_KNOTS('',2,(#9132,#9133,#9134),.UNSPECIFIED.,.F.,
 .F.,(3,3),(0.,1.),.PIECEWISE_BEZIER_KNOTS.);
#163=B_SPLINE_CURVE_WITH_KNOTS('',2,(#9149,#9150,#9151),.UNSPECIFIED.,.F.,
 .F.,(3,3),(0.,1.),.PIECEWISE_BEZIER_KNOTS.);
#164=B_SPLINE_CURVE_WITH_KNOTS('',2,(#9162,#9163,#9164),.UNSPECIFIED.,.F.,
 .F.,(3,3),(0.,1.),.PIECEWISE_BEZIER_KNOTS.);
#165=B_SPLINE_CURVE_WITH_KNOTS('',2,(#9175,#9176,#9177),.UNSPECIFIED.,.F.,
 .F.,(3,3),(0.,1.),.PIECEWISE_BEZIER_KNOTS.);
#166=B_SPLINE_CURVE_WITH_KNOTS('',2,(#9196,#9197,#9198),.UNSPECIFIED.,.F.,
 .F.,(3,3),(0.,1.),.PIECEWISE_BEZIER_KNOTS.);
#167=B_SPLINE_CURVE_WITH_KNOTS('',2,(#9213,#9214,#9215),.UNSPECIFIED.,.F.,
 .F.,(3,3),(0.,1.),.PIECEWISE_BEZIER_KNOTS.);
#168=B_SPLINE_CURVE_WITH_KNOTS('',2,(#9230,#9231,#9232),.UNSPECIFIED.,.F.,
 .F.,(3,3),(0.,1.),.PIECEWISE_BEZIER_KNOTS.);
#169=B_SPLINE_CURVE_WITH_KNOTS('',2,(#9243,#9244,#9245),.UNSPECIFIED.,.F.,
 .F.,(3,3),(0.,1.),.PIECEWISE_BEZIER_KNOTS.);
#170=B_SPLINE_CURVE_WITH_KNOTS('',2,(#9260,#9261,#9262),.UNSPECIFIED.,.F.,
 .F.,(3,3),(0.,1.),.PIECEWISE_BEZIER_KNOTS.);
#171=B_SPLINE_CURVE_WITH_KNOTS('',2,(#9273,#9274,#9275),.UNSPECIFIED.,.F.,
 .F.,(3,3),(0.,1.),.PIECEWISE_BEZIER_KNOTS.);
#172=B_SPLINE_CURVE_WITH_KNOTS('',2,(#9306,#9307,#9308),.UNSPECIFIED.,.F.,
 .F.,(3,3),(0.,1.),.PIECEWISE_BEZIER_KNOTS.);
#173=B_SPLINE_CURVE_WITH_KNOTS('',2,(#9312,#9313,#9314),.UNSPECIFIED.,.F.,
 .F.,(3,3),(0.,1.),.PIECEWISE_BEZIER_KNOTS.);
#174=B_SPLINE_CURVE_WITH_KNOTS('',2,(#9359,#9360,#9361),.UNSPECIFIED.,.F.,
 .F.,(3,3),(0.,1.),.PIECEWISE_BEZIER_KNOTS.);
#175=B_SPLINE_CURVE_WITH_KNOTS('',2,(#9366,#9367,#9368),.UNSPECIFIED.,.F.,
 .F.,(3,3),(0.,1.),.PIECEWISE_BEZIER_KNOTS.);
#176=B_SPLINE_CURVE_WITH_KNOTS('',2,(#9379,#9380,#9381),.UNSPECIFIED.,.F.,
 .F.,(3,3),(0.,1.),.PIECEWISE_BEZIER_KNOTS.);
#177=B_SPLINE_CURVE_WITH_KNOTS('',2,(#9385,#9386,#9387),.UNSPECIFIED.,.F.,
 .F.,(3,3),(0.,1.),.PIECEWISE_BEZIER_KNOTS.);
#178=B_SPLINE_CURVE_WITH_KNOTS('',2,(#9410,#9411,#9412),.UNSPECIFIED.,.F.,
 .F.,(3,3),(0.,1.),.PIECEWISE_BEZIER_KNOTS.);
#179=B_SPLINE_CURVE_WITH_KNOTS('',2,(#9425,#9426,#9427),.UNSPECIFIED.,.F.,
 .F.,(3,3),(0.,1.),.PIECEWISE_BEZIER_KNOTS.);
#180=B_SPLINE_CURVE_WITH_KNOTS('',2,(#9438,#9439,#9440),.UNSPECIFIED.,.F.,
 .F.,(3,3),(0.,1.),.PIECEWISE_BEZIER_KNOTS.);
#181=B_SPLINE_CURVE_WITH_KNOTS('',2,(#9461,#9462,#9463),.UNSPECIFIED.,.F.,
 .F.,(3,3),(0.,1.),.PIECEWISE_BEZIER_KNOTS.);
#182=B_SPLINE_CURVE_WITH_KNOTS('',2,(#9491,#9492,#9493),.UNSPECIFIED.,.F.,
 .F.,(3,3),(0.,1.),.PIECEWISE_BEZIER_KNOTS.);
#183=B_SPLINE_CURVE_WITH_KNOTS('',2,(#9497,#9498,#9499),.UNSPECIFIED.,.F.,
 .F.,(3,3),(0.,1.),.PIECEWISE_BEZIER_KNOTS.);
#184=B_SPLINE_CURVE_WITH_KNOTS('',2,(#9508,#9509,#9510),.UNSPECIFIED.,.F.,
 .F.,(3,3),(0.,1.),.PIECEWISE_BEZIER_KNOTS.);
#185=B_SPLINE_CURVE_WITH_KNOTS('',2,(#9514,#9515,#9516),.UNSPECIFIED.,.F.,
 .F.,(3,3),(0.,1.),.PIECEWISE_BEZIER_KNOTS.);
#186=B_SPLINE_CURVE_WITH_KNOTS('',2,(#9525,#9526,#9527),.UNSPECIFIED.,.F.,
 .F.,(3,3),(0.,1.),.PIECEWISE_BEZIER_KNOTS.);
#187=B_SPLINE_CURVE_WITH_KNOTS('',2,(#9531,#9532,#9533),.UNSPECIFIED.,.F.,
 .F.,(3,3),(0.,1.),.PIECEWISE_BEZIER_KNOTS.);
#188=B_SPLINE_CURVE_WITH_KNOTS('',2,(#9563,#9564,#9565),.UNSPECIFIED.,.F.,
 .F.,(3,3),(0.,1.),.PIECEWISE_BEZIER_KNOTS.);
#189=B_SPLINE_CURVE_WITH_KNOTS('',2,(#9569,#9570,#9571),.UNSPECIFIED.,.F.,
 .F.,(3,3),(0.,1.),.PIECEWISE_BEZIER_KNOTS.);
#190=B_SPLINE_CURVE_WITH_KNOTS('',2,(#9580,#9581,#9582),.UNSPECIFIED.,.F.,
 .F.,(3,3),(0.,1.),.PIECEWISE_BEZIER_KNOTS.);
#191=B_SPLINE_CURVE_WITH_KNOTS('',2,(#9586,#9587,#9588),.UNSPECIFIED.,.F.,
 .F.,(3,3),(0.,1.),.PIECEWISE_BEZIER_KNOTS.);
#192=B_SPLINE_CURVE_WITH_KNOTS('',2,(#9597,#9598,#9599),.UNSPECIFIED.,.F.,
 .F.,(3,3),(0.,1.),.PIECEWISE_BEZIER_KNOTS.);
#193=B_SPLINE_CURVE_WITH_KNOTS('',2,(#9603,#9604,#9605),.UNSPECIFIED.,.F.,
 .F.,(3,3),(0.,1.),.PIECEWISE_BEZIER_KNOTS.);
#194=B_SPLINE_CURVE_WITH_KNOTS('',2,(#9630,#9631,#9632),.UNSPECIFIED.,.F.,
 .F.,(3,3),(0.,1.),.PIECEWISE_BEZIER_KNOTS.);
#195=B_SPLINE_CURVE_WITH_KNOTS('',2,(#9643,#9644,#9645),.UNSPECIFIED.,.F.,
 .F.,(3,3),(0.,1.),.PIECEWISE_BEZIER_KNOTS.);
#196=B_SPLINE_CURVE_WITH_KNOTS('',2,(#9656,#9657,#9658),.UNSPECIFIED.,.F.,
 .F.,(3,3),(0.,1.),.PIECEWISE_BEZIER_KNOTS.);
#197=B_SPLINE_CURVE_WITH_KNOTS('',2,(#9669,#9670,#9671),.UNSPECIFIED.,.F.,
 .F.,(3,3),(0.,1.),.PIECEWISE_BEZIER_KNOTS.);
#198=B_SPLINE_CURVE_WITH_KNOTS('',2,(#9690,#9691,#9692),.UNSPECIFIED.,.F.,
 .F.,(3,3),(0.,1.),.PIECEWISE_BEZIER_KNOTS.);
#199=B_SPLINE_CURVE_WITH_KNOTS('',2,(#9703,#9704,#9705),.UNSPECIFIED.,.F.,
 .F.,(3,3),(0.,1.),.PIECEWISE_BEZIER_KNOTS.);
#200=B_SPLINE_CURVE_WITH_KNOTS('',2,(#9714,#9715,#9716),.UNSPECIFIED.,.F.,
 .F.,(3,3),(0.,1.),.PIECEWISE_BEZIER_KNOTS.);
#201=B_SPLINE_CURVE_WITH_KNOTS('',2,(#9717,#9718,#9719),.UNSPECIFIED.,.F.,
 .F.,(3,3),(0.,1.),.PIECEWISE_BEZIER_KNOTS.);
#202=B_SPLINE_CURVE_WITH_KNOTS('',2,(#9728,#9729,#9730),.UNSPECIFIED.,.F.,
 .F.,(3,3),(0.,1.),.PIECEWISE_BEZIER_KNOTS.);
#203=B_SPLINE_CURVE_WITH_KNOTS('',2,(#9817,#9818,#9819),.UNSPECIFIED.,.F.,
 .F.,(3,3),(0.,1.),.PIECEWISE_BEZIER_KNOTS.);
#204=B_SPLINE_CURVE_WITH_KNOTS('',2,(#9830,#9831,#9832),.UNSPECIFIED.,.F.,
 .F.,(3,3),(0.,1.),.PIECEWISE_BEZIER_KNOTS.);
#205=B_SPLINE_CURVE_WITH_KNOTS('',2,(#9843,#9844,#9845),.UNSPECIFIED.,.F.,
 .F.,(3,3),(0.,1.),.PIECEWISE_BEZIER_KNOTS.);
#206=B_SPLINE_CURVE_WITH_KNOTS('',2,(#9856,#9857,#9858),.UNSPECIFIED.,.F.,
 .F.,(3,3),(0.,1.),.PIECEWISE_BEZIER_KNOTS.);
#207=B_SPLINE_CURVE_WITH_KNOTS('',2,(#9881,#9882,#9883),.UNSPECIFIED.,.F.,
 .F.,(3,3),(0.,1.),.PIECEWISE_BEZIER_KNOTS.);
#208=B_SPLINE_CURVE_WITH_KNOTS('',2,(#9894,#9895,#9896),.UNSPECIFIED.,.F.,
 .F.,(3,3),(0.,1.),.PIECEWISE_BEZIER_KNOTS.);
#209=B_SPLINE_CURVE_WITH_KNOTS('',2,(#9907,#9908,#9909),.UNSPECIFIED.,.F.,
 .F.,(3,3),(0.,1.),.PIECEWISE_BEZIER_KNOTS.);
#210=B_SPLINE_CURVE_WITH_KNOTS('',2,(#9920,#9921,#9922),.UNSPECIFIED.,.F.,
 .F.,(3,3),(0.,1.),.PIECEWISE_BEZIER_KNOTS.);
#211=B_SPLINE_CURVE_WITH_KNOTS('',3,(#10126,#10127,#10128,#10129,#10130,
#10131,#10132),.UNSPECIFIED.,.F.,.F.,(4,1,1,1,4),(0.,0.25,0.5,0.75,1.),
 .UNSPECIFIED.);
#212=B_SPLINE_CURVE_WITH_KNOTS('',3,(#10135,#10136,#10137,#10138,#10139,
#10140,#10141),.UNSPECIFIED.,.F.,.F.,(4,1,1,1,4),(0.,0.25,0.5,0.75,1.),
 .UNSPECIFIED.);
#213=B_SPLINE_CURVE_WITH_KNOTS('',3,(#10146,#10147,#10148,#10149,#10150),
 .UNSPECIFIED.,.F.,.F.,(4,1,4),(0.,0.5,1.),.UNSPECIFIED.);
#214=B_SPLINE_CURVE_WITH_KNOTS('',3,(#10153,#10154,#10155,#10156,#10157),
 .UNSPECIFIED.,.F.,.F.,(4,1,4),(0.,0.5,1.),.UNSPECIFIED.);
#215=ELLIPSE('',#5955,0.00303341399951593,0.002);
#216=ELLIPSE('',#5958,0.00303341399951593,0.002);
#217=ELLIPSE('',#5961,0.00282842712474619,0.002);
#218=ELLIPSE('',#5963,0.00282842712474619,0.002);
#219=ELLIPSE('',#6247,0.00216478440058479,0.002);
#220=ELLIPSE('',#6249,0.00216478440058479,0.002);
#221=CYLINDRICAL_SURFACE('',#5946,0.002);
#222=CYLINDRICAL_SURFACE('',#5953,0.002);
#223=CYLINDRICAL_SURFACE('',#5957,0.002);
#224=CYLINDRICAL_SURFACE('',#5968,0.002);
#225=CYLINDRICAL_SURFACE('',#5971,0.002);
#226=CYLINDRICAL_SURFACE('',#6046,0.01);
#227=CYLINDRICAL_SURFACE('',#6047,0.01);
#228=CYLINDRICAL_SURFACE('',#6048,0.01);
#229=CYLINDRICAL_SURFACE('',#6049,0.01);
#230=CYLINDRICAL_SURFACE('',#6079,0.003);
#231=CYLINDRICAL_SURFACE('',#6080,0.003);
#232=CYLINDRICAL_SURFACE('',#6081,0.003);
#233=CYLINDRICAL_SURFACE('',#6082,0.003);
#234=CYLINDRICAL_SURFACE('',#6089,0.0022983850050621);
#235=CYLINDRICAL_SURFACE('',#6091,0.00363762781313593);
#236=CYLINDRICAL_SURFACE('',#6093,0.00300772365688454);
#237=CYLINDRICAL_SURFACE('',#6096,0.00169383280224098);
#238=CYLINDRICAL_SURFACE('',#6098,0.00138208531274542);
#239=CYLINDRICAL_SURFACE('',#6113,0.00163512276435378);
#240=CYLINDRICAL_SURFACE('',#6115,0.00554377747398907);
#241=CYLINDRICAL_SURFACE('',#6135,0.00229838500505833);
#242=CYLINDRICAL_SURFACE('',#6137,0.003637627813135);
#243=CYLINDRICAL_SURFACE('',#6139,0.00300772365689588);
#244=CYLINDRICAL_SURFACE('',#6142,0.00169383280224243);
#245=CYLINDRICAL_SURFACE('',#6144,0.00138208531274492);
#246=CYLINDRICAL_SURFACE('',#6149,0.483547043325367);
#247=CYLINDRICAL_SURFACE('',#6161,0.00522257430712066);
#248=CYLINDRICAL_SURFACE('',#6181,0.000813164397027525);
#249=CYLINDRICAL_SURFACE('',#6203,0.00335500241677365);
#250=CYLINDRICAL_SURFACE('',#6205,0.00244355380057535);
#251=CYLINDRICAL_SURFACE('',#6208,0.0036119290750467);
#252=CYLINDRICAL_SURFACE('',#6210,0.00572544443917078);
#253=CYLINDRICAL_SURFACE('',#6212,0.00545984103470144);
#254=CYLINDRICAL_SURFACE('',#6246,0.002);
#255=CYLINDRICAL_SURFACE('',#6248,0.002);
#256=CYLINDRICAL_SURFACE('',#6250,0.002);
#257=CYLINDRICAL_SURFACE('',#6251,0.002);
#258=CYLINDRICAL_SURFACE('',#6255,0.002);
#259=CYLINDRICAL_SURFACE('',#6256,0.002);
#260=CYLINDRICAL_SURFACE('',#6258,0.002);
#261=CYLINDRICAL_SURFACE('',#6259,0.002);
#262=CYLINDRICAL_SURFACE('',#6260,0.002);
#263=CYLINDRICAL_SURFACE('',#6261,0.002);
#264=CYLINDRICAL_SURFACE('',#6262,0.002);
#265=CYLINDRICAL_SURFACE('',#6263,0.002);
#266=CYLINDRICAL_SURFACE('',#6264,0.002);
#267=CYLINDRICAL_SURFACE('',#6266,0.002);
#268=CYLINDRICAL_SURFACE('',#6268,0.002);
#269=CYLINDRICAL_SURFACE('',#6270,0.002);
#270=CYLINDRICAL_SURFACE('',#6272,0.002);
#271=CYLINDRICAL_SURFACE('',#6274,0.002);
#272=CYLINDRICAL_SURFACE('',#6275,0.002);
#273=CYLINDRICAL_SURFACE('',#6279,0.002);
#274=CYLINDRICAL_SURFACE('',#6284,0.002);
#275=CYLINDRICAL_SURFACE('',#6285,0.002);
#276=CYLINDRICAL_SURFACE('',#6289,0.002);
#277=CYLINDRICAL_SURFACE('',#6293,0.002);
#278=CYLINDRICAL_SURFACE('',#6297,0.002);
#279=CYLINDRICAL_SURFACE('',#6298,0.01);
#280=CYLINDRICAL_SURFACE('',#6299,0.01);
#281=CYLINDRICAL_SURFACE('',#6300,0.01);
#282=CYLINDRICAL_SURFACE('',#6301,0.01);
#283=CYLINDRICAL_SURFACE('',#6313,0.003);
#284=CYLINDRICAL_SURFACE('',#6314,0.003);
#285=CYLINDRICAL_SURFACE('',#6315,0.003);
#286=CYLINDRICAL_SURFACE('',#6316,0.003);
#287=CYLINDRICAL_SURFACE('',#6317,0.003);
#288=CYLINDRICAL_SURFACE('',#6318,0.003);
#289=CYLINDRICAL_SURFACE('',#6319,0.003);
#290=CYLINDRICAL_SURFACE('',#6320,0.003);
#291=CYLINDRICAL_SURFACE('',#6321,0.003);
#292=CYLINDRICAL_SURFACE('',#6322,0.003);
#293=CIRCLE('',#5935,0.002);
#294=CIRCLE('',#5936,0.002);
#295=CIRCLE('',#5938,0.003);
#296=CIRCLE('',#5939,0.003);
#297=CIRCLE('',#5940,0.003);
#298=CIRCLE('',#5941,0.002);
#299=CIRCLE('',#5943,0.003);
#300=CIRCLE('',#5944,0.003);
#301=CIRCLE('',#5945,0.003);
#302=CIRCLE('',#5947,0.002);
#303=CIRCLE('',#5948,0.002);
#304=CIRCLE('',#5951,0.002);
#305=CIRCLE('',#5952,0.002);
#306=CIRCLE('',#5954,0.002);
#307=CIRCLE('',#5959,0.002);
#308=CIRCLE('',#5966,0.002);
#309=CIRCLE('',#5967,0.002);
#310=CIRCLE('',#5969,0.002);
#311=CIRCLE('',#5970,0.002);
#312=CIRCLE('',#5972,0.002);
#313=CIRCLE('',#5973,0.002);
#314=CIRCLE('',#5976,0.00138208531274492);
#315=CIRCLE('',#5977,0.00169383280224243);
#316=CIRCLE('',#5978,0.00300772365689588);
#317=CIRCLE('',#5979,0.003637627813135);
#318=CIRCLE('',#5980,0.00229838500505833);
#319=CIRCLE('',#5981,0.00163512276435378);
#320=CIRCLE('',#5982,0.00554377747398907);
#321=CIRCLE('',#5983,0.002);
#322=CIRCLE('',#5984,0.002);
#323=CIRCLE('',#5985,0.002);
#324=CIRCLE('',#5986,0.002);
#325=CIRCLE('',#5987,0.002);
#326=CIRCLE('',#5988,0.002);
#327=CIRCLE('',#5989,0.000813164397027525);
#328=CIRCLE('',#5990,0.00545984103470144);
#329=CIRCLE('',#5991,0.00572544443917078);
#330=CIRCLE('',#5992,0.0036119290750467);
#331=CIRCLE('',#5993,0.00244355380057535);
#332=CIRCLE('',#5994,0.00335500241677365);
#333=CIRCLE('',#5996,0.002);
#334=CIRCLE('',#5997,0.002);
#335=CIRCLE('',#5998,0.002);
#336=CIRCLE('',#5999,0.002);
#337=CIRCLE('',#6000,0.002);
#338=CIRCLE('',#6001,0.002);
#339=CIRCLE('',#6002,0.00138208531274542);
#340=CIRCLE('',#6003,0.00169383280224098);
#341=CIRCLE('',#6004,0.00300772365688454);
#342=CIRCLE('',#6005,0.00363762781313593);
#343=CIRCLE('',#6006,0.0022983850050621);
#344=CIRCLE('',#6008,0.01);
#345=CIRCLE('',#6009,0.01);
#346=CIRCLE('',#6010,0.01);
#347=CIRCLE('',#6011,0.01);
#348=CIRCLE('',#6012,0.01);
#349=CIRCLE('',#6013,0.01);
#350=CIRCLE('',#6014,0.01);
#351=CIRCLE('',#6015,0.01);
#352=CIRCLE('',#6016,0.003);
#353=CIRCLE('',#6017,0.003);
#354=CIRCLE('',#6018,0.003);
#355=CIRCLE('',#6019,0.003);
#356=CIRCLE('',#6022,0.01);
#357=CIRCLE('',#6023,0.01);
#358=CIRCLE('',#6024,0.01);
#359=CIRCLE('',#6025,0.01);
#360=CIRCLE('',#6026,0.01);
#361=CIRCLE('',#6027,0.004);
#362=CIRCLE('',#6028,0.004);
#363=CIRCLE('',#6029,0.004);
#364=CIRCLE('',#6030,0.004);
#365=CIRCLE('',#6031,0.004);
#366=CIRCLE('',#6032,0.004);
#367=CIRCLE('',#6033,0.01);
#368=CIRCLE('',#6034,0.01);
#369=CIRCLE('',#6035,0.01);
#370=CIRCLE('',#6036,0.003);
#371=CIRCLE('',#6037,0.003);
#372=CIRCLE('',#6038,0.003);
#373=CIRCLE('',#6039,0.003);
#374=CIRCLE('',#6054,0.002);
#375=CIRCLE('',#6056,0.003);
#376=CIRCLE('',#6057,0.003);
#377=CIRCLE('',#6058,0.003);
#378=CIRCLE('',#6061,0.003);
#379=CIRCLE('',#6062,0.003);
#380=CIRCLE('',#6063,0.002);
#381=CIRCLE('',#6064,0.003);
#382=CIRCLE('',#6066,0.002);
#383=CIRCLE('',#6068,0.002);
#384=CIRCLE('',#6069,0.002);
#385=CIRCLE('',#6070,0.002);
#386=CIRCLE('',#6076,0.002);
#387=CIRCLE('',#6077,0.002);
#388=CIRCLE('',#6078,0.002);
#389=CIRCLE('',#6090,0.0022983850050621);
#390=CIRCLE('',#6092,0.00363762781313593);
#391=CIRCLE('',#6094,0.00300772365688454);
#392=CIRCLE('',#6097,0.00169383280224098);
#393=CIRCLE('',#6099,0.00138208531274542);
#394=CIRCLE('',#6114,0.00163512276435378);
#395=CIRCLE('',#6116,0.00554377747398907);
#396=CIRCLE('',#6136,0.00229838500505833);
#397=CIRCLE('',#6138,0.003637627813135);
#398=CIRCLE('',#6140,0.00300772365689588);
#399=CIRCLE('',#6143,0.00169383280224243);
#400=CIRCLE('',#6145,0.00138208531274492);
#401=CIRCLE('',#6150,0.483547043325367);
#402=CIRCLE('',#6151,0.483547043325367);
#403=CIRCLE('',#6162,0.00522257430712066);
#404=CIRCLE('',#6163,0.00522257430712066);
#405=CIRCLE('',#6182,0.000813164397027525);
#406=CIRCLE('',#6204,0.00335500241677365);
#407=CIRCLE('',#6206,0.00244355380057535);
#408=CIRCLE('',#6209,0.0036119290750467);
#409=CIRCLE('',#6211,0.00572544443917078);
#410=CIRCLE('',#6213,0.00545984103470144);
#411=CIRCLE('',#6252,0.002);
#412=CIRCLE('',#6254,0.002);
#413=CIRCLE('',#6257,0.002);
#414=CIRCLE('',#6265,0.002);
#415=CIRCLE('',#6267,0.002);
#416=CIRCLE('',#6269,0.002);
#417=CIRCLE('',#6271,0.002);
#418=CIRCLE('',#6273,0.002);
#419=CIRCLE('',#6276,0.002);
#420=CIRCLE('',#6278,0.002);
#421=CIRCLE('',#6280,0.002);
#422=CIRCLE('',#6283,0.002);
#423=CIRCLE('',#6286,0.002);
#424=CIRCLE('',#6288,0.002);
#425=CIRCLE('',#6290,0.002);
#426=CIRCLE('',#6292,0.002);
#427=CIRCLE('',#6294,0.002);
#428=CIRCLE('',#6296,0.002);
#429=ORIENTED_EDGE('',*,*,#2151,.T.);
#430=ORIENTED_EDGE('',*,*,#2152,.T.);
#431=ORIENTED_EDGE('',*,*,#2153,.F.);
#432=ORIENTED_EDGE('',*,*,#2154,.T.);
#433=ORIENTED_EDGE('',*,*,#2155,.F.);
#434=ORIENTED_EDGE('',*,*,#2156,.T.);
#435=ORIENTED_EDGE('',*,*,#2157,.T.);
#436=ORIENTED_EDGE('',*,*,#2158,.T.);
#437=ORIENTED_EDGE('',*,*,#2159,.T.);
#438=ORIENTED_EDGE('',*,*,#2160,.T.);
#439=ORIENTED_EDGE('',*,*,#2161,.F.);
#440=ORIENTED_EDGE('',*,*,#2162,.F.);
#441=ORIENTED_EDGE('',*,*,#2163,.F.);
#442=ORIENTED_EDGE('',*,*,#2164,.F.);
#443=ORIENTED_EDGE('',*,*,#2165,.F.);
#444=ORIENTED_EDGE('',*,*,#2166,.T.);
#445=ORIENTED_EDGE('',*,*,#2167,.T.);
#446=ORIENTED_EDGE('',*,*,#2168,.T.);
#447=ORIENTED_EDGE('',*,*,#2169,.T.);
#448=ORIENTED_EDGE('',*,*,#2170,.T.);
#449=ORIENTED_EDGE('',*,*,#2153,.T.);
#450=ORIENTED_EDGE('',*,*,#2165,.T.);
#451=ORIENTED_EDGE('',*,*,#2171,.T.);
#452=ORIENTED_EDGE('',*,*,#2172,.T.);
#453=ORIENTED_EDGE('',*,*,#2173,.T.);
#454=ORIENTED_EDGE('',*,*,#2174,.T.);
#455=ORIENTED_EDGE('',*,*,#2175,.F.);
#456=ORIENTED_EDGE('',*,*,#2176,.T.);
#457=ORIENTED_EDGE('',*,*,#2177,.T.);
#458=ORIENTED_EDGE('',*,*,#2178,.T.);
#459=ORIENTED_EDGE('',*,*,#2179,.T.);
#460=ORIENTED_EDGE('',*,*,#2180,.F.);
#461=ORIENTED_EDGE('',*,*,#2181,.T.);
#462=ORIENTED_EDGE('',*,*,#2182,.T.);
#463=ORIENTED_EDGE('',*,*,#2183,.F.);
#464=ORIENTED_EDGE('',*,*,#2184,.T.);
#465=ORIENTED_EDGE('',*,*,#2185,.F.);
#466=ORIENTED_EDGE('',*,*,#2186,.T.);
#467=ORIENTED_EDGE('',*,*,#2187,.F.);
#468=ORIENTED_EDGE('',*,*,#2188,.T.);
#469=ORIENTED_EDGE('',*,*,#2189,.F.);
#470=ORIENTED_EDGE('',*,*,#2190,.T.);
#471=ORIENTED_EDGE('',*,*,#2191,.F.);
#472=ORIENTED_EDGE('',*,*,#2181,.F.);
#473=ORIENTED_EDGE('',*,*,#2192,.T.);
#474=ORIENTED_EDGE('',*,*,#2193,.F.);
#475=ORIENTED_EDGE('',*,*,#2179,.F.);
#476=ORIENTED_EDGE('',*,*,#2194,.F.);
#477=ORIENTED_EDGE('',*,*,#2195,.F.);
#478=ORIENTED_EDGE('',*,*,#2196,.F.);
#479=ORIENTED_EDGE('',*,*,#2197,.F.);
#480=ORIENTED_EDGE('',*,*,#2198,.T.);
#481=ORIENTED_EDGE('',*,*,#2199,.F.);
#482=ORIENTED_EDGE('',*,*,#2200,.T.);
#483=ORIENTED_EDGE('',*,*,#2201,.T.);
#484=ORIENTED_EDGE('',*,*,#2202,.T.);
#485=ORIENTED_EDGE('',*,*,#2203,.T.);
#486=ORIENTED_EDGE('',*,*,#2204,.T.);
#487=ORIENTED_EDGE('',*,*,#2205,.T.);
#488=ORIENTED_EDGE('',*,*,#2206,.F.);
#489=ORIENTED_EDGE('',*,*,#2207,.F.);
#490=ORIENTED_EDGE('',*,*,#2208,.T.);
#491=ORIENTED_EDGE('',*,*,#2200,.F.);
#492=ORIENTED_EDGE('',*,*,#2209,.T.);
#493=ORIENTED_EDGE('',*,*,#2210,.T.);
#494=ORIENTED_EDGE('',*,*,#2211,.T.);
#495=ORIENTED_EDGE('',*,*,#2212,.T.);
#496=ORIENTED_EDGE('',*,*,#2213,.F.);
#497=ORIENTED_EDGE('',*,*,#2214,.F.);
#498=ORIENTED_EDGE('',*,*,#2198,.F.);
#499=ORIENTED_EDGE('',*,*,#2215,.T.);
#500=ORIENTED_EDGE('',*,*,#2216,.T.);
#501=ORIENTED_EDGE('',*,*,#2217,.F.);
#502=ORIENTED_EDGE('',*,*,#2218,.T.);
#503=ORIENTED_EDGE('',*,*,#2219,.T.);
#504=ORIENTED_EDGE('',*,*,#2220,.T.);
#505=ORIENTED_EDGE('',*,*,#2221,.F.);
#506=ORIENTED_EDGE('',*,*,#2222,.T.);
#507=ORIENTED_EDGE('',*,*,#2223,.T.);
#508=ORIENTED_EDGE('',*,*,#2224,.T.);
#509=ORIENTED_EDGE('',*,*,#2225,.F.);
#510=ORIENTED_EDGE('',*,*,#2226,.T.);
#511=ORIENTED_EDGE('',*,*,#2227,.T.);
#512=ORIENTED_EDGE('',*,*,#2228,.T.);
#513=ORIENTED_EDGE('',*,*,#2229,.T.);
#514=ORIENTED_EDGE('',*,*,#2230,.T.);
#515=ORIENTED_EDGE('',*,*,#2177,.F.);
#516=ORIENTED_EDGE('',*,*,#2231,.T.);
#517=ORIENTED_EDGE('',*,*,#2232,.T.);
#518=ORIENTED_EDGE('',*,*,#2164,.T.);
#519=ORIENTED_EDGE('',*,*,#2163,.T.);
#520=ORIENTED_EDGE('',*,*,#2162,.T.);
#521=ORIENTED_EDGE('',*,*,#2233,.F.);
#522=ORIENTED_EDGE('',*,*,#2234,.T.);
#523=ORIENTED_EDGE('',*,*,#2235,.T.);
#524=ORIENTED_EDGE('',*,*,#2224,.F.);
#525=ORIENTED_EDGE('',*,*,#2236,.T.);
#526=ORIENTED_EDGE('',*,*,#2215,.F.);
#527=ORIENTED_EDGE('',*,*,#2237,.F.);
#528=ORIENTED_EDGE('',*,*,#2238,.F.);
#529=ORIENTED_EDGE('',*,*,#2229,.F.);
#530=ORIENTED_EDGE('',*,*,#2239,.F.);
#531=ORIENTED_EDGE('',*,*,#2240,.F.);
#532=ORIENTED_EDGE('',*,*,#2241,.F.);
#533=ORIENTED_EDGE('',*,*,#2242,.T.);
#534=ORIENTED_EDGE('',*,*,#2243,.T.);
#535=ORIENTED_EDGE('',*,*,#2244,.T.);
#536=ORIENTED_EDGE('',*,*,#2245,.T.);
#537=ORIENTED_EDGE('',*,*,#2246,.T.);
#538=ORIENTED_EDGE('',*,*,#2247,.T.);
#539=ORIENTED_EDGE('',*,*,#2248,.T.);
#540=ORIENTED_EDGE('',*,*,#2249,.T.);
#541=ORIENTED_EDGE('',*,*,#2250,.T.);
#542=ORIENTED_EDGE('',*,*,#2251,.T.);
#543=ORIENTED_EDGE('',*,*,#2252,.T.);
#544=ORIENTED_EDGE('',*,*,#2253,.T.);
#545=ORIENTED_EDGE('',*,*,#2254,.T.);
#546=ORIENTED_EDGE('',*,*,#2255,.T.);
#547=ORIENTED_EDGE('',*,*,#2256,.T.);
#548=ORIENTED_EDGE('',*,*,#2257,.T.);
#549=ORIENTED_EDGE('',*,*,#2258,.T.);
#550=ORIENTED_EDGE('',*,*,#2259,.T.);
#551=ORIENTED_EDGE('',*,*,#2260,.T.);
#552=ORIENTED_EDGE('',*,*,#2261,.T.);
#553=ORIENTED_EDGE('',*,*,#2262,.T.);
#554=ORIENTED_EDGE('',*,*,#2263,.T.);
#555=ORIENTED_EDGE('',*,*,#2264,.T.);
#556=ORIENTED_EDGE('',*,*,#2265,.T.);
#557=ORIENTED_EDGE('',*,*,#2266,.T.);
#558=ORIENTED_EDGE('',*,*,#2267,.T.);
#559=ORIENTED_EDGE('',*,*,#2268,.T.);
#560=ORIENTED_EDGE('',*,*,#2269,.T.);
#561=ORIENTED_EDGE('',*,*,#2270,.T.);
#562=ORIENTED_EDGE('',*,*,#2271,.T.);
#563=ORIENTED_EDGE('',*,*,#2272,.T.);
#564=ORIENTED_EDGE('',*,*,#2273,.T.);
#565=ORIENTED_EDGE('',*,*,#2274,.T.);
#566=ORIENTED_EDGE('',*,*,#2275,.T.);
#567=ORIENTED_EDGE('',*,*,#2276,.T.);
#568=ORIENTED_EDGE('',*,*,#2277,.T.);
#569=ORIENTED_EDGE('',*,*,#2278,.T.);
#570=ORIENTED_EDGE('',*,*,#2279,.T.);
#571=ORIENTED_EDGE('',*,*,#2280,.T.);
#572=ORIENTED_EDGE('',*,*,#2281,.T.);
#573=ORIENTED_EDGE('',*,*,#2282,.T.);
#574=ORIENTED_EDGE('',*,*,#2283,.T.);
#575=ORIENTED_EDGE('',*,*,#2284,.T.);
#576=ORIENTED_EDGE('',*,*,#2285,.T.);
#577=ORIENTED_EDGE('',*,*,#2286,.T.);
#578=ORIENTED_EDGE('',*,*,#2287,.T.);
#579=ORIENTED_EDGE('',*,*,#2288,.T.);
#580=ORIENTED_EDGE('',*,*,#2289,.T.);
#581=ORIENTED_EDGE('',*,*,#2290,.T.);
#582=ORIENTED_EDGE('',*,*,#2291,.T.);
#583=ORIENTED_EDGE('',*,*,#2292,.T.);
#584=ORIENTED_EDGE('',*,*,#2293,.T.);
#585=ORIENTED_EDGE('',*,*,#2294,.T.);
#586=ORIENTED_EDGE('',*,*,#2295,.T.);
#587=ORIENTED_EDGE('',*,*,#2296,.T.);
#588=ORIENTED_EDGE('',*,*,#2297,.T.);
#589=ORIENTED_EDGE('',*,*,#2298,.T.);
#590=ORIENTED_EDGE('',*,*,#2299,.T.);
#591=ORIENTED_EDGE('',*,*,#2300,.T.);
#592=ORIENTED_EDGE('',*,*,#2301,.F.);
#593=ORIENTED_EDGE('',*,*,#2302,.T.);
#594=ORIENTED_EDGE('',*,*,#2303,.T.);
#595=ORIENTED_EDGE('',*,*,#2304,.T.);
#596=ORIENTED_EDGE('',*,*,#2305,.F.);
#597=ORIENTED_EDGE('',*,*,#2306,.T.);
#598=ORIENTED_EDGE('',*,*,#2307,.F.);
#599=ORIENTED_EDGE('',*,*,#2308,.T.);
#600=ORIENTED_EDGE('',*,*,#2309,.F.);
#601=ORIENTED_EDGE('',*,*,#2310,.T.);
#602=ORIENTED_EDGE('',*,*,#2311,.F.);
#603=ORIENTED_EDGE('',*,*,#2312,.T.);
#604=ORIENTED_EDGE('',*,*,#2313,.T.);
#605=ORIENTED_EDGE('',*,*,#2314,.T.);
#606=ORIENTED_EDGE('',*,*,#2315,.T.);
#607=ORIENTED_EDGE('',*,*,#2316,.T.);
#608=ORIENTED_EDGE('',*,*,#2317,.T.);
#609=ORIENTED_EDGE('',*,*,#2318,.T.);
#610=ORIENTED_EDGE('',*,*,#2319,.T.);
#611=ORIENTED_EDGE('',*,*,#2320,.T.);
#612=ORIENTED_EDGE('',*,*,#2321,.T.);
#613=ORIENTED_EDGE('',*,*,#2322,.T.);
#614=ORIENTED_EDGE('',*,*,#2323,.T.);
#615=ORIENTED_EDGE('',*,*,#2324,.T.);
#616=ORIENTED_EDGE('',*,*,#2325,.T.);
#617=ORIENTED_EDGE('',*,*,#2326,.T.);
#618=ORIENTED_EDGE('',*,*,#2327,.T.);
#619=ORIENTED_EDGE('',*,*,#2328,.T.);
#620=ORIENTED_EDGE('',*,*,#2329,.T.);
#621=ORIENTED_EDGE('',*,*,#2330,.T.);
#622=ORIENTED_EDGE('',*,*,#2331,.T.);
#623=ORIENTED_EDGE('',*,*,#2332,.T.);
#624=ORIENTED_EDGE('',*,*,#2333,.T.);
#625=ORIENTED_EDGE('',*,*,#2334,.T.);
#626=ORIENTED_EDGE('',*,*,#2335,.T.);
#627=ORIENTED_EDGE('',*,*,#2336,.T.);
#628=ORIENTED_EDGE('',*,*,#2337,.T.);
#629=ORIENTED_EDGE('',*,*,#2338,.T.);
#630=ORIENTED_EDGE('',*,*,#2339,.T.);
#631=ORIENTED_EDGE('',*,*,#2340,.T.);
#632=ORIENTED_EDGE('',*,*,#2341,.T.);
#633=ORIENTED_EDGE('',*,*,#2342,.T.);
#634=ORIENTED_EDGE('',*,*,#2343,.T.);
#635=ORIENTED_EDGE('',*,*,#2344,.T.);
#636=ORIENTED_EDGE('',*,*,#2345,.T.);
#637=ORIENTED_EDGE('',*,*,#2346,.T.);
#638=ORIENTED_EDGE('',*,*,#2347,.T.);
#639=ORIENTED_EDGE('',*,*,#2348,.T.);
#640=ORIENTED_EDGE('',*,*,#2349,.T.);
#641=ORIENTED_EDGE('',*,*,#2350,.T.);
#642=ORIENTED_EDGE('',*,*,#2351,.T.);
#643=ORIENTED_EDGE('',*,*,#2352,.T.);
#644=ORIENTED_EDGE('',*,*,#2353,.T.);
#645=ORIENTED_EDGE('',*,*,#2354,.T.);
#646=ORIENTED_EDGE('',*,*,#2355,.T.);
#647=ORIENTED_EDGE('',*,*,#2356,.T.);
#648=ORIENTED_EDGE('',*,*,#2357,.T.);
#649=ORIENTED_EDGE('',*,*,#2358,.T.);
#650=ORIENTED_EDGE('',*,*,#2359,.T.);
#651=ORIENTED_EDGE('',*,*,#2360,.T.);
#652=ORIENTED_EDGE('',*,*,#2361,.T.);
#653=ORIENTED_EDGE('',*,*,#2362,.T.);
#654=ORIENTED_EDGE('',*,*,#2363,.T.);
#655=ORIENTED_EDGE('',*,*,#2364,.T.);
#656=ORIENTED_EDGE('',*,*,#2365,.T.);
#657=ORIENTED_EDGE('',*,*,#2366,.T.);
#658=ORIENTED_EDGE('',*,*,#2367,.T.);
#659=ORIENTED_EDGE('',*,*,#2368,.T.);
#660=ORIENTED_EDGE('',*,*,#2369,.T.);
#661=ORIENTED_EDGE('',*,*,#2370,.T.);
#662=ORIENTED_EDGE('',*,*,#2371,.T.);
#663=ORIENTED_EDGE('',*,*,#2372,.T.);
#664=ORIENTED_EDGE('',*,*,#2373,.T.);
#665=ORIENTED_EDGE('',*,*,#2374,.T.);
#666=ORIENTED_EDGE('',*,*,#2375,.T.);
#667=ORIENTED_EDGE('',*,*,#2376,.T.);
#668=ORIENTED_EDGE('',*,*,#2377,.T.);
#669=ORIENTED_EDGE('',*,*,#2378,.T.);
#670=ORIENTED_EDGE('',*,*,#2379,.T.);
#671=ORIENTED_EDGE('',*,*,#2380,.T.);
#672=ORIENTED_EDGE('',*,*,#2381,.T.);
#673=ORIENTED_EDGE('',*,*,#2382,.T.);
#674=ORIENTED_EDGE('',*,*,#2383,.T.);
#675=ORIENTED_EDGE('',*,*,#2384,.T.);
#676=ORIENTED_EDGE('',*,*,#2385,.T.);
#677=ORIENTED_EDGE('',*,*,#2183,.T.);
#678=ORIENTED_EDGE('',*,*,#2386,.T.);
#679=ORIENTED_EDGE('',*,*,#2387,.T.);
#680=ORIENTED_EDGE('',*,*,#2388,.T.);
#681=ORIENTED_EDGE('',*,*,#2389,.T.);
#682=ORIENTED_EDGE('',*,*,#2390,.T.);
#683=ORIENTED_EDGE('',*,*,#2391,.F.);
#684=ORIENTED_EDGE('',*,*,#2392,.T.);
#685=ORIENTED_EDGE('',*,*,#2173,.F.);
#686=ORIENTED_EDGE('',*,*,#2393,.T.);
#687=ORIENTED_EDGE('',*,*,#2394,.T.);
#688=ORIENTED_EDGE('',*,*,#2395,.T.);
#689=ORIENTED_EDGE('',*,*,#2396,.T.);
#690=ORIENTED_EDGE('',*,*,#2397,.T.);
#691=ORIENTED_EDGE('',*,*,#2398,.T.);
#692=ORIENTED_EDGE('',*,*,#2399,.T.);
#693=ORIENTED_EDGE('',*,*,#2400,.T.);
#694=ORIENTED_EDGE('',*,*,#2401,.T.);
#695=ORIENTED_EDGE('',*,*,#2402,.T.);
#696=ORIENTED_EDGE('',*,*,#2403,.T.);
#697=ORIENTED_EDGE('',*,*,#2404,.T.);
#698=ORIENTED_EDGE('',*,*,#2405,.T.);
#699=ORIENTED_EDGE('',*,*,#2406,.T.);
#700=ORIENTED_EDGE('',*,*,#2407,.T.);
#701=ORIENTED_EDGE('',*,*,#2408,.T.);
#702=ORIENTED_EDGE('',*,*,#2409,.T.);
#703=ORIENTED_EDGE('',*,*,#2410,.T.);
#704=ORIENTED_EDGE('',*,*,#2411,.T.);
#705=ORIENTED_EDGE('',*,*,#2412,.T.);
#706=ORIENTED_EDGE('',*,*,#2413,.T.);
#707=ORIENTED_EDGE('',*,*,#2414,.T.);
#708=ORIENTED_EDGE('',*,*,#2415,.T.);
#709=ORIENTED_EDGE('',*,*,#2416,.T.);
#710=ORIENTED_EDGE('',*,*,#2417,.T.);
#711=ORIENTED_EDGE('',*,*,#2418,.T.);
#712=ORIENTED_EDGE('',*,*,#2419,.T.);
#713=ORIENTED_EDGE('',*,*,#2420,.T.);
#714=ORIENTED_EDGE('',*,*,#2421,.T.);
#715=ORIENTED_EDGE('',*,*,#2422,.T.);
#716=ORIENTED_EDGE('',*,*,#2423,.T.);
#717=ORIENTED_EDGE('',*,*,#2424,.T.);
#718=ORIENTED_EDGE('',*,*,#2425,.T.);
#719=ORIENTED_EDGE('',*,*,#2426,.T.);
#720=ORIENTED_EDGE('',*,*,#2427,.T.);
#721=ORIENTED_EDGE('',*,*,#2428,.T.);
#722=ORIENTED_EDGE('',*,*,#2429,.T.);
#723=ORIENTED_EDGE('',*,*,#2214,.T.);
#724=ORIENTED_EDGE('',*,*,#2430,.F.);
#725=ORIENTED_EDGE('',*,*,#2160,.F.);
#726=ORIENTED_EDGE('',*,*,#2431,.T.);
#727=ORIENTED_EDGE('',*,*,#2432,.F.);
#728=ORIENTED_EDGE('',*,*,#2433,.T.);
#729=ORIENTED_EDGE('',*,*,#2434,.T.);
#730=ORIENTED_EDGE('',*,*,#2435,.T.);
#731=ORIENTED_EDGE('',*,*,#2436,.T.);
#732=ORIENTED_EDGE('',*,*,#2437,.T.);
#733=ORIENTED_EDGE('',*,*,#2438,.F.);
#734=ORIENTED_EDGE('',*,*,#2439,.T.);
#735=ORIENTED_EDGE('',*,*,#2440,.F.);
#736=ORIENTED_EDGE('',*,*,#2441,.T.);
#737=ORIENTED_EDGE('',*,*,#2442,.T.);
#738=ORIENTED_EDGE('',*,*,#2443,.T.);
#739=ORIENTED_EDGE('',*,*,#2241,.T.);
#740=ORIENTED_EDGE('',*,*,#2444,.T.);
#741=ORIENTED_EDGE('',*,*,#2445,.F.);
#742=ORIENTED_EDGE('',*,*,#2446,.T.);
#743=ORIENTED_EDGE('',*,*,#2447,.T.);
#744=ORIENTED_EDGE('',*,*,#2448,.T.);
#745=ORIENTED_EDGE('',*,*,#2233,.T.);
#746=ORIENTED_EDGE('',*,*,#2449,.T.);
#747=ORIENTED_EDGE('',*,*,#2207,.T.);
#748=ORIENTED_EDGE('',*,*,#2199,.T.);
#749=ORIENTED_EDGE('',*,*,#2450,.F.);
#750=ORIENTED_EDGE('',*,*,#2451,.F.);
#751=ORIENTED_EDGE('',*,*,#2452,.T.);
#752=ORIENTED_EDGE('',*,*,#2453,.T.);
#753=ORIENTED_EDGE('',*,*,#2227,.F.);
#754=ORIENTED_EDGE('',*,*,#2454,.T.);
#755=ORIENTED_EDGE('',*,*,#2219,.F.);
#756=ORIENTED_EDGE('',*,*,#2455,.T.);
#757=ORIENTED_EDGE('',*,*,#2456,.T.);
#758=ORIENTED_EDGE('',*,*,#2457,.T.);
#759=ORIENTED_EDGE('',*,*,#2458,.F.);
#760=ORIENTED_EDGE('',*,*,#2459,.T.);
#761=ORIENTED_EDGE('',*,*,#2460,.F.);
#762=ORIENTED_EDGE('',*,*,#2461,.T.);
#763=ORIENTED_EDGE('',*,*,#2462,.F.);
#764=ORIENTED_EDGE('',*,*,#2463,.T.);
#765=ORIENTED_EDGE('',*,*,#2464,.F.);
#766=ORIENTED_EDGE('',*,*,#2465,.T.);
#767=ORIENTED_EDGE('',*,*,#2466,.T.);
#768=ORIENTED_EDGE('',*,*,#2467,.T.);
#769=ORIENTED_EDGE('',*,*,#2468,.T.);
#770=ORIENTED_EDGE('',*,*,#2469,.T.);
#771=ORIENTED_EDGE('',*,*,#2470,.T.);
#772=ORIENTED_EDGE('',*,*,#2471,.T.);
#773=ORIENTED_EDGE('',*,*,#2472,.T.);
#774=ORIENTED_EDGE('',*,*,#2473,.T.);
#775=ORIENTED_EDGE('',*,*,#2474,.T.);
#776=ORIENTED_EDGE('',*,*,#2204,.F.);
#777=ORIENTED_EDGE('',*,*,#2475,.T.);
#778=ORIENTED_EDGE('',*,*,#2476,.T.);
#779=ORIENTED_EDGE('',*,*,#2193,.T.);
#780=ORIENTED_EDGE('',*,*,#2477,.T.);
#781=ORIENTED_EDGE('',*,*,#2478,.T.);
#782=ORIENTED_EDGE('',*,*,#2479,.T.);
#783=ORIENTED_EDGE('',*,*,#2480,.T.);
#784=ORIENTED_EDGE('',*,*,#2481,.T.);
#785=ORIENTED_EDGE('',*,*,#2482,.F.);
#786=ORIENTED_EDGE('',*,*,#2483,.T.);
#787=ORIENTED_EDGE('',*,*,#2484,.T.);
#788=ORIENTED_EDGE('',*,*,#2485,.T.);
#789=ORIENTED_EDGE('',*,*,#2243,.F.);
#790=ORIENTED_EDGE('',*,*,#2486,.T.);
#791=ORIENTED_EDGE('',*,*,#2487,.T.);
#792=ORIENTED_EDGE('',*,*,#2488,.F.);
#793=ORIENTED_EDGE('',*,*,#2489,.F.);
#794=ORIENTED_EDGE('',*,*,#2490,.T.);
#795=ORIENTED_EDGE('',*,*,#2462,.T.);
#796=ORIENTED_EDGE('',*,*,#2491,.T.);
#797=ORIENTED_EDGE('',*,*,#2436,.F.);
#798=ORIENTED_EDGE('',*,*,#2492,.T.);
#799=ORIENTED_EDGE('',*,*,#2434,.F.);
#800=ORIENTED_EDGE('',*,*,#2493,.T.);
#801=ORIENTED_EDGE('',*,*,#2464,.T.);
#802=ORIENTED_EDGE('',*,*,#2494,.T.);
#803=ORIENTED_EDGE('',*,*,#2432,.T.);
#804=ORIENTED_EDGE('',*,*,#2495,.T.);
#805=ORIENTED_EDGE('',*,*,#2466,.F.);
#806=ORIENTED_EDGE('',*,*,#2496,.T.);
#807=ORIENTED_EDGE('',*,*,#2497,.F.);
#808=ORIENTED_EDGE('',*,*,#2240,.T.);
#809=ORIENTED_EDGE('',*,*,#2498,.T.);
#810=ORIENTED_EDGE('',*,*,#2499,.T.);
#811=ORIENTED_EDGE('',*,*,#2482,.T.);
#812=ORIENTED_EDGE('',*,*,#2500,.T.);
#813=ORIENTED_EDGE('',*,*,#2447,.F.);
#814=ORIENTED_EDGE('',*,*,#2501,.T.);
#815=ORIENTED_EDGE('',*,*,#2484,.F.);
#816=ORIENTED_EDGE('',*,*,#2502,.T.);
#817=ORIENTED_EDGE('',*,*,#2445,.T.);
#818=ORIENTED_EDGE('',*,*,#2503,.T.);
#819=ORIENTED_EDGE('',*,*,#2483,.F.);
#820=ORIENTED_EDGE('',*,*,#2501,.F.);
#821=ORIENTED_EDGE('',*,*,#2446,.F.);
#822=ORIENTED_EDGE('',*,*,#2502,.F.);
#823=ORIENTED_EDGE('',*,*,#2485,.F.);
#824=ORIENTED_EDGE('',*,*,#2503,.F.);
#825=ORIENTED_EDGE('',*,*,#2444,.F.);
#826=ORIENTED_EDGE('',*,*,#2244,.F.);
#827=ORIENTED_EDGE('',*,*,#2465,.F.);
#828=ORIENTED_EDGE('',*,*,#2493,.F.);
#829=ORIENTED_EDGE('',*,*,#2433,.F.);
#830=ORIENTED_EDGE('',*,*,#2496,.F.);
#831=ORIENTED_EDGE('',*,*,#2463,.F.);
#832=ORIENTED_EDGE('',*,*,#2492,.F.);
#833=ORIENTED_EDGE('',*,*,#2435,.F.);
#834=ORIENTED_EDGE('',*,*,#2494,.F.);
#835=ORIENTED_EDGE('',*,*,#2481,.F.);
#836=ORIENTED_EDGE('',*,*,#2234,.F.);
#837=ORIENTED_EDGE('',*,*,#2448,.F.);
#838=ORIENTED_EDGE('',*,*,#2500,.F.);
#839=ORIENTED_EDGE('',*,*,#2467,.F.);
#840=ORIENTED_EDGE('',*,*,#2495,.F.);
#841=ORIENTED_EDGE('',*,*,#2431,.F.);
#842=ORIENTED_EDGE('',*,*,#2159,.F.);
#843=ORIENTED_EDGE('',*,*,#2504,.T.);
#844=ORIENTED_EDGE('',*,*,#2505,.T.);
#845=ORIENTED_EDGE('',*,*,#2506,.T.);
#846=ORIENTED_EDGE('',*,*,#2394,.F.);
#847=ORIENTED_EDGE('',*,*,#2507,.F.);
#848=ORIENTED_EDGE('',*,*,#2195,.T.);
#849=ORIENTED_EDGE('',*,*,#2508,.T.);
#850=ORIENTED_EDGE('',*,*,#2499,.F.);
#851=ORIENTED_EDGE('',*,*,#2509,.T.);
#852=ORIENTED_EDGE('',*,*,#2510,.T.);
#853=ORIENTED_EDGE('',*,*,#2511,.T.);
#854=ORIENTED_EDGE('',*,*,#2387,.F.);
#855=ORIENTED_EDGE('',*,*,#2512,.T.);
#856=ORIENTED_EDGE('',*,*,#2513,.T.);
#857=ORIENTED_EDGE('',*,*,#2202,.F.);
#858=ORIENTED_EDGE('',*,*,#2514,.T.);
#859=ORIENTED_EDGE('',*,*,#2515,.T.);
#860=ORIENTED_EDGE('',*,*,#2305,.T.);
#861=ORIENTED_EDGE('',*,*,#2516,.T.);
#862=ORIENTED_EDGE('',*,*,#2517,.F.);
#863=ORIENTED_EDGE('',*,*,#2518,.T.);
#864=ORIENTED_EDGE('',*,*,#2519,.F.);
#865=ORIENTED_EDGE('',*,*,#2520,.T.);
#866=ORIENTED_EDGE('',*,*,#2521,.F.);
#867=ORIENTED_EDGE('',*,*,#2522,.T.);
#868=ORIENTED_EDGE('',*,*,#2523,.T.);
#869=ORIENTED_EDGE('',*,*,#2524,.T.);
#870=ORIENTED_EDGE('',*,*,#2525,.T.);
#871=ORIENTED_EDGE('',*,*,#2307,.T.);
#872=ORIENTED_EDGE('',*,*,#2526,.F.);
#873=ORIENTED_EDGE('',*,*,#2527,.T.);
#874=ORIENTED_EDGE('',*,*,#2528,.F.);
#875=ORIENTED_EDGE('',*,*,#2529,.T.);
#876=ORIENTED_EDGE('',*,*,#2530,.T.);
#877=ORIENTED_EDGE('',*,*,#2156,.F.);
#878=ORIENTED_EDGE('',*,*,#2155,.T.);
#879=ORIENTED_EDGE('',*,*,#2161,.T.);
#880=ORIENTED_EDGE('',*,*,#2531,.T.);
#881=ORIENTED_EDGE('',*,*,#2532,.T.);
#882=ORIENTED_EDGE('',*,*,#2533,.F.);
#883=ORIENTED_EDGE('',*,*,#2222,.F.);
#884=ORIENTED_EDGE('',*,*,#2534,.T.);
#885=ORIENTED_EDGE('',*,*,#2535,.F.);
#886=ORIENTED_EDGE('',*,*,#2536,.T.);
#887=ORIENTED_EDGE('',*,*,#2309,.T.);
#888=ORIENTED_EDGE('',*,*,#2537,.T.);
#889=ORIENTED_EDGE('',*,*,#2538,.T.);
#890=ORIENTED_EDGE('',*,*,#2530,.F.);
#891=ORIENTED_EDGE('',*,*,#2209,.F.);
#892=ORIENTED_EDGE('',*,*,#2539,.T.);
#893=ORIENTED_EDGE('',*,*,#2540,.F.);
#894=ORIENTED_EDGE('',*,*,#2541,.T.);
#895=ORIENTED_EDGE('',*,*,#2542,.T.);
#896=ORIENTED_EDGE('',*,*,#2206,.T.);
#897=ORIENTED_EDGE('',*,*,#2543,.T.);
#898=ORIENTED_EDGE('',*,*,#2544,.T.);
#899=ORIENTED_EDGE('',*,*,#2303,.F.);
#900=ORIENTED_EDGE('',*,*,#2545,.T.);
#901=ORIENTED_EDGE('',*,*,#2546,.T.);
#902=ORIENTED_EDGE('',*,*,#2547,.T.);
#903=ORIENTED_EDGE('',*,*,#2217,.T.);
#904=ORIENTED_EDGE('',*,*,#2546,.F.);
#905=ORIENTED_EDGE('',*,*,#2548,.T.);
#906=ORIENTED_EDGE('',*,*,#2549,.T.);
#907=ORIENTED_EDGE('',*,*,#2550,.T.);
#908=ORIENTED_EDGE('',*,*,#2551,.T.);
#909=ORIENTED_EDGE('',*,*,#2552,.T.);
#910=ORIENTED_EDGE('',*,*,#2535,.T.);
#911=ORIENTED_EDGE('',*,*,#2553,.T.);
#912=ORIENTED_EDGE('',*,*,#2554,.T.);
#913=ORIENTED_EDGE('',*,*,#2555,.T.);
#914=ORIENTED_EDGE('',*,*,#2551,.F.);
#915=ORIENTED_EDGE('',*,*,#2556,.T.);
#916=ORIENTED_EDGE('',*,*,#2311,.T.);
#917=ORIENTED_EDGE('',*,*,#2557,.T.);
#918=ORIENTED_EDGE('',*,*,#2549,.F.);
#919=ORIENTED_EDGE('',*,*,#2558,.T.);
#920=ORIENTED_EDGE('',*,*,#2301,.T.);
#921=ORIENTED_EDGE('',*,*,#2559,.T.);
#922=ORIENTED_EDGE('',*,*,#2389,.F.);
#923=ORIENTED_EDGE('',*,*,#2560,.T.);
#924=ORIENTED_EDGE('',*,*,#2561,.T.);
#925=ORIENTED_EDGE('',*,*,#2562,.T.);
#926=ORIENTED_EDGE('',*,*,#2391,.T.);
#927=ORIENTED_EDGE('',*,*,#2563,.T.);
#928=ORIENTED_EDGE('',*,*,#2564,.F.);
#929=ORIENTED_EDGE('',*,*,#2565,.T.);
#930=ORIENTED_EDGE('',*,*,#2510,.F.);
#931=ORIENTED_EDGE('',*,*,#2566,.T.);
#932=ORIENTED_EDGE('',*,*,#2567,.T.);
#933=ORIENTED_EDGE('',*,*,#2175,.T.);
#934=ORIENTED_EDGE('',*,*,#2568,.T.);
#935=ORIENTED_EDGE('',*,*,#2564,.T.);
#936=ORIENTED_EDGE('',*,*,#2569,.T.);
#937=ORIENTED_EDGE('',*,*,#2561,.F.);
#938=ORIENTED_EDGE('',*,*,#2570,.T.);
#939=ORIENTED_EDGE('',*,*,#2488,.T.);
#940=ORIENTED_EDGE('',*,*,#2452,.F.);
#941=ORIENTED_EDGE('',*,*,#2487,.F.);
#942=ORIENTED_EDGE('',*,*,#2451,.T.);
#943=ORIENTED_EDGE('',*,*,#2489,.T.);
#944=ORIENTED_EDGE('',*,*,#2453,.F.);
#945=ORIENTED_EDGE('',*,*,#2490,.F.);
#946=ORIENTED_EDGE('',*,*,#2450,.T.);
#947=ORIENTED_EDGE('',*,*,#2221,.T.);
#948=ORIENTED_EDGE('',*,*,#2571,.T.);
#949=ORIENTED_EDGE('',*,*,#2225,.T.);
#950=ORIENTED_EDGE('',*,*,#2237,.T.);
#951=ORIENTED_EDGE('',*,*,#2397,.F.);
#952=ORIENTED_EDGE('',*,*,#2572,.F.);
#953=ORIENTED_EDGE('',*,*,#2573,.T.);
#954=ORIENTED_EDGE('',*,*,#2574,.T.);
#955=ORIENTED_EDGE('',*,*,#2396,.F.);
#956=ORIENTED_EDGE('',*,*,#2575,.F.);
#957=ORIENTED_EDGE('',*,*,#2576,.T.);
#958=ORIENTED_EDGE('',*,*,#2572,.T.);
#959=ORIENTED_EDGE('',*,*,#2419,.F.);
#960=ORIENTED_EDGE('',*,*,#2577,.F.);
#961=ORIENTED_EDGE('',*,*,#2578,.T.);
#962=ORIENTED_EDGE('',*,*,#2575,.T.);
#963=ORIENTED_EDGE('',*,*,#2418,.F.);
#964=ORIENTED_EDGE('',*,*,#2579,.F.);
#965=ORIENTED_EDGE('',*,*,#2580,.T.);
#966=ORIENTED_EDGE('',*,*,#2577,.T.);
#967=ORIENTED_EDGE('',*,*,#2417,.F.);
#968=ORIENTED_EDGE('',*,*,#2581,.F.);
#969=ORIENTED_EDGE('',*,*,#2582,.T.);
#970=ORIENTED_EDGE('',*,*,#2579,.T.);
#971=ORIENTED_EDGE('',*,*,#2416,.F.);
#972=ORIENTED_EDGE('',*,*,#2583,.F.);
#973=ORIENTED_EDGE('',*,*,#2584,.T.);
#974=ORIENTED_EDGE('',*,*,#2581,.T.);
#975=ORIENTED_EDGE('',*,*,#2415,.F.);
#976=ORIENTED_EDGE('',*,*,#2585,.F.);
#977=ORIENTED_EDGE('',*,*,#2586,.T.);
#978=ORIENTED_EDGE('',*,*,#2583,.T.);
#979=ORIENTED_EDGE('',*,*,#2414,.F.);
#980=ORIENTED_EDGE('',*,*,#2587,.F.);
#981=ORIENTED_EDGE('',*,*,#2588,.T.);
#982=ORIENTED_EDGE('',*,*,#2585,.T.);
#983=ORIENTED_EDGE('',*,*,#2413,.F.);
#984=ORIENTED_EDGE('',*,*,#2589,.F.);
#985=ORIENTED_EDGE('',*,*,#2590,.T.);
#986=ORIENTED_EDGE('',*,*,#2587,.T.);
#987=ORIENTED_EDGE('',*,*,#2412,.F.);
#988=ORIENTED_EDGE('',*,*,#2591,.F.);
#989=ORIENTED_EDGE('',*,*,#2592,.T.);
#990=ORIENTED_EDGE('',*,*,#2589,.T.);
#991=ORIENTED_EDGE('',*,*,#2411,.F.);
#992=ORIENTED_EDGE('',*,*,#2593,.F.);
#993=ORIENTED_EDGE('',*,*,#2594,.T.);
#994=ORIENTED_EDGE('',*,*,#2591,.T.);
#995=ORIENTED_EDGE('',*,*,#2410,.F.);
#996=ORIENTED_EDGE('',*,*,#2595,.F.);
#997=ORIENTED_EDGE('',*,*,#2596,.T.);
#998=ORIENTED_EDGE('',*,*,#2593,.T.);
#999=ORIENTED_EDGE('',*,*,#2409,.F.);
#1000=ORIENTED_EDGE('',*,*,#2597,.F.);
#1001=ORIENTED_EDGE('',*,*,#2598,.T.);
#1002=ORIENTED_EDGE('',*,*,#2595,.T.);
#1003=ORIENTED_EDGE('',*,*,#2408,.F.);
#1004=ORIENTED_EDGE('',*,*,#2599,.F.);
#1005=ORIENTED_EDGE('',*,*,#2600,.T.);
#1006=ORIENTED_EDGE('',*,*,#2597,.T.);
#1007=ORIENTED_EDGE('',*,*,#2407,.F.);
#1008=ORIENTED_EDGE('',*,*,#2601,.F.);
#1009=ORIENTED_EDGE('',*,*,#2602,.T.);
#1010=ORIENTED_EDGE('',*,*,#2599,.T.);
#1011=ORIENTED_EDGE('',*,*,#2406,.F.);
#1012=ORIENTED_EDGE('',*,*,#2603,.F.);
#1013=ORIENTED_EDGE('',*,*,#2604,.T.);
#1014=ORIENTED_EDGE('',*,*,#2601,.T.);
#1015=ORIENTED_EDGE('',*,*,#2405,.F.);
#1016=ORIENTED_EDGE('',*,*,#2605,.F.);
#1017=ORIENTED_EDGE('',*,*,#2606,.T.);
#1018=ORIENTED_EDGE('',*,*,#2603,.T.);
#1019=ORIENTED_EDGE('',*,*,#2404,.F.);
#1020=ORIENTED_EDGE('',*,*,#2607,.F.);
#1021=ORIENTED_EDGE('',*,*,#2608,.T.);
#1022=ORIENTED_EDGE('',*,*,#2605,.T.);
#1023=ORIENTED_EDGE('',*,*,#2403,.F.);
#1024=ORIENTED_EDGE('',*,*,#2609,.F.);
#1025=ORIENTED_EDGE('',*,*,#2610,.T.);
#1026=ORIENTED_EDGE('',*,*,#2607,.T.);
#1027=ORIENTED_EDGE('',*,*,#2402,.F.);
#1028=ORIENTED_EDGE('',*,*,#2611,.F.);
#1029=ORIENTED_EDGE('',*,*,#2612,.T.);
#1030=ORIENTED_EDGE('',*,*,#2609,.T.);
#1031=ORIENTED_EDGE('',*,*,#2401,.F.);
#1032=ORIENTED_EDGE('',*,*,#2613,.F.);
#1033=ORIENTED_EDGE('',*,*,#2614,.T.);
#1034=ORIENTED_EDGE('',*,*,#2611,.T.);
#1035=ORIENTED_EDGE('',*,*,#2400,.F.);
#1036=ORIENTED_EDGE('',*,*,#2615,.F.);
#1037=ORIENTED_EDGE('',*,*,#2616,.T.);
#1038=ORIENTED_EDGE('',*,*,#2613,.T.);
#1039=ORIENTED_EDGE('',*,*,#2399,.F.);
#1040=ORIENTED_EDGE('',*,*,#2617,.F.);
#1041=ORIENTED_EDGE('',*,*,#2618,.T.);
#1042=ORIENTED_EDGE('',*,*,#2615,.T.);
#1043=ORIENTED_EDGE('',*,*,#2398,.F.);
#1044=ORIENTED_EDGE('',*,*,#2574,.F.);
#1045=ORIENTED_EDGE('',*,*,#2619,.T.);
#1046=ORIENTED_EDGE('',*,*,#2617,.T.);
#1047=ORIENTED_EDGE('',*,*,#2573,.F.);
#1048=ORIENTED_EDGE('',*,*,#2576,.F.);
#1049=ORIENTED_EDGE('',*,*,#2578,.F.);
#1050=ORIENTED_EDGE('',*,*,#2580,.F.);
#1051=ORIENTED_EDGE('',*,*,#2582,.F.);
#1052=ORIENTED_EDGE('',*,*,#2584,.F.);
#1053=ORIENTED_EDGE('',*,*,#2586,.F.);
#1054=ORIENTED_EDGE('',*,*,#2588,.F.);
#1055=ORIENTED_EDGE('',*,*,#2590,.F.);
#1056=ORIENTED_EDGE('',*,*,#2592,.F.);
#1057=ORIENTED_EDGE('',*,*,#2594,.F.);
#1058=ORIENTED_EDGE('',*,*,#2596,.F.);
#1059=ORIENTED_EDGE('',*,*,#2598,.F.);
#1060=ORIENTED_EDGE('',*,*,#2600,.F.);
#1061=ORIENTED_EDGE('',*,*,#2602,.F.);
#1062=ORIENTED_EDGE('',*,*,#2604,.F.);
#1063=ORIENTED_EDGE('',*,*,#2606,.F.);
#1064=ORIENTED_EDGE('',*,*,#2608,.F.);
#1065=ORIENTED_EDGE('',*,*,#2610,.F.);
#1066=ORIENTED_EDGE('',*,*,#2612,.F.);
#1067=ORIENTED_EDGE('',*,*,#2614,.F.);
#1068=ORIENTED_EDGE('',*,*,#2616,.F.);
#1069=ORIENTED_EDGE('',*,*,#2618,.F.);
#1070=ORIENTED_EDGE('',*,*,#2619,.F.);
#1071=ORIENTED_EDGE('',*,*,#2421,.F.);
#1072=ORIENTED_EDGE('',*,*,#2620,.F.);
#1073=ORIENTED_EDGE('',*,*,#2621,.T.);
#1074=ORIENTED_EDGE('',*,*,#2622,.T.);
#1075=ORIENTED_EDGE('',*,*,#2420,.F.);
#1076=ORIENTED_EDGE('',*,*,#2623,.F.);
#1077=ORIENTED_EDGE('',*,*,#2624,.T.);
#1078=ORIENTED_EDGE('',*,*,#2620,.T.);
#1079=ORIENTED_EDGE('',*,*,#2429,.F.);
#1080=ORIENTED_EDGE('',*,*,#2625,.F.);
#1081=ORIENTED_EDGE('',*,*,#2626,.T.);
#1082=ORIENTED_EDGE('',*,*,#2623,.T.);
#1083=ORIENTED_EDGE('',*,*,#2428,.F.);
#1084=ORIENTED_EDGE('',*,*,#2627,.F.);
#1085=ORIENTED_EDGE('',*,*,#2628,.T.);
#1086=ORIENTED_EDGE('',*,*,#2625,.T.);
#1087=ORIENTED_EDGE('',*,*,#2427,.F.);
#1088=ORIENTED_EDGE('',*,*,#2629,.F.);
#1089=ORIENTED_EDGE('',*,*,#2630,.T.);
#1090=ORIENTED_EDGE('',*,*,#2627,.T.);
#1091=ORIENTED_EDGE('',*,*,#2426,.F.);
#1092=ORIENTED_EDGE('',*,*,#2631,.F.);
#1093=ORIENTED_EDGE('',*,*,#2632,.T.);
#1094=ORIENTED_EDGE('',*,*,#2629,.T.);
#1095=ORIENTED_EDGE('',*,*,#2425,.F.);
#1096=ORIENTED_EDGE('',*,*,#2633,.F.);
#1097=ORIENTED_EDGE('',*,*,#2634,.T.);
#1098=ORIENTED_EDGE('',*,*,#2631,.T.);
#1099=ORIENTED_EDGE('',*,*,#2424,.F.);
#1100=ORIENTED_EDGE('',*,*,#2635,.F.);
#1101=ORIENTED_EDGE('',*,*,#2636,.T.);
#1102=ORIENTED_EDGE('',*,*,#2633,.T.);
#1103=ORIENTED_EDGE('',*,*,#2423,.F.);
#1104=ORIENTED_EDGE('',*,*,#2637,.F.);
#1105=ORIENTED_EDGE('',*,*,#2638,.T.);
#1106=ORIENTED_EDGE('',*,*,#2635,.T.);
#1107=ORIENTED_EDGE('',*,*,#2422,.F.);
#1108=ORIENTED_EDGE('',*,*,#2622,.F.);
#1109=ORIENTED_EDGE('',*,*,#2639,.T.);
#1110=ORIENTED_EDGE('',*,*,#2637,.T.);
#1111=ORIENTED_EDGE('',*,*,#2621,.F.);
#1112=ORIENTED_EDGE('',*,*,#2624,.F.);
#1113=ORIENTED_EDGE('',*,*,#2626,.F.);
#1114=ORIENTED_EDGE('',*,*,#2628,.F.);
#1115=ORIENTED_EDGE('',*,*,#2630,.F.);
#1116=ORIENTED_EDGE('',*,*,#2632,.F.);
#1117=ORIENTED_EDGE('',*,*,#2634,.F.);
#1118=ORIENTED_EDGE('',*,*,#2636,.F.);
#1119=ORIENTED_EDGE('',*,*,#2638,.F.);
#1120=ORIENTED_EDGE('',*,*,#2639,.F.);
#1121=ORIENTED_EDGE('',*,*,#2287,.F.);
#1122=ORIENTED_EDGE('',*,*,#2640,.F.);
#1123=ORIENTED_EDGE('',*,*,#2641,.T.);
#1124=ORIENTED_EDGE('',*,*,#2642,.T.);
#1125=ORIENTED_EDGE('',*,*,#2286,.F.);
#1126=ORIENTED_EDGE('',*,*,#2643,.F.);
#1127=ORIENTED_EDGE('',*,*,#2644,.T.);
#1128=ORIENTED_EDGE('',*,*,#2640,.T.);
#1129=ORIENTED_EDGE('',*,*,#2300,.F.);
#1130=ORIENTED_EDGE('',*,*,#2645,.F.);
#1131=ORIENTED_EDGE('',*,*,#2646,.T.);
#1132=ORIENTED_EDGE('',*,*,#2643,.T.);
#1133=ORIENTED_EDGE('',*,*,#2299,.F.);
#1134=ORIENTED_EDGE('',*,*,#2647,.F.);
#1135=ORIENTED_EDGE('',*,*,#2648,.T.);
#1136=ORIENTED_EDGE('',*,*,#2645,.T.);
#1137=ORIENTED_EDGE('',*,*,#2298,.F.);
#1138=ORIENTED_EDGE('',*,*,#2649,.F.);
#1139=ORIENTED_EDGE('',*,*,#2650,.T.);
#1140=ORIENTED_EDGE('',*,*,#2647,.T.);
#1141=ORIENTED_EDGE('',*,*,#2297,.F.);
#1142=ORIENTED_EDGE('',*,*,#2651,.F.);
#1143=ORIENTED_EDGE('',*,*,#2652,.T.);
#1144=ORIENTED_EDGE('',*,*,#2649,.T.);
#1145=ORIENTED_EDGE('',*,*,#2296,.F.);
#1146=ORIENTED_EDGE('',*,*,#2653,.F.);
#1147=ORIENTED_EDGE('',*,*,#2654,.T.);
#1148=ORIENTED_EDGE('',*,*,#2651,.T.);
#1149=ORIENTED_EDGE('',*,*,#2295,.F.);
#1150=ORIENTED_EDGE('',*,*,#2655,.F.);
#1151=ORIENTED_EDGE('',*,*,#2656,.T.);
#1152=ORIENTED_EDGE('',*,*,#2653,.T.);
#1153=ORIENTED_EDGE('',*,*,#2294,.F.);
#1154=ORIENTED_EDGE('',*,*,#2657,.F.);
#1155=ORIENTED_EDGE('',*,*,#2658,.T.);
#1156=ORIENTED_EDGE('',*,*,#2655,.T.);
#1157=ORIENTED_EDGE('',*,*,#2293,.F.);
#1158=ORIENTED_EDGE('',*,*,#2659,.F.);
#1159=ORIENTED_EDGE('',*,*,#2660,.T.);
#1160=ORIENTED_EDGE('',*,*,#2657,.T.);
#1161=ORIENTED_EDGE('',*,*,#2292,.F.);
#1162=ORIENTED_EDGE('',*,*,#2661,.F.);
#1163=ORIENTED_EDGE('',*,*,#2662,.T.);
#1164=ORIENTED_EDGE('',*,*,#2659,.T.);
#1165=ORIENTED_EDGE('',*,*,#2291,.F.);
#1166=ORIENTED_EDGE('',*,*,#2663,.F.);
#1167=ORIENTED_EDGE('',*,*,#2664,.T.);
#1168=ORIENTED_EDGE('',*,*,#2661,.T.);
#1169=ORIENTED_EDGE('',*,*,#2290,.F.);
#1170=ORIENTED_EDGE('',*,*,#2665,.F.);
#1171=ORIENTED_EDGE('',*,*,#2666,.T.);
#1172=ORIENTED_EDGE('',*,*,#2663,.T.);
#1173=ORIENTED_EDGE('',*,*,#2289,.F.);
#1174=ORIENTED_EDGE('',*,*,#2667,.F.);
#1175=ORIENTED_EDGE('',*,*,#2668,.T.);
#1176=ORIENTED_EDGE('',*,*,#2665,.T.);
#1177=ORIENTED_EDGE('',*,*,#2288,.F.);
#1178=ORIENTED_EDGE('',*,*,#2642,.F.);
#1179=ORIENTED_EDGE('',*,*,#2669,.T.);
#1180=ORIENTED_EDGE('',*,*,#2667,.T.);
#1181=ORIENTED_EDGE('',*,*,#2641,.F.);
#1182=ORIENTED_EDGE('',*,*,#2644,.F.);
#1183=ORIENTED_EDGE('',*,*,#2646,.F.);
#1184=ORIENTED_EDGE('',*,*,#2648,.F.);
#1185=ORIENTED_EDGE('',*,*,#2650,.F.);
#1186=ORIENTED_EDGE('',*,*,#2652,.F.);
#1187=ORIENTED_EDGE('',*,*,#2654,.F.);
#1188=ORIENTED_EDGE('',*,*,#2656,.F.);
#1189=ORIENTED_EDGE('',*,*,#2658,.F.);
#1190=ORIENTED_EDGE('',*,*,#2660,.F.);
#1191=ORIENTED_EDGE('',*,*,#2662,.F.);
#1192=ORIENTED_EDGE('',*,*,#2664,.F.);
#1193=ORIENTED_EDGE('',*,*,#2666,.F.);
#1194=ORIENTED_EDGE('',*,*,#2668,.F.);
#1195=ORIENTED_EDGE('',*,*,#2669,.F.);
#1196=ORIENTED_EDGE('',*,*,#2277,.F.);
#1197=ORIENTED_EDGE('',*,*,#2670,.F.);
#1198=ORIENTED_EDGE('',*,*,#2671,.T.);
#1199=ORIENTED_EDGE('',*,*,#2672,.T.);
#1200=ORIENTED_EDGE('',*,*,#2276,.F.);
#1201=ORIENTED_EDGE('',*,*,#2673,.F.);
#1202=ORIENTED_EDGE('',*,*,#2674,.T.);
#1203=ORIENTED_EDGE('',*,*,#2670,.T.);
#1204=ORIENTED_EDGE('',*,*,#2285,.F.);
#1205=ORIENTED_EDGE('',*,*,#2675,.F.);
#1206=ORIENTED_EDGE('',*,*,#2676,.T.);
#1207=ORIENTED_EDGE('',*,*,#2673,.T.);
#1208=ORIENTED_EDGE('',*,*,#2284,.F.);
#1209=ORIENTED_EDGE('',*,*,#2677,.F.);
#1210=ORIENTED_EDGE('',*,*,#2678,.T.);
#1211=ORIENTED_EDGE('',*,*,#2675,.T.);
#1212=ORIENTED_EDGE('',*,*,#2283,.F.);
#1213=ORIENTED_EDGE('',*,*,#2679,.F.);
#1214=ORIENTED_EDGE('',*,*,#2680,.T.);
#1215=ORIENTED_EDGE('',*,*,#2677,.T.);
#1216=ORIENTED_EDGE('',*,*,#2282,.F.);
#1217=ORIENTED_EDGE('',*,*,#2681,.F.);
#1218=ORIENTED_EDGE('',*,*,#2682,.T.);
#1219=ORIENTED_EDGE('',*,*,#2679,.T.);
#1220=ORIENTED_EDGE('',*,*,#2281,.F.);
#1221=ORIENTED_EDGE('',*,*,#2683,.F.);
#1222=ORIENTED_EDGE('',*,*,#2684,.T.);
#1223=ORIENTED_EDGE('',*,*,#2681,.T.);
#1224=ORIENTED_EDGE('',*,*,#2280,.F.);
#1225=ORIENTED_EDGE('',*,*,#2685,.F.);
#1226=ORIENTED_EDGE('',*,*,#2686,.T.);
#1227=ORIENTED_EDGE('',*,*,#2683,.T.);
#1228=ORIENTED_EDGE('',*,*,#2279,.F.);
#1229=ORIENTED_EDGE('',*,*,#2687,.F.);
#1230=ORIENTED_EDGE('',*,*,#2688,.T.);
#1231=ORIENTED_EDGE('',*,*,#2685,.T.);
#1232=ORIENTED_EDGE('',*,*,#2278,.F.);
#1233=ORIENTED_EDGE('',*,*,#2672,.F.);
#1234=ORIENTED_EDGE('',*,*,#2689,.T.);
#1235=ORIENTED_EDGE('',*,*,#2687,.T.);
#1236=ORIENTED_EDGE('',*,*,#2671,.F.);
#1237=ORIENTED_EDGE('',*,*,#2674,.F.);
#1238=ORIENTED_EDGE('',*,*,#2676,.F.);
#1239=ORIENTED_EDGE('',*,*,#2678,.F.);
#1240=ORIENTED_EDGE('',*,*,#2680,.F.);
#1241=ORIENTED_EDGE('',*,*,#2682,.F.);
#1242=ORIENTED_EDGE('',*,*,#2684,.F.);
#1243=ORIENTED_EDGE('',*,*,#2686,.F.);
#1244=ORIENTED_EDGE('',*,*,#2688,.F.);
#1245=ORIENTED_EDGE('',*,*,#2689,.F.);
#1246=ORIENTED_EDGE('',*,*,#2253,.F.);
#1247=ORIENTED_EDGE('',*,*,#2690,.F.);
#1248=ORIENTED_EDGE('',*,*,#2691,.T.);
#1249=ORIENTED_EDGE('',*,*,#2692,.T.);
#1250=ORIENTED_EDGE('',*,*,#2252,.F.);
#1251=ORIENTED_EDGE('',*,*,#2693,.F.);
#1252=ORIENTED_EDGE('',*,*,#2694,.T.);
#1253=ORIENTED_EDGE('',*,*,#2690,.T.);
#1254=ORIENTED_EDGE('',*,*,#2275,.F.);
#1255=ORIENTED_EDGE('',*,*,#2695,.F.);
#1256=ORIENTED_EDGE('',*,*,#2696,.T.);
#1257=ORIENTED_EDGE('',*,*,#2693,.T.);
#1258=ORIENTED_EDGE('',*,*,#2274,.F.);
#1259=ORIENTED_EDGE('',*,*,#2697,.F.);
#1260=ORIENTED_EDGE('',*,*,#2698,.T.);
#1261=ORIENTED_EDGE('',*,*,#2695,.T.);
#1262=ORIENTED_EDGE('',*,*,#2273,.F.);
#1263=ORIENTED_EDGE('',*,*,#2699,.F.);
#1264=ORIENTED_EDGE('',*,*,#2700,.T.);
#1265=ORIENTED_EDGE('',*,*,#2697,.T.);
#1266=ORIENTED_EDGE('',*,*,#2272,.F.);
#1267=ORIENTED_EDGE('',*,*,#2701,.F.);
#1268=ORIENTED_EDGE('',*,*,#2702,.T.);
#1269=ORIENTED_EDGE('',*,*,#2699,.T.);
#1270=ORIENTED_EDGE('',*,*,#2271,.F.);
#1271=ORIENTED_EDGE('',*,*,#2703,.F.);
#1272=ORIENTED_EDGE('',*,*,#2704,.T.);
#1273=ORIENTED_EDGE('',*,*,#2701,.T.);
#1274=ORIENTED_EDGE('',*,*,#2270,.F.);
#1275=ORIENTED_EDGE('',*,*,#2705,.F.);
#1276=ORIENTED_EDGE('',*,*,#2706,.T.);
#1277=ORIENTED_EDGE('',*,*,#2703,.T.);
#1278=ORIENTED_EDGE('',*,*,#2269,.F.);
#1279=ORIENTED_EDGE('',*,*,#2707,.F.);
#1280=ORIENTED_EDGE('',*,*,#2708,.T.);
#1281=ORIENTED_EDGE('',*,*,#2705,.T.);
#1282=ORIENTED_EDGE('',*,*,#2268,.F.);
#1283=ORIENTED_EDGE('',*,*,#2709,.F.);
#1284=ORIENTED_EDGE('',*,*,#2710,.T.);
#1285=ORIENTED_EDGE('',*,*,#2707,.T.);
#1286=ORIENTED_EDGE('',*,*,#2267,.F.);
#1287=ORIENTED_EDGE('',*,*,#2711,.F.);
#1288=ORIENTED_EDGE('',*,*,#2712,.T.);
#1289=ORIENTED_EDGE('',*,*,#2709,.T.);
#1290=ORIENTED_EDGE('',*,*,#2266,.F.);
#1291=ORIENTED_EDGE('',*,*,#2713,.F.);
#1292=ORIENTED_EDGE('',*,*,#2714,.T.);
#1293=ORIENTED_EDGE('',*,*,#2711,.T.);
#1294=ORIENTED_EDGE('',*,*,#2265,.F.);
#1295=ORIENTED_EDGE('',*,*,#2715,.F.);
#1296=ORIENTED_EDGE('',*,*,#2716,.T.);
#1297=ORIENTED_EDGE('',*,*,#2713,.T.);
#1298=ORIENTED_EDGE('',*,*,#2264,.F.);
#1299=ORIENTED_EDGE('',*,*,#2717,.F.);
#1300=ORIENTED_EDGE('',*,*,#2718,.T.);
#1301=ORIENTED_EDGE('',*,*,#2715,.T.);
#1302=ORIENTED_EDGE('',*,*,#2263,.F.);
#1303=ORIENTED_EDGE('',*,*,#2719,.F.);
#1304=ORIENTED_EDGE('',*,*,#2720,.T.);
#1305=ORIENTED_EDGE('',*,*,#2717,.T.);
#1306=ORIENTED_EDGE('',*,*,#2262,.F.);
#1307=ORIENTED_EDGE('',*,*,#2721,.F.);
#1308=ORIENTED_EDGE('',*,*,#2722,.T.);
#1309=ORIENTED_EDGE('',*,*,#2719,.T.);
#1310=ORIENTED_EDGE('',*,*,#2261,.F.);
#1311=ORIENTED_EDGE('',*,*,#2723,.F.);
#1312=ORIENTED_EDGE('',*,*,#2724,.T.);
#1313=ORIENTED_EDGE('',*,*,#2721,.T.);
#1314=ORIENTED_EDGE('',*,*,#2260,.F.);
#1315=ORIENTED_EDGE('',*,*,#2725,.F.);
#1316=ORIENTED_EDGE('',*,*,#2726,.T.);
#1317=ORIENTED_EDGE('',*,*,#2723,.T.);
#1318=ORIENTED_EDGE('',*,*,#2259,.F.);
#1319=ORIENTED_EDGE('',*,*,#2727,.F.);
#1320=ORIENTED_EDGE('',*,*,#2728,.T.);
#1321=ORIENTED_EDGE('',*,*,#2725,.T.);
#1322=ORIENTED_EDGE('',*,*,#2258,.F.);
#1323=ORIENTED_EDGE('',*,*,#2729,.F.);
#1324=ORIENTED_EDGE('',*,*,#2730,.T.);
#1325=ORIENTED_EDGE('',*,*,#2727,.T.);
#1326=ORIENTED_EDGE('',*,*,#2257,.F.);
#1327=ORIENTED_EDGE('',*,*,#2731,.F.);
#1328=ORIENTED_EDGE('',*,*,#2732,.T.);
#1329=ORIENTED_EDGE('',*,*,#2729,.T.);
#1330=ORIENTED_EDGE('',*,*,#2256,.F.);
#1331=ORIENTED_EDGE('',*,*,#2733,.F.);
#1332=ORIENTED_EDGE('',*,*,#2734,.T.);
#1333=ORIENTED_EDGE('',*,*,#2731,.T.);
#1334=ORIENTED_EDGE('',*,*,#2255,.F.);
#1335=ORIENTED_EDGE('',*,*,#2735,.F.);
#1336=ORIENTED_EDGE('',*,*,#2736,.T.);
#1337=ORIENTED_EDGE('',*,*,#2733,.T.);
#1338=ORIENTED_EDGE('',*,*,#2254,.F.);
#1339=ORIENTED_EDGE('',*,*,#2692,.F.);
#1340=ORIENTED_EDGE('',*,*,#2737,.T.);
#1341=ORIENTED_EDGE('',*,*,#2735,.T.);
#1342=ORIENTED_EDGE('',*,*,#2691,.F.);
#1343=ORIENTED_EDGE('',*,*,#2694,.F.);
#1344=ORIENTED_EDGE('',*,*,#2696,.F.);
#1345=ORIENTED_EDGE('',*,*,#2698,.F.);
#1346=ORIENTED_EDGE('',*,*,#2700,.F.);
#1347=ORIENTED_EDGE('',*,*,#2702,.F.);
#1348=ORIENTED_EDGE('',*,*,#2704,.F.);
#1349=ORIENTED_EDGE('',*,*,#2706,.F.);
#1350=ORIENTED_EDGE('',*,*,#2708,.F.);
#1351=ORIENTED_EDGE('',*,*,#2710,.F.);
#1352=ORIENTED_EDGE('',*,*,#2712,.F.);
#1353=ORIENTED_EDGE('',*,*,#2714,.F.);
#1354=ORIENTED_EDGE('',*,*,#2716,.F.);
#1355=ORIENTED_EDGE('',*,*,#2718,.F.);
#1356=ORIENTED_EDGE('',*,*,#2720,.F.);
#1357=ORIENTED_EDGE('',*,*,#2722,.F.);
#1358=ORIENTED_EDGE('',*,*,#2724,.F.);
#1359=ORIENTED_EDGE('',*,*,#2726,.F.);
#1360=ORIENTED_EDGE('',*,*,#2728,.F.);
#1361=ORIENTED_EDGE('',*,*,#2730,.F.);
#1362=ORIENTED_EDGE('',*,*,#2732,.F.);
#1363=ORIENTED_EDGE('',*,*,#2734,.F.);
#1364=ORIENTED_EDGE('',*,*,#2736,.F.);
#1365=ORIENTED_EDGE('',*,*,#2737,.F.);
#1366=ORIENTED_EDGE('',*,*,#2738,.F.);
#1367=ORIENTED_EDGE('',*,*,#2739,.F.);
#1368=ORIENTED_EDGE('',*,*,#2740,.T.);
#1369=ORIENTED_EDGE('',*,*,#2741,.T.);
#1370=ORIENTED_EDGE('',*,*,#2742,.F.);
#1371=ORIENTED_EDGE('',*,*,#2743,.F.);
#1372=ORIENTED_EDGE('',*,*,#2744,.T.);
#1373=ORIENTED_EDGE('',*,*,#2739,.T.);
#1374=ORIENTED_EDGE('',*,*,#2745,.F.);
#1375=ORIENTED_EDGE('',*,*,#2746,.F.);
#1376=ORIENTED_EDGE('',*,*,#2747,.T.);
#1377=ORIENTED_EDGE('',*,*,#2743,.T.);
#1378=ORIENTED_EDGE('',*,*,#2314,.F.);
#1379=ORIENTED_EDGE('',*,*,#2748,.F.);
#1380=ORIENTED_EDGE('',*,*,#2749,.T.);
#1381=ORIENTED_EDGE('',*,*,#2750,.T.);
#1382=ORIENTED_EDGE('',*,*,#2313,.F.);
#1383=ORIENTED_EDGE('',*,*,#2751,.F.);
#1384=ORIENTED_EDGE('',*,*,#2752,.T.);
#1385=ORIENTED_EDGE('',*,*,#2748,.T.);
#1386=ORIENTED_EDGE('',*,*,#2320,.F.);
#1387=ORIENTED_EDGE('',*,*,#2753,.F.);
#1388=ORIENTED_EDGE('',*,*,#2754,.T.);
#1389=ORIENTED_EDGE('',*,*,#2751,.T.);
#1390=ORIENTED_EDGE('',*,*,#2319,.F.);
#1391=ORIENTED_EDGE('',*,*,#2755,.F.);
#1392=ORIENTED_EDGE('',*,*,#2756,.T.);
#1393=ORIENTED_EDGE('',*,*,#2753,.T.);
#1394=ORIENTED_EDGE('',*,*,#2318,.F.);
#1395=ORIENTED_EDGE('',*,*,#2757,.F.);
#1396=ORIENTED_EDGE('',*,*,#2758,.T.);
#1397=ORIENTED_EDGE('',*,*,#2755,.T.);
#1398=ORIENTED_EDGE('',*,*,#2317,.F.);
#1399=ORIENTED_EDGE('',*,*,#2759,.F.);
#1400=ORIENTED_EDGE('',*,*,#2760,.T.);
#1401=ORIENTED_EDGE('',*,*,#2757,.T.);
#1402=ORIENTED_EDGE('',*,*,#2316,.F.);
#1403=ORIENTED_EDGE('',*,*,#2761,.F.);
#1404=ORIENTED_EDGE('',*,*,#2762,.T.);
#1405=ORIENTED_EDGE('',*,*,#2759,.T.);
#1406=ORIENTED_EDGE('',*,*,#2315,.F.);
#1407=ORIENTED_EDGE('',*,*,#2750,.F.);
#1408=ORIENTED_EDGE('',*,*,#2763,.T.);
#1409=ORIENTED_EDGE('',*,*,#2761,.T.);
#1410=ORIENTED_EDGE('',*,*,#2764,.F.);
#1411=ORIENTED_EDGE('',*,*,#2741,.F.);
#1412=ORIENTED_EDGE('',*,*,#2765,.T.);
#1413=ORIENTED_EDGE('',*,*,#2746,.T.);
#1414=ORIENTED_EDGE('',*,*,#2749,.F.);
#1415=ORIENTED_EDGE('',*,*,#2752,.F.);
#1416=ORIENTED_EDGE('',*,*,#2754,.F.);
#1417=ORIENTED_EDGE('',*,*,#2756,.F.);
#1418=ORIENTED_EDGE('',*,*,#2758,.F.);
#1419=ORIENTED_EDGE('',*,*,#2760,.F.);
#1420=ORIENTED_EDGE('',*,*,#2762,.F.);
#1421=ORIENTED_EDGE('',*,*,#2763,.F.);
#1422=ORIENTED_EDGE('',*,*,#2740,.F.);
#1423=ORIENTED_EDGE('',*,*,#2744,.F.);
#1424=ORIENTED_EDGE('',*,*,#2747,.F.);
#1425=ORIENTED_EDGE('',*,*,#2765,.F.);
#1426=ORIENTED_EDGE('',*,*,#2766,.F.);
#1427=ORIENTED_EDGE('',*,*,#2767,.F.);
#1428=ORIENTED_EDGE('',*,*,#2768,.T.);
#1429=ORIENTED_EDGE('',*,*,#2769,.T.);
#1430=ORIENTED_EDGE('',*,*,#2770,.F.);
#1431=ORIENTED_EDGE('',*,*,#2771,.F.);
#1432=ORIENTED_EDGE('',*,*,#2772,.T.);
#1433=ORIENTED_EDGE('',*,*,#2767,.T.);
#1434=ORIENTED_EDGE('',*,*,#2773,.F.);
#1435=ORIENTED_EDGE('',*,*,#2774,.F.);
#1436=ORIENTED_EDGE('',*,*,#2775,.T.);
#1437=ORIENTED_EDGE('',*,*,#2771,.T.);
#1438=ORIENTED_EDGE('',*,*,#2776,.F.);
#1439=ORIENTED_EDGE('',*,*,#2777,.F.);
#1440=ORIENTED_EDGE('',*,*,#2778,.T.);
#1441=ORIENTED_EDGE('',*,*,#2774,.T.);
#1442=ORIENTED_EDGE('',*,*,#2246,.F.);
#1443=ORIENTED_EDGE('',*,*,#2779,.F.);
#1444=ORIENTED_EDGE('',*,*,#2780,.T.);
#1445=ORIENTED_EDGE('',*,*,#2781,.T.);
#1446=ORIENTED_EDGE('',*,*,#2245,.F.);
#1447=ORIENTED_EDGE('',*,*,#2782,.F.);
#1448=ORIENTED_EDGE('',*,*,#2783,.T.);
#1449=ORIENTED_EDGE('',*,*,#2779,.T.);
#1450=ORIENTED_EDGE('',*,*,#2251,.F.);
#1451=ORIENTED_EDGE('',*,*,#2784,.F.);
#1452=ORIENTED_EDGE('',*,*,#2785,.T.);
#1453=ORIENTED_EDGE('',*,*,#2782,.T.);
#1454=ORIENTED_EDGE('',*,*,#2250,.F.);
#1455=ORIENTED_EDGE('',*,*,#2786,.F.);
#1456=ORIENTED_EDGE('',*,*,#2787,.T.);
#1457=ORIENTED_EDGE('',*,*,#2784,.T.);
#1458=ORIENTED_EDGE('',*,*,#2249,.F.);
#1459=ORIENTED_EDGE('',*,*,#2788,.F.);
#1460=ORIENTED_EDGE('',*,*,#2789,.T.);
#1461=ORIENTED_EDGE('',*,*,#2786,.T.);
#1462=ORIENTED_EDGE('',*,*,#2248,.F.);
#1463=ORIENTED_EDGE('',*,*,#2790,.F.);
#1464=ORIENTED_EDGE('',*,*,#2791,.T.);
#1465=ORIENTED_EDGE('',*,*,#2788,.T.);
#1466=ORIENTED_EDGE('',*,*,#2247,.F.);
#1467=ORIENTED_EDGE('',*,*,#2781,.F.);
#1468=ORIENTED_EDGE('',*,*,#2792,.T.);
#1469=ORIENTED_EDGE('',*,*,#2790,.T.);
#1470=ORIENTED_EDGE('',*,*,#2793,.F.);
#1471=ORIENTED_EDGE('',*,*,#2769,.F.);
#1472=ORIENTED_EDGE('',*,*,#2794,.T.);
#1473=ORIENTED_EDGE('',*,*,#2777,.T.);
#1474=ORIENTED_EDGE('',*,*,#2780,.F.);
#1475=ORIENTED_EDGE('',*,*,#2783,.F.);
#1476=ORIENTED_EDGE('',*,*,#2785,.F.);
#1477=ORIENTED_EDGE('',*,*,#2787,.F.);
#1478=ORIENTED_EDGE('',*,*,#2789,.F.);
#1479=ORIENTED_EDGE('',*,*,#2791,.F.);
#1480=ORIENTED_EDGE('',*,*,#2792,.F.);
#1481=ORIENTED_EDGE('',*,*,#2768,.F.);
#1482=ORIENTED_EDGE('',*,*,#2772,.F.);
#1483=ORIENTED_EDGE('',*,*,#2775,.F.);
#1484=ORIENTED_EDGE('',*,*,#2778,.F.);
#1485=ORIENTED_EDGE('',*,*,#2794,.F.);
#1486=ORIENTED_EDGE('',*,*,#2795,.F.);
#1487=ORIENTED_EDGE('',*,*,#2796,.F.);
#1488=ORIENTED_EDGE('',*,*,#2797,.T.);
#1489=ORIENTED_EDGE('',*,*,#2798,.T.);
#1490=ORIENTED_EDGE('',*,*,#2799,.F.);
#1491=ORIENTED_EDGE('',*,*,#2800,.F.);
#1492=ORIENTED_EDGE('',*,*,#2801,.T.);
#1493=ORIENTED_EDGE('',*,*,#2796,.T.);
#1494=ORIENTED_EDGE('',*,*,#2802,.F.);
#1495=ORIENTED_EDGE('',*,*,#2803,.F.);
#1496=ORIENTED_EDGE('',*,*,#2804,.T.);
#1497=ORIENTED_EDGE('',*,*,#2800,.T.);
#1498=ORIENTED_EDGE('',*,*,#2805,.F.);
#1499=ORIENTED_EDGE('',*,*,#2806,.F.);
#1500=ORIENTED_EDGE('',*,*,#2807,.T.);
#1501=ORIENTED_EDGE('',*,*,#2803,.T.);
#1502=ORIENTED_EDGE('',*,*,#2808,.F.);
#1503=ORIENTED_EDGE('',*,*,#2809,.F.);
#1504=ORIENTED_EDGE('',*,*,#2810,.T.);
#1505=ORIENTED_EDGE('',*,*,#2806,.T.);
#1506=ORIENTED_EDGE('',*,*,#2811,.F.);
#1507=ORIENTED_EDGE('',*,*,#2812,.F.);
#1508=ORIENTED_EDGE('',*,*,#2813,.T.);
#1509=ORIENTED_EDGE('',*,*,#2814,.T.);
#1510=ORIENTED_EDGE('',*,*,#2815,.F.);
#1511=ORIENTED_EDGE('',*,*,#2816,.F.);
#1512=ORIENTED_EDGE('',*,*,#2817,.T.);
#1513=ORIENTED_EDGE('',*,*,#2812,.T.);
#1514=ORIENTED_EDGE('',*,*,#2818,.F.);
#1515=ORIENTED_EDGE('',*,*,#2819,.F.);
#1516=ORIENTED_EDGE('',*,*,#2820,.T.);
#1517=ORIENTED_EDGE('',*,*,#2816,.T.);
#1518=ORIENTED_EDGE('',*,*,#2821,.F.);
#1519=ORIENTED_EDGE('',*,*,#2822,.F.);
#1520=ORIENTED_EDGE('',*,*,#2823,.T.);
#1521=ORIENTED_EDGE('',*,*,#2819,.T.);
#1522=ORIENTED_EDGE('',*,*,#2824,.F.);
#1523=ORIENTED_EDGE('',*,*,#2825,.F.);
#1524=ORIENTED_EDGE('',*,*,#2826,.T.);
#1525=ORIENTED_EDGE('',*,*,#2822,.T.);
#1526=ORIENTED_EDGE('',*,*,#2827,.F.);
#1527=ORIENTED_EDGE('',*,*,#2828,.F.);
#1528=ORIENTED_EDGE('',*,*,#2829,.T.);
#1529=ORIENTED_EDGE('',*,*,#2825,.T.);
#1530=ORIENTED_EDGE('',*,*,#2322,.F.);
#1531=ORIENTED_EDGE('',*,*,#2830,.F.);
#1532=ORIENTED_EDGE('',*,*,#2831,.T.);
#1533=ORIENTED_EDGE('',*,*,#2832,.T.);
#1534=ORIENTED_EDGE('',*,*,#2321,.F.);
#1535=ORIENTED_EDGE('',*,*,#2833,.F.);
#1536=ORIENTED_EDGE('',*,*,#2834,.T.);
#1537=ORIENTED_EDGE('',*,*,#2830,.T.);
#1538=ORIENTED_EDGE('',*,*,#2332,.F.);
#1539=ORIENTED_EDGE('',*,*,#2835,.F.);
#1540=ORIENTED_EDGE('',*,*,#2836,.T.);
#1541=ORIENTED_EDGE('',*,*,#2833,.T.);
#1542=ORIENTED_EDGE('',*,*,#2331,.F.);
#1543=ORIENTED_EDGE('',*,*,#2837,.F.);
#1544=ORIENTED_EDGE('',*,*,#2838,.T.);
#1545=ORIENTED_EDGE('',*,*,#2835,.T.);
#1546=ORIENTED_EDGE('',*,*,#2330,.F.);
#1547=ORIENTED_EDGE('',*,*,#2839,.F.);
#1548=ORIENTED_EDGE('',*,*,#2840,.T.);
#1549=ORIENTED_EDGE('',*,*,#2837,.T.);
#1550=ORIENTED_EDGE('',*,*,#2329,.F.);
#1551=ORIENTED_EDGE('',*,*,#2841,.F.);
#1552=ORIENTED_EDGE('',*,*,#2842,.T.);
#1553=ORIENTED_EDGE('',*,*,#2839,.T.);
#1554=ORIENTED_EDGE('',*,*,#2328,.F.);
#1555=ORIENTED_EDGE('',*,*,#2843,.F.);
#1556=ORIENTED_EDGE('',*,*,#2844,.T.);
#1557=ORIENTED_EDGE('',*,*,#2841,.T.);
#1558=ORIENTED_EDGE('',*,*,#2327,.F.);
#1559=ORIENTED_EDGE('',*,*,#2845,.F.);
#1560=ORIENTED_EDGE('',*,*,#2846,.T.);
#1561=ORIENTED_EDGE('',*,*,#2843,.T.);
#1562=ORIENTED_EDGE('',*,*,#2326,.F.);
#1563=ORIENTED_EDGE('',*,*,#2847,.F.);
#1564=ORIENTED_EDGE('',*,*,#2848,.T.);
#1565=ORIENTED_EDGE('',*,*,#2845,.T.);
#1566=ORIENTED_EDGE('',*,*,#2325,.F.);
#1567=ORIENTED_EDGE('',*,*,#2849,.F.);
#1568=ORIENTED_EDGE('',*,*,#2850,.T.);
#1569=ORIENTED_EDGE('',*,*,#2847,.T.);
#1570=ORIENTED_EDGE('',*,*,#2324,.F.);
#1571=ORIENTED_EDGE('',*,*,#2851,.F.);
#1572=ORIENTED_EDGE('',*,*,#2852,.T.);
#1573=ORIENTED_EDGE('',*,*,#2849,.T.);
#1574=ORIENTED_EDGE('',*,*,#2853,.F.);
#1575=ORIENTED_EDGE('',*,*,#2814,.F.);
#1576=ORIENTED_EDGE('',*,*,#2854,.T.);
#1577=ORIENTED_EDGE('',*,*,#2828,.T.);
#1578=ORIENTED_EDGE('',*,*,#2323,.F.);
#1579=ORIENTED_EDGE('',*,*,#2832,.F.);
#1580=ORIENTED_EDGE('',*,*,#2855,.T.);
#1581=ORIENTED_EDGE('',*,*,#2851,.T.);
#1582=ORIENTED_EDGE('',*,*,#2856,.F.);
#1583=ORIENTED_EDGE('',*,*,#2798,.F.);
#1584=ORIENTED_EDGE('',*,*,#2857,.T.);
#1585=ORIENTED_EDGE('',*,*,#2809,.T.);
#1586=ORIENTED_EDGE('',*,*,#2831,.F.);
#1587=ORIENTED_EDGE('',*,*,#2834,.F.);
#1588=ORIENTED_EDGE('',*,*,#2836,.F.);
#1589=ORIENTED_EDGE('',*,*,#2838,.F.);
#1590=ORIENTED_EDGE('',*,*,#2840,.F.);
#1591=ORIENTED_EDGE('',*,*,#2842,.F.);
#1592=ORIENTED_EDGE('',*,*,#2844,.F.);
#1593=ORIENTED_EDGE('',*,*,#2846,.F.);
#1594=ORIENTED_EDGE('',*,*,#2848,.F.);
#1595=ORIENTED_EDGE('',*,*,#2850,.F.);
#1596=ORIENTED_EDGE('',*,*,#2852,.F.);
#1597=ORIENTED_EDGE('',*,*,#2855,.F.);
#1598=ORIENTED_EDGE('',*,*,#2813,.F.);
#1599=ORIENTED_EDGE('',*,*,#2817,.F.);
#1600=ORIENTED_EDGE('',*,*,#2820,.F.);
#1601=ORIENTED_EDGE('',*,*,#2823,.F.);
#1602=ORIENTED_EDGE('',*,*,#2826,.F.);
#1603=ORIENTED_EDGE('',*,*,#2829,.F.);
#1604=ORIENTED_EDGE('',*,*,#2854,.F.);
#1605=ORIENTED_EDGE('',*,*,#2797,.F.);
#1606=ORIENTED_EDGE('',*,*,#2801,.F.);
#1607=ORIENTED_EDGE('',*,*,#2804,.F.);
#1608=ORIENTED_EDGE('',*,*,#2807,.F.);
#1609=ORIENTED_EDGE('',*,*,#2810,.F.);
#1610=ORIENTED_EDGE('',*,*,#2857,.F.);
#1611=ORIENTED_EDGE('',*,*,#2815,.T.);
#1612=ORIENTED_EDGE('',*,*,#2811,.T.);
#1613=ORIENTED_EDGE('',*,*,#2853,.T.);
#1614=ORIENTED_EDGE('',*,*,#2827,.T.);
#1615=ORIENTED_EDGE('',*,*,#2824,.T.);
#1616=ORIENTED_EDGE('',*,*,#2821,.T.);
#1617=ORIENTED_EDGE('',*,*,#2818,.T.);
#1618=ORIENTED_EDGE('',*,*,#2334,.F.);
#1619=ORIENTED_EDGE('',*,*,#2858,.F.);
#1620=ORIENTED_EDGE('',*,*,#2859,.T.);
#1621=ORIENTED_EDGE('',*,*,#2860,.T.);
#1622=ORIENTED_EDGE('',*,*,#2333,.F.);
#1623=ORIENTED_EDGE('',*,*,#2861,.F.);
#1624=ORIENTED_EDGE('',*,*,#2862,.T.);
#1625=ORIENTED_EDGE('',*,*,#2858,.T.);
#1626=ORIENTED_EDGE('',*,*,#2344,.F.);
#1627=ORIENTED_EDGE('',*,*,#2863,.F.);
#1628=ORIENTED_EDGE('',*,*,#2864,.T.);
#1629=ORIENTED_EDGE('',*,*,#2861,.T.);
#1630=ORIENTED_EDGE('',*,*,#2343,.F.);
#1631=ORIENTED_EDGE('',*,*,#2865,.F.);
#1632=ORIENTED_EDGE('',*,*,#2866,.T.);
#1633=ORIENTED_EDGE('',*,*,#2863,.T.);
#1634=ORIENTED_EDGE('',*,*,#2342,.F.);
#1635=ORIENTED_EDGE('',*,*,#2867,.F.);
#1636=ORIENTED_EDGE('',*,*,#2868,.T.);
#1637=ORIENTED_EDGE('',*,*,#2865,.T.);
#1638=ORIENTED_EDGE('',*,*,#2341,.F.);
#1639=ORIENTED_EDGE('',*,*,#2869,.F.);
#1640=ORIENTED_EDGE('',*,*,#2870,.T.);
#1641=ORIENTED_EDGE('',*,*,#2867,.T.);
#1642=ORIENTED_EDGE('',*,*,#2340,.F.);
#1643=ORIENTED_EDGE('',*,*,#2871,.F.);
#1644=ORIENTED_EDGE('',*,*,#2872,.T.);
#1645=ORIENTED_EDGE('',*,*,#2869,.T.);
#1646=ORIENTED_EDGE('',*,*,#2339,.F.);
#1647=ORIENTED_EDGE('',*,*,#2873,.F.);
#1648=ORIENTED_EDGE('',*,*,#2874,.T.);
#1649=ORIENTED_EDGE('',*,*,#2871,.T.);
#1650=ORIENTED_EDGE('',*,*,#2338,.F.);
#1651=ORIENTED_EDGE('',*,*,#2875,.F.);
#1652=ORIENTED_EDGE('',*,*,#2876,.T.);
#1653=ORIENTED_EDGE('',*,*,#2873,.T.);
#1654=ORIENTED_EDGE('',*,*,#2337,.F.);
#1655=ORIENTED_EDGE('',*,*,#2877,.F.);
#1656=ORIENTED_EDGE('',*,*,#2878,.T.);
#1657=ORIENTED_EDGE('',*,*,#2875,.T.);
#1658=ORIENTED_EDGE('',*,*,#2336,.F.);
#1659=ORIENTED_EDGE('',*,*,#2879,.F.);
#1660=ORIENTED_EDGE('',*,*,#2880,.T.);
#1661=ORIENTED_EDGE('',*,*,#2877,.T.);
#1662=ORIENTED_EDGE('',*,*,#2335,.F.);
#1663=ORIENTED_EDGE('',*,*,#2860,.F.);
#1664=ORIENTED_EDGE('',*,*,#2881,.T.);
#1665=ORIENTED_EDGE('',*,*,#2879,.T.);
#1666=ORIENTED_EDGE('',*,*,#2859,.F.);
#1667=ORIENTED_EDGE('',*,*,#2862,.F.);
#1668=ORIENTED_EDGE('',*,*,#2864,.F.);
#1669=ORIENTED_EDGE('',*,*,#2866,.F.);
#1670=ORIENTED_EDGE('',*,*,#2868,.F.);
#1671=ORIENTED_EDGE('',*,*,#2870,.F.);
#1672=ORIENTED_EDGE('',*,*,#2872,.F.);
#1673=ORIENTED_EDGE('',*,*,#2874,.F.);
#1674=ORIENTED_EDGE('',*,*,#2876,.F.);
#1675=ORIENTED_EDGE('',*,*,#2878,.F.);
#1676=ORIENTED_EDGE('',*,*,#2880,.F.);
#1677=ORIENTED_EDGE('',*,*,#2881,.F.);
#1678=ORIENTED_EDGE('',*,*,#2346,.F.);
#1679=ORIENTED_EDGE('',*,*,#2882,.F.);
#1680=ORIENTED_EDGE('',*,*,#2883,.T.);
#1681=ORIENTED_EDGE('',*,*,#2884,.T.);
#1682=ORIENTED_EDGE('',*,*,#2345,.F.);
#1683=ORIENTED_EDGE('',*,*,#2885,.F.);
#1684=ORIENTED_EDGE('',*,*,#2886,.T.);
#1685=ORIENTED_EDGE('',*,*,#2882,.T.);
#1686=ORIENTED_EDGE('',*,*,#2363,.F.);
#1687=ORIENTED_EDGE('',*,*,#2887,.F.);
#1688=ORIENTED_EDGE('',*,*,#2888,.T.);
#1689=ORIENTED_EDGE('',*,*,#2885,.T.);
#1690=ORIENTED_EDGE('',*,*,#2362,.F.);
#1691=ORIENTED_EDGE('',*,*,#2889,.F.);
#1692=ORIENTED_EDGE('',*,*,#2890,.T.);
#1693=ORIENTED_EDGE('',*,*,#2887,.T.);
#1694=ORIENTED_EDGE('',*,*,#2361,.F.);
#1695=ORIENTED_EDGE('',*,*,#2891,.F.);
#1696=ORIENTED_EDGE('',*,*,#2892,.T.);
#1697=ORIENTED_EDGE('',*,*,#2889,.T.);
#1698=ORIENTED_EDGE('',*,*,#2360,.F.);
#1699=ORIENTED_EDGE('',*,*,#2893,.F.);
#1700=ORIENTED_EDGE('',*,*,#2894,.T.);
#1701=ORIENTED_EDGE('',*,*,#2891,.T.);
#1702=ORIENTED_EDGE('',*,*,#2359,.F.);
#1703=ORIENTED_EDGE('',*,*,#2895,.F.);
#1704=ORIENTED_EDGE('',*,*,#2896,.T.);
#1705=ORIENTED_EDGE('',*,*,#2893,.T.);
#1706=ORIENTED_EDGE('',*,*,#2358,.F.);
#1707=ORIENTED_EDGE('',*,*,#2897,.F.);
#1708=ORIENTED_EDGE('',*,*,#2898,.T.);
#1709=ORIENTED_EDGE('',*,*,#2895,.T.);
#1710=ORIENTED_EDGE('',*,*,#2357,.F.);
#1711=ORIENTED_EDGE('',*,*,#2899,.F.);
#1712=ORIENTED_EDGE('',*,*,#2900,.T.);
#1713=ORIENTED_EDGE('',*,*,#2897,.T.);
#1714=ORIENTED_EDGE('',*,*,#2356,.F.);
#1715=ORIENTED_EDGE('',*,*,#2901,.F.);
#1716=ORIENTED_EDGE('',*,*,#2902,.T.);
#1717=ORIENTED_EDGE('',*,*,#2899,.T.);
#1718=ORIENTED_EDGE('',*,*,#2355,.F.);
#1719=ORIENTED_EDGE('',*,*,#2903,.F.);
#1720=ORIENTED_EDGE('',*,*,#2904,.T.);
#1721=ORIENTED_EDGE('',*,*,#2901,.T.);
#1722=ORIENTED_EDGE('',*,*,#2354,.F.);
#1723=ORIENTED_EDGE('',*,*,#2905,.F.);
#1724=ORIENTED_EDGE('',*,*,#2906,.T.);
#1725=ORIENTED_EDGE('',*,*,#2903,.T.);
#1726=ORIENTED_EDGE('',*,*,#2353,.F.);
#1727=ORIENTED_EDGE('',*,*,#2907,.F.);
#1728=ORIENTED_EDGE('',*,*,#2908,.T.);
#1729=ORIENTED_EDGE('',*,*,#2905,.T.);
#1730=ORIENTED_EDGE('',*,*,#2352,.F.);
#1731=ORIENTED_EDGE('',*,*,#2909,.F.);
#1732=ORIENTED_EDGE('',*,*,#2910,.T.);
#1733=ORIENTED_EDGE('',*,*,#2907,.T.);
#1734=ORIENTED_EDGE('',*,*,#2351,.F.);
#1735=ORIENTED_EDGE('',*,*,#2911,.F.);
#1736=ORIENTED_EDGE('',*,*,#2912,.T.);
#1737=ORIENTED_EDGE('',*,*,#2909,.T.);
#1738=ORIENTED_EDGE('',*,*,#2350,.F.);
#1739=ORIENTED_EDGE('',*,*,#2913,.F.);
#1740=ORIENTED_EDGE('',*,*,#2914,.T.);
#1741=ORIENTED_EDGE('',*,*,#2911,.T.);
#1742=ORIENTED_EDGE('',*,*,#2349,.F.);
#1743=ORIENTED_EDGE('',*,*,#2915,.F.);
#1744=ORIENTED_EDGE('',*,*,#2916,.T.);
#1745=ORIENTED_EDGE('',*,*,#2913,.T.);
#1746=ORIENTED_EDGE('',*,*,#2348,.F.);
#1747=ORIENTED_EDGE('',*,*,#2917,.F.);
#1748=ORIENTED_EDGE('',*,*,#2918,.T.);
#1749=ORIENTED_EDGE('',*,*,#2915,.T.);
#1750=ORIENTED_EDGE('',*,*,#2347,.F.);
#1751=ORIENTED_EDGE('',*,*,#2884,.F.);
#1752=ORIENTED_EDGE('',*,*,#2919,.T.);
#1753=ORIENTED_EDGE('',*,*,#2917,.T.);
#1754=ORIENTED_EDGE('',*,*,#2883,.F.);
#1755=ORIENTED_EDGE('',*,*,#2886,.F.);
#1756=ORIENTED_EDGE('',*,*,#2888,.F.);
#1757=ORIENTED_EDGE('',*,*,#2890,.F.);
#1758=ORIENTED_EDGE('',*,*,#2892,.F.);
#1759=ORIENTED_EDGE('',*,*,#2894,.F.);
#1760=ORIENTED_EDGE('',*,*,#2896,.F.);
#1761=ORIENTED_EDGE('',*,*,#2898,.F.);
#1762=ORIENTED_EDGE('',*,*,#2900,.F.);
#1763=ORIENTED_EDGE('',*,*,#2902,.F.);
#1764=ORIENTED_EDGE('',*,*,#2904,.F.);
#1765=ORIENTED_EDGE('',*,*,#2906,.F.);
#1766=ORIENTED_EDGE('',*,*,#2908,.F.);
#1767=ORIENTED_EDGE('',*,*,#2910,.F.);
#1768=ORIENTED_EDGE('',*,*,#2912,.F.);
#1769=ORIENTED_EDGE('',*,*,#2914,.F.);
#1770=ORIENTED_EDGE('',*,*,#2916,.F.);
#1771=ORIENTED_EDGE('',*,*,#2918,.F.);
#1772=ORIENTED_EDGE('',*,*,#2919,.F.);
#1773=ORIENTED_EDGE('',*,*,#2365,.F.);
#1774=ORIENTED_EDGE('',*,*,#2920,.F.);
#1775=ORIENTED_EDGE('',*,*,#2921,.T.);
#1776=ORIENTED_EDGE('',*,*,#2922,.T.);
#1777=ORIENTED_EDGE('',*,*,#2364,.F.);
#1778=ORIENTED_EDGE('',*,*,#2923,.F.);
#1779=ORIENTED_EDGE('',*,*,#2924,.T.);
#1780=ORIENTED_EDGE('',*,*,#2920,.T.);
#1781=ORIENTED_EDGE('',*,*,#2373,.F.);
#1782=ORIENTED_EDGE('',*,*,#2925,.F.);
#1783=ORIENTED_EDGE('',*,*,#2926,.T.);
#1784=ORIENTED_EDGE('',*,*,#2923,.T.);
#1785=ORIENTED_EDGE('',*,*,#2372,.F.);
#1786=ORIENTED_EDGE('',*,*,#2927,.F.);
#1787=ORIENTED_EDGE('',*,*,#2928,.T.);
#1788=ORIENTED_EDGE('',*,*,#2925,.T.);
#1789=ORIENTED_EDGE('',*,*,#2371,.F.);
#1790=ORIENTED_EDGE('',*,*,#2929,.F.);
#1791=ORIENTED_EDGE('',*,*,#2930,.T.);
#1792=ORIENTED_EDGE('',*,*,#2927,.T.);
#1793=ORIENTED_EDGE('',*,*,#2370,.F.);
#1794=ORIENTED_EDGE('',*,*,#2931,.F.);
#1795=ORIENTED_EDGE('',*,*,#2932,.T.);
#1796=ORIENTED_EDGE('',*,*,#2929,.T.);
#1797=ORIENTED_EDGE('',*,*,#2369,.F.);
#1798=ORIENTED_EDGE('',*,*,#2933,.F.);
#1799=ORIENTED_EDGE('',*,*,#2934,.T.);
#1800=ORIENTED_EDGE('',*,*,#2931,.T.);
#1801=ORIENTED_EDGE('',*,*,#2368,.F.);
#1802=ORIENTED_EDGE('',*,*,#2935,.F.);
#1803=ORIENTED_EDGE('',*,*,#2936,.T.);
#1804=ORIENTED_EDGE('',*,*,#2933,.T.);
#1805=ORIENTED_EDGE('',*,*,#2367,.F.);
#1806=ORIENTED_EDGE('',*,*,#2937,.F.);
#1807=ORIENTED_EDGE('',*,*,#2938,.T.);
#1808=ORIENTED_EDGE('',*,*,#2935,.T.);
#1809=ORIENTED_EDGE('',*,*,#2366,.F.);
#1810=ORIENTED_EDGE('',*,*,#2922,.F.);
#1811=ORIENTED_EDGE('',*,*,#2939,.T.);
#1812=ORIENTED_EDGE('',*,*,#2937,.T.);
#1813=ORIENTED_EDGE('',*,*,#2921,.F.);
#1814=ORIENTED_EDGE('',*,*,#2924,.F.);
#1815=ORIENTED_EDGE('',*,*,#2926,.F.);
#1816=ORIENTED_EDGE('',*,*,#2928,.F.);
#1817=ORIENTED_EDGE('',*,*,#2930,.F.);
#1818=ORIENTED_EDGE('',*,*,#2932,.F.);
#1819=ORIENTED_EDGE('',*,*,#2934,.F.);
#1820=ORIENTED_EDGE('',*,*,#2936,.F.);
#1821=ORIENTED_EDGE('',*,*,#2938,.F.);
#1822=ORIENTED_EDGE('',*,*,#2939,.F.);
#1823=ORIENTED_EDGE('',*,*,#2375,.F.);
#1824=ORIENTED_EDGE('',*,*,#2940,.F.);
#1825=ORIENTED_EDGE('',*,*,#2941,.T.);
#1826=ORIENTED_EDGE('',*,*,#2942,.T.);
#1827=ORIENTED_EDGE('',*,*,#2374,.F.);
#1828=ORIENTED_EDGE('',*,*,#2943,.F.);
#1829=ORIENTED_EDGE('',*,*,#2944,.T.);
#1830=ORIENTED_EDGE('',*,*,#2940,.T.);
#1831=ORIENTED_EDGE('',*,*,#2385,.F.);
#1832=ORIENTED_EDGE('',*,*,#2945,.F.);
#1833=ORIENTED_EDGE('',*,*,#2946,.T.);
#1834=ORIENTED_EDGE('',*,*,#2943,.T.);
#1835=ORIENTED_EDGE('',*,*,#2384,.F.);
#1836=ORIENTED_EDGE('',*,*,#2947,.F.);
#1837=ORIENTED_EDGE('',*,*,#2948,.T.);
#1838=ORIENTED_EDGE('',*,*,#2945,.T.);
#1839=ORIENTED_EDGE('',*,*,#2383,.F.);
#1840=ORIENTED_EDGE('',*,*,#2949,.F.);
#1841=ORIENTED_EDGE('',*,*,#2950,.T.);
#1842=ORIENTED_EDGE('',*,*,#2947,.T.);
#1843=ORIENTED_EDGE('',*,*,#2382,.F.);
#1844=ORIENTED_EDGE('',*,*,#2951,.F.);
#1845=ORIENTED_EDGE('',*,*,#2952,.T.);
#1846=ORIENTED_EDGE('',*,*,#2949,.T.);
#1847=ORIENTED_EDGE('',*,*,#2381,.F.);
#1848=ORIENTED_EDGE('',*,*,#2953,.F.);
#1849=ORIENTED_EDGE('',*,*,#2954,.T.);
#1850=ORIENTED_EDGE('',*,*,#2951,.T.);
#1851=ORIENTED_EDGE('',*,*,#2380,.F.);
#1852=ORIENTED_EDGE('',*,*,#2955,.F.);
#1853=ORIENTED_EDGE('',*,*,#2956,.T.);
#1854=ORIENTED_EDGE('',*,*,#2953,.T.);
#1855=ORIENTED_EDGE('',*,*,#2379,.F.);
#1856=ORIENTED_EDGE('',*,*,#2957,.F.);
#1857=ORIENTED_EDGE('',*,*,#2958,.T.);
#1858=ORIENTED_EDGE('',*,*,#2955,.T.);
#1859=ORIENTED_EDGE('',*,*,#2378,.F.);
#1860=ORIENTED_EDGE('',*,*,#2959,.F.);
#1861=ORIENTED_EDGE('',*,*,#2960,.T.);
#1862=ORIENTED_EDGE('',*,*,#2957,.T.);
#1863=ORIENTED_EDGE('',*,*,#2377,.F.);
#1864=ORIENTED_EDGE('',*,*,#2961,.F.);
#1865=ORIENTED_EDGE('',*,*,#2962,.T.);
#1866=ORIENTED_EDGE('',*,*,#2959,.T.);
#1867=ORIENTED_EDGE('',*,*,#2376,.F.);
#1868=ORIENTED_EDGE('',*,*,#2942,.F.);
#1869=ORIENTED_EDGE('',*,*,#2963,.T.);
#1870=ORIENTED_EDGE('',*,*,#2961,.T.);
#1871=ORIENTED_EDGE('',*,*,#2941,.F.);
#1872=ORIENTED_EDGE('',*,*,#2944,.F.);
#1873=ORIENTED_EDGE('',*,*,#2946,.F.);
#1874=ORIENTED_EDGE('',*,*,#2948,.F.);
#1875=ORIENTED_EDGE('',*,*,#2950,.F.);
#1876=ORIENTED_EDGE('',*,*,#2952,.F.);
#1877=ORIENTED_EDGE('',*,*,#2954,.F.);
#1878=ORIENTED_EDGE('',*,*,#2956,.F.);
#1879=ORIENTED_EDGE('',*,*,#2958,.F.);
#1880=ORIENTED_EDGE('',*,*,#2960,.F.);
#1881=ORIENTED_EDGE('',*,*,#2962,.F.);
#1882=ORIENTED_EDGE('',*,*,#2963,.F.);
#1883=ORIENTED_EDGE('',*,*,#2742,.T.);
#1884=ORIENTED_EDGE('',*,*,#2738,.T.);
#1885=ORIENTED_EDGE('',*,*,#2764,.T.);
#1886=ORIENTED_EDGE('',*,*,#2745,.T.);
#1887=ORIENTED_EDGE('',*,*,#2770,.T.);
#1888=ORIENTED_EDGE('',*,*,#2766,.T.);
#1889=ORIENTED_EDGE('',*,*,#2793,.T.);
#1890=ORIENTED_EDGE('',*,*,#2776,.T.);
#1891=ORIENTED_EDGE('',*,*,#2773,.T.);
#1892=ORIENTED_EDGE('',*,*,#2799,.T.);
#1893=ORIENTED_EDGE('',*,*,#2795,.T.);
#1894=ORIENTED_EDGE('',*,*,#2856,.T.);
#1895=ORIENTED_EDGE('',*,*,#2808,.T.);
#1896=ORIENTED_EDGE('',*,*,#2805,.T.);
#1897=ORIENTED_EDGE('',*,*,#2802,.T.);
#1898=ORIENTED_EDGE('',*,*,#2458,.T.);
#1899=ORIENTED_EDGE('',*,*,#2964,.T.);
#1900=ORIENTED_EDGE('',*,*,#2440,.T.);
#1901=ORIENTED_EDGE('',*,*,#2965,.T.);
#1902=ORIENTED_EDGE('',*,*,#2456,.F.);
#1903=ORIENTED_EDGE('',*,*,#2966,.T.);
#1904=ORIENTED_EDGE('',*,*,#2442,.F.);
#1905=ORIENTED_EDGE('',*,*,#2967,.T.);
#1906=ORIENTED_EDGE('',*,*,#2460,.T.);
#1907=ORIENTED_EDGE('',*,*,#2968,.T.);
#1908=ORIENTED_EDGE('',*,*,#2438,.T.);
#1909=ORIENTED_EDGE('',*,*,#2969,.T.);
#1910=ORIENTED_EDGE('',*,*,#2534,.F.);
#1911=ORIENTED_EDGE('',*,*,#2228,.F.);
#1912=ORIENTED_EDGE('',*,*,#2970,.F.);
#1913=ORIENTED_EDGE('',*,*,#2553,.F.);
#1914=ORIENTED_EDGE('',*,*,#2547,.F.);
#1915=ORIENTED_EDGE('',*,*,#2555,.F.);
#1916=ORIENTED_EDGE('',*,*,#2971,.F.);
#1917=ORIENTED_EDGE('',*,*,#2218,.F.);
#1918=ORIENTED_EDGE('',*,*,#2970,.T.);
#1919=ORIENTED_EDGE('',*,*,#2455,.F.);
#1920=ORIENTED_EDGE('',*,*,#2971,.T.);
#1921=ORIENTED_EDGE('',*,*,#2554,.F.);
#1922=ORIENTED_EDGE('',*,*,#2176,.F.);
#1923=ORIENTED_EDGE('',*,*,#2567,.F.);
#1924=ORIENTED_EDGE('',*,*,#2972,.F.);
#1925=ORIENTED_EDGE('',*,*,#2231,.F.);
#1926=ORIENTED_EDGE('',*,*,#2239,.T.);
#1927=ORIENTED_EDGE('',*,*,#2972,.T.);
#1928=ORIENTED_EDGE('',*,*,#2973,.F.);
#1929=ORIENTED_EDGE('',*,*,#2973,.T.);
#1930=ORIENTED_EDGE('',*,*,#2566,.F.);
#1931=ORIENTED_EDGE('',*,*,#2509,.F.);
#1932=ORIENTED_EDGE('',*,*,#2498,.F.);
#1933=ORIENTED_EDGE('',*,*,#2182,.F.);
#1934=ORIENTED_EDGE('',*,*,#2974,.T.);
#1935=ORIENTED_EDGE('',*,*,#2512,.F.);
#1936=ORIENTED_EDGE('',*,*,#2386,.F.);
#1937=ORIENTED_EDGE('',*,*,#2388,.F.);
#1938=ORIENTED_EDGE('',*,*,#2511,.F.);
#1939=ORIENTED_EDGE('',*,*,#2570,.F.);
#1940=ORIENTED_EDGE('',*,*,#2560,.F.);
#1941=ORIENTED_EDGE('',*,*,#2302,.F.);
#1942=ORIENTED_EDGE('',*,*,#2558,.F.);
#1943=ORIENTED_EDGE('',*,*,#2548,.F.);
#1944=ORIENTED_EDGE('',*,*,#2545,.F.);
#1945=ORIENTED_EDGE('',*,*,#2390,.F.);
#1946=ORIENTED_EDGE('',*,*,#2562,.F.);
#1947=ORIENTED_EDGE('',*,*,#2569,.F.);
#1948=ORIENTED_EDGE('',*,*,#2563,.F.);
#1949=ORIENTED_EDGE('',*,*,#2392,.F.);
#1950=ORIENTED_EDGE('',*,*,#2565,.F.);
#1951=ORIENTED_EDGE('',*,*,#2568,.F.);
#1952=ORIENTED_EDGE('',*,*,#2174,.F.);
#1953=ORIENTED_EDGE('',*,*,#2312,.F.);
#1954=ORIENTED_EDGE('',*,*,#2556,.F.);
#1955=ORIENTED_EDGE('',*,*,#2550,.F.);
#1956=ORIENTED_EDGE('',*,*,#2559,.F.);
#1957=ORIENTED_EDGE('',*,*,#2310,.F.);
#1958=ORIENTED_EDGE('',*,*,#2536,.F.);
#1959=ORIENTED_EDGE('',*,*,#2552,.F.);
#1960=ORIENTED_EDGE('',*,*,#2557,.F.);
#1961=ORIENTED_EDGE('',*,*,#2506,.F.);
#1962=ORIENTED_EDGE('',*,*,#2975,.T.);
#1963=ORIENTED_EDGE('',*,*,#2184,.F.);
#1964=ORIENTED_EDGE('',*,*,#2395,.F.);
#1965=ORIENTED_EDGE('',*,*,#2544,.F.);
#1966=ORIENTED_EDGE('',*,*,#2976,.T.);
#1967=ORIENTED_EDGE('',*,*,#2516,.F.);
#1968=ORIENTED_EDGE('',*,*,#2304,.F.);
#1969=ORIENTED_EDGE('',*,*,#2172,.F.);
#1970=ORIENTED_EDGE('',*,*,#2977,.T.);
#1971=ORIENTED_EDGE('',*,*,#2504,.F.);
#1972=ORIENTED_EDGE('',*,*,#2393,.F.);
#1973=ORIENTED_EDGE('',*,*,#2515,.F.);
#1974=ORIENTED_EDGE('',*,*,#2978,.T.);
#1975=ORIENTED_EDGE('',*,*,#2523,.F.);
#1976=ORIENTED_EDGE('',*,*,#2306,.F.);
#1977=ORIENTED_EDGE('',*,*,#2525,.F.);
#1978=ORIENTED_EDGE('',*,*,#2979,.T.);
#1979=ORIENTED_EDGE('',*,*,#2537,.F.);
#1980=ORIENTED_EDGE('',*,*,#2308,.F.);
#1981=ORIENTED_EDGE('',*,*,#2220,.F.);
#1982=ORIENTED_EDGE('',*,*,#2454,.F.);
#1983=ORIENTED_EDGE('',*,*,#2226,.F.);
#1984=ORIENTED_EDGE('',*,*,#2571,.F.);
#1985=ORIENTED_EDGE('',*,*,#2235,.F.);
#1986=ORIENTED_EDGE('',*,*,#2480,.F.);
#1987=ORIENTED_EDGE('',*,*,#2980,.F.);
#1988=ORIENTED_EDGE('',*,*,#2171,.F.);
#1989=ORIENTED_EDGE('',*,*,#2232,.F.);
#1990=ORIENTED_EDGE('',*,*,#2980,.T.);
#1991=ORIENTED_EDGE('',*,*,#2479,.F.);
#1992=ORIENTED_EDGE('',*,*,#2981,.F.);
#1993=ORIENTED_EDGE('',*,*,#2977,.F.);
#1994=ORIENTED_EDGE('',*,*,#2981,.T.);
#1995=ORIENTED_EDGE('',*,*,#2478,.F.);
#1996=ORIENTED_EDGE('',*,*,#2982,.F.);
#1997=ORIENTED_EDGE('',*,*,#2505,.F.);
#1998=ORIENTED_EDGE('',*,*,#2982,.T.);
#1999=ORIENTED_EDGE('',*,*,#2477,.F.);
#2000=ORIENTED_EDGE('',*,*,#2192,.F.);
#2001=ORIENTED_EDGE('',*,*,#2975,.F.);
#2002=ORIENTED_EDGE('',*,*,#2191,.T.);
#2003=ORIENTED_EDGE('',*,*,#2476,.F.);
#2004=ORIENTED_EDGE('',*,*,#2983,.F.);
#2005=ORIENTED_EDGE('',*,*,#2974,.F.);
#2006=ORIENTED_EDGE('',*,*,#2983,.T.);
#2007=ORIENTED_EDGE('',*,*,#2475,.F.);
#2008=ORIENTED_EDGE('',*,*,#2203,.F.);
#2009=ORIENTED_EDGE('',*,*,#2513,.F.);
#2010=ORIENTED_EDGE('',*,*,#2205,.F.);
#2011=ORIENTED_EDGE('',*,*,#2474,.F.);
#2012=ORIENTED_EDGE('',*,*,#2984,.F.);
#2013=ORIENTED_EDGE('',*,*,#2543,.F.);
#2014=ORIENTED_EDGE('',*,*,#2984,.T.);
#2015=ORIENTED_EDGE('',*,*,#2473,.F.);
#2016=ORIENTED_EDGE('',*,*,#2985,.F.);
#2017=ORIENTED_EDGE('',*,*,#2976,.F.);
#2018=ORIENTED_EDGE('',*,*,#2986,.F.);
#2019=ORIENTED_EDGE('',*,*,#2514,.F.);
#2020=ORIENTED_EDGE('',*,*,#2985,.T.);
#2021=ORIENTED_EDGE('',*,*,#2472,.F.);
#2022=ORIENTED_EDGE('',*,*,#2986,.T.);
#2023=ORIENTED_EDGE('',*,*,#2471,.F.);
#2024=ORIENTED_EDGE('',*,*,#2987,.F.);
#2025=ORIENTED_EDGE('',*,*,#2978,.F.);
#2026=ORIENTED_EDGE('',*,*,#2987,.T.);
#2027=ORIENTED_EDGE('',*,*,#2470,.F.);
#2028=ORIENTED_EDGE('',*,*,#2988,.F.);
#2029=ORIENTED_EDGE('',*,*,#2524,.F.);
#2030=ORIENTED_EDGE('',*,*,#2988,.T.);
#2031=ORIENTED_EDGE('',*,*,#2469,.F.);
#2032=ORIENTED_EDGE('',*,*,#2989,.F.);
#2033=ORIENTED_EDGE('',*,*,#2979,.F.);
#2034=ORIENTED_EDGE('',*,*,#2157,.F.);
#2035=ORIENTED_EDGE('',*,*,#2538,.F.);
#2036=ORIENTED_EDGE('',*,*,#2989,.T.);
#2037=ORIENTED_EDGE('',*,*,#2468,.F.);
#2038=ORIENTED_EDGE('',*,*,#2158,.F.);
#2039=ORIENTED_EDGE('',*,*,#2443,.F.);
#2040=ORIENTED_EDGE('',*,*,#2966,.F.);
#2041=ORIENTED_EDGE('',*,*,#2486,.F.);
#2042=ORIENTED_EDGE('',*,*,#2242,.F.);
#2043=ORIENTED_EDGE('',*,*,#2441,.F.);
#2044=ORIENTED_EDGE('',*,*,#2964,.F.);
#2045=ORIENTED_EDGE('',*,*,#2457,.F.);
#2046=ORIENTED_EDGE('',*,*,#2967,.F.);
#2047=ORIENTED_EDGE('',*,*,#2439,.F.);
#2048=ORIENTED_EDGE('',*,*,#2968,.F.);
#2049=ORIENTED_EDGE('',*,*,#2459,.F.);
#2050=ORIENTED_EDGE('',*,*,#2965,.F.);
#2051=ORIENTED_EDGE('',*,*,#2437,.F.);
#2052=ORIENTED_EDGE('',*,*,#2491,.F.);
#2053=ORIENTED_EDGE('',*,*,#2461,.F.);
#2054=ORIENTED_EDGE('',*,*,#2969,.F.);
#2055=ORIENTED_EDGE('',*,*,#2508,.F.);
#2056=ORIENTED_EDGE('',*,*,#2194,.T.);
#2057=ORIENTED_EDGE('',*,*,#2178,.F.);
#2058=ORIENTED_EDGE('',*,*,#2230,.F.);
#2059=ORIENTED_EDGE('',*,*,#2238,.T.);
#2060=ORIENTED_EDGE('',*,*,#2497,.T.);
#2061=ORIENTED_EDGE('',*,*,#2169,.F.);
#2062=ORIENTED_EDGE('',*,*,#2990,.T.);
#2063=ORIENTED_EDGE('',*,*,#2189,.T.);
#2064=ORIENTED_EDGE('',*,*,#2991,.T.);
#2065=ORIENTED_EDGE('',*,*,#2992,.T.);
#2066=ORIENTED_EDGE('',*,*,#2533,.T.);
#2067=ORIENTED_EDGE('',*,*,#2993,.T.);
#2068=ORIENTED_EDGE('',*,*,#2540,.T.);
#2069=ORIENTED_EDGE('',*,*,#2216,.F.);
#2070=ORIENTED_EDGE('',*,*,#2236,.F.);
#2071=ORIENTED_EDGE('',*,*,#2223,.F.);
#2072=ORIENTED_EDGE('',*,*,#2519,.T.);
#2073=ORIENTED_EDGE('',*,*,#2994,.T.);
#2074=ORIENTED_EDGE('',*,*,#2526,.T.);
#2075=ORIENTED_EDGE('',*,*,#2995,.T.);
#2076=ORIENTED_EDGE('',*,*,#2996,.T.);
#2077=ORIENTED_EDGE('',*,*,#2542,.F.);
#2078=ORIENTED_EDGE('',*,*,#2997,.T.);
#2079=ORIENTED_EDGE('',*,*,#2531,.F.);
#2080=ORIENTED_EDGE('',*,*,#2430,.T.);
#2081=ORIENTED_EDGE('',*,*,#2213,.T.);
#2082=ORIENTED_EDGE('',*,*,#2197,.T.);
#2083=ORIENTED_EDGE('',*,*,#2180,.T.);
#2084=ORIENTED_EDGE('',*,*,#2196,.T.);
#2085=ORIENTED_EDGE('',*,*,#2507,.T.);
#2086=ORIENTED_EDGE('',*,*,#2201,.F.);
#2087=ORIENTED_EDGE('',*,*,#2208,.F.);
#2088=ORIENTED_EDGE('',*,*,#2449,.F.);
#2089=ORIENTED_EDGE('',*,*,#2532,.F.);
#2090=ORIENTED_EDGE('',*,*,#2997,.F.);
#2091=ORIENTED_EDGE('',*,*,#2541,.F.);
#2092=ORIENTED_EDGE('',*,*,#2993,.F.);
#2093=ORIENTED_EDGE('',*,*,#2517,.T.);
#2094=ORIENTED_EDGE('',*,*,#2998,.T.);
#2095=ORIENTED_EDGE('',*,*,#2999,.T.);
#2096=ORIENTED_EDGE('',*,*,#2528,.T.);
#2097=ORIENTED_EDGE('',*,*,#3000,.T.);
#2098=ORIENTED_EDGE('',*,*,#2211,.F.);
#2099=ORIENTED_EDGE('',*,*,#3001,.T.);
#2100=ORIENTED_EDGE('',*,*,#2521,.T.);
#2101=ORIENTED_EDGE('',*,*,#3002,.T.);
#2102=ORIENTED_EDGE('',*,*,#2187,.T.);
#2103=ORIENTED_EDGE('',*,*,#3003,.T.);
#2104=ORIENTED_EDGE('',*,*,#2151,.F.);
#2105=ORIENTED_EDGE('',*,*,#3004,.T.);
#2106=ORIENTED_EDGE('',*,*,#2167,.F.);
#2107=ORIENTED_EDGE('',*,*,#3005,.T.);
#2108=ORIENTED_EDGE('',*,*,#3006,.T.);
#2109=ORIENTED_EDGE('',*,*,#2185,.T.);
#2110=ORIENTED_EDGE('',*,*,#3007,.T.);
#2111=ORIENTED_EDGE('',*,*,#2529,.F.);
#2112=ORIENTED_EDGE('',*,*,#2999,.F.);
#2113=ORIENTED_EDGE('',*,*,#3008,.F.);
#2114=ORIENTED_EDGE('',*,*,#2210,.F.);
#2115=ORIENTED_EDGE('',*,*,#2522,.F.);
#2116=ORIENTED_EDGE('',*,*,#3001,.F.);
#2117=ORIENTED_EDGE('',*,*,#3008,.T.);
#2118=ORIENTED_EDGE('',*,*,#2998,.F.);
#2119=ORIENTED_EDGE('',*,*,#2166,.F.);
#2120=ORIENTED_EDGE('',*,*,#2152,.F.);
#2121=ORIENTED_EDGE('',*,*,#3009,.F.);
#2122=ORIENTED_EDGE('',*,*,#3005,.F.);
#2123=ORIENTED_EDGE('',*,*,#2186,.F.);
#2124=ORIENTED_EDGE('',*,*,#3006,.F.);
#2125=ORIENTED_EDGE('',*,*,#3009,.T.);
#2126=ORIENTED_EDGE('',*,*,#3003,.F.);
#2127=ORIENTED_EDGE('',*,*,#2168,.F.);
#2128=ORIENTED_EDGE('',*,*,#3007,.F.);
#2129=ORIENTED_EDGE('',*,*,#2190,.F.);
#2130=ORIENTED_EDGE('',*,*,#2990,.F.);
#2131=ORIENTED_EDGE('',*,*,#2527,.F.);
#2132=ORIENTED_EDGE('',*,*,#2994,.F.);
#2133=ORIENTED_EDGE('',*,*,#2518,.F.);
#2134=ORIENTED_EDGE('',*,*,#3000,.F.);
#2135=ORIENTED_EDGE('',*,*,#2170,.F.);
#2136=ORIENTED_EDGE('',*,*,#2992,.F.);
#2137=ORIENTED_EDGE('',*,*,#3010,.F.);
#2138=ORIENTED_EDGE('',*,*,#2154,.F.);
#2139=ORIENTED_EDGE('',*,*,#2188,.F.);
#2140=ORIENTED_EDGE('',*,*,#3004,.F.);
#2141=ORIENTED_EDGE('',*,*,#3010,.T.);
#2142=ORIENTED_EDGE('',*,*,#2991,.F.);
#2143=ORIENTED_EDGE('',*,*,#2539,.F.);
#2144=ORIENTED_EDGE('',*,*,#2212,.F.);
#2145=ORIENTED_EDGE('',*,*,#3011,.F.);
#2146=ORIENTED_EDGE('',*,*,#2995,.F.);
#2147=ORIENTED_EDGE('',*,*,#2520,.F.);
#2148=ORIENTED_EDGE('',*,*,#2996,.F.);
#2149=ORIENTED_EDGE('',*,*,#3011,.T.);
#2150=ORIENTED_EDGE('',*,*,#3002,.F.);
#2151=EDGE_CURVE('',#3012,#3013,#3581,.T.);
#2152=EDGE_CURVE('',#3013,#3014,#3582,.T.);
#2153=EDGE_CURVE('',#3015,#3014,#3583,.T.);
#2154=EDGE_CURVE('',#3015,#3012,#3584,.T.);
#2155=EDGE_CURVE('',#3016,#3017,#3585,.T.);
#2156=EDGE_CURVE('',#3016,#3018,#3586,.F.);
#2157=EDGE_CURVE('',#3018,#3019,#293,.T.);
#2158=EDGE_CURVE('',#3019,#3020,#294,.T.);
#2159=EDGE_CURVE('',#3020,#3021,#3587,.T.);
#2160=EDGE_CURVE('',#3021,#3022,#3588,.T.);
#2161=EDGE_CURVE('',#3017,#3022,#3589,.T.);
#2162=EDGE_CURVE('',#3023,#3024,#3590,.T.);
#2163=EDGE_CURVE('',#3025,#3023,#3591,.T.);
#2164=EDGE_CURVE('',#3026,#3025,#3592,.T.);
#2165=EDGE_CURVE('',#3014,#3026,#3593,.T.);
#2166=EDGE_CURVE('',#3014,#3027,#295,.F.);
#2167=EDGE_CURVE('',#3027,#3028,#3594,.T.);
#2168=EDGE_CURVE('',#3028,#3029,#296,.F.);
#2169=EDGE_CURVE('',#3029,#3030,#3595,.T.);
#2170=EDGE_CURVE('',#3030,#3015,#297,.F.);
#2171=EDGE_CURVE('',#3026,#3031,#3596,.F.);
#2172=EDGE_CURVE('',#3031,#3032,#3597,.F.);
#2173=EDGE_CURVE('',#3032,#3033,#3598,.T.);
#2174=EDGE_CURVE('',#3033,#3034,#3599,.T.);
#2175=EDGE_CURVE('',#3035,#3034,#3600,.T.);
#2176=EDGE_CURVE('',#3035,#3036,#298,.F.);
#2177=EDGE_CURVE('',#3036,#3037,#3601,.T.);
#2178=EDGE_CURVE('',#3037,#3038,#3602,.T.);
#2179=EDGE_CURVE('',#3038,#3039,#3603,.T.);
#2180=EDGE_CURVE('',#3024,#3039,#3604,.T.);
#2181=EDGE_CURVE('',#3040,#3041,#3605,.T.);
#2182=EDGE_CURVE('',#3041,#3042,#3606,.F.);
#2183=EDGE_CURVE('',#3043,#3042,#3607,.T.);
#2184=EDGE_CURVE('',#3043,#3040,#3608,.T.);
#2185=EDGE_CURVE('',#3044,#3045,#3609,.T.);
#2186=EDGE_CURVE('',#3044,#3046,#299,.T.);
#2187=EDGE_CURVE('',#3047,#3046,#3610,.T.);
#2188=EDGE_CURVE('',#3047,#3048,#300,.T.);
#2189=EDGE_CURVE('',#3049,#3048,#3611,.T.);
#2190=EDGE_CURVE('',#3049,#3045,#301,.T.);
#2191=EDGE_CURVE('',#3041,#3050,#302,.T.);
#2192=EDGE_CURVE('',#3040,#3051,#303,.T.);
#2193=EDGE_CURVE('',#3050,#3051,#3612,.F.);
#2194=EDGE_CURVE('',#3052,#3038,#3613,.T.);
#2195=EDGE_CURVE('',#3053,#3052,#3614,.T.);
#2196=EDGE_CURVE('',#3039,#3053,#3615,.T.);
#2197=EDGE_CURVE('',#3054,#3055,#3616,.T.);
#2198=EDGE_CURVE('',#3054,#3056,#3617,.T.);
#2199=EDGE_CURVE('',#3057,#3056,#3618,.T.);
#2200=EDGE_CURVE('',#3057,#3058,#3619,.F.);
#2201=EDGE_CURVE('',#3058,#3059,#3620,.T.);
#2202=EDGE_CURVE('',#3059,#3060,#3621,.T.);
#2203=EDGE_CURVE('',#3060,#3061,#304,.F.);
#2204=EDGE_CURVE('',#3061,#3062,#3622,.T.);
#2205=EDGE_CURVE('',#3062,#3063,#305,.F.);
#2206=EDGE_CURVE('',#3055,#3063,#3623,.T.);
#2207=EDGE_CURVE('',#3064,#3057,#306,.T.);
#2208=EDGE_CURVE('',#3064,#3058,#215,.F.);
#2209=EDGE_CURVE('',#3065,#3066,#3624,.T.);
#2210=EDGE_CURVE('',#3066,#3067,#3625,.F.);
#2211=EDGE_CURVE('',#3067,#3068,#3626,.F.);
#2212=EDGE_CURVE('',#3068,#3065,#3627,.T.);
#2213=EDGE_CURVE('',#3069,#3054,#216,.F.);
#2214=EDGE_CURVE('',#3056,#3069,#307,.T.);
#2215=EDGE_CURVE('',#3070,#3071,#3628,.T.);
#2216=EDGE_CURVE('',#3071,#3072,#3629,.T.);
#2217=EDGE_CURVE('',#3073,#3072,#3630,.T.);
#2218=EDGE_CURVE('',#3073,#3074,#3631,.T.);
#2219=EDGE_CURVE('',#3074,#3075,#3632,.T.);
#2220=EDGE_CURVE('',#3075,#3076,#217,.F.);
#2221=EDGE_CURVE('',#3070,#3076,#3633,.T.);
#2222=EDGE_CURVE('',#3077,#3078,#3634,.T.);
#2223=EDGE_CURVE('',#3078,#3079,#3635,.T.);
#2224=EDGE_CURVE('',#3079,#3080,#3636,.F.);
#2225=EDGE_CURVE('',#3081,#3080,#3637,.T.);
#2226=EDGE_CURVE('',#3081,#3082,#218,.T.);
#2227=EDGE_CURVE('',#3082,#3083,#3638,.T.);
#2228=EDGE_CURVE('',#3083,#3077,#3639,.F.);
#2229=EDGE_CURVE('',#3084,#3085,#3640,.T.);
#2230=EDGE_CURVE('',#3085,#3037,#3641,.T.);
#2231=EDGE_CURVE('',#3036,#3084,#3642,.T.);
#2232=EDGE_CURVE('',#3086,#3026,#308,.F.);
#2233=EDGE_CURVE('',#3087,#3024,#3643,.T.);
#2234=EDGE_CURVE('',#3087,#3088,#3644,.T.);
#2235=EDGE_CURVE('',#3088,#3086,#309,.F.);
#2236=EDGE_CURVE('',#3079,#3071,#310,.F.);
#2237=EDGE_CURVE('',#3080,#3070,#311,.T.);
#2238=EDGE_CURVE('',#3085,#3089,#312,.F.);
#2239=EDGE_CURVE('',#3090,#3084,#313,.T.);
#2240=EDGE_CURVE('',#3089,#3090,#3645,.F.);
#2241=EDGE_CURVE('',#3091,#3092,#3646,.T.);
#2242=EDGE_CURVE('',#3091,#3093,#3647,.T.);
#2243=EDGE_CURVE('',#3093,#3094,#3648,.T.);
#2244=EDGE_CURVE('',#3094,#3092,#3649,.T.);
#2245=EDGE_CURVE('',#3095,#3096,#83,.T.);
#2246=EDGE_CURVE('',#3096,#3097,#84,.T.);
#2247=EDGE_CURVE('',#3097,#3098,#85,.T.);
#2248=EDGE_CURVE('',#3098,#3099,#3650,.T.);
#2249=EDGE_CURVE('',#3099,#3100,#3651,.T.);
#2250=EDGE_CURVE('',#3100,#3101,#3652,.T.);
#2251=EDGE_CURVE('',#3101,#3095,#86,.T.);
#2252=EDGE_CURVE('',#3102,#3103,#3653,.T.);
#2253=EDGE_CURVE('',#3103,#3104,#3654,.T.);
#2254=EDGE_CURVE('',#3104,#3105,#3655,.T.);
#2255=EDGE_CURVE('',#3105,#3106,#3656,.T.);
#2256=EDGE_CURVE('',#3106,#3107,#87,.T.);
#2257=EDGE_CURVE('',#3107,#3108,#88,.T.);
#2258=EDGE_CURVE('',#3108,#3109,#314,.T.);
#2259=EDGE_CURVE('',#3109,#3110,#89,.T.);
#2260=EDGE_CURVE('',#3110,#3111,#90,.T.);
#2261=EDGE_CURVE('',#3111,#3112,#315,.T.);
#2262=EDGE_CURVE('',#3112,#3113,#91,.T.);
#2263=EDGE_CURVE('',#3113,#3114,#3657,.T.);
#2264=EDGE_CURVE('',#3114,#3115,#92,.T.);
#2265=EDGE_CURVE('',#3115,#3116,#316,.F.);
#2266=EDGE_CURVE('',#3116,#3117,#317,.F.);
#2267=EDGE_CURVE('',#3117,#3118,#93,.T.);
#2268=EDGE_CURVE('',#3118,#3119,#94,.T.);
#2269=EDGE_CURVE('',#3119,#3120,#95,.T.);
#2270=EDGE_CURVE('',#3120,#3121,#318,.F.);
#2271=EDGE_CURVE('',#3121,#3122,#96,.T.);
#2272=EDGE_CURVE('',#3122,#3123,#97,.T.);
#2273=EDGE_CURVE('',#3123,#3124,#3658,.T.);
#2274=EDGE_CURVE('',#3124,#3125,#3659,.T.);
#2275=EDGE_CURVE('',#3125,#3102,#3660,.T.);
#2276=EDGE_CURVE('',#3126,#3127,#3661,.T.);
#2277=EDGE_CURVE('',#3127,#3128,#3662,.T.);
#2278=EDGE_CURVE('',#3128,#3129,#3663,.T.);
#2279=EDGE_CURVE('',#3129,#3130,#3664,.T.);
#2280=EDGE_CURVE('',#3130,#3131,#3665,.T.);
#2281=EDGE_CURVE('',#3131,#3132,#98,.T.);
#2282=EDGE_CURVE('',#3132,#3133,#3666,.T.);
#2283=EDGE_CURVE('',#3133,#3134,#3667,.T.);
#2284=EDGE_CURVE('',#3134,#3135,#3668,.T.);
#2285=EDGE_CURVE('',#3135,#3126,#3669,.T.);
#2286=EDGE_CURVE('',#3136,#3137,#319,.T.);
#2287=EDGE_CURVE('',#3137,#3138,#99,.T.);
#2288=EDGE_CURVE('',#3138,#3139,#100,.T.);
#2289=EDGE_CURVE('',#3139,#3140,#101,.T.);
#2290=EDGE_CURVE('',#3140,#3141,#102,.T.);
#2291=EDGE_CURVE('',#3141,#3142,#3670,.T.);
#2292=EDGE_CURVE('',#3142,#3143,#103,.T.);
#2293=EDGE_CURVE('',#3143,#3144,#104,.T.);
#2294=EDGE_CURVE('',#3144,#3145,#105,.T.);
#2295=EDGE_CURVE('',#3145,#3146,#106,.T.);
#2296=EDGE_CURVE('',#3146,#3147,#107,.T.);
#2297=EDGE_CURVE('',#3147,#3148,#108,.T.);
#2298=EDGE_CURVE('',#3148,#3149,#109,.T.);
#2299=EDGE_CURVE('',#3149,#3150,#3671,.T.);
#2300=EDGE_CURVE('',#3150,#3136,#320,.T.);
#2301=EDGE_CURVE('',#3151,#3152,#3672,.T.);
#2302=EDGE_CURVE('',#3151,#3153,#321,.T.);
#2303=EDGE_CURVE('',#3153,#3154,#3673,.T.);
#2304=EDGE_CURVE('',#3154,#3155,#322,.T.);
#2305=EDGE_CURVE('',#3156,#3155,#3674,.T.);
#2306=EDGE_CURVE('',#3156,#3157,#323,.T.);
#2307=EDGE_CURVE('',#3158,#3157,#3675,.T.);
#2308=EDGE_CURVE('',#3158,#3159,#324,.T.);
#2309=EDGE_CURVE('',#3160,#3159,#3676,.T.);
#2310=EDGE_CURVE('',#3160,#3161,#325,.T.);
#2311=EDGE_CURVE('',#3162,#3161,#3677,.T.);
#2312=EDGE_CURVE('',#3162,#3152,#326,.F.);
#2313=EDGE_CURVE('',#3163,#3164,#3678,.T.);
#2314=EDGE_CURVE('',#3164,#3165,#3679,.T.);
#2315=EDGE_CURVE('',#3165,#3166,#3680,.T.);
#2316=EDGE_CURVE('',#3166,#3167,#3681,.T.);
#2317=EDGE_CURVE('',#3167,#3168,#3682,.T.);
#2318=EDGE_CURVE('',#3168,#3169,#3683,.T.);
#2319=EDGE_CURVE('',#3169,#3170,#3684,.T.);
#2320=EDGE_CURVE('',#3170,#3163,#3685,.T.);
#2321=EDGE_CURVE('',#3171,#3172,#3686,.T.);
#2322=EDGE_CURVE('',#3172,#3173,#3687,.T.);
#2323=EDGE_CURVE('',#3173,#3174,#110,.T.);
#2324=EDGE_CURVE('',#3174,#3175,#111,.T.);
#2325=EDGE_CURVE('',#3175,#3176,#112,.T.);
#2326=EDGE_CURVE('',#3176,#3177,#327,.F.);
#2327=EDGE_CURVE('',#3177,#3178,#3688,.T.);
#2328=EDGE_CURVE('',#3178,#3179,#113,.T.);
#2329=EDGE_CURVE('',#3179,#3180,#114,.T.);
#2330=EDGE_CURVE('',#3180,#3181,#115,.T.);
#2331=EDGE_CURVE('',#3181,#3182,#116,.T.);
#2332=EDGE_CURVE('',#3182,#3171,#3689,.T.);
#2333=EDGE_CURVE('',#3183,#3184,#3690,.T.);
#2334=EDGE_CURVE('',#3184,#3185,#3691,.T.);
#2335=EDGE_CURVE('',#3185,#3186,#3692,.T.);
#2336=EDGE_CURVE('',#3186,#3187,#3693,.T.);
#2337=EDGE_CURVE('',#3187,#3188,#3694,.T.);
#2338=EDGE_CURVE('',#3188,#3189,#3695,.T.);
#2339=EDGE_CURVE('',#3189,#3190,#3696,.T.);
#2340=EDGE_CURVE('',#3190,#3191,#3697,.T.);
#2341=EDGE_CURVE('',#3191,#3192,#3698,.T.);
#2342=EDGE_CURVE('',#3192,#3193,#3699,.T.);
#2343=EDGE_CURVE('',#3193,#3194,#3700,.T.);
#2344=EDGE_CURVE('',#3194,#3183,#3701,.T.);
#2345=EDGE_CURVE('',#3195,#3196,#3702,.T.);
#2346=EDGE_CURVE('',#3196,#3197,#3703,.T.);
#2347=EDGE_CURVE('',#3197,#3198,#3704,.T.);
#2348=EDGE_CURVE('',#3198,#3199,#328,.F.);
#2349=EDGE_CURVE('',#3199,#3200,#329,.F.);
#2350=EDGE_CURVE('',#3200,#3201,#117,.T.);
#2351=EDGE_CURVE('',#3201,#3202,#118,.T.);
#2352=EDGE_CURVE('',#3202,#3203,#119,.T.);
#2353=EDGE_CURVE('',#3203,#3204,#120,.T.);
#2354=EDGE_CURVE('',#3204,#3205,#330,.F.);
#2355=EDGE_CURVE('',#3205,#3206,#3705,.T.);
#2356=EDGE_CURVE('',#3206,#3207,#331,.T.);
#2357=EDGE_CURVE('',#3207,#3208,#121,.T.);
#2358=EDGE_CURVE('',#3208,#3209,#122,.T.);
#2359=EDGE_CURVE('',#3209,#3210,#123,.T.);
#2360=EDGE_CURVE('',#3210,#3211,#124,.T.);
#2361=EDGE_CURVE('',#3211,#3212,#332,.T.);
#2362=EDGE_CURVE('',#3212,#3213,#3706,.T.);
#2363=EDGE_CURVE('',#3213,#3195,#3707,.T.);
#2364=EDGE_CURVE('',#3214,#3215,#3708,.T.);
#2365=EDGE_CURVE('',#3215,#3216,#3709,.T.);
#2366=EDGE_CURVE('',#3216,#3217,#3710,.T.);
#2367=EDGE_CURVE('',#3217,#3218,#3711,.T.);
#2368=EDGE_CURVE('',#3218,#3219,#3712,.T.);
#2369=EDGE_CURVE('',#3219,#3220,#3713,.T.);
#2370=EDGE_CURVE('',#3220,#3221,#3714,.T.);
#2371=EDGE_CURVE('',#3221,#3222,#3715,.T.);
#2372=EDGE_CURVE('',#3222,#3223,#3716,.T.);
#2373=EDGE_CURVE('',#3223,#3214,#3717,.T.);
#2374=EDGE_CURVE('',#3224,#3225,#3718,.T.);
#2375=EDGE_CURVE('',#3225,#3226,#3719,.T.);
#2376=EDGE_CURVE('',#3226,#3227,#3720,.T.);
#2377=EDGE_CURVE('',#3227,#3228,#3721,.T.);
#2378=EDGE_CURVE('',#3228,#3229,#3722,.T.);
#2379=EDGE_CURVE('',#3229,#3230,#3723,.T.);
#2380=EDGE_CURVE('',#3230,#3231,#3724,.T.);
#2381=EDGE_CURVE('',#3231,#3232,#3725,.T.);
#2382=EDGE_CURVE('',#3232,#3233,#3726,.T.);
#2383=EDGE_CURVE('',#3233,#3234,#3727,.T.);
#2384=EDGE_CURVE('',#3234,#3235,#3728,.T.);
#2385=EDGE_CURVE('',#3235,#3224,#3729,.T.);
#2386=EDGE_CURVE('',#3042,#3236,#333,.T.);
#2387=EDGE_CURVE('',#3236,#3237,#3730,.T.);
#2388=EDGE_CURVE('',#3237,#3238,#334,.T.);
#2389=EDGE_CURVE('',#3238,#3239,#3731,.T.);
#2390=EDGE_CURVE('',#3239,#3240,#335,.F.);
#2391=EDGE_CURVE('',#3241,#3240,#3732,.T.);
#2392=EDGE_CURVE('',#3241,#3033,#336,.T.);
#2393=EDGE_CURVE('',#3032,#3242,#337,.T.);
#2394=EDGE_CURVE('',#3242,#3243,#3733,.T.);
#2395=EDGE_CURVE('',#3243,#3043,#338,.T.);
#2396=EDGE_CURVE('',#3244,#3245,#3734,.T.);
#2397=EDGE_CURVE('',#3245,#3246,#3735,.T.);
#2398=EDGE_CURVE('',#3246,#3247,#3736,.T.);
#2399=EDGE_CURVE('',#3247,#3248,#3737,.T.);
#2400=EDGE_CURVE('',#3248,#3249,#125,.T.);
#2401=EDGE_CURVE('',#3249,#3250,#126,.T.);
#2402=EDGE_CURVE('',#3250,#3251,#339,.T.);
#2403=EDGE_CURVE('',#3251,#3252,#127,.T.);
#2404=EDGE_CURVE('',#3252,#3253,#128,.T.);
#2405=EDGE_CURVE('',#3253,#3254,#340,.T.);
#2406=EDGE_CURVE('',#3254,#3255,#129,.T.);
#2407=EDGE_CURVE('',#3255,#3256,#3738,.T.);
#2408=EDGE_CURVE('',#3256,#3257,#130,.T.);
#2409=EDGE_CURVE('',#3257,#3258,#341,.F.);
#2410=EDGE_CURVE('',#3258,#3259,#342,.F.);
#2411=EDGE_CURVE('',#3259,#3260,#131,.T.);
#2412=EDGE_CURVE('',#3260,#3261,#132,.T.);
#2413=EDGE_CURVE('',#3261,#3262,#133,.T.);
#2414=EDGE_CURVE('',#3262,#3263,#343,.F.);
#2415=EDGE_CURVE('',#3263,#3264,#134,.T.);
#2416=EDGE_CURVE('',#3264,#3265,#135,.T.);
#2417=EDGE_CURVE('',#3265,#3266,#3739,.T.);
#2418=EDGE_CURVE('',#3266,#3267,#3740,.T.);
#2419=EDGE_CURVE('',#3267,#3244,#3741,.T.);
#2420=EDGE_CURVE('',#3268,#3269,#3742,.T.);
#2421=EDGE_CURVE('',#3269,#3270,#3743,.T.);
#2422=EDGE_CURVE('',#3270,#3271,#3744,.T.);
#2423=EDGE_CURVE('',#3271,#3272,#3745,.T.);
#2424=EDGE_CURVE('',#3272,#3273,#3746,.T.);
#2425=EDGE_CURVE('',#3273,#3274,#136,.T.);
#2426=EDGE_CURVE('',#3274,#3275,#3747,.T.);
#2427=EDGE_CURVE('',#3275,#3276,#3748,.T.);
#2428=EDGE_CURVE('',#3276,#3277,#3749,.T.);
#2429=EDGE_CURVE('',#3277,#3268,#3750,.T.);
#2430=EDGE_CURVE('',#3022,#3069,#3751,.T.);
#2431=EDGE_CURVE('',#3021,#3278,#3752,.F.);
#2432=EDGE_CURVE('',#3279,#3278,#3753,.T.);
#2433=EDGE_CURVE('',#3279,#3280,#344,.F.);
#2434=EDGE_CURVE('',#3280,#3281,#3754,.T.);
#2435=EDGE_CURVE('',#3281,#3282,#345,.F.);
#2436=EDGE_CURVE('',#3282,#3283,#3755,.T.);
#2437=EDGE_CURVE('',#3283,#3284,#346,.T.);
#2438=EDGE_CURVE('',#3285,#3284,#3756,.T.);
#2439=EDGE_CURVE('',#3285,#3286,#347,.F.);
#2440=EDGE_CURVE('',#3287,#3286,#3757,.T.);
#2441=EDGE_CURVE('',#3287,#3288,#348,.F.);
#2442=EDGE_CURVE('',#3288,#3289,#3758,.T.);
#2443=EDGE_CURVE('',#3289,#3091,#349,.T.);
#2444=EDGE_CURVE('',#3092,#3290,#350,.F.);
#2445=EDGE_CURVE('',#3291,#3290,#3759,.T.);
#2446=EDGE_CURVE('',#3291,#3292,#351,.F.);
#2447=EDGE_CURVE('',#3292,#3293,#3760,.T.);
#2448=EDGE_CURVE('',#3293,#3087,#3761,.F.);
#2449=EDGE_CURVE('',#3024,#3064,#3762,.T.);
#2450=EDGE_CURVE('',#3294,#3294,#352,.F.);
#2451=EDGE_CURVE('',#3295,#3295,#353,.F.);
#2452=EDGE_CURVE('',#3296,#3296,#354,.T.);
#2453=EDGE_CURVE('',#3297,#3297,#355,.T.);
#2454=EDGE_CURVE('',#3082,#3075,#3763,.F.);
#2455=EDGE_CURVE('',#3074,#3083,#3764,.F.);
#2456=EDGE_CURVE('',#3298,#3299,#3765,.T.);
#2457=EDGE_CURVE('',#3299,#3300,#356,.T.);
#2458=EDGE_CURVE('',#3301,#3300,#3766,.T.);
#2459=EDGE_CURVE('',#3301,#3302,#357,.T.);
#2460=EDGE_CURVE('',#3303,#3302,#3767,.T.);
#2461=EDGE_CURVE('',#3303,#3304,#358,.F.);
#2462=EDGE_CURVE('',#3305,#3304,#3768,.T.);
#2463=EDGE_CURVE('',#3305,#3306,#359,.T.);
#2464=EDGE_CURVE('',#3307,#3306,#3769,.T.);
#2465=EDGE_CURVE('',#3307,#3308,#360,.T.);
#2466=EDGE_CURVE('',#3308,#3309,#3770,.T.);
#2467=EDGE_CURVE('',#3309,#3020,#3771,.F.);
#2468=EDGE_CURVE('',#3020,#3310,#3772,.T.);
#2469=EDGE_CURVE('',#3310,#3311,#361,.F.);
#2470=EDGE_CURVE('',#3311,#3312,#3773,.T.);
#2471=EDGE_CURVE('',#3312,#3313,#362,.F.);
#2472=EDGE_CURVE('',#3313,#3314,#3774,.T.);
#2473=EDGE_CURVE('',#3314,#3315,#363,.F.);
#2474=EDGE_CURVE('',#3315,#3062,#3775,.F.);
#2475=EDGE_CURVE('',#3061,#3316,#3776,.F.);
#2476=EDGE_CURVE('',#3316,#3050,#364,.F.);
#2477=EDGE_CURVE('',#3051,#3317,#365,.F.);
#2478=EDGE_CURVE('',#3317,#3318,#3777,.T.);
#2479=EDGE_CURVE('',#3318,#3319,#366,.F.);
#2480=EDGE_CURVE('',#3319,#3088,#3778,.T.);
#2481=EDGE_CURVE('',#3088,#3320,#3779,.F.);
#2482=EDGE_CURVE('',#3321,#3320,#3780,.T.);
#2483=EDGE_CURVE('',#3321,#3322,#367,.T.);
#2484=EDGE_CURVE('',#3322,#3323,#3781,.T.);
#2485=EDGE_CURVE('',#3323,#3094,#368,.T.);
#2486=EDGE_CURVE('',#3093,#3298,#369,.F.);
#2487=EDGE_CURVE('',#3324,#3324,#370,.T.);
#2488=EDGE_CURVE('',#3325,#3325,#371,.T.);
#2489=EDGE_CURVE('',#3326,#3326,#372,.T.);
#2490=EDGE_CURVE('',#3327,#3327,#373,.T.);
#2491=EDGE_CURVE('',#3304,#3283,#3782,.F.);
#2492=EDGE_CURVE('',#3282,#3305,#3783,.F.);
#2493=EDGE_CURVE('',#3280,#3307,#3784,.F.);
#2494=EDGE_CURVE('',#3306,#3281,#3785,.T.);
#2495=EDGE_CURVE('',#3278,#3309,#3786,.T.);
#2496=EDGE_CURVE('',#3308,#3279,#3787,.T.);
#2497=EDGE_CURVE('',#3089,#3328,#3788,.T.);
#2498=EDGE_CURVE('',#3090,#3329,#3789,.T.);
#2499=EDGE_CURVE('',#3329,#3328,#3790,.T.);
#2500=EDGE_CURVE('',#3320,#3293,#3791,.T.);
#2501=EDGE_CURVE('',#3292,#3321,#3792,.F.);
#2502=EDGE_CURVE('',#3322,#3291,#3793,.T.);
#2503=EDGE_CURVE('',#3290,#3323,#3794,.F.);
#2504=EDGE_CURVE('',#3242,#3330,#3795,.T.);
#2505=EDGE_CURVE('',#3330,#3331,#3796,.F.);
#2506=EDGE_CURVE('',#3331,#3243,#3797,.F.);
#2507=EDGE_CURVE('',#3053,#3059,#3798,.T.);
#2508=EDGE_CURVE('',#3052,#3328,#3799,.T.);
#2509=EDGE_CURVE('',#3329,#3332,#374,.T.);
#2510=EDGE_CURVE('',#3332,#3333,#3800,.T.);
#2511=EDGE_CURVE('',#3333,#3237,#3801,.F.);
#2512=EDGE_CURVE('',#3236,#3334,#3802,.T.);
#2513=EDGE_CURVE('',#3334,#3060,#3803,.T.);
#2514=EDGE_CURVE('',#3335,#3336,#3804,.F.);
#2515=EDGE_CURVE('',#3336,#3156,#3805,.F.);
#2516=EDGE_CURVE('',#3155,#3335,#3806,.T.);
#2517=EDGE_CURVE('',#3337,#3338,#3807,.T.);
#2518=EDGE_CURVE('',#3337,#3339,#375,.F.);
#2519=EDGE_CURVE('',#3340,#3339,#3808,.T.);
#2520=EDGE_CURVE('',#3340,#3341,#376,.F.);
#2521=EDGE_CURVE('',#3342,#3341,#3809,.T.);
#2522=EDGE_CURVE('',#3342,#3338,#377,.F.);
#2523=EDGE_CURVE('',#3157,#3343,#3810,.T.);
#2524=EDGE_CURVE('',#3343,#3344,#3811,.F.);
#2525=EDGE_CURVE('',#3344,#3158,#3812,.F.);
#2526=EDGE_CURVE('',#3345,#3346,#3813,.T.);
#2527=EDGE_CURVE('',#3345,#3347,#378,.F.);
#2528=EDGE_CURVE('',#3348,#3347,#3814,.T.);
#2529=EDGE_CURVE('',#3348,#3066,#379,.F.);
#2530=EDGE_CURVE('',#3066,#3018,#3815,.T.);
#2531=EDGE_CURVE('',#3022,#3349,#3816,.T.);
#2532=EDGE_CURVE('',#3349,#3350,#3817,.T.);
#2533=EDGE_CURVE('',#3078,#3350,#3818,.T.);
#2534=EDGE_CURVE('',#3077,#3351,#380,.F.);
#2535=EDGE_CURVE('',#3352,#3351,#3819,.T.);
#2536=EDGE_CURVE('',#3352,#3160,#3820,.F.);
#2537=EDGE_CURVE('',#3159,#3353,#3821,.T.);
#2538=EDGE_CURVE('',#3353,#3018,#3822,.F.);
#2539=EDGE_CURVE('',#3065,#3346,#381,.F.);
#2540=EDGE_CURVE('',#3354,#3072,#3823,.T.);
#2541=EDGE_CURVE('',#3354,#3355,#3824,.T.);
#2542=EDGE_CURVE('',#3355,#3055,#3825,.T.);
#2543=EDGE_CURVE('',#3063,#3356,#3826,.T.);
#2544=EDGE_CURVE('',#3356,#3154,#3827,.F.);
#2545=EDGE_CURVE('',#3153,#3357,#3828,.T.);
#2546=EDGE_CURVE('',#3357,#3358,#3829,.T.);
#2547=EDGE_CURVE('',#3358,#3073,#382,.T.);
#2548=EDGE_CURVE('',#3357,#3359,#383,.F.);
#2549=EDGE_CURVE('',#3359,#3360,#3830,.T.);
#2550=EDGE_CURVE('',#3360,#3361,#384,.T.);
#2551=EDGE_CURVE('',#3361,#3362,#3831,.T.);
#2552=EDGE_CURVE('',#3362,#3352,#385,.F.);
#2553=EDGE_CURVE('',#3351,#3363,#3832,.T.);
#2554=EDGE_CURVE('',#3363,#3364,#3833,.T.);
#2555=EDGE_CURVE('',#3364,#3358,#3834,.F.);
#2556=EDGE_CURVE('',#3361,#3162,#3835,.F.);
#2557=EDGE_CURVE('',#3161,#3362,#3836,.T.);
#2558=EDGE_CURVE('',#3359,#3151,#3837,.F.);
#2559=EDGE_CURVE('',#3152,#3360,#3838,.T.);
#2560=EDGE_CURVE('',#3238,#3365,#3839,.T.);
#2561=EDGE_CURVE('',#3365,#3366,#3840,.T.);
#2562=EDGE_CURVE('',#3366,#3239,#3841,.F.);
#2563=EDGE_CURVE('',#3240,#3367,#3842,.T.);
#2564=EDGE_CURVE('',#3368,#3367,#3843,.T.);
#2565=EDGE_CURVE('',#3368,#3241,#3844,.F.);
#2566=EDGE_CURVE('',#3332,#3369,#3845,.F.);
#2567=EDGE_CURVE('',#3369,#3035,#3846,.F.);
#2568=EDGE_CURVE('',#3034,#3368,#386,.F.);
#2569=EDGE_CURVE('',#3367,#3366,#387,.T.);
#2570=EDGE_CURVE('',#3365,#3333,#388,.F.);
#2571=EDGE_CURVE('',#3076,#3081,#3847,.T.);
#2572=EDGE_CURVE('',#3370,#3245,#3848,.T.);
#2573=EDGE_CURVE('',#3370,#3371,#3849,.T.);
#2574=EDGE_CURVE('',#3371,#3246,#3850,.T.);
#2575=EDGE_CURVE('',#3372,#3244,#3851,.T.);
#2576=EDGE_CURVE('',#3372,#3370,#3852,.T.);
#2577=EDGE_CURVE('',#3373,#3267,#3853,.T.);
#2578=EDGE_CURVE('',#3373,#3372,#3854,.T.);
#2579=EDGE_CURVE('',#3374,#3266,#3855,.T.);
#2580=EDGE_CURVE('',#3374,#3373,#3856,.T.);
#2581=EDGE_CURVE('',#3375,#3265,#3857,.T.);
#2582=EDGE_CURVE('',#3375,#3374,#3858,.T.);
#2583=EDGE_CURVE('',#3376,#3264,#3859,.T.);
#2584=EDGE_CURVE('',#3376,#3375,#137,.T.);
#2585=EDGE_CURVE('',#3377,#3263,#3860,.T.);
#2586=EDGE_CURVE('',#3377,#3376,#138,.T.);
#2587=EDGE_CURVE('',#3378,#3262,#3861,.T.);
#2588=EDGE_CURVE('',#3378,#3377,#389,.F.);
#2589=EDGE_CURVE('',#3379,#3261,#3862,.T.);
#2590=EDGE_CURVE('',#3379,#3378,#139,.T.);
#2591=EDGE_CURVE('',#3380,#3260,#3863,.T.);
#2592=EDGE_CURVE('',#3380,#3379,#140,.T.);
#2593=EDGE_CURVE('',#3381,#3259,#3864,.T.);
#2594=EDGE_CURVE('',#3381,#3380,#141,.T.);
#2595=EDGE_CURVE('',#3382,#3258,#3865,.T.);
#2596=EDGE_CURVE('',#3382,#3381,#390,.F.);
#2597=EDGE_CURVE('',#3383,#3257,#3866,.T.);
#2598=EDGE_CURVE('',#3383,#3382,#391,.F.);
#2599=EDGE_CURVE('',#3384,#3256,#3867,.T.);
#2600=EDGE_CURVE('',#3384,#3383,#142,.T.);
#2601=EDGE_CURVE('',#3385,#3255,#3868,.T.);
#2602=EDGE_CURVE('',#3385,#3384,#3869,.T.);
#2603=EDGE_CURVE('',#3386,#3254,#3870,.T.);
#2604=EDGE_CURVE('',#3386,#3385,#143,.T.);
#2605=EDGE_CURVE('',#3387,#3253,#3871,.T.);
#2606=EDGE_CURVE('',#3387,#3386,#392,.T.);
#2607=EDGE_CURVE('',#3388,#3252,#3872,.T.);
#2608=EDGE_CURVE('',#3388,#3387,#144,.T.);
#2609=EDGE_CURVE('',#3389,#3251,#3873,.T.);
#2610=EDGE_CURVE('',#3389,#3388,#145,.T.);
#2611=EDGE_CURVE('',#3390,#3250,#3874,.T.);
#2612=EDGE_CURVE('',#3390,#3389,#393,.T.);
#2613=EDGE_CURVE('',#3391,#3249,#3875,.T.);
#2614=EDGE_CURVE('',#3391,#3390,#146,.T.);
#2615=EDGE_CURVE('',#3392,#3248,#3876,.T.);
#2616=EDGE_CURVE('',#3392,#3391,#147,.T.);
#2617=EDGE_CURVE('',#3393,#3247,#3877,.T.);
#2618=EDGE_CURVE('',#3393,#3392,#3878,.T.);
#2619=EDGE_CURVE('',#3371,#3393,#3879,.T.);
#2620=EDGE_CURVE('',#3394,#3269,#3880,.T.);
#2621=EDGE_CURVE('',#3394,#3395,#3881,.T.);
#2622=EDGE_CURVE('',#3395,#3270,#3882,.T.);
#2623=EDGE_CURVE('',#3396,#3268,#3883,.T.);
#2624=EDGE_CURVE('',#3396,#3394,#3884,.T.);
#2625=EDGE_CURVE('',#3397,#3277,#3885,.T.);
#2626=EDGE_CURVE('',#3397,#3396,#3886,.T.);
#2627=EDGE_CURVE('',#3398,#3276,#3887,.T.);
#2628=EDGE_CURVE('',#3398,#3397,#3888,.T.);
#2629=EDGE_CURVE('',#3399,#3275,#3889,.T.);
#2630=EDGE_CURVE('',#3399,#3398,#3890,.T.);
#2631=EDGE_CURVE('',#3400,#3274,#3891,.T.);
#2632=EDGE_CURVE('',#3400,#3399,#3892,.T.);
#2633=EDGE_CURVE('',#3401,#3273,#3893,.T.);
#2634=EDGE_CURVE('',#3401,#3400,#148,.T.);
#2635=EDGE_CURVE('',#3402,#3272,#3894,.T.);
#2636=EDGE_CURVE('',#3402,#3401,#3895,.T.);
#2637=EDGE_CURVE('',#3403,#3271,#3896,.T.);
#2638=EDGE_CURVE('',#3403,#3402,#3897,.T.);
#2639=EDGE_CURVE('',#3395,#3403,#3898,.T.);
#2640=EDGE_CURVE('',#3404,#3137,#3899,.T.);
#2641=EDGE_CURVE('',#3404,#3405,#149,.T.);
#2642=EDGE_CURVE('',#3405,#3138,#3900,.T.);
#2643=EDGE_CURVE('',#3406,#3136,#3901,.T.);
#2644=EDGE_CURVE('',#3406,#3404,#394,.T.);
#2645=EDGE_CURVE('',#3407,#3150,#3902,.T.);
#2646=EDGE_CURVE('',#3407,#3406,#395,.T.);
#2647=EDGE_CURVE('',#3408,#3149,#3903,.T.);
#2648=EDGE_CURVE('',#3408,#3407,#3904,.T.);
#2649=EDGE_CURVE('',#3409,#3148,#3905,.T.);
#2650=EDGE_CURVE('',#3409,#3408,#150,.T.);
#2651=EDGE_CURVE('',#3410,#3147,#3906,.T.);
#2652=EDGE_CURVE('',#3410,#3409,#151,.T.);
#2653=EDGE_CURVE('',#3411,#3146,#3907,.T.);
#2654=EDGE_CURVE('',#3411,#3410,#152,.T.);
#2655=EDGE_CURVE('',#3412,#3145,#3908,.T.);
#2656=EDGE_CURVE('',#3412,#3411,#153,.T.);
#2657=EDGE_CURVE('',#3413,#3144,#3909,.T.);
#2658=EDGE_CURVE('',#3413,#3412,#154,.T.);
#2659=EDGE_CURVE('',#3414,#3143,#3910,.T.);
#2660=EDGE_CURVE('',#3414,#3413,#155,.T.);
#2661=EDGE_CURVE('',#3415,#3142,#3911,.T.);
#2662=EDGE_CURVE('',#3415,#3414,#156,.T.);
#2663=EDGE_CURVE('',#3416,#3141,#3912,.T.);
#2664=EDGE_CURVE('',#3416,#3415,#3913,.T.);
#2665=EDGE_CURVE('',#3417,#3140,#3914,.T.);
#2666=EDGE_CURVE('',#3417,#3416,#157,.T.);
#2667=EDGE_CURVE('',#3418,#3139,#3915,.T.);
#2668=EDGE_CURVE('',#3418,#3417,#158,.T.);
#2669=EDGE_CURVE('',#3405,#3418,#159,.T.);
#2670=EDGE_CURVE('',#3419,#3127,#3916,.T.);
#2671=EDGE_CURVE('',#3419,#3420,#3917,.T.);
#2672=EDGE_CURVE('',#3420,#3128,#3918,.T.);
#2673=EDGE_CURVE('',#3421,#3126,#3919,.T.);
#2674=EDGE_CURVE('',#3421,#3419,#3920,.T.);
#2675=EDGE_CURVE('',#3422,#3135,#3921,.T.);
#2676=EDGE_CURVE('',#3422,#3421,#3922,.T.);
#2677=EDGE_CURVE('',#3423,#3134,#3923,.T.);
#2678=EDGE_CURVE('',#3423,#3422,#3924,.T.);
#2679=EDGE_CURVE('',#3424,#3133,#3925,.T.);
#2680=EDGE_CURVE('',#3424,#3423,#3926,.T.);
#2681=EDGE_CURVE('',#3425,#3132,#3927,.T.);
#2682=EDGE_CURVE('',#3425,#3424,#3928,.T.);
#2683=EDGE_CURVE('',#3426,#3131,#3929,.T.);
#2684=EDGE_CURVE('',#3426,#3425,#160,.T.);
#2685=EDGE_CURVE('',#3427,#3130,#3930,.T.);
#2686=EDGE_CURVE('',#3427,#3426,#3931,.T.);
#2687=EDGE_CURVE('',#3428,#3129,#3932,.T.);
#2688=EDGE_CURVE('',#3428,#3427,#3933,.T.);
#2689=EDGE_CURVE('',#3420,#3428,#3934,.T.);
#2690=EDGE_CURVE('',#3429,#3103,#3935,.T.);
#2691=EDGE_CURVE('',#3429,#3430,#3936,.T.);
#2692=EDGE_CURVE('',#3430,#3104,#3937,.T.);
#2693=EDGE_CURVE('',#3431,#3102,#3938,.T.);
#2694=EDGE_CURVE('',#3431,#3429,#3939,.T.);
#2695=EDGE_CURVE('',#3432,#3125,#3940,.T.);
#2696=EDGE_CURVE('',#3432,#3431,#3941,.T.);
#2697=EDGE_CURVE('',#3433,#3124,#3942,.T.);
#2698=EDGE_CURVE('',#3433,#3432,#3943,.T.);
#2699=EDGE_CURVE('',#3434,#3123,#3944,.T.);
#2700=EDGE_CURVE('',#3434,#3433,#3945,.T.);
#2701=EDGE_CURVE('',#3435,#3122,#3946,.T.);
#2702=EDGE_CURVE('',#3435,#3434,#161,.T.);
#2703=EDGE_CURVE('',#3436,#3121,#3947,.T.);
#2704=EDGE_CURVE('',#3436,#3435,#162,.T.);
#2705=EDGE_CURVE('',#3437,#3120,#3948,.T.);
#2706=EDGE_CURVE('',#3437,#3436,#396,.F.);
#2707=EDGE_CURVE('',#3438,#3119,#3949,.T.);
#2708=EDGE_CURVE('',#3438,#3437,#163,.T.);
#2709=EDGE_CURVE('',#3439,#3118,#3950,.T.);
#2710=EDGE_CURVE('',#3439,#3438,#164,.T.);
#2711=EDGE_CURVE('',#3440,#3117,#3951,.T.);
#2712=EDGE_CURVE('',#3440,#3439,#165,.T.);
#2713=EDGE_CURVE('',#3441,#3116,#3952,.T.);
#2714=EDGE_CURVE('',#3441,#3440,#397,.F.);
#2715=EDGE_CURVE('',#3442,#3115,#3953,.T.);
#2716=EDGE_CURVE('',#3442,#3441,#398,.F.);
#2717=EDGE_CURVE('',#3443,#3114,#3954,.T.);
#2718=EDGE_CURVE('',#3443,#3442,#166,.T.);
#2719=EDGE_CURVE('',#3444,#3113,#3955,.T.);
#2720=EDGE_CURVE('',#3444,#3443,#3956,.T.);
#2721=EDGE_CURVE('',#3445,#3112,#3957,.T.);
#2722=EDGE_CURVE('',#3445,#3444,#167,.T.);
#2723=EDGE_CURVE('',#3446,#3111,#3958,.T.);
#2724=EDGE_CURVE('',#3446,#3445,#399,.T.);
#2725=EDGE_CURVE('',#3447,#3110,#3959,.T.);
#2726=EDGE_CURVE('',#3447,#3446,#168,.T.);
#2727=EDGE_CURVE('',#3448,#3109,#3960,.T.);
#2728=EDGE_CURVE('',#3448,#3447,#169,.T.);
#2729=EDGE_CURVE('',#3449,#3108,#3961,.T.);
#2730=EDGE_CURVE('',#3449,#3448,#400,.T.);
#2731=EDGE_CURVE('',#3450,#3107,#3962,.T.);
#2732=EDGE_CURVE('',#3450,#3449,#170,.T.);
#2733=EDGE_CURVE('',#3451,#3106,#3963,.T.);
#2734=EDGE_CURVE('',#3451,#3450,#171,.T.);
#2735=EDGE_CURVE('',#3452,#3105,#3964,.T.);
#2736=EDGE_CURVE('',#3452,#3451,#3965,.T.);
#2737=EDGE_CURVE('',#3430,#3452,#3966,.T.);
#2738=EDGE_CURVE('',#3453,#3454,#401,.F.);
#2739=EDGE_CURVE('',#3455,#3453,#3967,.T.);
#2740=EDGE_CURVE('',#3455,#3456,#402,.F.);
#2741=EDGE_CURVE('',#3456,#3454,#3968,.T.);
#2742=EDGE_CURVE('',#3457,#3453,#3969,.T.);
#2743=EDGE_CURVE('',#3458,#3457,#3970,.T.);
#2744=EDGE_CURVE('',#3458,#3455,#3971,.T.);
#2745=EDGE_CURVE('',#3459,#3457,#172,.T.);
#2746=EDGE_CURVE('',#3460,#3459,#3972,.T.);
#2747=EDGE_CURVE('',#3460,#3458,#173,.T.);
#2748=EDGE_CURVE('',#3461,#3164,#3973,.T.);
#2749=EDGE_CURVE('',#3461,#3462,#3974,.T.);
#2750=EDGE_CURVE('',#3462,#3165,#3975,.T.);
#2751=EDGE_CURVE('',#3463,#3163,#3976,.T.);
#2752=EDGE_CURVE('',#3463,#3461,#3977,.T.);
#2753=EDGE_CURVE('',#3464,#3170,#3978,.T.);
#2754=EDGE_CURVE('',#3464,#3463,#3979,.T.);
#2755=EDGE_CURVE('',#3465,#3169,#3980,.T.);
#2756=EDGE_CURVE('',#3465,#3464,#3981,.T.);
#2757=EDGE_CURVE('',#3466,#3168,#3982,.T.);
#2758=EDGE_CURVE('',#3466,#3465,#3983,.T.);
#2759=EDGE_CURVE('',#3467,#3167,#3984,.T.);
#2760=EDGE_CURVE('',#3467,#3466,#3985,.T.);
#2761=EDGE_CURVE('',#3468,#3166,#3986,.T.);
#2762=EDGE_CURVE('',#3468,#3467,#3987,.T.);
#2763=EDGE_CURVE('',#3462,#3468,#3988,.T.);
#2764=EDGE_CURVE('',#3454,#3459,#403,.F.);
#2765=EDGE_CURVE('',#3456,#3460,#404,.F.);
#2766=EDGE_CURVE('',#3469,#3470,#174,.T.);
#2767=EDGE_CURVE('',#3471,#3469,#3989,.T.);
#2768=EDGE_CURVE('',#3471,#3472,#175,.T.);
#2769=EDGE_CURVE('',#3472,#3470,#3990,.T.);
#2770=EDGE_CURVE('',#3473,#3469,#176,.T.);
#2771=EDGE_CURVE('',#3474,#3473,#3991,.T.);
#2772=EDGE_CURVE('',#3474,#3471,#177,.T.);
#2773=EDGE_CURVE('',#3475,#3473,#3992,.T.);
#2774=EDGE_CURVE('',#3476,#3475,#3993,.T.);
#2775=EDGE_CURVE('',#3476,#3474,#3994,.T.);
#2776=EDGE_CURVE('',#3477,#3475,#3995,.T.);
#2777=EDGE_CURVE('',#3478,#3477,#3996,.T.);
#2778=EDGE_CURVE('',#3478,#3476,#3997,.T.);
#2779=EDGE_CURVE('',#3479,#3096,#3998,.T.);
#2780=EDGE_CURVE('',#3479,#3480,#178,.T.);
#2781=EDGE_CURVE('',#3480,#3097,#3999,.T.);
#2782=EDGE_CURVE('',#3481,#3095,#4000,.T.);
#2783=EDGE_CURVE('',#3481,#3479,#179,.T.);
#2784=EDGE_CURVE('',#3482,#3101,#4001,.T.);
#2785=EDGE_CURVE('',#3482,#3481,#180,.T.);
#2786=EDGE_CURVE('',#3483,#3100,#4002,.T.);
#2787=EDGE_CURVE('',#3483,#3482,#4003,.T.);
#2788=EDGE_CURVE('',#3484,#3099,#4004,.T.);
#2789=EDGE_CURVE('',#3484,#3483,#4005,.T.);
#2790=EDGE_CURVE('',#3485,#3098,#4006,.T.);
#2791=EDGE_CURVE('',#3485,#3484,#4007,.T.);
#2792=EDGE_CURVE('',#3480,#3485,#181,.T.);
#2793=EDGE_CURVE('',#3470,#3477,#4008,.T.);
#2794=EDGE_CURVE('',#3472,#3478,#4009,.T.);
#2795=EDGE_CURVE('',#3486,#3487,#4010,.T.);
#2796=EDGE_CURVE('',#3488,#3486,#4011,.T.);
#2797=EDGE_CURVE('',#3488,#3489,#4012,.T.);
#2798=EDGE_CURVE('',#3489,#3487,#4013,.T.);
#2799=EDGE_CURVE('',#3490,#3486,#4014,.T.);
#2800=EDGE_CURVE('',#3491,#3490,#4015,.T.);
#2801=EDGE_CURVE('',#3491,#3488,#4016,.T.);
#2802=EDGE_CURVE('',#3492,#3490,#182,.T.);
#2803=EDGE_CURVE('',#3493,#3492,#4017,.T.);
#2804=EDGE_CURVE('',#3493,#3491,#183,.T.);
#2805=EDGE_CURVE('',#3494,#3492,#184,.T.);
#2806=EDGE_CURVE('',#3495,#3494,#4018,.T.);
#2807=EDGE_CURVE('',#3495,#3493,#185,.T.);
#2808=EDGE_CURVE('',#3496,#3494,#186,.T.);
#2809=EDGE_CURVE('',#3497,#3496,#4019,.T.);
#2810=EDGE_CURVE('',#3497,#3495,#187,.T.);
#2811=EDGE_CURVE('',#3498,#3499,#4020,.T.);
#2812=EDGE_CURVE('',#3500,#3498,#4021,.T.);
#2813=EDGE_CURVE('',#3500,#3501,#4022,.T.);
#2814=EDGE_CURVE('',#3501,#3499,#4023,.T.);
#2815=EDGE_CURVE('',#3502,#3498,#4024,.T.);
#2816=EDGE_CURVE('',#3503,#3502,#4025,.T.);
#2817=EDGE_CURVE('',#3503,#3500,#4026,.T.);
#2818=EDGE_CURVE('',#3504,#3502,#4027,.T.);
#2819=EDGE_CURVE('',#3505,#3504,#4028,.T.);
#2820=EDGE_CURVE('',#3505,#3503,#4029,.T.);
#2821=EDGE_CURVE('',#3506,#3504,#188,.T.);
#2822=EDGE_CURVE('',#3507,#3506,#4030,.T.);
#2823=EDGE_CURVE('',#3507,#3505,#189,.T.);
#2824=EDGE_CURVE('',#3508,#3506,#190,.T.);
#2825=EDGE_CURVE('',#3509,#3508,#4031,.T.);
#2826=EDGE_CURVE('',#3509,#3507,#191,.T.);
#2827=EDGE_CURVE('',#3510,#3508,#192,.T.);
#2828=EDGE_CURVE('',#3511,#3510,#4032,.T.);
#2829=EDGE_CURVE('',#3511,#3509,#193,.T.);
#2830=EDGE_CURVE('',#3512,#3172,#4033,.T.);
#2831=EDGE_CURVE('',#3512,#3513,#4034,.T.);
#2832=EDGE_CURVE('',#3513,#3173,#4035,.T.);
#2833=EDGE_CURVE('',#3514,#3171,#4036,.T.);
#2834=EDGE_CURVE('',#3514,#3512,#4037,.T.);
#2835=EDGE_CURVE('',#3515,#3182,#4038,.T.);
#2836=EDGE_CURVE('',#3515,#3514,#4039,.T.);
#2837=EDGE_CURVE('',#3516,#3181,#4040,.T.);
#2838=EDGE_CURVE('',#3516,#3515,#194,.T.);
#2839=EDGE_CURVE('',#3517,#3180,#4041,.T.);
#2840=EDGE_CURVE('',#3517,#3516,#195,.T.);
#2841=EDGE_CURVE('',#3518,#3179,#4042,.T.);
#2842=EDGE_CURVE('',#3518,#3517,#196,.T.);
#2843=EDGE_CURVE('',#3519,#3178,#4043,.T.);
#2844=EDGE_CURVE('',#3519,#3518,#197,.T.);
#2845=EDGE_CURVE('',#3520,#3177,#4044,.T.);
#2846=EDGE_CURVE('',#3520,#3519,#4045,.T.);
#2847=EDGE_CURVE('',#3521,#3176,#4046,.T.);
#2848=EDGE_CURVE('',#3521,#3520,#405,.F.);
#2849=EDGE_CURVE('',#3522,#3175,#4047,.T.);
#2850=EDGE_CURVE('',#3522,#3521,#198,.T.);
#2851=EDGE_CURVE('',#3523,#3174,#4048,.T.);
#2852=EDGE_CURVE('',#3523,#3522,#199,.T.);
#2853=EDGE_CURVE('',#3499,#3510,#200,.T.);
#2854=EDGE_CURVE('',#3501,#3511,#201,.T.);
#2855=EDGE_CURVE('',#3513,#3523,#202,.T.);
#2856=EDGE_CURVE('',#3487,#3496,#4049,.T.);
#2857=EDGE_CURVE('',#3489,#3497,#4050,.T.);
#2858=EDGE_CURVE('',#3524,#3184,#4051,.T.);
#2859=EDGE_CURVE('',#3524,#3525,#4052,.T.);
#2860=EDGE_CURVE('',#3525,#3185,#4053,.T.);
#2861=EDGE_CURVE('',#3526,#3183,#4054,.T.);
#2862=EDGE_CURVE('',#3526,#3524,#4055,.T.);
#2863=EDGE_CURVE('',#3527,#3194,#4056,.T.);
#2864=EDGE_CURVE('',#3527,#3526,#4057,.T.);
#2865=EDGE_CURVE('',#3528,#3193,#4058,.T.);
#2866=EDGE_CURVE('',#3528,#3527,#4059,.T.);
#2867=EDGE_CURVE('',#3529,#3192,#4060,.T.);
#2868=EDGE_CURVE('',#3529,#3528,#4061,.T.);
#2869=EDGE_CURVE('',#3530,#3191,#4062,.T.);
#2870=EDGE_CURVE('',#3530,#3529,#4063,.T.);
#2871=EDGE_CURVE('',#3531,#3190,#4064,.T.);
#2872=EDGE_CURVE('',#3531,#3530,#4065,.T.);
#2873=EDGE_CURVE('',#3532,#3189,#4066,.T.);
#2874=EDGE_CURVE('',#3532,#3531,#4067,.T.);
#2875=EDGE_CURVE('',#3533,#3188,#4068,.T.);
#2876=EDGE_CURVE('',#3533,#3532,#4069,.T.);
#2877=EDGE_CURVE('',#3534,#3187,#4070,.T.);
#2878=EDGE_CURVE('',#3534,#3533,#4071,.T.);
#2879=EDGE_CURVE('',#3535,#3186,#4072,.T.);
#2880=EDGE_CURVE('',#3535,#3534,#4073,.T.);
#2881=EDGE_CURVE('',#3525,#3535,#4074,.T.);
#2882=EDGE_CURVE('',#3536,#3196,#4075,.T.);
#2883=EDGE_CURVE('',#3536,#3537,#4076,.T.);
#2884=EDGE_CURVE('',#3537,#3197,#4077,.T.);
#2885=EDGE_CURVE('',#3538,#3195,#4078,.T.);
#2886=EDGE_CURVE('',#3538,#3536,#4079,.T.);
#2887=EDGE_CURVE('',#3539,#3213,#4080,.T.);
#2888=EDGE_CURVE('',#3539,#3538,#4081,.T.);
#2889=EDGE_CURVE('',#3540,#3212,#4082,.T.);
#2890=EDGE_CURVE('',#3540,#3539,#4083,.T.);
#2891=EDGE_CURVE('',#3541,#3211,#4084,.T.);
#2892=EDGE_CURVE('',#3541,#3540,#406,.T.);
#2893=EDGE_CURVE('',#3542,#3210,#4085,.T.);
#2894=EDGE_CURVE('',#3542,#3541,#203,.T.);
#2895=EDGE_CURVE('',#3543,#3209,#4086,.T.);
#2896=EDGE_CURVE('',#3543,#3542,#204,.T.);
#2897=EDGE_CURVE('',#3544,#3208,#4087,.T.);
#2898=EDGE_CURVE('',#3544,#3543,#205,.T.);
#2899=EDGE_CURVE('',#3545,#3207,#4088,.T.);
#2900=EDGE_CURVE('',#3545,#3544,#206,.T.);
#2901=EDGE_CURVE('',#3546,#3206,#4089,.T.);
#2902=EDGE_CURVE('',#3546,#3545,#407,.T.);
#2903=EDGE_CURVE('',#3547,#3205,#4090,.T.);
#2904=EDGE_CURVE('',#3547,#3546,#4091,.T.);
#2905=EDGE_CURVE('',#3548,#3204,#4092,.T.);
#2906=EDGE_CURVE('',#3548,#3547,#408,.F.);
#2907=EDGE_CURVE('',#3549,#3203,#4093,.T.);
#2908=EDGE_CURVE('',#3549,#3548,#207,.T.);
#2909=EDGE_CURVE('',#3550,#3202,#4094,.T.);
#2910=EDGE_CURVE('',#3550,#3549,#208,.T.);
#2911=EDGE_CURVE('',#3551,#3201,#4095,.T.);
#2912=EDGE_CURVE('',#3551,#3550,#209,.T.);
#2913=EDGE_CURVE('',#3552,#3200,#4096,.T.);
#2914=EDGE_CURVE('',#3552,#3551,#210,.T.);
#2915=EDGE_CURVE('',#3553,#3199,#4097,.T.);
#2916=EDGE_CURVE('',#3553,#3552,#409,.F.);
#2917=EDGE_CURVE('',#3554,#3198,#4098,.T.);
#2918=EDGE_CURVE('',#3554,#3553,#410,.F.);
#2919=EDGE_CURVE('',#3537,#3554,#4099,.T.);
#2920=EDGE_CURVE('',#3555,#3215,#4100,.T.);
#2921=EDGE_CURVE('',#3555,#3556,#4101,.T.);
#2922=EDGE_CURVE('',#3556,#3216,#4102,.T.);
#2923=EDGE_CURVE('',#3557,#3214,#4103,.T.);
#2924=EDGE_CURVE('',#3557,#3555,#4104,.T.);
#2925=EDGE_CURVE('',#3558,#3223,#4105,.T.);
#2926=EDGE_CURVE('',#3558,#3557,#4106,.T.);
#2927=EDGE_CURVE('',#3559,#3222,#4107,.T.);
#2928=EDGE_CURVE('',#3559,#3558,#4108,.T.);
#2929=EDGE_CURVE('',#3560,#3221,#4109,.T.);
#2930=EDGE_CURVE('',#3560,#3559,#4110,.T.);
#2931=EDGE_CURVE('',#3561,#3220,#4111,.T.);
#2932=EDGE_CURVE('',#3561,#3560,#4112,.T.);
#2933=EDGE_CURVE('',#3562,#3219,#4113,.T.);
#2934=EDGE_CURVE('',#3562,#3561,#4114,.T.);
#2935=EDGE_CURVE('',#3563,#3218,#4115,.T.);
#2936=EDGE_CURVE('',#3563,#3562,#4116,.T.);
#2937=EDGE_CURVE('',#3564,#3217,#4117,.T.);
#2938=EDGE_CURVE('',#3564,#3563,#4118,.T.);
#2939=EDGE_CURVE('',#3556,#3564,#4119,.T.);
#2940=EDGE_CURVE('',#3565,#3225,#4120,.T.);
#2941=EDGE_CURVE('',#3565,#3566,#4121,.T.);
#2942=EDGE_CURVE('',#3566,#3226,#4122,.T.);
#2943=EDGE_CURVE('',#3567,#3224,#4123,.T.);
#2944=EDGE_CURVE('',#3567,#3565,#4124,.T.);
#2945=EDGE_CURVE('',#3568,#3235,#4125,.T.);
#2946=EDGE_CURVE('',#3568,#3567,#4126,.T.);
#2947=EDGE_CURVE('',#3569,#3234,#4127,.T.);
#2948=EDGE_CURVE('',#3569,#3568,#4128,.T.);
#2949=EDGE_CURVE('',#3570,#3233,#4129,.T.);
#2950=EDGE_CURVE('',#3570,#3569,#4130,.T.);
#2951=EDGE_CURVE('',#3571,#3232,#4131,.T.);
#2952=EDGE_CURVE('',#3571,#3570,#4132,.T.);
#2953=EDGE_CURVE('',#3572,#3231,#4133,.T.);
#2954=EDGE_CURVE('',#3572,#3571,#4134,.T.);
#2955=EDGE_CURVE('',#3573,#3230,#4135,.T.);
#2956=EDGE_CURVE('',#3573,#3572,#4136,.T.);
#2957=EDGE_CURVE('',#3574,#3229,#4137,.T.);
#2958=EDGE_CURVE('',#3574,#3573,#4138,.T.);
#2959=EDGE_CURVE('',#3575,#3228,#4139,.T.);
#2960=EDGE_CURVE('',#3575,#3574,#4140,.T.);
#2961=EDGE_CURVE('',#3576,#3227,#4141,.T.);
#2962=EDGE_CURVE('',#3576,#3575,#4142,.T.);
#2963=EDGE_CURVE('',#3566,#3576,#4143,.T.);
#2964=EDGE_CURVE('',#3300,#3287,#4144,.F.);
#2965=EDGE_CURVE('',#3286,#3301,#4145,.T.);
#2966=EDGE_CURVE('',#3298,#3289,#4146,.F.);
#2967=EDGE_CURVE('',#3288,#3299,#4147,.T.);
#2968=EDGE_CURVE('',#3302,#3285,#4148,.F.);
#2969=EDGE_CURVE('',#3284,#3303,#4149,.T.);
#2970=EDGE_CURVE('',#3363,#3083,#219,.T.);
#2971=EDGE_CURVE('',#3074,#3364,#220,.F.);
#2972=EDGE_CURVE('',#3084,#3369,#411,.T.);
#2973=EDGE_CURVE('',#3090,#3369,#412,.F.);
#2974=EDGE_CURVE('',#3041,#3334,#413,.T.);
#2975=EDGE_CURVE('',#3331,#3040,#414,.T.);
#2976=EDGE_CURVE('',#3356,#3335,#415,.T.);
#2977=EDGE_CURVE('',#3031,#3330,#416,.T.);
#2978=EDGE_CURVE('',#3336,#3343,#417,.T.);
#2979=EDGE_CURVE('',#3344,#3353,#418,.T.);
#2980=EDGE_CURVE('',#3031,#3319,#419,.T.);
#2981=EDGE_CURVE('',#3330,#3318,#420,.T.);
#2982=EDGE_CURVE('',#3331,#3317,#421,.T.);
#2983=EDGE_CURVE('',#3334,#3316,#422,.T.);
#2984=EDGE_CURVE('',#3356,#3315,#423,.T.);
#2985=EDGE_CURVE('',#3335,#3314,#424,.T.);
#2986=EDGE_CURVE('',#3336,#3313,#425,.T.);
#2987=EDGE_CURVE('',#3343,#3312,#426,.T.);
#2988=EDGE_CURVE('',#3344,#3311,#427,.T.);
#2989=EDGE_CURVE('',#3353,#3310,#428,.T.);
#2990=EDGE_CURVE('',#3029,#3049,#4150,.T.);
#2991=EDGE_CURVE('',#3048,#3577,#4151,.T.);
#2992=EDGE_CURVE('',#3577,#3030,#4152,.F.);
#2993=EDGE_CURVE('',#3350,#3354,#4153,.T.);
#2994=EDGE_CURVE('',#3339,#3345,#4154,.F.);
#2995=EDGE_CURVE('',#3346,#3578,#4155,.F.);
#2996=EDGE_CURVE('',#3578,#3340,#4156,.F.);
#2997=EDGE_CURVE('',#3355,#3349,#4157,.T.);
#2998=EDGE_CURVE('',#3338,#3579,#4158,.T.);
#2999=EDGE_CURVE('',#3579,#3348,#4159,.T.);
#3000=EDGE_CURVE('',#3347,#3337,#4160,.T.);
#3001=EDGE_CURVE('',#3067,#3342,#4161,.F.);
#3002=EDGE_CURVE('',#3341,#3068,#4162,.T.);
#3003=EDGE_CURVE('',#3046,#3013,#4163,.T.);
#3004=EDGE_CURVE('',#3012,#3047,#4164,.F.);
#3005=EDGE_CURVE('',#3027,#3580,#4165,.F.);
#3006=EDGE_CURVE('',#3580,#3044,#4166,.F.);
#3007=EDGE_CURVE('',#3045,#3028,#4167,.F.);
#3008=EDGE_CURVE('',#3067,#3579,#211,.F.);
#3009=EDGE_CURVE('',#3580,#3013,#212,.F.);
#3010=EDGE_CURVE('',#3012,#3577,#213,.F.);
#3011=EDGE_CURVE('',#3578,#3068,#214,.F.);
#3012=VERTEX_POINT('',#7695);
#3013=VERTEX_POINT('',#7696);
#3014=VERTEX_POINT('',#7698);
#3015=VERTEX_POINT('',#7700);
#3016=VERTEX_POINT('',#7704);
#3017=VERTEX_POINT('',#7705);
#3018=VERTEX_POINT('',#7707);
#3019=VERTEX_POINT('',#7709);
#3020=VERTEX_POINT('',#7711);
#3021=VERTEX_POINT('',#7713);
#3022=VERTEX_POINT('',#7715);
#3023=VERTEX_POINT('',#7719);
#3024=VERTEX_POINT('',#7720);
#3025=VERTEX_POINT('',#7722);
#3026=VERTEX_POINT('',#7724);
#3027=VERTEX_POINT('',#7727);
#3028=VERTEX_POINT('',#7729);
#3029=VERTEX_POINT('',#7731);
#3030=VERTEX_POINT('',#7733);
#3031=VERTEX_POINT('',#7736);
#3032=VERTEX_POINT('',#7738);
#3033=VERTEX_POINT('',#7740);
#3034=VERTEX_POINT('',#7742);
#3035=VERTEX_POINT('',#7744);
#3036=VERTEX_POINT('',#7746);
#3037=VERTEX_POINT('',#7748);
#3038=VERTEX_POINT('',#7750);
#3039=VERTEX_POINT('',#7752);
#3040=VERTEX_POINT('',#7756);
#3041=VERTEX_POINT('',#7757);
#3042=VERTEX_POINT('',#7759);
#3043=VERTEX_POINT('',#7761);
#3044=VERTEX_POINT('',#7764);
#3045=VERTEX_POINT('',#7765);
#3046=VERTEX_POINT('',#7767);
#3047=VERTEX_POINT('',#7769);
#3048=VERTEX_POINT('',#7771);
#3049=VERTEX_POINT('',#7773);
#3050=VERTEX_POINT('',#7777);
#3051=VERTEX_POINT('',#7779);
#3052=VERTEX_POINT('',#7783);
#3053=VERTEX_POINT('',#7785);
#3054=VERTEX_POINT('',#7789);
#3055=VERTEX_POINT('',#7790);
#3056=VERTEX_POINT('',#7792);
#3057=VERTEX_POINT('',#7794);
#3058=VERTEX_POINT('',#7796);
#3059=VERTEX_POINT('',#7798);
#3060=VERTEX_POINT('',#7800);
#3061=VERTEX_POINT('',#7802);
#3062=VERTEX_POINT('',#7804);
#3063=VERTEX_POINT('',#7806);
#3064=VERTEX_POINT('',#7810);
#3065=VERTEX_POINT('',#7814);
#3066=VERTEX_POINT('',#7815);
#3067=VERTEX_POINT('',#7817);
#3068=VERTEX_POINT('',#7819);
#3069=VERTEX_POINT('',#7823);
#3070=VERTEX_POINT('',#7827);
#3071=VERTEX_POINT('',#7828);
#3072=VERTEX_POINT('',#7830);
#3073=VERTEX_POINT('',#7832);
#3074=VERTEX_POINT('',#7834);
#3075=VERTEX_POINT('',#7836);
#3076=VERTEX_POINT('',#7838);
#3077=VERTEX_POINT('',#7842);
#3078=VERTEX_POINT('',#7843);
#3079=VERTEX_POINT('',#7845);
#3080=VERTEX_POINT('',#7847);
#3081=VERTEX_POINT('',#7849);
#3082=VERTEX_POINT('',#7851);
#3083=VERTEX_POINT('',#7853);
#3084=VERTEX_POINT('',#7857);
#3085=VERTEX_POINT('',#7858);
#3086=VERTEX_POINT('',#7863);
#3087=VERTEX_POINT('',#7865);
#3088=VERTEX_POINT('',#7867);
#3089=VERTEX_POINT('',#7874);
#3090=VERTEX_POINT('',#7876);
#3091=VERTEX_POINT('',#7880);
#3092=VERTEX_POINT('',#7881);
#3093=VERTEX_POINT('',#7883);
#3094=VERTEX_POINT('',#7885);
#3095=VERTEX_POINT('',#7891);
#3096=VERTEX_POINT('',#7892);
#3097=VERTEX_POINT('',#7896);
#3098=VERTEX_POINT('',#7900);
#3099=VERTEX_POINT('',#7902);
#3100=VERTEX_POINT('',#7904);
#3101=VERTEX_POINT('',#7906);
#3102=VERTEX_POINT('',#7911);
#3103=VERTEX_POINT('',#7912);
#3104=VERTEX_POINT('',#7914);
#3105=VERTEX_POINT('',#7916);
#3106=VERTEX_POINT('',#7918);
#3107=VERTEX_POINT('',#7922);
#3108=VERTEX_POINT('',#7926);
#3109=VERTEX_POINT('',#7928);
#3110=VERTEX_POINT('',#7932);
#3111=VERTEX_POINT('',#7936);
#3112=VERTEX_POINT('',#7938);
#3113=VERTEX_POINT('',#7942);
#3114=VERTEX_POINT('',#7944);
#3115=VERTEX_POINT('',#7948);
#3116=VERTEX_POINT('',#7950);
#3117=VERTEX_POINT('',#7952);
#3118=VERTEX_POINT('',#7956);
#3119=VERTEX_POINT('',#7960);
#3120=VERTEX_POINT('',#7964);
#3121=VERTEX_POINT('',#7966);
#3122=VERTEX_POINT('',#7970);
#3123=VERTEX_POINT('',#7974);
#3124=VERTEX_POINT('',#7976);
#3125=VERTEX_POINT('',#7978);
#3126=VERTEX_POINT('',#7981);
#3127=VERTEX_POINT('',#7982);
#3128=VERTEX_POINT('',#7984);
#3129=VERTEX_POINT('',#7986);
#3130=VERTEX_POINT('',#7988);
#3131=VERTEX_POINT('',#7990);
#3132=VERTEX_POINT('',#7994);
#3133=VERTEX_POINT('',#7996);
#3134=VERTEX_POINT('',#7998);
#3135=VERTEX_POINT('',#8000);
#3136=VERTEX_POINT('',#8003);
#3137=VERTEX_POINT('',#8004);
#3138=VERTEX_POINT('',#8008);
#3139=VERTEX_POINT('',#8012);
#3140=VERTEX_POINT('',#8016);
#3141=VERTEX_POINT('',#8020);
#3142=VERTEX_POINT('',#8022);
#3143=VERTEX_POINT('',#8026);
#3144=VERTEX_POINT('',#8030);
#3145=VERTEX_POINT('',#8034);
#3146=VERTEX_POINT('',#8038);
#3147=VERTEX_POINT('',#8042);
#3148=VERTEX_POINT('',#8046);
#3149=VERTEX_POINT('',#8050);
#3150=VERTEX_POINT('',#8052);
#3151=VERTEX_POINT('',#8055);
#3152=VERTEX_POINT('',#8056);
#3153=VERTEX_POINT('',#8058);
#3154=VERTEX_POINT('',#8060);
#3155=VERTEX_POINT('',#8062);
#3156=VERTEX_POINT('',#8064);
#3157=VERTEX_POINT('',#8066);
#3158=VERTEX_POINT('',#8068);
#3159=VERTEX_POINT('',#8070);
#3160=VERTEX_POINT('',#8072);
#3161=VERTEX_POINT('',#8074);
#3162=VERTEX_POINT('',#8076);
#3163=VERTEX_POINT('',#8079);
#3164=VERTEX_POINT('',#8080);
#3165=VERTEX_POINT('',#8082);
#3166=VERTEX_POINT('',#8084);
#3167=VERTEX_POINT('',#8086);
#3168=VERTEX_POINT('',#8088);
#3169=VERTEX_POINT('',#8090);
#3170=VERTEX_POINT('',#8092);
#3171=VERTEX_POINT('',#8095);
#3172=VERTEX_POINT('',#8096);
#3173=VERTEX_POINT('',#8098);
#3174=VERTEX_POINT('',#8102);
#3175=VERTEX_POINT('',#8106);
#3176=VERTEX_POINT('',#8110);
#3177=VERTEX_POINT('',#8112);
#3178=VERTEX_POINT('',#8114);
#3179=VERTEX_POINT('',#8118);
#3180=VERTEX_POINT('',#8122);
#3181=VERTEX_POINT('',#8126);
#3182=VERTEX_POINT('',#8130);
#3183=VERTEX_POINT('',#8133);
#3184=VERTEX_POINT('',#8134);
#3185=VERTEX_POINT('',#8136);
#3186=VERTEX_POINT('',#8138);
#3187=VERTEX_POINT('',#8140);
#3188=VERTEX_POINT('',#8142);
#3189=VERTEX_POINT('',#8144);
#3190=VERTEX_POINT('',#8146);
#3191=VERTEX_POINT('',#8148);
#3192=VERTEX_POINT('',#8150);
#3193=VERTEX_POINT('',#8152);
#3194=VERTEX_POINT('',#8154);
#3195=VERTEX_POINT('',#8157);
#3196=VERTEX_POINT('',#8158);
#3197=VERTEX_POINT('',#8160);
#3198=VERTEX_POINT('',#8162);
#3199=VERTEX_POINT('',#8164);
#3200=VERTEX_POINT('',#8166);
#3201=VERTEX_POINT('',#8170);
#3202=VERTEX_POINT('',#8174);
#3203=VERTEX_POINT('',#8178);
#3204=VERTEX_POINT('',#8182);
#3205=VERTEX_POINT('',#8184);
#3206=VERTEX_POINT('',#8186);
#3207=VERTEX_POINT('',#8188);
#3208=VERTEX_POINT('',#8192);
#3209=VERTEX_POINT('',#8196);
#3210=VERTEX_POINT('',#8200);
#3211=VERTEX_POINT('',#8204);
#3212=VERTEX_POINT('',#8206);
#3213=VERTEX_POINT('',#8208);
#3214=VERTEX_POINT('',#8211);
#3215=VERTEX_POINT('',#8212);
#3216=VERTEX_POINT('',#8214);
#3217=VERTEX_POINT('',#8216);
#3218=VERTEX_POINT('',#8218);
#3219=VERTEX_POINT('',#8220);
#3220=VERTEX_POINT('',#8222);
#3221=VERTEX_POINT('',#8224);
#3222=VERTEX_POINT('',#8226);
#3223=VERTEX_POINT('',#8228);
#3224=VERTEX_POINT('',#8231);
#3225=VERTEX_POINT('',#8232);
#3226=VERTEX_POINT('',#8234);
#3227=VERTEX_POINT('',#8236);
#3228=VERTEX_POINT('',#8238);
#3229=VERTEX_POINT('',#8240);
#3230=VERTEX_POINT('',#8242);
#3231=VERTEX_POINT('',#8244);
#3232=VERTEX_POINT('',#8246);
#3233=VERTEX_POINT('',#8248);
#3234=VERTEX_POINT('',#8250);
#3235=VERTEX_POINT('',#8252);
#3236=VERTEX_POINT('',#8256);
#3237=VERTEX_POINT('',#8258);
#3238=VERTEX_POINT('',#8260);
#3239=VERTEX_POINT('',#8262);
#3240=VERTEX_POINT('',#8264);
#3241=VERTEX_POINT('',#8266);
#3242=VERTEX_POINT('',#8269);
#3243=VERTEX_POINT('',#8271);
#3244=VERTEX_POINT('',#8274);
#3245=VERTEX_POINT('',#8275);
#3246=VERTEX_POINT('',#8277);
#3247=VERTEX_POINT('',#8279);
#3248=VERTEX_POINT('',#8281);
#3249=VERTEX_POINT('',#8285);
#3250=VERTEX_POINT('',#8289);
#3251=VERTEX_POINT('',#8291);
#3252=VERTEX_POINT('',#8295);
#3253=VERTEX_POINT('',#8299);
#3254=VERTEX_POINT('',#8301);
#3255=VERTEX_POINT('',#8305);
#3256=VERTEX_POINT('',#8307);
#3257=VERTEX_POINT('',#8311);
#3258=VERTEX_POINT('',#8313);
#3259=VERTEX_POINT('',#8315);
#3260=VERTEX_POINT('',#8319);
#3261=VERTEX_POINT('',#8323);
#3262=VERTEX_POINT('',#8327);
#3263=VERTEX_POINT('',#8329);
#3264=VERTEX_POINT('',#8333);
#3265=VERTEX_POINT('',#8337);
#3266=VERTEX_POINT('',#8339);
#3267=VERTEX_POINT('',#8341);
#3268=VERTEX_POINT('',#8344);
#3269=VERTEX_POINT('',#8345);
#3270=VERTEX_POINT('',#8347);
#3271=VERTEX_POINT('',#8349);
#3272=VERTEX_POINT('',#8351);
#3273=VERTEX_POINT('',#8353);
#3274=VERTEX_POINT('',#8357);
#3275=VERTEX_POINT('',#8359);
#3276=VERTEX_POINT('',#8361);
#3277=VERTEX_POINT('',#8363);
#3278=VERTEX_POINT('',#8368);
#3279=VERTEX_POINT('',#8370);
#3280=VERTEX_POINT('',#8372);
#3281=VERTEX_POINT('',#8374);
#3282=VERTEX_POINT('',#8376);
#3283=VERTEX_POINT('',#8378);
#3284=VERTEX_POINT('',#8380);
#3285=VERTEX_POINT('',#8382);
#3286=VERTEX_POINT('',#8384);
#3287=VERTEX_POINT('',#8386);
#3288=VERTEX_POINT('',#8388);
#3289=VERTEX_POINT('',#8390);
#3290=VERTEX_POINT('',#8393);
#3291=VERTEX_POINT('',#8395);
#3292=VERTEX_POINT('',#8397);
#3293=VERTEX_POINT('',#8399);
#3294=VERTEX_POINT('',#8403);
#3295=VERTEX_POINT('',#8405);
#3296=VERTEX_POINT('',#8407);
#3297=VERTEX_POINT('',#8409);
#3298=VERTEX_POINT('',#8415);
#3299=VERTEX_POINT('',#8416);
#3300=VERTEX_POINT('',#8418);
#3301=VERTEX_POINT('',#8420);
#3302=VERTEX_POINT('',#8422);
#3303=VERTEX_POINT('',#8424);
#3304=VERTEX_POINT('',#8426);
#3305=VERTEX_POINT('',#8428);
#3306=VERTEX_POINT('',#8430);
#3307=VERTEX_POINT('',#8432);
#3308=VERTEX_POINT('',#8434);
#3309=VERTEX_POINT('',#8436);
#3310=VERTEX_POINT('',#8439);
#3311=VERTEX_POINT('',#8441);
#3312=VERTEX_POINT('',#8443);
#3313=VERTEX_POINT('',#8445);
#3314=VERTEX_POINT('',#8447);
#3315=VERTEX_POINT('',#8449);
#3316=VERTEX_POINT('',#8452);
#3317=VERTEX_POINT('',#8455);
#3318=VERTEX_POINT('',#8457);
#3319=VERTEX_POINT('',#8459);
#3320=VERTEX_POINT('',#8462);
#3321=VERTEX_POINT('',#8464);
#3322=VERTEX_POINT('',#8466);
#3323=VERTEX_POINT('',#8468);
#3324=VERTEX_POINT('',#8472);
#3325=VERTEX_POINT('',#8474);
#3326=VERTEX_POINT('',#8476);
#3327=VERTEX_POINT('',#8478);
#3328=VERTEX_POINT('',#8490);
#3329=VERTEX_POINT('',#8492);
#3330=VERTEX_POINT('',#8508);
#3331=VERTEX_POINT('',#8510);
#3332=VERTEX_POINT('',#8516);
#3333=VERTEX_POINT('',#8518);
#3334=VERTEX_POINT('',#8521);
#3335=VERTEX_POINT('',#8525);
#3336=VERTEX_POINT('',#8526);
#3337=VERTEX_POINT('',#8530);
#3338=VERTEX_POINT('',#8531);
#3339=VERTEX_POINT('',#8533);
#3340=VERTEX_POINT('',#8535);
#3341=VERTEX_POINT('',#8537);
#3342=VERTEX_POINT('',#8539);
#3343=VERTEX_POINT('',#8543);
#3344=VERTEX_POINT('',#8545);
#3345=VERTEX_POINT('',#8549);
#3346=VERTEX_POINT('',#8550);
#3347=VERTEX_POINT('',#8552);
#3348=VERTEX_POINT('',#8554);
#3349=VERTEX_POINT('',#8558);
#3350=VERTEX_POINT('',#8560);
#3351=VERTEX_POINT('',#8563);
#3352=VERTEX_POINT('',#8565);
#3353=VERTEX_POINT('',#8568);
#3354=VERTEX_POINT('',#8573);
#3355=VERTEX_POINT('',#8575);
#3356=VERTEX_POINT('',#8578);
#3357=VERTEX_POINT('',#8581);
#3358=VERTEX_POINT('',#8583);
#3359=VERTEX_POINT('',#8587);
#3360=VERTEX_POINT('',#8589);
#3361=VERTEX_POINT('',#8591);
#3362=VERTEX_POINT('',#8593);
#3363=VERTEX_POINT('',#8596);
#3364=VERTEX_POINT('',#8598);
#3365=VERTEX_POINT('',#8608);
#3366=VERTEX_POINT('',#8610);
#3367=VERTEX_POINT('',#8614);
#3368=VERTEX_POINT('',#8616);
#3369=VERTEX_POINT('',#8620);
#3370=VERTEX_POINT('',#8633);
#3371=VERTEX_POINT('',#8635);
#3372=VERTEX_POINT('',#8639);
#3373=VERTEX_POINT('',#8643);
#3374=VERTEX_POINT('',#8647);
#3375=VERTEX_POINT('',#8651);
#3376=VERTEX_POINT('',#8662);
#3377=VERTEX_POINT('',#8675);
#3378=VERTEX_POINT('',#8681);
#3379=VERTEX_POINT('',#8692);
#3380=VERTEX_POINT('',#8705);
#3381=VERTEX_POINT('',#8718);
#3382=VERTEX_POINT('',#8724);
#3383=VERTEX_POINT('',#8728);
#3384=VERTEX_POINT('',#8739);
#3385=VERTEX_POINT('',#8745);
#3386=VERTEX_POINT('',#8756);
#3387=VERTEX_POINT('',#8762);
#3388=VERTEX_POINT('',#8773);
#3389=VERTEX_POINT('',#8786);
#3390=VERTEX_POINT('',#8792);
#3391=VERTEX_POINT('',#8803);
#3392=VERTEX_POINT('',#8816);
#3393=VERTEX_POINT('',#8822);
#3394=VERTEX_POINT('',#8829);
#3395=VERTEX_POINT('',#8831);
#3396=VERTEX_POINT('',#8835);
#3397=VERTEX_POINT('',#8839);
#3398=VERTEX_POINT('',#8843);
#3399=VERTEX_POINT('',#8847);
#3400=VERTEX_POINT('',#8851);
#3401=VERTEX_POINT('',#8862);
#3402=VERTEX_POINT('',#8868);
#3403=VERTEX_POINT('',#8872);
#3404=VERTEX_POINT('',#8886);
#3405=VERTEX_POINT('',#8890);
#3406=VERTEX_POINT('',#8894);
#3407=VERTEX_POINT('',#8898);
#3408=VERTEX_POINT('',#8902);
#3409=VERTEX_POINT('',#8913);
#3410=VERTEX_POINT('',#8926);
#3411=VERTEX_POINT('',#8939);
#3412=VERTEX_POINT('',#8952);
#3413=VERTEX_POINT('',#8965);
#3414=VERTEX_POINT('',#8978);
#3415=VERTEX_POINT('',#8991);
#3416=VERTEX_POINT('',#8997);
#3417=VERTEX_POINT('',#9008);
#3418=VERTEX_POINT('',#9021);
#3419=VERTEX_POINT('',#9039);
#3420=VERTEX_POINT('',#9041);
#3421=VERTEX_POINT('',#9045);
#3422=VERTEX_POINT('',#9049);
#3423=VERTEX_POINT('',#9053);
#3424=VERTEX_POINT('',#9057);
#3425=VERTEX_POINT('',#9061);
#3426=VERTEX_POINT('',#9072);
#3427=VERTEX_POINT('',#9078);
#3428=VERTEX_POINT('',#9082);
#3429=VERTEX_POINT('',#9089);
#3430=VERTEX_POINT('',#9091);
#3431=VERTEX_POINT('',#9095);
#3432=VERTEX_POINT('',#9099);
#3433=VERTEX_POINT('',#9103);
#3434=VERTEX_POINT('',#9107);
#3435=VERTEX_POINT('',#9118);
#3436=VERTEX_POINT('',#9131);
#3437=VERTEX_POINT('',#9137);
#3438=VERTEX_POINT('',#9148);
#3439=VERTEX_POINT('',#9161);
#3440=VERTEX_POINT('',#9174);
#3441=VERTEX_POINT('',#9180);
#3442=VERTEX_POINT('',#9184);
#3443=VERTEX_POINT('',#9195);
#3444=VERTEX_POINT('',#9201);
#3445=VERTEX_POINT('',#9212);
#3446=VERTEX_POINT('',#9218);
#3447=VERTEX_POINT('',#9229);
#3448=VERTEX_POINT('',#9242);
#3449=VERTEX_POINT('',#9248);
#3450=VERTEX_POINT('',#9259);
#3451=VERTEX_POINT('',#9272);
#3452=VERTEX_POINT('',#9278);
#3453=VERTEX_POINT('',#9285);
#3454=VERTEX_POINT('',#9286);
#3455=VERTEX_POINT('',#9288);
#3456=VERTEX_POINT('',#9290);
#3457=VERTEX_POINT('',#9294);
#3458=VERTEX_POINT('',#9296);
#3459=VERTEX_POINT('',#9309);
#3460=VERTEX_POINT('',#9311);
#3461=VERTEX_POINT('',#9317);
#3462=VERTEX_POINT('',#9319);
#3463=VERTEX_POINT('',#9323);
#3464=VERTEX_POINT('',#9327);
#3465=VERTEX_POINT('',#9331);
#3466=VERTEX_POINT('',#9335);
#3467=VERTEX_POINT('',#9339);
#3468=VERTEX_POINT('',#9343);
#3469=VERTEX_POINT('',#9362);
#3470=VERTEX_POINT('',#9363);
#3471=VERTEX_POINT('',#9365);
#3472=VERTEX_POINT('',#9369);
#3473=VERTEX_POINT('',#9382);
#3474=VERTEX_POINT('',#9384);
#3475=VERTEX_POINT('',#9390);
#3476=VERTEX_POINT('',#9392);
#3477=VERTEX_POINT('',#9396);
#3478=VERTEX_POINT('',#9398);
#3479=VERTEX_POINT('',#9409);
#3480=VERTEX_POINT('',#9413);
#3481=VERTEX_POINT('',#9424);
#3482=VERTEX_POINT('',#9437);
#3483=VERTEX_POINT('',#9443);
#3484=VERTEX_POINT('',#9447);
#3485=VERTEX_POINT('',#9451);
#3486=VERTEX_POINT('',#9470);
#3487=VERTEX_POINT('',#9471);
#3488=VERTEX_POINT('',#9473);
#3489=VERTEX_POINT('',#9475);
#3490=VERTEX_POINT('',#9479);
#3491=VERTEX_POINT('',#9481);
#3492=VERTEX_POINT('',#9494);
#3493=VERTEX_POINT('',#9496);
#3494=VERTEX_POINT('',#9511);
#3495=VERTEX_POINT('',#9513);
#3496=VERTEX_POINT('',#9528);
#3497=VERTEX_POINT('',#9530);
#3498=VERTEX_POINT('',#9536);
#3499=VERTEX_POINT('',#9537);
#3500=VERTEX_POINT('',#9539);
#3501=VERTEX_POINT('',#9541);
#3502=VERTEX_POINT('',#9545);
#3503=VERTEX_POINT('',#9547);
#3504=VERTEX_POINT('',#9551);
#3505=VERTEX_POINT('',#9553);
#3506=VERTEX_POINT('',#9566);
#3507=VERTEX_POINT('',#9568);
#3508=VERTEX_POINT('',#9583);
#3509=VERTEX_POINT('',#9585);
#3510=VERTEX_POINT('',#9600);
#3511=VERTEX_POINT('',#9602);
#3512=VERTEX_POINT('',#9608);
#3513=VERTEX_POINT('',#9610);
#3514=VERTEX_POINT('',#9614);
#3515=VERTEX_POINT('',#9618);
#3516=VERTEX_POINT('',#9629);
#3517=VERTEX_POINT('',#9642);
#3518=VERTEX_POINT('',#9655);
#3519=VERTEX_POINT('',#9668);
#3520=VERTEX_POINT('',#9674);
#3521=VERTEX_POINT('',#9678);
#3522=VERTEX_POINT('',#9689);
#3523=VERTEX_POINT('',#9702);
#3524=VERTEX_POINT('',#9738);
#3525=VERTEX_POINT('',#9740);
#3526=VERTEX_POINT('',#9744);
#3527=VERTEX_POINT('',#9748);
#3528=VERTEX_POINT('',#9752);
#3529=VERTEX_POINT('',#9756);
#3530=VERTEX_POINT('',#9760);
#3531=VERTEX_POINT('',#9764);
#3532=VERTEX_POINT('',#9768);
#3533=VERTEX_POINT('',#9772);
#3534=VERTEX_POINT('',#9776);
#3535=VERTEX_POINT('',#9780);
#3536=VERTEX_POINT('',#9787);
#3537=VERTEX_POINT('',#9789);
#3538=VERTEX_POINT('',#9793);
#3539=VERTEX_POINT('',#9797);
#3540=VERTEX_POINT('',#9801);
#3541=VERTEX_POINT('',#9805);
#3542=VERTEX_POINT('',#9816);
#3543=VERTEX_POINT('',#9829);
#3544=VERTEX_POINT('',#9842);
#3545=VERTEX_POINT('',#9855);
#3546=VERTEX_POINT('',#9861);
#3547=VERTEX_POINT('',#9865);
#3548=VERTEX_POINT('',#9869);
#3549=VERTEX_POINT('',#9880);
#3550=VERTEX_POINT('',#9893);
#3551=VERTEX_POINT('',#9906);
#3552=VERTEX_POINT('',#9919);
#3553=VERTEX_POINT('',#9925);
#3554=VERTEX_POINT('',#9929);
#3555=VERTEX_POINT('',#9936);
#3556=VERTEX_POINT('',#9938);
#3557=VERTEX_POINT('',#9942);
#3558=VERTEX_POINT('',#9946);
#3559=VERTEX_POINT('',#9950);
#3560=VERTEX_POINT('',#9954);
#3561=VERTEX_POINT('',#9958);
#3562=VERTEX_POINT('',#9962);
#3563=VERTEX_POINT('',#9966);
#3564=VERTEX_POINT('',#9970);
#3565=VERTEX_POINT('',#9977);
#3566=VERTEX_POINT('',#9979);
#3567=VERTEX_POINT('',#9983);
#3568=VERTEX_POINT('',#9987);
#3569=VERTEX_POINT('',#9991);
#3570=VERTEX_POINT('',#9995);
#3571=VERTEX_POINT('',#9999);
#3572=VERTEX_POINT('',#10003);
#3573=VERTEX_POINT('',#10007);
#3574=VERTEX_POINT('',#10011);
#3575=VERTEX_POINT('',#10015);
#3576=VERTEX_POINT('',#10019);
#3577=VERTEX_POINT('',#10096);
#3578=VERTEX_POINT('',#10103);
#3579=VERTEX_POINT('',#10111);
#3580=VERTEX_POINT('',#10122);
#3581=LINE('',#7694,#4168);
#3582=LINE('',#7697,#4169);
#3583=LINE('',#7699,#4170);
#3584=LINE('',#7701,#4171);
#3585=LINE('',#7703,#4172);
#3586=LINE('',#7706,#4173);
#3587=LINE('',#7712,#4174);
#3588=LINE('',#7714,#4175);
#3589=LINE('',#7716,#4176);
#3590=LINE('',#7718,#4177);
#3591=LINE('',#7721,#4178);
#3592=LINE('',#7723,#4179);
#3593=LINE('',#7725,#4180);
#3594=LINE('',#7728,#4181);
#3595=LINE('',#7732,#4182);
#3596=LINE('',#7735,#4183);
#3597=LINE('',#7737,#4184);
#3598=LINE('',#7739,#4185);
#3599=LINE('',#7741,#4186);
#3600=LINE('',#7743,#4187);
#3601=LINE('',#7747,#4188);
#3602=LINE('',#7749,#4189);
#3603=LINE('',#7751,#4190);
#3604=LINE('',#7753,#4191);
#3605=LINE('',#7755,#4192);
#3606=LINE('',#7758,#4193);
#3607=LINE('',#7760,#4194);
#3608=LINE('',#7762,#4195);
#3609=LINE('',#7763,#4196);
#3610=LINE('',#7768,#4197);
#3611=LINE('',#7772,#4198);
#3612=LINE('',#7780,#4199);
#3613=LINE('',#7782,#4200);
#3614=LINE('',#7784,#4201);
#3615=LINE('',#7786,#4202);
#3616=LINE('',#7788,#4203);
#3617=LINE('',#7791,#4204);
#3618=LINE('',#7793,#4205);
#3619=LINE('',#7795,#4206);
#3620=LINE('',#7797,#4207);
#3621=LINE('',#7799,#4208);
#3622=LINE('',#7803,#4209);
#3623=LINE('',#7807,#4210);
#3624=LINE('',#7813,#4211);
#3625=LINE('',#7816,#4212);
#3626=LINE('',#7818,#4213);
#3627=LINE('',#7820,#4214);
#3628=LINE('',#7826,#4215);
#3629=LINE('',#7829,#4216);
#3630=LINE('',#7831,#4217);
#3631=LINE('',#7833,#4218);
#3632=LINE('',#7835,#4219);
#3633=LINE('',#7839,#4220);
#3634=LINE('',#7841,#4221);
#3635=LINE('',#7844,#4222);
#3636=LINE('',#7846,#4223);
#3637=LINE('',#7848,#4224);
#3638=LINE('',#7852,#4225);
#3639=LINE('',#7854,#4226);
#3640=LINE('',#7856,#4227);
#3641=LINE('',#7859,#4228);
#3642=LINE('',#7860,#4229);
#3643=LINE('',#7864,#4230);
#3644=LINE('',#7866,#4231);
#3645=LINE('',#7877,#4232);
#3646=LINE('',#7879,#4233);
#3647=LINE('',#7882,#4234);
#3648=LINE('',#7884,#4235);
#3649=LINE('',#7886,#4236);
#3650=LINE('',#7901,#4237);
#3651=LINE('',#7903,#4238);
#3652=LINE('',#7905,#4239);
#3653=LINE('',#7910,#4240);
#3654=LINE('',#7913,#4241);
#3655=LINE('',#7915,#4242);
#3656=LINE('',#7917,#4243);
#3657=LINE('',#7943,#4244);
#3658=LINE('',#7975,#4245);
#3659=LINE('',#7977,#4246);
#3660=LINE('',#7979,#4247);
#3661=LINE('',#7980,#4248);
#3662=LINE('',#7983,#4249);
#3663=LINE('',#7985,#4250);
#3664=LINE('',#7987,#4251);
#3665=LINE('',#7989,#4252);
#3666=LINE('',#7995,#4253);
#3667=LINE('',#7997,#4254);
#3668=LINE('',#7999,#4255);
#3669=LINE('',#8001,#4256);
#3670=LINE('',#8021,#4257);
#3671=LINE('',#8051,#4258);
#3672=LINE('',#8054,#4259);
#3673=LINE('',#8059,#4260);
#3674=LINE('',#8063,#4261);
#3675=LINE('',#8067,#4262);
#3676=LINE('',#8071,#4263);
#3677=LINE('',#8075,#4264);
#3678=LINE('',#8078,#4265);
#3679=LINE('',#8081,#4266);
#3680=LINE('',#8083,#4267);
#3681=LINE('',#8085,#4268);
#3682=LINE('',#8087,#4269);
#3683=LINE('',#8089,#4270);
#3684=LINE('',#8091,#4271);
#3685=LINE('',#8093,#4272);
#3686=LINE('',#8094,#4273);
#3687=LINE('',#8097,#4274);
#3688=LINE('',#8113,#4275);
#3689=LINE('',#8131,#4276);
#3690=LINE('',#8132,#4277);
#3691=LINE('',#8135,#4278);
#3692=LINE('',#8137,#4279);
#3693=LINE('',#8139,#4280);
#3694=LINE('',#8141,#4281);
#3695=LINE('',#8143,#4282);
#3696=LINE('',#8145,#4283);
#3697=LINE('',#8147,#4284);
#3698=LINE('',#8149,#4285);
#3699=LINE('',#8151,#4286);
#3700=LINE('',#8153,#4287);
#3701=LINE('',#8155,#4288);
#3702=LINE('',#8156,#4289);
#3703=LINE('',#8159,#4290);
#3704=LINE('',#8161,#4291);
#3705=LINE('',#8185,#4292);
#3706=LINE('',#8207,#4293);
#3707=LINE('',#8209,#4294);
#3708=LINE('',#8210,#4295);
#3709=LINE('',#8213,#4296);
#3710=LINE('',#8215,#4297);
#3711=LINE('',#8217,#4298);
#3712=LINE('',#8219,#4299);
#3713=LINE('',#8221,#4300);
#3714=LINE('',#8223,#4301);
#3715=LINE('',#8225,#4302);
#3716=LINE('',#8227,#4303);
#3717=LINE('',#8229,#4304);
#3718=LINE('',#8230,#4305);
#3719=LINE('',#8233,#4306);
#3720=LINE('',#8235,#4307);
#3721=LINE('',#8237,#4308);
#3722=LINE('',#8239,#4309);
#3723=LINE('',#8241,#4310);
#3724=LINE('',#8243,#4311);
#3725=LINE('',#8245,#4312);
#3726=LINE('',#8247,#4313);
#3727=LINE('',#8249,#4314);
#3728=LINE('',#8251,#4315);
#3729=LINE('',#8253,#4316);
#3730=LINE('',#8257,#4317);
#3731=LINE('',#8261,#4318);
#3732=LINE('',#8265,#4319);
#3733=LINE('',#8270,#4320);
#3734=LINE('',#8273,#4321);
#3735=LINE('',#8276,#4322);
#3736=LINE('',#8278,#4323);
#3737=LINE('',#8280,#4324);
#3738=LINE('',#8306,#4325);
#3739=LINE('',#8338,#4326);
#3740=LINE('',#8340,#4327);
#3741=LINE('',#8342,#4328);
#3742=LINE('',#8343,#4329);
#3743=LINE('',#8346,#4330);
#3744=LINE('',#8348,#4331);
#3745=LINE('',#8350,#4332);
#3746=LINE('',#8352,#4333);
#3747=LINE('',#8358,#4334);
#3748=LINE('',#8360,#4335);
#3749=LINE('',#8362,#4336);
#3750=LINE('',#8364,#4337);
#3751=LINE('',#8366,#4338);
#3752=LINE('',#8367,#4339);
#3753=LINE('',#8369,#4340);
#3754=LINE('',#8373,#4341);
#3755=LINE('',#8377,#4342);
#3756=LINE('',#8381,#4343);
#3757=LINE('',#8385,#4344);
#3758=LINE('',#8389,#4345);
#3759=LINE('',#8394,#4346);
#3760=LINE('',#8398,#4347);
#3761=LINE('',#8400,#4348);
#3762=LINE('',#8401,#4349);
#3763=LINE('',#8411,#4350);
#3764=LINE('',#8412,#4351);
#3765=LINE('',#8414,#4352);
#3766=LINE('',#8419,#4353);
#3767=LINE('',#8423,#4354);
#3768=LINE('',#8427,#4355);
#3769=LINE('',#8431,#4356);
#3770=LINE('',#8435,#4357);
#3771=LINE('',#8437,#4358);
#3772=LINE('',#8438,#4359);
#3773=LINE('',#8442,#4360);
#3774=LINE('',#8446,#4361);
#3775=LINE('',#8450,#4362);
#3776=LINE('',#8451,#4363);
#3777=LINE('',#8456,#4364);
#3778=LINE('',#8460,#4365);
#3779=LINE('',#8461,#4366);
#3780=LINE('',#8463,#4367);
#3781=LINE('',#8467,#4368);
#3782=LINE('',#8480,#4369);
#3783=LINE('',#8481,#4370);
#3784=LINE('',#8483,#4371);
#3785=LINE('',#8484,#4372);
#3786=LINE('',#8486,#4373);
#3787=LINE('',#8487,#4374);
#3788=LINE('',#8489,#4375);
#3789=LINE('',#8491,#4376);
#3790=LINE('',#8493,#4377);
#3791=LINE('',#8495,#4378);
#3792=LINE('',#8496,#4379);
#3793=LINE('',#8498,#4380);
#3794=LINE('',#8499,#4381);
#3795=LINE('',#8507,#4382);
#3796=LINE('',#8509,#4383);
#3797=LINE('',#8511,#4384);
#3798=LINE('',#8513,#4385);
#3799=LINE('',#8514,#4386);
#3800=LINE('',#8517,#4387);
#3801=LINE('',#8519,#4388);
#3802=LINE('',#8520,#4389);
#3803=LINE('',#8522,#4390);
#3804=LINE('',#8524,#4391);
#3805=LINE('',#8527,#4392);
#3806=LINE('',#8528,#4393);
#3807=LINE('',#8529,#4394);
#3808=LINE('',#8534,#4395);
#3809=LINE('',#8538,#4396);
#3810=LINE('',#8542,#4397);
#3811=LINE('',#8544,#4398);
#3812=LINE('',#8546,#4399);
#3813=LINE('',#8548,#4400);
#3814=LINE('',#8553,#4401);
#3815=LINE('',#8556,#4402);
#3816=LINE('',#8557,#4403);
#3817=LINE('',#8559,#4404);
#3818=LINE('',#8561,#4405);
#3819=LINE('',#8564,#4406);
#3820=LINE('',#8566,#4407);
#3821=LINE('',#8567,#4408);
#3822=LINE('',#8569,#4409);
#3823=LINE('',#8572,#4410);
#3824=LINE('',#8574,#4411);
#3825=LINE('',#8576,#4412);
#3826=LINE('',#8577,#4413);
#3827=LINE('',#8579,#4414);
#3828=LINE('',#8580,#4415);
#3829=LINE('',#8582,#4416);
#3830=LINE('',#8588,#4417);
#3831=LINE('',#8592,#4418);
#3832=LINE('',#8595,#4419);
#3833=LINE('',#8597,#4420);
#3834=LINE('',#8599,#4421);
#3835=LINE('',#8601,#4422);
#3836=LINE('',#8602,#4423);
#3837=LINE('',#8604,#4424);
#3838=LINE('',#8605,#4425);
#3839=LINE('',#8607,#4426);
#3840=LINE('',#8609,#4427);
#3841=LINE('',#8611,#4428);
#3842=LINE('',#8613,#4429);
#3843=LINE('',#8615,#4430);
#3844=LINE('',#8617,#4431);
#3845=LINE('',#8619,#4432);
#3846=LINE('',#8621,#4433);
#3847=LINE('',#8630,#4434);
#3848=LINE('',#8632,#4435);
#3849=LINE('',#8634,#4436);
#3850=LINE('',#8636,#4437);
#3851=LINE('',#8638,#4438);
#3852=LINE('',#8640,#4439);
#3853=LINE('',#8642,#4440);
#3854=LINE('',#8644,#4441);
#3855=LINE('',#8646,#4442);
#3856=LINE('',#8648,#4443);
#3857=LINE('',#8650,#4444);
#3858=LINE('',#8652,#4445);
#3859=LINE('',#8661,#4446);
#3860=LINE('',#8674,#4447);
#3861=LINE('',#8680,#4448);
#3862=LINE('',#8691,#4449);
#3863=LINE('',#8704,#4450);
#3864=LINE('',#8717,#4451);
#3865=LINE('',#8723,#4452);
#3866=LINE('',#8727,#4453);
#3867=LINE('',#8738,#4454);
#3868=LINE('',#8744,#4455);
#3869=LINE('',#8746,#4456);
#3870=LINE('',#8755,#4457);
#3871=LINE('',#8761,#4458);
#3872=LINE('',#8772,#4459);
#3873=LINE('',#8785,#4460);
#3874=LINE('',#8791,#4461);
#3875=LINE('',#8802,#4462);
#3876=LINE('',#8815,#4463);
#3877=LINE('',#8821,#4464);
#3878=LINE('',#8823,#4465);
#3879=LINE('',#8825,#4466);
#3880=LINE('',#8828,#4467);
#3881=LINE('',#8830,#4468);
#3882=LINE('',#8832,#4469);
#3883=LINE('',#8834,#4470);
#3884=LINE('',#8836,#4471);
#3885=LINE('',#8838,#4472);
#3886=LINE('',#8840,#4473);
#3887=LINE('',#8842,#4474);
#3888=LINE('',#8844,#4475);
#3889=LINE('',#8846,#4476);
#3890=LINE('',#8848,#4477);
#3891=LINE('',#8850,#4478);
#3892=LINE('',#8852,#4479);
#3893=LINE('',#8861,#4480);
#3894=LINE('',#8867,#4481);
#3895=LINE('',#8869,#4482);
#3896=LINE('',#8871,#4483);
#3897=LINE('',#8873,#4484);
#3898=LINE('',#8875,#4485);
#3899=LINE('',#8885,#4486);
#3900=LINE('',#8891,#4487);
#3901=LINE('',#8893,#4488);
#3902=LINE('',#8897,#4489);
#3903=LINE('',#8901,#4490);
#3904=LINE('',#8903,#4491);
#3905=LINE('',#8912,#4492);
#3906=LINE('',#8925,#4493);
#3907=LINE('',#8938,#4494);
#3908=LINE('',#8951,#4495);
#3909=LINE('',#8964,#4496);
#3910=LINE('',#8977,#4497);
#3911=LINE('',#8990,#4498);
#3912=LINE('',#8996,#4499);
#3913=LINE('',#8998,#4500);
#3914=LINE('',#9007,#4501);
#3915=LINE('',#9020,#4502);
#3916=LINE('',#9038,#4503);
#3917=LINE('',#9040,#4504);
#3918=LINE('',#9042,#4505);
#3919=LINE('',#9044,#4506);
#3920=LINE('',#9046,#4507);
#3921=LINE('',#9048,#4508);
#3922=LINE('',#9050,#4509);
#3923=LINE('',#9052,#4510);
#3924=LINE('',#9054,#4511);
#3925=LINE('',#9056,#4512);
#3926=LINE('',#9058,#4513);
#3927=LINE('',#9060,#4514);
#3928=LINE('',#9062,#4515);
#3929=LINE('',#9071,#4516);
#3930=LINE('',#9077,#4517);
#3931=LINE('',#9079,#4518);
#3932=LINE('',#9081,#4519);
#3933=LINE('',#9083,#4520);
#3934=LINE('',#9085,#4521);
#3935=LINE('',#9088,#4522);
#3936=LINE('',#9090,#4523);
#3937=LINE('',#9092,#4524);
#3938=LINE('',#9094,#4525);
#3939=LINE('',#9096,#4526);
#3940=LINE('',#9098,#4527);
#3941=LINE('',#9100,#4528);
#3942=LINE('',#9102,#4529);
#3943=LINE('',#9104,#4530);
#3944=LINE('',#9106,#4531);
#3945=LINE('',#9108,#4532);
#3946=LINE('',#9117,#4533);
#3947=LINE('',#9130,#4534);
#3948=LINE('',#9136,#4535);
#3949=LINE('',#9147,#4536);
#3950=LINE('',#9160,#4537);
#3951=LINE('',#9173,#4538);
#3952=LINE('',#9179,#4539);
#3953=LINE('',#9183,#4540);
#3954=LINE('',#9194,#4541);
#3955=LINE('',#9200,#4542);
#3956=LINE('',#9202,#4543);
#3957=LINE('',#9211,#4544);
#3958=LINE('',#9217,#4545);
#3959=LINE('',#9228,#4546);
#3960=LINE('',#9241,#4547);
#3961=LINE('',#9247,#4548);
#3962=LINE('',#9258,#4549);
#3963=LINE('',#9271,#4550);
#3964=LINE('',#9277,#4551);
#3965=LINE('',#9279,#4552);
#3966=LINE('',#9281,#4553);
#3967=LINE('',#9287,#4554);
#3968=LINE('',#9291,#4555);
#3969=LINE('',#9293,#4556);
#3970=LINE('',#9295,#4557);
#3971=LINE('',#9297,#4558);
#3972=LINE('',#9310,#4559);
#3973=LINE('',#9316,#4560);
#3974=LINE('',#9318,#4561);
#3975=LINE('',#9320,#4562);
#3976=LINE('',#9322,#4563);
#3977=LINE('',#9324,#4564);
#3978=LINE('',#9326,#4565);
#3979=LINE('',#9328,#4566);
#3980=LINE('',#9330,#4567);
#3981=LINE('',#9332,#4568);
#3982=LINE('',#9334,#4569);
#3983=LINE('',#9336,#4570);
#3984=LINE('',#9338,#4571);
#3985=LINE('',#9340,#4572);
#3986=LINE('',#9342,#4573);
#3987=LINE('',#9344,#4574);
#3988=LINE('',#9346,#4575);
#3989=LINE('',#9364,#4576);
#3990=LINE('',#9370,#4577);
#3991=LINE('',#9383,#4578);
#3992=LINE('',#9389,#4579);
#3993=LINE('',#9391,#4580);
#3994=LINE('',#9393,#4581);
#3995=LINE('',#9395,#4582);
#3996=LINE('',#9397,#4583);
#3997=LINE('',#9399,#4584);
#3998=LINE('',#9408,#4585);
#3999=LINE('',#9414,#4586);
#4000=LINE('',#9423,#4587);
#4001=LINE('',#9436,#4588);
#4002=LINE('',#9442,#4589);
#4003=LINE('',#9444,#4590);
#4004=LINE('',#9446,#4591);
#4005=LINE('',#9448,#4592);
#4006=LINE('',#9450,#4593);
#4007=LINE('',#9452,#4594);
#4008=LINE('',#9465,#4595);
#4009=LINE('',#9466,#4596);
#4010=LINE('',#9469,#4597);
#4011=LINE('',#9472,#4598);
#4012=LINE('',#9474,#4599);
#4013=LINE('',#9476,#4600);
#4014=LINE('',#9478,#4601);
#4015=LINE('',#9480,#4602);
#4016=LINE('',#9482,#4603);
#4017=LINE('',#9495,#4604);
#4018=LINE('',#9512,#4605);
#4019=LINE('',#9529,#4606);
#4020=LINE('',#9535,#4607);
#4021=LINE('',#9538,#4608);
#4022=LINE('',#9540,#4609);
#4023=LINE('',#9542,#4610);
#4024=LINE('',#9544,#4611);
#4025=LINE('',#9546,#4612);
#4026=LINE('',#9548,#4613);
#4027=LINE('',#9550,#4614);
#4028=LINE('',#9552,#4615);
#4029=LINE('',#9554,#4616);
#4030=LINE('',#9567,#4617);
#4031=LINE('',#9584,#4618);
#4032=LINE('',#9601,#4619);
#4033=LINE('',#9607,#4620);
#4034=LINE('',#9609,#4621);
#4035=LINE('',#9611,#4622);
#4036=LINE('',#9613,#4623);
#4037=LINE('',#9615,#4624);
#4038=LINE('',#9617,#4625);
#4039=LINE('',#9619,#4626);
#4040=LINE('',#9628,#4627);
#4041=LINE('',#9641,#4628);
#4042=LINE('',#9654,#4629);
#4043=LINE('',#9667,#4630);
#4044=LINE('',#9673,#4631);
#4045=LINE('',#9675,#4632);
#4046=LINE('',#9677,#4633);
#4047=LINE('',#9688,#4634);
#4048=LINE('',#9701,#4635);
#4049=LINE('',#9732,#4636);
#4050=LINE('',#9733,#4637);
#4051=LINE('',#9737,#4638);
#4052=LINE('',#9739,#4639);
#4053=LINE('',#9741,#4640);
#4054=LINE('',#9743,#4641);
#4055=LINE('',#9745,#4642);
#4056=LINE('',#9747,#4643);
#4057=LINE('',#9749,#4644);
#4058=LINE('',#9751,#4645);
#4059=LINE('',#9753,#4646);
#4060=LINE('',#9755,#4647);
#4061=LINE('',#9757,#4648);
#4062=LINE('',#9759,#4649);
#4063=LINE('',#9761,#4650);
#4064=LINE('',#9763,#4651);
#4065=LINE('',#9765,#4652);
#4066=LINE('',#9767,#4653);
#4067=LINE('',#9769,#4654);
#4068=LINE('',#9771,#4655);
#4069=LINE('',#9773,#4656);
#4070=LINE('',#9775,#4657);
#4071=LINE('',#9777,#4658);
#4072=LINE('',#9779,#4659);
#4073=LINE('',#9781,#4660);
#4074=LINE('',#9783,#4661);
#4075=LINE('',#9786,#4662);
#4076=LINE('',#9788,#4663);
#4077=LINE('',#9790,#4664);
#4078=LINE('',#9792,#4665);
#4079=LINE('',#9794,#4666);
#4080=LINE('',#9796,#4667);
#4081=LINE('',#9798,#4668);
#4082=LINE('',#9800,#4669);
#4083=LINE('',#9802,#4670);
#4084=LINE('',#9804,#4671);
#4085=LINE('',#9815,#4672);
#4086=LINE('',#9828,#4673);
#4087=LINE('',#9841,#4674);
#4088=LINE('',#9854,#4675);
#4089=LINE('',#9860,#4676);
#4090=LINE('',#9864,#4677);
#4091=LINE('',#9866,#4678);
#4092=LINE('',#9868,#4679);
#4093=LINE('',#9879,#4680);
#4094=LINE('',#9892,#4681);
#4095=LINE('',#9905,#4682);
#4096=LINE('',#9918,#4683);
#4097=LINE('',#9924,#4684);
#4098=LINE('',#9928,#4685);
#4099=LINE('',#9932,#4686);
#4100=LINE('',#9935,#4687);
#4101=LINE('',#9937,#4688);
#4102=LINE('',#9939,#4689);
#4103=LINE('',#9941,#4690);
#4104=LINE('',#9943,#4691);
#4105=LINE('',#9945,#4692);
#4106=LINE('',#9947,#4693);
#4107=LINE('',#9949,#4694);
#4108=LINE('',#9951,#4695);
#4109=LINE('',#9953,#4696);
#4110=LINE('',#9955,#4697);
#4111=LINE('',#9957,#4698);
#4112=LINE('',#9959,#4699);
#4113=LINE('',#9961,#4700);
#4114=LINE('',#9963,#4701);
#4115=LINE('',#9965,#4702);
#4116=LINE('',#9967,#4703);
#4117=LINE('',#9969,#4704);
#4118=LINE('',#9971,#4705);
#4119=LINE('',#9973,#4706);
#4120=LINE('',#9976,#4707);
#4121=LINE('',#9978,#4708);
#4122=LINE('',#9980,#4709);
#4123=LINE('',#9982,#4710);
#4124=LINE('',#9984,#4711);
#4125=LINE('',#9986,#4712);
#4126=LINE('',#9988,#4713);
#4127=LINE('',#9990,#4714);
#4128=LINE('',#9992,#4715);
#4129=LINE('',#9994,#4716);
#4130=LINE('',#9996,#4717);
#4131=LINE('',#9998,#4718);
#4132=LINE('',#10000,#4719);
#4133=LINE('',#10002,#4720);
#4134=LINE('',#10004,#4721);
#4135=LINE('',#10006,#4722);
#4136=LINE('',#10008,#4723);
#4137=LINE('',#10010,#4724);
#4138=LINE('',#10012,#4725);
#4139=LINE('',#10014,#4726);
#4140=LINE('',#10016,#4727);
#4141=LINE('',#10018,#4728);
#4142=LINE('',#10020,#4729);
#4143=LINE('',#10022,#4730);
#4144=LINE('',#10028,#4731);
#4145=LINE('',#10029,#4732);
#4146=LINE('',#10031,#4733);
#4147=LINE('',#10032,#4734);
#4148=LINE('',#10034,#4735);
#4149=LINE('',#10035,#4736);
#4150=LINE('',#10094,#4737);
#4151=LINE('',#10095,#4738);
#4152=LINE('',#10097,#4739);
#4153=LINE('',#10099,#4740);
#4154=LINE('',#10101,#4741);
#4155=LINE('',#10102,#4742);
#4156=LINE('',#10104,#4743);
#4157=LINE('',#10106,#4744);
#4158=LINE('',#10110,#4745);
#4159=LINE('',#10112,#4746);
#4160=LINE('',#10113,#4747);
#4161=LINE('',#10115,#4748);
#4162=LINE('',#10116,#4749);
#4163=LINE('',#10118,#4750);
#4164=LINE('',#10119,#4751);
#4165=LINE('',#10121,#4752);
#4166=LINE('',#10123,#4753);
#4167=LINE('',#10124,#4754);
#4168=VECTOR('',#6327,1.);
#4169=VECTOR('',#6328,1.);
#4170=VECTOR('',#6329,1.);
#4171=VECTOR('',#6330,1.);
#4172=VECTOR('',#6333,1.);
#4173=VECTOR('',#6334,1.);
#4174=VECTOR('',#6339,1.);
#4175=VECTOR('',#6340,1.);
#4176=VECTOR('',#6341,1.);
#4177=VECTOR('',#6344,1.);
#4178=VECTOR('',#6345,1.);
#4179=VECTOR('',#6346,1.);
#4180=VECTOR('',#6347,1.);
#4181=VECTOR('',#6350,1.);
#4182=VECTOR('',#6353,1.);
#4183=VECTOR('',#6356,1.);
#4184=VECTOR('',#6357,1.);
#4185=VECTOR('',#6358,1.);
#4186=VECTOR('',#6359,1.);
#4187=VECTOR('',#6360,1.);
#4188=VECTOR('',#6363,1.);
#4189=VECTOR('',#6364,1.);
#4190=VECTOR('',#6365,1.);
#4191=VECTOR('',#6366,1.);
#4192=VECTOR('',#6369,1.);
#4193=VECTOR('',#6370,1.);
#4194=VECTOR('',#6371,1.);
#4195=VECTOR('',#6372,1.);
#4196=VECTOR('',#6373,1.);
#4197=VECTOR('',#6376,1.);
#4198=VECTOR('',#6379,1.);
#4199=VECTOR('',#6388,1.);
#4200=VECTOR('',#6391,1.);
#4201=VECTOR('',#6392,1.);
#4202=VECTOR('',#6393,1.);
#4203=VECTOR('',#6396,1.);
#4204=VECTOR('',#6397,1.);
#4205=VECTOR('',#6398,1.);
#4206=VECTOR('',#6399,1.);
#4207=VECTOR('',#6400,1.);
#4208=VECTOR('',#6401,1.);
#4209=VECTOR('',#6404,1.);
#4210=VECTOR('',#6407,1.);
#4211=VECTOR('',#6416,1.);
#4212=VECTOR('',#6417,1.);
#4213=VECTOR('',#6418,1.);
#4214=VECTOR('',#6419,1.);
#4215=VECTOR('',#6428,1.);
#4216=VECTOR('',#6429,1.);
#4217=VECTOR('',#6430,1.);
#4218=VECTOR('',#6431,1.);
#4219=VECTOR('',#6432,1.);
#4220=VECTOR('',#6435,1.);
#4221=VECTOR('',#6438,1.);
#4222=VECTOR('',#6439,1.);
#4223=VECTOR('',#6440,1.);
#4224=VECTOR('',#6441,1.);
#4225=VECTOR('',#6444,1.);
#4226=VECTOR('',#6445,1.);
#4227=VECTOR('',#6448,1.);
#4228=VECTOR('',#6449,1.);
#4229=VECTOR('',#6450,1.);
#4230=VECTOR('',#6455,1.);
#4231=VECTOR('',#6456,1.);
#4232=VECTOR('',#6471,1.);
#4233=VECTOR('',#6474,1.);
#4234=VECTOR('',#6475,1.);
#4235=VECTOR('',#6476,1.);
#4236=VECTOR('',#6477,1.);
#4237=VECTOR('',#6480,1.);
#4238=VECTOR('',#6481,1.);
#4239=VECTOR('',#6482,1.);
#4240=VECTOR('',#6483,1.);
#4241=VECTOR('',#6484,1.);
#4242=VECTOR('',#6485,1.);
#4243=VECTOR('',#6486,1.);
#4244=VECTOR('',#6491,1.);
#4245=VECTOR('',#6498,1.);
#4246=VECTOR('',#6499,1.);
#4247=VECTOR('',#6500,1.);
#4248=VECTOR('',#6501,1.);
#4249=VECTOR('',#6502,1.);
#4250=VECTOR('',#6503,1.);
#4251=VECTOR('',#6504,1.);
#4252=VECTOR('',#6505,1.);
#4253=VECTOR('',#6506,1.);
#4254=VECTOR('',#6507,1.);
#4255=VECTOR('',#6508,1.);
#4256=VECTOR('',#6509,1.);
#4257=VECTOR('',#6512,1.);
#4258=VECTOR('',#6513,1.);
#4259=VECTOR('',#6516,1.);
#4260=VECTOR('',#6519,1.);
#4261=VECTOR('',#6522,1.);
#4262=VECTOR('',#6525,1.);
#4263=VECTOR('',#6528,1.);
#4264=VECTOR('',#6531,1.);
#4265=VECTOR('',#6534,1.);
#4266=VECTOR('',#6535,1.);
#4267=VECTOR('',#6536,1.);
#4268=VECTOR('',#6537,1.);
#4269=VECTOR('',#6538,1.);
#4270=VECTOR('',#6539,1.);
#4271=VECTOR('',#6540,1.);
#4272=VECTOR('',#6541,1.);
#4273=VECTOR('',#6542,1.);
#4274=VECTOR('',#6543,1.);
#4275=VECTOR('',#6546,1.);
#4276=VECTOR('',#6547,1.);
#4277=VECTOR('',#6548,1.);
#4278=VECTOR('',#6549,1.);
#4279=VECTOR('',#6550,1.);
#4280=VECTOR('',#6551,1.);
#4281=VECTOR('',#6552,1.);
#4282=VECTOR('',#6553,1.);
#4283=VECTOR('',#6554,1.);
#4284=VECTOR('',#6555,1.);
#4285=VECTOR('',#6556,1.);
#4286=VECTOR('',#6557,1.);
#4287=VECTOR('',#6558,1.);
#4288=VECTOR('',#6559,1.);
#4289=VECTOR('',#6560,1.);
#4290=VECTOR('',#6561,1.);
#4291=VECTOR('',#6562,1.);
#4292=VECTOR('',#6569,1.);
#4293=VECTOR('',#6574,1.);
#4294=VECTOR('',#6575,1.);
#4295=VECTOR('',#6576,1.);
#4296=VECTOR('',#6577,1.);
#4297=VECTOR('',#6578,1.);
#4298=VECTOR('',#6579,1.);
#4299=VECTOR('',#6580,1.);
#4300=VECTOR('',#6581,1.);
#4301=VECTOR('',#6582,1.);
#4302=VECTOR('',#6583,1.);
#4303=VECTOR('',#6584,1.);
#4304=VECTOR('',#6585,1.);
#4305=VECTOR('',#6586,1.);
#4306=VECTOR('',#6587,1.);
#4307=VECTOR('',#6588,1.);
#4308=VECTOR('',#6589,1.);
#4309=VECTOR('',#6590,1.);
#4310=VECTOR('',#6591,1.);
#4311=VECTOR('',#6592,1.);
#4312=VECTOR('',#6593,1.);
#4313=VECTOR('',#6594,1.);
#4314=VECTOR('',#6595,1.);
#4315=VECTOR('',#6596,1.);
#4316=VECTOR('',#6597,1.);
#4317=VECTOR('',#6602,1.);
#4318=VECTOR('',#6605,1.);
#4319=VECTOR('',#6608,1.);
#4320=VECTOR('',#6613,1.);
#4321=VECTOR('',#6616,1.);
#4322=VECTOR('',#6617,1.);
#4323=VECTOR('',#6618,1.);
#4324=VECTOR('',#6619,1.);
#4325=VECTOR('',#6624,1.);
#4326=VECTOR('',#6631,1.);
#4327=VECTOR('',#6632,1.);
#4328=VECTOR('',#6633,1.);
#4329=VECTOR('',#6634,1.);
#4330=VECTOR('',#6635,1.);
#4331=VECTOR('',#6636,1.);
#4332=VECTOR('',#6637,1.);
#4333=VECTOR('',#6638,1.);
#4334=VECTOR('',#6639,1.);
#4335=VECTOR('',#6640,1.);
#4336=VECTOR('',#6641,1.);
#4337=VECTOR('',#6642,1.);
#4338=VECTOR('',#6645,1.);
#4339=VECTOR('',#6646,1.);
#4340=VECTOR('',#6647,1.);
#4341=VECTOR('',#6650,1.);
#4342=VECTOR('',#6653,1.);
#4343=VECTOR('',#6656,1.);
#4344=VECTOR('',#6659,1.);
#4345=VECTOR('',#6662,1.);
#4346=VECTOR('',#6667,1.);
#4347=VECTOR('',#6670,1.);
#4348=VECTOR('',#6671,1.);
#4349=VECTOR('',#6672,1.);
#4350=VECTOR('',#6683,1.);
#4351=VECTOR('',#6684,1.);
#4352=VECTOR('',#6687,1.);
#4353=VECTOR('',#6690,1.);
#4354=VECTOR('',#6693,1.);
#4355=VECTOR('',#6696,1.);
#4356=VECTOR('',#6699,1.);
#4357=VECTOR('',#6702,1.);
#4358=VECTOR('',#6703,1.);
#4359=VECTOR('',#6704,1.);
#4360=VECTOR('',#6707,1.);
#4361=VECTOR('',#6710,1.);
#4362=VECTOR('',#6713,1.);
#4363=VECTOR('',#6714,1.);
#4364=VECTOR('',#6719,1.);
#4365=VECTOR('',#6722,1.);
#4366=VECTOR('',#6723,1.);
#4367=VECTOR('',#6724,1.);
#4368=VECTOR('',#6727,1.);
#4369=VECTOR('',#6742,1.);
#4370=VECTOR('',#6743,1.);
#4371=VECTOR('',#6746,1.);
#4372=VECTOR('',#6747,1.);
#4373=VECTOR('',#6750,1.);
#4374=VECTOR('',#6751,1.);
#4375=VECTOR('',#6754,1.);
#4376=VECTOR('',#6755,1.);
#4377=VECTOR('',#6756,1.);
#4378=VECTOR('',#6759,1.);
#4379=VECTOR('',#6760,1.);
#4380=VECTOR('',#6763,1.);
#4381=VECTOR('',#6764,1.);
#4382=VECTOR('',#6779,1.);
#4383=VECTOR('',#6780,1.);
#4384=VECTOR('',#6781,1.);
#4385=VECTOR('',#6784,1.);
#4386=VECTOR('',#6785,1.);
#4387=VECTOR('',#6788,1.);
#4388=VECTOR('',#6789,1.);
#4389=VECTOR('',#6790,1.);
#4390=VECTOR('',#6791,1.);
#4391=VECTOR('',#6794,1.);
#4392=VECTOR('',#6795,1.);
#4393=VECTOR('',#6796,1.);
#4394=VECTOR('',#6797,1.);
#4395=VECTOR('',#6800,1.);
#4396=VECTOR('',#6803,1.);
#4397=VECTOR('',#6808,1.);
#4398=VECTOR('',#6809,1.);
#4399=VECTOR('',#6810,1.);
#4400=VECTOR('',#6813,1.);
#4401=VECTOR('',#6816,1.);
#4402=VECTOR('',#6819,1.);
#4403=VECTOR('',#6820,1.);
#4404=VECTOR('',#6821,1.);
#4405=VECTOR('',#6822,1.);
#4406=VECTOR('',#6825,1.);
#4407=VECTOR('',#6826,1.);
#4408=VECTOR('',#6827,1.);
#4409=VECTOR('',#6828,1.);
#4410=VECTOR('',#6833,1.);
#4411=VECTOR('',#6834,1.);
#4412=VECTOR('',#6835,1.);
#4413=VECTOR('',#6836,1.);
#4414=VECTOR('',#6837,1.);
#4415=VECTOR('',#6838,1.);
#4416=VECTOR('',#6839,1.);
#4417=VECTOR('',#6846,1.);
#4418=VECTOR('',#6849,1.);
#4419=VECTOR('',#6852,1.);
#4420=VECTOR('',#6853,1.);
#4421=VECTOR('',#6854,1.);
#4422=VECTOR('',#6857,1.);
#4423=VECTOR('',#6858,1.);
#4424=VECTOR('',#6861,1.);
#4425=VECTOR('',#6862,1.);
#4426=VECTOR('',#6865,1.);
#4427=VECTOR('',#6866,1.);
#4428=VECTOR('',#6867,1.);
#4429=VECTOR('',#6870,1.);
#4430=VECTOR('',#6871,1.);
#4431=VECTOR('',#6872,1.);
#4432=VECTOR('',#6875,1.);
#4433=VECTOR('',#6876,1.);
#4434=VECTOR('',#6893,1.);
#4435=VECTOR('',#6896,1.);
#4436=VECTOR('',#6897,1.);
#4437=VECTOR('',#6898,1.);
#4438=VECTOR('',#6901,1.);
#4439=VECTOR('',#6902,1.);
#4440=VECTOR('',#6905,1.);
#4441=VECTOR('',#6906,1.);
#4442=VECTOR('',#6909,1.);
#4443=VECTOR('',#6910,1.);
#4444=VECTOR('',#6913,1.);
#4445=VECTOR('',#6914,1.);
#4446=VECTOR('',#6915,1.);
#4447=VECTOR('',#6916,1.);
#4448=VECTOR('',#6919,1.);
#4449=VECTOR('',#6922,1.);
#4450=VECTOR('',#6923,1.);
#4451=VECTOR('',#6924,1.);
#4452=VECTOR('',#6927,1.);
#4453=VECTOR('',#6932,1.);
#4454=VECTOR('',#6935,1.);
#4455=VECTOR('',#6938,1.);
#4456=VECTOR('',#6939,1.);
#4457=VECTOR('',#6940,1.);
#4458=VECTOR('',#6943,1.);
#4459=VECTOR('',#6946,1.);
#4460=VECTOR('',#6947,1.);
#4461=VECTOR('',#6950,1.);
#4462=VECTOR('',#6953,1.);
#4463=VECTOR('',#6954,1.);
#4464=VECTOR('',#6957,1.);
#4465=VECTOR('',#6958,1.);
#4466=VECTOR('',#6961,1.);
#4467=VECTOR('',#6966,1.);
#4468=VECTOR('',#6967,1.);
#4469=VECTOR('',#6968,1.);
#4470=VECTOR('',#6971,1.);
#4471=VECTOR('',#6972,1.);
#4472=VECTOR('',#6975,1.);
#4473=VECTOR('',#6976,1.);
#4474=VECTOR('',#6979,1.);
#4475=VECTOR('',#6980,1.);
#4476=VECTOR('',#6983,1.);
#4477=VECTOR('',#6984,1.);
#4478=VECTOR('',#6987,1.);
#4479=VECTOR('',#6988,1.);
#4480=VECTOR('',#6989,1.);
#4481=VECTOR('',#6992,1.);
#4482=VECTOR('',#6993,1.);
#4483=VECTOR('',#6996,1.);
#4484=VECTOR('',#6997,1.);
#4485=VECTOR('',#7000,1.);
#4486=VECTOR('',#7003,1.);
#4487=VECTOR('',#7004,1.);
#4488=VECTOR('',#7007,1.);
#4489=VECTOR('',#7012,1.);
#4490=VECTOR('',#7017,1.);
#4491=VECTOR('',#7018,1.);
#4492=VECTOR('',#7019,1.);
#4493=VECTOR('',#7020,1.);
#4494=VECTOR('',#7021,1.);
#4495=VECTOR('',#7022,1.);
#4496=VECTOR('',#7023,1.);
#4497=VECTOR('',#7024,1.);
#4498=VECTOR('',#7025,1.);
#4499=VECTOR('',#7028,1.);
#4500=VECTOR('',#7029,1.);
#4501=VECTOR('',#7030,1.);
#4502=VECTOR('',#7031,1.);
#4503=VECTOR('',#7036,1.);
#4504=VECTOR('',#7037,1.);
#4505=VECTOR('',#7038,1.);
#4506=VECTOR('',#7041,1.);
#4507=VECTOR('',#7042,1.);
#4508=VECTOR('',#7045,1.);
#4509=VECTOR('',#7046,1.);
#4510=VECTOR('',#7049,1.);
#4511=VECTOR('',#7050,1.);
#4512=VECTOR('',#7053,1.);
#4513=VECTOR('',#7054,1.);
#4514=VECTOR('',#7057,1.);
#4515=VECTOR('',#7058,1.);
#4516=VECTOR('',#7059,1.);
#4517=VECTOR('',#7062,1.);
#4518=VECTOR('',#7063,1.);
#4519=VECTOR('',#7066,1.);
#4520=VECTOR('',#7067,1.);
#4521=VECTOR('',#7070,1.);
#4522=VECTOR('',#7075,1.);
#4523=VECTOR('',#7076,1.);
#4524=VECTOR('',#7077,1.);
#4525=VECTOR('',#7080,1.);
#4526=VECTOR('',#7081,1.);
#4527=VECTOR('',#7084,1.);
#4528=VECTOR('',#7085,1.);
#4529=VECTOR('',#7088,1.);
#4530=VECTOR('',#7089,1.);
#4531=VECTOR('',#7092,1.);
#4532=VECTOR('',#7093,1.);
#4533=VECTOR('',#7094,1.);
#4534=VECTOR('',#7095,1.);
#4535=VECTOR('',#7098,1.);
#4536=VECTOR('',#7101,1.);
#4537=VECTOR('',#7102,1.);
#4538=VECTOR('',#7103,1.);
#4539=VECTOR('',#7106,1.);
#4540=VECTOR('',#7111,1.);
#4541=VECTOR('',#7114,1.);
#4542=VECTOR('',#7117,1.);
#4543=VECTOR('',#7118,1.);
#4544=VECTOR('',#7119,1.);
#4545=VECTOR('',#7122,1.);
#4546=VECTOR('',#7125,1.);
#4547=VECTOR('',#7126,1.);
#4548=VECTOR('',#7129,1.);
#4549=VECTOR('',#7132,1.);
#4550=VECTOR('',#7133,1.);
#4551=VECTOR('',#7136,1.);
#4552=VECTOR('',#7137,1.);
#4553=VECTOR('',#7140,1.);
#4554=VECTOR('',#7147,1.);
#4555=VECTOR('',#7150,1.);
#4556=VECTOR('',#7153,1.);
#4557=VECTOR('',#7154,1.);
#4558=VECTOR('',#7155,1.);
#4559=VECTOR('',#7156,1.);
#4560=VECTOR('',#7159,1.);
#4561=VECTOR('',#7160,1.);
#4562=VECTOR('',#7161,1.);
#4563=VECTOR('',#7164,1.);
#4564=VECTOR('',#7165,1.);
#4565=VECTOR('',#7168,1.);
#4566=VECTOR('',#7169,1.);
#4567=VECTOR('',#7172,1.);
#4568=VECTOR('',#7173,1.);
#4569=VECTOR('',#7176,1.);
#4570=VECTOR('',#7177,1.);
#4571=VECTOR('',#7180,1.);
#4572=VECTOR('',#7181,1.);
#4573=VECTOR('',#7184,1.);
#4574=VECTOR('',#7185,1.);
#4575=VECTOR('',#7188,1.);
#4576=VECTOR('',#7197,1.);
#4577=VECTOR('',#7198,1.);
#4578=VECTOR('',#7199,1.);
#4579=VECTOR('',#7202,1.);
#4580=VECTOR('',#7203,1.);
#4581=VECTOR('',#7204,1.);
#4582=VECTOR('',#7207,1.);
#4583=VECTOR('',#7208,1.);
#4584=VECTOR('',#7209,1.);
#4585=VECTOR('',#7210,1.);
#4586=VECTOR('',#7211,1.);
#4587=VECTOR('',#7212,1.);
#4588=VECTOR('',#7213,1.);
#4589=VECTOR('',#7216,1.);
#4590=VECTOR('',#7217,1.);
#4591=VECTOR('',#7220,1.);
#4592=VECTOR('',#7221,1.);
#4593=VECTOR('',#7224,1.);
#4594=VECTOR('',#7225,1.);
#4595=VECTOR('',#7228,1.);
#4596=VECTOR('',#7229,1.);
#4597=VECTOR('',#7234,1.);
#4598=VECTOR('',#7235,1.);
#4599=VECTOR('',#7236,1.);
#4600=VECTOR('',#7237,1.);
#4601=VECTOR('',#7240,1.);
#4602=VECTOR('',#7241,1.);
#4603=VECTOR('',#7242,1.);
#4604=VECTOR('',#7243,1.);
#4605=VECTOR('',#7244,1.);
#4606=VECTOR('',#7245,1.);
#4607=VECTOR('',#7248,1.);
#4608=VECTOR('',#7249,1.);
#4609=VECTOR('',#7250,1.);
#4610=VECTOR('',#7251,1.);
#4611=VECTOR('',#7254,1.);
#4612=VECTOR('',#7255,1.);
#4613=VECTOR('',#7256,1.);
#4614=VECTOR('',#7259,1.);
#4615=VECTOR('',#7260,1.);
#4616=VECTOR('',#7261,1.);
#4617=VECTOR('',#7262,1.);
#4618=VECTOR('',#7263,1.);
#4619=VECTOR('',#7264,1.);
#4620=VECTOR('',#7267,1.);
#4621=VECTOR('',#7268,1.);
#4622=VECTOR('',#7269,1.);
#4623=VECTOR('',#7272,1.);
#4624=VECTOR('',#7273,1.);
#4625=VECTOR('',#7276,1.);
#4626=VECTOR('',#7277,1.);
#4627=VECTOR('',#7278,1.);
#4628=VECTOR('',#7279,1.);
#4629=VECTOR('',#7280,1.);
#4630=VECTOR('',#7281,1.);
#4631=VECTOR('',#7284,1.);
#4632=VECTOR('',#7285,1.);
#4633=VECTOR('',#7288,1.);
#4634=VECTOR('',#7291,1.);
#4635=VECTOR('',#7292,1.);
#4636=VECTOR('',#7295,1.);
#4637=VECTOR('',#7296,1.);
#4638=VECTOR('',#7303,1.);
#4639=VECTOR('',#7304,1.);
#4640=VECTOR('',#7305,1.);
#4641=VECTOR('',#7308,1.);
#4642=VECTOR('',#7309,1.);
#4643=VECTOR('',#7312,1.);
#4644=VECTOR('',#7313,1.);
#4645=VECTOR('',#7316,1.);
#4646=VECTOR('',#7317,1.);
#4647=VECTOR('',#7320,1.);
#4648=VECTOR('',#7321,1.);
#4649=VECTOR('',#7324,1.);
#4650=VECTOR('',#7325,1.);
#4651=VECTOR('',#7328,1.);
#4652=VECTOR('',#7329,1.);
#4653=VECTOR('',#7332,1.);
#4654=VECTOR('',#7333,1.);
#4655=VECTOR('',#7336,1.);
#4656=VECTOR('',#7337,1.);
#4657=VECTOR('',#7340,1.);
#4658=VECTOR('',#7341,1.);
#4659=VECTOR('',#7344,1.);
#4660=VECTOR('',#7345,1.);
#4661=VECTOR('',#7348,1.);
#4662=VECTOR('',#7353,1.);
#4663=VECTOR('',#7354,1.);
#4664=VECTOR('',#7355,1.);
#4665=VECTOR('',#7358,1.);
#4666=VECTOR('',#7359,1.);
#4667=VECTOR('',#7362,1.);
#4668=VECTOR('',#7363,1.);
#4669=VECTOR('',#7366,1.);
#4670=VECTOR('',#7367,1.);
#4671=VECTOR('',#7370,1.);
#4672=VECTOR('',#7373,1.);
#4673=VECTOR('',#7374,1.);
#4674=VECTOR('',#7375,1.);
#4675=VECTOR('',#7376,1.);
#4676=VECTOR('',#7379,1.);
#4677=VECTOR('',#7384,1.);
#4678=VECTOR('',#7385,1.);
#4679=VECTOR('',#7388,1.);
#4680=VECTOR('',#7391,1.);
#4681=VECTOR('',#7392,1.);
#4682=VECTOR('',#7393,1.);
#4683=VECTOR('',#7394,1.);
#4684=VECTOR('',#7397,1.);
#4685=VECTOR('',#7402,1.);
#4686=VECTOR('',#7407,1.);
#4687=VECTOR('',#7412,1.);
#4688=VECTOR('',#7413,1.);
#4689=VECTOR('',#7414,1.);
#4690=VECTOR('',#7417,1.);
#4691=VECTOR('',#7418,1.);
#4692=VECTOR('',#7421,1.);
#4693=VECTOR('',#7422,1.);
#4694=VECTOR('',#7425,1.);
#4695=VECTOR('',#7426,1.);
#4696=VECTOR('',#7429,1.);
#4697=VECTOR('',#7430,1.);
#4698=VECTOR('',#7433,1.);
#4699=VECTOR('',#7434,1.);
#4700=VECTOR('',#7437,1.);
#4701=VECTOR('',#7438,1.);
#4702=VECTOR('',#7441,1.);
#4703=VECTOR('',#7442,1.);
#4704=VECTOR('',#7445,1.);
#4705=VECTOR('',#7446,1.);
#4706=VECTOR('',#7449,1.);
#4707=VECTOR('',#7454,1.);
#4708=VECTOR('',#7455,1.);
#4709=VECTOR('',#7456,1.);
#4710=VECTOR('',#7459,1.);
#4711=VECTOR('',#7460,1.);
#4712=VECTOR('',#7463,1.);
#4713=VECTOR('',#7464,1.);
#4714=VECTOR('',#7467,1.);
#4715=VECTOR('',#7468,1.);
#4716=VECTOR('',#7471,1.);
#4717=VECTOR('',#7472,1.);
#4718=VECTOR('',#7475,1.);
#4719=VECTOR('',#7476,1.);
#4720=VECTOR('',#7479,1.);
#4721=VECTOR('',#7480,1.);
#4722=VECTOR('',#7483,1.);
#4723=VECTOR('',#7484,1.);
#4724=VECTOR('',#7487,1.);
#4725=VECTOR('',#7488,1.);
#4726=VECTOR('',#7491,1.);
#4727=VECTOR('',#7492,1.);
#4728=VECTOR('',#7495,1.);
#4729=VECTOR('',#7496,1.);
#4730=VECTOR('',#7499,1.);
#4731=VECTOR('',#7510,1.);
#4732=VECTOR('',#7511,1.);
#4733=VECTOR('',#7514,1.);
#4734=VECTOR('',#7515,1.);
#4735=VECTOR('',#7518,1.);
#4736=VECTOR('',#7519,1.);
#4737=VECTOR('',#7636,1.);
#4738=VECTOR('',#7637,1.);
#4739=VECTOR('',#7638,1.);
#4740=VECTOR('',#7641,1.);
#4741=VECTOR('',#7644,1.);
#4742=VECTOR('',#7645,1.);
#4743=VECTOR('',#7646,1.);
#4744=VECTOR('',#7649,1.);
#4745=VECTOR('',#7656,1.);
#4746=VECTOR('',#7657,1.);
#4747=VECTOR('',#7658,1.);
#4748=VECTOR('',#7661,1.);
#4749=VECTOR('',#7662,1.);
#4750=VECTOR('',#7665,1.);
#4751=VECTOR('',#7666,1.);
#4752=VECTOR('',#7669,1.);
#4753=VECTOR('',#7670,1.);
#4754=VECTOR('',#7671,1.);
#4755=EDGE_LOOP('',(#429,#430,#431,#432));
#4756=EDGE_LOOP('',(#433,#434,#435,#436,#437,#438,#439));
#4757=EDGE_LOOP('',(#440,#441,#442,#443,#444,#445,#446,#447,#448,#449,#450,
#451,#452,#453,#454,#455,#456,#457,#458,#459,#460));
#4758=EDGE_LOOP('',(#461,#462,#463,#464));
#4759=EDGE_LOOP('',(#465,#466,#467,#468,#469,#470));
#4760=EDGE_LOOP('',(#471,#472,#473,#474));
#4761=EDGE_LOOP('',(#475,#476,#477,#478));
#4762=EDGE_LOOP('',(#479,#480,#481,#482,#483,#484,#485,#486,#487,#488));
#4763=EDGE_LOOP('',(#489,#490,#491));
#4764=EDGE_LOOP('',(#492,#493,#494,#495));
#4765=EDGE_LOOP('',(#496,#497,#498));
#4766=EDGE_LOOP('',(#499,#500,#501,#502,#503,#504,#505));
#4767=EDGE_LOOP('',(#506,#507,#508,#509,#510,#511,#512));
#4768=EDGE_LOOP('',(#513,#514,#515,#516));
#4769=EDGE_LOOP('',(#517,#518,#519,#520,#521,#522,#523));
#4770=EDGE_LOOP('',(#524,#525,#526,#527));
#4771=EDGE_LOOP('',(#528,#529,#530,#531));
#4772=EDGE_LOOP('',(#532,#533,#534,#535));
#4773=EDGE_LOOP('',(#536,#537,#538,#539,#540,#541,#542));
#4774=EDGE_LOOP('',(#543,#544,#545,#546,#547,#548,#549,#550,#551,#552,#553,
#554,#555,#556,#557,#558,#559,#560,#561,#562,#563,#564,#565,#566));
#4775=EDGE_LOOP('',(#567,#568,#569,#570,#571,#572,#573,#574,#575,#576));
#4776=EDGE_LOOP('',(#577,#578,#579,#580,#581,#582,#583,#584,#585,#586,#587,
#588,#589,#590,#591));
#4777=EDGE_LOOP('',(#592,#593,#594,#595,#596,#597,#598,#599,#600,#601,#602,
#603));
#4778=EDGE_LOOP('',(#604,#605,#606,#607,#608,#609,#610,#611));
#4779=EDGE_LOOP('',(#612,#613,#614,#615,#616,#617,#618,#619,#620,#621,#622,
#623));
#4780=EDGE_LOOP('',(#624,#625,#626,#627,#628,#629,#630,#631,#632,#633,#634,
#635));
#4781=EDGE_LOOP('',(#636,#637,#638,#639,#640,#641,#642,#643,#644,#645,#646,
#647,#648,#649,#650,#651,#652,#653,#654));
#4782=EDGE_LOOP('',(#655,#656,#657,#658,#659,#660,#661,#662,#663,#664));
#4783=EDGE_LOOP('',(#665,#666,#667,#668,#669,#670,#671,#672,#673,#674,#675,
#676));
#4784=EDGE_LOOP('',(#677,#678,#679,#680,#681,#682,#683,#684,#685,#686,#687,
#688));
#4785=EDGE_LOOP('',(#689,#690,#691,#692,#693,#694,#695,#696,#697,#698,#699,
#700,#701,#702,#703,#704,#705,#706,#707,#708,#709,#710,#711,#712));
#4786=EDGE_LOOP('',(#713,#714,#715,#716,#717,#718,#719,#720,#721,#722));
#4787=EDGE_LOOP('',(#723,#724,#725,#726,#727,#728,#729,#730,#731,#732,#733,
#734,#735,#736,#737,#738,#739,#740,#741,#742,#743,#744,#745,#746,#747,#748));
#4788=EDGE_LOOP('',(#749));
#4789=EDGE_LOOP('',(#750));
#4790=EDGE_LOOP('',(#751));
#4791=EDGE_LOOP('',(#752));
#4792=EDGE_LOOP('',(#753,#754,#755,#756));
#4793=EDGE_LOOP('',(#757,#758,#759,#760,#761,#762,#763,#764,#765,#766,#767,
#768,#769,#770,#771,#772,#773,#774,#775,#776,#777,#778,#779,#780,#781,#782,
#783,#784,#785,#786,#787,#788,#789,#790));
#4794=EDGE_LOOP('',(#791));
#4795=EDGE_LOOP('',(#792));
#4796=EDGE_LOOP('',(#793));
#4797=EDGE_LOOP('',(#794));
#4798=EDGE_LOOP('',(#795,#796,#797,#798));
#4799=EDGE_LOOP('',(#799,#800,#801,#802));
#4800=EDGE_LOOP('',(#803,#804,#805,#806));
#4801=EDGE_LOOP('',(#807,#808,#809,#810));
#4802=EDGE_LOOP('',(#811,#812,#813,#814));
#4803=EDGE_LOOP('',(#815,#816,#817,#818));
#4804=EDGE_LOOP('',(#819,#820,#821,#822));
#4805=EDGE_LOOP('',(#823,#824,#825,#826));
#4806=EDGE_LOOP('',(#827,#828,#829,#830));
#4807=EDGE_LOOP('',(#831,#832,#833,#834));
#4808=EDGE_LOOP('',(#835,#836,#837,#838));
#4809=EDGE_LOOP('',(#839,#840,#841,#842));
#4810=EDGE_LOOP('',(#843,#844,#845,#846));
#4811=EDGE_LOOP('',(#847,#848,#849,#850,#851,#852,#853,#854,#855,#856,#857));
#4812=EDGE_LOOP('',(#858,#859,#860,#861));
#4813=EDGE_LOOP('',(#862,#863,#864,#865,#866,#867));
#4814=EDGE_LOOP('',(#868,#869,#870,#871));
#4815=EDGE_LOOP('',(#872,#873,#874,#875,#876,#877,#878,#879,#880,#881,#882,
#883,#884,#885,#886,#887,#888,#889,#890,#891,#892));
#4816=EDGE_LOOP('',(#893,#894,#895,#896,#897,#898,#899,#900,#901,#902,#903));
#4817=EDGE_LOOP('',(#904,#905,#906,#907,#908,#909,#910,#911,#912,#913));
#4818=EDGE_LOOP('',(#914,#915,#916,#917));
#4819=EDGE_LOOP('',(#918,#919,#920,#921));
#4820=EDGE_LOOP('',(#922,#923,#924,#925));
#4821=EDGE_LOOP('',(#926,#927,#928,#929));
#4822=EDGE_LOOP('',(#930,#931,#932,#933,#934,#935,#936,#937,#938));
#4823=EDGE_LOOP('',(#939));
#4824=EDGE_LOOP('',(#940));
#4825=EDGE_LOOP('',(#941));
#4826=EDGE_LOOP('',(#942));
#4827=EDGE_LOOP('',(#943));
#4828=EDGE_LOOP('',(#944));
#4829=EDGE_LOOP('',(#945));
#4830=EDGE_LOOP('',(#946));
#4831=EDGE_LOOP('',(#947,#948,#949,#950));
#4832=EDGE_LOOP('',(#951,#952,#953,#954));
#4833=EDGE_LOOP('',(#955,#956,#957,#958));
#4834=EDGE_LOOP('',(#959,#960,#961,#962));
#4835=EDGE_LOOP('',(#963,#964,#965,#966));
#4836=EDGE_LOOP('',(#967,#968,#969,#970));
#4837=EDGE_LOOP('',(#971,#972,#973,#974));
#4838=EDGE_LOOP('',(#975,#976,#977,#978));
#4839=EDGE_LOOP('',(#979,#980,#981,#982));
#4840=EDGE_LOOP('',(#983,#984,#985,#986));
#4841=EDGE_LOOP('',(#987,#988,#989,#990));
#4842=EDGE_LOOP('',(#991,#992,#993,#994));
#4843=EDGE_LOOP('',(#995,#996,#997,#998));
#4844=EDGE_LOOP('',(#999,#1000,#1001,#1002));
#4845=EDGE_LOOP('',(#1003,#1004,#1005,#1006));
#4846=EDGE_LOOP('',(#1007,#1008,#1009,#1010));
#4847=EDGE_LOOP('',(#1011,#1012,#1013,#1014));
#4848=EDGE_LOOP('',(#1015,#1016,#1017,#1018));
#4849=EDGE_LOOP('',(#1019,#1020,#1021,#1022));
#4850=EDGE_LOOP('',(#1023,#1024,#1025,#1026));
#4851=EDGE_LOOP('',(#1027,#1028,#1029,#1030));
#4852=EDGE_LOOP('',(#1031,#1032,#1033,#1034));
#4853=EDGE_LOOP('',(#1035,#1036,#1037,#1038));
#4854=EDGE_LOOP('',(#1039,#1040,#1041,#1042));
#4855=EDGE_LOOP('',(#1043,#1044,#1045,#1046));
#4856=EDGE_LOOP('',(#1047,#1048,#1049,#1050,#1051,#1052,#1053,#1054,#1055,
#1056,#1057,#1058,#1059,#1060,#1061,#1062,#1063,#1064,#1065,#1066,#1067,
#1068,#1069,#1070));
#4857=EDGE_LOOP('',(#1071,#1072,#1073,#1074));
#4858=EDGE_LOOP('',(#1075,#1076,#1077,#1078));
#4859=EDGE_LOOP('',(#1079,#1080,#1081,#1082));
#4860=EDGE_LOOP('',(#1083,#1084,#1085,#1086));
#4861=EDGE_LOOP('',(#1087,#1088,#1089,#1090));
#4862=EDGE_LOOP('',(#1091,#1092,#1093,#1094));
#4863=EDGE_LOOP('',(#1095,#1096,#1097,#1098));
#4864=EDGE_LOOP('',(#1099,#1100,#1101,#1102));
#4865=EDGE_LOOP('',(#1103,#1104,#1105,#1106));
#4866=EDGE_LOOP('',(#1107,#1108,#1109,#1110));
#4867=EDGE_LOOP('',(#1111,#1112,#1113,#1114,#1115,#1116,#1117,#1118,#1119,
#1120));
#4868=EDGE_LOOP('',(#1121,#1122,#1123,#1124));
#4869=EDGE_LOOP('',(#1125,#1126,#1127,#1128));
#4870=EDGE_LOOP('',(#1129,#1130,#1131,#1132));
#4871=EDGE_LOOP('',(#1133,#1134,#1135,#1136));
#4872=EDGE_LOOP('',(#1137,#1138,#1139,#1140));
#4873=EDGE_LOOP('',(#1141,#1142,#1143,#1144));
#4874=EDGE_LOOP('',(#1145,#1146,#1147,#1148));
#4875=EDGE_LOOP('',(#1149,#1150,#1151,#1152));
#4876=EDGE_LOOP('',(#1153,#1154,#1155,#1156));
#4877=EDGE_LOOP('',(#1157,#1158,#1159,#1160));
#4878=EDGE_LOOP('',(#1161,#1162,#1163,#1164));
#4879=EDGE_LOOP('',(#1165,#1166,#1167,#1168));
#4880=EDGE_LOOP('',(#1169,#1170,#1171,#1172));
#4881=EDGE_LOOP('',(#1173,#1174,#1175,#1176));
#4882=EDGE_LOOP('',(#1177,#1178,#1179,#1180));
#4883=EDGE_LOOP('',(#1181,#1182,#1183,#1184,#1185,#1186,#1187,#1188,#1189,
#1190,#1191,#1192,#1193,#1194,#1195));
#4884=EDGE_LOOP('',(#1196,#1197,#1198,#1199));
#4885=EDGE_LOOP('',(#1200,#1201,#1202,#1203));
#4886=EDGE_LOOP('',(#1204,#1205,#1206,#1207));
#4887=EDGE_LOOP('',(#1208,#1209,#1210,#1211));
#4888=EDGE_LOOP('',(#1212,#1213,#1214,#1215));
#4889=EDGE_LOOP('',(#1216,#1217,#1218,#1219));
#4890=EDGE_LOOP('',(#1220,#1221,#1222,#1223));
#4891=EDGE_LOOP('',(#1224,#1225,#1226,#1227));
#4892=EDGE_LOOP('',(#1228,#1229,#1230,#1231));
#4893=EDGE_LOOP('',(#1232,#1233,#1234,#1235));
#4894=EDGE_LOOP('',(#1236,#1237,#1238,#1239,#1240,#1241,#1242,#1243,#1244,
#1245));
#4895=EDGE_LOOP('',(#1246,#1247,#1248,#1249));
#4896=EDGE_LOOP('',(#1250,#1251,#1252,#1253));
#4897=EDGE_LOOP('',(#1254,#1255,#1256,#1257));
#4898=EDGE_LOOP('',(#1258,#1259,#1260,#1261));
#4899=EDGE_LOOP('',(#1262,#1263,#1264,#1265));
#4900=EDGE_LOOP('',(#1266,#1267,#1268,#1269));
#4901=EDGE_LOOP('',(#1270,#1271,#1272,#1273));
#4902=EDGE_LOOP('',(#1274,#1275,#1276,#1277));
#4903=EDGE_LOOP('',(#1278,#1279,#1280,#1281));
#4904=EDGE_LOOP('',(#1282,#1283,#1284,#1285));
#4905=EDGE_LOOP('',(#1286,#1287,#1288,#1289));
#4906=EDGE_LOOP('',(#1290,#1291,#1292,#1293));
#4907=EDGE_LOOP('',(#1294,#1295,#1296,#1297));
#4908=EDGE_LOOP('',(#1298,#1299,#1300,#1301));
#4909=EDGE_LOOP('',(#1302,#1303,#1304,#1305));
#4910=EDGE_LOOP('',(#1306,#1307,#1308,#1309));
#4911=EDGE_LOOP('',(#1310,#1311,#1312,#1313));
#4912=EDGE_LOOP('',(#1314,#1315,#1316,#1317));
#4913=EDGE_LOOP('',(#1318,#1319,#1320,#1321));
#4914=EDGE_LOOP('',(#1322,#1323,#1324,#1325));
#4915=EDGE_LOOP('',(#1326,#1327,#1328,#1329));
#4916=EDGE_LOOP('',(#1330,#1331,#1332,#1333));
#4917=EDGE_LOOP('',(#1334,#1335,#1336,#1337));
#4918=EDGE_LOOP('',(#1338,#1339,#1340,#1341));
#4919=EDGE_LOOP('',(#1342,#1343,#1344,#1345,#1346,#1347,#1348,#1349,#1350,
#1351,#1352,#1353,#1354,#1355,#1356,#1357,#1358,#1359,#1360,#1361,#1362,
#1363,#1364,#1365));
#4920=EDGE_LOOP('',(#1366,#1367,#1368,#1369));
#4921=EDGE_LOOP('',(#1370,#1371,#1372,#1373));
#4922=EDGE_LOOP('',(#1374,#1375,#1376,#1377));
#4923=EDGE_LOOP('',(#1378,#1379,#1380,#1381));
#4924=EDGE_LOOP('',(#1382,#1383,#1384,#1385));
#4925=EDGE_LOOP('',(#1386,#1387,#1388,#1389));
#4926=EDGE_LOOP('',(#1390,#1391,#1392,#1393));
#4927=EDGE_LOOP('',(#1394,#1395,#1396,#1397));
#4928=EDGE_LOOP('',(#1398,#1399,#1400,#1401));
#4929=EDGE_LOOP('',(#1402,#1403,#1404,#1405));
#4930=EDGE_LOOP('',(#1406,#1407,#1408,#1409));
#4931=EDGE_LOOP('',(#1410,#1411,#1412,#1413));
#4932=EDGE_LOOP('',(#1414,#1415,#1416,#1417,#1418,#1419,#1420,#1421));
#4933=EDGE_LOOP('',(#1422,#1423,#1424,#1425));
#4934=EDGE_LOOP('',(#1426,#1427,#1428,#1429));
#4935=EDGE_LOOP('',(#1430,#1431,#1432,#1433));
#4936=EDGE_LOOP('',(#1434,#1435,#1436,#1437));
#4937=EDGE_LOOP('',(#1438,#1439,#1440,#1441));
#4938=EDGE_LOOP('',(#1442,#1443,#1444,#1445));
#4939=EDGE_LOOP('',(#1446,#1447,#1448,#1449));
#4940=EDGE_LOOP('',(#1450,#1451,#1452,#1453));
#4941=EDGE_LOOP('',(#1454,#1455,#1456,#1457));
#4942=EDGE_LOOP('',(#1458,#1459,#1460,#1461));
#4943=EDGE_LOOP('',(#1462,#1463,#1464,#1465));
#4944=EDGE_LOOP('',(#1466,#1467,#1468,#1469));
#4945=EDGE_LOOP('',(#1470,#1471,#1472,#1473));
#4946=EDGE_LOOP('',(#1474,#1475,#1476,#1477,#1478,#1479,#1480));
#4947=EDGE_LOOP('',(#1481,#1482,#1483,#1484,#1485));
#4948=EDGE_LOOP('',(#1486,#1487,#1488,#1489));
#4949=EDGE_LOOP('',(#1490,#1491,#1492,#1493));
#4950=EDGE_LOOP('',(#1494,#1495,#1496,#1497));
#4951=EDGE_LOOP('',(#1498,#1499,#1500,#1501));
#4952=EDGE_LOOP('',(#1502,#1503,#1504,#1505));
#4953=EDGE_LOOP('',(#1506,#1507,#1508,#1509));
#4954=EDGE_LOOP('',(#1510,#1511,#1512,#1513));
#4955=EDGE_LOOP('',(#1514,#1515,#1516,#1517));
#4956=EDGE_LOOP('',(#1518,#1519,#1520,#1521));
#4957=EDGE_LOOP('',(#1522,#1523,#1524,#1525));
#4958=EDGE_LOOP('',(#1526,#1527,#1528,#1529));
#4959=EDGE_LOOP('',(#1530,#1531,#1532,#1533));
#4960=EDGE_LOOP('',(#1534,#1535,#1536,#1537));
#4961=EDGE_LOOP('',(#1538,#1539,#1540,#1541));
#4962=EDGE_LOOP('',(#1542,#1543,#1544,#1545));
#4963=EDGE_LOOP('',(#1546,#1547,#1548,#1549));
#4964=EDGE_LOOP('',(#1550,#1551,#1552,#1553));
#4965=EDGE_LOOP('',(#1554,#1555,#1556,#1557));
#4966=EDGE_LOOP('',(#1558,#1559,#1560,#1561));
#4967=EDGE_LOOP('',(#1562,#1563,#1564,#1565));
#4968=EDGE_LOOP('',(#1566,#1567,#1568,#1569));
#4969=EDGE_LOOP('',(#1570,#1571,#1572,#1573));
#4970=EDGE_LOOP('',(#1574,#1575,#1576,#1577));
#4971=EDGE_LOOP('',(#1578,#1579,#1580,#1581));
#4972=EDGE_LOOP('',(#1582,#1583,#1584,#1585));
#4973=EDGE_LOOP('',(#1586,#1587,#1588,#1589,#1590,#1591,#1592,#1593,#1594,
#1595,#1596,#1597));
#4974=EDGE_LOOP('',(#1598,#1599,#1600,#1601,#1602,#1603,#1604));
#4975=EDGE_LOOP('',(#1605,#1606,#1607,#1608,#1609,#1610));
#4976=EDGE_LOOP('',(#1611,#1612,#1613,#1614,#1615,#1616,#1617));
#4977=EDGE_LOOP('',(#1618,#1619,#1620,#1621));
#4978=EDGE_LOOP('',(#1622,#1623,#1624,#1625));
#4979=EDGE_LOOP('',(#1626,#1627,#1628,#1629));
#4980=EDGE_LOOP('',(#1630,#1631,#1632,#1633));
#4981=EDGE_LOOP('',(#1634,#1635,#1636,#1637));
#4982=EDGE_LOOP('',(#1638,#1639,#1640,#1641));
#4983=EDGE_LOOP('',(#1642,#1643,#1644,#1645));
#4984=EDGE_LOOP('',(#1646,#1647,#1648,#1649));
#4985=EDGE_LOOP('',(#1650,#1651,#1652,#1653));
#4986=EDGE_LOOP('',(#1654,#1655,#1656,#1657));
#4987=EDGE_LOOP('',(#1658,#1659,#1660,#1661));
#4988=EDGE_LOOP('',(#1662,#1663,#1664,#1665));
#4989=EDGE_LOOP('',(#1666,#1667,#1668,#1669,#1670,#1671,#1672,#1673,#1674,
#1675,#1676,#1677));
#4990=EDGE_LOOP('',(#1678,#1679,#1680,#1681));
#4991=EDGE_LOOP('',(#1682,#1683,#1684,#1685));
#4992=EDGE_LOOP('',(#1686,#1687,#1688,#1689));
#4993=EDGE_LOOP('',(#1690,#1691,#1692,#1693));
#4994=EDGE_LOOP('',(#1694,#1695,#1696,#1697));
#4995=EDGE_LOOP('',(#1698,#1699,#1700,#1701));
#4996=EDGE_LOOP('',(#1702,#1703,#1704,#1705));
#4997=EDGE_LOOP('',(#1706,#1707,#1708,#1709));
#4998=EDGE_LOOP('',(#1710,#1711,#1712,#1713));
#4999=EDGE_LOOP('',(#1714,#1715,#1716,#1717));
#5000=EDGE_LOOP('',(#1718,#1719,#1720,#1721));
#5001=EDGE_LOOP('',(#1722,#1723,#1724,#1725));
#5002=EDGE_LOOP('',(#1726,#1727,#1728,#1729));
#5003=EDGE_LOOP('',(#1730,#1731,#1732,#1733));
#5004=EDGE_LOOP('',(#1734,#1735,#1736,#1737));
#5005=EDGE_LOOP('',(#1738,#1739,#1740,#1741));
#5006=EDGE_LOOP('',(#1742,#1743,#1744,#1745));
#5007=EDGE_LOOP('',(#1746,#1747,#1748,#1749));
#5008=EDGE_LOOP('',(#1750,#1751,#1752,#1753));
#5009=EDGE_LOOP('',(#1754,#1755,#1756,#1757,#1758,#1759,#1760,#1761,#1762,
#1763,#1764,#1765,#1766,#1767,#1768,#1769,#1770,#1771,#1772));
#5010=EDGE_LOOP('',(#1773,#1774,#1775,#1776));
#5011=EDGE_LOOP('',(#1777,#1778,#1779,#1780));
#5012=EDGE_LOOP('',(#1781,#1782,#1783,#1784));
#5013=EDGE_LOOP('',(#1785,#1786,#1787,#1788));
#5014=EDGE_LOOP('',(#1789,#1790,#1791,#1792));
#5015=EDGE_LOOP('',(#1793,#1794,#1795,#1796));
#5016=EDGE_LOOP('',(#1797,#1798,#1799,#1800));
#5017=EDGE_LOOP('',(#1801,#1802,#1803,#1804));
#5018=EDGE_LOOP('',(#1805,#1806,#1807,#1808));
#5019=EDGE_LOOP('',(#1809,#1810,#1811,#1812));
#5020=EDGE_LOOP('',(#1813,#1814,#1815,#1816,#1817,#1818,#1819,#1820,#1821,
#1822));
#5021=EDGE_LOOP('',(#1823,#1824,#1825,#1826));
#5022=EDGE_LOOP('',(#1827,#1828,#1829,#1830));
#5023=EDGE_LOOP('',(#1831,#1832,#1833,#1834));
#5024=EDGE_LOOP('',(#1835,#1836,#1837,#1838));
#5025=EDGE_LOOP('',(#1839,#1840,#1841,#1842));
#5026=EDGE_LOOP('',(#1843,#1844,#1845,#1846));
#5027=EDGE_LOOP('',(#1847,#1848,#1849,#1850));
#5028=EDGE_LOOP('',(#1851,#1852,#1853,#1854));
#5029=EDGE_LOOP('',(#1855,#1856,#1857,#1858));
#5030=EDGE_LOOP('',(#1859,#1860,#1861,#1862));
#5031=EDGE_LOOP('',(#1863,#1864,#1865,#1866));
#5032=EDGE_LOOP('',(#1867,#1868,#1869,#1870));
#5033=EDGE_LOOP('',(#1871,#1872,#1873,#1874,#1875,#1876,#1877,#1878,#1879,
#1880,#1881,#1882));
#5034=EDGE_LOOP('',(#1883,#1884,#1885,#1886));
#5035=EDGE_LOOP('',(#1887,#1888,#1889,#1890,#1891));
#5036=EDGE_LOOP('',(#1892,#1893,#1894,#1895,#1896,#1897));
#5037=EDGE_LOOP('',(#1898,#1899,#1900,#1901));
#5038=EDGE_LOOP('',(#1902,#1903,#1904,#1905));
#5039=EDGE_LOOP('',(#1906,#1907,#1908,#1909));
#5040=EDGE_LOOP('',(#1910,#1911,#1912,#1913));
#5041=EDGE_LOOP('',(#1914,#1915,#1916,#1917));
#5042=EDGE_LOOP('',(#1918,#1919,#1920,#1921));
#5043=EDGE_LOOP('',(#1922,#1923,#1924,#1925));
#5044=EDGE_LOOP('',(#1926,#1927,#1928));
#5045=EDGE_LOOP('',(#1929,#1930,#1931,#1932));
#5046=EDGE_LOOP('',(#1933,#1934,#1935,#1936));
#5047=EDGE_LOOP('',(#1937,#1938,#1939,#1940));
#5048=EDGE_LOOP('',(#1941,#1942,#1943,#1944));
#5049=EDGE_LOOP('',(#1945,#1946,#1947,#1948));
#5050=EDGE_LOOP('',(#1949,#1950,#1951,#1952));
#5051=EDGE_LOOP('',(#1953,#1954,#1955,#1956));
#5052=EDGE_LOOP('',(#1957,#1958,#1959,#1960));
#5053=EDGE_LOOP('',(#1961,#1962,#1963,#1964));
#5054=EDGE_LOOP('',(#1965,#1966,#1967,#1968));
#5055=EDGE_LOOP('',(#1969,#1970,#1971,#1972));
#5056=EDGE_LOOP('',(#1973,#1974,#1975,#1976));
#5057=EDGE_LOOP('',(#1977,#1978,#1979,#1980));
#5058=EDGE_LOOP('',(#1981,#1982,#1983,#1984));
#5059=EDGE_LOOP('',(#1985,#1986,#1987,#1988,#1989));
#5060=EDGE_LOOP('',(#1990,#1991,#1992,#1993));
#5061=EDGE_LOOP('',(#1994,#1995,#1996,#1997));
#5062=EDGE_LOOP('',(#1998,#1999,#2000,#2001));
#5063=EDGE_LOOP('',(#2002,#2003,#2004,#2005));
#5064=EDGE_LOOP('',(#2006,#2007,#2008,#2009));
#5065=EDGE_LOOP('',(#2010,#2011,#2012,#2013));
#5066=EDGE_LOOP('',(#2014,#2015,#2016,#2017));
#5067=EDGE_LOOP('',(#2018,#2019,#2020,#2021));
#5068=EDGE_LOOP('',(#2022,#2023,#2024,#2025));
#5069=EDGE_LOOP('',(#2026,#2027,#2028,#2029));
#5070=EDGE_LOOP('',(#2030,#2031,#2032,#2033));
#5071=EDGE_LOOP('',(#2034,#2035,#2036,#2037,#2038));
#5072=EDGE_LOOP('',(#2039,#2040,#2041,#2042));
#5073=EDGE_LOOP('',(#2043,#2044,#2045,#2046));
#5074=EDGE_LOOP('',(#2047,#2048,#2049,#2050));
#5075=EDGE_LOOP('',(#2051,#2052,#2053,#2054));
#5076=EDGE_LOOP('',(#2055,#2056,#2057,#2058,#2059,#2060));
#5077=EDGE_LOOP('',(#2061,#2062,#2063,#2064,#2065));
#5078=EDGE_LOOP('',(#2066,#2067,#2068,#2069,#2070,#2071));
#5079=EDGE_LOOP('',(#2072,#2073,#2074,#2075,#2076));
#5080=EDGE_LOOP('',(#2077,#2078,#2079,#2080,#2081,#2082));
#5081=EDGE_LOOP('',(#2083,#2084,#2085,#2086,#2087,#2088));
#5082=EDGE_LOOP('',(#2089,#2090,#2091,#2092));
#5083=EDGE_LOOP('',(#2093,#2094,#2095,#2096,#2097));
#5084=EDGE_LOOP('',(#2098,#2099,#2100,#2101));
#5085=EDGE_LOOP('',(#2102,#2103,#2104,#2105));
#5086=EDGE_LOOP('',(#2106,#2107,#2108,#2109,#2110));
#5087=EDGE_LOOP('',(#2111,#2112,#2113,#2114));
#5088=EDGE_LOOP('',(#2115,#2116,#2117,#2118));
#5089=EDGE_LOOP('',(#2119,#2120,#2121,#2122));
#5090=EDGE_LOOP('',(#2123,#2124,#2125,#2126));
#5091=EDGE_LOOP('',(#2127,#2128,#2129,#2130));
#5092=EDGE_LOOP('',(#2131,#2132,#2133,#2134));
#5093=EDGE_LOOP('',(#2135,#2136,#2137,#2138));
#5094=EDGE_LOOP('',(#2139,#2140,#2141,#2142));
#5095=EDGE_LOOP('',(#2143,#2144,#2145,#2146));
#5096=EDGE_LOOP('',(#2147,#2148,#2149,#2150));
#5097=FACE_BOUND('',#4755,.T.);
#5098=FACE_BOUND('',#4756,.T.);
#5099=FACE_BOUND('',#4757,.T.);
#5100=FACE_BOUND('',#4758,.T.);
#5101=FACE_BOUND('',#4759,.T.);
#5102=FACE_BOUND('',#4760,.T.);
#5103=FACE_BOUND('',#4761,.T.);
#5104=FACE_BOUND('',#4762,.T.);
#5105=FACE_BOUND('',#4763,.T.);
#5106=FACE_BOUND('',#4764,.T.);
#5107=FACE_BOUND('',#4765,.T.);
#5108=FACE_BOUND('',#4766,.T.);
#5109=FACE_BOUND('',#4767,.T.);
#5110=FACE_BOUND('',#4768,.T.);
#5111=FACE_BOUND('',#4769,.T.);
#5112=FACE_BOUND('',#4770,.T.);
#5113=FACE_BOUND('',#4771,.T.);
#5114=FACE_BOUND('',#4772,.T.);
#5115=FACE_BOUND('',#4773,.T.);
#5116=FACE_BOUND('',#4774,.T.);
#5117=FACE_BOUND('',#4775,.T.);
#5118=FACE_BOUND('',#4776,.T.);
#5119=FACE_BOUND('',#4777,.T.);
#5120=FACE_BOUND('',#4778,.T.);
#5121=FACE_BOUND('',#4779,.T.);
#5122=FACE_BOUND('',#4780,.T.);
#5123=FACE_BOUND('',#4781,.T.);
#5124=FACE_BOUND('',#4782,.T.);
#5125=FACE_BOUND('',#4783,.T.);
#5126=FACE_BOUND('',#4784,.T.);
#5127=FACE_BOUND('',#4785,.T.);
#5128=FACE_BOUND('',#4786,.T.);
#5129=FACE_BOUND('',#4787,.T.);
#5130=FACE_BOUND('',#4788,.T.);
#5131=FACE_BOUND('',#4789,.T.);
#5132=FACE_BOUND('',#4790,.T.);
#5133=FACE_BOUND('',#4791,.T.);
#5134=FACE_BOUND('',#4792,.T.);
#5135=FACE_BOUND('',#4793,.T.);
#5136=FACE_BOUND('',#4794,.T.);
#5137=FACE_BOUND('',#4795,.T.);
#5138=FACE_BOUND('',#4796,.T.);
#5139=FACE_BOUND('',#4797,.T.);
#5140=FACE_BOUND('',#4798,.T.);
#5141=FACE_BOUND('',#4799,.T.);
#5142=FACE_BOUND('',#4800,.T.);
#5143=FACE_BOUND('',#4801,.T.);
#5144=FACE_BOUND('',#4802,.T.);
#5145=FACE_BOUND('',#4803,.T.);
#5146=FACE_BOUND('',#4804,.T.);
#5147=FACE_BOUND('',#4805,.T.);
#5148=FACE_BOUND('',#4806,.T.);
#5149=FACE_BOUND('',#4807,.T.);
#5150=FACE_BOUND('',#4808,.T.);
#5151=FACE_BOUND('',#4809,.T.);
#5152=FACE_BOUND('',#4810,.T.);
#5153=FACE_BOUND('',#4811,.T.);
#5154=FACE_BOUND('',#4812,.T.);
#5155=FACE_BOUND('',#4813,.T.);
#5156=FACE_BOUND('',#4814,.T.);
#5157=FACE_BOUND('',#4815,.T.);
#5158=FACE_BOUND('',#4816,.T.);
#5159=FACE_BOUND('',#4817,.T.);
#5160=FACE_BOUND('',#4818,.T.);
#5161=FACE_BOUND('',#4819,.T.);
#5162=FACE_BOUND('',#4820,.T.);
#5163=FACE_BOUND('',#4821,.T.);
#5164=FACE_BOUND('',#4822,.T.);
#5165=FACE_BOUND('',#4823,.T.);
#5166=FACE_BOUND('',#4824,.T.);
#5167=FACE_BOUND('',#4825,.T.);
#5168=FACE_BOUND('',#4826,.T.);
#5169=FACE_BOUND('',#4827,.T.);
#5170=FACE_BOUND('',#4828,.T.);
#5171=FACE_BOUND('',#4829,.T.);
#5172=FACE_BOUND('',#4830,.T.);
#5173=FACE_BOUND('',#4831,.T.);
#5174=FACE_BOUND('',#4832,.T.);
#5175=FACE_BOUND('',#4833,.T.);
#5176=FACE_BOUND('',#4834,.T.);
#5177=FACE_BOUND('',#4835,.T.);
#5178=FACE_BOUND('',#4836,.T.);
#5179=FACE_BOUND('',#4837,.T.);
#5180=FACE_BOUND('',#4838,.T.);
#5181=FACE_BOUND('',#4839,.T.);
#5182=FACE_BOUND('',#4840,.T.);
#5183=FACE_BOUND('',#4841,.T.);
#5184=FACE_BOUND('',#4842,.T.);
#5185=FACE_BOUND('',#4843,.T.);
#5186=FACE_BOUND('',#4844,.T.);
#5187=FACE_BOUND('',#4845,.T.);
#5188=FACE_BOUND('',#4846,.T.);
#5189=FACE_BOUND('',#4847,.T.);
#5190=FACE_BOUND('',#4848,.T.);
#5191=FACE_BOUND('',#4849,.T.);
#5192=FACE_BOUND('',#4850,.T.);
#5193=FACE_BOUND('',#4851,.T.);
#5194=FACE_BOUND('',#4852,.T.);
#5195=FACE_BOUND('',#4853,.T.);
#5196=FACE_BOUND('',#4854,.T.);
#5197=FACE_BOUND('',#4855,.T.);
#5198=FACE_BOUND('',#4856,.T.);
#5199=FACE_BOUND('',#4857,.T.);
#5200=FACE_BOUND('',#4858,.T.);
#5201=FACE_BOUND('',#4859,.T.);
#5202=FACE_BOUND('',#4860,.T.);
#5203=FACE_BOUND('',#4861,.T.);
#5204=FACE_BOUND('',#4862,.T.);
#5205=FACE_BOUND('',#4863,.T.);
#5206=FACE_BOUND('',#4864,.T.);
#5207=FACE_BOUND('',#4865,.T.);
#5208=FACE_BOUND('',#4866,.T.);
#5209=FACE_BOUND('',#4867,.T.);
#5210=FACE_BOUND('',#4868,.T.);
#5211=FACE_BOUND('',#4869,.T.);
#5212=FACE_BOUND('',#4870,.T.);
#5213=FACE_BOUND('',#4871,.T.);
#5214=FACE_BOUND('',#4872,.T.);
#5215=FACE_BOUND('',#4873,.T.);
#5216=FACE_BOUND('',#4874,.T.);
#5217=FACE_BOUND('',#4875,.T.);
#5218=FACE_BOUND('',#4876,.T.);
#5219=FACE_BOUND('',#4877,.T.);
#5220=FACE_BOUND('',#4878,.T.);
#5221=FACE_BOUND('',#4879,.T.);
#5222=FACE_BOUND('',#4880,.T.);
#5223=FACE_BOUND('',#4881,.T.);
#5224=FACE_BOUND('',#4882,.T.);
#5225=FACE_BOUND('',#4883,.T.);
#5226=FACE_BOUND('',#4884,.T.);
#5227=FACE_BOUND('',#4885,.T.);
#5228=FACE_BOUND('',#4886,.T.);
#5229=FACE_BOUND('',#4887,.T.);
#5230=FACE_BOUND('',#4888,.T.);
#5231=FACE_BOUND('',#4889,.T.);
#5232=FACE_BOUND('',#4890,.T.);
#5233=FACE_BOUND('',#4891,.T.);
#5234=FACE_BOUND('',#4892,.T.);
#5235=FACE_BOUND('',#4893,.T.);
#5236=FACE_BOUND('',#4894,.T.);
#5237=FACE_BOUND('',#4895,.T.);
#5238=FACE_BOUND('',#4896,.T.);
#5239=FACE_BOUND('',#4897,.T.);
#5240=FACE_BOUND('',#4898,.T.);
#5241=FACE_BOUND('',#4899,.T.);
#5242=FACE_BOUND('',#4900,.T.);
#5243=FACE_BOUND('',#4901,.T.);
#5244=FACE_BOUND('',#4902,.T.);
#5245=FACE_BOUND('',#4903,.T.);
#5246=FACE_BOUND('',#4904,.T.);
#5247=FACE_BOUND('',#4905,.T.);
#5248=FACE_BOUND('',#4906,.T.);
#5249=FACE_BOUND('',#4907,.T.);
#5250=FACE_BOUND('',#4908,.T.);
#5251=FACE_BOUND('',#4909,.T.);
#5252=FACE_BOUND('',#4910,.T.);
#5253=FACE_BOUND('',#4911,.T.);
#5254=FACE_BOUND('',#4912,.T.);
#5255=FACE_BOUND('',#4913,.T.);
#5256=FACE_BOUND('',#4914,.T.);
#5257=FACE_BOUND('',#4915,.T.);
#5258=FACE_BOUND('',#4916,.T.);
#5259=FACE_BOUND('',#4917,.T.);
#5260=FACE_BOUND('',#4918,.T.);
#5261=FACE_BOUND('',#4919,.T.);
#5262=FACE_BOUND('',#4920,.T.);
#5263=FACE_BOUND('',#4921,.T.);
#5264=FACE_BOUND('',#4922,.T.);
#5265=FACE_BOUND('',#4923,.T.);
#5266=FACE_BOUND('',#4924,.T.);
#5267=FACE_BOUND('',#4925,.T.);
#5268=FACE_BOUND('',#4926,.T.);
#5269=FACE_BOUND('',#4927,.T.);
#5270=FACE_BOUND('',#4928,.T.);
#5271=FACE_BOUND('',#4929,.T.);
#5272=FACE_BOUND('',#4930,.T.);
#5273=FACE_BOUND('',#4931,.T.);
#5274=FACE_BOUND('',#4932,.T.);
#5275=FACE_BOUND('',#4933,.T.);
#5276=FACE_BOUND('',#4934,.T.);
#5277=FACE_BOUND('',#4935,.T.);
#5278=FACE_BOUND('',#4936,.T.);
#5279=FACE_BOUND('',#4937,.T.);
#5280=FACE_BOUND('',#4938,.T.);
#5281=FACE_BOUND('',#4939,.T.);
#5282=FACE_BOUND('',#4940,.T.);
#5283=FACE_BOUND('',#4941,.T.);
#5284=FACE_BOUND('',#4942,.T.);
#5285=FACE_BOUND('',#4943,.T.);
#5286=FACE_BOUND('',#4944,.T.);
#5287=FACE_BOUND('',#4945,.T.);
#5288=FACE_BOUND('',#4946,.T.);
#5289=FACE_BOUND('',#4947,.T.);
#5290=FACE_BOUND('',#4948,.T.);
#5291=FACE_BOUND('',#4949,.T.);
#5292=FACE_BOUND('',#4950,.T.);
#5293=FACE_BOUND('',#4951,.T.);
#5294=FACE_BOUND('',#4952,.T.);
#5295=FACE_BOUND('',#4953,.T.);
#5296=FACE_BOUND('',#4954,.T.);
#5297=FACE_BOUND('',#4955,.T.);
#5298=FACE_BOUND('',#4956,.T.);
#5299=FACE_BOUND('',#4957,.T.);
#5300=FACE_BOUND('',#4958,.T.);
#5301=FACE_BOUND('',#4959,.T.);
#5302=FACE_BOUND('',#4960,.T.);
#5303=FACE_BOUND('',#4961,.T.);
#5304=FACE_BOUND('',#4962,.T.);
#5305=FACE_BOUND('',#4963,.T.);
#5306=FACE_BOUND('',#4964,.T.);
#5307=FACE_BOUND('',#4965,.T.);
#5308=FACE_BOUND('',#4966,.T.);
#5309=FACE_BOUND('',#4967,.T.);
#5310=FACE_BOUND('',#4968,.T.);
#5311=FACE_BOUND('',#4969,.T.);
#5312=FACE_BOUND('',#4970,.T.);
#5313=FACE_BOUND('',#4971,.T.);
#5314=FACE_BOUND('',#4972,.T.);
#5315=FACE_BOUND('',#4973,.T.);
#5316=FACE_BOUND('',#4974,.T.);
#5317=FACE_BOUND('',#4975,.T.);
#5318=FACE_BOUND('',#4976,.T.);
#5319=FACE_BOUND('',#4977,.T.);
#5320=FACE_BOUND('',#4978,.T.);
#5321=FACE_BOUND('',#4979,.T.);
#5322=FACE_BOUND('',#4980,.T.);
#5323=FACE_BOUND('',#4981,.T.);
#5324=FACE_BOUND('',#4982,.T.);
#5325=FACE_BOUND('',#4983,.T.);
#5326=FACE_BOUND('',#4984,.T.);
#5327=FACE_BOUND('',#4985,.T.);
#5328=FACE_BOUND('',#4986,.T.);
#5329=FACE_BOUND('',#4987,.T.);
#5330=FACE_BOUND('',#4988,.T.);
#5331=FACE_BOUND('',#4989,.T.);
#5332=FACE_BOUND('',#4990,.T.);
#5333=FACE_BOUND('',#4991,.T.);
#5334=FACE_BOUND('',#4992,.T.);
#5335=FACE_BOUND('',#4993,.T.);
#5336=FACE_BOUND('',#4994,.T.);
#5337=FACE_BOUND('',#4995,.T.);
#5338=FACE_BOUND('',#4996,.T.);
#5339=FACE_BOUND('',#4997,.T.);
#5340=FACE_BOUND('',#4998,.T.);
#5341=FACE_BOUND('',#4999,.T.);
#5342=FACE_BOUND('',#5000,.T.);
#5343=FACE_BOUND('',#5001,.T.);
#5344=FACE_BOUND('',#5002,.T.);
#5345=FACE_BOUND('',#5003,.T.);
#5346=FACE_BOUND('',#5004,.T.);
#5347=FACE_BOUND('',#5005,.T.);
#5348=FACE_BOUND('',#5006,.T.);
#5349=FACE_BOUND('',#5007,.T.);
#5350=FACE_BOUND('',#5008,.T.);
#5351=FACE_BOUND('',#5009,.T.);
#5352=FACE_BOUND('',#5010,.T.);
#5353=FACE_BOUND('',#5011,.T.);
#5354=FACE_BOUND('',#5012,.T.);
#5355=FACE_BOUND('',#5013,.T.);
#5356=FACE_BOUND('',#5014,.T.);
#5357=FACE_BOUND('',#5015,.T.);
#5358=FACE_BOUND('',#5016,.T.);
#5359=FACE_BOUND('',#5017,.T.);
#5360=FACE_BOUND('',#5018,.T.);
#5361=FACE_BOUND('',#5019,.T.);
#5362=FACE_BOUND('',#5020,.T.);
#5363=FACE_BOUND('',#5021,.T.);
#5364=FACE_BOUND('',#5022,.T.);
#5365=FACE_BOUND('',#5023,.T.);
#5366=FACE_BOUND('',#5024,.T.);
#5367=FACE_BOUND('',#5025,.T.);
#5368=FACE_BOUND('',#5026,.T.);
#5369=FACE_BOUND('',#5027,.T.);
#5370=FACE_BOUND('',#5028,.T.);
#5371=FACE_BOUND('',#5029,.T.);
#5372=FACE_BOUND('',#5030,.T.);
#5373=FACE_BOUND('',#5031,.T.);
#5374=FACE_BOUND('',#5032,.T.);
#5375=FACE_BOUND('',#5033,.T.);
#5376=FACE_BOUND('',#5034,.T.);
#5377=FACE_BOUND('',#5035,.T.);
#5378=FACE_BOUND('',#5036,.T.);
#5379=FACE_BOUND('',#5037,.T.);
#5380=FACE_BOUND('',#5038,.T.);
#5381=FACE_BOUND('',#5039,.T.);
#5382=FACE_BOUND('',#5040,.T.);
#5383=FACE_BOUND('',#5041,.T.);
#5384=FACE_BOUND('',#5042,.T.);
#5385=FACE_BOUND('',#5043,.T.);
#5386=FACE_BOUND('',#5044,.T.);
#5387=FACE_BOUND('',#5045,.T.);
#5388=FACE_BOUND('',#5046,.T.);
#5389=FACE_BOUND('',#5047,.T.);
#5390=FACE_BOUND('',#5048,.T.);
#5391=FACE_BOUND('',#5049,.T.);
#5392=FACE_BOUND('',#5050,.T.);
#5393=FACE_BOUND('',#5051,.T.);
#5394=FACE_BOUND('',#5052,.T.);
#5395=FACE_BOUND('',#5053,.T.);
#5396=FACE_BOUND('',#5054,.T.);
#5397=FACE_BOUND('',#5055,.T.);
#5398=FACE_BOUND('',#5056,.T.);
#5399=FACE_BOUND('',#5057,.T.);
#5400=FACE_BOUND('',#5058,.T.);
#5401=FACE_BOUND('',#5059,.T.);
#5402=FACE_BOUND('',#5060,.T.);
#5403=FACE_BOUND('',#5061,.T.);
#5404=FACE_BOUND('',#5062,.T.);
#5405=FACE_BOUND('',#5063,.T.);
#5406=FACE_BOUND('',#5064,.T.);
#5407=FACE_BOUND('',#5065,.T.);
#5408=FACE_BOUND('',#5066,.T.);
#5409=FACE_BOUND('',#5067,.T.);
#5410=FACE_BOUND('',#5068,.T.);
#5411=FACE_BOUND('',#5069,.T.);
#5412=FACE_BOUND('',#5070,.T.);
#5413=FACE_BOUND('',#5071,.T.);
#5414=FACE_BOUND('',#5072,.T.);
#5415=FACE_BOUND('',#5073,.T.);
#5416=FACE_BOUND('',#5074,.T.);
#5417=FACE_BOUND('',#5075,.T.);
#5418=FACE_BOUND('',#5076,.T.);
#5419=FACE_BOUND('',#5077,.T.);
#5420=FACE_BOUND('',#5078,.T.);
#5421=FACE_BOUND('',#5079,.T.);
#5422=FACE_BOUND('',#5080,.T.);
#5423=FACE_BOUND('',#5081,.T.);
#5424=FACE_BOUND('',#5082,.T.);
#5425=FACE_BOUND('',#5083,.T.);
#5426=FACE_BOUND('',#5084,.T.);
#5427=FACE_BOUND('',#5085,.T.);
#5428=FACE_BOUND('',#5086,.T.);
#5429=FACE_BOUND('',#5087,.T.);
#5430=FACE_BOUND('',#5088,.T.);
#5431=FACE_BOUND('',#5089,.T.);
#5432=FACE_BOUND('',#5090,.T.);
#5433=FACE_BOUND('',#5091,.T.);
#5434=FACE_BOUND('',#5092,.T.);
#5435=FACE_BOUND('',#5093,.T.);
#5436=FACE_BOUND('',#5094,.T.);
#5437=FACE_BOUND('',#5095,.T.);
#5438=FACE_BOUND('',#5096,.T.);
#5439=PLANE('',#5933);
#5440=PLANE('',#5934);
#5441=PLANE('',#5937);
#5442=PLANE('',#5942);
#5443=PLANE('',#5949);
#5444=PLANE('',#5950);
#5445=PLANE('',#5956);
#5446=PLANE('',#5960);
#5447=PLANE('',#5962);
#5448=PLANE('',#5964);
#5449=PLANE('',#5965);
#5450=PLANE('',#5974);
#5451=PLANE('',#5975);
#5452=PLANE('',#5995);
#5453=PLANE('',#6007);
#5454=PLANE('',#6020);
#5455=PLANE('',#6021);
#5456=PLANE('',#6040);
#5457=PLANE('',#6041);
#5458=PLANE('',#6042);
#5459=PLANE('',#6043);
#5460=PLANE('',#6044);
#5461=PLANE('',#6045);
#5462=PLANE('',#6050);
#5463=PLANE('',#6051);
#5464=PLANE('',#6052);
#5465=PLANE('',#6053);
#5466=PLANE('',#6055);
#5467=PLANE('',#6059);
#5468=PLANE('',#6060);
#5469=PLANE('',#6065);
#5470=PLANE('',#6067);
#5471=PLANE('',#6071);
#5472=PLANE('',#6072);
#5473=PLANE('',#6073);
#5474=PLANE('',#6074);
#5475=PLANE('',#6075);
#5476=PLANE('',#6083);
#5477=PLANE('',#6084);
#5478=PLANE('',#6085);
#5479=PLANE('',#6086);
#5480=PLANE('',#6087);
#5481=PLANE('',#6088);
#5482=PLANE('',#6095);
#5483=PLANE('',#6100);
#5484=PLANE('',#6101);
#5485=PLANE('',#6102);
#5486=PLANE('',#6103);
#5487=PLANE('',#6104);
#5488=PLANE('',#6105);
#5489=PLANE('',#6106);
#5490=PLANE('',#6107);
#5491=PLANE('',#6108);
#5492=PLANE('',#6109);
#5493=PLANE('',#6110);
#5494=PLANE('',#6111);
#5495=PLANE('',#6112);
#5496=PLANE('',#6117);
#5497=PLANE('',#6118);
#5498=PLANE('',#6119);
#5499=PLANE('',#6120);
#5500=PLANE('',#6121);
#5501=PLANE('',#6122);
#5502=PLANE('',#6123);
#5503=PLANE('',#6124);
#5504=PLANE('',#6125);
#5505=PLANE('',#6126);
#5506=PLANE('',#6127);
#5507=PLANE('',#6128);
#5508=PLANE('',#6129);
#5509=PLANE('',#6130);
#5510=PLANE('',#6131);
#5511=PLANE('',#6132);
#5512=PLANE('',#6133);
#5513=PLANE('',#6134);
#5514=PLANE('',#6141);
#5515=PLANE('',#6146);
#5516=PLANE('',#6147);
#5517=PLANE('',#6148);
#5518=PLANE('',#6152);
#5519=PLANE('',#6153);
#5520=PLANE('',#6154);
#5521=PLANE('',#6155);
#5522=PLANE('',#6156);
#5523=PLANE('',#6157);
#5524=PLANE('',#6158);
#5525=PLANE('',#6159);
#5526=PLANE('',#6160);
#5527=PLANE('',#6164);
#5528=PLANE('',#6165);
#5529=PLANE('',#6166);
#5530=PLANE('',#6167);
#5531=PLANE('',#6168);
#5532=PLANE('',#6169);
#5533=PLANE('',#6170);
#5534=PLANE('',#6171);
#5535=PLANE('',#6172);
#5536=PLANE('',#6173);
#5537=PLANE('',#6174);
#5538=PLANE('',#6175);
#5539=PLANE('',#6176);
#5540=PLANE('',#6177);
#5541=PLANE('',#6178);
#5542=PLANE('',#6179);
#5543=PLANE('',#6180);
#5544=PLANE('',#6183);
#5545=PLANE('',#6184);
#5546=PLANE('',#6185);
#5547=PLANE('',#6186);
#5548=PLANE('',#6187);
#5549=PLANE('',#6188);
#5550=PLANE('',#6189);
#5551=PLANE('',#6190);
#5552=PLANE('',#6191);
#5553=PLANE('',#6192);
#5554=PLANE('',#6193);
#5555=PLANE('',#6194);
#5556=PLANE('',#6195);
#5557=PLANE('',#6196);
#5558=PLANE('',#6197);
#5559=PLANE('',#6198);
#5560=PLANE('',#6199);
#5561=PLANE('',#6200);
#5562=PLANE('',#6201);
#5563=PLANE('',#6202);
#5564=PLANE('',#6207);
#5565=PLANE('',#6214);
#5566=PLANE('',#6215);
#5567=PLANE('',#6216);
#5568=PLANE('',#6217);
#5569=PLANE('',#6218);
#5570=PLANE('',#6219);
#5571=PLANE('',#6220);
#5572=PLANE('',#6221);
#5573=PLANE('',#6222);
#5574=PLANE('',#6223);
#5575=PLANE('',#6224);
#5576=PLANE('',#6225);
#5577=PLANE('',#6226);
#5578=PLANE('',#6227);
#5579=PLANE('',#6228);
#5580=PLANE('',#6229);
#5581=PLANE('',#6230);
#5582=PLANE('',#6231);
#5583=PLANE('',#6232);
#5584=PLANE('',#6233);
#5585=PLANE('',#6234);
#5586=PLANE('',#6235);
#5587=PLANE('',#6236);
#5588=PLANE('',#6237);
#5589=PLANE('',#6238);
#5590=PLANE('',#6239);
#5591=PLANE('',#6240);
#5592=PLANE('',#6241);
#5593=PLANE('',#6242);
#5594=PLANE('',#6243);
#5595=PLANE('',#6244);
#5596=PLANE('',#6245);
#5597=PLANE('',#6302);
#5598=PLANE('',#6303);
#5599=PLANE('',#6304);
#5600=PLANE('',#6305);
#5601=PLANE('',#6306);
#5602=PLANE('',#6307);
#5603=PLANE('',#6308);
#5604=PLANE('',#6309);
#5605=PLANE('',#6310);
#5606=PLANE('',#6311);
#5607=PLANE('',#6312);
#5608=ADVANCED_FACE('',(#5097),#5439,.T.);
#5609=ADVANCED_FACE('',(#5098),#5440,.F.);
#5610=ADVANCED_FACE('',(#5099),#5441,.T.);
#5611=ADVANCED_FACE('',(#5100,#5101),#5442,.F.);
#5612=ADVANCED_FACE('',(#5102),#221,.F.);
#5613=ADVANCED_FACE('',(#5103),#5443,.T.);
#5614=ADVANCED_FACE('',(#5104),#5444,.T.);
#5615=ADVANCED_FACE('',(#5105),#222,.F.);
#5616=ADVANCED_FACE('',(#5106),#5445,.F.);
#5617=ADVANCED_FACE('',(#5107),#223,.F.);
#5618=ADVANCED_FACE('',(#5108),#5446,.T.);
#5619=ADVANCED_FACE('',(#5109),#5447,.F.);
#5620=ADVANCED_FACE('',(#5110),#5448,.T.);
#5621=ADVANCED_FACE('',(#5111),#5449,.T.);
#5622=ADVANCED_FACE('',(#5112),#224,.F.);
#5623=ADVANCED_FACE('',(#5113),#225,.F.);
#5624=ADVANCED_FACE('',(#5114),#5450,.T.);
#5625=ADVANCED_FACE('',(#5115,#5116,#5117,#5118,#5119,#5120,#5121,#5122,
#5123,#5124,#5125),#5451,.T.);
#5626=ADVANCED_FACE('',(#5126,#5127,#5128),#5452,.T.);
#5627=ADVANCED_FACE('',(#5129,#5130,#5131,#5132,#5133),#5453,.F.);
#5628=ADVANCED_FACE('',(#5134),#5454,.F.);
#5629=ADVANCED_FACE('',(#5135,#5136,#5137,#5138,#5139),#5455,.T.);
#5630=ADVANCED_FACE('',(#5140),#5456,.T.);
#5631=ADVANCED_FACE('',(#5141),#5457,.T.);
#5632=ADVANCED_FACE('',(#5142),#5458,.F.);
#5633=ADVANCED_FACE('',(#5143),#5459,.T.);
#5634=ADVANCED_FACE('',(#5144),#5460,.T.);
#5635=ADVANCED_FACE('',(#5145),#5461,.F.);
#5636=ADVANCED_FACE('',(#5146),#226,.T.);
#5637=ADVANCED_FACE('',(#5147),#227,.T.);
#5638=ADVANCED_FACE('',(#5148),#228,.T.);
#5639=ADVANCED_FACE('',(#5149),#229,.T.);
#5640=ADVANCED_FACE('',(#5150),#5462,.F.);
#5641=ADVANCED_FACE('',(#5151),#5463,.F.);
#5642=ADVANCED_FACE('',(#5152),#5464,.T.);
#5643=ADVANCED_FACE('',(#5153),#5465,.F.);
#5644=ADVANCED_FACE('',(#5154,#5155),#5466,.T.);
#5645=ADVANCED_FACE('',(#5156),#5467,.T.);
#5646=ADVANCED_FACE('',(#5157),#5468,.T.);
#5647=ADVANCED_FACE('',(#5158),#5469,.F.);
#5648=ADVANCED_FACE('',(#5159),#5470,.F.);
#5649=ADVANCED_FACE('',(#5160),#5471,.T.);
#5650=ADVANCED_FACE('',(#5161),#5472,.T.);
#5651=ADVANCED_FACE('',(#5162),#5473,.F.);
#5652=ADVANCED_FACE('',(#5163),#5474,.T.);
#5653=ADVANCED_FACE('',(#5164),#5475,.F.);
#5654=ADVANCED_FACE('',(#5165,#5166),#230,.F.);
#5655=ADVANCED_FACE('',(#5167,#5168),#231,.F.);
#5656=ADVANCED_FACE('',(#5169,#5170),#232,.F.);
#5657=ADVANCED_FACE('',(#5171,#5172),#233,.F.);
#5658=ADVANCED_FACE('',(#5173),#5476,.T.);
#5659=ADVANCED_FACE('',(#5174),#5477,.T.);
#5660=ADVANCED_FACE('',(#5175),#5478,.T.);
#5661=ADVANCED_FACE('',(#5176),#5479,.T.);
#5662=ADVANCED_FACE('',(#5177),#5480,.T.);
#5663=ADVANCED_FACE('',(#5178),#5481,.T.);
#5664=ADVANCED_FACE('',(#5179),#19,.T.);
#5665=ADVANCED_FACE('',(#5180),#20,.T.);
#5666=ADVANCED_FACE('',(#5181),#234,.F.);
#5667=ADVANCED_FACE('',(#5182),#21,.T.);
#5668=ADVANCED_FACE('',(#5183),#22,.T.);
#5669=ADVANCED_FACE('',(#5184),#23,.T.);
#5670=ADVANCED_FACE('',(#5185),#235,.F.);
#5671=ADVANCED_FACE('',(#5186),#236,.F.);
#5672=ADVANCED_FACE('',(#5187),#24,.T.);
#5673=ADVANCED_FACE('',(#5188),#5482,.T.);
#5674=ADVANCED_FACE('',(#5189),#25,.T.);
#5675=ADVANCED_FACE('',(#5190),#237,.T.);
#5676=ADVANCED_FACE('',(#5191),#26,.T.);
#5677=ADVANCED_FACE('',(#5192),#27,.T.);
#5678=ADVANCED_FACE('',(#5193),#238,.T.);
#5679=ADVANCED_FACE('',(#5194),#28,.T.);
#5680=ADVANCED_FACE('',(#5195),#29,.T.);
#5681=ADVANCED_FACE('',(#5196),#5483,.T.);
#5682=ADVANCED_FACE('',(#5197),#5484,.T.);
#5683=ADVANCED_FACE('',(#5198),#5485,.T.);
#5684=ADVANCED_FACE('',(#5199),#5486,.T.);
#5685=ADVANCED_FACE('',(#5200),#5487,.T.);
#5686=ADVANCED_FACE('',(#5201),#5488,.T.);
#5687=ADVANCED_FACE('',(#5202),#5489,.T.);
#5688=ADVANCED_FACE('',(#5203),#5490,.T.);
#5689=ADVANCED_FACE('',(#5204),#5491,.T.);
#5690=ADVANCED_FACE('',(#5205),#30,.T.);
#5691=ADVANCED_FACE('',(#5206),#5492,.T.);
#5692=ADVANCED_FACE('',(#5207),#5493,.T.);
#5693=ADVANCED_FACE('',(#5208),#5494,.T.);
#5694=ADVANCED_FACE('',(#5209),#5495,.T.);
#5695=ADVANCED_FACE('',(#5210),#31,.T.);
#5696=ADVANCED_FACE('',(#5211),#239,.T.);
#5697=ADVANCED_FACE('',(#5212),#240,.T.);
#5698=ADVANCED_FACE('',(#5213),#5496,.T.);
#5699=ADVANCED_FACE('',(#5214),#32,.T.);
#5700=ADVANCED_FACE('',(#5215),#33,.T.);
#5701=ADVANCED_FACE('',(#5216),#34,.T.);
#5702=ADVANCED_FACE('',(#5217),#35,.T.);
#5703=ADVANCED_FACE('',(#5218),#36,.T.);
#5704=ADVANCED_FACE('',(#5219),#37,.T.);
#5705=ADVANCED_FACE('',(#5220),#38,.T.);
#5706=ADVANCED_FACE('',(#5221),#5497,.T.);
#5707=ADVANCED_FACE('',(#5222),#39,.T.);
#5708=ADVANCED_FACE('',(#5223),#40,.T.);
#5709=ADVANCED_FACE('',(#5224),#41,.T.);
#5710=ADVANCED_FACE('',(#5225),#5498,.T.);
#5711=ADVANCED_FACE('',(#5226),#5499,.T.);
#5712=ADVANCED_FACE('',(#5227),#5500,.T.);
#5713=ADVANCED_FACE('',(#5228),#5501,.T.);
#5714=ADVANCED_FACE('',(#5229),#5502,.T.);
#5715=ADVANCED_FACE('',(#5230),#5503,.T.);
#5716=ADVANCED_FACE('',(#5231),#5504,.T.);
#5717=ADVANCED_FACE('',(#5232),#42,.T.);
#5718=ADVANCED_FACE('',(#5233),#5505,.T.);
#5719=ADVANCED_FACE('',(#5234),#5506,.T.);
#5720=ADVANCED_FACE('',(#5235),#5507,.T.);
#5721=ADVANCED_FACE('',(#5236),#5508,.T.);
#5722=ADVANCED_FACE('',(#5237),#5509,.T.);
#5723=ADVANCED_FACE('',(#5238),#5510,.T.);
#5724=ADVANCED_FACE('',(#5239),#5511,.T.);
#5725=ADVANCED_FACE('',(#5240),#5512,.T.);
#5726=ADVANCED_FACE('',(#5241),#5513,.T.);
#5727=ADVANCED_FACE('',(#5242),#43,.T.);
#5728=ADVANCED_FACE('',(#5243),#44,.T.);
#5729=ADVANCED_FACE('',(#5244),#241,.F.);
#5730=ADVANCED_FACE('',(#5245),#45,.T.);
#5731=ADVANCED_FACE('',(#5246),#46,.T.);
#5732=ADVANCED_FACE('',(#5247),#47,.T.);
#5733=ADVANCED_FACE('',(#5248),#242,.F.);
#5734=ADVANCED_FACE('',(#5249),#243,.F.);
#5735=ADVANCED_FACE('',(#5250),#48,.T.);
#5736=ADVANCED_FACE('',(#5251),#5514,.T.);
#5737=ADVANCED_FACE('',(#5252),#49,.T.);
#5738=ADVANCED_FACE('',(#5253),#244,.T.);
#5739=ADVANCED_FACE('',(#5254),#50,.T.);
#5740=ADVANCED_FACE('',(#5255),#51,.T.);
#5741=ADVANCED_FACE('',(#5256),#245,.T.);
#5742=ADVANCED_FACE('',(#5257),#52,.T.);
#5743=ADVANCED_FACE('',(#5258),#53,.T.);
#5744=ADVANCED_FACE('',(#5259),#5515,.T.);
#5745=ADVANCED_FACE('',(#5260),#5516,.T.);
#5746=ADVANCED_FACE('',(#5261),#5517,.T.);
#5747=ADVANCED_FACE('',(#5262),#246,.F.);
#5748=ADVANCED_FACE('',(#5263),#5518,.T.);
#5749=ADVANCED_FACE('',(#5264),#54,.T.);
#5750=ADVANCED_FACE('',(#5265),#5519,.T.);
#5751=ADVANCED_FACE('',(#5266),#5520,.T.);
#5752=ADVANCED_FACE('',(#5267),#5521,.T.);
#5753=ADVANCED_FACE('',(#5268),#5522,.T.);
#5754=ADVANCED_FACE('',(#5269),#5523,.T.);
#5755=ADVANCED_FACE('',(#5270),#5524,.T.);
#5756=ADVANCED_FACE('',(#5271),#5525,.T.);
#5757=ADVANCED_FACE('',(#5272),#5526,.T.);
#5758=ADVANCED_FACE('',(#5273),#247,.F.);
#5759=ADVANCED_FACE('',(#5274,#5275),#5527,.T.);
#5760=ADVANCED_FACE('',(#5276),#55,.T.);
#5761=ADVANCED_FACE('',(#5277),#56,.T.);
#5762=ADVANCED_FACE('',(#5278),#5528,.T.);
#5763=ADVANCED_FACE('',(#5279),#5529,.T.);
#5764=ADVANCED_FACE('',(#5280),#57,.T.);
#5765=ADVANCED_FACE('',(#5281),#58,.T.);
#5766=ADVANCED_FACE('',(#5282),#59,.T.);
#5767=ADVANCED_FACE('',(#5283),#5530,.T.);
#5768=ADVANCED_FACE('',(#5284),#5531,.T.);
#5769=ADVANCED_FACE('',(#5285),#5532,.T.);
#5770=ADVANCED_FACE('',(#5286),#60,.T.);
#5771=ADVANCED_FACE('',(#5287),#5533,.T.);
#5772=ADVANCED_FACE('',(#5288,#5289),#5534,.T.);
#5773=ADVANCED_FACE('',(#5290),#5535,.T.);
#5774=ADVANCED_FACE('',(#5291),#5536,.T.);
#5775=ADVANCED_FACE('',(#5292),#61,.T.);
#5776=ADVANCED_FACE('',(#5293),#62,.T.);
#5777=ADVANCED_FACE('',(#5294),#63,.T.);
#5778=ADVANCED_FACE('',(#5295),#5537,.T.);
#5779=ADVANCED_FACE('',(#5296),#5538,.T.);
#5780=ADVANCED_FACE('',(#5297),#5539,.T.);
#5781=ADVANCED_FACE('',(#5298),#64,.T.);
#5782=ADVANCED_FACE('',(#5299),#65,.T.);
#5783=ADVANCED_FACE('',(#5300),#66,.T.);
#5784=ADVANCED_FACE('',(#5301),#5540,.T.);
#5785=ADVANCED_FACE('',(#5302),#5541,.T.);
#5786=ADVANCED_FACE('',(#5303),#5542,.T.);
#5787=ADVANCED_FACE('',(#5304),#67,.T.);
#5788=ADVANCED_FACE('',(#5305),#68,.T.);
#5789=ADVANCED_FACE('',(#5306),#69,.T.);
#5790=ADVANCED_FACE('',(#5307),#70,.T.);
#5791=ADVANCED_FACE('',(#5308),#5543,.T.);
#5792=ADVANCED_FACE('',(#5309),#248,.F.);
#5793=ADVANCED_FACE('',(#5310),#71,.T.);
#5794=ADVANCED_FACE('',(#5311),#72,.T.);
#5795=ADVANCED_FACE('',(#5312),#73,.T.);
#5796=ADVANCED_FACE('',(#5313),#74,.T.);
#5797=ADVANCED_FACE('',(#5314),#5544,.T.);
#5798=ADVANCED_FACE('',(#5315,#5316,#5317),#5545,.T.);
#5799=ADVANCED_FACE('',(#5318),#5546,.T.);
#5800=ADVANCED_FACE('',(#5319),#5547,.T.);
#5801=ADVANCED_FACE('',(#5320),#5548,.T.);
#5802=ADVANCED_FACE('',(#5321),#5549,.T.);
#5803=ADVANCED_FACE('',(#5322),#5550,.T.);
#5804=ADVANCED_FACE('',(#5323),#5551,.T.);
#5805=ADVANCED_FACE('',(#5324),#5552,.T.);
#5806=ADVANCED_FACE('',(#5325),#5553,.T.);
#5807=ADVANCED_FACE('',(#5326),#5554,.T.);
#5808=ADVANCED_FACE('',(#5327),#5555,.T.);
#5809=ADVANCED_FACE('',(#5328),#5556,.T.);
#5810=ADVANCED_FACE('',(#5329),#5557,.T.);
#5811=ADVANCED_FACE('',(#5330),#5558,.T.);
#5812=ADVANCED_FACE('',(#5331),#5559,.T.);
#5813=ADVANCED_FACE('',(#5332),#5560,.T.);
#5814=ADVANCED_FACE('',(#5333),#5561,.T.);
#5815=ADVANCED_FACE('',(#5334),#5562,.T.);
#5816=ADVANCED_FACE('',(#5335),#5563,.T.);
#5817=ADVANCED_FACE('',(#5336),#249,.T.);
#5818=ADVANCED_FACE('',(#5337),#75,.T.);
#5819=ADVANCED_FACE('',(#5338),#76,.T.);
#5820=ADVANCED_FACE('',(#5339),#77,.T.);
#5821=ADVANCED_FACE('',(#5340),#78,.T.);
#5822=ADVANCED_FACE('',(#5341),#250,.T.);
#5823=ADVANCED_FACE('',(#5342),#5564,.T.);
#5824=ADVANCED_FACE('',(#5343),#251,.F.);
#5825=ADVANCED_FACE('',(#5344),#79,.T.);
#5826=ADVANCED_FACE('',(#5345),#80,.T.);
#5827=ADVANCED_FACE('',(#5346),#81,.T.);
#5828=ADVANCED_FACE('',(#5347),#82,.T.);
#5829=ADVANCED_FACE('',(#5348),#252,.F.);
#5830=ADVANCED_FACE('',(#5349),#253,.F.);
#5831=ADVANCED_FACE('',(#5350),#5565,.T.);
#5832=ADVANCED_FACE('',(#5351),#5566,.T.);
#5833=ADVANCED_FACE('',(#5352),#5567,.T.);
#5834=ADVANCED_FACE('',(#5353),#5568,.T.);
#5835=ADVANCED_FACE('',(#5354),#5569,.T.);
#5836=ADVANCED_FACE('',(#5355),#5570,.T.);
#5837=ADVANCED_FACE('',(#5356),#5571,.T.);
#5838=ADVANCED_FACE('',(#5357),#5572,.T.);
#5839=ADVANCED_FACE('',(#5358),#5573,.T.);
#5840=ADVANCED_FACE('',(#5359),#5574,.T.);
#5841=ADVANCED_FACE('',(#5360),#5575,.T.);
#5842=ADVANCED_FACE('',(#5361),#5576,.T.);
#5843=ADVANCED_FACE('',(#5362),#5577,.T.);
#5844=ADVANCED_FACE('',(#5363),#5578,.T.);
#5845=ADVANCED_FACE('',(#5364),#5579,.T.);
#5846=ADVANCED_FACE('',(#5365),#5580,.T.);
#5847=ADVANCED_FACE('',(#5366),#5581,.T.);
#5848=ADVANCED_FACE('',(#5367),#5582,.T.);
#5849=ADVANCED_FACE('',(#5368),#5583,.T.);
#5850=ADVANCED_FACE('',(#5369),#5584,.T.);
#5851=ADVANCED_FACE('',(#5370),#5585,.T.);
#5852=ADVANCED_FACE('',(#5371),#5586,.T.);
#5853=ADVANCED_FACE('',(#5372),#5587,.T.);
#5854=ADVANCED_FACE('',(#5373),#5588,.T.);
#5855=ADVANCED_FACE('',(#5374),#5589,.T.);
#5856=ADVANCED_FACE('',(#5375),#5590,.T.);
#5857=ADVANCED_FACE('',(#5376),#5591,.T.);
#5858=ADVANCED_FACE('',(#5377),#5592,.T.);
#5859=ADVANCED_FACE('',(#5378),#5593,.T.);
#5860=ADVANCED_FACE('',(#5379),#5594,.F.);
#5861=ADVANCED_FACE('',(#5380),#5595,.T.);
#5862=ADVANCED_FACE('',(#5381),#5596,.F.);
#5863=ADVANCED_FACE('',(#5382),#254,.F.);
#5864=ADVANCED_FACE('',(#5383),#255,.F.);
#5865=ADVANCED_FACE('',(#5384),#256,.F.);
#5866=ADVANCED_FACE('',(#5385),#257,.F.);
#5867=ADVANCED_FACE('',(#5386),#18,.F.);
#5868=ADVANCED_FACE('',(#5387),#258,.F.);
#5869=ADVANCED_FACE('',(#5388),#259,.T.);
#5870=ADVANCED_FACE('',(#5389),#260,.T.);
#5871=ADVANCED_FACE('',(#5390),#261,.T.);
#5872=ADVANCED_FACE('',(#5391),#262,.F.);
#5873=ADVANCED_FACE('',(#5392),#263,.T.);
#5874=ADVANCED_FACE('',(#5393),#264,.F.);
#5875=ADVANCED_FACE('',(#5394),#265,.T.);
#5876=ADVANCED_FACE('',(#5395),#266,.T.);
#5877=ADVANCED_FACE('',(#5396),#267,.T.);
#5878=ADVANCED_FACE('',(#5397),#268,.T.);
#5879=ADVANCED_FACE('',(#5398),#269,.T.);
#5880=ADVANCED_FACE('',(#5399),#270,.T.);
#5881=ADVANCED_FACE('',(#5400),#271,.T.);
#5882=ADVANCED_FACE('',(#5401),#272,.F.);
#5883=ADVANCED_FACE('',(#5402),#12,.F.);
#5884=ADVANCED_FACE('',(#5403),#273,.F.);
#5885=ADVANCED_FACE('',(#5404),#13,.F.);
#5886=ADVANCED_FACE('',(#5405),#14,.F.);
#5887=ADVANCED_FACE('',(#5406),#274,.F.);
#5888=ADVANCED_FACE('',(#5407),#275,.F.);
#5889=ADVANCED_FACE('',(#5408),#15,.F.);
#5890=ADVANCED_FACE('',(#5409),#276,.F.);
#5891=ADVANCED_FACE('',(#5410),#16,.F.);
#5892=ADVANCED_FACE('',(#5411),#277,.F.);
#5893=ADVANCED_FACE('',(#5412),#17,.F.);
#5894=ADVANCED_FACE('',(#5413),#278,.F.);
#5895=ADVANCED_FACE('',(#5414),#279,.F.);
#5896=ADVANCED_FACE('',(#5415),#280,.T.);
#5897=ADVANCED_FACE('',(#5416),#281,.T.);
#5898=ADVANCED_FACE('',(#5417),#282,.F.);
#5899=ADVANCED_FACE('',(#5418),#5597,.F.);
#5900=ADVANCED_FACE('',(#5419),#5598,.F.);
#5901=ADVANCED_FACE('',(#5420),#5599,.T.);
#5902=ADVANCED_FACE('',(#5421),#5600,.T.);
#5903=ADVANCED_FACE('',(#5422),#5601,.F.);
#5904=ADVANCED_FACE('',(#5423),#5602,.T.);
#5905=ADVANCED_FACE('',(#5424),#5603,.T.);
#5906=ADVANCED_FACE('',(#5425),#5604,.F.);
#5907=ADVANCED_FACE('',(#5426),#5605,.F.);
#5908=ADVANCED_FACE('',(#5427),#5606,.T.);
#5909=ADVANCED_FACE('',(#5428),#5607,.T.);
#5910=ADVANCED_FACE('',(#5429),#283,.F.);
#5911=ADVANCED_FACE('',(#5430),#284,.F.);
#5912=ADVANCED_FACE('',(#5431),#285,.F.);
#5913=ADVANCED_FACE('',(#5432),#286,.F.);
#5914=ADVANCED_FACE('',(#5433),#287,.F.);
#5915=ADVANCED_FACE('',(#5434),#288,.F.);
#5916=ADVANCED_FACE('',(#5435),#289,.F.);
#5917=ADVANCED_FACE('',(#5436),#290,.F.);
#5918=ADVANCED_FACE('',(#5437),#291,.F.);
#5919=ADVANCED_FACE('',(#5438),#292,.F.);
#5920=CLOSED_SHELL('',(#5608,#5609,#5610,#5611,#5612,#5613,#5614,#5615,
#5616,#5617,#5618,#5619,#5620,#5621,#5622,#5623,#5624,#5625,#5626,#5627,
#5628,#5629,#5630,#5631,#5632,#5633,#5634,#5635,#5636,#5637,#5638,#5639,
#5640,#5641,#5642,#5643,#5644,#5645,#5646,#5647,#5648,#5649,#5650,#5651,
#5652,#5653,#5654,#5655,#5656,#5657,#5658,#5659,#5660,#5661,#5662,#5663,
#5664,#5665,#5666,#5667,#5668,#5669,#5670,#5671,#5672,#5673,#5674,#5675,
#5676,#5677,#5678,#5679,#5680,#5681,#5682,#5683,#5684,#5685,#5686,#5687,
#5688,#5689,#5690,#5691,#5692,#5693,#5694,#5695,#5696,#5697,#5698,#5699,
#5700,#5701,#5702,#5703,#5704,#5705,#5706,#5707,#5708,#5709,#5710,#5711,
#5712,#5713,#5714,#5715,#5716,#5717,#5718,#5719,#5720,#5721,#5722,#5723,
#5724,#5725,#5726,#5727,#5728,#5729,#5730,#5731,#5732,#5733,#5734,#5735,
#5736,#5737,#5738,#5739,#5740,#5741,#5742,#5743,#5744,#5745,#5746,#5747,
#5748,#5749,#5750,#5751,#5752,#5753,#5754,#5755,#5756,#5757,#5758,#5759,
#5760,#5761,#5762,#5763,#5764,#5765,#5766,#5767,#5768,#5769,#5770,#5771,
#5772,#5773,#5774,#5775,#5776,#5777,#5778,#5779,#5780,#5781,#5782,#5783,
#5784,#5785,#5786,#5787,#5788,#5789,#5790,#5791,#5792,#5793,#5794,#5795,
#5796,#5797,#5798,#5799,#5800,#5801,#5802,#5803,#5804,#5805,#5806,#5807,
#5808,#5809,#5810,#5811,#5812,#5813,#5814,#5815,#5816,#5817,#5818,#5819,
#5820,#5821,#5822,#5823,#5824,#5825,#5826,#5827,#5828,#5829,#5830,#5831,
#5832,#5833,#5834,#5835,#5836,#5837,#5838,#5839,#5840,#5841,#5842,#5843,
#5844,#5845,#5846,#5847,#5848,#5849,#5850,#5851,#5852,#5853,#5854,#5855,
#5856,#5857,#5858,#5859,#5860,#5861,#5862,#5863,#5864,#5865,#5866,#5867,
#5868,#5869,#5870,#5871,#5872,#5873,#5874,#5875,#5876,#5877,#5878,#5879,
#5880,#5881,#5882,#5883,#5884,#5885,#5886,#5887,#5888,#5889,#5890,#5891,
#5892,#5893,#5894,#5895,#5896,#5897,#5898,#5899,#5900,#5901,#5902,#5903,
#5904,#5905,#5906,#5907,#5908,#5909,#5910,#5911,#5912,#5913,#5914,#5915,
#5916,#5917,#5918,#5919));
#5921=STYLED_ITEM('',(#5922),#5929);
#5922=PRESENTATION_STYLE_ASSIGNMENT((#5923));
#5923=SURFACE_STYLE_USAGE(.BOTH.,#5924);
#5924=SURFACE_SIDE_STYLE('',(#5925));
#5925=SURFACE_STYLE_FILL_AREA(#5926);
#5926=FILL_AREA_STYLE('',(#5927));
#5927=FILL_AREA_STYLE_COLOUR('',#5928);
#5928=COLOUR_RGB('',0.615686274509804,0.811764705882353,0.929411764705882);
#5929=MANIFOLD_SOLID_BREP('Part 1',#5920);
#5930=SHAPE_DEFINITION_REPRESENTATION(#10165,#5931);
#5931=SHAPE_REPRESENTATION('Part 1',(#5932),#10160);
#5932=AXIS2_PLACEMENT_3D('',#7692,#6323,#6324);
#5933=AXIS2_PLACEMENT_3D('',#7693,#6325,#6326);
#5934=AXIS2_PLACEMENT_3D('',#7702,#6331,#6332);
#5935=AXIS2_PLACEMENT_3D('',#7708,#6335,#6336);
#5936=AXIS2_PLACEMENT_3D('',#7710,#6337,#6338);
#5937=AXIS2_PLACEMENT_3D('',#7717,#6342,#6343);
#5938=AXIS2_PLACEMENT_3D('',#7726,#6348,#6349);
#5939=AXIS2_PLACEMENT_3D('',#7730,#6351,#6352);
#5940=AXIS2_PLACEMENT_3D('',#7734,#6354,#6355);
#5941=AXIS2_PLACEMENT_3D('',#7745,#6361,#6362);
#5942=AXIS2_PLACEMENT_3D('',#7754,#6367,#6368);
#5943=AXIS2_PLACEMENT_3D('',#7766,#6374,#6375);
#5944=AXIS2_PLACEMENT_3D('',#7770,#6377,#6378);
#5945=AXIS2_PLACEMENT_3D('',#7774,#6380,#6381);
#5946=AXIS2_PLACEMENT_3D('',#7775,#6382,#6383);
#5947=AXIS2_PLACEMENT_3D('',#7776,#6384,#6385);
#5948=AXIS2_PLACEMENT_3D('',#7778,#6386,#6387);
#5949=AXIS2_PLACEMENT_3D('',#7781,#6389,#6390);
#5950=AXIS2_PLACEMENT_3D('',#7787,#6394,#6395);
#5951=AXIS2_PLACEMENT_3D('',#7801,#6402,#6403);
#5952=AXIS2_PLACEMENT_3D('',#7805,#6405,#6406);
#5953=AXIS2_PLACEMENT_3D('',#7808,#6408,#6409);
#5954=AXIS2_PLACEMENT_3D('',#7809,#6410,#6411);
#5955=AXIS2_PLACEMENT_3D('',#7811,#6412,#6413);
#5956=AXIS2_PLACEMENT_3D('',#7812,#6414,#6415);
#5957=AXIS2_PLACEMENT_3D('',#7821,#6420,#6421);
#5958=AXIS2_PLACEMENT_3D('',#7822,#6422,#6423);
#5959=AXIS2_PLACEMENT_3D('',#7824,#6424,#6425);
#5960=AXIS2_PLACEMENT_3D('',#7825,#6426,#6427);
#5961=AXIS2_PLACEMENT_3D('',#7837,#6433,#6434);
#5962=AXIS2_PLACEMENT_3D('',#7840,#6436,#6437);
#5963=AXIS2_PLACEMENT_3D('',#7850,#6442,#6443);
#5964=AXIS2_PLACEMENT_3D('',#7855,#6446,#6447);
#5965=AXIS2_PLACEMENT_3D('',#7861,#6451,#6452);
#5966=AXIS2_PLACEMENT_3D('',#7862,#6453,#6454);
#5967=AXIS2_PLACEMENT_3D('',#7868,#6457,#6458);
#5968=AXIS2_PLACEMENT_3D('',#7869,#6459,#6460);
#5969=AXIS2_PLACEMENT_3D('',#7870,#6461,#6462);
#5970=AXIS2_PLACEMENT_3D('',#7871,#6463,#6464);
#5971=AXIS2_PLACEMENT_3D('',#7872,#6465,#6466);
#5972=AXIS2_PLACEMENT_3D('',#7873,#6467,#6468);
#5973=AXIS2_PLACEMENT_3D('',#7875,#6469,#6470);
#5974=AXIS2_PLACEMENT_3D('',#7878,#6472,#6473);
#5975=AXIS2_PLACEMENT_3D('',#7887,#6478,#6479);
#5976=AXIS2_PLACEMENT_3D('',#7927,#6487,#6488);
#5977=AXIS2_PLACEMENT_3D('',#7937,#6489,#6490);
#5978=AXIS2_PLACEMENT_3D('',#7949,#6492,#6493);
#5979=AXIS2_PLACEMENT_3D('',#7951,#6494,#6495);
#5980=AXIS2_PLACEMENT_3D('',#7965,#6496,#6497);
#5981=AXIS2_PLACEMENT_3D('',#8002,#6510,#6511);
#5982=AXIS2_PLACEMENT_3D('',#8053,#6514,#6515);
#5983=AXIS2_PLACEMENT_3D('',#8057,#6517,#6518);
#5984=AXIS2_PLACEMENT_3D('',#8061,#6520,#6521);
#5985=AXIS2_PLACEMENT_3D('',#8065,#6523,#6524);
#5986=AXIS2_PLACEMENT_3D('',#8069,#6526,#6527);
#5987=AXIS2_PLACEMENT_3D('',#8073,#6529,#6530);
#5988=AXIS2_PLACEMENT_3D('',#8077,#6532,#6533);
#5989=AXIS2_PLACEMENT_3D('',#8111,#6544,#6545);
#5990=AXIS2_PLACEMENT_3D('',#8163,#6563,#6564);
#5991=AXIS2_PLACEMENT_3D('',#8165,#6565,#6566);
#5992=AXIS2_PLACEMENT_3D('',#8183,#6567,#6568);
#5993=AXIS2_PLACEMENT_3D('',#8187,#6570,#6571);
#5994=AXIS2_PLACEMENT_3D('',#8205,#6572,#6573);
#5995=AXIS2_PLACEMENT_3D('',#8254,#6598,#6599);
#5996=AXIS2_PLACEMENT_3D('',#8255,#6600,#6601);
#5997=AXIS2_PLACEMENT_3D('',#8259,#6603,#6604);
#5998=AXIS2_PLACEMENT_3D('',#8263,#6606,#6607);
#5999=AXIS2_PLACEMENT_3D('',#8267,#6609,#6610);
#6000=AXIS2_PLACEMENT_3D('',#8268,#6611,#6612);
#6001=AXIS2_PLACEMENT_3D('',#8272,#6614,#6615);
#6002=AXIS2_PLACEMENT_3D('',#8290,#6620,#6621);
#6003=AXIS2_PLACEMENT_3D('',#8300,#6622,#6623);
#6004=AXIS2_PLACEMENT_3D('',#8312,#6625,#6626);
#6005=AXIS2_PLACEMENT_3D('',#8314,#6627,#6628);
#6006=AXIS2_PLACEMENT_3D('',#8328,#6629,#6630);
#6007=AXIS2_PLACEMENT_3D('',#8365,#6643,#6644);
#6008=AXIS2_PLACEMENT_3D('',#8371,#6648,#6649);
#6009=AXIS2_PLACEMENT_3D('',#8375,#6651,#6652);
#6010=AXIS2_PLACEMENT_3D('',#8379,#6654,#6655);
#6011=AXIS2_PLACEMENT_3D('',#8383,#6657,#6658);
#6012=AXIS2_PLACEMENT_3D('',#8387,#6660,#6661);
#6013=AXIS2_PLACEMENT_3D('',#8391,#6663,#6664);
#6014=AXIS2_PLACEMENT_3D('',#8392,#6665,#6666);
#6015=AXIS2_PLACEMENT_3D('',#8396,#6668,#6669);
#6016=AXIS2_PLACEMENT_3D('',#8402,#6673,#6674);
#6017=AXIS2_PLACEMENT_3D('',#8404,#6675,#6676);
#6018=AXIS2_PLACEMENT_3D('',#8406,#6677,#6678);
#6019=AXIS2_PLACEMENT_3D('',#8408,#6679,#6680);
#6020=AXIS2_PLACEMENT_3D('',#8410,#6681,#6682);
#6021=AXIS2_PLACEMENT_3D('',#8413,#6685,#6686);
#6022=AXIS2_PLACEMENT_3D('',#8417,#6688,#6689);
#6023=AXIS2_PLACEMENT_3D('',#8421,#6691,#6692);
#6024=AXIS2_PLACEMENT_3D('',#8425,#6694,#6695);
#6025=AXIS2_PLACEMENT_3D('',#8429,#6697,#6698);
#6026=AXIS2_PLACEMENT_3D('',#8433,#6700,#6701);
#6027=AXIS2_PLACEMENT_3D('',#8440,#6705,#6706);
#6028=AXIS2_PLACEMENT_3D('',#8444,#6708,#6709);
#6029=AXIS2_PLACEMENT_3D('',#8448,#6711,#6712);
#6030=AXIS2_PLACEMENT_3D('',#8453,#6715,#6716);
#6031=AXIS2_PLACEMENT_3D('',#8454,#6717,#6718);
#6032=AXIS2_PLACEMENT_3D('',#8458,#6720,#6721);
#6033=AXIS2_PLACEMENT_3D('',#8465,#6725,#6726);
#6034=AXIS2_PLACEMENT_3D('',#8469,#6728,#6729);
#6035=AXIS2_PLACEMENT_3D('',#8470,#6730,#6731);
#6036=AXIS2_PLACEMENT_3D('',#8471,#6732,#6733);
#6037=AXIS2_PLACEMENT_3D('',#8473,#6734,#6735);
#6038=AXIS2_PLACEMENT_3D('',#8475,#6736,#6737);
#6039=AXIS2_PLACEMENT_3D('',#8477,#6738,#6739);
#6040=AXIS2_PLACEMENT_3D('',#8479,#6740,#6741);
#6041=AXIS2_PLACEMENT_3D('',#8482,#6744,#6745);
#6042=AXIS2_PLACEMENT_3D('',#8485,#6748,#6749);
#6043=AXIS2_PLACEMENT_3D('',#8488,#6752,#6753);
#6044=AXIS2_PLACEMENT_3D('',#8494,#6757,#6758);
#6045=AXIS2_PLACEMENT_3D('',#8497,#6761,#6762);
#6046=AXIS2_PLACEMENT_3D('',#8500,#6765,#6766);
#6047=AXIS2_PLACEMENT_3D('',#8501,#6767,#6768);
#6048=AXIS2_PLACEMENT_3D('',#8502,#6769,#6770);
#6049=AXIS2_PLACEMENT_3D('',#8503,#6771,#6772);
#6050=AXIS2_PLACEMENT_3D('',#8504,#6773,#6774);
#6051=AXIS2_PLACEMENT_3D('',#8505,#6775,#6776);
#6052=AXIS2_PLACEMENT_3D('',#8506,#6777,#6778);
#6053=AXIS2_PLACEMENT_3D('',#8512,#6782,#6783);
#6054=AXIS2_PLACEMENT_3D('',#8515,#6786,#6787);
#6055=AXIS2_PLACEMENT_3D('',#8523,#6792,#6793);
#6056=AXIS2_PLACEMENT_3D('',#8532,#6798,#6799);
#6057=AXIS2_PLACEMENT_3D('',#8536,#6801,#6802);
#6058=AXIS2_PLACEMENT_3D('',#8540,#6804,#6805);
#6059=AXIS2_PLACEMENT_3D('',#8541,#6806,#6807);
#6060=AXIS2_PLACEMENT_3D('',#8547,#6811,#6812);
#6061=AXIS2_PLACEMENT_3D('',#8551,#6814,#6815);
#6062=AXIS2_PLACEMENT_3D('',#8555,#6817,#6818);
#6063=AXIS2_PLACEMENT_3D('',#8562,#6823,#6824);
#6064=AXIS2_PLACEMENT_3D('',#8570,#6829,#6830);
#6065=AXIS2_PLACEMENT_3D('',#8571,#6831,#6832);
#6066=AXIS2_PLACEMENT_3D('',#8584,#6840,#6841);
#6067=AXIS2_PLACEMENT_3D('',#8585,#6842,#6843);
#6068=AXIS2_PLACEMENT_3D('',#8586,#6844,#6845);
#6069=AXIS2_PLACEMENT_3D('',#8590,#6847,#6848);
#6070=AXIS2_PLACEMENT_3D('',#8594,#6850,#6851);
#6071=AXIS2_PLACEMENT_3D('',#8600,#6855,#6856);
#6072=AXIS2_PLACEMENT_3D('',#8603,#6859,#6860);
#6073=AXIS2_PLACEMENT_3D('',#8606,#6863,#6864);
#6074=AXIS2_PLACEMENT_3D('',#8612,#6868,#6869);
#6075=AXIS2_PLACEMENT_3D('',#8618,#6873,#6874);
#6076=AXIS2_PLACEMENT_3D('',#8622,#6877,#6878);
#6077=AXIS2_PLACEMENT_3D('',#8623,#6879,#6880);
#6078=AXIS2_PLACEMENT_3D('',#8624,#6881,#6882);
#6079=AXIS2_PLACEMENT_3D('',#8625,#6883,#6884);
#6080=AXIS2_PLACEMENT_3D('',#8626,#6885,#6886);
#6081=AXIS2_PLACEMENT_3D('',#8627,#6887,#6888);
#6082=AXIS2_PLACEMENT_3D('',#8628,#6889,#6890);
#6083=AXIS2_PLACEMENT_3D('',#8629,#6891,#6892);
#6084=AXIS2_PLACEMENT_3D('',#8631,#6894,#6895);
#6085=AXIS2_PLACEMENT_3D('',#8637,#6899,#6900);
#6086=AXIS2_PLACEMENT_3D('',#8641,#6903,#6904);
#6087=AXIS2_PLACEMENT_3D('',#8645,#6907,#6908);
#6088=AXIS2_PLACEMENT_3D('',#8649,#6911,#6912);
#6089=AXIS2_PLACEMENT_3D('',#8679,#6917,#6918);
#6090=AXIS2_PLACEMENT_3D('',#8682,#6920,#6921);
#6091=AXIS2_PLACEMENT_3D('',#8722,#6925,#6926);
#6092=AXIS2_PLACEMENT_3D('',#8725,#6928,#6929);
#6093=AXIS2_PLACEMENT_3D('',#8726,#6930,#6931);
#6094=AXIS2_PLACEMENT_3D('',#8729,#6933,#6934);
#6095=AXIS2_PLACEMENT_3D('',#8743,#6936,#6937);
#6096=AXIS2_PLACEMENT_3D('',#8760,#6941,#6942);
#6097=AXIS2_PLACEMENT_3D('',#8763,#6944,#6945);
#6098=AXIS2_PLACEMENT_3D('',#8790,#6948,#6949);
#6099=AXIS2_PLACEMENT_3D('',#8793,#6951,#6952);
#6100=AXIS2_PLACEMENT_3D('',#8820,#6955,#6956);
#6101=AXIS2_PLACEMENT_3D('',#8824,#6959,#6960);
#6102=AXIS2_PLACEMENT_3D('',#8826,#6962,#6963);
#6103=AXIS2_PLACEMENT_3D('',#8827,#6964,#6965);
#6104=AXIS2_PLACEMENT_3D('',#8833,#6969,#6970);
#6105=AXIS2_PLACEMENT_3D('',#8837,#6973,#6974);
#6106=AXIS2_PLACEMENT_3D('',#8841,#6977,#6978);
#6107=AXIS2_PLACEMENT_3D('',#8845,#6981,#6982);
#6108=AXIS2_PLACEMENT_3D('',#8849,#6985,#6986);
#6109=AXIS2_PLACEMENT_3D('',#8866,#6990,#6991);
#6110=AXIS2_PLACEMENT_3D('',#8870,#6994,#6995);
#6111=AXIS2_PLACEMENT_3D('',#8874,#6998,#6999);
#6112=AXIS2_PLACEMENT_3D('',#8876,#7001,#7002);
#6113=AXIS2_PLACEMENT_3D('',#8892,#7005,#7006);
#6114=AXIS2_PLACEMENT_3D('',#8895,#7008,#7009);
#6115=AXIS2_PLACEMENT_3D('',#8896,#7010,#7011);
#6116=AXIS2_PLACEMENT_3D('',#8899,#7013,#7014);
#6117=AXIS2_PLACEMENT_3D('',#8900,#7015,#7016);
#6118=AXIS2_PLACEMENT_3D('',#8995,#7026,#7027);
#6119=AXIS2_PLACEMENT_3D('',#9036,#7032,#7033);
#6120=AXIS2_PLACEMENT_3D('',#9037,#7034,#7035);
#6121=AXIS2_PLACEMENT_3D('',#9043,#7039,#7040);
#6122=AXIS2_PLACEMENT_3D('',#9047,#7043,#7044);
#6123=AXIS2_PLACEMENT_3D('',#9051,#7047,#7048);
#6124=AXIS2_PLACEMENT_3D('',#9055,#7051,#7052);
#6125=AXIS2_PLACEMENT_3D('',#9059,#7055,#7056);
#6126=AXIS2_PLACEMENT_3D('',#9076,#7060,#7061);
#6127=AXIS2_PLACEMENT_3D('',#9080,#7064,#7065);
#6128=AXIS2_PLACEMENT_3D('',#9084,#7068,#7069);
#6129=AXIS2_PLACEMENT_3D('',#9086,#7071,#7072);
#6130=AXIS2_PLACEMENT_3D('',#9087,#7073,#7074);
#6131=AXIS2_PLACEMENT_3D('',#9093,#7078,#7079);
#6132=AXIS2_PLACEMENT_3D('',#9097,#7082,#7083);
#6133=AXIS2_PLACEMENT_3D('',#9101,#7086,#7087);
#6134=AXIS2_PLACEMENT_3D('',#9105,#7090,#7091);
#6135=AXIS2_PLACEMENT_3D('',#9135,#7096,#7097);
#6136=AXIS2_PLACEMENT_3D('',#9138,#7099,#7100);
#6137=AXIS2_PLACEMENT_3D('',#9178,#7104,#7105);
#6138=AXIS2_PLACEMENT_3D('',#9181,#7107,#7108);
#6139=AXIS2_PLACEMENT_3D('',#9182,#7109,#7110);
#6140=AXIS2_PLACEMENT_3D('',#9185,#7112,#7113);
#6141=AXIS2_PLACEMENT_3D('',#9199,#7115,#7116);
#6142=AXIS2_PLACEMENT_3D('',#9216,#7120,#7121);
#6143=AXIS2_PLACEMENT_3D('',#9219,#7123,#7124);
#6144=AXIS2_PLACEMENT_3D('',#9246,#7127,#7128);
#6145=AXIS2_PLACEMENT_3D('',#9249,#7130,#7131);
#6146=AXIS2_PLACEMENT_3D('',#9276,#7134,#7135);
#6147=AXIS2_PLACEMENT_3D('',#9280,#7138,#7139);
#6148=AXIS2_PLACEMENT_3D('',#9282,#7141,#7142);
#6149=AXIS2_PLACEMENT_3D('',#9283,#7143,#7144);
#6150=AXIS2_PLACEMENT_3D('',#9284,#7145,#7146);
#6151=AXIS2_PLACEMENT_3D('',#9289,#7148,#7149);
#6152=AXIS2_PLACEMENT_3D('',#9292,#7151,#7152);
#6153=AXIS2_PLACEMENT_3D('',#9315,#7157,#7158);
#6154=AXIS2_PLACEMENT_3D('',#9321,#7162,#7163);
#6155=AXIS2_PLACEMENT_3D('',#9325,#7166,#7167);
#6156=AXIS2_PLACEMENT_3D('',#9329,#7170,#7171);
#6157=AXIS2_PLACEMENT_3D('',#9333,#7174,#7175);
#6158=AXIS2_PLACEMENT_3D('',#9337,#7178,#7179);
#6159=AXIS2_PLACEMENT_3D('',#9341,#7182,#7183);
#6160=AXIS2_PLACEMENT_3D('',#9345,#7186,#7187);
#6161=AXIS2_PLACEMENT_3D('',#9347,#7189,#7190);
#6162=AXIS2_PLACEMENT_3D('',#9348,#7191,#7192);
#6163=AXIS2_PLACEMENT_3D('',#9349,#7193,#7194);
#6164=AXIS2_PLACEMENT_3D('',#9350,#7195,#7196);
#6165=AXIS2_PLACEMENT_3D('',#9388,#7200,#7201);
#6166=AXIS2_PLACEMENT_3D('',#9394,#7205,#7206);
#6167=AXIS2_PLACEMENT_3D('',#9441,#7214,#7215);
#6168=AXIS2_PLACEMENT_3D('',#9445,#7218,#7219);
#6169=AXIS2_PLACEMENT_3D('',#9449,#7222,#7223);
#6170=AXIS2_PLACEMENT_3D('',#9464,#7226,#7227);
#6171=AXIS2_PLACEMENT_3D('',#9467,#7230,#7231);
#6172=AXIS2_PLACEMENT_3D('',#9468,#7232,#7233);
#6173=AXIS2_PLACEMENT_3D('',#9477,#7238,#7239);
#6174=AXIS2_PLACEMENT_3D('',#9534,#7246,#7247);
#6175=AXIS2_PLACEMENT_3D('',#9543,#7252,#7253);
#6176=AXIS2_PLACEMENT_3D('',#9549,#7257,#7258);
#6177=AXIS2_PLACEMENT_3D('',#9606,#7265,#7266);
#6178=AXIS2_PLACEMENT_3D('',#9612,#7270,#7271);
#6179=AXIS2_PLACEMENT_3D('',#9616,#7274,#7275);
#6180=AXIS2_PLACEMENT_3D('',#9672,#7282,#7283);
#6181=AXIS2_PLACEMENT_3D('',#9676,#7286,#7287);
#6182=AXIS2_PLACEMENT_3D('',#9679,#7289,#7290);
#6183=AXIS2_PLACEMENT_3D('',#9731,#7293,#7294);
#6184=AXIS2_PLACEMENT_3D('',#9734,#7297,#7298);
#6185=AXIS2_PLACEMENT_3D('',#9735,#7299,#7300);
#6186=AXIS2_PLACEMENT_3D('',#9736,#7301,#7302);
#6187=AXIS2_PLACEMENT_3D('',#9742,#7306,#7307);
#6188=AXIS2_PLACEMENT_3D('',#9746,#7310,#7311);
#6189=AXIS2_PLACEMENT_3D('',#9750,#7314,#7315);
#6190=AXIS2_PLACEMENT_3D('',#9754,#7318,#7319);
#6191=AXIS2_PLACEMENT_3D('',#9758,#7322,#7323);
#6192=AXIS2_PLACEMENT_3D('',#9762,#7326,#7327);
#6193=AXIS2_PLACEMENT_3D('',#9766,#7330,#7331);
#6194=AXIS2_PLACEMENT_3D('',#9770,#7334,#7335);
#6195=AXIS2_PLACEMENT_3D('',#9774,#7338,#7339);
#6196=AXIS2_PLACEMENT_3D('',#9778,#7342,#7343);
#6197=AXIS2_PLACEMENT_3D('',#9782,#7346,#7347);
#6198=AXIS2_PLACEMENT_3D('',#9784,#7349,#7350);
#6199=AXIS2_PLACEMENT_3D('',#9785,#7351,#7352);
#6200=AXIS2_PLACEMENT_3D('',#9791,#7356,#7357);
#6201=AXIS2_PLACEMENT_3D('',#9795,#7360,#7361);
#6202=AXIS2_PLACEMENT_3D('',#9799,#7364,#7365);
#6203=AXIS2_PLACEMENT_3D('',#9803,#7368,#7369);
#6204=AXIS2_PLACEMENT_3D('',#9806,#7371,#7372);
#6205=AXIS2_PLACEMENT_3D('',#9859,#7377,#7378);
#6206=AXIS2_PLACEMENT_3D('',#9862,#7380,#7381);
#6207=AXIS2_PLACEMENT_3D('',#9863,#7382,#7383);
#6208=AXIS2_PLACEMENT_3D('',#9867,#7386,#7387);
#6209=AXIS2_PLACEMENT_3D('',#9870,#7389,#7390);
#6210=AXIS2_PLACEMENT_3D('',#9923,#7395,#7396);
#6211=AXIS2_PLACEMENT_3D('',#9926,#7398,#7399);
#6212=AXIS2_PLACEMENT_3D('',#9927,#7400,#7401);
#6213=AXIS2_PLACEMENT_3D('',#9930,#7403,#7404);
#6214=AXIS2_PLACEMENT_3D('',#9931,#7405,#7406);
#6215=AXIS2_PLACEMENT_3D('',#9933,#7408,#7409);
#6216=AXIS2_PLACEMENT_3D('',#9934,#7410,#7411);
#6217=AXIS2_PLACEMENT_3D('',#9940,#7415,#7416);
#6218=AXIS2_PLACEMENT_3D('',#9944,#7419,#7420);
#6219=AXIS2_PLACEMENT_3D('',#9948,#7423,#7424);
#6220=AXIS2_PLACEMENT_3D('',#9952,#7427,#7428);
#6221=AXIS2_PLACEMENT_3D('',#9956,#7431,#7432);
#6222=AXIS2_PLACEMENT_3D('',#9960,#7435,#7436);
#6223=AXIS2_PLACEMENT_3D('',#9964,#7439,#7440);
#6224=AXIS2_PLACEMENT_3D('',#9968,#7443,#7444);
#6225=AXIS2_PLACEMENT_3D('',#9972,#7447,#7448);
#6226=AXIS2_PLACEMENT_3D('',#9974,#7450,#7451);
#6227=AXIS2_PLACEMENT_3D('',#9975,#7452,#7453);
#6228=AXIS2_PLACEMENT_3D('',#9981,#7457,#7458);
#6229=AXIS2_PLACEMENT_3D('',#9985,#7461,#7462);
#6230=AXIS2_PLACEMENT_3D('',#9989,#7465,#7466);
#6231=AXIS2_PLACEMENT_3D('',#9993,#7469,#7470);
#6232=AXIS2_PLACEMENT_3D('',#9997,#7473,#7474);
#6233=AXIS2_PLACEMENT_3D('',#10001,#7477,#7478);
#6234=AXIS2_PLACEMENT_3D('',#10005,#7481,#7482);
#6235=AXIS2_PLACEMENT_3D('',#10009,#7485,#7486);
#6236=AXIS2_PLACEMENT_3D('',#10013,#7489,#7490);
#6237=AXIS2_PLACEMENT_3D('',#10017,#7493,#7494);
#6238=AXIS2_PLACEMENT_3D('',#10021,#7497,#7498);
#6239=AXIS2_PLACEMENT_3D('',#10023,#7500,#7501);
#6240=AXIS2_PLACEMENT_3D('',#10024,#7502,#7503);
#6241=AXIS2_PLACEMENT_3D('',#10025,#7504,#7505);
#6242=AXIS2_PLACEMENT_3D('',#10026,#7506,#7507);
#6243=AXIS2_PLACEMENT_3D('',#10027,#7508,#7509);
#6244=AXIS2_PLACEMENT_3D('',#10030,#7512,#7513);
#6245=AXIS2_PLACEMENT_3D('',#10033,#7516,#7517);
#6246=AXIS2_PLACEMENT_3D('',#10036,#7520,#7521);
#6247=AXIS2_PLACEMENT_3D('',#10037,#7522,#7523);
#6248=AXIS2_PLACEMENT_3D('',#10038,#7524,#7525);
#6249=AXIS2_PLACEMENT_3D('',#10039,#7526,#7527);
#6250=AXIS2_PLACEMENT_3D('',#10040,#7528,#7529);
#6251=AXIS2_PLACEMENT_3D('',#10041,#7530,#7531);
#6252=AXIS2_PLACEMENT_3D('',#10042,#7532,#7533);
#6253=AXIS2_PLACEMENT_3D('',#10043,#7534,#7535);
#6254=AXIS2_PLACEMENT_3D('',#10044,#7536,#7537);
#6255=AXIS2_PLACEMENT_3D('',#10045,#7538,#7539);
#6256=AXIS2_PLACEMENT_3D('',#10046,#7540,#7541);
#6257=AXIS2_PLACEMENT_3D('',#10047,#7542,#7543);
#6258=AXIS2_PLACEMENT_3D('',#10048,#7544,#7545);
#6259=AXIS2_PLACEMENT_3D('',#10049,#7546,#7547);
#6260=AXIS2_PLACEMENT_3D('',#10050,#7548,#7549);
#6261=AXIS2_PLACEMENT_3D('',#10051,#7550,#7551);
#6262=AXIS2_PLACEMENT_3D('',#10052,#7552,#7553);
#6263=AXIS2_PLACEMENT_3D('',#10053,#7554,#7555);
#6264=AXIS2_PLACEMENT_3D('',#10054,#7556,#7557);
#6265=AXIS2_PLACEMENT_3D('',#10055,#7558,#7559);
#6266=AXIS2_PLACEMENT_3D('',#10056,#7560,#7561);
#6267=AXIS2_PLACEMENT_3D('',#10057,#7562,#7563);
#6268=AXIS2_PLACEMENT_3D('',#10058,#7564,#7565);
#6269=AXIS2_PLACEMENT_3D('',#10059,#7566,#7567);
#6270=AXIS2_PLACEMENT_3D('',#10060,#7568,#7569);
#6271=AXIS2_PLACEMENT_3D('',#10061,#7570,#7571);
#6272=AXIS2_PLACEMENT_3D('',#10062,#7572,#7573);
#6273=AXIS2_PLACEMENT_3D('',#10063,#7574,#7575);
#6274=AXIS2_PLACEMENT_3D('',#10064,#7576,#7577);
#6275=AXIS2_PLACEMENT_3D('',#10065,#7578,#7579);
#6276=AXIS2_PLACEMENT_3D('',#10066,#7580,#7581);
#6277=AXIS2_PLACEMENT_3D('',#10067,#7582,#7583);
#6278=AXIS2_PLACEMENT_3D('',#10068,#7584,#7585);
#6279=AXIS2_PLACEMENT_3D('',#10069,#7586,#7587);
#6280=AXIS2_PLACEMENT_3D('',#10070,#7588,#7589);
#6281=AXIS2_PLACEMENT_3D('',#10071,#7590,#7591);
#6282=AXIS2_PLACEMENT_3D('',#10072,#7592,#7593);
#6283=AXIS2_PLACEMENT_3D('',#10073,#7594,#7595);
#6284=AXIS2_PLACEMENT_3D('',#10074,#7596,#7597);
#6285=AXIS2_PLACEMENT_3D('',#10075,#7598,#7599);
#6286=AXIS2_PLACEMENT_3D('',#10076,#7600,#7601);
#6287=AXIS2_PLACEMENT_3D('',#10077,#7602,#7603);
#6288=AXIS2_PLACEMENT_3D('',#10078,#7604,#7605);
#6289=AXIS2_PLACEMENT_3D('',#10079,#7606,#7607);
#6290=AXIS2_PLACEMENT_3D('',#10080,#7608,#7609);
#6291=AXIS2_PLACEMENT_3D('',#10081,#7610,#7611);
#6292=AXIS2_PLACEMENT_3D('',#10082,#7612,#7613);
#6293=AXIS2_PLACEMENT_3D('',#10083,#7614,#7615);
#6294=AXIS2_PLACEMENT_3D('',#10084,#7616,#7617);
#6295=AXIS2_PLACEMENT_3D('',#10085,#7618,#7619);
#6296=AXIS2_PLACEMENT_3D('',#10086,#7620,#7621);
#6297=AXIS2_PLACEMENT_3D('',#10087,#7622,#7623);
#6298=AXIS2_PLACEMENT_3D('',#10088,#7624,#7625);
#6299=AXIS2_PLACEMENT_3D('',#10089,#7626,#7627);
#6300=AXIS2_PLACEMENT_3D('',#10090,#7628,#7629);
#6301=AXIS2_PLACEMENT_3D('',#10091,#7630,#7631);
#6302=AXIS2_PLACEMENT_3D('',#10092,#7632,#7633);
#6303=AXIS2_PLACEMENT_3D('',#10093,#7634,#7635);
#6304=AXIS2_PLACEMENT_3D('',#10098,#7639,#7640);
#6305=AXIS2_PLACEMENT_3D('',#10100,#7642,#7643);
#6306=AXIS2_PLACEMENT_3D('',#10105,#7647,#7648);
#6307=AXIS2_PLACEMENT_3D('',#10107,#7650,#7651);
#6308=AXIS2_PLACEMENT_3D('',#10108,#7652,#7653);
#6309=AXIS2_PLACEMENT_3D('',#10109,#7654,#7655);
#6310=AXIS2_PLACEMENT_3D('',#10114,#7659,#7660);
#6311=AXIS2_PLACEMENT_3D('',#10117,#7663,#7664);
#6312=AXIS2_PLACEMENT_3D('',#10120,#7667,#7668);
#6313=AXIS2_PLACEMENT_3D('',#10125,#7672,#7673);
#6314=AXIS2_PLACEMENT_3D('',#10133,#7674,#7675);
#6315=AXIS2_PLACEMENT_3D('',#10134,#7676,#7677);
#6316=AXIS2_PLACEMENT_3D('',#10142,#7678,#7679);
#6317=AXIS2_PLACEMENT_3D('',#10143,#7680,#7681);
#6318=AXIS2_PLACEMENT_3D('',#10144,#7682,#7683);
#6319=AXIS2_PLACEMENT_3D('',#10145,#7684,#7685);
#6320=AXIS2_PLACEMENT_3D('',#10151,#7686,#7687);
#6321=AXIS2_PLACEMENT_3D('',#10152,#7688,#7689);
#6322=AXIS2_PLACEMENT_3D('',#10158,#7690,#7691);
#6323=DIRECTION('',(0.,0.,1.));
#6324=DIRECTION('',(1.,0.,0.));
#6325=DIRECTION('',(-1.,0.,2.83220159343152E-16));
#6326=DIRECTION('',(2.83220159343152E-16,0.,1.));
#6327=DIRECTION('',(0.,-1.,0.));
#6328=DIRECTION('',(2.83220159343152E-16,-3.23548121648644E-16,1.));
#6329=DIRECTION('',(0.,-1.,0.));
#6330=DIRECTION('',(-2.83220159343152E-16,0.,-1.));
#6331=DIRECTION('',(-1.,0.,0.));
#6332=DIRECTION('',(0.,1.,0.));
#6333=DIRECTION('',(0.,-1.,0.));
#6334=DIRECTION('',(0.,-1.,0.));
#6335=DIRECTION('',(-1.,0.,0.));
#6336=DIRECTION('',(0.,1.,0.));
#6337=DIRECTION('',(-1.,0.,0.));
#6338=DIRECTION('',(0.,1.,0.));
#6339=DIRECTION('',(0.,-1.,0.));
#6340=DIRECTION('',(0.,0.,-1.));
#6341=DIRECTION('',(0.,-1.,0.));
#6342=DIRECTION('',(0.,0.,1.));
#6343=DIRECTION('',(0.,-1.,0.));
#6344=DIRECTION('',(0.,-1.,0.));
#6345=DIRECTION('',(0.,-1.,0.));
#6346=DIRECTION('',(0.,-1.,0.));
#6347=DIRECTION('',(0.,-1.,0.));
#6348=DIRECTION('',(0.,0.,1.));
#6349=DIRECTION('',(0.,-1.,0.));
#6350=DIRECTION('',(-0.658656795363302,0.752443503475008,0.));
#6351=DIRECTION('',(0.,0.,1.));
#6352=DIRECTION('',(0.,-1.,0.));
#6353=DIRECTION('',(1.,0.,0.));
#6354=DIRECTION('',(0.,0.,1.));
#6355=DIRECTION('',(0.,-1.,0.));
#6356=DIRECTION('',(-1.,0.,0.));
#6357=DIRECTION('',(0.,-1.,0.));
#6358=DIRECTION('',(-1.,0.,0.));
#6359=DIRECTION('',(0.,-1.,0.));
#6360=DIRECTION('',(-1.,0.,0.));
#6361=DIRECTION('',(0.,0.,1.));
#6362=DIRECTION('',(0.,-1.,0.));
#6363=DIRECTION('',(0.,-1.,0.));
#6364=DIRECTION('',(-1.,0.,0.));
#6365=DIRECTION('',(0.,-1.,0.));
#6366=DIRECTION('',(-0.659323125797916,0.751859704857273,0.));
#6367=DIRECTION('',(0.,0.,1.));
#6368=DIRECTION('',(0.,-1.,0.));
#6369=DIRECTION('',(-1.,0.,0.));
#6370=DIRECTION('',(0.,-1.,0.));
#6371=DIRECTION('',(-1.,0.,0.));
#6372=DIRECTION('',(0.,-1.,0.));
#6373=DIRECTION('',(-0.658656795363302,0.752443503475008,0.));
#6374=DIRECTION('',(0.,0.,1.));
#6375=DIRECTION('',(0.,-1.,0.));
#6376=DIRECTION('',(0.,-1.,0.));
#6377=DIRECTION('',(0.,0.,1.));
#6378=DIRECTION('',(0.,-1.,0.));
#6379=DIRECTION('',(1.,0.,0.));
#6380=DIRECTION('',(0.,0.,1.));
#6381=DIRECTION('',(0.,-1.,0.));
#6382=DIRECTION('',(-1.,0.,0.));
#6383=DIRECTION('',(0.,1.,0.));
#6384=DIRECTION('',(1.,0.,0.));
#6385=DIRECTION('',(0.,-1.,0.));
#6386=DIRECTION('',(1.,0.,0.));
#6387=DIRECTION('',(0.,-1.,0.));
#6388=DIRECTION('',(-1.,0.,0.));
#6389=DIRECTION('',(-0.707106781186548,0.,0.707106781186548));
#6390=DIRECTION('',(0.,1.,0.));
#6391=DIRECTION('',(0.707106781186548,0.,0.707106781186548));
#6392=DIRECTION('',(0.,1.,0.));
#6393=DIRECTION('',(-0.550448512790806,0.627704444410568,-0.550448512790806));
#6394=DIRECTION('',(0.,0.,1.));
#6395=DIRECTION('',(0.,-1.,0.));
#6396=DIRECTION('',(0.659323125797916,0.751859704857273,0.));
#6397=DIRECTION('',(0.,-1.,0.));
#6398=DIRECTION('',(-1.,0.,0.));
#6399=DIRECTION('',(0.,-1.,0.));
#6400=DIRECTION('',(-0.659323125797916,0.751859704857273,0.));
#6401=DIRECTION('',(0.,-1.,0.));
#6402=DIRECTION('',(0.,0.,1.));
#6403=DIRECTION('',(0.,-1.,0.));
#6404=DIRECTION('',(-1.,0.,0.));
#6405=DIRECTION('',(0.,0.,1.));
#6406=DIRECTION('',(0.,-1.,0.));
#6407=DIRECTION('',(0.,-1.,0.));
#6408=DIRECTION('',(0.,1.,0.));
#6409=DIRECTION('',(1.,0.,0.));
#6410=DIRECTION('',(0.,1.,0.));
#6411=DIRECTION('',(1.,0.,0.));
#6412=DIRECTION('',(-0.751859704857273,-0.659323125797916,0.));
#6413=DIRECTION('',(-0.659323125797916,0.751859704857273,0.));
#6414=DIRECTION('',(-1.,0.,0.));
#6415=DIRECTION('',(0.,1.,0.));
#6416=DIRECTION('',(0.,-1.,0.));
#6417=DIRECTION('',(0.,0.,1.));
#6418=DIRECTION('',(0.,-1.,0.));
#6419=DIRECTION('',(0.,0.,1.));
#6420=DIRECTION('',(0.,-1.,0.));
#6421=DIRECTION('',(-1.,0.,0.));
#6422=DIRECTION('',(-0.751859704857273,0.659323125797916,0.));
#6423=DIRECTION('',(-0.659323125797916,-0.751859704857273,0.));
#6424=DIRECTION('',(0.,1.,0.));
#6425=DIRECTION('',(1.,0.,0.));
#6426=DIRECTION('',(0.,0.,1.));
#6427=DIRECTION('',(0.,-1.,0.));
#6428=DIRECTION('',(0.,-1.,0.));
#6429=DIRECTION('',(1.,0.,0.));
#6430=DIRECTION('',(0.,-1.,0.));
#6431=DIRECTION('',(-1.,0.,0.));
#6432=DIRECTION('',(0.,-1.,0.));
#6433=DIRECTION('',(0.,0.,1.));
#6434=DIRECTION('',(1.,0.,0.));
#6435=DIRECTION('',(1.,0.,0.));
#6436=DIRECTION('',(-1.,0.,0.));
#6437=DIRECTION('',(0.,1.,0.));
#6438=DIRECTION('',(0.,-1.,0.));
#6439=DIRECTION('',(0.,0.,-1.));
#6440=DIRECTION('',(0.,-1.,0.));
#6441=DIRECTION('',(0.,0.,-1.));
#6442=DIRECTION('',(-1.,0.,0.));
#6443=DIRECTION('',(0.,0.,-1.));
#6444=DIRECTION('',(0.,1.,0.));
#6445=DIRECTION('',(0.,0.,-1.));
#6446=DIRECTION('',(-1.,0.,2.83220159343152E-16));
#6447=DIRECTION('',(2.83220159343152E-16,0.,1.));
#6448=DIRECTION('',(0.,-1.,0.));
#6449=DIRECTION('',(2.83220159343152E-16,0.,1.));
#6450=DIRECTION('',(-2.83220159343152E-16,0.,-1.));
#6451=DIRECTION('',(-1.,0.,2.83220159343152E-16));
#6452=DIRECTION('',(2.83220159343152E-16,0.,1.));
#6453=DIRECTION('',(-1.,0.,2.83220159343152E-16));
#6454=DIRECTION('',(2.83220159343152E-16,0.,1.));
#6455=DIRECTION('',(-2.83220159343152E-16,0.,-1.));
#6456=DIRECTION('',(0.,1.,0.));
#6457=DIRECTION('',(-1.,0.,2.83220159343152E-16));
#6458=DIRECTION('',(2.83220159343152E-16,0.,1.));
#6459=DIRECTION('',(0.,-1.,0.));
#6460=DIRECTION('',(-1.,0.,0.));
#6461=DIRECTION('',(0.,1.,0.));
#6462=DIRECTION('',(1.,0.,0.));
#6463=DIRECTION('',(0.,-1.,0.));
#6464=DIRECTION('',(-1.,0.,0.));
#6465=DIRECTION('',(0.,1.,0.));
#6466=DIRECTION('',(1.,0.,0.));
#6467=DIRECTION('',(0.,-1.,0.));
#6468=DIRECTION('',(-1.,0.,0.));
#6469=DIRECTION('',(0.,-1.,0.));
#6470=DIRECTION('',(-1.,0.,0.));
#6471=DIRECTION('',(0.,-1.,0.));
#6472=DIRECTION('',(0.,0.,-1.));
#6473=DIRECTION('',(0.,1.,0.));
#6474=DIRECTION('',(1.,0.,0.));
#6475=DIRECTION('',(0.,1.,0.));
#6476=DIRECTION('',(1.,0.,0.));
#6477=DIRECTION('',(0.,-1.,0.));
#6478=DIRECTION('',(0.,1.,0.));
#6479=DIRECTION('',(1.,0.,0.));
#6480=DIRECTION('',(-1.,0.,0.));
#6481=DIRECTION('',(0.,0.,-1.));
#6482=DIRECTION('',(1.,0.,0.));
#6483=DIRECTION('',(0.00676616516369171,0.,0.999977109242495));
#6484=DIRECTION('',(-0.999977109242495,0.,0.00676616516369589));
#6485=DIRECTION('',(-0.00676616516368821,0.,-0.999977109242495));
#6486=DIRECTION('',(0.698592268346194,0.,-0.715519980578404));
#6487=DIRECTION('',(0.,1.,0.));
#6488=DIRECTION('',(0.,0.,1.));
#6489=DIRECTION('',(0.,1.,0.));
#6490=DIRECTION('',(0.,0.,1.));
#6491=DIRECTION('',(-0.650161280977594,0.,-0.759796228417577));
#6492=DIRECTION('',(0.,1.,0.));
#6493=DIRECTION('',(0.,0.,1.));
#6494=DIRECTION('',(0.,1.,0.));
#6495=DIRECTION('',(0.,0.,1.));
#6496=DIRECTION('',(0.,1.,0.));
#6497=DIRECTION('',(0.,0.,1.));
#6498=DIRECTION('',(-0.723802400535955,0.,0.690007307916654));
#6499=DIRECTION('',(0.0067661651635905,0.,0.999977109242496));
#6500=DIRECTION('',(0.999977109242495,0.,-0.00676616516369247));
#6501=DIRECTION('',(0.00676616516369547,0.,0.999977109242495));
#6502=DIRECTION('',(-0.999977109242495,0.,0.00676616516369059));
#6503=DIRECTION('',(-0.00676616516369405,0.,-0.999977109242495));
#6504=DIRECTION('',(0.0162704635547086,0.,-0.999867627246585));
#6505=DIRECTION('',(0.0247996969201278,0.,-0.999692440219826));
#6506=DIRECTION('',(-0.775161444066521,0.,0.631763195851662));
#6507=DIRECTION('',(-0.630940826353629,0.,-0.775830956871534));
#6508=DIRECTION('',(0.778086103926634,0.,-0.628157635372102));
#6509=DIRECTION('',(0.999977109242495,0.,-0.00676616516368856));
#6510=DIRECTION('',(0.,1.,0.));
#6511=DIRECTION('',(0.,0.,1.));
#6512=DIRECTION('',(0.,0.,1.));
#6513=DIRECTION('',(-0.368133456473178,0.,0.929772960579684));
#6514=DIRECTION('',(0.,1.,0.));
#6515=DIRECTION('',(0.,0.,1.));
#6516=DIRECTION('',(-1.,0.,0.));
#6517=DIRECTION('',(0.,1.,0.));
#6518=DIRECTION('',(1.,0.,0.));
#6519=DIRECTION('',(0.,0.,-1.));
#6520=DIRECTION('',(0.,1.,0.));
#6521=DIRECTION('',(1.,0.,0.));
#6522=DIRECTION('',(1.,0.,0.));
#6523=DIRECTION('',(0.,1.,0.));
#6524=DIRECTION('',(1.,0.,0.));
#6525=DIRECTION('',(0.,0.,-1.));
#6526=DIRECTION('',(0.,1.,0.));
#6527=DIRECTION('',(1.,0.,0.));
#6528=DIRECTION('',(-1.,0.,0.));
#6529=DIRECTION('',(0.,1.,0.));
#6530=DIRECTION('',(1.,0.,0.));
#6531=DIRECTION('',(1.61369625672261E-16,0.,1.));
#6532=DIRECTION('',(0.,1.,0.));
#6533=DIRECTION('',(1.,0.,0.));
#6534=DIRECTION('',(-1.,0.,0.));
#6535=DIRECTION('',(-0.291056642682018,0.,-0.956705822471397));
#6536=DIRECTION('',(-1.,0.,0.));
#6537=DIRECTION('',(-0.291056642682018,0.,0.956705822471397));
#6538=DIRECTION('',(-1.,0.,0.));
#6539=DIRECTION('',(0.331669016823167,0.,-0.943395814745621));
#6540=DIRECTION('',(1.,0.,0.));
#6541=DIRECTION('',(0.332766361047277,0.,0.94300930480847));
#6542=DIRECTION('',(0.,0.,-1.));
#6543=DIRECTION('',(1.,0.,0.));
#6544=DIRECTION('',(0.,1.,0.));
#6545=DIRECTION('',(0.,0.,1.));
#6546=DIRECTION('',(0.,0.,1.));
#6547=DIRECTION('',(-1.,0.,0.));
#6548=DIRECTION('',(0.,0.,1.));
#6549=DIRECTION('',(-1.,0.,0.));
#6550=DIRECTION('',(0.,0.,-1.));
#6551=DIRECTION('',(-1.,0.,0.));
#6552=DIRECTION('',(0.,0.,1.));
#6553=DIRECTION('',(-1.,0.,0.));
#6554=DIRECTION('',(0.,0.,-1.));
#6555=DIRECTION('',(1.,0.,0.));
#6556=DIRECTION('',(0.,0.,1.));
#6557=DIRECTION('',(1.,0.,0.));
#6558=DIRECTION('',(0.,0.,-1.));
#6559=DIRECTION('',(1.,0.,0.));
#6560=DIRECTION('',(0.,0.,-1.));
#6561=DIRECTION('',(1.,0.,0.));
#6562=DIRECTION('',(0.,0.,1.));
#6563=DIRECTION('',(0.,1.,0.));
#6564=DIRECTION('',(0.,0.,1.));
#6565=DIRECTION('',(0.,1.,0.));
#6566=DIRECTION('',(0.,0.,1.));
#6567=DIRECTION('',(0.,1.,0.));
#6568=DIRECTION('',(0.,0.,1.));
#6569=DIRECTION('',(-0.383684497921869,0.,0.923464241892692));
#6570=DIRECTION('',(0.,1.,0.));
#6571=DIRECTION('',(0.,0.,1.));
#6572=DIRECTION('',(0.,1.,0.));
#6573=DIRECTION('',(0.,0.,1.));
#6574=DIRECTION('',(0.,0.,-1.));
#6575=DIRECTION('',(-1.,0.,0.));
#6576=DIRECTION('',(0.,0.,1.));
#6577=DIRECTION('',(-1.,0.,0.));
#6578=DIRECTION('',(0.,0.,-1.));
#6579=DIRECTION('',(1.,0.,0.));
#6580=DIRECTION('',(0.,0.,1.));
#6581=DIRECTION('',(-1.,0.,0.));
#6582=DIRECTION('',(0.,0.,1.));
#6583=DIRECTION('',(1.,0.,0.));
#6584=DIRECTION('',(0.,0.,1.));
#6585=DIRECTION('',(-1.,0.,0.));
#6586=DIRECTION('',(0.,0.,1.));
#6587=DIRECTION('',(-1.,0.,0.));
#6588=DIRECTION('',(0.,0.,-1.));
#6589=DIRECTION('',(1.,0.,0.));
#6590=DIRECTION('',(0.,0.,1.));
#6591=DIRECTION('',(-1.,0.,0.));
#6592=DIRECTION('',(0.,0.,1.));
#6593=DIRECTION('',(1.,0.,0.));
#6594=DIRECTION('',(0.,0.,1.));
#6595=DIRECTION('',(-1.,0.,0.));
#6596=DIRECTION('',(0.,0.,1.));
#6597=DIRECTION('',(1.,0.,0.));
#6598=DIRECTION('',(0.,1.,0.));
#6599=DIRECTION('',(1.,0.,0.));
#6600=DIRECTION('',(0.,1.,0.));
#6601=DIRECTION('',(1.,0.,0.));
#6602=DIRECTION('',(0.,0.,1.));
#6603=DIRECTION('',(0.,1.,0.));
#6604=DIRECTION('',(1.,0.,0.));
#6605=DIRECTION('',(1.,0.,0.));
#6606=DIRECTION('',(0.,1.,0.));
#6607=DIRECTION('',(1.,0.,0.));
#6608=DIRECTION('',(0.,0.,-1.));
#6609=DIRECTION('',(0.,1.,0.));
#6610=DIRECTION('',(1.,0.,0.));
#6611=DIRECTION('',(0.,1.,0.));
#6612=DIRECTION('',(1.,0.,0.));
#6613=DIRECTION('',(0.,0.,-1.));
#6614=DIRECTION('',(0.,1.,0.));
#6615=DIRECTION('',(1.,0.,0.));
#6616=DIRECTION('',(0.0067661651637151,0.,0.999977109242495));
#6617=DIRECTION('',(-0.999977109242495,0.,0.00676616516369589));
#6618=DIRECTION('',(-0.00676616516368821,0.,-0.999977109242495));
#6619=DIRECTION('',(0.698592268346193,0.,-0.715519980578405));
#6620=DIRECTION('',(0.,1.,0.));
#6621=DIRECTION('',(0.,0.,1.));
#6622=DIRECTION('',(0.,1.,0.));
#6623=DIRECTION('',(0.,0.,1.));
#6624=DIRECTION('',(-0.650161280977601,0.,-0.759796228417571));
#6625=DIRECTION('',(0.,1.,0.));
#6626=DIRECTION('',(0.,0.,1.));
#6627=DIRECTION('',(0.,1.,0.));
#6628=DIRECTION('',(0.,0.,1.));
#6629=DIRECTION('',(0.,1.,0.));
#6630=DIRECTION('',(0.,0.,1.));
#6631=DIRECTION('',(-0.723802400535941,0.,0.690007307916669));
#6632=DIRECTION('',(0.00676616516403284,0.,0.999977109242493));
#6633=DIRECTION('',(0.999977109242495,0.,-0.00676616516369254));
#6634=DIRECTION('',(0.00676616516369755,0.,0.999977109242495));
#6635=DIRECTION('',(-0.999977109242495,0.,0.00676616516369066));
#6636=DIRECTION('',(-0.00676616516369045,0.,-0.999977109242495));
#6637=DIRECTION('',(0.0162704635547305,0.,-0.999867627246584));
#6638=DIRECTION('',(0.0247996969201478,0.,-0.999692440219825));
#6639=DIRECTION('',(-0.775161444066528,0.,0.631763195851654));
#6640=DIRECTION('',(-0.630940826353635,0.,-0.775830956871529));
#6641=DIRECTION('',(0.778086103926636,0.,-0.6281576353721));
#6642=DIRECTION('',(0.999977109242495,0.,-0.00676616516368872));
#6643=DIRECTION('',(0.,1.,0.));
#6644=DIRECTION('',(1.,0.,0.));
#6645=DIRECTION('',(0.,0.,-1.));
#6646=DIRECTION('',(0.707106781186548,0.,-0.707106781186548));
#6647=DIRECTION('',(1.,0.,0.));
#6648=DIRECTION('',(0.,1.,0.));
#6649=DIRECTION('',(1.,0.,0.));
#6650=DIRECTION('',(0.,0.,-1.));
#6651=DIRECTION('',(0.,1.,0.));
#6652=DIRECTION('',(1.,0.,0.));
#6653=DIRECTION('',(1.,0.,0.));
#6654=DIRECTION('',(0.,1.,0.));
#6655=DIRECTION('',(1.,0.,0.));
#6656=DIRECTION('',(-0.832050294337844,0.,0.554700196225229));
#6657=DIRECTION('',(0.,1.,0.));
#6658=DIRECTION('',(1.,0.,0.));
#6659=DIRECTION('',(-1.,0.,0.));
#6660=DIRECTION('',(0.,1.,0.));
#6661=DIRECTION('',(1.,0.,0.));
#6662=DIRECTION('',(0.832050294337844,0.,0.554700196225229));
#6663=DIRECTION('',(0.,1.,0.));
#6664=DIRECTION('',(1.,0.,0.));
#6665=DIRECTION('',(0.,1.,0.));
#6666=DIRECTION('',(1.,0.,0.));
#6667=DIRECTION('',(0.,0.,-1.));
#6668=DIRECTION('',(0.,1.,0.));
#6669=DIRECTION('',(1.,0.,0.));
#6670=DIRECTION('',(-1.,0.,0.));
#6671=DIRECTION('',(0.707106781186548,0.,0.707106781186548));
#6672=DIRECTION('',(0.,0.,-1.));
#6673=DIRECTION('',(0.,1.,0.));
#6674=DIRECTION('',(1.,0.,0.));
#6675=DIRECTION('',(0.,1.,0.));
#6676=DIRECTION('',(1.,0.,0.));
#6677=DIRECTION('',(0.,1.,0.));
#6678=DIRECTION('',(1.,0.,0.));
#6679=DIRECTION('',(0.,1.,0.));
#6680=DIRECTION('',(1.,0.,0.));
#6681=DIRECTION('',(-0.707106781186548,0.,-0.707106781186548));
#6682=DIRECTION('',(0.,-1.,0.));
#6683=DIRECTION('',(-0.707106781186548,0.,0.707106781186548));
#6684=DIRECTION('',(0.707106781186548,0.,-0.707106781186548));
#6685=DIRECTION('',(0.,1.,0.));
#6686=DIRECTION('',(1.,0.,0.));
#6687=DIRECTION('',(-0.832050294337844,0.,-0.554700196225229));
#6688=DIRECTION('',(0.,1.,0.));
#6689=DIRECTION('',(1.,0.,0.));
#6690=DIRECTION('',(1.,0.,0.));
#6691=DIRECTION('',(0.,1.,0.));
#6692=DIRECTION('',(1.,0.,0.));
#6693=DIRECTION('',(0.832050294337844,0.,-0.554700196225229));
#6694=DIRECTION('',(0.,1.,0.));
#6695=DIRECTION('',(1.,0.,0.));
#6696=DIRECTION('',(1.,0.,0.));
#6697=DIRECTION('',(0.,1.,0.));
#6698=DIRECTION('',(1.,0.,0.));
#6699=DIRECTION('',(0.,0.,-1.));
#6700=DIRECTION('',(0.,1.,0.));
#6701=DIRECTION('',(1.,0.,0.));
#6702=DIRECTION('',(1.,0.,0.));
#6703=DIRECTION('',(-0.707106781186548,0.,0.707106781186548));
#6704=DIRECTION('',(-1.,0.,0.));
#6705=DIRECTION('',(0.,1.,0.));
#6706=DIRECTION('',(1.,0.,0.));
#6707=DIRECTION('',(0.,0.,-1.));
#6708=DIRECTION('',(0.,1.,0.));
#6709=DIRECTION('',(1.,0.,0.));
#6710=DIRECTION('',(1.,0.,0.));
#6711=DIRECTION('',(0.,1.,0.));
#6712=DIRECTION('',(1.,0.,0.));
#6713=DIRECTION('',(0.,0.,-1.));
#6714=DIRECTION('',(0.,0.,1.));
#6715=DIRECTION('',(0.,1.,0.));
#6716=DIRECTION('',(1.,0.,0.));
#6717=DIRECTION('',(0.,1.,0.));
#6718=DIRECTION('',(1.,0.,0.));
#6719=DIRECTION('',(0.,0.,1.));
#6720=DIRECTION('',(0.,1.,0.));
#6721=DIRECTION('',(1.,0.,0.));
#6722=DIRECTION('',(-1.,0.,0.));
#6723=DIRECTION('',(-0.707106781186548,0.,-0.707106781186548));
#6724=DIRECTION('',(-1.,0.,0.));
#6725=DIRECTION('',(0.,1.,0.));
#6726=DIRECTION('',(1.,0.,0.));
#6727=DIRECTION('',(0.,0.,-1.));
#6728=DIRECTION('',(0.,1.,0.));
#6729=DIRECTION('',(1.,0.,0.));
#6730=DIRECTION('',(0.,1.,0.));
#6731=DIRECTION('',(1.,0.,0.));
#6732=DIRECTION('',(0.,-1.,0.));
#6733=DIRECTION('',(1.,0.,0.));
#6734=DIRECTION('',(0.,1.,0.));
#6735=DIRECTION('',(1.,0.,0.));
#6736=DIRECTION('',(0.,1.,0.));
#6737=DIRECTION('',(1.,0.,0.));
#6738=DIRECTION('',(0.,-1.,0.));
#6739=DIRECTION('',(1.,0.,0.));
#6740=DIRECTION('',(0.,0.,-1.));
#6741=DIRECTION('',(0.,1.,0.));
#6742=DIRECTION('',(0.,1.,0.));
#6743=DIRECTION('',(0.,-1.,0.));
#6744=DIRECTION('',(-1.,0.,0.));
#6745=DIRECTION('',(0.,1.,0.));
#6746=DIRECTION('',(0.,-1.,0.));
#6747=DIRECTION('',(0.,-1.,0.));
#6748=DIRECTION('',(0.,0.,-1.));
#6749=DIRECTION('',(0.,1.,0.));
#6750=DIRECTION('',(0.,1.,0.));
#6751=DIRECTION('',(0.,-1.,0.));
#6752=DIRECTION('',(0.,0.,1.));
#6753=DIRECTION('',(0.,-1.,0.));
#6754=DIRECTION('',(-1.,0.,0.));
#6755=DIRECTION('',(-1.,0.,0.));
#6756=DIRECTION('',(0.,-1.,0.));
#6757=DIRECTION('',(0.,0.,1.));
#6758=DIRECTION('',(0.,-1.,0.));
#6759=DIRECTION('',(0.,-1.,0.));
#6760=DIRECTION('',(0.,-1.,0.));
#6761=DIRECTION('',(-1.,0.,0.));
#6762=DIRECTION('',(0.,1.,0.));
#6763=DIRECTION('',(0.,-1.,0.));
#6764=DIRECTION('',(0.,-1.,0.));
#6765=DIRECTION('',(0.,1.,0.));
#6766=DIRECTION('',(1.,0.,0.));
#6767=DIRECTION('',(0.,1.,0.));
#6768=DIRECTION('',(1.,0.,0.));
#6769=DIRECTION('',(0.,1.,0.));
#6770=DIRECTION('',(1.,0.,0.));
#6771=DIRECTION('',(0.,-1.,0.));
#6772=DIRECTION('',(-1.,0.,0.));
#6773=DIRECTION('',(0.707106781186548,0.,-0.707106781186548));
#6774=DIRECTION('',(0.,-1.,0.));
#6775=DIRECTION('',(-0.707106781186548,0.,-0.707106781186548));
#6776=DIRECTION('',(0.,-1.,0.));
#6777=DIRECTION('',(1.,0.,0.));
#6778=DIRECTION('',(0.,-1.,0.));
#6779=DIRECTION('',(0.,-1.,0.));
#6780=DIRECTION('',(0.,0.,1.));
#6781=DIRECTION('',(0.,-1.,0.));
#6782=DIRECTION('',(1.,0.,0.));
#6783=DIRECTION('',(0.,-1.,0.));
#6784=DIRECTION('',(0.,0.,-1.));
#6785=DIRECTION('',(0.,0.,-1.));
#6786=DIRECTION('',(1.,0.,0.));
#6787=DIRECTION('',(0.,-1.,0.));
#6788=DIRECTION('',(0.,0.,1.));
#6789=DIRECTION('',(0.,-1.,0.));
#6790=DIRECTION('',(0.,-1.,0.));
#6791=DIRECTION('',(0.,0.,1.));
#6792=DIRECTION('',(0.,0.,-1.));
#6793=DIRECTION('',(0.,1.,0.));
#6794=DIRECTION('',(1.,0.,0.));
#6795=DIRECTION('',(0.,-1.,0.));
#6796=DIRECTION('',(0.,-1.,0.));
#6797=DIRECTION('',(-0.658656795363302,-0.752443503475008,0.));
#6798=DIRECTION('',(0.,0.,-1.));
#6799=DIRECTION('',(0.,1.,0.));
#6800=DIRECTION('',(1.,0.,0.));
#6801=DIRECTION('',(0.,0.,-1.));
#6802=DIRECTION('',(0.,1.,0.));
#6803=DIRECTION('',(0.,1.,0.));
#6804=DIRECTION('',(0.,0.,-1.));
#6805=DIRECTION('',(0.,1.,0.));
#6806=DIRECTION('',(-1.,0.,0.));
#6807=DIRECTION('',(0.,1.,0.));
#6808=DIRECTION('',(0.,-1.,0.));
#6809=DIRECTION('',(0.,0.,-1.));
#6810=DIRECTION('',(0.,-1.,0.));
#6811=DIRECTION('',(0.,0.,1.));
#6812=DIRECTION('',(0.,-1.,0.));
#6813=DIRECTION('',(-1.,0.,0.));
#6814=DIRECTION('',(0.,0.,1.));
#6815=DIRECTION('',(0.,-1.,0.));
#6816=DIRECTION('',(0.658656795363302,0.752443503475008,0.));
#6817=DIRECTION('',(0.,0.,1.));
#6818=DIRECTION('',(0.,-1.,0.));
#6819=DIRECTION('',(0.,-1.,0.));
#6820=DIRECTION('',(0.659323125797916,0.751859704857273,0.));
#6821=DIRECTION('',(0.,1.,0.));
#6822=DIRECTION('',(1.,0.,0.));
#6823=DIRECTION('',(0.,0.,1.));
#6824=DIRECTION('',(0.,-1.,0.));
#6825=DIRECTION('',(-1.,0.,0.));
#6826=DIRECTION('',(0.,-1.,0.));
#6827=DIRECTION('',(0.,-1.,0.));
#6828=DIRECTION('',(-1.,0.,0.));
#6829=DIRECTION('',(0.,0.,1.));
#6830=DIRECTION('',(0.,-1.,0.));
#6831=DIRECTION('',(-1.,0.,0.));
#6832=DIRECTION('',(0.,1.,0.));
#6833=DIRECTION('',(0.,0.,-1.));
#6834=DIRECTION('',(0.,-1.,0.));
#6835=DIRECTION('',(0.,0.,-1.));
#6836=DIRECTION('',(0.,0.,-1.));
#6837=DIRECTION('',(0.,-1.,0.));
#6838=DIRECTION('',(0.,-1.,0.));
#6839=DIRECTION('',(0.,0.,-1.));
#6840=DIRECTION('',(-1.,0.,0.));
#6841=DIRECTION('',(0.,1.,0.));
#6842=DIRECTION('',(0.,1.,0.));
#6843=DIRECTION('',(1.,0.,0.));
#6844=DIRECTION('',(0.,1.,0.));
#6845=DIRECTION('',(1.,0.,0.));
#6846=DIRECTION('',(-1.,0.,0.));
#6847=DIRECTION('',(0.,1.,0.));
#6848=DIRECTION('',(1.,0.,0.));
#6849=DIRECTION('',(1.61369625672261E-16,0.,1.));
#6850=DIRECTION('',(0.,1.,0.));
#6851=DIRECTION('',(1.,0.,0.));
#6852=DIRECTION('',(0.,0.,-1.));
#6853=DIRECTION('',(0.707106781186548,0.,-0.707106781186548));
#6854=DIRECTION('',(-1.,0.,0.));
#6855=DIRECTION('',(1.,0.,-1.61369625672261E-16));
#6856=DIRECTION('',(-1.61369625672261E-16,0.,-1.));
#6857=DIRECTION('',(0.,-1.,0.));
#6858=DIRECTION('',(0.,-1.,0.));
#6859=DIRECTION('',(0.,0.,1.));
#6860=DIRECTION('',(0.,-1.,0.));
#6861=DIRECTION('',(0.,-1.,0.));
#6862=DIRECTION('',(0.,-1.,0.));
#6863=DIRECTION('',(0.,0.,-1.));
#6864=DIRECTION('',(0.,1.,0.));
#6865=DIRECTION('',(0.,-1.,0.));
#6866=DIRECTION('',(1.,0.,0.));
#6867=DIRECTION('',(0.,-1.,0.));
#6868=DIRECTION('',(-1.,0.,0.));
#6869=DIRECTION('',(0.,1.,0.));
#6870=DIRECTION('',(0.,-1.,0.));
#6871=DIRECTION('',(0.,0.,-1.));
#6872=DIRECTION('',(0.,-1.,0.));
#6873=DIRECTION('',(0.,1.,0.));
#6874=DIRECTION('',(1.,0.,0.));
#6875=DIRECTION('',(-1.,0.,0.));
#6876=DIRECTION('',(-2.83220159343152E-16,0.,-1.));
#6877=DIRECTION('',(0.,1.,0.));
#6878=DIRECTION('',(1.,0.,0.));
#6879=DIRECTION('',(0.,1.,0.));
#6880=DIRECTION('',(1.,0.,0.));
#6881=DIRECTION('',(0.,1.,0.));
#6882=DIRECTION('',(1.,0.,0.));
#6883=DIRECTION('',(0.,1.,0.));
#6884=DIRECTION('',(1.,0.,0.));
#6885=DIRECTION('',(0.,1.,0.));
#6886=DIRECTION('',(1.,0.,0.));
#6887=DIRECTION('',(0.,1.,0.));
#6888=DIRECTION('',(1.,0.,0.));
#6889=DIRECTION('',(0.,1.,0.));
#6890=DIRECTION('',(1.,0.,0.));
#6891=DIRECTION('',(0.,-1.,0.));
#6892=DIRECTION('',(1.,0.,0.));
#6893=DIRECTION('',(-0.707106781186548,0.,0.707106781186548));
#6894=DIRECTION('',(-0.00676616516369589,0.,-0.999977109242495));
#6895=DIRECTION('',(-0.999977109242495,0.,0.00676616516369589));
#6896=DIRECTION('',(0.,1.,0.));
#6897=DIRECTION('',(-0.999977109242495,0.,0.00676616516369589));
#6898=DIRECTION('',(0.,1.,0.));
#6899=DIRECTION('',(-0.999977109242495,0.,0.0067661651637151));
#6900=DIRECTION('',(0.0067661651637151,0.,0.999977109242495));
#6901=DIRECTION('',(0.,1.,0.));
#6902=DIRECTION('',(0.0067661651637151,0.,0.999977109242495));
#6903=DIRECTION('',(0.00676616516369254,0.,0.999977109242495));
#6904=DIRECTION('',(0.999977109242495,0.,-0.00676616516369254));
#6905=DIRECTION('',(0.,1.,0.));
#6906=DIRECTION('',(0.999977109242495,0.,-0.00676616516369254));
#6907=DIRECTION('',(-0.999977109242493,0.,0.00676616516403284));
#6908=DIRECTION('',(0.00676616516403284,0.,0.999977109242493));
#6909=DIRECTION('',(0.,1.,0.));
#6910=DIRECTION('',(0.00676616516403284,0.,0.999977109242493));
#6911=DIRECTION('',(-0.690007307916669,0.,-0.723802400535941));
#6912=DIRECTION('',(-0.723802400535941,0.,0.690007307916669));
#6913=DIRECTION('',(0.,1.,0.));
#6914=DIRECTION('',(-0.723802400535941,0.,0.690007307916669));
#6915=DIRECTION('',(0.,1.,0.));
#6916=DIRECTION('',(0.,1.,0.));
#6917=DIRECTION('',(0.,1.,0.));
#6918=DIRECTION('',(0.983779653765614,0.,0.179381138464469));
#6919=DIRECTION('',(0.,1.,0.));
#6920=DIRECTION('',(0.,1.,0.));
#6921=DIRECTION('',(0.,0.,1.));
#6922=DIRECTION('',(0.,1.,0.));
#6923=DIRECTION('',(0.,1.,0.));
#6924=DIRECTION('',(0.,1.,0.));
#6925=DIRECTION('',(0.,1.,0.));
#6926=DIRECTION('',(-0.118651177888861,0.,-0.992935998937286));
#6927=DIRECTION('',(0.,1.,0.));
#6928=DIRECTION('',(0.,1.,0.));
#6929=DIRECTION('',(0.,0.,1.));
#6930=DIRECTION('',(0.,1.,0.));
#6931=DIRECTION('',(-0.360220593963349,0.,-0.932867152216591));
#6932=DIRECTION('',(0.,1.,0.));
#6933=DIRECTION('',(0.,1.,0.));
#6934=DIRECTION('',(0.,0.,1.));
#6935=DIRECTION('',(0.,1.,0.));
#6936=DIRECTION('',(0.759796228417571,0.,-0.650161280977601));
#6937=DIRECTION('',(-0.650161280977601,0.,-0.759796228417571));
#6938=DIRECTION('',(0.,1.,0.));
#6939=DIRECTION('',(-0.650161280977601,0.,-0.759796228417571));
#6940=DIRECTION('',(0.,1.,0.));
#6941=DIRECTION('',(0.,1.,0.));
#6942=DIRECTION('',(-0.235221381246593,0.,-0.971941820174667));
#6943=DIRECTION('',(0.,1.,0.));
#6944=DIRECTION('',(0.,1.,0.));
#6945=DIRECTION('',(0.,0.,1.));
#6946=DIRECTION('',(0.,1.,0.));
#6947=DIRECTION('',(0.,1.,0.));
#6948=DIRECTION('',(0.,1.,0.));
#6949=DIRECTION('',(0.983038187174423,0.,0.183400988429244));
#6950=DIRECTION('',(0.,1.,0.));
#6951=DIRECTION('',(0.,1.,0.));
#6952=DIRECTION('',(0.,0.,1.));
#6953=DIRECTION('',(0.,1.,0.));
#6954=DIRECTION('',(0.,1.,0.));
#6955=DIRECTION('',(0.715519980578405,0.,0.698592268346193));
#6956=DIRECTION('',(0.698592268346193,0.,-0.715519980578405));
#6957=DIRECTION('',(0.,1.,0.));
#6958=DIRECTION('',(0.698592268346193,0.,-0.715519980578405));
#6959=DIRECTION('',(0.999977109242495,0.,-0.00676616516368822));
#6960=DIRECTION('',(-0.00676616516368822,0.,-0.999977109242495));
#6961=DIRECTION('',(-0.00676616516368821,0.,-0.999977109242495));
#6962=DIRECTION('',(0.,1.,0.));
#6963=DIRECTION('',(1.,0.,0.));
#6964=DIRECTION('',(-0.00676616516369066,0.,-0.999977109242495));
#6965=DIRECTION('',(-0.999977109242495,0.,0.00676616516369066));
#6966=DIRECTION('',(0.,1.,0.));
#6967=DIRECTION('',(-0.999977109242495,0.,0.00676616516369066));
#6968=DIRECTION('',(0.,1.,0.));
#6969=DIRECTION('',(-0.999977109242495,0.,0.00676616516369755));
#6970=DIRECTION('',(0.00676616516369755,0.,0.999977109242495));
#6971=DIRECTION('',(0.,1.,0.));
#6972=DIRECTION('',(0.00676616516369755,0.,0.999977109242495));
#6973=DIRECTION('',(0.00676616516368873,0.,0.999977109242495));
#6974=DIRECTION('',(0.999977109242495,0.,-0.00676616516368873));
#6975=DIRECTION('',(0.,1.,0.));
#6976=DIRECTION('',(0.999977109242495,0.,-0.00676616516368872));
#6977=DIRECTION('',(0.6281576353721,0.,0.778086103926636));
#6978=DIRECTION('',(0.778086103926636,0.,-0.6281576353721));
#6979=DIRECTION('',(0.,1.,0.));
#6980=DIRECTION('',(0.778086103926636,0.,-0.6281576353721));
#6981=DIRECTION('',(0.775830956871529,0.,-0.630940826353635));
#6982=DIRECTION('',(-0.630940826353635,0.,-0.775830956871529));
#6983=DIRECTION('',(0.,1.,0.));
#6984=DIRECTION('',(-0.630940826353635,0.,-0.775830956871529));
#6985=DIRECTION('',(-0.631763195851654,0.,-0.775161444066528));
#6986=DIRECTION('',(-0.775161444066528,0.,0.631763195851654));
#6987=DIRECTION('',(0.,1.,0.));
#6988=DIRECTION('',(-0.775161444066528,0.,0.631763195851654));
#6989=DIRECTION('',(0.,1.,0.));
#6990=DIRECTION('',(0.999692440219825,0.,0.0247996969201478));
#6991=DIRECTION('',(0.0247996969201478,0.,-0.999692440219825));
#6992=DIRECTION('',(0.,1.,0.));
#6993=DIRECTION('',(0.0247996969201478,0.,-0.999692440219825));
#6994=DIRECTION('',(0.999867627246584,0.,0.0162704635547305));
#6995=DIRECTION('',(0.0162704635547305,0.,-0.999867627246584));
#6996=DIRECTION('',(0.,1.,0.));
#6997=DIRECTION('',(0.0162704635547305,0.,-0.999867627246584));
#6998=DIRECTION('',(0.999977109242495,0.,-0.00676616516369045));
#6999=DIRECTION('',(-0.00676616516369045,0.,-0.999977109242495));
#7000=DIRECTION('',(-0.00676616516369045,0.,-0.999977109242495));
#7001=DIRECTION('',(0.,1.,0.));
#7002=DIRECTION('',(1.,0.,0.));
#7003=DIRECTION('',(0.,1.,0.));
#7004=DIRECTION('',(0.,1.,0.));
#7005=DIRECTION('',(0.,1.,0.));
#7006=DIRECTION('',(0.172440396401027,0.,-0.98501995395477));
#7007=DIRECTION('',(0.,1.,0.));
#7008=DIRECTION('',(0.,1.,0.));
#7009=DIRECTION('',(0.,0.,1.));
#7010=DIRECTION('',(0.,1.,0.));
#7011=DIRECTION('',(0.380497520901523,0.,-0.924781940020346));
#7012=DIRECTION('',(0.,1.,0.));
#7013=DIRECTION('',(0.,1.,0.));
#7014=DIRECTION('',(0.,0.,1.));
#7015=DIRECTION('',(-0.929772960579684,0.,-0.368133456473178));
#7016=DIRECTION('',(-0.368133456473178,0.,0.929772960579684));
#7017=DIRECTION('',(0.,1.,0.));
#7018=DIRECTION('',(-0.368133456473178,0.,0.929772960579684));
#7019=DIRECTION('',(0.,1.,0.));
#7020=DIRECTION('',(0.,1.,0.));
#7021=DIRECTION('',(0.,1.,0.));
#7022=DIRECTION('',(0.,1.,0.));
#7023=DIRECTION('',(0.,1.,0.));
#7024=DIRECTION('',(0.,1.,0.));
#7025=DIRECTION('',(0.,1.,0.));
#7026=DIRECTION('',(-1.,0.,0.));
#7027=DIRECTION('',(0.,1.,0.));
#7028=DIRECTION('',(0.,1.,0.));
#7029=DIRECTION('',(0.,0.,1.));
#7030=DIRECTION('',(0.,1.,0.));
#7031=DIRECTION('',(0.,1.,0.));
#7032=DIRECTION('',(0.,1.,0.));
#7033=DIRECTION('',(1.,0.,0.));
#7034=DIRECTION('',(-0.00676616516369059,0.,-0.999977109242495));
#7035=DIRECTION('',(-0.999977109242495,0.,0.00676616516369059));
#7036=DIRECTION('',(0.,1.,0.));
#7037=DIRECTION('',(-0.999977109242495,0.,0.00676616516369059));
#7038=DIRECTION('',(0.,1.,0.));
#7039=DIRECTION('',(-0.999977109242495,0.,0.00676616516369547));
#7040=DIRECTION('',(0.00676616516369547,0.,0.999977109242495));
#7041=DIRECTION('',(0.,1.,0.));
#7042=DIRECTION('',(0.00676616516369547,0.,0.999977109242495));
#7043=DIRECTION('',(0.00676616516368856,0.,0.999977109242495));
#7044=DIRECTION('',(0.999977109242495,0.,-0.00676616516368856));
#7045=DIRECTION('',(0.,1.,0.));
#7046=DIRECTION('',(0.999977109242495,0.,-0.00676616516368856));
#7047=DIRECTION('',(0.628157635372102,0.,0.778086103926634));
#7048=DIRECTION('',(0.778086103926634,0.,-0.628157635372102));
#7049=DIRECTION('',(0.,1.,0.));
#7050=DIRECTION('',(0.778086103926634,0.,-0.628157635372102));
#7051=DIRECTION('',(0.775830956871534,0.,-0.630940826353629));
#7052=DIRECTION('',(-0.630940826353629,0.,-0.775830956871534));
#7053=DIRECTION('',(0.,1.,0.));
#7054=DIRECTION('',(-0.630940826353629,0.,-0.775830956871534));
#7055=DIRECTION('',(-0.631763195851662,0.,-0.775161444066521));
#7056=DIRECTION('',(-0.775161444066521,0.,0.631763195851662));
#7057=DIRECTION('',(0.,1.,0.));
#7058=DIRECTION('',(-0.775161444066521,0.,0.631763195851662));
#7059=DIRECTION('',(0.,1.,0.));
#7060=DIRECTION('',(0.999692440219826,0.,0.0247996969201278));
#7061=DIRECTION('',(0.0247996969201278,0.,-0.999692440219826));
#7062=DIRECTION('',(0.,1.,0.));
#7063=DIRECTION('',(0.0247996969201278,0.,-0.999692440219826));
#7064=DIRECTION('',(0.999867627246585,0.,0.0162704635547086));
#7065=DIRECTION('',(0.0162704635547086,0.,-0.999867627246585));
#7066=DIRECTION('',(0.,1.,0.));
#7067=DIRECTION('',(0.0162704635547086,0.,-0.999867627246585));
#7068=DIRECTION('',(0.999977109242495,0.,-0.00676616516369405));
#7069=DIRECTION('',(-0.00676616516369405,0.,-0.999977109242495));
#7070=DIRECTION('',(-0.00676616516369405,0.,-0.999977109242495));
#7071=DIRECTION('',(0.,1.,0.));
#7072=DIRECTION('',(1.,0.,0.));
#7073=DIRECTION('',(-0.00676616516369589,0.,-0.999977109242495));
#7074=DIRECTION('',(-0.999977109242495,0.,0.00676616516369589));
#7075=DIRECTION('',(0.,1.,0.));
#7076=DIRECTION('',(-0.999977109242495,0.,0.00676616516369589));
#7077=DIRECTION('',(0.,1.,0.));
#7078=DIRECTION('',(-0.999977109242495,0.,0.00676616516369171));
#7079=DIRECTION('',(0.00676616516369171,0.,0.999977109242495));
#7080=DIRECTION('',(0.,1.,0.));
#7081=DIRECTION('',(0.00676616516369171,0.,0.999977109242495));
#7082=DIRECTION('',(0.00676616516369247,0.,0.999977109242495));
#7083=DIRECTION('',(0.999977109242495,0.,-0.00676616516369247));
#7084=DIRECTION('',(0.,1.,0.));
#7085=DIRECTION('',(0.999977109242495,0.,-0.00676616516369247));
#7086=DIRECTION('',(-0.999977109242496,0.,0.0067661651635905));
#7087=DIRECTION('',(0.0067661651635905,0.,0.999977109242496));
#7088=DIRECTION('',(0.,1.,0.));
#7089=DIRECTION('',(0.0067661651635905,0.,0.999977109242496));
#7090=DIRECTION('',(-0.690007307916654,0.,-0.723802400535955));
#7091=DIRECTION('',(-0.723802400535955,0.,0.690007307916654));
#7092=DIRECTION('',(0.,1.,0.));
#7093=DIRECTION('',(-0.723802400535955,0.,0.690007307916654));
#7094=DIRECTION('',(0.,1.,0.));
#7095=DIRECTION('',(0.,1.,0.));
#7096=DIRECTION('',(0.,1.,0.));
#7097=DIRECTION('',(0.98377965376567,0.,0.179381138464159));
#7098=DIRECTION('',(0.,1.,0.));
#7099=DIRECTION('',(0.,1.,0.));
#7100=DIRECTION('',(0.,0.,1.));
#7101=DIRECTION('',(0.,1.,0.));
#7102=DIRECTION('',(0.,1.,0.));
#7103=DIRECTION('',(0.,1.,0.));
#7104=DIRECTION('',(0.,1.,0.));
#7105=DIRECTION('',(-0.11865117788888,0.,-0.992935998937284));
#7106=DIRECTION('',(0.,1.,0.));
#7107=DIRECTION('',(0.,1.,0.));
#7108=DIRECTION('',(0.,0.,1.));
#7109=DIRECTION('',(0.,1.,0.));
#7110=DIRECTION('',(-0.360220593963366,0.,-0.932867152216584));
#7111=DIRECTION('',(0.,1.,0.));
#7112=DIRECTION('',(0.,1.,0.));
#7113=DIRECTION('',(0.,0.,1.));
#7114=DIRECTION('',(0.,1.,0.));
#7115=DIRECTION('',(0.759796228417577,0.,-0.650161280977594));
#7116=DIRECTION('',(-0.650161280977594,0.,-0.759796228417577));
#7117=DIRECTION('',(0.,1.,0.));
#7118=DIRECTION('',(-0.650161280977594,0.,-0.759796228417577));
#7119=DIRECTION('',(0.,1.,0.));
#7120=DIRECTION('',(0.,1.,0.));
#7121=DIRECTION('',(-0.23522138124681,0.,-0.971941820174615));
#7122=DIRECTION('',(0.,1.,0.));
#7123=DIRECTION('',(0.,1.,0.));
#7124=DIRECTION('',(0.,0.,1.));
#7125=DIRECTION('',(0.,1.,0.));
#7126=DIRECTION('',(0.,1.,0.));
#7127=DIRECTION('',(0.,1.,0.));
#7128=DIRECTION('',(0.983038187174355,0.,0.18340098842961));
#7129=DIRECTION('',(0.,1.,0.));
#7130=DIRECTION('',(0.,1.,0.));
#7131=DIRECTION('',(0.,0.,1.));
#7132=DIRECTION('',(0.,1.,0.));
#7133=DIRECTION('',(0.,1.,0.));
#7134=DIRECTION('',(0.715519980578404,0.,0.698592268346194));
#7135=DIRECTION('',(0.698592268346194,0.,-0.715519980578404));
#7136=DIRECTION('',(0.,1.,0.));
#7137=DIRECTION('',(0.698592268346194,0.,-0.715519980578404));
#7138=DIRECTION('',(0.999977109242495,0.,-0.00676616516368822));
#7139=DIRECTION('',(-0.00676616516368822,0.,-0.999977109242495));
#7140=DIRECTION('',(-0.00676616516368821,0.,-0.999977109242495));
#7141=DIRECTION('',(0.,1.,0.));
#7142=DIRECTION('',(1.,0.,0.));
#7143=DIRECTION('',(0.,1.,0.));
#7144=DIRECTION('',(-0.955509053153278,0.,0.294961776069591));
#7145=DIRECTION('',(0.,1.,0.));
#7146=DIRECTION('',(0.,0.,1.));
#7147=DIRECTION('',(0.,1.,0.));
#7148=DIRECTION('',(0.,1.,0.));
#7149=DIRECTION('',(0.,0.,1.));
#7150=DIRECTION('',(0.,1.,0.));
#7151=DIRECTION('',(0.,0.,1.));
#7152=DIRECTION('',(0.,-1.,0.));
#7153=DIRECTION('',(1.,0.,0.));
#7154=DIRECTION('',(0.,1.,0.));
#7155=DIRECTION('',(1.,0.,0.));
#7156=DIRECTION('',(0.,1.,0.));
#7157=DIRECTION('',(0.956705822471397,0.,-0.291056642682018));
#7158=DIRECTION('',(-0.291056642682018,0.,-0.956705822471397));
#7159=DIRECTION('',(0.,1.,0.));
#7160=DIRECTION('',(-0.291056642682018,0.,-0.956705822471397));
#7161=DIRECTION('',(0.,1.,0.));
#7162=DIRECTION('',(0.,0.,-1.));
#7163=DIRECTION('',(0.,1.,0.));
#7164=DIRECTION('',(0.,1.,0.));
#7165=DIRECTION('',(-1.,0.,0.));
#7166=DIRECTION('',(-0.94300930480847,0.,0.332766361047277));
#7167=DIRECTION('',(0.332766361047277,0.,0.94300930480847));
#7168=DIRECTION('',(0.,1.,0.));
#7169=DIRECTION('',(0.332766361047277,0.,0.94300930480847));
#7170=DIRECTION('',(0.,0.,1.));
#7171=DIRECTION('',(0.,-1.,0.));
#7172=DIRECTION('',(0.,1.,0.));
#7173=DIRECTION('',(1.,0.,0.));
#7174=DIRECTION('',(0.943395814745621,0.,0.331669016823167));
#7175=DIRECTION('',(0.331669016823167,0.,-0.943395814745621));
#7176=DIRECTION('',(0.,1.,0.));
#7177=DIRECTION('',(0.331669016823167,0.,-0.943395814745621));
#7178=DIRECTION('',(0.,0.,-1.));
#7179=DIRECTION('',(0.,1.,0.));
#7180=DIRECTION('',(0.,1.,0.));
#7181=DIRECTION('',(-1.,0.,0.));
#7182=DIRECTION('',(-0.956705822471397,0.,-0.291056642682018));
#7183=DIRECTION('',(-0.291056642682018,0.,0.956705822471397));
#7184=DIRECTION('',(0.,1.,0.));
#7185=DIRECTION('',(-0.291056642682018,0.,0.956705822471397));
#7186=DIRECTION('',(0.,0.,-1.));
#7187=DIRECTION('',(0.,1.,0.));
#7188=DIRECTION('',(-1.,0.,0.));
#7189=DIRECTION('',(0.,1.,0.));
#7190=DIRECTION('',(-0.965892069454974,0.,0.258944994475636));
#7191=DIRECTION('',(0.,1.,0.));
#7192=DIRECTION('',(0.,0.,1.));
#7193=DIRECTION('',(0.,1.,0.));
#7194=DIRECTION('',(0.,0.,1.));
#7195=DIRECTION('',(0.,1.,0.));
#7196=DIRECTION('',(1.,0.,0.));
#7197=DIRECTION('',(0.,1.,0.));
#7198=DIRECTION('',(0.,1.,0.));
#7199=DIRECTION('',(0.,1.,0.));
#7200=DIRECTION('',(0.,0.,1.));
#7201=DIRECTION('',(0.,-1.,0.));
#7202=DIRECTION('',(1.,0.,0.));
#7203=DIRECTION('',(0.,1.,0.));
#7204=DIRECTION('',(1.,0.,0.));
#7205=DIRECTION('',(-1.,0.,0.));
#7206=DIRECTION('',(0.,1.,0.));
#7207=DIRECTION('',(0.,0.,1.));
#7208=DIRECTION('',(0.,1.,0.));
#7209=DIRECTION('',(0.,0.,1.));
#7210=DIRECTION('',(0.,1.,0.));
#7211=DIRECTION('',(0.,1.,0.));
#7212=DIRECTION('',(0.,1.,0.));
#7213=DIRECTION('',(0.,1.,0.));
#7214=DIRECTION('',(0.,0.,1.));
#7215=DIRECTION('',(0.,-1.,0.));
#7216=DIRECTION('',(0.,1.,0.));
#7217=DIRECTION('',(1.,0.,0.));
#7218=DIRECTION('',(1.,0.,0.));
#7219=DIRECTION('',(0.,-1.,0.));
#7220=DIRECTION('',(0.,1.,0.));
#7221=DIRECTION('',(0.,0.,-1.));
#7222=DIRECTION('',(0.,0.,-1.));
#7223=DIRECTION('',(0.,1.,0.));
#7224=DIRECTION('',(0.,1.,0.));
#7225=DIRECTION('',(-1.,0.,0.));
#7226=DIRECTION('',(0.,0.,-1.));
#7227=DIRECTION('',(0.,1.,0.));
#7228=DIRECTION('',(-1.,0.,0.));
#7229=DIRECTION('',(-1.,0.,0.));
#7230=DIRECTION('',(0.,1.,0.));
#7231=DIRECTION('',(1.,0.,0.));
#7232=DIRECTION('',(-1.,0.,0.));
#7233=DIRECTION('',(0.,1.,0.));
#7234=DIRECTION('',(0.,0.,1.));
#7235=DIRECTION('',(0.,1.,0.));
#7236=DIRECTION('',(0.,0.,1.));
#7237=DIRECTION('',(0.,1.,0.));
#7238=DIRECTION('',(0.,0.,-1.));
#7239=DIRECTION('',(0.,1.,0.));
#7240=DIRECTION('',(-1.,0.,0.));
#7241=DIRECTION('',(0.,1.,0.));
#7242=DIRECTION('',(-1.,0.,0.));
#7243=DIRECTION('',(0.,1.,0.));
#7244=DIRECTION('',(0.,1.,0.));
#7245=DIRECTION('',(0.,1.,0.));
#7246=DIRECTION('',(0.,0.,1.));
#7247=DIRECTION('',(0.,-1.,0.));
#7248=DIRECTION('',(1.,0.,0.));
#7249=DIRECTION('',(0.,1.,0.));
#7250=DIRECTION('',(1.,0.,0.));
#7251=DIRECTION('',(0.,1.,0.));
#7252=DIRECTION('',(-1.,0.,0.));
#7253=DIRECTION('',(0.,1.,0.));
#7254=DIRECTION('',(0.,0.,1.));
#7255=DIRECTION('',(0.,1.,0.));
#7256=DIRECTION('',(0.,0.,1.));
#7257=DIRECTION('',(0.,0.,-1.));
#7258=DIRECTION('',(0.,1.,0.));
#7259=DIRECTION('',(-1.,0.,0.));
#7260=DIRECTION('',(0.,1.,0.));
#7261=DIRECTION('',(-1.,0.,0.));
#7262=DIRECTION('',(0.,1.,0.));
#7263=DIRECTION('',(0.,1.,0.));
#7264=DIRECTION('',(0.,1.,0.));
#7265=DIRECTION('',(0.,0.,1.));
#7266=DIRECTION('',(0.,-1.,0.));
#7267=DIRECTION('',(0.,1.,0.));
#7268=DIRECTION('',(1.,0.,0.));
#7269=DIRECTION('',(0.,1.,0.));
#7270=DIRECTION('',(1.,0.,0.));
#7271=DIRECTION('',(0.,-1.,0.));
#7272=DIRECTION('',(0.,1.,0.));
#7273=DIRECTION('',(0.,0.,-1.));
#7274=DIRECTION('',(0.,0.,-1.));
#7275=DIRECTION('',(0.,1.,0.));
#7276=DIRECTION('',(0.,1.,0.));
#7277=DIRECTION('',(-1.,0.,0.));
#7278=DIRECTION('',(0.,1.,0.));
#7279=DIRECTION('',(0.,1.,0.));
#7280=DIRECTION('',(0.,1.,0.));
#7281=DIRECTION('',(0.,1.,0.));
#7282=DIRECTION('',(-1.,0.,0.));
#7283=DIRECTION('',(0.,1.,0.));
#7284=DIRECTION('',(0.,1.,0.));
#7285=DIRECTION('',(0.,0.,1.));
#7286=DIRECTION('',(0.,1.,0.));
#7287=DIRECTION('',(0.524983817418789,0.,0.851112208494506));
#7288=DIRECTION('',(0.,1.,0.));
#7289=DIRECTION('',(0.,1.,0.));
#7290=DIRECTION('',(0.,0.,1.));
#7291=DIRECTION('',(0.,1.,0.));
#7292=DIRECTION('',(0.,1.,0.));
#7293=DIRECTION('',(0.,0.,1.));
#7294=DIRECTION('',(0.,-1.,0.));
#7295=DIRECTION('',(1.,0.,0.));
#7296=DIRECTION('',(1.,0.,0.));
#7297=DIRECTION('',(0.,1.,0.));
#7298=DIRECTION('',(1.,0.,0.));
#7299=DIRECTION('',(0.,1.,0.));
#7300=DIRECTION('',(1.,0.,0.));
#7301=DIRECTION('',(0.,0.,-1.));
#7302=DIRECTION('',(0.,1.,0.));
#7303=DIRECTION('',(0.,1.,0.));
#7304=DIRECTION('',(-1.,0.,0.));
#7305=DIRECTION('',(0.,1.,0.));
#7306=DIRECTION('',(-1.,0.,0.));
#7307=DIRECTION('',(0.,1.,0.));
#7308=DIRECTION('',(0.,1.,0.));
#7309=DIRECTION('',(0.,0.,1.));
#7310=DIRECTION('',(0.,0.,1.));
#7311=DIRECTION('',(0.,-1.,0.));
#7312=DIRECTION('',(0.,1.,0.));
#7313=DIRECTION('',(1.,0.,0.));
#7314=DIRECTION('',(1.,0.,0.));
#7315=DIRECTION('',(0.,-1.,0.));
#7316=DIRECTION('',(0.,1.,0.));
#7317=DIRECTION('',(0.,0.,-1.));
#7318=DIRECTION('',(0.,0.,1.));
#7319=DIRECTION('',(0.,-1.,0.));
#7320=DIRECTION('',(0.,1.,0.));
#7321=DIRECTION('',(1.,0.,0.));
#7322=DIRECTION('',(-1.,0.,0.));
#7323=DIRECTION('',(0.,1.,0.));
#7324=DIRECTION('',(0.,1.,0.));
#7325=DIRECTION('',(0.,0.,1.));
#7326=DIRECTION('',(0.,0.,1.));
#7327=DIRECTION('',(0.,-1.,0.));
#7328=DIRECTION('',(0.,1.,0.));
#7329=DIRECTION('',(1.,0.,0.));
#7330=DIRECTION('',(1.,0.,0.));
#7331=DIRECTION('',(0.,-1.,0.));
#7332=DIRECTION('',(0.,1.,0.));
#7333=DIRECTION('',(0.,0.,-1.));
#7334=DIRECTION('',(0.,0.,-1.));
#7335=DIRECTION('',(0.,1.,0.));
#7336=DIRECTION('',(0.,1.,0.));
#7337=DIRECTION('',(-1.,0.,0.));
#7338=DIRECTION('',(-1.,0.,0.));
#7339=DIRECTION('',(0.,1.,0.));
#7340=DIRECTION('',(0.,1.,0.));
#7341=DIRECTION('',(0.,0.,1.));
#7342=DIRECTION('',(0.,0.,-1.));
#7343=DIRECTION('',(0.,1.,0.));
#7344=DIRECTION('',(0.,1.,0.));
#7345=DIRECTION('',(-1.,0.,0.));
#7346=DIRECTION('',(1.,0.,0.));
#7347=DIRECTION('',(0.,-1.,0.));
#7348=DIRECTION('',(0.,0.,-1.));
#7349=DIRECTION('',(0.,1.,0.));
#7350=DIRECTION('',(1.,0.,0.));
#7351=DIRECTION('',(0.,0.,1.));
#7352=DIRECTION('',(0.,-1.,0.));
#7353=DIRECTION('',(0.,1.,0.));
#7354=DIRECTION('',(1.,0.,0.));
#7355=DIRECTION('',(0.,1.,0.));
#7356=DIRECTION('',(1.,0.,0.));
#7357=DIRECTION('',(0.,-1.,0.));
#7358=DIRECTION('',(0.,1.,0.));
#7359=DIRECTION('',(0.,0.,-1.));
#7360=DIRECTION('',(0.,0.,-1.));
#7361=DIRECTION('',(0.,1.,0.));
#7362=DIRECTION('',(0.,1.,0.));
#7363=DIRECTION('',(-1.,0.,0.));
#7364=DIRECTION('',(1.,0.,0.));
#7365=DIRECTION('',(0.,-1.,0.));
#7366=DIRECTION('',(0.,1.,0.));
#7367=DIRECTION('',(0.,0.,-1.));
#7368=DIRECTION('',(0.,1.,0.));
#7369=DIRECTION('',(0.0994050831539044,0.,0.995047048859081));
#7370=DIRECTION('',(0.,1.,0.));
#7371=DIRECTION('',(0.,1.,0.));
#7372=DIRECTION('',(0.,0.,1.));
#7373=DIRECTION('',(0.,1.,0.));
#7374=DIRECTION('',(0.,1.,0.));
#7375=DIRECTION('',(0.,1.,0.));
#7376=DIRECTION('',(0.,1.,0.));
#7377=DIRECTION('',(0.,1.,0.));
#7378=DIRECTION('',(0.232219852004568,0.,-0.972663323218767));
#7379=DIRECTION('',(0.,1.,0.));
#7380=DIRECTION('',(0.,1.,0.));
#7381=DIRECTION('',(0.,0.,1.));
#7382=DIRECTION('',(-0.923464241892692,0.,-0.383684497921869));
#7383=DIRECTION('',(-0.383684497921869,0.,0.923464241892692));
#7384=DIRECTION('',(0.,1.,0.));
#7385=DIRECTION('',(-0.383684497921869,0.,0.923464241892692));
#7386=DIRECTION('',(0.,1.,0.));
#7387=DIRECTION('',(0.202437350588576,0.,-0.97929521549259));
#7388=DIRECTION('',(0.,1.,0.));
#7389=DIRECTION('',(0.,1.,0.));
#7390=DIRECTION('',(0.,0.,1.));
#7391=DIRECTION('',(0.,1.,0.));
#7392=DIRECTION('',(0.,1.,0.));
#7393=DIRECTION('',(0.,1.,0.));
#7394=DIRECTION('',(0.,1.,0.));
#7395=DIRECTION('',(0.,1.,0.));
#7396=DIRECTION('',(0.0731523526333448,0.,0.997320777535597));
#7397=DIRECTION('',(0.,1.,0.));
#7398=DIRECTION('',(0.,1.,0.));
#7399=DIRECTION('',(0.,0.,1.));
#7400=DIRECTION('',(0.,1.,0.));
#7401=DIRECTION('',(0.234255629683147,0.,0.972175035660633));
#7402=DIRECTION('',(0.,1.,0.));
#7403=DIRECTION('',(0.,1.,0.));
#7404=DIRECTION('',(0.,0.,1.));
#7405=DIRECTION('',(-1.,0.,0.));
#7406=DIRECTION('',(0.,1.,0.));
#7407=DIRECTION('',(0.,0.,1.));
#7408=DIRECTION('',(0.,1.,0.));
#7409=DIRECTION('',(1.,0.,0.));
#7410=DIRECTION('',(0.,0.,-1.));
#7411=DIRECTION('',(0.,1.,0.));
#7412=DIRECTION('',(0.,1.,0.));
#7413=DIRECTION('',(-1.,0.,0.));
#7414=DIRECTION('',(0.,1.,0.));
#7415=DIRECTION('',(-1.,0.,0.));
#7416=DIRECTION('',(0.,1.,0.));
#7417=DIRECTION('',(0.,1.,0.));
#7418=DIRECTION('',(0.,0.,1.));
#7419=DIRECTION('',(0.,0.,-1.));
#7420=DIRECTION('',(0.,1.,0.));
#7421=DIRECTION('',(0.,1.,0.));
#7422=DIRECTION('',(-1.,0.,0.));
#7423=DIRECTION('',(-1.,0.,0.));
#7424=DIRECTION('',(0.,1.,0.));
#7425=DIRECTION('',(0.,1.,0.));
#7426=DIRECTION('',(0.,0.,1.));
#7427=DIRECTION('',(0.,0.,1.));
#7428=DIRECTION('',(0.,-1.,0.));
#7429=DIRECTION('',(0.,1.,0.));
#7430=DIRECTION('',(1.,0.,0.));
#7431=DIRECTION('',(-1.,0.,0.));
#7432=DIRECTION('',(0.,1.,0.));
#7433=DIRECTION('',(0.,1.,0.));
#7434=DIRECTION('',(0.,0.,1.));
#7435=DIRECTION('',(0.,0.,-1.));
#7436=DIRECTION('',(0.,1.,0.));
#7437=DIRECTION('',(0.,1.,0.));
#7438=DIRECTION('',(-1.,0.,0.));
#7439=DIRECTION('',(-1.,0.,0.));
#7440=DIRECTION('',(0.,1.,0.));
#7441=DIRECTION('',(0.,1.,0.));
#7442=DIRECTION('',(0.,0.,1.));
#7443=DIRECTION('',(0.,0.,1.));
#7444=DIRECTION('',(0.,-1.,0.));
#7445=DIRECTION('',(0.,1.,0.));
#7446=DIRECTION('',(1.,0.,0.));
#7447=DIRECTION('',(1.,0.,0.));
#7448=DIRECTION('',(0.,-1.,0.));
#7449=DIRECTION('',(0.,0.,-1.));
#7450=DIRECTION('',(0.,1.,0.));
#7451=DIRECTION('',(1.,0.,0.));
#7452=DIRECTION('',(0.,0.,-1.));
#7453=DIRECTION('',(0.,1.,0.));
#7454=DIRECTION('',(0.,1.,0.));
#7455=DIRECTION('',(-1.,0.,0.));
#7456=DIRECTION('',(0.,1.,0.));
#7457=DIRECTION('',(-1.,0.,0.));
#7458=DIRECTION('',(0.,1.,0.));
#7459=DIRECTION('',(0.,1.,0.));
#7460=DIRECTION('',(0.,0.,1.));
#7461=DIRECTION('',(0.,0.,1.));
#7462=DIRECTION('',(0.,-1.,0.));
#7463=DIRECTION('',(0.,1.,0.));
#7464=DIRECTION('',(1.,0.,0.));
#7465=DIRECTION('',(-1.,0.,0.));
#7466=DIRECTION('',(0.,1.,0.));
#7467=DIRECTION('',(0.,1.,0.));
#7468=DIRECTION('',(0.,0.,1.));
#7469=DIRECTION('',(0.,0.,-1.));
#7470=DIRECTION('',(0.,1.,0.));
#7471=DIRECTION('',(0.,1.,0.));
#7472=DIRECTION('',(-1.,0.,0.));
#7473=DIRECTION('',(-1.,0.,0.));
#7474=DIRECTION('',(0.,1.,0.));
#7475=DIRECTION('',(0.,1.,0.));
#7476=DIRECTION('',(0.,0.,1.));
#7477=DIRECTION('',(0.,0.,1.));
#7478=DIRECTION('',(0.,-1.,0.));
#7479=DIRECTION('',(0.,1.,0.));
#7480=DIRECTION('',(1.,0.,0.));
#7481=DIRECTION('',(-1.,0.,0.));
#7482=DIRECTION('',(0.,1.,0.));
#7483=DIRECTION('',(0.,1.,0.));
#7484=DIRECTION('',(0.,0.,1.));
#7485=DIRECTION('',(0.,0.,-1.));
#7486=DIRECTION('',(0.,1.,0.));
#7487=DIRECTION('',(0.,1.,0.));
#7488=DIRECTION('',(-1.,0.,0.));
#7489=DIRECTION('',(-1.,0.,0.));
#7490=DIRECTION('',(0.,1.,0.));
#7491=DIRECTION('',(0.,1.,0.));
#7492=DIRECTION('',(0.,0.,1.));
#7493=DIRECTION('',(0.,0.,1.));
#7494=DIRECTION('',(0.,-1.,0.));
#7495=DIRECTION('',(0.,1.,0.));
#7496=DIRECTION('',(1.,0.,0.));
#7497=DIRECTION('',(1.,0.,0.));
#7498=DIRECTION('',(0.,-1.,0.));
#7499=DIRECTION('',(0.,0.,-1.));
#7500=DIRECTION('',(0.,1.,0.));
#7501=DIRECTION('',(1.,0.,0.));
#7502=DIRECTION('',(0.,1.,0.));
#7503=DIRECTION('',(1.,0.,0.));
#7504=DIRECTION('',(0.,1.,0.));
#7505=DIRECTION('',(1.,0.,0.));
#7506=DIRECTION('',(0.,1.,0.));
#7507=DIRECTION('',(1.,0.,0.));
#7508=DIRECTION('',(0.,0.,1.));
#7509=DIRECTION('',(0.,-1.,0.));
#7510=DIRECTION('',(0.,1.,0.));
#7511=DIRECTION('',(0.,1.,0.));
#7512=DIRECTION('',(0.554700196225229,0.,-0.832050294337844));
#7513=DIRECTION('',(-0.832050294337844,0.,-0.554700196225229));
#7514=DIRECTION('',(0.,1.,0.));
#7515=DIRECTION('',(0.,1.,0.));
#7516=DIRECTION('',(0.554700196225229,0.,0.832050294337844));
#7517=DIRECTION('',(0.832050294337844,0.,-0.554700196225229));
#7518=DIRECTION('',(0.,1.,0.));
#7519=DIRECTION('',(0.,1.,0.));
#7520=DIRECTION('',(0.,0.,1.));
#7521=DIRECTION('',(0.,-1.,0.));
#7522=DIRECTION('',(-0.38268343236509,0.,0.923879532511287));
#7523=DIRECTION('',(-0.923879532511287,0.,-0.38268343236509));
#7524=DIRECTION('',(-1.,0.,0.));
#7525=DIRECTION('',(0.,1.,0.));
#7526=DIRECTION('',(-0.923879532511287,0.,0.38268343236509));
#7527=DIRECTION('',(0.38268343236509,0.,0.923879532511287));
#7528=DIRECTION('',(-0.707106781186548,0.,0.707106781186548));
#7529=DIRECTION('',(0.707106781186548,0.,0.707106781186548));
#7530=DIRECTION('',(-2.83220159343152E-16,0.,-1.));
#7531=DIRECTION('',(-1.,0.,2.83220159343152E-16));
#7532=DIRECTION('',(0.,0.,1.));
#7533=DIRECTION('',(0.,-1.,0.));
#7534=DIRECTION('',(1.,0.,0.));
#7535=DIRECTION('',(0.,-1.,0.));
#7536=DIRECTION('',(-1.,0.,-1.38777878078144E-14));
#7537=DIRECTION('',(-1.38777878078144E-14,0.,1.));
#7538=DIRECTION('',(-1.,0.,0.));
#7539=DIRECTION('',(0.,1.,0.));
#7540=DIRECTION('',(0.,-1.,0.));
#7541=DIRECTION('',(-1.,0.,0.));
#7542=DIRECTION('',(0.,1.,0.));
#7543=DIRECTION('',(1.,0.,0.));
#7544=DIRECTION('',(0.,-1.,0.));
#7545=DIRECTION('',(-1.,0.,0.));
#7546=DIRECTION('',(0.,1.,0.));
#7547=DIRECTION('',(1.,0.,0.));
#7548=DIRECTION('',(0.,-1.,0.));
#7549=DIRECTION('',(-1.,0.,0.));
#7550=DIRECTION('',(0.,-1.,0.));
#7551=DIRECTION('',(-1.,0.,0.));
#7552=DIRECTION('',(0.,1.,0.));
#7553=DIRECTION('',(1.,0.,0.));
#7554=DIRECTION('',(0.,-1.,0.));
#7555=DIRECTION('',(-1.,0.,0.));
#7556=DIRECTION('',(0.,1.,0.));
#7557=DIRECTION('',(1.,0.,0.));
#7558=DIRECTION('',(0.,1.,0.));
#7559=DIRECTION('',(1.,0.,0.));
#7560=DIRECTION('',(0.,1.,0.));
#7561=DIRECTION('',(1.,0.,0.));
#7562=DIRECTION('',(0.,1.,0.));
#7563=DIRECTION('',(1.,0.,0.));
#7564=DIRECTION('',(0.,-1.,0.));
#7565=DIRECTION('',(-1.,0.,0.));
#7566=DIRECTION('',(0.,1.,0.));
#7567=DIRECTION('',(1.,0.,0.));
#7568=DIRECTION('',(0.,-1.,0.));
#7569=DIRECTION('',(-1.,0.,0.));
#7570=DIRECTION('',(0.,1.,0.));
#7571=DIRECTION('',(1.,0.,0.));
#7572=DIRECTION('',(0.,-1.,0.));
#7573=DIRECTION('',(-1.,0.,0.));
#7574=DIRECTION('',(0.,1.,0.));
#7575=DIRECTION('',(1.,0.,0.));
#7576=DIRECTION('',(0.707106781186548,0.,-0.707106781186548));
#7577=DIRECTION('',(-0.707106781186548,0.,-0.707106781186548));
#7578=DIRECTION('',(1.,0.,0.));
#7579=DIRECTION('',(0.,-1.,0.));
#7580=DIRECTION('',(-1.,0.,0.));
#7581=DIRECTION('',(0.,1.,0.));
#7582=DIRECTION('',(0.,1.,0.));
#7583=DIRECTION('',(1.,0.,0.));
#7584=DIRECTION('',(0.,0.,1.));
#7585=DIRECTION('',(0.,-1.,0.));
#7586=DIRECTION('',(0.,0.,-1.));
#7587=DIRECTION('',(0.,1.,0.));
#7588=DIRECTION('',(0.,0.,1.));
#7589=DIRECTION('',(0.,-1.,0.));
#7590=DIRECTION('',(0.,1.,0.));
#7591=DIRECTION('',(1.,0.,0.));
#7592=DIRECTION('',(0.,1.,0.));
#7593=DIRECTION('',(1.,0.,0.));
#7594=DIRECTION('',(0.,0.,-1.));
#7595=DIRECTION('',(0.,1.,0.));
#7596=DIRECTION('',(0.,0.,1.));
#7597=DIRECTION('',(0.,-1.,0.));
#7598=DIRECTION('',(0.,0.,-1.));
#7599=DIRECTION('',(0.,1.,0.));
#7600=DIRECTION('',(0.,0.,1.));
#7601=DIRECTION('',(0.,-1.,0.));
#7602=DIRECTION('',(0.,1.,0.));
#7603=DIRECTION('',(1.,0.,0.));
#7604=DIRECTION('',(1.,0.,0.));
#7605=DIRECTION('',(0.,-1.,0.));
#7606=DIRECTION('',(-1.,0.,0.));
#7607=DIRECTION('',(0.,1.,0.));
#7608=DIRECTION('',(1.,0.,0.));
#7609=DIRECTION('',(0.,-1.,0.));
#7610=DIRECTION('',(0.,1.,0.));
#7611=DIRECTION('',(1.,0.,0.));
#7612=DIRECTION('',(0.,0.,-1.));
#7613=DIRECTION('',(0.,1.,0.));
#7614=DIRECTION('',(0.,0.,1.));
#7615=DIRECTION('',(0.,-1.,0.));
#7616=DIRECTION('',(0.,-8.67361737988403E-16,-1.));
#7617=DIRECTION('',(0.,1.,-8.67361737988403E-16));
#7618=DIRECTION('',(0.,1.,0.));
#7619=DIRECTION('',(1.,0.,0.));
#7620=DIRECTION('',(-1.,0.,0.));
#7621=DIRECTION('',(0.,1.,0.));
#7622=DIRECTION('',(1.,0.,0.));
#7623=DIRECTION('',(0.,-1.,0.));
#7624=DIRECTION('',(0.,-1.,0.));
#7625=DIRECTION('',(-1.,0.,0.));
#7626=DIRECTION('',(0.,-1.,0.));
#7627=DIRECTION('',(-1.,0.,0.));
#7628=DIRECTION('',(0.,1.,0.));
#7629=DIRECTION('',(1.,0.,0.));
#7630=DIRECTION('',(0.,1.,0.));
#7631=DIRECTION('',(1.,0.,0.));
#7632=DIRECTION('',(0.,-1.,0.));
#7633=DIRECTION('',(-1.,0.,0.));
#7634=DIRECTION('',(0.,1.,0.));
#7635=DIRECTION('',(1.,0.,0.));
#7636=DIRECTION('',(0.,0.,-1.));
#7637=DIRECTION('',(0.,0.,1.));
#7638=DIRECTION('',(-2.83220159343152E-16,0.,-1.));
#7639=DIRECTION('',(0.,1.,0.));
#7640=DIRECTION('',(1.,0.,0.));
#7641=DIRECTION('',(0.707106781186548,0.,-0.707106781186547));
#7642=DIRECTION('',(0.,-1.,0.));
#7643=DIRECTION('',(-1.,0.,0.));
#7644=DIRECTION('',(0.,0.,-1.));
#7645=DIRECTION('',(0.,0.,1.));
#7646=DIRECTION('',(0.,0.,1.));
#7647=DIRECTION('',(-0.751859704857273,0.659323125797916,0.));
#7648=DIRECTION('',(0.659323125797916,0.751859704857273,0.));
#7649=DIRECTION('',(-0.550448512790806,-0.627704444410568,0.550448512790805));
#7650=DIRECTION('',(-0.751859704857273,-0.659323125797916,0.));
#7651=DIRECTION('',(-0.659323125797916,0.751859704857273,0.));
#7652=DIRECTION('',(0.707106781186547,0.,0.707106781186548));
#7653=DIRECTION('',(0.,1.,0.));
#7654=DIRECTION('',(0.752443503475008,-0.658656795363302,0.));
#7655=DIRECTION('',(-0.658656795363302,-0.752443503475008,0.));
#7656=DIRECTION('',(0.,0.,1.));
#7657=DIRECTION('',(0.,0.,1.));
#7658=DIRECTION('',(0.,0.,-1.));
#7659=DIRECTION('',(-1.,0.,0.));
#7660=DIRECTION('',(0.,1.,0.));
#7661=DIRECTION('',(0.,0.,1.));
#7662=DIRECTION('',(0.,0.,1.));
#7663=DIRECTION('',(-1.,0.,0.));
#7664=DIRECTION('',(0.,1.,0.));
#7665=DIRECTION('',(0.,0.,1.));
#7666=DIRECTION('',(0.,0.,1.));
#7667=DIRECTION('',(0.752443503475008,0.658656795363303,0.));
#7668=DIRECTION('',(0.658656795363302,-0.752443503475008,0.));
#7669=DIRECTION('',(2.83220159343152E-16,-3.23548121648644E-16,1.));
#7670=DIRECTION('',(0.,0.,1.));
#7671=DIRECTION('',(0.,0.,-1.));
#7672=DIRECTION('',(0.,0.,-1.));
#7673=DIRECTION('',(0.,1.,0.));
#7674=DIRECTION('',(0.,0.,-1.));
#7675=DIRECTION('',(0.,1.,0.));
#7676=DIRECTION('',(-2.83220159343152E-16,3.23548121648644E-16,-1.));
#7677=DIRECTION('',(0.,1.,3.23548121648644E-16));
#7678=DIRECTION('',(0.,0.,-1.));
#7679=DIRECTION('',(0.,1.,0.));
#7680=DIRECTION('',(0.,0.,-1.));
#7681=DIRECTION('',(0.,1.,0.));
#7682=DIRECTION('',(0.,0.,-1.));
#7683=DIRECTION('',(0.,1.,0.));
#7684=DIRECTION('',(-2.83220159343152E-16,0.,-1.));
#7685=DIRECTION('',(-1.,0.,2.83220159343152E-16));
#7686=DIRECTION('',(0.,0.,1.));
#7687=DIRECTION('',(0.,-1.,0.));
#7688=DIRECTION('',(0.,0.,1.));
#7689=DIRECTION('',(0.,-1.,0.));
#7690=DIRECTION('',(0.,0.,1.));
#7691=DIRECTION('',(0.,-1.,0.));
#7692=CARTESIAN_POINT('',(0.,0.,0.));
#7693=CARTESIAN_POINT('',(0.1675,0.003,-0.049));
#7694=CARTESIAN_POINT('',(0.1675,0.,-0.096));
#7695=CARTESIAN_POINT('',(0.167500053053528,0.0295,-0.096));
#7696=CARTESIAN_POINT('',(0.167500053053528,0.0124819573216542,-0.096));
#7697=CARTESIAN_POINT('',(0.1675,0.0124820179295195,-0.007));
#7698=CARTESIAN_POINT('',(0.1675,0.0124820179295195,-0.007));
#7699=CARTESIAN_POINT('',(0.1675,0.0505,-0.007));
#7700=CARTESIAN_POINT('',(0.1675,0.0295,-0.007));
#7701=CARTESIAN_POINT('',(0.1675,0.0295,-0.049));
#7702=CARTESIAN_POINT('',(0.0395,0.003,-0.049));
#7703=CARTESIAN_POINT('',(0.0395,0.00227506049963694,-0.007));
#7704=CARTESIAN_POINT('',(0.0394999469464722,0.00455009074945541,-0.007));
#7705=CARTESIAN_POINT('',(0.0395,0.00450006060786529,-0.007));
#7706=CARTESIAN_POINT('',(0.0395,0.00227506049963694,-0.007));
#7707=CARTESIAN_POINT('',(0.0395,0.005,-0.007));
#7708=CARTESIAN_POINT('',(0.0395,0.005,-0.005));
#7709=CARTESIAN_POINT('',(0.0395,0.00450058176396564,-0.00693664179070791));
#7710=CARTESIAN_POINT('',(0.0395,0.005,-0.005));
#7711=CARTESIAN_POINT('',(0.0395,0.003,-0.005));
#7712=CARTESIAN_POINT('',(0.0395,0.003,-0.005));
#7713=CARTESIAN_POINT('',(0.0395,0.,-0.005));
#7714=CARTESIAN_POINT('',(0.0395,0.,-0.049));
#7715=CARTESIAN_POINT('',(0.0395,0.,-0.007));
#7716=CARTESIAN_POINT('',(0.0395,0.00227506049963694,-0.007));
#7717=CARTESIAN_POINT('',(0.17,0.0505,-0.007));
#7718=CARTESIAN_POINT('',(0.1675,0.00227506049963694,-0.007));
#7719=CARTESIAN_POINT('',(0.1675,0.00450006060786531,-0.007));
#7720=CARTESIAN_POINT('',(0.1675,-1.04083408558608E-17,-0.007));
#7721=CARTESIAN_POINT('',(0.1675,0.00227506049963694,-0.007));
#7722=CARTESIAN_POINT('',(0.167500053053528,0.00455009074945542,-0.007));
#7723=CARTESIAN_POINT('',(0.1675,0.00227506049963694,-0.007));
#7724=CARTESIAN_POINT('',(0.1675,0.005,-0.007));
#7725=CARTESIAN_POINT('',(0.1675,0.0505,-0.007));
#7726=CARTESIAN_POINT('',(0.1645,0.0124820179295195,-0.007));
#7727=CARTESIAN_POINT('',(0.162242669489575,0.0105060475434296,-0.007));
#7728=CARTESIAN_POINT('',(0.145786938782181,0.0293049239125451,-0.007));
#7729=CARTESIAN_POINT('',(0.147345857327165,0.0275240296139101,-0.007));
#7730=CARTESIAN_POINT('',(0.14960318783759,0.0295,-0.007));
#7731=CARTESIAN_POINT('',(0.14960318783759,0.0325,-0.007));
#7732=CARTESIAN_POINT('',(0.15399610581994,0.0325,-0.007));
#7733=CARTESIAN_POINT('',(0.1645,0.0325,-0.007));
#7734=CARTESIAN_POINT('',(0.1645,0.0295,-0.007));
#7735=CARTESIAN_POINT('',(0.1705,0.005,-0.007));
#7736=CARTESIAN_POINT('',(0.1705,0.005,-0.007));
#7737=CARTESIAN_POINT('',(0.1705,0.0505,-0.007));
#7738=CARTESIAN_POINT('',(0.1705,0.0545,-0.007));
#7739=CARTESIAN_POINT('',(0.166,0.0545,-0.007));
#7740=CARTESIAN_POINT('',(0.1615,0.0545,-0.007));
#7741=CARTESIAN_POINT('',(0.1615,0.0505,-0.007));
#7742=CARTESIAN_POINT('',(0.1615,0.0505,-0.007));
#7743=CARTESIAN_POINT('',(0.166,0.0505,-0.007));
#7744=CARTESIAN_POINT('',(0.1655,0.0505,-0.007));
#7745=CARTESIAN_POINT('',(0.1655,0.0485,-0.007));
#7746=CARTESIAN_POINT('',(0.1675,0.0485,-0.007));
#7747=CARTESIAN_POINT('',(0.1675,0.0505,-0.007));
#7748=CARTESIAN_POINT('',(0.1675,0.0355,-0.007));
#7749=CARTESIAN_POINT('',(0.154038641184569,0.0355,-0.007));
#7750=CARTESIAN_POINT('',(0.143,0.0355,-0.007));
#7751=CARTESIAN_POINT('',(0.143,0.0325,-0.007));
#7752=CARTESIAN_POINT('',(0.143,0.0279385964912281,-0.007));
#7753=CARTESIAN_POINT('',(0.15325,0.01625,-0.007));
#7754=CARTESIAN_POINT('',(0.15575,0.0505,-0.103));
#7755=CARTESIAN_POINT('',(0.15575,0.005,-0.103));
#7756=CARTESIAN_POINT('',(0.1705,0.005,-0.103));
#7757=CARTESIAN_POINT('',(0.141,0.005,-0.103));
#7758=CARTESIAN_POINT('',(0.141,0.0505,-0.103));
#7759=CARTESIAN_POINT('',(0.141,0.0545,-0.103));
#7760=CARTESIAN_POINT('',(0.15575,0.0545,-0.103));
#7761=CARTESIAN_POINT('',(0.1705,0.0545,-0.103));
#7762=CARTESIAN_POINT('',(0.1705,0.003,-0.103));
#7763=CARTESIAN_POINT('',(0.139604878751566,0.0363672527928888,-0.103));
#7764=CARTESIAN_POINT('',(0.162242775596631,0.010505926327699,-0.103));
#7765=CARTESIAN_POINT('',(0.147345857327165,0.0275240296139101,-0.103));
#7766=CARTESIAN_POINT('',(0.164500106107055,0.0124818967137889,-0.103));
#7767=CARTESIAN_POINT('',(0.167500106107055,0.0124818967137889,-0.103));
#7768=CARTESIAN_POINT('',(0.167500106107055,0.0505,-0.103));
#7769=CARTESIAN_POINT('',(0.167500106107055,0.0295,-0.103));
#7770=CARTESIAN_POINT('',(0.164500106107055,0.0295,-0.103));
#7771=CARTESIAN_POINT('',(0.164500106107055,0.0325,-0.103));
#7772=CARTESIAN_POINT('',(0.15575,0.0325,-0.103));
#7773=CARTESIAN_POINT('',(0.14960318783759,0.0325,-0.103));
#7774=CARTESIAN_POINT('',(0.14960318783759,0.0295,-0.103));
#7775=CARTESIAN_POINT('',(0.15575,0.005,-0.105));
#7776=CARTESIAN_POINT('',(0.141,0.005,-0.105));
#7777=CARTESIAN_POINT('',(0.141,0.003,-0.105));
#7778=CARTESIAN_POINT('',(0.1705,0.005,-0.105));
#7779=CARTESIAN_POINT('',(0.1705,0.003,-0.105));
#7780=CARTESIAN_POINT('',(0.1035,0.003,-0.105));
#7781=CARTESIAN_POINT('',(0.143,0.0505,-0.007));
#7782=CARTESIAN_POINT('',(0.143,0.0355,-0.007));
#7783=CARTESIAN_POINT('',(0.139,0.0355,-0.011));
#7784=CARTESIAN_POINT('',(0.139,0.0355,-0.011));
#7785=CARTESIAN_POINT('',(0.139,0.0325,-0.011));
#7786=CARTESIAN_POINT('',(0.150144921943486,0.0197908784854984,0.000144921943485947));
#7787=CARTESIAN_POINT('',(0.0535,0.003,-0.098));
#7788=CARTESIAN_POINT('',(0.05375,0.01625,-0.098));
#7789=CARTESIAN_POINT('',(0.0415,0.00228070175438597,-0.098));
#7790=CARTESIAN_POINT('',(0.068,0.0325,-0.098));
#7791=CARTESIAN_POINT('',(0.0415,0.003,-0.098));
#7792=CARTESIAN_POINT('',(0.0415,0.,-0.098));
#7793=CARTESIAN_POINT('',(0.0535,0.,-0.098));
#7794=CARTESIAN_POINT('',(0.1655,0.,-0.098));
#7795=CARTESIAN_POINT('',(0.1655,0.0505,-0.098));
#7796=CARTESIAN_POINT('',(0.1655,0.00228070175438599,-0.098));
#7797=CARTESIAN_POINT('',(0.15325,0.01625,-0.098));
#7798=CARTESIAN_POINT('',(0.139,0.0325,-0.098));
#7799=CARTESIAN_POINT('',(0.139,0.0505,-0.098));
#7800=CARTESIAN_POINT('',(0.139,0.005,-0.098));
#7801=CARTESIAN_POINT('',(0.137,0.005,-0.098));
#7802=CARTESIAN_POINT('',(0.137,0.003,-0.098));
#7803=CARTESIAN_POINT('',(0.0535,0.003,-0.098));
#7804=CARTESIAN_POINT('',(0.07,0.003,-0.098));
#7805=CARTESIAN_POINT('',(0.07,0.005,-0.098));
#7806=CARTESIAN_POINT('',(0.068,0.005,-0.098));
#7807=CARTESIAN_POINT('',(0.068,0.0505,-0.098));
#7808=CARTESIAN_POINT('',(0.1655,0.003,-0.096));
#7809=CARTESIAN_POINT('',(0.1655,0.,-0.096));
#7810=CARTESIAN_POINT('',(0.1675,-1.04083408558608E-17,-0.096));
#7811=CARTESIAN_POINT('',(0.1655,0.00228070175438599,-0.096));
#7812=CARTESIAN_POINT('',(0.0395,0.003,-0.049));
#7813=CARTESIAN_POINT('',(0.0395,0.0505,-0.007));
#7814=CARTESIAN_POINT('',(0.0395,0.0295,-0.007));
#7815=CARTESIAN_POINT('',(0.0395,0.0124820179295194,-0.007));
#7816=CARTESIAN_POINT('',(0.0395,0.0124820179295194,-0.103063508326896));
#7817=CARTESIAN_POINT('',(0.0394999469464722,0.0124819573216541,-0.096));
#7818=CARTESIAN_POINT('',(0.0395,0.003,-0.096));
#7819=CARTESIAN_POINT('',(0.0394999469464722,0.0295,-0.096));
#7820=CARTESIAN_POINT('',(0.0395,0.0295,-0.049));
#7821=CARTESIAN_POINT('',(0.0415,0.003,-0.096));
#7822=CARTESIAN_POINT('',(0.0415,0.00228070175438597,-0.096));
#7823=CARTESIAN_POINT('',(0.0395,0.,-0.096));
#7824=CARTESIAN_POINT('',(0.0415,0.,-0.096));
#7825=CARTESIAN_POINT('',(0.0535,0.003,-0.098));
#7826=CARTESIAN_POINT('',(0.0415,0.003,-0.098));
#7827=CARTESIAN_POINT('',(0.0415,0.038,-0.098));
#7828=CARTESIAN_POINT('',(0.0415,0.0355,-0.098));
#7829=CARTESIAN_POINT('',(0.0529613588154316,0.0355,-0.098));
#7830=CARTESIAN_POINT('',(0.068,0.0355,-0.098));
#7831=CARTESIAN_POINT('',(0.068,0.0505,-0.098));
#7832=CARTESIAN_POINT('',(0.068,0.0485,-0.098));
#7833=CARTESIAN_POINT('',(0.0535,0.0485,-0.098));
#7834=CARTESIAN_POINT('',(0.0465,0.0485,-0.098));
#7835=CARTESIAN_POINT('',(0.0465,0.003,-0.098));
#7836=CARTESIAN_POINT('',(0.0465,0.04,-0.098));
#7837=CARTESIAN_POINT('',(0.0436715728752539,0.04,-0.098));
#7838=CARTESIAN_POINT('',(0.0436715728752539,0.038,-0.098));
#7839=CARTESIAN_POINT('',(0.043,0.038,-0.098));
#7840=CARTESIAN_POINT('',(0.0395,0.003,-0.049));
#7841=CARTESIAN_POINT('',(0.0395,0.0505,-0.007));
#7842=CARTESIAN_POINT('',(0.0395,0.0485,-0.007));
#7843=CARTESIAN_POINT('',(0.0395,0.0355,-0.007));
#7844=CARTESIAN_POINT('',(0.0395,0.0355,-0.049));
#7845=CARTESIAN_POINT('',(0.0395,0.0355,-0.096));
#7846=CARTESIAN_POINT('',(0.0395,0.003,-0.096));
#7847=CARTESIAN_POINT('',(0.0395,0.038,-0.096));
#7848=CARTESIAN_POINT('',(0.0395,0.038,-0.0945));
#7849=CARTESIAN_POINT('',(0.0395,0.038,-0.0938284271247461));
#7850=CARTESIAN_POINT('',(0.0395,0.04,-0.0938284271247462));
#7851=CARTESIAN_POINT('',(0.0395,0.04,-0.091));
#7852=CARTESIAN_POINT('',(0.0395,0.003,-0.091));
#7853=CARTESIAN_POINT('',(0.0395,0.0485,-0.091));
#7854=CARTESIAN_POINT('',(0.0395,0.0485,-0.007));
#7855=CARTESIAN_POINT('',(0.1675,0.003,-0.049));
#7856=CARTESIAN_POINT('',(0.1675,0.,-0.096));
#7857=CARTESIAN_POINT('',(0.1675,0.0485,-0.096));
#7858=CARTESIAN_POINT('',(0.1675,0.0355,-0.096));
#7859=CARTESIAN_POINT('',(0.1675,0.0355,-0.049));
#7860=CARTESIAN_POINT('',(0.1675,0.0485,-0.049));
#7861=CARTESIAN_POINT('',(0.1675,0.003,-0.049));
#7862=CARTESIAN_POINT('',(0.1675,0.005,-0.005));
#7863=CARTESIAN_POINT('',(0.1675,0.0045005896702894,-0.00693664382956143));
#7864=CARTESIAN_POINT('',(0.1675,0.,-0.049));
#7865=CARTESIAN_POINT('',(0.1675,0.,-0.005));
#7866=CARTESIAN_POINT('',(0.1675,0.003,-0.005));
#7867=CARTESIAN_POINT('',(0.1675,0.003,-0.005));
#7868=CARTESIAN_POINT('',(0.1675,0.005,-0.005));
#7869=CARTESIAN_POINT('',(0.0415,0.003,-0.096));
#7870=CARTESIAN_POINT('',(0.0415,0.0355,-0.096));
#7871=CARTESIAN_POINT('',(0.0415,0.038,-0.096));
#7872=CARTESIAN_POINT('',(0.1655,0.003,-0.096));
#7873=CARTESIAN_POINT('',(0.1655,0.0355,-0.096));
#7874=CARTESIAN_POINT('',(0.1655,0.0355,-0.098));
#7875=CARTESIAN_POINT('',(0.1655,0.0485,-0.096));
#7876=CARTESIAN_POINT('',(0.1655,0.0485,-0.098));
#7877=CARTESIAN_POINT('',(0.1655,0.0505,-0.098));
#7878=CARTESIAN_POINT('',(0.034,0.003,-0.109));
#7879=CARTESIAN_POINT('',(0.034,0.,-0.109));
#7880=CARTESIAN_POINT('',(0.15902775637732,0.,-0.109));
#7881=CARTESIAN_POINT('',(0.197,0.,-0.109));
#7882=CARTESIAN_POINT('',(0.15902775637732,0.003,-0.109));
#7883=CARTESIAN_POINT('',(0.15902775637732,0.003,-0.109));
#7884=CARTESIAN_POINT('',(0.034,0.003,-0.109));
#7885=CARTESIAN_POINT('',(0.197,0.003,-0.109));
#7886=CARTESIAN_POINT('',(0.197,0.,-0.109));
#7887=CARTESIAN_POINT('',(0.1035,0.0545,-0.055));
#7888=CARTESIAN_POINT('',(0.0424844401041667,0.0545,-0.0625639431423609));
#7889=CARTESIAN_POINT('',(0.0431426649305556,0.0545,-0.0619360243055553));
#7890=CARTESIAN_POINT('',(0.0431426649305556,0.0545,-0.0608088541666664));
#7891=CARTESIAN_POINT('',(0.0424844401041667,0.0545,-0.0625639431423609));
#7892=CARTESIAN_POINT('',(0.0431426649305556,0.0545,-0.0608088541666664));
#7893=CARTESIAN_POINT('',(0.0431426649305556,0.0545,-0.0608088541666664));
#7894=CARTESIAN_POINT('',(0.0431426649305556,0.0545,-0.0596093749999998));
#7895=CARTESIAN_POINT('',(0.0424594509548612,0.0545,-0.0589713541666664));
#7896=CARTESIAN_POINT('',(0.0424594509548612,0.0545,-0.0589713541666664));
#7897=CARTESIAN_POINT('',(0.0424594509548612,0.0545,-0.0589713541666664));
#7898=CARTESIAN_POINT('',(0.0417762369791667,0.0545,-0.0583333333333331));
#7899=CARTESIAN_POINT('',(0.0404874348958333,0.0545,-0.0583333333333331));
#7900=CARTESIAN_POINT('',(0.0404874348958333,0.0545,-0.0583333333333331));
#7901=CARTESIAN_POINT('',(0.0397994357638889,0.0545,-0.0583333333333331));
#7902=CARTESIAN_POINT('',(0.0391114366319444,0.0545,-0.0583333333333331));
#7903=CARTESIAN_POINT('',(0.0391114366319444,0.0545,-0.0607625976562498));
#7904=CARTESIAN_POINT('',(0.0391114366319444,0.0545,-0.0631918619791665));
#7905=CARTESIAN_POINT('',(0.0398738715277778,0.0545,-0.0631918619791665));
#7906=CARTESIAN_POINT('',(0.0406363064236112,0.0545,-0.0631918619791665));
#7907=CARTESIAN_POINT('',(0.0406363064236112,0.0545,-0.0631918619791665));
#7908=CARTESIAN_POINT('',(0.0418262152777778,0.0545,-0.0631918619791665));
#7909=CARTESIAN_POINT('',(0.0424844401041667,0.0545,-0.0625639431423609));
#7910=CARTESIAN_POINT('',(0.0652587873587913,0.0545,-0.0949724146268664));
#7911=CARTESIAN_POINT('',(0.0652547739980772,0.0545,-0.0955655525045449));
#7912=CARTESIAN_POINT('',(0.0652628007195054,0.0545,-0.094379276749188));
#7913=CARTESIAN_POINT('',(0.062932564088134,0.0545,-0.0943635096223482));
#7914=CARTESIAN_POINT('',(0.0606023274567626,0.0545,-0.0943477424955084));
#7915=CARTESIAN_POINT('',(0.0605990101401576,0.0545,-0.0948380114423717));
#7916=CARTESIAN_POINT('',(0.0605956928235526,0.0545,-0.0953282803892351));
#7917=CARTESIAN_POINT('',(0.0614267846570453,0.0545,-0.0961795105552478));
#7918=CARTESIAN_POINT('',(0.062257876490538,0.0545,-0.0970307407212606));
#7919=CARTESIAN_POINT('',(0.062257876490538,0.0545,-0.0970307407212606));
#7920=CARTESIAN_POINT('',(0.0629968810251585,0.0545,-0.0977974437621273));
#7921=CARTESIAN_POINT('',(0.0632225164906787,0.0545,-0.0980929993995777));
#7922=CARTESIAN_POINT('',(0.0632225164906787,0.0545,-0.0980929993995777));
#7923=CARTESIAN_POINT('',(0.0632225164906787,0.0545,-0.0980929993995777));
#7924=CARTESIAN_POINT('',(0.0634481519561989,0.0545,-0.0983885550370282));
#7925=CARTESIAN_POINT('',(0.0635471340361915,0.0545,-0.0986402072802015));
#7926=CARTESIAN_POINT('',(0.0635471340361915,0.0545,-0.0986402072802015));
#7927=CARTESIAN_POINT('',(0.0622622498869456,0.0545,-0.0991495468897082));
#7928=CARTESIAN_POINT('',(0.0636442962727545,0.0545,-0.0991603401120047));
#7929=CARTESIAN_POINT('',(0.0636442994904242,0.0545,-0.0991603401371334));
#7930=CARTESIAN_POINT('',(0.0636415844247504,0.0545,-0.0995616019240007));
#7931=CARTESIAN_POINT('',(0.063418468177707,0.0545,-0.099756354725278));
#7932=CARTESIAN_POINT('',(0.063418468177707,0.0545,-0.099756354725278));
#7933=CARTESIAN_POINT('',(0.063418468177707,0.0545,-0.099756354725278));
#7934=CARTESIAN_POINT('',(0.0631953519306635,0.0545,-0.0999511075265552));
#7935=CARTESIAN_POINT('',(0.0628261910867456,0.0545,-0.0999486096661354));
#7936=CARTESIAN_POINT('',(0.0628261910867456,0.0545,-0.0999486096661354));
#7937=CARTESIAN_POINT('',(0.0628437342580495,0.0545,-0.0982551576414749));
#7938=CARTESIAN_POINT('',(0.0620759416968384,0.0545,-0.0997655107686089));
#7939=CARTESIAN_POINT('',(0.0620759416968384,0.0545,-0.0997655107686089));
#7940=CARTESIAN_POINT('',(0.0617123627560942,0.0545,-0.0995850282070953));
#7941=CARTESIAN_POINT('',(0.0613176997879076,0.0545,-0.0992540376619738));
#7942=CARTESIAN_POINT('',(0.0613176997879076,0.0545,-0.0992540376619738));
#7943=CARTESIAN_POINT('',(0.0609316066807178,0.0545,-0.0997052366109788));
#7944=CARTESIAN_POINT('',(0.0605455135735279,0.0545,-0.100156435559984));
#7945=CARTESIAN_POINT('',(0.0605455135735279,0.0545,-0.100156435559984));
#7946=CARTESIAN_POINT('',(0.0610343982399288,0.0545,-0.100579993275438));
#7947=CARTESIAN_POINT('',(0.0613571559904823,0.0545,-0.100755092425705));
#7948=CARTESIAN_POINT('',(0.0613571559904823,0.0545,-0.100755092425705));
#7949=CARTESIAN_POINT('',(0.0627782708998694,0.0545,-0.0981045915291591));
#7950=CARTESIAN_POINT('',(0.0620622454111296,0.0545,-0.101026422907409));
#7951=CARTESIAN_POINT('',(0.062899265471147,0.0545,-0.0974869830086482));
#7952=CARTESIAN_POINT('',(0.0629189137062395,0.0545,-0.101125352719759));
#7953=CARTESIAN_POINT('',(0.0629189137062395,0.0545,-0.101125352719759));
#7954=CARTESIAN_POINT('',(0.0635434229599821,0.0545,-0.101129578349244));
#7955=CARTESIAN_POINT('',(0.0640235590193915,0.0545,-0.100905191813934));
#7956=CARTESIAN_POINT('',(0.0640235590193915,0.0545,-0.100905191813934));
#7957=CARTESIAN_POINT('',(0.0640235590193915,0.0545,-0.100905191813934));
#7958=CARTESIAN_POINT('',(0.0645036950788009,0.0545,-0.100680805278624));
#7959=CARTESIAN_POINT('',(0.0647713070980866,0.0545,-0.100271851065593));
#7960=CARTESIAN_POINT('',(0.0647713070980866,0.0545,-0.100271851065593));
#7961=CARTESIAN_POINT('',(0.0647713070980866,0.0545,-0.100271851065593));
#7962=CARTESIAN_POINT('',(0.0650389191173724,0.0545,-0.0998628968525628));
#7963=CARTESIAN_POINT('',(0.0650424931310956,0.0545,-0.0993346904276683));
#7964=CARTESIAN_POINT('',(0.0650424931310956,0.0545,-0.0993346904276683));
#7965=CARTESIAN_POINT('',(0.0627438755770386,0.0545,-0.099300034169264));
#7966=CARTESIAN_POINT('',(0.0648863790149844,0.0545,-0.098469057769455));
#7967=CARTESIAN_POINT('',(0.0648863790149844,0.0545,-0.098469057769455));
#7968=CARTESIAN_POINT('',(0.0647271450415899,0.0545,-0.0980645113826964));
#7969=CARTESIAN_POINT('',(0.0643900349697285,0.0545,-0.0976383326212893));
#7970=CARTESIAN_POINT('',(0.0643900349697285,0.0545,-0.0976383326212893));
#7971=CARTESIAN_POINT('',(0.0643900349697285,0.0545,-0.0976383326212893));
#7972=CARTESIAN_POINT('',(0.0640529248978672,0.0545,-0.0972121538598823));
#7973=CARTESIAN_POINT('',(0.0632017250303812,0.0545,-0.0964213444603001));
#7974=CARTESIAN_POINT('',(0.0632017250303812,0.0545,-0.0964213444603001));
#7975=CARTESIAN_POINT('',(0.0627754695769986,0.0545,-0.0960149913207477));
#7976=CARTESIAN_POINT('',(0.062349214123616,0.0545,-0.0956086381811954));
#7977=CARTESIAN_POINT('',(0.0623494263923869,0.0545,-0.0955772668051312));
#7978=CARTESIAN_POINT('',(0.0623496386611577,0.0545,-0.0955458954290671));
#7979=CARTESIAN_POINT('',(0.0638022063296175,0.0545,-0.095555723966806));
#7980=CARTESIAN_POINT('',(0.0538808895257096,0.0545,-0.0976358068067458));
#7981=CARTESIAN_POINT('',(0.0538583347346855,0.0545,-0.100969197905286));
#7982=CARTESIAN_POINT('',(0.0539034443167338,0.0545,-0.0943024157082061));
#7983=CARTESIAN_POINT('',(0.0531986827056177,0.0545,-0.0942976470655864));
#7984=CARTESIAN_POINT('',(0.0524939210945016,0.0545,-0.0942928784229668));
#7985=CARTESIAN_POINT('',(0.0524808690333355,0.0545,-0.0962218532674708));
#7986=CARTESIAN_POINT('',(0.0524678169721695,0.0545,-0.0981508281119748));
#7987=CARTESIAN_POINT('',(0.0524729702073809,0.0545,-0.0984675095049879));
#7988=CARTESIAN_POINT('',(0.0524781234425923,0.0545,-0.0987841908980009));
#7989=CARTESIAN_POINT('',(0.052486722116425,0.0545,-0.0991308092157229));
#7990=CARTESIAN_POINT('',(0.0524953207902577,0.0545,-0.0994774275334449));
#7991=CARTESIAN_POINT('',(0.0524953207902577,0.0545,-0.0994774275334449));
#7992=CARTESIAN_POINT('',(0.052147498197216,0.0545,-0.0991248659166817));
#7993=CARTESIAN_POINT('',(0.0520110800952523,0.0545,-0.0990145028250876));
#7994=CARTESIAN_POINT('',(0.0520110800952523,0.0545,-0.0990145028250876));
#7995=CARTESIAN_POINT('',(0.0516301406763596,0.0545,-0.0987040339459299));
#7996=CARTESIAN_POINT('',(0.0512492012574668,0.0545,-0.0983935650667723));
#7997=CARTESIAN_POINT('',(0.0509063549923093,0.0545,-0.0988151430259831));
#7998=CARTESIAN_POINT('',(0.0505635087271518,0.0545,-0.0992367209851939));
#7999=CARTESIAN_POINT('',(0.0516316456240593,0.0545,-0.100099039877703));
#8000=CARTESIAN_POINT('',(0.0526997825209667,0.0545,-0.100961358770213));
#8001=CARTESIAN_POINT('',(0.0532790586278261,0.0545,-0.100965278337749));
#8002=CARTESIAN_POINT('',(0.0411617033120127,0.0545,-0.0700247511894662));
#8003=CARTESIAN_POINT('',(0.0417166286328436,0.0545,-0.0715630646363583));
#8004=CARTESIAN_POINT('',(0.0411754340277778,0.0545,-0.0716594618055554));
#8005=CARTESIAN_POINT('',(0.0411754340277778,0.0545,-0.0716594618055554));
#8006=CARTESIAN_POINT('',(0.0405937717013889,0.0545,-0.0716594618055554));
#8007=CARTESIAN_POINT('',(0.0402747612847223,0.0545,-0.0712224175347221));
#8008=CARTESIAN_POINT('',(0.0402747612847223,0.0545,-0.0712224175347221));
#8009=CARTESIAN_POINT('',(0.0402747612847223,0.0545,-0.0712224175347221));
#8010=CARTESIAN_POINT('',(0.0399557508680555,0.0545,-0.0707853732638887));
#8011=CARTESIAN_POINT('',(0.0399557508680555,0.0545,-0.070004861111111));
#8012=CARTESIAN_POINT('',(0.0399557508680555,0.0545,-0.070004861111111));
#8013=CARTESIAN_POINT('',(0.0399557508680555,0.0545,-0.070004861111111));
#8014=CARTESIAN_POINT('',(0.0399557508680555,0.0545,-0.0683800347222221));
#8015=CARTESIAN_POINT('',(0.0411754340277778,0.0545,-0.0683800347222221));
#8016=CARTESIAN_POINT('',(0.0411754340277778,0.0545,-0.0683800347222221));
#8017=CARTESIAN_POINT('',(0.0411754340277778,0.0545,-0.0683800347222221));
#8018=CARTESIAN_POINT('',(0.0416869140625,0.0545,-0.0683800347222221));
#8019=CARTESIAN_POINT('',(0.0424142578125001,0.0545,-0.0686352430555554));
#8020=CARTESIAN_POINT('',(0.0424142578125001,0.0545,-0.0686352430555554));
#8021=CARTESIAN_POINT('',(0.0424142578125001,0.0545,-0.0682035156249998));
#8022=CARTESIAN_POINT('',(0.0424142578125001,0.0545,-0.0677717881944443));
#8023=CARTESIAN_POINT('',(0.0424142578125001,0.0545,-0.0677717881944443));
#8024=CARTESIAN_POINT('',(0.0418166449652778,0.0545,-0.0675218967013887));
#8025=CARTESIAN_POINT('',(0.0410786675347223,0.0545,-0.0675218967013887));
#8026=CARTESIAN_POINT('',(0.0410786675347223,0.0545,-0.0675218967013887));
#8027=CARTESIAN_POINT('',(0.0410786675347223,0.0545,-0.0675218967013887));
#8028=CARTESIAN_POINT('',(0.0400184895833333,0.0545,-0.0675218967013887));
#8029=CARTESIAN_POINT('',(0.03945703125,0.0545,-0.0681652343749998));
#8030=CARTESIAN_POINT('',(0.03945703125,0.0545,-0.0681652343749998));
#8031=CARTESIAN_POINT('',(0.03945703125,0.0545,-0.0681652343749998));
#8032=CARTESIAN_POINT('',(0.0388955729166666,0.0545,-0.068808572048611));
#8033=CARTESIAN_POINT('',(0.0388955729166666,0.0545,-0.0700112413194443));
#8034=CARTESIAN_POINT('',(0.0388955729166666,0.0545,-0.0700112413194443));
#8035=CARTESIAN_POINT('',(0.0388955729166666,0.0545,-0.0700112413194443));
#8036=CARTESIAN_POINT('',(0.0388955729166666,0.0545,-0.0707694227430554));
#8037=CARTESIAN_POINT('',(0.0391715169270834,0.0545,-0.0713393880208332));
#8038=CARTESIAN_POINT('',(0.0391715169270834,0.0545,-0.0713393880208332));
#8039=CARTESIAN_POINT('',(0.0391715169270834,0.0545,-0.0713393880208332));
#8040=CARTESIAN_POINT('',(0.0394474609375,0.0545,-0.071909353298611));
#8041=CARTESIAN_POINT('',(0.0399642578125,0.0545,-0.0722129448784721));
#8042=CARTESIAN_POINT('',(0.0399642578125,0.0545,-0.0722129448784721));
#8043=CARTESIAN_POINT('',(0.0399642578125,0.0545,-0.0722129448784721));
#8044=CARTESIAN_POINT('',(0.0404810546875,0.0545,-0.0725165364583332));
#8045=CARTESIAN_POINT('',(0.0411754340277778,0.0545,-0.0725165364583332));
#8046=CARTESIAN_POINT('',(0.0411754340277778,0.0545,-0.0725165364583332));
#8047=CARTESIAN_POINT('',(0.0411754340277778,0.0545,-0.0725165364583332));
#8048=CARTESIAN_POINT('',(0.0418825737847223,0.0545,-0.0725165364583332));
#8049=CARTESIAN_POINT('',(0.0425971571180556,0.0545,-0.0721751953124999));
#8050=CARTESIAN_POINT('',(0.0425971571180556,0.0545,-0.0721751953124999));
#8051=CARTESIAN_POINT('',(0.042431271701389,0.0545,-0.071756228298611));
#8052=CARTESIAN_POINT('',(0.0422653680132258,0.0545,-0.0713372151374106));
#8053=CARTESIAN_POINT('',(0.0398821750748284,0.0545,-0.0663318320252235));
#8054=CARTESIAN_POINT('',(0.05775,0.0545,-0.093));
#8055=CARTESIAN_POINT('',(0.066,0.0545,-0.093));
#8056=CARTESIAN_POINT('',(0.0495,0.0545,-0.093));
#8057=CARTESIAN_POINT('',(0.066,0.0545,-0.095));
#8058=CARTESIAN_POINT('',(0.068,0.0545,-0.095));
#8059=CARTESIAN_POINT('',(0.068,0.0545,-0.1005));
#8060=CARTESIAN_POINT('',(0.068,0.0545,-0.101));
#8061=CARTESIAN_POINT('',(0.066,0.0545,-0.101));
#8062=CARTESIAN_POINT('',(0.066,0.0545,-0.103));
#8063=CARTESIAN_POINT('',(0.05125,0.0545,-0.103));
#8064=CARTESIAN_POINT('',(0.0365,0.0545,-0.103));
#8065=CARTESIAN_POINT('',(0.0365,0.0545,-0.101));
#8066=CARTESIAN_POINT('',(0.0345,0.0545,-0.101));
#8067=CARTESIAN_POINT('',(0.0345,0.0545,-0.02925));
#8068=CARTESIAN_POINT('',(0.0345,0.0545,-0.009));
#8069=CARTESIAN_POINT('',(0.0365,0.0545,-0.009));
#8070=CARTESIAN_POINT('',(0.0365,0.0545,-0.007));
#8071=CARTESIAN_POINT('',(0.037,0.0545,-0.007));
#8072=CARTESIAN_POINT('',(0.0455,0.0545,-0.007));
#8073=CARTESIAN_POINT('',(0.0455,0.0545,-0.009));
#8074=CARTESIAN_POINT('',(0.0475,0.0545,-0.009));
#8075=CARTESIAN_POINT('',(0.0475,0.0545,-0.05));
#8076=CARTESIAN_POINT('',(0.0475,0.0545,-0.091));
#8077=CARTESIAN_POINT('',(0.0495,0.0545,-0.091));
#8078=CARTESIAN_POINT('',(0.0426407552083333,0.0545,-0.0861));
#8079=CARTESIAN_POINT('',(0.0431958333333333,0.0545,-0.0861));
#8080=CARTESIAN_POINT('',(0.0420856770833333,0.0545,-0.0861));
#8081=CARTESIAN_POINT('',(0.0419096896701389,0.0545,-0.0866784722222222));
#8082=CARTESIAN_POINT('',(0.0417337022569444,0.0545,-0.0872569444444444));
#8083=CARTESIAN_POINT('',(0.0408479166666667,0.0545,-0.0872569444444444));
#8084=CARTESIAN_POINT('',(0.0399621310763889,0.0545,-0.0872569444444444));
#8085=CARTESIAN_POINT('',(0.0397861436631944,0.0545,-0.0866784722222222));
#8086=CARTESIAN_POINT('',(0.03961015625,0.0545,-0.0861));
#8087=CARTESIAN_POINT('',(0.039055078125,0.0545,-0.0861));
#8088=CARTESIAN_POINT('',(0.0385,0.0545,-0.0861));
#8089=CARTESIAN_POINT('',(0.0393576063368056,0.0545,-0.0885393663194445));
#8090=CARTESIAN_POINT('',(0.0402152126736112,0.0545,-0.0909787326388889));
#8091=CARTESIAN_POINT('',(0.0408447265625,0.0545,-0.0909787326388889));
#8092=CARTESIAN_POINT('',(0.0414742404513889,0.0545,-0.0909787326388889));
#8093=CARTESIAN_POINT('',(0.0423350368923612,0.0545,-0.0885393663194445));
#8094=CARTESIAN_POINT('',(0.0391114366319444,0.0545,-0.079273708767361));
#8095=CARTESIAN_POINT('',(0.0391114366319444,0.0545,-0.0768444444444443));
#8096=CARTESIAN_POINT('',(0.0391114366319444,0.0545,-0.0817029730902777));
#8097=CARTESIAN_POINT('',(0.0398674913194445,0.0545,-0.0817029730902777));
#8098=CARTESIAN_POINT('',(0.0406235460069445,0.0545,-0.0817029730902777));
#8099=CARTESIAN_POINT('',(0.0406235460069445,0.0545,-0.0817029730902777));
#8100=CARTESIAN_POINT('',(0.0416571397569444,0.0545,-0.0817029730902777));
#8101=CARTESIAN_POINT('',(0.0421239583333334,0.0545,-0.0814089518229166));
#8102=CARTESIAN_POINT('',(0.0421239583333334,0.0545,-0.0814089518229166));
#8103=CARTESIAN_POINT('',(0.0421239583333334,0.0545,-0.0814089518229166));
#8104=CARTESIAN_POINT('',(0.0425907769097223,0.0545,-0.0811149305555555));
#8105=CARTESIAN_POINT('',(0.0425907769097223,0.0545,-0.0804737196180555));
#8106=CARTESIAN_POINT('',(0.0425907769097223,0.0545,-0.0804737196180555));
#8107=CARTESIAN_POINT('',(0.0425907769097223,0.0545,-0.0804737196180555));
#8108=CARTESIAN_POINT('',(0.0425907769097223,0.0545,-0.0800377387152777));
#8109=CARTESIAN_POINT('',(0.0423866102430556,0.0545,-0.0797586046006944));
#8110=CARTESIAN_POINT('',(0.0423866102430556,0.0545,-0.0797586046006944));
#8111=CARTESIAN_POINT('',(0.041721641519858,0.0545,-0.0802274887002039));
#8112=CARTESIAN_POINT('',(0.0418432291666667,0.0545,-0.0794234658269369));
#8113=CARTESIAN_POINT('',(0.0418432291666667,0.0545,-0.0794066297743055));
#8114=CARTESIAN_POINT('',(0.0418432291666667,0.0545,-0.0793901475694444));
#8115=CARTESIAN_POINT('',(0.0418432291666667,0.0545,-0.0793901475694444));
#8116=CARTESIAN_POINT('',(0.0423047309027778,0.0545,-0.0792870008680555));
#8117=CARTESIAN_POINT('',(0.0425094292534722,0.0545,-0.0790046766493055));
#8118=CARTESIAN_POINT('',(0.0425094292534722,0.0545,-0.0790046766493055));
#8119=CARTESIAN_POINT('',(0.0425094292534722,0.0545,-0.0790046766493055));
#8120=CARTESIAN_POINT('',(0.0427141276041667,0.0545,-0.0787223524305555));
#8121=CARTESIAN_POINT('',(0.0427141276041667,0.0545,-0.0782534071180555));
#8122=CARTESIAN_POINT('',(0.0427141276041667,0.0545,-0.0782534071180555));
#8123=CARTESIAN_POINT('',(0.0427141276041667,0.0545,-0.0782534071180555));
#8124=CARTESIAN_POINT('',(0.0427141276041667,0.0545,-0.0775888020833332));
#8125=CARTESIAN_POINT('',(0.0422334852430556,0.0545,-0.0772166232638888));
#8126=CARTESIAN_POINT('',(0.0422334852430556,0.0545,-0.0772166232638888));
#8127=CARTESIAN_POINT('',(0.0422334852430556,0.0545,-0.0772166232638888));
#8128=CARTESIAN_POINT('',(0.0417528428819445,0.0545,-0.0768444444444443));
#8129=CARTESIAN_POINT('',(0.0409287326388889,0.0545,-0.0768444444444443));
#8130=CARTESIAN_POINT('',(0.0409287326388889,0.0545,-0.0768444444444443));
#8131=CARTESIAN_POINT('',(0.0400200846354167,0.0545,-0.0768444444444443));
#8132=CARTESIAN_POINT('',(0.0430926866319445,0.0545,-0.0237403754340272));
#8133=CARTESIAN_POINT('',(0.0430926866319445,0.0545,-0.0261696397569439));
#8134=CARTESIAN_POINT('',(0.0430926866319445,0.0545,-0.0213111111111105));
#8135=CARTESIAN_POINT('',(0.0425790798611112,0.0545,-0.0213111111111105));
#8136=CARTESIAN_POINT('',(0.0420654730902778,0.0545,-0.0213111111111105));
#8137=CARTESIAN_POINT('',(0.0420654730902778,0.0545,-0.0223595920138883));
#8138=CARTESIAN_POINT('',(0.0420654730902778,0.0545,-0.0234080729166661));
#8139=CARTESIAN_POINT('',(0.0411036566840278,0.0545,-0.0234080729166661));
#8140=CARTESIAN_POINT('',(0.0401418402777778,0.0545,-0.0234080729166661));
#8141=CARTESIAN_POINT('',(0.0401418402777778,0.0545,-0.0223595920138883));
#8142=CARTESIAN_POINT('',(0.0401418402777778,0.0545,-0.0213111111111105));
#8143=CARTESIAN_POINT('',(0.0396266384548611,0.0545,-0.0213111111111105));
#8144=CARTESIAN_POINT('',(0.0391114366319444,0.0545,-0.0213111111111105));
#8145=CARTESIAN_POINT('',(0.0391114366319444,0.0545,-0.0237403754340272));
#8146=CARTESIAN_POINT('',(0.0391114366319444,0.0545,-0.0261696397569439));
#8147=CARTESIAN_POINT('',(0.0396266384548611,0.0545,-0.0261696397569439));
#8148=CARTESIAN_POINT('',(0.0401418402777778,0.0545,-0.0261696397569439));
#8149=CARTESIAN_POINT('',(0.0401418402777778,0.0545,-0.0252173936631939));
#8150=CARTESIAN_POINT('',(0.0401418402777778,0.0545,-0.0242651475694439));
#8151=CARTESIAN_POINT('',(0.0411036566840278,0.0545,-0.0242651475694439));
#8152=CARTESIAN_POINT('',(0.0420654730902778,0.0545,-0.0242651475694439));
#8153=CARTESIAN_POINT('',(0.0420654730902778,0.0545,-0.0252173936631939));
#8154=CARTESIAN_POINT('',(0.0420654730902778,0.0545,-0.0261696397569439));
#8155=CARTESIAN_POINT('',(0.0425790798611112,0.0545,-0.0261696397569439));
#8156=CARTESIAN_POINT('',(0.0409553168402778,0.0545,-0.0328662000868051));
#8157=CARTESIAN_POINT('',(0.0409553168402778,0.0545,-0.0324371310763884));
#8158=CARTESIAN_POINT('',(0.0409553168402778,0.0545,-0.0332952690972218));
#8159=CARTESIAN_POINT('',(0.0419192599826389,0.0545,-0.0332952690972218));
#8160=CARTESIAN_POINT('',(0.0428832031250001,0.0545,-0.0332952690972218));
#8161=CARTESIAN_POINT('',(0.0428832031250001,0.0545,-0.0320357096354162));
#8162=CARTESIAN_POINT('',(0.0428832031250001,0.0545,-0.030776698145094));
#8163=CARTESIAN_POINT('',(0.0411490784087366,0.0545,-0.035953828198768));
#8164=CARTESIAN_POINT('',(0.0420006495357653,0.0545,-0.0305610811141234));
#8165=CARTESIAN_POINT('',(0.0411636082211777,0.0545,-0.0362252007324855));
#8166=CARTESIAN_POINT('',(0.0411552300347223,0.0545,-0.0304996744791661));
#8167=CARTESIAN_POINT('',(0.0411552300347223,0.0545,-0.0304996744791661));
#8168=CARTESIAN_POINT('',(0.0400557074652778,0.0545,-0.0304996744791661));
#8169=CARTESIAN_POINT('',(0.0394756401909723,0.0545,-0.031146202256944));
#8170=CARTESIAN_POINT('',(0.0394756401909723,0.0545,-0.031146202256944));
#8171=CARTESIAN_POINT('',(0.0394756401909723,0.0545,-0.031146202256944));
#8172=CARTESIAN_POINT('',(0.0388955729166666,0.0545,-0.0317927300347218));
#8173=CARTESIAN_POINT('',(0.0388955729166666,0.0545,-0.033002842881944));
#8174=CARTESIAN_POINT('',(0.0388955729166666,0.0545,-0.033002842881944));
#8175=CARTESIAN_POINT('',(0.0388955729166666,0.0545,-0.033002842881944));
#8176=CARTESIAN_POINT('',(0.0388955729166666,0.0545,-0.0341789279513884));
#8177=CARTESIAN_POINT('',(0.0395686848958333,0.0545,-0.0348366210937495));
#8178=CARTESIAN_POINT('',(0.0395686848958333,0.0545,-0.0348366210937495));
#8179=CARTESIAN_POINT('',(0.0395686848958333,0.0545,-0.0348366210937495));
#8180=CARTESIAN_POINT('',(0.040241796875,0.0545,-0.0354943142361107));
#8181=CARTESIAN_POINT('',(0.0414338324652778,0.0545,-0.0354943142361107));
#8182=CARTESIAN_POINT('',(0.0414338324652977,0.0545,-0.0354943142173937));
#8183=CARTESIAN_POINT('',(0.0414376796206536,0.0545,-0.0318823871724809));
#8184=CARTESIAN_POINT('',(0.0428767235768076,0.0545,-0.0351952687181182));
#8185=CARTESIAN_POINT('',(0.0427056206597222,0.0545,-0.0347834526909718));
#8186=CARTESIAN_POINT('',(0.0425344184027778,0.0545,-0.034371397569444));
#8187=CARTESIAN_POINT('',(0.041424370494332,0.0545,-0.0321939290233654));
#8188=CARTESIAN_POINT('',(0.0414274522569444,0.0545,-0.0346372395833328));
#8189=CARTESIAN_POINT('',(0.0414274522569444,0.0545,-0.0346372395833328));
#8190=CARTESIAN_POINT('',(0.0407596571180556,0.0545,-0.0346372395833328));
#8191=CARTESIAN_POINT('',(0.0403577039930555,0.0545,-0.0341884982638885));
#8192=CARTESIAN_POINT('',(0.0403577039930555,0.0545,-0.0341884982638885));
#8193=CARTESIAN_POINT('',(0.0403577039930555,0.0545,-0.0341884982638885));
#8194=CARTESIAN_POINT('',(0.0399557508680555,0.0545,-0.0337397569444439));
#8195=CARTESIAN_POINT('',(0.0399557508680555,0.0545,-0.0329826388888884));
#8196=CARTESIAN_POINT('',(0.0399557508680555,0.0545,-0.0329826388888884));
#8197=CARTESIAN_POINT('',(0.0399557508680555,0.0545,-0.0329826388888884));
#8198=CARTESIAN_POINT('',(0.0399557508680555,0.0545,-0.032191493055555));
#8199=CARTESIAN_POINT('',(0.0402795464409723,0.0545,-0.0317746527777773));
#8200=CARTESIAN_POINT('',(0.0402795464409723,0.0545,-0.0317746527777773));
#8201=CARTESIAN_POINT('',(0.0402795464409723,0.0545,-0.0317746527777773));
#8202=CARTESIAN_POINT('',(0.0406033420138889,0.0545,-0.0313578124999995));
#8203=CARTESIAN_POINT('',(0.0412211588541667,0.0545,-0.0313578124999995));
#8204=CARTESIAN_POINT('',(0.0412211588541667,0.0545,-0.0313578124999995));
#8205=CARTESIAN_POINT('',(0.0412130446789554,0.0545,-0.0347126850235609));
#8206=CARTESIAN_POINT('',(0.0418761935763889,0.0545,-0.0314238744853283));
#8207=CARTESIAN_POINT('',(0.0418761935763889,0.0545,-0.0319304361979162));
#8208=CARTESIAN_POINT('',(0.0418761935763889,0.0545,-0.0324371310763884));
#8209=CARTESIAN_POINT('',(0.0414157552083333,0.0545,-0.0324371310763884));
#8210=CARTESIAN_POINT('',(0.0401248263888889,0.0545,-0.0407824435763885));
#8211=CARTESIAN_POINT('',(0.0401248263888889,0.0545,-0.0417426649305551));
#8212=CARTESIAN_POINT('',(0.0401248263888889,0.0545,-0.0398222222222218));
#8213=CARTESIAN_POINT('',(0.0396181315104167,0.0545,-0.0398222222222218));
#8214=CARTESIAN_POINT('',(0.0391114366319444,0.0545,-0.0398222222222218));
#8215=CARTESIAN_POINT('',(0.0391114366319444,0.0545,-0.0422514865451385));
#8216=CARTESIAN_POINT('',(0.0391114366319444,0.0545,-0.0446807508680552));
#8217=CARTESIAN_POINT('',(0.0405039171006945,0.0545,-0.0446807508680552));
#8218=CARTESIAN_POINT('',(0.0418963975694445,0.0545,-0.0446807508680552));
#8219=CARTESIAN_POINT('',(0.0418963975694445,0.0545,-0.0442585937499996));
#8220=CARTESIAN_POINT('',(0.0418963975694445,0.0545,-0.0438364366319441));
#8221=CARTESIAN_POINT('',(0.0410106119791667,0.0545,-0.0438364366319441));
#8222=CARTESIAN_POINT('',(0.0401248263888889,0.0545,-0.0438364366319441));
#8223=CARTESIAN_POINT('',(0.0401248263888889,0.0545,-0.0432101128472219));
#8224=CARTESIAN_POINT('',(0.0401248263888889,0.0545,-0.0425837890624996));
#8225=CARTESIAN_POINT('',(0.0409489366319444,0.0545,-0.0425837890624996));
#8226=CARTESIAN_POINT('',(0.041773046875,0.0545,-0.0425837890624996));
#8227=CARTESIAN_POINT('',(0.041773046875,0.0545,-0.0421632269965274));
#8228=CARTESIAN_POINT('',(0.041773046875,0.0545,-0.0417426649305551));
#8229=CARTESIAN_POINT('',(0.0409489366319444,0.0545,-0.0417426649305551));
#8230=CARTESIAN_POINT('',(0.0419091579861112,0.0545,-0.0495031249999997));
#8231=CARTESIAN_POINT('',(0.0419091579861112,0.0545,-0.0499284722222219));
#8232=CARTESIAN_POINT('',(0.0419091579861112,0.0545,-0.0490777777777774));
#8233=CARTESIAN_POINT('',(0.0405102973090278,0.0545,-0.0490777777777774));
#8234=CARTESIAN_POINT('',(0.0391114366319444,0.0545,-0.0490777777777774));
#8235=CARTESIAN_POINT('',(0.0391114366319444,0.0545,-0.0515070421006941));
#8236=CARTESIAN_POINT('',(0.0391114366319444,0.0545,-0.0539363064236108));
#8237=CARTESIAN_POINT('',(0.0405102973090278,0.0545,-0.0539363064236108));
#8238=CARTESIAN_POINT('',(0.0419091579861112,0.0545,-0.0539363064236108));
#8239=CARTESIAN_POINT('',(0.0419091579861112,0.0545,-0.0535141493055553));
#8240=CARTESIAN_POINT('',(0.0419091579861112,0.0545,-0.0530919921874997));
#8241=CARTESIAN_POINT('',(0.0410254991319444,0.0545,-0.0530919921874997));
#8242=CARTESIAN_POINT('',(0.0401418402777778,0.0545,-0.0530919921874997));
#8243=CARTESIAN_POINT('',(0.0401418402777778,0.0545,-0.0525587131076386));
#8244=CARTESIAN_POINT('',(0.0401418402777778,0.0545,-0.0520254340277775));
#8245=CARTESIAN_POINT('',(0.04096435546875,0.0545,-0.0520254340277775));
#8246=CARTESIAN_POINT('',(0.0417868706597222,0.0545,-0.0520254340277775));
#8247=CARTESIAN_POINT('',(0.0417868706597222,0.0545,-0.0516032769097219));
#8248=CARTESIAN_POINT('',(0.0417868706597222,0.0545,-0.0511811197916664));
#8249=CARTESIAN_POINT('',(0.04096435546875,0.0545,-0.0511811197916664));
#8250=CARTESIAN_POINT('',(0.0401418402777778,0.0545,-0.0511811197916664));
#8251=CARTESIAN_POINT('',(0.0401418402777778,0.0545,-0.0505547960069441));
#8252=CARTESIAN_POINT('',(0.0401418402777778,0.0545,-0.0499284722222219));
#8253=CARTESIAN_POINT('',(0.0410254991319444,0.0545,-0.0499284722222219));
#8254=CARTESIAN_POINT('',(0.1035,0.0545,-0.055));
#8255=CARTESIAN_POINT('',(0.141,0.0545,-0.101));
#8256=CARTESIAN_POINT('',(0.139,0.0545,-0.101));
#8257=CARTESIAN_POINT('',(0.139,0.0545,-0.098));
#8258=CARTESIAN_POINT('',(0.139,0.0545,-0.095));
#8259=CARTESIAN_POINT('',(0.141,0.0545,-0.095));
#8260=CARTESIAN_POINT('',(0.141,0.0545,-0.093));
#8261=CARTESIAN_POINT('',(0.14925,0.0545,-0.093));
#8262=CARTESIAN_POINT('',(0.1575,0.0545,-0.093));
#8263=CARTESIAN_POINT('',(0.1575,0.0545,-0.091));
#8264=CARTESIAN_POINT('',(0.1595,0.0545,-0.091));
#8265=CARTESIAN_POINT('',(0.1595,0.0545,-0.05));
#8266=CARTESIAN_POINT('',(0.1595,0.0545,-0.009));
#8267=CARTESIAN_POINT('',(0.1615,0.0545,-0.009));
#8268=CARTESIAN_POINT('',(0.1705,0.0545,-0.009));
#8269=CARTESIAN_POINT('',(0.1725,0.0545,-0.009));
#8270=CARTESIAN_POINT('',(0.1725,0.0545,-0.055));
#8271=CARTESIAN_POINT('',(0.1725,0.0545,-0.101));
#8272=CARTESIAN_POINT('',(0.1705,0.0545,-0.101));
#8273=CARTESIAN_POINT('',(0.157862712098919,0.0545,-0.0955990024195337));
#8274=CARTESIAN_POINT('',(0.157858698738205,0.0545,-0.0961921402972122));
#8275=CARTESIAN_POINT('',(0.157866725459633,0.0545,-0.0950058645418553));
#8276=CARTESIAN_POINT('',(0.155536488828263,0.0545,-0.0949900974150154));
#8277=CARTESIAN_POINT('',(0.153206252196891,0.0545,-0.0949743302881756));
#8278=CARTESIAN_POINT('',(0.153202934880286,0.0545,-0.095464599235039));
#8279=CARTESIAN_POINT('',(0.153199617563681,0.0545,-0.0959548681819024));
#8280=CARTESIAN_POINT('',(0.154030709397174,0.0545,-0.0968060983479151));
#8281=CARTESIAN_POINT('',(0.154861801230667,0.0545,-0.0976573285139278));
#8282=CARTESIAN_POINT('',(0.154861801230667,0.0545,-0.0976573285139278));
#8283=CARTESIAN_POINT('',(0.155600805765287,0.0545,-0.0984240315547946));
#8284=CARTESIAN_POINT('',(0.155826441230807,0.0545,-0.098719587192245));
#8285=CARTESIAN_POINT('',(0.155826441230807,0.0545,-0.098719587192245));
#8286=CARTESIAN_POINT('',(0.155826441230807,0.0545,-0.098719587192245));
#8287=CARTESIAN_POINT('',(0.156052076696327,0.0545,-0.0990151428296955));
#8288=CARTESIAN_POINT('',(0.15615105877632,0.0545,-0.0992667950728688));
#8289=CARTESIAN_POINT('',(0.15615105877632,0.0545,-0.0992667950728688));
#8290=CARTESIAN_POINT('',(0.154866174627073,0.0545,-0.0997761346823751));
#8291=CARTESIAN_POINT('',(0.156248221012883,0.0545,-0.0997869279046719));
#8292=CARTESIAN_POINT('',(0.156248224230553,0.0545,-0.0997869279298006));
#8293=CARTESIAN_POINT('',(0.156245509164879,0.0545,-0.100188189716668));
#8294=CARTESIAN_POINT('',(0.156022392917836,0.0545,-0.100382942517945));
#8295=CARTESIAN_POINT('',(0.156022392917836,0.0545,-0.100382942517945));
#8296=CARTESIAN_POINT('',(0.156022392917836,0.0545,-0.100382942517945));
#8297=CARTESIAN_POINT('',(0.155799276670792,0.0545,-0.100577695319222));
#8298=CARTESIAN_POINT('',(0.155430115826874,0.0545,-0.100575197458803));
#8299=CARTESIAN_POINT('',(0.155430115826874,0.0545,-0.100575197458803));
#8300=CARTESIAN_POINT('',(0.155447658998177,0.0545,-0.0988817454341435));
#8301=CARTESIAN_POINT('',(0.154679866436967,0.0545,-0.100392098561276));
#8302=CARTESIAN_POINT('',(0.154679866436967,0.0545,-0.100392098561276));
#8303=CARTESIAN_POINT('',(0.154316287496223,0.0545,-0.100211615999762));
#8304=CARTESIAN_POINT('',(0.153921624528036,0.0545,-0.0998806254546411));
#8305=CARTESIAN_POINT('',(0.153921624528036,0.0545,-0.0998806254546411));
#8306=CARTESIAN_POINT('',(0.153535531420846,0.0545,-0.100331824403646));
#8307=CARTESIAN_POINT('',(0.153149438313656,0.0545,-0.100783023352651));
#8308=CARTESIAN_POINT('',(0.153149438313656,0.0545,-0.100783023352651));
#8309=CARTESIAN_POINT('',(0.153638322980057,0.0545,-0.101206581068105));
#8310=CARTESIAN_POINT('',(0.15396108073061,0.0545,-0.101381680218372));
#8311=CARTESIAN_POINT('',(0.15396108073061,0.0545,-0.101381680218372));
#8312=CARTESIAN_POINT('',(0.155382195639993,0.0545,-0.0987311793218369));
#8313=CARTESIAN_POINT('',(0.154666170151258,0.0545,-0.101653010700076));
#8314=CARTESIAN_POINT('',(0.155503190211275,0.0545,-0.0981135708013144));
#8315=CARTESIAN_POINT('',(0.155522838446368,0.0545,-0.101751940512426));
#8316=CARTESIAN_POINT('',(0.155522838446368,0.0545,-0.101751940512426));
#8317=CARTESIAN_POINT('',(0.15614734770011,0.0545,-0.101756166141911));
#8318=CARTESIAN_POINT('',(0.156627483759519,0.0545,-0.101531779606601));
#8319=CARTESIAN_POINT('',(0.156627483759519,0.0545,-0.101531779606601));
#8320=CARTESIAN_POINT('',(0.156627483759519,0.0545,-0.101531779606601));
#8321=CARTESIAN_POINT('',(0.157107619818929,0.0545,-0.101307393071291));
#8322=CARTESIAN_POINT('',(0.157375231838215,0.0545,-0.10089843885826));
#8323=CARTESIAN_POINT('',(0.157375231838215,0.0545,-0.10089843885826));
#8324=CARTESIAN_POINT('',(0.157375231838215,0.0545,-0.10089843885826));
#8325=CARTESIAN_POINT('',(0.1576428438575,0.0545,-0.10048948464523));
#8326=CARTESIAN_POINT('',(0.157646417871224,0.0545,-0.0999612782203356));
#8327=CARTESIAN_POINT('',(0.157646417871224,0.0545,-0.0999612782203356));
#8328=CARTESIAN_POINT('',(0.155347800317163,0.0545,-0.0999266219619327));
#8329=CARTESIAN_POINT('',(0.157490303755112,0.0545,-0.0990956455621222));
#8330=CARTESIAN_POINT('',(0.157490303755112,0.0545,-0.0990956455621222));
#8331=CARTESIAN_POINT('',(0.157331069781718,0.0545,-0.0986910991753637));
#8332=CARTESIAN_POINT('',(0.156993959709857,0.0545,-0.0982649204139566));
#8333=CARTESIAN_POINT('',(0.156993959709857,0.0545,-0.0982649204139566));
#8334=CARTESIAN_POINT('',(0.156993959709857,0.0545,-0.0982649204139566));
#8335=CARTESIAN_POINT('',(0.156656849637996,0.0545,-0.0978387416525496));
#8336=CARTESIAN_POINT('',(0.155805649770509,0.0545,-0.0970479322529674));
#8337=CARTESIAN_POINT('',(0.155805649770509,0.0545,-0.0970479322529674));
#8338=CARTESIAN_POINT('',(0.155379394317127,0.0545,-0.096641579113415));
#8339=CARTESIAN_POINT('',(0.154953138863745,0.0545,-0.0962352259738627));
#8340=CARTESIAN_POINT('',(0.154953351132515,0.0545,-0.0962038545977985));
#8341=CARTESIAN_POINT('',(0.154953563401286,0.0545,-0.0961724832217343));
#8342=CARTESIAN_POINT('',(0.156406131069746,0.0545,-0.0961823117594732));
#8343=CARTESIAN_POINT('',(0.151337893186277,0.0545,-0.0982952320846162));
#8344=CARTESIAN_POINT('',(0.151315338395253,0.0545,-0.101628623183156));
#8345=CARTESIAN_POINT('',(0.151360447977301,0.0545,-0.0949618409860765));
#8346=CARTESIAN_POINT('',(0.150655686366185,0.0545,-0.0949570723434568));
#8347=CARTESIAN_POINT('',(0.149950924755069,0.0545,-0.0949523037008371));
#8348=CARTESIAN_POINT('',(0.149937872693903,0.0545,-0.0968812785453411));
#8349=CARTESIAN_POINT('',(0.149924820632737,0.0545,-0.0988102533898452));
#8350=CARTESIAN_POINT('',(0.149929973867948,0.0545,-0.0991269347828582));
#8351=CARTESIAN_POINT('',(0.14993512710316,0.0545,-0.0994436161758712));
#8352=CARTESIAN_POINT('',(0.149943725776992,0.0545,-0.0997902344935932));
#8353=CARTESIAN_POINT('',(0.149952324450825,0.0545,-0.100136852811315));
#8354=CARTESIAN_POINT('',(0.149952324450825,0.0545,-0.100136852811315));
#8355=CARTESIAN_POINT('',(0.149604501857783,0.0545,-0.0997842911945521));
#8356=CARTESIAN_POINT('',(0.14946808375582,0.0545,-0.099673928102958));
#8357=CARTESIAN_POINT('',(0.14946808375582,0.0545,-0.099673928102958));
#8358=CARTESIAN_POINT('',(0.149087144336927,0.0545,-0.0993634592238003));
#8359=CARTESIAN_POINT('',(0.148706204918034,0.0545,-0.0990529903446426));
#8360=CARTESIAN_POINT('',(0.148363358652877,0.0545,-0.0994745683038534));
#8361=CARTESIAN_POINT('',(0.148020512387719,0.0545,-0.0998961462630643));
#8362=CARTESIAN_POINT('',(0.149088649284627,0.0545,-0.100758465155574));
#8363=CARTESIAN_POINT('',(0.150156786181534,0.0545,-0.101620784048083));
#8364=CARTESIAN_POINT('',(0.150736062288393,0.0545,-0.10162470361562));
#8365=CARTESIAN_POINT('',(0.1035,0.,-0.0545));
#8366=CARTESIAN_POINT('',(0.0395,0.,-0.006998));
#8367=CARTESIAN_POINT('',(0.0395,0.,-0.005));
#8368=CARTESIAN_POINT('',(0.0345,0.,0.));
#8369=CARTESIAN_POINT('',(0.01975,0.,0.));
#8370=CARTESIAN_POINT('',(0.01,0.,0.));
#8371=CARTESIAN_POINT('',(0.01,0.,-0.01));
#8372=CARTESIAN_POINT('',(0.,0.,-0.01));
#8373=CARTESIAN_POINT('',(0.,0.,-0.0545));
#8374=CARTESIAN_POINT('',(0.,0.,-0.099));
#8375=CARTESIAN_POINT('',(0.01,0.,-0.099));
#8376=CARTESIAN_POINT('',(0.01,0.,-0.109));
#8377=CARTESIAN_POINT('',(0.034,0.,-0.109));
#8378=CARTESIAN_POINT('',(0.0479722436226801,0.,-0.109));
#8379=CARTESIAN_POINT('',(0.0479722436226801,0.,-0.119));
#8380=CARTESIAN_POINT('',(0.0535192455849324,0.,-0.110679497056622));
#8381=CARTESIAN_POINT('',(0.0585,0.,-0.114));
#8382=CARTESIAN_POINT('',(0.0634807544150677,0.,-0.117320502943378));
#8383=CARTESIAN_POINT('',(0.06902775637732,0.,-0.109));
#8384=CARTESIAN_POINT('',(0.06902775637732,0.,-0.119));
#8385=CARTESIAN_POINT('',(0.1035,0.,-0.119));
#8386=CARTESIAN_POINT('',(0.13797224362268,0.,-0.119));
#8387=CARTESIAN_POINT('',(0.13797224362268,0.,-0.109));
#8388=CARTESIAN_POINT('',(0.143519245584932,0.,-0.117320502943378));
#8389=CARTESIAN_POINT('',(0.1485,0.,-0.114));
#8390=CARTESIAN_POINT('',(0.153480754415068,0.,-0.110679497056622));
#8391=CARTESIAN_POINT('',(0.15902775637732,0.,-0.119));
#8392=CARTESIAN_POINT('',(0.197,0.,-0.099));
#8393=CARTESIAN_POINT('',(0.207,0.,-0.099));
#8394=CARTESIAN_POINT('',(0.207,0.,-0.0545));
#8395=CARTESIAN_POINT('',(0.207,0.,-0.01));
#8396=CARTESIAN_POINT('',(0.197,0.,-0.01));
#8397=CARTESIAN_POINT('',(0.197,0.,0.));
#8398=CARTESIAN_POINT('',(0.18725,0.,0.));
#8399=CARTESIAN_POINT('',(0.1725,0.,0.));
#8400=CARTESIAN_POINT('',(0.1725,0.,0.));
#8401=CARTESIAN_POINT('',(0.1675,-1.04083408558608E-17,-0.006998));
#8402=CARTESIAN_POINT('',(0.1985,0.,-0.009625));
#8403=CARTESIAN_POINT('',(0.2015,0.,-0.009625));
#8404=CARTESIAN_POINT('',(0.0085,0.,-0.099375));
#8405=CARTESIAN_POINT('',(0.0115,0.,-0.099375));
#8406=CARTESIAN_POINT('',(0.0085,0.,-0.009625));
#8407=CARTESIAN_POINT('',(0.0115,0.,-0.009625));
#8408=CARTESIAN_POINT('',(0.1985,0.,-0.099375));
#8409=CARTESIAN_POINT('',(0.2015,0.,-0.099375));
#8410=CARTESIAN_POINT('',(0.0465,0.003,-0.098));
#8411=CARTESIAN_POINT('',(0.0465,0.04,-0.098));
#8412=CARTESIAN_POINT('',(0.0395,0.0485,-0.091));
#8413=CARTESIAN_POINT('',(0.1035,0.003,-0.0545));
#8414=CARTESIAN_POINT('',(0.1485,0.003,-0.114));
#8415=CARTESIAN_POINT('',(0.153480754415068,0.003,-0.110679497056622));
#8416=CARTESIAN_POINT('',(0.143519245584932,0.003,-0.117320502943378));
#8417=CARTESIAN_POINT('',(0.13797224362268,0.003,-0.109));
#8418=CARTESIAN_POINT('',(0.13797224362268,0.003,-0.119));
#8419=CARTESIAN_POINT('',(0.1035,0.003,-0.119));
#8420=CARTESIAN_POINT('',(0.06902775637732,0.003,-0.119));
#8421=CARTESIAN_POINT('',(0.06902775637732,0.003,-0.109));
#8422=CARTESIAN_POINT('',(0.0634807544150677,0.003,-0.117320502943378));
#8423=CARTESIAN_POINT('',(0.0585,0.003,-0.114));
#8424=CARTESIAN_POINT('',(0.0535192455849324,0.003,-0.110679497056622));
#8425=CARTESIAN_POINT('',(0.0479722436226801,0.003,-0.119));
#8426=CARTESIAN_POINT('',(0.0479722436226801,0.003,-0.109));
#8427=CARTESIAN_POINT('',(0.034,0.003,-0.109));
#8428=CARTESIAN_POINT('',(0.01,0.003,-0.109));
#8429=CARTESIAN_POINT('',(0.01,0.003,-0.099));
#8430=CARTESIAN_POINT('',(0.,0.003,-0.099));
#8431=CARTESIAN_POINT('',(0.,0.003,-0.0545));
#8432=CARTESIAN_POINT('',(0.,0.003,-0.01));
#8433=CARTESIAN_POINT('',(0.01,0.003,-0.01));
#8434=CARTESIAN_POINT('',(0.01,0.003,0.));
#8435=CARTESIAN_POINT('',(0.01975,0.003,0.));
#8436=CARTESIAN_POINT('',(0.0345,0.003,0.));
#8437=CARTESIAN_POINT('',(0.09625,0.003,-0.06175));
#8438=CARTESIAN_POINT('',(0.0365,0.003,-0.005));
#8439=CARTESIAN_POINT('',(0.0365,0.003,-0.005));
#8440=CARTESIAN_POINT('',(0.0365,0.003,-0.009));
#8441=CARTESIAN_POINT('',(0.0325,0.003,-0.009));
#8442=CARTESIAN_POINT('',(0.0325,0.003,-0.101));
#8443=CARTESIAN_POINT('',(0.0325,0.003,-0.101));
#8444=CARTESIAN_POINT('',(0.0365,0.003,-0.101));
#8445=CARTESIAN_POINT('',(0.0365,0.003,-0.105));
#8446=CARTESIAN_POINT('',(0.066,0.003,-0.105));
#8447=CARTESIAN_POINT('',(0.066,0.003,-0.105));
#8448=CARTESIAN_POINT('',(0.066,0.003,-0.101));
#8449=CARTESIAN_POINT('',(0.07,0.003,-0.101));
#8450=CARTESIAN_POINT('',(0.07,0.003,-0.0545));
#8451=CARTESIAN_POINT('',(0.137,0.003,-0.0545));
#8452=CARTESIAN_POINT('',(0.137,0.003,-0.101));
#8453=CARTESIAN_POINT('',(0.141,0.003,-0.101));
#8454=CARTESIAN_POINT('',(0.1705,0.003,-0.101));
#8455=CARTESIAN_POINT('',(0.1745,0.003,-0.101));
#8456=CARTESIAN_POINT('',(0.1745,0.003,-0.009));
#8457=CARTESIAN_POINT('',(0.1745,0.003,-0.009));
#8458=CARTESIAN_POINT('',(0.1705,0.003,-0.009));
#8459=CARTESIAN_POINT('',(0.1705,0.003,-0.005));
#8460=CARTESIAN_POINT('',(0.1675,0.003,-0.005));
#8461=CARTESIAN_POINT('',(0.11075,0.003,-0.06175));
#8462=CARTESIAN_POINT('',(0.1725,0.003,0.));
#8463=CARTESIAN_POINT('',(0.18725,0.003,0.));
#8464=CARTESIAN_POINT('',(0.197,0.003,0.));
#8465=CARTESIAN_POINT('',(0.197,0.003,-0.01));
#8466=CARTESIAN_POINT('',(0.207,0.003,-0.01));
#8467=CARTESIAN_POINT('',(0.207,0.003,-0.0545));
#8468=CARTESIAN_POINT('',(0.207,0.003,-0.099));
#8469=CARTESIAN_POINT('',(0.197,0.003,-0.099));
#8470=CARTESIAN_POINT('',(0.15902775637732,0.003,-0.119));
#8471=CARTESIAN_POINT('',(0.0085,0.003,-0.099375));
#8472=CARTESIAN_POINT('',(0.0115,0.003,-0.099375));
#8473=CARTESIAN_POINT('',(0.0085,0.003,-0.009625));
#8474=CARTESIAN_POINT('',(0.0115,0.003,-0.009625));
#8475=CARTESIAN_POINT('',(0.1985,0.003,-0.099375));
#8476=CARTESIAN_POINT('',(0.2015,0.003,-0.099375));
#8477=CARTESIAN_POINT('',(0.1985,0.003,-0.009625));
#8478=CARTESIAN_POINT('',(0.2015,0.003,-0.009625));
#8479=CARTESIAN_POINT('',(0.034,0.003,-0.109));
#8480=CARTESIAN_POINT('',(0.0479722436226801,0.003,-0.109));
#8481=CARTESIAN_POINT('',(0.01,0.003,-0.109));
#8482=CARTESIAN_POINT('',(0.,0.003,-0.0545));
#8483=CARTESIAN_POINT('',(0.,0.003,-0.01));
#8484=CARTESIAN_POINT('',(0.,0.003,-0.099));
#8485=CARTESIAN_POINT('',(0.01975,0.003,0.));
#8486=CARTESIAN_POINT('',(0.0345,0.003,0.));
#8487=CARTESIAN_POINT('',(0.01,0.,0.));
#8488=CARTESIAN_POINT('',(0.0535,0.003,-0.098));
#8489=CARTESIAN_POINT('',(0.154038641184569,0.0355,-0.098));
#8490=CARTESIAN_POINT('',(0.139,0.0355,-0.098));
#8491=CARTESIAN_POINT('',(0.0535,0.0485,-0.098));
#8492=CARTESIAN_POINT('',(0.139,0.0485,-0.098));
#8493=CARTESIAN_POINT('',(0.139,0.0505,-0.098));
#8494=CARTESIAN_POINT('',(0.18725,0.003,0.));
#8495=CARTESIAN_POINT('',(0.1725,0.003,0.));
#8496=CARTESIAN_POINT('',(0.197,0.003,0.));
#8497=CARTESIAN_POINT('',(0.207,0.003,-0.0545));
#8498=CARTESIAN_POINT('',(0.207,0.,-0.01));
#8499=CARTESIAN_POINT('',(0.207,0.003,-0.099));
#8500=CARTESIAN_POINT('',(0.197,0.003,-0.01));
#8501=CARTESIAN_POINT('',(0.197,0.003,-0.099));
#8502=CARTESIAN_POINT('',(0.01,0.003,-0.01));
#8503=CARTESIAN_POINT('',(0.01,0.003,-0.099));
#8504=CARTESIAN_POINT('',(0.1725,0.003,0.));
#8505=CARTESIAN_POINT('',(0.0395,0.003,-0.005));
#8506=CARTESIAN_POINT('',(0.1725,0.0505,-0.07725));
#8507=CARTESIAN_POINT('',(0.1725,0.0505,-0.009));
#8508=CARTESIAN_POINT('',(0.1725,0.005,-0.009));
#8509=CARTESIAN_POINT('',(0.1725,0.005,-0.101));
#8510=CARTESIAN_POINT('',(0.1725,0.005,-0.101));
#8511=CARTESIAN_POINT('',(0.1725,0.0545,-0.101));
#8512=CARTESIAN_POINT('',(0.139,0.0505,-0.1005));
#8513=CARTESIAN_POINT('',(0.139,0.0325,-0.006998));
#8514=CARTESIAN_POINT('',(0.139,0.0355,-0.006998));
#8515=CARTESIAN_POINT('',(0.139,0.0485,-0.096));
#8516=CARTESIAN_POINT('',(0.139,0.0505,-0.096));
#8517=CARTESIAN_POINT('',(0.139,0.0505,-0.098));
#8518=CARTESIAN_POINT('',(0.139,0.0505,-0.095));
#8519=CARTESIAN_POINT('',(0.139,0.0505,-0.095));
#8520=CARTESIAN_POINT('',(0.139,0.0505,-0.101));
#8521=CARTESIAN_POINT('',(0.139,0.005,-0.101));
#8522=CARTESIAN_POINT('',(0.139,0.005,-0.1005));
#8523=CARTESIAN_POINT('',(0.05125,0.0505,-0.103));
#8524=CARTESIAN_POINT('',(0.0365,0.005,-0.103));
#8525=CARTESIAN_POINT('',(0.066,0.005,-0.103));
#8526=CARTESIAN_POINT('',(0.0365,0.005,-0.103));
#8527=CARTESIAN_POINT('',(0.0365,0.0505,-0.103));
#8528=CARTESIAN_POINT('',(0.066,0.003,-0.103));
#8529=CARTESIAN_POINT('',(0.0673951212484339,0.0363672527928888,-0.103));
#8530=CARTESIAN_POINT('',(0.059654142672835,0.0275240296139101,-0.103));
#8531=CARTESIAN_POINT('',(0.0447572244033694,0.0105059263276989,-0.103));
#8532=CARTESIAN_POINT('',(0.05739681216241,0.0295,-0.103));
#8533=CARTESIAN_POINT('',(0.05739681216241,0.0325,-0.103));
#8534=CARTESIAN_POINT('',(0.05125,0.0325,-0.103));
#8535=CARTESIAN_POINT('',(0.0424998938929445,0.0325,-0.103));
#8536=CARTESIAN_POINT('',(0.0424998938929445,0.0295,-0.103));
#8537=CARTESIAN_POINT('',(0.0394998938929444,0.0295,-0.103));
#8538=CARTESIAN_POINT('',(0.0394998938929444,0.0505,-0.103));
#8539=CARTESIAN_POINT('',(0.0394998938929444,0.0124818967137888,-0.103));
#8540=CARTESIAN_POINT('',(0.0424998938929445,0.0124818967137888,-0.103));
#8541=CARTESIAN_POINT('',(0.0345,0.0505,-0.02925));
#8542=CARTESIAN_POINT('',(0.0345,0.0505,-0.101));
#8543=CARTESIAN_POINT('',(0.0345,0.005,-0.101));
#8544=CARTESIAN_POINT('',(0.0345,0.005,-0.009));
#8545=CARTESIAN_POINT('',(0.0345,0.005,-0.009));
#8546=CARTESIAN_POINT('',(0.0345,0.0505,-0.009));
#8547=CARTESIAN_POINT('',(0.037,0.0505,-0.007));
#8548=CARTESIAN_POINT('',(0.0530038941800594,0.0325,-0.007));
#8549=CARTESIAN_POINT('',(0.05739681216241,0.0325,-0.007));
#8550=CARTESIAN_POINT('',(0.0425,0.0325,-0.007));
#8551=CARTESIAN_POINT('',(0.05739681216241,0.0295,-0.007));
#8552=CARTESIAN_POINT('',(0.059654142672835,0.0275240296139101,-0.007));
#8553=CARTESIAN_POINT('',(0.0612130612178187,0.0293049239125451,-0.007));
#8554=CARTESIAN_POINT('',(0.044757330510425,0.0105060475434295,-0.007));
#8555=CARTESIAN_POINT('',(0.0425,0.0124820179295194,-0.007));
#8556=CARTESIAN_POINT('',(0.0395,0.0505,-0.007));
#8557=CARTESIAN_POINT('',(0.05375,0.01625,-0.007));
#8558=CARTESIAN_POINT('',(0.064,0.0279385964912281,-0.007));
#8559=CARTESIAN_POINT('',(0.064,0.0355,-0.007));
#8560=CARTESIAN_POINT('',(0.064,0.0355,-0.007));
#8561=CARTESIAN_POINT('',(0.0529613588154316,0.0355,-0.007));
#8562=CARTESIAN_POINT('',(0.0415,0.0485,-0.007));
#8563=CARTESIAN_POINT('',(0.0415,0.0505,-0.007));
#8564=CARTESIAN_POINT('',(0.037,0.0505,-0.007));
#8565=CARTESIAN_POINT('',(0.0455,0.0505,-0.007));
#8566=CARTESIAN_POINT('',(0.0455,0.0505,-0.007));
#8567=CARTESIAN_POINT('',(0.0365,0.0505,-0.007));
#8568=CARTESIAN_POINT('',(0.0365,0.005,-0.007));
#8569=CARTESIAN_POINT('',(0.0395,0.005,-0.007));
#8570=CARTESIAN_POINT('',(0.0425,0.0295,-0.007));
#8571=CARTESIAN_POINT('',(0.068,0.0505,-0.1005));
#8572=CARTESIAN_POINT('',(0.068,0.0355,-0.006998));
#8573=CARTESIAN_POINT('',(0.068,0.0355,-0.011));
#8574=CARTESIAN_POINT('',(0.068,0.0325,-0.011));
#8575=CARTESIAN_POINT('',(0.068,0.0325,-0.011));
#8576=CARTESIAN_POINT('',(0.068,0.0325,-0.006998));
#8577=CARTESIAN_POINT('',(0.068,0.005,-0.1005));
#8578=CARTESIAN_POINT('',(0.068,0.005,-0.101));
#8579=CARTESIAN_POINT('',(0.068,0.0545,-0.101));
#8580=CARTESIAN_POINT('',(0.068,0.0505,-0.095));
#8581=CARTESIAN_POINT('',(0.068,0.0505,-0.095));
#8582=CARTESIAN_POINT('',(0.068,0.0505,-0.1005));
#8583=CARTESIAN_POINT('',(0.068,0.0505,-0.096));
#8584=CARTESIAN_POINT('',(0.068,0.0485,-0.096));
#8585=CARTESIAN_POINT('',(0.1035,0.0505,-0.055));
#8586=CARTESIAN_POINT('',(0.066,0.0505,-0.095));
#8587=CARTESIAN_POINT('',(0.066,0.0505,-0.093));
#8588=CARTESIAN_POINT('',(0.05775,0.0505,-0.093));
#8589=CARTESIAN_POINT('',(0.0495,0.0505,-0.093));
#8590=CARTESIAN_POINT('',(0.0495,0.0505,-0.091));
#8591=CARTESIAN_POINT('',(0.0475,0.0505,-0.091));
#8592=CARTESIAN_POINT('',(0.0475,0.0505,-0.05));
#8593=CARTESIAN_POINT('',(0.0475,0.0505,-0.009));
#8594=CARTESIAN_POINT('',(0.0455,0.0505,-0.009));
#8595=CARTESIAN_POINT('',(0.0415,0.0505,-0.091));
#8596=CARTESIAN_POINT('',(0.0415,0.0505,-0.0901715728752538));
#8597=CARTESIAN_POINT('',(0.0479142135623731,0.0505,-0.0965857864376269));
#8598=CARTESIAN_POINT('',(0.0473284271247462,0.0505,-0.096));
#8599=CARTESIAN_POINT('',(0.1035,0.0505,-0.096));
#8600=CARTESIAN_POINT('',(0.0475,0.0545,-0.05));
#8601=CARTESIAN_POINT('',(0.0475,0.0545,-0.091));
#8602=CARTESIAN_POINT('',(0.0475,0.0545,-0.009));
#8603=CARTESIAN_POINT('',(0.05775,0.0545,-0.093));
#8604=CARTESIAN_POINT('',(0.066,0.0545,-0.093));
#8605=CARTESIAN_POINT('',(0.0495,0.0505,-0.093));
#8606=CARTESIAN_POINT('',(0.14925,0.0545,-0.093));
#8607=CARTESIAN_POINT('',(0.141,0.0545,-0.093));
#8608=CARTESIAN_POINT('',(0.141,0.0505,-0.093));
#8609=CARTESIAN_POINT('',(0.14925,0.0505,-0.093));
#8610=CARTESIAN_POINT('',(0.1575,0.0505,-0.093));
#8611=CARTESIAN_POINT('',(0.1575,0.0545,-0.093));
#8612=CARTESIAN_POINT('',(0.1595,0.0545,-0.05));
#8613=CARTESIAN_POINT('',(0.1595,0.0545,-0.091));
#8614=CARTESIAN_POINT('',(0.1595,0.0505,-0.091));
#8615=CARTESIAN_POINT('',(0.1595,0.0505,-0.05));
#8616=CARTESIAN_POINT('',(0.1595,0.0505,-0.009));
#8617=CARTESIAN_POINT('',(0.1595,0.0545,-0.009));
#8618=CARTESIAN_POINT('',(0.1035,0.0505,-0.055));
#8619=CARTESIAN_POINT('',(0.1035,0.0505,-0.096));
#8620=CARTESIAN_POINT('',(0.1655,0.0505,-0.096));
#8621=CARTESIAN_POINT('',(0.1655,0.0505,-0.055));
#8622=CARTESIAN_POINT('',(0.1615,0.0505,-0.009));
#8623=CARTESIAN_POINT('',(0.1575,0.0505,-0.091));
#8624=CARTESIAN_POINT('',(0.141,0.0505,-0.095));
#8625=CARTESIAN_POINT('',(0.0085,-0.022,-0.009625));
#8626=CARTESIAN_POINT('',(0.0085,-0.022,-0.099375));
#8627=CARTESIAN_POINT('',(0.1985,-0.022,-0.099375));
#8628=CARTESIAN_POINT('',(0.1985,-0.022,-0.009625));
#8629=CARTESIAN_POINT('',(0.1035,0.038,-0.0545));
#8630=CARTESIAN_POINT('',(0.0380857864376269,0.038,-0.0924142135623731));
#8631=CARTESIAN_POINT('',(0.155536488828263,0.054,-0.0949900974150154));
#8632=CARTESIAN_POINT('',(0.157866725459633,0.054,-0.0950058645418553));
#8633=CARTESIAN_POINT('',(0.157866725459633,0.054,-0.0950058645418553));
#8634=CARTESIAN_POINT('',(0.155536488828263,0.054,-0.0949900974150154));
#8635=CARTESIAN_POINT('',(0.153206252196891,0.054,-0.0949743302881756));
#8636=CARTESIAN_POINT('',(0.153206252196891,0.054,-0.0949743302881756));
#8637=CARTESIAN_POINT('',(0.157862712098919,0.054,-0.0955990024195337));
#8638=CARTESIAN_POINT('',(0.157858698738205,0.054,-0.0961921402972122));
#8639=CARTESIAN_POINT('',(0.157858698738205,0.054,-0.0961921402972122));
#8640=CARTESIAN_POINT('',(0.157862712098919,0.054,-0.0955990024195337));
#8641=CARTESIAN_POINT('',(0.156406131069746,0.054,-0.0961823117594732));
#8642=CARTESIAN_POINT('',(0.154953563401286,0.054,-0.0961724832217343));
#8643=CARTESIAN_POINT('',(0.154953563401286,0.054,-0.0961724832217343));
#8644=CARTESIAN_POINT('',(0.156406131069746,0.054,-0.0961823117594732));
#8645=CARTESIAN_POINT('',(0.154953351132515,0.054,-0.0962038545977985));
#8646=CARTESIAN_POINT('',(0.154953138863745,0.054,-0.0962352259738627));
#8647=CARTESIAN_POINT('',(0.154953138863745,0.054,-0.0962352259738627));
#8648=CARTESIAN_POINT('',(0.154953351132515,0.054,-0.0962038545977985));
#8649=CARTESIAN_POINT('',(0.155379394317127,0.054,-0.096641579113415));
#8650=CARTESIAN_POINT('',(0.155805649770509,0.054,-0.0970479322529674));
#8651=CARTESIAN_POINT('',(0.155805649770509,0.054,-0.0970479322529674));
#8652=CARTESIAN_POINT('',(0.155379394317127,0.054,-0.096641579113415));
#8653=CARTESIAN_POINT('',(0.156993959709857,0.054,-0.0982649204139566));
#8654=CARTESIAN_POINT('',(0.156993959709857,0.0545,-0.0982649204139566));
#8655=CARTESIAN_POINT('',(0.156769219661949,0.054,-0.0979808012396853));
#8656=CARTESIAN_POINT('',(0.156769219661949,0.0545,-0.0979808012396853));
#8657=CARTESIAN_POINT('',(0.156373116348833,0.054,-0.0975751385193556));
#8658=CARTESIAN_POINT('',(0.156373116348833,0.0545,-0.0975751385193556));
#8659=CARTESIAN_POINT('',(0.155805649770509,0.054,-0.0970479322529674));
#8660=CARTESIAN_POINT('',(0.155805649770509,0.0545,-0.0970479322529674));
#8661=CARTESIAN_POINT('',(0.156993959709857,0.054,-0.0982649204139566));
#8662=CARTESIAN_POINT('',(0.156993959709857,0.054,-0.0982649204139566));
#8663=CARTESIAN_POINT('',(0.156993959709857,0.054,-0.0982649204139566));
#8664=CARTESIAN_POINT('',(0.156656849637996,0.054,-0.0978387416525496));
#8665=CARTESIAN_POINT('',(0.155805649770509,0.054,-0.0970479322529674));
#8666=CARTESIAN_POINT('',(0.157490303755112,0.054,-0.0990956455621222));
#8667=CARTESIAN_POINT('',(0.157490303755112,0.0545,-0.0990956455621222));
#8668=CARTESIAN_POINT('',(0.157384147772849,0.054,-0.0988259479709499));
#8669=CARTESIAN_POINT('',(0.157384147772849,0.0545,-0.0988259479709499));
#8670=CARTESIAN_POINT('',(0.157218699757764,0.054,-0.098549039588228));
#8671=CARTESIAN_POINT('',(0.157218699757764,0.0545,-0.098549039588228));
#8672=CARTESIAN_POINT('',(0.156993959709857,0.054,-0.0982649204139566));
#8673=CARTESIAN_POINT('',(0.156993959709857,0.0545,-0.0982649204139566));
#8674=CARTESIAN_POINT('',(0.157490303755112,0.054,-0.0990956455621222));
#8675=CARTESIAN_POINT('',(0.157490303755112,0.054,-0.0990956455621222));
#8676=CARTESIAN_POINT('',(0.157490303755112,0.054,-0.0990956455621222));
#8677=CARTESIAN_POINT('',(0.157331069781718,0.054,-0.0986910991753637));
#8678=CARTESIAN_POINT('',(0.156993959709857,0.054,-0.0982649204139566));
#8679=CARTESIAN_POINT('',(0.155347800317163,0.054,-0.0999266219619327));
#8680=CARTESIAN_POINT('',(0.157646417871224,0.054,-0.0999612782203356));
#8681=CARTESIAN_POINT('',(0.157646417871224,0.054,-0.0999612782203356));
#8682=CARTESIAN_POINT('',(0.155347800317163,0.054,-0.0999266219619327));
#8683=CARTESIAN_POINT('',(0.157375231838215,0.054,-0.10089843885826));
#8684=CARTESIAN_POINT('',(0.157375231838215,0.0545,-0.10089843885826));
#8685=CARTESIAN_POINT('',(0.157553639851072,0.054,-0.10062580271624));
#8686=CARTESIAN_POINT('',(0.157553639851072,0.0545,-0.10062580271624));
#8687=CARTESIAN_POINT('',(0.157644035195408,0.054,-0.100313415836932));
#8688=CARTESIAN_POINT('',(0.157644035195408,0.0545,-0.100313415836932));
#8689=CARTESIAN_POINT('',(0.157646417871224,0.054,-0.0999612782203356));
#8690=CARTESIAN_POINT('',(0.157646417871224,0.0545,-0.0999612782203356));
#8691=CARTESIAN_POINT('',(0.157375231838215,0.054,-0.10089843885826));
#8692=CARTESIAN_POINT('',(0.157375231838215,0.054,-0.10089843885826));
#8693=CARTESIAN_POINT('',(0.157375231838215,0.054,-0.10089843885826));
#8694=CARTESIAN_POINT('',(0.1576428438575,0.054,-0.10048948464523));
#8695=CARTESIAN_POINT('',(0.157646417871224,0.054,-0.0999612782203356));
#8696=CARTESIAN_POINT('',(0.156627483759519,0.054,-0.101531779606601));
#8697=CARTESIAN_POINT('',(0.156627483759519,0.0545,-0.101531779606601));
#8698=CARTESIAN_POINT('',(0.156947574465792,0.054,-0.101382188583061));
#8699=CARTESIAN_POINT('',(0.156947574465792,0.0545,-0.101382188583061));
#8700=CARTESIAN_POINT('',(0.157196823825358,0.054,-0.101171075000281));
#8701=CARTESIAN_POINT('',(0.157196823825358,0.0545,-0.101171075000281));
#8702=CARTESIAN_POINT('',(0.157375231838215,0.054,-0.10089843885826));
#8703=CARTESIAN_POINT('',(0.157375231838215,0.0545,-0.10089843885826));
#8704=CARTESIAN_POINT('',(0.156627483759519,0.054,-0.101531779606601));
#8705=CARTESIAN_POINT('',(0.156627483759519,0.054,-0.101531779606601));
#8706=CARTESIAN_POINT('',(0.156627483759519,0.054,-0.101531779606601));
#8707=CARTESIAN_POINT('',(0.157107619818929,0.054,-0.101307393071291));
#8708=CARTESIAN_POINT('',(0.157375231838215,0.054,-0.10089843885826));
#8709=CARTESIAN_POINT('',(0.155522838446368,0.054,-0.101751940512426));
#8710=CARTESIAN_POINT('',(0.155522838446368,0.0545,-0.101751940512426));
#8711=CARTESIAN_POINT('',(0.155939177948863,0.054,-0.10175475759875));
#8712=CARTESIAN_POINT('',(0.155939177948863,0.0545,-0.10175475759875));
#8713=CARTESIAN_POINT('',(0.156307393053247,0.054,-0.101681370630141));
#8714=CARTESIAN_POINT('',(0.156307393053247,0.0545,-0.101681370630141));
#8715=CARTESIAN_POINT('',(0.156627483759519,0.054,-0.101531779606601));
#8716=CARTESIAN_POINT('',(0.156627483759519,0.0545,-0.101531779606601));
#8717=CARTESIAN_POINT('',(0.155522838446368,0.054,-0.101751940512426));
#8718=CARTESIAN_POINT('',(0.155522838446368,0.054,-0.101751940512426));
#8719=CARTESIAN_POINT('',(0.155522838446368,0.054,-0.101751940512426));
#8720=CARTESIAN_POINT('',(0.15614734770011,0.054,-0.101756166141911));
#8721=CARTESIAN_POINT('',(0.156627483759519,0.054,-0.101531779606601));
#8722=CARTESIAN_POINT('',(0.155503190211275,0.0540000000000001,-0.0981135708013144));
#8723=CARTESIAN_POINT('',(0.154666229226072,0.054,-0.101652755583543));
#8724=CARTESIAN_POINT('',(0.154666170151258,0.054,-0.101653010700076));
#8725=CARTESIAN_POINT('',(0.155503190211275,0.054,-0.0981135708013144));
#8726=CARTESIAN_POINT('',(0.155382195639993,0.0540000000000001,-0.0987311793218369));
#8727=CARTESIAN_POINT('',(0.15396108073061,0.054,-0.101381680218372));
#8728=CARTESIAN_POINT('',(0.15396108073061,0.054,-0.101381680218372));
#8729=CARTESIAN_POINT('',(0.155382195639993,0.054,-0.0987311793218369));
#8730=CARTESIAN_POINT('',(0.153149438313656,0.054,-0.100783023352651));
#8731=CARTESIAN_POINT('',(0.153149438313656,0.0545,-0.100783023352651));
#8732=CARTESIAN_POINT('',(0.15347536142459,0.054,-0.101065395162954));
#8733=CARTESIAN_POINT('',(0.15347536142459,0.0545,-0.101065395162954));
#8734=CARTESIAN_POINT('',(0.153745908896908,0.054,-0.101264947451527));
#8735=CARTESIAN_POINT('',(0.153745908896908,0.0545,-0.101264947451527));
#8736=CARTESIAN_POINT('',(0.15396108073061,0.054,-0.101381680218372));
#8737=CARTESIAN_POINT('',(0.15396108073061,0.0545,-0.101381680218372));
#8738=CARTESIAN_POINT('',(0.153149438313656,0.054,-0.100783023352651));
#8739=CARTESIAN_POINT('',(0.153149438313656,0.054,-0.100783023352651));
#8740=CARTESIAN_POINT('',(0.153149438313656,0.054,-0.100783023352651));
#8741=CARTESIAN_POINT('',(0.153638322980057,0.054,-0.101206581068105));
#8742=CARTESIAN_POINT('',(0.15396108073061,0.054,-0.101381680218372));
#8743=CARTESIAN_POINT('',(0.153535531420846,0.054,-0.100331824403646));
#8744=CARTESIAN_POINT('',(0.153921624528036,0.054,-0.0998806254546411));
#8745=CARTESIAN_POINT('',(0.153921624528036,0.054,-0.0998806254546411));
#8746=CARTESIAN_POINT('',(0.153535531420846,0.054,-0.100331824403646));
#8747=CARTESIAN_POINT('',(0.154679866436967,0.054,-0.100392098561276));
#8748=CARTESIAN_POINT('',(0.154679866436967,0.0545,-0.100392098561276));
#8749=CARTESIAN_POINT('',(0.154437480476471,0.054,-0.1002717768536));
#8750=CARTESIAN_POINT('',(0.154437480476471,0.0545,-0.1002717768536));
#8751=CARTESIAN_POINT('',(0.154184733173494,0.054,-0.100101285818055));
#8752=CARTESIAN_POINT('',(0.154184733173494,0.0545,-0.100101285818055));
#8753=CARTESIAN_POINT('',(0.153921624528036,0.054,-0.0998806254546411));
#8754=CARTESIAN_POINT('',(0.153921624528036,0.0545,-0.0998806254546411));
#8755=CARTESIAN_POINT('',(0.154679866436967,0.054,-0.100392098561276));
#8756=CARTESIAN_POINT('',(0.154679866436967,0.054,-0.100392098561276));
#8757=CARTESIAN_POINT('',(0.154679866436967,0.054,-0.100392098561276));
#8758=CARTESIAN_POINT('',(0.154316287496223,0.054,-0.100211615999762));
#8759=CARTESIAN_POINT('',(0.153921624528036,0.054,-0.0998806254546411));
#8760=CARTESIAN_POINT('',(0.155447658998177,0.054,-0.0988817454341435));
#8761=CARTESIAN_POINT('',(0.155430115826874,0.054,-0.100575197458803));
#8762=CARTESIAN_POINT('',(0.155430115826874,0.054,-0.100575197458803));
#8763=CARTESIAN_POINT('',(0.155447658998177,0.054,-0.0988817454341435));
#8764=CARTESIAN_POINT('',(0.156022392917836,0.054,-0.100382942517945));
#8765=CARTESIAN_POINT('',(0.156022392917836,0.0545,-0.100382942517945));
#8766=CARTESIAN_POINT('',(0.15587364875314,0.054,-0.100512777718797));
#8767=CARTESIAN_POINT('',(0.15587364875314,0.0545,-0.100512777718797));
#8768=CARTESIAN_POINT('',(0.155676223056153,0.054,-0.100576862699082));
#8769=CARTESIAN_POINT('',(0.155676223056153,0.0545,-0.100576862699082));
#8770=CARTESIAN_POINT('',(0.155430115826874,0.054,-0.100575197458803));
#8771=CARTESIAN_POINT('',(0.155430115826874,0.0545,-0.100575197458803));
#8772=CARTESIAN_POINT('',(0.156022392917836,0.054,-0.100382942517945));
#8773=CARTESIAN_POINT('',(0.156022392917836,0.054,-0.100382942517945));
#8774=CARTESIAN_POINT('',(0.156022392917836,0.054,-0.100382942517945));
#8775=CARTESIAN_POINT('',(0.155799276670792,0.054,-0.100577695319222));
#8776=CARTESIAN_POINT('',(0.155430115826874,0.054,-0.100575197458803));
#8777=CARTESIAN_POINT('',(0.156248224230553,0.054,-0.0997869279298006));
#8778=CARTESIAN_POINT('',(0.156248224230553,0.0545,-0.0997869279298006));
#8779=CARTESIAN_POINT('',(0.15624641418677,0.054,-0.100054435787712));
#8780=CARTESIAN_POINT('',(0.15624641418677,0.0545,-0.100054435787712));
#8781=CARTESIAN_POINT('',(0.156171137082531,0.054,-0.100253107317094));
#8782=CARTESIAN_POINT('',(0.156171137082531,0.0545,-0.100253107317094));
#8783=CARTESIAN_POINT('',(0.156022392917836,0.054,-0.100382942517945));
#8784=CARTESIAN_POINT('',(0.156022392917836,0.0545,-0.100382942517945));
#8785=CARTESIAN_POINT('',(0.156248224230553,0.054,-0.0997869279298006));
#8786=CARTESIAN_POINT('',(0.156248221012883,0.054,-0.0997869279046719));
#8787=CARTESIAN_POINT('',(0.156248224230553,0.054,-0.0997869279298006));
#8788=CARTESIAN_POINT('',(0.156245509164879,0.054,-0.100188189716668));
#8789=CARTESIAN_POINT('',(0.156022392917836,0.054,-0.100382942517945));
#8790=CARTESIAN_POINT('',(0.154866174627073,0.054,-0.0997761346823751));
#8791=CARTESIAN_POINT('',(0.15615105877632,0.054,-0.0992667950728688));
#8792=CARTESIAN_POINT('',(0.15615105877632,0.054,-0.0992667950728688));
#8793=CARTESIAN_POINT('',(0.154866174627073,0.054,-0.0997761346823751));
#8794=CARTESIAN_POINT('',(0.155826441230807,0.054,-0.098719587192245));
#8795=CARTESIAN_POINT('',(0.155826441230807,0.0545,-0.098719587192245));
#8796=CARTESIAN_POINT('',(0.155976864874487,0.054,-0.0989166242838787));
#8797=CARTESIAN_POINT('',(0.155976864874487,0.0545,-0.0989166242838787));
#8798=CARTESIAN_POINT('',(0.156085070722991,0.054,-0.0990990269107533));
#8799=CARTESIAN_POINT('',(0.156085070722991,0.0545,-0.0990990269107533));
#8800=CARTESIAN_POINT('',(0.15615105877632,0.054,-0.0992667950728688));
#8801=CARTESIAN_POINT('',(0.15615105877632,0.0545,-0.0992667950728688));
#8802=CARTESIAN_POINT('',(0.155826441230807,0.054,-0.098719587192245));
#8803=CARTESIAN_POINT('',(0.155826441230807,0.054,-0.098719587192245));
#8804=CARTESIAN_POINT('',(0.155826441230807,0.054,-0.098719587192245));
#8805=CARTESIAN_POINT('',(0.156052076696327,0.054,-0.0990151428296955));
#8806=CARTESIAN_POINT('',(0.15615105877632,0.054,-0.0992667950728688));
#8807=CARTESIAN_POINT('',(0.154861801230667,0.054,-0.0976573285139278));
#8808=CARTESIAN_POINT('',(0.154861801230667,0.0545,-0.0976573285139278));
#8809=CARTESIAN_POINT('',(0.155354470920414,0.054,-0.0981684638745057));
#8810=CARTESIAN_POINT('',(0.155354470920414,0.0545,-0.0981684638745057));
#8811=CARTESIAN_POINT('',(0.155676017587127,0.054,-0.0985225501006114));
#8812=CARTESIAN_POINT('',(0.155676017587127,0.0545,-0.0985225501006114));
#8813=CARTESIAN_POINT('',(0.155826441230807,0.054,-0.098719587192245));
#8814=CARTESIAN_POINT('',(0.155826441230807,0.0545,-0.098719587192245));
#8815=CARTESIAN_POINT('',(0.154861801230667,0.054,-0.0976573285139278));
#8816=CARTESIAN_POINT('',(0.154861801230667,0.054,-0.0976573285139278));
#8817=CARTESIAN_POINT('',(0.154861801230667,0.054,-0.0976573285139278));
#8818=CARTESIAN_POINT('',(0.155600805765287,0.054,-0.0984240315547946));
#8819=CARTESIAN_POINT('',(0.155826441230807,0.054,-0.098719587192245));
#8820=CARTESIAN_POINT('',(0.154030709397174,0.054,-0.0968060983479151));
#8821=CARTESIAN_POINT('',(0.153199617563681,0.054,-0.0959548681819024));
#8822=CARTESIAN_POINT('',(0.153199617563681,0.054,-0.0959548681819024));
#8823=CARTESIAN_POINT('',(0.154030709397174,0.054,-0.0968060983479151));
#8824=CARTESIAN_POINT('',(0.153202934880286,0.054,-0.095464599235039));
#8825=CARTESIAN_POINT('',(0.153202934880286,0.054,-0.095464599235039));
#8826=CARTESIAN_POINT('',(0.0964861329871804,0.054,-0.055));
#8827=CARTESIAN_POINT('',(0.150655686366185,0.054,-0.0949570723434568));
#8828=CARTESIAN_POINT('',(0.151360447977301,0.054,-0.0949618409860765));
#8829=CARTESIAN_POINT('',(0.151360447977301,0.054,-0.0949618409860765));
#8830=CARTESIAN_POINT('',(0.150655686366185,0.054,-0.0949570723434568));
#8831=CARTESIAN_POINT('',(0.149950924755069,0.054,-0.0949523037008371));
#8832=CARTESIAN_POINT('',(0.149950924755069,0.054,-0.0949523037008371));
#8833=CARTESIAN_POINT('',(0.151337893186277,0.054,-0.0982952320846162));
#8834=CARTESIAN_POINT('',(0.151315338395253,0.054,-0.101628623183156));
#8835=CARTESIAN_POINT('',(0.151315338395253,0.054,-0.101628623183156));
#8836=CARTESIAN_POINT('',(0.151337893186277,0.054,-0.0982952320846162));
#8837=CARTESIAN_POINT('',(0.150736062288393,0.054,-0.10162470361562));
#8838=CARTESIAN_POINT('',(0.150156786181534,0.054,-0.101620784048083));
#8839=CARTESIAN_POINT('',(0.150156786181534,0.054,-0.101620784048083));
#8840=CARTESIAN_POINT('',(0.150736062288393,0.054,-0.10162470361562));
#8841=CARTESIAN_POINT('',(0.149088649284627,0.054,-0.100758465155574));
#8842=CARTESIAN_POINT('',(0.148020512387719,0.054,-0.0998961462630643));
#8843=CARTESIAN_POINT('',(0.148020512387719,0.054,-0.0998961462630643));
#8844=CARTESIAN_POINT('',(0.149088649284627,0.054,-0.100758465155574));
#8845=CARTESIAN_POINT('',(0.148363358652877,0.054,-0.0994745683038534));
#8846=CARTESIAN_POINT('',(0.148706204918034,0.054,-0.0990529903446426));
#8847=CARTESIAN_POINT('',(0.148706204918034,0.054,-0.0990529903446426));
#8848=CARTESIAN_POINT('',(0.148363358652877,0.054,-0.0994745683038534));
#8849=CARTESIAN_POINT('',(0.149087144336927,0.054,-0.0993634592238003));
#8850=CARTESIAN_POINT('',(0.14946808375582,0.054,-0.099673928102958));
#8851=CARTESIAN_POINT('',(0.14946808375582,0.054,-0.099673928102958));
#8852=CARTESIAN_POINT('',(0.149087144336927,0.054,-0.0993634592238003));
#8853=CARTESIAN_POINT('',(0.149952324450825,0.054,-0.100136852811315));
#8854=CARTESIAN_POINT('',(0.149952324450825,0.0545,-0.100136852811315));
#8855=CARTESIAN_POINT('',(0.149720442722131,0.054,-0.0999018117334731));
#8856=CARTESIAN_POINT('',(0.149720442722131,0.0545,-0.0999018117334731));
#8857=CARTESIAN_POINT('',(0.149559029157129,0.054,-0.0997475034973541));
#8858=CARTESIAN_POINT('',(0.149559029157129,0.0545,-0.0997475034973541));
#8859=CARTESIAN_POINT('',(0.14946808375582,0.054,-0.099673928102958));
#8860=CARTESIAN_POINT('',(0.14946808375582,0.0545,-0.099673928102958));
#8861=CARTESIAN_POINT('',(0.149952324450825,0.054,-0.100136852811315));
#8862=CARTESIAN_POINT('',(0.149952324450825,0.054,-0.100136852811315));
#8863=CARTESIAN_POINT('',(0.149952324450825,0.054,-0.100136852811315));
#8864=CARTESIAN_POINT('',(0.149604501857783,0.054,-0.0997842911945521));
#8865=CARTESIAN_POINT('',(0.14946808375582,0.054,-0.099673928102958));
#8866=CARTESIAN_POINT('',(0.149943725776992,0.054,-0.0997902344935932));
#8867=CARTESIAN_POINT('',(0.14993512710316,0.054,-0.0994436161758712));
#8868=CARTESIAN_POINT('',(0.14993512710316,0.054,-0.0994436161758712));
#8869=CARTESIAN_POINT('',(0.149943725776992,0.054,-0.0997902344935932));
#8870=CARTESIAN_POINT('',(0.149929973867948,0.054,-0.0991269347828582));
#8871=CARTESIAN_POINT('',(0.149924820632737,0.054,-0.0988102533898452));
#8872=CARTESIAN_POINT('',(0.149924820632737,0.054,-0.0988102533898452));
#8873=CARTESIAN_POINT('',(0.149929973867948,0.054,-0.0991269347828582));
#8874=CARTESIAN_POINT('',(0.149937872693903,0.054,-0.0968812785453411));
#8875=CARTESIAN_POINT('',(0.149937872693903,0.054,-0.0968812785453411));
#8876=CARTESIAN_POINT('',(0.0964861329871804,0.054,-0.055));
#8877=CARTESIAN_POINT('',(0.0411754340277778,0.054,-0.0716594618055554));
#8878=CARTESIAN_POINT('',(0.0411754340277778,0.0545,-0.0716594618055554));
#8879=CARTESIAN_POINT('',(0.0407876591435185,0.054,-0.0716594618055554));
#8880=CARTESIAN_POINT('',(0.0407876591435185,0.0545,-0.0716594618055554));
#8881=CARTESIAN_POINT('',(0.0404874348958334,0.054,-0.0715137803819443));
#8882=CARTESIAN_POINT('',(0.0404874348958334,0.0545,-0.0715137803819443));
#8883=CARTESIAN_POINT('',(0.0402747612847223,0.054,-0.0712224175347221));
#8884=CARTESIAN_POINT('',(0.0402747612847223,0.0545,-0.0712224175347221));
#8885=CARTESIAN_POINT('',(0.0411754340277778,0.054,-0.0716594618055554));
#8886=CARTESIAN_POINT('',(0.0411754340277778,0.054,-0.0716594618055554));
#8887=CARTESIAN_POINT('',(0.0411754340277778,0.054,-0.0716594618055554));
#8888=CARTESIAN_POINT('',(0.0405937717013889,0.054,-0.0716594618055554));
#8889=CARTESIAN_POINT('',(0.0402747612847223,0.054,-0.0712224175347221));
#8890=CARTESIAN_POINT('',(0.0402747612847223,0.054,-0.0712224175347221));
#8891=CARTESIAN_POINT('',(0.0402747612847223,0.054,-0.0712224175347221));
#8892=CARTESIAN_POINT('',(0.0411617033120127,0.054,-0.0700247511894662));
#8893=CARTESIAN_POINT('',(0.0417166883680556,0.054,-0.0715632269965276));
#8894=CARTESIAN_POINT('',(0.0417166286328436,0.054,-0.0715630646363583));
#8895=CARTESIAN_POINT('',(0.0411617033120127,0.054,-0.0700247511894662));
#8896=CARTESIAN_POINT('',(0.0398821750748284,0.054,-0.0663318320252235));
#8897=CARTESIAN_POINT('',(0.0422653680132588,0.054,-0.0713372151374236));
#8898=CARTESIAN_POINT('',(0.0422653680132258,0.054,-0.0713372151374106));
#8899=CARTESIAN_POINT('',(0.0398821750748284,0.054,-0.0663318320252235));
#8900=CARTESIAN_POINT('',(0.042431271701389,0.054,-0.071756228298611));
#8901=CARTESIAN_POINT('',(0.0425971571180556,0.054,-0.0721751953124999));
#8902=CARTESIAN_POINT('',(0.0425971571180556,0.054,-0.0721751953124999));
#8903=CARTESIAN_POINT('',(0.042431271701389,0.054,-0.071756228298611));
#8904=CARTESIAN_POINT('',(0.0411754340277778,0.054,-0.0725165364583332));
#8905=CARTESIAN_POINT('',(0.0411754340277778,0.0545,-0.0725165364583332));
#8906=CARTESIAN_POINT('',(0.0416468605324074,0.054,-0.0725165364583332));
#8907=CARTESIAN_POINT('',(0.0416468605324074,0.0545,-0.0725165364583332));
#8908=CARTESIAN_POINT('',(0.0421207682291667,0.054,-0.0724027560763888));
#8909=CARTESIAN_POINT('',(0.0421207682291667,0.0545,-0.0724027560763888));
#8910=CARTESIAN_POINT('',(0.0425971571180556,0.054,-0.0721751953124999));
#8911=CARTESIAN_POINT('',(0.0425971571180556,0.0545,-0.0721751953124999));
#8912=CARTESIAN_POINT('',(0.0411754340277778,0.054,-0.0725165364583332));
#8913=CARTESIAN_POINT('',(0.0411754340277778,0.054,-0.0725165364583332));
#8914=CARTESIAN_POINT('',(0.0411754340277778,0.054,-0.0725165364583332));
#8915=CARTESIAN_POINT('',(0.0418825737847223,0.054,-0.0725165364583332));
#8916=CARTESIAN_POINT('',(0.0425971571180556,0.054,-0.0721751953124999));
#8917=CARTESIAN_POINT('',(0.0399642578125,0.054,-0.0722129448784721));
#8918=CARTESIAN_POINT('',(0.0399642578125,0.0545,-0.0722129448784721));
#8919=CARTESIAN_POINT('',(0.0403087890625,0.054,-0.0724153392650462));
#8920=CARTESIAN_POINT('',(0.0403087890625,0.0545,-0.0724153392650462));
#8921=CARTESIAN_POINT('',(0.0407125144675926,0.054,-0.0725165364583332));
#8922=CARTESIAN_POINT('',(0.0407125144675926,0.0545,-0.0725165364583332));
#8923=CARTESIAN_POINT('',(0.0411754340277778,0.054,-0.0725165364583332));
#8924=CARTESIAN_POINT('',(0.0411754340277778,0.0545,-0.0725165364583332));
#8925=CARTESIAN_POINT('',(0.0399642578125,0.054,-0.0722129448784721));
#8926=CARTESIAN_POINT('',(0.0399642578125,0.054,-0.0722129448784721));
#8927=CARTESIAN_POINT('',(0.0399642578125,0.054,-0.0722129448784721));
#8928=CARTESIAN_POINT('',(0.0404810546875,0.054,-0.0725165364583332));
#8929=CARTESIAN_POINT('',(0.0411754340277778,0.054,-0.0725165364583332));
#8930=CARTESIAN_POINT('',(0.0391715169270834,0.054,-0.0713393880208332));
#8931=CARTESIAN_POINT('',(0.0391715169270834,0.0545,-0.0713393880208332));
#8932=CARTESIAN_POINT('',(0.0393554796006945,0.054,-0.0717193648726851));
#8933=CARTESIAN_POINT('',(0.0393554796006945,0.0545,-0.0717193648726851));
#8934=CARTESIAN_POINT('',(0.0396197265625,0.054,-0.072010550491898));
#8935=CARTESIAN_POINT('',(0.0396197265625,0.0545,-0.072010550491898));
#8936=CARTESIAN_POINT('',(0.0399642578125,0.054,-0.0722129448784721));
#8937=CARTESIAN_POINT('',(0.0399642578125,0.0545,-0.0722129448784721));
#8938=CARTESIAN_POINT('',(0.0391715169270834,0.054,-0.0713393880208332));
#8939=CARTESIAN_POINT('',(0.0391715169270834,0.054,-0.0713393880208332));
#8940=CARTESIAN_POINT('',(0.0391715169270834,0.054,-0.0713393880208332));
#8941=CARTESIAN_POINT('',(0.0394474609375,0.054,-0.071909353298611));
#8942=CARTESIAN_POINT('',(0.0399642578125,0.054,-0.0722129448784721));
#8943=CARTESIAN_POINT('',(0.0388955729166666,0.054,-0.0700112413194443));
#8944=CARTESIAN_POINT('',(0.0388955729166666,0.0545,-0.0700112413194443));
#8945=CARTESIAN_POINT('',(0.0388955729166666,0.054,-0.0705166956018517));
#8946=CARTESIAN_POINT('',(0.0388955729166666,0.0545,-0.0705166956018517));
#8947=CARTESIAN_POINT('',(0.0389875542534722,0.054,-0.0709594111689813));
#8948=CARTESIAN_POINT('',(0.0389875542534722,0.0545,-0.0709594111689813));
#8949=CARTESIAN_POINT('',(0.0391715169270834,0.054,-0.0713393880208332));
#8950=CARTESIAN_POINT('',(0.0391715169270834,0.0545,-0.0713393880208332));
#8951=CARTESIAN_POINT('',(0.0388955729166666,0.054,-0.0700112413194443));
#8952=CARTESIAN_POINT('',(0.0388955729166666,0.054,-0.0700112413194443));
#8953=CARTESIAN_POINT('',(0.0388955729166666,0.054,-0.0700112413194443));
#8954=CARTESIAN_POINT('',(0.0388955729166666,0.054,-0.0707694227430554));
#8955=CARTESIAN_POINT('',(0.0391715169270834,0.054,-0.0713393880208332));
#8956=CARTESIAN_POINT('',(0.03945703125,0.054,-0.0681652343749998));
#8957=CARTESIAN_POINT('',(0.03945703125,0.0545,-0.0681652343749998));
#8958=CARTESIAN_POINT('',(0.0390827256944444,0.054,-0.0685941261574073));
#8959=CARTESIAN_POINT('',(0.0390827256944444,0.0545,-0.0685941261574073));
#8960=CARTESIAN_POINT('',(0.0388955729166666,0.054,-0.0692094618055554));
#8961=CARTESIAN_POINT('',(0.0388955729166666,0.0545,-0.0692094618055554));
#8962=CARTESIAN_POINT('',(0.0388955729166666,0.054,-0.0700112413194443));
#8963=CARTESIAN_POINT('',(0.0388955729166666,0.0545,-0.0700112413194443));
#8964=CARTESIAN_POINT('',(0.03945703125,0.054,-0.0681652343749998));
#8965=CARTESIAN_POINT('',(0.03945703125,0.054,-0.0681652343749998));
#8966=CARTESIAN_POINT('',(0.03945703125,0.054,-0.0681652343749998));
#8967=CARTESIAN_POINT('',(0.0388955729166666,0.054,-0.068808572048611));
#8968=CARTESIAN_POINT('',(0.0388955729166666,0.054,-0.0700112413194443));
#8969=CARTESIAN_POINT('',(0.0410786675347223,0.054,-0.0675218967013887));
#8970=CARTESIAN_POINT('',(0.0410786675347223,0.0545,-0.0675218967013887));
#8971=CARTESIAN_POINT('',(0.0403718822337963,0.054,-0.0675218967013887));
#8972=CARTESIAN_POINT('',(0.0403718822337963,0.0545,-0.0675218967013887));
#8973=CARTESIAN_POINT('',(0.0398313368055556,0.054,-0.0677363425925924));
#8974=CARTESIAN_POINT('',(0.0398313368055556,0.0545,-0.0677363425925924));
#8975=CARTESIAN_POINT('',(0.03945703125,0.054,-0.0681652343749998));
#8976=CARTESIAN_POINT('',(0.03945703125,0.0545,-0.0681652343749998));
#8977=CARTESIAN_POINT('',(0.0410786675347223,0.054,-0.0675218967013887));
#8978=CARTESIAN_POINT('',(0.0410786675347223,0.054,-0.0675218967013887));
#8979=CARTESIAN_POINT('',(0.0410786675347223,0.054,-0.0675218967013887));
#8980=CARTESIAN_POINT('',(0.0400184895833333,0.054,-0.0675218967013887));
#8981=CARTESIAN_POINT('',(0.03945703125,0.054,-0.0681652343749998));
#8982=CARTESIAN_POINT('',(0.0424142578125001,0.054,-0.0677717881944443));
#8983=CARTESIAN_POINT('',(0.0424142578125001,0.0545,-0.0677717881944443));
#8984=CARTESIAN_POINT('',(0.0420158492476852,0.054,-0.0676051938657406));
#8985=CARTESIAN_POINT('',(0.0420158492476852,0.0545,-0.0676051938657406));
#8986=CARTESIAN_POINT('',(0.0415706524884259,0.054,-0.0675218967013887));
#8987=CARTESIAN_POINT('',(0.0415706524884259,0.0545,-0.0675218967013887));
#8988=CARTESIAN_POINT('',(0.0410786675347223,0.054,-0.0675218967013887));
#8989=CARTESIAN_POINT('',(0.0410786675347223,0.0545,-0.0675218967013887));
#8990=CARTESIAN_POINT('',(0.0424142578125001,0.054,-0.0677717881944443));
#8991=CARTESIAN_POINT('',(0.0424142578125001,0.054,-0.0677717881944443));
#8992=CARTESIAN_POINT('',(0.0424142578125001,0.054,-0.0677717881944443));
#8993=CARTESIAN_POINT('',(0.0418166449652778,0.054,-0.0675218967013887));
#8994=CARTESIAN_POINT('',(0.0410786675347223,0.054,-0.0675218967013887));
#8995=CARTESIAN_POINT('',(0.0424142578125001,0.054,-0.0682035156249998));
#8996=CARTESIAN_POINT('',(0.0424142578125001,0.054,-0.0686352430555554));
#8997=CARTESIAN_POINT('',(0.0424142578125001,0.054,-0.0686352430555554));
#8998=CARTESIAN_POINT('',(0.0424142578125001,0.054,-0.0682035156249998));
#8999=CARTESIAN_POINT('',(0.0411754340277778,0.054,-0.0683800347222221));
#9000=CARTESIAN_POINT('',(0.0411754340277778,0.0545,-0.0683800347222221));
#9001=CARTESIAN_POINT('',(0.0415164207175926,0.054,-0.0683800347222221));
#9002=CARTESIAN_POINT('',(0.0415164207175926,0.0545,-0.0683800347222221));
#9003=CARTESIAN_POINT('',(0.0419293619791667,0.054,-0.0684651041666665));
#9004=CARTESIAN_POINT('',(0.0419293619791667,0.0545,-0.0684651041666665));
#9005=CARTESIAN_POINT('',(0.0424142578125001,0.054,-0.0686352430555554));
#9006=CARTESIAN_POINT('',(0.0424142578125001,0.0545,-0.0686352430555554));
#9007=CARTESIAN_POINT('',(0.0411754340277778,0.054,-0.0683800347222221));
#9008=CARTESIAN_POINT('',(0.0411754340277778,0.054,-0.0683800347222221));
#9009=CARTESIAN_POINT('',(0.0411754340277778,0.054,-0.0683800347222221));
#9010=CARTESIAN_POINT('',(0.0416869140625,0.054,-0.0683800347222221));
#9011=CARTESIAN_POINT('',(0.0424142578125001,0.054,-0.0686352430555554));
#9012=CARTESIAN_POINT('',(0.0399557508680555,0.054,-0.070004861111111));
#9013=CARTESIAN_POINT('',(0.0399557508680555,0.0545,-0.070004861111111));
#9014=CARTESIAN_POINT('',(0.0399557508680555,0.054,-0.0689216435185184));
#9015=CARTESIAN_POINT('',(0.0399557508680555,0.0545,-0.0689216435185184));
#9016=CARTESIAN_POINT('',(0.0403623119212963,0.054,-0.0683800347222221));
#9017=CARTESIAN_POINT('',(0.0403623119212963,0.0545,-0.0683800347222221));
#9018=CARTESIAN_POINT('',(0.0411754340277778,0.054,-0.0683800347222221));
#9019=CARTESIAN_POINT('',(0.0411754340277778,0.0545,-0.0683800347222221));
#9020=CARTESIAN_POINT('',(0.0399557508680555,0.054,-0.070004861111111));
#9021=CARTESIAN_POINT('',(0.0399557508680555,0.054,-0.070004861111111));
#9022=CARTESIAN_POINT('',(0.0399557508680555,0.054,-0.070004861111111));
#9023=CARTESIAN_POINT('',(0.0399557508680555,0.054,-0.0683800347222221));
#9024=CARTESIAN_POINT('',(0.0411754340277778,0.054,-0.0683800347222221));
#9025=CARTESIAN_POINT('',(0.0402747612847223,0.054,-0.0712224175347221));
#9026=CARTESIAN_POINT('',(0.0402747612847223,0.0545,-0.0712224175347221));
#9027=CARTESIAN_POINT('',(0.0400620876736111,0.054,-0.0709310546874998));
#9028=CARTESIAN_POINT('',(0.0400620876736111,0.0545,-0.0709310546874998));
#9029=CARTESIAN_POINT('',(0.0399557508680555,0.054,-0.0705252025462961));
#9030=CARTESIAN_POINT('',(0.0399557508680555,0.0545,-0.0705252025462961));
#9031=CARTESIAN_POINT('',(0.0399557508680555,0.054,-0.070004861111111));
#9032=CARTESIAN_POINT('',(0.0399557508680555,0.0545,-0.070004861111111));
#9033=CARTESIAN_POINT('',(0.0402747612847223,0.054,-0.0712224175347221));
#9034=CARTESIAN_POINT('',(0.0399557508680555,0.054,-0.0707853732638887));
#9035=CARTESIAN_POINT('',(0.0399557508680555,0.054,-0.070004861111111));
#9036=CARTESIAN_POINT('',(0.0462620146721602,0.054,-0.055));
#9037=CARTESIAN_POINT('',(0.0531986827056177,0.054,-0.0942976470655864));
#9038=CARTESIAN_POINT('',(0.0539034443167338,0.054,-0.0943024157082061));
#9039=CARTESIAN_POINT('',(0.0539034443167338,0.054,-0.0943024157082061));
#9040=CARTESIAN_POINT('',(0.0531986827056177,0.054,-0.0942976470655864));
#9041=CARTESIAN_POINT('',(0.0524939210945016,0.054,-0.0942928784229668));
#9042=CARTESIAN_POINT('',(0.0524939210945016,0.054,-0.0942928784229668));
#9043=CARTESIAN_POINT('',(0.0538808895257096,0.054,-0.0976358068067458));
#9044=CARTESIAN_POINT('',(0.0538583347346855,0.054,-0.100969197905286));
#9045=CARTESIAN_POINT('',(0.0538583347346855,0.054,-0.100969197905286));
#9046=CARTESIAN_POINT('',(0.0538808895257096,0.054,-0.0976358068067458));
#9047=CARTESIAN_POINT('',(0.0532790586278261,0.054,-0.100965278337749));
#9048=CARTESIAN_POINT('',(0.0526997825209667,0.054,-0.100961358770213));
#9049=CARTESIAN_POINT('',(0.0526997825209667,0.054,-0.100961358770213));
#9050=CARTESIAN_POINT('',(0.0532790586278261,0.054,-0.100965278337749));
#9051=CARTESIAN_POINT('',(0.0516316456240593,0.054,-0.100099039877703));
#9052=CARTESIAN_POINT('',(0.0505635087271518,0.054,-0.0992367209851939));
#9053=CARTESIAN_POINT('',(0.0505635087271518,0.054,-0.0992367209851939));
#9054=CARTESIAN_POINT('',(0.0516316456240593,0.054,-0.100099039877703));
#9055=CARTESIAN_POINT('',(0.0509063549923093,0.054,-0.0988151430259831));
#9056=CARTESIAN_POINT('',(0.0512492012574668,0.054,-0.0983935650667723));
#9057=CARTESIAN_POINT('',(0.0512492012574668,0.054,-0.0983935650667723));
#9058=CARTESIAN_POINT('',(0.0509063549923093,0.054,-0.0988151430259831));
#9059=CARTESIAN_POINT('',(0.0516301406763596,0.054,-0.0987040339459299));
#9060=CARTESIAN_POINT('',(0.0520110800952523,0.054,-0.0990145028250876));
#9061=CARTESIAN_POINT('',(0.0520110800952523,0.054,-0.0990145028250876));
#9062=CARTESIAN_POINT('',(0.0516301406763596,0.054,-0.0987040339459299));
#9063=CARTESIAN_POINT('',(0.0524953207902577,0.054,-0.0994774275334449));
#9064=CARTESIAN_POINT('',(0.0524953207902577,0.0545,-0.0994774275334449));
#9065=CARTESIAN_POINT('',(0.0522634390615632,0.054,-0.0992423864556028));
#9066=CARTESIAN_POINT('',(0.0522634390615632,0.0545,-0.0992423864556028));
#9067=CARTESIAN_POINT('',(0.0521020254965614,0.054,-0.0990880782194837));
#9068=CARTESIAN_POINT('',(0.0521020254965614,0.0545,-0.0990880782194837));
#9069=CARTESIAN_POINT('',(0.0520110800952523,0.054,-0.0990145028250876));
#9070=CARTESIAN_POINT('',(0.0520110800952523,0.0545,-0.0990145028250876));
#9071=CARTESIAN_POINT('',(0.0524953207902577,0.054,-0.0994774275334449));
#9072=CARTESIAN_POINT('',(0.0524953207902577,0.054,-0.0994774275334449));
#9073=CARTESIAN_POINT('',(0.0524953207902577,0.054,-0.0994774275334449));
#9074=CARTESIAN_POINT('',(0.052147498197216,0.054,-0.0991248659166817));
#9075=CARTESIAN_POINT('',(0.0520110800952523,0.054,-0.0990145028250876));
#9076=CARTESIAN_POINT('',(0.052486722116425,0.054,-0.0991308092157229));
#9077=CARTESIAN_POINT('',(0.0524781234425923,0.054,-0.0987841908980009));
#9078=CARTESIAN_POINT('',(0.0524781234425923,0.054,-0.0987841908980009));
#9079=CARTESIAN_POINT('',(0.052486722116425,0.054,-0.0991308092157229));
#9080=CARTESIAN_POINT('',(0.0524729702073809,0.054,-0.0984675095049879));
#9081=CARTESIAN_POINT('',(0.0524678169721694,0.054,-0.0981508281119748));
#9082=CARTESIAN_POINT('',(0.0524678169721694,0.054,-0.0981508281119748));
#9083=CARTESIAN_POINT('',(0.0524729702073809,0.054,-0.0984675095049879));
#9084=CARTESIAN_POINT('',(0.0524808690333355,0.054,-0.0962218532674708));
#9085=CARTESIAN_POINT('',(0.0524808690333355,0.054,-0.0962218532674708));
#9086=CARTESIAN_POINT('',(0.0964861329871804,0.054,-0.055));
#9087=CARTESIAN_POINT('',(0.062932564088134,0.054,-0.0943635096223482));
#9088=CARTESIAN_POINT('',(0.0652628007195054,0.054,-0.094379276749188));
#9089=CARTESIAN_POINT('',(0.0652628007195054,0.054,-0.094379276749188));
#9090=CARTESIAN_POINT('',(0.062932564088134,0.054,-0.0943635096223482));
#9091=CARTESIAN_POINT('',(0.0606023274567626,0.054,-0.0943477424955084));
#9092=CARTESIAN_POINT('',(0.0606023274567626,0.054,-0.0943477424955084));
#9093=CARTESIAN_POINT('',(0.0652587873587913,0.054,-0.0949724146268664));
#9094=CARTESIAN_POINT('',(0.0652547739980772,0.054,-0.0955655525045449));
#9095=CARTESIAN_POINT('',(0.0652547739980772,0.054,-0.0955655525045449));
#9096=CARTESIAN_POINT('',(0.0652587873587913,0.054,-0.0949724146268664));
#9097=CARTESIAN_POINT('',(0.0638022063296175,0.054,-0.095555723966806));
#9098=CARTESIAN_POINT('',(0.0623496386611577,0.054,-0.0955458954290671));
#9099=CARTESIAN_POINT('',(0.0623496386611577,0.054,-0.0955458954290671));
#9100=CARTESIAN_POINT('',(0.0638022063296175,0.054,-0.095555723966806));
#9101=CARTESIAN_POINT('',(0.0623494263923869,0.054,-0.0955772668051312));
#9102=CARTESIAN_POINT('',(0.062349214123616,0.054,-0.0956086381811954));
#9103=CARTESIAN_POINT('',(0.062349214123616,0.054,-0.0956086381811954));
#9104=CARTESIAN_POINT('',(0.0623494263923869,0.054,-0.0955772668051312));
#9105=CARTESIAN_POINT('',(0.0627754695769986,0.054,-0.0960149913207477));
#9106=CARTESIAN_POINT('',(0.0632017250303812,0.054,-0.0964213444603001));
#9107=CARTESIAN_POINT('',(0.0632017250303812,0.054,-0.0964213444603001));
#9108=CARTESIAN_POINT('',(0.0627754695769986,0.054,-0.0960149913207477));
#9109=CARTESIAN_POINT('',(0.0643900349697285,0.054,-0.0976383326212893));
#9110=CARTESIAN_POINT('',(0.0643900349697285,0.0545,-0.0976383326212893));
#9111=CARTESIAN_POINT('',(0.064165294921821,0.054,-0.097354213447018));
#9112=CARTESIAN_POINT('',(0.064165294921821,0.0545,-0.097354213447018));
#9113=CARTESIAN_POINT('',(0.0637691916087052,0.054,-0.0969485507266882));
#9114=CARTESIAN_POINT('',(0.0637691916087052,0.0545,-0.0969485507266882));
#9115=CARTESIAN_POINT('',(0.0632017250303812,0.054,-0.0964213444603001));
#9116=CARTESIAN_POINT('',(0.0632017250303812,0.0545,-0.0964213444603001));
#9117=CARTESIAN_POINT('',(0.0643900349697285,0.054,-0.0976383326212893));
#9118=CARTESIAN_POINT('',(0.0643900349697285,0.054,-0.0976383326212893));
#9119=CARTESIAN_POINT('',(0.0643900349697285,0.054,-0.0976383326212893));
#9120=CARTESIAN_POINT('',(0.0640529248978672,0.054,-0.0972121538598823));
#9121=CARTESIAN_POINT('',(0.0632017250303812,0.054,-0.0964213444603001));
#9122=CARTESIAN_POINT('',(0.0648863790149844,0.054,-0.098469057769455));
#9123=CARTESIAN_POINT('',(0.0648863790149844,0.0545,-0.098469057769455));
#9124=CARTESIAN_POINT('',(0.0647802230327214,0.054,-0.0981993601782826));
#9125=CARTESIAN_POINT('',(0.0647802230327214,0.0545,-0.0981993601782826));
#9126=CARTESIAN_POINT('',(0.0646147750176361,0.054,-0.0979224517955607));
#9127=CARTESIAN_POINT('',(0.0646147750176361,0.0545,-0.0979224517955607));
#9128=CARTESIAN_POINT('',(0.0643900349697285,0.054,-0.0976383326212893));
#9129=CARTESIAN_POINT('',(0.0643900349697285,0.0545,-0.0976383326212893));
#9130=CARTESIAN_POINT('',(0.0648863790149844,0.054,-0.098469057769455));
#9131=CARTESIAN_POINT('',(0.0648863790149844,0.054,-0.098469057769455));
#9132=CARTESIAN_POINT('',(0.0648863790149844,0.054,-0.098469057769455));
#9133=CARTESIAN_POINT('',(0.0647271450415899,0.054,-0.0980645113826964));
#9134=CARTESIAN_POINT('',(0.0643900349697285,0.054,-0.0976383326212893));
#9135=CARTESIAN_POINT('',(0.0627438755770386,0.054,-0.099300034169264));
#9136=CARTESIAN_POINT('',(0.0650424931310956,0.054,-0.0993346904276683));
#9137=CARTESIAN_POINT('',(0.0650424931310956,0.054,-0.0993346904276683));
#9138=CARTESIAN_POINT('',(0.0627438755770386,0.054,-0.099300034169264));
#9139=CARTESIAN_POINT('',(0.0647713070980866,0.054,-0.100271851065593));
#9140=CARTESIAN_POINT('',(0.0647713070980866,0.0545,-0.100271851065593));
#9141=CARTESIAN_POINT('',(0.0649497151109438,0.054,-0.0999992149235729));
#9142=CARTESIAN_POINT('',(0.0649497151109438,0.0545,-0.0999992149235729));
#9143=CARTESIAN_POINT('',(0.0650401104552801,0.054,-0.0996868280442646));
#9144=CARTESIAN_POINT('',(0.0650401104552801,0.0545,-0.0996868280442646));
#9145=CARTESIAN_POINT('',(0.0650424931310956,0.054,-0.0993346904276683));
#9146=CARTESIAN_POINT('',(0.0650424931310956,0.0545,-0.0993346904276683));
#9147=CARTESIAN_POINT('',(0.0647713070980866,0.054,-0.100271851065593));
#9148=CARTESIAN_POINT('',(0.0647713070980866,0.054,-0.100271851065593));
#9149=CARTESIAN_POINT('',(0.0647713070980866,0.054,-0.100271851065593));
#9150=CARTESIAN_POINT('',(0.0650389191173724,0.054,-0.0998628968525628));
#9151=CARTESIAN_POINT('',(0.0650424931310956,0.054,-0.0993346904276683));
#9152=CARTESIAN_POINT('',(0.0640235590193915,0.054,-0.100905191813934));
#9153=CARTESIAN_POINT('',(0.0640235590193915,0.0545,-0.100905191813934));
#9154=CARTESIAN_POINT('',(0.0643436497256644,0.054,-0.100755600790394));
#9155=CARTESIAN_POINT('',(0.0643436497256644,0.0545,-0.100755600790394));
#9156=CARTESIAN_POINT('',(0.0645928990852295,0.054,-0.100544487207613));
#9157=CARTESIAN_POINT('',(0.0645928990852295,0.0545,-0.100544487207613));
#9158=CARTESIAN_POINT('',(0.0647713070980866,0.054,-0.100271851065593));
#9159=CARTESIAN_POINT('',(0.0647713070980866,0.0545,-0.100271851065593));
#9160=CARTESIAN_POINT('',(0.0640235590193915,0.054,-0.100905191813934));
#9161=CARTESIAN_POINT('',(0.0640235590193915,0.054,-0.100905191813934));
#9162=CARTESIAN_POINT('',(0.0640235590193915,0.054,-0.100905191813934));
#9163=CARTESIAN_POINT('',(0.0645036950788009,0.054,-0.100680805278624));
#9164=CARTESIAN_POINT('',(0.0647713070980866,0.054,-0.100271851065593));
#9165=CARTESIAN_POINT('',(0.0629189137062395,0.054,-0.101125352719759));
#9166=CARTESIAN_POINT('',(0.0629189137062395,0.0545,-0.101125352719759));
#9167=CARTESIAN_POINT('',(0.0633352532087346,0.054,-0.101128169806083));
#9168=CARTESIAN_POINT('',(0.0633352532087346,0.0545,-0.101128169806083));
#9169=CARTESIAN_POINT('',(0.0637034683131186,0.054,-0.101054782837474));
#9170=CARTESIAN_POINT('',(0.0637034683131186,0.0545,-0.101054782837474));
#9171=CARTESIAN_POINT('',(0.0640235590193915,0.054,-0.100905191813934));
#9172=CARTESIAN_POINT('',(0.0640235590193915,0.0545,-0.100905191813934));
#9173=CARTESIAN_POINT('',(0.0629189137062395,0.054,-0.101125352719759));
#9174=CARTESIAN_POINT('',(0.0629189137062395,0.054,-0.101125352719759));
#9175=CARTESIAN_POINT('',(0.0629189137062395,0.054,-0.101125352719759));
#9176=CARTESIAN_POINT('',(0.0635434229599821,0.054,-0.101129578349244));
#9177=CARTESIAN_POINT('',(0.0640235590193915,0.054,-0.100905191813934));
#9178=CARTESIAN_POINT('',(0.062899265471147,0.0540000000000001,-0.0974869830086482));
#9179=CARTESIAN_POINT('',(0.0620623044859433,0.054,-0.101026167790876));
#9180=CARTESIAN_POINT('',(0.0620622454111296,0.054,-0.101026422907409));
#9181=CARTESIAN_POINT('',(0.062899265471147,0.054,-0.0974869830086482));
#9182=CARTESIAN_POINT('',(0.0627782708998694,0.0540000000000001,-0.0981045915291591));
#9183=CARTESIAN_POINT('',(0.0613571559904823,0.054,-0.100755092425705));
#9184=CARTESIAN_POINT('',(0.0613571559904823,0.054,-0.100755092425705));
#9185=CARTESIAN_POINT('',(0.0627782708998694,0.054,-0.0981045915291591));
#9186=CARTESIAN_POINT('',(0.0605455135735279,0.054,-0.100156435559984));
#9187=CARTESIAN_POINT('',(0.0605455135735279,0.0545,-0.100156435559984));
#9188=CARTESIAN_POINT('',(0.0608714366844618,0.054,-0.100438807370287));
#9189=CARTESIAN_POINT('',(0.0608714366844618,0.0545,-0.100438807370287));
#9190=CARTESIAN_POINT('',(0.06114198415678,0.054,-0.10063835965886));
#9191=CARTESIAN_POINT('',(0.06114198415678,0.0545,-0.10063835965886));
#9192=CARTESIAN_POINT('',(0.0613571559904823,0.054,-0.100755092425705));
#9193=CARTESIAN_POINT('',(0.0613571559904823,0.0545,-0.100755092425705));
#9194=CARTESIAN_POINT('',(0.0605455135735279,0.054,-0.100156435559984));
#9195=CARTESIAN_POINT('',(0.0605455135735279,0.054,-0.100156435559984));
#9196=CARTESIAN_POINT('',(0.0605455135735279,0.054,-0.100156435559984));
#9197=CARTESIAN_POINT('',(0.0610343982399288,0.054,-0.100579993275438));
#9198=CARTESIAN_POINT('',(0.0613571559904823,0.054,-0.100755092425705));
#9199=CARTESIAN_POINT('',(0.0609316066807178,0.054,-0.0997052366109788));
#9200=CARTESIAN_POINT('',(0.0613176997879076,0.054,-0.0992540376619738));
#9201=CARTESIAN_POINT('',(0.0613176997879076,0.054,-0.0992540376619738));
#9202=CARTESIAN_POINT('',(0.0609316066807178,0.054,-0.0997052366109788));
#9203=CARTESIAN_POINT('',(0.0620759416968384,0.054,-0.0997655107686089));
#9204=CARTESIAN_POINT('',(0.0620759416968384,0.0545,-0.0997655107686089));
#9205=CARTESIAN_POINT('',(0.0618335557363423,0.054,-0.0996451890609332));
#9206=CARTESIAN_POINT('',(0.0618335557363423,0.0545,-0.0996451890609332));
#9207=CARTESIAN_POINT('',(0.0615808084333653,0.054,-0.0994746980253881));
#9208=CARTESIAN_POINT('',(0.0615808084333653,0.0545,-0.0994746980253881));
#9209=CARTESIAN_POINT('',(0.0613176997879076,0.054,-0.0992540376619738));
#9210=CARTESIAN_POINT('',(0.0613176997879076,0.0545,-0.0992540376619738));
#9211=CARTESIAN_POINT('',(0.0620759416968384,0.054,-0.0997655107686089));
#9212=CARTESIAN_POINT('',(0.0620759416968384,0.054,-0.0997655107686089));
#9213=CARTESIAN_POINT('',(0.0620759416968384,0.054,-0.0997655107686089));
#9214=CARTESIAN_POINT('',(0.0617123627560942,0.054,-0.0995850282070953));
#9215=CARTESIAN_POINT('',(0.0613176997879076,0.054,-0.0992540376619738));
#9216=CARTESIAN_POINT('',(0.0628437342580495,0.054,-0.0982551576414749));
#9217=CARTESIAN_POINT('',(0.0628261910867456,0.054,-0.0999486096661354));
#9218=CARTESIAN_POINT('',(0.0628261910867456,0.054,-0.0999486096661354));
#9219=CARTESIAN_POINT('',(0.0628437342580495,0.054,-0.0982551576414749));
#9220=CARTESIAN_POINT('',(0.063418468177707,0.054,-0.099756354725278));
#9221=CARTESIAN_POINT('',(0.063418468177707,0.0545,-0.099756354725278));
#9222=CARTESIAN_POINT('',(0.0632697240130113,0.054,-0.0998861899261295));
#9223=CARTESIAN_POINT('',(0.0632697240130113,0.0545,-0.0998861899261295));
#9224=CARTESIAN_POINT('',(0.0630722983160242,0.054,-0.0999502749064153));
#9225=CARTESIAN_POINT('',(0.0630722983160242,0.0545,-0.0999502749064153));
#9226=CARTESIAN_POINT('',(0.0628261910867456,0.054,-0.0999486096661354));
#9227=CARTESIAN_POINT('',(0.0628261910867456,0.0545,-0.0999486096661354));
#9228=CARTESIAN_POINT('',(0.063418468177707,0.054,-0.099756354725278));
#9229=CARTESIAN_POINT('',(0.063418468177707,0.054,-0.099756354725278));
#9230=CARTESIAN_POINT('',(0.063418468177707,0.054,-0.099756354725278));
#9231=CARTESIAN_POINT('',(0.0631953519306635,0.054,-0.0999511075265552));
#9232=CARTESIAN_POINT('',(0.0628261910867456,0.054,-0.0999486096661354));
#9233=CARTESIAN_POINT('',(0.0636442994904242,0.054,-0.0991603401371334));
#9234=CARTESIAN_POINT('',(0.0636442994904242,0.0545,-0.0991603401371334));
#9235=CARTESIAN_POINT('',(0.0636424894466417,0.054,-0.0994278479950449));
#9236=CARTESIAN_POINT('',(0.0636424894466417,0.0545,-0.0994278479950449));
#9237=CARTESIAN_POINT('',(0.0635672123424026,0.054,-0.0996265195244265));
#9238=CARTESIAN_POINT('',(0.0635672123424026,0.0545,-0.0996265195244265));
#9239=CARTESIAN_POINT('',(0.063418468177707,0.054,-0.099756354725278));
#9240=CARTESIAN_POINT('',(0.063418468177707,0.0545,-0.099756354725278));
#9241=CARTESIAN_POINT('',(0.0636442994904242,0.054,-0.0991603401371334));
#9242=CARTESIAN_POINT('',(0.0636442962727545,0.054,-0.0991603401120047));
#9243=CARTESIAN_POINT('',(0.0636442994904242,0.054,-0.0991603401371334));
#9244=CARTESIAN_POINT('',(0.0636415844247504,0.054,-0.0995616019240007));
#9245=CARTESIAN_POINT('',(0.063418468177707,0.054,-0.099756354725278));
#9246=CARTESIAN_POINT('',(0.0622622498869456,0.054,-0.0991495468897082));
#9247=CARTESIAN_POINT('',(0.0635471340361915,0.054,-0.0986402072802015));
#9248=CARTESIAN_POINT('',(0.0635471340361915,0.054,-0.0986402072802015));
#9249=CARTESIAN_POINT('',(0.0622622498869456,0.054,-0.0991495468897082));
#9250=CARTESIAN_POINT('',(0.0632225164906787,0.054,-0.0980929993995777));
#9251=CARTESIAN_POINT('',(0.0632225164906787,0.0545,-0.0980929993995777));
#9252=CARTESIAN_POINT('',(0.0633729401343588,0.054,-0.0982900364912114));
#9253=CARTESIAN_POINT('',(0.0633729401343588,0.0545,-0.0982900364912114));
#9254=CARTESIAN_POINT('',(0.0634811459828631,0.054,-0.098472439118086));
#9255=CARTESIAN_POINT('',(0.0634811459828631,0.0545,-0.098472439118086));
#9256=CARTESIAN_POINT('',(0.0635471340361915,0.054,-0.0986402072802015));
#9257=CARTESIAN_POINT('',(0.0635471340361915,0.0545,-0.0986402072802015));
#9258=CARTESIAN_POINT('',(0.0632225164906787,0.054,-0.0980929993995777));
#9259=CARTESIAN_POINT('',(0.0632225164906787,0.054,-0.0980929993995777));
#9260=CARTESIAN_POINT('',(0.0632225164906787,0.054,-0.0980929993995777));
#9261=CARTESIAN_POINT('',(0.0634481519561989,0.054,-0.0983885550370282));
#9262=CARTESIAN_POINT('',(0.0635471340361915,0.054,-0.0986402072802015));
#9263=CARTESIAN_POINT('',(0.062257876490538,0.054,-0.0970307407212606));
#9264=CARTESIAN_POINT('',(0.062257876490538,0.0545,-0.0970307407212606));
#9265=CARTESIAN_POINT('',(0.062750546180285,0.054,-0.0975418760818384));
#9266=CARTESIAN_POINT('',(0.062750546180285,0.0545,-0.0975418760818384));
#9267=CARTESIAN_POINT('',(0.0630720928469986,0.054,-0.0978959623079441));
#9268=CARTESIAN_POINT('',(0.0630720928469986,0.0545,-0.0978959623079441));
#9269=CARTESIAN_POINT('',(0.0632225164906787,0.054,-0.0980929993995777));
#9270=CARTESIAN_POINT('',(0.0632225164906787,0.0545,-0.0980929993995777));
#9271=CARTESIAN_POINT('',(0.062257876490538,0.054,-0.0970307407212606));
#9272=CARTESIAN_POINT('',(0.062257876490538,0.054,-0.0970307407212606));
#9273=CARTESIAN_POINT('',(0.062257876490538,0.054,-0.0970307407212606));
#9274=CARTESIAN_POINT('',(0.0629968810251585,0.054,-0.0977974437621273));
#9275=CARTESIAN_POINT('',(0.0632225164906787,0.054,-0.0980929993995777));
#9276=CARTESIAN_POINT('',(0.0614267846570453,0.054,-0.0961795105552478));
#9277=CARTESIAN_POINT('',(0.0605956928235526,0.054,-0.0953282803892351));
#9278=CARTESIAN_POINT('',(0.0605956928235526,0.054,-0.0953282803892351));
#9279=CARTESIAN_POINT('',(0.0614267846570453,0.054,-0.0961795105552478));
#9280=CARTESIAN_POINT('',(0.0605990101401576,0.054,-0.0948380114423717));
#9281=CARTESIAN_POINT('',(0.0605990101401576,0.054,-0.0948380114423717));
#9282=CARTESIAN_POINT('',(0.0964861329871804,0.054,-0.055));
#9283=CARTESIAN_POINT('',(0.503139163574652,0.054,-0.231978631995818));
#9284=CARTESIAN_POINT('',(0.503139163574652,0.0545,-0.231978631995818));
#9285=CARTESIAN_POINT('',(0.0414870008680556,0.0545,-0.0881203993055556));
#9286=CARTESIAN_POINT('',(0.0409371919246442,0.0545,-0.0898983361369777));
#9287=CARTESIAN_POINT('',(0.0414871821038273,0.054,-0.0881203993055556));
#9288=CARTESIAN_POINT('',(0.0414870008680556,0.054,-0.0881203993055556));
#9289=CARTESIAN_POINT('',(0.503139163574652,0.054,-0.231978631995818));
#9290=CARTESIAN_POINT('',(0.0409371919137484,0.05400000025,-0.0898983361723661));
#9291=CARTESIAN_POINT('',(0.0409372395833333,0.054,-0.0898983506944445));
#9292=CARTESIAN_POINT('',(0.040854296875,0.054,-0.0881203993055556));
#9293=CARTESIAN_POINT('',(0.040854296875,0.0545,-0.0881203993055556));
#9294=CARTESIAN_POINT('',(0.0402215928819444,0.0545,-0.0881203993055556));
#9295=CARTESIAN_POINT('',(0.0402215928819444,0.054,-0.0881203993055556));
#9296=CARTESIAN_POINT('',(0.0402215928819444,0.054,-0.0881203993055556));
#9297=CARTESIAN_POINT('',(0.040854296875,0.054,-0.0881203993055556));
#9298=CARTESIAN_POINT('',(0.0408489800347223,0.054,-0.0902237413194445));
#9299=CARTESIAN_POINT('',(0.0408489800347223,0.0545,-0.0902237413194445));
#9300=CARTESIAN_POINT('',(0.0407759620949074,0.054,-0.0899401765046296));
#9301=CARTESIAN_POINT('',(0.0407759620949074,0.0545,-0.0899401765046296));
#9302=CARTESIAN_POINT('',(0.0405668330439815,0.054,-0.0892390625));
#9303=CARTESIAN_POINT('',(0.0405668330439815,0.0545,-0.0892390625));
#9304=CARTESIAN_POINT('',(0.0402215928819444,0.054,-0.0881203993055556));
#9305=CARTESIAN_POINT('',(0.0402215928819444,0.0545,-0.0881203993055556));
#9306=CARTESIAN_POINT('',(0.0408489800347223,0.0545,-0.0902237413194445));
#9307=CARTESIAN_POINT('',(0.040739453125,0.0545,-0.0897983940972222));
#9308=CARTESIAN_POINT('',(0.0402215928819444,0.0545,-0.0881203993055556));
#9309=CARTESIAN_POINT('',(0.0408489800347223,0.0545,-0.0902237413194445));
#9310=CARTESIAN_POINT('',(0.0408489800347223,0.054,-0.0902237413194445));
#9311=CARTESIAN_POINT('',(0.0408489800347223,0.054,-0.0902237413194445));
#9312=CARTESIAN_POINT('',(0.0408489800347223,0.054,-0.0902237413194445));
#9313=CARTESIAN_POINT('',(0.040739453125,0.054,-0.0897983940972222));
#9314=CARTESIAN_POINT('',(0.0402215928819444,0.054,-0.0881203993055556));
#9315=CARTESIAN_POINT('',(0.0419096896701389,0.054,-0.0866784722222222));
#9316=CARTESIAN_POINT('',(0.0420856770833333,0.054,-0.0861));
#9317=CARTESIAN_POINT('',(0.0420856770833333,0.054,-0.0861));
#9318=CARTESIAN_POINT('',(0.0419096896701389,0.054,-0.0866784722222222));
#9319=CARTESIAN_POINT('',(0.0417337022569444,0.054,-0.0872569444444444));
#9320=CARTESIAN_POINT('',(0.0417337022569444,0.054,-0.0872569444444444));
#9321=CARTESIAN_POINT('',(0.0426407552083333,0.054,-0.0861));
#9322=CARTESIAN_POINT('',(0.0431958333333333,0.054,-0.0861));
#9323=CARTESIAN_POINT('',(0.0431958333333333,0.054,-0.0861));
#9324=CARTESIAN_POINT('',(0.0426407552083333,0.054,-0.0861));
#9325=CARTESIAN_POINT('',(0.0423350368923612,0.054,-0.0885393663194445));
#9326=CARTESIAN_POINT('',(0.0414742404513889,0.054,-0.0909787326388889));
#9327=CARTESIAN_POINT('',(0.0414742404513889,0.054,-0.0909787326388889));
#9328=CARTESIAN_POINT('',(0.0423350368923612,0.054,-0.0885393663194445));
#9329=CARTESIAN_POINT('',(0.0408447265625,0.054,-0.0909787326388889));
#9330=CARTESIAN_POINT('',(0.0402152126736112,0.054,-0.0909787326388889));
#9331=CARTESIAN_POINT('',(0.0402152126736112,0.054,-0.0909787326388889));
#9332=CARTESIAN_POINT('',(0.0408447265625,0.054,-0.0909787326388889));
#9333=CARTESIAN_POINT('',(0.0393576063368056,0.054,-0.0885393663194445));
#9334=CARTESIAN_POINT('',(0.0385,0.054,-0.0861));
#9335=CARTESIAN_POINT('',(0.0385,0.054,-0.0861));
#9336=CARTESIAN_POINT('',(0.0393576063368056,0.054,-0.0885393663194445));
#9337=CARTESIAN_POINT('',(0.039055078125,0.054,-0.0861));
#9338=CARTESIAN_POINT('',(0.03961015625,0.054,-0.0861));
#9339=CARTESIAN_POINT('',(0.03961015625,0.054,-0.0861));
#9340=CARTESIAN_POINT('',(0.039055078125,0.054,-0.0861));
#9341=CARTESIAN_POINT('',(0.0397861436631944,0.054,-0.0866784722222222));
#9342=CARTESIAN_POINT('',(0.0399621310763889,0.054,-0.0872569444444444));
#9343=CARTESIAN_POINT('',(0.0399621310763889,0.054,-0.0872569444444444));
#9344=CARTESIAN_POINT('',(0.0397861436631944,0.054,-0.0866784722222222));
#9345=CARTESIAN_POINT('',(0.0408479166666667,0.054,-0.0872569444444444));
#9346=CARTESIAN_POINT('',(0.0408479166666667,0.054,-0.0872569444444444));
#9347=CARTESIAN_POINT('',(0.0459288062044633,0.054,-0.0914352115180127));
#9348=CARTESIAN_POINT('',(0.0459288062044633,0.0545,-0.0914352115180127));
#9349=CARTESIAN_POINT('',(0.0459288062044633,0.054,-0.0914352115180127));
#9350=CARTESIAN_POINT('',(0.0462620146721602,0.054,-0.055));
#9351=CARTESIAN_POINT('',(0.0420718532986111,0.054,-0.0607822699652775));
#9352=CARTESIAN_POINT('',(0.0420718532986111,0.0545,-0.0607822699652775));
#9353=CARTESIAN_POINT('',(0.0420718532986111,0.054,-0.061825788483796));
#9354=CARTESIAN_POINT('',(0.0420718532986111,0.0545,-0.061825788483796));
#9355=CARTESIAN_POINT('',(0.0416110604745371,0.054,-0.0623475477430553));
#9356=CARTESIAN_POINT('',(0.0416110604745371,0.0545,-0.0623475477430553));
#9357=CARTESIAN_POINT('',(0.0406894748263889,0.054,-0.0623475477430553));
#9358=CARTESIAN_POINT('',(0.0406894748263889,0.0545,-0.0623475477430553));
#9359=CARTESIAN_POINT('',(0.0420718532986111,0.0545,-0.0607822699652775));
#9360=CARTESIAN_POINT('',(0.0420718532986111,0.0545,-0.0623475477430553));
#9361=CARTESIAN_POINT('',(0.0406894748263889,0.0545,-0.0623475477430553));
#9362=CARTESIAN_POINT('',(0.0420718532986111,0.0545,-0.0607822699652775));
#9363=CARTESIAN_POINT('',(0.0406894748263889,0.0545,-0.0623475477430553));
#9364=CARTESIAN_POINT('',(0.0420718532986111,0.054,-0.0607822699652775));
#9365=CARTESIAN_POINT('',(0.0420718532986111,0.054,-0.0607822699652775));
#9366=CARTESIAN_POINT('',(0.0420718532986111,0.054,-0.0607822699652775));
#9367=CARTESIAN_POINT('',(0.0420718532986111,0.054,-0.0623475477430553));
#9368=CARTESIAN_POINT('',(0.0406894748263889,0.054,-0.0623475477430553));
#9369=CARTESIAN_POINT('',(0.0406894748263889,0.054,-0.0623475477430553));
#9370=CARTESIAN_POINT('',(0.0406894748263889,0.054,-0.0623475477430553));
#9371=CARTESIAN_POINT('',(0.0405831380208333,0.054,-0.0591840277777775));
#9372=CARTESIAN_POINT('',(0.0405831380208333,0.0545,-0.0591840277777775));
#9373=CARTESIAN_POINT('',(0.0415756148726852,0.054,-0.0591840277777775));
#9374=CARTESIAN_POINT('',(0.0415756148726852,0.0545,-0.0591840277777775));
#9375=CARTESIAN_POINT('',(0.0420718532986111,0.054,-0.0597167751736108));
#9376=CARTESIAN_POINT('',(0.0420718532986111,0.0545,-0.0597167751736108));
#9377=CARTESIAN_POINT('',(0.0420718532986111,0.054,-0.0607822699652775));
#9378=CARTESIAN_POINT('',(0.0420718532986111,0.0545,-0.0607822699652775));
#9379=CARTESIAN_POINT('',(0.0405831380208333,0.0545,-0.0591840277777775));
#9380=CARTESIAN_POINT('',(0.0420718532986111,0.0545,-0.0591840277777775));
#9381=CARTESIAN_POINT('',(0.0420718532986111,0.0545,-0.0607822699652775));
#9382=CARTESIAN_POINT('',(0.0405831380208333,0.0545,-0.0591840277777775));
#9383=CARTESIAN_POINT('',(0.0405831380208333,0.054,-0.0591840277777775));
#9384=CARTESIAN_POINT('',(0.0405831380208333,0.054,-0.0591840277777775));
#9385=CARTESIAN_POINT('',(0.0405831380208333,0.054,-0.0591840277777775));
#9386=CARTESIAN_POINT('',(0.0420718532986111,0.054,-0.0591840277777775));
#9387=CARTESIAN_POINT('',(0.0420718532986111,0.054,-0.0607822699652775));
#9388=CARTESIAN_POINT('',(0.0403624891493056,0.054,-0.0591840277777775));
#9389=CARTESIAN_POINT('',(0.0403624891493056,0.0545,-0.0591840277777775));
#9390=CARTESIAN_POINT('',(0.0401418402777778,0.0545,-0.0591840277777775));
#9391=CARTESIAN_POINT('',(0.0401418402777778,0.054,-0.0591840277777775));
#9392=CARTESIAN_POINT('',(0.0401418402777778,0.054,-0.0591840277777775));
#9393=CARTESIAN_POINT('',(0.0403624891493056,0.054,-0.0591840277777775));
#9394=CARTESIAN_POINT('',(0.0401418402777778,0.054,-0.0607657877604164));
#9395=CARTESIAN_POINT('',(0.0401418402777778,0.0545,-0.0607657877604164));
#9396=CARTESIAN_POINT('',(0.0401418402777778,0.0545,-0.0623475477430553));
#9397=CARTESIAN_POINT('',(0.0401418402777778,0.054,-0.0623475477430553));
#9398=CARTESIAN_POINT('',(0.0401418402777778,0.054,-0.0623475477430553));
#9399=CARTESIAN_POINT('',(0.0401418402777778,0.054,-0.0607657877604164));
#9400=CARTESIAN_POINT('',(0.0431426649305556,0.054,-0.0608088541666664));
#9401=CARTESIAN_POINT('',(0.0431426649305556,0.0545,-0.0608088541666664));
#9402=CARTESIAN_POINT('',(0.0431426649305556,0.054,-0.0600092013888887));
#9403=CARTESIAN_POINT('',(0.0431426649305556,0.0545,-0.0600092013888887));
#9404=CARTESIAN_POINT('',(0.0429149269386574,0.054,-0.0593967013888887));
#9405=CARTESIAN_POINT('',(0.0429149269386574,0.0545,-0.0593967013888887));
#9406=CARTESIAN_POINT('',(0.0424594509548612,0.054,-0.0589713541666664));
#9407=CARTESIAN_POINT('',(0.0424594509548612,0.0545,-0.0589713541666664));
#9408=CARTESIAN_POINT('',(0.0431426649305556,0.054,-0.0608088541666664));
#9409=CARTESIAN_POINT('',(0.0431426649305556,0.054,-0.0608088541666664));
#9410=CARTESIAN_POINT('',(0.0431426649305556,0.054,-0.0608088541666664));
#9411=CARTESIAN_POINT('',(0.0431426649305556,0.054,-0.0596093749999998));
#9412=CARTESIAN_POINT('',(0.0424594509548612,0.054,-0.0589713541666664));
#9413=CARTESIAN_POINT('',(0.0424594509548612,0.054,-0.0589713541666664));
#9414=CARTESIAN_POINT('',(0.0424594509548612,0.054,-0.0589713541666664));
#9415=CARTESIAN_POINT('',(0.0424844401041667,0.054,-0.0625639431423609));
#9416=CARTESIAN_POINT('',(0.0424844401041667,0.0545,-0.0625639431423609));
#9417=CARTESIAN_POINT('',(0.0429232566550926,0.054,-0.0621453305844905));
#9418=CARTESIAN_POINT('',(0.0429232566550926,0.0545,-0.0621453305844905));
#9419=CARTESIAN_POINT('',(0.0431426649305556,0.054,-0.0615603009259257));
#9420=CARTESIAN_POINT('',(0.0431426649305556,0.0545,-0.0615603009259257));
#9421=CARTESIAN_POINT('',(0.0431426649305556,0.054,-0.0608088541666664));
#9422=CARTESIAN_POINT('',(0.0431426649305556,0.0545,-0.0608088541666664));
#9423=CARTESIAN_POINT('',(0.0424844401041667,0.054,-0.0625639431423609));
#9424=CARTESIAN_POINT('',(0.0424844401041667,0.054,-0.0625639431423609));
#9425=CARTESIAN_POINT('',(0.0424844401041667,0.054,-0.0625639431423609));
#9426=CARTESIAN_POINT('',(0.0431426649305556,0.054,-0.0619360243055553));
#9427=CARTESIAN_POINT('',(0.0431426649305556,0.054,-0.0608088541666664));
#9428=CARTESIAN_POINT('',(0.0406363064236112,0.054,-0.0631918619791665));
#9429=CARTESIAN_POINT('',(0.0406363064236112,0.0545,-0.0631918619791665));
#9430=CARTESIAN_POINT('',(0.0414295789930556,0.054,-0.0631918619791665));
#9431=CARTESIAN_POINT('',(0.0414295789930556,0.0545,-0.0631918619791665));
#9432=CARTESIAN_POINT('',(0.0420456235532408,0.054,-0.0629825557002313));
#9433=CARTESIAN_POINT('',(0.0420456235532408,0.0545,-0.0629825557002313));
#9434=CARTESIAN_POINT('',(0.0424844401041667,0.054,-0.0625639431423609));
#9435=CARTESIAN_POINT('',(0.0424844401041667,0.0545,-0.0625639431423609));
#9436=CARTESIAN_POINT('',(0.0406363064236112,0.054,-0.0631918619791665));
#9437=CARTESIAN_POINT('',(0.0406363064236112,0.054,-0.0631918619791665));
#9438=CARTESIAN_POINT('',(0.0406363064236112,0.054,-0.0631918619791665));
#9439=CARTESIAN_POINT('',(0.0418262152777778,0.054,-0.0631918619791665));
#9440=CARTESIAN_POINT('',(0.0424844401041667,0.054,-0.0625639431423609));
#9441=CARTESIAN_POINT('',(0.0398738715277778,0.054,-0.0631918619791665));
#9442=CARTESIAN_POINT('',(0.0391114366319444,0.054,-0.0631918619791665));
#9443=CARTESIAN_POINT('',(0.0391114366319444,0.054,-0.0631918619791665));
#9444=CARTESIAN_POINT('',(0.0398738715277778,0.054,-0.0631918619791665));
#9445=CARTESIAN_POINT('',(0.0391114366319444,0.054,-0.0607625976562498));
#9446=CARTESIAN_POINT('',(0.0391114366319444,0.054,-0.0583333333333331));
#9447=CARTESIAN_POINT('',(0.0391114366319444,0.054,-0.0583333333333331));
#9448=CARTESIAN_POINT('',(0.0391114366319444,0.054,-0.0607625976562498));
#9449=CARTESIAN_POINT('',(0.0397994357638889,0.054,-0.0583333333333331));
#9450=CARTESIAN_POINT('',(0.0404874348958333,0.054,-0.0583333333333331));
#9451=CARTESIAN_POINT('',(0.0404874348958333,0.054,-0.0583333333333331));
#9452=CARTESIAN_POINT('',(0.0397994357638889,0.054,-0.0583333333333331));
#9453=CARTESIAN_POINT('',(0.0424594509548612,0.054,-0.0589713541666664));
#9454=CARTESIAN_POINT('',(0.0424594509548612,0.0545,-0.0589713541666664));
#9455=CARTESIAN_POINT('',(0.0420039749710649,0.054,-0.0585460069444442));
#9456=CARTESIAN_POINT('',(0.0420039749710649,0.0545,-0.0585460069444442));
#9457=CARTESIAN_POINT('',(0.0413466362847223,0.054,-0.0583333333333331));
#9458=CARTESIAN_POINT('',(0.0413466362847223,0.0545,-0.0583333333333331));
#9459=CARTESIAN_POINT('',(0.0404874348958333,0.054,-0.0583333333333331));
#9460=CARTESIAN_POINT('',(0.0404874348958333,0.0545,-0.0583333333333331));
#9461=CARTESIAN_POINT('',(0.0424594509548612,0.054,-0.0589713541666664));
#9462=CARTESIAN_POINT('',(0.0417762369791667,0.054,-0.0583333333333331));
#9463=CARTESIAN_POINT('',(0.0404874348958333,0.054,-0.0583333333333331));
#9464=CARTESIAN_POINT('',(0.0404156575520834,0.054,-0.0623475477430553));
#9465=CARTESIAN_POINT('',(0.0404156575520834,0.0545,-0.0623475477430553));
#9466=CARTESIAN_POINT('',(0.0404156575520834,0.054,-0.0623475477430553));
#9467=CARTESIAN_POINT('',(0.0462620146721602,0.054,-0.055));
#9468=CARTESIAN_POINT('',(0.0401418402777778,0.054,-0.0783283745659721));
#9469=CARTESIAN_POINT('',(0.0401418402777778,0.0545,-0.0783283745659721));
#9470=CARTESIAN_POINT('',(0.0401418402777778,0.0545,-0.0789616102430555));
#9471=CARTESIAN_POINT('',(0.0401418402777778,0.0545,-0.0776951388888888));
#9472=CARTESIAN_POINT('',(0.0401418402777778,0.054,-0.0789616102430555));
#9473=CARTESIAN_POINT('',(0.0401418402777778,0.054,-0.0789616102430555));
#9474=CARTESIAN_POINT('',(0.0401418402777778,0.054,-0.0783283745659721));
#9475=CARTESIAN_POINT('',(0.0401418402777778,0.054,-0.0776951388888888));
#9476=CARTESIAN_POINT('',(0.0401418402777778,0.054,-0.0776951388888888));
#9477=CARTESIAN_POINT('',(0.0404608506944445,0.054,-0.0789616102430555));
#9478=CARTESIAN_POINT('',(0.0404608506944445,0.0545,-0.0789616102430555));
#9479=CARTESIAN_POINT('',(0.0407798611111111,0.0545,-0.0789616102430555));
#9480=CARTESIAN_POINT('',(0.0407798611111111,0.054,-0.0789616102430555));
#9481=CARTESIAN_POINT('',(0.0407798611111111,0.054,-0.0789616102430555));
#9482=CARTESIAN_POINT('',(0.0404608506944445,0.054,-0.0789616102430555));
#9483=CARTESIAN_POINT('',(0.0416433159722222,0.054,-0.0783565538194444));
#9484=CARTESIAN_POINT('',(0.0416433159722222,0.0545,-0.0783565538194444));
#9485=CARTESIAN_POINT('',(0.0416433159722222,0.054,-0.0787599247685185));
#9486=CARTESIAN_POINT('',(0.0416433159722222,0.0545,-0.0787599247685185));
#9487=CARTESIAN_POINT('',(0.0413554976851852,0.054,-0.0789616102430555));
#9488=CARTESIAN_POINT('',(0.0413554976851852,0.0545,-0.0789616102430555));
#9489=CARTESIAN_POINT('',(0.0407798611111111,0.054,-0.0789616102430555));
#9490=CARTESIAN_POINT('',(0.0407798611111111,0.0545,-0.0789616102430555));
#9491=CARTESIAN_POINT('',(0.0416433159722222,0.0545,-0.0783565538194444));
#9492=CARTESIAN_POINT('',(0.0416433159722222,0.0545,-0.0789616102430555));
#9493=CARTESIAN_POINT('',(0.0407798611111111,0.0545,-0.0789616102430555));
#9494=CARTESIAN_POINT('',(0.0416433159722222,0.0545,-0.0783565538194444));
#9495=CARTESIAN_POINT('',(0.0416433159722222,0.054,-0.0783565538194444));
#9496=CARTESIAN_POINT('',(0.0416433159722222,0.054,-0.0783565538194444));
#9497=CARTESIAN_POINT('',(0.0416433159722222,0.054,-0.0783565538194444));
#9498=CARTESIAN_POINT('',(0.0416433159722222,0.054,-0.0789616102430555));
#9499=CARTESIAN_POINT('',(0.0407798611111111,0.054,-0.0789616102430555));
#9500=CARTESIAN_POINT('',(0.0414407443576389,0.054,-0.0778578342013888));
#9501=CARTESIAN_POINT('',(0.0414407443576389,0.0545,-0.0778578342013888));
#9502=CARTESIAN_POINT('',(0.0415757921006945,0.054,-0.0779662977430555));
#9503=CARTESIAN_POINT('',(0.0415757921006945,0.0545,-0.0779662977430555));
#9504=CARTESIAN_POINT('',(0.0416433159722222,0.054,-0.0781325376157407));
#9505=CARTESIAN_POINT('',(0.0416433159722222,0.0545,-0.0781325376157407));
#9506=CARTESIAN_POINT('',(0.0416433159722222,0.054,-0.0783565538194444));
#9507=CARTESIAN_POINT('',(0.0416433159722222,0.0545,-0.0783565538194444));
#9508=CARTESIAN_POINT('',(0.0414407443576389,0.0545,-0.0778578342013888));
#9509=CARTESIAN_POINT('',(0.0416433159722222,0.0545,-0.0780205295138888));
#9510=CARTESIAN_POINT('',(0.0416433159722222,0.0545,-0.0783565538194444));
#9511=CARTESIAN_POINT('',(0.0414407443576389,0.0545,-0.0778578342013888));
#9512=CARTESIAN_POINT('',(0.0414407443576389,0.054,-0.0778578342013888));
#9513=CARTESIAN_POINT('',(0.0414407443576389,0.054,-0.0778578342013888));
#9514=CARTESIAN_POINT('',(0.0414407443576389,0.054,-0.0778578342013888));
#9515=CARTESIAN_POINT('',(0.0416433159722222,0.054,-0.0780205295138888));
#9516=CARTESIAN_POINT('',(0.0416433159722222,0.054,-0.0783565538194444));
#9517=CARTESIAN_POINT('',(0.0408128255208333,0.054,-0.0776951388888888));
#9518=CARTESIAN_POINT('',(0.0408128255208333,0.0545,-0.0776951388888888));
#9519=CARTESIAN_POINT('',(0.0410963903356482,0.054,-0.0776951388888888));
#9520=CARTESIAN_POINT('',(0.0410963903356482,0.0545,-0.0776951388888888));
#9521=CARTESIAN_POINT('',(0.0413056966145834,0.054,-0.0777493706597221));
#9522=CARTESIAN_POINT('',(0.0413056966145834,0.0545,-0.0777493706597221));
#9523=CARTESIAN_POINT('',(0.0414407443576389,0.054,-0.0778578342013888));
#9524=CARTESIAN_POINT('',(0.0414407443576389,0.0545,-0.0778578342013888));
#9525=CARTESIAN_POINT('',(0.0408128255208333,0.0545,-0.0776951388888888));
#9526=CARTESIAN_POINT('',(0.0412381727430556,0.0545,-0.0776951388888888));
#9527=CARTESIAN_POINT('',(0.0414407443576389,0.0545,-0.0778578342013888));
#9528=CARTESIAN_POINT('',(0.0408128255208333,0.0545,-0.0776951388888888));
#9529=CARTESIAN_POINT('',(0.0408128255208333,0.054,-0.0776951388888888));
#9530=CARTESIAN_POINT('',(0.0408128255208333,0.054,-0.0776951388888888));
#9531=CARTESIAN_POINT('',(0.0408128255208333,0.054,-0.0776951388888888));
#9532=CARTESIAN_POINT('',(0.0412381727430556,0.054,-0.0776951388888888));
#9533=CARTESIAN_POINT('',(0.0414407443576389,0.054,-0.0778578342013888));
#9534=CARTESIAN_POINT('',(0.0404406467013889,0.054,-0.0797782769097222));
#9535=CARTESIAN_POINT('',(0.0404406467013889,0.0545,-0.0797782769097222));
#9536=CARTESIAN_POINT('',(0.0401418402777778,0.0545,-0.0797782769097222));
#9537=CARTESIAN_POINT('',(0.040739453125,0.0545,-0.0797782769097222));
#9538=CARTESIAN_POINT('',(0.0401418402777778,0.054,-0.0797782769097222));
#9539=CARTESIAN_POINT('',(0.0401418402777778,0.054,-0.0797782769097222));
#9540=CARTESIAN_POINT('',(0.0404406467013889,0.054,-0.0797782769097222));
#9541=CARTESIAN_POINT('',(0.040739453125,0.054,-0.0797782769097222));
#9542=CARTESIAN_POINT('',(0.040739453125,0.054,-0.0797782769097222));
#9543=CARTESIAN_POINT('',(0.0401418402777778,0.054,-0.0803184678819444));
#9544=CARTESIAN_POINT('',(0.0401418402777778,0.0545,-0.0803184678819444));
#9545=CARTESIAN_POINT('',(0.0401418402777778,0.0545,-0.0808586588541666));
#9546=CARTESIAN_POINT('',(0.0401418402777778,0.054,-0.0808586588541666));
#9547=CARTESIAN_POINT('',(0.0401418402777778,0.054,-0.0808586588541666));
#9548=CARTESIAN_POINT('',(0.0401418402777778,0.054,-0.0803184678819444));
#9549=CARTESIAN_POINT('',(0.0404124674479167,0.054,-0.0808586588541666));
#9550=CARTESIAN_POINT('',(0.0404124674479167,0.0545,-0.0808586588541666));
#9551=CARTESIAN_POINT('',(0.0406830946180556,0.0545,-0.0808586588541666));
#9552=CARTESIAN_POINT('',(0.0406830946180556,0.054,-0.0808586588541666));
#9553=CARTESIAN_POINT('',(0.0406830946180556,0.054,-0.0808586588541666));
#9554=CARTESIAN_POINT('',(0.0404124674479167,0.054,-0.0808586588541666));
#9555=CARTESIAN_POINT('',(0.0413296223958333,0.054,-0.0807374348958333));
#9556=CARTESIAN_POINT('',(0.0413296223958333,0.0545,-0.0807374348958333));
#9557=CARTESIAN_POINT('',(0.0411935112847222,0.054,-0.0808182508680555));
#9558=CARTESIAN_POINT('',(0.0411935112847222,0.0545,-0.0808182508680555));
#9559=CARTESIAN_POINT('',(0.040978002025463,0.054,-0.0808586588541666));
#9560=CARTESIAN_POINT('',(0.040978002025463,0.0545,-0.0808586588541666));
#9561=CARTESIAN_POINT('',(0.0406830946180556,0.054,-0.0808586588541666));
#9562=CARTESIAN_POINT('',(0.0406830946180556,0.0545,-0.0808586588541666));
#9563=CARTESIAN_POINT('',(0.0413296223958333,0.0545,-0.0807374348958333));
#9564=CARTESIAN_POINT('',(0.0411254557291667,0.0545,-0.0808586588541666));
#9565=CARTESIAN_POINT('',(0.0406830946180556,0.0545,-0.0808586588541666));
#9566=CARTESIAN_POINT('',(0.0413296223958333,0.0545,-0.0807374348958333));
#9567=CARTESIAN_POINT('',(0.0413296223958333,0.054,-0.0807374348958333));
#9568=CARTESIAN_POINT('',(0.0413296223958333,0.054,-0.0807374348958333));
#9569=CARTESIAN_POINT('',(0.0413296223958333,0.054,-0.0807374348958333));
#9570=CARTESIAN_POINT('',(0.0411254557291667,0.054,-0.0808586588541666));
#9571=CARTESIAN_POINT('',(0.0406830946180556,0.054,-0.0808586588541666));
#9572=CARTESIAN_POINT('',(0.0415337890625,0.054,-0.0803365451388888));
#9573=CARTESIAN_POINT('',(0.0415337890625,0.0545,-0.0803365451388888));
#9574=CARTESIAN_POINT('',(0.0415337890625,0.054,-0.0805229890046295));
#9575=CARTESIAN_POINT('',(0.0415337890625,0.0545,-0.0805229890046295));
#9576=CARTESIAN_POINT('',(0.0414657335069445,0.054,-0.080656618923611));
#9577=CARTESIAN_POINT('',(0.0414657335069445,0.0545,-0.080656618923611));
#9578=CARTESIAN_POINT('',(0.0413296223958333,0.054,-0.0807374348958333));
#9579=CARTESIAN_POINT('',(0.0413296223958333,0.0545,-0.0807374348958333));
#9580=CARTESIAN_POINT('',(0.0415337890625,0.0545,-0.0803365451388888));
#9581=CARTESIAN_POINT('',(0.0415337890625,0.0545,-0.0806162109374999));
#9582=CARTESIAN_POINT('',(0.0413296223958333,0.0545,-0.0807374348958333));
#9583=CARTESIAN_POINT('',(0.0415337890625,0.0545,-0.0803365451388888));
#9584=CARTESIAN_POINT('',(0.0415337890625,0.054,-0.0803365451388888));
#9585=CARTESIAN_POINT('',(0.0415337890625,0.054,-0.0803365451388888));
#9586=CARTESIAN_POINT('',(0.0415337890625,0.054,-0.0803365451388888));
#9587=CARTESIAN_POINT('',(0.0415337890625,0.054,-0.0806162109374999));
#9588=CARTESIAN_POINT('',(0.0413296223958333,0.054,-0.0807374348958333));
#9589=CARTESIAN_POINT('',(0.0413461046006945,0.054,-0.0799080078124999));
#9590=CARTESIAN_POINT('',(0.0413461046006945,0.0545,-0.0799080078124999));
#9591=CARTESIAN_POINT('',(0.0414712275752315,0.054,-0.0799944950810184));
#9592=CARTESIAN_POINT('',(0.0414712275752315,0.0545,-0.0799944950810184));
#9593=CARTESIAN_POINT('',(0.0415337890625,0.054,-0.0801373408564814));
#9594=CARTESIAN_POINT('',(0.0415337890625,0.0545,-0.0801373408564814));
#9595=CARTESIAN_POINT('',(0.0415337890625,0.054,-0.0803365451388888));
#9596=CARTESIAN_POINT('',(0.0415337890625,0.0545,-0.0803365451388888));
#9597=CARTESIAN_POINT('',(0.0413461046006945,0.0545,-0.0799080078124999));
#9598=CARTESIAN_POINT('',(0.0415337890625,0.0545,-0.0800377387152777));
#9599=CARTESIAN_POINT('',(0.0415337890625,0.0545,-0.0803365451388888));
#9600=CARTESIAN_POINT('',(0.0413461046006945,0.0545,-0.0799080078124999));
#9601=CARTESIAN_POINT('',(0.0413461046006945,0.054,-0.0799080078124999));
#9602=CARTESIAN_POINT('',(0.0413461046006945,0.054,-0.0799080078124999));
#9603=CARTESIAN_POINT('',(0.0413461046006945,0.054,-0.0799080078124999));
#9604=CARTESIAN_POINT('',(0.0415337890625,0.054,-0.0800377387152777));
#9605=CARTESIAN_POINT('',(0.0415337890625,0.054,-0.0803365451388888));
#9606=CARTESIAN_POINT('',(0.0398674913194445,0.054,-0.0817029730902777));
#9607=CARTESIAN_POINT('',(0.0391114366319444,0.054,-0.0817029730902777));
#9608=CARTESIAN_POINT('',(0.0391114366319444,0.054,-0.0817029730902777));
#9609=CARTESIAN_POINT('',(0.0398674913194445,0.054,-0.0817029730902777));
#9610=CARTESIAN_POINT('',(0.0406235460069445,0.054,-0.0817029730902777));
#9611=CARTESIAN_POINT('',(0.0406235460069445,0.054,-0.0817029730902777));
#9612=CARTESIAN_POINT('',(0.0391114366319444,0.054,-0.079273708767361));
#9613=CARTESIAN_POINT('',(0.0391114366319444,0.054,-0.0768444444444443));
#9614=CARTESIAN_POINT('',(0.0391114366319444,0.054,-0.0768444444444443));
#9615=CARTESIAN_POINT('',(0.0391114366319444,0.054,-0.079273708767361));
#9616=CARTESIAN_POINT('',(0.0400200846354167,0.054,-0.0768444444444443));
#9617=CARTESIAN_POINT('',(0.0409287326388889,0.054,-0.0768444444444443));
#9618=CARTESIAN_POINT('',(0.0409287326388889,0.054,-0.0768444444444443));
#9619=CARTESIAN_POINT('',(0.0400200846354167,0.054,-0.0768444444444443));
#9620=CARTESIAN_POINT('',(0.0422334852430556,0.054,-0.0772166232638888));
#9621=CARTESIAN_POINT('',(0.0422334852430556,0.0545,-0.0772166232638888));
#9622=CARTESIAN_POINT('',(0.0419130570023149,0.054,-0.0769685040509258));
#9623=CARTESIAN_POINT('',(0.0419130570023149,0.0545,-0.0769685040509258));
#9624=CARTESIAN_POINT('',(0.0414781394675926,0.054,-0.0768444444444443));
#9625=CARTESIAN_POINT('',(0.0414781394675926,0.0545,-0.0768444444444443));
#9626=CARTESIAN_POINT('',(0.0409287326388889,0.054,-0.0768444444444443));
#9627=CARTESIAN_POINT('',(0.0409287326388889,0.0545,-0.0768444444444443));
#9628=CARTESIAN_POINT('',(0.0422334852430556,0.054,-0.0772166232638888));
#9629=CARTESIAN_POINT('',(0.0422334852430556,0.054,-0.0772166232638888));
#9630=CARTESIAN_POINT('',(0.0422334852430556,0.054,-0.0772166232638888));
#9631=CARTESIAN_POINT('',(0.0417528428819445,0.054,-0.0768444444444443));
#9632=CARTESIAN_POINT('',(0.0409287326388889,0.054,-0.0768444444444443));
#9633=CARTESIAN_POINT('',(0.0427141276041667,0.054,-0.0782534071180555));
#9634=CARTESIAN_POINT('',(0.0427141276041667,0.0545,-0.0782534071180555));
#9635=CARTESIAN_POINT('',(0.0427141276041667,0.054,-0.0778103370949073));
#9636=CARTESIAN_POINT('',(0.0427141276041667,0.0545,-0.0778103370949073));
#9637=CARTESIAN_POINT('',(0.0425539134837963,0.054,-0.0774647424768517));
#9638=CARTESIAN_POINT('',(0.0425539134837963,0.0545,-0.0774647424768517));
#9639=CARTESIAN_POINT('',(0.0422334852430556,0.054,-0.0772166232638888));
#9640=CARTESIAN_POINT('',(0.0422334852430556,0.0545,-0.0772166232638888));
#9641=CARTESIAN_POINT('',(0.0427141276041667,0.054,-0.0782534071180555));
#9642=CARTESIAN_POINT('',(0.0427141276041667,0.054,-0.0782534071180555));
#9643=CARTESIAN_POINT('',(0.0427141276041667,0.054,-0.0782534071180555));
#9644=CARTESIAN_POINT('',(0.0427141276041667,0.054,-0.0775888020833332));
#9645=CARTESIAN_POINT('',(0.0422334852430556,0.054,-0.0772166232638888));
#9646=CARTESIAN_POINT('',(0.0425094292534722,0.054,-0.0790046766493055));
#9647=CARTESIAN_POINT('',(0.0425094292534722,0.0545,-0.0790046766493055));
#9648=CARTESIAN_POINT('',(0.0426458948206019,0.054,-0.0788164605034722));
#9649=CARTESIAN_POINT('',(0.0426458948206019,0.0545,-0.0788164605034722));
#9650=CARTESIAN_POINT('',(0.0427141276041667,0.054,-0.0785660373263888));
#9651=CARTESIAN_POINT('',(0.0427141276041667,0.0545,-0.0785660373263888));
#9652=CARTESIAN_POINT('',(0.0427141276041667,0.054,-0.0782534071180555));
#9653=CARTESIAN_POINT('',(0.0427141276041667,0.0545,-0.0782534071180555));
#9654=CARTESIAN_POINT('',(0.0425094292534722,0.054,-0.0790046766493055));
#9655=CARTESIAN_POINT('',(0.0425094292534722,0.054,-0.0790046766493055));
#9656=CARTESIAN_POINT('',(0.0425094292534722,0.054,-0.0790046766493055));
#9657=CARTESIAN_POINT('',(0.0427141276041667,0.054,-0.0787223524305555));
#9658=CARTESIAN_POINT('',(0.0427141276041667,0.054,-0.0782534071180555));
#9659=CARTESIAN_POINT('',(0.0418432291666667,0.054,-0.0793901475694444));
#9660=CARTESIAN_POINT('',(0.0418432291666667,0.0545,-0.0793901475694444));
#9661=CARTESIAN_POINT('',(0.0421508969907408,0.054,-0.0793213831018518));
#9662=CARTESIAN_POINT('',(0.0421508969907408,0.0545,-0.0793213831018518));
#9663=CARTESIAN_POINT('',(0.0423729636863426,0.054,-0.0791928927951388));
#9664=CARTESIAN_POINT('',(0.0423729636863426,0.0545,-0.0791928927951388));
#9665=CARTESIAN_POINT('',(0.0425094292534722,0.054,-0.0790046766493055));
#9666=CARTESIAN_POINT('',(0.0425094292534722,0.0545,-0.0790046766493055));
#9667=CARTESIAN_POINT('',(0.0418432291666667,0.054,-0.0793901475694444));
#9668=CARTESIAN_POINT('',(0.0418432291666667,0.054,-0.0793901475694444));
#9669=CARTESIAN_POINT('',(0.0418432291666667,0.054,-0.0793901475694444));
#9670=CARTESIAN_POINT('',(0.0423047309027778,0.054,-0.0792870008680555));
#9671=CARTESIAN_POINT('',(0.0425094292534722,0.054,-0.0790046766493055));
#9672=CARTESIAN_POINT('',(0.0418432291666667,0.054,-0.0794066297743055));
#9673=CARTESIAN_POINT('',(0.0418432291666667,0.054,-0.0794234658269369));
#9674=CARTESIAN_POINT('',(0.0418432291666667,0.054,-0.0794234658269369));
#9675=CARTESIAN_POINT('',(0.0418432291666667,0.054,-0.0794066297743055));
#9676=CARTESIAN_POINT('',(0.041721641519858,0.054,-0.0802274887002039));
#9677=CARTESIAN_POINT('',(0.0423866102430556,0.054,-0.0797586046006944));
#9678=CARTESIAN_POINT('',(0.0423866102430556,0.054,-0.0797586046006944));
#9679=CARTESIAN_POINT('',(0.041721641519858,0.054,-0.0802274887002039));
#9680=CARTESIAN_POINT('',(0.0425907769097223,0.054,-0.0804737196180555));
#9681=CARTESIAN_POINT('',(0.0425907769097223,0.0545,-0.0804737196180555));
#9682=CARTESIAN_POINT('',(0.0425907769097223,0.054,-0.0801830656828703));
#9683=CARTESIAN_POINT('',(0.0425907769097223,0.0545,-0.0801830656828703));
#9684=CARTESIAN_POINT('',(0.0425227213541667,0.054,-0.0799446940104166));
#9685=CARTESIAN_POINT('',(0.0425227213541667,0.0545,-0.0799446940104166));
#9686=CARTESIAN_POINT('',(0.0423866102430556,0.054,-0.0797586046006944));
#9687=CARTESIAN_POINT('',(0.0423866102430556,0.0545,-0.0797586046006944));
#9688=CARTESIAN_POINT('',(0.0425907769097223,0.054,-0.0804737196180555));
#9689=CARTESIAN_POINT('',(0.0425907769097223,0.054,-0.0804737196180555));
#9690=CARTESIAN_POINT('',(0.0425907769097223,0.054,-0.0804737196180555));
#9691=CARTESIAN_POINT('',(0.0425907769097223,0.054,-0.0800377387152777));
#9692=CARTESIAN_POINT('',(0.0423866102430556,0.054,-0.0797586046006944));
#9693=CARTESIAN_POINT('',(0.0421239583333334,0.054,-0.0814089518229166));
#9694=CARTESIAN_POINT('',(0.0421239583333334,0.0545,-0.0814089518229166));
#9695=CARTESIAN_POINT('',(0.0424351707175926,0.054,-0.0812129376446759));
#9696=CARTESIAN_POINT('',(0.0424351707175926,0.0545,-0.0812129376446759));
#9697=CARTESIAN_POINT('',(0.0425907769097223,0.054,-0.0809011935763888));
#9698=CARTESIAN_POINT('',(0.0425907769097223,0.0545,-0.0809011935763888));
#9699=CARTESIAN_POINT('',(0.0425907769097223,0.054,-0.0804737196180555));
#9700=CARTESIAN_POINT('',(0.0425907769097223,0.0545,-0.0804737196180555));
#9701=CARTESIAN_POINT('',(0.0421239583333334,0.054,-0.0814089518229166));
#9702=CARTESIAN_POINT('',(0.0421239583333334,0.054,-0.0814089518229166));
#9703=CARTESIAN_POINT('',(0.0421239583333334,0.054,-0.0814089518229166));
#9704=CARTESIAN_POINT('',(0.0425907769097223,0.054,-0.0811149305555555));
#9705=CARTESIAN_POINT('',(0.0425907769097223,0.054,-0.0804737196180555));
#9706=CARTESIAN_POINT('',(0.040739453125,0.054,-0.0797782769097222));
#9707=CARTESIAN_POINT('',(0.040739453125,0.0545,-0.0797782769097222));
#9708=CARTESIAN_POINT('',(0.0410187644675926,0.054,-0.0797782769097222));
#9709=CARTESIAN_POINT('',(0.0410187644675926,0.0545,-0.0797782769097222));
#9710=CARTESIAN_POINT('',(0.0412209816261574,0.054,-0.0798215205439814));
#9711=CARTESIAN_POINT('',(0.0412209816261574,0.0545,-0.0798215205439814));
#9712=CARTESIAN_POINT('',(0.0413461046006945,0.054,-0.0799080078124999));
#9713=CARTESIAN_POINT('',(0.0413461046006945,0.0545,-0.0799080078124999));
#9714=CARTESIAN_POINT('',(0.040739453125,0.0545,-0.0797782769097222));
#9715=CARTESIAN_POINT('',(0.0411584201388889,0.0545,-0.0797782769097222));
#9716=CARTESIAN_POINT('',(0.0413461046006945,0.0545,-0.0799080078124999));
#9717=CARTESIAN_POINT('',(0.040739453125,0.054,-0.0797782769097222));
#9718=CARTESIAN_POINT('',(0.0411584201388889,0.054,-0.0797782769097222));
#9719=CARTESIAN_POINT('',(0.0413461046006945,0.054,-0.0799080078124999));
#9720=CARTESIAN_POINT('',(0.0406235460069445,0.054,-0.0817029730902777));
#9721=CARTESIAN_POINT('',(0.0406235460069445,0.0545,-0.0817029730902777));
#9722=CARTESIAN_POINT('',(0.0413126085069445,0.054,-0.0817029730902777));
#9723=CARTESIAN_POINT('',(0.0413126085069445,0.0545,-0.0817029730902777));
#9724=CARTESIAN_POINT('',(0.0418127459490741,0.054,-0.0816049660011573));
#9725=CARTESIAN_POINT('',(0.0418127459490741,0.0545,-0.0816049660011573));
#9726=CARTESIAN_POINT('',(0.0421239583333334,0.054,-0.0814089518229166));
#9727=CARTESIAN_POINT('',(0.0421239583333334,0.0545,-0.0814089518229166));
#9728=CARTESIAN_POINT('',(0.0406235460069445,0.054,-0.0817029730902777));
#9729=CARTESIAN_POINT('',(0.0416571397569444,0.054,-0.0817029730902777));
#9730=CARTESIAN_POINT('',(0.0421239583333334,0.054,-0.0814089518229166));
#9731=CARTESIAN_POINT('',(0.0404773328993056,0.054,-0.0776951388888888));
#9732=CARTESIAN_POINT('',(0.0404773328993056,0.0545,-0.0776951388888888));
#9733=CARTESIAN_POINT('',(0.0404773328993056,0.054,-0.0776951388888888));
#9734=CARTESIAN_POINT('',(0.0462620146721602,0.054,-0.055));
#9735=CARTESIAN_POINT('',(0.1035,0.0545,-0.055));
#9736=CARTESIAN_POINT('',(0.0425790798611112,0.054,-0.0213111111111105));
#9737=CARTESIAN_POINT('',(0.0430926866319445,0.054,-0.0213111111111105));
#9738=CARTESIAN_POINT('',(0.0430926866319445,0.054,-0.0213111111111105));
#9739=CARTESIAN_POINT('',(0.0425790798611112,0.054,-0.0213111111111105));
#9740=CARTESIAN_POINT('',(0.0420654730902778,0.054,-0.0213111111111105));
#9741=CARTESIAN_POINT('',(0.0420654730902778,0.054,-0.0213111111111105));
#9742=CARTESIAN_POINT('',(0.0430926866319445,0.054,-0.0237403754340272));
#9743=CARTESIAN_POINT('',(0.0430926866319445,0.054,-0.0261696397569439));
#9744=CARTESIAN_POINT('',(0.0430926866319445,0.054,-0.0261696397569439));
#9745=CARTESIAN_POINT('',(0.0430926866319445,0.054,-0.0237403754340272));
#9746=CARTESIAN_POINT('',(0.0425790798611112,0.054,-0.0261696397569439));
#9747=CARTESIAN_POINT('',(0.0420654730902778,0.054,-0.0261696397569439));
#9748=CARTESIAN_POINT('',(0.0420654730902778,0.054,-0.0261696397569439));
#9749=CARTESIAN_POINT('',(0.0425790798611112,0.054,-0.0261696397569439));
#9750=CARTESIAN_POINT('',(0.0420654730902778,0.054,-0.0252173936631939));
#9751=CARTESIAN_POINT('',(0.0420654730902778,0.054,-0.0242651475694439));
#9752=CARTESIAN_POINT('',(0.0420654730902778,0.054,-0.0242651475694439));
#9753=CARTESIAN_POINT('',(0.0420654730902778,0.054,-0.0252173936631939));
#9754=CARTESIAN_POINT('',(0.0411036566840278,0.054,-0.0242651475694439));
#9755=CARTESIAN_POINT('',(0.0401418402777778,0.054,-0.0242651475694439));
#9756=CARTESIAN_POINT('',(0.0401418402777778,0.054,-0.0242651475694439));
#9757=CARTESIAN_POINT('',(0.0411036566840278,0.054,-0.0242651475694439));
#9758=CARTESIAN_POINT('',(0.0401418402777778,0.054,-0.0252173936631939));
#9759=CARTESIAN_POINT('',(0.0401418402777778,0.054,-0.0261696397569439));
#9760=CARTESIAN_POINT('',(0.0401418402777778,0.054,-0.0261696397569439));
#9761=CARTESIAN_POINT('',(0.0401418402777778,0.054,-0.0252173936631939));
#9762=CARTESIAN_POINT('',(0.0396266384548611,0.054,-0.0261696397569439));
#9763=CARTESIAN_POINT('',(0.0391114366319444,0.054,-0.0261696397569439));
#9764=CARTESIAN_POINT('',(0.0391114366319444,0.054,-0.0261696397569439));
#9765=CARTESIAN_POINT('',(0.0396266384548611,0.054,-0.0261696397569439));
#9766=CARTESIAN_POINT('',(0.0391114366319444,0.054,-0.0237403754340272));
#9767=CARTESIAN_POINT('',(0.0391114366319444,0.054,-0.0213111111111105));
#9768=CARTESIAN_POINT('',(0.0391114366319444,0.054,-0.0213111111111105));
#9769=CARTESIAN_POINT('',(0.0391114366319444,0.054,-0.0237403754340272));
#9770=CARTESIAN_POINT('',(0.0396266384548611,0.054,-0.0213111111111105));
#9771=CARTESIAN_POINT('',(0.0401418402777778,0.054,-0.0213111111111105));
#9772=CARTESIAN_POINT('',(0.0401418402777778,0.054,-0.0213111111111105));
#9773=CARTESIAN_POINT('',(0.0396266384548611,0.054,-0.0213111111111105));
#9774=CARTESIAN_POINT('',(0.0401418402777778,0.054,-0.0223595920138883));
#9775=CARTESIAN_POINT('',(0.0401418402777778,0.054,-0.0234080729166661));
#9776=CARTESIAN_POINT('',(0.0401418402777778,0.054,-0.0234080729166661));
#9777=CARTESIAN_POINT('',(0.0401418402777778,0.054,-0.0223595920138883));
#9778=CARTESIAN_POINT('',(0.0411036566840278,0.054,-0.0234080729166661));
#9779=CARTESIAN_POINT('',(0.0420654730902778,0.054,-0.0234080729166661));
#9780=CARTESIAN_POINT('',(0.0420654730902778,0.054,-0.0234080729166661));
#9781=CARTESIAN_POINT('',(0.0411036566840278,0.054,-0.0234080729166661));
#9782=CARTESIAN_POINT('',(0.0420654730902778,0.054,-0.0223595920138883));
#9783=CARTESIAN_POINT('',(0.0420654730902778,0.054,-0.0223595920138883));
#9784=CARTESIAN_POINT('',(0.0462620146721602,0.054,-0.055));
#9785=CARTESIAN_POINT('',(0.0419192599826389,0.054,-0.0332952690972218));
#9786=CARTESIAN_POINT('',(0.0409553168402778,0.054,-0.0332952690972218));
#9787=CARTESIAN_POINT('',(0.0409553168402778,0.054,-0.0332952690972218));
#9788=CARTESIAN_POINT('',(0.0419192599826389,0.054,-0.0332952690972218));
#9789=CARTESIAN_POINT('',(0.0428832031250001,0.054,-0.0332952690972218));
#9790=CARTESIAN_POINT('',(0.0428832031250001,0.054,-0.0332952690972218));
#9791=CARTESIAN_POINT('',(0.0409553168402778,0.054,-0.0328662000868051));
#9792=CARTESIAN_POINT('',(0.0409553168402778,0.054,-0.0324371310763884));
#9793=CARTESIAN_POINT('',(0.0409553168402778,0.054,-0.0324371310763884));
#9794=CARTESIAN_POINT('',(0.0409553168402778,0.054,-0.0328662000868051));
#9795=CARTESIAN_POINT('',(0.0414157552083333,0.054,-0.0324371310763884));
#9796=CARTESIAN_POINT('',(0.0418761935763889,0.054,-0.0324371310763884));
#9797=CARTESIAN_POINT('',(0.0418761935763889,0.054,-0.0324371310763884));
#9798=CARTESIAN_POINT('',(0.0414157552083333,0.054,-0.0324371310763884));
#9799=CARTESIAN_POINT('',(0.0418761935763889,0.054,-0.0319304361979162));
#9800=CARTESIAN_POINT('',(0.0418761935763889,0.054,-0.0314238744853283));
#9801=CARTESIAN_POINT('',(0.0418761935763889,0.054,-0.0314238744853283));
#9802=CARTESIAN_POINT('',(0.0418761935763889,0.054,-0.0319304361979162));
#9803=CARTESIAN_POINT('',(0.0412130446789554,0.0540000000000001,-0.0347126850235609));
#9804=CARTESIAN_POINT('',(0.0412211588541667,0.054,-0.0313578124999995));
#9805=CARTESIAN_POINT('',(0.0412211588541667,0.054,-0.0313578124999995));
#9806=CARTESIAN_POINT('',(0.0412130446789554,0.054,-0.0347126850235609));
#9807=CARTESIAN_POINT('',(0.0402795464409723,0.054,-0.0317746527777773));
#9808=CARTESIAN_POINT('',(0.0402795464409723,0.0545,-0.0317746527777773));
#9809=CARTESIAN_POINT('',(0.04049541015625,0.054,-0.0314967592592588));
#9810=CARTESIAN_POINT('',(0.04049541015625,0.0545,-0.0314967592592588));
#9811=CARTESIAN_POINT('',(0.0408092809606482,0.054,-0.0313578124999995));
#9812=CARTESIAN_POINT('',(0.0408092809606482,0.0545,-0.0313578124999995));
#9813=CARTESIAN_POINT('',(0.0412211588541667,0.054,-0.0313578124999995));
#9814=CARTESIAN_POINT('',(0.0412211588541667,0.0545,-0.0313578124999995));
#9815=CARTESIAN_POINT('',(0.0402795464409723,0.054,-0.0317746527777773));
#9816=CARTESIAN_POINT('',(0.0402795464409723,0.054,-0.0317746527777773));
#9817=CARTESIAN_POINT('',(0.0402795464409723,0.054,-0.0317746527777773));
#9818=CARTESIAN_POINT('',(0.0406033420138889,0.054,-0.0313578124999995));
#9819=CARTESIAN_POINT('',(0.0412211588541667,0.054,-0.0313578124999995));
#9820=CARTESIAN_POINT('',(0.0399557508680555,0.054,-0.0329826388888884));
#9821=CARTESIAN_POINT('',(0.0399557508680555,0.0545,-0.0329826388888884));
#9822=CARTESIAN_POINT('',(0.0399557508680555,0.054,-0.0324552083333328));
#9823=CARTESIAN_POINT('',(0.0399557508680555,0.0545,-0.0324552083333328));
#9824=CARTESIAN_POINT('',(0.0400636827256944,0.054,-0.0320525462962958));
#9825=CARTESIAN_POINT('',(0.0400636827256944,0.0545,-0.0320525462962958));
#9826=CARTESIAN_POINT('',(0.0402795464409723,0.054,-0.0317746527777773));
#9827=CARTESIAN_POINT('',(0.0402795464409723,0.0545,-0.0317746527777773));
#9828=CARTESIAN_POINT('',(0.0399557508680555,0.054,-0.0329826388888884));
#9829=CARTESIAN_POINT('',(0.0399557508680555,0.054,-0.0329826388888884));
#9830=CARTESIAN_POINT('',(0.0399557508680555,0.054,-0.0329826388888884));
#9831=CARTESIAN_POINT('',(0.0399557508680555,0.054,-0.032191493055555));
#9832=CARTESIAN_POINT('',(0.0402795464409723,0.054,-0.0317746527777773));
#9833=CARTESIAN_POINT('',(0.0403577039930555,0.054,-0.0341884982638885));
#9834=CARTESIAN_POINT('',(0.0403577039930555,0.0545,-0.0341884982638885));
#9835=CARTESIAN_POINT('',(0.0400897352430555,0.054,-0.0338893373842588));
#9836=CARTESIAN_POINT('',(0.0400897352430555,0.0545,-0.0338893373842588));
#9837=CARTESIAN_POINT('',(0.0399557508680555,0.054,-0.0334873842592588));
#9838=CARTESIAN_POINT('',(0.0399557508680555,0.0545,-0.0334873842592588));
#9839=CARTESIAN_POINT('',(0.0399557508680555,0.054,-0.0329826388888884));
#9840=CARTESIAN_POINT('',(0.0399557508680555,0.0545,-0.0329826388888884));
#9841=CARTESIAN_POINT('',(0.0403577039930555,0.054,-0.0341884982638885));
#9842=CARTESIAN_POINT('',(0.0403577039930555,0.054,-0.0341884982638885));
#9843=CARTESIAN_POINT('',(0.0403577039930555,0.054,-0.0341884982638885));
#9844=CARTESIAN_POINT('',(0.0399557508680555,0.054,-0.0337397569444439));
#9845=CARTESIAN_POINT('',(0.0399557508680555,0.054,-0.0329826388888884));
#9846=CARTESIAN_POINT('',(0.0414274522569444,0.054,-0.0346372395833328));
#9847=CARTESIAN_POINT('',(0.0414274522569444,0.0545,-0.0346372395833328));
#9848=CARTESIAN_POINT('',(0.0409822554976852,0.054,-0.0346372395833328));
#9849=CARTESIAN_POINT('',(0.0409822554976852,0.0545,-0.0346372395833328));
#9850=CARTESIAN_POINT('',(0.0406256727430556,0.054,-0.034487659143518));
#9851=CARTESIAN_POINT('',(0.0406256727430556,0.0545,-0.034487659143518));
#9852=CARTESIAN_POINT('',(0.0403577039930555,0.054,-0.0341884982638885));
#9853=CARTESIAN_POINT('',(0.0403577039930555,0.0545,-0.0341884982638885));
#9854=CARTESIAN_POINT('',(0.0414274522569444,0.054,-0.0346372395833328));
#9855=CARTESIAN_POINT('',(0.0414274522569444,0.054,-0.0346372395833328));
#9856=CARTESIAN_POINT('',(0.0414274522569444,0.054,-0.0346372395833328));
#9857=CARTESIAN_POINT('',(0.0407596571180556,0.054,-0.0346372395833328));
#9858=CARTESIAN_POINT('',(0.0403577039930555,0.054,-0.0341884982638885));
#9859=CARTESIAN_POINT('',(0.041424370494332,0.054,-0.0321939290233654));
#9860=CARTESIAN_POINT('',(0.0425342120728158,0.054,-0.0343709009678274));
#9861=CARTESIAN_POINT('',(0.0425344184027778,0.054,-0.034371397569444));
#9862=CARTESIAN_POINT('',(0.041424370494332,0.054,-0.0321939290233654));
#9863=CARTESIAN_POINT('',(0.0427056206597222,0.054,-0.0347834526909718));
#9864=CARTESIAN_POINT('',(0.0428767235768076,0.054,-0.0351952687181182));
#9865=CARTESIAN_POINT('',(0.0428767235768076,0.054,-0.0351952687181182));
#9866=CARTESIAN_POINT('',(0.0427056206597222,0.054,-0.0347834526909718));
#9867=CARTESIAN_POINT('',(0.0414376796206536,0.054,-0.0318823871724809));
#9868=CARTESIAN_POINT('',(0.0414338324652778,0.054,-0.0354943142361107));
#9869=CARTESIAN_POINT('',(0.0414338324652977,0.054,-0.0354943142173937));
#9870=CARTESIAN_POINT('',(0.0414376796206536,0.054,-0.0318823871724809));
#9871=CARTESIAN_POINT('',(0.0395686848958333,0.054,-0.0348366210937495));
#9872=CARTESIAN_POINT('',(0.0395686848958333,0.0545,-0.0348366210937495));
#9873=CARTESIAN_POINT('',(0.0400174262152778,0.054,-0.0352750831886569));
#9874=CARTESIAN_POINT('',(0.0400174262152778,0.0545,-0.0352750831886569));
#9875=CARTESIAN_POINT('',(0.0406391420717593,0.054,-0.0354943142361107));
#9876=CARTESIAN_POINT('',(0.0406391420717593,0.0545,-0.0354943142361107));
#9877=CARTESIAN_POINT('',(0.0414338324652778,0.054,-0.0354943142361107));
#9878=CARTESIAN_POINT('',(0.0414338324652778,0.0545,-0.0354943142361107));
#9879=CARTESIAN_POINT('',(0.0395686848958333,0.054,-0.0348366210937495));
#9880=CARTESIAN_POINT('',(0.0395686848958333,0.054,-0.0348366210937495));
#9881=CARTESIAN_POINT('',(0.0395686848958333,0.054,-0.0348366210937495));
#9882=CARTESIAN_POINT('',(0.040241796875,0.054,-0.0354943142361107));
#9883=CARTESIAN_POINT('',(0.0414338324652778,0.054,-0.0354943142361107));
#9884=CARTESIAN_POINT('',(0.0388955729166666,0.054,-0.033002842881944));
#9885=CARTESIAN_POINT('',(0.0388955729166666,0.0545,-0.033002842881944));
#9886=CARTESIAN_POINT('',(0.0388955729166666,0.054,-0.0337868995949069));
#9887=CARTESIAN_POINT('',(0.0388955729166666,0.0545,-0.0337868995949069));
#9888=CARTESIAN_POINT('',(0.0391199435763889,0.054,-0.0343981589988421));
#9889=CARTESIAN_POINT('',(0.0391199435763889,0.0545,-0.0343981589988421));
#9890=CARTESIAN_POINT('',(0.0395686848958333,0.054,-0.0348366210937495));
#9891=CARTESIAN_POINT('',(0.0395686848958333,0.0545,-0.0348366210937495));
#9892=CARTESIAN_POINT('',(0.0388955729166666,0.054,-0.033002842881944));
#9893=CARTESIAN_POINT('',(0.0388955729166666,0.054,-0.033002842881944));
#9894=CARTESIAN_POINT('',(0.0388955729166666,0.054,-0.033002842881944));
#9895=CARTESIAN_POINT('',(0.0388955729166666,0.054,-0.0341789279513884));
#9896=CARTESIAN_POINT('',(0.0395686848958333,0.054,-0.0348366210937495));
#9897=CARTESIAN_POINT('',(0.0394756401909723,0.054,-0.031146202256944));
#9898=CARTESIAN_POINT('',(0.0394756401909723,0.0545,-0.031146202256944));
#9899=CARTESIAN_POINT('',(0.0390889286747685,0.054,-0.0315772207754625));
#9900=CARTESIAN_POINT('',(0.0390889286747685,0.0545,-0.0315772207754625));
#9901=CARTESIAN_POINT('',(0.0388955729166666,0.054,-0.0321961009837958));
#9902=CARTESIAN_POINT('',(0.0388955729166666,0.0545,-0.0321961009837958));
#9903=CARTESIAN_POINT('',(0.0388955729166666,0.054,-0.033002842881944));
#9904=CARTESIAN_POINT('',(0.0388955729166666,0.0545,-0.033002842881944));
#9905=CARTESIAN_POINT('',(0.0394756401909723,0.054,-0.031146202256944));
#9906=CARTESIAN_POINT('',(0.0394756401909723,0.054,-0.031146202256944));
#9907=CARTESIAN_POINT('',(0.0394756401909723,0.054,-0.031146202256944));
#9908=CARTESIAN_POINT('',(0.0388955729166666,0.054,-0.0317927300347218));
#9909=CARTESIAN_POINT('',(0.0388955729166666,0.054,-0.033002842881944));
#9910=CARTESIAN_POINT('',(0.0411552300347223,0.054,-0.0304996744791661));
#9911=CARTESIAN_POINT('',(0.0411552300347223,0.0545,-0.0304996744791661));
#9912=CARTESIAN_POINT('',(0.040422214988426,0.054,-0.0304996744791661));
#9913=CARTESIAN_POINT('',(0.040422214988426,0.0545,-0.0304996744791661));
#9914=CARTESIAN_POINT('',(0.039862351707176,0.054,-0.0307151837384254));
#9915=CARTESIAN_POINT('',(0.039862351707176,0.0545,-0.0307151837384254));
#9916=CARTESIAN_POINT('',(0.0394756401909723,0.054,-0.031146202256944));
#9917=CARTESIAN_POINT('',(0.0394756401909723,0.0545,-0.031146202256944));
#9918=CARTESIAN_POINT('',(0.0411552300347223,0.054,-0.0304996744791661));
#9919=CARTESIAN_POINT('',(0.0411552300347223,0.054,-0.0304996744791661));
#9920=CARTESIAN_POINT('',(0.0411552300347223,0.054,-0.0304996744791661));
#9921=CARTESIAN_POINT('',(0.0400557074652778,0.054,-0.0304996744791661));
#9922=CARTESIAN_POINT('',(0.0394756401909723,0.054,-0.031146202256944));
#9923=CARTESIAN_POINT('',(0.0411636082211777,0.0540000000000002,-0.0362252007324855));
#9924=CARTESIAN_POINT('',(0.0420006076388889,0.054,-0.0305613498263884));
#9925=CARTESIAN_POINT('',(0.0420006495357653,0.054,-0.0305610811141234));
#9926=CARTESIAN_POINT('',(0.0411636082211777,0.054,-0.0362252007324855));
#9927=CARTESIAN_POINT('',(0.0411490784087366,0.0540000000000001,-0.035953828198768));
#9928=CARTESIAN_POINT('',(0.0428832031250001,0.054,-0.030776698145094));
#9929=CARTESIAN_POINT('',(0.0428832031250001,0.054,-0.030776698145094));
#9930=CARTESIAN_POINT('',(0.0411490784087366,0.054,-0.035953828198768));
#9931=CARTESIAN_POINT('',(0.0428832031250001,0.054,-0.0320357096354162));
#9932=CARTESIAN_POINT('',(0.0428832031250001,0.054,-0.0320357096354162));
#9933=CARTESIAN_POINT('',(0.0462620146721602,0.054,-0.055));
#9934=CARTESIAN_POINT('',(0.0396181315104167,0.054,-0.0398222222222218));
#9935=CARTESIAN_POINT('',(0.0401248263888889,0.054,-0.0398222222222218));
#9936=CARTESIAN_POINT('',(0.0401248263888889,0.054,-0.0398222222222218));
#9937=CARTESIAN_POINT('',(0.0396181315104167,0.054,-0.0398222222222218));
#9938=CARTESIAN_POINT('',(0.0391114366319444,0.054,-0.0398222222222218));
#9939=CARTESIAN_POINT('',(0.0391114366319444,0.054,-0.0398222222222218));
#9940=CARTESIAN_POINT('',(0.0401248263888889,0.054,-0.0407824435763885));
#9941=CARTESIAN_POINT('',(0.0401248263888889,0.054,-0.0417426649305551));
#9942=CARTESIAN_POINT('',(0.0401248263888889,0.054,-0.0417426649305551));
#9943=CARTESIAN_POINT('',(0.0401248263888889,0.054,-0.0407824435763885));
#9944=CARTESIAN_POINT('',(0.0409489366319444,0.054,-0.0417426649305551));
#9945=CARTESIAN_POINT('',(0.041773046875,0.054,-0.0417426649305551));
#9946=CARTESIAN_POINT('',(0.041773046875,0.054,-0.0417426649305551));
#9947=CARTESIAN_POINT('',(0.0409489366319444,0.054,-0.0417426649305551));
#9948=CARTESIAN_POINT('',(0.041773046875,0.054,-0.0421632269965274));
#9949=CARTESIAN_POINT('',(0.041773046875,0.054,-0.0425837890624996));
#9950=CARTESIAN_POINT('',(0.041773046875,0.054,-0.0425837890624996));
#9951=CARTESIAN_POINT('',(0.041773046875,0.054,-0.0421632269965274));
#9952=CARTESIAN_POINT('',(0.0409489366319444,0.054,-0.0425837890624996));
#9953=CARTESIAN_POINT('',(0.0401248263888889,0.054,-0.0425837890624996));
#9954=CARTESIAN_POINT('',(0.0401248263888889,0.054,-0.0425837890624996));
#9955=CARTESIAN_POINT('',(0.0409489366319444,0.054,-0.0425837890624996));
#9956=CARTESIAN_POINT('',(0.0401248263888889,0.054,-0.0432101128472219));
#9957=CARTESIAN_POINT('',(0.0401248263888889,0.054,-0.0438364366319441));
#9958=CARTESIAN_POINT('',(0.0401248263888889,0.054,-0.0438364366319441));
#9959=CARTESIAN_POINT('',(0.0401248263888889,0.054,-0.0432101128472219));
#9960=CARTESIAN_POINT('',(0.0410106119791667,0.054,-0.0438364366319441));
#9961=CARTESIAN_POINT('',(0.0418963975694445,0.054,-0.0438364366319441));
#9962=CARTESIAN_POINT('',(0.0418963975694445,0.054,-0.0438364366319441));
#9963=CARTESIAN_POINT('',(0.0410106119791667,0.054,-0.0438364366319441));
#9964=CARTESIAN_POINT('',(0.0418963975694445,0.054,-0.0442585937499996));
#9965=CARTESIAN_POINT('',(0.0418963975694445,0.054,-0.0446807508680552));
#9966=CARTESIAN_POINT('',(0.0418963975694445,0.054,-0.0446807508680552));
#9967=CARTESIAN_POINT('',(0.0418963975694445,0.054,-0.0442585937499996));
#9968=CARTESIAN_POINT('',(0.0405039171006945,0.054,-0.0446807508680552));
#9969=CARTESIAN_POINT('',(0.0391114366319444,0.054,-0.0446807508680552));
#9970=CARTESIAN_POINT('',(0.0391114366319444,0.054,-0.0446807508680552));
#9971=CARTESIAN_POINT('',(0.0405039171006945,0.054,-0.0446807508680552));
#9972=CARTESIAN_POINT('',(0.0391114366319444,0.054,-0.0422514865451385));
#9973=CARTESIAN_POINT('',(0.0391114366319444,0.054,-0.0422514865451385));
#9974=CARTESIAN_POINT('',(0.0462620146721602,0.054,-0.055));
#9975=CARTESIAN_POINT('',(0.0405102973090278,0.054,-0.0490777777777774));
#9976=CARTESIAN_POINT('',(0.0419091579861112,0.054,-0.0490777777777774));
#9977=CARTESIAN_POINT('',(0.0419091579861112,0.054,-0.0490777777777774));
#9978=CARTESIAN_POINT('',(0.0405102973090278,0.054,-0.0490777777777774));
#9979=CARTESIAN_POINT('',(0.0391114366319444,0.054,-0.0490777777777774));
#9980=CARTESIAN_POINT('',(0.0391114366319444,0.054,-0.0490777777777774));
#9981=CARTESIAN_POINT('',(0.0419091579861112,0.054,-0.0495031249999997));
#9982=CARTESIAN_POINT('',(0.0419091579861112,0.054,-0.0499284722222219));
#9983=CARTESIAN_POINT('',(0.0419091579861112,0.054,-0.0499284722222219));
#9984=CARTESIAN_POINT('',(0.0419091579861112,0.054,-0.0495031249999997));
#9985=CARTESIAN_POINT('',(0.0410254991319444,0.054,-0.0499284722222219));
#9986=CARTESIAN_POINT('',(0.0401418402777778,0.054,-0.0499284722222219));
#9987=CARTESIAN_POINT('',(0.0401418402777778,0.054,-0.0499284722222219));
#9988=CARTESIAN_POINT('',(0.0410254991319444,0.054,-0.0499284722222219));
#9989=CARTESIAN_POINT('',(0.0401418402777778,0.054,-0.0505547960069441));
#9990=CARTESIAN_POINT('',(0.0401418402777778,0.054,-0.0511811197916664));
#9991=CARTESIAN_POINT('',(0.0401418402777778,0.054,-0.0511811197916664));
#9992=CARTESIAN_POINT('',(0.0401418402777778,0.054,-0.0505547960069441));
#9993=CARTESIAN_POINT('',(0.04096435546875,0.054,-0.0511811197916664));
#9994=CARTESIAN_POINT('',(0.0417868706597222,0.054,-0.0511811197916664));
#9995=CARTESIAN_POINT('',(0.0417868706597222,0.054,-0.0511811197916664));
#9996=CARTESIAN_POINT('',(0.04096435546875,0.054,-0.0511811197916664));
#9997=CARTESIAN_POINT('',(0.0417868706597222,0.054,-0.0516032769097219));
#9998=CARTESIAN_POINT('',(0.0417868706597222,0.054,-0.0520254340277775));
#9999=CARTESIAN_POINT('',(0.0417868706597222,0.054,-0.0520254340277775));
#10000=CARTESIAN_POINT('',(0.0417868706597222,0.054,-0.0516032769097219));
#10001=CARTESIAN_POINT('',(0.04096435546875,0.054,-0.0520254340277775));
#10002=CARTESIAN_POINT('',(0.0401418402777778,0.054,-0.0520254340277775));
#10003=CARTESIAN_POINT('',(0.0401418402777778,0.054,-0.0520254340277775));
#10004=CARTESIAN_POINT('',(0.04096435546875,0.054,-0.0520254340277775));
#10005=CARTESIAN_POINT('',(0.0401418402777778,0.054,-0.0525587131076386));
#10006=CARTESIAN_POINT('',(0.0401418402777778,0.054,-0.0530919921874997));
#10007=CARTESIAN_POINT('',(0.0401418402777778,0.054,-0.0530919921874997));
#10008=CARTESIAN_POINT('',(0.0401418402777778,0.054,-0.0525587131076386));
#10009=CARTESIAN_POINT('',(0.0410254991319444,0.054,-0.0530919921874997));
#10010=CARTESIAN_POINT('',(0.0419091579861112,0.054,-0.0530919921874997));
#10011=CARTESIAN_POINT('',(0.0419091579861112,0.054,-0.0530919921874997));
#10012=CARTESIAN_POINT('',(0.0410254991319444,0.054,-0.0530919921874997));
#10013=CARTESIAN_POINT('',(0.0419091579861112,0.054,-0.0535141493055553));
#10014=CARTESIAN_POINT('',(0.0419091579861112,0.054,-0.0539363064236108));
#10015=CARTESIAN_POINT('',(0.0419091579861112,0.054,-0.0539363064236108));
#10016=CARTESIAN_POINT('',(0.0419091579861112,0.054,-0.0535141493055553));
#10017=CARTESIAN_POINT('',(0.0405102973090278,0.054,-0.0539363064236108));
#10018=CARTESIAN_POINT('',(0.0391114366319444,0.054,-0.0539363064236108));
#10019=CARTESIAN_POINT('',(0.0391114366319444,0.054,-0.0539363064236108));
#10020=CARTESIAN_POINT('',(0.0405102973090278,0.054,-0.0539363064236108));
#10021=CARTESIAN_POINT('',(0.0391114366319444,0.054,-0.0515070421006941));
#10022=CARTESIAN_POINT('',(0.0391114366319444,0.054,-0.0515070421006941));
#10023=CARTESIAN_POINT('',(0.0462620146721602,0.054,-0.055));
#10024=CARTESIAN_POINT('',(0.1035,0.0545,-0.055));
#10025=CARTESIAN_POINT('',(0.1035,0.0545,-0.055));
#10026=CARTESIAN_POINT('',(0.1035,0.0545,-0.055));
#10027=CARTESIAN_POINT('',(0.1035,-1.99999999999983E-6,-0.119));
#10028=CARTESIAN_POINT('',(0.13797224362268,0.,-0.119));
#10029=CARTESIAN_POINT('',(0.06902775637732,-1.99999999999983E-6,-0.119));
#10030=CARTESIAN_POINT('',(0.1485,-1.99999999999983E-6,-0.114));
#10031=CARTESIAN_POINT('',(0.153480754415068,0.,-0.110679497056622));
#10032=CARTESIAN_POINT('',(0.143519245584932,0.003,-0.117320502943378));
#10033=CARTESIAN_POINT('',(0.0585,-1.99999999999983E-6,-0.114));
#10034=CARTESIAN_POINT('',(0.0634807544150677,-1.99999999999983E-6,-0.117320502943378));
#10035=CARTESIAN_POINT('',(0.0535192455849324,-1.99999999999983E-6,-0.110679497056622));
#10036=CARTESIAN_POINT('',(0.0415,0.0485,-0.055));
#10037=CARTESIAN_POINT('',(0.0415,0.0485,-0.0901715728752538));
#10038=CARTESIAN_POINT('',(0.0535,0.0485,-0.096));
#10039=CARTESIAN_POINT('',(0.0473284271247462,0.0485,-0.096));
#10040=CARTESIAN_POINT('',(0.0549142135623731,0.0485,-0.103585786437627));
#10041=CARTESIAN_POINT('',(0.1655,0.0485,-0.049));
#10042=CARTESIAN_POINT('',(0.1655,0.0485,-0.096));
#10043=CARTESIAN_POINT('',(0.1655,0.0485,-0.096));
#10044=CARTESIAN_POINT('',(0.1655,0.0485,-0.096));
#10045=CARTESIAN_POINT('',(0.0535,0.0485,-0.096));
#10046=CARTESIAN_POINT('',(0.141,0.0505,-0.101));
#10047=CARTESIAN_POINT('',(0.141,0.005,-0.101));
#10048=CARTESIAN_POINT('',(0.141,0.0545,-0.095));
#10049=CARTESIAN_POINT('',(0.066,0.0505,-0.095));
#10050=CARTESIAN_POINT('',(0.1575,0.0545,-0.091));
#10051=CARTESIAN_POINT('',(0.1615,0.0505,-0.009));
#10052=CARTESIAN_POINT('',(0.0495,0.0545,-0.091));
#10053=CARTESIAN_POINT('',(0.0455,0.0545,-0.009));
#10054=CARTESIAN_POINT('',(0.1705,0.0505,-0.101));
#10055=CARTESIAN_POINT('',(0.1705,0.005,-0.101));
#10056=CARTESIAN_POINT('',(0.066,0.0505,-0.101));
#10057=CARTESIAN_POINT('',(0.066,0.005,-0.101));
#10058=CARTESIAN_POINT('',(0.1705,0.0505,-0.009));
#10059=CARTESIAN_POINT('',(0.1705,0.005,-0.009));
#10060=CARTESIAN_POINT('',(0.0365,0.0505,-0.101));
#10061=CARTESIAN_POINT('',(0.0365,0.005,-0.101));
#10062=CARTESIAN_POINT('',(0.0365,0.0505,-0.009));
#10063=CARTESIAN_POINT('',(0.0365,0.005,-0.009));
#10064=CARTESIAN_POINT('',(0.0518357864376269,0.04,-0.106164213562373));
#10065=CARTESIAN_POINT('',(0.1035,0.005,-0.005));
#10066=CARTESIAN_POINT('',(0.1705,0.005,-0.005));
#10067=CARTESIAN_POINT('',(0.1705,0.005,-0.009));
#10068=CARTESIAN_POINT('',(0.1745,0.005,-0.009));
#10069=CARTESIAN_POINT('',(0.1745,0.005,-0.0545));
#10070=CARTESIAN_POINT('',(0.1745,0.005,-0.101));
#10071=CARTESIAN_POINT('',(0.1705,0.005,-0.101));
#10072=CARTESIAN_POINT('',(0.141,0.005,-0.101));
#10073=CARTESIAN_POINT('',(0.137,0.005,-0.101));
#10074=CARTESIAN_POINT('',(0.137,0.005,-0.1005));
#10075=CARTESIAN_POINT('',(0.07,0.005,-0.1005));
#10076=CARTESIAN_POINT('',(0.07,0.005,-0.101));
#10077=CARTESIAN_POINT('',(0.066,0.005,-0.101));
#10078=CARTESIAN_POINT('',(0.066,0.005,-0.105));
#10079=CARTESIAN_POINT('',(0.1035,0.005,-0.105));
#10080=CARTESIAN_POINT('',(0.0365,0.005,-0.105));
#10081=CARTESIAN_POINT('',(0.0365,0.005,-0.101));
#10082=CARTESIAN_POINT('',(0.0325,0.005,-0.101));
#10083=CARTESIAN_POINT('',(0.0325,0.005,-0.0545));
#10084=CARTESIAN_POINT('',(0.0325,0.005,-0.009));
#10085=CARTESIAN_POINT('',(0.0365,0.005,-0.009));
#10086=CARTESIAN_POINT('',(0.0365,0.005,-0.005));
#10087=CARTESIAN_POINT('',(0.1035,0.005,-0.005));
#10088=CARTESIAN_POINT('',(0.15902775637732,0.003,-0.119));
#10089=CARTESIAN_POINT('',(0.13797224362268,-1.99999999999983E-6,-0.109));
#10090=CARTESIAN_POINT('',(0.06902775637732,-1.99999999999983E-6,-0.109));
#10091=CARTESIAN_POINT('',(0.0479722436226801,-1.99999999999983E-6,-0.119));
#10092=CARTESIAN_POINT('',(0.154038641184569,0.0355,-0.006998));
#10093=CARTESIAN_POINT('',(0.15399610581994,0.0325,-0.006998));
#10094=CARTESIAN_POINT('',(0.14960318783759,0.0325,-0.006998));
#10095=CARTESIAN_POINT('',(0.164500106107055,0.0325,-0.006998));
#10096=CARTESIAN_POINT('',(0.164500053053528,0.0325,-0.096));
#10097=CARTESIAN_POINT('',(0.1645,0.0325,-0.006998));
#10098=CARTESIAN_POINT('',(0.0529613588154316,0.0355,-0.006998));
#10099=CARTESIAN_POINT('',(0.0584796794077158,0.0355,-0.0014796794077158));
#10100=CARTESIAN_POINT('',(0.0530038941800594,0.0325,-0.006998));
#10101=CARTESIAN_POINT('',(0.05739681216241,0.0325,-0.006998));
#10102=CARTESIAN_POINT('',(0.0425,0.0325,-0.006998));
#10103=CARTESIAN_POINT('',(0.0424999469464722,0.0325,-0.096));
#10104=CARTESIAN_POINT('',(0.0424998938929445,0.0325,-0.006998));
#10105=CARTESIAN_POINT('',(0.05375,0.01625,-0.006998));
#10106=CARTESIAN_POINT('',(0.0742193416021636,0.0395922316515901,-0.0172193416021636));
#10107=CARTESIAN_POINT('',(0.15325,0.01625,-0.006998));
#10108=CARTESIAN_POINT('',(0.068,0.0505,-0.011));
#10109=CARTESIAN_POINT('',(0.0517548938929444,0.0185,-0.34291865644154));
#10110=CARTESIAN_POINT('',(0.0447572244033694,0.0105059263276989,-0.007));
#10111=CARTESIAN_POINT('',(0.0447572774568973,0.0105059869355642,-0.096));
#10112=CARTESIAN_POINT('',(0.044757330510425,0.0105060475434295,-0.007));
#10113=CARTESIAN_POINT('',(0.059654142672835,0.0275240296139101,-0.34291865644154));
#10114=CARTESIAN_POINT('',(0.0394998938929444,0.0185,-0.34291865644154));
#10115=CARTESIAN_POINT('',(0.0394998938929444,0.0124818967137888,-0.103063508326896));
#10116=CARTESIAN_POINT('',(0.0394998938929444,0.0295,-0.34291865644154));
#10117=CARTESIAN_POINT('',(0.167500106107055,0.0185,-0.34291865644154));
#10118=CARTESIAN_POINT('',(0.167500106107055,0.0124818967137889,-0.007));
#10119=CARTESIAN_POINT('',(0.167500106107055,0.0295,-0.34291865644154));
#10120=CARTESIAN_POINT('',(0.155245106107055,0.0185,-0.34291865644154));
#10121=CARTESIAN_POINT('',(0.162242669489575,0.0105060475434296,-0.103063508326896));
#10122=CARTESIAN_POINT('',(0.162242775596631,0.010505926327699,-0.096));
#10123=CARTESIAN_POINT('',(0.162242775596631,0.010505926327699,-0.103063508326896));
#10124=CARTESIAN_POINT('',(0.147345857327165,0.0275240296139101,-0.34291865644154));
#10125=CARTESIAN_POINT('',(0.0425,0.0124820179295194,-0.34291865644154));
#10126=CARTESIAN_POINT('',(0.0447572244001151,0.010505926330548,-0.096));
#10127=CARTESIAN_POINT('',(0.0443583064561793,0.0100502554916232,-0.096));
#10128=CARTESIAN_POINT('',(0.0432770540224806,0.00938922510596514,-0.096));
#10129=CARTESIAN_POINT('',(0.0413779631071032,0.00949675065747374,-0.096));
#10130=CARTESIAN_POINT('',(0.0398781976045319,0.0106667128305347,-0.096));
#10131=CARTESIAN_POINT('',(0.0395000244716685,0.0118762801406596,-0.096));
#10132=CARTESIAN_POINT('',(0.0395000000024487,0.0124818967180761,-0.096));
#10133=CARTESIAN_POINT('',(0.0424998938929445,0.0124818967137888,-0.34291865644154));
#10134=CARTESIAN_POINT('',(0.1645,0.0124820179295195,-0.049));
#10135=CARTESIAN_POINT('',(0.167499999997551,0.0124818967180761,-0.096));
#10136=CARTESIAN_POINT('',(0.167499975528331,0.0118762801406596,-0.096));
#10137=CARTESIAN_POINT('',(0.167121802395468,0.0106667128305348,-0.096));
#10138=CARTESIAN_POINT('',(0.165622036892897,0.00949675065747382,-0.096));
#10139=CARTESIAN_POINT('',(0.163722945977519,0.00938922510596521,-0.096));
#10140=CARTESIAN_POINT('',(0.162641693543821,0.0100502554916233,-0.096));
#10141=CARTESIAN_POINT('',(0.162242775599885,0.0105059263305481,-0.096));
#10142=CARTESIAN_POINT('',(0.164500106107055,0.0124818967137889,-0.34291865644154));
#10143=CARTESIAN_POINT('',(0.14960318783759,0.0295,-0.006998));
#10144=CARTESIAN_POINT('',(0.05739681216241,0.0295,-0.34291865644154));
#10145=CARTESIAN_POINT('',(0.1645,0.0295,-0.049));
#10146=CARTESIAN_POINT('',(0.164500106107056,0.0324999999981235,-0.096));
#10147=CARTESIAN_POINT('',(0.165285486585452,0.0324999722199868,-0.096));
#10148=CARTESIAN_POINT('',(0.166849972422748,0.0318498893079998,-0.096));
#10149=CARTESIAN_POINT('',(0.1675,0.0302853804788882,-0.096));
#10150=CARTESIAN_POINT('',(0.1675,0.0295,-0.096));
#10151=CARTESIAN_POINT('',(0.164500106107055,0.0295,-0.006998));
#10152=CARTESIAN_POINT('',(0.0425,0.0295,-0.049));
#10153=CARTESIAN_POINT('',(0.0395,0.0295,-0.096));
#10154=CARTESIAN_POINT('',(0.0395,0.0302853804788882,-0.096));
#10155=CARTESIAN_POINT('',(0.0401500275772519,0.0318498893079998,-0.096));
#10156=CARTESIAN_POINT('',(0.0417145134145476,0.0324999722199869,-0.096));
#10157=CARTESIAN_POINT('',(0.0424998938929445,0.0324999999981235,-0.096));
#10158=CARTESIAN_POINT('',(0.0424998938929445,0.0295,-0.34291865644154));
#10159=MECHANICAL_DESIGN_GEOMETRIC_PRESENTATION_REPRESENTATION('',(#5921),
#10160);
#10160=(
GEOMETRIC_REPRESENTATION_CONTEXT(3)
GLOBAL_UNCERTAINTY_ASSIGNED_CONTEXT((#10161))
GLOBAL_UNIT_ASSIGNED_CONTEXT((#10164,#10163,#10162))
REPRESENTATION_CONTEXT('Part 1','TOP_LEVEL_ASSEMBLY_PART')
);
#10161=UNCERTAINTY_MEASURE_WITH_UNIT(LENGTH_MEASURE(2.71013723781372E-5),
#10164,'DISTANCE_ACCURACY_VALUE','Maximum Tolerance applied to model');
#10162=(
NAMED_UNIT(*)
SI_UNIT($,.STERADIAN.)
SOLID_ANGLE_UNIT()
);
#10163=(
NAMED_UNIT(*)
PLANE_ANGLE_UNIT()
SI_UNIT($,.RADIAN.)
);
#10164=(
LENGTH_UNIT()
NAMED_UNIT(*)
SI_UNIT($,.METRE.)
);
#10165=PRODUCT_DEFINITION_SHAPE('','',#10166);
#10166=PRODUCT_DEFINITION('','',#10168,#10167);
#10167=PRODUCT_DEFINITION_CONTEXT('',#10174,'design');
#10168=PRODUCT_DEFINITION_FORMATION_WITH_SPECIFIED_SOURCE('','',#10170,
 .NOT_KNOWN.);
#10169=PRODUCT_RELATED_PRODUCT_CATEGORY('','',(#10170));
#10170=PRODUCT('Part 1','Part 1','Part 1',(#10172));
#10171=PRODUCT_CATEGORY('','');
#10172=PRODUCT_CONTEXT('',#10174,'mechanical');
#10173=APPLICATION_PROTOCOL_DEFINITION('international standard',
'ap242_managed_model_based_3d_engineering',2020,#10174);
#10174=APPLICATION_CONTEXT('managed model based 3d engineering');
ENDSEC;
END-ISO-10303-21;
