ISO-10303-21;
HEADER;
/* Generated by software containing ST-Developer
 * from STEP Tools, Inc. (www.steptools.com) 
 */
/* OPTION: using custom renumber hook */

FILE_DESCRIPTION(
/* description */ ('STEP AP242 Edition 2',
'CAx-IF Rec.Pracs.---Representation and Presentation of Product Manufa
cturing Information (PMI)---4.0---2014-10-13',
'CAx-IF Rec.Pracs.---3D Tessellated Geometry---0.4---2014-09-14','2;1',
'CAx-IF Rec.Pracs.---User Defined Attributes---1.5---2016-08-15'),
/* implementation_level */ '2;1');

FILE_NAME(
/* name */ 'Vernier Go Direct Mount (Cover)_REV. 3',
/* time_stamp */ '2026-07-20T15:50:44Z',
/* author */ (''),
/* organization */ (''),
/* preprocessor_version */ 'ST-DEVELOPER v20',
/* originating_system */ 'ONSHAPE BY PTC INC, 1.218',
/* authorisation */ '  ');

FILE_SCHEMA (('AP242_MANAGED_MODEL_BASED_3D_ENGINEERING_MIM_LF { 1 0 10303 442 3 1 4 }'));
ENDSEC;

DATA;
#10=SHAPE_REPRESENTATION_RELATIONSHIP('','',#1916,#11);
#11=ADVANCED_BREP_SHAPE_REPRESENTATION('',(#1914),#3637);
#12=SPHERICAL_SURFACE('',#2099,0.01);
#13=SPHERICAL_SURFACE('',#2104,0.01);
#14=SPHERICAL_SURFACE('',#2108,0.005);
#15=SPHERICAL_SURFACE('',#2114,0.005);
#16=SPHERICAL_SURFACE('',#2127,0.005);
#17=SPHERICAL_SURFACE('',#2134,0.005);
#18=B_SPLINE_SURFACE_WITH_KNOTS('',1,3,((#3371,#3372,#3373,#3374,#3375,
#3376,#3377,#3378,#3379,#3380,#3381,#3382),(#3383,#3384,#3385,#3386,#3387,
#3388,#3389,#3390,#3391,#3392,#3393,#3394)),.RULED_SURF.,.F.,.F.,.F.,(2,
2),(4,3,2,3,4),(0.,1.),(2.07955471505763E-6,0.00104216624412386,0.0061728334528911,
0.0113035006616583,0.0116522462153655),.UNSPECIFIED.);
#19=CONICAL_SURFACE('',#2082,0.002,0.523598775598299);
#20=CONICAL_SURFACE('',#2083,0.002,0.523598775598299);
#21=CONICAL_SURFACE('',#2086,0.002,0.523598775598299);
#22=(
BOUNDED_SURFACE()
B_SPLINE_SURFACE(3,2,((#3284,#3285,#3286),(#3287,#3288,#3289),(#3290,#3291,
#3292),(#3293,#3294,#3295),(#3296,#3297,#3298),(#3299,#3300,#3301),(#3302,
#3303,#3304),(#3305,#3306,#3307),(#3308,#3309,#3310)),.UNSPECIFIED.,.F.,
 .F.,.F.)
B_SPLINE_SURFACE_WITH_KNOTS((4,1,1,1,1,1,4),(3,3),(3.14159265358979,3.33794219443916,
3.53429173528852,3.73064127613788,3.92699081698724,4.31968989868597,4.71238898038469),
(0.,1.),.UNSPECIFIED.)
GEOMETRIC_REPRESENTATION_ITEM()
RATIONAL_B_SPLINE_SURFACE(((1.,0.707106781186548,1.),(1.,0.707106781186751,
1.),(1.,0.716400177601609,1.),(1.,0.754563896244192,1.),(1.,0.808034956513234,
1.),(1.,0.886299164406121,1.),(1.,0.973513794545331,1.),(1.,1.,1.),(1.,
1.,1.)))
REPRESENTATION_ITEM('')
SURFACE()
);
#23=(
BOUNDED_SURFACE()
B_SPLINE_SURFACE(3,2,((#3313,#3314,#3315),(#3316,#3317,#3318),(#3319,#3320,
#3321),(#3322,#3323,#3324),(#3325,#3326,#3327),(#3328,#3329,#3330),(#3331,
#3332,#3333),(#3334,#3335,#3336),(#3337,#3338,#3339)),.UNSPECIFIED.,.F.,
 .F.,.F.)
B_SPLINE_SURFACE_WITH_KNOTS((4,1,1,1,1,1,4),(3,3),(3.14159265358979,3.33794219443916,
3.53429173528852,3.73064127613788,3.92699081698724,4.31968989868597,4.71238898038469),
(0.,1.),.UNSPECIFIED.)
GEOMETRIC_REPRESENTATION_ITEM()
RATIONAL_B_SPLINE_SURFACE(((1.,0.707106781186548,1.),(1.,0.707106781186039,
1.),(1.,0.716400177601939,1.),(1.,0.754563896244104,1.),(1.,0.808034956513256,
1.),(1.,0.886299164406107,1.),(1.,0.973513794545337,1.),(1.,1.,1.),(1.,
1.,1.)))
REPRESENTATION_ITEM('')
SURFACE()
);
#24=(
BOUNDED_SURFACE()
B_SPLINE_SURFACE(3,2,((#3433,#3434,#3435),(#3436,#3437,#3438),(#3439,#3440,
#3441),(#3442,#3443,#3444),(#3445,#3446,#3447)),.UNSPECIFIED.,.F.,.F.,.F.)
B_SPLINE_SURFACE_WITH_KNOTS((4,1,4),(3,3),(0.462417132080775,0.886028462827555,
1.30963979357433),(0.,1.),.UNSPECIFIED.)
GEOMETRIC_REPRESENTATION_ITEM()
RATIONAL_B_SPLINE_SURFACE(((1.,0.589024577872103,1.),(1.,0.598168850446362,
1.),(1.,0.623910152705753,1.),(1.,0.657887162025336,1.),(1.,0.675163339025647,
1.)))
REPRESENTATION_ITEM('')
SURFACE()
);
#25=(
BOUNDED_SURFACE()
B_SPLINE_SURFACE(3,2,((#3461,#3462,#3463),(#3464,#3465,#3466),(#3467,#3468,
#3469),(#3470,#3471,#3472),(#3473,#3474,#3475)),.UNSPECIFIED.,.F.,.F.,.F.)
B_SPLINE_SURFACE_WITH_KNOTS((4,1,4),(3,3),(4.97354551360525,5.39715684435203,
5.82076817509881),(0.,1.),.UNSPECIFIED.)
GEOMETRIC_REPRESENTATION_ITEM()
RATIONAL_B_SPLINE_SURFACE(((1.,0.675163339025647,1.),(1.,0.657887162026584,
1.),(1.,0.623910152706066,1.),(1.,0.598168850444488,1.),(1.,0.589024577872104,
1.)))
REPRESENTATION_ITEM('')
SURFACE()
);
#26=(
BOUNDED_SURFACE()
B_SPLINE_SURFACE(3,2,((#3491,#3492,#3493),(#3494,#3495,#3496),(#3497,#3498,
#3499),(#3500,#3501,#3502)),.UNSPECIFIED.,.F.,.F.,.F.)
B_SPLINE_SURFACE_WITH_KNOTS((4,4),(3,3),(4.24491883044212,4.71238898038469),
(0.,1.),.PIECEWISE_BEZIER_KNOTS.)
GEOMETRIC_REPRESENTATION_ITEM()
RATIONAL_B_SPLINE_SURFACE(((1.,0.831304061668722,1.),(1.,0.795829365230339,
1.),(1.,0.753824606672415,1.),(1.,0.707106781186547,1.)))
REPRESENTATION_ITEM('')
SURFACE()
);
#27=(
BOUNDED_SURFACE()
B_SPLINE_SURFACE(3,2,((#3506,#3507,#3508),(#3509,#3510,#3511),(#3512,#3513,
#3514),(#3515,#3516,#3517),(#3518,#3519,#3520),(#3521,#3522,#3523),(#3524,
#3525,#3526),(#3527,#3528,#3529),(#3530,#3531,#3532),(#3533,#3534,#3535),
(#3536,#3537,#3538)),.UNSPECIFIED.,.F.,.F.,.F.)
B_SPLINE_SURFACE_WITH_KNOTS((4,1,1,1,1,1,1,1,4),(3,3),(1.34441069388203E-17,
0.00137393831943116,0.00274787663886231,0.00412181495829345,0.0054957532777246,
0.00686969159715574,0.00824362991658689,0.00961756823601804,0.0109915065554492),
(0.,1.),.UNSPECIFIED.)
GEOMETRIC_REPRESENTATION_ITEM()
RATIONAL_B_SPLINE_SURFACE(((1.,0.831304061668721,1.),(1.,0.848361636511347,
1.),(1.,0.880122800145026,1.),(1.,0.919668263660214,1.),(1.,0.949899392157703,
1.),(1.,0.96288524110009,1.),(1.,0.953005536720333,1.),(1.,0.929441496011369,
1.),(1.,0.899662030695559,1.),(1.,0.877172130002037,1.),(1.,0.865458286962849,
1.)))
REPRESENTATION_ITEM('')
SURFACE()
);
#28=(
BOUNDED_SURFACE()
B_SPLINE_SURFACE(3,2,((#3546,#3547,#3548),(#3549,#3550,#3551),(#3552,#3553,
#3554),(#3555,#3556,#3557),(#3558,#3559,#3560)),.UNSPECIFIED.,.F.,.F.,.F.)
B_SPLINE_SURFACE_WITH_KNOTS((4,1,4),(3,3),(3.49065850398865,4.10152374218667,
4.71238898038469),(0.,1.),.UNSPECIFIED.)
GEOMETRIC_REPRESENTATION_ITEM()
RATIONAL_B_SPLINE_SURFACE(((1.,0.865458286962851,1.),(1.,0.854796138793649,
1.),(1.,0.814898104009963,1.),(1.,0.745262019286369,1.),(1.,0.707106781186548,
1.)))
REPRESENTATION_ITEM('')
SURFACE()
);
#29=(
BOUNDED_SURFACE()
B_SPLINE_SURFACE(3,2,((#3561,#3562,#3563),(#3564,#3565,#3566),(#3567,#3568,
#3569),(#3570,#3571,#3572)),.UNSPECIFIED.,.F.,.F.,.F.)
B_SPLINE_SURFACE_WITH_KNOTS((4,4),(3,3),(4.24491883044212,4.71238898038469),
(0.,1.),.PIECEWISE_BEZIER_KNOTS.)
GEOMETRIC_REPRESENTATION_ITEM()
RATIONAL_B_SPLINE_SURFACE(((1.,0.831304061668722,1.),(1.,0.795829365229208,
1.),(1.,0.753824606668253,1.),(1.,0.707106781186547,1.)))
REPRESENTATION_ITEM('')
SURFACE()
);
#30=(
BOUNDED_SURFACE()
B_SPLINE_SURFACE(3,2,((#3575,#3576,#3577),(#3578,#3579,#3580),(#3581,#3582,
#3583),(#3584,#3585,#3586),(#3587,#3588,#3589),(#3590,#3591,#3592),(#3593,
#3594,#3595),(#3596,#3597,#3598),(#3599,#3600,#3601),(#3602,#3603,#3604),
(#3605,#3606,#3607)),.UNSPECIFIED.,.F.,.F.,.F.)
B_SPLINE_SURFACE_WITH_KNOTS((4,1,1,1,1,1,1,1,4),(3,3),(5.74627151417317E-18,
0.00137393831943115,0.0027478766388623,0.00412181495829345,0.0054957532777246,
0.00686969159715575,0.00824362991658689,0.00961756823601804,0.0109915065554492),
(0.,1.),.UNSPECIFIED.)
GEOMETRIC_REPRESENTATION_ITEM()
RATIONAL_B_SPLINE_SURFACE(((1.,0.831304061668721,1.),(1.,0.848361636511296,
1.),(1.,0.880122800145049,1.),(1.,0.919668263660206,1.),(1.,0.94989939215771,
1.),(1.,0.962885241100074,1.),(1.,0.953005536720397,1.),(1.,0.929441496011131,
1.),(1.,0.89966203069645,1.),(1.,0.877172130000113,1.),(1.,0.865458286962851,
1.)))
REPRESENTATION_ITEM('')
SURFACE()
);
#31=(
BOUNDED_SURFACE()
B_SPLINE_SURFACE(3,2,((#3615,#3616,#3617),(#3618,#3619,#3620),(#3621,#3622,
#3623),(#3624,#3625,#3626),(#3627,#3628,#3629)),.UNSPECIFIED.,.F.,.F.,.F.)
B_SPLINE_SURFACE_WITH_KNOTS((4,1,4),(3,3),(0.349065850398858,0.959931088596877,
1.5707963267949),(0.,1.),.UNSPECIFIED.)
GEOMETRIC_REPRESENTATION_ITEM()
RATIONAL_B_SPLINE_SURFACE(((1.,0.865458286962851,1.),(1.,0.854796138793476,
1.),(1.,0.814898104009932,1.),(1.,0.745262019286602,1.),(1.,0.707106781186547,
1.)))
REPRESENTATION_ITEM('')
SURFACE()
);
#32=TOROIDAL_SURFACE('',#2037,0.02,0.01);
#33=TOROIDAL_SURFACE('',#2048,0.02,0.01);
#34=CYLINDRICAL_SURFACE('',#1965,0.0021);
#35=CYLINDRICAL_SURFACE('',#1968,0.0021);
#36=CYLINDRICAL_SURFACE('',#1971,0.0021);
#37=CYLINDRICAL_SURFACE('',#1974,0.0021);
#38=CYLINDRICAL_SURFACE('',#1977,0.0021);
#39=CYLINDRICAL_SURFACE('',#1980,0.0021);
#40=CYLINDRICAL_SURFACE('',#1999,0.0098);
#41=CYLINDRICAL_SURFACE('',#2004,0.0098);
#42=CYLINDRICAL_SURFACE('',#2010,0.0036);
#43=CYLINDRICAL_SURFACE('',#2013,0.0036);
#44=CYLINDRICAL_SURFACE('',#2014,0.0036);
#45=CYLINDRICAL_SURFACE('',#2017,0.0036);
#46=CYLINDRICAL_SURFACE('',#2020,0.0036);
#47=CYLINDRICAL_SURFACE('',#2023,0.0036);
#48=CYLINDRICAL_SURFACE('',#2033,0.01);
#49=CYLINDRICAL_SURFACE('',#2040,0.01);
#50=CYLINDRICAL_SURFACE('',#2042,0.01);
#51=CYLINDRICAL_SURFACE('',#2045,0.01);
#52=CYLINDRICAL_SURFACE('',#2051,0.01);
#53=CYLINDRICAL_SURFACE('',#2054,0.005);
#54=CYLINDRICAL_SURFACE('',#2056,0.005);
#55=CYLINDRICAL_SURFACE('',#2058,0.005);
#56=CYLINDRICAL_SURFACE('',#2060,0.005);
#57=CYLINDRICAL_SURFACE('',#2062,0.003);
#58=CYLINDRICAL_SURFACE('',#2063,0.003);
#59=CYLINDRICAL_SURFACE('',#2064,0.003);
#60=CYLINDRICAL_SURFACE('',#2065,0.003);
#61=CYLINDRICAL_SURFACE('',#2066,0.003);
#62=CYLINDRICAL_SURFACE('',#2068,0.003);
#63=CYLINDRICAL_SURFACE('',#2070,0.002);
#64=CYLINDRICAL_SURFACE('',#2071,0.002);
#65=CYLINDRICAL_SURFACE('',#2072,0.002);
#66=CYLINDRICAL_SURFACE('',#2073,0.002);
#67=CYLINDRICAL_SURFACE('',#2074,0.002);
#68=CYLINDRICAL_SURFACE('',#2075,0.002);
#69=CYLINDRICAL_SURFACE('',#2077,0.002);
#70=CYLINDRICAL_SURFACE('',#2079,0.002);
#71=CYLINDRICAL_SURFACE('',#2090,0.006);
#72=CYLINDRICAL_SURFACE('',#2091,0.006);
#73=CYLINDRICAL_SURFACE('',#2095,0.01);
#74=CYLINDRICAL_SURFACE('',#2101,0.01);
#75=CYLINDRICAL_SURFACE('',#2105,0.005);
#76=CYLINDRICAL_SURFACE('',#2111,0.005);
#77=CYLINDRICAL_SURFACE('',#2116,0.005);
#78=CYLINDRICAL_SURFACE('',#2118,0.005);
#79=CYLINDRICAL_SURFACE('',#2123,0.005);
#80=CYLINDRICAL_SURFACE('',#2125,0.005);
#81=CYLINDRICAL_SURFACE('',#2130,0.005);
#82=CYLINDRICAL_SURFACE('',#2132,0.005);
#83=B_SPLINE_CURVE_WITH_KNOTS('',3,(#2889,#2890,#2891,#2892,#2893,#2894,
#2895,#2896,#2897,#2898,#2899),.UNSPECIFIED.,.F.,.F.,(4,1,1,1,1,1,1,1,4),
(0.,0.00137393831943116,0.00274787663886232,0.00412181495829348,0.00549575327772464,
0.0068696915971558,0.00824362991658695,0.00961756823601811,0.0109915065554493),
 .UNSPECIFIED.);
#84=B_SPLINE_CURVE_WITH_KNOTS('',3,(#2920,#2921,#2922,#2923,#2924,#2925,
#2926,#2927,#2928,#2929,#2930),.UNSPECIFIED.,.F.,.F.,(4,1,1,1,1,1,1,1,4),
(0.,0.0013998887984401,0.00279977759688019,0.00419966639532029,0.00559955519376038,
0.00699944399220048,0.00839933279064057,0.00979922158908067,0.0111991103875208),
 .UNSPECIFIED.);
#85=B_SPLINE_CURVE_WITH_KNOTS('',3,(#3027,#3028,#3029,#3030,#3031,#3032,
#3033,#3034,#3035,#3036,#3037),.UNSPECIFIED.,.F.,.F.,(4,1,1,1,1,1,1,1,4),
(0.,0.00110828042880357,0.00221656085760714,0.00443312171521428,0.00664968257282142,
0.00886624343042856,0.0110828042880357,0.0132993651456428,0.0177324868608571),
 .UNSPECIFIED.);
#86=B_SPLINE_CURVE_WITH_KNOTS('',3,(#3061,#3062,#3063,#3064,#3065,#3066,
#3067,#3068,#3069,#3070,#3071),.UNSPECIFIED.,.F.,.F.,(4,1,1,1,1,1,1,1,4),
(0.,0.00440619198359542,0.00660928797539313,0.00881238396719084,0.0110154799589886,
0.0132185759507863,0.015421671942584,0.0165232199384828,0.0176247679343817),
 .UNSPECIFIED.);
#87=B_SPLINE_CURVE_WITH_KNOTS('',3,(#3085,#3086,#3087,#3088,#3089),
 .UNSPECIFIED.,.F.,.F.,(4,1,4),(0.,0.0008251875266073,0.0016503750532146),
 .UNSPECIFIED.);
#88=B_SPLINE_CURVE_WITH_KNOTS('',3,(#3091,#3092,#3093,#3094,#3095,#3096,
#3097,#3098,#3099,#3100,#3101),.UNSPECIFIED.,.F.,.F.,(4,1,1,1,1,1,1,1,4),
(0.,0.00178750129297089,0.00357500258594178,0.00536250387891267,0.00715000517188357,
0.00893750646485446,0.0107250077578253,0.0125125090507962,0.0143000103437671),
 .UNSPECIFIED.);
#89=B_SPLINE_CURVE_WITH_KNOTS('',3,(#3103,#3104,#3105,#3106),
 .UNSPECIFIED.,.F.,.F.,(4,4),(0.,0.0014097352107359),.UNSPECIFIED.);
#90=B_SPLINE_CURVE_WITH_KNOTS('',3,(#3108,#3109,#3110,#3111),
 .UNSPECIFIED.,.F.,.F.,(4,4),(0.,0.00091115108618691),.UNSPECIFIED.);
#91=B_SPLINE_CURVE_WITH_KNOTS('',3,(#3116,#3117,#3118,#3119,#3120),
 .UNSPECIFIED.,.F.,.F.,(4,1,4),(0.,0.000912363738731572,0.00182472747746314),
 .UNSPECIFIED.);
#92=B_SPLINE_CURVE_WITH_KNOTS('',3,(#3122,#3123,#3124,#3125),
 .UNSPECIFIED.,.F.,.F.,(4,4),(1.4304896245382E-17,0.000911945090070961),
 .UNSPECIFIED.);
#93=B_SPLINE_CURVE_WITH_KNOTS('',3,(#3127,#3128,#3129,#3130),
 .UNSPECIFIED.,.F.,.F.,(4,4),(0.,0.0014095071477518),.UNSPECIFIED.);
#94=B_SPLINE_CURVE_WITH_KNOTS('',3,(#3132,#3133,#3134,#3135,#3136,#3137,
#3138,#3139,#3140),.UNSPECIFIED.,.F.,.F.,(4,1,1,1,1,1,4),(0.,0.0013424033961954,
0.00268480679239079,0.00402721018858619,0.00536961358478159,0.00805442037717238,
0.0107392271695632),.UNSPECIFIED.);
#95=B_SPLINE_CURVE_WITH_KNOTS('',3,(#3142,#3143,#3144,#3145,#3146,#3147,
#3148),.UNSPECIFIED.,.F.,.F.,(4,1,1,1,4),(0.,0.00125995933768863,0.00251991867537726,
0.00377987801306589,0.00503983735075452),.UNSPECIFIED.);
#96=B_SPLINE_CURVE_WITH_KNOTS('',3,(#3155,#3156,#3157,#3158,#3159),
 .UNSPECIFIED.,.F.,.F.,(4,1,4),(0.,0.000912363738731461,0.00182472747746292),
 .UNSPECIFIED.);
#97=B_SPLINE_CURVE_WITH_KNOTS('',3,(#3164,#3165,#3166,#3167),
 .UNSPECIFIED.,.F.,.F.,(4,4),(0.,0.00140973521073595),.UNSPECIFIED.);
#98=B_SPLINE_CURVE_WITH_KNOTS('',3,(#3170,#3171,#3172,#3173),
 .UNSPECIFIED.,.F.,.F.,(4,4),(0.,0.000911151086186887),.UNSPECIFIED.);
#99=B_SPLINE_CURVE_WITH_KNOTS('',3,(#3174,#3175,#3176,#3177,#3178,#3179,
#3180),.UNSPECIFIED.,.F.,.F.,(4,1,1,1,4),(0.,0.00127273377370711,0.00254546754741422,
0.00381820132112133,0.00509093509482844),.UNSPECIFIED.);
#100=B_SPLINE_CURVE_WITH_KNOTS('',3,(#3182,#3183,#3184,#3185,#3186,#3187,
#3188,#3189,#3190),.UNSPECIFIED.,.F.,.F.,(4,1,1,1,1,1,4),(0.,0.00266671447729045,
0.0053334289545809,0.00666678619322612,0.00800014343187135,0.00933350067051657,
0.0106668579091618),.UNSPECIFIED.);
#101=B_SPLINE_CURVE_WITH_KNOTS('',3,(#3195,#3196,#3197,#3198,#3199,#3200,
#3201,#3202,#3203,#3204,#3205),.UNSPECIFIED.,.F.,.F.,(4,1,1,1,1,1,1,1,4),
(3.46944695195361E-18,0.00179167386667574,0.00358334773335148,0.00537502160002722,
0.00716669546670296,0.0089583693333787,0.0107500432000544,0.0125417170667302,
0.0143333909334059),.UNSPECIFIED.);
#102=B_SPLINE_CURVE_WITH_KNOTS('',3,(#3208,#3209,#3210,#3211,#3212),
 .UNSPECIFIED.,.F.,.F.,(4,1,4),(0.,0.000820518869907548,0.0016410377398151),
 .UNSPECIFIED.);
#103=B_SPLINE_CURVE_WITH_KNOTS('',3,(#3213,#3214,#3215,#3216),
 .UNSPECIFIED.,.F.,.F.,(4,4),(0.,0.000911945090070761),.UNSPECIFIED.);
#104=B_SPLINE_CURVE_WITH_KNOTS('',3,(#3218,#3219,#3220,#3221),
 .UNSPECIFIED.,.F.,.F.,(4,4),(0.,0.00140950714775178),.UNSPECIFIED.);
#105=B_SPLINE_CURVE_WITH_KNOTS('',3,(#3345,#3346,#3347,#3348,#3349,#3350),
 .UNSPECIFIED.,.F.,.F.,(4,2,4),(0.00104216624412386,0.0061728334528911,
0.0113035006616583),.UNSPECIFIED.);
#106=B_SPLINE_CURVE_WITH_KNOTS('',3,(#3365,#3366,#3367,#3368),
 .UNSPECIFIED.,.F.,.F.,(4,4),(0.,1.),.UNSPECIFIED.);
#107=B_SPLINE_CURVE_WITH_KNOTS('',3,(#3395,#3396,#3397,#3398),
 .UNSPECIFIED.,.F.,.F.,(4,4),(0.,1.),.UNSPECIFIED.);
#108=B_SPLINE_CURVE_WITH_KNOTS('',3,(#3405,#3406,#3407,#3408,#3409,#3410,
#3411,#3412,#3413,#3414,#3415),.UNSPECIFIED.,.F.,.F.,(4,1,1,1,1,1,1,1,4),
(0.,0.00263238190741962,0.00526476381483925,0.00789714572225887,0.0105295276296785,
0.0131619095370981,0.0157942914445177,0.0184266733519374,0.021059055259357),
 .UNSPECIFIED.);
#109=B_SPLINE_CURVE_WITH_KNOTS('',3,(#3448,#3449,#3450,#3451,#3452,#3453,
#3454,#3455),.UNSPECIFIED.,.F.,.F.,(4,1,1,1,1,4),(1.87945782068003E-16,
0.0048515309501545,0.00727729642523165,0.00970306190030881,0.0145545928504631,
0.0194061238006174),.UNSPECIFIED.);
#110=B_SPLINE_CURVE_WITH_KNOTS('',3,(#3476,#3477,#3478,#3479,#3480,#3481,
#3482,#3483),.UNSPECIFIED.,.F.,.F.,(4,1,1,1,1,4),(0.,0.00485390856210309,
0.00970781712420618,0.0121347714052577,0.0145617256863093,0.0194156342484124),
 .UNSPECIFIED.);
#111=ELLIPSE('',#1954,0.00679246641508077,0.0036);
#112=ELLIPSE('',#1955,0.00679246641508077,0.0036);
#113=ELLIPSE('',#1956,0.00679246641508077,0.0036);
#114=ELLIPSE('',#1957,0.0283019433961698,0.015);
#115=ELLIPSE('',#1958,0.00589623820753538,0.005);
#116=ELLIPSE('',#1960,0.00679246641508076,0.0036);
#117=ELLIPSE('',#1961,0.00679246641508076,0.0036);
#118=ELLIPSE('',#1962,0.00679246641508076,0.0036);
#119=ELLIPSE('',#1963,0.00589623820753538,0.005);
#120=ELLIPSE('',#1964,0.0283019433961698,0.015);
#121=ELLIPSE('',#2000,0.0286532831215983,0.0098);
#122=ELLIPSE('',#2005,0.0286532831215983,0.0098);
#123=ELLIPSE('',#2034,0.026,0.01);
#124=ELLIPSE('',#2035,0.0123689018337408,0.01);
#125=ELLIPSE('',#2041,0.0122065556157337,0.01);
#126=ELLIPSE('',#2043,0.0122065556157337,0.01);
#127=ELLIPSE('',#2044,0.0122065556157337,0.01);
#128=ELLIPSE('',#2046,0.0122065556157337,0.01);
#129=ELLIPSE('',#2052,0.0123689018337408,0.01);
#130=ELLIPSE('',#2053,0.026,0.01);
#131=ELLIPSE('',#2089,0.0175428264009785,0.006);
#132=ELLIPSE('',#2093,0.0212835554495183,0.02);
#133=ELLIPSE('',#2094,0.0212835554495183,0.02);
#134=ELLIPSE('',#2096,0.0104769091339001,0.01);
#135=ELLIPSE('',#2097,0.0104769091339001,0.01);
#136=CIRCLE('',#1919,0.006);
#137=CIRCLE('',#1921,0.01);
#138=CIRCLE('',#1922,0.003);
#139=CIRCLE('',#1923,0.002);
#140=CIRCLE('',#1924,0.002);
#141=CIRCLE('',#1926,0.003);
#142=CIRCLE('',#1927,0.002);
#143=CIRCLE('',#1929,0.006);
#144=CIRCLE('',#1931,0.002);
#145=CIRCLE('',#1932,0.002);
#146=CIRCLE('',#1934,0.003);
#147=CIRCLE('',#1935,0.003);
#148=CIRCLE('',#1936,0.003);
#149=CIRCLE('',#1937,0.003);
#150=CIRCLE('',#1939,0.02);
#151=CIRCLE('',#1940,0.02);
#152=CIRCLE('',#1941,0.003);
#153=CIRCLE('',#1942,0.003);
#154=CIRCLE('',#1943,0.003);
#155=CIRCLE('',#1944,0.003);
#156=CIRCLE('',#1946,0.002);
#157=CIRCLE('',#1947,0.002);
#158=CIRCLE('',#1948,0.002);
#159=CIRCLE('',#1949,0.002);
#160=CIRCLE('',#1951,0.002);
#161=CIRCLE('',#1952,0.01);
#162=CIRCLE('',#1966,0.0021);
#163=CIRCLE('',#1967,0.0021);
#164=CIRCLE('',#1969,0.0021);
#165=CIRCLE('',#1970,0.0021);
#166=CIRCLE('',#1972,0.0021);
#167=CIRCLE('',#1973,0.0021);
#168=CIRCLE('',#1975,0.0021);
#169=CIRCLE('',#1976,0.0021);
#170=CIRCLE('',#1978,0.0021);
#171=CIRCLE('',#1979,0.0021);
#172=CIRCLE('',#1981,0.0021);
#173=CIRCLE('',#1982,0.0021);
#174=CIRCLE('',#1984,0.005);
#175=CIRCLE('',#1985,0.005);
#176=CIRCLE('',#1987,0.005);
#177=CIRCLE('',#1988,0.005);
#178=CIRCLE('',#1990,0.002);
#179=CIRCLE('',#1991,0.002);
#180=CIRCLE('',#1995,0.006);
#181=CIRCLE('',#1997,0.006);
#182=CIRCLE('',#2009,0.0036);
#183=CIRCLE('',#2012,0.0036);
#184=CIRCLE('',#2015,0.0036);
#185=CIRCLE('',#2018,0.0036);
#186=CIRCLE('',#2021,0.0036);
#187=CIRCLE('',#2024,0.0036);
#188=CIRCLE('',#2036,0.01);
#189=CIRCLE('',#2038,0.01);
#190=CIRCLE('',#2039,0.01);
#191=CIRCLE('',#2047,0.01);
#192=CIRCLE('',#2049,0.01);
#193=CIRCLE('',#2050,0.01);
#194=CIRCLE('',#2055,0.005);
#195=CIRCLE('',#2057,0.005);
#196=CIRCLE('',#2059,0.005);
#197=CIRCLE('',#2061,0.005);
#198=CIRCLE('',#2067,0.003);
#199=CIRCLE('',#2069,0.003);
#200=CIRCLE('',#2076,0.002);
#201=CIRCLE('',#2078,0.002);
#202=CIRCLE('',#2080,0.002);
#203=CIRCLE('',#2098,0.01);
#204=CIRCLE('',#2100,0.01);
#205=CIRCLE('',#2102,0.01);
#206=CIRCLE('',#2103,0.01);
#207=CIRCLE('',#2106,0.005);
#208=CIRCLE('',#2107,0.005);
#209=CIRCLE('',#2109,0.005);
#210=CIRCLE('',#2110,0.005);
#211=CIRCLE('',#2112,0.005);
#212=CIRCLE('',#2113,0.005);
#213=CIRCLE('',#2115,0.005);
#214=CIRCLE('',#2117,0.005);
#215=CIRCLE('',#2119,0.005);
#216=CIRCLE('',#2120,0.005);
#217=CIRCLE('',#2121,0.005);
#218=CIRCLE('',#2122,0.005);
#219=CIRCLE('',#2124,0.005);
#220=CIRCLE('',#2126,0.005);
#221=CIRCLE('',#2128,0.005);
#222=CIRCLE('',#2129,0.005);
#223=CIRCLE('',#2131,0.005);
#224=CIRCLE('',#2133,0.005);
#225=ORIENTED_EDGE('',*,*,#767,.T.);
#226=ORIENTED_EDGE('',*,*,#768,.T.);
#227=ORIENTED_EDGE('',*,*,#769,.T.);
#228=ORIENTED_EDGE('',*,*,#770,.T.);
#229=ORIENTED_EDGE('',*,*,#771,.T.);
#230=ORIENTED_EDGE('',*,*,#772,.T.);
#231=ORIENTED_EDGE('',*,*,#773,.T.);
#232=ORIENTED_EDGE('',*,*,#774,.F.);
#233=ORIENTED_EDGE('',*,*,#775,.T.);
#234=ORIENTED_EDGE('',*,*,#776,.T.);
#235=ORIENTED_EDGE('',*,*,#777,.F.);
#236=ORIENTED_EDGE('',*,*,#778,.F.);
#237=ORIENTED_EDGE('',*,*,#779,.F.);
#238=ORIENTED_EDGE('',*,*,#780,.T.);
#239=ORIENTED_EDGE('',*,*,#781,.T.);
#240=ORIENTED_EDGE('',*,*,#782,.T.);
#241=ORIENTED_EDGE('',*,*,#783,.T.);
#242=ORIENTED_EDGE('',*,*,#784,.F.);
#243=ORIENTED_EDGE('',*,*,#785,.T.);
#244=ORIENTED_EDGE('',*,*,#786,.T.);
#245=ORIENTED_EDGE('',*,*,#787,.T.);
#246=ORIENTED_EDGE('',*,*,#788,.T.);
#247=ORIENTED_EDGE('',*,*,#789,.T.);
#248=ORIENTED_EDGE('',*,*,#790,.F.);
#249=ORIENTED_EDGE('',*,*,#791,.T.);
#250=ORIENTED_EDGE('',*,*,#792,.T.);
#251=ORIENTED_EDGE('',*,*,#793,.T.);
#252=ORIENTED_EDGE('',*,*,#794,.T.);
#253=ORIENTED_EDGE('',*,*,#795,.F.);
#254=ORIENTED_EDGE('',*,*,#796,.T.);
#255=ORIENTED_EDGE('',*,*,#797,.T.);
#256=ORIENTED_EDGE('',*,*,#798,.F.);
#257=ORIENTED_EDGE('',*,*,#783,.F.);
#258=ORIENTED_EDGE('',*,*,#799,.T.);
#259=ORIENTED_EDGE('',*,*,#800,.T.);
#260=ORIENTED_EDGE('',*,*,#801,.T.);
#261=ORIENTED_EDGE('',*,*,#791,.F.);
#262=ORIENTED_EDGE('',*,*,#802,.F.);
#263=ORIENTED_EDGE('',*,*,#803,.T.);
#264=ORIENTED_EDGE('',*,*,#793,.F.);
#265=ORIENTED_EDGE('',*,*,#804,.T.);
#266=ORIENTED_EDGE('',*,*,#805,.T.);
#267=ORIENTED_EDGE('',*,*,#806,.T.);
#268=ORIENTED_EDGE('',*,*,#807,.T.);
#269=ORIENTED_EDGE('',*,*,#808,.T.);
#270=ORIENTED_EDGE('',*,*,#809,.T.);
#271=ORIENTED_EDGE('',*,*,#810,.T.);
#272=ORIENTED_EDGE('',*,*,#811,.F.);
#273=ORIENTED_EDGE('',*,*,#812,.T.);
#274=ORIENTED_EDGE('',*,*,#813,.T.);
#275=ORIENTED_EDGE('',*,*,#814,.T.);
#276=ORIENTED_EDGE('',*,*,#815,.T.);
#277=ORIENTED_EDGE('',*,*,#816,.T.);
#278=ORIENTED_EDGE('',*,*,#817,.F.);
#279=ORIENTED_EDGE('',*,*,#818,.T.);
#280=ORIENTED_EDGE('',*,*,#819,.T.);
#281=ORIENTED_EDGE('',*,*,#820,.T.);
#282=ORIENTED_EDGE('',*,*,#821,.T.);
#283=ORIENTED_EDGE('',*,*,#822,.T.);
#284=ORIENTED_EDGE('',*,*,#823,.T.);
#285=ORIENTED_EDGE('',*,*,#824,.T.);
#286=ORIENTED_EDGE('',*,*,#825,.F.);
#287=ORIENTED_EDGE('',*,*,#826,.T.);
#288=ORIENTED_EDGE('',*,*,#827,.T.);
#289=ORIENTED_EDGE('',*,*,#828,.T.);
#290=ORIENTED_EDGE('',*,*,#829,.T.);
#291=ORIENTED_EDGE('',*,*,#830,.T.);
#292=ORIENTED_EDGE('',*,*,#831,.F.);
#293=ORIENTED_EDGE('',*,*,#832,.T.);
#294=ORIENTED_EDGE('',*,*,#833,.T.);
#295=ORIENTED_EDGE('',*,*,#834,.T.);
#296=ORIENTED_EDGE('',*,*,#835,.T.);
#297=ORIENTED_EDGE('',*,*,#795,.T.);
#298=ORIENTED_EDGE('',*,*,#836,.T.);
#299=ORIENTED_EDGE('',*,*,#837,.F.);
#300=ORIENTED_EDGE('',*,*,#838,.T.);
#301=ORIENTED_EDGE('',*,*,#839,.T.);
#302=ORIENTED_EDGE('',*,*,#840,.T.);
#303=ORIENTED_EDGE('',*,*,#841,.T.);
#304=ORIENTED_EDGE('',*,*,#842,.T.);
#305=ORIENTED_EDGE('',*,*,#843,.T.);
#306=ORIENTED_EDGE('',*,*,#844,.F.);
#307=ORIENTED_EDGE('',*,*,#845,.T.);
#308=ORIENTED_EDGE('',*,*,#846,.T.);
#309=ORIENTED_EDGE('',*,*,#843,.F.);
#310=ORIENTED_EDGE('',*,*,#847,.T.);
#311=ORIENTED_EDGE('',*,*,#848,.T.);
#312=ORIENTED_EDGE('',*,*,#849,.T.);
#313=ORIENTED_EDGE('',*,*,#850,.T.);
#314=ORIENTED_EDGE('',*,*,#851,.F.);
#315=ORIENTED_EDGE('',*,*,#852,.F.);
#316=ORIENTED_EDGE('',*,*,#853,.T.);
#317=ORIENTED_EDGE('',*,*,#854,.F.);
#318=ORIENTED_EDGE('',*,*,#855,.T.);
#319=ORIENTED_EDGE('',*,*,#856,.T.);
#320=ORIENTED_EDGE('',*,*,#857,.T.);
#321=ORIENTED_EDGE('',*,*,#858,.T.);
#322=ORIENTED_EDGE('',*,*,#859,.T.);
#323=ORIENTED_EDGE('',*,*,#860,.T.);
#324=ORIENTED_EDGE('',*,*,#861,.T.);
#325=ORIENTED_EDGE('',*,*,#862,.T.);
#326=ORIENTED_EDGE('',*,*,#863,.F.);
#327=ORIENTED_EDGE('',*,*,#864,.T.);
#328=ORIENTED_EDGE('',*,*,#865,.F.);
#329=ORIENTED_EDGE('',*,*,#866,.T.);
#330=ORIENTED_EDGE('',*,*,#867,.T.);
#331=ORIENTED_EDGE('',*,*,#868,.T.);
#332=ORIENTED_EDGE('',*,*,#869,.T.);
#333=ORIENTED_EDGE('',*,*,#870,.F.);
#334=ORIENTED_EDGE('',*,*,#871,.T.);
#335=ORIENTED_EDGE('',*,*,#872,.T.);
#336=ORIENTED_EDGE('',*,*,#873,.F.);
#337=ORIENTED_EDGE('',*,*,#874,.F.);
#338=ORIENTED_EDGE('',*,*,#875,.T.);
#339=ORIENTED_EDGE('',*,*,#876,.F.);
#340=ORIENTED_EDGE('',*,*,#877,.T.);
#341=ORIENTED_EDGE('',*,*,#878,.T.);
#342=ORIENTED_EDGE('',*,*,#879,.F.);
#343=ORIENTED_EDGE('',*,*,#880,.T.);
#344=ORIENTED_EDGE('',*,*,#881,.F.);
#345=ORIENTED_EDGE('',*,*,#876,.T.);
#346=ORIENTED_EDGE('',*,*,#882,.T.);
#347=ORIENTED_EDGE('',*,*,#883,.T.);
#348=ORIENTED_EDGE('',*,*,#884,.T.);
#349=ORIENTED_EDGE('',*,*,#885,.T.);
#350=ORIENTED_EDGE('',*,*,#776,.F.);
#351=ORIENTED_EDGE('',*,*,#886,.F.);
#352=ORIENTED_EDGE('',*,*,#878,.F.);
#353=ORIENTED_EDGE('',*,*,#880,.F.);
#354=ORIENTED_EDGE('',*,*,#874,.T.);
#355=ORIENTED_EDGE('',*,*,#774,.T.);
#356=ORIENTED_EDGE('',*,*,#887,.T.);
#357=ORIENTED_EDGE('',*,*,#888,.F.);
#358=ORIENTED_EDGE('',*,*,#889,.T.);
#359=ORIENTED_EDGE('',*,*,#890,.F.);
#360=ORIENTED_EDGE('',*,*,#891,.T.);
#361=ORIENTED_EDGE('',*,*,#870,.T.);
#362=ORIENTED_EDGE('',*,*,#872,.F.);
#363=ORIENTED_EDGE('',*,*,#848,.F.);
#364=ORIENTED_EDGE('',*,*,#892,.T.);
#365=ORIENTED_EDGE('',*,*,#893,.T.);
#366=ORIENTED_EDGE('',*,*,#894,.T.);
#367=ORIENTED_EDGE('',*,*,#895,.T.);
#368=ORIENTED_EDGE('',*,*,#896,.T.);
#369=ORIENTED_EDGE('',*,*,#897,.T.);
#370=ORIENTED_EDGE('',*,*,#898,.T.);
#371=ORIENTED_EDGE('',*,*,#781,.F.);
#372=ORIENTED_EDGE('',*,*,#899,.T.);
#373=ORIENTED_EDGE('',*,*,#900,.T.);
#374=ORIENTED_EDGE('',*,*,#901,.T.);
#375=ORIENTED_EDGE('',*,*,#902,.T.);
#376=ORIENTED_EDGE('',*,*,#787,.F.);
#377=ORIENTED_EDGE('',*,*,#845,.F.);
#378=ORIENTED_EDGE('',*,*,#903,.T.);
#379=ORIENTED_EDGE('',*,*,#789,.F.);
#380=ORIENTED_EDGE('',*,*,#904,.T.);
#381=ORIENTED_EDGE('',*,*,#905,.T.);
#382=ORIENTED_EDGE('',*,*,#906,.T.);
#383=ORIENTED_EDGE('',*,*,#785,.F.);
#384=ORIENTED_EDGE('',*,*,#907,.T.);
#385=ORIENTED_EDGE('',*,*,#797,.F.);
#386=ORIENTED_EDGE('',*,*,#908,.T.);
#387=ORIENTED_EDGE('',*,*,#909,.T.);
#388=ORIENTED_EDGE('',*,*,#910,.T.);
#389=ORIENTED_EDGE('',*,*,#911,.F.);
#390=ORIENTED_EDGE('',*,*,#850,.F.);
#391=ORIENTED_EDGE('',*,*,#912,.T.);
#392=ORIENTED_EDGE('',*,*,#913,.T.);
#393=ORIENTED_EDGE('',*,*,#914,.F.);
#394=ORIENTED_EDGE('',*,*,#913,.F.);
#395=ORIENTED_EDGE('',*,*,#915,.T.);
#396=ORIENTED_EDGE('',*,*,#886,.T.);
#397=ORIENTED_EDGE('',*,*,#916,.T.);
#398=ORIENTED_EDGE('',*,*,#917,.T.);
#399=ORIENTED_EDGE('',*,*,#918,.T.);
#400=ORIENTED_EDGE('',*,*,#884,.F.);
#401=ORIENTED_EDGE('',*,*,#919,.T.);
#402=ORIENTED_EDGE('',*,*,#920,.T.);
#403=ORIENTED_EDGE('',*,*,#921,.T.);
#404=ORIENTED_EDGE('',*,*,#882,.F.);
#405=ORIENTED_EDGE('',*,*,#922,.T.);
#406=ORIENTED_EDGE('',*,*,#923,.T.);
#407=ORIENTED_EDGE('',*,*,#924,.T.);
#408=ORIENTED_EDGE('',*,*,#888,.T.);
#409=ORIENTED_EDGE('',*,*,#925,.T.);
#410=ORIENTED_EDGE('',*,*,#926,.T.);
#411=ORIENTED_EDGE('',*,*,#891,.F.);
#412=ORIENTED_EDGE('',*,*,#927,.T.);
#413=ORIENTED_EDGE('',*,*,#779,.T.);
#414=ORIENTED_EDGE('',*,*,#928,.T.);
#415=ORIENTED_EDGE('',*,*,#925,.F.);
#416=ORIENTED_EDGE('',*,*,#929,.T.);
#417=ORIENTED_EDGE('',*,*,#930,.T.);
#418=ORIENTED_EDGE('',*,*,#931,.T.);
#419=ORIENTED_EDGE('',*,*,#932,.T.);
#420=ORIENTED_EDGE('',*,*,#890,.T.);
#421=ORIENTED_EDGE('',*,*,#933,.T.);
#422=ORIENTED_EDGE('',*,*,#881,.T.);
#423=ORIENTED_EDGE('',*,*,#852,.T.);
#424=ORIENTED_EDGE('',*,*,#934,.T.);
#425=ORIENTED_EDGE('',*,*,#935,.T.);
#426=ORIENTED_EDGE('',*,*,#936,.T.);
#427=ORIENTED_EDGE('',*,*,#937,.T.);
#428=ORIENTED_EDGE('',*,*,#933,.F.);
#429=ORIENTED_EDGE('',*,*,#938,.T.);
#430=ORIENTED_EDGE('',*,*,#879,.T.);
#431=ORIENTED_EDGE('',*,*,#854,.T.);
#432=ORIENTED_EDGE('',*,*,#939,.T.);
#433=ORIENTED_EDGE('',*,*,#938,.F.);
#434=ORIENTED_EDGE('',*,*,#856,.F.);
#435=ORIENTED_EDGE('',*,*,#940,.T.);
#436=ORIENTED_EDGE('',*,*,#941,.T.);
#437=ORIENTED_EDGE('',*,*,#942,.T.);
#438=ORIENTED_EDGE('',*,*,#943,.T.);
#439=ORIENTED_EDGE('',*,*,#944,.T.);
#440=ORIENTED_EDGE('',*,*,#877,.F.);
#441=ORIENTED_EDGE('',*,*,#944,.F.);
#442=ORIENTED_EDGE('',*,*,#945,.T.);
#443=ORIENTED_EDGE('',*,*,#863,.T.);
#444=ORIENTED_EDGE('',*,*,#946,.T.);
#445=ORIENTED_EDGE('',*,*,#875,.F.);
#446=ORIENTED_EDGE('',*,*,#945,.F.);
#447=ORIENTED_EDGE('',*,*,#947,.F.);
#448=ORIENTED_EDGE('',*,*,#948,.T.);
#449=ORIENTED_EDGE('',*,*,#949,.T.);
#450=ORIENTED_EDGE('',*,*,#861,.F.);
#451=ORIENTED_EDGE('',*,*,#950,.T.);
#452=ORIENTED_EDGE('',*,*,#951,.T.);
#453=ORIENTED_EDGE('',*,*,#947,.T.);
#454=ORIENTED_EDGE('',*,*,#873,.T.);
#455=ORIENTED_EDGE('',*,*,#952,.T.);
#456=ORIENTED_EDGE('',*,*,#953,.T.);
#457=ORIENTED_EDGE('',*,*,#954,.T.);
#458=ORIENTED_EDGE('',*,*,#865,.T.);
#459=ORIENTED_EDGE('',*,*,#955,.T.);
#460=ORIENTED_EDGE('',*,*,#956,.T.);
#461=ORIENTED_EDGE('',*,*,#871,.F.);
#462=ORIENTED_EDGE('',*,*,#952,.F.);
#463=ORIENTED_EDGE('',*,*,#841,.F.);
#464=ORIENTED_EDGE('',*,*,#957,.T.);
#465=ORIENTED_EDGE('',*,*,#893,.F.);
#466=ORIENTED_EDGE('',*,*,#958,.T.);
#467=ORIENTED_EDGE('',*,*,#802,.T.);
#468=ORIENTED_EDGE('',*,*,#959,.T.);
#469=ORIENTED_EDGE('',*,*,#837,.T.);
#470=ORIENTED_EDGE('',*,*,#960,.T.);
#471=ORIENTED_EDGE('',*,*,#839,.F.);
#472=ORIENTED_EDGE('',*,*,#961,.T.);
#473=ORIENTED_EDGE('',*,*,#962,.F.);
#474=ORIENTED_EDGE('',*,*,#963,.T.);
#475=ORIENTED_EDGE('',*,*,#813,.F.);
#476=ORIENTED_EDGE('',*,*,#964,.T.);
#477=ORIENTED_EDGE('',*,*,#825,.T.);
#478=ORIENTED_EDGE('',*,*,#965,.T.);
#479=ORIENTED_EDGE('',*,*,#811,.T.);
#480=ORIENTED_EDGE('',*,*,#966,.T.);
#481=ORIENTED_EDGE('',*,*,#827,.F.);
#482=ORIENTED_EDGE('',*,*,#967,.T.);
#483=ORIENTED_EDGE('',*,*,#829,.F.);
#484=ORIENTED_EDGE('',*,*,#968,.T.);
#485=ORIENTED_EDGE('',*,*,#817,.T.);
#486=ORIENTED_EDGE('',*,*,#969,.T.);
#487=ORIENTED_EDGE('',*,*,#831,.T.);
#488=ORIENTED_EDGE('',*,*,#970,.T.);
#489=ORIENTED_EDGE('',*,*,#815,.F.);
#490=ORIENTED_EDGE('',*,*,#971,.T.);
#491=ORIENTED_EDGE('',*,*,#932,.F.);
#492=ORIENTED_EDGE('',*,*,#972,.T.);
#493=ORIENTED_EDGE('',*,*,#973,.T.);
#494=ORIENTED_EDGE('',*,*,#974,.F.);
#495=ORIENTED_EDGE('',*,*,#899,.F.);
#496=ORIENTED_EDGE('',*,*,#780,.F.);
#497=ORIENTED_EDGE('',*,*,#929,.F.);
#498=ORIENTED_EDGE('',*,*,#927,.F.);
#499=ORIENTED_EDGE('',*,*,#974,.T.);
#500=ORIENTED_EDGE('',*,*,#975,.T.);
#501=ORIENTED_EDGE('',*,*,#819,.F.);
#502=ORIENTED_EDGE('',*,*,#976,.F.);
#503=ORIENTED_EDGE('',*,*,#824,.F.);
#504=ORIENTED_EDGE('',*,*,#977,.T.);
#505=ORIENTED_EDGE('',*,*,#897,.F.);
#506=ORIENTED_EDGE('',*,*,#976,.T.);
#507=ORIENTED_EDGE('',*,*,#800,.F.);
#508=ORIENTED_EDGE('',*,*,#978,.T.);
#509=ORIENTED_EDGE('',*,*,#823,.F.);
#510=ORIENTED_EDGE('',*,*,#979,.T.);
#511=ORIENTED_EDGE('',*,*,#805,.F.);
#512=ORIENTED_EDGE('',*,*,#980,.T.);
#513=ORIENTED_EDGE('',*,*,#822,.F.);
#514=ORIENTED_EDGE('',*,*,#981,.F.);
#515=ORIENTED_EDGE('',*,*,#895,.F.);
#516=ORIENTED_EDGE('',*,*,#962,.T.);
#517=ORIENTED_EDGE('',*,*,#821,.F.);
#518=ORIENTED_EDGE('',*,*,#982,.T.);
#519=ORIENTED_EDGE('',*,*,#983,.F.);
#520=ORIENTED_EDGE('',*,*,#981,.T.);
#521=ORIENTED_EDGE('',*,*,#984,.T.);
#522=ORIENTED_EDGE('',*,*,#985,.T.);
#523=ORIENTED_EDGE('',*,*,#919,.F.);
#524=ORIENTED_EDGE('',*,*,#915,.F.);
#525=ORIENTED_EDGE('',*,*,#912,.F.);
#526=ORIENTED_EDGE('',*,*,#849,.F.);
#527=ORIENTED_EDGE('',*,*,#896,.F.);
#528=ORIENTED_EDGE('',*,*,#983,.T.);
#529=ORIENTED_EDGE('',*,*,#921,.F.);
#530=ORIENTED_EDGE('',*,*,#986,.T.);
#531=ORIENTED_EDGE('',*,*,#916,.F.);
#532=ORIENTED_EDGE('',*,*,#883,.F.);
#533=ORIENTED_EDGE('',*,*,#918,.F.);
#534=ORIENTED_EDGE('',*,*,#987,.T.);
#535=ORIENTED_EDGE('',*,*,#767,.F.);
#536=ORIENTED_EDGE('',*,*,#885,.F.);
#537=ORIENTED_EDGE('',*,*,#773,.F.);
#538=ORIENTED_EDGE('',*,*,#988,.T.);
#539=ORIENTED_EDGE('',*,*,#922,.F.);
#540=ORIENTED_EDGE('',*,*,#887,.F.);
#541=ORIENTED_EDGE('',*,*,#924,.F.);
#542=ORIENTED_EDGE('',*,*,#989,.T.);
#543=ORIENTED_EDGE('',*,*,#930,.F.);
#544=ORIENTED_EDGE('',*,*,#889,.F.);
#545=ORIENTED_EDGE('',*,*,#828,.F.);
#546=ORIENTED_EDGE('',*,*,#966,.F.);
#547=ORIENTED_EDGE('',*,*,#818,.F.);
#548=ORIENTED_EDGE('',*,*,#968,.F.);
#549=ORIENTED_EDGE('',*,*,#830,.F.);
#550=ORIENTED_EDGE('',*,*,#969,.F.);
#551=ORIENTED_EDGE('',*,*,#816,.F.);
#552=ORIENTED_EDGE('',*,*,#970,.F.);
#553=ORIENTED_EDGE('',*,*,#826,.F.);
#554=ORIENTED_EDGE('',*,*,#964,.F.);
#555=ORIENTED_EDGE('',*,*,#812,.F.);
#556=ORIENTED_EDGE('',*,*,#967,.F.);
#557=ORIENTED_EDGE('',*,*,#832,.F.);
#558=ORIENTED_EDGE('',*,*,#971,.F.);
#559=ORIENTED_EDGE('',*,*,#814,.F.);
#560=ORIENTED_EDGE('',*,*,#965,.F.);
#561=ORIENTED_EDGE('',*,*,#782,.F.);
#562=ORIENTED_EDGE('',*,*,#898,.F.);
#563=ORIENTED_EDGE('',*,*,#990,.F.);
#564=ORIENTED_EDGE('',*,*,#799,.F.);
#565=ORIENTED_EDGE('',*,*,#990,.T.);
#566=ORIENTED_EDGE('',*,*,#977,.F.);
#567=ORIENTED_EDGE('',*,*,#978,.F.);
#568=ORIENTED_EDGE('',*,*,#792,.F.);
#569=ORIENTED_EDGE('',*,*,#801,.F.);
#570=ORIENTED_EDGE('',*,*,#991,.F.);
#571=ORIENTED_EDGE('',*,*,#804,.F.);
#572=ORIENTED_EDGE('',*,*,#991,.T.);
#573=ORIENTED_EDGE('',*,*,#979,.F.);
#574=ORIENTED_EDGE('',*,*,#980,.F.);
#575=ORIENTED_EDGE('',*,*,#838,.F.);
#576=ORIENTED_EDGE('',*,*,#959,.F.);
#577=ORIENTED_EDGE('',*,*,#806,.F.);
#578=ORIENTED_EDGE('',*,*,#961,.F.);
#579=ORIENTED_EDGE('',*,*,#840,.F.);
#580=ORIENTED_EDGE('',*,*,#963,.F.);
#581=ORIENTED_EDGE('',*,*,#894,.F.);
#582=ORIENTED_EDGE('',*,*,#957,.F.);
#583=ORIENTED_EDGE('',*,*,#836,.F.);
#584=ORIENTED_EDGE('',*,*,#794,.F.);
#585=ORIENTED_EDGE('',*,*,#803,.F.);
#586=ORIENTED_EDGE('',*,*,#960,.F.);
#587=ORIENTED_EDGE('',*,*,#842,.F.);
#588=ORIENTED_EDGE('',*,*,#958,.F.);
#589=ORIENTED_EDGE('',*,*,#892,.F.);
#590=ORIENTED_EDGE('',*,*,#847,.F.);
#591=ORIENTED_EDGE('',*,*,#992,.T.);
#592=ORIENTED_EDGE('',*,*,#908,.F.);
#593=ORIENTED_EDGE('',*,*,#796,.F.);
#594=ORIENTED_EDGE('',*,*,#835,.F.);
#595=ORIENTED_EDGE('',*,*,#906,.F.);
#596=ORIENTED_EDGE('',*,*,#993,.T.);
#597=ORIENTED_EDGE('',*,*,#833,.F.);
#598=ORIENTED_EDGE('',*,*,#846,.F.);
#599=ORIENTED_EDGE('',*,*,#910,.F.);
#600=ORIENTED_EDGE('',*,*,#994,.T.);
#601=ORIENTED_EDGE('',*,*,#900,.F.);
#602=ORIENTED_EDGE('',*,*,#786,.F.);
#603=ORIENTED_EDGE('',*,*,#902,.F.);
#604=ORIENTED_EDGE('',*,*,#995,.T.);
#605=ORIENTED_EDGE('',*,*,#904,.F.);
#606=ORIENTED_EDGE('',*,*,#788,.F.);
#607=ORIENTED_EDGE('',*,*,#996,.F.);
#608=ORIENTED_EDGE('',*,*,#905,.F.);
#609=ORIENTED_EDGE('',*,*,#997,.F.);
#610=ORIENTED_EDGE('',*,*,#810,.F.);
#611=ORIENTED_EDGE('',*,*,#993,.F.);
#612=ORIENTED_EDGE('',*,*,#996,.T.);
#613=ORIENTED_EDGE('',*,*,#998,.F.);
#614=ORIENTED_EDGE('',*,*,#997,.T.);
#615=ORIENTED_EDGE('',*,*,#995,.F.);
#616=ORIENTED_EDGE('',*,*,#999,.F.);
#617=ORIENTED_EDGE('',*,*,#998,.T.);
#618=ORIENTED_EDGE('',*,*,#809,.F.);
#619=ORIENTED_EDGE('',*,*,#1000,.F.);
#620=ORIENTED_EDGE('',*,*,#834,.F.);
#621=ORIENTED_EDGE('',*,*,#999,.T.);
#622=ORIENTED_EDGE('',*,*,#901,.F.);
#623=ORIENTED_EDGE('',*,*,#1001,.F.);
#624=ORIENTED_EDGE('',*,*,#807,.F.);
#625=ORIENTED_EDGE('',*,*,#992,.F.);
#626=ORIENTED_EDGE('',*,*,#1000,.T.);
#627=ORIENTED_EDGE('',*,*,#1002,.F.);
#628=ORIENTED_EDGE('',*,*,#1001,.T.);
#629=ORIENTED_EDGE('',*,*,#994,.F.);
#630=ORIENTED_EDGE('',*,*,#1003,.F.);
#631=ORIENTED_EDGE('',*,*,#1002,.T.);
#632=ORIENTED_EDGE('',*,*,#808,.F.);
#633=ORIENTED_EDGE('',*,*,#1003,.T.);
#634=ORIENTED_EDGE('',*,*,#909,.F.);
#635=ORIENTED_EDGE('',*,*,#1004,.F.);
#636=ORIENTED_EDGE('',*,*,#851,.T.);
#637=ORIENTED_EDGE('',*,*,#911,.T.);
#638=ORIENTED_EDGE('',*,*,#914,.T.);
#639=ORIENTED_EDGE('',*,*,#775,.F.);
#640=ORIENTED_EDGE('',*,*,#926,.F.);
#641=ORIENTED_EDGE('',*,*,#928,.F.);
#642=ORIENTED_EDGE('',*,*,#778,.T.);
#643=ORIENTED_EDGE('',*,*,#844,.T.);
#644=ORIENTED_EDGE('',*,*,#1004,.T.);
#645=ORIENTED_EDGE('',*,*,#777,.T.);
#646=ORIENTED_EDGE('',*,*,#903,.F.);
#647=ORIENTED_EDGE('',*,*,#770,.F.);
#648=ORIENTED_EDGE('',*,*,#1005,.T.);
#649=ORIENTED_EDGE('',*,*,#784,.T.);
#650=ORIENTED_EDGE('',*,*,#798,.T.);
#651=ORIENTED_EDGE('',*,*,#790,.T.);
#652=ORIENTED_EDGE('',*,*,#907,.F.);
#653=ORIENTED_EDGE('',*,*,#1006,.T.);
#654=ORIENTED_EDGE('',*,*,#1007,.T.);
#655=ORIENTED_EDGE('',*,*,#1008,.T.);
#656=ORIENTED_EDGE('',*,*,#1009,.T.);
#657=ORIENTED_EDGE('',*,*,#1010,.T.);
#658=ORIENTED_EDGE('',*,*,#1011,.T.);
#659=ORIENTED_EDGE('',*,*,#769,.F.);
#660=ORIENTED_EDGE('',*,*,#1012,.T.);
#661=ORIENTED_EDGE('',*,*,#1006,.F.);
#662=ORIENTED_EDGE('',*,*,#1013,.T.);
#663=ORIENTED_EDGE('',*,*,#771,.F.);
#664=ORIENTED_EDGE('',*,*,#1005,.F.);
#665=ORIENTED_EDGE('',*,*,#1008,.F.);
#666=ORIENTED_EDGE('',*,*,#1014,.T.);
#667=ORIENTED_EDGE('',*,*,#984,.F.);
#668=ORIENTED_EDGE('',*,*,#1015,.F.);
#669=ORIENTED_EDGE('',*,*,#1015,.T.);
#670=ORIENTED_EDGE('',*,*,#982,.F.);
#671=ORIENTED_EDGE('',*,*,#1016,.F.);
#672=ORIENTED_EDGE('',*,*,#1016,.T.);
#673=ORIENTED_EDGE('',*,*,#820,.F.);
#674=ORIENTED_EDGE('',*,*,#1017,.F.);
#675=ORIENTED_EDGE('',*,*,#1009,.F.);
#676=ORIENTED_EDGE('',*,*,#973,.F.);
#677=ORIENTED_EDGE('',*,*,#1018,.T.);
#678=ORIENTED_EDGE('',*,*,#1010,.F.);
#679=ORIENTED_EDGE('',*,*,#1019,.F.);
#680=ORIENTED_EDGE('',*,*,#1017,.T.);
#681=ORIENTED_EDGE('',*,*,#975,.F.);
#682=ORIENTED_EDGE('',*,*,#1019,.T.);
#683=ORIENTED_EDGE('',*,*,#1020,.F.);
#684=ORIENTED_EDGE('',*,*,#942,.F.);
#685=ORIENTED_EDGE('',*,*,#1021,.F.);
#686=ORIENTED_EDGE('',*,*,#920,.F.);
#687=ORIENTED_EDGE('',*,*,#1021,.T.);
#688=ORIENTED_EDGE('',*,*,#941,.F.);
#689=ORIENTED_EDGE('',*,*,#1022,.F.);
#690=ORIENTED_EDGE('',*,*,#986,.F.);
#691=ORIENTED_EDGE('',*,*,#1020,.T.);
#692=ORIENTED_EDGE('',*,*,#985,.F.);
#693=ORIENTED_EDGE('',*,*,#1023,.F.);
#694=ORIENTED_EDGE('',*,*,#857,.F.);
#695=ORIENTED_EDGE('',*,*,#943,.F.);
#696=ORIENTED_EDGE('',*,*,#853,.F.);
#697=ORIENTED_EDGE('',*,*,#937,.F.);
#698=ORIENTED_EDGE('',*,*,#1024,.F.);
#699=ORIENTED_EDGE('',*,*,#917,.F.);
#700=ORIENTED_EDGE('',*,*,#1022,.T.);
#701=ORIENTED_EDGE('',*,*,#940,.F.);
#702=ORIENTED_EDGE('',*,*,#855,.F.);
#703=ORIENTED_EDGE('',*,*,#939,.F.);
#704=ORIENTED_EDGE('',*,*,#1023,.T.);
#705=ORIENTED_EDGE('',*,*,#1014,.F.);
#706=ORIENTED_EDGE('',*,*,#1025,.F.);
#707=ORIENTED_EDGE('',*,*,#858,.F.);
#708=ORIENTED_EDGE('',*,*,#1024,.T.);
#709=ORIENTED_EDGE('',*,*,#936,.F.);
#710=ORIENTED_EDGE('',*,*,#1026,.F.);
#711=ORIENTED_EDGE('',*,*,#987,.F.);
#712=ORIENTED_EDGE('',*,*,#1025,.T.);
#713=ORIENTED_EDGE('',*,*,#1007,.F.);
#714=ORIENTED_EDGE('',*,*,#1027,.F.);
#715=ORIENTED_EDGE('',*,*,#859,.F.);
#716=ORIENTED_EDGE('',*,*,#1026,.T.);
#717=ORIENTED_EDGE('',*,*,#935,.F.);
#718=ORIENTED_EDGE('',*,*,#1028,.F.);
#719=ORIENTED_EDGE('',*,*,#768,.F.);
#720=ORIENTED_EDGE('',*,*,#1027,.T.);
#721=ORIENTED_EDGE('',*,*,#1012,.F.);
#722=ORIENTED_EDGE('',*,*,#1028,.T.);
#723=ORIENTED_EDGE('',*,*,#934,.F.);
#724=ORIENTED_EDGE('',*,*,#860,.F.);
#725=ORIENTED_EDGE('',*,*,#950,.F.);
#726=ORIENTED_EDGE('',*,*,#869,.F.);
#727=ORIENTED_EDGE('',*,*,#1029,.F.);
#728=ORIENTED_EDGE('',*,*,#972,.F.);
#729=ORIENTED_EDGE('',*,*,#1030,.F.);
#730=ORIENTED_EDGE('',*,*,#1029,.T.);
#731=ORIENTED_EDGE('',*,*,#868,.F.);
#732=ORIENTED_EDGE('',*,*,#1031,.F.);
#733=ORIENTED_EDGE('',*,*,#1018,.F.);
#734=ORIENTED_EDGE('',*,*,#1030,.T.);
#735=ORIENTED_EDGE('',*,*,#931,.F.);
#736=ORIENTED_EDGE('',*,*,#1032,.F.);
#737=ORIENTED_EDGE('',*,*,#951,.F.);
#738=ORIENTED_EDGE('',*,*,#1031,.T.);
#739=ORIENTED_EDGE('',*,*,#867,.F.);
#740=ORIENTED_EDGE('',*,*,#1033,.F.);
#741=ORIENTED_EDGE('',*,*,#1011,.F.);
#742=ORIENTED_EDGE('',*,*,#1032,.T.);
#743=ORIENTED_EDGE('',*,*,#989,.F.);
#744=ORIENTED_EDGE('',*,*,#1034,.F.);
#745=ORIENTED_EDGE('',*,*,#948,.F.);
#746=ORIENTED_EDGE('',*,*,#866,.F.);
#747=ORIENTED_EDGE('',*,*,#954,.F.);
#748=ORIENTED_EDGE('',*,*,#1035,.F.);
#749=ORIENTED_EDGE('',*,*,#1013,.F.);
#750=ORIENTED_EDGE('',*,*,#1033,.T.);
#751=ORIENTED_EDGE('',*,*,#1034,.T.);
#752=ORIENTED_EDGE('',*,*,#923,.F.);
#753=ORIENTED_EDGE('',*,*,#1036,.F.);
#754=ORIENTED_EDGE('',*,*,#955,.F.);
#755=ORIENTED_EDGE('',*,*,#864,.F.);
#756=ORIENTED_EDGE('',*,*,#946,.F.);
#757=ORIENTED_EDGE('',*,*,#862,.F.);
#758=ORIENTED_EDGE('',*,*,#949,.F.);
#759=ORIENTED_EDGE('',*,*,#1035,.T.);
#760=ORIENTED_EDGE('',*,*,#953,.F.);
#761=ORIENTED_EDGE('',*,*,#1037,.F.);
#762=ORIENTED_EDGE('',*,*,#772,.F.);
#763=ORIENTED_EDGE('',*,*,#1036,.T.);
#764=ORIENTED_EDGE('',*,*,#988,.F.);
#765=ORIENTED_EDGE('',*,*,#1037,.T.);
#766=ORIENTED_EDGE('',*,*,#956,.F.);
#767=EDGE_CURVE('',#1038,#1039,#1208,.T.);
#768=EDGE_CURVE('',#1039,#1040,#1209,.T.);
#769=EDGE_CURVE('',#1040,#1041,#1210,.F.);
#770=EDGE_CURVE('',#1041,#1042,#136,.T.);
#771=EDGE_CURVE('',#1042,#1043,#1211,.F.);
#772=EDGE_CURVE('',#1043,#1044,#1212,.T.);
#773=EDGE_CURVE('',#1044,#1045,#1213,.F.);
#774=EDGE_CURVE('',#1046,#1045,#1214,.T.);
#775=EDGE_CURVE('',#1046,#1047,#1215,.T.);
#776=EDGE_CURVE('',#1047,#1038,#1216,.T.);
#777=EDGE_CURVE('',#1048,#1049,#1217,.T.);
#778=EDGE_CURVE('',#1050,#1048,#1218,.T.);
#779=EDGE_CURVE('',#1051,#1050,#1219,.T.);
#780=EDGE_CURVE('',#1051,#1052,#137,.F.);
#781=EDGE_CURVE('',#1052,#1053,#1220,.T.);
#782=EDGE_CURVE('',#1053,#1054,#138,.T.);
#783=EDGE_CURVE('',#1054,#1055,#1221,.T.);
#784=EDGE_CURVE('',#1056,#1055,#1222,.T.);
#785=EDGE_CURVE('',#1056,#1057,#1223,.T.);
#786=EDGE_CURVE('',#1057,#1058,#139,.F.);
#787=EDGE_CURVE('',#1058,#1059,#1224,.T.);
#788=EDGE_CURVE('',#1059,#1060,#140,.F.);
#789=EDGE_CURVE('',#1060,#1049,#1225,.T.);
#790=EDGE_CURVE('',#1061,#1062,#1226,.F.);
#791=EDGE_CURVE('',#1061,#1063,#1227,.T.);
#792=EDGE_CURVE('',#1063,#1064,#141,.T.);
#793=EDGE_CURVE('',#1064,#1065,#1228,.T.);
#794=EDGE_CURVE('',#1065,#1066,#1229,.F.);
#795=EDGE_CURVE('',#1067,#1066,#1230,.T.);
#796=EDGE_CURVE('',#1067,#1068,#142,.F.);
#797=EDGE_CURVE('',#1068,#1062,#1231,.T.);
#798=EDGE_CURVE('',#1055,#1061,#143,.T.);
#799=EDGE_CURVE('',#1054,#1069,#1232,.T.);
#800=EDGE_CURVE('',#1069,#1070,#1233,.T.);
#801=EDGE_CURVE('',#1070,#1063,#1234,.F.);
#802=EDGE_CURVE('',#1071,#1072,#1235,.T.);
#803=EDGE_CURVE('',#1071,#1065,#144,.F.);
#804=EDGE_CURVE('',#1064,#1073,#1236,.T.);
#805=EDGE_CURVE('',#1073,#1074,#1237,.T.);
#806=EDGE_CURVE('',#1074,#1072,#145,.T.);
#807=EDGE_CURVE('',#1075,#1076,#1238,.T.);
#808=EDGE_CURVE('',#1076,#1077,#1239,.T.);
#809=EDGE_CURVE('',#1077,#1078,#1240,.T.);
#810=EDGE_CURVE('',#1078,#1075,#1241,.T.);
#811=EDGE_CURVE('',#1079,#1080,#1242,.T.);
#812=EDGE_CURVE('',#1079,#1081,#146,.F.);
#813=EDGE_CURVE('',#1081,#1082,#1243,.T.);
#814=EDGE_CURVE('',#1082,#1083,#147,.F.);
#815=EDGE_CURVE('',#1083,#1084,#1244,.T.);
#816=EDGE_CURVE('',#1084,#1085,#148,.F.);
#817=EDGE_CURVE('',#1086,#1085,#1245,.T.);
#818=EDGE_CURVE('',#1086,#1080,#149,.F.);
#819=EDGE_CURVE('',#1087,#1088,#150,.T.);
#820=EDGE_CURVE('',#1088,#1089,#1246,.T.);
#821=EDGE_CURVE('',#1089,#1090,#151,.T.);
#822=EDGE_CURVE('',#1090,#1091,#1247,.F.);
#823=EDGE_CURVE('',#1091,#1092,#1248,.F.);
#824=EDGE_CURVE('',#1092,#1087,#1249,.F.);
#825=EDGE_CURVE('',#1093,#1094,#1250,.T.);
#826=EDGE_CURVE('',#1093,#1095,#152,.T.);
#827=EDGE_CURVE('',#1095,#1096,#1251,.T.);
#828=EDGE_CURVE('',#1096,#1097,#153,.T.);
#829=EDGE_CURVE('',#1097,#1098,#1252,.T.);
#830=EDGE_CURVE('',#1098,#1099,#154,.T.);
#831=EDGE_CURVE('',#1100,#1099,#1253,.T.);
#832=EDGE_CURVE('',#1100,#1094,#155,.T.);
#833=EDGE_CURVE('',#1101,#1102,#1254,.T.);
#834=EDGE_CURVE('',#1102,#1103,#1255,.T.);
#835=EDGE_CURVE('',#1103,#1067,#1256,.F.);
#836=EDGE_CURVE('',#1066,#1104,#156,.T.);
#837=EDGE_CURVE('',#1105,#1104,#1257,.T.);
#838=EDGE_CURVE('',#1105,#1106,#157,.F.);
#839=EDGE_CURVE('',#1106,#1107,#1258,.T.);
#840=EDGE_CURVE('',#1107,#1108,#158,.F.);
#841=EDGE_CURVE('',#1108,#1109,#1259,.T.);
#842=EDGE_CURVE('',#1109,#1110,#159,.T.);
#843=EDGE_CURVE('',#1110,#1101,#1260,.T.);
#844=EDGE_CURVE('',#1111,#1112,#1261,.F.);
#845=EDGE_CURVE('',#1111,#1113,#1262,.T.);
#846=EDGE_CURVE('',#1113,#1101,#160,.F.);
#847=EDGE_CURVE('',#1110,#1114,#1263,.T.);
#848=EDGE_CURVE('',#1114,#1115,#1264,.T.);
#849=EDGE_CURVE('',#1115,#1116,#161,.F.);
#850=EDGE_CURVE('',#1116,#1117,#1265,.T.);
#851=EDGE_CURVE('',#1112,#1117,#1266,.T.);
#852=EDGE_CURVE('',#1118,#1119,#111,.T.);
#853=EDGE_CURVE('',#1118,#1120,#1267,.F.);
#854=EDGE_CURVE('',#1121,#1120,#112,.T.);
#855=EDGE_CURVE('',#1121,#1122,#1268,.F.);
#856=EDGE_CURVE('',#1122,#1123,#113,.F.);
#857=EDGE_CURVE('',#1123,#1124,#114,.F.);
#858=EDGE_CURVE('',#1124,#1125,#83,.T.);
#859=EDGE_CURVE('',#1125,#1126,#1269,.F.);
#860=EDGE_CURVE('',#1126,#1119,#115,.T.);
#861=EDGE_CURVE('',#1127,#1128,#116,.T.);
#862=EDGE_CURVE('',#1128,#1129,#1270,.T.);
#863=EDGE_CURVE('',#1130,#1129,#117,.F.);
#864=EDGE_CURVE('',#1130,#1131,#1271,.T.);
#865=EDGE_CURVE('',#1132,#1131,#118,.F.);
#866=EDGE_CURVE('',#1132,#1133,#119,.F.);
#867=EDGE_CURVE('',#1133,#1134,#1272,.T.);
#868=EDGE_CURVE('',#1134,#1135,#84,.T.);
#869=EDGE_CURVE('',#1135,#1127,#120,.T.);
#870=EDGE_CURVE('',#1136,#1136,#162,.T.);
#871=EDGE_CURVE('',#1137,#1137,#163,.T.);
#872=EDGE_CURVE('',#1138,#1138,#164,.T.);
#873=EDGE_CURVE('',#1139,#1139,#165,.F.);
#874=EDGE_CURVE('',#1140,#1140,#166,.T.);
#875=EDGE_CURVE('',#1141,#1141,#167,.T.);
#876=EDGE_CURVE('',#1142,#1142,#168,.T.);
#877=EDGE_CURVE('',#1143,#1143,#169,.T.);
#878=EDGE_CURVE('',#1144,#1144,#170,.T.);
#879=EDGE_CURVE('',#1145,#1145,#171,.F.);
#880=EDGE_CURVE('',#1146,#1146,#172,.T.);
#881=EDGE_CURVE('',#1147,#1147,#173,.F.);
#882=EDGE_CURVE('',#1148,#1149,#1273,.T.);
#883=EDGE_CURVE('',#1149,#1150,#174,.T.);
#884=EDGE_CURVE('',#1150,#1151,#1274,.T.);
#885=EDGE_CURVE('',#1151,#1038,#175,.T.);
#886=EDGE_CURVE('',#1148,#1047,#1275,.T.);
#887=EDGE_CURVE('',#1045,#1152,#176,.F.);
#888=EDGE_CURVE('',#1153,#1152,#1276,.T.);
#889=EDGE_CURVE('',#1153,#1154,#177,.F.);
#890=EDGE_CURVE('',#1155,#1154,#1277,.T.);
#891=EDGE_CURVE('',#1155,#1046,#1278,.T.);
#892=EDGE_CURVE('',#1114,#1156,#178,.F.);
#893=EDGE_CURVE('',#1156,#1157,#1279,.T.);
#894=EDGE_CURVE('',#1157,#1158,#179,.T.);
#895=EDGE_CURVE('',#1158,#1159,#1280,.T.);
#896=EDGE_CURVE('',#1159,#1115,#1281,.F.);
#897=EDGE_CURVE('',#1160,#1161,#1282,.T.);
#898=EDGE_CURVE('',#1161,#1053,#1283,.F.);
#899=EDGE_CURVE('',#1052,#1160,#1284,.T.);
#900=EDGE_CURVE('',#1058,#1162,#1285,.T.);
#901=EDGE_CURVE('',#1162,#1163,#1286,.T.);
#902=EDGE_CURVE('',#1163,#1059,#1287,.F.);
#903=EDGE_CURVE('',#1111,#1049,#180,.T.);
#904=EDGE_CURVE('',#1060,#1164,#1288,.T.);
#905=EDGE_CURVE('',#1164,#1165,#1289,.T.);
#906=EDGE_CURVE('',#1165,#1113,#1290,.F.);
#907=EDGE_CURVE('',#1056,#1062,#181,.T.);
#908=EDGE_CURVE('',#1068,#1166,#1291,.T.);
#909=EDGE_CURVE('',#1166,#1167,#1292,.T.);
#910=EDGE_CURVE('',#1167,#1057,#1293,.F.);
#911=EDGE_CURVE('',#1117,#1168,#1294,.T.);
#912=EDGE_CURVE('',#1116,#1169,#1295,.T.);
#913=EDGE_CURVE('',#1169,#1168,#1296,.T.);
#914=EDGE_CURVE('',#1168,#1047,#121,.F.);
#915=EDGE_CURVE('',#1169,#1148,#85,.T.);
#916=EDGE_CURVE('',#1150,#1170,#1297,.T.);
#917=EDGE_CURVE('',#1170,#1171,#1298,.T.);
#918=EDGE_CURVE('',#1171,#1151,#1299,.F.);
#919=EDGE_CURVE('',#1148,#1172,#1300,.T.);
#920=EDGE_CURVE('',#1172,#1173,#1301,.T.);
#921=EDGE_CURVE('',#1173,#1149,#1302,.F.);
#922=EDGE_CURVE('',#1152,#1174,#1303,.T.);
#923=EDGE_CURVE('',#1174,#1175,#1304,.F.);
#924=EDGE_CURVE('',#1175,#1153,#1305,.F.);
#925=EDGE_CURVE('',#1176,#1177,#1306,.T.);
#926=EDGE_CURVE('',#1177,#1046,#122,.T.);
#927=EDGE_CURVE('',#1155,#1176,#86,.T.);
#928=EDGE_CURVE('',#1050,#1177,#1307,.T.);
#929=EDGE_CURVE('',#1176,#1051,#1308,.F.);
#930=EDGE_CURVE('',#1154,#1178,#1309,.T.);
#931=EDGE_CURVE('',#1178,#1179,#1310,.T.);
#932=EDGE_CURVE('',#1179,#1155,#1311,.F.);
#933=EDGE_CURVE('',#1180,#1180,#182,.T.);
#934=EDGE_CURVE('',#1119,#1181,#87,.T.);
#935=EDGE_CURVE('',#1181,#1182,#88,.T.);
#936=EDGE_CURVE('',#1182,#1183,#89,.T.);
#937=EDGE_CURVE('',#1183,#1118,#90,.T.);
#938=EDGE_CURVE('',#1184,#1184,#183,.T.);
#939=EDGE_CURVE('',#1120,#1121,#91,.T.);
#940=EDGE_CURVE('',#1122,#1185,#92,.T.);
#941=EDGE_CURVE('',#1185,#1186,#93,.T.);
#942=EDGE_CURVE('',#1186,#1187,#94,.T.);
#943=EDGE_CURVE('',#1187,#1123,#95,.T.);
#944=EDGE_CURVE('',#1188,#1188,#184,.T.);
#945=EDGE_CURVE('',#1189,#1189,#185,.T.);
#946=EDGE_CURVE('',#1129,#1130,#96,.T.);
#947=EDGE_CURVE('',#1190,#1190,#186,.T.);
#948=EDGE_CURVE('',#1191,#1192,#97,.T.);
#949=EDGE_CURVE('',#1192,#1128,#98,.T.);
#950=EDGE_CURVE('',#1127,#1193,#99,.T.);
#951=EDGE_CURVE('',#1193,#1191,#100,.T.);
#952=EDGE_CURVE('',#1194,#1194,#187,.T.);
#953=EDGE_CURVE('',#1195,#1196,#101,.T.);
#954=EDGE_CURVE('',#1196,#1132,#102,.T.);
#955=EDGE_CURVE('',#1131,#1197,#103,.T.);
#956=EDGE_CURVE('',#1197,#1195,#104,.T.);
#957=EDGE_CURVE('',#1108,#1157,#1312,.T.);
#958=EDGE_CURVE('',#1156,#1109,#1313,.F.);
#959=EDGE_CURVE('',#1072,#1105,#1314,.F.);
#960=EDGE_CURVE('',#1104,#1071,#1315,.T.);
#961=EDGE_CURVE('',#1106,#1074,#1316,.T.);
#962=EDGE_CURVE('',#1158,#1074,#1317,.T.);
#963=EDGE_CURVE('',#1158,#1107,#1318,.F.);
#964=EDGE_CURVE('',#1081,#1093,#1319,.F.);
#965=EDGE_CURVE('',#1094,#1082,#1320,.T.);
#966=EDGE_CURVE('',#1080,#1096,#1321,.F.);
#967=EDGE_CURVE('',#1095,#1079,#1322,.T.);
#968=EDGE_CURVE('',#1097,#1086,#1323,.T.);
#969=EDGE_CURVE('',#1085,#1098,#1324,.F.);
#970=EDGE_CURVE('',#1099,#1084,#1325,.T.);
#971=EDGE_CURVE('',#1083,#1100,#1326,.F.);
#972=EDGE_CURVE('',#1179,#1198,#123,.T.);
#973=EDGE_CURVE('',#1198,#1199,#124,.T.);
#974=EDGE_CURVE('',#1160,#1199,#188,.T.);
#975=EDGE_CURVE('',#1199,#1088,#189,.F.);
#976=EDGE_CURVE('',#1160,#1087,#190,.F.);
#977=EDGE_CURVE('',#1092,#1161,#125,.T.);
#978=EDGE_CURVE('',#1069,#1092,#126,.F.);
#979=EDGE_CURVE('',#1091,#1070,#127,.T.);
#980=EDGE_CURVE('',#1073,#1091,#128,.F.);
#981=EDGE_CURVE('',#1159,#1090,#191,.F.);
#982=EDGE_CURVE('',#1089,#1200,#192,.T.);
#983=EDGE_CURVE('',#1159,#1200,#193,.F.);
#984=EDGE_CURVE('',#1200,#1201,#129,.T.);
#985=EDGE_CURVE('',#1201,#1172,#130,.F.);
#986=EDGE_CURVE('',#1173,#1170,#194,.T.);
#987=EDGE_CURVE('',#1171,#1039,#195,.T.);
#988=EDGE_CURVE('',#1044,#1174,#196,.F.);
#989=EDGE_CURVE('',#1175,#1178,#197,.F.);
#990=EDGE_CURVE('',#1069,#1161,#198,.T.);
#991=EDGE_CURVE('',#1073,#1070,#199,.T.);
#992=EDGE_CURVE('',#1103,#1166,#105,.F.);
#993=EDGE_CURVE('',#1165,#1102,#200,.F.);
#994=EDGE_CURVE('',#1167,#1162,#201,.F.);
#995=EDGE_CURVE('',#1163,#1164,#202,.F.);
#996=EDGE_CURVE('',#1165,#1078,#1327,.T.);
#997=EDGE_CURVE('',#1075,#1164,#1328,.T.);
#998=EDGE_CURVE('',#1102,#1078,#1329,.T.);
#999=EDGE_CURVE('',#1075,#1163,#1330,.T.);
#1000=EDGE_CURVE('',#1103,#1077,#106,.F.);
#1001=EDGE_CURVE('',#1076,#1162,#1331,.T.);
#1002=EDGE_CURVE('',#1166,#1077,#107,.T.);
#1003=EDGE_CURVE('',#1076,#1167,#1332,.T.);
#1004=EDGE_CURVE('',#1112,#1048,#131,.T.);
#1005=EDGE_CURVE('',#1041,#1042,#108,.T.);
#1006=EDGE_CURVE('',#1202,#1203,#1333,.T.);
#1007=EDGE_CURVE('',#1203,#1204,#1334,.T.);
#1008=EDGE_CURVE('',#1204,#1205,#132,.T.);
#1009=EDGE_CURVE('',#1205,#1206,#1335,.F.);
#1010=EDGE_CURVE('',#1206,#1207,#133,.T.);
#1011=EDGE_CURVE('',#1207,#1202,#1336,.F.);
#1012=EDGE_CURVE('',#1040,#1203,#134,.T.);
#1013=EDGE_CURVE('',#1202,#1043,#135,.F.);
#1014=EDGE_CURVE('',#1204,#1201,#109,.T.);
#1015=EDGE_CURVE('',#1205,#1200,#203,.T.);
#1016=EDGE_CURVE('',#1205,#1089,#204,.T.);
#1017=EDGE_CURVE('',#1206,#1088,#205,.T.);
#1018=EDGE_CURVE('',#1198,#1207,#110,.T.);
#1019=EDGE_CURVE('',#1199,#1206,#206,.T.);
#1020=EDGE_CURVE('',#1187,#1172,#207,.T.);
#1021=EDGE_CURVE('',#1173,#1186,#208,.T.);
#1022=EDGE_CURVE('',#1170,#1185,#209,.T.);
#1023=EDGE_CURVE('',#1124,#1201,#210,.T.);
#1024=EDGE_CURVE('',#1171,#1183,#211,.T.);
#1025=EDGE_CURVE('',#1125,#1204,#212,.T.);
#1026=EDGE_CURVE('',#1039,#1182,#213,.T.);
#1027=EDGE_CURVE('',#1126,#1203,#214,.T.);
#1028=EDGE_CURVE('',#1040,#1181,#215,.T.);
#1029=EDGE_CURVE('',#1198,#1135,#216,.T.);
#1030=EDGE_CURVE('',#1193,#1179,#217,.T.);
#1031=EDGE_CURVE('',#1207,#1134,#218,.T.);
#1032=EDGE_CURVE('',#1191,#1178,#219,.T.);
#1033=EDGE_CURVE('',#1202,#1133,#220,.T.);
#1034=EDGE_CURVE('',#1192,#1175,#221,.T.);
#1035=EDGE_CURVE('',#1043,#1196,#222,.T.);
#1036=EDGE_CURVE('',#1197,#1174,#223,.T.);
#1037=EDGE_CURVE('',#1044,#1195,#224,.T.);
#1038=VERTEX_POINT('',#2703);
#1039=VERTEX_POINT('',#2704);
#1040=VERTEX_POINT('',#2706);
#1041=VERTEX_POINT('',#2708);
#1042=VERTEX_POINT('',#2710);
#1043=VERTEX_POINT('',#2712);
#1044=VERTEX_POINT('',#2714);
#1045=VERTEX_POINT('',#2716);
#1046=VERTEX_POINT('',#2718);
#1047=VERTEX_POINT('',#2720);
#1048=VERTEX_POINT('',#2724);
#1049=VERTEX_POINT('',#2725);
#1050=VERTEX_POINT('',#2727);
#1051=VERTEX_POINT('',#2729);
#1052=VERTEX_POINT('',#2731);
#1053=VERTEX_POINT('',#2733);
#1054=VERTEX_POINT('',#2735);
#1055=VERTEX_POINT('',#2737);
#1056=VERTEX_POINT('',#2739);
#1057=VERTEX_POINT('',#2741);
#1058=VERTEX_POINT('',#2743);
#1059=VERTEX_POINT('',#2745);
#1060=VERTEX_POINT('',#2747);
#1061=VERTEX_POINT('',#2751);
#1062=VERTEX_POINT('',#2752);
#1063=VERTEX_POINT('',#2754);
#1064=VERTEX_POINT('',#2756);
#1065=VERTEX_POINT('',#2758);
#1066=VERTEX_POINT('',#2760);
#1067=VERTEX_POINT('',#2762);
#1068=VERTEX_POINT('',#2764);
#1069=VERTEX_POINT('',#2769);
#1070=VERTEX_POINT('',#2771);
#1071=VERTEX_POINT('',#2775);
#1072=VERTEX_POINT('',#2776);
#1073=VERTEX_POINT('',#2779);
#1074=VERTEX_POINT('',#2781);
#1075=VERTEX_POINT('',#2785);
#1076=VERTEX_POINT('',#2786);
#1077=VERTEX_POINT('',#2788);
#1078=VERTEX_POINT('',#2790);
#1079=VERTEX_POINT('',#2793);
#1080=VERTEX_POINT('',#2794);
#1081=VERTEX_POINT('',#2796);
#1082=VERTEX_POINT('',#2798);
#1083=VERTEX_POINT('',#2800);
#1084=VERTEX_POINT('',#2802);
#1085=VERTEX_POINT('',#2804);
#1086=VERTEX_POINT('',#2806);
#1087=VERTEX_POINT('',#2810);
#1088=VERTEX_POINT('',#2811);
#1089=VERTEX_POINT('',#2813);
#1090=VERTEX_POINT('',#2815);
#1091=VERTEX_POINT('',#2817);
#1092=VERTEX_POINT('',#2819);
#1093=VERTEX_POINT('',#2822);
#1094=VERTEX_POINT('',#2823);
#1095=VERTEX_POINT('',#2825);
#1096=VERTEX_POINT('',#2827);
#1097=VERTEX_POINT('',#2829);
#1098=VERTEX_POINT('',#2831);
#1099=VERTEX_POINT('',#2833);
#1100=VERTEX_POINT('',#2835);
#1101=VERTEX_POINT('',#2839);
#1102=VERTEX_POINT('',#2840);
#1103=VERTEX_POINT('',#2842);
#1104=VERTEX_POINT('',#2845);
#1105=VERTEX_POINT('',#2847);
#1106=VERTEX_POINT('',#2849);
#1107=VERTEX_POINT('',#2851);
#1108=VERTEX_POINT('',#2853);
#1109=VERTEX_POINT('',#2855);
#1110=VERTEX_POINT('',#2857);
#1111=VERTEX_POINT('',#2861);
#1112=VERTEX_POINT('',#2862);
#1113=VERTEX_POINT('',#2864);
#1114=VERTEX_POINT('',#2867);
#1115=VERTEX_POINT('',#2869);
#1116=VERTEX_POINT('',#2871);
#1117=VERTEX_POINT('',#2873);
#1118=VERTEX_POINT('',#2877);
#1119=VERTEX_POINT('',#2878);
#1120=VERTEX_POINT('',#2880);
#1121=VERTEX_POINT('',#2882);
#1122=VERTEX_POINT('',#2884);
#1123=VERTEX_POINT('',#2886);
#1124=VERTEX_POINT('',#2888);
#1125=VERTEX_POINT('',#2900);
#1126=VERTEX_POINT('',#2902);
#1127=VERTEX_POINT('',#2906);
#1128=VERTEX_POINT('',#2907);
#1129=VERTEX_POINT('',#2909);
#1130=VERTEX_POINT('',#2911);
#1131=VERTEX_POINT('',#2913);
#1132=VERTEX_POINT('',#2915);
#1133=VERTEX_POINT('',#2917);
#1134=VERTEX_POINT('',#2919);
#1135=VERTEX_POINT('',#2931);
#1136=VERTEX_POINT('',#2935);
#1137=VERTEX_POINT('',#2937);
#1138=VERTEX_POINT('',#2940);
#1139=VERTEX_POINT('',#2942);
#1140=VERTEX_POINT('',#2945);
#1141=VERTEX_POINT('',#2947);
#1142=VERTEX_POINT('',#2950);
#1143=VERTEX_POINT('',#2952);
#1144=VERTEX_POINT('',#2955);
#1145=VERTEX_POINT('',#2957);
#1146=VERTEX_POINT('',#2960);
#1147=VERTEX_POINT('',#2962);
#1148=VERTEX_POINT('',#2965);
#1149=VERTEX_POINT('',#2966);
#1150=VERTEX_POINT('',#2968);
#1151=VERTEX_POINT('',#2970);
#1152=VERTEX_POINT('',#2975);
#1153=VERTEX_POINT('',#2977);
#1154=VERTEX_POINT('',#2979);
#1155=VERTEX_POINT('',#2981);
#1156=VERTEX_POINT('',#2985);
#1157=VERTEX_POINT('',#2987);
#1158=VERTEX_POINT('',#2989);
#1159=VERTEX_POINT('',#2991);
#1160=VERTEX_POINT('',#2995);
#1161=VERTEX_POINT('',#2996);
#1162=VERTEX_POINT('',#3001);
#1163=VERTEX_POINT('',#3003);
#1164=VERTEX_POINT('',#3008);
#1165=VERTEX_POINT('',#3010);
#1166=VERTEX_POINT('',#3015);
#1167=VERTEX_POINT('',#3017);
#1168=VERTEX_POINT('',#3021);
#1169=VERTEX_POINT('',#3023);
#1170=VERTEX_POINT('',#3040);
#1171=VERTEX_POINT('',#3042);
#1172=VERTEX_POINT('',#3046);
#1173=VERTEX_POINT('',#3048);
#1174=VERTEX_POINT('',#3052);
#1175=VERTEX_POINT('',#3054);
#1176=VERTEX_POINT('',#3058);
#1177=VERTEX_POINT('',#3059);
#1178=VERTEX_POINT('',#3077);
#1179=VERTEX_POINT('',#3079);
#1180=VERTEX_POINT('',#3083);
#1181=VERTEX_POINT('',#3090);
#1182=VERTEX_POINT('',#3102);
#1183=VERTEX_POINT('',#3107);
#1184=VERTEX_POINT('',#3114);
#1185=VERTEX_POINT('',#3126);
#1186=VERTEX_POINT('',#3131);
#1187=VERTEX_POINT('',#3141);
#1188=VERTEX_POINT('',#3150);
#1189=VERTEX_POINT('',#3154);
#1190=VERTEX_POINT('',#3163);
#1191=VERTEX_POINT('',#3168);
#1192=VERTEX_POINT('',#3169);
#1193=VERTEX_POINT('',#3181);
#1194=VERTEX_POINT('',#3194);
#1195=VERTEX_POINT('',#3206);
#1196=VERTEX_POINT('',#3207);
#1197=VERTEX_POINT('',#3217);
#1198=VERTEX_POINT('',#3247);
#1199=VERTEX_POINT('',#3249);
#1200=VERTEX_POINT('',#3264);
#1201=VERTEX_POINT('',#3268);
#1202=VERTEX_POINT('',#3419);
#1203=VERTEX_POINT('',#3420);
#1204=VERTEX_POINT('',#3422);
#1205=VERTEX_POINT('',#3424);
#1206=VERTEX_POINT('',#3426);
#1207=VERTEX_POINT('',#3428);
#1208=LINE('',#2702,#1337);
#1209=LINE('',#2705,#1338);
#1210=LINE('',#2707,#1339);
#1211=LINE('',#2711,#1340);
#1212=LINE('',#2713,#1341);
#1213=LINE('',#2715,#1342);
#1214=LINE('',#2717,#1343);
#1215=LINE('',#2719,#1344);
#1216=LINE('',#2721,#1345);
#1217=LINE('',#2723,#1346);
#1218=LINE('',#2726,#1347);
#1219=LINE('',#2728,#1348);
#1220=LINE('',#2732,#1349);
#1221=LINE('',#2736,#1350);
#1222=LINE('',#2738,#1351);
#1223=LINE('',#2740,#1352);
#1224=LINE('',#2744,#1353);
#1225=LINE('',#2748,#1354);
#1226=LINE('',#2750,#1355);
#1227=LINE('',#2753,#1356);
#1228=LINE('',#2757,#1357);
#1229=LINE('',#2759,#1358);
#1230=LINE('',#2761,#1359);
#1231=LINE('',#2765,#1360);
#1232=LINE('',#2768,#1361);
#1233=LINE('',#2770,#1362);
#1234=LINE('',#2772,#1363);
#1235=LINE('',#2774,#1364);
#1236=LINE('',#2778,#1365);
#1237=LINE('',#2780,#1366);
#1238=LINE('',#2784,#1367);
#1239=LINE('',#2787,#1368);
#1240=LINE('',#2789,#1369);
#1241=LINE('',#2791,#1370);
#1242=LINE('',#2792,#1371);
#1243=LINE('',#2797,#1372);
#1244=LINE('',#2801,#1373);
#1245=LINE('',#2805,#1374);
#1246=LINE('',#2812,#1375);
#1247=LINE('',#2816,#1376);
#1248=LINE('',#2818,#1377);
#1249=LINE('',#2820,#1378);
#1250=LINE('',#2821,#1379);
#1251=LINE('',#2826,#1380);
#1252=LINE('',#2830,#1381);
#1253=LINE('',#2834,#1382);
#1254=LINE('',#2838,#1383);
#1255=LINE('',#2841,#1384);
#1256=LINE('',#2843,#1385);
#1257=LINE('',#2846,#1386);
#1258=LINE('',#2850,#1387);
#1259=LINE('',#2854,#1388);
#1260=LINE('',#2858,#1389);
#1261=LINE('',#2860,#1390);
#1262=LINE('',#2863,#1391);
#1263=LINE('',#2866,#1392);
#1264=LINE('',#2868,#1393);
#1265=LINE('',#2872,#1394);
#1266=LINE('',#2874,#1395);
#1267=LINE('',#2879,#1396);
#1268=LINE('',#2883,#1397);
#1269=LINE('',#2901,#1398);
#1270=LINE('',#2908,#1399);
#1271=LINE('',#2912,#1400);
#1272=LINE('',#2918,#1401);
#1273=LINE('',#2964,#1402);
#1274=LINE('',#2969,#1403);
#1275=LINE('',#2972,#1404);
#1276=LINE('',#2976,#1405);
#1277=LINE('',#2980,#1406);
#1278=LINE('',#2982,#1407);
#1279=LINE('',#2986,#1408);
#1280=LINE('',#2990,#1409);
#1281=LINE('',#2992,#1410);
#1282=LINE('',#2994,#1411);
#1283=LINE('',#2997,#1412);
#1284=LINE('',#2998,#1413);
#1285=LINE('',#3000,#1414);
#1286=LINE('',#3002,#1415);
#1287=LINE('',#3004,#1416);
#1288=LINE('',#3007,#1417);
#1289=LINE('',#3009,#1418);
#1290=LINE('',#3011,#1419);
#1291=LINE('',#3014,#1420);
#1292=LINE('',#3016,#1421);
#1293=LINE('',#3018,#1422);
#1294=LINE('',#3020,#1423);
#1295=LINE('',#3022,#1424);
#1296=LINE('',#3024,#1425);
#1297=LINE('',#3039,#1426);
#1298=LINE('',#3041,#1427);
#1299=LINE('',#3043,#1428);
#1300=LINE('',#3045,#1429);
#1301=LINE('',#3047,#1430);
#1302=LINE('',#3049,#1431);
#1303=LINE('',#3051,#1432);
#1304=LINE('',#3053,#1433);
#1305=LINE('',#3055,#1434);
#1306=LINE('',#3057,#1435);
#1307=LINE('',#3073,#1436);
#1308=LINE('',#3074,#1437);
#1309=LINE('',#3076,#1438);
#1310=LINE('',#3078,#1439);
#1311=LINE('',#3080,#1440);
#1312=LINE('',#3224,#1441);
#1313=LINE('',#3225,#1442);
#1314=LINE('',#3227,#1443);
#1315=LINE('',#3228,#1444);
#1316=LINE('',#3230,#1445);
#1317=LINE('',#3231,#1446);
#1318=LINE('',#3232,#1447);
#1319=LINE('',#3234,#1448);
#1320=LINE('',#3235,#1449);
#1321=LINE('',#3237,#1450);
#1322=LINE('',#3238,#1451);
#1323=LINE('',#3240,#1452);
#1324=LINE('',#3241,#1453);
#1325=LINE('',#3243,#1454);
#1326=LINE('',#3244,#1455);
#1327=LINE('',#3358,#1456);
#1328=LINE('',#3359,#1457);
#1329=LINE('',#3361,#1458);
#1330=LINE('',#3363,#1459);
#1331=LINE('',#3370,#1460);
#1332=LINE('',#3400,#1461);
#1333=LINE('',#3418,#1462);
#1334=LINE('',#3421,#1463);
#1335=LINE('',#3425,#1464);
#1336=LINE('',#3429,#1465);
#1337=VECTOR('',#2139,1.);
#1338=VECTOR('',#2140,1.);
#1339=VECTOR('',#2141,1.);
#1340=VECTOR('',#2144,1.);
#1341=VECTOR('',#2145,1.);
#1342=VECTOR('',#2146,1.);
#1343=VECTOR('',#2147,1.);
#1344=VECTOR('',#2148,1.);
#1345=VECTOR('',#2149,1.);
#1346=VECTOR('',#2152,1.);
#1347=VECTOR('',#2153,1.);
#1348=VECTOR('',#2154,1.);
#1349=VECTOR('',#2157,1.);
#1350=VECTOR('',#2160,1.);
#1351=VECTOR('',#2161,1.);
#1352=VECTOR('',#2162,1.);
#1353=VECTOR('',#2165,1.);
#1354=VECTOR('',#2168,1.);
#1355=VECTOR('',#2171,1.);
#1356=VECTOR('',#2172,1.);
#1357=VECTOR('',#2175,1.);
#1358=VECTOR('',#2176,1.);
#1359=VECTOR('',#2177,1.);
#1360=VECTOR('',#2180,1.);
#1361=VECTOR('',#2185,1.);
#1362=VECTOR('',#2186,1.);
#1363=VECTOR('',#2187,1.);
#1364=VECTOR('',#2190,1.);
#1365=VECTOR('',#2193,1.);
#1366=VECTOR('',#2194,1.);
#1367=VECTOR('',#2199,1.);
#1368=VECTOR('',#2200,1.);
#1369=VECTOR('',#2201,1.);
#1370=VECTOR('',#2202,1.);
#1371=VECTOR('',#2203,1.);
#1372=VECTOR('',#2206,1.);
#1373=VECTOR('',#2209,1.);
#1374=VECTOR('',#2212,1.);
#1375=VECTOR('',#2219,1.);
#1376=VECTOR('',#2222,1.);
#1377=VECTOR('',#2223,1.);
#1378=VECTOR('',#2224,1.);
#1379=VECTOR('',#2225,1.);
#1380=VECTOR('',#2228,1.);
#1381=VECTOR('',#2231,1.);
#1382=VECTOR('',#2234,1.);
#1383=VECTOR('',#2239,1.);
#1384=VECTOR('',#2240,1.);
#1385=VECTOR('',#2241,1.);
#1386=VECTOR('',#2244,1.);
#1387=VECTOR('',#2247,1.);
#1388=VECTOR('',#2250,1.);
#1389=VECTOR('',#2253,1.);
#1390=VECTOR('',#2256,1.);
#1391=VECTOR('',#2257,1.);
#1392=VECTOR('',#2260,1.);
#1393=VECTOR('',#2261,1.);
#1394=VECTOR('',#2264,1.);
#1395=VECTOR('',#2265,1.);
#1396=VECTOR('',#2270,1.);
#1397=VECTOR('',#2273,1.);
#1398=VECTOR('',#2278,1.);
#1399=VECTOR('',#2285,1.);
#1400=VECTOR('',#2288,1.);
#1401=VECTOR('',#2293,1.);
#1402=VECTOR('',#2334,1.);
#1403=VECTOR('',#2337,1.);
#1404=VECTOR('',#2340,1.);
#1405=VECTOR('',#2345,1.);
#1406=VECTOR('',#2348,1.);
#1407=VECTOR('',#2349,1.);
#1408=VECTOR('',#2354,1.);
#1409=VECTOR('',#2357,1.);
#1410=VECTOR('',#2358,1.);
#1411=VECTOR('',#2361,1.);
#1412=VECTOR('',#2362,1.);
#1413=VECTOR('',#2363,1.);
#1414=VECTOR('',#2366,1.);
#1415=VECTOR('',#2367,1.);
#1416=VECTOR('',#2368,1.);
#1417=VECTOR('',#2373,1.);
#1418=VECTOR('',#2374,1.);
#1419=VECTOR('',#2375,1.);
#1420=VECTOR('',#2380,1.);
#1421=VECTOR('',#2381,1.);
#1422=VECTOR('',#2382,1.);
#1423=VECTOR('',#2385,1.);
#1424=VECTOR('',#2386,1.);
#1425=VECTOR('',#2387,1.);
#1426=VECTOR('',#2394,1.);
#1427=VECTOR('',#2395,1.);
#1428=VECTOR('',#2396,1.);
#1429=VECTOR('',#2399,1.);
#1430=VECTOR('',#2400,1.);
#1431=VECTOR('',#2401,1.);
#1432=VECTOR('',#2404,1.);
#1433=VECTOR('',#2405,1.);
#1434=VECTOR('',#2406,1.);
#1435=VECTOR('',#2409,1.);
#1436=VECTOR('',#2414,1.);
#1437=VECTOR('',#2415,1.);
#1438=VECTOR('',#2418,1.);
#1439=VECTOR('',#2419,1.);
#1440=VECTOR('',#2420,1.);
#1441=VECTOR('',#2459,1.);
#1442=VECTOR('',#2460,1.);
#1443=VECTOR('',#2463,1.);
#1444=VECTOR('',#2464,1.);
#1445=VECTOR('',#2467,1.);
#1446=VECTOR('',#2468,1.);
#1447=VECTOR('',#2469,1.);
#1448=VECTOR('',#2472,1.);
#1449=VECTOR('',#2473,1.);
#1450=VECTOR('',#2476,1.);
#1451=VECTOR('',#2477,1.);
#1452=VECTOR('',#2480,1.);
#1453=VECTOR('',#2481,1.);
#1454=VECTOR('',#2484,1.);
#1455=VECTOR('',#2485,1.);
#1456=VECTOR('',#2584,1.);
#1457=VECTOR('',#2585,1.);
#1458=VECTOR('',#2588,1.);
#1459=VECTOR('',#2591,1.);
#1460=VECTOR('',#2596,1.);
#1461=VECTOR('',#2599,1.);
#1462=VECTOR('',#2612,1.);
#1463=VECTOR('',#2613,1.);
#1464=VECTOR('',#2616,1.);
#1465=VECTOR('',#2619,1.);
#1466=EDGE_LOOP('',(#225,#226,#227,#228,#229,#230,#231,#232,#233,#234));
#1467=EDGE_LOOP('',(#235,#236,#237,#238,#239,#240,#241,#242,#243,#244,#245,
#246,#247));
#1468=EDGE_LOOP('',(#248,#249,#250,#251,#252,#253,#254,#255));
#1469=EDGE_LOOP('',(#256,#257,#258,#259,#260,#261));
#1470=EDGE_LOOP('',(#262,#263,#264,#265,#266,#267));
#1471=EDGE_LOOP('',(#268,#269,#270,#271));
#1472=EDGE_LOOP('',(#272,#273,#274,#275,#276,#277,#278,#279));
#1473=EDGE_LOOP('',(#280,#281,#282,#283,#284,#285));
#1474=EDGE_LOOP('',(#286,#287,#288,#289,#290,#291,#292,#293));
#1475=EDGE_LOOP('',(#294,#295,#296,#297,#298,#299,#300,#301,#302,#303,#304,
#305));
#1476=EDGE_LOOP('',(#306,#307,#308,#309,#310,#311,#312,#313,#314));
#1477=EDGE_LOOP('',(#315,#316,#317,#318,#319,#320,#321,#322,#323));
#1478=EDGE_LOOP('',(#324,#325,#326,#327,#328,#329,#330,#331,#332));
#1479=EDGE_LOOP('',(#333));
#1480=EDGE_LOOP('',(#334));
#1481=EDGE_LOOP('',(#335));
#1482=EDGE_LOOP('',(#336));
#1483=EDGE_LOOP('',(#337));
#1484=EDGE_LOOP('',(#338));
#1485=EDGE_LOOP('',(#339));
#1486=EDGE_LOOP('',(#340));
#1487=EDGE_LOOP('',(#341));
#1488=EDGE_LOOP('',(#342));
#1489=EDGE_LOOP('',(#343));
#1490=EDGE_LOOP('',(#344));
#1491=EDGE_LOOP('',(#345));
#1492=EDGE_LOOP('',(#346,#347,#348,#349,#350,#351));
#1493=EDGE_LOOP('',(#352));
#1494=EDGE_LOOP('',(#353));
#1495=EDGE_LOOP('',(#354));
#1496=EDGE_LOOP('',(#355,#356,#357,#358,#359,#360));
#1497=EDGE_LOOP('',(#361));
#1498=EDGE_LOOP('',(#362));
#1499=EDGE_LOOP('',(#363,#364,#365,#366,#367,#368));
#1500=EDGE_LOOP('',(#369,#370,#371,#372));
#1501=EDGE_LOOP('',(#373,#374,#375,#376));
#1502=EDGE_LOOP('',(#377,#378,#379,#380,#381,#382));
#1503=EDGE_LOOP('',(#383,#384,#385,#386,#387,#388));
#1504=EDGE_LOOP('',(#389,#390,#391,#392));
#1505=EDGE_LOOP('',(#393,#394,#395,#396));
#1506=EDGE_LOOP('',(#397,#398,#399,#400));
#1507=EDGE_LOOP('',(#401,#402,#403,#404));
#1508=EDGE_LOOP('',(#405,#406,#407,#408));
#1509=EDGE_LOOP('',(#409,#410,#411,#412));
#1510=EDGE_LOOP('',(#413,#414,#415,#416));
#1511=EDGE_LOOP('',(#417,#418,#419,#420));
#1512=EDGE_LOOP('',(#421));
#1513=EDGE_LOOP('',(#422));
#1514=EDGE_LOOP('',(#423,#424,#425,#426,#427));
#1515=EDGE_LOOP('',(#428));
#1516=EDGE_LOOP('',(#429));
#1517=EDGE_LOOP('',(#430));
#1518=EDGE_LOOP('',(#431,#432));
#1519=EDGE_LOOP('',(#433));
#1520=EDGE_LOOP('',(#434,#435,#436,#437,#438));
#1521=EDGE_LOOP('',(#439));
#1522=EDGE_LOOP('',(#440));
#1523=EDGE_LOOP('',(#441));
#1524=EDGE_LOOP('',(#442));
#1525=EDGE_LOOP('',(#443,#444));
#1526=EDGE_LOOP('',(#445));
#1527=EDGE_LOOP('',(#446));
#1528=EDGE_LOOP('',(#447));
#1529=EDGE_LOOP('',(#448,#449,#450,#451,#452));
#1530=EDGE_LOOP('',(#453));
#1531=EDGE_LOOP('',(#454));
#1532=EDGE_LOOP('',(#455));
#1533=EDGE_LOOP('',(#456,#457,#458,#459,#460));
#1534=EDGE_LOOP('',(#461));
#1535=EDGE_LOOP('',(#462));
#1536=EDGE_LOOP('',(#463,#464,#465,#466));
#1537=EDGE_LOOP('',(#467,#468,#469,#470));
#1538=EDGE_LOOP('',(#471,#472,#473,#474));
#1539=EDGE_LOOP('',(#475,#476,#477,#478));
#1540=EDGE_LOOP('',(#479,#480,#481,#482));
#1541=EDGE_LOOP('',(#483,#484,#485,#486));
#1542=EDGE_LOOP('',(#487,#488,#489,#490));
#1543=EDGE_LOOP('',(#491,#492,#493,#494,#495,#496,#497,#498));
#1544=EDGE_LOOP('',(#499,#500,#501,#502));
#1545=EDGE_LOOP('',(#503,#504,#505,#506));
#1546=EDGE_LOOP('',(#507,#508,#509,#510));
#1547=EDGE_LOOP('',(#511,#512,#513,#514,#515,#516));
#1548=EDGE_LOOP('',(#517,#518,#519,#520));
#1549=EDGE_LOOP('',(#521,#522,#523,#524,#525,#526,#527,#528));
#1550=EDGE_LOOP('',(#529,#530,#531,#532));
#1551=EDGE_LOOP('',(#533,#534,#535,#536));
#1552=EDGE_LOOP('',(#537,#538,#539,#540));
#1553=EDGE_LOOP('',(#541,#542,#543,#544));
#1554=EDGE_LOOP('',(#545,#546,#547,#548));
#1555=EDGE_LOOP('',(#549,#550,#551,#552));
#1556=EDGE_LOOP('',(#553,#554,#555,#556));
#1557=EDGE_LOOP('',(#557,#558,#559,#560));
#1558=EDGE_LOOP('',(#561,#562,#563,#564));
#1559=EDGE_LOOP('',(#565,#566,#567));
#1560=EDGE_LOOP('',(#568,#569,#570,#571));
#1561=EDGE_LOOP('',(#572,#573,#574));
#1562=EDGE_LOOP('',(#575,#576,#577,#578));
#1563=EDGE_LOOP('',(#579,#580,#581,#582));
#1564=EDGE_LOOP('',(#583,#584,#585,#586));
#1565=EDGE_LOOP('',(#587,#588,#589,#590));
#1566=EDGE_LOOP('',(#591,#592,#593,#594));
#1567=EDGE_LOOP('',(#595,#596,#597,#598));
#1568=EDGE_LOOP('',(#599,#600,#601,#602));
#1569=EDGE_LOOP('',(#603,#604,#605,#606));
#1570=EDGE_LOOP('',(#607,#608,#609,#610));
#1571=EDGE_LOOP('',(#611,#612,#613));
#1572=EDGE_LOOP('',(#614,#615,#616));
#1573=EDGE_LOOP('',(#617,#618,#619,#620));
#1574=EDGE_LOOP('',(#621,#622,#623,#624));
#1575=EDGE_LOOP('',(#625,#626,#627));
#1576=EDGE_LOOP('',(#628,#629,#630));
#1577=EDGE_LOOP('',(#631,#632,#633,#634));
#1578=EDGE_LOOP('',(#635,#636,#637,#638,#639,#640,#641,#642));
#1579=EDGE_LOOP('',(#643,#644,#645,#646));
#1580=EDGE_LOOP('',(#647,#648));
#1581=EDGE_LOOP('',(#649,#650,#651,#652));
#1582=EDGE_LOOP('',(#653,#654,#655,#656,#657,#658));
#1583=EDGE_LOOP('',(#659,#660,#661,#662,#663,#664));
#1584=EDGE_LOOP('',(#665,#666,#667,#668));
#1585=EDGE_LOOP('',(#669,#670,#671));
#1586=EDGE_LOOP('',(#672,#673,#674,#675));
#1587=EDGE_LOOP('',(#676,#677,#678,#679));
#1588=EDGE_LOOP('',(#680,#681,#682));
#1589=EDGE_LOOP('',(#683,#684,#685,#686));
#1590=EDGE_LOOP('',(#687,#688,#689,#690));
#1591=EDGE_LOOP('',(#691,#692,#693,#694,#695));
#1592=EDGE_LOOP('',(#696,#697,#698,#699,#700,#701,#702,#703));
#1593=EDGE_LOOP('',(#704,#705,#706,#707));
#1594=EDGE_LOOP('',(#708,#709,#710,#711));
#1595=EDGE_LOOP('',(#712,#713,#714,#715));
#1596=EDGE_LOOP('',(#716,#717,#718,#719));
#1597=EDGE_LOOP('',(#720,#721,#722,#723,#724));
#1598=EDGE_LOOP('',(#725,#726,#727,#728,#729));
#1599=EDGE_LOOP('',(#730,#731,#732,#733));
#1600=EDGE_LOOP('',(#734,#735,#736,#737));
#1601=EDGE_LOOP('',(#738,#739,#740,#741));
#1602=EDGE_LOOP('',(#742,#743,#744,#745));
#1603=EDGE_LOOP('',(#746,#747,#748,#749,#750));
#1604=EDGE_LOOP('',(#751,#752,#753,#754,#755,#756,#757,#758));
#1605=EDGE_LOOP('',(#759,#760,#761,#762));
#1606=EDGE_LOOP('',(#763,#764,#765,#766));
#1607=FACE_BOUND('',#1466,.T.);
#1608=FACE_BOUND('',#1467,.T.);
#1609=FACE_BOUND('',#1468,.T.);
#1610=FACE_BOUND('',#1469,.T.);
#1611=FACE_BOUND('',#1470,.T.);
#1612=FACE_BOUND('',#1471,.T.);
#1613=FACE_BOUND('',#1472,.T.);
#1614=FACE_BOUND('',#1473,.T.);
#1615=FACE_BOUND('',#1474,.T.);
#1616=FACE_BOUND('',#1475,.T.);
#1617=FACE_BOUND('',#1476,.T.);
#1618=FACE_BOUND('',#1477,.T.);
#1619=FACE_BOUND('',#1478,.T.);
#1620=FACE_BOUND('',#1479,.T.);
#1621=FACE_BOUND('',#1480,.T.);
#1622=FACE_BOUND('',#1481,.T.);
#1623=FACE_BOUND('',#1482,.T.);
#1624=FACE_BOUND('',#1483,.T.);
#1625=FACE_BOUND('',#1484,.T.);
#1626=FACE_BOUND('',#1485,.T.);
#1627=FACE_BOUND('',#1486,.T.);
#1628=FACE_BOUND('',#1487,.T.);
#1629=FACE_BOUND('',#1488,.T.);
#1630=FACE_BOUND('',#1489,.T.);
#1631=FACE_BOUND('',#1490,.T.);
#1632=FACE_BOUND('',#1491,.T.);
#1633=FACE_BOUND('',#1492,.T.);
#1634=FACE_BOUND('',#1493,.T.);
#1635=FACE_BOUND('',#1494,.T.);
#1636=FACE_BOUND('',#1495,.T.);
#1637=FACE_BOUND('',#1496,.T.);
#1638=FACE_BOUND('',#1497,.T.);
#1639=FACE_BOUND('',#1498,.T.);
#1640=FACE_BOUND('',#1499,.T.);
#1641=FACE_BOUND('',#1500,.T.);
#1642=FACE_BOUND('',#1501,.T.);
#1643=FACE_BOUND('',#1502,.T.);
#1644=FACE_BOUND('',#1503,.T.);
#1645=FACE_BOUND('',#1504,.T.);
#1646=FACE_BOUND('',#1505,.T.);
#1647=FACE_BOUND('',#1506,.T.);
#1648=FACE_BOUND('',#1507,.T.);
#1649=FACE_BOUND('',#1508,.T.);
#1650=FACE_BOUND('',#1509,.T.);
#1651=FACE_BOUND('',#1510,.T.);
#1652=FACE_BOUND('',#1511,.T.);
#1653=FACE_BOUND('',#1512,.T.);
#1654=FACE_BOUND('',#1513,.T.);
#1655=FACE_BOUND('',#1514,.T.);
#1656=FACE_BOUND('',#1515,.T.);
#1657=FACE_BOUND('',#1516,.T.);
#1658=FACE_BOUND('',#1517,.T.);
#1659=FACE_BOUND('',#1518,.T.);
#1660=FACE_BOUND('',#1519,.T.);
#1661=FACE_BOUND('',#1520,.T.);
#1662=FACE_BOUND('',#1521,.T.);
#1663=FACE_BOUND('',#1522,.T.);
#1664=FACE_BOUND('',#1523,.T.);
#1665=FACE_BOUND('',#1524,.T.);
#1666=FACE_BOUND('',#1525,.T.);
#1667=FACE_BOUND('',#1526,.T.);
#1668=FACE_BOUND('',#1527,.T.);
#1669=FACE_BOUND('',#1528,.T.);
#1670=FACE_BOUND('',#1529,.T.);
#1671=FACE_BOUND('',#1530,.T.);
#1672=FACE_BOUND('',#1531,.T.);
#1673=FACE_BOUND('',#1532,.T.);
#1674=FACE_BOUND('',#1533,.T.);
#1675=FACE_BOUND('',#1534,.T.);
#1676=FACE_BOUND('',#1535,.T.);
#1677=FACE_BOUND('',#1536,.T.);
#1678=FACE_BOUND('',#1537,.T.);
#1679=FACE_BOUND('',#1538,.T.);
#1680=FACE_BOUND('',#1539,.T.);
#1681=FACE_BOUND('',#1540,.T.);
#1682=FACE_BOUND('',#1541,.T.);
#1683=FACE_BOUND('',#1542,.T.);
#1684=FACE_BOUND('',#1543,.T.);
#1685=FACE_BOUND('',#1544,.T.);
#1686=FACE_BOUND('',#1545,.T.);
#1687=FACE_BOUND('',#1546,.T.);
#1688=FACE_BOUND('',#1547,.T.);
#1689=FACE_BOUND('',#1548,.T.);
#1690=FACE_BOUND('',#1549,.T.);
#1691=FACE_BOUND('',#1550,.T.);
#1692=FACE_BOUND('',#1551,.T.);
#1693=FACE_BOUND('',#1552,.T.);
#1694=FACE_BOUND('',#1553,.T.);
#1695=FACE_BOUND('',#1554,.T.);
#1696=FACE_BOUND('',#1555,.T.);
#1697=FACE_BOUND('',#1556,.T.);
#1698=FACE_BOUND('',#1557,.T.);
#1699=FACE_BOUND('',#1558,.T.);
#1700=FACE_BOUND('',#1559,.T.);
#1701=FACE_BOUND('',#1560,.T.);
#1702=FACE_BOUND('',#1561,.T.);
#1703=FACE_BOUND('',#1562,.T.);
#1704=FACE_BOUND('',#1563,.T.);
#1705=FACE_BOUND('',#1564,.T.);
#1706=FACE_BOUND('',#1565,.T.);
#1707=FACE_BOUND('',#1566,.T.);
#1708=FACE_BOUND('',#1567,.T.);
#1709=FACE_BOUND('',#1568,.T.);
#1710=FACE_BOUND('',#1569,.T.);
#1711=FACE_BOUND('',#1570,.T.);
#1712=FACE_BOUND('',#1571,.T.);
#1713=FACE_BOUND('',#1572,.T.);
#1714=FACE_BOUND('',#1573,.T.);
#1715=FACE_BOUND('',#1574,.T.);
#1716=FACE_BOUND('',#1575,.T.);
#1717=FACE_BOUND('',#1576,.T.);
#1718=FACE_BOUND('',#1577,.T.);
#1719=FACE_BOUND('',#1578,.T.);
#1720=FACE_BOUND('',#1579,.T.);
#1721=FACE_BOUND('',#1580,.T.);
#1722=FACE_BOUND('',#1581,.T.);
#1723=FACE_BOUND('',#1582,.T.);
#1724=FACE_BOUND('',#1583,.T.);
#1725=FACE_BOUND('',#1584,.T.);
#1726=FACE_BOUND('',#1585,.T.);
#1727=FACE_BOUND('',#1586,.T.);
#1728=FACE_BOUND('',#1587,.T.);
#1729=FACE_BOUND('',#1588,.T.);
#1730=FACE_BOUND('',#1589,.T.);
#1731=FACE_BOUND('',#1590,.T.);
#1732=FACE_BOUND('',#1591,.T.);
#1733=FACE_BOUND('',#1592,.T.);
#1734=FACE_BOUND('',#1593,.T.);
#1735=FACE_BOUND('',#1594,.T.);
#1736=FACE_BOUND('',#1595,.T.);
#1737=FACE_BOUND('',#1596,.T.);
#1738=FACE_BOUND('',#1597,.T.);
#1739=FACE_BOUND('',#1598,.T.);
#1740=FACE_BOUND('',#1599,.T.);
#1741=FACE_BOUND('',#1600,.T.);
#1742=FACE_BOUND('',#1601,.T.);
#1743=FACE_BOUND('',#1602,.T.);
#1744=FACE_BOUND('',#1603,.T.);
#1745=FACE_BOUND('',#1604,.T.);
#1746=FACE_BOUND('',#1605,.T.);
#1747=FACE_BOUND('',#1606,.T.);
#1748=PLANE('',#1918);
#1749=PLANE('',#1920);
#1750=PLANE('',#1925);
#1751=PLANE('',#1928);
#1752=PLANE('',#1930);
#1753=PLANE('',#1933);
#1754=PLANE('',#1938);
#1755=PLANE('',#1945);
#1756=PLANE('',#1950);
#1757=PLANE('',#1953);
#1758=PLANE('',#1959);
#1759=PLANE('',#1983);
#1760=PLANE('',#1986);
#1761=PLANE('',#1989);
#1762=PLANE('',#1992);
#1763=PLANE('',#1993);
#1764=PLANE('',#1994);
#1765=PLANE('',#1996);
#1766=PLANE('',#1998);
#1767=PLANE('',#2001);
#1768=PLANE('',#2002);
#1769=PLANE('',#2003);
#1770=PLANE('',#2006);
#1771=PLANE('',#2007);
#1772=PLANE('',#2008);
#1773=PLANE('',#2011);
#1774=PLANE('',#2016);
#1775=PLANE('',#2019);
#1776=PLANE('',#2022);
#1777=PLANE('',#2025);
#1778=PLANE('',#2026);
#1779=PLANE('',#2027);
#1780=PLANE('',#2028);
#1781=PLANE('',#2029);
#1782=PLANE('',#2030);
#1783=PLANE('',#2031);
#1784=PLANE('',#2032);
#1785=PLANE('',#2081);
#1786=PLANE('',#2084);
#1787=PLANE('',#2085);
#1788=PLANE('',#2087);
#1789=PLANE('',#2088);
#1790=PLANE('',#2092);
#1791=ADVANCED_FACE('',(#1607),#1748,.F.);
#1792=ADVANCED_FACE('',(#1608),#1749,.T.);
#1793=ADVANCED_FACE('',(#1609),#1750,.T.);
#1794=ADVANCED_FACE('',(#1610),#1751,.F.);
#1795=ADVANCED_FACE('',(#1611),#1752,.F.);
#1796=ADVANCED_FACE('',(#1612,#1613),#1753,.T.);
#1797=ADVANCED_FACE('',(#1614,#1615),#1754,.F.);
#1798=ADVANCED_FACE('',(#1616),#1755,.T.);
#1799=ADVANCED_FACE('',(#1617),#1756,.T.);
#1800=ADVANCED_FACE('',(#1618),#1757,.T.);
#1801=ADVANCED_FACE('',(#1619),#1758,.F.);
#1802=ADVANCED_FACE('',(#1620,#1621),#34,.F.);
#1803=ADVANCED_FACE('',(#1622,#1623),#35,.F.);
#1804=ADVANCED_FACE('',(#1624,#1625),#36,.F.);
#1805=ADVANCED_FACE('',(#1626,#1627),#37,.F.);
#1806=ADVANCED_FACE('',(#1628,#1629),#38,.F.);
#1807=ADVANCED_FACE('',(#1630,#1631),#39,.F.);
#1808=ADVANCED_FACE('',(#1632,#1633,#1634,#1635),#1759,.T.);
#1809=ADVANCED_FACE('',(#1636,#1637,#1638,#1639),#1760,.F.);
#1810=ADVANCED_FACE('',(#1640),#1761,.F.);
#1811=ADVANCED_FACE('',(#1641),#1762,.F.);
#1812=ADVANCED_FACE('',(#1642),#1763,.F.);
#1813=ADVANCED_FACE('',(#1643),#1764,.F.);
#1814=ADVANCED_FACE('',(#1644),#1765,.F.);
#1815=ADVANCED_FACE('',(#1645),#1766,.T.);
#1816=ADVANCED_FACE('',(#1646),#40,.T.);
#1817=ADVANCED_FACE('',(#1647),#1767,.T.);
#1818=ADVANCED_FACE('',(#1648),#1768,.F.);
#1819=ADVANCED_FACE('',(#1649),#1769,.F.);
#1820=ADVANCED_FACE('',(#1650),#41,.T.);
#1821=ADVANCED_FACE('',(#1651),#1770,.F.);
#1822=ADVANCED_FACE('',(#1652),#1771,.F.);
#1823=ADVANCED_FACE('',(#1653,#1654),#1772,.T.);
#1824=ADVANCED_FACE('',(#1655,#1656),#42,.F.);
#1825=ADVANCED_FACE('',(#1657,#1658),#1773,.T.);
#1826=ADVANCED_FACE('',(#1659,#1660),#43,.F.);
#1827=ADVANCED_FACE('',(#1661,#1662),#44,.F.);
#1828=ADVANCED_FACE('',(#1663,#1664),#1774,.T.);
#1829=ADVANCED_FACE('',(#1665,#1666),#45,.F.);
#1830=ADVANCED_FACE('',(#1667,#1668),#1775,.T.);
#1831=ADVANCED_FACE('',(#1669,#1670),#46,.F.);
#1832=ADVANCED_FACE('',(#1671,#1672),#1776,.T.);
#1833=ADVANCED_FACE('',(#1673,#1674),#47,.F.);
#1834=ADVANCED_FACE('',(#1675,#1676),#1777,.T.);
#1835=ADVANCED_FACE('',(#1677),#1778,.T.);
#1836=ADVANCED_FACE('',(#1678),#1779,.F.);
#1837=ADVANCED_FACE('',(#1679),#1780,.T.);
#1838=ADVANCED_FACE('',(#1680),#1781,.T.);
#1839=ADVANCED_FACE('',(#1681),#1782,.F.);
#1840=ADVANCED_FACE('',(#1682),#1783,.F.);
#1841=ADVANCED_FACE('',(#1683),#1784,.T.);
#1842=ADVANCED_FACE('',(#1684),#48,.F.);
#1843=ADVANCED_FACE('',(#1685),#32,.T.);
#1844=ADVANCED_FACE('',(#1686),#49,.T.);
#1845=ADVANCED_FACE('',(#1687),#50,.T.);
#1846=ADVANCED_FACE('',(#1688),#51,.T.);
#1847=ADVANCED_FACE('',(#1689),#33,.T.);
#1848=ADVANCED_FACE('',(#1690),#52,.F.);
#1849=ADVANCED_FACE('',(#1691),#53,.T.);
#1850=ADVANCED_FACE('',(#1692),#54,.T.);
#1851=ADVANCED_FACE('',(#1693),#55,.T.);
#1852=ADVANCED_FACE('',(#1694),#56,.T.);
#1853=ADVANCED_FACE('',(#1695),#57,.F.);
#1854=ADVANCED_FACE('',(#1696),#58,.F.);
#1855=ADVANCED_FACE('',(#1697),#59,.F.);
#1856=ADVANCED_FACE('',(#1698),#60,.F.);
#1857=ADVANCED_FACE('',(#1699),#61,.T.);
#1858=ADVANCED_FACE('',(#1700),#22,.T.);
#1859=ADVANCED_FACE('',(#1701),#62,.T.);
#1860=ADVANCED_FACE('',(#1702),#23,.T.);
#1861=ADVANCED_FACE('',(#1703),#63,.F.);
#1862=ADVANCED_FACE('',(#1704),#64,.F.);
#1863=ADVANCED_FACE('',(#1705),#65,.T.);
#1864=ADVANCED_FACE('',(#1706),#66,.T.);
#1865=ADVANCED_FACE('',(#1707),#67,.F.);
#1866=ADVANCED_FACE('',(#1708),#68,.F.);
#1867=ADVANCED_FACE('',(#1709),#69,.F.);
#1868=ADVANCED_FACE('',(#1710),#70,.F.);
#1869=ADVANCED_FACE('',(#1711),#1785,.F.);
#1870=ADVANCED_FACE('',(#1712),#19,.F.);
#1871=ADVANCED_FACE('',(#1713),#20,.F.);
#1872=ADVANCED_FACE('',(#1714),#1786,.T.);
#1873=ADVANCED_FACE('',(#1715),#1787,.F.);
#1874=ADVANCED_FACE('',(#1716),#18,.T.);
#1875=ADVANCED_FACE('',(#1717),#21,.F.);
#1876=ADVANCED_FACE('',(#1718),#1788,.F.);
#1877=ADVANCED_FACE('',(#1719),#1789,.T.);
#1878=ADVANCED_FACE('',(#1720,#1721),#71,.F.);
#1879=ADVANCED_FACE('',(#1722),#72,.F.);
#1880=ADVANCED_FACE('',(#1723),#1790,.F.);
#1881=ADVANCED_FACE('',(#1724),#73,.T.);
#1882=ADVANCED_FACE('',(#1725),#24,.T.);
#1883=ADVANCED_FACE('',(#1726),#12,.T.);
#1884=ADVANCED_FACE('',(#1727),#74,.T.);
#1885=ADVANCED_FACE('',(#1728),#25,.T.);
#1886=ADVANCED_FACE('',(#1729),#13,.T.);
#1887=ADVANCED_FACE('',(#1730),#75,.T.);
#1888=ADVANCED_FACE('',(#1731),#14,.T.);
#1889=ADVANCED_FACE('',(#1732),#26,.T.);
#1890=ADVANCED_FACE('',(#1733),#76,.T.);
#1891=ADVANCED_FACE('',(#1734),#27,.T.);
#1892=ADVANCED_FACE('',(#1735),#15,.T.);
#1893=ADVANCED_FACE('',(#1736),#77,.T.);
#1894=ADVANCED_FACE('',(#1737),#78,.T.);
#1895=ADVANCED_FACE('',(#1738),#28,.T.);
#1896=ADVANCED_FACE('',(#1739),#29,.T.);
#1897=ADVANCED_FACE('',(#1740),#30,.T.);
#1898=ADVANCED_FACE('',(#1741),#79,.T.);
#1899=ADVANCED_FACE('',(#1742),#80,.T.);
#1900=ADVANCED_FACE('',(#1743),#16,.T.);
#1901=ADVANCED_FACE('',(#1744),#31,.T.);
#1902=ADVANCED_FACE('',(#1745),#81,.T.);
#1903=ADVANCED_FACE('',(#1746),#82,.T.);
#1904=ADVANCED_FACE('',(#1747),#17,.T.);
#1905=CLOSED_SHELL('',(#1791,#1792,#1793,#1794,#1795,#1796,#1797,#1798,
#1799,#1800,#1801,#1802,#1803,#1804,#1805,#1806,#1807,#1808,#1809,#1810,
#1811,#1812,#1813,#1814,#1815,#1816,#1817,#1818,#1819,#1820,#1821,#1822,
#1823,#1824,#1825,#1826,#1827,#1828,#1829,#1830,#1831,#1832,#1833,#1834,
#1835,#1836,#1837,#1838,#1839,#1840,#1841,#1842,#1843,#1844,#1845,#1846,
#1847,#1848,#1849,#1850,#1851,#1852,#1853,#1854,#1855,#1856,#1857,#1858,
#1859,#1860,#1861,#1862,#1863,#1864,#1865,#1866,#1867,#1868,#1869,#1870,
#1871,#1872,#1873,#1874,#1875,#1876,#1877,#1878,#1879,#1880,#1881,#1882,
#1883,#1884,#1885,#1886,#1887,#1888,#1889,#1890,#1891,#1892,#1893,#1894,
#1895,#1896,#1897,#1898,#1899,#1900,#1901,#1902,#1903,#1904));
#1906=STYLED_ITEM('',(#1907),#1914);
#1907=PRESENTATION_STYLE_ASSIGNMENT((#1908));
#1908=SURFACE_STYLE_USAGE(.BOTH.,#1909);
#1909=SURFACE_SIDE_STYLE('',(#1910));
#1910=SURFACE_STYLE_FILL_AREA(#1911);
#1911=FILL_AREA_STYLE('',(#1912));
#1912=FILL_AREA_STYLE_COLOUR('',#1913);
#1913=COLOUR_RGB('',0.615686274509804,0.811764705882353,0.929411764705882);
#1914=MANIFOLD_SOLID_BREP('Part 1',#1905);
#1915=SHAPE_DEFINITION_REPRESENTATION(#3642,#1916);
#1916=SHAPE_REPRESENTATION('Part 1',(#1917),#3637);
#1917=AXIS2_PLACEMENT_3D('',#2700,#2135,#2136);
#1918=AXIS2_PLACEMENT_3D('',#2701,#2137,#2138);
#1919=AXIS2_PLACEMENT_3D('',#2709,#2142,#2143);
#1920=AXIS2_PLACEMENT_3D('',#2722,#2150,#2151);
#1921=AXIS2_PLACEMENT_3D('',#2730,#2155,#2156);
#1922=AXIS2_PLACEMENT_3D('',#2734,#2158,#2159);
#1923=AXIS2_PLACEMENT_3D('',#2742,#2163,#2164);
#1924=AXIS2_PLACEMENT_3D('',#2746,#2166,#2167);
#1925=AXIS2_PLACEMENT_3D('',#2749,#2169,#2170);
#1926=AXIS2_PLACEMENT_3D('',#2755,#2173,#2174);
#1927=AXIS2_PLACEMENT_3D('',#2763,#2178,#2179);
#1928=AXIS2_PLACEMENT_3D('',#2766,#2181,#2182);
#1929=AXIS2_PLACEMENT_3D('',#2767,#2183,#2184);
#1930=AXIS2_PLACEMENT_3D('',#2773,#2188,#2189);
#1931=AXIS2_PLACEMENT_3D('',#2777,#2191,#2192);
#1932=AXIS2_PLACEMENT_3D('',#2782,#2195,#2196);
#1933=AXIS2_PLACEMENT_3D('',#2783,#2197,#2198);
#1934=AXIS2_PLACEMENT_3D('',#2795,#2204,#2205);
#1935=AXIS2_PLACEMENT_3D('',#2799,#2207,#2208);
#1936=AXIS2_PLACEMENT_3D('',#2803,#2210,#2211);
#1937=AXIS2_PLACEMENT_3D('',#2807,#2213,#2214);
#1938=AXIS2_PLACEMENT_3D('',#2808,#2215,#2216);
#1939=AXIS2_PLACEMENT_3D('',#2809,#2217,#2218);
#1940=AXIS2_PLACEMENT_3D('',#2814,#2220,#2221);
#1941=AXIS2_PLACEMENT_3D('',#2824,#2226,#2227);
#1942=AXIS2_PLACEMENT_3D('',#2828,#2229,#2230);
#1943=AXIS2_PLACEMENT_3D('',#2832,#2232,#2233);
#1944=AXIS2_PLACEMENT_3D('',#2836,#2235,#2236);
#1945=AXIS2_PLACEMENT_3D('',#2837,#2237,#2238);
#1946=AXIS2_PLACEMENT_3D('',#2844,#2242,#2243);
#1947=AXIS2_PLACEMENT_3D('',#2848,#2245,#2246);
#1948=AXIS2_PLACEMENT_3D('',#2852,#2248,#2249);
#1949=AXIS2_PLACEMENT_3D('',#2856,#2251,#2252);
#1950=AXIS2_PLACEMENT_3D('',#2859,#2254,#2255);
#1951=AXIS2_PLACEMENT_3D('',#2865,#2258,#2259);
#1952=AXIS2_PLACEMENT_3D('',#2870,#2262,#2263);
#1953=AXIS2_PLACEMENT_3D('',#2875,#2266,#2267);
#1954=AXIS2_PLACEMENT_3D('',#2876,#2268,#2269);
#1955=AXIS2_PLACEMENT_3D('',#2881,#2271,#2272);
#1956=AXIS2_PLACEMENT_3D('',#2885,#2274,#2275);
#1957=AXIS2_PLACEMENT_3D('',#2887,#2276,#2277);
#1958=AXIS2_PLACEMENT_3D('',#2903,#2279,#2280);
#1959=AXIS2_PLACEMENT_3D('',#2904,#2281,#2282);
#1960=AXIS2_PLACEMENT_3D('',#2905,#2283,#2284);
#1961=AXIS2_PLACEMENT_3D('',#2910,#2286,#2287);
#1962=AXIS2_PLACEMENT_3D('',#2914,#2289,#2290);
#1963=AXIS2_PLACEMENT_3D('',#2916,#2291,#2292);
#1964=AXIS2_PLACEMENT_3D('',#2932,#2294,#2295);
#1965=AXIS2_PLACEMENT_3D('',#2933,#2296,#2297);
#1966=AXIS2_PLACEMENT_3D('',#2934,#2298,#2299);
#1967=AXIS2_PLACEMENT_3D('',#2936,#2300,#2301);
#1968=AXIS2_PLACEMENT_3D('',#2938,#2302,#2303);
#1969=AXIS2_PLACEMENT_3D('',#2939,#2304,#2305);
#1970=AXIS2_PLACEMENT_3D('',#2941,#2306,#2307);
#1971=AXIS2_PLACEMENT_3D('',#2943,#2308,#2309);
#1972=AXIS2_PLACEMENT_3D('',#2944,#2310,#2311);
#1973=AXIS2_PLACEMENT_3D('',#2946,#2312,#2313);
#1974=AXIS2_PLACEMENT_3D('',#2948,#2314,#2315);
#1975=AXIS2_PLACEMENT_3D('',#2949,#2316,#2317);
#1976=AXIS2_PLACEMENT_3D('',#2951,#2318,#2319);
#1977=AXIS2_PLACEMENT_3D('',#2953,#2320,#2321);
#1978=AXIS2_PLACEMENT_3D('',#2954,#2322,#2323);
#1979=AXIS2_PLACEMENT_3D('',#2956,#2324,#2325);
#1980=AXIS2_PLACEMENT_3D('',#2958,#2326,#2327);
#1981=AXIS2_PLACEMENT_3D('',#2959,#2328,#2329);
#1982=AXIS2_PLACEMENT_3D('',#2961,#2330,#2331);
#1983=AXIS2_PLACEMENT_3D('',#2963,#2332,#2333);
#1984=AXIS2_PLACEMENT_3D('',#2967,#2335,#2336);
#1985=AXIS2_PLACEMENT_3D('',#2971,#2338,#2339);
#1986=AXIS2_PLACEMENT_3D('',#2973,#2341,#2342);
#1987=AXIS2_PLACEMENT_3D('',#2974,#2343,#2344);
#1988=AXIS2_PLACEMENT_3D('',#2978,#2346,#2347);
#1989=AXIS2_PLACEMENT_3D('',#2983,#2350,#2351);
#1990=AXIS2_PLACEMENT_3D('',#2984,#2352,#2353);
#1991=AXIS2_PLACEMENT_3D('',#2988,#2355,#2356);
#1992=AXIS2_PLACEMENT_3D('',#2993,#2359,#2360);
#1993=AXIS2_PLACEMENT_3D('',#2999,#2364,#2365);
#1994=AXIS2_PLACEMENT_3D('',#3005,#2369,#2370);
#1995=AXIS2_PLACEMENT_3D('',#3006,#2371,#2372);
#1996=AXIS2_PLACEMENT_3D('',#3012,#2376,#2377);
#1997=AXIS2_PLACEMENT_3D('',#3013,#2378,#2379);
#1998=AXIS2_PLACEMENT_3D('',#3019,#2383,#2384);
#1999=AXIS2_PLACEMENT_3D('',#3025,#2388,#2389);
#2000=AXIS2_PLACEMENT_3D('',#3026,#2390,#2391);
#2001=AXIS2_PLACEMENT_3D('',#3038,#2392,#2393);
#2002=AXIS2_PLACEMENT_3D('',#3044,#2397,#2398);
#2003=AXIS2_PLACEMENT_3D('',#3050,#2402,#2403);
#2004=AXIS2_PLACEMENT_3D('',#3056,#2407,#2408);
#2005=AXIS2_PLACEMENT_3D('',#3060,#2410,#2411);
#2006=AXIS2_PLACEMENT_3D('',#3072,#2412,#2413);
#2007=AXIS2_PLACEMENT_3D('',#3075,#2416,#2417);
#2008=AXIS2_PLACEMENT_3D('',#3081,#2421,#2422);
#2009=AXIS2_PLACEMENT_3D('',#3082,#2423,#2424);
#2010=AXIS2_PLACEMENT_3D('',#3084,#2425,#2426);
#2011=AXIS2_PLACEMENT_3D('',#3112,#2427,#2428);
#2012=AXIS2_PLACEMENT_3D('',#3113,#2429,#2430);
#2013=AXIS2_PLACEMENT_3D('',#3115,#2431,#2432);
#2014=AXIS2_PLACEMENT_3D('',#3121,#2433,#2434);
#2015=AXIS2_PLACEMENT_3D('',#3149,#2435,#2436);
#2016=AXIS2_PLACEMENT_3D('',#3151,#2437,#2438);
#2017=AXIS2_PLACEMENT_3D('',#3152,#2439,#2440);
#2018=AXIS2_PLACEMENT_3D('',#3153,#2441,#2442);
#2019=AXIS2_PLACEMENT_3D('',#3160,#2443,#2444);
#2020=AXIS2_PLACEMENT_3D('',#3161,#2445,#2446);
#2021=AXIS2_PLACEMENT_3D('',#3162,#2447,#2448);
#2022=AXIS2_PLACEMENT_3D('',#3191,#2449,#2450);
#2023=AXIS2_PLACEMENT_3D('',#3192,#2451,#2452);
#2024=AXIS2_PLACEMENT_3D('',#3193,#2453,#2454);
#2025=AXIS2_PLACEMENT_3D('',#3222,#2455,#2456);
#2026=AXIS2_PLACEMENT_3D('',#3223,#2457,#2458);
#2027=AXIS2_PLACEMENT_3D('',#3226,#2461,#2462);
#2028=AXIS2_PLACEMENT_3D('',#3229,#2465,#2466);
#2029=AXIS2_PLACEMENT_3D('',#3233,#2470,#2471);
#2030=AXIS2_PLACEMENT_3D('',#3236,#2474,#2475);
#2031=AXIS2_PLACEMENT_3D('',#3239,#2478,#2479);
#2032=AXIS2_PLACEMENT_3D('',#3242,#2482,#2483);
#2033=AXIS2_PLACEMENT_3D('',#3245,#2486,#2487);
#2034=AXIS2_PLACEMENT_3D('',#3246,#2488,#2489);
#2035=AXIS2_PLACEMENT_3D('',#3248,#2490,#2491);
#2036=AXIS2_PLACEMENT_3D('',#3250,#2492,#2493);
#2037=AXIS2_PLACEMENT_3D('',#3251,#2494,#2495);
#2038=AXIS2_PLACEMENT_3D('',#3252,#2496,#2497);
#2039=AXIS2_PLACEMENT_3D('',#3253,#2498,#2499);
#2040=AXIS2_PLACEMENT_3D('',#3254,#2500,#2501);
#2041=AXIS2_PLACEMENT_3D('',#3255,#2502,#2503);
#2042=AXIS2_PLACEMENT_3D('',#3256,#2504,#2505);
#2043=AXIS2_PLACEMENT_3D('',#3257,#2506,#2507);
#2044=AXIS2_PLACEMENT_3D('',#3258,#2508,#2509);
#2045=AXIS2_PLACEMENT_3D('',#3259,#2510,#2511);
#2046=AXIS2_PLACEMENT_3D('',#3260,#2512,#2513);
#2047=AXIS2_PLACEMENT_3D('',#3261,#2514,#2515);
#2048=AXIS2_PLACEMENT_3D('',#3262,#2516,#2517);
#2049=AXIS2_PLACEMENT_3D('',#3263,#2518,#2519);
#2050=AXIS2_PLACEMENT_3D('',#3265,#2520,#2521);
#2051=AXIS2_PLACEMENT_3D('',#3266,#2522,#2523);
#2052=AXIS2_PLACEMENT_3D('',#3267,#2524,#2525);
#2053=AXIS2_PLACEMENT_3D('',#3269,#2526,#2527);
#2054=AXIS2_PLACEMENT_3D('',#3270,#2528,#2529);
#2055=AXIS2_PLACEMENT_3D('',#3271,#2530,#2531);
#2056=AXIS2_PLACEMENT_3D('',#3272,#2532,#2533);
#2057=AXIS2_PLACEMENT_3D('',#3273,#2534,#2535);
#2058=AXIS2_PLACEMENT_3D('',#3274,#2536,#2537);
#2059=AXIS2_PLACEMENT_3D('',#3275,#2538,#2539);
#2060=AXIS2_PLACEMENT_3D('',#3276,#2540,#2541);
#2061=AXIS2_PLACEMENT_3D('',#3277,#2542,#2543);
#2062=AXIS2_PLACEMENT_3D('',#3278,#2544,#2545);
#2063=AXIS2_PLACEMENT_3D('',#3279,#2546,#2547);
#2064=AXIS2_PLACEMENT_3D('',#3280,#2548,#2549);
#2065=AXIS2_PLACEMENT_3D('',#3281,#2550,#2551);
#2066=AXIS2_PLACEMENT_3D('',#3282,#2552,#2553);
#2067=AXIS2_PLACEMENT_3D('',#3283,#2554,#2555);
#2068=AXIS2_PLACEMENT_3D('',#3311,#2556,#2557);
#2069=AXIS2_PLACEMENT_3D('',#3312,#2558,#2559);
#2070=AXIS2_PLACEMENT_3D('',#3340,#2560,#2561);
#2071=AXIS2_PLACEMENT_3D('',#3341,#2562,#2563);
#2072=AXIS2_PLACEMENT_3D('',#3342,#2564,#2565);
#2073=AXIS2_PLACEMENT_3D('',#3343,#2566,#2567);
#2074=AXIS2_PLACEMENT_3D('',#3344,#2568,#2569);
#2075=AXIS2_PLACEMENT_3D('',#3351,#2570,#2571);
#2076=AXIS2_PLACEMENT_3D('',#3352,#2572,#2573);
#2077=AXIS2_PLACEMENT_3D('',#3353,#2574,#2575);
#2078=AXIS2_PLACEMENT_3D('',#3354,#2576,#2577);
#2079=AXIS2_PLACEMENT_3D('',#3355,#2578,#2579);
#2080=AXIS2_PLACEMENT_3D('',#3356,#2580,#2581);
#2081=AXIS2_PLACEMENT_3D('',#3357,#2582,#2583);
#2082=AXIS2_PLACEMENT_3D('',#3360,#2586,#2587);
#2083=AXIS2_PLACEMENT_3D('',#3362,#2589,#2590);
#2084=AXIS2_PLACEMENT_3D('',#3364,#2592,#2593);
#2085=AXIS2_PLACEMENT_3D('',#3369,#2594,#2595);
#2086=AXIS2_PLACEMENT_3D('',#3399,#2597,#2598);
#2087=AXIS2_PLACEMENT_3D('',#3401,#2600,#2601);
#2088=AXIS2_PLACEMENT_3D('',#3402,#2602,#2603);
#2089=AXIS2_PLACEMENT_3D('',#3403,#2604,#2605);
#2090=AXIS2_PLACEMENT_3D('',#3404,#2606,#2607);
#2091=AXIS2_PLACEMENT_3D('',#3416,#2608,#2609);
#2092=AXIS2_PLACEMENT_3D('',#3417,#2610,#2611);
#2093=AXIS2_PLACEMENT_3D('',#3423,#2614,#2615);
#2094=AXIS2_PLACEMENT_3D('',#3427,#2617,#2618);
#2095=AXIS2_PLACEMENT_3D('',#3430,#2620,#2621);
#2096=AXIS2_PLACEMENT_3D('',#3431,#2622,#2623);
#2097=AXIS2_PLACEMENT_3D('',#3432,#2624,#2625);
#2098=AXIS2_PLACEMENT_3D('',#3456,#2626,#2627);
#2099=AXIS2_PLACEMENT_3D('',#3457,#2628,#2629);
#2100=AXIS2_PLACEMENT_3D('',#3458,#2630,#2631);
#2101=AXIS2_PLACEMENT_3D('',#3459,#2632,#2633);
#2102=AXIS2_PLACEMENT_3D('',#3460,#2634,#2635);
#2103=AXIS2_PLACEMENT_3D('',#3484,#2636,#2637);
#2104=AXIS2_PLACEMENT_3D('',#3485,#2638,#2639);
#2105=AXIS2_PLACEMENT_3D('',#3486,#2640,#2641);
#2106=AXIS2_PLACEMENT_3D('',#3487,#2642,#2643);
#2107=AXIS2_PLACEMENT_3D('',#3488,#2644,#2645);
#2108=AXIS2_PLACEMENT_3D('',#3489,#2646,#2647);
#2109=AXIS2_PLACEMENT_3D('',#3490,#2648,#2649);
#2110=AXIS2_PLACEMENT_3D('',#3503,#2650,#2651);
#2111=AXIS2_PLACEMENT_3D('',#3504,#2652,#2653);
#2112=AXIS2_PLACEMENT_3D('',#3505,#2654,#2655);
#2113=AXIS2_PLACEMENT_3D('',#3539,#2656,#2657);
#2114=AXIS2_PLACEMENT_3D('',#3540,#2658,#2659);
#2115=AXIS2_PLACEMENT_3D('',#3541,#2660,#2661);
#2116=AXIS2_PLACEMENT_3D('',#3542,#2662,#2663);
#2117=AXIS2_PLACEMENT_3D('',#3543,#2664,#2665);
#2118=AXIS2_PLACEMENT_3D('',#3544,#2666,#2667);
#2119=AXIS2_PLACEMENT_3D('',#3545,#2668,#2669);
#2120=AXIS2_PLACEMENT_3D('',#3573,#2670,#2671);
#2121=AXIS2_PLACEMENT_3D('',#3574,#2672,#2673);
#2122=AXIS2_PLACEMENT_3D('',#3608,#2674,#2675);
#2123=AXIS2_PLACEMENT_3D('',#3609,#2676,#2677);
#2124=AXIS2_PLACEMENT_3D('',#3610,#2678,#2679);
#2125=AXIS2_PLACEMENT_3D('',#3611,#2680,#2681);
#2126=AXIS2_PLACEMENT_3D('',#3612,#2682,#2683);
#2127=AXIS2_PLACEMENT_3D('',#3613,#2684,#2685);
#2128=AXIS2_PLACEMENT_3D('',#3614,#2686,#2687);
#2129=AXIS2_PLACEMENT_3D('',#3630,#2688,#2689);
#2130=AXIS2_PLACEMENT_3D('',#3631,#2690,#2691);
#2131=AXIS2_PLACEMENT_3D('',#3632,#2692,#2693);
#2132=AXIS2_PLACEMENT_3D('',#3633,#2694,#2695);
#2133=AXIS2_PLACEMENT_3D('',#3634,#2696,#2697);
#2134=AXIS2_PLACEMENT_3D('',#3635,#2698,#2699);
#2135=DIRECTION('',(0.,0.,1.));
#2136=DIRECTION('',(1.,0.,0.));
#2137=DIRECTION('',(0.,0.,1.));
#2138=DIRECTION('',(0.,-1.,0.));
#2139=DIRECTION('',(0.,-1.,0.));
#2140=DIRECTION('',(-0.52999894000318,-0.847998304005089,0.));
#2141=DIRECTION('',(1.,0.,0.));
#2142=DIRECTION('',(0.,0.,1.));
#2143=DIRECTION('',(0.,-1.,0.));
#2144=DIRECTION('',(1.,0.,0.));
#2145=DIRECTION('',(-0.52999894000318,0.847998304005088,0.));
#2146=DIRECTION('',(0.,-1.,0.));
#2147=DIRECTION('',(-1.,0.,0.));
#2148=DIRECTION('',(1.,0.,0.));
#2149=DIRECTION('',(1.,0.,0.));
#2150=DIRECTION('',(0.,1.,0.));
#2151=DIRECTION('',(1.,0.,0.));
#2152=DIRECTION('',(0.,0.,1.));
#2153=DIRECTION('',(1.,0.,0.));
#2154=DIRECTION('',(0.,0.,-1.));
#2155=DIRECTION('',(0.,1.,0.));
#2156=DIRECTION('',(1.,0.,0.));
#2157=DIRECTION('',(4.68844182696434E-17,0.,1.));
#2158=DIRECTION('',(0.,1.,0.));
#2159=DIRECTION('',(1.,0.,0.));
#2160=DIRECTION('',(1.,0.,0.));
#2161=DIRECTION('',(0.,0.,1.));
#2162=DIRECTION('',(-1.,0.,0.));
#2163=DIRECTION('',(0.,1.,0.));
#2164=DIRECTION('',(1.,0.,0.));
#2165=DIRECTION('',(0.,0.,-1.));
#2166=DIRECTION('',(0.,1.,0.));
#2167=DIRECTION('',(1.,0.,0.));
#2168=DIRECTION('',(1.,0.,0.));
#2169=DIRECTION('',(0.,1.,0.));
#2170=DIRECTION('',(1.,0.,0.));
#2171=DIRECTION('',(0.,0.,1.));
#2172=DIRECTION('',(1.,0.,0.));
#2173=DIRECTION('',(0.,1.,0.));
#2174=DIRECTION('',(1.,0.,0.));
#2175=DIRECTION('',(0.,0.,-1.));
#2176=DIRECTION('',(1.,0.,0.));
#2177=DIRECTION('',(0.,0.,-1.));
#2178=DIRECTION('',(0.,1.,0.));
#2179=DIRECTION('',(1.,0.,0.));
#2180=DIRECTION('',(-1.,0.,0.));
#2181=DIRECTION('',(0.,0.,-1.));
#2182=DIRECTION('',(0.,1.,0.));
#2183=DIRECTION('',(0.,0.,1.));
#2184=DIRECTION('',(0.,-1.,0.));
#2185=DIRECTION('',(0.,-1.,0.));
#2186=DIRECTION('',(1.,0.,0.));
#2187=DIRECTION('',(0.,-1.,0.));
#2188=DIRECTION('',(-1.,0.,0.));
#2189=DIRECTION('',(0.,1.,0.));
#2190=DIRECTION('',(0.,-1.,0.));
#2191=DIRECTION('',(-1.,0.,0.));
#2192=DIRECTION('',(0.,1.,0.));
#2193=DIRECTION('',(0.,-1.,0.));
#2194=DIRECTION('',(0.,0.,-1.));
#2195=DIRECTION('',(-1.,0.,0.));
#2196=DIRECTION('',(0.,1.,0.));
#2197=DIRECTION('',(0.,1.,0.));
#2198=DIRECTION('',(1.,0.,0.));
#2199=DIRECTION('',(0.,0.,1.));
#2200=DIRECTION('',(1.,0.,0.));
#2201=DIRECTION('',(0.,0.,-1.));
#2202=DIRECTION('',(-1.,0.,0.));
#2203=DIRECTION('',(0.,0.,1.));
#2204=DIRECTION('',(0.,1.,0.));
#2205=DIRECTION('',(1.,0.,0.));
#2206=DIRECTION('',(1.,0.,0.));
#2207=DIRECTION('',(0.,1.,0.));
#2208=DIRECTION('',(1.,0.,0.));
#2209=DIRECTION('',(0.,0.,1.));
#2210=DIRECTION('',(0.,1.,0.));
#2211=DIRECTION('',(1.,0.,0.));
#2212=DIRECTION('',(1.,0.,0.));
#2213=DIRECTION('',(0.,1.,0.));
#2214=DIRECTION('',(1.,0.,0.));
#2215=DIRECTION('',(0.,1.,0.));
#2216=DIRECTION('',(1.,0.,0.));
#2217=DIRECTION('',(0.,1.,0.));
#2218=DIRECTION('',(1.,0.,0.));
#2219=DIRECTION('',(1.,0.,0.));
#2220=DIRECTION('',(0.,1.,0.));
#2221=DIRECTION('',(1.,0.,0.));
#2222=DIRECTION('',(0.,0.,-1.));
#2223=DIRECTION('',(1.,0.,0.));
#2224=DIRECTION('',(4.68844182696434E-17,0.,1.));
#2225=DIRECTION('',(1.,0.,0.));
#2226=DIRECTION('',(0.,1.,0.));
#2227=DIRECTION('',(1.,0.,0.));
#2228=DIRECTION('',(0.,0.,1.));
#2229=DIRECTION('',(0.,1.,0.));
#2230=DIRECTION('',(1.,0.,0.));
#2231=DIRECTION('',(1.,0.,0.));
#2232=DIRECTION('',(0.,1.,0.));
#2233=DIRECTION('',(1.,0.,0.));
#2234=DIRECTION('',(0.,0.,1.));
#2235=DIRECTION('',(0.,1.,0.));
#2236=DIRECTION('',(1.,0.,0.));
#2237=DIRECTION('',(-1.,0.,0.));
#2238=DIRECTION('',(0.,1.,0.));
#2239=DIRECTION('',(0.,-1.,0.));
#2240=DIRECTION('',(0.,0.,1.));
#2241=DIRECTION('',(0.,-1.,0.));
#2242=DIRECTION('',(-1.,0.,0.));
#2243=DIRECTION('',(0.,1.,0.));
#2244=DIRECTION('',(0.,1.,0.));
#2245=DIRECTION('',(-1.,0.,0.));
#2246=DIRECTION('',(0.,1.,0.));
#2247=DIRECTION('',(0.,1.05134756119806E-16,-1.));
#2248=DIRECTION('',(-1.,0.,0.));
#2249=DIRECTION('',(0.,1.,0.));
#2250=DIRECTION('',(0.,1.,0.));
#2251=DIRECTION('',(-1.,0.,0.));
#2252=DIRECTION('',(0.,1.,0.));
#2253=DIRECTION('',(0.,0.,-1.));
#2254=DIRECTION('',(0.,1.,0.));
#2255=DIRECTION('',(1.,0.,0.));
#2256=DIRECTION('',(0.,0.,1.));
#2257=DIRECTION('',(1.,0.,0.));
#2258=DIRECTION('',(0.,1.,0.));
#2259=DIRECTION('',(1.,0.,0.));
#2260=DIRECTION('',(1.,0.,0.));
#2261=DIRECTION('',(0.,0.,-1.));
#2262=DIRECTION('',(0.,1.,0.));
#2263=DIRECTION('',(1.,0.,0.));
#2264=DIRECTION('',(0.,0.,-1.));
#2265=DIRECTION('',(1.,0.,0.));
#2266=DIRECTION('',(0.847998304005088,-0.52999894000318,0.));
#2267=DIRECTION('',(-0.52999894000318,-0.847998304005089,0.));
#2268=DIRECTION('',(0.847998304005088,-0.52999894000318,0.));
#2269=DIRECTION('',(-0.52999894000318,-0.847998304005089,0.));
#2270=DIRECTION('',(0.,0.,-1.));
#2271=DIRECTION('',(0.847998304005088,-0.52999894000318,0.));
#2272=DIRECTION('',(-0.52999894000318,-0.847998304005089,0.));
#2273=DIRECTION('',(0.,0.,-1.));
#2274=DIRECTION('',(0.847998304005088,-0.52999894000318,0.));
#2275=DIRECTION('',(-0.52999894000318,-0.847998304005089,0.));
#2276=DIRECTION('',(0.847998304005088,-0.52999894000318,0.));
#2277=DIRECTION('',(0.52999894000318,0.847998304005089,0.));
#2278=DIRECTION('',(-0.20903995420694,-0.334463926731105,0.918932086315834));
#2279=DIRECTION('',(0.847998304005088,-0.52999894000318,0.));
#2280=DIRECTION('',(0.52999894000318,0.847998304005089,0.));
#2281=DIRECTION('',(0.847998304005088,0.52999894000318,0.));
#2282=DIRECTION('',(0.52999894000318,-0.847998304005088,0.));
#2283=DIRECTION('',(0.847998304005088,0.52999894000318,0.));
#2284=DIRECTION('',(0.52999894000318,-0.847998304005088,0.));
#2285=DIRECTION('',(0.,0.,-1.));
#2286=DIRECTION('',(0.847998304005088,0.52999894000318,0.));
#2287=DIRECTION('',(0.52999894000318,-0.847998304005088,0.));
#2288=DIRECTION('',(0.,0.,-1.));
#2289=DIRECTION('',(0.847998304005088,0.52999894000318,0.));
#2290=DIRECTION('',(0.52999894000318,-0.847998304005088,0.));
#2291=DIRECTION('',(0.847998304005088,0.52999894000318,0.));
#2292=DIRECTION('',(0.52999894000318,-0.847998304005088,0.));
#2293=DIRECTION('',(0.20903995420694,-0.334463926731105,0.918932086315834));
#2294=DIRECTION('',(0.847998304005088,0.52999894000318,0.));
#2295=DIRECTION('',(-0.52999894000318,0.847998304005088,0.));
#2296=DIRECTION('',(0.,1.,0.));
#2297=DIRECTION('',(1.,0.,0.));
#2298=DIRECTION('',(0.,-1.,0.));
#2299=DIRECTION('',(1.,0.,0.));
#2300=DIRECTION('',(0.,-1.,0.));
#2301=DIRECTION('',(-1.,0.,0.));
#2302=DIRECTION('',(0.,1.,0.));
#2303=DIRECTION('',(1.,0.,0.));
#2304=DIRECTION('',(0.,1.,0.));
#2305=DIRECTION('',(1.,0.,0.));
#2306=DIRECTION('',(0.,-1.,0.));
#2307=DIRECTION('',(-1.,0.,0.));
#2308=DIRECTION('',(0.,1.,0.));
#2309=DIRECTION('',(1.,0.,0.));
#2310=DIRECTION('',(0.,-1.,0.));
#2311=DIRECTION('',(1.,0.,0.));
#2312=DIRECTION('',(0.,-1.,0.));
#2313=DIRECTION('',(-1.,0.,0.));
#2314=DIRECTION('',(0.,1.,0.));
#2315=DIRECTION('',(1.,0.,0.));
#2316=DIRECTION('',(0.,-1.,0.));
#2317=DIRECTION('',(1.,0.,0.));
#2318=DIRECTION('',(0.,-1.,0.));
#2319=DIRECTION('',(-1.,0.,0.));
#2320=DIRECTION('',(0.,1.,0.));
#2321=DIRECTION('',(1.,0.,0.));
#2322=DIRECTION('',(0.,1.,0.));
#2323=DIRECTION('',(1.,0.,0.));
#2324=DIRECTION('',(0.,-1.,0.));
#2325=DIRECTION('',(-1.,0.,0.));
#2326=DIRECTION('',(0.,1.,0.));
#2327=DIRECTION('',(1.,0.,0.));
#2328=DIRECTION('',(0.,1.,0.));
#2329=DIRECTION('',(1.,0.,0.));
#2330=DIRECTION('',(0.,-1.,0.));
#2331=DIRECTION('',(-1.,0.,0.));
#2332=DIRECTION('',(0.,1.,0.));
#2333=DIRECTION('',(1.,0.,0.));
#2334=DIRECTION('',(1.,0.,0.));
#2335=DIRECTION('',(0.,1.,0.));
#2336=DIRECTION('',(1.,0.,0.));
#2337=DIRECTION('',(0.,0.,-1.));
#2338=DIRECTION('',(0.,1.,0.));
#2339=DIRECTION('',(1.,0.,0.));
#2340=DIRECTION('',(0.,0.,-1.));
#2341=DIRECTION('',(0.,-1.,0.));
#2342=DIRECTION('',(-1.,0.,0.));
#2343=DIRECTION('',(0.,-1.,0.));
#2344=DIRECTION('',(-1.,0.,0.));
#2345=DIRECTION('',(0.,0.,-1.));
#2346=DIRECTION('',(0.,-1.,0.));
#2347=DIRECTION('',(-1.,0.,0.));
#2348=DIRECTION('',(-1.,0.,0.));
#2349=DIRECTION('',(0.,0.,-1.));
#2350=DIRECTION('',(-1.,0.,0.));
#2351=DIRECTION('',(0.,1.,0.));
#2352=DIRECTION('',(-1.,0.,0.));
#2353=DIRECTION('',(0.,1.,0.));
#2354=DIRECTION('',(0.,-1.,0.));
#2355=DIRECTION('',(-1.,0.,0.));
#2356=DIRECTION('',(0.,1.,0.));
#2357=DIRECTION('',(0.,0.,-1.));
#2358=DIRECTION('',(0.,-1.,0.));
#2359=DIRECTION('',(1.,0.,-4.68844182696434E-17));
#2360=DIRECTION('',(-4.68844182696434E-17,0.,-1.));
#2361=DIRECTION('',(4.68844182696434E-17,0.,1.));
#2362=DIRECTION('',(0.,-1.,0.));
#2363=DIRECTION('',(0.,-1.,0.));
#2364=DIRECTION('',(-1.,0.,0.));
#2365=DIRECTION('',(0.,1.,0.));
#2366=DIRECTION('',(0.,-1.,0.));
#2367=DIRECTION('',(0.,0.,-1.));
#2368=DIRECTION('',(0.,-1.,0.));
#2369=DIRECTION('',(0.,0.,-1.));
#2370=DIRECTION('',(0.,1.,0.));
#2371=DIRECTION('',(0.,0.,-1.));
#2372=DIRECTION('',(0.,1.,0.));
#2373=DIRECTION('',(0.,-1.,0.));
#2374=DIRECTION('',(1.,0.,0.));
#2375=DIRECTION('',(0.,-1.,0.));
#2376=DIRECTION('',(0.,0.,1.));
#2377=DIRECTION('',(0.,-1.,0.));
#2378=DIRECTION('',(0.,0.,1.));
#2379=DIRECTION('',(0.,-1.,0.));
#2380=DIRECTION('',(0.,-1.,0.));
#2381=DIRECTION('',(-1.,0.,0.));
#2382=DIRECTION('',(0.,-1.,0.));
#2383=DIRECTION('',(-1.,0.,0.));
#2384=DIRECTION('',(0.,1.,0.));
#2385=DIRECTION('',(0.,0.342020143325668,-0.939692620785908));
#2386=DIRECTION('',(0.,1.,0.));
#2387=DIRECTION('',(0.,0.,-1.));
#2388=DIRECTION('',(0.,0.,-1.));
#2389=DIRECTION('',(0.,1.,0.));
#2390=DIRECTION('',(0.,0.939692620785908,0.342020143325668));
#2391=DIRECTION('',(0.,0.342020143325668,-0.939692620785908));
#2392=DIRECTION('',(1.,0.,0.));
#2393=DIRECTION('',(0.,-1.,0.));
#2394=DIRECTION('',(0.,-1.,0.));
#2395=DIRECTION('',(0.,0.,-1.));
#2396=DIRECTION('',(0.,-1.,0.));
#2397=DIRECTION('',(0.,0.,-1.));
#2398=DIRECTION('',(-1.,0.,0.));
#2399=DIRECTION('',(0.,-1.,0.));
#2400=DIRECTION('',(0.52999894000318,0.847998304005089,0.));
#2401=DIRECTION('',(0.,-1.,0.));
#2402=DIRECTION('',(1.,0.,0.));
#2403=DIRECTION('',(0.,-1.,0.));
#2404=DIRECTION('',(0.,-1.,0.));
#2405=DIRECTION('',(0.,0.,-1.));
#2406=DIRECTION('',(0.,-1.,0.));
#2407=DIRECTION('',(0.,0.,-1.));
#2408=DIRECTION('',(0.,1.,0.));
#2409=DIRECTION('',(0.,0.,-1.));
#2410=DIRECTION('',(0.,0.939692620785908,0.342020143325668));
#2411=DIRECTION('',(0.,0.342020143325668,-0.939692620785908));
#2412=DIRECTION('',(-1.,0.,0.));
#2413=DIRECTION('',(0.,1.,0.));
#2414=DIRECTION('',(0.,0.342020143325668,-0.939692620785908));
#2415=DIRECTION('',(0.,1.,0.));
#2416=DIRECTION('',(0.,0.,-1.));
#2417=DIRECTION('',(-1.,0.,0.));
#2418=DIRECTION('',(0.,-1.,0.));
#2419=DIRECTION('',(0.52999894000318,-0.847998304005088,0.));
#2420=DIRECTION('',(0.,-1.,0.));
#2421=DIRECTION('',(0.,-1.,0.));
#2422=DIRECTION('',(1.,0.,0.));
#2423=DIRECTION('',(0.,-1.,0.));
#2424=DIRECTION('',(-1.,0.,0.));
#2425=DIRECTION('',(0.,-1.,0.));
#2426=DIRECTION('',(-1.,0.,0.));
#2427=DIRECTION('',(0.,-1.,0.));
#2428=DIRECTION('',(1.,0.,0.));
#2429=DIRECTION('',(0.,-1.,0.));
#2430=DIRECTION('',(-1.,0.,0.));
#2431=DIRECTION('',(0.,-1.,0.));
#2432=DIRECTION('',(-1.,0.,0.));
#2433=DIRECTION('',(0.,-1.,0.));
#2434=DIRECTION('',(-1.,0.,0.));
#2435=DIRECTION('',(0.,1.,0.));
#2436=DIRECTION('',(-1.,0.,0.));
#2437=DIRECTION('',(0.,-1.,0.));
#2438=DIRECTION('',(1.,0.,0.));
#2439=DIRECTION('',(0.,-1.,0.));
#2440=DIRECTION('',(-1.,0.,0.));
#2441=DIRECTION('',(0.,1.,0.));
#2442=DIRECTION('',(-1.,0.,0.));
#2443=DIRECTION('',(0.,-1.,0.));
#2444=DIRECTION('',(1.,0.,0.));
#2445=DIRECTION('',(0.,-1.,0.));
#2446=DIRECTION('',(-1.,0.,0.));
#2447=DIRECTION('',(0.,-1.,0.));
#2448=DIRECTION('',(-1.,0.,0.));
#2449=DIRECTION('',(0.,-1.,0.));
#2450=DIRECTION('',(1.,0.,0.));
#2451=DIRECTION('',(0.,-1.,0.));
#2452=DIRECTION('',(-1.,0.,0.));
#2453=DIRECTION('',(0.,1.,0.));
#2454=DIRECTION('',(-1.,0.,0.));
#2455=DIRECTION('',(0.,-1.,0.));
#2456=DIRECTION('',(1.,0.,0.));
#2457=DIRECTION('',(0.,0.,1.));
#2458=DIRECTION('',(0.,-1.,0.));
#2459=DIRECTION('',(1.,0.,0.));
#2460=DIRECTION('',(1.,0.,0.));
#2461=DIRECTION('',(0.,0.,1.));
#2462=DIRECTION('',(0.,-1.,0.));
#2463=DIRECTION('',(1.,0.,0.));
#2464=DIRECTION('',(1.,0.,0.));
#2465=DIRECTION('',(0.,1.,1.05134756119806E-16));
#2466=DIRECTION('',(0.,-1.05134756119806E-16,1.));
#2467=DIRECTION('',(1.,0.,0.));
#2468=DIRECTION('',(0.,-1.05134756119806E-16,1.));
#2469=DIRECTION('',(1.,0.,0.));
#2470=DIRECTION('',(0.,0.,1.));
#2471=DIRECTION('',(0.,-1.,0.));
#2472=DIRECTION('',(0.,1.,0.));
#2473=DIRECTION('',(0.,1.,0.));
#2474=DIRECTION('',(-1.,0.,0.));
#2475=DIRECTION('',(0.,1.,0.));
#2476=DIRECTION('',(0.,1.,0.));
#2477=DIRECTION('',(0.,1.,0.));
#2478=DIRECTION('',(0.,0.,1.));
#2479=DIRECTION('',(0.,-1.,0.));
#2480=DIRECTION('',(0.,1.,0.));
#2481=DIRECTION('',(0.,1.,0.));
#2482=DIRECTION('',(-1.,0.,0.));
#2483=DIRECTION('',(0.,1.,0.));
#2484=DIRECTION('',(0.,1.,0.));
#2485=DIRECTION('',(0.,1.,0.));
#2486=DIRECTION('',(0.,1.,0.));
#2487=DIRECTION('',(1.,0.,0.));
#2488=DIRECTION('',(-0.923076923076923,-0.384615384615385,0.));
#2489=DIRECTION('',(-0.384615384615385,0.923076923076923,0.));
#2490=DIRECTION('',(0.,-0.808479211365493,-0.588524735920107));
#2491=DIRECTION('',(0.,0.588524735920107,-0.808479211365493));
#2492=DIRECTION('',(0.,1.,0.));
#2493=DIRECTION('',(1.,0.,0.));
#2494=DIRECTION('',(0.,1.,0.));
#2495=DIRECTION('',(1.,0.,0.));
#2496=DIRECTION('',(-0.25819804182525,0.,-0.96609200969556));
#2497=DIRECTION('',(-0.96609200969556,0.,0.25819804182525));
#2498=DIRECTION('',(0.,0.,-1.));
#2499=DIRECTION('',(0.,1.,0.));
#2500=DIRECTION('',(4.68844182696434E-17,0.,1.));
#2501=DIRECTION('',(1.,0.,-4.68844182696434E-17));
#2502=DIRECTION('',(-0.573462344363328,0.,-0.81923192051904));
#2503=DIRECTION('',(0.81923192051904,0.,-0.573462344363328));
#2504=DIRECTION('',(1.,0.,0.));
#2505=DIRECTION('',(0.,-1.,0.));
#2506=DIRECTION('',(-0.81923192051904,0.,-0.573462344363328));
#2507=DIRECTION('',(0.573462344363328,0.,-0.819231920519041));
#2508=DIRECTION('',(-0.81923192051904,0.,0.573462344363328));
#2509=DIRECTION('',(-0.573462344363328,0.,-0.819231920519041));
#2510=DIRECTION('',(0.,0.,-1.));
#2511=DIRECTION('',(0.,1.,0.));
#2512=DIRECTION('',(-0.573462344363328,0.,0.81923192051904));
#2513=DIRECTION('',(-0.819231920519041,0.,-0.573462344363328));
#2514=DIRECTION('',(0.,0.,1.));
#2515=DIRECTION('',(0.,-1.,0.));
#2516=DIRECTION('',(0.,1.,0.));
#2517=DIRECTION('',(1.,0.,0.));
#2518=DIRECTION('',(-0.25819804182525,0.,0.96609200969556));
#2519=DIRECTION('',(0.96609200969556,0.,0.25819804182525));
#2520=DIRECTION('',(0.,1.,0.));
#2521=DIRECTION('',(1.,0.,0.));
#2522=DIRECTION('',(0.,1.,0.));
#2523=DIRECTION('',(1.,0.,0.));
#2524=DIRECTION('',(0.,-0.808479211365493,-0.588524735920107));
#2525=DIRECTION('',(0.,0.588524735920107,-0.808479211365493));
#2526=DIRECTION('',(-0.923076923076924,0.384615384615384,0.));
#2527=DIRECTION('',(0.384615384615384,0.923076923076923,0.));
#2528=DIRECTION('',(0.,1.,0.));
#2529=DIRECTION('',(1.,0.,0.));
#2530=DIRECTION('',(0.,1.,0.));
#2531=DIRECTION('',(1.,0.,0.));
#2532=DIRECTION('',(0.,1.,0.));
#2533=DIRECTION('',(1.,0.,0.));
#2534=DIRECTION('',(0.,1.,0.));
#2535=DIRECTION('',(1.,0.,0.));
#2536=DIRECTION('',(0.,-1.,0.));
#2537=DIRECTION('',(-1.,0.,0.));
#2538=DIRECTION('',(0.,-1.,0.));
#2539=DIRECTION('',(-1.,0.,0.));
#2540=DIRECTION('',(0.,-1.,0.));
#2541=DIRECTION('',(-1.,0.,0.));
#2542=DIRECTION('',(0.,-1.,0.));
#2543=DIRECTION('',(-1.,0.,0.));
#2544=DIRECTION('',(0.,-1.,0.));
#2545=DIRECTION('',(-1.,0.,0.));
#2546=DIRECTION('',(0.,1.,0.));
#2547=DIRECTION('',(1.,0.,0.));
#2548=DIRECTION('',(0.,1.,0.));
#2549=DIRECTION('',(1.,0.,0.));
#2550=DIRECTION('',(0.,-1.,0.));
#2551=DIRECTION('',(-1.,0.,0.));
#2552=DIRECTION('',(0.,-1.,0.));
#2553=DIRECTION('',(-1.,0.,0.));
#2554=DIRECTION('',(0.,-1.,0.));
#2555=DIRECTION('',(-1.,0.,0.));
#2556=DIRECTION('',(0.,-1.,0.));
#2557=DIRECTION('',(-1.,0.,0.));
#2558=DIRECTION('',(0.,-1.,0.));
#2559=DIRECTION('',(-1.,0.,0.));
#2560=DIRECTION('',(1.,0.,0.));
#2561=DIRECTION('',(0.,-1.,0.));
#2562=DIRECTION('',(-1.,0.,0.));
#2563=DIRECTION('',(0.,1.,0.));
#2564=DIRECTION('',(-1.,0.,0.));
#2565=DIRECTION('',(0.,1.,0.));
#2566=DIRECTION('',(1.,0.,0.));
#2567=DIRECTION('',(0.,-1.,0.));
#2568=DIRECTION('',(0.,-1.,0.));
#2569=DIRECTION('',(-1.,0.,0.));
#2570=DIRECTION('',(0.,-1.,0.));
#2571=DIRECTION('',(-1.,0.,0.));
#2572=DIRECTION('',(0.,1.,0.));
#2573=DIRECTION('',(1.,0.,0.));
#2574=DIRECTION('',(0.,1.,0.));
#2575=DIRECTION('',(1.,0.,0.));
#2576=DIRECTION('',(0.,1.,0.));
#2577=DIRECTION('',(1.,0.,0.));
#2578=DIRECTION('',(0.,1.,0.));
#2579=DIRECTION('',(1.,0.,0.));
#2580=DIRECTION('',(0.,1.,0.));
#2581=DIRECTION('',(1.,0.,0.));
#2582=DIRECTION('',(0.,-0.5,-0.866025403784439));
#2583=DIRECTION('',(1.,0.,0.));
#2584=DIRECTION('',(0.,-0.866025403784439,0.5));
#2585=DIRECTION('',(0.,0.866025403784439,-0.5));
#2586=DIRECTION('',(0.,1.,0.));
#2587=DIRECTION('',(1.,0.,0.));
#2588=DIRECTION('',(-0.5,-0.866025403784439,0.));
#2589=DIRECTION('',(0.,1.,0.));
#2590=DIRECTION('',(1.,0.,0.));
#2591=DIRECTION('',(-0.5,0.866025403784439,0.));
#2592=DIRECTION('',(-0.866025403784439,0.5,0.));
#2593=DIRECTION('',(0.,0.,1.));
#2594=DIRECTION('',(-0.866025403784439,-0.5,0.));
#2595=DIRECTION('',(0.,0.,-1.));
#2596=DIRECTION('',(-0.5,0.866025403784439,0.));
#2597=DIRECTION('',(0.,1.,0.));
#2598=DIRECTION('',(1.,0.,0.));
#2599=DIRECTION('',(0.,0.866025403784439,0.5));
#2600=DIRECTION('',(0.,-0.5,0.866025403784439));
#2601=DIRECTION('',(-1.,0.,0.));
#2602=DIRECTION('',(0.,0.939692620785908,0.342020143325668));
#2603=DIRECTION('',(0.,-0.342020143325668,0.939692620785909));
#2604=DIRECTION('',(0.,0.939692620785908,0.342020143325668));
#2605=DIRECTION('',(0.,-0.342020143325668,0.939692620785909));
#2606=DIRECTION('',(0.,0.,1.));
#2607=DIRECTION('',(0.,-1.,0.));
#2608=DIRECTION('',(0.,0.,1.));
#2609=DIRECTION('',(0.,-1.,0.));
#2610=DIRECTION('',(0.,0.939692620785908,0.342020143325669));
#2611=DIRECTION('',(0.,-0.342020143325669,0.939692620785908));
#2612=DIRECTION('',(1.,0.,0.));
#2613=DIRECTION('',(-0.20903995420694,-0.334463926731105,0.918932086315834));
#2614=DIRECTION('',(0.,0.939692620785908,0.342020143325669));
#2615=DIRECTION('',(0.,0.342020143325669,-0.939692620785908));
#2616=DIRECTION('',(1.,0.,0.));
#2617=DIRECTION('',(0.,0.939692620785908,0.342020143325669));
#2618=DIRECTION('',(0.,0.342020143325669,-0.939692620785908));
#2619=DIRECTION('',(0.20903995420694,-0.334463926731105,0.918932086315834));
#2620=DIRECTION('',(1.,0.,0.));
#2621=DIRECTION('',(0.,-1.,0.));
#2622=DIRECTION('',(-0.954479978035029,0.298274993135948,0.));
#2623=DIRECTION('',(0.298274993135948,0.954479978035029,0.));
#2624=DIRECTION('',(-0.95447997803503,-0.298274993135946,0.));
#2625=DIRECTION('',(0.298274993135946,-0.95447997803503,0.));
#2626=DIRECTION('',(-0.243578422733588,-0.331718908772306,0.911390211458038));
#2627=DIRECTION('',(0.,-0.939692620785908,-0.342020143325669));
#2628=DIRECTION('',(0.,0.939692620785908,0.342020143325669));
#2629=DIRECTION('',(0.,-0.342020143325669,0.939692620785908));
#2630=DIRECTION('',(-1.,0.,0.));
#2631=DIRECTION('',(0.,1.,0.));
#2632=DIRECTION('',(1.,0.,0.));
#2633=DIRECTION('',(0.,-1.,0.));
#2634=DIRECTION('',(-1.,3.46944695195362E-16,-9.53222715848821E-16));
#2635=DIRECTION('',(-9.53222715848821E-16,0.,1.));
#2636=DIRECTION('',(0.243578422733588,-0.331718908772306,0.911390211458038));
#2637=DIRECTION('',(0.,-0.939692620785908,-0.342020143325669));
#2638=DIRECTION('',(0.,0.939692620785908,0.342020143325669));
#2639=DIRECTION('',(0.,-0.342020143325669,0.939692620785908));
#2640=DIRECTION('',(-0.52999894000318,-0.847998304005089,0.));
#2641=DIRECTION('',(-0.847998304005088,0.52999894000318,0.));
#2642=DIRECTION('',(-0.52999894000318,-0.847998304005088,0.));
#2643=DIRECTION('',(-0.847998304005088,0.52999894000318,0.));
#2644=DIRECTION('',(0.52999894000318,0.847998304005088,0.));
#2645=DIRECTION('',(0.847998304005088,-0.52999894000318,0.));
#2646=DIRECTION('',(0.847998304005088,-0.52999894000318,0.));
#2647=DIRECTION('',(-0.52999894000318,-0.847998304005089,0.));
#2648=DIRECTION('',(0.,0.,-1.));
#2649=DIRECTION('',(0.,1.,0.));
#2650=DIRECTION('',(-0.51199241669884,-0.819187866718145,0.258447294945519));
#2651=DIRECTION('',(-0.847998304005088,0.52999894000318,0.));
#2652=DIRECTION('',(0.,0.,-1.));
#2653=DIRECTION('',(0.,1.,0.));
#2654=DIRECTION('',(0.,0.,-1.));
#2655=DIRECTION('',(0.,1.,0.));
#2656=DIRECTION('',(0.20903995420694,0.334463926731105,-0.918932086315834));
#2657=DIRECTION('',(0.,0.939692620785908,0.342020143325669));
#2658=DIRECTION('',(0.847998304005088,-0.52999894000318,0.));
#2659=DIRECTION('',(-0.52999894000318,-0.847998304005089,0.));
#2660=DIRECTION('',(-0.52999894000318,-0.847998304005088,0.));
#2661=DIRECTION('',(-0.847998304005088,0.52999894000318,0.));
#2662=DIRECTION('',(0.20903995420694,0.334463926731105,-0.918932086315834));
#2663=DIRECTION('',(0.,0.939692620785908,0.342020143325669));
#2664=DIRECTION('',(0.209039954206939,0.334463926731102,-0.918932086315835));
#2665=DIRECTION('',(0.,0.939692620785909,0.342020143325666));
#2666=DIRECTION('',(0.52999894000318,0.847998304005089,0.));
#2667=DIRECTION('',(0.847998304005088,-0.52999894000318,0.));
#2668=DIRECTION('',(-0.529998940003179,-0.847998304005089,0.));
#2669=DIRECTION('',(-0.847998304005089,0.529998940003179,0.));
#2670=DIRECTION('',(0.51199241669884,-0.819187866718144,0.258447294945521));
#2671=DIRECTION('',(-0.847998304005088,-0.52999894000318,0.));
#2672=DIRECTION('',(-0.52999894000318,0.847998304005088,0.));
#2673=DIRECTION('',(0.847998304005088,0.52999894000318,0.));
#2674=DIRECTION('',(-0.20903995420694,0.334463926731105,-0.918932086315834));
#2675=DIRECTION('',(0.,0.939692620785908,0.342020143325669));
#2676=DIRECTION('',(0.52999894000318,-0.847998304005088,0.));
#2677=DIRECTION('',(-0.847998304005088,-0.52999894000318,0.));
#2678=DIRECTION('',(-0.52999894000318,0.847998304005088,0.));
#2679=DIRECTION('',(0.847998304005088,0.52999894000318,0.));
#2680=DIRECTION('',(0.20903995420694,-0.334463926731105,0.918932086315834));
#2681=DIRECTION('',(0.,-0.939692620785908,-0.342020143325669));
#2682=DIRECTION('',(-0.209039954206938,0.334463926731102,-0.918932086315835));
#2683=DIRECTION('',(0.,0.939692620785909,0.342020143325666));
#2684=DIRECTION('',(0.847998304005088,0.52999894000318,0.));
#2685=DIRECTION('',(0.52999894000318,-0.847998304005088,0.));
#2686=DIRECTION('',(0.,0.,-1.));
#2687=DIRECTION('',(0.,1.,0.));
#2688=DIRECTION('',(-0.52999894000318,0.847998304005088,-1.47104256554614E-15));
#2689=DIRECTION('',(0.847998304005088,0.52999894000318,0.));
#2690=DIRECTION('',(0.,0.,-1.));
#2691=DIRECTION('',(0.,1.,0.));
#2692=DIRECTION('',(0.,0.,-1.));
#2693=DIRECTION('',(0.,1.,0.));
#2694=DIRECTION('',(-0.52999894000318,0.847998304005088,0.));
#2695=DIRECTION('',(0.847998304005088,0.52999894000318,0.));
#2696=DIRECTION('',(-0.52999894000318,0.847998304005088,0.));
#2697=DIRECTION('',(0.847998304005088,0.52999894000318,0.));
#2698=DIRECTION('',(0.847998304005088,0.52999894000318,0.));
#2699=DIRECTION('',(0.52999894000318,-0.847998304005088,0.));
#2700=CARTESIAN_POINT('',(0.,0.,0.));
#2701=CARTESIAN_POINT('',(0.0295,0.016,-0.145));
#2702=CARTESIAN_POINT('',(0.079,0.026,-0.145));
#2703=CARTESIAN_POINT('',(0.079,0.0318,-0.145));
#2704=CARTESIAN_POINT('',(0.079,0.0274339811320566,-0.145));
#2705=CARTESIAN_POINT('',(0.0599566376934577,-0.00303539855841105,-0.145));
#2706=CARTESIAN_POINT('',(0.0723238089062753,0.0167520753820971,-0.145));
#2707=CARTESIAN_POINT('',(0.0295,0.0167520753820971,-0.145));
#2708=CARTESIAN_POINT('',(0.0354526786087982,0.0167520753820971,-0.145));
#2709=CARTESIAN_POINT('',(0.0295,0.016,-0.145));
#2710=CARTESIAN_POINT('',(0.0235473213912019,0.0167520753820971,-0.145));
#2711=CARTESIAN_POINT('',(0.0295,0.0167520753820971,-0.145));
#2712=CARTESIAN_POINT('',(-0.0133238089062753,0.0167520753820971,-0.145));
#2713=CARTESIAN_POINT('',(-0.000956637693457718,-0.00303539855841106,-0.145));
#2714=CARTESIAN_POINT('',(-0.02,0.0274339811320566,-0.145));
#2715=CARTESIAN_POINT('',(-0.02,0.016,-0.145));
#2716=CARTESIAN_POINT('',(-0.02,0.0318,-0.145));
#2717=CARTESIAN_POINT('',(-0.02,0.0318,-0.145));
#2718=CARTESIAN_POINT('',(-0.015,0.0318,-0.145));
#2719=CARTESIAN_POINT('',(-0.0158,0.0318,-0.145));
#2720=CARTESIAN_POINT('',(0.074,0.0318,-0.145));
#2721=CARTESIAN_POINT('',(0.079,0.0318,-0.145));
#2722=CARTESIAN_POINT('',(0.0295,0.016,-0.071));
#2723=CARTESIAN_POINT('',(0.0235,0.016,-0.184663510492077));
#2724=CARTESIAN_POINT('',(0.0235,0.016,-0.101589856772617));
#2725=CARTESIAN_POINT('',(0.0235,0.016,-0.077));
#2726=CARTESIAN_POINT('',(-0.0158,0.016,-0.101589856772617));
#2727=CARTESIAN_POINT('',(-0.0052,0.016,-0.101589856772617));
#2728=CARTESIAN_POINT('',(-0.0052,0.016,-0.1048));
#2729=CARTESIAN_POINT('',(-0.0052,0.016,-0.0967899748742133));
#2730=CARTESIAN_POINT('',(-0.015,0.016,-0.0948));
#2731=CARTESIAN_POINT('',(-0.005,0.016,-0.0948));
#2732=CARTESIAN_POINT('',(-0.005,0.016,-0.071));
#2733=CARTESIAN_POINT('',(-0.005,0.016,0.));
#2734=CARTESIAN_POINT('',(-0.002,0.016,2.60208521396521E-18));
#2735=CARTESIAN_POINT('',(-0.002,0.016,0.003));
#2736=CARTESIAN_POINT('',(0.0295,0.016,0.003));
#2737=CARTESIAN_POINT('',(0.0235,0.016,0.003));
#2738=CARTESIAN_POINT('',(0.0235,0.016,-0.184663510492077));
#2739=CARTESIAN_POINT('',(0.0235,0.016,0.));
#2740=CARTESIAN_POINT('',(0.04425,0.016,0.));
#2741=CARTESIAN_POINT('',(0.002,0.016,0.));
#2742=CARTESIAN_POINT('',(0.002,0.016,-0.002));
#2743=CARTESIAN_POINT('',(0.,0.016,-0.002));
#2744=CARTESIAN_POINT('',(0.,0.016,-0.0385));
#2745=CARTESIAN_POINT('',(0.,0.016,-0.075));
#2746=CARTESIAN_POINT('',(0.002,0.016,-0.075));
#2747=CARTESIAN_POINT('',(0.002,0.016,-0.077));
#2748=CARTESIAN_POINT('',(0.0295,0.016,-0.077));
#2749=CARTESIAN_POINT('',(0.0295,0.016,-0.071));
#2750=CARTESIAN_POINT('',(0.0355,0.016,-0.184663510492077));
#2751=CARTESIAN_POINT('',(0.0355,0.016,0.003));
#2752=CARTESIAN_POINT('',(0.0355,0.016,0.));
#2753=CARTESIAN_POINT('',(0.0295,0.016,0.003));
#2754=CARTESIAN_POINT('',(0.061,0.016,0.003));
#2755=CARTESIAN_POINT('',(0.061,0.016,0.));
#2756=CARTESIAN_POINT('',(0.064,0.016,0.));
#2757=CARTESIAN_POINT('',(0.064,0.016,-0.071));
#2758=CARTESIAN_POINT('',(0.064,0.016,-0.047));
#2759=CARTESIAN_POINT('',(0.059,0.016,-0.047));
#2760=CARTESIAN_POINT('',(0.059,0.016,-0.047));
#2761=CARTESIAN_POINT('',(0.059,0.016,-0.0385));
#2762=CARTESIAN_POINT('',(0.059,0.016,-0.002));
#2763=CARTESIAN_POINT('',(0.057,0.016,-0.002));
#2764=CARTESIAN_POINT('',(0.057,0.016,0.));
#2765=CARTESIAN_POINT('',(0.04425,0.016,0.));
#2766=CARTESIAN_POINT('',(0.0295,0.016,0.003));
#2767=CARTESIAN_POINT('',(0.0295,0.016,0.003));
#2768=CARTESIAN_POINT('',(-0.002,0.016,0.003));
#2769=CARTESIAN_POINT('',(-0.002,0.004,0.003));
#2770=CARTESIAN_POINT('',(0.0295,0.004,0.003));
#2771=CARTESIAN_POINT('',(0.061,0.004,0.003));
#2772=CARTESIAN_POINT('',(0.061,0.016,0.003));
#2773=CARTESIAN_POINT('',(0.064,0.016,-0.071));
#2774=CARTESIAN_POINT('',(0.064,0.01,-0.049));
#2775=CARTESIAN_POINT('',(0.064,0.014,-0.049));
#2776=CARTESIAN_POINT('',(0.064,0.006,-0.049));
#2777=CARTESIAN_POINT('',(0.064,0.014,-0.047));
#2778=CARTESIAN_POINT('',(0.064,0.016,0.));
#2779=CARTESIAN_POINT('',(0.064,0.004,0.));
#2780=CARTESIAN_POINT('',(0.064,0.004,-0.071));
#2781=CARTESIAN_POINT('',(0.064,0.004,-0.051));
#2782=CARTESIAN_POINT('',(0.064,0.006,-0.051));
#2783=CARTESIAN_POINT('',(0.0295,0.,-0.071));
#2784=CARTESIAN_POINT('',(0.002,0.,-0.071));
#2785=CARTESIAN_POINT('',(0.002,0.,-0.075));
#2786=CARTESIAN_POINT('',(0.002,0.,-0.002));
#2787=CARTESIAN_POINT('',(0.0295,0.,-0.002));
#2788=CARTESIAN_POINT('',(0.057,0.,-0.002));
#2789=CARTESIAN_POINT('',(0.057,0.,-0.075));
#2790=CARTESIAN_POINT('',(0.057,0.,-0.075));
#2791=CARTESIAN_POINT('',(0.0295,0.,-0.075));
#2792=CARTESIAN_POINT('',(0.0095,0.,-0.0385));
#2793=CARTESIAN_POINT('',(0.0095,0.,-0.0645));
#2794=CARTESIAN_POINT('',(0.0095,0.,-0.0125));
#2795=CARTESIAN_POINT('',(0.0125,0.,-0.0645));
#2796=CARTESIAN_POINT('',(0.0125,0.,-0.0675));
#2797=CARTESIAN_POINT('',(0.0295,0.,-0.0675));
#2798=CARTESIAN_POINT('',(0.0465,0.,-0.0675));
#2799=CARTESIAN_POINT('',(0.0465,0.,-0.0645));
#2800=CARTESIAN_POINT('',(0.0495,0.,-0.0645));
#2801=CARTESIAN_POINT('',(0.0495,0.,-0.0385));
#2802=CARTESIAN_POINT('',(0.0495,0.,-0.0125));
#2803=CARTESIAN_POINT('',(0.0465,0.,-0.0125));
#2804=CARTESIAN_POINT('',(0.0465,0.,-0.0095));
#2805=CARTESIAN_POINT('',(0.0295,0.,-0.0095));
#2806=CARTESIAN_POINT('',(0.0125,0.,-0.0095));
#2807=CARTESIAN_POINT('',(0.0125,0.,-0.0125));
#2808=CARTESIAN_POINT('',(0.0295,-0.006,-0.071));
#2809=CARTESIAN_POINT('',(-0.015,-0.006,-0.0948));
#2810=CARTESIAN_POINT('',(0.005,-0.006,-0.0948));
#2811=CARTESIAN_POINT('',(0.00432184019391119,-0.006,-0.099963960836505));
#2812=CARTESIAN_POINT('',(0.0295,-0.006,-0.099963960836505));
#2813=CARTESIAN_POINT('',(0.0546781598060888,-0.006,-0.099963960836505));
#2814=CARTESIAN_POINT('',(0.074,-0.006,-0.0948));
#2815=CARTESIAN_POINT('',(0.054,-0.006,-0.0948));
#2816=CARTESIAN_POINT('',(0.054,-0.006,-0.071));
#2817=CARTESIAN_POINT('',(0.054,-0.006,-0.007));
#2818=CARTESIAN_POINT('',(0.0295,-0.006,-0.007));
#2819=CARTESIAN_POINT('',(0.005,-0.006,-0.007));
#2820=CARTESIAN_POINT('',(0.005,-0.006,-0.071));
#2821=CARTESIAN_POINT('',(0.0295,-0.006,-0.0675));
#2822=CARTESIAN_POINT('',(0.0125,-0.006,-0.0675));
#2823=CARTESIAN_POINT('',(0.0465,-0.006,-0.0675));
#2824=CARTESIAN_POINT('',(0.0125,-0.006,-0.0645));
#2825=CARTESIAN_POINT('',(0.0095,-0.006,-0.0645));
#2826=CARTESIAN_POINT('',(0.0095,-0.006,-0.071));
#2827=CARTESIAN_POINT('',(0.0095,-0.006,-0.0125));
#2828=CARTESIAN_POINT('',(0.0125,-0.006,-0.0125));
#2829=CARTESIAN_POINT('',(0.0125,-0.006,-0.0095));
#2830=CARTESIAN_POINT('',(0.0295,-0.006,-0.0095));
#2831=CARTESIAN_POINT('',(0.0465,-0.006,-0.0095));
#2832=CARTESIAN_POINT('',(0.0465,-0.006,-0.0125));
#2833=CARTESIAN_POINT('',(0.0495,-0.006,-0.0125));
#2834=CARTESIAN_POINT('',(0.0495,-0.006,-0.071));
#2835=CARTESIAN_POINT('',(0.0495,-0.006,-0.0645));
#2836=CARTESIAN_POINT('',(0.0465,-0.006,-0.0645));
#2837=CARTESIAN_POINT('',(0.059,0.016,-0.0385));
#2838=CARTESIAN_POINT('',(0.059,0.016,-0.075));
#2839=CARTESIAN_POINT('',(0.059,0.016,-0.075));
#2840=CARTESIAN_POINT('',(0.059,0.00346410161513775,-0.075));
#2841=CARTESIAN_POINT('',(0.059,0.00346410161513775,-0.002));
#2842=CARTESIAN_POINT('',(0.059,0.00346410160454621,-0.002));
#2843=CARTESIAN_POINT('',(0.059,0.016,-0.002));
#2844=CARTESIAN_POINT('',(0.059,0.014,-0.047));
#2845=CARTESIAN_POINT('',(0.059,0.014,-0.049));
#2846=CARTESIAN_POINT('',(0.059,0.016,-0.049));
#2847=CARTESIAN_POINT('',(0.059,0.006,-0.049));
#2848=CARTESIAN_POINT('',(0.059,0.006,-0.051));
#2849=CARTESIAN_POINT('',(0.059,0.004,-0.051));
#2850=CARTESIAN_POINT('',(0.059,0.004,-0.0385));
#2851=CARTESIAN_POINT('',(0.059,0.004,-0.0635));
#2852=CARTESIAN_POINT('',(0.059,0.006,-0.0635));
#2853=CARTESIAN_POINT('',(0.059,0.006,-0.0655));
#2854=CARTESIAN_POINT('',(0.059,0.016,-0.0655));
#2855=CARTESIAN_POINT('',(0.059,0.014,-0.0655));
#2856=CARTESIAN_POINT('',(0.059,0.014,-0.0675));
#2857=CARTESIAN_POINT('',(0.059,0.016,-0.0675));
#2858=CARTESIAN_POINT('',(0.059,0.016,-0.0385));
#2859=CARTESIAN_POINT('',(0.0295,0.016,-0.071));
#2860=CARTESIAN_POINT('',(0.0355,0.016,-0.184663510492077));
#2861=CARTESIAN_POINT('',(0.0355,0.016,-0.077));
#2862=CARTESIAN_POINT('',(0.0355,0.016,-0.101589856772617));
#2863=CARTESIAN_POINT('',(0.0295,0.016,-0.077));
#2864=CARTESIAN_POINT('',(0.057,0.016,-0.077));
#2865=CARTESIAN_POINT('',(0.057,0.016,-0.075));
#2866=CARTESIAN_POINT('',(0.0295,0.016,-0.0675));
#2867=CARTESIAN_POINT('',(0.064,0.016,-0.0675));
#2868=CARTESIAN_POINT('',(0.064,0.016,-0.071));
#2869=CARTESIAN_POINT('',(0.064,0.016,-0.0948));
#2870=CARTESIAN_POINT('',(0.074,0.016,-0.0948));
#2871=CARTESIAN_POINT('',(0.0642,0.016,-0.0967899748742133));
#2872=CARTESIAN_POINT('',(0.0642,0.016,-0.1048));
#2873=CARTESIAN_POINT('',(0.0642,0.016,-0.101589856772617));
#2874=CARTESIAN_POINT('',(-0.0158,0.016,-0.101589856772617));
#2875=CARTESIAN_POINT('',(0.074,0.01,-0.1048));
#2876=CARTESIAN_POINT('',(0.07975,0.0192,-0.14));
#2877=CARTESIAN_POINT('',(0.0832399915200254,0.0247839864320407,-0.139116847017697));
#2878=CARTESIAN_POINT('',(0.0761502685513486,0.0134404296821577,-0.139956028445671));
#2879=CARTESIAN_POINT('',(0.0832399915200254,0.0247839864320407,-0.1048));
#2880=CARTESIAN_POINT('',(0.0832399915200254,0.0247839864320407,-0.125783152982303));
#2881=CARTESIAN_POINT('',(0.07975,0.0192,-0.1249));
#2882=CARTESIAN_POINT('',(0.0832399915200254,0.0247839864320407,-0.124016847017697));
#2883=CARTESIAN_POINT('',(0.0832399915200254,0.0247839864320407,-0.1048));
#2884=CARTESIAN_POINT('',(0.0832399915200254,0.0247839864320407,-0.110683152982303));
#2885=CARTESIAN_POINT('',(0.07975,0.0192,-0.1098));
#2886=CARTESIAN_POINT('',(0.0761529577122025,0.013444732339524,-0.109654100103507));
#2887=CARTESIAN_POINT('',(0.0782399915200254,0.0167839864320407,-0.0948));
#2888=CARTESIAN_POINT('',(0.0714805519535366,0.0059688831256586,-0.108190667524324));
#2889=CARTESIAN_POINT('',(0.0714805519535366,0.0059688831256586,-0.108190667524324));
#2890=CARTESIAN_POINT('',(0.0712427359677456,0.005588377548393,-0.108070621023208));
#2891=CARTESIAN_POINT('',(0.0707641510981125,0.00482264175697992,-0.107879871692119));
#2892=CARTESIAN_POINT('',(0.0700404841226101,0.00366477459617616,-0.107769288011996));
#2893=CARTESIAN_POINT('',(0.0692929724570803,0.00246875593132852,-0.10792922570508));
#2894=CARTESIAN_POINT('',(0.0686162028357681,0.00138592453722887,-0.108593175063002));
#2895=CARTESIAN_POINT('',(0.0682111970304993,0.000737915248798802,-0.10982979897325));
#2896=CARTESIAN_POINT('',(0.0681071719680992,0.000571475148958594,-0.111235712674239));
#2897=CARTESIAN_POINT('',(0.0681957686159903,0.00071322978558452,-0.112628325411378));
#2898=CARTESIAN_POINT('',(0.0683517583911573,0.000962813425851543,-0.113519181906145));
#2899=CARTESIAN_POINT('',(0.0684497712796509,0.00111963404744136,-0.113950043022868));
#2900=CARTESIAN_POINT('',(0.0684497712796509,0.00111963404744137,-0.113950043022868));
#2901=CARTESIAN_POINT('',(0.0737565930224464,0.00961054883591432,-0.13727863967471));
#2902=CARTESIAN_POINT('',(0.0736272609863448,0.0094036175781517,-0.136710100716628));
#2903=CARTESIAN_POINT('',(0.0765638004263008,0.0141020806820812,-0.135));
#2904=CARTESIAN_POINT('',(-0.015,0.01,-0.1048));
#2905=CARTESIAN_POINT('',(-0.02075,0.0192,-0.1098));
#2906=CARTESIAN_POINT('',(-0.0171529577122025,0.013444732339524,-0.109654100103507));
#2907=CARTESIAN_POINT('',(-0.0242399915200254,0.0247839864320407,-0.110683152982303));
#2908=CARTESIAN_POINT('',(-0.0242399915200254,0.0247839864320407,-0.1048));
#2909=CARTESIAN_POINT('',(-0.0242399915200254,0.0247839864320407,-0.124016847017697));
#2910=CARTESIAN_POINT('',(-0.02075,0.0192,-0.1249));
#2911=CARTESIAN_POINT('',(-0.0242399915200254,0.0247839864320407,-0.125783152982303));
#2912=CARTESIAN_POINT('',(-0.0242399915200254,0.0247839864320407,-0.1048));
#2913=CARTESIAN_POINT('',(-0.0242399915200254,0.0247839864320407,-0.139116847017697));
#2914=CARTESIAN_POINT('',(-0.02075,0.0192,-0.14));
#2915=CARTESIAN_POINT('',(-0.0171502685513486,0.0134404296821577,-0.139956028445671));
#2916=CARTESIAN_POINT('',(-0.0175638004263008,0.0141020806820812,-0.135));
#2917=CARTESIAN_POINT('',(-0.0146272609863448,0.00940361757815169,-0.136710100716628));
#2918=CARTESIAN_POINT('',(-0.00855552208157963,-0.000311164669472579,-0.110018955856362));
#2919=CARTESIAN_POINT('',(-0.00944977127965084,0.00111963404744135,-0.113950043022868));
#2920=CARTESIAN_POINT('',(-0.00944977127965084,0.00111963404744135,-0.113950043022868));
#2921=CARTESIAN_POINT('',(-0.0093517583911572,0.000962813425851536,-0.113519181906145));
#2922=CARTESIAN_POINT('',(-0.00919576861599028,0.000713229785584444,-0.112628325411378));
#2923=CARTESIAN_POINT('',(-0.00910717196809914,0.000571475148958611,-0.111235712674239));
#2924=CARTESIAN_POINT('',(-0.00921119703049922,0.000737915248798747,-0.10982979897325));
#2925=CARTESIAN_POINT('',(-0.00961620283576797,0.00138592453722875,-0.108593175063002));
#2926=CARTESIAN_POINT('',(-0.0102929724570804,0.00246875593132864,-0.10792922570508));
#2927=CARTESIAN_POINT('',(-0.0110404841226101,0.00366477459617614,-0.107769288011996));
#2928=CARTESIAN_POINT('',(-0.0117641510981125,0.00482264175697994,-0.107879871692119));
#2929=CARTESIAN_POINT('',(-0.0122427359677456,0.00558837754839299,-0.108070621023208));
#2930=CARTESIAN_POINT('',(-0.0124805519535366,0.00596888312565859,-0.108190667524324));
#2931=CARTESIAN_POINT('',(-0.0124805519535366,0.00596888312565859,-0.108190667524324));
#2932=CARTESIAN_POINT('',(-0.0192399915200254,0.0167839864320408,-0.0948));
#2933=CARTESIAN_POINT('',(-0.02075,0.0068,-0.14));
#2934=CARTESIAN_POINT('',(-0.02075,0.0318,-0.14));
#2935=CARTESIAN_POINT('',(-0.01865,0.0318,-0.14));
#2936=CARTESIAN_POINT('',(-0.02075,0.027,-0.14));
#2937=CARTESIAN_POINT('',(-0.02285,0.027,-0.14));
#2938=CARTESIAN_POINT('',(-0.02075,0.0068,-0.1098));
#2939=CARTESIAN_POINT('',(-0.02075,0.0318,-0.1098));
#2940=CARTESIAN_POINT('',(-0.01865,0.0318,-0.1098));
#2941=CARTESIAN_POINT('',(-0.02075,0.027,-0.1098));
#2942=CARTESIAN_POINT('',(-0.02285,0.027,-0.1098));
#2943=CARTESIAN_POINT('',(-0.02075,0.0068,-0.1249));
#2944=CARTESIAN_POINT('',(-0.02075,0.0318,-0.1249));
#2945=CARTESIAN_POINT('',(-0.01865,0.0318,-0.1249));
#2946=CARTESIAN_POINT('',(-0.02075,0.027,-0.1249));
#2947=CARTESIAN_POINT('',(-0.02285,0.027,-0.1249));
#2948=CARTESIAN_POINT('',(0.07975,0.0068,-0.1098));
#2949=CARTESIAN_POINT('',(0.07975,0.0318,-0.1098));
#2950=CARTESIAN_POINT('',(0.08185,0.0318,-0.1098));
#2951=CARTESIAN_POINT('',(0.07975,0.027,-0.1098));
#2952=CARTESIAN_POINT('',(0.07765,0.027,-0.1098));
#2953=CARTESIAN_POINT('',(0.07975,0.0068,-0.1249));
#2954=CARTESIAN_POINT('',(0.07975,0.0318,-0.1249));
#2955=CARTESIAN_POINT('',(0.08185,0.0318,-0.1249));
#2956=CARTESIAN_POINT('',(0.07975,0.027,-0.1249));
#2957=CARTESIAN_POINT('',(0.07765,0.027,-0.1249));
#2958=CARTESIAN_POINT('',(0.07975,0.0068,-0.14));
#2959=CARTESIAN_POINT('',(0.07975,0.0318,-0.14));
#2960=CARTESIAN_POINT('',(0.08185,0.0318,-0.14));
#2961=CARTESIAN_POINT('',(0.07975,0.027,-0.14));
#2962=CARTESIAN_POINT('',(0.07765,0.027,-0.14));
#2963=CARTESIAN_POINT('',(0.079,0.0318,-0.1048));
#2964=CARTESIAN_POINT('',(0.079,0.0318,-0.1048));
#2965=CARTESIAN_POINT('',(0.074,0.0318,-0.1048));
#2966=CARTESIAN_POINT('',(0.079,0.0318,-0.1048));
#2967=CARTESIAN_POINT('',(0.079,0.0318,-0.1098));
#2968=CARTESIAN_POINT('',(0.084,0.0318,-0.1098));
#2969=CARTESIAN_POINT('',(0.084,0.0318,-0.1048));
#2970=CARTESIAN_POINT('',(0.084,0.0318,-0.14));
#2971=CARTESIAN_POINT('',(0.079,0.0318,-0.14));
#2972=CARTESIAN_POINT('',(0.074,0.0318,-0.1048));
#2973=CARTESIAN_POINT('',(-0.02,0.0318,-0.1048));
#2974=CARTESIAN_POINT('',(-0.02,0.0318,-0.14));
#2975=CARTESIAN_POINT('',(-0.025,0.0318,-0.14));
#2976=CARTESIAN_POINT('',(-0.025,0.0318,-0.1048));
#2977=CARTESIAN_POINT('',(-0.025,0.0318,-0.1098));
#2978=CARTESIAN_POINT('',(-0.02,0.0318,-0.1098));
#2979=CARTESIAN_POINT('',(-0.02,0.0318,-0.1048));
#2980=CARTESIAN_POINT('',(-0.02,0.0318,-0.1048));
#2981=CARTESIAN_POINT('',(-0.015,0.0318,-0.1048));
#2982=CARTESIAN_POINT('',(-0.015,0.0318,-0.1048));
#2983=CARTESIAN_POINT('',(0.064,0.016,-0.071));
#2984=CARTESIAN_POINT('',(0.064,0.014,-0.0675));
#2985=CARTESIAN_POINT('',(0.064,0.014,-0.0655));
#2986=CARTESIAN_POINT('',(0.064,0.01,-0.0655));
#2987=CARTESIAN_POINT('',(0.064,0.006,-0.0655));
#2988=CARTESIAN_POINT('',(0.064,0.006,-0.0635));
#2989=CARTESIAN_POINT('',(0.064,0.004,-0.0635));
#2990=CARTESIAN_POINT('',(0.064,0.004,-0.071));
#2991=CARTESIAN_POINT('',(0.064,0.004,-0.0948));
#2992=CARTESIAN_POINT('',(0.064,0.016,-0.0948));
#2993=CARTESIAN_POINT('',(-0.005,0.016,-0.071));
#2994=CARTESIAN_POINT('',(-0.005,0.004,-0.071));
#2995=CARTESIAN_POINT('',(-0.005,0.004,-0.0948));
#2996=CARTESIAN_POINT('',(-0.005,0.004,0.));
#2997=CARTESIAN_POINT('',(-0.005,0.016,0.));
#2998=CARTESIAN_POINT('',(-0.005,-0.006,-0.0948));
#2999=CARTESIAN_POINT('',(0.,0.016,-0.0385));
#3000=CARTESIAN_POINT('',(0.,0.,-0.002));
#3001=CARTESIAN_POINT('',(0.,0.00346410161513775,-0.002));
#3002=CARTESIAN_POINT('',(0.,0.00346410161513775,-0.0385));
#3003=CARTESIAN_POINT('',(0.,0.00346410161513775,-0.075));
#3004=CARTESIAN_POINT('',(0.,0.016,-0.075));
#3005=CARTESIAN_POINT('',(0.0295,0.016,-0.077));
#3006=CARTESIAN_POINT('',(0.0295,0.016,-0.077));
#3007=CARTESIAN_POINT('',(0.002,0.,-0.077));
#3008=CARTESIAN_POINT('',(0.002,0.00346410161513775,-0.077));
#3009=CARTESIAN_POINT('',(0.0295,0.00346410161513775,-0.077));
#3010=CARTESIAN_POINT('',(0.057,0.00346410161513775,-0.077));
#3011=CARTESIAN_POINT('',(0.057,0.016,-0.077));
#3012=CARTESIAN_POINT('',(0.04425,0.016,0.));
#3013=CARTESIAN_POINT('',(0.0295,0.016,0.));
#3014=CARTESIAN_POINT('',(0.057,0.016,0.));
#3015=CARTESIAN_POINT('',(0.0570012281435866,0.00346410160564198,8.67554834477265E-6));
#3016=CARTESIAN_POINT('',(0.04425,0.00346410161513775,0.));
#3017=CARTESIAN_POINT('',(0.002,0.00346410161513775,0.));
#3018=CARTESIAN_POINT('',(0.002,0.016,0.));
#3019=CARTESIAN_POINT('',(0.0642,0.019,-0.1048));
#3020=CARTESIAN_POINT('',(0.0642,0.017382653481262,-0.105388665991315));
#3021=CARTESIAN_POINT('',(0.0642,0.022,-0.118074721289345));
#3022=CARTESIAN_POINT('',(0.0642,0.016,-0.0967899748742133));
#3023=CARTESIAN_POINT('',(0.0642,0.022,-0.0967899748742133));
#3024=CARTESIAN_POINT('',(0.0642,0.022,-0.1048));
#3025=CARTESIAN_POINT('',(0.074,0.022,-0.1048));
#3026=CARTESIAN_POINT('',(0.074,0.022,-0.118074721289345));
#3027=CARTESIAN_POINT('',(0.0642,0.022,-0.0967899748742133));
#3028=CARTESIAN_POINT('',(0.0642,0.0223771847025537,-0.0967899748742133));
#3029=CARTESIAN_POINT('',(0.0642445034642461,0.0230974324835088,-0.0970166614778951));
#3030=CARTESIAN_POINT('',(0.0644470530310663,0.0243263229219386,-0.0978156846155411));
#3031=CARTESIAN_POINT('',(0.064874024402029,0.025701519549165,-0.0989848586798195));
#3032=CARTESIAN_POINT('',(0.0656408211413518,0.0272115064643662,-0.10037044611121));
#3033=CARTESIAN_POINT('',(0.0667105831311005,0.0286326941335158,-0.10172148856582));
#3034=CARTESIAN_POINT('',(0.0680712921991647,0.0298799812717472,-0.10292576759549));
#3035=CARTESIAN_POINT('',(0.0703364558320384,0.0312690508130868,-0.10427866772991));
#3036=CARTESIAN_POINT('',(0.0725064746648894,0.0318,-0.1048));
#3037=CARTESIAN_POINT('',(0.074,0.0318,-0.1048));
#3038=CARTESIAN_POINT('',(0.084,0.0289,-0.1048));
#3039=CARTESIAN_POINT('',(0.084,0.026,-0.1098));
#3040=CARTESIAN_POINT('',(0.084,0.0274339811320566,-0.1098));
#3041=CARTESIAN_POINT('',(0.084,0.0274339811320566,-0.1048));
#3042=CARTESIAN_POINT('',(0.084,0.0274339811320566,-0.14));
#3043=CARTESIAN_POINT('',(0.084,0.0318,-0.14));
#3044=CARTESIAN_POINT('',(0.0295,0.013,-0.1048));
#3045=CARTESIAN_POINT('',(0.074,-0.006,-0.1048));
#3046=CARTESIAN_POINT('',(0.074,0.0194339811320566,-0.1048));
#3047=CARTESIAN_POINT('',(0.0586083230867162,-0.00519270192919758,-0.1048));
#3048=CARTESIAN_POINT('',(0.079,0.0274339811320566,-0.1048));
#3049=CARTESIAN_POINT('',(0.079,0.0318,-0.1048));
#3050=CARTESIAN_POINT('',(-0.025,0.0289,-0.1048));
#3051=CARTESIAN_POINT('',(-0.025,0.0289,-0.14));
#3052=CARTESIAN_POINT('',(-0.025,0.0274339811320566,-0.14));
#3053=CARTESIAN_POINT('',(-0.025,0.0274339811320566,-0.1048));
#3054=CARTESIAN_POINT('',(-0.025,0.0274339811320566,-0.1098));
#3055=CARTESIAN_POINT('',(-0.025,0.0289,-0.1098));
#3056=CARTESIAN_POINT('',(-0.015,0.022,-0.1048));
#3057=CARTESIAN_POINT('',(-0.0052,0.022,-0.1048));
#3058=CARTESIAN_POINT('',(-0.0052,0.022,-0.0967899748742133));
#3059=CARTESIAN_POINT('',(-0.0052,0.022,-0.118074721289345));
#3060=CARTESIAN_POINT('',(-0.015,0.022,-0.118074721289345));
#3061=CARTESIAN_POINT('',(-0.015,0.0318,-0.1048));
#3062=CARTESIAN_POINT('',(-0.0135055602007891,0.0318,-0.1048));
#3063=CARTESIAN_POINT('',(-0.0113457469897114,0.0312721376714068,-0.104281706325679));
#3064=CARTESIAN_POINT('',(-0.00907574069911061,0.0298840774516523,-0.102929719912068));
#3065=CARTESIAN_POINT('',(-0.00771031282409092,0.0286321234965371,-0.101720977904342));
#3066=CARTESIAN_POINT('',(-0.00664533832657347,0.0272183363609,-0.100376812451622));
#3067=CARTESIAN_POINT('',(-0.0058750514047145,0.0257048492058451,-0.0989879952770141));
#3068=CARTESIAN_POINT('',(-0.00544655353674025,0.0243261736694671,-0.0978145964661072));
#3069=CARTESIAN_POINT('',(-0.00524362285147667,0.0230895114279388,-0.0970126499437024));
#3070=CARTESIAN_POINT('',(-0.0051999999999999,0.0223747068979755,-0.0967899748742152));
#3071=CARTESIAN_POINT('',(-0.00519999999999993,0.0219999999999992,-0.0967899748742154));
#3072=CARTESIAN_POINT('',(-0.0052,0.019,-0.1048));
#3073=CARTESIAN_POINT('',(-0.0052,0.017382653481262,-0.105388665991315));
#3074=CARTESIAN_POINT('',(-0.0052,0.022,-0.0967899748742133));
#3075=CARTESIAN_POINT('',(0.0295,0.013,-0.1048));
#3076=CARTESIAN_POINT('',(-0.02,0.013,-0.1048));
#3077=CARTESIAN_POINT('',(-0.02,0.0274339811320566,-0.1048));
#3078=CARTESIAN_POINT('',(0.000391676913283863,-0.00519270192919757,-0.1048));
#3079=CARTESIAN_POINT('',(-0.015,0.0194339811320566,-0.1048));
#3080=CARTESIAN_POINT('',(-0.015,0.016,-0.1048));
#3081=CARTESIAN_POINT('',(0.030825,0.027,-0.071));
#3082=CARTESIAN_POINT('',(0.07975,0.027,-0.14));
#3083=CARTESIAN_POINT('',(0.07615,0.027,-0.14));
#3084=CARTESIAN_POINT('',(0.07975,0.027,-0.14));
#3085=CARTESIAN_POINT('',(0.0761502685513486,0.0134404296821577,-0.139956028445671));
#3086=CARTESIAN_POINT('',(0.0761468494938266,0.0134349591901225,-0.140235929601645));
#3087=CARTESIAN_POINT('',(0.0762090986533744,0.0136240705194006,-0.140770977295739));
#3088=CARTESIAN_POINT('',(0.0763392819637673,0.0139971279197082,-0.141166950677674));
#3089=CARTESIAN_POINT('',(0.0764086917276567,0.0141990236187338,-0.141340022025629));
#3090=CARTESIAN_POINT('',(0.0764086917276567,0.0141990236187337,-0.141340022025629));
#3091=CARTESIAN_POINT('',(0.0764086917276567,0.0141990236187337,-0.141340022025629));
#3092=CARTESIAN_POINT('',(0.0765612183465295,0.0146426855275455,-0.141720342978304));
#3093=CARTESIAN_POINT('',(0.0769125208551637,0.0156498542202043,-0.142269294346283));
#3094=CARTESIAN_POINT('',(0.0774962776142617,0.0172407648032687,-0.14284275260007));
#3095=CARTESIAN_POINT('',(0.0781288463126694,0.0188432331938775,-0.143242354842705));
#3096=CARTESIAN_POINT('',(0.0788387496494847,0.0204549584666712,-0.143512565061169));
#3097=CARTESIAN_POINT('',(0.0796706189567963,0.022032166608722,-0.143635481898612));
#3098=CARTESIAN_POINT('',(0.080710958965334,0.0235068776979778,-0.143543846975635));
#3099=CARTESIAN_POINT('',(0.0820917515227678,0.0245778024889396,-0.14290806463386));
#3100=CARTESIAN_POINT('',(0.0828481027349197,0.0248196289070022,-0.141927507156345));
#3101=CARTESIAN_POINT('',(0.0830757318152166,0.0248866487475463,-0.141378226357772));
#3102=CARTESIAN_POINT('',(0.0830757318152166,0.0248866487475463,-0.141378226357772));
#3103=CARTESIAN_POINT('',(0.0830757318152166,0.0248866487475463,-0.141378226357772));
#3104=CARTESIAN_POINT('',(0.0832570326624458,0.0249400283678301,-0.140940737992848));
#3105=CARTESIAN_POINT('',(0.08335,0.0249687225249324,-0.140472097012864));
#3106=CARTESIAN_POINT('',(0.08335,0.0249687225249324,-0.14));
#3107=CARTESIAN_POINT('',(0.08335,0.0249687225249324,-0.14));
#3108=CARTESIAN_POINT('',(0.08335,0.0249687225249324,-0.14));
#3109=CARTESIAN_POINT('',(0.08335,0.0249687225249324,-0.139690936226276));
#3110=CARTESIAN_POINT('',(0.0833095717903044,0.0248953148644871,-0.139391810198596));
#3111=CARTESIAN_POINT('',(0.0832399915200254,0.0247839864320407,-0.139116847017697));
#3112=CARTESIAN_POINT('',(0.030825,0.027,-0.071));
#3113=CARTESIAN_POINT('',(0.07975,0.027,-0.1249));
#3114=CARTESIAN_POINT('',(0.07615,0.027,-0.1249));
#3115=CARTESIAN_POINT('',(0.07975,0.027,-0.1249));
#3116=CARTESIAN_POINT('',(0.0832399915200254,0.0247839864320407,-0.125783152982303));
#3117=CARTESIAN_POINT('',(0.0833102187465496,0.0248963499944794,-0.125505633198126));
#3118=CARTESIAN_POINT('',(0.0833897386094174,0.0250410268221907,-0.124900321427847));
#3119=CARTESIAN_POINT('',(0.0833103040012848,0.0248964864020557,-0.124294703706475));
#3120=CARTESIAN_POINT('',(0.0832399915200254,0.0247839864320407,-0.124016847017697));
#3121=CARTESIAN_POINT('',(0.07975,0.027,-0.1098));
#3122=CARTESIAN_POINT('',(0.0832399915200254,0.0247839864320407,-0.110683152982303));
#3123=CARTESIAN_POINT('',(0.0833102612092717,0.0248964179348347,-0.110405465396462));
#3124=CARTESIAN_POINT('',(0.08335,0.0249687225249324,-0.110103902484351));
#3125=CARTESIAN_POINT('',(0.08335,0.0249687225249324,-0.1098));
#3126=CARTESIAN_POINT('',(0.08335,0.0249687225249324,-0.1098));
#3127=CARTESIAN_POINT('',(0.08335,0.0249687225249324,-0.1098));
#3128=CARTESIAN_POINT('',(0.08335,0.0249687225249324,-0.109323235746363));
#3129=CARTESIAN_POINT('',(0.0832554543094518,0.0249395636602196,-0.108855453359365));
#3130=CARTESIAN_POINT('',(0.0830757318152166,0.0248866487475463,-0.108421773642228));
#3131=CARTESIAN_POINT('',(0.0830757318152166,0.0248866487475463,-0.108421773642228));
#3132=CARTESIAN_POINT('',(0.0830757318152166,0.0248866487475463,-0.108421773642228));
#3133=CARTESIAN_POINT('',(0.0829031869875667,0.0248358471240423,-0.108005414007521));
#3134=CARTESIAN_POINT('',(0.0824054792478477,0.024676742395119,-0.107253663933099));
#3135=CARTESIAN_POINT('',(0.0813885560288928,0.0240849996319087,-0.106529726363038));
#3136=CARTESIAN_POINT('',(0.0804489668517066,0.0231373009733214,-0.106234248112417));
#3137=CARTESIAN_POINT('',(0.0794295924144673,0.021651093312973,-0.106161546606098));
#3138=CARTESIAN_POINT('',(0.0784628294883227,0.0196694091358304,-0.106379071464699));
#3139=CARTESIAN_POINT('',(0.077808189759239,0.0180401124344565,-0.106743844699937));
#3140=CARTESIAN_POINT('',(0.0775047304506816,0.0172435246003806,-0.106985970033759));
#3141=CARTESIAN_POINT('',(0.0775047304506816,0.0172435246003807,-0.106985970033759));
#3142=CARTESIAN_POINT('',(0.0775047304506816,0.0172435246003807,-0.106985970033759));
#3143=CARTESIAN_POINT('',(0.0773601059779333,0.0168638819522489,-0.107101363589849));
#3144=CARTESIAN_POINT('',(0.0770850792750585,0.0161098871990677,-0.107355596808516));
#3145=CARTESIAN_POINT('',(0.076703971582419,0.015011712383984,-0.107846604466249));
#3146=CARTESIAN_POINT('',(0.0763526679374933,0.0139797089932701,-0.10849813623193));
#3147=CARTESIAN_POINT('',(0.0761700894079993,0.0134721430527989,-0.109231732194249));
#3148=CARTESIAN_POINT('',(0.0761529577122025,0.013444732339524,-0.109654100103507));
#3149=CARTESIAN_POINT('',(0.07975,0.027,-0.1098));
#3150=CARTESIAN_POINT('',(0.07615,0.027,-0.1098));
#3151=CARTESIAN_POINT('',(0.030825,0.027,-0.071));
#3152=CARTESIAN_POINT('',(-0.02075,0.027,-0.1249));
#3153=CARTESIAN_POINT('',(-0.02075,0.027,-0.1249));
#3154=CARTESIAN_POINT('',(-0.02435,0.027,-0.1249));
#3155=CARTESIAN_POINT('',(-0.0242399915200254,0.0247839864320407,-0.124016847017697));
#3156=CARTESIAN_POINT('',(-0.0243102187465496,0.0248963499944794,-0.124294366801875));
#3157=CARTESIAN_POINT('',(-0.0243897386094173,0.0250410268221908,-0.124899678572153));
#3158=CARTESIAN_POINT('',(-0.0243103040012848,0.0248964864020557,-0.125505296293525));
#3159=CARTESIAN_POINT('',(-0.0242399915200254,0.0247839864320407,-0.125783152982303));
#3160=CARTESIAN_POINT('',(0.030825,0.027,-0.071));
#3161=CARTESIAN_POINT('',(-0.02075,0.027,-0.1098));
#3162=CARTESIAN_POINT('',(-0.02075,0.027,-0.1098));
#3163=CARTESIAN_POINT('',(-0.02435,0.027,-0.1098));
#3164=CARTESIAN_POINT('',(-0.0240757318152166,0.0248866487475463,-0.108421773642228));
#3165=CARTESIAN_POINT('',(-0.0242570326624458,0.0249400283678301,-0.108859262007152));
#3166=CARTESIAN_POINT('',(-0.02435,0.0249687225249324,-0.109327902987136));
#3167=CARTESIAN_POINT('',(-0.02435,0.0249687225249324,-0.1098));
#3168=CARTESIAN_POINT('',(-0.0240757318152166,0.0248866487475463,-0.108421773642228));
#3169=CARTESIAN_POINT('',(-0.02435,0.0249687225249324,-0.1098));
#3170=CARTESIAN_POINT('',(-0.02435,0.0249687225249324,-0.1098));
#3171=CARTESIAN_POINT('',(-0.02435,0.0249687225249324,-0.110109063773724));
#3172=CARTESIAN_POINT('',(-0.0243095717903044,0.0248953148644871,-0.110408189801404));
#3173=CARTESIAN_POINT('',(-0.0242399915200254,0.0247839864320407,-0.110683152982303));
#3174=CARTESIAN_POINT('',(-0.0171529577122025,0.013444732339524,-0.109654100103507));
#3175=CARTESIAN_POINT('',(-0.0171704130202821,0.0134726608324513,-0.109223753798829));
#3176=CARTESIAN_POINT('',(-0.0173530927437264,0.013981099530197,-0.108499750309092));
#3177=CARTESIAN_POINT('',(-0.0177053995053252,0.0150158504360635,-0.10784355129933));
#3178=CARTESIAN_POINT('',(-0.0180862329294226,0.016113129205832,-0.107354696451103));
#3179=CARTESIAN_POINT('',(-0.0183605873130794,0.0168651454683472,-0.107100979540226));
#3180=CARTESIAN_POINT('',(-0.0185047304506816,0.0172435246003806,-0.106985970033759));
#3181=CARTESIAN_POINT('',(-0.0185047304506815,0.0172435246003807,-0.106985970033759));
#3182=CARTESIAN_POINT('',(-0.0185047304506815,0.0172435246003807,-0.106985970033759));
#3183=CARTESIAN_POINT('',(-0.0188113429344572,0.0180483895936892,-0.10674132883181));
#3184=CARTESIAN_POINT('',(-0.0194593419245804,0.019662054263753,-0.106380319467411));
#3185=CARTESIAN_POINT('',(-0.0204389502959922,0.0216692899021157,-0.10615987742326));
#3186=CARTESIAN_POINT('',(-0.0214597209178647,0.0231496528737815,-0.106236699764117));
#3187=CARTESIAN_POINT('',(-0.0223923413706515,0.0240872376884255,-0.106532308217784));
#3188=CARTESIAN_POINT('',(-0.0234083403849423,0.0246781040258922,-0.107255758031428));
#3189=CARTESIAN_POINT('',(-0.0239054615732937,0.0248365168204296,-0.108010902701069));
#3190=CARTESIAN_POINT('',(-0.0240757318152166,0.0248866487475463,-0.108421773642228));
#3191=CARTESIAN_POINT('',(0.030825,0.027,-0.071));
#3192=CARTESIAN_POINT('',(-0.02075,0.027,-0.14));
#3193=CARTESIAN_POINT('',(-0.02075,0.027,-0.14));
#3194=CARTESIAN_POINT('',(-0.02435,0.027,-0.14));
#3195=CARTESIAN_POINT('',(-0.0240757318152166,0.0248866487475463,-0.141378226357772));
#3196=CARTESIAN_POINT('',(-0.0238454403399368,0.0248188450296215,-0.141933931653779));
#3197=CARTESIAN_POINT('',(-0.0230982055852748,0.0245808981346174,-0.142900682589893));
#3198=CARTESIAN_POINT('',(-0.0217087960521842,0.0235063701393808,-0.143546379470841));
#3199=CARTESIAN_POINT('',(-0.0206658784008474,0.0220236825442679,-0.143634777483567));
#3200=CARTESIAN_POINT('',(-0.019840317647292,0.0204576188917838,-0.143512598865222));
#3201=CARTESIAN_POINT('',(-0.0191299020246907,0.0188464286922773,-0.143243584690451));
#3202=CARTESIAN_POINT('',(-0.018490207930368,0.0172246550009344,-0.142837660167937));
#3203=CARTESIAN_POINT('',(-0.0179156502852537,0.0156583389011963,-0.142272378566641));
#3204=CARTESIAN_POINT('',(-0.0175614876246881,0.0146434687905768,-0.141721014416027));
#3205=CARTESIAN_POINT('',(-0.0174086917276568,0.0141990236187338,-0.141340022025629));
#3206=CARTESIAN_POINT('',(-0.0240757318152166,0.0248866487475463,-0.141378226357772));
#3207=CARTESIAN_POINT('',(-0.0174086917276567,0.0141990236187338,-0.141340022025629));
#3208=CARTESIAN_POINT('',(-0.0174086917276567,0.0141990236187338,-0.141340022025629));
#3209=CARTESIAN_POINT('',(-0.0173387029744315,0.0139954437840747,-0.1411655069836));
#3210=CARTESIAN_POINT('',(-0.0172102787452833,0.0136275427903807,-0.140778168368211));
#3211=CARTESIAN_POINT('',(-0.017146900574494,0.0134350409191904,-0.140231747882634));
#3212=CARTESIAN_POINT('',(-0.0171502685513486,0.0134404296821578,-0.139956028445671));
#3213=CARTESIAN_POINT('',(-0.0242399915200254,0.0247839864320407,-0.139116847017697));
#3214=CARTESIAN_POINT('',(-0.0243102612092717,0.0248964179348347,-0.139394534603539));
#3215=CARTESIAN_POINT('',(-0.02435,0.0249687225249324,-0.139696097515649));
#3216=CARTESIAN_POINT('',(-0.02435,0.0249687225249324,-0.14));
#3217=CARTESIAN_POINT('',(-0.02435,0.0249687225249324,-0.14));
#3218=CARTESIAN_POINT('',(-0.02435,0.0249687225249324,-0.14));
#3219=CARTESIAN_POINT('',(-0.02435,0.0249687225249324,-0.140476764253637));
#3220=CARTESIAN_POINT('',(-0.0242554543094518,0.0249395636602197,-0.140944546640635));
#3221=CARTESIAN_POINT('',(-0.0240757318152166,0.0248866487475463,-0.141378226357772));
#3222=CARTESIAN_POINT('',(0.030825,0.027,-0.071));
#3223=CARTESIAN_POINT('',(0.039,0.01,-0.0655));
#3224=CARTESIAN_POINT('',(0.064,0.006,-0.0655));
#3225=CARTESIAN_POINT('',(0.039,0.014,-0.0655));
#3226=CARTESIAN_POINT('',(0.039,0.01,-0.049));
#3227=CARTESIAN_POINT('',(0.039,0.006,-0.049));
#3228=CARTESIAN_POINT('',(0.064,0.014,-0.049));
#3229=CARTESIAN_POINT('',(0.039,0.004,-0.05725));
#3230=CARTESIAN_POINT('',(0.039,0.004,-0.051));
#3231=CARTESIAN_POINT('',(0.064,0.004,-0.05725));
#3232=CARTESIAN_POINT('',(0.059,0.004,-0.0635));
#3233=CARTESIAN_POINT('',(0.0295,-0.187663510492077,-0.0675));
#3234=CARTESIAN_POINT('',(0.0125,-0.187663510492077,-0.0675));
#3235=CARTESIAN_POINT('',(0.0465,0.,-0.0675));
#3236=CARTESIAN_POINT('',(0.0095,-0.187663510492077,-0.0385));
#3237=CARTESIAN_POINT('',(0.0095,-0.006,-0.0125));
#3238=CARTESIAN_POINT('',(0.0095,-0.187663510492077,-0.0645));
#3239=CARTESIAN_POINT('',(0.0295,-0.187663510492077,-0.0095));
#3240=CARTESIAN_POINT('',(0.0125,0.,-0.0095));
#3241=CARTESIAN_POINT('',(0.0465,-0.187663510492077,-0.0095));
#3242=CARTESIAN_POINT('',(0.0495,-0.187663510492077,-0.0385));
#3243=CARTESIAN_POINT('',(0.0495,-0.187663510492077,-0.0125));
#3244=CARTESIAN_POINT('',(0.0495,-0.006,-0.0645));
#3245=CARTESIAN_POINT('',(-0.015,0.016,-0.0948));
#3246=CARTESIAN_POINT('',(-0.015,0.0194339811320566,-0.0948));
#3247=CARTESIAN_POINT('',(-0.0104937069556741,0.00861887782567449,-0.103727111682883));
#3248=CARTESIAN_POINT('',(-0.015,0.00212047196459578,-0.0948));
#3249=CARTESIAN_POINT('',(-0.0053390799030444,0.004,-0.0973819804182525));
#3250=CARTESIAN_POINT('',(-0.015,0.004,-0.0948));
#3251=CARTESIAN_POINT('',(-0.015,0.004,-0.0948));
#3252=CARTESIAN_POINT('',(0.0043218401939112,0.004,-0.099963960836505));
#3253=CARTESIAN_POINT('',(0.005,0.004,-0.0948));
#3254=CARTESIAN_POINT('',(0.005,0.004,-0.071));
#3255=CARTESIAN_POINT('',(0.005,0.004,-0.007));
#3256=CARTESIAN_POINT('',(0.0295,0.004,-0.007));
#3257=CARTESIAN_POINT('',(0.005,0.004,-0.007));
#3258=CARTESIAN_POINT('',(0.054,0.004,-0.007));
#3259=CARTESIAN_POINT('',(0.054,0.004,-0.071));
#3260=CARTESIAN_POINT('',(0.054,0.004,-0.007));
#3261=CARTESIAN_POINT('',(0.054,0.004,-0.0948));
#3262=CARTESIAN_POINT('',(0.074,0.004,-0.0948));
#3263=CARTESIAN_POINT('',(0.0546781598060888,0.004,-0.099963960836505));
#3264=CARTESIAN_POINT('',(0.0643390799030444,0.004,-0.0973819804182525));
#3265=CARTESIAN_POINT('',(0.074,0.004,-0.0948));
#3266=CARTESIAN_POINT('',(0.074,0.013,-0.0948));
#3267=CARTESIAN_POINT('',(0.074,0.00212047196459578,-0.0948));
#3268=CARTESIAN_POINT('',(0.0694937069556741,0.0086188778256745,-0.103727111682883));
#3269=CARTESIAN_POINT('',(0.074,0.0194339811320566,-0.0948));
#3270=CARTESIAN_POINT('',(0.079,0.0289,-0.1098));
#3271=CARTESIAN_POINT('',(0.079,0.0274339811320566,-0.1098));
#3272=CARTESIAN_POINT('',(0.079,0.016,-0.14));
#3273=CARTESIAN_POINT('',(0.079,0.0274339811320566,-0.14));
#3274=CARTESIAN_POINT('',(-0.02,0.0289,-0.14));
#3275=CARTESIAN_POINT('',(-0.02,0.0274339811320566,-0.14));
#3276=CARTESIAN_POINT('',(-0.02,0.013,-0.1098));
#3277=CARTESIAN_POINT('',(-0.02,0.0274339811320566,-0.1098));
#3278=CARTESIAN_POINT('',(0.0125,-0.187663510492077,-0.0125));
#3279=CARTESIAN_POINT('',(0.0465,-0.187663510492077,-0.0125));
#3280=CARTESIAN_POINT('',(0.0125,-0.187663510492077,-0.0645));
#3281=CARTESIAN_POINT('',(0.0465,-0.187663510492077,-0.0645));
#3282=CARTESIAN_POINT('',(-0.002,0.016,2.60208521396521E-18));
#3283=CARTESIAN_POINT('',(-0.002,0.004,2.60208521396521E-18));
#3284=CARTESIAN_POINT('',(-0.005,0.004,8.67361737988404E-19));
#3285=CARTESIAN_POINT('',(-0.005,0.004,0.003));
#3286=CARTESIAN_POINT('',(-0.002,0.004,0.003));
#3287=CARTESIAN_POINT('',(-0.005,0.00334550152605038,1.99557801102582E-16));
#3288=CARTESIAN_POINT('',(-0.00499999999999884,0.00314915198520199,0.00299999999999815));
#3289=CARTESIAN_POINT('',(-0.0020000000000002,0.00334550152605038,0.003));
#3290=CARTESIAN_POINT('',(-0.00487107063684593,0.0020365301383475,-9.02505542079446E-5));
#3291=CARTESIAN_POINT('',(-0.00479511750118436,0.00148095521647414,0.00279511750118467));
#3292=CARTESIAN_POINT('',(-0.00190974944579206,0.0020365301383475,0.00287107063684593));
#3293=CARTESIAN_POINT('',(-0.0042983695952331,0.000148472905740533,-0.0004911412833368));
#3294=CARTESIAN_POINT('',(-0.00396206822304844,-0.000716230457262227,0.00196206822304836));
#3295=CARTESIAN_POINT('',(-0.0015088587166632,0.000148472905740532,0.00229836959523311));
#3296=CARTESIAN_POINT('',(-0.00336822293289891,-0.00159142770321496,-0.00114224394697078));
#3297=CARTESIAN_POINT('',(-0.00278880046475267,-0.00246945360224088,0.000788800464752678));
#3298=CARTESIAN_POINT('',(-0.000857756053029221,-0.00159142770321496,0.00136822293289889));
#3299=CARTESIAN_POINT('',(-0.00169981290413237,-0.00362549219767079,-0.00231013096710729));
#3300=CARTESIAN_POINT('',(-0.00100111878734102,-0.00421680947534032,-0.00099888121265895));
#3301=CARTESIAN_POINT('',(0.000310130967107289,-0.00362549219767079,-0.000300187095867529));
#3302=CARTESIAN_POINT('',(0.00107341362370381,-0.00547944888287039,-0.00425138953659305));
#3303=CARTESIAN_POINT('',(0.00157623290704826,-0.00561544283480532,-0.00357623290704853));
#3304=CARTESIAN_POINT('',(0.00225138953659305,-0.00547944888287038,-0.00307341362370462));
#3305=CARTESIAN_POINT('',(0.00369100305655387,-0.00600000000000001,-0.00608370213958692));
#3306=CARTESIAN_POINT('',(0.00388735259239382,-0.00600000000000113,-0.00588735259239326));
#3307=CARTESIAN_POINT('',(0.00408370213958692,-0.00600000000000001,-0.00569100305655219));
#3308=CARTESIAN_POINT('',(0.00500000000000002,-0.00600000000000001,-0.00700000000000001));
#3309=CARTESIAN_POINT('',(0.00500000000000001,-0.00600000000000001,-0.00700000000000001));
#3310=CARTESIAN_POINT('',(0.00500000000000001,-0.00600000000000001,-0.00700000000000002));
#3311=CARTESIAN_POINT('',(0.061,0.016,0.));
#3312=CARTESIAN_POINT('',(0.061,0.004,0.));
#3313=CARTESIAN_POINT('',(0.061,0.004,0.003));
#3314=CARTESIAN_POINT('',(0.064,0.004,0.003));
#3315=CARTESIAN_POINT('',(0.064,0.004,8.67361737988404E-19));
#3316=CARTESIAN_POINT('',(0.0609999999999984,0.00334550152605038,0.003));
#3317=CARTESIAN_POINT('',(0.0639999999999966,0.00314915198520123,0.00300000000000455));
#3318=CARTESIAN_POINT('',(0.064,0.00334550152605038,1.99557801102582E-16));
#3319=CARTESIAN_POINT('',(0.0609097494457929,0.0020365301383475,0.00287107063684593));
#3320=CARTESIAN_POINT('',(0.0637951175011855,0.00148095521647526,0.00279511750118184));
#3321=CARTESIAN_POINT('',(0.063871070636846,0.0020365301383475,-9.02505542079446E-5));
#3322=CARTESIAN_POINT('',(0.060508858716663,0.000148472905740532,0.00229836959523311));
#3323=CARTESIAN_POINT('',(0.0629620682230481,-0.000716230457262769,0.00196206822304899));
#3324=CARTESIAN_POINT('',(0.0632983695952331,0.000148472905740532,-0.0004911412833368));
#3325=CARTESIAN_POINT('',(0.0598577560530292,-0.00159142770321496,0.00136822293289889));
#3326=CARTESIAN_POINT('',(0.0617888004647525,-0.0024694536022407,0.000788800464752559));
#3327=CARTESIAN_POINT('',(0.0623682229328988,-0.00159142770321496,-0.00114224394697078));
#3328=CARTESIAN_POINT('',(0.0586898690328934,-0.00362549219767079,-0.000300187095867529));
#3329=CARTESIAN_POINT('',(0.0600011187873423,-0.00421680947534044,-0.000998881212658916));
#3330=CARTESIAN_POINT('',(0.0606998129041334,-0.00362549219767079,-0.00231013096710729));
#3331=CARTESIAN_POINT('',(0.0567486104634011,-0.00547944888287038,-0.00307341362370462));
#3332=CARTESIAN_POINT('',(0.0574237670929416,-0.00561544283480528,-0.00357623290704853));
#3333=CARTESIAN_POINT('',(0.0579265863762882,-0.00547944888287038,-0.00425138953659305));
#3334=CARTESIAN_POINT('',(0.0549162978604254,-0.00600000000000001,-0.00569100305655219));
#3335=CARTESIAN_POINT('',(0.055112647407627,-0.00600000000000113,-0.00588735259239326));
#3336=CARTESIAN_POINT('',(0.055308996943463,-0.00600000000000001,-0.00608370213958692));
#3337=CARTESIAN_POINT('',(0.054,-0.00600000000000001,-0.00700000000000002));
#3338=CARTESIAN_POINT('',(0.054,-0.00600000000000001,-0.00700000000000001));
#3339=CARTESIAN_POINT('',(0.054,-0.00600000000000001,-0.00700000000000001));
#3340=CARTESIAN_POINT('',(0.039,0.006,-0.051));
#3341=CARTESIAN_POINT('',(0.039,0.006,-0.0635));
#3342=CARTESIAN_POINT('',(0.039,0.014,-0.047));
#3343=CARTESIAN_POINT('',(0.0295,0.014,-0.0675));
#3344=CARTESIAN_POINT('',(0.057,0.016,-0.002));
#3345=CARTESIAN_POINT('',(0.0572803325573638,0.00346410161513775,-1.97440424829242E-5));
#3346=CARTESIAN_POINT('',(0.057737864149779,0.00346410165040871,-8.45139531046375E-5));
#3347=CARTESIAN_POINT('',(0.0581671438319655,0.00346410161512802,-0.000311377748757888));
#3348=CARTESIAN_POINT('',(0.0587897501535011,0.00346410161514136,-0.000994781506373947));
#3349=CARTESIAN_POINT('',(0.0589765546052577,0.0034641016654347,-0.00145055093697607));
#3350=CARTESIAN_POINT('',(0.0589978296386318,0.00346410161513775,-0.00190685100642418));
#3351=CARTESIAN_POINT('',(0.057,0.016,-0.075));
#3352=CARTESIAN_POINT('',(0.057,0.00346410161513775,-0.075));
#3353=CARTESIAN_POINT('',(0.002,0.016,-0.002));
#3354=CARTESIAN_POINT('',(0.002,0.00346410161513775,-0.002));
#3355=CARTESIAN_POINT('',(0.002,0.016,-0.075));
#3356=CARTESIAN_POINT('',(0.002,0.00346410161513775,-0.075));
#3357=CARTESIAN_POINT('',(0.0295,0.00346410161513775,-0.077));
#3358=CARTESIAN_POINT('',(0.057,0.00346410161513775,-0.077));
#3359=CARTESIAN_POINT('',(0.002,0.,-0.075));
#3360=CARTESIAN_POINT('',(0.057,0.00346410161513775,-0.075));
#3361=CARTESIAN_POINT('',(0.059,0.00346410161513775,-0.075));
#3362=CARTESIAN_POINT('',(0.002,0.00346410161513775,-0.075));
#3363=CARTESIAN_POINT('',(0.002,0.,-0.075));
#3364=CARTESIAN_POINT('',(0.057,0.,-0.071));
#3365=CARTESIAN_POINT('',(0.0569999999999992,-1.32447874282887E-15,-0.00199999999676659));
#3366=CARTESIAN_POINT('',(0.0576668473323636,0.00115501346054551,-0.00199996630334819));
#3367=CARTESIAN_POINT('',(0.0583336946647279,0.00231002692109234,-0.00199993260992979));
#3368=CARTESIAN_POINT('',(0.0590005419970923,0.00346504038163917,-0.00199989891651139));
#3369=CARTESIAN_POINT('',(0.,0.00346410161513775,-0.0385));
#3370=CARTESIAN_POINT('',(0.002,0.,-0.002));
#3371=CARTESIAN_POINT('',(0.057,0.,-0.002));
#3372=CARTESIAN_POINT('',(0.057,0.,-0.002));
#3373=CARTESIAN_POINT('',(0.057,0.,-0.002));
#3374=CARTESIAN_POINT('',(0.057,0.,-0.002));
#3375=CARTESIAN_POINT('',(0.057,0.,-0.002));
#3376=CARTESIAN_POINT('',(0.0570000000035599,0.,-0.0019999999967666));
#3377=CARTESIAN_POINT('',(0.0570000000035599,0.,-0.0019999999967666));
#3378=CARTESIAN_POINT('',(0.057,0.,-0.002));
#3379=CARTESIAN_POINT('',(0.057,0.,-0.002));
#3380=CARTESIAN_POINT('',(0.057,0.,-0.002));
#3381=CARTESIAN_POINT('',(0.057,0.,-0.002));
#3382=CARTESIAN_POINT('',(0.057,0.,-0.002));
#3383=CARTESIAN_POINT('',(0.0570020807238935,0.00346410159368741,1.96463442859119E-5));
#3384=CARTESIAN_POINT('',(0.0570948313350503,0.00346410160083752,6.51621536296649E-6));
#3385=CARTESIAN_POINT('',(0.057187581946207,0.00346410160798764,-6.61391355997887E-6));
#3386=CARTESIAN_POINT('',(0.0572803325573638,0.00346410161513775,-1.97440424829242E-5));
#3387=CARTESIAN_POINT('',(0.057737864149779,0.00346410165040871,-8.45139531046375E-5));
#3388=CARTESIAN_POINT('',(0.0581671438319655,0.00346410161512802,-0.000311377748757888));
#3389=CARTESIAN_POINT('',(0.0587897501535011,0.00346410161514136,-0.000994781506373947));
#3390=CARTESIAN_POINT('',(0.0589765546052577,0.0034641016654347,-0.00145055093697607));
#3391=CARTESIAN_POINT('',(0.0589978296386318,0.00346410161513775,-0.00190685100642418));
#3392=CARTESIAN_POINT('',(0.0589992757611325,0.00346410161171893,-0.00193786697645326));
#3393=CARTESIAN_POINT('',(0.0590007218836332,0.00346410160830011,-0.00196888294648235));
#3394=CARTESIAN_POINT('',(0.0590021680061339,0.00346410160488129,-0.00199989891651143));
#3395=CARTESIAN_POINT('',(0.057,0.00346410161513775,0.));
#3396=CARTESIAN_POINT('',(0.057,0.0023094010767585,-0.000666666666666667));
#3397=CARTESIAN_POINT('',(0.057,0.00115470053837925,-0.00133333333333333));
#3398=CARTESIAN_POINT('',(0.057,-8.67361737988404E-19,-0.002));
#3399=CARTESIAN_POINT('',(0.002,0.00346410161513775,-0.002));
#3400=CARTESIAN_POINT('',(0.002,0.,-0.002));
#3401=CARTESIAN_POINT('',(0.04425,0.00346410161513775,0.));
#3402=CARTESIAN_POINT('',(-0.0158,0.0239,-0.123294928386308));
#3403=CARTESIAN_POINT('',(0.0295,0.016,-0.101589856772617));
#3404=CARTESIAN_POINT('',(0.0295,0.016,-0.184663510492077));
#3405=CARTESIAN_POINT('',(0.0354526786087982,0.0167520753820971,-0.145));
#3406=CARTESIAN_POINT('',(0.03556438051035,0.0158679545402801,-0.145));
#3407=CARTESIAN_POINT('',(0.0353815336776048,0.0140866778263874,-0.144752393725807));
#3408=CARTESIAN_POINT('',(0.0340948194539159,0.0118899761384997,-0.143825377766141));
#3409=CARTESIAN_POINT('',(0.0321177395560261,0.0104046495199712,-0.14276615705913));
#3410=CARTESIAN_POINT('',(0.0295028203742185,0.00979681838620454,-0.142180523093305));
#3411=CARTESIAN_POINT('',(0.026870604446447,0.0104080769371586,-0.142769418935959));
#3412=CARTESIAN_POINT('',(0.0249016793359554,0.0118968055964845,-0.143828558202893));
#3413=CARTESIAN_POINT('',(0.0236204014596853,0.0140825873575512,-0.144750763915563));
#3414=CARTESIAN_POINT('',(0.0234354563515456,0.0158666633017582,-0.145));
#3415=CARTESIAN_POINT('',(0.0235473213912019,0.0167520753820971,-0.145));
#3416=CARTESIAN_POINT('',(0.0295,0.016,-0.184663510492077));
#3417=CARTESIAN_POINT('',(-0.123663510492077,0.001875,-0.123363615321795));
#3418=CARTESIAN_POINT('',(-0.123663510492077,0.00735514917423804,-0.138420201433257));
#3419=CARTESIAN_POINT('',(-0.0103872694663193,0.00735514917423804,-0.138420201433257));
#3420=CARTESIAN_POINT('',(0.0693872694663194,0.00735514917423804,-0.138420201433257));
#3421=CARTESIAN_POINT('',(0.0646749084689025,-0.000184628421629041,-0.117704832740902));
#3422=CARTESIAN_POINT('',(0.0642097797596254,-0.000928834356472282,-0.115660143739496));
#3423=CARTESIAN_POINT('',(0.074,-0.00727645424326331,-0.0982202014332567));
#3424=CARTESIAN_POINT('',(0.0546781598060888,-0.00539692620785908,-0.103384162269762));
#3425=CARTESIAN_POINT('',(-0.123663510492077,-0.00539692620785908,-0.103384162269762));
#3426=CARTESIAN_POINT('',(0.0043218401939112,-0.00539692620785908,-0.103384162269762));
#3427=CARTESIAN_POINT('',(-0.015,-0.00727645424326331,-0.0982202014332567));
#3428=CARTESIAN_POINT('',(-0.0052097797596254,-0.000928834356472287,-0.115660143739496));
#3429=CARTESIAN_POINT('',(-0.0120617564129818,0.010034328288898,-0.145781185553459));
#3430=CARTESIAN_POINT('',(-0.123663510492077,0.0167520753820971,-0.135));
#3431=CARTESIAN_POINT('',(0.0723238089062753,0.0167520753820971,-0.135));
#3432=CARTESIAN_POINT('',(-0.0133238089062753,0.0167520753820971,-0.135));
#3433=CARTESIAN_POINT('',(0.0695388731479456,0.00863537027398497,-0.103749767997545));
#3434=CARTESIAN_POINT('',(0.0715068102129512,-0.00490682236427222,-0.104730711513205));
#3435=CARTESIAN_POINT('',(0.0650777462958913,-0.000761555933874114,-0.116119737428347));
#3436=CARTESIAN_POINT('',(0.0682751321031786,0.00817682021869001,-0.103119840036239));
#3437=CARTESIAN_POINT('',(0.0706147764810436,-0.00494432055708983,-0.104627686075169));
#3438=CARTESIAN_POINT('',(0.0625502642063137,-0.00122010598918543,-0.114859881505689));
#3439=CARTESIAN_POINT('',(0.0660192834547054,0.00686436903988804,-0.101316875047287));
#3440=CARTESIAN_POINT('',(0.0684992325440865,-0.00512359364111283,-0.104135137324864));
#3441=CARTESIAN_POINT('',(0.0580385669094131,-0.00253255716796289,-0.111253951527861));
#3442=CARTESIAN_POINT('',(0.0647036652902958,0.00499302611007469,-0.0987461388254401));
#3443=CARTESIAN_POINT('',(0.0661693216051887,-0.00582936833932469,-0.102196037278403));
#3444=CARTESIAN_POINT('',(0.0554073305806304,-0.00440390009778433,-0.106112479084121));
#3445=CARTESIAN_POINT('',(0.0643390799030444,0.00399999999999997,-0.0973819804182525));
#3446=CARTESIAN_POINT('',(0.0652748634794384,-0.00630713860229475,-0.100883374269142));
#3447=CARTESIAN_POINT('',(0.0546781598060888,-0.0053969262078591,-0.103384162269762));
#3448=CARTESIAN_POINT('',(0.0642097797596254,-0.000928834356472288,-0.115660143739496));
#3449=CARTESIAN_POINT('',(0.0643776607612132,-0.00148279568973234,-0.114138147485113));
#3450=CARTESIAN_POINT('',(0.0648900492683379,-0.00183764505596766,-0.111732681047248));
#3451=CARTESIAN_POINT('',(0.0659904104965921,-0.00109832391538542,-0.108736563040229));
#3452=CARTESIAN_POINT('',(0.0672347859886906,0.000479385141742718,-0.106135603663926));
#3453=CARTESIAN_POINT('',(0.0686684984616379,0.00381198201786227,-0.104011664185797));
#3454=CARTESIAN_POINT('',(0.0692663683426405,0.00701143768496326,-0.10361235402699));
#3455=CARTESIAN_POINT('',(0.0694937069556741,0.0086188778256745,-0.103727111682883));
#3456=CARTESIAN_POINT('',(0.0546781598060888,0.004,-0.099963960836505));
#3457=CARTESIAN_POINT('',(0.0546781598060888,0.004,-0.099963960836505));
#3458=CARTESIAN_POINT('',(0.0546781598060888,0.004,-0.099963960836505));
#3459=CARTESIAN_POINT('',(0.0295,0.004,-0.099963960836505));
#3460=CARTESIAN_POINT('',(0.0043218401939112,0.004,-0.099963960836505));
#3461=CARTESIAN_POINT('',(-0.00533907990304439,0.00399999999999997,-0.0973819804182525));
#3462=CARTESIAN_POINT('',(-0.00627486347943845,-0.00630713860229476,-0.100883374269142));
#3463=CARTESIAN_POINT('',(0.00432184019391122,-0.00539692620785911,-0.103384162269762));
#3464=CARTESIAN_POINT('',(-0.00570366529029661,0.00499302611007806,-0.0987461388254433));
#3465=CARTESIAN_POINT('',(-0.00716932160508442,-0.00582936833924943,-0.102196037278581));
#3466=CARTESIAN_POINT('',(0.00359266941940249,-0.00440390009780561,-0.106112479084062));
#3467=CARTESIAN_POINT('',(-0.00701928345471705,0.00686436903988713,-0.101316875047291));
#3468=CARTESIAN_POINT('',(-0.00949923254413232,-0.00512359364112058,-0.104135137324748));
#3469=CARTESIAN_POINT('',(0.000961433090563655,-0.00253255716795409,-0.111253951527886));
#3470=CARTESIAN_POINT('',(-0.00927513210315451,0.00817682021868846,-0.103119840036227));
#3471=CARTESIAN_POINT('',(-0.0116147764810742,-0.00494432055715443,-0.10462768607522));
#3472=CARTESIAN_POINT('',(-0.00355026420630021,-0.00122010598918175,-0.114859881505699));
#3473=CARTESIAN_POINT('',(-0.0105388731479457,0.00863537027398497,-0.103749767997545));
#3474=CARTESIAN_POINT('',(-0.0125068102129512,-0.0049068223642722,-0.104730711513205));
#3475=CARTESIAN_POINT('',(-0.0060777462958913,-0.000761555933874111,-0.116119737428347));
#3476=CARTESIAN_POINT('',(-0.0104937069556741,0.00861887782567449,-0.103727111682883));
#3477=CARTESIAN_POINT('',(-0.0102664227286192,0.00701182223118706,-0.103612381480344));
#3478=CARTESIAN_POINT('',(-0.00966473194767697,0.00379708623633943,-0.104015470821445));
#3479=CARTESIAN_POINT('',(-0.00823180189733932,0.000474927895439156,-0.106141047132961));
#3480=CARTESIAN_POINT('',(-0.00698844623434674,-0.001100196136756,-0.108741317838246));
#3481=CARTESIAN_POINT('',(-0.00588934378868824,-0.00183726253839762,-0.111735689549255));
#3482=CARTESIAN_POINT('',(-0.00537753731351584,-0.00148238834613542,-0.114139266652447));
#3483=CARTESIAN_POINT('',(-0.0052097797596254,-0.000928834356472287,-0.115660143739496));
#3484=CARTESIAN_POINT('',(0.0043218401939112,0.004,-0.099963960836505));
#3485=CARTESIAN_POINT('',(0.0043218401939112,0.004,-0.099963960836505));
#3486=CARTESIAN_POINT('',(0.0586083230867162,-0.00519270192919758,-0.1098));
#3487=CARTESIAN_POINT('',(0.074,0.0194339811320566,-0.1098));
#3488=CARTESIAN_POINT('',(0.079,0.0274339811320566,-0.1098));
#3489=CARTESIAN_POINT('',(0.079,0.0274339811320566,-0.1098));
#3490=CARTESIAN_POINT('',(0.079,0.0274339811320566,-0.1098));
#3491=CARTESIAN_POINT('',(0.0714805519535366,0.00596888312565856,-0.108190667524324));
#3492=CARTESIAN_POINT('',(0.071938471979107,0.00670155516657129,-0.104961198139002));
#3493=CARTESIAN_POINT('',(0.0694937069556741,0.00861887782567446,-0.103727111682883));
#3494=CARTESIAN_POINT('',(0.0735671310730207,0.00930740971683315,-0.109243946267426));
#3495=CARTESIAN_POINT('',(0.0740112293073617,0.0100179668917805,-0.105508169700295));
#3496=CARTESIAN_POINT('',(0.0708847597019251,0.0119574044168602,-0.104429297511558));
#3497=CARTESIAN_POINT('',(0.0759026407693267,0.0130442252309228,-0.109800000000061));
#3498=CARTESIAN_POINT('',(0.0762527864517937,0.0136044583231027,-0.105419743971835));
#3499=CARTESIAN_POINT('',(0.0724417661661727,0.0156942199309613,-0.1048));
#3500=CARTESIAN_POINT('',(0.0782399915200255,0.0167839864320408,-0.1098));
#3501=CARTESIAN_POINT('',(0.0782399915200255,0.0167839864320408,-0.1048));
#3502=CARTESIAN_POINT('',(0.074,0.0194339811320567,-0.1048));
#3503=CARTESIAN_POINT('',(0.0672405604335112,0.0086188778256745,-0.108190667524324));
#3504=CARTESIAN_POINT('',(0.079,0.0274339811320566,-0.1048));
#3505=CARTESIAN_POINT('',(0.079,0.0274339811320566,-0.14));
#3506=CARTESIAN_POINT('',(0.0694937069556741,0.0086188778256745,-0.103727111682883));
#3507=CARTESIAN_POINT('',(0.0719384719791071,0.00670155516657132,-0.104961198139002));
#3508=CARTESIAN_POINT('',(0.0714805519535366,0.0059688831256586,-0.108190667524324));
#3509=CARTESIAN_POINT('',(0.0693958953664923,0.00792728269209936,-0.103677737630038));
#3510=CARTESIAN_POINT('',(0.0716157798096929,0.00618524769547653,-0.105023536724391));
#3511=CARTESIAN_POINT('',(0.0712427359677735,0.00558837754843767,-0.108070621022621));
#3512=CARTESIAN_POINT('',(0.0691734554338109,0.00654198408093229,-0.103697845907908));
#3513=CARTESIAN_POINT('',(0.0709827851616661,0.00517245625868002,-0.105190389536151));
#3514=CARTESIAN_POINT('',(0.0707641510980996,0.00482264175695935,-0.107879871692391));
#3515=CARTESIAN_POINT('',(0.0687084573011355,0.00445105687245344,-0.104094331014281));
#3516=CARTESIAN_POINT('',(0.0700348612204547,0.00365577795272375,-0.1056024998076));
#3517=CARTESIAN_POINT('',(0.0700404841226134,0.00366477459618132,-0.107769288011923));
#3518=CARTESIAN_POINT('',(0.0680123840017093,0.00226603807990429,-0.104982985156784));
#3519=CARTESIAN_POINT('',(0.0690468634976305,0.00207498159620979,-0.106297114131377));
#3520=CARTESIAN_POINT('',(0.0692929724570804,0.00246875593132859,-0.107929225705099));
#3521=CARTESIAN_POINT('',(0.0670171134854271,0.000201586222875593,-0.106588958620591));
#3522=CARTESIAN_POINT('',(0.0680867798515405,0.000538847762464362,-0.107511700847116));
#3523=CARTESIAN_POINT('',(0.0686162028357649,0.00138592453722379,-0.108593175062999));
#3524=CARTESIAN_POINT('',(0.0659342058056925,-0.00117171475260859,-0.108849874795954));
#3525=CARTESIAN_POINT('',(0.0673864389366813,-0.000581697701308987,-0.109295452650751));
#3526=CARTESIAN_POINT('',(0.0682111970305116,0.000737915248818537,-0.109829798973245));
#3527=CARTESIAN_POINT('',(0.0650974404383698,-0.00167072902796348,-0.111205252576411));
#3528=CARTESIAN_POINT('',(0.067036486857254,-0.00114162102839693,-0.111226830470818));
#3529=CARTESIAN_POINT('',(0.0681071719680528,0.000571475148884489,-0.111235712674265));
#3530=CARTESIAN_POINT('',(0.0645178749389559,-0.0015686098514784,-0.11349211285571));
#3531=CARTESIAN_POINT('',(0.0669275239857953,-0.00131596162271496,-0.113171536719713));
#3532=CARTESIAN_POINT('',(0.0681957686161633,0.000713229785861201,-0.112628325411279));
#3533=CARTESIAN_POINT('',(0.064287857767605,-0.00118647040385304,-0.11495229451688));
#3534=CARTESIAN_POINT('',(0.0669838265707782,-0.00122587748678303,-0.114453576731915));
#3535=CARTESIAN_POINT('',(0.0683517583907845,0.000962813425255206,-0.113519181906357));
#3536=CARTESIAN_POINT('',(0.0642097797596254,-0.000928834356472273,-0.115660143739496));
#3537=CARTESIAN_POINT('',(0.0670401464911032,-0.00113576561423492,-0.115091604781414));
#3538=CARTESIAN_POINT('',(0.0684497712796508,0.00111963404744136,-0.113950043022868));
#3539=CARTESIAN_POINT('',(0.0642097797596254,0.00376962874745726,-0.113950043022868));
#3540=CARTESIAN_POINT('',(0.079,0.0274339811320566,-0.14));
#3541=CARTESIAN_POINT('',(0.079,0.0274339811320566,-0.14));
#3542=CARTESIAN_POINT('',(0.0576759693961389,-0.0066844678341212,-0.0852276487241832));
#3543=CARTESIAN_POINT('',(0.0693872694663194,0.0120536122781676,-0.136710100716628));
#3544=CARTESIAN_POINT('',(0.0599566376934577,-0.00303539855841105,-0.14));
#3545=CARTESIAN_POINT('',(0.0723238089062753,0.0167520753820971,-0.14));
#3546=CARTESIAN_POINT('',(0.0693872694663193,0.00735514917423798,-0.138420201433257));
#3547=CARTESIAN_POINT('',(0.0722176361977971,0.00714821791647536,-0.137851662475174));
#3548=CARTESIAN_POINT('',(0.0736272609863448,0.00940361757815163,-0.136710100716628));
#3549=CARTESIAN_POINT('',(0.0696049030277765,0.00805157657084102,-0.140333619979713));
#3550=CARTESIAN_POINT('',(0.072508592531085,0.00761374804967707,-0.139495391560387));
#3551=CARTESIAN_POINT('',(0.0738448945477923,0.00975183127646771,-0.137666809989855));
#3552=CARTESIAN_POINT('',(0.0704165680996062,0.0106489048007943,-0.143716230895923));
#3553=CARTESIAN_POINT('',(0.0736542623197449,0.00944681971162516,-0.142644976088778));
#3554=CARTESIAN_POINT('',(0.0746565596196383,0.0110504953914213,-0.139358115447971));
#3555=CARTESIAN_POINT('',(0.0716874909437242,0.0147158579019168,-0.145));
#3556=CARTESIAN_POINT('',(0.0755259097276284,0.0124414555642004,-0.144488029217122));
#3557=CARTESIAN_POINT('',(0.0759274824637459,0.0130839719419934,-0.139999999999983));
#3558=CARTESIAN_POINT('',(0.0723238089062753,0.0167520753820971,-0.145));
#3559=CARTESIAN_POINT('',(0.0765638004263007,0.0141020806820812,-0.145));
#3560=CARTESIAN_POINT('',(0.0765638004263007,0.0141020806820812,-0.14));
#3561=CARTESIAN_POINT('',(-0.0104937069556741,0.0086188778256745,-0.103727111682883));
#3562=CARTESIAN_POINT('',(-0.012938471979107,0.00670155516657133,-0.104961198139002));
#3563=CARTESIAN_POINT('',(-0.0124805519535366,0.0059688831256586,-0.108190667524324));
#3564=CARTESIAN_POINT('',(-0.0118847597020241,0.0119574044168638,-0.104429297511608));
#3565=CARTESIAN_POINT('',(-0.0150112293074676,0.0100179668917393,-0.105508169700622));
#3566=CARTESIAN_POINT('',(-0.0145671310730342,0.0093074097168548,-0.109243946267426));
#3567=CARTESIAN_POINT('',(-0.0134417661662071,0.0156942199309613,-0.1048));
#3568=CARTESIAN_POINT('',(-0.0172527864518875,0.0136044583230357,-0.105419743971808));
#3569=CARTESIAN_POINT('',(-0.0169026407693366,0.0130442252309386,-0.109800000000061));
#3570=CARTESIAN_POINT('',(-0.015,0.0194339811320567,-0.1048));
#3571=CARTESIAN_POINT('',(-0.0192399915200255,0.0167839864320408,-0.1048));
#3572=CARTESIAN_POINT('',(-0.0192399915200255,0.0167839864320408,-0.1098));
#3573=CARTESIAN_POINT('',(-0.00824056043351117,0.00861887782567449,-0.108190667524324));
#3574=CARTESIAN_POINT('',(-0.015,0.0194339811320566,-0.1098));
#3575=CARTESIAN_POINT('',(-0.0124805519535366,0.00596888312565859,-0.108190667524324));
#3576=CARTESIAN_POINT('',(-0.0129384719791071,0.00670155516657131,-0.104961198139002));
#3577=CARTESIAN_POINT('',(-0.0104937069556741,0.00861887782567448,-0.103727111682883));
#3578=CARTESIAN_POINT('',(-0.0122427359677753,0.00558837754844049,-0.108070621022614));
#3579=CARTESIAN_POINT('',(-0.0126157798096867,0.00618524769548781,-0.105023536724375));
#3580=CARTESIAN_POINT('',(-0.0103958953664855,0.00792728269211103,-0.103677737630034));
#3581=CARTESIAN_POINT('',(-0.0117641510980988,0.00482264175695805,-0.107879871692394));
#3582=CARTESIAN_POINT('',(-0.0119827851616689,0.005172456258675,-0.105190389536158));
#3583=CARTESIAN_POINT('',(-0.010173455433814,0.00654198408092689,-0.103697845907909));
#3584=CARTESIAN_POINT('',(-0.0110404841226135,0.00366477459618168,-0.107769288011922));
#3585=CARTESIAN_POINT('',(-0.0110348612204539,0.00365577795272505,-0.105602499807598));
#3586=CARTESIAN_POINT('',(-0.00970845730113465,0.00445105687245492,-0.104094331014281));
#3587=CARTESIAN_POINT('',(-0.0102929724570803,0.00246875593132849,-0.1079292257051));
#3588=CARTESIAN_POINT('',(-0.0100468634976307,0.00207498159620947,-0.106297114131378));
#3589=CARTESIAN_POINT('',(-0.00901238400170963,0.00226603807990389,-0.104982985156784));
#3590=CARTESIAN_POINT('',(-0.00961620283576487,0.00138592453722379,-0.108593175062999));
#3591=CARTESIAN_POINT('',(-0.0090867798515403,0.000538847762464358,-0.107511700847116));
#3592=CARTESIAN_POINT('',(-0.0080171134854266,0.00020158622287575,-0.106588958620591));
#3593=CARTESIAN_POINT('',(-0.00921119703051163,0.000737915248818608,-0.109829798973244));
#3594=CARTESIAN_POINT('',(-0.00838643893668201,-0.000581697701308592,-0.109295452650751));
#3595=CARTESIAN_POINT('',(-0.00693420580569421,-0.00117171475260881,-0.108849874795953));
#3596=CARTESIAN_POINT('',(-0.00910717196805257,0.000571475148884114,-0.111235712674266));
#3597=CARTESIAN_POINT('',(-0.00803648685725118,-0.00114162102839879,-0.111226830470819));
#3598=CARTESIAN_POINT('',(-0.006097440438363,-0.00167072902796286,-0.111205252576412));
#3599=CARTESIAN_POINT('',(-0.00919576861616411,0.000713229785862568,-0.112628325411275));
#3600=CARTESIAN_POINT('',(-0.00792752398580614,-0.00131596162270764,-0.113171536719708));
#3601=CARTESIAN_POINT('',(-0.00551787493898105,-0.0015686098514807,-0.113492112855704));
#3602=CARTESIAN_POINT('',(-0.00935175839078265,0.000962813425252245,-0.113519181906367));
#3603=CARTESIAN_POINT('',(-0.00798382657075408,-0.00122587748679908,-0.114453576731929));
#3604=CARTESIAN_POINT('',(-0.00528785776755059,-0.00118647040384809,-0.114952294516894));
#3605=CARTESIAN_POINT('',(-0.00944977127965084,0.00111963404744135,-0.113950043022868));
#3606=CARTESIAN_POINT('',(-0.00804014649110319,-0.00113576561423489,-0.115091604781414));
#3607=CARTESIAN_POINT('',(-0.00520977975962543,-0.000928834356472263,-0.115660143739496));
#3608=CARTESIAN_POINT('',(-0.0052097797596254,0.00376962874745726,-0.113950043022868));
#3609=CARTESIAN_POINT('',(0.000391676913283863,-0.00519270192919757,-0.1098));
#3610=CARTESIAN_POINT('',(-0.02,0.0274339811320566,-0.1098));
#3611=CARTESIAN_POINT('',(-0.0043155305615542,0.00233883003054332,-0.110018955856362));
#3612=CARTESIAN_POINT('',(-0.0103872694663193,0.0120536122781676,-0.136710100716628));
#3613=CARTESIAN_POINT('',(-0.02,0.0274339811320566,-0.1098));
#3614=CARTESIAN_POINT('',(-0.02,0.0274339811320566,-0.1098));
#3615=CARTESIAN_POINT('',(-0.0146272609863448,0.00940361757815164,-0.136710100716628));
#3616=CARTESIAN_POINT('',(-0.0132176361977971,0.00714821791647537,-0.137851662475174));
#3617=CARTESIAN_POINT('',(-0.0103872694663193,0.00735514917423798,-0.138420201433257));
#3618=CARTESIAN_POINT('',(-0.01484489454779,0.00975183127646398,-0.137666809989855));
#3619=CARTESIAN_POINT('',(-0.0135085925310531,0.00761374804968179,-0.13949539156039));
#3620=CARTESIAN_POINT('',(-0.0106049030277638,0.00805157657084113,-0.140333619979713));
#3621=CARTESIAN_POINT('',(-0.0156565596196408,0.0110504953914252,-0.139358115447971));
#3622=CARTESIAN_POINT('',(-0.0146542623197623,0.00944681971162401,-0.142644976088764));
#3623=CARTESIAN_POINT('',(-0.0114165680996159,0.0106489048007957,-0.143716230895923));
#3624=CARTESIAN_POINT('',(-0.0169274824637433,0.0130839719419893,-0.139999999999983));
#3625=CARTESIAN_POINT('',(-0.0165259097276263,0.0124414555641961,-0.144488029217148));
#3626=CARTESIAN_POINT('',(-0.0126874909437175,0.0147158579019139,-0.145));
#3627=CARTESIAN_POINT('',(-0.0175638004263007,0.0141020806820812,-0.14));
#3628=CARTESIAN_POINT('',(-0.0175638004263007,0.0141020806820812,-0.145));
#3629=CARTESIAN_POINT('',(-0.0133238089062753,0.0167520753820971,-0.145));
#3630=CARTESIAN_POINT('',(-0.0133238089062753,0.0167520753820971,-0.14));
#3631=CARTESIAN_POINT('',(-0.02,0.0274339811320566,-0.1048));
#3632=CARTESIAN_POINT('',(-0.02,0.0274339811320566,-0.14));
#3633=CARTESIAN_POINT('',(-0.000956637693457718,-0.00303539855841106,-0.14));
#3634=CARTESIAN_POINT('',(-0.02,0.0274339811320566,-0.14));
#3635=CARTESIAN_POINT('',(-0.02,0.0274339811320566,-0.14));
#3636=MECHANICAL_DESIGN_GEOMETRIC_PRESENTATION_REPRESENTATION('',(#1906),
#3637);
#3637=(
GEOMETRIC_REPRESENTATION_CONTEXT(3)
GLOBAL_UNCERTAINTY_ASSIGNED_CONTEXT((#3638))
GLOBAL_UNIT_ASSIGNED_CONTEXT((#3641,#3640,#3639))
REPRESENTATION_CONTEXT('Part 1','TOP_LEVEL_ASSEMBLY_PART')
);
#3638=UNCERTAINTY_MEASURE_WITH_UNIT(LENGTH_MEASURE(4.78767885744807E-5),
#3641,'DISTANCE_ACCURACY_VALUE','Maximum Tolerance applied to model');
#3639=(
NAMED_UNIT(*)
SI_UNIT($,.STERADIAN.)
SOLID_ANGLE_UNIT()
);
#3640=(
NAMED_UNIT(*)
PLANE_ANGLE_UNIT()
SI_UNIT($,.RADIAN.)
);
#3641=(
LENGTH_UNIT()
NAMED_UNIT(*)
SI_UNIT($,.METRE.)
);
#3642=PRODUCT_DEFINITION_SHAPE('','',#3643);
#3643=PRODUCT_DEFINITION('','',#3645,#3644);
#3644=PRODUCT_DEFINITION_CONTEXT('',#3651,'design');
#3645=PRODUCT_DEFINITION_FORMATION_WITH_SPECIFIED_SOURCE('','',#3647,
 .NOT_KNOWN.);
#3646=PRODUCT_RELATED_PRODUCT_CATEGORY('','',(#3647));
#3647=PRODUCT('Part 1','Part 1','Part 1',(#3649));
#3648=PRODUCT_CATEGORY('','');
#3649=PRODUCT_CONTEXT('',#3651,'mechanical');
#3650=APPLICATION_PROTOCOL_DEFINITION('international standard',
'ap242_managed_model_based_3d_engineering',2020,#3651);
#3651=APPLICATION_CONTEXT('managed model based 3d engineering');
ENDSEC;
END-ISO-10303-21;
