ISO-10303-21;
HEADER;
/* Generated by software containing ST-Developer
 * from STEP Tools, Inc. (www.steptools.com) 
 */
/* OPTION: using custom renumber hook */

FILE_DESCRIPTION(
/* description */ ('STEP AP242 Edition 2',
'CAx-IF Rec.Pracs.---Representation and Presentation of Product Manufa
cturing Information (PMI)---4.0---2014-10-13',
'CAx-IF Rec.Pracs.---3D Tessellated Geometry---0.4---2014-09-14','2;1',
'CAx-IF Rec.Pracs.---User Defined Attributes---1.5---2016-08-15'),
/* implementation_level */ '2;1');

FILE_NAME(
/* name */ '100uL Pipette Tip Rack_REV. 0',
/* time_stamp */ '2026-09-03T19:13:28Z',
/* author */ (''),
/* organization */ (''),
/* preprocessor_version */ 'ST-DEVELOPER v20',
/* originating_system */ 'ONSHAPE BY PTC INC, 1.220',
/* authorisation */ '  ');

FILE_SCHEMA (('AP242_MANAGED_MODEL_BASED_3D_ENGINEERING_MIM_LF { 1 0 10303 442 3 1 4 }'));
ENDSEC;

DATA;
#10=SHAPE_REPRESENTATION_RELATIONSHIP('','',#2718,#11);
#11=ADVANCED_BREP_SHAPE_REPRESENTATION('',(#2716),#6871);
#12=CYLINDRICAL_SURFACE('',#3064,0.005);
#13=CYLINDRICAL_SURFACE('',#3067,0.005);
#14=CYLINDRICAL_SURFACE('',#3070,0.005);
#15=CYLINDRICAL_SURFACE('',#3073,0.005);
#16=B_SPLINE_CURVE_WITH_KNOTS('',3,(#4273,#4274,#4275,#4276,#4277,#4278,
#4279,#4280,#4281,#4282,#4283,#4284,#4285,#4286,#4287,#4288,#4289,#4290,
#4291,#4292,#4293,#4294,#4295,#4296,#4297,#4298,#4299,#4300,#4301,#4302,
#4303,#4304,#4305,#4306,#4307),.UNSPECIFIED.,.F.,.F.,(4,1,1,1,1,1,1,1,1,
1,1,1,1,1,1,1,1,1,1,1,1,1,1,1,1,1,1,1,1,1,1,1,4),(0.0184533896270701,0.0210895772396885,
0.0237257648523069,0.0263619524649253,0.0276800462712346,0.0289981400775438,
0.030316233883853,0.0316343276901622,0.0329524214964714,0.033611468399626,
0.0342705153027806,0.0346000387543579,0.0349295622059352,0.0352590856575125,
0.0354238473833012,0.0355886091090898,0.0357533708348785,0.0359181325606671,
0.0362476560122444,0.0365771794638217,0.036906702915399,0.0375657498185537,
0.0382247967217083,0.0388838436248629,0.0395428905280175,0.0408609843343267,
0.0421790781406359,0.0434971719469451,0.0448152657532543,0.0474514533658727,
0.0500876409784912,0.055360016203728,0.0606323914289649),.UNSPECIFIED.);
#17=B_SPLINE_CURVE_WITH_KNOTS('',3,(#4309,#4310,#4311,#4312),
 .UNSPECIFIED.,.F.,.F.,(4,4),(0.00740264691605245,0.0376007510103301),
 .UNSPECIFIED.);
#18=B_SPLINE_CURVE_WITH_KNOTS('',3,(#4313,#4314,#4315,#4316),
 .UNSPECIFIED.,.F.,.F.,(4,4),(0.00740264691605245,0.0376007510103315),
 .UNSPECIFIED.);
#19=B_SPLINE_CURVE_WITH_KNOTS('',3,(#4318,#4319,#4320,#4321,#4322,#4323,
#4324,#4325,#4326,#4327,#4328,#4329,#4330,#4331,#4332,#4333,#4334,#4335,
#4336,#4337,#4338,#4339,#4340,#4341,#4342,#4343,#4344,#4345,#4346,#4347,
#4348,#4349,#4350,#4351,#4352),.UNSPECIFIED.,.F.,.F.,(4,1,1,1,1,1,1,1,1,
1,1,1,1,1,1,1,1,1,1,1,1,1,1,1,1,1,1,1,1,1,1,1,4),(0.0105822754322031,0.0158482379976509,
0.0211142005630987,0.0237471818458226,0.0263801631285465,0.0276966537699085,
0.0290131444112704,0.0303296350526324,0.0316461256939943,0.0329626163353563,
0.0336208616560373,0.0342791069767182,0.0346082296370587,0.0349373522973992,
0.0352664749577397,0.0354310362879099,0.0355955976180802,0.0357601589482504,
0.0359247202784207,0.0362538429387612,0.0365829655991017,0.0369120882594421,
0.0375703335801231,0.0382285789008041,0.0388868242214851,0.0395450695421661,
0.040861560183528,0.04217805082489,0.0434945414662519,0.0448110321076139,
0.0474440133903378,0.0500769946730617,0.0527099759557856),.UNSPECIFIED.);
#20=B_SPLINE_CURVE_WITH_KNOTS('',3,(#4357,#4358,#4359,#4360,#4361,#4362,
#4363,#4364,#4365,#4366,#4367,#4368,#4369,#4370,#4371,#4372,#4373,#4374,
#4375,#4376,#4377,#4378,#4379,#4380,#4381,#4382,#4383,#4384,#4385,#4386,
#4387,#4388,#4389,#4390,#4391,#4392,#4393),.UNSPECIFIED.,.F.,.F.,(4,1,1,
1,1,1,1,1,1,1,1,1,1,1,1,1,1,1,1,1,1,1,1,1,1,1,1,1,1,1,1,1,1,1,4),(0.0105822754322031,
0.0137104076812951,0.0168385399303872,0.0199666721794792,0.0230948044285712,
0.0262229366776633,0.0277870028022093,0.0293510689267553,0.0309151350513013,
0.0316971681135744,0.0324792011758474,0.0332612342381204,0.0340432673003934,
0.0344342838315299,0.0348253003626664,0.0352163168938029,0.0354118251593712,
0.0356073334249394,0.0358028416905077,0.0359983499560759,0.0363893664872124,
0.0367803830183489,0.0371713995494854,0.0379534326117584,0.0387354656740315,
0.0395174987363045,0.0402995317985775,0.0418635979231235,0.0434276640476695,
0.0449917301722155,0.0481198624213076,0.0512479946703996,0.0543761269194917,
0.0575042591685837,0.0606323914176757),.UNSPECIFIED.);
#21=B_SPLINE_CURVE_WITH_KNOTS('',3,(#4397,#4398,#4399,#4400,#4401,#4402,
#4403,#4404,#4405,#4406,#4407,#4408,#4409,#4410,#4411,#4412,#4413,#4414,
#4415,#4416,#4417,#4418,#4419,#4420,#4421,#4422,#4423,#4424,#4425,#4426,
#4427,#4428,#4429,#4430,#4431),.UNSPECIFIED.,.F.,.F.,(4,1,1,1,1,1,1,1,1,
1,1,1,1,1,1,1,1,1,1,1,1,1,1,1,1,1,1,1,1,1,1,1,4),(0.0105822754322031,0.0158482379976507,
0.0211142005630984,0.0237471818458222,0.026380163128546,0.027696653769908,
0.0290131444112699,0.0303296350526318,0.0316461256939937,0.0329626163353556,
0.0336208616560366,0.0342791069767175,0.034608229637058,0.0349373522973985,
0.0352664749577389,0.0354310362879092,0.0355955976180794,0.0357601589482497,
0.0359247202784199,0.0362538429387604,0.0365829655991009,0.0369120882594413,
0.0375703335801223,0.0382285789008033,0.0388868242214842,0.0395450695421652,
0.0408615601835271,0.042178050824889,0.0434945414662509,0.0448110321076128,
0.0474440133903367,0.0500769946730605,0.0527099759557843),.UNSPECIFIED.);
#22=B_SPLINE_CURVE_WITH_KNOTS('',3,(#4433,#4434,#4435,#4436),
 .UNSPECIFIED.,.F.,.F.,(4,4),(0.00740264691605244,0.0376007510103298),
 .UNSPECIFIED.);
#23=B_SPLINE_CURVE_WITH_KNOTS('',3,(#4437,#4438,#4439,#4440),
 .UNSPECIFIED.,.F.,.F.,(4,4),(0.00740264691605244,0.0376007510103308),
 .UNSPECIFIED.);
#24=B_SPLINE_CURVE_WITH_KNOTS('',3,(#4442,#4443,#4444,#4445,#4446,#4447,
#4448,#4449,#4450,#4451,#4452,#4453,#4454,#4455,#4456,#4457,#4458,#4459,
#4460,#4461,#4462,#4463,#4464,#4465,#4466,#4467,#4468,#4469,#4470,#4471,
#4472,#4473,#4474,#4475,#4476),.UNSPECIFIED.,.F.,.F.,(4,1,1,1,1,1,1,1,1,
1,1,1,1,1,1,1,1,1,1,1,1,1,1,1,1,1,1,1,1,1,1,1,4),(0.0105822754322031,0.015848237997651,
0.0211142005630989,0.0237471818458228,0.0263801631285468,0.0276966537699088,
0.0290131444112708,0.0303296350526327,0.0316461256939947,0.0329626163353567,
0.0336208616560377,0.0342791069767187,0.0346082296370592,0.0349373522973997,
0.0352664749577402,0.0354310362879104,0.0355955976180807,0.0357601589482509,
0.0359247202784212,0.0362538429387616,0.0365829655991021,0.0369120882594426,
0.0375703335801236,0.0382285789008046,0.0388868242214856,0.0395450695421666,
0.0408615601835286,0.0421780508248906,0.0434945414662525,0.0448110321076145,
0.0474440133903385,0.0500769946730624,0.0527099759557864),.UNSPECIFIED.);
#25=B_SPLINE_CURVE_WITH_KNOTS('',3,(#4481,#4482,#4483,#4484,#4485,#4486,
#4487,#4488,#4489,#4490,#4491,#4492,#4493,#4494,#4495,#4496,#4497,#4498,
#4499,#4500,#4501,#4502,#4503,#4504,#4505,#4506,#4507,#4508,#4509,#4510,
#4511,#4512,#4513,#4514,#4515,#4516,#4517),.UNSPECIFIED.,.F.,.F.,(4,1,1,
1,1,1,1,1,1,1,1,1,1,1,1,1,1,1,1,1,1,1,1,1,1,1,1,1,1,1,1,1,1,1,4),(0.0105822754322031,
0.0137104076820008,0.0168385399317985,0.0199666721815962,0.0230948044313939,
0.0262229366811916,0.0277870028060904,0.0293510689309893,0.0309151350558882,
0.0316971681183376,0.032479201180787,0.0332612342432364,0.0340432673056859,
0.0344342838369106,0.0348253003681353,0.03521631689936,0.0354118251649724,
0.0356073334305847,0.0358028416961971,0.0359983499618094,0.0363893664930341,
0.0367803830242588,0.0371713995554836,0.037953432617933,0.0387354656803824,
0.0395174987428318,0.0402995318052813,0.0418635979301801,0.043427664055079,
0.0449917301799778,0.0481198624297755,0.0512479946795732,0.0543761269293709,
0.0575042591791687,0.0606323914289664),.UNSPECIFIED.);
#26=B_SPLINE_CURVE_WITH_KNOTS('',3,(#4521,#4522,#4523,#4524,#4525,#4526,
#4527,#4528,#4529,#4530,#4531,#4532,#4533,#4534,#4535,#4536,#4537,#4538,
#4539,#4540,#4541,#4542,#4543,#4544,#4545,#4546,#4547,#4548,#4549,#4550,
#4551,#4552,#4553,#4554,#4555),.UNSPECIFIED.,.F.,.F.,(4,1,1,1,1,1,1,1,1,
1,1,1,1,1,1,1,1,1,1,1,1,1,1,1,1,1,1,1,1,1,1,1,4),(0.0105822754322031,0.0158482379976538,
0.0211142005631046,0.0237471818458299,0.0263801631285553,0.027696653769918,
0.0290131444112807,0.0303296350526434,0.0316461256940061,0.0329626163353687,
0.0336208616560501,0.0342791069767314,0.0346082296370721,0.0349373522974128,
0.0352664749577535,0.0354310362879238,0.0355955976180941,0.0357601589482645,
0.0359247202784348,0.0362538429387755,0.0365829655991161,0.0369120882594568,
0.0375703335801382,0.0382285789008195,0.0388868242215008,0.0395450695421822,
0.0408615601835449,0.0421780508249076,0.0434945414662703,0.0448110321076329,
0.0474440133903583,0.0500769946730837,0.0527099759558091),.UNSPECIFIED.);
#27=B_SPLINE_CURVE_WITH_KNOTS('',3,(#4557,#4558,#4559,#4560),
 .UNSPECIFIED.,.F.,.F.,(4,4),(0.00740264691605245,0.0376007510103581),
 .UNSPECIFIED.);
#28=B_SPLINE_CURVE_WITH_KNOTS('',3,(#4561,#4562,#4563,#4564),
 .UNSPECIFIED.,.F.,.F.,(4,4),(0.00740264691605244,0.0376007510103581),
 .UNSPECIFIED.);
#29=B_SPLINE_CURVE_WITH_KNOTS('',3,(#4566,#4567,#4568,#4569,#4570,#4571,
#4572,#4573,#4574,#4575,#4576,#4577,#4578,#4579,#4580,#4581,#4582,#4583,
#4584,#4585,#4586,#4587,#4588,#4589,#4590,#4591,#4592,#4593,#4594,#4595,
#4596,#4597,#4598,#4599,#4600),.UNSPECIFIED.,.F.,.F.,(4,1,1,1,1,1,1,1,1,
1,1,1,1,1,1,1,1,1,1,1,1,1,1,1,1,1,1,1,1,1,1,1,4),(0.0105822754322031,0.0158482379976539,
0.0211142005631047,0.0237471818458301,0.0263801631285555,0.0276966537699182,
0.0290131444112809,0.0303296350526436,0.0316461256940063,0.032962616335369,
0.0336208616560503,0.0342791069767317,0.0346082296370724,0.034937352297413,
0.0352664749577537,0.0354310362879241,0.0355955976180944,0.0357601589482647,
0.0359247202784351,0.0362538429387757,0.0365829655991164,0.0369120882594571,
0.0375703335801384,0.0382285789008198,0.0388868242215011,0.0395450695421825,
0.0408615601835452,0.0421780508249079,0.0434945414662706,0.0448110321076333,
0.0474440133903587,0.0500769946730841,0.0527099759558095),.UNSPECIFIED.);
#30=B_SPLINE_CURVE_WITH_KNOTS('',3,(#4605,#4606,#4607,#4608,#4609,#4610,
#4611,#4612,#4613,#4614,#4615,#4616,#4617,#4618,#4619,#4620,#4621,#4622,
#4623,#4624,#4625,#4626,#4627,#4628,#4629,#4630,#4631,#4632,#4633,#4634,
#4635,#4636,#4637,#4638,#4639,#4640,#4641),.UNSPECIFIED.,.F.,.F.,(4,1,1,
1,1,1,1,1,1,1,1,1,1,1,1,1,1,1,1,1,1,1,1,1,1,1,1,1,1,1,1,1,1,1,4),(0.0105822754322031,
0.0137104076816177,0.0168385399310323,0.019966672180447,0.0230948044298616,
0.0262229366792763,0.0277870028039836,0.0293510689286909,0.0309151350533982,
0.0316971681157519,0.0324792011781055,0.0332612342404592,0.0340432673028128,
0.0344342838339897,0.0348253003651665,0.0352163168963433,0.0354118251619317,
0.0356073334275202,0.0358028416931086,0.035998349958697,0.0363893664898738,
0.0367803830210506,0.0371713995522275,0.0379534326145811,0.0387354656769348,
0.0395174987392885,0.0402995318016421,0.0418635979263494,0.0434276640510568,
0.0449917301757641,0.0481198624251787,0.0512479946745933,0.054376126924008,
0.0575042591734226,0.0606323914228373),.UNSPECIFIED.);
#31=B_SPLINE_CURVE_WITH_KNOTS('',3,(#4645,#4646,#4647,#4648,#4649,#4650,
#4651,#4652,#4653,#4654,#4655,#4656,#4657,#4658,#4659,#4660,#4661,#4662,
#4663,#4664,#4665,#4666,#4667,#4668,#4669,#4670,#4671,#4672,#4673,#4674,
#4675,#4676,#4677,#4678,#4679,#4680,#4681),.UNSPECIFIED.,.F.,.F.,(4,1,1,
1,1,1,1,1,1,1,1,1,1,1,1,1,1,1,1,1,1,1,1,1,1,1,1,1,1,1,1,1,1,1,4),(0.0105822754322031,
0.0137104076812431,0.0168385399302831,0.0199666721793232,0.0230948044283632,
0.0262229366774033,0.0277870028019233,0.0293510689264433,0.0309151350509633,
0.0316971681132233,0.0324792011754833,0.0332612342377433,0.0340432673000033,
0.0344342838311334,0.0348253003622634,0.0352163168933934,0.0354118251589584,
0.0356073334245234,0.0358028416900884,0.0359983499556534,0.0363893664867834,
0.0367803830179134,0.0371713995490434,0.0379534326113034,0.0387354656735634,
0.0395174987358234,0.0402995317980834,0.0418635979226034,0.0434276640471235,
0.0449917301716435,0.0481198624206835,0.0512479946697236,0.0543761269187636,
0.0575042591678036,0.0606323914168437),.UNSPECIFIED.);
#32=B_SPLINE_CURVE_WITH_KNOTS('',3,(#4686,#4687,#4688,#4689,#4690,#4691,
#4692,#4693,#4694,#4695,#4696,#4697,#4698,#4699,#4700,#4701,#4702,#4703,
#4704,#4705,#4706,#4707,#4708,#4709,#4710,#4711,#4712,#4713,#4714,#4715,
#4716,#4717,#4718,#4719,#4720,#4721,#4722),.UNSPECIFIED.,.F.,.F.,(4,1,1,
1,1,1,1,1,1,1,1,1,1,1,1,1,1,1,1,1,1,1,1,1,1,1,1,1,1,1,1,1,1,1,4),(0.0105822754322031,
0.0137104076806188,0.0168385399290346,0.0199666721774503,0.0230948044258661,
0.0262229366742818,0.0277870027984897,0.0293510689226976,0.0309151350469054,
0.0316971681090094,0.0324792011711133,0.0332612342332172,0.0340432672953212,
0.0344342838263731,0.0348253003574251,0.0352163168884771,0.0354118251540031,
0.0356073334195291,0.035802841685055,0.035998349950581,0.036389366481633,
0.036780383012685,0.0371713995437369,0.0379534326058409,0.0387354656679448,
0.0395174987300487,0.0402995317921527,0.0418635979163606,0.0434276640405684,
0.0449917301647763,0.048119862413192,0.0512479946616078,0.0543761269100236,
0.0575042591584393,0.0606323914068551),.UNSPECIFIED.);
#33=B_SPLINE_CURVE_WITH_KNOTS('',3,(#4727,#4728,#4729,#4730,#4731,#4732,
#4733,#4734,#4735,#4736,#4737,#4738,#4739,#4740,#4741,#4742,#4743,#4744,
#4745,#4746,#4747,#4748,#4749,#4750,#4751,#4752,#4753,#4754,#4755,#4756,
#4757,#4758,#4759,#4760,#4761,#4762,#4763),.UNSPECIFIED.,.F.,.F.,(4,1,1,
1,1,1,1,1,1,1,1,1,1,1,1,1,1,1,1,1,1,1,1,1,1,1,1,1,1,1,1,1,1,1,4),(0.0105822754322031,
0.0137104076820008,0.0168385399317986,0.0199666721815963,0.0230948044313941,
0.0262229366811918,0.0277870028060907,0.0293510689309896,0.0309151350558884,
0.0316971681183379,0.0324792011807873,0.0332612342432368,0.0340432673056862,
0.0344342838369109,0.0348253003681356,0.0352163168993603,0.0354118251649727,
0.0356073334305851,0.0358028416961974,0.0359983499618098,0.0363893664930345,
0.0367803830242592,0.0371713995554839,0.0379534326179334,0.0387354656803828,
0.0395174987428323,0.0402995318052817,0.0418635979301806,0.0434276640550794,
0.0449917301799783,0.0481198624297761,0.0512479946795738,0.0543761269293715,
0.0575042591791693,0.0606323914289671),.UNSPECIFIED.);
#34=B_SPLINE_CURVE_WITH_KNOTS('',3,(#4767,#4768,#4769,#4770,#4771,#4772,
#4773,#4774,#4775,#4776,#4777,#4778,#4779,#4780,#4781,#4782,#4783,#4784,
#4785,#4786,#4787,#4788,#4789,#4790,#4791,#4792,#4793,#4794,#4795,#4796,
#4797,#4798,#4799,#4800,#4801,#4802,#4803),.UNSPECIFIED.,.F.,.F.,(4,1,1,
1,1,1,1,1,1,1,1,1,1,1,1,1,1,1,1,1,1,1,1,1,1,1,1,1,1,1,1,1,1,1,4),(0.0105822754322031,
0.0137104076812434,0.0168385399302838,0.0199666721793241,0.0230948044283645,
0.0262229366774049,0.027787002801925,0.0293510689264452,0.0309151350509654,
0.0316971681132255,0.0324792011754856,0.0332612342377457,0.0340432673000058,
0.0344342838311358,0.0348253003622659,0.0352163168933959,0.0354118251589609,
0.0356073334245259,0.035802841690091,0.035998349955656,0.036389366486786,
0.0367803830179161,0.0371713995490461,0.0379534326113062,0.0387354656735663,
0.0395174987358264,0.0402995317980865,0.0418635979226067,0.0434276640471268,
0.044991730171647,0.0481198624206874,0.0512479946697278,0.0543761269187681,
0.0575042591678085,0.0606323914168488),.UNSPECIFIED.);
#35=B_SPLINE_CURVE_WITH_KNOTS('',3,(#4808,#4809,#4810,#4811,#4812,#4813,
#4814,#4815,#4816,#4817,#4818,#4819,#4820,#4821,#4822,#4823,#4824,#4825,
#4826,#4827,#4828,#4829,#4830,#4831,#4832,#4833,#4834,#4835,#4836,#4837,
#4838,#4839,#4840,#4841,#4842,#4843,#4844),.UNSPECIFIED.,.F.,.F.,(4,1,1,
1,1,1,1,1,1,1,1,1,1,1,1,1,1,1,1,1,1,1,1,1,1,1,1,1,1,1,1,1,1,1,4),(0.0105822754322031,
0.0137104076809281,0.0168385399296532,0.0199666721783782,0.0230948044271033,
0.0262229366758284,0.0277870028001909,0.0293510689245534,0.030915135048916,
0.0316971681110972,0.0324792011732785,0.0332612342354597,0.034043267297641,
0.0344342838287316,0.0348253003598223,0.0352163168909129,0.0354118251564582,
0.0356073334220035,0.0358028416875489,0.0359983499530942,0.0363893664841848,
0.0367803830152754,0.0371713995463661,0.0379534326085473,0.0387354656707286,
0.0395174987329099,0.0402995317950911,0.0418635979194537,0.0434276640438162,
0.0449917301681787,0.0481198624169038,0.0512479946656288,0.0543761269143539,
0.057504259163079,0.060632391411804),.UNSPECIFIED.);
#36=B_SPLINE_CURVE_WITH_KNOTS('',3,(#4848,#4849,#4850,#4851,#4852,#4853,
#4854,#4855,#4856,#4857,#4858,#4859,#4860,#4861,#4862,#4863,#4864,#4865,
#4866,#4867,#4868,#4869,#4870,#4871,#4872,#4873,#4874,#4875,#4876,#4877,
#4878,#4879,#4880,#4881,#4882),.UNSPECIFIED.,.F.,.F.,(4,1,1,1,1,1,1,1,1,
1,1,1,1,1,1,1,1,1,1,1,1,1,1,1,1,1,1,1,1,1,1,1,4),(0.0105822754322031,0.0158482379976511,
0.0211142005630992,0.0237471818458232,0.0263801631285472,0.0276966537699092,
0.0290131444112712,0.0303296350526332,0.0316461256939953,0.0329626163353573,
0.0336208616560383,0.0342791069767193,0.0346082296370598,0.0349373522974003,
0.0352664749577408,0.035431036287911,0.0355955976180813,0.0357601589482516,
0.0359247202784218,0.0362538429387623,0.0365829655991028,0.0369120882594433,
0.0375703335801243,0.0382285789008053,0.0388868242214863,0.0395450695421673,
0.0408615601835293,0.0421780508248914,0.0434945414662534,0.0448110321076154,
0.0474440133903394,0.0500769946730634,0.0527099759557874),.UNSPECIFIED.);
#37=B_SPLINE_CURVE_WITH_KNOTS('',3,(#4884,#4885,#4886,#4887),
 .UNSPECIFIED.,.F.,.F.,(4,4),(0.00740264691605245,0.037600751010331),
 .UNSPECIFIED.);
#38=B_SPLINE_CURVE_WITH_KNOTS('',3,(#4888,#4889,#4890,#4891),
 .UNSPECIFIED.,.F.,.F.,(4,4),(0.00740264691605245,0.0376007510103311),
 .UNSPECIFIED.);
#39=B_SPLINE_CURVE_WITH_KNOTS('',3,(#4893,#4894,#4895,#4896,#4897,#4898,
#4899,#4900,#4901,#4902,#4903,#4904,#4905,#4906,#4907,#4908,#4909,#4910,
#4911,#4912,#4913,#4914,#4915,#4916,#4917,#4918,#4919,#4920,#4921,#4922,
#4923,#4924,#4925,#4926,#4927),.UNSPECIFIED.,.F.,.F.,(4,1,1,1,1,1,1,1,1,
1,1,1,1,1,1,1,1,1,1,1,1,1,1,1,1,1,1,1,1,1,1,1,4),(0.0184533896270692,0.0210895772396876,
0.023725764852306,0.0263619524649243,0.0276800462712335,0.0289981400775427,
0.0303162338838519,0.0316343276901611,0.0329524214964703,0.0336114683996249,
0.0342705153027795,0.0346000387543568,0.0349295622059341,0.0352590856575114,
0.0354238473833,0.0355886091090887,0.0357533708348773,0.035918132560666,
0.0362476560122433,0.0365771794638206,0.0369067029153978,0.0375657498185524,
0.038224796721707,0.0388838436248616,0.0395428905280162,0.0408609843343254,
0.0421790781406346,0.0434971719469438,0.044815265753253,0.0474514533658714,
0.0500876409784897,0.0553600162037265,0.0606323914289632),.UNSPECIFIED.);
#40=B_SPLINE_CURVE_WITH_KNOTS('',3,(#4933,#4934,#4935,#4936,#4937,#4938,
#4939,#4940,#4941,#4942,#4943,#4944,#4945,#4946,#4947,#4948,#4949,#4950,
#4951,#4952,#4953,#4954,#4955,#4956,#4957,#4958,#4959,#4960,#4961,#4962,
#4963,#4964,#4965,#4966,#4967),.UNSPECIFIED.,.F.,.F.,(4,1,1,1,1,1,1,1,1,
1,1,1,1,1,1,1,1,1,1,1,1,1,1,1,1,1,1,1,1,1,1,1,4),(0.0105822754322031,0.0158482379976508,
0.0211142005630985,0.0237471818458223,0.0263801631285462,0.0276966537699081,
0.02901314441127,0.030329635052632,0.0316461256939939,0.0329626163353558,
0.0336208616560368,0.0342791069767178,0.0346082296370582,0.0349373522973987,
0.0352664749577392,0.0354310362879094,0.0355955976180797,0.0357601589482499,
0.0359247202784202,0.0362538429387606,0.0365829655991011,0.0369120882594416,
0.0375703335801226,0.0382285789008035,0.0388868242214845,0.0395450695421655,
0.0408615601835274,0.0421780508248893,0.0434945414662512,0.0448110321076132,
0.047444013390337,0.0500769946730609,0.0527099759557847),.UNSPECIFIED.);
#41=B_SPLINE_CURVE_WITH_KNOTS('',3,(#4969,#4970,#4971,#4972),
 .UNSPECIFIED.,.F.,.F.,(4,4),(0.00740264691605245,0.0376007510103292),
 .UNSPECIFIED.);
#42=B_SPLINE_CURVE_WITH_KNOTS('',3,(#4973,#4974,#4975,#4976),
 .UNSPECIFIED.,.F.,.F.,(4,4),(0.00740264691605244,0.0376007510103311),
 .UNSPECIFIED.);
#43=B_SPLINE_CURVE_WITH_KNOTS('',3,(#4982,#4983,#4984,#4985,#4986,#4987,
#4988,#4989,#4990,#4991,#4992,#4993,#4994,#4995,#4996,#4997,#4998,#4999,
#5000,#5001,#5002,#5003,#5004,#5005,#5006,#5007,#5008,#5009,#5010,#5011,
#5012,#5013,#5014,#5015,#5016,#5017,#5018),.UNSPECIFIED.,.F.,.F.,(4,1,1,
1,1,1,1,1,1,1,1,1,1,1,1,1,1,1,1,1,1,1,1,1,1,1,1,1,1,1,1,1,1,1,4),(0.0105822754322031,
0.0137104076812951,0.0168385399303871,0.0199666721794791,0.0230948044285711,
0.0262229366776632,0.0277870028022092,0.0293510689267552,0.0309151350513012,
0.0316971681135742,0.0324792011758472,0.0332612342381202,0.0340432673003932,
0.0344342838315297,0.0348253003626662,0.0352163168938027,0.0354118251593709,
0.0356073334249392,0.0358028416905075,0.0359983499560757,0.0363893664872122,
0.0367803830183487,0.0371713995494852,0.0379534326117582,0.0387354656740312,
0.0395174987363042,0.0402995317985772,0.0418635979231232,0.0434276640476692,
0.0449917301722152,0.0481198624213073,0.0512479946703993,0.0543761269194913,
0.0575042591685833,0.0606323914176753),.UNSPECIFIED.);
#44=B_SPLINE_CURVE_WITH_KNOTS('',3,(#5022,#5023,#5024,#5025,#5026,#5027,
#5028,#5029,#5030,#5031,#5032,#5033,#5034,#5035,#5036,#5037,#5038,#5039,
#5040,#5041,#5042,#5043,#5044,#5045,#5046,#5047,#5048,#5049,#5050,#5051,
#5052,#5053,#5054,#5055,#5056,#5057,#5058),.UNSPECIFIED.,.F.,.F.,(4,1,1,
1,1,1,1,1,1,1,1,1,1,1,1,1,1,1,1,1,1,1,1,1,1,1,1,1,1,1,1,1,1,1,4),(0.0105822754322031,
0.0137104076812432,0.0168385399302833,0.0199666721793234,0.0230948044283635,
0.0262229366774036,0.0277870028019236,0.0293510689264437,0.0309151350509637,
0.0316971681132237,0.0324792011754838,0.0332612342377438,0.0340432673000038,
0.0344342838311338,0.0348253003622638,0.0352163168933938,0.0354118251589588,
0.0356073334245239,0.0358028416900889,0.0359983499556539,0.0363893664867839,
0.0367803830179139,0.0371713995490439,0.0379534326113039,0.038735465673564,
0.039517498735824,0.040299531798084,0.0418635979226041,0.0434276640471241,
0.0449917301716442,0.0481198624206843,0.0512479946697244,0.0543761269187645,
0.0575042591678046,0.0606323914168446),.UNSPECIFIED.);
#45=B_SPLINE_CURVE_WITH_KNOTS('',3,(#5062,#5063,#5064,#5065,#5066,#5067,
#5068,#5069,#5070,#5071,#5072,#5073,#5074,#5075,#5076,#5077,#5078,#5079,
#5080,#5081,#5082,#5083,#5084,#5085,#5086,#5087,#5088,#5089,#5090,#5091,
#5092,#5093,#5094,#5095,#5096,#5097,#5098),.UNSPECIFIED.,.F.,.F.,(4,1,1,
1,1,1,1,1,1,1,1,1,1,1,1,1,1,1,1,1,1,1,1,1,1,1,1,1,1,1,1,1,1,1,4),(0.0105822754322031,
0.0137104076820009,0.0168385399317988,0.0199666721815966,0.0230948044313945,
0.0262229366811924,0.0277870028060913,0.0293510689309902,0.0309151350558891,
0.0316971681183386,0.0324792011807881,0.0332612342432375,0.034043267305687,
0.0344342838369117,0.0348253003681365,0.0352163168993612,0.0354118251649736,
0.0356073334305859,0.0358028416961983,0.0359983499618107,0.0363893664930354,
0.0367803830242601,0.0371713995554849,0.0379534326179343,0.0387354656803838,
0.0395174987428333,0.0402995318052827,0.0418635979301816,0.0434276640550806,
0.0449917301799795,0.0481198624297774,0.0512479946795752,0.0543761269293731,
0.0575042591791709,0.0606323914289688),.UNSPECIFIED.);
#46=B_SPLINE_CURVE_WITH_KNOTS('',3,(#5102,#5103,#5104,#5105,#5106,#5107,
#5108,#5109,#5110,#5111,#5112,#5113,#5114,#5115,#5116,#5117,#5118,#5119,
#5120,#5121,#5122,#5123,#5124,#5125,#5126,#5127,#5128,#5129,#5130,#5131,
#5132,#5133,#5134,#5135,#5136,#5137,#5138),.UNSPECIFIED.,.F.,.F.,(4,1,1,
1,1,1,1,1,1,1,1,1,1,1,1,1,1,1,1,1,1,1,1,1,1,1,1,1,1,1,1,1,1,1,4),(0.0105822754322031,
0.013710407680928,0.0168385399296529,0.0199666721783778,0.0230948044271027,
0.0262229366758276,0.0277870028001901,0.0293510689245525,0.030915135048915,
0.0316971681110962,0.0324792011732774,0.0332612342354587,0.0340432672976399,
0.0344342838287305,0.0348253003598211,0.0352163168909117,0.035411825156457,
0.0356073334220023,0.0358028416875477,0.035998349953093,0.0363893664841836,
0.0367803830152742,0.0371713995463648,0.037953432608546,0.0387354656707273,
0.0395174987329085,0.0402995317950897,0.0418635979194522,0.0434276640438146,
0.0449917301681771,0.048119862416902,0.0512479946656269,0.0543761269143518,
0.0575042591630767,0.0606323914118016),.UNSPECIFIED.);
#47=B_SPLINE_CURVE_WITH_KNOTS('',3,(#5140,#5141,#5142,#5143),
 .UNSPECIFIED.,.F.,.F.,(4,4),(0.00740264691605244,0.0376007510103313),
 .UNSPECIFIED.);
#48=B_SPLINE_CURVE_WITH_KNOTS('',3,(#5144,#5145,#5146,#5147),
 .UNSPECIFIED.,.F.,.F.,(4,4),(0.00740264691605245,0.03760075101033),
 .UNSPECIFIED.);
#49=B_SPLINE_CURVE_WITH_KNOTS('',3,(#5154,#5155,#5156,#5157,#5158,#5159,
#5160,#5161,#5162,#5163,#5164,#5165,#5166,#5167,#5168,#5169,#5170,#5171,
#5172,#5173,#5174,#5175,#5176,#5177,#5178,#5179,#5180,#5181,#5182,#5183,
#5184,#5185,#5186,#5187,#5188,#5189,#5190),.UNSPECIFIED.,.F.,.F.,(4,1,1,
1,1,1,1,1,1,1,1,1,1,1,1,1,1,1,1,1,1,1,1,1,1,1,1,1,1,1,1,1,1,1,4),(0.0105822754322031,
0.013710407681295,0.0168385399303869,0.0199666721794789,0.0230948044285708,
0.0262229366776627,0.0277870028022087,0.0293510689267547,0.0309151350513006,
0.0316971681135736,0.0324792011758466,0.0332612342381196,0.0340432673003926,
0.0344342838315291,0.0348253003626656,0.035216316893802,0.0354118251593703,
0.0356073334249385,0.0358028416905068,0.035998349956075,0.0363893664872115,
0.036780383018348,0.0371713995494845,0.0379534326117575,0.0387354656740305,
0.0395174987363035,0.0402995317985764,0.0418635979231224,0.0434276640476684,
0.0449917301722143,0.0481198624213063,0.0512479946703982,0.0543761269194901,
0.0575042591685821,0.060632391417674),.UNSPECIFIED.);
#50=B_SPLINE_CURVE_WITH_KNOTS('',3,(#5194,#5195,#5196,#5197,#5198,#5199,
#5200,#5201,#5202,#5203,#5204,#5205,#5206,#5207,#5208,#5209,#5210,#5211,
#5212,#5213,#5214,#5215,#5216,#5217,#5218,#5219,#5220,#5221,#5222,#5223,
#5224,#5225,#5226,#5227,#5228),.UNSPECIFIED.,.F.,.F.,(4,1,1,1,1,1,1,1,1,
1,1,1,1,1,1,1,1,1,1,1,1,1,1,1,1,1,1,1,1,1,1,1,4),(0.0105822754322031,0.0158482379976539,
0.0211142005631048,0.0237471818458303,0.0263801631285557,0.0276966537699184,
0.0290131444112812,0.0303296350526439,0.0316461256940066,0.0329626163353693,
0.0336208616560507,0.034279106976732,0.0346082296370727,0.0349373522974134,
0.0352664749577541,0.0354310362879244,0.0355955976180948,0.0357601589482651,
0.0359247202784354,0.0362538429387761,0.0365829655991168,0.0369120882594575,
0.0375703335801388,0.0382285789008202,0.0388868242215016,0.0395450695421829,
0.0408615601835456,0.0421780508249084,0.0434945414662711,0.0448110321076338,
0.0474440133903592,0.0500769946730847,0.0527099759558101),.UNSPECIFIED.);
#51=B_SPLINE_CURVE_WITH_KNOTS('',3,(#5230,#5231,#5232,#5233),
 .UNSPECIFIED.,.F.,.F.,(4,4),(0.00740264691605244,0.037600751010358),
 .UNSPECIFIED.);
#52=B_SPLINE_CURVE_WITH_KNOTS('',3,(#5234,#5235,#5236,#5237),
 .UNSPECIFIED.,.F.,.F.,(4,4),(0.00740264691605244,0.0376007510103581),
 .UNSPECIFIED.);
#53=B_SPLINE_CURVE_WITH_KNOTS('',3,(#5239,#5240,#5241,#5242,#5243,#5244,
#5245,#5246,#5247,#5248,#5249,#5250,#5251,#5252,#5253,#5254,#5255,#5256,
#5257,#5258,#5259,#5260,#5261,#5262,#5263,#5264,#5265,#5266,#5267,#5268,
#5269,#5270,#5271,#5272,#5273),.UNSPECIFIED.,.F.,.F.,(4,1,1,1,1,1,1,1,1,
1,1,1,1,1,1,1,1,1,1,1,1,1,1,1,1,1,1,1,1,1,1,1,4),(0.0105822754322031,0.015848237997654,
0.021114200563105,0.0237471818458305,0.0263801631285559,0.0276966537699187,
0.0290131444112814,0.0303296350526442,0.0316461256940069,0.0329626163353696,
0.033620861656051,0.0342791069767324,0.0346082296370731,0.0349373522974138,
0.0352664749577544,0.0354310362879248,0.0355955976180951,0.0357601589482655,
0.0359247202784358,0.0362538429387765,0.0365829655991172,0.0369120882594579,
0.0375703335801392,0.0382285789008206,0.038886824221502,0.0395450695421833,
0.0408615601835461,0.0421780508249088,0.0434945414662716,0.0448110321076343,
0.0474440133903598,0.0500769946730853,0.0527099759558107),.UNSPECIFIED.);
#54=B_SPLINE_CURVE_WITH_KNOTS('',3,(#5278,#5279,#5280,#5281,#5282,#5283,
#5284,#5285,#5286,#5287,#5288,#5289,#5290,#5291,#5292,#5293,#5294,#5295,
#5296,#5297,#5298,#5299,#5300,#5301,#5302,#5303,#5304,#5305,#5306,#5307,
#5308,#5309,#5310,#5311,#5312,#5313,#5314),.UNSPECIFIED.,.F.,.F.,(4,1,1,
1,1,1,1,1,1,1,1,1,1,1,1,1,1,1,1,1,1,1,1,1,1,1,1,1,1,1,1,1,1,1,4),(0.0105822754322031,
0.0137104076820007,0.0168385399317983,0.0199666721815959,0.0230948044313936,
0.0262229366811912,0.02778700280609,0.0293510689309888,0.0309151350558876,
0.031697168118337,0.0324792011807864,0.0332612342432358,0.0340432673056852,
0.0344342838369099,0.0348253003681347,0.0352163168993594,0.0354118251649717,
0.0356073334305841,0.0358028416961964,0.0359983499618088,0.0363893664930335,
0.0367803830242582,0.0371713995554829,0.0379534326179323,0.0387354656803817,
0.0395174987428311,0.0402995318052805,0.0418635979301793,0.0434276640550781,
0.0449917301799769,0.0481198624297746,0.0512479946795722,0.0543761269293698,
0.0575042591791674,0.0606323914289651),.UNSPECIFIED.);
#55=B_SPLINE_CURVE_WITH_KNOTS('',3,(#5318,#5319,#5320,#5321,#5322,#5323,
#5324,#5325,#5326,#5327,#5328,#5329,#5330,#5331,#5332,#5333,#5334,#5335,
#5336,#5337,#5338,#5339,#5340,#5341,#5342,#5343,#5344,#5345,#5346,#5347,
#5348,#5349,#5350,#5351,#5352,#5353,#5354),.UNSPECIFIED.,.F.,.F.,(4,1,1,
1,1,1,1,1,1,1,1,1,1,1,1,1,1,1,1,1,1,1,1,1,1,1,1,1,1,1,1,1,1,1,4),(0.0105822754322031,
0.0137104076809278,0.0168385399296526,0.0199666721783774,0.0230948044271022,
0.0262229366758269,0.0277870028001893,0.0293510689245517,0.0309151350489141,
0.0316971681110953,0.0324792011732765,0.0332612342354577,0.0340432672976389,
0.0344342838287295,0.0348253003598201,0.0352163168909106,0.035411825156456,
0.0356073334220013,0.0358028416875465,0.0359983499530919,0.0363893664841825,
0.036780383015273,0.0371713995463636,0.0379534326085448,0.038735465670726,
0.0395174987329072,0.0402995317950884,0.0418635979194508,0.0434276640438132,
0.0449917301681756,0.0481198624169003,0.0512479946656251,0.0543761269143499,
0.0575042591630747,0.0606323914117994),.UNSPECIFIED.);
#56=B_SPLINE_CURVE_WITH_KNOTS('',3,(#5359,#5360,#5361,#5362,#5363,#5364,
#5365,#5366,#5367,#5368,#5369,#5370,#5371,#5372,#5373,#5374,#5375,#5376,
#5377,#5378,#5379,#5380,#5381,#5382,#5383,#5384,#5385,#5386,#5387,#5388,
#5389,#5390,#5391,#5392,#5393,#5394,#5395),.UNSPECIFIED.,.F.,.F.,(4,1,1,
1,1,1,1,1,1,1,1,1,1,1,1,1,1,1,1,1,1,1,1,1,1,1,1,1,1,1,1,1,1,1,4),(0.0105822754322031,
0.0137104076812429,0.0168385399302828,0.0199666721793227,0.0230948044283626,
0.0262229366774024,0.0277870028019224,0.0293510689264423,0.0309151350509623,
0.0316971681132222,0.0324792011754822,0.0332612342377422,0.0340432673000021,
0.0344342838311321,0.0348253003622621,0.0352163168933921,0.0354118251589571,
0.0356073334245221,0.0358028416900871,0.0359983499556521,0.0363893664867821,
0.036780383017912,0.037171399549042,0.037953432611302,0.038735465673562,
0.0395174987358219,0.0402995317980819,0.0418635979226018,0.0434276640471218,
0.0449917301716417,0.0481198624206816,0.0512479946697215,0.0543761269187613,
0.0575042591678012,0.0606323914168411),.UNSPECIFIED.);
#57=B_SPLINE_CURVE_WITH_KNOTS('',3,(#5397,#5398,#5399,#5400,#5401,#5402,
#5403,#5404,#5405,#5406,#5407,#5408,#5409,#5410,#5411,#5412,#5413,#5414,
#5415,#5416,#5417,#5418,#5419,#5420,#5421,#5422,#5423,#5424,#5425,#5426,
#5427,#5428,#5429,#5430,#5431),.UNSPECIFIED.,.F.,.F.,(4,1,1,1,1,1,1,1,1,
1,1,1,1,1,1,1,1,1,1,1,1,1,1,1,1,1,1,1,1,1,1,1,4),(0.0105822754322031,0.0158482379976542,
0.0211142005631054,0.023747181845831,0.0263801631285566,0.0276966537699194,
0.0290131444112821,0.0303296350526449,0.0316461256940077,0.0329626163353705,
0.0336208616560519,0.0342791069767333,0.034608229637074,0.0349373522974147,
0.0352664749577554,0.0354310362879258,0.0355955976180961,0.0357601589482665,
0.0359247202784368,0.0362538429387775,0.0365829655991182,0.0369120882594589,
0.0375703335801403,0.0382285789008217,0.0388868242215031,0.0395450695421845,
0.0408615601835473,0.0421780508249101,0.0434945414662729,0.0448110321076357,
0.0474440133903612,0.0500769946730868,0.0527099759558124),.UNSPECIFIED.);
#58=B_SPLINE_CURVE_WITH_KNOTS('',3,(#5434,#5435,#5436,#5437),
 .UNSPECIFIED.,.F.,.F.,(4,4),(0.00740264691605245,0.0376007510103579),
 .UNSPECIFIED.);
#59=B_SPLINE_CURVE_WITH_KNOTS('',3,(#5438,#5439,#5440,#5441),
 .UNSPECIFIED.,.F.,.F.,(4,4),(0.00740264691605244,0.037600751010358),
 .UNSPECIFIED.);
#60=B_SPLINE_CURVE_WITH_KNOTS('',3,(#5447,#5448,#5449,#5450,#5451,#5452,
#5453,#5454,#5455,#5456,#5457,#5458,#5459,#5460,#5461,#5462,#5463,#5464,
#5465,#5466,#5467,#5468,#5469,#5470,#5471,#5472,#5473,#5474,#5475,#5476,
#5477,#5478,#5479,#5480,#5481,#5482,#5483),.UNSPECIFIED.,.F.,.F.,(4,1,1,
1,1,1,1,1,1,1,1,1,1,1,1,1,1,1,1,1,1,1,1,1,1,1,1,1,1,1,1,1,1,1,4),(0.0105822754322031,
0.0137104076816177,0.0168385399310323,0.0199666721804469,0.0230948044298615,
0.0262229366792761,0.0277870028039834,0.0293510689286907,0.030915135053398,
0.0316971681157517,0.0324792011781053,0.033261234240459,0.0340432673028126,
0.0344342838339894,0.0348253003651663,0.0352163168963431,0.0354118251619315,
0.0356073334275199,0.0358028416931083,0.0359983499586967,0.0363893664898736,
0.0367803830210504,0.0371713995522272,0.0379534326145809,0.0387354656769345,
0.0395174987392882,0.0402995318016418,0.0418635979263491,0.0434276640510564,
0.0449917301757637,0.0481198624251784,0.051247994674593,0.0543761269240076,
0.0575042591734222,0.0606323914228368),.UNSPECIFIED.);
#61=B_SPLINE_CURVE_WITH_KNOTS('',3,(#5487,#5488,#5489,#5490,#5491,#5492,
#5493,#5494,#5495,#5496,#5497,#5498,#5499,#5500,#5501,#5502,#5503,#5504,
#5505,#5506,#5507,#5508,#5509,#5510,#5511,#5512,#5513,#5514,#5515,#5516,
#5517,#5518,#5519,#5520,#5521,#5522,#5523),.UNSPECIFIED.,.F.,.F.,(4,1,1,
1,1,1,1,1,1,1,1,1,1,1,1,1,1,1,1,1,1,1,1,1,1,1,1,1,1,1,1,1,1,1,4),(0.0105822754322031,
0.013710407680928,0.016838539929653,0.0199666721783779,0.0230948044271029,
0.0262229366758278,0.0277870028001903,0.0293510689245528,0.0309151350489153,
0.0316971681110965,0.0324792011732778,0.033261234235459,0.0340432672976402,
0.0344342838287309,0.0348253003598215,0.0352163168909121,0.0354118251564574,
0.0356073334220027,0.035802841687548,0.0359983499530933,0.036389366484184,
0.0367803830152746,0.0371713995463652,0.0379534326085464,0.0387354656707277,
0.0395174987329089,0.0402995317950901,0.0418635979194526,0.0434276640438151,
0.0449917301681776,0.0481198624169025,0.0512479946656275,0.0543761269143525,
0.0575042591630774,0.0606323914118024),.UNSPECIFIED.);
#62=B_SPLINE_CURVE_WITH_KNOTS('',3,(#5527,#5528,#5529,#5530,#5531,#5532,
#5533,#5534,#5535,#5536,#5537,#5538,#5539,#5540,#5541,#5542,#5543,#5544,
#5545,#5546,#5547,#5548,#5549,#5550,#5551,#5552,#5553,#5554,#5555,#5556,
#5557,#5558,#5559,#5560,#5561,#5562,#5563),.UNSPECIFIED.,.F.,.F.,(4,1,1,
1,1,1,1,1,1,1,1,1,1,1,1,1,1,1,1,1,1,1,1,1,1,1,1,1,1,1,1,1,1,1,4),(0.0105822754322031,
0.0137104076820006,0.0168385399317982,0.0199666721815957,0.0230948044313933,
0.0262229366811908,0.0277870028060896,0.0293510689309884,0.0309151350558872,
0.0316971681183366,0.0324792011807859,0.0332612342432353,0.0340432673056847,
0.0344342838369094,0.0348253003681341,0.0352163168993588,0.0354118251649711,
0.0356073334305835,0.0358028416961958,0.0359983499618082,0.0363893664930329,
0.0367803830242576,0.0371713995554823,0.0379534326179317,0.038735465680381,
0.0395174987428304,0.0402995318052798,0.0418635979301786,0.0434276640550774,
0.0449917301799762,0.0481198624297737,0.0512479946795713,0.0543761269293688,
0.0575042591791664,0.0606323914289639),.UNSPECIFIED.);
#63=B_SPLINE_CURVE_WITH_KNOTS('',3,(#5567,#5568,#5569,#5570,#5571,#5572,
#5573,#5574,#5575,#5576,#5577,#5578,#5579,#5580,#5581,#5582,#5583,#5584,
#5585,#5586,#5587,#5588,#5589,#5590,#5591,#5592,#5593,#5594,#5595,#5596,
#5597,#5598,#5599,#5600,#5601,#5602,#5603),.UNSPECIFIED.,.F.,.F.,(4,1,1,
1,1,1,1,1,1,1,1,1,1,1,1,1,1,1,1,1,1,1,1,1,1,1,1,1,1,1,1,1,1,1,4),(0.0105822754322031,
0.0137104076812433,0.0168385399302835,0.0199666721793237,0.0230948044283639,
0.0262229366774041,0.0277870028019242,0.0293510689264443,0.0309151350509644,
0.0316971681132244,0.0324792011754845,0.0332612342377445,0.0340432673000046,
0.0344342838311346,0.0348253003622646,0.0352163168933947,0.0354118251589597,
0.0356073334245247,0.0358028416900897,0.0359983499556547,0.0363893664867847,
0.0367803830179148,0.0371713995490448,0.0379534326113048,0.0387354656735649,
0.0395174987358249,0.040299531798085,0.0418635979226051,0.0434276640471252,
0.0449917301716453,0.0481198624206855,0.0512479946697257,0.0543761269187659,
0.0575042591678061,0.0606323914168463),.UNSPECIFIED.);
#64=B_SPLINE_CURVE_WITH_KNOTS('',3,(#5608,#5609,#5610,#5611,#5612,#5613,
#5614,#5615,#5616,#5617,#5618,#5619,#5620,#5621,#5622,#5623,#5624,#5625,
#5626,#5627,#5628,#5629,#5630,#5631,#5632,#5633,#5634,#5635,#5636,#5637,
#5638,#5639,#5640,#5641,#5642,#5643,#5644),.UNSPECIFIED.,.F.,.F.,(4,1,1,
1,1,1,1,1,1,1,1,1,1,1,1,1,1,1,1,1,1,1,1,1,1,1,1,1,1,1,1,1,1,1,4),(0.0105822754322031,
0.0137104076816176,0.0168385399310322,0.0199666721804468,0.0230948044298613,
0.0262229366792759,0.0277870028039832,0.0293510689286905,0.0309151350533977,
0.0316971681157514,0.032479201178105,0.0332612342404587,0.0340432673028123,
0.0344342838339891,0.034825300365166,0.0352163168963428,0.0354118251619312,
0.0356073334275196,0.035802841693108,0.0359983499586964,0.0363893664898732,
0.0367803830210501,0.0371713995522269,0.0379534326145805,0.0387354656769342,
0.0395174987392878,0.0402995318016414,0.0418635979263487,0.043427664051056,
0.0449917301757633,0.0481198624251779,0.0512479946745924,0.054376126924007,
0.0575042591734216,0.0606323914228361),.UNSPECIFIED.);
#65=B_SPLINE_CURVE_WITH_KNOTS('',3,(#5648,#5649,#5650,#5651,#5652,#5653,
#5654,#5655,#5656,#5657,#5658,#5659,#5660,#5661,#5662,#5663,#5664,#5665,
#5666,#5667,#5668,#5669,#5670,#5671,#5672,#5673,#5674,#5675,#5676,#5677,
#5678,#5679,#5680,#5681,#5682,#5683,#5684),.UNSPECIFIED.,.F.,.F.,(4,1,1,
1,1,1,1,1,1,1,1,1,1,1,1,1,1,1,1,1,1,1,1,1,1,1,1,1,1,1,1,1,1,1,4),(0.0105822754322031,
0.0137104076820005,0.016838539931798,0.0199666721815954,0.0230948044313928,
0.0262229366811903,0.027787002806089,0.0293510689309877,0.0309151350558864,
0.0316971681183358,0.0324792011807852,0.0332612342432345,0.0340432673056839,
0.0344342838369086,0.0348253003681332,0.0352163168993579,0.0354118251649703,
0.0356073334305826,0.0358028416961949,0.0359983499618073,0.036389366493032,
0.0367803830242566,0.0371713995554813,0.0379534326179307,0.03873546568038,
0.0395174987428294,0.0402995318052788,0.0418635979301775,0.0434276640550762,
0.0449917301799749,0.0481198624297724,0.0512479946795698,0.0543761269293673,
0.0575042591791647,0.0606323914289621),.UNSPECIFIED.);
#66=B_SPLINE_CURVE_WITH_KNOTS('',3,(#5689,#5690,#5691,#5692,#5693,#5694,
#5695,#5696,#5697,#5698,#5699,#5700,#5701,#5702,#5703,#5704,#5705,#5706,
#5707,#5708,#5709,#5710,#5711,#5712,#5713,#5714,#5715,#5716,#5717,#5718,
#5719,#5720,#5721,#5722,#5723,#5724,#5725),.UNSPECIFIED.,.F.,.F.,(4,1,1,
1,1,1,1,1,1,1,1,1,1,1,1,1,1,1,1,1,1,1,1,1,1,1,1,1,1,1,1,1,1,1,4),(0.0105822754322031,
0.0137104076812432,0.0168385399302834,0.0199666721793235,0.0230948044283637,
0.0262229366774038,0.0277870028019239,0.029351068926444,0.0309151350509641,
0.0316971681132241,0.0324792011754842,0.0332612342377442,0.0340432673000042,
0.0344342838311343,0.0348253003622643,0.0352163168933943,0.0354118251589593,
0.0356073334245243,0.0358028416900893,0.0359983499556543,0.0363893664867843,
0.0367803830179144,0.0371713995490444,0.0379534326113044,0.0387354656735645,
0.0395174987358245,0.0402995317980845,0.0418635979226046,0.0434276640471247,
0.0449917301716448,0.0481198624206849,0.0512479946697251,0.0543761269187652,
0.0575042591678054,0.0606323914168456),.UNSPECIFIED.);
#67=B_SPLINE_CURVE_WITH_KNOTS('',3,(#5729,#5730,#5731,#5732,#5733,#5734,
#5735,#5736,#5737,#5738,#5739,#5740,#5741,#5742,#5743,#5744,#5745,#5746,
#5747,#5748,#5749,#5750,#5751,#5752,#5753,#5754,#5755,#5756,#5757,#5758,
#5759,#5760,#5761,#5762,#5763,#5764,#5765),.UNSPECIFIED.,.F.,.F.,(4,1,1,
1,1,1,1,1,1,1,1,1,1,1,1,1,1,1,1,1,1,1,1,1,1,1,1,1,1,1,1,1,1,1,4),(0.0105822754322031,
0.0137104076820007,0.0168385399317983,0.019966672181596,0.0230948044313936,
0.0262229366811913,0.0277870028060901,0.0293510689309889,0.0309151350558877,
0.0316971681183371,0.0324792011807866,0.033261234243236,0.0340432673056854,
0.0344342838369101,0.0348253003681348,0.0352163168993595,0.0354118251649718,
0.0356073334305842,0.0358028416961965,0.0359983499618089,0.0363893664930336,
0.0367803830242583,0.037171399555483,0.0379534326179324,0.0387354656803818,
0.0395174987428313,0.0402995318052807,0.0418635979301795,0.0434276640550783,
0.0449917301799771,0.0481198624297748,0.0512479946795724,0.05437612692937,
0.0575042591791677,0.0606323914289653),.UNSPECIFIED.);
#68=B_SPLINE_CURVE_WITH_KNOTS('',3,(#5769,#5770,#5771,#5772,#5773,#5774,
#5775,#5776,#5777,#5778,#5779,#5780,#5781,#5782,#5783,#5784,#5785,#5786,
#5787,#5788,#5789,#5790,#5791,#5792,#5793,#5794,#5795,#5796,#5797,#5798,
#5799,#5800,#5801,#5802,#5803,#5804,#5805),.UNSPECIFIED.,.F.,.F.,(4,1,1,
1,1,1,1,1,1,1,1,1,1,1,1,1,1,1,1,1,1,1,1,1,1,1,1,1,1,1,1,1,1,1,4),(0.0105822754322031,
0.0137104076812434,0.0168385399302836,0.0199666721793239,0.0230948044283642,
0.0262229366774045,0.0277870028019247,0.0293510689264448,0.0309151350509649,
0.031697168113225,0.0324792011754851,0.0332612342377452,0.0340432673000052,
0.0344342838311353,0.0348253003622653,0.0352163168933953,0.0354118251589604,
0.0356073334245254,0.0358028416900904,0.0359983499556554,0.0363893664867855,
0.0367803830179155,0.0371713995490455,0.0379534326113056,0.0387354656735657,
0.0395174987358257,0.0402995317980858,0.041863597922606,0.0434276640471261,
0.0449917301716462,0.0481198624206865,0.0512479946697268,0.0543761269187671,
0.0575042591678074,0.0606323914168477),.UNSPECIFIED.);
#69=B_SPLINE_CURVE_WITH_KNOTS('',3,(#5809,#5810,#5811,#5812,#5813,#5814,
#5815,#5816,#5817,#5818,#5819,#5820,#5821,#5822,#5823,#5824,#5825,#5826,
#5827,#5828,#5829,#5830,#5831,#5832,#5833,#5834,#5835,#5836,#5837,#5838,
#5839,#5840,#5841,#5842,#5843,#5844,#5845),.UNSPECIFIED.,.F.,.F.,(4,1,1,
1,1,1,1,1,1,1,1,1,1,1,1,1,1,1,1,1,1,1,1,1,1,1,1,1,1,1,1,1,1,1,4),(0.0105822754322031,
0.0137104076820007,0.0168385399317983,0.019966672181596,0.0230948044313936,
0.0262229366811913,0.0277870028060901,0.0293510689309889,0.0309151350558877,
0.0316971681183371,0.0324792011807865,0.033261234243236,0.0340432673056854,
0.0344342838369101,0.0348253003681348,0.0352163168993595,0.0354118251649718,
0.0356073334305842,0.0358028416961965,0.0359983499618089,0.0363893664930336,
0.0367803830242583,0.037171399555483,0.0379534326179324,0.0387354656803818,
0.0395174987428312,0.0402995318052806,0.0418635979301795,0.0434276640550783,
0.0449917301799771,0.0481198624297747,0.0512479946795724,0.05437612692937,
0.0575042591791677,0.0606323914289653),.UNSPECIFIED.);
#70=B_SPLINE_CURVE_WITH_KNOTS('',3,(#5852,#5853,#5854,#5855,#5856,#5857,
#5858,#5859,#5860,#5861,#5862,#5863,#5864,#5865,#5866,#5867,#5868,#5869,
#5870,#5871,#5872,#5873,#5874,#5875,#5876,#5877,#5878,#5879,#5880,#5881,
#5882,#5883,#5884,#5885,#5886,#5887,#5888),.UNSPECIFIED.,.F.,.F.,(4,1,1,
1,1,1,1,1,1,1,1,1,1,1,1,1,1,1,1,1,1,1,1,1,1,1,1,1,1,1,1,1,1,1,4),(0.0105822754322031,
0.0137104076812434,0.0168385399302838,0.0199666721793241,0.0230948044283645,
0.0262229366774048,0.027787002801925,0.0293510689264452,0.0309151350509654,
0.0316971681132254,0.0324792011754855,0.0332612342377456,0.0340432673000057,
0.0344342838311357,0.0348253003622658,0.0352163168933958,0.0354118251589609,
0.0356073334245259,0.0358028416900909,0.0359983499556559,0.036389366486786,
0.036780383017916,0.0371713995490461,0.0379534326113061,0.0387354656735662,
0.0395174987358263,0.0402995317980864,0.0418635979226066,0.0434276640471268,
0.0449917301716469,0.0481198624206873,0.0512479946697276,0.054376126918768,
0.0575042591678083,0.0606323914168487),.UNSPECIFIED.);
#71=B_SPLINE_CURVE_WITH_KNOTS('',3,(#5892,#5893,#5894,#5895,#5896,#5897,
#5898,#5899,#5900,#5901,#5902,#5903,#5904,#5905,#5906,#5907,#5908,#5909,
#5910,#5911,#5912,#5913,#5914,#5915,#5916,#5917,#5918,#5919,#5920,#5921,
#5922,#5923,#5924,#5925,#5926,#5927,#5928),.UNSPECIFIED.,.F.,.F.,(4,1,1,
1,1,1,1,1,1,1,1,1,1,1,1,1,1,1,1,1,1,1,1,1,1,1,1,1,1,1,1,1,1,1,4),(0.0105822754322031,
0.0137104076820007,0.0168385399317984,0.019966672181596,0.0230948044313937,
0.0262229366811913,0.0277870028060902,0.029351068930989,0.0309151350558878,
0.0316971681183372,0.0324792011807866,0.033261234243236,0.0340432673056855,
0.0344342838369102,0.0348253003681349,0.0352163168993596,0.0354118251649719,
0.0356073334305843,0.0358028416961966,0.035998349961809,0.0363893664930337,
0.0367803830242584,0.0371713995554831,0.0379534326179325,0.0387354656803819,
0.0395174987428313,0.0402995318052808,0.0418635979301796,0.0434276640550784,
0.0449917301799772,0.0481198624297749,0.0512479946795725,0.0543761269293702,
0.0575042591791678,0.0606323914289655),.UNSPECIFIED.);
#72=B_SPLINE_CURVE_WITH_KNOTS('',3,(#5935,#5936,#5937,#5938,#5939,#5940,
#5941,#5942,#5943,#5944,#5945,#5946,#5947,#5948,#5949,#5950,#5951,#5952,
#5953,#5954,#5955,#5956,#5957,#5958,#5959,#5960,#5961,#5962,#5963,#5964,
#5965,#5966,#5967,#5968,#5969,#5970,#5971),.UNSPECIFIED.,.F.,.F.,(4,1,1,
1,1,1,1,1,1,1,1,1,1,1,1,1,1,1,1,1,1,1,1,1,1,1,1,1,1,1,1,1,1,1,4),(0.0105822754322031,
0.0137104076820009,0.0168385399317988,0.0199666721815966,0.0230948044313945,
0.0262229366811924,0.0277870028060913,0.0293510689309902,0.0309151350558891,
0.0316971681183386,0.0324792011807881,0.0332612342432375,0.034043267305687,
0.0344342838369117,0.0348253003681365,0.0352163168993612,0.0354118251649736,
0.0356073334305859,0.0358028416961983,0.0359983499618107,0.0363893664930354,
0.0367803830242601,0.0371713995554849,0.0379534326179343,0.0387354656803838,
0.0395174987428333,0.0402995318052827,0.0418635979301816,0.0434276640550806,
0.0449917301799795,0.0481198624297774,0.0512479946795752,0.0543761269293731,
0.0575042591791709,0.0606323914289688),.UNSPECIFIED.);
#73=B_SPLINE_CURVE_WITH_KNOTS('',3,(#5977,#5978,#5979,#5980,#5981,#5982,
#5983,#5984,#5985,#5986,#5987,#5988,#5989,#5990,#5991,#5992,#5993,#5994,
#5995,#5996,#5997,#5998,#5999,#6000,#6001,#6002,#6003,#6004,#6005,#6006,
#6007,#6008,#6009,#6010,#6011,#6012,#6013),.UNSPECIFIED.,.F.,.F.,(4,1,1,
1,1,1,1,1,1,1,1,1,1,1,1,1,1,1,1,1,1,1,1,1,1,1,1,1,1,1,1,1,1,1,4),(0.0105822754322031,
0.013710407680928,0.0168385399296528,0.0199666721783777,0.0230948044271026,
0.0262229366758275,0.0277870028001899,0.0293510689245524,0.0309151350489148,
0.0316971681110961,0.0324792011732773,0.0332612342354585,0.0340432672976397,
0.0344342838287303,0.0348253003598209,0.0352163168909116,0.0354118251564569,
0.0356073334220022,0.0358028416875475,0.0359983499530928,0.0363893664841834,
0.036780383015274,0.0371713995463646,0.0379534326085458,0.038735465670727,
0.0395174987329083,0.0402995317950895,0.0418635979194519,0.0434276640438144,
0.0449917301681768,0.0481198624169017,0.0512479946656266,0.0543761269143515,
0.0575042591630764,0.0606323914118013),.UNSPECIFIED.);
#74=B_SPLINE_CURVE_WITH_KNOTS('',3,(#6021,#6022,#6023,#6024,#6025,#6026,
#6027,#6028,#6029,#6030,#6031,#6032,#6033,#6034,#6035,#6036,#6037,#6038,
#6039,#6040,#6041,#6042,#6043,#6044,#6045,#6046,#6047,#6048,#6049,#6050,
#6051,#6052,#6053,#6054,#6055,#6056,#6057),.UNSPECIFIED.,.F.,.F.,(4,1,1,
1,1,1,1,1,1,1,1,1,1,1,1,1,1,1,1,1,1,1,1,1,1,1,1,1,1,1,1,1,1,1,4),(0.0105822754322031,
0.013710407680619,0.0168385399290349,0.0199666721774508,0.0230948044258667,
0.0262229366742826,0.0277870027984905,0.0293510689226985,0.0309151350469064,
0.0316971681090104,0.0324792011711144,0.0332612342332184,0.0340432672953224,
0.0344342838263743,0.0348253003574263,0.0352163168884783,0.0354118251540043,
0.0356073334195303,0.0358028416850563,0.0359983499505823,0.0363893664816343,
0.0367803830126863,0.0371713995437383,0.0379534326058422,0.0387354656679462,
0.0395174987300502,0.0402995317921542,0.0418635979163621,0.0434276640405701,
0.044991730164778,0.0481198624131939,0.0512479946616098,0.0543761269100257,
0.0575042591584416,0.0606323914068575),.UNSPECIFIED.);
#75=B_SPLINE_CURVE_WITH_KNOTS('',3,(#6061,#6062,#6063,#6064,#6065,#6066,
#6067,#6068,#6069,#6070,#6071,#6072,#6073,#6074,#6075,#6076,#6077,#6078,
#6079,#6080,#6081,#6082,#6083,#6084,#6085,#6086,#6087,#6088,#6089,#6090,
#6091,#6092,#6093,#6094,#6095),.UNSPECIFIED.,.F.,.F.,(4,1,1,1,1,1,1,1,1,
1,1,1,1,1,1,1,1,1,1,1,1,1,1,1,1,1,1,1,1,1,1,1,4),(0.0105822754322031,0.0158482379976509,
0.0211142005630988,0.0237471818458227,0.0263801631285467,0.0276966537699086,
0.0290131444112706,0.0303296350526326,0.0316461256939945,0.0329626163353565,
0.0336208616560375,0.0342791069767185,0.034608229637059,0.0349373522973995,
0.0352664749577399,0.0354310362879102,0.0355955976180804,0.0357601589482507,
0.0359247202784209,0.0362538429387614,0.0365829655991019,0.0369120882594424,
0.0375703335801234,0.0382285789008044,0.0388868242214854,0.0395450695421663,
0.0408615601835283,0.0421780508248903,0.0434945414662522,0.0448110321076142,
0.0474440133903381,0.0500769946730621,0.052709975955786),.UNSPECIFIED.);
#76=B_SPLINE_CURVE_WITH_KNOTS('',3,(#6097,#6098,#6099,#6100),
 .UNSPECIFIED.,.F.,.F.,(4,4),(0.00740264691605245,0.0376007510103298),
 .UNSPECIFIED.);
#77=B_SPLINE_CURVE_WITH_KNOTS('',3,(#6101,#6102,#6103,#6104),
 .UNSPECIFIED.,.F.,.F.,(4,4),(0.00740264691605244,0.0376007510103297),
 .UNSPECIFIED.);
#78=B_SPLINE_CURVE_WITH_KNOTS('',3,(#6106,#6107,#6108,#6109,#6110,#6111,
#6112,#6113,#6114,#6115,#6116,#6117,#6118,#6119,#6120,#6121,#6122,#6123,
#6124,#6125,#6126,#6127,#6128,#6129,#6130,#6131,#6132,#6133,#6134,#6135,
#6136,#6137,#6138,#6139,#6140),.UNSPECIFIED.,.F.,.F.,(4,1,1,1,1,1,1,1,1,
1,1,1,1,1,1,1,1,1,1,1,1,1,1,1,1,1,1,1,1,1,1,1,4),(0.0105822754322031,0.0158482379976507,
0.0211142005630984,0.0237471818458222,0.026380163128546,0.0276966537699079,
0.0290131444112698,0.0303296350526318,0.0316461256939937,0.0329626163353556,
0.0336208616560365,0.0342791069767175,0.034608229637058,0.0349373522973984,
0.0352664749577389,0.0354310362879092,0.0355955976180794,0.0357601589482496,
0.0359247202784199,0.0362538429387604,0.0365829655991008,0.0369120882594413,
0.0375703335801223,0.0382285789008032,0.0388868242214842,0.0395450695421651,
0.040861560183527,0.042178050824889,0.0434945414662509,0.0448110321076128,
0.0474440133903366,0.0500769946730604,0.0527099759557843),.UNSPECIFIED.);
#79=B_SPLINE_CURVE_WITH_KNOTS('',3,(#6145,#6146,#6147,#6148),
 .UNSPECIFIED.,.F.,.F.,(4,4),(0.00740264691605245,0.0376007510103309),
 .UNSPECIFIED.);
#80=B_SPLINE_CURVE_WITH_KNOTS('',3,(#6149,#6150,#6151,#6152),
 .UNSPECIFIED.,.F.,.F.,(4,4),(0.00740264691605245,0.03760075101033),
 .UNSPECIFIED.);
#81=B_SPLINE_CURVE_WITH_KNOTS('',3,(#6159,#6160,#6161,#6162,#6163,#6164,
#6165,#6166,#6167,#6168,#6169,#6170,#6171,#6172,#6173,#6174,#6175,#6176,
#6177,#6178,#6179,#6180,#6181,#6182,#6183,#6184,#6185,#6186,#6187,#6188,
#6189,#6190,#6191,#6192,#6193),.UNSPECIFIED.,.F.,.F.,(4,1,1,1,1,1,1,1,1,
1,1,1,1,1,1,1,1,1,1,1,1,1,1,1,1,1,1,1,1,1,1,1,4),(0.0105822754322031,0.0158482379976544,
0.0211142005631058,0.0237471818458315,0.0263801631285572,0.02769665376992,
0.0290131444112829,0.0303296350526457,0.0316461256940085,0.0329626163353714,
0.0336208616560528,0.0342791069767342,0.034608229637075,0.0349373522974157,
0.0352664749577564,0.0354310362879267,0.0355955976180971,0.0357601589482674,
0.0359247202784378,0.0362538429387785,0.0365829655991192,0.0369120882594599,
0.0375703335801413,0.0382285789008228,0.0388868242215042,0.0395450695421856,
0.0408615601835484,0.0421780508249113,0.0434945414662741,0.044811032107637,
0.0474440133903627,0.0500769946730883,0.052709975955814),.UNSPECIFIED.);
#82=B_SPLINE_CURVE_WITH_KNOTS('',3,(#6195,#6196,#6197,#6198),
 .UNSPECIFIED.,.F.,.F.,(4,4),(0.00740264691605244,0.0376007510103579),
 .UNSPECIFIED.);
#83=B_SPLINE_CURVE_WITH_KNOTS('',3,(#6199,#6200,#6201,#6202),
 .UNSPECIFIED.,.F.,.F.,(4,4),(0.00740264691605244,0.0376007510103578),
 .UNSPECIFIED.);
#84=B_SPLINE_CURVE_WITH_KNOTS('',3,(#6204,#6205,#6206,#6207,#6208,#6209,
#6210,#6211,#6212,#6213,#6214,#6215,#6216,#6217,#6218,#6219,#6220,#6221,
#6222,#6223,#6224,#6225,#6226,#6227,#6228,#6229,#6230,#6231,#6232,#6233,
#6234,#6235,#6236,#6237,#6238),.UNSPECIFIED.,.F.,.F.,(4,1,1,1,1,1,1,1,1,
1,1,1,1,1,1,1,1,1,1,1,1,1,1,1,1,1,1,1,1,1,1,1,4),(0.0105822754322031,0.0158482379976542,
0.0211142005631054,0.023747181845831,0.0263801631285565,0.0276966537699193,
0.0290131444112821,0.0303296350526449,0.0316461256940077,0.0329626163353705,
0.0336208616560519,0.0342791069767333,0.034608229637074,0.0349373522974147,
0.0352664749577554,0.0354310362879257,0.0355955976180961,0.0357601589482664,
0.0359247202784368,0.0362538429387775,0.0365829655991182,0.0369120882594589,
0.0375703335801402,0.0382285789008216,0.038886824221503,0.0395450695421844,
0.0408615601835472,0.04217805082491,0.0434945414662728,0.0448110321076356,
0.0474440133903612,0.0500769946730868,0.0527099759558123),.UNSPECIFIED.);
#85=B_SPLINE_CURVE_WITH_KNOTS('',3,(#6244,#6245,#6246,#6247,#6248,#6249,
#6250,#6251,#6252,#6253,#6254,#6255,#6256,#6257,#6258,#6259,#6260,#6261,
#6262,#6263,#6264,#6265,#6266,#6267,#6268,#6269,#6270,#6271,#6272,#6273,
#6274,#6275,#6276,#6277,#6278,#6279,#6280),.UNSPECIFIED.,.F.,.F.,(4,1,1,
1,1,1,1,1,1,1,1,1,1,1,1,1,1,1,1,1,1,1,1,1,1,1,1,1,1,1,1,1,1,1,4),(0.0105822754322031,
0.0137104076809277,0.0168385399296524,0.019966672178377,0.0230948044271017,
0.0262229366758263,0.0277870028001887,0.029351068924551,0.0309151350489133,
0.0316971681110945,0.0324792011732756,0.0332612342354568,0.034043267297638,
0.0344342838287285,0.0348253003598191,0.0352163168909097,0.035411825156455,
0.0356073334220003,0.0358028416875456,0.0359983499530909,0.0363893664841814,
0.036780383015272,0.0371713995463626,0.0379534326085438,0.0387354656707249,
0.0395174987329061,0.0402995317950873,0.0418635979194496,0.0434276640438119,
0.0449917301681742,0.0481198624168989,0.0512479946656235,0.0543761269143482,
0.0575042591630728,0.0606323914117975),.UNSPECIFIED.);
#86=B_SPLINE_CURVE_WITH_KNOTS('',3,(#6285,#6286,#6287,#6288,#6289,#6290,
#6291,#6292,#6293,#6294,#6295,#6296,#6297,#6298,#6299,#6300,#6301,#6302,
#6303,#6304,#6305,#6306,#6307,#6308,#6309,#6310,#6311,#6312,#6313,#6314,
#6315,#6316,#6317,#6318,#6319,#6320,#6321),.UNSPECIFIED.,.F.,.F.,(4,1,1,
1,1,1,1,1,1,1,1,1,1,1,1,1,1,1,1,1,1,1,1,1,1,1,1,1,1,1,1,1,1,1,4),(0.0105822754322031,
0.0137104076812432,0.0168385399302834,0.0199666721793235,0.0230948044283637,
0.0262229366774039,0.0277870028019239,0.029351068926444,0.0309151350509641,
0.0316971681132241,0.0324792011754842,0.0332612342377442,0.0340432673000042,
0.0344342838311343,0.0348253003622643,0.0352163168933943,0.0354118251589593,
0.0356073334245243,0.0358028416900893,0.0359983499556543,0.0363893664867844,
0.0367803830179144,0.0371713995490444,0.0379534326113044,0.0387354656735645,
0.0395174987358245,0.0402995317980846,0.0418635979226046,0.0434276640471247,
0.0449917301716448,0.0481198624206849,0.0512479946697251,0.0543761269187653,
0.0575042591678054,0.0606323914168456),.UNSPECIFIED.);
#87=B_SPLINE_CURVE_WITH_KNOTS('',3,(#6325,#6326,#6327,#6328,#6329,#6330,
#6331,#6332,#6333,#6334,#6335,#6336,#6337,#6338,#6339,#6340,#6341,#6342,
#6343,#6344,#6345,#6346,#6347,#6348,#6349,#6350,#6351,#6352,#6353,#6354,
#6355,#6356,#6357,#6358,#6359,#6360,#6361),.UNSPECIFIED.,.F.,.F.,(4,1,1,
1,1,1,1,1,1,1,1,1,1,1,1,1,1,1,1,1,1,1,1,1,1,1,1,1,1,1,1,1,1,1,4),(0.0105822754322031,
0.0137104076820006,0.0168385399317981,0.0199666721815956,0.0230948044313931,
0.0262229366811907,0.0277870028060894,0.0293510689309882,0.0309151350558869,
0.0316971681183363,0.0324792011807857,0.0332612342432351,0.0340432673056845,
0.0344342838369091,0.0348253003681338,0.0352163168993585,0.0354118251649709,
0.0356073334305832,0.0358028416961955,0.0359983499618079,0.0363893664930326,
0.0367803830242573,0.037171399555482,0.0379534326179313,0.0387354656803807,
0.0395174987428301,0.0402995318052795,0.0418635979301782,0.043427664055077,
0.0449917301799758,0.0481198624297733,0.0512479946795708,0.0543761269293683,
0.0575042591791658,0.0606323914289633),.UNSPECIFIED.);
#88=B_SPLINE_CURVE_WITH_KNOTS('',3,(#6370,#6371,#6372,#6373,#6374,#6375,
#6376,#6377,#6378,#6379,#6380,#6381,#6382,#6383,#6384,#6385,#6386,#6387,
#6388,#6389,#6390,#6391,#6392,#6393,#6394,#6395,#6396,#6397,#6398,#6399,
#6400,#6401,#6402,#6403,#6404),.UNSPECIFIED.,.F.,.F.,(4,1,1,1,1,1,1,1,1,
1,1,1,1,1,1,1,1,1,1,1,1,1,1,1,1,1,1,1,1,1,1,1,4),(0.0105822754322031,0.0158482379976543,
0.0211142005631054,0.023747181845831,0.0263801631285566,0.0276966537699194,
0.0290131444112822,0.030329635052645,0.0316461256940078,0.0329626163353706,
0.033620861656052,0.0342791069767334,0.0346082296370741,0.0349373522974148,
0.0352664749577555,0.0354310362879259,0.0355955976180962,0.0357601589482666,
0.0359247202784369,0.0362538429387776,0.0365829655991183,0.036912088259459,
0.0375703335801404,0.0382285789008218,0.0388868242215032,0.0395450695421846,
0.0408615601835474,0.0421780508249102,0.043494541466273,0.0448110321076358,
0.0474440133903614,0.050076994673087,0.0527099759558126),.UNSPECIFIED.);
#89=B_SPLINE_CURVE_WITH_KNOTS('',3,(#6406,#6407,#6408,#6409),
 .UNSPECIFIED.,.F.,.F.,(4,4),(0.00740264691605246,0.0376007510103578),
 .UNSPECIFIED.);
#90=B_SPLINE_CURVE_WITH_KNOTS('',3,(#6410,#6411,#6412,#6413),
 .UNSPECIFIED.,.F.,.F.,(4,4),(0.00740264691605245,0.0376007510103579),
 .UNSPECIFIED.);
#91=B_SPLINE_CURVE_WITH_KNOTS('',3,(#6415,#6416,#6417,#6418),
 .UNSPECIFIED.,.F.,.F.,(4,4),(0.00740264691605245,0.0376007510103581),
 .UNSPECIFIED.);
#92=B_SPLINE_CURVE_WITH_KNOTS('',3,(#6420,#6421,#6422,#6423),
 .UNSPECIFIED.,.F.,.F.,(4,4),(0.00740264691605245,0.0376007510103581),
 .UNSPECIFIED.);
#93=B_SPLINE_CURVE_WITH_KNOTS('',3,(#6427,#6428,#6429,#6430),
 .UNSPECIFIED.,.F.,.F.,(4,4),(0.00740264691605245,0.0376007510103578),
 .UNSPECIFIED.);
#94=B_SPLINE_CURVE_WITH_KNOTS('',3,(#6433,#6434,#6435,#6436),
 .UNSPECIFIED.,.F.,.F.,(4,4),(0.00740264691605245,0.0376007510103578),
 .UNSPECIFIED.);
#95=B_SPLINE_CURVE_WITH_KNOTS('',3,(#6439,#6440,#6441,#6442),
 .UNSPECIFIED.,.F.,.F.,(4,4),(0.00740264691605245,0.0376007510103579),
 .UNSPECIFIED.);
#96=B_SPLINE_CURVE_WITH_KNOTS('',3,(#6444,#6445,#6446,#6447),
 .UNSPECIFIED.,.F.,.F.,(4,4),(0.00740264691605244,0.0376007510103295),
 .UNSPECIFIED.);
#97=B_SPLINE_CURVE_WITH_KNOTS('',3,(#6449,#6450,#6451,#6452),
 .UNSPECIFIED.,.F.,.F.,(4,4),(0.00740264691605245,0.0376007510103579),
 .UNSPECIFIED.);
#98=B_SPLINE_CURVE_WITH_KNOTS('',3,(#6454,#6455,#6456,#6457),
 .UNSPECIFIED.,.F.,.F.,(4,4),(0.00740264691605245,0.0376007510103579),
 .UNSPECIFIED.);
#99=B_SPLINE_CURVE_WITH_KNOTS('',3,(#6459,#6460,#6461,#6462),
 .UNSPECIFIED.,.F.,.F.,(4,4),(0.00740264691605245,0.0376007510103302),
 .UNSPECIFIED.);
#100=B_SPLINE_CURVE_WITH_KNOTS('',3,(#6464,#6465,#6466,#6467),
 .UNSPECIFIED.,.F.,.F.,(4,4),(0.00740264691605245,0.0376007510103579),
 .UNSPECIFIED.);
#101=B_SPLINE_CURVE_WITH_KNOTS('',3,(#6469,#6470,#6471,#6472),
 .UNSPECIFIED.,.F.,.F.,(4,4),(0.00740264691605245,0.0376007510103579),
 .UNSPECIFIED.);
#102=B_SPLINE_CURVE_WITH_KNOTS('',3,(#6475,#6476,#6477,#6478),
 .UNSPECIFIED.,.F.,.F.,(4,4),(0.00740264691605244,0.0376007510103306),
 .UNSPECIFIED.);
#103=B_SPLINE_CURVE_WITH_KNOTS('',3,(#6480,#6481,#6482,#6483),
 .UNSPECIFIED.,.F.,.F.,(4,4),(0.00740264691605245,0.0376007510103305),
 .UNSPECIFIED.);
#104=B_SPLINE_CURVE_WITH_KNOTS('',3,(#6485,#6486,#6487,#6488),
 .UNSPECIFIED.,.F.,.F.,(4,4),(0.00740264691605244,0.0376007510103306),
 .UNSPECIFIED.);
#105=B_SPLINE_CURVE_WITH_KNOTS('',3,(#6542,#6543,#6544,#6545),
 .UNSPECIFIED.,.F.,.F.,(4,4),(0.00740264691605244,0.0376007510103581),
 .UNSPECIFIED.);
#106=B_SPLINE_CURVE_WITH_KNOTS('',3,(#6546,#6547,#6548,#6549),
 .UNSPECIFIED.,.F.,.F.,(4,4),(0.00740264691605244,0.0376007510103294),
 .UNSPECIFIED.);
#107=B_SPLINE_CURVE_WITH_KNOTS('',3,(#6551,#6552,#6553,#6554,#6555,#6556,
#6557,#6558,#6559,#6560,#6561,#6562,#6563,#6564,#6565,#6566,#6567,#6568,
#6569,#6570,#6571,#6572,#6573,#6574,#6575,#6576,#6577,#6578,#6579,#6580,
#6581,#6582,#6583,#6584,#6585,#6586,#6587),.UNSPECIFIED.,.F.,.F.,(4,1,1,
1,1,1,1,1,1,1,1,1,1,1,1,1,1,1,1,1,1,1,1,1,1,1,1,1,1,1,1,1,1,1,4),(0.0105822754322031,
0.0137104076816179,0.0168385399310328,0.0199666721804477,0.0230948044298625,
0.0262229366792774,0.0277870028039848,0.0293510689286923,0.0309151350533997,
0.0316971681157534,0.0324792011781071,0.0332612342404609,0.0340432673028146,
0.0344342838339914,0.0348253003651683,0.0352163168963451,0.0354118251619336,
0.035607333427522,0.0358028416931104,0.0359983499586989,0.0363893664898757,
0.0367803830210526,0.0371713995522294,0.0379534326145832,0.0387354656769369,
0.0395174987392906,0.0402995318016443,0.0418635979263517,0.0434276640510592,
0.0449917301757666,0.0481198624251815,0.0512479946745963,0.0543761269240112,
0.0575042591734261,0.060632391422841),.UNSPECIFIED.);
#108=B_SPLINE_CURVE_WITH_KNOTS('',3,(#6591,#6592,#6593,#6594,#6595,#6596,
#6597,#6598,#6599,#6600,#6601,#6602,#6603,#6604,#6605,#6606,#6607,#6608,
#6609,#6610,#6611,#6612,#6613,#6614,#6615,#6616,#6617,#6618,#6619,#6620,
#6621,#6622,#6623,#6624,#6625),.UNSPECIFIED.,.F.,.F.,(4,1,1,1,1,1,1,1,1,
1,1,1,1,1,1,1,1,1,1,1,1,1,1,1,1,1,1,1,1,1,1,1,4),(0.0105822754322031,0.0158482379976543,
0.0211142005631055,0.0237471818458311,0.0263801631285567,0.0276966537699195,
0.0290131444112823,0.0303296350526451,0.0316461256940079,0.0329626163353707,
0.0336208616560521,0.0342791069767335,0.0346082296370742,0.0349373522974149,
0.0352664749577556,0.0354310362879259,0.0355955976180963,0.0357601589482666,
0.035924720278437,0.0362538429387777,0.0365829655991184,0.0369120882594591,
0.0375703335801405,0.0382285789008219,0.0388868242215033,0.0395450695421847,
0.0408615601835475,0.0421780508249103,0.0434945414662731,0.0448110321076359,
0.0474440133903615,0.0500769946730871,0.0527099759558127),.UNSPECIFIED.);
#109=B_SPLINE_CURVE_WITH_KNOTS('',3,(#6628,#6629,#6630,#6631,#6632,#6633,
#6634,#6635,#6636,#6637,#6638,#6639,#6640,#6641,#6642,#6643,#6644,#6645,
#6646,#6647,#6648,#6649,#6650,#6651,#6652,#6653,#6654,#6655,#6656,#6657,
#6658,#6659,#6660,#6661,#6662,#6663,#6664),.UNSPECIFIED.,.F.,.F.,(4,1,1,
1,1,1,1,1,1,1,1,1,1,1,1,1,1,1,1,1,1,1,1,1,1,1,1,1,1,1,1,1,1,1,4),(0.0105822754322031,
0.0137104076812433,0.0168385399302836,0.0199666721793239,0.0230948044283642,
0.0262229366774045,0.0277870028019246,0.0293510689264447,0.0309151350509649,
0.0316971681132249,0.032479201175485,0.0332612342377451,0.0340432673000051,
0.0344342838311352,0.0348253003622652,0.0352163168933952,0.0354118251589603,
0.0356073334245253,0.0358028416900903,0.0359983499556553,0.0363893664867854,
0.0367803830179154,0.0371713995490454,0.0379534326113055,0.0387354656735656,
0.0395174987358256,0.0402995317980857,0.0418635979226058,0.043427664047126,
0.0449917301716461,0.0481198624206864,0.0512479946697267,0.0543761269187669,
0.0575042591678072,0.0606323914168475),.UNSPECIFIED.);
#110=B_SPLINE_CURVE_WITH_KNOTS('',3,(#6666,#6667,#6668,#6669,#6670,#6671,
#6672,#6673,#6674,#6675,#6676,#6677,#6678,#6679,#6680,#6681,#6682,#6683,
#6684,#6685,#6686,#6687,#6688,#6689,#6690,#6691,#6692,#6693,#6694,#6695,
#6696,#6697,#6698,#6699,#6700,#6701,#6702),.UNSPECIFIED.,.F.,.F.,(4,1,1,
1,1,1,1,1,1,1,1,1,1,1,1,1,1,1,1,1,1,1,1,1,1,1,1,1,1,1,1,1,1,1,4),(0.0105822754322031,
0.0137104076820006,0.0168385399317981,0.0199666721815956,0.0230948044313931,
0.0262229366811906,0.0277870028060894,0.0293510689309881,0.0309151350558869,
0.0316971681183363,0.0324792011807857,0.033261234243235,0.0340432673056844,
0.0344342838369091,0.0348253003681338,0.0352163168993585,0.0354118251649708,
0.0356073334305832,0.0358028416961955,0.0359983499618079,0.0363893664930326,
0.0367803830242572,0.0371713995554819,0.0379534326179313,0.0387354656803807,
0.0395174987428301,0.0402995318052794,0.0418635979301782,0.0434276640550769,
0.0449917301799757,0.0481198624297732,0.0512479946795707,0.0543761269293682,
0.0575042591791658,0.0606323914289633),.UNSPECIFIED.);
#111=B_SPLINE_CURVE_WITH_KNOTS('',3,(#6706,#6707,#6708,#6709,#6710,#6711,
#6712,#6713,#6714,#6715,#6716,#6717,#6718,#6719,#6720,#6721,#6722,#6723,
#6724,#6725,#6726,#6727,#6728,#6729,#6730,#6731,#6732,#6733,#6734,#6735,
#6736,#6737,#6738,#6739,#6740,#6741,#6742),.UNSPECIFIED.,.F.,.F.,(4,1,1,
1,1,1,1,1,1,1,1,1,1,1,1,1,1,1,1,1,1,1,1,1,1,1,1,1,1,1,1,1,1,1,4),(0.0105822754322031,
0.0137104076809278,0.0168385399296525,0.0199666721783772,0.0230948044271019,
0.0262229366758265,0.0277870028001889,0.0293510689245512,0.0309151350489136,
0.0316971681110948,0.0324792011732759,0.0332612342354571,0.0340432672976383,
0.0344342838287289,0.0348253003598195,0.0352163168909101,0.0354118251564553,
0.0356073334220006,0.0358028416875459,0.0359983499530912,0.0363893664841818,
0.0367803830152724,0.037171399546363,0.0379534326085442,0.0387354656707253,
0.0395174987329065,0.0402995317950877,0.04186359791945,0.0434276640438124,
0.0449917301681747,0.0481198624168994,0.0512479946656241,0.0543761269143488,
0.0575042591630735,0.0606323914117982),.UNSPECIFIED.);
#112=B_SPLINE_CURVE_WITH_KNOTS('',3,(#6746,#6747,#6748,#6749,#6750,#6751,
#6752,#6753,#6754,#6755,#6756,#6757,#6758,#6759,#6760,#6761,#6762,#6763,
#6764,#6765,#6766,#6767,#6768,#6769,#6770,#6771,#6772,#6773,#6774,#6775,
#6776,#6777,#6778,#6779,#6780),.UNSPECIFIED.,.F.,.F.,(4,1,1,1,1,1,1,1,1,
1,1,1,1,1,1,1,1,1,1,1,1,1,1,1,1,1,1,1,1,1,1,1,4),(0.0105822754322031,0.0158482379976543,
0.0211142005631056,0.0237471818458312,0.0263801631285569,0.0276966537699197,
0.0290131444112825,0.0303296350526453,0.0316461256940081,0.0329626163353709,
0.0336208616560523,0.0342791069767337,0.0346082296370744,0.0349373522974151,
0.0352664749577559,0.0354310362879262,0.0355955976180966,0.0357601589482669,
0.0359247202784373,0.036253842938778,0.0365829655991187,0.0369120882594594,
0.0375703335801408,0.0382285789008222,0.0388868242215036,0.039545069542185,
0.0408615601835478,0.0421780508249106,0.0434945414662734,0.0448110321076363,
0.0474440133903619,0.0500769946730875,0.0527099759558132),.UNSPECIFIED.);
#113=B_SPLINE_CURVE_WITH_KNOTS('',3,(#6782,#6783,#6784,#6785,#6786,#6787,
#6788,#6789,#6790,#6791,#6792,#6793,#6794,#6795,#6796,#6797,#6798,#6799,
#6800,#6801,#6802,#6803,#6804,#6805,#6806,#6807,#6808,#6809,#6810,#6811,
#6812,#6813,#6814,#6815,#6816),.UNSPECIFIED.,.F.,.F.,(4,1,1,1,1,1,1,1,1,
1,1,1,1,1,1,1,1,1,1,1,1,1,1,1,1,1,1,1,1,1,1,1,4),(0.0105822754322031,0.0158482379976508,
0.0211142005630986,0.0237471818458225,0.0263801631285464,0.0276966537699083,
0.0290131444112703,0.0303296350526322,0.0316461256939941,0.0329626163353561,
0.033620861656037,0.034279106976718,0.0346082296370585,0.034937352297399,
0.0352664749577395,0.0354310362879097,0.03559559761808,0.0357601589482502,
0.0359247202784205,0.0362538429387609,0.0365829655991014,0.0369120882594419,
0.0375703335801229,0.0382285789008038,0.0388868242214848,0.0395450695421658,
0.0408615601835277,0.0421780508248897,0.0434945414662516,0.0448110321076136,
0.0474440133903374,0.0500769946730613,0.0527099759557852),.UNSPECIFIED.);
#114=LINE('',#4115,#174);
#115=LINE('',#4118,#175);
#116=LINE('',#4120,#176);
#117=LINE('',#4122,#177);
#118=LINE('',#4124,#178);
#119=LINE('',#4127,#179);
#120=LINE('',#4129,#180);
#121=LINE('',#4131,#181);
#122=LINE('',#4133,#182);
#123=LINE('',#4136,#183);
#124=LINE('',#4138,#184);
#125=LINE('',#4140,#185);
#126=LINE('',#4142,#186);
#127=LINE('',#4145,#187);
#128=LINE('',#4147,#188);
#129=LINE('',#4149,#189);
#130=LINE('',#4154,#190);
#131=LINE('',#4158,#191);
#132=LINE('',#4162,#192);
#133=LINE('',#4166,#193);
#134=LINE('',#4173,#194);
#135=LINE('',#4177,#195);
#136=LINE('',#4181,#196);
#137=LINE('',#4185,#197);
#138=LINE('',#4189,#198);
#139=LINE('',#4193,#199);
#140=LINE('',#4197,#200);
#141=LINE('',#4201,#201);
#142=LINE('',#4205,#202);
#143=LINE('',#4209,#203);
#144=LINE('',#4213,#204);
#145=LINE('',#4217,#205);
#146=LINE('',#4221,#206);
#147=LINE('',#4225,#207);
#148=LINE('',#4229,#208);
#149=LINE('',#4233,#209);
#150=LINE('',#4237,#210);
#151=LINE('',#4241,#211);
#152=LINE('',#4245,#212);
#153=LINE('',#4249,#213);
#154=LINE('',#4253,#214);
#155=LINE('',#4257,#215);
#156=LINE('',#4261,#216);
#157=LINE('',#4265,#217);
#158=LINE('',#6839,#218);
#159=LINE('',#6840,#219);
#160=LINE('',#6842,#220);
#161=LINE('',#6844,#221);
#162=LINE('',#6846,#222);
#163=LINE('',#6848,#223);
#164=LINE('',#6850,#224);
#165=LINE('',#6852,#225);
#166=LINE('',#6855,#226);
#167=LINE('',#6856,#227);
#168=LINE('',#6858,#228);
#169=LINE('',#6860,#229);
#170=LINE('',#6862,#230);
#171=LINE('',#6864,#231);
#172=LINE('',#6866,#232);
#173=LINE('',#6868,#233);
#174=VECTOR('',#3360,1.);
#175=VECTOR('',#3361,1.);
#176=VECTOR('',#3362,1.);
#177=VECTOR('',#3363,1.);
#178=VECTOR('',#3366,1.);
#179=VECTOR('',#3367,1.);
#180=VECTOR('',#3368,1.);
#181=VECTOR('',#3369,1.);
#182=VECTOR('',#3372,1.);
#183=VECTOR('',#3373,1.);
#184=VECTOR('',#3374,1.);
#185=VECTOR('',#3375,1.);
#186=VECTOR('',#3378,1.);
#187=VECTOR('',#3379,1.);
#188=VECTOR('',#3380,1.);
#189=VECTOR('',#3381,1.);
#190=VECTOR('',#3386,1.);
#191=VECTOR('',#3389,1.);
#192=VECTOR('',#3392,1.);
#193=VECTOR('',#3395,1.);
#194=VECTOR('',#3402,1.);
#195=VECTOR('',#3405,1.);
#196=VECTOR('',#3408,1.);
#197=VECTOR('',#3411,1.);
#198=VECTOR('',#3414,1.);
#199=VECTOR('',#3417,1.);
#200=VECTOR('',#3420,1.);
#201=VECTOR('',#3423,1.);
#202=VECTOR('',#3426,1.);
#203=VECTOR('',#3429,1.);
#204=VECTOR('',#3432,1.);
#205=VECTOR('',#3435,1.);
#206=VECTOR('',#3438,1.);
#207=VECTOR('',#3441,1.);
#208=VECTOR('',#3444,1.);
#209=VECTOR('',#3447,1.);
#210=VECTOR('',#3450,1.);
#211=VECTOR('',#3453,1.);
#212=VECTOR('',#3456,1.);
#213=VECTOR('',#3459,1.);
#214=VECTOR('',#3462,1.);
#215=VECTOR('',#3465,1.);
#216=VECTOR('',#3468,1.);
#217=VECTOR('',#3471,1.);
#218=VECTOR('',#3852,1.);
#219=VECTOR('',#3853,1.);
#220=VECTOR('',#3856,1.);
#221=VECTOR('',#3859,1.);
#222=VECTOR('',#3862,1.);
#223=VECTOR('',#3865,1.);
#224=VECTOR('',#3868,1.);
#225=VECTOR('',#3871,1.);
#226=VECTOR('',#3876,1.);
#227=VECTOR('',#3877,1.);
#228=VECTOR('',#3880,1.);
#229=VECTOR('',#3883,1.);
#230=VECTOR('',#3886,1.);
#231=VECTOR('',#3889,1.);
#232=VECTOR('',#3892,1.);
#233=VECTOR('',#3895,1.);
#234=CONICAL_SURFACE('',#2765,0.00265,0.0436332312998582);
#235=CONICAL_SURFACE('',#2768,0.00265,0.0436332312998582);
#236=CONICAL_SURFACE('',#2771,0.00265,0.0436332312998582);
#237=CONICAL_SURFACE('',#2774,0.00265,0.0436332312998582);
#238=CONICAL_SURFACE('',#2777,0.00265,0.0436332312998582);
#239=CONICAL_SURFACE('',#2780,0.00265,0.0436332312998582);
#240=CONICAL_SURFACE('',#2783,0.00265,0.0436332312998582);
#241=CONICAL_SURFACE('',#2785,0.00265,0.0436332312998582);
#242=CONICAL_SURFACE('',#2787,0.00265,0.0436332312998582);
#243=CONICAL_SURFACE('',#2789,0.00265,0.0436332312998582);
#244=CONICAL_SURFACE('',#2792,0.00265,0.0436332312998582);
#245=CONICAL_SURFACE('',#2795,0.00265,0.0436332312998582);
#246=CONICAL_SURFACE('',#2797,0.00265,0.0436332312998582);
#247=CONICAL_SURFACE('',#2799,0.00265,0.0436332312998582);
#248=CONICAL_SURFACE('',#2801,0.00265,0.0436332312998582);
#249=CONICAL_SURFACE('',#2804,0.00265,0.0436332312998582);
#250=CONICAL_SURFACE('',#2807,0.00265,0.0436332312998582);
#251=CONICAL_SURFACE('',#2809,0.00265,0.0436332312998582);
#252=CONICAL_SURFACE('',#2811,0.00265,0.0436332312998582);
#253=CONICAL_SURFACE('',#2813,0.00265,0.0436332312998582);
#254=CONICAL_SURFACE('',#2816,0.00265,0.0436332312998582);
#255=CONICAL_SURFACE('',#2819,0.00265,0.0436332312998582);
#256=CONICAL_SURFACE('',#2821,0.00265,0.0436332312998582);
#257=CONICAL_SURFACE('',#2823,0.00265,0.0436332312998582);
#258=CONICAL_SURFACE('',#2825,0.00265,0.0436332312998582);
#259=CONICAL_SURFACE('',#2828,0.00265,0.0436332312998582);
#260=CONICAL_SURFACE('',#2831,0.00265,0.0436332312998582);
#261=CONICAL_SURFACE('',#2833,0.00265,0.0436332312998582);
#262=CONICAL_SURFACE('',#2835,0.00265,0.0436332312998582);
#263=CONICAL_SURFACE('',#2837,0.00265,0.0436332312998582);
#264=CONICAL_SURFACE('',#2840,0.00265,0.0436332312998582);
#265=CONICAL_SURFACE('',#2843,0.00265,0.0436332312998582);
#266=CONICAL_SURFACE('',#2846,0.00265,0.0436332312998582);
#267=CONICAL_SURFACE('',#2849,0.00265,0.0436332312998582);
#268=CONICAL_SURFACE('',#2888,0.00265,0.0436332312998582);
#269=CONICAL_SURFACE('',#2889,0.00564714466474557,0.0436332312998582);
#270=CONICAL_SURFACE('',#2891,0.00564714466474557,0.0436332312998582);
#271=CONICAL_SURFACE('',#2894,0.00564714466474557,0.0436332312998582);
#272=CONICAL_SURFACE('',#2897,0.00564714466474557,0.0436332312998582);
#273=CONICAL_SURFACE('',#2902,0.00564714466474557,0.0436332312998582);
#274=CONICAL_SURFACE('',#2907,0.00564714466474557,0.0436332312998582);
#275=CONICAL_SURFACE('',#2910,0.00564714466474557,0.0436332312998582);
#276=CONICAL_SURFACE('',#2913,0.00564714466474557,0.0436332312998582);
#277=CONICAL_SURFACE('',#2918,0.00564714466474557,0.0436332312998582);
#278=CONICAL_SURFACE('',#2921,0.00564714466474557,0.0436332312998582);
#279=CONICAL_SURFACE('',#2924,0.00564714466474557,0.0436332312998582);
#280=CONICAL_SURFACE('',#2929,0.00564714466474557,0.0436332312998582);
#281=CONICAL_SURFACE('',#2931,0.00564714466474557,0.0436332312998582);
#282=CONICAL_SURFACE('',#2936,0.00564714466474557,0.0436332312998582);
#283=CONICAL_SURFACE('',#2941,0.00564714466474557,0.0436332312998582);
#284=CONICAL_SURFACE('',#2946,0.00564714466474557,0.0436332312998582);
#285=CONICAL_SURFACE('',#2951,0.00564714466474557,0.0436332312998582);
#286=CONICAL_SURFACE('',#2956,0.00564714466474557,0.0436332312998582);
#287=CONICAL_SURFACE('',#2961,0.00564714466474557,0.0436332312998582);
#288=CONICAL_SURFACE('',#2964,0.00564714466474557,0.0436332312998582);
#289=CONICAL_SURFACE('',#2967,0.00564714466474557,0.0436332312998582);
#290=CONICAL_SURFACE('',#2970,0.00564714466474557,0.0436332312998582);
#291=CONICAL_SURFACE('',#2975,0.00564714466474557,0.0436332312998582);
#292=CONICAL_SURFACE('',#2980,0.00564714466474557,0.0436332312998582);
#293=CONICAL_SURFACE('',#3044,0.00564714466474557,0.0436332312998582);
#294=CONICAL_SURFACE('',#3045,0.00564714466474557,0.0436332312998582);
#295=CONICAL_SURFACE('',#3046,0.00564714466474557,0.0436332312998582);
#296=CONICAL_SURFACE('',#3047,0.00564714466474557,0.0436332312998582);
#297=CONICAL_SURFACE('',#3048,0.00564714466474557,0.0436332312998582);
#298=CONICAL_SURFACE('',#3049,0.00564714466474557,0.0436332312998582);
#299=CONICAL_SURFACE('',#3050,0.00564714466474557,0.0436332312998582);
#300=CONICAL_SURFACE('',#3051,0.00564714466474557,0.0436332312998582);
#301=CONICAL_SURFACE('',#3053,0.00564714466474557,0.0436332312998582);
#302=CONICAL_SURFACE('',#3055,0.00564714466474557,0.0436332312998582);
#303=CONICAL_SURFACE('',#3063,0.00564714466474557,0.0436332312998582);
#304=CONICAL_SURFACE('',#3077,0.003,0.785398163397448);
#305=CONICAL_SURFACE('',#3078,0.003,0.785398163397449);
#306=CONICAL_SURFACE('',#3081,0.003,0.785398163397448);
#307=CONICAL_SURFACE('',#3082,0.003,0.785398163397449);
#308=CONICAL_SURFACE('',#3085,0.003,0.785398163397448);
#309=CONICAL_SURFACE('',#3086,0.003,0.785398163397449);
#310=CONICAL_SURFACE('',#3089,0.003,0.785398163397448);
#311=CONICAL_SURFACE('',#3090,0.003,0.785398163397449);
#312=ORIENTED_EDGE('',*,*,#1062,.T.);
#313=ORIENTED_EDGE('',*,*,#1063,.F.);
#314=ORIENTED_EDGE('',*,*,#1064,.T.);
#315=ORIENTED_EDGE('',*,*,#1065,.F.);
#316=ORIENTED_EDGE('',*,*,#1066,.T.);
#317=ORIENTED_EDGE('',*,*,#1067,.F.);
#318=ORIENTED_EDGE('',*,*,#1068,.T.);
#319=ORIENTED_EDGE('',*,*,#1069,.F.);
#320=ORIENTED_EDGE('',*,*,#1070,.T.);
#321=ORIENTED_EDGE('',*,*,#1071,.F.);
#322=ORIENTED_EDGE('',*,*,#1072,.T.);
#323=ORIENTED_EDGE('',*,*,#1073,.F.);
#324=ORIENTED_EDGE('',*,*,#1074,.T.);
#325=ORIENTED_EDGE('',*,*,#1075,.F.);
#326=ORIENTED_EDGE('',*,*,#1076,.T.);
#327=ORIENTED_EDGE('',*,*,#1077,.F.);
#328=ORIENTED_EDGE('',*,*,#1078,.T.);
#329=ORIENTED_EDGE('',*,*,#1079,.F.);
#330=ORIENTED_EDGE('',*,*,#1080,.T.);
#331=ORIENTED_EDGE('',*,*,#1081,.F.);
#332=ORIENTED_EDGE('',*,*,#1082,.T.);
#333=ORIENTED_EDGE('',*,*,#1083,.F.);
#334=ORIENTED_EDGE('',*,*,#1084,.T.);
#335=ORIENTED_EDGE('',*,*,#1085,.F.);
#336=ORIENTED_EDGE('',*,*,#1086,.T.);
#337=ORIENTED_EDGE('',*,*,#1087,.F.);
#338=ORIENTED_EDGE('',*,*,#1088,.T.);
#339=ORIENTED_EDGE('',*,*,#1089,.F.);
#340=ORIENTED_EDGE('',*,*,#1090,.T.);
#341=ORIENTED_EDGE('',*,*,#1091,.F.);
#342=ORIENTED_EDGE('',*,*,#1092,.T.);
#343=ORIENTED_EDGE('',*,*,#1093,.F.);
#344=ORIENTED_EDGE('',*,*,#1094,.T.);
#345=ORIENTED_EDGE('',*,*,#1095,.F.);
#346=ORIENTED_EDGE('',*,*,#1096,.T.);
#347=ORIENTED_EDGE('',*,*,#1097,.F.);
#348=ORIENTED_EDGE('',*,*,#1098,.T.);
#349=ORIENTED_EDGE('',*,*,#1099,.F.);
#350=ORIENTED_EDGE('',*,*,#1100,.T.);
#351=ORIENTED_EDGE('',*,*,#1101,.F.);
#352=ORIENTED_EDGE('',*,*,#1102,.T.);
#353=ORIENTED_EDGE('',*,*,#1103,.F.);
#354=ORIENTED_EDGE('',*,*,#1104,.T.);
#355=ORIENTED_EDGE('',*,*,#1062,.F.);
#356=ORIENTED_EDGE('',*,*,#1105,.T.);
#357=ORIENTED_EDGE('',*,*,#1064,.F.);
#358=ORIENTED_EDGE('',*,*,#1106,.T.);
#359=ORIENTED_EDGE('',*,*,#1066,.F.);
#360=ORIENTED_EDGE('',*,*,#1107,.T.);
#361=ORIENTED_EDGE('',*,*,#1108,.F.);
#362=ORIENTED_EDGE('',*,*,#1109,.T.);
#363=ORIENTED_EDGE('',*,*,#1110,.F.);
#364=ORIENTED_EDGE('',*,*,#1111,.T.);
#365=ORIENTED_EDGE('',*,*,#1068,.F.);
#366=ORIENTED_EDGE('',*,*,#1112,.T.);
#367=ORIENTED_EDGE('',*,*,#1070,.F.);
#368=ORIENTED_EDGE('',*,*,#1113,.T.);
#369=ORIENTED_EDGE('',*,*,#1072,.F.);
#370=ORIENTED_EDGE('',*,*,#1114,.T.);
#371=ORIENTED_EDGE('',*,*,#1115,.F.);
#372=ORIENTED_EDGE('',*,*,#1116,.T.);
#373=ORIENTED_EDGE('',*,*,#1117,.F.);
#374=ORIENTED_EDGE('',*,*,#1118,.T.);
#375=ORIENTED_EDGE('',*,*,#1074,.F.);
#376=ORIENTED_EDGE('',*,*,#1119,.T.);
#377=ORIENTED_EDGE('',*,*,#1076,.F.);
#378=ORIENTED_EDGE('',*,*,#1120,.T.);
#379=ORIENTED_EDGE('',*,*,#1078,.F.);
#380=ORIENTED_EDGE('',*,*,#1121,.T.);
#381=ORIENTED_EDGE('',*,*,#1122,.F.);
#382=ORIENTED_EDGE('',*,*,#1123,.T.);
#383=ORIENTED_EDGE('',*,*,#1124,.F.);
#384=ORIENTED_EDGE('',*,*,#1125,.T.);
#385=ORIENTED_EDGE('',*,*,#1080,.F.);
#386=ORIENTED_EDGE('',*,*,#1126,.T.);
#387=ORIENTED_EDGE('',*,*,#1082,.F.);
#388=ORIENTED_EDGE('',*,*,#1127,.T.);
#389=ORIENTED_EDGE('',*,*,#1084,.F.);
#390=ORIENTED_EDGE('',*,*,#1128,.T.);
#391=ORIENTED_EDGE('',*,*,#1129,.F.);
#392=ORIENTED_EDGE('',*,*,#1130,.T.);
#393=ORIENTED_EDGE('',*,*,#1131,.F.);
#394=ORIENTED_EDGE('',*,*,#1132,.T.);
#395=ORIENTED_EDGE('',*,*,#1086,.F.);
#396=ORIENTED_EDGE('',*,*,#1133,.T.);
#397=ORIENTED_EDGE('',*,*,#1088,.F.);
#398=ORIENTED_EDGE('',*,*,#1134,.T.);
#399=ORIENTED_EDGE('',*,*,#1090,.F.);
#400=ORIENTED_EDGE('',*,*,#1135,.T.);
#401=ORIENTED_EDGE('',*,*,#1136,.F.);
#402=ORIENTED_EDGE('',*,*,#1137,.T.);
#403=ORIENTED_EDGE('',*,*,#1138,.F.);
#404=ORIENTED_EDGE('',*,*,#1139,.T.);
#405=ORIENTED_EDGE('',*,*,#1140,.F.);
#406=ORIENTED_EDGE('',*,*,#1141,.T.);
#407=ORIENTED_EDGE('',*,*,#1142,.F.);
#408=ORIENTED_EDGE('',*,*,#1143,.T.);
#409=ORIENTED_EDGE('',*,*,#1144,.F.);
#410=ORIENTED_EDGE('',*,*,#1145,.T.);
#411=ORIENTED_EDGE('',*,*,#1146,.T.);
#412=ORIENTED_EDGE('',*,*,#1147,.T.);
#413=ORIENTED_EDGE('',*,*,#1148,.T.);
#414=ORIENTED_EDGE('',*,*,#1149,.T.);
#415=ORIENTED_EDGE('',*,*,#1150,.T.);
#416=ORIENTED_EDGE('',*,*,#1151,.T.);
#417=ORIENTED_EDGE('',*,*,#1152,.T.);
#418=ORIENTED_EDGE('',*,*,#1153,.T.);
#419=ORIENTED_EDGE('',*,*,#1154,.T.);
#420=ORIENTED_EDGE('',*,*,#1155,.T.);
#421=ORIENTED_EDGE('',*,*,#1156,.T.);
#422=ORIENTED_EDGE('',*,*,#1157,.T.);
#423=ORIENTED_EDGE('',*,*,#1158,.T.);
#424=ORIENTED_EDGE('',*,*,#1159,.T.);
#425=ORIENTED_EDGE('',*,*,#1160,.T.);
#426=ORIENTED_EDGE('',*,*,#1161,.T.);
#427=ORIENTED_EDGE('',*,*,#1162,.T.);
#428=ORIENTED_EDGE('',*,*,#1163,.T.);
#429=ORIENTED_EDGE('',*,*,#1164,.T.);
#430=ORIENTED_EDGE('',*,*,#1165,.T.);
#431=ORIENTED_EDGE('',*,*,#1166,.T.);
#432=ORIENTED_EDGE('',*,*,#1167,.T.);
#433=ORIENTED_EDGE('',*,*,#1168,.T.);
#434=ORIENTED_EDGE('',*,*,#1092,.F.);
#435=ORIENTED_EDGE('',*,*,#1094,.F.);
#436=ORIENTED_EDGE('',*,*,#1096,.F.);
#437=ORIENTED_EDGE('',*,*,#1098,.F.);
#438=ORIENTED_EDGE('',*,*,#1100,.F.);
#439=ORIENTED_EDGE('',*,*,#1102,.F.);
#440=ORIENTED_EDGE('',*,*,#1104,.F.);
#441=ORIENTED_EDGE('',*,*,#1105,.F.);
#442=ORIENTED_EDGE('',*,*,#1106,.F.);
#443=ORIENTED_EDGE('',*,*,#1107,.F.);
#444=ORIENTED_EDGE('',*,*,#1109,.F.);
#445=ORIENTED_EDGE('',*,*,#1111,.F.);
#446=ORIENTED_EDGE('',*,*,#1112,.F.);
#447=ORIENTED_EDGE('',*,*,#1113,.F.);
#448=ORIENTED_EDGE('',*,*,#1114,.F.);
#449=ORIENTED_EDGE('',*,*,#1116,.F.);
#450=ORIENTED_EDGE('',*,*,#1118,.F.);
#451=ORIENTED_EDGE('',*,*,#1119,.F.);
#452=ORIENTED_EDGE('',*,*,#1120,.F.);
#453=ORIENTED_EDGE('',*,*,#1121,.F.);
#454=ORIENTED_EDGE('',*,*,#1123,.F.);
#455=ORIENTED_EDGE('',*,*,#1125,.F.);
#456=ORIENTED_EDGE('',*,*,#1126,.F.);
#457=ORIENTED_EDGE('',*,*,#1127,.F.);
#458=ORIENTED_EDGE('',*,*,#1128,.F.);
#459=ORIENTED_EDGE('',*,*,#1130,.F.);
#460=ORIENTED_EDGE('',*,*,#1132,.F.);
#461=ORIENTED_EDGE('',*,*,#1133,.F.);
#462=ORIENTED_EDGE('',*,*,#1134,.F.);
#463=ORIENTED_EDGE('',*,*,#1135,.F.);
#464=ORIENTED_EDGE('',*,*,#1137,.F.);
#465=ORIENTED_EDGE('',*,*,#1139,.F.);
#466=ORIENTED_EDGE('',*,*,#1141,.F.);
#467=ORIENTED_EDGE('',*,*,#1143,.F.);
#468=ORIENTED_EDGE('',*,*,#1169,.F.);
#469=ORIENTED_EDGE('',*,*,#1170,.T.);
#470=ORIENTED_EDGE('',*,*,#1171,.T.);
#471=ORIENTED_EDGE('',*,*,#1172,.T.);
#472=ORIENTED_EDGE('',*,*,#1173,.T.);
#473=ORIENTED_EDGE('',*,*,#1174,.T.);
#474=ORIENTED_EDGE('',*,*,#1175,.T.);
#475=ORIENTED_EDGE('',*,*,#1176,.T.);
#476=ORIENTED_EDGE('',*,*,#1177,.T.);
#477=ORIENTED_EDGE('',*,*,#1178,.F.);
#478=ORIENTED_EDGE('',*,*,#1179,.T.);
#479=ORIENTED_EDGE('',*,*,#1180,.F.);
#480=ORIENTED_EDGE('',*,*,#1181,.T.);
#481=ORIENTED_EDGE('',*,*,#1182,.F.);
#482=ORIENTED_EDGE('',*,*,#1183,.T.);
#483=ORIENTED_EDGE('',*,*,#1184,.F.);
#484=ORIENTED_EDGE('',*,*,#1185,.T.);
#485=ORIENTED_EDGE('',*,*,#1186,.F.);
#486=ORIENTED_EDGE('',*,*,#1187,.T.);
#487=ORIENTED_EDGE('',*,*,#1188,.F.);
#488=ORIENTED_EDGE('',*,*,#1189,.T.);
#489=ORIENTED_EDGE('',*,*,#1190,.F.);
#490=ORIENTED_EDGE('',*,*,#1191,.T.);
#491=ORIENTED_EDGE('',*,*,#1192,.F.);
#492=ORIENTED_EDGE('',*,*,#1193,.T.);
#493=ORIENTED_EDGE('',*,*,#1194,.F.);
#494=ORIENTED_EDGE('',*,*,#1195,.T.);
#495=ORIENTED_EDGE('',*,*,#1196,.F.);
#496=ORIENTED_EDGE('',*,*,#1197,.T.);
#497=ORIENTED_EDGE('',*,*,#1198,.F.);
#498=ORIENTED_EDGE('',*,*,#1199,.F.);
#499=ORIENTED_EDGE('',*,*,#1200,.F.);
#500=ORIENTED_EDGE('',*,*,#1201,.F.);
#501=ORIENTED_EDGE('',*,*,#1202,.F.);
#502=ORIENTED_EDGE('',*,*,#1203,.F.);
#503=ORIENTED_EDGE('',*,*,#1204,.F.);
#504=ORIENTED_EDGE('',*,*,#1205,.F.);
#505=ORIENTED_EDGE('',*,*,#1206,.F.);
#506=ORIENTED_EDGE('',*,*,#1207,.F.);
#507=ORIENTED_EDGE('',*,*,#1208,.F.);
#508=ORIENTED_EDGE('',*,*,#1209,.F.);
#509=ORIENTED_EDGE('',*,*,#1210,.F.);
#510=ORIENTED_EDGE('',*,*,#1211,.F.);
#511=ORIENTED_EDGE('',*,*,#1212,.F.);
#512=ORIENTED_EDGE('',*,*,#1213,.F.);
#513=ORIENTED_EDGE('',*,*,#1214,.F.);
#514=ORIENTED_EDGE('',*,*,#1215,.F.);
#515=ORIENTED_EDGE('',*,*,#1216,.F.);
#516=ORIENTED_EDGE('',*,*,#1217,.F.);
#517=ORIENTED_EDGE('',*,*,#1093,.T.);
#518=ORIENTED_EDGE('',*,*,#1095,.T.);
#519=ORIENTED_EDGE('',*,*,#1097,.T.);
#520=ORIENTED_EDGE('',*,*,#1099,.T.);
#521=ORIENTED_EDGE('',*,*,#1101,.T.);
#522=ORIENTED_EDGE('',*,*,#1103,.T.);
#523=ORIENTED_EDGE('',*,*,#1108,.T.);
#524=ORIENTED_EDGE('',*,*,#1110,.T.);
#525=ORIENTED_EDGE('',*,*,#1115,.T.);
#526=ORIENTED_EDGE('',*,*,#1117,.T.);
#527=ORIENTED_EDGE('',*,*,#1122,.T.);
#528=ORIENTED_EDGE('',*,*,#1124,.T.);
#529=ORIENTED_EDGE('',*,*,#1129,.T.);
#530=ORIENTED_EDGE('',*,*,#1131,.T.);
#531=ORIENTED_EDGE('',*,*,#1136,.T.);
#532=ORIENTED_EDGE('',*,*,#1138,.T.);
#533=ORIENTED_EDGE('',*,*,#1140,.T.);
#534=ORIENTED_EDGE('',*,*,#1142,.T.);
#535=ORIENTED_EDGE('',*,*,#1144,.T.);
#536=ORIENTED_EDGE('',*,*,#1218,.T.);
#537=ORIENTED_EDGE('',*,*,#1169,.T.);
#538=ORIENTED_EDGE('',*,*,#1218,.F.);
#539=ORIENTED_EDGE('',*,*,#1219,.F.);
#540=ORIENTED_EDGE('',*,*,#1220,.F.);
#541=ORIENTED_EDGE('',*,*,#1221,.F.);
#542=ORIENTED_EDGE('',*,*,#1186,.T.);
#543=ORIENTED_EDGE('',*,*,#1222,.T.);
#544=ORIENTED_EDGE('',*,*,#1223,.F.);
#545=ORIENTED_EDGE('',*,*,#1224,.F.);
#546=ORIENTED_EDGE('',*,*,#1225,.F.);
#547=ORIENTED_EDGE('',*,*,#1226,.F.);
#548=ORIENTED_EDGE('',*,*,#1227,.T.);
#549=ORIENTED_EDGE('',*,*,#1228,.F.);
#550=ORIENTED_EDGE('',*,*,#1182,.T.);
#551=ORIENTED_EDGE('',*,*,#1229,.T.);
#552=ORIENTED_EDGE('',*,*,#1230,.F.);
#553=ORIENTED_EDGE('',*,*,#1231,.F.);
#554=ORIENTED_EDGE('',*,*,#1232,.F.);
#555=ORIENTED_EDGE('',*,*,#1233,.F.);
#556=ORIENTED_EDGE('',*,*,#1234,.T.);
#557=ORIENTED_EDGE('',*,*,#1235,.T.);
#558=ORIENTED_EDGE('',*,*,#1200,.T.);
#559=ORIENTED_EDGE('',*,*,#1236,.F.);
#560=ORIENTED_EDGE('',*,*,#1237,.F.);
#561=ORIENTED_EDGE('',*,*,#1063,.T.);
#562=ORIENTED_EDGE('',*,*,#1238,.F.);
#563=ORIENTED_EDGE('',*,*,#1239,.T.);
#564=ORIENTED_EDGE('',*,*,#1240,.F.);
#565=ORIENTED_EDGE('',*,*,#1241,.T.);
#566=ORIENTED_EDGE('',*,*,#1242,.F.);
#567=ORIENTED_EDGE('',*,*,#1232,.T.);
#568=ORIENTED_EDGE('',*,*,#1243,.F.);
#569=ORIENTED_EDGE('',*,*,#1244,.F.);
#570=ORIENTED_EDGE('',*,*,#1069,.T.);
#571=ORIENTED_EDGE('',*,*,#1245,.F.);
#572=ORIENTED_EDGE('',*,*,#1246,.T.);
#573=ORIENTED_EDGE('',*,*,#1247,.F.);
#574=ORIENTED_EDGE('',*,*,#1248,.T.);
#575=ORIENTED_EDGE('',*,*,#1249,.F.);
#576=ORIENTED_EDGE('',*,*,#1239,.F.);
#577=ORIENTED_EDGE('',*,*,#1250,.F.);
#578=ORIENTED_EDGE('',*,*,#1251,.F.);
#579=ORIENTED_EDGE('',*,*,#1251,.T.);
#580=ORIENTED_EDGE('',*,*,#1252,.F.);
#581=ORIENTED_EDGE('',*,*,#1253,.T.);
#582=ORIENTED_EDGE('',*,*,#1254,.F.);
#583=ORIENTED_EDGE('',*,*,#1194,.T.);
#584=ORIENTED_EDGE('',*,*,#1255,.T.);
#585=ORIENTED_EDGE('',*,*,#1256,.T.);
#586=ORIENTED_EDGE('',*,*,#1257,.F.);
#587=ORIENTED_EDGE('',*,*,#1244,.T.);
#588=ORIENTED_EDGE('',*,*,#1258,.F.);
#589=ORIENTED_EDGE('',*,*,#1259,.T.);
#590=ORIENTED_EDGE('',*,*,#1260,.F.);
#591=ORIENTED_EDGE('',*,*,#1196,.T.);
#592=ORIENTED_EDGE('',*,*,#1261,.T.);
#593=ORIENTED_EDGE('',*,*,#1253,.F.);
#594=ORIENTED_EDGE('',*,*,#1262,.F.);
#595=ORIENTED_EDGE('',*,*,#1087,.T.);
#596=ORIENTED_EDGE('',*,*,#1263,.F.);
#597=ORIENTED_EDGE('',*,*,#1264,.T.);
#598=ORIENTED_EDGE('',*,*,#1265,.F.);
#599=ORIENTED_EDGE('',*,*,#1266,.F.);
#600=ORIENTED_EDGE('',*,*,#1267,.F.);
#601=ORIENTED_EDGE('',*,*,#1268,.F.);
#602=ORIENTED_EDGE('',*,*,#1269,.F.);
#603=ORIENTED_EDGE('',*,*,#1270,.F.);
#604=ORIENTED_EDGE('',*,*,#1223,.T.);
#605=ORIENTED_EDGE('',*,*,#1271,.F.);
#606=ORIENTED_EDGE('',*,*,#1184,.T.);
#607=ORIENTED_EDGE('',*,*,#1272,.T.);
#608=ORIENTED_EDGE('',*,*,#1227,.F.);
#609=ORIENTED_EDGE('',*,*,#1273,.F.);
#610=ORIENTED_EDGE('',*,*,#1264,.F.);
#611=ORIENTED_EDGE('',*,*,#1274,.F.);
#612=ORIENTED_EDGE('',*,*,#1275,.F.);
#613=ORIENTED_EDGE('',*,*,#1276,.T.);
#614=ORIENTED_EDGE('',*,*,#1277,.F.);
#615=ORIENTED_EDGE('',*,*,#1278,.T.);
#616=ORIENTED_EDGE('',*,*,#1279,.T.);
#617=ORIENTED_EDGE('',*,*,#1204,.T.);
#618=ORIENTED_EDGE('',*,*,#1280,.F.);
#619=ORIENTED_EDGE('',*,*,#1281,.F.);
#620=ORIENTED_EDGE('',*,*,#1067,.T.);
#621=ORIENTED_EDGE('',*,*,#1282,.F.);
#622=ORIENTED_EDGE('',*,*,#1283,.F.);
#623=ORIENTED_EDGE('',*,*,#1284,.F.);
#624=ORIENTED_EDGE('',*,*,#1285,.F.);
#625=ORIENTED_EDGE('',*,*,#1286,.F.);
#626=ORIENTED_EDGE('',*,*,#1276,.F.);
#627=ORIENTED_EDGE('',*,*,#1287,.F.);
#628=ORIENTED_EDGE('',*,*,#1288,.F.);
#629=ORIENTED_EDGE('',*,*,#1289,.T.);
#630=ORIENTED_EDGE('',*,*,#1290,.T.);
#631=ORIENTED_EDGE('',*,*,#1206,.T.);
#632=ORIENTED_EDGE('',*,*,#1291,.F.);
#633=ORIENTED_EDGE('',*,*,#1278,.F.);
#634=ORIENTED_EDGE('',*,*,#1292,.F.);
#635=ORIENTED_EDGE('',*,*,#1079,.T.);
#636=ORIENTED_EDGE('',*,*,#1293,.F.);
#637=ORIENTED_EDGE('',*,*,#1294,.T.);
#638=ORIENTED_EDGE('',*,*,#1295,.F.);
#639=ORIENTED_EDGE('',*,*,#1296,.F.);
#640=ORIENTED_EDGE('',*,*,#1297,.F.);
#641=ORIENTED_EDGE('',*,*,#1298,.F.);
#642=ORIENTED_EDGE('',*,*,#1299,.F.);
#643=ORIENTED_EDGE('',*,*,#1300,.F.);
#644=ORIENTED_EDGE('',*,*,#1085,.T.);
#645=ORIENTED_EDGE('',*,*,#1301,.F.);
#646=ORIENTED_EDGE('',*,*,#1302,.T.);
#647=ORIENTED_EDGE('',*,*,#1303,.F.);
#648=ORIENTED_EDGE('',*,*,#1304,.T.);
#649=ORIENTED_EDGE('',*,*,#1305,.F.);
#650=ORIENTED_EDGE('',*,*,#1294,.F.);
#651=ORIENTED_EDGE('',*,*,#1306,.F.);
#652=ORIENTED_EDGE('',*,*,#1307,.F.);
#653=ORIENTED_EDGE('',*,*,#1300,.T.);
#654=ORIENTED_EDGE('',*,*,#1308,.F.);
#655=ORIENTED_EDGE('',*,*,#1309,.F.);
#656=ORIENTED_EDGE('',*,*,#1310,.F.);
#657=ORIENTED_EDGE('',*,*,#1311,.F.);
#658=ORIENTED_EDGE('',*,*,#1312,.F.);
#659=ORIENTED_EDGE('',*,*,#1313,.T.);
#660=ORIENTED_EDGE('',*,*,#1314,.F.);
#661=ORIENTED_EDGE('',*,*,#1077,.T.);
#662=ORIENTED_EDGE('',*,*,#1307,.T.);
#663=ORIENTED_EDGE('',*,*,#1315,.F.);
#664=ORIENTED_EDGE('',*,*,#1313,.F.);
#665=ORIENTED_EDGE('',*,*,#1316,.F.);
#666=ORIENTED_EDGE('',*,*,#1317,.F.);
#667=ORIENTED_EDGE('',*,*,#1318,.F.);
#668=ORIENTED_EDGE('',*,*,#1319,.T.);
#669=ORIENTED_EDGE('',*,*,#1320,.F.);
#670=ORIENTED_EDGE('',*,*,#1083,.T.);
#671=ORIENTED_EDGE('',*,*,#1321,.F.);
#672=ORIENTED_EDGE('',*,*,#1322,.T.);
#673=ORIENTED_EDGE('',*,*,#1323,.F.);
#674=ORIENTED_EDGE('',*,*,#1311,.T.);
#675=ORIENTED_EDGE('',*,*,#1324,.F.);
#676=ORIENTED_EDGE('',*,*,#1246,.F.);
#677=ORIENTED_EDGE('',*,*,#1325,.F.);
#678=ORIENTED_EDGE('',*,*,#1326,.F.);
#679=ORIENTED_EDGE('',*,*,#1075,.T.);
#680=ORIENTED_EDGE('',*,*,#1327,.F.);
#681=ORIENTED_EDGE('',*,*,#1268,.T.);
#682=ORIENTED_EDGE('',*,*,#1328,.F.);
#683=ORIENTED_EDGE('',*,*,#1317,.T.);
#684=ORIENTED_EDGE('',*,*,#1329,.F.);
#685=ORIENTED_EDGE('',*,*,#1322,.F.);
#686=ORIENTED_EDGE('',*,*,#1330,.F.);
#687=ORIENTED_EDGE('',*,*,#1331,.F.);
#688=ORIENTED_EDGE('',*,*,#1081,.T.);
#689=ORIENTED_EDGE('',*,*,#1331,.T.);
#690=ORIENTED_EDGE('',*,*,#1332,.F.);
#691=ORIENTED_EDGE('',*,*,#1333,.T.);
#692=ORIENTED_EDGE('',*,*,#1334,.F.);
#693=ORIENTED_EDGE('',*,*,#1190,.T.);
#694=ORIENTED_EDGE('',*,*,#1335,.T.);
#695=ORIENTED_EDGE('',*,*,#1336,.F.);
#696=ORIENTED_EDGE('',*,*,#1337,.F.);
#697=ORIENTED_EDGE('',*,*,#1326,.T.);
#698=ORIENTED_EDGE('',*,*,#1338,.F.);
#699=ORIENTED_EDGE('',*,*,#1256,.F.);
#700=ORIENTED_EDGE('',*,*,#1339,.F.);
#701=ORIENTED_EDGE('',*,*,#1192,.T.);
#702=ORIENTED_EDGE('',*,*,#1340,.T.);
#703=ORIENTED_EDGE('',*,*,#1333,.F.);
#704=ORIENTED_EDGE('',*,*,#1341,.F.);
#705=ORIENTED_EDGE('',*,*,#1342,.F.);
#706=ORIENTED_EDGE('',*,*,#1296,.T.);
#707=ORIENTED_EDGE('',*,*,#1343,.F.);
#708=ORIENTED_EDGE('',*,*,#1344,.T.);
#709=ORIENTED_EDGE('',*,*,#1345,.T.);
#710=ORIENTED_EDGE('',*,*,#1212,.T.);
#711=ORIENTED_EDGE('',*,*,#1346,.F.);
#712=ORIENTED_EDGE('',*,*,#1347,.F.);
#713=ORIENTED_EDGE('',*,*,#1348,.F.);
#714=ORIENTED_EDGE('',*,*,#1298,.T.);
#715=ORIENTED_EDGE('',*,*,#1349,.F.);
#716=ORIENTED_EDGE('',*,*,#1350,.T.);
#717=ORIENTED_EDGE('',*,*,#1351,.F.);
#718=ORIENTED_EDGE('',*,*,#1283,.T.);
#719=ORIENTED_EDGE('',*,*,#1352,.F.);
#720=ORIENTED_EDGE('',*,*,#1353,.F.);
#721=ORIENTED_EDGE('',*,*,#1073,.T.);
#722=ORIENTED_EDGE('',*,*,#1353,.T.);
#723=ORIENTED_EDGE('',*,*,#1354,.F.);
#724=ORIENTED_EDGE('',*,*,#1355,.T.);
#725=ORIENTED_EDGE('',*,*,#1356,.F.);
#726=ORIENTED_EDGE('',*,*,#1248,.F.);
#727=ORIENTED_EDGE('',*,*,#1357,.F.);
#728=ORIENTED_EDGE('',*,*,#1309,.T.);
#729=ORIENTED_EDGE('',*,*,#1358,.F.);
#730=ORIENTED_EDGE('',*,*,#1071,.T.);
#731=ORIENTED_EDGE('',*,*,#1359,.F.);
#732=ORIENTED_EDGE('',*,*,#1285,.T.);
#733=ORIENTED_EDGE('',*,*,#1360,.F.);
#734=ORIENTED_EDGE('',*,*,#1361,.T.);
#735=ORIENTED_EDGE('',*,*,#1362,.T.);
#736=ORIENTED_EDGE('',*,*,#1208,.T.);
#737=ORIENTED_EDGE('',*,*,#1363,.F.);
#738=ORIENTED_EDGE('',*,*,#1289,.F.);
#739=ORIENTED_EDGE('',*,*,#1364,.T.);
#740=ORIENTED_EDGE('',*,*,#1201,.T.);
#741=ORIENTED_EDGE('',*,*,#1235,.F.);
#742=ORIENTED_EDGE('',*,*,#1280,.T.);
#743=ORIENTED_EDGE('',*,*,#1203,.T.);
#744=ORIENTED_EDGE('',*,*,#1365,.F.);
#745=ORIENTED_EDGE('',*,*,#1291,.T.);
#746=ORIENTED_EDGE('',*,*,#1205,.T.);
#747=ORIENTED_EDGE('',*,*,#1279,.F.);
#748=ORIENTED_EDGE('',*,*,#1195,.F.);
#749=ORIENTED_EDGE('',*,*,#1254,.T.);
#750=ORIENTED_EDGE('',*,*,#1261,.F.);
#751=ORIENTED_EDGE('',*,*,#1366,.T.);
#752=ORIENTED_EDGE('',*,*,#1209,.T.);
#753=ORIENTED_EDGE('',*,*,#1362,.F.);
#754=ORIENTED_EDGE('',*,*,#1193,.F.);
#755=ORIENTED_EDGE('',*,*,#1339,.T.);
#756=ORIENTED_EDGE('',*,*,#1255,.F.);
#757=ORIENTED_EDGE('',*,*,#1346,.T.);
#758=ORIENTED_EDGE('',*,*,#1211,.T.);
#759=ORIENTED_EDGE('',*,*,#1367,.F.);
#760=ORIENTED_EDGE('',*,*,#1191,.F.);
#761=ORIENTED_EDGE('',*,*,#1334,.T.);
#762=ORIENTED_EDGE('',*,*,#1340,.F.);
#763=ORIENTED_EDGE('',*,*,#1368,.T.);
#764=ORIENTED_EDGE('',*,*,#1213,.T.);
#765=ORIENTED_EDGE('',*,*,#1345,.F.);
#766=ORIENTED_EDGE('',*,*,#1189,.F.);
#767=ORIENTED_EDGE('',*,*,#1369,.T.);
#768=ORIENTED_EDGE('',*,*,#1335,.F.);
#769=ORIENTED_EDGE('',*,*,#1370,.T.);
#770=ORIENTED_EDGE('',*,*,#1215,.T.);
#771=ORIENTED_EDGE('',*,*,#1371,.F.);
#772=ORIENTED_EDGE('',*,*,#1187,.F.);
#773=ORIENTED_EDGE('',*,*,#1221,.T.);
#774=ORIENTED_EDGE('',*,*,#1372,.F.);
#775=ORIENTED_EDGE('',*,*,#1373,.T.);
#776=ORIENTED_EDGE('',*,*,#1217,.T.);
#777=ORIENTED_EDGE('',*,*,#1374,.F.);
#778=ORIENTED_EDGE('',*,*,#1183,.F.);
#779=ORIENTED_EDGE('',*,*,#1228,.T.);
#780=ORIENTED_EDGE('',*,*,#1272,.F.);
#781=ORIENTED_EDGE('',*,*,#1181,.F.);
#782=ORIENTED_EDGE('',*,*,#1375,.T.);
#783=ORIENTED_EDGE('',*,*,#1229,.F.);
#784=ORIENTED_EDGE('',*,*,#1179,.F.);
#785=ORIENTED_EDGE('',*,*,#1376,.T.);
#786=ORIENTED_EDGE('',*,*,#1377,.F.);
#787=ORIENTED_EDGE('',*,*,#1231,.T.);
#788=ORIENTED_EDGE('',*,*,#1378,.T.);
#789=ORIENTED_EDGE('',*,*,#1258,.T.);
#790=ORIENTED_EDGE('',*,*,#1243,.T.);
#791=ORIENTED_EDGE('',*,*,#1379,.T.);
#792=ORIENTED_EDGE('',*,*,#1380,.T.);
#793=ORIENTED_EDGE('',*,*,#1224,.T.);
#794=ORIENTED_EDGE('',*,*,#1381,.T.);
#795=ORIENTED_EDGE('',*,*,#1382,.T.);
#796=ORIENTED_EDGE('',*,*,#1265,.T.);
#797=ORIENTED_EDGE('',*,*,#1273,.T.);
#798=ORIENTED_EDGE('',*,*,#1226,.T.);
#799=ORIENTED_EDGE('',*,*,#1240,.T.);
#800=ORIENTED_EDGE('',*,*,#1249,.T.);
#801=ORIENTED_EDGE('',*,*,#1356,.T.);
#802=ORIENTED_EDGE('',*,*,#1383,.T.);
#803=ORIENTED_EDGE('',*,*,#1242,.T.);
#804=ORIENTED_EDGE('',*,*,#1384,.T.);
#805=ORIENTED_EDGE('',*,*,#1385,.T.);
#806=ORIENTED_EDGE('',*,*,#1233,.T.);
#807=ORIENTED_EDGE('',*,*,#1354,.T.);
#808=ORIENTED_EDGE('',*,*,#1352,.T.);
#809=ORIENTED_EDGE('',*,*,#1282,.T.);
#810=ORIENTED_EDGE('',*,*,#1386,.T.);
#811=ORIENTED_EDGE('',*,*,#1351,.T.);
#812=ORIENTED_EDGE('',*,*,#1387,.T.);
#813=ORIENTED_EDGE('',*,*,#1360,.T.);
#814=ORIENTED_EDGE('',*,*,#1284,.T.);
#815=ORIENTED_EDGE('',*,*,#1343,.T.);
#816=ORIENTED_EDGE('',*,*,#1295,.T.);
#817=ORIENTED_EDGE('',*,*,#1305,.T.);
#818=ORIENTED_EDGE('',*,*,#1388,.T.);
#819=ORIENTED_EDGE('',*,*,#1301,.T.);
#820=ORIENTED_EDGE('',*,*,#1320,.T.);
#821=ORIENTED_EDGE('',*,*,#1389,.T.);
#822=ORIENTED_EDGE('',*,*,#1390,.T.);
#823=ORIENTED_EDGE('',*,*,#1303,.T.);
#824=ORIENTED_EDGE('',*,*,#1391,.T.);
#825=ORIENTED_EDGE('',*,*,#1392,.T.);
#826=ORIENTED_EDGE('',*,*,#1393,.T.);
#827=ORIENTED_EDGE('',*,*,#1318,.T.);
#828=ORIENTED_EDGE('',*,*,#1328,.T.);
#829=ORIENTED_EDGE('',*,*,#1267,.T.);
#830=ORIENTED_EDGE('',*,*,#1394,.T.);
#831=ORIENTED_EDGE('',*,*,#1327,.T.);
#832=ORIENTED_EDGE('',*,*,#1337,.T.);
#833=ORIENTED_EDGE('',*,*,#1395,.T.);
#834=ORIENTED_EDGE('',*,*,#1269,.T.);
#835=ORIENTED_EDGE('',*,*,#1297,.T.);
#836=ORIENTED_EDGE('',*,*,#1342,.T.);
#837=ORIENTED_EDGE('',*,*,#1396,.T.);
#838=ORIENTED_EDGE('',*,*,#1349,.T.);
#839=ORIENTED_EDGE('',*,*,#1245,.T.);
#840=ORIENTED_EDGE('',*,*,#1257,.T.);
#841=ORIENTED_EDGE('',*,*,#1338,.T.);
#842=ORIENTED_EDGE('',*,*,#1325,.T.);
#843=ORIENTED_EDGE('',*,*,#1357,.T.);
#844=ORIENTED_EDGE('',*,*,#1247,.T.);
#845=ORIENTED_EDGE('',*,*,#1324,.T.);
#846=ORIENTED_EDGE('',*,*,#1310,.T.);
#847=ORIENTED_EDGE('',*,*,#1348,.T.);
#848=ORIENTED_EDGE('',*,*,#1358,.T.);
#849=ORIENTED_EDGE('',*,*,#1308,.T.);
#850=ORIENTED_EDGE('',*,*,#1299,.T.);
#851=ORIENTED_EDGE('',*,*,#1315,.T.);
#852=ORIENTED_EDGE('',*,*,#1306,.T.);
#853=ORIENTED_EDGE('',*,*,#1293,.T.);
#854=ORIENTED_EDGE('',*,*,#1314,.T.);
#855=ORIENTED_EDGE('',*,*,#1321,.T.);
#856=ORIENTED_EDGE('',*,*,#1341,.T.);
#857=ORIENTED_EDGE('',*,*,#1332,.T.);
#858=ORIENTED_EDGE('',*,*,#1330,.T.);
#859=ORIENTED_EDGE('',*,*,#1312,.T.);
#860=ORIENTED_EDGE('',*,*,#1323,.T.);
#861=ORIENTED_EDGE('',*,*,#1329,.T.);
#862=ORIENTED_EDGE('',*,*,#1316,.T.);
#863=ORIENTED_EDGE('',*,*,#1397,.T.);
#864=ORIENTED_EDGE('',*,*,#1287,.T.);
#865=ORIENTED_EDGE('',*,*,#1275,.T.);
#866=ORIENTED_EDGE('',*,*,#1398,.T.);
#867=ORIENTED_EDGE('',*,*,#1277,.T.);
#868=ORIENTED_EDGE('',*,*,#1286,.T.);
#869=ORIENTED_EDGE('',*,*,#1359,.T.);
#870=ORIENTED_EDGE('',*,*,#1292,.T.);
#871=ORIENTED_EDGE('',*,*,#1219,.T.);
#872=ORIENTED_EDGE('',*,*,#1274,.T.);
#873=ORIENTED_EDGE('',*,*,#1263,.T.);
#874=ORIENTED_EDGE('',*,*,#1399,.T.);
#875=ORIENTED_EDGE('',*,*,#1252,.T.);
#876=ORIENTED_EDGE('',*,*,#1250,.T.);
#877=ORIENTED_EDGE('',*,*,#1238,.T.);
#878=ORIENTED_EDGE('',*,*,#1262,.T.);
#879=ORIENTED_EDGE('',*,*,#1237,.T.);
#880=ORIENTED_EDGE('',*,*,#1400,.T.);
#881=ORIENTED_EDGE('',*,*,#1198,.T.);
#882=ORIENTED_EDGE('',*,*,#1401,.T.);
#883=ORIENTED_EDGE('',*,*,#1259,.F.);
#884=ORIENTED_EDGE('',*,*,#1378,.F.);
#885=ORIENTED_EDGE('',*,*,#1281,.T.);
#886=ORIENTED_EDGE('',*,*,#1365,.T.);
#887=ORIENTED_EDGE('',*,*,#1202,.T.);
#888=ORIENTED_EDGE('',*,*,#1364,.F.);
#889=ORIENTED_EDGE('',*,*,#1234,.F.);
#890=ORIENTED_EDGE('',*,*,#1385,.F.);
#891=ORIENTED_EDGE('',*,*,#1402,.T.);
#892=ORIENTED_EDGE('',*,*,#1398,.F.);
#893=ORIENTED_EDGE('',*,*,#1288,.T.);
#894=ORIENTED_EDGE('',*,*,#1397,.F.);
#895=ORIENTED_EDGE('',*,*,#1402,.F.);
#896=ORIENTED_EDGE('',*,*,#1384,.F.);
#897=ORIENTED_EDGE('',*,*,#1241,.F.);
#898=ORIENTED_EDGE('',*,*,#1383,.F.);
#899=ORIENTED_EDGE('',*,*,#1355,.F.);
#900=ORIENTED_EDGE('',*,*,#1386,.F.);
#901=ORIENTED_EDGE('',*,*,#1065,.T.);
#902=ORIENTED_EDGE('',*,*,#1347,.T.);
#903=ORIENTED_EDGE('',*,*,#1367,.T.);
#904=ORIENTED_EDGE('',*,*,#1210,.T.);
#905=ORIENTED_EDGE('',*,*,#1366,.F.);
#906=ORIENTED_EDGE('',*,*,#1361,.F.);
#907=ORIENTED_EDGE('',*,*,#1387,.F.);
#908=ORIENTED_EDGE('',*,*,#1350,.F.);
#909=ORIENTED_EDGE('',*,*,#1396,.F.);
#910=ORIENTED_EDGE('',*,*,#1403,.T.);
#911=ORIENTED_EDGE('',*,*,#1371,.T.);
#912=ORIENTED_EDGE('',*,*,#1214,.T.);
#913=ORIENTED_EDGE('',*,*,#1368,.F.);
#914=ORIENTED_EDGE('',*,*,#1344,.F.);
#915=ORIENTED_EDGE('',*,*,#1388,.F.);
#916=ORIENTED_EDGE('',*,*,#1304,.F.);
#917=ORIENTED_EDGE('',*,*,#1393,.F.);
#918=ORIENTED_EDGE('',*,*,#1270,.T.);
#919=ORIENTED_EDGE('',*,*,#1395,.F.);
#920=ORIENTED_EDGE('',*,*,#1336,.T.);
#921=ORIENTED_EDGE('',*,*,#1369,.F.);
#922=ORIENTED_EDGE('',*,*,#1188,.T.);
#923=ORIENTED_EDGE('',*,*,#1372,.T.);
#924=ORIENTED_EDGE('',*,*,#1220,.T.);
#925=ORIENTED_EDGE('',*,*,#1399,.F.);
#926=ORIENTED_EDGE('',*,*,#1404,.T.);
#927=ORIENTED_EDGE('',*,*,#1389,.F.);
#928=ORIENTED_EDGE('',*,*,#1319,.F.);
#929=ORIENTED_EDGE('',*,*,#1394,.F.);
#930=ORIENTED_EDGE('',*,*,#1266,.T.);
#931=ORIENTED_EDGE('',*,*,#1382,.F.);
#932=ORIENTED_EDGE('',*,*,#1225,.T.);
#933=ORIENTED_EDGE('',*,*,#1380,.F.);
#934=ORIENTED_EDGE('',*,*,#1089,.T.);
#935=ORIENTED_EDGE('',*,*,#1379,.F.);
#936=ORIENTED_EDGE('',*,*,#1405,.T.);
#937=ORIENTED_EDGE('',*,*,#1406,.F.);
#938=ORIENTED_EDGE('',*,*,#1407,.F.);
#939=ORIENTED_EDGE('',*,*,#1391,.F.);
#940=ORIENTED_EDGE('',*,*,#1302,.F.);
#941=ORIENTED_EDGE('',*,*,#1390,.F.);
#942=ORIENTED_EDGE('',*,*,#1404,.F.);
#943=ORIENTED_EDGE('',*,*,#1091,.T.);
#944=ORIENTED_EDGE('',*,*,#1392,.F.);
#945=ORIENTED_EDGE('',*,*,#1407,.T.);
#946=ORIENTED_EDGE('',*,*,#1408,.F.);
#947=ORIENTED_EDGE('',*,*,#1409,.T.);
#948=ORIENTED_EDGE('',*,*,#1374,.T.);
#949=ORIENTED_EDGE('',*,*,#1216,.T.);
#950=ORIENTED_EDGE('',*,*,#1370,.F.);
#951=ORIENTED_EDGE('',*,*,#1403,.F.);
#952=ORIENTED_EDGE('',*,*,#1230,.T.);
#953=ORIENTED_EDGE('',*,*,#1375,.F.);
#954=ORIENTED_EDGE('',*,*,#1180,.T.);
#955=ORIENTED_EDGE('',*,*,#1377,.T.);
#956=ORIENTED_EDGE('',*,*,#1410,.F.);
#957=ORIENTED_EDGE('',*,*,#1411,.F.);
#958=ORIENTED_EDGE('',*,*,#1405,.F.);
#959=ORIENTED_EDGE('',*,*,#1381,.F.);
#960=ORIENTED_EDGE('',*,*,#1363,.T.);
#961=ORIENTED_EDGE('',*,*,#1207,.T.);
#962=ORIENTED_EDGE('',*,*,#1290,.F.);
#963=ORIENTED_EDGE('',*,*,#1185,.F.);
#964=ORIENTED_EDGE('',*,*,#1271,.T.);
#965=ORIENTED_EDGE('',*,*,#1222,.F.);
#966=ORIENTED_EDGE('',*,*,#1197,.F.);
#967=ORIENTED_EDGE('',*,*,#1260,.T.);
#968=ORIENTED_EDGE('',*,*,#1401,.F.);
#969=ORIENTED_EDGE('',*,*,#1236,.T.);
#970=ORIENTED_EDGE('',*,*,#1199,.T.);
#971=ORIENTED_EDGE('',*,*,#1400,.F.);
#972=ORIENTED_EDGE('',*,*,#1411,.T.);
#973=ORIENTED_EDGE('',*,*,#1412,.T.);
#974=ORIENTED_EDGE('',*,*,#1408,.T.);
#975=ORIENTED_EDGE('',*,*,#1406,.T.);
#976=ORIENTED_EDGE('',*,*,#1410,.T.);
#977=ORIENTED_EDGE('',*,*,#1376,.F.);
#978=ORIENTED_EDGE('',*,*,#1178,.T.);
#979=ORIENTED_EDGE('',*,*,#1373,.F.);
#980=ORIENTED_EDGE('',*,*,#1409,.F.);
#981=ORIENTED_EDGE('',*,*,#1412,.F.);
#982=ORIENTED_EDGE('',*,*,#1159,.F.);
#983=ORIENTED_EDGE('',*,*,#1413,.T.);
#984=ORIENTED_EDGE('',*,*,#1145,.F.);
#985=ORIENTED_EDGE('',*,*,#1414,.T.);
#986=ORIENTED_EDGE('',*,*,#1155,.F.);
#987=ORIENTED_EDGE('',*,*,#1415,.T.);
#988=ORIENTED_EDGE('',*,*,#1157,.F.);
#989=ORIENTED_EDGE('',*,*,#1416,.T.);
#990=ORIENTED_EDGE('',*,*,#1151,.F.);
#991=ORIENTED_EDGE('',*,*,#1417,.T.);
#992=ORIENTED_EDGE('',*,*,#1153,.F.);
#993=ORIENTED_EDGE('',*,*,#1418,.T.);
#994=ORIENTED_EDGE('',*,*,#1147,.F.);
#995=ORIENTED_EDGE('',*,*,#1419,.T.);
#996=ORIENTED_EDGE('',*,*,#1149,.F.);
#997=ORIENTED_EDGE('',*,*,#1420,.T.);
#998=ORIENTED_EDGE('',*,*,#1421,.F.);
#999=ORIENTED_EDGE('',*,*,#1175,.F.);
#1000=ORIENTED_EDGE('',*,*,#1422,.F.);
#1001=ORIENTED_EDGE('',*,*,#1146,.F.);
#1002=ORIENTED_EDGE('',*,*,#1422,.T.);
#1003=ORIENTED_EDGE('',*,*,#1174,.F.);
#1004=ORIENTED_EDGE('',*,*,#1423,.F.);
#1005=ORIENTED_EDGE('',*,*,#1419,.F.);
#1006=ORIENTED_EDGE('',*,*,#1421,.T.);
#1007=ORIENTED_EDGE('',*,*,#1413,.F.);
#1008=ORIENTED_EDGE('',*,*,#1424,.F.);
#1009=ORIENTED_EDGE('',*,*,#1176,.F.);
#1010=ORIENTED_EDGE('',*,*,#1423,.T.);
#1011=ORIENTED_EDGE('',*,*,#1173,.F.);
#1012=ORIENTED_EDGE('',*,*,#1425,.F.);
#1013=ORIENTED_EDGE('',*,*,#1150,.F.);
#1014=ORIENTED_EDGE('',*,*,#1424,.T.);
#1015=ORIENTED_EDGE('',*,*,#1158,.F.);
#1016=ORIENTED_EDGE('',*,*,#1426,.F.);
#1017=ORIENTED_EDGE('',*,*,#1177,.F.);
#1018=ORIENTED_EDGE('',*,*,#1425,.T.);
#1019=ORIENTED_EDGE('',*,*,#1172,.F.);
#1020=ORIENTED_EDGE('',*,*,#1427,.F.);
#1021=ORIENTED_EDGE('',*,*,#1417,.F.);
#1022=ORIENTED_EDGE('',*,*,#1426,.T.);
#1023=ORIENTED_EDGE('',*,*,#1415,.F.);
#1024=ORIENTED_EDGE('',*,*,#1428,.F.);
#1025=ORIENTED_EDGE('',*,*,#1170,.F.);
#1026=ORIENTED_EDGE('',*,*,#1427,.T.);
#1027=ORIENTED_EDGE('',*,*,#1171,.F.);
#1028=ORIENTED_EDGE('',*,*,#1428,.T.);
#1029=ORIENTED_EDGE('',*,*,#1154,.F.);
#1030=ORIENTED_EDGE('',*,*,#1429,.F.);
#1031=ORIENTED_EDGE('',*,*,#1148,.F.);
#1032=ORIENTED_EDGE('',*,*,#1430,.F.);
#1033=ORIENTED_EDGE('',*,*,#1166,.F.);
#1034=ORIENTED_EDGE('',*,*,#1430,.T.);
#1035=ORIENTED_EDGE('',*,*,#1420,.F.);
#1036=ORIENTED_EDGE('',*,*,#1431,.F.);
#1037=ORIENTED_EDGE('',*,*,#1167,.F.);
#1038=ORIENTED_EDGE('',*,*,#1429,.T.);
#1039=ORIENTED_EDGE('',*,*,#1165,.F.);
#1040=ORIENTED_EDGE('',*,*,#1432,.F.);
#1041=ORIENTED_EDGE('',*,*,#1414,.F.);
#1042=ORIENTED_EDGE('',*,*,#1431,.T.);
#1043=ORIENTED_EDGE('',*,*,#1152,.F.);
#1044=ORIENTED_EDGE('',*,*,#1433,.F.);
#1045=ORIENTED_EDGE('',*,*,#1168,.F.);
#1046=ORIENTED_EDGE('',*,*,#1432,.T.);
#1047=ORIENTED_EDGE('',*,*,#1164,.F.);
#1048=ORIENTED_EDGE('',*,*,#1434,.F.);
#1049=ORIENTED_EDGE('',*,*,#1160,.F.);
#1050=ORIENTED_EDGE('',*,*,#1433,.T.);
#1051=ORIENTED_EDGE('',*,*,#1418,.F.);
#1052=ORIENTED_EDGE('',*,*,#1435,.F.);
#1053=ORIENTED_EDGE('',*,*,#1161,.F.);
#1054=ORIENTED_EDGE('',*,*,#1434,.T.);
#1055=ORIENTED_EDGE('',*,*,#1163,.F.);
#1056=ORIENTED_EDGE('',*,*,#1436,.F.);
#1057=ORIENTED_EDGE('',*,*,#1416,.F.);
#1058=ORIENTED_EDGE('',*,*,#1435,.T.);
#1059=ORIENTED_EDGE('',*,*,#1156,.F.);
#1060=ORIENTED_EDGE('',*,*,#1436,.T.);
#1061=ORIENTED_EDGE('',*,*,#1162,.F.);
#1062=EDGE_CURVE('',#1437,#1437,#1710,.T.);
#1063=EDGE_CURVE('',#1438,#1438,#1711,.T.);
#1064=EDGE_CURVE('',#1439,#1439,#1712,.T.);
#1065=EDGE_CURVE('',#1440,#1440,#1713,.T.);
#1066=EDGE_CURVE('',#1441,#1441,#1714,.T.);
#1067=EDGE_CURVE('',#1442,#1442,#1715,.T.);
#1068=EDGE_CURVE('',#1443,#1443,#1716,.T.);
#1069=EDGE_CURVE('',#1444,#1444,#1717,.T.);
#1070=EDGE_CURVE('',#1445,#1445,#1718,.T.);
#1071=EDGE_CURVE('',#1446,#1446,#1719,.T.);
#1072=EDGE_CURVE('',#1447,#1447,#1720,.T.);
#1073=EDGE_CURVE('',#1448,#1448,#1721,.T.);
#1074=EDGE_CURVE('',#1449,#1449,#1722,.T.);
#1075=EDGE_CURVE('',#1450,#1450,#1723,.T.);
#1076=EDGE_CURVE('',#1451,#1451,#1724,.T.);
#1077=EDGE_CURVE('',#1452,#1452,#1725,.T.);
#1078=EDGE_CURVE('',#1453,#1453,#1726,.T.);
#1079=EDGE_CURVE('',#1454,#1454,#1727,.T.);
#1080=EDGE_CURVE('',#1455,#1455,#1728,.T.);
#1081=EDGE_CURVE('',#1456,#1456,#1729,.T.);
#1082=EDGE_CURVE('',#1457,#1457,#1730,.T.);
#1083=EDGE_CURVE('',#1458,#1458,#1731,.T.);
#1084=EDGE_CURVE('',#1459,#1459,#1732,.T.);
#1085=EDGE_CURVE('',#1460,#1460,#1733,.T.);
#1086=EDGE_CURVE('',#1461,#1461,#1734,.T.);
#1087=EDGE_CURVE('',#1462,#1462,#1735,.T.);
#1088=EDGE_CURVE('',#1463,#1463,#1736,.T.);
#1089=EDGE_CURVE('',#1464,#1464,#1737,.T.);
#1090=EDGE_CURVE('',#1465,#1465,#1738,.T.);
#1091=EDGE_CURVE('',#1466,#1466,#1739,.T.);
#1092=EDGE_CURVE('',#1467,#1467,#1740,.T.);
#1093=EDGE_CURVE('',#1468,#1468,#1741,.T.);
#1094=EDGE_CURVE('',#1469,#1469,#1742,.T.);
#1095=EDGE_CURVE('',#1470,#1470,#1743,.T.);
#1096=EDGE_CURVE('',#1471,#1471,#1744,.T.);
#1097=EDGE_CURVE('',#1472,#1472,#1745,.T.);
#1098=EDGE_CURVE('',#1473,#1473,#1746,.T.);
#1099=EDGE_CURVE('',#1474,#1474,#1747,.T.);
#1100=EDGE_CURVE('',#1475,#1475,#1748,.T.);
#1101=EDGE_CURVE('',#1476,#1476,#1749,.T.);
#1102=EDGE_CURVE('',#1477,#1477,#1750,.T.);
#1103=EDGE_CURVE('',#1478,#1478,#1751,.T.);
#1104=EDGE_CURVE('',#1479,#1479,#1752,.T.);
#1105=EDGE_CURVE('',#1480,#1480,#1753,.T.);
#1106=EDGE_CURVE('',#1481,#1481,#1754,.T.);
#1107=EDGE_CURVE('',#1482,#1482,#1755,.T.);
#1108=EDGE_CURVE('',#1483,#1483,#1756,.T.);
#1109=EDGE_CURVE('',#1484,#1484,#1757,.T.);
#1110=EDGE_CURVE('',#1485,#1485,#1758,.T.);
#1111=EDGE_CURVE('',#1486,#1486,#1759,.T.);
#1112=EDGE_CURVE('',#1487,#1487,#1760,.T.);
#1113=EDGE_CURVE('',#1488,#1488,#1761,.T.);
#1114=EDGE_CURVE('',#1489,#1489,#1762,.T.);
#1115=EDGE_CURVE('',#1490,#1490,#1763,.T.);
#1116=EDGE_CURVE('',#1491,#1491,#1764,.T.);
#1117=EDGE_CURVE('',#1492,#1492,#1765,.T.);
#1118=EDGE_CURVE('',#1493,#1493,#1766,.T.);
#1119=EDGE_CURVE('',#1494,#1494,#1767,.T.);
#1120=EDGE_CURVE('',#1495,#1495,#1768,.T.);
#1121=EDGE_CURVE('',#1496,#1496,#1769,.T.);
#1122=EDGE_CURVE('',#1497,#1497,#1770,.T.);
#1123=EDGE_CURVE('',#1498,#1498,#1771,.T.);
#1124=EDGE_CURVE('',#1499,#1499,#1772,.T.);
#1125=EDGE_CURVE('',#1500,#1500,#1773,.T.);
#1126=EDGE_CURVE('',#1501,#1501,#1774,.T.);
#1127=EDGE_CURVE('',#1502,#1502,#1775,.T.);
#1128=EDGE_CURVE('',#1503,#1503,#1776,.T.);
#1129=EDGE_CURVE('',#1504,#1504,#1777,.T.);
#1130=EDGE_CURVE('',#1505,#1505,#1778,.T.);
#1131=EDGE_CURVE('',#1506,#1506,#1779,.T.);
#1132=EDGE_CURVE('',#1507,#1507,#1780,.T.);
#1133=EDGE_CURVE('',#1508,#1508,#1781,.T.);
#1134=EDGE_CURVE('',#1509,#1509,#1782,.T.);
#1135=EDGE_CURVE('',#1510,#1510,#1783,.T.);
#1136=EDGE_CURVE('',#1511,#1511,#1784,.T.);
#1137=EDGE_CURVE('',#1512,#1512,#1785,.T.);
#1138=EDGE_CURVE('',#1513,#1513,#1786,.T.);
#1139=EDGE_CURVE('',#1514,#1514,#1787,.T.);
#1140=EDGE_CURVE('',#1515,#1515,#1788,.T.);
#1141=EDGE_CURVE('',#1516,#1516,#1789,.T.);
#1142=EDGE_CURVE('',#1517,#1517,#1790,.T.);
#1143=EDGE_CURVE('',#1518,#1518,#1791,.T.);
#1144=EDGE_CURVE('',#1519,#1519,#1792,.T.);
#1145=EDGE_CURVE('',#1520,#1521,#114,.T.);
#1146=EDGE_CURVE('',#1521,#1522,#115,.T.);
#1147=EDGE_CURVE('',#1522,#1523,#116,.F.);
#1148=EDGE_CURVE('',#1523,#1520,#117,.T.);
#1149=EDGE_CURVE('',#1524,#1525,#118,.T.);
#1150=EDGE_CURVE('',#1525,#1526,#119,.T.);
#1151=EDGE_CURVE('',#1526,#1527,#120,.F.);
#1152=EDGE_CURVE('',#1527,#1524,#121,.T.);
#1153=EDGE_CURVE('',#1528,#1529,#122,.T.);
#1154=EDGE_CURVE('',#1529,#1530,#123,.T.);
#1155=EDGE_CURVE('',#1530,#1531,#124,.F.);
#1156=EDGE_CURVE('',#1531,#1528,#125,.T.);
#1157=EDGE_CURVE('',#1532,#1533,#126,.T.);
#1158=EDGE_CURVE('',#1533,#1534,#127,.T.);
#1159=EDGE_CURVE('',#1534,#1535,#128,.F.);
#1160=EDGE_CURVE('',#1535,#1532,#129,.T.);
#1161=EDGE_CURVE('',#1536,#1537,#1793,.T.);
#1162=EDGE_CURVE('',#1537,#1538,#130,.T.);
#1163=EDGE_CURVE('',#1538,#1539,#1794,.T.);
#1164=EDGE_CURVE('',#1539,#1540,#131,.T.);
#1165=EDGE_CURVE('',#1540,#1541,#1795,.T.);
#1166=EDGE_CURVE('',#1541,#1542,#132,.T.);
#1167=EDGE_CURVE('',#1542,#1543,#1796,.T.);
#1168=EDGE_CURVE('',#1543,#1536,#133,.T.);
#1169=EDGE_CURVE('',#1544,#1544,#1797,.T.);
#1170=EDGE_CURVE('',#1545,#1546,#1798,.F.);
#1171=EDGE_CURVE('',#1546,#1547,#134,.T.);
#1172=EDGE_CURVE('',#1547,#1548,#1799,.F.);
#1173=EDGE_CURVE('',#1548,#1549,#135,.T.);
#1174=EDGE_CURVE('',#1549,#1550,#1800,.F.);
#1175=EDGE_CURVE('',#1550,#1551,#136,.T.);
#1176=EDGE_CURVE('',#1551,#1552,#1801,.F.);
#1177=EDGE_CURVE('',#1552,#1545,#137,.T.);
#1178=EDGE_CURVE('',#1553,#1554,#1802,.T.);
#1179=EDGE_CURVE('',#1553,#1555,#138,.T.);
#1180=EDGE_CURVE('',#1556,#1555,#1803,.T.);
#1181=EDGE_CURVE('',#1556,#1557,#139,.T.);
#1182=EDGE_CURVE('',#1558,#1557,#1804,.T.);
#1183=EDGE_CURVE('',#1558,#1559,#140,.T.);
#1184=EDGE_CURVE('',#1560,#1559,#1805,.T.);
#1185=EDGE_CURVE('',#1560,#1561,#141,.T.);
#1186=EDGE_CURVE('',#1562,#1561,#1806,.T.);
#1187=EDGE_CURVE('',#1562,#1563,#142,.T.);
#1188=EDGE_CURVE('',#1564,#1563,#1807,.T.);
#1189=EDGE_CURVE('',#1564,#1565,#143,.T.);
#1190=EDGE_CURVE('',#1566,#1565,#1808,.T.);
#1191=EDGE_CURVE('',#1566,#1567,#144,.T.);
#1192=EDGE_CURVE('',#1568,#1567,#1809,.T.);
#1193=EDGE_CURVE('',#1568,#1569,#145,.T.);
#1194=EDGE_CURVE('',#1570,#1569,#1810,.T.);
#1195=EDGE_CURVE('',#1570,#1571,#146,.T.);
#1196=EDGE_CURVE('',#1572,#1571,#1811,.T.);
#1197=EDGE_CURVE('',#1572,#1573,#147,.T.);
#1198=EDGE_CURVE('',#1574,#1573,#1812,.T.);
#1199=EDGE_CURVE('',#1575,#1574,#148,.T.);
#1200=EDGE_CURVE('',#1576,#1575,#1813,.T.);
#1201=EDGE_CURVE('',#1577,#1576,#149,.T.);
#1202=EDGE_CURVE('',#1578,#1577,#1814,.T.);
#1203=EDGE_CURVE('',#1579,#1578,#150,.T.);
#1204=EDGE_CURVE('',#1580,#1579,#1815,.T.);
#1205=EDGE_CURVE('',#1581,#1580,#151,.T.);
#1206=EDGE_CURVE('',#1582,#1581,#1816,.T.);
#1207=EDGE_CURVE('',#1583,#1582,#152,.T.);
#1208=EDGE_CURVE('',#1584,#1583,#1817,.T.);
#1209=EDGE_CURVE('',#1585,#1584,#153,.T.);
#1210=EDGE_CURVE('',#1586,#1585,#1818,.T.);
#1211=EDGE_CURVE('',#1587,#1586,#154,.T.);
#1212=EDGE_CURVE('',#1588,#1587,#1819,.T.);
#1213=EDGE_CURVE('',#1589,#1588,#155,.T.);
#1214=EDGE_CURVE('',#1590,#1589,#1820,.T.);
#1215=EDGE_CURVE('',#1591,#1590,#156,.T.);
#1216=EDGE_CURVE('',#1592,#1591,#1821,.T.);
#1217=EDGE_CURVE('',#1554,#1592,#157,.T.);
#1218=EDGE_CURVE('',#1593,#1593,#1822,.T.);
#1219=EDGE_CURVE('',#1594,#1595,#1823,.T.);
#1220=EDGE_CURVE('',#1596,#1594,#16,.T.);
#1221=EDGE_CURVE('',#1562,#1596,#17,.T.);
#1222=EDGE_CURVE('',#1561,#1597,#18,.T.);
#1223=EDGE_CURVE('',#1595,#1597,#19,.T.);
#1224=EDGE_CURVE('',#1598,#1599,#1824,.T.);
#1225=EDGE_CURVE('',#1600,#1598,#20,.T.);
#1226=EDGE_CURVE('',#1601,#1600,#1825,.T.);
#1227=EDGE_CURVE('',#1601,#1602,#21,.T.);
#1228=EDGE_CURVE('',#1558,#1602,#22,.T.);
#1229=EDGE_CURVE('',#1557,#1603,#23,.T.);
#1230=EDGE_CURVE('',#1599,#1603,#24,.T.);
#1231=EDGE_CURVE('',#1604,#1605,#1826,.T.);
#1232=EDGE_CURVE('',#1606,#1604,#25,.T.);
#1233=EDGE_CURVE('',#1607,#1606,#1827,.T.);
#1234=EDGE_CURVE('',#1607,#1608,#26,.T.);
#1235=EDGE_CURVE('',#1608,#1576,#27,.F.);
#1236=EDGE_CURVE('',#1609,#1575,#28,.F.);
#1237=EDGE_CURVE('',#1605,#1609,#29,.T.);
#1238=EDGE_CURVE('',#1610,#1611,#1828,.T.);
#1239=EDGE_CURVE('',#1610,#1612,#30,.T.);
#1240=EDGE_CURVE('',#1613,#1612,#1829,.T.);
#1241=EDGE_CURVE('',#1613,#1614,#31,.T.);
#1242=EDGE_CURVE('',#1606,#1614,#1830,.T.);
#1243=EDGE_CURVE('',#1615,#1604,#1831,.T.);
#1244=EDGE_CURVE('',#1611,#1615,#32,.T.);
#1245=EDGE_CURVE('',#1616,#1617,#1832,.T.);
#1246=EDGE_CURVE('',#1616,#1618,#33,.T.);
#1247=EDGE_CURVE('',#1619,#1618,#1833,.T.);
#1248=EDGE_CURVE('',#1619,#1620,#34,.T.);
#1249=EDGE_CURVE('',#1612,#1620,#1834,.T.);
#1250=EDGE_CURVE('',#1621,#1610,#1835,.T.);
#1251=EDGE_CURVE('',#1617,#1621,#35,.T.);
#1252=EDGE_CURVE('',#1622,#1621,#1836,.T.);
#1253=EDGE_CURVE('',#1622,#1623,#36,.T.);
#1254=EDGE_CURVE('',#1570,#1623,#37,.T.);
#1255=EDGE_CURVE('',#1569,#1624,#38,.T.);
#1256=EDGE_CURVE('',#1624,#1625,#39,.T.);
#1257=EDGE_CURVE('',#1617,#1625,#1837,.T.);
#1258=EDGE_CURVE('',#1626,#1615,#1838,.T.);
#1259=EDGE_CURVE('',#1626,#1627,#40,.T.);
#1260=EDGE_CURVE('',#1572,#1627,#41,.T.);
#1261=EDGE_CURVE('',#1571,#1623,#42,.T.);
#1262=EDGE_CURVE('',#1611,#1622,#1839,.T.);
#1263=EDGE_CURVE('',#1628,#1629,#1840,.T.);
#1264=EDGE_CURVE('',#1628,#1630,#43,.T.);
#1265=EDGE_CURVE('',#1631,#1630,#1841,.T.);
#1266=EDGE_CURVE('',#1632,#1631,#44,.T.);
#1267=EDGE_CURVE('',#1633,#1632,#1842,.T.);
#1268=EDGE_CURVE('',#1634,#1633,#45,.T.);
#1269=EDGE_CURVE('',#1635,#1634,#1843,.T.);
#1270=EDGE_CURVE('',#1629,#1635,#46,.T.);
#1271=EDGE_CURVE('',#1560,#1597,#47,.T.);
#1272=EDGE_CURVE('',#1559,#1602,#48,.T.);
#1273=EDGE_CURVE('',#1630,#1601,#1844,.T.);
#1274=EDGE_CURVE('',#1595,#1628,#1845,.T.);
#1275=EDGE_CURVE('',#1636,#1637,#1846,.T.);
#1276=EDGE_CURVE('',#1636,#1638,#49,.T.);
#1277=EDGE_CURVE('',#1639,#1638,#1847,.T.);
#1278=EDGE_CURVE('',#1639,#1640,#50,.T.);
#1279=EDGE_CURVE('',#1640,#1580,#51,.F.);
#1280=EDGE_CURVE('',#1641,#1579,#52,.F.);
#1281=EDGE_CURVE('',#1637,#1641,#53,.T.);
#1282=EDGE_CURVE('',#1642,#1643,#1848,.T.);
#1283=EDGE_CURVE('',#1644,#1642,#54,.T.);
#1284=EDGE_CURVE('',#1645,#1644,#1849,.T.);
#1285=EDGE_CURVE('',#1646,#1645,#55,.T.);
#1286=EDGE_CURVE('',#1638,#1646,#1850,.T.);
#1287=EDGE_CURVE('',#1647,#1636,#1851,.T.);
#1288=EDGE_CURVE('',#1643,#1647,#56,.T.);
#1289=EDGE_CURVE('',#1648,#1649,#57,.T.);
#1290=EDGE_CURVE('',#1649,#1582,#58,.F.);
#1291=EDGE_CURVE('',#1640,#1581,#59,.F.);
#1292=EDGE_CURVE('',#1648,#1639,#1852,.T.);
#1293=EDGE_CURVE('',#1650,#1651,#1853,.T.);
#1294=EDGE_CURVE('',#1650,#1652,#60,.T.);
#1295=EDGE_CURVE('',#1653,#1652,#1854,.T.);
#1296=EDGE_CURVE('',#1654,#1653,#61,.T.);
#1297=EDGE_CURVE('',#1655,#1654,#1855,.T.);
#1298=EDGE_CURVE('',#1656,#1655,#62,.T.);
#1299=EDGE_CURVE('',#1657,#1656,#1856,.T.);
#1300=EDGE_CURVE('',#1651,#1657,#63,.T.);
#1301=EDGE_CURVE('',#1658,#1659,#1857,.T.);
#1302=EDGE_CURVE('',#1658,#1660,#64,.T.);
#1303=EDGE_CURVE('',#1661,#1660,#1858,.T.);
#1304=EDGE_CURVE('',#1661,#1662,#65,.T.);
#1305=EDGE_CURVE('',#1652,#1662,#1859,.T.);
#1306=EDGE_CURVE('',#1663,#1650,#1860,.T.);
#1307=EDGE_CURVE('',#1659,#1663,#66,.T.);
#1308=EDGE_CURVE('',#1664,#1657,#1861,.T.);
#1309=EDGE_CURVE('',#1665,#1664,#67,.T.);
#1310=EDGE_CURVE('',#1666,#1665,#1862,.T.);
#1311=EDGE_CURVE('',#1667,#1666,#68,.T.);
#1312=EDGE_CURVE('',#1668,#1667,#1863,.T.);
#1313=EDGE_CURVE('',#1668,#1669,#69,.T.);
#1314=EDGE_CURVE('',#1651,#1669,#1864,.T.);
#1315=EDGE_CURVE('',#1669,#1663,#1865,.T.);
#1316=EDGE_CURVE('',#1670,#1668,#1866,.T.);
#1317=EDGE_CURVE('',#1671,#1670,#70,.T.);
#1318=EDGE_CURVE('',#1672,#1671,#1867,.T.);
#1319=EDGE_CURVE('',#1672,#1673,#71,.T.);
#1320=EDGE_CURVE('',#1659,#1673,#1868,.T.);
#1321=EDGE_CURVE('',#1674,#1675,#1869,.T.);
#1322=EDGE_CURVE('',#1674,#1676,#72,.T.);
#1323=EDGE_CURVE('',#1667,#1676,#1870,.T.);
#1324=EDGE_CURVE('',#1618,#1666,#1871,.T.);
#1325=EDGE_CURVE('',#1677,#1616,#1872,.T.);
#1326=EDGE_CURVE('',#1675,#1677,#73,.T.);
#1327=EDGE_CURVE('',#1634,#1678,#1873,.T.);
#1328=EDGE_CURVE('',#1671,#1633,#1874,.T.);
#1329=EDGE_CURVE('',#1676,#1670,#1875,.T.);
#1330=EDGE_CURVE('',#1679,#1674,#1876,.T.);
#1331=EDGE_CURVE('',#1678,#1679,#74,.T.);
#1332=EDGE_CURVE('',#1680,#1679,#1877,.T.);
#1333=EDGE_CURVE('',#1680,#1681,#75,.T.);
#1334=EDGE_CURVE('',#1566,#1681,#76,.T.);
#1335=EDGE_CURVE('',#1565,#1682,#77,.T.);
#1336=EDGE_CURVE('',#1683,#1682,#78,.T.);
#1337=EDGE_CURVE('',#1678,#1683,#1878,.T.);
#1338=EDGE_CURVE('',#1625,#1677,#1879,.T.);
#1339=EDGE_CURVE('',#1568,#1624,#79,.T.);
#1340=EDGE_CURVE('',#1567,#1681,#80,.T.);
#1341=EDGE_CURVE('',#1675,#1680,#1880,.T.);
#1342=EDGE_CURVE('',#1654,#1684,#1881,.T.);
#1343=EDGE_CURVE('',#1685,#1653,#1882,.T.);
#1344=EDGE_CURVE('',#1685,#1686,#81,.T.);
#1345=EDGE_CURVE('',#1686,#1588,#82,.F.);
#1346=EDGE_CURVE('',#1687,#1587,#83,.F.);
#1347=EDGE_CURVE('',#1684,#1687,#84,.T.);
#1348=EDGE_CURVE('',#1656,#1688,#1883,.T.);
#1349=EDGE_CURVE('',#1689,#1655,#1884,.T.);
#1350=EDGE_CURVE('',#1689,#1690,#85,.T.);
#1351=EDGE_CURVE('',#1644,#1690,#1885,.T.);
#1352=EDGE_CURVE('',#1691,#1642,#1886,.T.);
#1353=EDGE_CURVE('',#1688,#1691,#86,.T.);
#1354=EDGE_CURVE('',#1692,#1691,#1887,.T.);
#1355=EDGE_CURVE('',#1692,#1693,#87,.T.);
#1356=EDGE_CURVE('',#1620,#1693,#1888,.T.);
#1357=EDGE_CURVE('',#1665,#1619,#1889,.T.);
#1358=EDGE_CURVE('',#1688,#1664,#1890,.T.);
#1359=EDGE_CURVE('',#1646,#1648,#1891,.T.);
#1360=EDGE_CURVE('',#1694,#1645,#1892,.T.);
#1361=EDGE_CURVE('',#1694,#1695,#88,.T.);
#1362=EDGE_CURVE('',#1695,#1584,#89,.F.);
#1363=EDGE_CURVE('',#1649,#1583,#90,.F.);
#1364=EDGE_CURVE('',#1608,#1577,#91,.F.);
#1365=EDGE_CURVE('',#1641,#1578,#92,.F.);
#1366=EDGE_CURVE('',#1695,#1585,#93,.F.);
#1367=EDGE_CURVE('',#1687,#1586,#94,.F.);
#1368=EDGE_CURVE('',#1686,#1589,#95,.F.);
#1369=EDGE_CURVE('',#1564,#1682,#96,.T.);
#1370=EDGE_CURVE('',#1696,#1591,#97,.F.);
#1371=EDGE_CURVE('',#1696,#1590,#98,.F.);
#1372=EDGE_CURVE('',#1563,#1596,#99,.T.);
#1373=EDGE_CURVE('',#1697,#1554,#100,.F.);
#1374=EDGE_CURVE('',#1697,#1592,#101,.F.);
#1375=EDGE_CURVE('',#1556,#1603,#102,.T.);
#1376=EDGE_CURVE('',#1553,#1698,#103,.T.);
#1377=EDGE_CURVE('',#1555,#1698,#104,.T.);
#1378=EDGE_CURVE('',#1605,#1626,#1893,.T.);
#1379=EDGE_CURVE('',#1699,#1700,#1894,.T.);
#1380=EDGE_CURVE('',#1700,#1598,#1895,.T.);
#1381=EDGE_CURVE('',#1599,#1699,#1896,.T.);
#1382=EDGE_CURVE('',#1600,#1631,#1897,.T.);
#1383=EDGE_CURVE('',#1693,#1613,#1898,.T.);
#1384=EDGE_CURVE('',#1614,#1701,#1899,.T.);
#1385=EDGE_CURVE('',#1701,#1607,#1900,.T.);
#1386=EDGE_CURVE('',#1643,#1692,#1901,.T.);
#1387=EDGE_CURVE('',#1690,#1694,#1902,.T.);
#1388=EDGE_CURVE('',#1662,#1685,#1903,.T.);
#1389=EDGE_CURVE('',#1673,#1702,#1904,.T.);
#1390=EDGE_CURVE('',#1702,#1658,#1905,.T.);
#1391=EDGE_CURVE('',#1660,#1703,#1906,.T.);
#1392=EDGE_CURVE('',#1703,#1704,#1907,.T.);
#1393=EDGE_CURVE('',#1704,#1661,#1908,.T.);
#1394=EDGE_CURVE('',#1632,#1672,#1909,.T.);
#1395=EDGE_CURVE('',#1683,#1635,#1910,.T.);
#1396=EDGE_CURVE('',#1684,#1689,#1911,.T.);
#1397=EDGE_CURVE('',#1705,#1647,#1912,.T.);
#1398=EDGE_CURVE('',#1637,#1705,#1913,.T.);
#1399=EDGE_CURVE('',#1629,#1594,#1914,.T.);
#1400=EDGE_CURVE('',#1609,#1574,#105,.F.);
#1401=EDGE_CURVE('',#1573,#1627,#106,.T.);
#1402=EDGE_CURVE('',#1701,#1705,#107,.T.);
#1403=EDGE_CURVE('',#1704,#1696,#108,.T.);
#1404=EDGE_CURVE('',#1700,#1702,#109,.T.);
#1405=EDGE_CURVE('',#1699,#1706,#110,.T.);
#1406=EDGE_CURVE('',#1707,#1706,#1915,.T.);
#1407=EDGE_CURVE('',#1703,#1707,#111,.T.);
#1408=EDGE_CURVE('',#1708,#1707,#1916,.T.);
#1409=EDGE_CURVE('',#1708,#1697,#112,.T.);
#1410=EDGE_CURVE('',#1709,#1698,#113,.T.);
#1411=EDGE_CURVE('',#1706,#1709,#1917,.T.);
#1412=EDGE_CURVE('',#1709,#1708,#1918,.T.);
#1413=EDGE_CURVE('',#1534,#1521,#1919,.T.);
#1414=EDGE_CURVE('',#1520,#1535,#1920,.F.);
#1415=EDGE_CURVE('',#1530,#1533,#1921,.T.);
#1416=EDGE_CURVE('',#1532,#1531,#1922,.F.);
#1417=EDGE_CURVE('',#1526,#1529,#1923,.T.);
#1418=EDGE_CURVE('',#1528,#1527,#1924,.F.);
#1419=EDGE_CURVE('',#1522,#1525,#1925,.T.);
#1420=EDGE_CURVE('',#1524,#1523,#1926,.F.);
#1421=EDGE_CURVE('',#1551,#1521,#158,.T.);
#1422=EDGE_CURVE('',#1522,#1550,#159,.T.);
#1423=EDGE_CURVE('',#1525,#1549,#160,.T.);
#1424=EDGE_CURVE('',#1552,#1534,#161,.T.);
#1425=EDGE_CURVE('',#1526,#1548,#162,.T.);
#1426=EDGE_CURVE('',#1545,#1533,#163,.T.);
#1427=EDGE_CURVE('',#1529,#1547,#164,.T.);
#1428=EDGE_CURVE('',#1546,#1530,#165,.T.);
#1429=EDGE_CURVE('',#1520,#1541,#166,.T.);
#1430=EDGE_CURVE('',#1542,#1523,#167,.T.);
#1431=EDGE_CURVE('',#1543,#1524,#168,.T.);
#1432=EDGE_CURVE('',#1535,#1540,#169,.T.);
#1433=EDGE_CURVE('',#1536,#1527,#170,.T.);
#1434=EDGE_CURVE('',#1532,#1539,#171,.T.);
#1435=EDGE_CURVE('',#1537,#1528,#172,.T.);
#1436=EDGE_CURVE('',#1531,#1538,#173,.T.);
#1437=VERTEX_POINT('',#3901);
#1438=VERTEX_POINT('',#3903);
#1439=VERTEX_POINT('',#3906);
#1440=VERTEX_POINT('',#3908);
#1441=VERTEX_POINT('',#3911);
#1442=VERTEX_POINT('',#3913);
#1443=VERTEX_POINT('',#3916);
#1444=VERTEX_POINT('',#3918);
#1445=VERTEX_POINT('',#3921);
#1446=VERTEX_POINT('',#3923);
#1447=VERTEX_POINT('',#3926);
#1448=VERTEX_POINT('',#3928);
#1449=VERTEX_POINT('',#3931);
#1450=VERTEX_POINT('',#3933);
#1451=VERTEX_POINT('',#3936);
#1452=VERTEX_POINT('',#3938);
#1453=VERTEX_POINT('',#3941);
#1454=VERTEX_POINT('',#3943);
#1455=VERTEX_POINT('',#3946);
#1456=VERTEX_POINT('',#3948);
#1457=VERTEX_POINT('',#3951);
#1458=VERTEX_POINT('',#3953);
#1459=VERTEX_POINT('',#3956);
#1460=VERTEX_POINT('',#3958);
#1461=VERTEX_POINT('',#3961);
#1462=VERTEX_POINT('',#3963);
#1463=VERTEX_POINT('',#3966);
#1464=VERTEX_POINT('',#3968);
#1465=VERTEX_POINT('',#3971);
#1466=VERTEX_POINT('',#3973);
#1467=VERTEX_POINT('',#3976);
#1468=VERTEX_POINT('',#3978);
#1469=VERTEX_POINT('',#3981);
#1470=VERTEX_POINT('',#3983);
#1471=VERTEX_POINT('',#3986);
#1472=VERTEX_POINT('',#3988);
#1473=VERTEX_POINT('',#3991);
#1474=VERTEX_POINT('',#3993);
#1475=VERTEX_POINT('',#3996);
#1476=VERTEX_POINT('',#3998);
#1477=VERTEX_POINT('',#4001);
#1478=VERTEX_POINT('',#4003);
#1479=VERTEX_POINT('',#4006);
#1480=VERTEX_POINT('',#4009);
#1481=VERTEX_POINT('',#4012);
#1482=VERTEX_POINT('',#4015);
#1483=VERTEX_POINT('',#4017);
#1484=VERTEX_POINT('',#4020);
#1485=VERTEX_POINT('',#4022);
#1486=VERTEX_POINT('',#4025);
#1487=VERTEX_POINT('',#4028);
#1488=VERTEX_POINT('',#4031);
#1489=VERTEX_POINT('',#4034);
#1490=VERTEX_POINT('',#4036);
#1491=VERTEX_POINT('',#4039);
#1492=VERTEX_POINT('',#4041);
#1493=VERTEX_POINT('',#4044);
#1494=VERTEX_POINT('',#4047);
#1495=VERTEX_POINT('',#4050);
#1496=VERTEX_POINT('',#4053);
#1497=VERTEX_POINT('',#4055);
#1498=VERTEX_POINT('',#4058);
#1499=VERTEX_POINT('',#4060);
#1500=VERTEX_POINT('',#4063);
#1501=VERTEX_POINT('',#4066);
#1502=VERTEX_POINT('',#4069);
#1503=VERTEX_POINT('',#4072);
#1504=VERTEX_POINT('',#4074);
#1505=VERTEX_POINT('',#4077);
#1506=VERTEX_POINT('',#4079);
#1507=VERTEX_POINT('',#4082);
#1508=VERTEX_POINT('',#4085);
#1509=VERTEX_POINT('',#4088);
#1510=VERTEX_POINT('',#4091);
#1511=VERTEX_POINT('',#4093);
#1512=VERTEX_POINT('',#4096);
#1513=VERTEX_POINT('',#4098);
#1514=VERTEX_POINT('',#4101);
#1515=VERTEX_POINT('',#4103);
#1516=VERTEX_POINT('',#4106);
#1517=VERTEX_POINT('',#4108);
#1518=VERTEX_POINT('',#4111);
#1519=VERTEX_POINT('',#4113);
#1520=VERTEX_POINT('',#4116);
#1521=VERTEX_POINT('',#4117);
#1522=VERTEX_POINT('',#4119);
#1523=VERTEX_POINT('',#4121);
#1524=VERTEX_POINT('',#4125);
#1525=VERTEX_POINT('',#4126);
#1526=VERTEX_POINT('',#4128);
#1527=VERTEX_POINT('',#4130);
#1528=VERTEX_POINT('',#4134);
#1529=VERTEX_POINT('',#4135);
#1530=VERTEX_POINT('',#4137);
#1531=VERTEX_POINT('',#4139);
#1532=VERTEX_POINT('',#4143);
#1533=VERTEX_POINT('',#4144);
#1534=VERTEX_POINT('',#4146);
#1535=VERTEX_POINT('',#4148);
#1536=VERTEX_POINT('',#4152);
#1537=VERTEX_POINT('',#4153);
#1538=VERTEX_POINT('',#4155);
#1539=VERTEX_POINT('',#4157);
#1540=VERTEX_POINT('',#4159);
#1541=VERTEX_POINT('',#4161);
#1542=VERTEX_POINT('',#4163);
#1543=VERTEX_POINT('',#4165);
#1544=VERTEX_POINT('',#4168);
#1545=VERTEX_POINT('',#4171);
#1546=VERTEX_POINT('',#4172);
#1547=VERTEX_POINT('',#4174);
#1548=VERTEX_POINT('',#4176);
#1549=VERTEX_POINT('',#4178);
#1550=VERTEX_POINT('',#4180);
#1551=VERTEX_POINT('',#4182);
#1552=VERTEX_POINT('',#4184);
#1553=VERTEX_POINT('',#4187);
#1554=VERTEX_POINT('',#4188);
#1555=VERTEX_POINT('',#4190);
#1556=VERTEX_POINT('',#4192);
#1557=VERTEX_POINT('',#4194);
#1558=VERTEX_POINT('',#4196);
#1559=VERTEX_POINT('',#4198);
#1560=VERTEX_POINT('',#4200);
#1561=VERTEX_POINT('',#4202);
#1562=VERTEX_POINT('',#4204);
#1563=VERTEX_POINT('',#4206);
#1564=VERTEX_POINT('',#4208);
#1565=VERTEX_POINT('',#4210);
#1566=VERTEX_POINT('',#4212);
#1567=VERTEX_POINT('',#4214);
#1568=VERTEX_POINT('',#4216);
#1569=VERTEX_POINT('',#4218);
#1570=VERTEX_POINT('',#4220);
#1571=VERTEX_POINT('',#4222);
#1572=VERTEX_POINT('',#4224);
#1573=VERTEX_POINT('',#4226);
#1574=VERTEX_POINT('',#4228);
#1575=VERTEX_POINT('',#4230);
#1576=VERTEX_POINT('',#4232);
#1577=VERTEX_POINT('',#4234);
#1578=VERTEX_POINT('',#4236);
#1579=VERTEX_POINT('',#4238);
#1580=VERTEX_POINT('',#4240);
#1581=VERTEX_POINT('',#4242);
#1582=VERTEX_POINT('',#4244);
#1583=VERTEX_POINT('',#4246);
#1584=VERTEX_POINT('',#4248);
#1585=VERTEX_POINT('',#4250);
#1586=VERTEX_POINT('',#4252);
#1587=VERTEX_POINT('',#4254);
#1588=VERTEX_POINT('',#4256);
#1589=VERTEX_POINT('',#4258);
#1590=VERTEX_POINT('',#4260);
#1591=VERTEX_POINT('',#4262);
#1592=VERTEX_POINT('',#4264);
#1593=VERTEX_POINT('',#4267);
#1594=VERTEX_POINT('',#4271);
#1595=VERTEX_POINT('',#4272);
#1596=VERTEX_POINT('',#4308);
#1597=VERTEX_POINT('',#4317);
#1598=VERTEX_POINT('',#4355);
#1599=VERTEX_POINT('',#4356);
#1600=VERTEX_POINT('',#4394);
#1601=VERTEX_POINT('',#4396);
#1602=VERTEX_POINT('',#4432);
#1603=VERTEX_POINT('',#4441);
#1604=VERTEX_POINT('',#4479);
#1605=VERTEX_POINT('',#4480);
#1606=VERTEX_POINT('',#4518);
#1607=VERTEX_POINT('',#4520);
#1608=VERTEX_POINT('',#4556);
#1609=VERTEX_POINT('',#4565);
#1610=VERTEX_POINT('',#4603);
#1611=VERTEX_POINT('',#4604);
#1612=VERTEX_POINT('',#4642);
#1613=VERTEX_POINT('',#4644);
#1614=VERTEX_POINT('',#4682);
#1615=VERTEX_POINT('',#4685);
#1616=VERTEX_POINT('',#4725);
#1617=VERTEX_POINT('',#4726);
#1618=VERTEX_POINT('',#4764);
#1619=VERTEX_POINT('',#4766);
#1620=VERTEX_POINT('',#4804);
#1621=VERTEX_POINT('',#4807);
#1622=VERTEX_POINT('',#4847);
#1623=VERTEX_POINT('',#4883);
#1624=VERTEX_POINT('',#4892);
#1625=VERTEX_POINT('',#4928);
#1626=VERTEX_POINT('',#4932);
#1627=VERTEX_POINT('',#4968);
#1628=VERTEX_POINT('',#4980);
#1629=VERTEX_POINT('',#4981);
#1630=VERTEX_POINT('',#5019);
#1631=VERTEX_POINT('',#5021);
#1632=VERTEX_POINT('',#5059);
#1633=VERTEX_POINT('',#5061);
#1634=VERTEX_POINT('',#5099);
#1635=VERTEX_POINT('',#5101);
#1636=VERTEX_POINT('',#5152);
#1637=VERTEX_POINT('',#5153);
#1638=VERTEX_POINT('',#5191);
#1639=VERTEX_POINT('',#5193);
#1640=VERTEX_POINT('',#5229);
#1641=VERTEX_POINT('',#5238);
#1642=VERTEX_POINT('',#5276);
#1643=VERTEX_POINT('',#5277);
#1644=VERTEX_POINT('',#5315);
#1645=VERTEX_POINT('',#5317);
#1646=VERTEX_POINT('',#5355);
#1647=VERTEX_POINT('',#5358);
#1648=VERTEX_POINT('',#5432);
#1649=VERTEX_POINT('',#5433);
#1650=VERTEX_POINT('',#5445);
#1651=VERTEX_POINT('',#5446);
#1652=VERTEX_POINT('',#5484);
#1653=VERTEX_POINT('',#5486);
#1654=VERTEX_POINT('',#5524);
#1655=VERTEX_POINT('',#5526);
#1656=VERTEX_POINT('',#5564);
#1657=VERTEX_POINT('',#5566);
#1658=VERTEX_POINT('',#5606);
#1659=VERTEX_POINT('',#5607);
#1660=VERTEX_POINT('',#5645);
#1661=VERTEX_POINT('',#5647);
#1662=VERTEX_POINT('',#5685);
#1663=VERTEX_POINT('',#5688);
#1664=VERTEX_POINT('',#5728);
#1665=VERTEX_POINT('',#5766);
#1666=VERTEX_POINT('',#5768);
#1667=VERTEX_POINT('',#5806);
#1668=VERTEX_POINT('',#5808);
#1669=VERTEX_POINT('',#5846);
#1670=VERTEX_POINT('',#5851);
#1671=VERTEX_POINT('',#5889);
#1672=VERTEX_POINT('',#5891);
#1673=VERTEX_POINT('',#5929);
#1674=VERTEX_POINT('',#5933);
#1675=VERTEX_POINT('',#5934);
#1676=VERTEX_POINT('',#5972);
#1677=VERTEX_POINT('',#5976);
#1678=VERTEX_POINT('',#6016);
#1679=VERTEX_POINT('',#6020);
#1680=VERTEX_POINT('',#6060);
#1681=VERTEX_POINT('',#6096);
#1682=VERTEX_POINT('',#6105);
#1683=VERTEX_POINT('',#6141);
#1684=VERTEX_POINT('',#6156);
#1685=VERTEX_POINT('',#6158);
#1686=VERTEX_POINT('',#6194);
#1687=VERTEX_POINT('',#6203);
#1688=VERTEX_POINT('',#6241);
#1689=VERTEX_POINT('',#6243);
#1690=VERTEX_POINT('',#6281);
#1691=VERTEX_POINT('',#6284);
#1692=VERTEX_POINT('',#6324);
#1693=VERTEX_POINT('',#6362);
#1694=VERTEX_POINT('',#6369);
#1695=VERTEX_POINT('',#6405);
#1696=VERTEX_POINT('',#6453);
#1697=VERTEX_POINT('',#6468);
#1698=VERTEX_POINT('',#6484);
#1699=VERTEX_POINT('',#6493);
#1700=VERTEX_POINT('',#6494);
#1701=VERTEX_POINT('',#6503);
#1702=VERTEX_POINT('',#6513);
#1703=VERTEX_POINT('',#6517);
#1704=VERTEX_POINT('',#6519);
#1705=VERTEX_POINT('',#6535);
#1706=VERTEX_POINT('',#6703);
#1707=VERTEX_POINT('',#6705);
#1708=VERTEX_POINT('',#6745);
#1709=VERTEX_POINT('',#6817);
#1710=CIRCLE('',#2721,0.000859901340751005);
#1711=CIRCLE('',#2722,0.00386275939624097);
#1712=CIRCLE('',#2724,0.000859901340751005);
#1713=CIRCLE('',#2725,0.00386275939624097);
#1714=CIRCLE('',#2727,0.000859901340751005);
#1715=CIRCLE('',#2728,0.00386275939624097);
#1716=CIRCLE('',#2730,0.000859901340751005);
#1717=CIRCLE('',#2731,0.00386275939624097);
#1718=CIRCLE('',#2733,0.000859901340751005);
#1719=CIRCLE('',#2734,0.00386275939624097);
#1720=CIRCLE('',#2736,0.000859901340751005);
#1721=CIRCLE('',#2737,0.00386275939624097);
#1722=CIRCLE('',#2739,0.000859901340751005);
#1723=CIRCLE('',#2740,0.00386275939624097);
#1724=CIRCLE('',#2742,0.000859901340751005);
#1725=CIRCLE('',#2743,0.00386275939624097);
#1726=CIRCLE('',#2745,0.000859901340751005);
#1727=CIRCLE('',#2746,0.00386275939624097);
#1728=CIRCLE('',#2748,0.000859901340751005);
#1729=CIRCLE('',#2749,0.00386275939624097);
#1730=CIRCLE('',#2751,0.000859901340751005);
#1731=CIRCLE('',#2752,0.00386275939624097);
#1732=CIRCLE('',#2754,0.000859901340751005);
#1733=CIRCLE('',#2755,0.00386275939624097);
#1734=CIRCLE('',#2757,0.000859901340751005);
#1735=CIRCLE('',#2758,0.00386275939624097);
#1736=CIRCLE('',#2760,0.000859901340751005);
#1737=CIRCLE('',#2761,0.00386275939624097);
#1738=CIRCLE('',#2763,0.000859901340751005);
#1739=CIRCLE('',#2764,0.00386275939624097);
#1740=CIRCLE('',#2766,0.00265);
#1741=CIRCLE('',#2767,0.000859901340751005);
#1742=CIRCLE('',#2769,0.00265);
#1743=CIRCLE('',#2770,0.000859901340751005);
#1744=CIRCLE('',#2772,0.00265);
#1745=CIRCLE('',#2773,0.000859901340751005);
#1746=CIRCLE('',#2775,0.00265);
#1747=CIRCLE('',#2776,0.000859901340751005);
#1748=CIRCLE('',#2778,0.00265);
#1749=CIRCLE('',#2779,0.000859901340751005);
#1750=CIRCLE('',#2781,0.00265);
#1751=CIRCLE('',#2782,0.000859901340751005);
#1752=CIRCLE('',#2784,0.00265);
#1753=CIRCLE('',#2786,0.00265);
#1754=CIRCLE('',#2788,0.00265);
#1755=CIRCLE('',#2790,0.00265);
#1756=CIRCLE('',#2791,0.000859901340751005);
#1757=CIRCLE('',#2793,0.00265);
#1758=CIRCLE('',#2794,0.000859901340751005);
#1759=CIRCLE('',#2796,0.00265);
#1760=CIRCLE('',#2798,0.00265);
#1761=CIRCLE('',#2800,0.00265);
#1762=CIRCLE('',#2802,0.00265);
#1763=CIRCLE('',#2803,0.000859901340751005);
#1764=CIRCLE('',#2805,0.00265);
#1765=CIRCLE('',#2806,0.000859901340751005);
#1766=CIRCLE('',#2808,0.00265);
#1767=CIRCLE('',#2810,0.00265);
#1768=CIRCLE('',#2812,0.00265);
#1769=CIRCLE('',#2814,0.00265);
#1770=CIRCLE('',#2815,0.000859901340751005);
#1771=CIRCLE('',#2817,0.00265);
#1772=CIRCLE('',#2818,0.000859901340751005);
#1773=CIRCLE('',#2820,0.00265);
#1774=CIRCLE('',#2822,0.00265);
#1775=CIRCLE('',#2824,0.00265);
#1776=CIRCLE('',#2826,0.00265);
#1777=CIRCLE('',#2827,0.000859901340751005);
#1778=CIRCLE('',#2829,0.00265);
#1779=CIRCLE('',#2830,0.000859901340751005);
#1780=CIRCLE('',#2832,0.00265);
#1781=CIRCLE('',#2834,0.00265);
#1782=CIRCLE('',#2836,0.00265);
#1783=CIRCLE('',#2838,0.00265);
#1784=CIRCLE('',#2839,0.000859901340751005);
#1785=CIRCLE('',#2841,0.00265);
#1786=CIRCLE('',#2842,0.000859901340751005);
#1787=CIRCLE('',#2844,0.00265);
#1788=CIRCLE('',#2845,0.000859901340751005);
#1789=CIRCLE('',#2847,0.00265);
#1790=CIRCLE('',#2848,0.000859901340751005);
#1791=CIRCLE('',#2850,0.00265);
#1792=CIRCLE('',#2851,0.000859901340751005);
#1793=CIRCLE('',#2857,0.003);
#1794=CIRCLE('',#2858,0.003);
#1795=CIRCLE('',#2859,0.003);
#1796=CIRCLE('',#2860,0.003);
#1797=CIRCLE('',#2861,0.00265);
#1798=CIRCLE('',#2863,0.003);
#1799=CIRCLE('',#2864,0.003);
#1800=CIRCLE('',#2865,0.003);
#1801=CIRCLE('',#2866,0.003);
#1802=CIRCLE('',#2867,0.00386275939624097);
#1803=CIRCLE('',#2868,0.00386275939624097);
#1804=CIRCLE('',#2869,0.00386275939624097);
#1805=CIRCLE('',#2870,0.00386275939624097);
#1806=CIRCLE('',#2871,0.00386275939624097);
#1807=CIRCLE('',#2872,0.00386275939624097);
#1808=CIRCLE('',#2873,0.00386275939624097);
#1809=CIRCLE('',#2874,0.00386275939624097);
#1810=CIRCLE('',#2875,0.00386275939624097);
#1811=CIRCLE('',#2876,0.00386275939624097);
#1812=CIRCLE('',#2877,0.00386275939624097);
#1813=CIRCLE('',#2878,0.00386275939624097);
#1814=CIRCLE('',#2879,0.00386275939624097);
#1815=CIRCLE('',#2880,0.00386275939624097);
#1816=CIRCLE('',#2881,0.00386275939624097);
#1817=CIRCLE('',#2882,0.00386275939624097);
#1818=CIRCLE('',#2883,0.00386275939624097);
#1819=CIRCLE('',#2884,0.00386275939624097);
#1820=CIRCLE('',#2885,0.00386275939624097);
#1821=CIRCLE('',#2886,0.00386275939624097);
#1822=CIRCLE('',#2887,0.000859901340751005);
#1823=CIRCLE('',#2890,0.00552187522676442);
#1824=CIRCLE('',#2892,0.00552187522676442);
#1825=CIRCLE('',#2893,0.00552187522676442);
#1826=CIRCLE('',#2895,0.00552187522676442);
#1827=CIRCLE('',#2896,0.00552187522676442);
#1828=CIRCLE('',#2898,0.00552187522676442);
#1829=CIRCLE('',#2899,0.00552187522676442);
#1830=CIRCLE('',#2900,0.00552187522676442);
#1831=CIRCLE('',#2901,0.00552187522676442);
#1832=CIRCLE('',#2903,0.00552187522676442);
#1833=CIRCLE('',#2904,0.00552187522676442);
#1834=CIRCLE('',#2905,0.00552187522676442);
#1835=CIRCLE('',#2906,0.00552187522676442);
#1836=CIRCLE('',#2908,0.00552187522676442);
#1837=CIRCLE('',#2909,0.00552187522676442);
#1838=CIRCLE('',#2911,0.00552187522676442);
#1839=CIRCLE('',#2912,0.00552187522676442);
#1840=CIRCLE('',#2914,0.00552187522676442);
#1841=CIRCLE('',#2915,0.00552187522676442);
#1842=CIRCLE('',#2916,0.00552187522676442);
#1843=CIRCLE('',#2917,0.00552187522676442);
#1844=CIRCLE('',#2919,0.00552187522676442);
#1845=CIRCLE('',#2920,0.00552187522676442);
#1846=CIRCLE('',#2922,0.00552187522676442);
#1847=CIRCLE('',#2923,0.00552187522676442);
#1848=CIRCLE('',#2925,0.00552187522676442);
#1849=CIRCLE('',#2926,0.00552187522676442);
#1850=CIRCLE('',#2927,0.00552187522676442);
#1851=CIRCLE('',#2928,0.00552187522676442);
#1852=CIRCLE('',#2930,0.00552187522676442);
#1853=CIRCLE('',#2932,0.00552187522676442);
#1854=CIRCLE('',#2933,0.00552187522676442);
#1855=CIRCLE('',#2934,0.00552187522676442);
#1856=CIRCLE('',#2935,0.00552187522676442);
#1857=CIRCLE('',#2937,0.00552187522676442);
#1858=CIRCLE('',#2938,0.00552187522676442);
#1859=CIRCLE('',#2939,0.00552187522676442);
#1860=CIRCLE('',#2940,0.00552187522676442);
#1861=CIRCLE('',#2942,0.00552187522676442);
#1862=CIRCLE('',#2943,0.00552187522676442);
#1863=CIRCLE('',#2944,0.00552187522676442);
#1864=CIRCLE('',#2945,0.00552187522676442);
#1865=CIRCLE('',#2947,0.00552187522676442);
#1866=CIRCLE('',#2948,0.00552187522676442);
#1867=CIRCLE('',#2949,0.00552187522676442);
#1868=CIRCLE('',#2950,0.00552187522676442);
#1869=CIRCLE('',#2952,0.00552187522676442);
#1870=CIRCLE('',#2953,0.00552187522676442);
#1871=CIRCLE('',#2954,0.00552187522676442);
#1872=CIRCLE('',#2955,0.00552187522676442);
#1873=CIRCLE('',#2957,0.00552187522676442);
#1874=CIRCLE('',#2958,0.00552187522676442);
#1875=CIRCLE('',#2959,0.00552187522676442);
#1876=CIRCLE('',#2960,0.00552187522676442);
#1877=CIRCLE('',#2962,0.00552187522676442);
#1878=CIRCLE('',#2963,0.00552187522676442);
#1879=CIRCLE('',#2965,0.00552187522676442);
#1880=CIRCLE('',#2966,0.00552187522676442);
#1881=CIRCLE('',#2968,0.00552187522676442);
#1882=CIRCLE('',#2969,0.00552187522676442);
#1883=CIRCLE('',#2971,0.00552187522676442);
#1884=CIRCLE('',#2972,0.00552187522676442);
#1885=CIRCLE('',#2973,0.00552187522676442);
#1886=CIRCLE('',#2974,0.00552187522676442);
#1887=CIRCLE('',#2976,0.00552187522676442);
#1888=CIRCLE('',#2977,0.00552187522676442);
#1889=CIRCLE('',#2978,0.00552187522676442);
#1890=CIRCLE('',#2979,0.00552187522676442);
#1891=CIRCLE('',#2981,0.00552187522676442);
#1892=CIRCLE('',#2982,0.00552187522676442);
#1893=CIRCLE('',#3000,0.00552187522676442);
#1894=CIRCLE('',#3002,0.00552187522676442);
#1895=CIRCLE('',#3003,0.00552187522676442);
#1896=CIRCLE('',#3004,0.00552187522676442);
#1897=CIRCLE('',#3006,0.00552187522676442);
#1898=CIRCLE('',#3008,0.00552187522676442);
#1899=CIRCLE('',#3010,0.00552187522676442);
#1900=CIRCLE('',#3011,0.00552187522676442);
#1901=CIRCLE('',#3013,0.00552187522676442);
#1902=CIRCLE('',#3015,0.00552187522676442);
#1903=CIRCLE('',#3017,0.00552187522676442);
#1904=CIRCLE('',#3019,0.00552187522676442);
#1905=CIRCLE('',#3020,0.00552187522676442);
#1906=CIRCLE('',#3022,0.00552187522676442);
#1907=CIRCLE('',#3023,0.00552187522676442);
#1908=CIRCLE('',#3024,0.00552187522676442);
#1909=CIRCLE('',#3026,0.00552187522676442);
#1910=CIRCLE('',#3028,0.00552187522676442);
#1911=CIRCLE('',#3030,0.00552187522676442);
#1912=CIRCLE('',#3038,0.00552187522676442);
#1913=CIRCLE('',#3039,0.00552187522676442);
#1914=CIRCLE('',#3042,0.00552187522676442);
#1915=CIRCLE('',#3052,0.00552187522676442);
#1916=CIRCLE('',#3054,0.00552187522676442);
#1917=CIRCLE('',#3056,0.00552187522676442);
#1918=CIRCLE('',#3062,0.00552187522676442);
#1919=CIRCLE('',#3065,0.005);
#1920=CIRCLE('',#3066,0.005);
#1921=CIRCLE('',#3068,0.005);
#1922=CIRCLE('',#3069,0.005);
#1923=CIRCLE('',#3071,0.005);
#1924=CIRCLE('',#3072,0.005);
#1925=CIRCLE('',#3074,0.005);
#1926=CIRCLE('',#3075,0.005);
#1927=EDGE_LOOP('',(#312));
#1928=EDGE_LOOP('',(#313));
#1929=EDGE_LOOP('',(#314));
#1930=EDGE_LOOP('',(#315));
#1931=EDGE_LOOP('',(#316));
#1932=EDGE_LOOP('',(#317));
#1933=EDGE_LOOP('',(#318));
#1934=EDGE_LOOP('',(#319));
#1935=EDGE_LOOP('',(#320));
#1936=EDGE_LOOP('',(#321));
#1937=EDGE_LOOP('',(#322));
#1938=EDGE_LOOP('',(#323));
#1939=EDGE_LOOP('',(#324));
#1940=EDGE_LOOP('',(#325));
#1941=EDGE_LOOP('',(#326));
#1942=EDGE_LOOP('',(#327));
#1943=EDGE_LOOP('',(#328));
#1944=EDGE_LOOP('',(#329));
#1945=EDGE_LOOP('',(#330));
#1946=EDGE_LOOP('',(#331));
#1947=EDGE_LOOP('',(#332));
#1948=EDGE_LOOP('',(#333));
#1949=EDGE_LOOP('',(#334));
#1950=EDGE_LOOP('',(#335));
#1951=EDGE_LOOP('',(#336));
#1952=EDGE_LOOP('',(#337));
#1953=EDGE_LOOP('',(#338));
#1954=EDGE_LOOP('',(#339));
#1955=EDGE_LOOP('',(#340));
#1956=EDGE_LOOP('',(#341));
#1957=EDGE_LOOP('',(#342));
#1958=EDGE_LOOP('',(#343));
#1959=EDGE_LOOP('',(#344));
#1960=EDGE_LOOP('',(#345));
#1961=EDGE_LOOP('',(#346));
#1962=EDGE_LOOP('',(#347));
#1963=EDGE_LOOP('',(#348));
#1964=EDGE_LOOP('',(#349));
#1965=EDGE_LOOP('',(#350));
#1966=EDGE_LOOP('',(#351));
#1967=EDGE_LOOP('',(#352));
#1968=EDGE_LOOP('',(#353));
#1969=EDGE_LOOP('',(#354));
#1970=EDGE_LOOP('',(#355));
#1971=EDGE_LOOP('',(#356));
#1972=EDGE_LOOP('',(#357));
#1973=EDGE_LOOP('',(#358));
#1974=EDGE_LOOP('',(#359));
#1975=EDGE_LOOP('',(#360));
#1976=EDGE_LOOP('',(#361));
#1977=EDGE_LOOP('',(#362));
#1978=EDGE_LOOP('',(#363));
#1979=EDGE_LOOP('',(#364));
#1980=EDGE_LOOP('',(#365));
#1981=EDGE_LOOP('',(#366));
#1982=EDGE_LOOP('',(#367));
#1983=EDGE_LOOP('',(#368));
#1984=EDGE_LOOP('',(#369));
#1985=EDGE_LOOP('',(#370));
#1986=EDGE_LOOP('',(#371));
#1987=EDGE_LOOP('',(#372));
#1988=EDGE_LOOP('',(#373));
#1989=EDGE_LOOP('',(#374));
#1990=EDGE_LOOP('',(#375));
#1991=EDGE_LOOP('',(#376));
#1992=EDGE_LOOP('',(#377));
#1993=EDGE_LOOP('',(#378));
#1994=EDGE_LOOP('',(#379));
#1995=EDGE_LOOP('',(#380));
#1996=EDGE_LOOP('',(#381));
#1997=EDGE_LOOP('',(#382));
#1998=EDGE_LOOP('',(#383));
#1999=EDGE_LOOP('',(#384));
#2000=EDGE_LOOP('',(#385));
#2001=EDGE_LOOP('',(#386));
#2002=EDGE_LOOP('',(#387));
#2003=EDGE_LOOP('',(#388));
#2004=EDGE_LOOP('',(#389));
#2005=EDGE_LOOP('',(#390));
#2006=EDGE_LOOP('',(#391));
#2007=EDGE_LOOP('',(#392));
#2008=EDGE_LOOP('',(#393));
#2009=EDGE_LOOP('',(#394));
#2010=EDGE_LOOP('',(#395));
#2011=EDGE_LOOP('',(#396));
#2012=EDGE_LOOP('',(#397));
#2013=EDGE_LOOP('',(#398));
#2014=EDGE_LOOP('',(#399));
#2015=EDGE_LOOP('',(#400));
#2016=EDGE_LOOP('',(#401));
#2017=EDGE_LOOP('',(#402));
#2018=EDGE_LOOP('',(#403));
#2019=EDGE_LOOP('',(#404));
#2020=EDGE_LOOP('',(#405));
#2021=EDGE_LOOP('',(#406));
#2022=EDGE_LOOP('',(#407));
#2023=EDGE_LOOP('',(#408));
#2024=EDGE_LOOP('',(#409));
#2025=EDGE_LOOP('',(#410,#411,#412,#413));
#2026=EDGE_LOOP('',(#414,#415,#416,#417));
#2027=EDGE_LOOP('',(#418,#419,#420,#421));
#2028=EDGE_LOOP('',(#422,#423,#424,#425));
#2029=EDGE_LOOP('',(#426,#427,#428,#429,#430,#431,#432,#433));
#2030=EDGE_LOOP('',(#434));
#2031=EDGE_LOOP('',(#435));
#2032=EDGE_LOOP('',(#436));
#2033=EDGE_LOOP('',(#437));
#2034=EDGE_LOOP('',(#438));
#2035=EDGE_LOOP('',(#439));
#2036=EDGE_LOOP('',(#440));
#2037=EDGE_LOOP('',(#441));
#2038=EDGE_LOOP('',(#442));
#2039=EDGE_LOOP('',(#443));
#2040=EDGE_LOOP('',(#444));
#2041=EDGE_LOOP('',(#445));
#2042=EDGE_LOOP('',(#446));
#2043=EDGE_LOOP('',(#447));
#2044=EDGE_LOOP('',(#448));
#2045=EDGE_LOOP('',(#449));
#2046=EDGE_LOOP('',(#450));
#2047=EDGE_LOOP('',(#451));
#2048=EDGE_LOOP('',(#452));
#2049=EDGE_LOOP('',(#453));
#2050=EDGE_LOOP('',(#454));
#2051=EDGE_LOOP('',(#455));
#2052=EDGE_LOOP('',(#456));
#2053=EDGE_LOOP('',(#457));
#2054=EDGE_LOOP('',(#458));
#2055=EDGE_LOOP('',(#459));
#2056=EDGE_LOOP('',(#460));
#2057=EDGE_LOOP('',(#461));
#2058=EDGE_LOOP('',(#462));
#2059=EDGE_LOOP('',(#463));
#2060=EDGE_LOOP('',(#464));
#2061=EDGE_LOOP('',(#465));
#2062=EDGE_LOOP('',(#466));
#2063=EDGE_LOOP('',(#467));
#2064=EDGE_LOOP('',(#468));
#2065=EDGE_LOOP('',(#469,#470,#471,#472,#473,#474,#475,#476));
#2066=EDGE_LOOP('',(#477,#478,#479,#480,#481,#482,#483,#484,#485,#486,#487,
#488,#489,#490,#491,#492,#493,#494,#495,#496,#497,#498,#499,#500,#501,#502,
#503,#504,#505,#506,#507,#508,#509,#510,#511,#512,#513,#514,#515,#516));
#2067=EDGE_LOOP('',(#517));
#2068=EDGE_LOOP('',(#518));
#2069=EDGE_LOOP('',(#519));
#2070=EDGE_LOOP('',(#520));
#2071=EDGE_LOOP('',(#521));
#2072=EDGE_LOOP('',(#522));
#2073=EDGE_LOOP('',(#523));
#2074=EDGE_LOOP('',(#524));
#2075=EDGE_LOOP('',(#525));
#2076=EDGE_LOOP('',(#526));
#2077=EDGE_LOOP('',(#527));
#2078=EDGE_LOOP('',(#528));
#2079=EDGE_LOOP('',(#529));
#2080=EDGE_LOOP('',(#530));
#2081=EDGE_LOOP('',(#531));
#2082=EDGE_LOOP('',(#532));
#2083=EDGE_LOOP('',(#533));
#2084=EDGE_LOOP('',(#534));
#2085=EDGE_LOOP('',(#535));
#2086=EDGE_LOOP('',(#536));
#2087=EDGE_LOOP('',(#537));
#2088=EDGE_LOOP('',(#538));
#2089=EDGE_LOOP('',(#539,#540,#541,#542,#543,#544));
#2090=EDGE_LOOP('',(#545,#546,#547,#548,#549,#550,#551,#552));
#2091=EDGE_LOOP('',(#553,#554,#555,#556,#557,#558,#559,#560));
#2092=EDGE_LOOP('',(#561));
#2093=EDGE_LOOP('',(#562,#563,#564,#565,#566,#567,#568,#569));
#2094=EDGE_LOOP('',(#570));
#2095=EDGE_LOOP('',(#571,#572,#573,#574,#575,#576,#577,#578));
#2096=EDGE_LOOP('',(#579,#580,#581,#582,#583,#584,#585,#586));
#2097=EDGE_LOOP('',(#587,#588,#589,#590,#591,#592,#593,#594));
#2098=EDGE_LOOP('',(#595));
#2099=EDGE_LOOP('',(#596,#597,#598,#599,#600,#601,#602,#603));
#2100=EDGE_LOOP('',(#604,#605,#606,#607,#608,#609,#610,#611));
#2101=EDGE_LOOP('',(#612,#613,#614,#615,#616,#617,#618,#619));
#2102=EDGE_LOOP('',(#620));
#2103=EDGE_LOOP('',(#621,#622,#623,#624,#625,#626,#627,#628));
#2104=EDGE_LOOP('',(#629,#630,#631,#632,#633,#634));
#2105=EDGE_LOOP('',(#635));
#2106=EDGE_LOOP('',(#636,#637,#638,#639,#640,#641,#642,#643));
#2107=EDGE_LOOP('',(#644));
#2108=EDGE_LOOP('',(#645,#646,#647,#648,#649,#650,#651,#652));
#2109=EDGE_LOOP('',(#653,#654,#655,#656,#657,#658,#659,#660));
#2110=EDGE_LOOP('',(#661));
#2111=EDGE_LOOP('',(#662,#663,#664,#665,#666,#667,#668,#669));
#2112=EDGE_LOOP('',(#670));
#2113=EDGE_LOOP('',(#671,#672,#673,#674,#675,#676,#677,#678));
#2114=EDGE_LOOP('',(#679));
#2115=EDGE_LOOP('',(#680,#681,#682,#683,#684,#685,#686,#687));
#2116=EDGE_LOOP('',(#688));
#2117=EDGE_LOOP('',(#689,#690,#691,#692,#693,#694,#695,#696));
#2118=EDGE_LOOP('',(#697,#698,#699,#700,#701,#702,#703,#704));
#2119=EDGE_LOOP('',(#705,#706,#707,#708,#709,#710,#711,#712));
#2120=EDGE_LOOP('',(#713,#714,#715,#716,#717,#718,#719,#720));
#2121=EDGE_LOOP('',(#721));
#2122=EDGE_LOOP('',(#722,#723,#724,#725,#726,#727,#728,#729));
#2123=EDGE_LOOP('',(#730));
#2124=EDGE_LOOP('',(#731,#732,#733,#734,#735,#736,#737,#738));
#2125=EDGE_LOOP('',(#739,#740,#741));
#2126=EDGE_LOOP('',(#742,#743,#744));
#2127=EDGE_LOOP('',(#745,#746,#747));
#2128=EDGE_LOOP('',(#748,#749,#750));
#2129=EDGE_LOOP('',(#751,#752,#753));
#2130=EDGE_LOOP('',(#754,#755,#756));
#2131=EDGE_LOOP('',(#757,#758,#759));
#2132=EDGE_LOOP('',(#760,#761,#762));
#2133=EDGE_LOOP('',(#763,#764,#765));
#2134=EDGE_LOOP('',(#766,#767,#768));
#2135=EDGE_LOOP('',(#769,#770,#771));
#2136=EDGE_LOOP('',(#772,#773,#774));
#2137=EDGE_LOOP('',(#775,#776,#777));
#2138=EDGE_LOOP('',(#778,#779,#780));
#2139=EDGE_LOOP('',(#781,#782,#783));
#2140=EDGE_LOOP('',(#784,#785,#786));
#2141=EDGE_LOOP('',(#787,#788,#789,#790));
#2142=EDGE_LOOP('',(#791,#792,#793,#794));
#2143=EDGE_LOOP('',(#795,#796,#797,#798));
#2144=EDGE_LOOP('',(#799,#800,#801,#802));
#2145=EDGE_LOOP('',(#803,#804,#805,#806));
#2146=EDGE_LOOP('',(#807,#808,#809,#810));
#2147=EDGE_LOOP('',(#811,#812,#813,#814));
#2148=EDGE_LOOP('',(#815,#816,#817,#818));
#2149=EDGE_LOOP('',(#819,#820,#821,#822));
#2150=EDGE_LOOP('',(#823,#824,#825,#826));
#2151=EDGE_LOOP('',(#827,#828,#829,#830));
#2152=EDGE_LOOP('',(#831,#832,#833,#834));
#2153=EDGE_LOOP('',(#835,#836,#837,#838));
#2154=EDGE_LOOP('',(#839,#840,#841,#842));
#2155=EDGE_LOOP('',(#843,#844,#845,#846));
#2156=EDGE_LOOP('',(#847,#848,#849,#850));
#2157=EDGE_LOOP('',(#851,#852,#853,#854));
#2158=EDGE_LOOP('',(#855,#856,#857,#858));
#2159=EDGE_LOOP('',(#859,#860,#861,#862));
#2160=EDGE_LOOP('',(#863,#864,#865,#866));
#2161=EDGE_LOOP('',(#867,#868,#869,#870));
#2162=EDGE_LOOP('',(#871,#872,#873,#874));
#2163=EDGE_LOOP('',(#875,#876,#877,#878));
#2164=EDGE_LOOP('',(#879,#880,#881,#882,#883,#884));
#2165=EDGE_LOOP('',(#885,#886,#887,#888,#889,#890,#891,#892));
#2166=EDGE_LOOP('',(#893,#894,#895,#896,#897,#898,#899,#900));
#2167=EDGE_LOOP('',(#901));
#2168=EDGE_LOOP('',(#902,#903,#904,#905,#906,#907,#908,#909));
#2169=EDGE_LOOP('',(#910,#911,#912,#913,#914,#915,#916,#917));
#2170=EDGE_LOOP('',(#918,#919,#920,#921,#922,#923,#924,#925));
#2171=EDGE_LOOP('',(#926,#927,#928,#929,#930,#931,#932,#933));
#2172=EDGE_LOOP('',(#934));
#2173=EDGE_LOOP('',(#935,#936,#937,#938,#939,#940,#941,#942));
#2174=EDGE_LOOP('',(#943));
#2175=EDGE_LOOP('',(#944,#945,#946,#947,#948,#949,#950,#951));
#2176=EDGE_LOOP('',(#952,#953,#954,#955,#956,#957,#958,#959));
#2177=EDGE_LOOP('',(#960,#961,#962));
#2178=EDGE_LOOP('',(#963,#964,#965));
#2179=EDGE_LOOP('',(#966,#967,#968));
#2180=EDGE_LOOP('',(#969,#970,#971));
#2181=EDGE_LOOP('',(#972,#973,#974,#975));
#2182=EDGE_LOOP('',(#976,#977,#978,#979,#980,#981));
#2183=EDGE_LOOP('',(#982,#983,#984,#985));
#2184=EDGE_LOOP('',(#986,#987,#988,#989));
#2185=EDGE_LOOP('',(#990,#991,#992,#993));
#2186=EDGE_LOOP('',(#994,#995,#996,#997));
#2187=EDGE_LOOP('',(#998,#999,#1000,#1001));
#2188=EDGE_LOOP('',(#1002,#1003,#1004,#1005));
#2189=EDGE_LOOP('',(#1006,#1007,#1008,#1009));
#2190=EDGE_LOOP('',(#1010,#1011,#1012,#1013));
#2191=EDGE_LOOP('',(#1014,#1015,#1016,#1017));
#2192=EDGE_LOOP('',(#1018,#1019,#1020,#1021));
#2193=EDGE_LOOP('',(#1022,#1023,#1024,#1025));
#2194=EDGE_LOOP('',(#1026,#1027,#1028,#1029));
#2195=EDGE_LOOP('',(#1030,#1031,#1032,#1033));
#2196=EDGE_LOOP('',(#1034,#1035,#1036,#1037));
#2197=EDGE_LOOP('',(#1038,#1039,#1040,#1041));
#2198=EDGE_LOOP('',(#1042,#1043,#1044,#1045));
#2199=EDGE_LOOP('',(#1046,#1047,#1048,#1049));
#2200=EDGE_LOOP('',(#1050,#1051,#1052,#1053));
#2201=EDGE_LOOP('',(#1054,#1055,#1056,#1057));
#2202=EDGE_LOOP('',(#1058,#1059,#1060,#1061));
#2203=FACE_BOUND('',#1927,.T.);
#2204=FACE_BOUND('',#1928,.T.);
#2205=FACE_BOUND('',#1929,.T.);
#2206=FACE_BOUND('',#1930,.T.);
#2207=FACE_BOUND('',#1931,.T.);
#2208=FACE_BOUND('',#1932,.T.);
#2209=FACE_BOUND('',#1933,.T.);
#2210=FACE_BOUND('',#1934,.T.);
#2211=FACE_BOUND('',#1935,.T.);
#2212=FACE_BOUND('',#1936,.T.);
#2213=FACE_BOUND('',#1937,.T.);
#2214=FACE_BOUND('',#1938,.T.);
#2215=FACE_BOUND('',#1939,.T.);
#2216=FACE_BOUND('',#1940,.T.);
#2217=FACE_BOUND('',#1941,.T.);
#2218=FACE_BOUND('',#1942,.T.);
#2219=FACE_BOUND('',#1943,.T.);
#2220=FACE_BOUND('',#1944,.T.);
#2221=FACE_BOUND('',#1945,.T.);
#2222=FACE_BOUND('',#1946,.T.);
#2223=FACE_BOUND('',#1947,.T.);
#2224=FACE_BOUND('',#1948,.T.);
#2225=FACE_BOUND('',#1949,.T.);
#2226=FACE_BOUND('',#1950,.T.);
#2227=FACE_BOUND('',#1951,.T.);
#2228=FACE_BOUND('',#1952,.T.);
#2229=FACE_BOUND('',#1953,.T.);
#2230=FACE_BOUND('',#1954,.T.);
#2231=FACE_BOUND('',#1955,.T.);
#2232=FACE_BOUND('',#1956,.T.);
#2233=FACE_BOUND('',#1957,.T.);
#2234=FACE_BOUND('',#1958,.T.);
#2235=FACE_BOUND('',#1959,.T.);
#2236=FACE_BOUND('',#1960,.T.);
#2237=FACE_BOUND('',#1961,.T.);
#2238=FACE_BOUND('',#1962,.T.);
#2239=FACE_BOUND('',#1963,.T.);
#2240=FACE_BOUND('',#1964,.T.);
#2241=FACE_BOUND('',#1965,.T.);
#2242=FACE_BOUND('',#1966,.T.);
#2243=FACE_BOUND('',#1967,.T.);
#2244=FACE_BOUND('',#1968,.T.);
#2245=FACE_BOUND('',#1969,.T.);
#2246=FACE_BOUND('',#1970,.T.);
#2247=FACE_BOUND('',#1971,.T.);
#2248=FACE_BOUND('',#1972,.T.);
#2249=FACE_BOUND('',#1973,.T.);
#2250=FACE_BOUND('',#1974,.T.);
#2251=FACE_BOUND('',#1975,.T.);
#2252=FACE_BOUND('',#1976,.T.);
#2253=FACE_BOUND('',#1977,.T.);
#2254=FACE_BOUND('',#1978,.T.);
#2255=FACE_BOUND('',#1979,.T.);
#2256=FACE_BOUND('',#1980,.T.);
#2257=FACE_BOUND('',#1981,.T.);
#2258=FACE_BOUND('',#1982,.T.);
#2259=FACE_BOUND('',#1983,.T.);
#2260=FACE_BOUND('',#1984,.T.);
#2261=FACE_BOUND('',#1985,.T.);
#2262=FACE_BOUND('',#1986,.T.);
#2263=FACE_BOUND('',#1987,.T.);
#2264=FACE_BOUND('',#1988,.T.);
#2265=FACE_BOUND('',#1989,.T.);
#2266=FACE_BOUND('',#1990,.T.);
#2267=FACE_BOUND('',#1991,.T.);
#2268=FACE_BOUND('',#1992,.T.);
#2269=FACE_BOUND('',#1993,.T.);
#2270=FACE_BOUND('',#1994,.T.);
#2271=FACE_BOUND('',#1995,.T.);
#2272=FACE_BOUND('',#1996,.T.);
#2273=FACE_BOUND('',#1997,.T.);
#2274=FACE_BOUND('',#1998,.T.);
#2275=FACE_BOUND('',#1999,.T.);
#2276=FACE_BOUND('',#2000,.T.);
#2277=FACE_BOUND('',#2001,.T.);
#2278=FACE_BOUND('',#2002,.T.);
#2279=FACE_BOUND('',#2003,.T.);
#2280=FACE_BOUND('',#2004,.T.);
#2281=FACE_BOUND('',#2005,.T.);
#2282=FACE_BOUND('',#2006,.T.);
#2283=FACE_BOUND('',#2007,.T.);
#2284=FACE_BOUND('',#2008,.T.);
#2285=FACE_BOUND('',#2009,.T.);
#2286=FACE_BOUND('',#2010,.T.);
#2287=FACE_BOUND('',#2011,.T.);
#2288=FACE_BOUND('',#2012,.T.);
#2289=FACE_BOUND('',#2013,.T.);
#2290=FACE_BOUND('',#2014,.T.);
#2291=FACE_BOUND('',#2015,.T.);
#2292=FACE_BOUND('',#2016,.T.);
#2293=FACE_BOUND('',#2017,.T.);
#2294=FACE_BOUND('',#2018,.T.);
#2295=FACE_BOUND('',#2019,.T.);
#2296=FACE_BOUND('',#2020,.T.);
#2297=FACE_BOUND('',#2021,.T.);
#2298=FACE_BOUND('',#2022,.T.);
#2299=FACE_BOUND('',#2023,.T.);
#2300=FACE_BOUND('',#2024,.T.);
#2301=FACE_BOUND('',#2025,.T.);
#2302=FACE_BOUND('',#2026,.T.);
#2303=FACE_BOUND('',#2027,.T.);
#2304=FACE_BOUND('',#2028,.T.);
#2305=FACE_BOUND('',#2029,.T.);
#2306=FACE_BOUND('',#2030,.T.);
#2307=FACE_BOUND('',#2031,.T.);
#2308=FACE_BOUND('',#2032,.T.);
#2309=FACE_BOUND('',#2033,.T.);
#2310=FACE_BOUND('',#2034,.T.);
#2311=FACE_BOUND('',#2035,.T.);
#2312=FACE_BOUND('',#2036,.T.);
#2313=FACE_BOUND('',#2037,.T.);
#2314=FACE_BOUND('',#2038,.T.);
#2315=FACE_BOUND('',#2039,.T.);
#2316=FACE_BOUND('',#2040,.T.);
#2317=FACE_BOUND('',#2041,.T.);
#2318=FACE_BOUND('',#2042,.T.);
#2319=FACE_BOUND('',#2043,.T.);
#2320=FACE_BOUND('',#2044,.T.);
#2321=FACE_BOUND('',#2045,.T.);
#2322=FACE_BOUND('',#2046,.T.);
#2323=FACE_BOUND('',#2047,.T.);
#2324=FACE_BOUND('',#2048,.T.);
#2325=FACE_BOUND('',#2049,.T.);
#2326=FACE_BOUND('',#2050,.T.);
#2327=FACE_BOUND('',#2051,.T.);
#2328=FACE_BOUND('',#2052,.T.);
#2329=FACE_BOUND('',#2053,.T.);
#2330=FACE_BOUND('',#2054,.T.);
#2331=FACE_BOUND('',#2055,.T.);
#2332=FACE_BOUND('',#2056,.T.);
#2333=FACE_BOUND('',#2057,.T.);
#2334=FACE_BOUND('',#2058,.T.);
#2335=FACE_BOUND('',#2059,.T.);
#2336=FACE_BOUND('',#2060,.T.);
#2337=FACE_BOUND('',#2061,.T.);
#2338=FACE_BOUND('',#2062,.T.);
#2339=FACE_BOUND('',#2063,.T.);
#2340=FACE_BOUND('',#2064,.T.);
#2341=FACE_BOUND('',#2065,.T.);
#2342=FACE_BOUND('',#2066,.T.);
#2343=FACE_BOUND('',#2067,.T.);
#2344=FACE_BOUND('',#2068,.T.);
#2345=FACE_BOUND('',#2069,.T.);
#2346=FACE_BOUND('',#2070,.T.);
#2347=FACE_BOUND('',#2071,.T.);
#2348=FACE_BOUND('',#2072,.T.);
#2349=FACE_BOUND('',#2073,.T.);
#2350=FACE_BOUND('',#2074,.T.);
#2351=FACE_BOUND('',#2075,.T.);
#2352=FACE_BOUND('',#2076,.T.);
#2353=FACE_BOUND('',#2077,.T.);
#2354=FACE_BOUND('',#2078,.T.);
#2355=FACE_BOUND('',#2079,.T.);
#2356=FACE_BOUND('',#2080,.T.);
#2357=FACE_BOUND('',#2081,.T.);
#2358=FACE_BOUND('',#2082,.T.);
#2359=FACE_BOUND('',#2083,.T.);
#2360=FACE_BOUND('',#2084,.T.);
#2361=FACE_BOUND('',#2085,.T.);
#2362=FACE_BOUND('',#2086,.T.);
#2363=FACE_BOUND('',#2087,.T.);
#2364=FACE_BOUND('',#2088,.T.);
#2365=FACE_BOUND('',#2089,.T.);
#2366=FACE_BOUND('',#2090,.T.);
#2367=FACE_BOUND('',#2091,.T.);
#2368=FACE_BOUND('',#2092,.T.);
#2369=FACE_BOUND('',#2093,.T.);
#2370=FACE_BOUND('',#2094,.T.);
#2371=FACE_BOUND('',#2095,.T.);
#2372=FACE_BOUND('',#2096,.T.);
#2373=FACE_BOUND('',#2097,.T.);
#2374=FACE_BOUND('',#2098,.T.);
#2375=FACE_BOUND('',#2099,.T.);
#2376=FACE_BOUND('',#2100,.T.);
#2377=FACE_BOUND('',#2101,.T.);
#2378=FACE_BOUND('',#2102,.T.);
#2379=FACE_BOUND('',#2103,.T.);
#2380=FACE_BOUND('',#2104,.T.);
#2381=FACE_BOUND('',#2105,.T.);
#2382=FACE_BOUND('',#2106,.T.);
#2383=FACE_BOUND('',#2107,.T.);
#2384=FACE_BOUND('',#2108,.T.);
#2385=FACE_BOUND('',#2109,.T.);
#2386=FACE_BOUND('',#2110,.T.);
#2387=FACE_BOUND('',#2111,.T.);
#2388=FACE_BOUND('',#2112,.T.);
#2389=FACE_BOUND('',#2113,.T.);
#2390=FACE_BOUND('',#2114,.T.);
#2391=FACE_BOUND('',#2115,.T.);
#2392=FACE_BOUND('',#2116,.T.);
#2393=FACE_BOUND('',#2117,.T.);
#2394=FACE_BOUND('',#2118,.T.);
#2395=FACE_BOUND('',#2119,.T.);
#2396=FACE_BOUND('',#2120,.T.);
#2397=FACE_BOUND('',#2121,.T.);
#2398=FACE_BOUND('',#2122,.T.);
#2399=FACE_BOUND('',#2123,.T.);
#2400=FACE_BOUND('',#2124,.T.);
#2401=FACE_BOUND('',#2125,.T.);
#2402=FACE_BOUND('',#2126,.T.);
#2403=FACE_BOUND('',#2127,.T.);
#2404=FACE_BOUND('',#2128,.T.);
#2405=FACE_BOUND('',#2129,.T.);
#2406=FACE_BOUND('',#2130,.T.);
#2407=FACE_BOUND('',#2131,.T.);
#2408=FACE_BOUND('',#2132,.T.);
#2409=FACE_BOUND('',#2133,.T.);
#2410=FACE_BOUND('',#2134,.T.);
#2411=FACE_BOUND('',#2135,.T.);
#2412=FACE_BOUND('',#2136,.T.);
#2413=FACE_BOUND('',#2137,.T.);
#2414=FACE_BOUND('',#2138,.T.);
#2415=FACE_BOUND('',#2139,.T.);
#2416=FACE_BOUND('',#2140,.T.);
#2417=FACE_BOUND('',#2141,.T.);
#2418=FACE_BOUND('',#2142,.T.);
#2419=FACE_BOUND('',#2143,.T.);
#2420=FACE_BOUND('',#2144,.T.);
#2421=FACE_BOUND('',#2145,.T.);
#2422=FACE_BOUND('',#2146,.T.);
#2423=FACE_BOUND('',#2147,.T.);
#2424=FACE_BOUND('',#2148,.T.);
#2425=FACE_BOUND('',#2149,.T.);
#2426=FACE_BOUND('',#2150,.T.);
#2427=FACE_BOUND('',#2151,.T.);
#2428=FACE_BOUND('',#2152,.T.);
#2429=FACE_BOUND('',#2153,.T.);
#2430=FACE_BOUND('',#2154,.T.);
#2431=FACE_BOUND('',#2155,.T.);
#2432=FACE_BOUND('',#2156,.T.);
#2433=FACE_BOUND('',#2157,.T.);
#2434=FACE_BOUND('',#2158,.T.);
#2435=FACE_BOUND('',#2159,.T.);
#2436=FACE_BOUND('',#2160,.T.);
#2437=FACE_BOUND('',#2161,.T.);
#2438=FACE_BOUND('',#2162,.T.);
#2439=FACE_BOUND('',#2163,.T.);
#2440=FACE_BOUND('',#2164,.T.);
#2441=FACE_BOUND('',#2165,.T.);
#2442=FACE_BOUND('',#2166,.T.);
#2443=FACE_BOUND('',#2167,.T.);
#2444=FACE_BOUND('',#2168,.T.);
#2445=FACE_BOUND('',#2169,.T.);
#2446=FACE_BOUND('',#2170,.T.);
#2447=FACE_BOUND('',#2171,.T.);
#2448=FACE_BOUND('',#2172,.T.);
#2449=FACE_BOUND('',#2173,.T.);
#2450=FACE_BOUND('',#2174,.T.);
#2451=FACE_BOUND('',#2175,.T.);
#2452=FACE_BOUND('',#2176,.T.);
#2453=FACE_BOUND('',#2177,.T.);
#2454=FACE_BOUND('',#2178,.T.);
#2455=FACE_BOUND('',#2179,.T.);
#2456=FACE_BOUND('',#2180,.T.);
#2457=FACE_BOUND('',#2181,.T.);
#2458=FACE_BOUND('',#2182,.T.);
#2459=FACE_BOUND('',#2183,.T.);
#2460=FACE_BOUND('',#2184,.T.);
#2461=FACE_BOUND('',#2185,.T.);
#2462=FACE_BOUND('',#2186,.T.);
#2463=FACE_BOUND('',#2187,.T.);
#2464=FACE_BOUND('',#2188,.T.);
#2465=FACE_BOUND('',#2189,.T.);
#2466=FACE_BOUND('',#2190,.T.);
#2467=FACE_BOUND('',#2191,.T.);
#2468=FACE_BOUND('',#2192,.T.);
#2469=FACE_BOUND('',#2193,.T.);
#2470=FACE_BOUND('',#2194,.T.);
#2471=FACE_BOUND('',#2195,.T.);
#2472=FACE_BOUND('',#2196,.T.);
#2473=FACE_BOUND('',#2197,.T.);
#2474=FACE_BOUND('',#2198,.T.);
#2475=FACE_BOUND('',#2199,.T.);
#2476=FACE_BOUND('',#2200,.T.);
#2477=FACE_BOUND('',#2201,.T.);
#2478=FACE_BOUND('',#2202,.T.);
#2479=PLANE('',#2720);
#2480=PLANE('',#2723);
#2481=PLANE('',#2726);
#2482=PLANE('',#2729);
#2483=PLANE('',#2732);
#2484=PLANE('',#2735);
#2485=PLANE('',#2738);
#2486=PLANE('',#2741);
#2487=PLANE('',#2744);
#2488=PLANE('',#2747);
#2489=PLANE('',#2750);
#2490=PLANE('',#2753);
#2491=PLANE('',#2756);
#2492=PLANE('',#2759);
#2493=PLANE('',#2762);
#2494=PLANE('',#2852);
#2495=PLANE('',#2853);
#2496=PLANE('',#2854);
#2497=PLANE('',#2855);
#2498=PLANE('',#2856);
#2499=PLANE('',#2862);
#2500=PLANE('',#2983);
#2501=PLANE('',#2984);
#2502=PLANE('',#2985);
#2503=PLANE('',#2986);
#2504=PLANE('',#2987);
#2505=PLANE('',#2988);
#2506=PLANE('',#2989);
#2507=PLANE('',#2990);
#2508=PLANE('',#2991);
#2509=PLANE('',#2992);
#2510=PLANE('',#2993);
#2511=PLANE('',#2994);
#2512=PLANE('',#2995);
#2513=PLANE('',#2996);
#2514=PLANE('',#2997);
#2515=PLANE('',#2998);
#2516=PLANE('',#2999);
#2517=PLANE('',#3001);
#2518=PLANE('',#3005);
#2519=PLANE('',#3007);
#2520=PLANE('',#3009);
#2521=PLANE('',#3012);
#2522=PLANE('',#3014);
#2523=PLANE('',#3016);
#2524=PLANE('',#3018);
#2525=PLANE('',#3021);
#2526=PLANE('',#3025);
#2527=PLANE('',#3027);
#2528=PLANE('',#3029);
#2529=PLANE('',#3031);
#2530=PLANE('',#3032);
#2531=PLANE('',#3033);
#2532=PLANE('',#3034);
#2533=PLANE('',#3035);
#2534=PLANE('',#3036);
#2535=PLANE('',#3037);
#2536=PLANE('',#3040);
#2537=PLANE('',#3041);
#2538=PLANE('',#3043);
#2539=PLANE('',#3057);
#2540=PLANE('',#3058);
#2541=PLANE('',#3059);
#2542=PLANE('',#3060);
#2543=PLANE('',#3061);
#2544=PLANE('',#3076);
#2545=PLANE('',#3079);
#2546=PLANE('',#3080);
#2547=PLANE('',#3083);
#2548=PLANE('',#3084);
#2549=PLANE('',#3087);
#2550=PLANE('',#3088);
#2551=PLANE('',#3091);
#2552=ADVANCED_FACE('',(#2203,#2204),#2479,.F.);
#2553=ADVANCED_FACE('',(#2205,#2206),#2480,.F.);
#2554=ADVANCED_FACE('',(#2207,#2208),#2481,.F.);
#2555=ADVANCED_FACE('',(#2209,#2210),#2482,.F.);
#2556=ADVANCED_FACE('',(#2211,#2212),#2483,.F.);
#2557=ADVANCED_FACE('',(#2213,#2214),#2484,.F.);
#2558=ADVANCED_FACE('',(#2215,#2216),#2485,.F.);
#2559=ADVANCED_FACE('',(#2217,#2218),#2486,.F.);
#2560=ADVANCED_FACE('',(#2219,#2220),#2487,.F.);
#2561=ADVANCED_FACE('',(#2221,#2222),#2488,.F.);
#2562=ADVANCED_FACE('',(#2223,#2224),#2489,.F.);
#2563=ADVANCED_FACE('',(#2225,#2226),#2490,.F.);
#2564=ADVANCED_FACE('',(#2227,#2228),#2491,.F.);
#2565=ADVANCED_FACE('',(#2229,#2230),#2492,.F.);
#2566=ADVANCED_FACE('',(#2231,#2232),#2493,.F.);
#2567=ADVANCED_FACE('',(#2233,#2234),#234,.F.);
#2568=ADVANCED_FACE('',(#2235,#2236),#235,.F.);
#2569=ADVANCED_FACE('',(#2237,#2238),#236,.F.);
#2570=ADVANCED_FACE('',(#2239,#2240),#237,.F.);
#2571=ADVANCED_FACE('',(#2241,#2242),#238,.F.);
#2572=ADVANCED_FACE('',(#2243,#2244),#239,.F.);
#2573=ADVANCED_FACE('',(#2245,#2246),#240,.F.);
#2574=ADVANCED_FACE('',(#2247,#2248),#241,.F.);
#2575=ADVANCED_FACE('',(#2249,#2250),#242,.F.);
#2576=ADVANCED_FACE('',(#2251,#2252),#243,.F.);
#2577=ADVANCED_FACE('',(#2253,#2254),#244,.F.);
#2578=ADVANCED_FACE('',(#2255,#2256),#245,.F.);
#2579=ADVANCED_FACE('',(#2257,#2258),#246,.F.);
#2580=ADVANCED_FACE('',(#2259,#2260),#247,.F.);
#2581=ADVANCED_FACE('',(#2261,#2262),#248,.F.);
#2582=ADVANCED_FACE('',(#2263,#2264),#249,.F.);
#2583=ADVANCED_FACE('',(#2265,#2266),#250,.F.);
#2584=ADVANCED_FACE('',(#2267,#2268),#251,.F.);
#2585=ADVANCED_FACE('',(#2269,#2270),#252,.F.);
#2586=ADVANCED_FACE('',(#2271,#2272),#253,.F.);
#2587=ADVANCED_FACE('',(#2273,#2274),#254,.F.);
#2588=ADVANCED_FACE('',(#2275,#2276),#255,.F.);
#2589=ADVANCED_FACE('',(#2277,#2278),#256,.F.);
#2590=ADVANCED_FACE('',(#2279,#2280),#257,.F.);
#2591=ADVANCED_FACE('',(#2281,#2282),#258,.F.);
#2592=ADVANCED_FACE('',(#2283,#2284),#259,.F.);
#2593=ADVANCED_FACE('',(#2285,#2286),#260,.F.);
#2594=ADVANCED_FACE('',(#2287,#2288),#261,.F.);
#2595=ADVANCED_FACE('',(#2289,#2290),#262,.F.);
#2596=ADVANCED_FACE('',(#2291,#2292),#263,.F.);
#2597=ADVANCED_FACE('',(#2293,#2294),#264,.F.);
#2598=ADVANCED_FACE('',(#2295,#2296),#265,.F.);
#2599=ADVANCED_FACE('',(#2297,#2298),#266,.F.);
#2600=ADVANCED_FACE('',(#2299,#2300),#267,.F.);
#2601=ADVANCED_FACE('',(#2301),#2494,.T.);
#2602=ADVANCED_FACE('',(#2302),#2495,.F.);
#2603=ADVANCED_FACE('',(#2303),#2496,.F.);
#2604=ADVANCED_FACE('',(#2304),#2497,.T.);
#2605=ADVANCED_FACE('',(#2305,#2306,#2307,#2308,#2309,#2310,#2311,#2312,
#2313,#2314,#2315,#2316,#2317,#2318,#2319,#2320,#2321,#2322,#2323,#2324,
#2325,#2326,#2327,#2328,#2329,#2330,#2331,#2332,#2333,#2334,#2335,#2336,
#2337,#2338,#2339,#2340),#2498,.T.);
#2606=ADVANCED_FACE('',(#2341,#2342,#2343,#2344,#2345,#2346,#2347,#2348,
#2349,#2350,#2351,#2352,#2353,#2354,#2355,#2356,#2357,#2358,#2359,#2360,
#2361,#2362),#2499,.F.);
#2607=ADVANCED_FACE('',(#2363,#2364),#268,.F.);
#2608=ADVANCED_FACE('',(#2365),#269,.T.);
#2609=ADVANCED_FACE('',(#2366),#270,.T.);
#2610=ADVANCED_FACE('',(#2367),#271,.T.);
#2611=ADVANCED_FACE('',(#2368,#2369),#272,.T.);
#2612=ADVANCED_FACE('',(#2370,#2371),#273,.T.);
#2613=ADVANCED_FACE('',(#2372),#274,.T.);
#2614=ADVANCED_FACE('',(#2373),#275,.T.);
#2615=ADVANCED_FACE('',(#2374,#2375),#276,.T.);
#2616=ADVANCED_FACE('',(#2376),#277,.T.);
#2617=ADVANCED_FACE('',(#2377),#278,.T.);
#2618=ADVANCED_FACE('',(#2378,#2379),#279,.T.);
#2619=ADVANCED_FACE('',(#2380),#280,.T.);
#2620=ADVANCED_FACE('',(#2381,#2382),#281,.T.);
#2621=ADVANCED_FACE('',(#2383,#2384),#282,.T.);
#2622=ADVANCED_FACE('',(#2385,#2386),#283,.T.);
#2623=ADVANCED_FACE('',(#2387,#2388),#284,.T.);
#2624=ADVANCED_FACE('',(#2389,#2390),#285,.T.);
#2625=ADVANCED_FACE('',(#2391,#2392),#286,.T.);
#2626=ADVANCED_FACE('',(#2393),#287,.T.);
#2627=ADVANCED_FACE('',(#2394),#288,.T.);
#2628=ADVANCED_FACE('',(#2395),#289,.T.);
#2629=ADVANCED_FACE('',(#2396,#2397),#290,.T.);
#2630=ADVANCED_FACE('',(#2398,#2399),#291,.T.);
#2631=ADVANCED_FACE('',(#2400),#292,.T.);
#2632=ADVANCED_FACE('',(#2401),#2500,.F.);
#2633=ADVANCED_FACE('',(#2402),#2501,.F.);
#2634=ADVANCED_FACE('',(#2403),#2502,.F.);
#2635=ADVANCED_FACE('',(#2404),#2503,.T.);
#2636=ADVANCED_FACE('',(#2405),#2504,.F.);
#2637=ADVANCED_FACE('',(#2406),#2505,.T.);
#2638=ADVANCED_FACE('',(#2407),#2506,.F.);
#2639=ADVANCED_FACE('',(#2408),#2507,.T.);
#2640=ADVANCED_FACE('',(#2409),#2508,.F.);
#2641=ADVANCED_FACE('',(#2410),#2509,.T.);
#2642=ADVANCED_FACE('',(#2411),#2510,.F.);
#2643=ADVANCED_FACE('',(#2412),#2511,.T.);
#2644=ADVANCED_FACE('',(#2413),#2512,.F.);
#2645=ADVANCED_FACE('',(#2414),#2513,.T.);
#2646=ADVANCED_FACE('',(#2415),#2514,.T.);
#2647=ADVANCED_FACE('',(#2416),#2515,.T.);
#2648=ADVANCED_FACE('',(#2417),#2516,.F.);
#2649=ADVANCED_FACE('',(#2418),#2517,.F.);
#2650=ADVANCED_FACE('',(#2419),#2518,.F.);
#2651=ADVANCED_FACE('',(#2420),#2519,.F.);
#2652=ADVANCED_FACE('',(#2421),#2520,.F.);
#2653=ADVANCED_FACE('',(#2422),#2521,.F.);
#2654=ADVANCED_FACE('',(#2423),#2522,.F.);
#2655=ADVANCED_FACE('',(#2424),#2523,.F.);
#2656=ADVANCED_FACE('',(#2425),#2524,.F.);
#2657=ADVANCED_FACE('',(#2426),#2525,.F.);
#2658=ADVANCED_FACE('',(#2427),#2526,.F.);
#2659=ADVANCED_FACE('',(#2428),#2527,.F.);
#2660=ADVANCED_FACE('',(#2429),#2528,.F.);
#2661=ADVANCED_FACE('',(#2430),#2529,.F.);
#2662=ADVANCED_FACE('',(#2431),#2530,.F.);
#2663=ADVANCED_FACE('',(#2432),#2531,.F.);
#2664=ADVANCED_FACE('',(#2433),#2532,.F.);
#2665=ADVANCED_FACE('',(#2434),#2533,.F.);
#2666=ADVANCED_FACE('',(#2435),#2534,.F.);
#2667=ADVANCED_FACE('',(#2436),#2535,.F.);
#2668=ADVANCED_FACE('',(#2437),#2536,.F.);
#2669=ADVANCED_FACE('',(#2438),#2537,.F.);
#2670=ADVANCED_FACE('',(#2439),#2538,.F.);
#2671=ADVANCED_FACE('',(#2440),#293,.T.);
#2672=ADVANCED_FACE('',(#2441),#294,.T.);
#2673=ADVANCED_FACE('',(#2442,#2443),#295,.T.);
#2674=ADVANCED_FACE('',(#2444),#296,.T.);
#2675=ADVANCED_FACE('',(#2445),#297,.T.);
#2676=ADVANCED_FACE('',(#2446),#298,.T.);
#2677=ADVANCED_FACE('',(#2447,#2448),#299,.T.);
#2678=ADVANCED_FACE('',(#2449,#2450),#300,.T.);
#2679=ADVANCED_FACE('',(#2451),#301,.T.);
#2680=ADVANCED_FACE('',(#2452),#302,.T.);
#2681=ADVANCED_FACE('',(#2453),#2539,.F.);
#2682=ADVANCED_FACE('',(#2454),#2540,.T.);
#2683=ADVANCED_FACE('',(#2455),#2541,.T.);
#2684=ADVANCED_FACE('',(#2456),#2542,.F.);
#2685=ADVANCED_FACE('',(#2457),#2543,.F.);
#2686=ADVANCED_FACE('',(#2458),#303,.T.);
#2687=ADVANCED_FACE('',(#2459),#12,.T.);
#2688=ADVANCED_FACE('',(#2460),#13,.T.);
#2689=ADVANCED_FACE('',(#2461),#14,.T.);
#2690=ADVANCED_FACE('',(#2462),#15,.T.);
#2691=ADVANCED_FACE('',(#2463),#2544,.T.);
#2692=ADVANCED_FACE('',(#2464),#304,.T.);
#2693=ADVANCED_FACE('',(#2465),#305,.T.);
#2694=ADVANCED_FACE('',(#2466),#2545,.F.);
#2695=ADVANCED_FACE('',(#2467),#2546,.T.);
#2696=ADVANCED_FACE('',(#2468),#306,.T.);
#2697=ADVANCED_FACE('',(#2469),#307,.T.);
#2698=ADVANCED_FACE('',(#2470),#2547,.F.);
#2699=ADVANCED_FACE('',(#2471),#2548,.F.);
#2700=ADVANCED_FACE('',(#2472),#308,.T.);
#2701=ADVANCED_FACE('',(#2473),#309,.T.);
#2702=ADVANCED_FACE('',(#2474),#2549,.T.);
#2703=ADVANCED_FACE('',(#2475),#2550,.F.);
#2704=ADVANCED_FACE('',(#2476),#310,.T.);
#2705=ADVANCED_FACE('',(#2477),#311,.T.);
#2706=ADVANCED_FACE('',(#2478),#2551,.T.);
#2707=CLOSED_SHELL('',(#2552,#2553,#2554,#2555,#2556,#2557,#2558,#2559,
#2560,#2561,#2562,#2563,#2564,#2565,#2566,#2567,#2568,#2569,#2570,#2571,
#2572,#2573,#2574,#2575,#2576,#2577,#2578,#2579,#2580,#2581,#2582,#2583,
#2584,#2585,#2586,#2587,#2588,#2589,#2590,#2591,#2592,#2593,#2594,#2595,
#2596,#2597,#2598,#2599,#2600,#2601,#2602,#2603,#2604,#2605,#2606,#2607,
#2608,#2609,#2610,#2611,#2612,#2613,#2614,#2615,#2616,#2617,#2618,#2619,
#2620,#2621,#2622,#2623,#2624,#2625,#2626,#2627,#2628,#2629,#2630,#2631,
#2632,#2633,#2634,#2635,#2636,#2637,#2638,#2639,#2640,#2641,#2642,#2643,
#2644,#2645,#2646,#2647,#2648,#2649,#2650,#2651,#2652,#2653,#2654,#2655,
#2656,#2657,#2658,#2659,#2660,#2661,#2662,#2663,#2664,#2665,#2666,#2667,
#2668,#2669,#2670,#2671,#2672,#2673,#2674,#2675,#2676,#2677,#2678,#2679,
#2680,#2681,#2682,#2683,#2684,#2685,#2686,#2687,#2688,#2689,#2690,#2691,
#2692,#2693,#2694,#2695,#2696,#2697,#2698,#2699,#2700,#2701,#2702,#2703,
#2704,#2705,#2706));
#2708=STYLED_ITEM('',(#2709),#2716);
#2709=PRESENTATION_STYLE_ASSIGNMENT((#2710));
#2710=SURFACE_STYLE_USAGE(.BOTH.,#2711);
#2711=SURFACE_SIDE_STYLE('',(#2712));
#2712=SURFACE_STYLE_FILL_AREA(#2713);
#2713=FILL_AREA_STYLE('',(#2714));
#2714=FILL_AREA_STYLE_COLOUR('',#2715);
#2715=COLOUR_RGB('',0.615686274509804,0.811764705882353,0.929411764705882);
#2716=MANIFOLD_SOLID_BREP('Part 1',#2707);
#2717=SHAPE_DEFINITION_REPRESENTATION(#6876,#2718);
#2718=SHAPE_REPRESENTATION('Part 1',(#2719),#6871);
#2719=AXIS2_PLACEMENT_3D('',#3898,#3092,#3093);
#2720=AXIS2_PLACEMENT_3D('',#3899,#3094,#3095);
#2721=AXIS2_PLACEMENT_3D('',#3900,#3096,#3097);
#2722=AXIS2_PLACEMENT_3D('',#3902,#3098,#3099);
#2723=AXIS2_PLACEMENT_3D('',#3904,#3100,#3101);
#2724=AXIS2_PLACEMENT_3D('',#3905,#3102,#3103);
#2725=AXIS2_PLACEMENT_3D('',#3907,#3104,#3105);
#2726=AXIS2_PLACEMENT_3D('',#3909,#3106,#3107);
#2727=AXIS2_PLACEMENT_3D('',#3910,#3108,#3109);
#2728=AXIS2_PLACEMENT_3D('',#3912,#3110,#3111);
#2729=AXIS2_PLACEMENT_3D('',#3914,#3112,#3113);
#2730=AXIS2_PLACEMENT_3D('',#3915,#3114,#3115);
#2731=AXIS2_PLACEMENT_3D('',#3917,#3116,#3117);
#2732=AXIS2_PLACEMENT_3D('',#3919,#3118,#3119);
#2733=AXIS2_PLACEMENT_3D('',#3920,#3120,#3121);
#2734=AXIS2_PLACEMENT_3D('',#3922,#3122,#3123);
#2735=AXIS2_PLACEMENT_3D('',#3924,#3124,#3125);
#2736=AXIS2_PLACEMENT_3D('',#3925,#3126,#3127);
#2737=AXIS2_PLACEMENT_3D('',#3927,#3128,#3129);
#2738=AXIS2_PLACEMENT_3D('',#3929,#3130,#3131);
#2739=AXIS2_PLACEMENT_3D('',#3930,#3132,#3133);
#2740=AXIS2_PLACEMENT_3D('',#3932,#3134,#3135);
#2741=AXIS2_PLACEMENT_3D('',#3934,#3136,#3137);
#2742=AXIS2_PLACEMENT_3D('',#3935,#3138,#3139);
#2743=AXIS2_PLACEMENT_3D('',#3937,#3140,#3141);
#2744=AXIS2_PLACEMENT_3D('',#3939,#3142,#3143);
#2745=AXIS2_PLACEMENT_3D('',#3940,#3144,#3145);
#2746=AXIS2_PLACEMENT_3D('',#3942,#3146,#3147);
#2747=AXIS2_PLACEMENT_3D('',#3944,#3148,#3149);
#2748=AXIS2_PLACEMENT_3D('',#3945,#3150,#3151);
#2749=AXIS2_PLACEMENT_3D('',#3947,#3152,#3153);
#2750=AXIS2_PLACEMENT_3D('',#3949,#3154,#3155);
#2751=AXIS2_PLACEMENT_3D('',#3950,#3156,#3157);
#2752=AXIS2_PLACEMENT_3D('',#3952,#3158,#3159);
#2753=AXIS2_PLACEMENT_3D('',#3954,#3160,#3161);
#2754=AXIS2_PLACEMENT_3D('',#3955,#3162,#3163);
#2755=AXIS2_PLACEMENT_3D('',#3957,#3164,#3165);
#2756=AXIS2_PLACEMENT_3D('',#3959,#3166,#3167);
#2757=AXIS2_PLACEMENT_3D('',#3960,#3168,#3169);
#2758=AXIS2_PLACEMENT_3D('',#3962,#3170,#3171);
#2759=AXIS2_PLACEMENT_3D('',#3964,#3172,#3173);
#2760=AXIS2_PLACEMENT_3D('',#3965,#3174,#3175);
#2761=AXIS2_PLACEMENT_3D('',#3967,#3176,#3177);
#2762=AXIS2_PLACEMENT_3D('',#3969,#3178,#3179);
#2763=AXIS2_PLACEMENT_3D('',#3970,#3180,#3181);
#2764=AXIS2_PLACEMENT_3D('',#3972,#3182,#3183);
#2765=AXIS2_PLACEMENT_3D('',#3974,#3184,#3185);
#2766=AXIS2_PLACEMENT_3D('',#3975,#3186,#3187);
#2767=AXIS2_PLACEMENT_3D('',#3977,#3188,#3189);
#2768=AXIS2_PLACEMENT_3D('',#3979,#3190,#3191);
#2769=AXIS2_PLACEMENT_3D('',#3980,#3192,#3193);
#2770=AXIS2_PLACEMENT_3D('',#3982,#3194,#3195);
#2771=AXIS2_PLACEMENT_3D('',#3984,#3196,#3197);
#2772=AXIS2_PLACEMENT_3D('',#3985,#3198,#3199);
#2773=AXIS2_PLACEMENT_3D('',#3987,#3200,#3201);
#2774=AXIS2_PLACEMENT_3D('',#3989,#3202,#3203);
#2775=AXIS2_PLACEMENT_3D('',#3990,#3204,#3205);
#2776=AXIS2_PLACEMENT_3D('',#3992,#3206,#3207);
#2777=AXIS2_PLACEMENT_3D('',#3994,#3208,#3209);
#2778=AXIS2_PLACEMENT_3D('',#3995,#3210,#3211);
#2779=AXIS2_PLACEMENT_3D('',#3997,#3212,#3213);
#2780=AXIS2_PLACEMENT_3D('',#3999,#3214,#3215);
#2781=AXIS2_PLACEMENT_3D('',#4000,#3216,#3217);
#2782=AXIS2_PLACEMENT_3D('',#4002,#3218,#3219);
#2783=AXIS2_PLACEMENT_3D('',#4004,#3220,#3221);
#2784=AXIS2_PLACEMENT_3D('',#4005,#3222,#3223);
#2785=AXIS2_PLACEMENT_3D('',#4007,#3224,#3225);
#2786=AXIS2_PLACEMENT_3D('',#4008,#3226,#3227);
#2787=AXIS2_PLACEMENT_3D('',#4010,#3228,#3229);
#2788=AXIS2_PLACEMENT_3D('',#4011,#3230,#3231);
#2789=AXIS2_PLACEMENT_3D('',#4013,#3232,#3233);
#2790=AXIS2_PLACEMENT_3D('',#4014,#3234,#3235);
#2791=AXIS2_PLACEMENT_3D('',#4016,#3236,#3237);
#2792=AXIS2_PLACEMENT_3D('',#4018,#3238,#3239);
#2793=AXIS2_PLACEMENT_3D('',#4019,#3240,#3241);
#2794=AXIS2_PLACEMENT_3D('',#4021,#3242,#3243);
#2795=AXIS2_PLACEMENT_3D('',#4023,#3244,#3245);
#2796=AXIS2_PLACEMENT_3D('',#4024,#3246,#3247);
#2797=AXIS2_PLACEMENT_3D('',#4026,#3248,#3249);
#2798=AXIS2_PLACEMENT_3D('',#4027,#3250,#3251);
#2799=AXIS2_PLACEMENT_3D('',#4029,#3252,#3253);
#2800=AXIS2_PLACEMENT_3D('',#4030,#3254,#3255);
#2801=AXIS2_PLACEMENT_3D('',#4032,#3256,#3257);
#2802=AXIS2_PLACEMENT_3D('',#4033,#3258,#3259);
#2803=AXIS2_PLACEMENT_3D('',#4035,#3260,#3261);
#2804=AXIS2_PLACEMENT_3D('',#4037,#3262,#3263);
#2805=AXIS2_PLACEMENT_3D('',#4038,#3264,#3265);
#2806=AXIS2_PLACEMENT_3D('',#4040,#3266,#3267);
#2807=AXIS2_PLACEMENT_3D('',#4042,#3268,#3269);
#2808=AXIS2_PLACEMENT_3D('',#4043,#3270,#3271);
#2809=AXIS2_PLACEMENT_3D('',#4045,#3272,#3273);
#2810=AXIS2_PLACEMENT_3D('',#4046,#3274,#3275);
#2811=AXIS2_PLACEMENT_3D('',#4048,#3276,#3277);
#2812=AXIS2_PLACEMENT_3D('',#4049,#3278,#3279);
#2813=AXIS2_PLACEMENT_3D('',#4051,#3280,#3281);
#2814=AXIS2_PLACEMENT_3D('',#4052,#3282,#3283);
#2815=AXIS2_PLACEMENT_3D('',#4054,#3284,#3285);
#2816=AXIS2_PLACEMENT_3D('',#4056,#3286,#3287);
#2817=AXIS2_PLACEMENT_3D('',#4057,#3288,#3289);
#2818=AXIS2_PLACEMENT_3D('',#4059,#3290,#3291);
#2819=AXIS2_PLACEMENT_3D('',#4061,#3292,#3293);
#2820=AXIS2_PLACEMENT_3D('',#4062,#3294,#3295);
#2821=AXIS2_PLACEMENT_3D('',#4064,#3296,#3297);
#2822=AXIS2_PLACEMENT_3D('',#4065,#3298,#3299);
#2823=AXIS2_PLACEMENT_3D('',#4067,#3300,#3301);
#2824=AXIS2_PLACEMENT_3D('',#4068,#3302,#3303);
#2825=AXIS2_PLACEMENT_3D('',#4070,#3304,#3305);
#2826=AXIS2_PLACEMENT_3D('',#4071,#3306,#3307);
#2827=AXIS2_PLACEMENT_3D('',#4073,#3308,#3309);
#2828=AXIS2_PLACEMENT_3D('',#4075,#3310,#3311);
#2829=AXIS2_PLACEMENT_3D('',#4076,#3312,#3313);
#2830=AXIS2_PLACEMENT_3D('',#4078,#3314,#3315);
#2831=AXIS2_PLACEMENT_3D('',#4080,#3316,#3317);
#2832=AXIS2_PLACEMENT_3D('',#4081,#3318,#3319);
#2833=AXIS2_PLACEMENT_3D('',#4083,#3320,#3321);
#2834=AXIS2_PLACEMENT_3D('',#4084,#3322,#3323);
#2835=AXIS2_PLACEMENT_3D('',#4086,#3324,#3325);
#2836=AXIS2_PLACEMENT_3D('',#4087,#3326,#3327);
#2837=AXIS2_PLACEMENT_3D('',#4089,#3328,#3329);
#2838=AXIS2_PLACEMENT_3D('',#4090,#3330,#3331);
#2839=AXIS2_PLACEMENT_3D('',#4092,#3332,#3333);
#2840=AXIS2_PLACEMENT_3D('',#4094,#3334,#3335);
#2841=AXIS2_PLACEMENT_3D('',#4095,#3336,#3337);
#2842=AXIS2_PLACEMENT_3D('',#4097,#3338,#3339);
#2843=AXIS2_PLACEMENT_3D('',#4099,#3340,#3341);
#2844=AXIS2_PLACEMENT_3D('',#4100,#3342,#3343);
#2845=AXIS2_PLACEMENT_3D('',#4102,#3344,#3345);
#2846=AXIS2_PLACEMENT_3D('',#4104,#3346,#3347);
#2847=AXIS2_PLACEMENT_3D('',#4105,#3348,#3349);
#2848=AXIS2_PLACEMENT_3D('',#4107,#3350,#3351);
#2849=AXIS2_PLACEMENT_3D('',#4109,#3352,#3353);
#2850=AXIS2_PLACEMENT_3D('',#4110,#3354,#3355);
#2851=AXIS2_PLACEMENT_3D('',#4112,#3356,#3357);
#2852=AXIS2_PLACEMENT_3D('',#4114,#3358,#3359);
#2853=AXIS2_PLACEMENT_3D('',#4123,#3364,#3365);
#2854=AXIS2_PLACEMENT_3D('',#4132,#3370,#3371);
#2855=AXIS2_PLACEMENT_3D('',#4141,#3376,#3377);
#2856=AXIS2_PLACEMENT_3D('',#4150,#3382,#3383);
#2857=AXIS2_PLACEMENT_3D('',#4151,#3384,#3385);
#2858=AXIS2_PLACEMENT_3D('',#4156,#3387,#3388);
#2859=AXIS2_PLACEMENT_3D('',#4160,#3390,#3391);
#2860=AXIS2_PLACEMENT_3D('',#4164,#3393,#3394);
#2861=AXIS2_PLACEMENT_3D('',#4167,#3396,#3397);
#2862=AXIS2_PLACEMENT_3D('',#4169,#3398,#3399);
#2863=AXIS2_PLACEMENT_3D('',#4170,#3400,#3401);
#2864=AXIS2_PLACEMENT_3D('',#4175,#3403,#3404);
#2865=AXIS2_PLACEMENT_3D('',#4179,#3406,#3407);
#2866=AXIS2_PLACEMENT_3D('',#4183,#3409,#3410);
#2867=AXIS2_PLACEMENT_3D('',#4186,#3412,#3413);
#2868=AXIS2_PLACEMENT_3D('',#4191,#3415,#3416);
#2869=AXIS2_PLACEMENT_3D('',#4195,#3418,#3419);
#2870=AXIS2_PLACEMENT_3D('',#4199,#3421,#3422);
#2871=AXIS2_PLACEMENT_3D('',#4203,#3424,#3425);
#2872=AXIS2_PLACEMENT_3D('',#4207,#3427,#3428);
#2873=AXIS2_PLACEMENT_3D('',#4211,#3430,#3431);
#2874=AXIS2_PLACEMENT_3D('',#4215,#3433,#3434);
#2875=AXIS2_PLACEMENT_3D('',#4219,#3436,#3437);
#2876=AXIS2_PLACEMENT_3D('',#4223,#3439,#3440);
#2877=AXIS2_PLACEMENT_3D('',#4227,#3442,#3443);
#2878=AXIS2_PLACEMENT_3D('',#4231,#3445,#3446);
#2879=AXIS2_PLACEMENT_3D('',#4235,#3448,#3449);
#2880=AXIS2_PLACEMENT_3D('',#4239,#3451,#3452);
#2881=AXIS2_PLACEMENT_3D('',#4243,#3454,#3455);
#2882=AXIS2_PLACEMENT_3D('',#4247,#3457,#3458);
#2883=AXIS2_PLACEMENT_3D('',#4251,#3460,#3461);
#2884=AXIS2_PLACEMENT_3D('',#4255,#3463,#3464);
#2885=AXIS2_PLACEMENT_3D('',#4259,#3466,#3467);
#2886=AXIS2_PLACEMENT_3D('',#4263,#3469,#3470);
#2887=AXIS2_PLACEMENT_3D('',#4266,#3472,#3473);
#2888=AXIS2_PLACEMENT_3D('',#4268,#3474,#3475);
#2889=AXIS2_PLACEMENT_3D('',#4269,#3476,#3477);
#2890=AXIS2_PLACEMENT_3D('',#4270,#3478,#3479);
#2891=AXIS2_PLACEMENT_3D('',#4353,#3480,#3481);
#2892=AXIS2_PLACEMENT_3D('',#4354,#3482,#3483);
#2893=AXIS2_PLACEMENT_3D('',#4395,#3484,#3485);
#2894=AXIS2_PLACEMENT_3D('',#4477,#3486,#3487);
#2895=AXIS2_PLACEMENT_3D('',#4478,#3488,#3489);
#2896=AXIS2_PLACEMENT_3D('',#4519,#3490,#3491);
#2897=AXIS2_PLACEMENT_3D('',#4601,#3492,#3493);
#2898=AXIS2_PLACEMENT_3D('',#4602,#3494,#3495);
#2899=AXIS2_PLACEMENT_3D('',#4643,#3496,#3497);
#2900=AXIS2_PLACEMENT_3D('',#4683,#3498,#3499);
#2901=AXIS2_PLACEMENT_3D('',#4684,#3500,#3501);
#2902=AXIS2_PLACEMENT_3D('',#4723,#3502,#3503);
#2903=AXIS2_PLACEMENT_3D('',#4724,#3504,#3505);
#2904=AXIS2_PLACEMENT_3D('',#4765,#3506,#3507);
#2905=AXIS2_PLACEMENT_3D('',#4805,#3508,#3509);
#2906=AXIS2_PLACEMENT_3D('',#4806,#3510,#3511);
#2907=AXIS2_PLACEMENT_3D('',#4845,#3512,#3513);
#2908=AXIS2_PLACEMENT_3D('',#4846,#3514,#3515);
#2909=AXIS2_PLACEMENT_3D('',#4929,#3516,#3517);
#2910=AXIS2_PLACEMENT_3D('',#4930,#3518,#3519);
#2911=AXIS2_PLACEMENT_3D('',#4931,#3520,#3521);
#2912=AXIS2_PLACEMENT_3D('',#4977,#3522,#3523);
#2913=AXIS2_PLACEMENT_3D('',#4978,#3524,#3525);
#2914=AXIS2_PLACEMENT_3D('',#4979,#3526,#3527);
#2915=AXIS2_PLACEMENT_3D('',#5020,#3528,#3529);
#2916=AXIS2_PLACEMENT_3D('',#5060,#3530,#3531);
#2917=AXIS2_PLACEMENT_3D('',#5100,#3532,#3533);
#2918=AXIS2_PLACEMENT_3D('',#5139,#3534,#3535);
#2919=AXIS2_PLACEMENT_3D('',#5148,#3536,#3537);
#2920=AXIS2_PLACEMENT_3D('',#5149,#3538,#3539);
#2921=AXIS2_PLACEMENT_3D('',#5150,#3540,#3541);
#2922=AXIS2_PLACEMENT_3D('',#5151,#3542,#3543);
#2923=AXIS2_PLACEMENT_3D('',#5192,#3544,#3545);
#2924=AXIS2_PLACEMENT_3D('',#5274,#3546,#3547);
#2925=AXIS2_PLACEMENT_3D('',#5275,#3548,#3549);
#2926=AXIS2_PLACEMENT_3D('',#5316,#3550,#3551);
#2927=AXIS2_PLACEMENT_3D('',#5356,#3552,#3553);
#2928=AXIS2_PLACEMENT_3D('',#5357,#3554,#3555);
#2929=AXIS2_PLACEMENT_3D('',#5396,#3556,#3557);
#2930=AXIS2_PLACEMENT_3D('',#5442,#3558,#3559);
#2931=AXIS2_PLACEMENT_3D('',#5443,#3560,#3561);
#2932=AXIS2_PLACEMENT_3D('',#5444,#3562,#3563);
#2933=AXIS2_PLACEMENT_3D('',#5485,#3564,#3565);
#2934=AXIS2_PLACEMENT_3D('',#5525,#3566,#3567);
#2935=AXIS2_PLACEMENT_3D('',#5565,#3568,#3569);
#2936=AXIS2_PLACEMENT_3D('',#5604,#3570,#3571);
#2937=AXIS2_PLACEMENT_3D('',#5605,#3572,#3573);
#2938=AXIS2_PLACEMENT_3D('',#5646,#3574,#3575);
#2939=AXIS2_PLACEMENT_3D('',#5686,#3576,#3577);
#2940=AXIS2_PLACEMENT_3D('',#5687,#3578,#3579);
#2941=AXIS2_PLACEMENT_3D('',#5726,#3580,#3581);
#2942=AXIS2_PLACEMENT_3D('',#5727,#3582,#3583);
#2943=AXIS2_PLACEMENT_3D('',#5767,#3584,#3585);
#2944=AXIS2_PLACEMENT_3D('',#5807,#3586,#3587);
#2945=AXIS2_PLACEMENT_3D('',#5847,#3588,#3589);
#2946=AXIS2_PLACEMENT_3D('',#5848,#3590,#3591);
#2947=AXIS2_PLACEMENT_3D('',#5849,#3592,#3593);
#2948=AXIS2_PLACEMENT_3D('',#5850,#3594,#3595);
#2949=AXIS2_PLACEMENT_3D('',#5890,#3596,#3597);
#2950=AXIS2_PLACEMENT_3D('',#5930,#3598,#3599);
#2951=AXIS2_PLACEMENT_3D('',#5931,#3600,#3601);
#2952=AXIS2_PLACEMENT_3D('',#5932,#3602,#3603);
#2953=AXIS2_PLACEMENT_3D('',#5973,#3604,#3605);
#2954=AXIS2_PLACEMENT_3D('',#5974,#3606,#3607);
#2955=AXIS2_PLACEMENT_3D('',#5975,#3608,#3609);
#2956=AXIS2_PLACEMENT_3D('',#6014,#3610,#3611);
#2957=AXIS2_PLACEMENT_3D('',#6015,#3612,#3613);
#2958=AXIS2_PLACEMENT_3D('',#6017,#3614,#3615);
#2959=AXIS2_PLACEMENT_3D('',#6018,#3616,#3617);
#2960=AXIS2_PLACEMENT_3D('',#6019,#3618,#3619);
#2961=AXIS2_PLACEMENT_3D('',#6058,#3620,#3621);
#2962=AXIS2_PLACEMENT_3D('',#6059,#3622,#3623);
#2963=AXIS2_PLACEMENT_3D('',#6142,#3624,#3625);
#2964=AXIS2_PLACEMENT_3D('',#6143,#3626,#3627);
#2965=AXIS2_PLACEMENT_3D('',#6144,#3628,#3629);
#2966=AXIS2_PLACEMENT_3D('',#6153,#3630,#3631);
#2967=AXIS2_PLACEMENT_3D('',#6154,#3632,#3633);
#2968=AXIS2_PLACEMENT_3D('',#6155,#3634,#3635);
#2969=AXIS2_PLACEMENT_3D('',#6157,#3636,#3637);
#2970=AXIS2_PLACEMENT_3D('',#6239,#3638,#3639);
#2971=AXIS2_PLACEMENT_3D('',#6240,#3640,#3641);
#2972=AXIS2_PLACEMENT_3D('',#6242,#3642,#3643);
#2973=AXIS2_PLACEMENT_3D('',#6282,#3644,#3645);
#2974=AXIS2_PLACEMENT_3D('',#6283,#3646,#3647);
#2975=AXIS2_PLACEMENT_3D('',#6322,#3648,#3649);
#2976=AXIS2_PLACEMENT_3D('',#6323,#3650,#3651);
#2977=AXIS2_PLACEMENT_3D('',#6363,#3652,#3653);
#2978=AXIS2_PLACEMENT_3D('',#6364,#3654,#3655);
#2979=AXIS2_PLACEMENT_3D('',#6365,#3656,#3657);
#2980=AXIS2_PLACEMENT_3D('',#6366,#3658,#3659);
#2981=AXIS2_PLACEMENT_3D('',#6367,#3660,#3661);
#2982=AXIS2_PLACEMENT_3D('',#6368,#3662,#3663);
#2983=AXIS2_PLACEMENT_3D('',#6414,#3664,#3665);
#2984=AXIS2_PLACEMENT_3D('',#6419,#3666,#3667);
#2985=AXIS2_PLACEMENT_3D('',#6424,#3668,#3669);
#2986=AXIS2_PLACEMENT_3D('',#6425,#3670,#3671);
#2987=AXIS2_PLACEMENT_3D('',#6426,#3672,#3673);
#2988=AXIS2_PLACEMENT_3D('',#6431,#3674,#3675);
#2989=AXIS2_PLACEMENT_3D('',#6432,#3676,#3677);
#2990=AXIS2_PLACEMENT_3D('',#6437,#3678,#3679);
#2991=AXIS2_PLACEMENT_3D('',#6438,#3680,#3681);
#2992=AXIS2_PLACEMENT_3D('',#6443,#3682,#3683);
#2993=AXIS2_PLACEMENT_3D('',#6448,#3684,#3685);
#2994=AXIS2_PLACEMENT_3D('',#6458,#3686,#3687);
#2995=AXIS2_PLACEMENT_3D('',#6463,#3688,#3689);
#2996=AXIS2_PLACEMENT_3D('',#6473,#3690,#3691);
#2997=AXIS2_PLACEMENT_3D('',#6474,#3692,#3693);
#2998=AXIS2_PLACEMENT_3D('',#6479,#3694,#3695);
#2999=AXIS2_PLACEMENT_3D('',#6489,#3696,#3697);
#3000=AXIS2_PLACEMENT_3D('',#6490,#3698,#3699);
#3001=AXIS2_PLACEMENT_3D('',#6491,#3700,#3701);
#3002=AXIS2_PLACEMENT_3D('',#6492,#3702,#3703);
#3003=AXIS2_PLACEMENT_3D('',#6495,#3704,#3705);
#3004=AXIS2_PLACEMENT_3D('',#6496,#3706,#3707);
#3005=AXIS2_PLACEMENT_3D('',#6497,#3708,#3709);
#3006=AXIS2_PLACEMENT_3D('',#6498,#3710,#3711);
#3007=AXIS2_PLACEMENT_3D('',#6499,#3712,#3713);
#3008=AXIS2_PLACEMENT_3D('',#6500,#3714,#3715);
#3009=AXIS2_PLACEMENT_3D('',#6501,#3716,#3717);
#3010=AXIS2_PLACEMENT_3D('',#6502,#3718,#3719);
#3011=AXIS2_PLACEMENT_3D('',#6504,#3720,#3721);
#3012=AXIS2_PLACEMENT_3D('',#6505,#3722,#3723);
#3013=AXIS2_PLACEMENT_3D('',#6506,#3724,#3725);
#3014=AXIS2_PLACEMENT_3D('',#6507,#3726,#3727);
#3015=AXIS2_PLACEMENT_3D('',#6508,#3728,#3729);
#3016=AXIS2_PLACEMENT_3D('',#6509,#3730,#3731);
#3017=AXIS2_PLACEMENT_3D('',#6510,#3732,#3733);
#3018=AXIS2_PLACEMENT_3D('',#6511,#3734,#3735);
#3019=AXIS2_PLACEMENT_3D('',#6512,#3736,#3737);
#3020=AXIS2_PLACEMENT_3D('',#6514,#3738,#3739);
#3021=AXIS2_PLACEMENT_3D('',#6515,#3740,#3741);
#3022=AXIS2_PLACEMENT_3D('',#6516,#3742,#3743);
#3023=AXIS2_PLACEMENT_3D('',#6518,#3744,#3745);
#3024=AXIS2_PLACEMENT_3D('',#6520,#3746,#3747);
#3025=AXIS2_PLACEMENT_3D('',#6521,#3748,#3749);
#3026=AXIS2_PLACEMENT_3D('',#6522,#3750,#3751);
#3027=AXIS2_PLACEMENT_3D('',#6523,#3752,#3753);
#3028=AXIS2_PLACEMENT_3D('',#6524,#3754,#3755);
#3029=AXIS2_PLACEMENT_3D('',#6525,#3756,#3757);
#3030=AXIS2_PLACEMENT_3D('',#6526,#3758,#3759);
#3031=AXIS2_PLACEMENT_3D('',#6527,#3760,#3761);
#3032=AXIS2_PLACEMENT_3D('',#6528,#3762,#3763);
#3033=AXIS2_PLACEMENT_3D('',#6529,#3764,#3765);
#3034=AXIS2_PLACEMENT_3D('',#6530,#3766,#3767);
#3035=AXIS2_PLACEMENT_3D('',#6531,#3768,#3769);
#3036=AXIS2_PLACEMENT_3D('',#6532,#3770,#3771);
#3037=AXIS2_PLACEMENT_3D('',#6533,#3772,#3773);
#3038=AXIS2_PLACEMENT_3D('',#6534,#3774,#3775);
#3039=AXIS2_PLACEMENT_3D('',#6536,#3776,#3777);
#3040=AXIS2_PLACEMENT_3D('',#6537,#3778,#3779);
#3041=AXIS2_PLACEMENT_3D('',#6538,#3780,#3781);
#3042=AXIS2_PLACEMENT_3D('',#6539,#3782,#3783);
#3043=AXIS2_PLACEMENT_3D('',#6540,#3784,#3785);
#3044=AXIS2_PLACEMENT_3D('',#6541,#3786,#3787);
#3045=AXIS2_PLACEMENT_3D('',#6550,#3788,#3789);
#3046=AXIS2_PLACEMENT_3D('',#6588,#3790,#3791);
#3047=AXIS2_PLACEMENT_3D('',#6589,#3792,#3793);
#3048=AXIS2_PLACEMENT_3D('',#6590,#3794,#3795);
#3049=AXIS2_PLACEMENT_3D('',#6626,#3796,#3797);
#3050=AXIS2_PLACEMENT_3D('',#6627,#3798,#3799);
#3051=AXIS2_PLACEMENT_3D('',#6665,#3800,#3801);
#3052=AXIS2_PLACEMENT_3D('',#6704,#3802,#3803);
#3053=AXIS2_PLACEMENT_3D('',#6743,#3804,#3805);
#3054=AXIS2_PLACEMENT_3D('',#6744,#3806,#3807);
#3055=AXIS2_PLACEMENT_3D('',#6781,#3808,#3809);
#3056=AXIS2_PLACEMENT_3D('',#6818,#3810,#3811);
#3057=AXIS2_PLACEMENT_3D('',#6819,#3812,#3813);
#3058=AXIS2_PLACEMENT_3D('',#6820,#3814,#3815);
#3059=AXIS2_PLACEMENT_3D('',#6821,#3816,#3817);
#3060=AXIS2_PLACEMENT_3D('',#6822,#3818,#3819);
#3061=AXIS2_PLACEMENT_3D('',#6823,#3820,#3821);
#3062=AXIS2_PLACEMENT_3D('',#6824,#3822,#3823);
#3063=AXIS2_PLACEMENT_3D('',#6825,#3824,#3825);
#3064=AXIS2_PLACEMENT_3D('',#6826,#3826,#3827);
#3065=AXIS2_PLACEMENT_3D('',#6827,#3828,#3829);
#3066=AXIS2_PLACEMENT_3D('',#6828,#3830,#3831);
#3067=AXIS2_PLACEMENT_3D('',#6829,#3832,#3833);
#3068=AXIS2_PLACEMENT_3D('',#6830,#3834,#3835);
#3069=AXIS2_PLACEMENT_3D('',#6831,#3836,#3837);
#3070=AXIS2_PLACEMENT_3D('',#6832,#3838,#3839);
#3071=AXIS2_PLACEMENT_3D('',#6833,#3840,#3841);
#3072=AXIS2_PLACEMENT_3D('',#6834,#3842,#3843);
#3073=AXIS2_PLACEMENT_3D('',#6835,#3844,#3845);
#3074=AXIS2_PLACEMENT_3D('',#6836,#3846,#3847);
#3075=AXIS2_PLACEMENT_3D('',#6837,#3848,#3849);
#3076=AXIS2_PLACEMENT_3D('',#6838,#3850,#3851);
#3077=AXIS2_PLACEMENT_3D('',#6841,#3854,#3855);
#3078=AXIS2_PLACEMENT_3D('',#6843,#3857,#3858);
#3079=AXIS2_PLACEMENT_3D('',#6845,#3860,#3861);
#3080=AXIS2_PLACEMENT_3D('',#6847,#3863,#3864);
#3081=AXIS2_PLACEMENT_3D('',#6849,#3866,#3867);
#3082=AXIS2_PLACEMENT_3D('',#6851,#3869,#3870);
#3083=AXIS2_PLACEMENT_3D('',#6853,#3872,#3873);
#3084=AXIS2_PLACEMENT_3D('',#6854,#3874,#3875);
#3085=AXIS2_PLACEMENT_3D('',#6857,#3878,#3879);
#3086=AXIS2_PLACEMENT_3D('',#6859,#3881,#3882);
#3087=AXIS2_PLACEMENT_3D('',#6861,#3884,#3885);
#3088=AXIS2_PLACEMENT_3D('',#6863,#3887,#3888);
#3089=AXIS2_PLACEMENT_3D('',#6865,#3890,#3891);
#3090=AXIS2_PLACEMENT_3D('',#6867,#3893,#3894);
#3091=AXIS2_PLACEMENT_3D('',#6869,#3896,#3897);
#3092=DIRECTION('',(0.,0.,1.));
#3093=DIRECTION('',(1.,0.,0.));
#3094=DIRECTION('',(0.,1.,0.));
#3095=DIRECTION('',(1.,0.,0.));
#3096=DIRECTION('',(0.,1.,0.));
#3097=DIRECTION('',(1.,0.,0.));
#3098=DIRECTION('',(0.,1.,0.));
#3099=DIRECTION('',(1.,0.,0.));
#3100=DIRECTION('',(0.,1.,0.));
#3101=DIRECTION('',(1.,0.,0.));
#3102=DIRECTION('',(0.,1.,0.));
#3103=DIRECTION('',(1.,0.,0.));
#3104=DIRECTION('',(0.,1.,0.));
#3105=DIRECTION('',(1.,0.,0.));
#3106=DIRECTION('',(0.,1.,0.));
#3107=DIRECTION('',(1.,0.,0.));
#3108=DIRECTION('',(0.,1.,0.));
#3109=DIRECTION('',(1.,0.,0.));
#3110=DIRECTION('',(0.,1.,0.));
#3111=DIRECTION('',(1.,0.,0.));
#3112=DIRECTION('',(0.,1.,0.));
#3113=DIRECTION('',(1.,0.,0.));
#3114=DIRECTION('',(0.,1.,0.));
#3115=DIRECTION('',(1.,0.,0.));
#3116=DIRECTION('',(0.,1.,0.));
#3117=DIRECTION('',(1.,0.,0.));
#3118=DIRECTION('',(0.,1.,0.));
#3119=DIRECTION('',(1.,0.,0.));
#3120=DIRECTION('',(0.,1.,0.));
#3121=DIRECTION('',(1.,0.,0.));
#3122=DIRECTION('',(0.,1.,0.));
#3123=DIRECTION('',(1.,0.,0.));
#3124=DIRECTION('',(0.,1.,0.));
#3125=DIRECTION('',(1.,0.,0.));
#3126=DIRECTION('',(0.,1.,0.));
#3127=DIRECTION('',(1.,0.,0.));
#3128=DIRECTION('',(0.,1.,0.));
#3129=DIRECTION('',(1.,0.,0.));
#3130=DIRECTION('',(0.,1.,0.));
#3131=DIRECTION('',(1.,0.,0.));
#3132=DIRECTION('',(0.,1.,0.));
#3133=DIRECTION('',(1.,0.,0.));
#3134=DIRECTION('',(0.,1.,0.));
#3135=DIRECTION('',(1.,0.,0.));
#3136=DIRECTION('',(0.,1.,0.));
#3137=DIRECTION('',(1.,0.,0.));
#3138=DIRECTION('',(0.,1.,0.));
#3139=DIRECTION('',(1.,0.,0.));
#3140=DIRECTION('',(0.,1.,0.));
#3141=DIRECTION('',(1.,0.,0.));
#3142=DIRECTION('',(0.,1.,0.));
#3143=DIRECTION('',(1.,0.,0.));
#3144=DIRECTION('',(0.,1.,0.));
#3145=DIRECTION('',(1.,0.,0.));
#3146=DIRECTION('',(0.,1.,0.));
#3147=DIRECTION('',(1.,0.,0.));
#3148=DIRECTION('',(0.,1.,0.));
#3149=DIRECTION('',(1.,0.,0.));
#3150=DIRECTION('',(0.,1.,0.));
#3151=DIRECTION('',(1.,0.,0.));
#3152=DIRECTION('',(0.,1.,0.));
#3153=DIRECTION('',(1.,0.,0.));
#3154=DIRECTION('',(0.,1.,0.));
#3155=DIRECTION('',(1.,0.,0.));
#3156=DIRECTION('',(0.,1.,0.));
#3157=DIRECTION('',(1.,0.,0.));
#3158=DIRECTION('',(0.,1.,0.));
#3159=DIRECTION('',(1.,0.,0.));
#3160=DIRECTION('',(0.,1.,0.));
#3161=DIRECTION('',(1.,0.,0.));
#3162=DIRECTION('',(0.,1.,0.));
#3163=DIRECTION('',(1.,0.,0.));
#3164=DIRECTION('',(0.,1.,0.));
#3165=DIRECTION('',(1.,0.,0.));
#3166=DIRECTION('',(0.,1.,0.));
#3167=DIRECTION('',(1.,0.,0.));
#3168=DIRECTION('',(0.,1.,0.));
#3169=DIRECTION('',(1.,0.,0.));
#3170=DIRECTION('',(0.,1.,0.));
#3171=DIRECTION('',(1.,0.,0.));
#3172=DIRECTION('',(0.,1.,0.));
#3173=DIRECTION('',(1.,0.,0.));
#3174=DIRECTION('',(0.,1.,0.));
#3175=DIRECTION('',(1.,0.,0.));
#3176=DIRECTION('',(0.,1.,0.));
#3177=DIRECTION('',(1.,0.,0.));
#3178=DIRECTION('',(0.,1.,0.));
#3179=DIRECTION('',(1.,0.,0.));
#3180=DIRECTION('',(0.,1.,0.));
#3181=DIRECTION('',(1.,0.,0.));
#3182=DIRECTION('',(0.,1.,0.));
#3183=DIRECTION('',(1.,0.,0.));
#3184=DIRECTION('',(0.,1.,0.));
#3185=DIRECTION('',(-1.,0.,0.));
#3186=DIRECTION('',(0.,1.,0.));
#3187=DIRECTION('',(1.,0.,0.));
#3188=DIRECTION('',(0.,1.,0.));
#3189=DIRECTION('',(1.,0.,0.));
#3190=DIRECTION('',(0.,1.,0.));
#3191=DIRECTION('',(-1.,0.,0.));
#3192=DIRECTION('',(0.,1.,0.));
#3193=DIRECTION('',(1.,0.,0.));
#3194=DIRECTION('',(0.,1.,0.));
#3195=DIRECTION('',(1.,0.,0.));
#3196=DIRECTION('',(0.,1.,0.));
#3197=DIRECTION('',(-1.,0.,0.));
#3198=DIRECTION('',(0.,1.,0.));
#3199=DIRECTION('',(1.,0.,0.));
#3200=DIRECTION('',(0.,1.,0.));
#3201=DIRECTION('',(1.,0.,0.));
#3202=DIRECTION('',(0.,1.,0.));
#3203=DIRECTION('',(-1.,0.,0.));
#3204=DIRECTION('',(0.,1.,0.));
#3205=DIRECTION('',(1.,0.,0.));
#3206=DIRECTION('',(0.,1.,0.));
#3207=DIRECTION('',(1.,0.,0.));
#3208=DIRECTION('',(0.,1.,0.));
#3209=DIRECTION('',(-1.,0.,0.));
#3210=DIRECTION('',(0.,1.,0.));
#3211=DIRECTION('',(1.,0.,0.));
#3212=DIRECTION('',(0.,1.,0.));
#3213=DIRECTION('',(1.,0.,0.));
#3214=DIRECTION('',(0.,1.,0.));
#3215=DIRECTION('',(-1.,0.,0.));
#3216=DIRECTION('',(0.,1.,0.));
#3217=DIRECTION('',(1.,0.,0.));
#3218=DIRECTION('',(0.,1.,0.));
#3219=DIRECTION('',(1.,0.,0.));
#3220=DIRECTION('',(0.,1.,0.));
#3221=DIRECTION('',(-1.,0.,0.));
#3222=DIRECTION('',(0.,1.,0.));
#3223=DIRECTION('',(1.,0.,0.));
#3224=DIRECTION('',(0.,1.,0.));
#3225=DIRECTION('',(-1.,0.,0.));
#3226=DIRECTION('',(0.,1.,0.));
#3227=DIRECTION('',(1.,0.,0.));
#3228=DIRECTION('',(0.,1.,0.));
#3229=DIRECTION('',(-1.,0.,0.));
#3230=DIRECTION('',(0.,1.,0.));
#3231=DIRECTION('',(1.,0.,0.));
#3232=DIRECTION('',(0.,1.,0.));
#3233=DIRECTION('',(-1.,0.,0.));
#3234=DIRECTION('',(0.,1.,0.));
#3235=DIRECTION('',(1.,0.,0.));
#3236=DIRECTION('',(0.,1.,0.));
#3237=DIRECTION('',(1.,0.,0.));
#3238=DIRECTION('',(0.,1.,0.));
#3239=DIRECTION('',(-1.,0.,0.));
#3240=DIRECTION('',(0.,1.,0.));
#3241=DIRECTION('',(1.,0.,0.));
#3242=DIRECTION('',(0.,1.,0.));
#3243=DIRECTION('',(1.,0.,0.));
#3244=DIRECTION('',(0.,1.,0.));
#3245=DIRECTION('',(-1.,0.,0.));
#3246=DIRECTION('',(0.,1.,0.));
#3247=DIRECTION('',(1.,0.,0.));
#3248=DIRECTION('',(0.,1.,0.));
#3249=DIRECTION('',(-1.,0.,0.));
#3250=DIRECTION('',(0.,1.,0.));
#3251=DIRECTION('',(1.,0.,0.));
#3252=DIRECTION('',(0.,1.,0.));
#3253=DIRECTION('',(-1.,0.,0.));
#3254=DIRECTION('',(0.,1.,0.));
#3255=DIRECTION('',(1.,0.,0.));
#3256=DIRECTION('',(0.,1.,0.));
#3257=DIRECTION('',(-1.,0.,0.));
#3258=DIRECTION('',(0.,1.,0.));
#3259=DIRECTION('',(1.,0.,0.));
#3260=DIRECTION('',(0.,1.,0.));
#3261=DIRECTION('',(1.,0.,0.));
#3262=DIRECTION('',(0.,1.,0.));
#3263=DIRECTION('',(-1.,0.,0.));
#3264=DIRECTION('',(0.,1.,0.));
#3265=DIRECTION('',(1.,0.,0.));
#3266=DIRECTION('',(0.,1.,0.));
#3267=DIRECTION('',(1.,0.,0.));
#3268=DIRECTION('',(0.,1.,0.));
#3269=DIRECTION('',(-1.,0.,0.));
#3270=DIRECTION('',(0.,1.,0.));
#3271=DIRECTION('',(1.,0.,0.));
#3272=DIRECTION('',(0.,1.,0.));
#3273=DIRECTION('',(-1.,0.,0.));
#3274=DIRECTION('',(0.,1.,0.));
#3275=DIRECTION('',(1.,0.,0.));
#3276=DIRECTION('',(0.,1.,0.));
#3277=DIRECTION('',(-1.,0.,0.));
#3278=DIRECTION('',(0.,1.,0.));
#3279=DIRECTION('',(1.,0.,0.));
#3280=DIRECTION('',(0.,1.,0.));
#3281=DIRECTION('',(-1.,0.,0.));
#3282=DIRECTION('',(0.,1.,0.));
#3283=DIRECTION('',(1.,0.,0.));
#3284=DIRECTION('',(0.,1.,0.));
#3285=DIRECTION('',(1.,0.,0.));
#3286=DIRECTION('',(0.,1.,0.));
#3287=DIRECTION('',(-1.,0.,0.));
#3288=DIRECTION('',(0.,1.,0.));
#3289=DIRECTION('',(1.,0.,0.));
#3290=DIRECTION('',(0.,1.,0.));
#3291=DIRECTION('',(1.,0.,0.));
#3292=DIRECTION('',(0.,1.,0.));
#3293=DIRECTION('',(-1.,0.,0.));
#3294=DIRECTION('',(0.,1.,0.));
#3295=DIRECTION('',(1.,0.,0.));
#3296=DIRECTION('',(0.,1.,0.));
#3297=DIRECTION('',(-1.,0.,0.));
#3298=DIRECTION('',(0.,1.,0.));
#3299=DIRECTION('',(1.,0.,0.));
#3300=DIRECTION('',(0.,1.,0.));
#3301=DIRECTION('',(-1.,0.,0.));
#3302=DIRECTION('',(0.,1.,0.));
#3303=DIRECTION('',(1.,0.,0.));
#3304=DIRECTION('',(0.,1.,0.));
#3305=DIRECTION('',(-1.,0.,0.));
#3306=DIRECTION('',(0.,1.,0.));
#3307=DIRECTION('',(1.,0.,0.));
#3308=DIRECTION('',(0.,1.,0.));
#3309=DIRECTION('',(1.,0.,0.));
#3310=DIRECTION('',(0.,1.,0.));
#3311=DIRECTION('',(-1.,0.,0.));
#3312=DIRECTION('',(0.,1.,0.));
#3313=DIRECTION('',(1.,0.,0.));
#3314=DIRECTION('',(0.,1.,0.));
#3315=DIRECTION('',(1.,0.,0.));
#3316=DIRECTION('',(0.,1.,0.));
#3317=DIRECTION('',(-1.,0.,0.));
#3318=DIRECTION('',(0.,1.,0.));
#3319=DIRECTION('',(1.,0.,0.));
#3320=DIRECTION('',(0.,1.,0.));
#3321=DIRECTION('',(-1.,0.,0.));
#3322=DIRECTION('',(0.,1.,0.));
#3323=DIRECTION('',(1.,0.,0.));
#3324=DIRECTION('',(0.,1.,0.));
#3325=DIRECTION('',(-1.,0.,0.));
#3326=DIRECTION('',(0.,1.,0.));
#3327=DIRECTION('',(1.,0.,0.));
#3328=DIRECTION('',(0.,1.,0.));
#3329=DIRECTION('',(-1.,0.,0.));
#3330=DIRECTION('',(0.,1.,0.));
#3331=DIRECTION('',(1.,0.,0.));
#3332=DIRECTION('',(0.,1.,0.));
#3333=DIRECTION('',(1.,0.,0.));
#3334=DIRECTION('',(0.,1.,0.));
#3335=DIRECTION('',(-1.,0.,0.));
#3336=DIRECTION('',(0.,1.,0.));
#3337=DIRECTION('',(1.,0.,0.));
#3338=DIRECTION('',(0.,1.,0.));
#3339=DIRECTION('',(1.,0.,0.));
#3340=DIRECTION('',(0.,1.,0.));
#3341=DIRECTION('',(-1.,0.,0.));
#3342=DIRECTION('',(0.,1.,0.));
#3343=DIRECTION('',(1.,0.,0.));
#3344=DIRECTION('',(0.,1.,0.));
#3345=DIRECTION('',(1.,0.,0.));
#3346=DIRECTION('',(0.,1.,0.));
#3347=DIRECTION('',(-1.,0.,0.));
#3348=DIRECTION('',(0.,1.,0.));
#3349=DIRECTION('',(1.,0.,0.));
#3350=DIRECTION('',(0.,1.,0.));
#3351=DIRECTION('',(1.,0.,0.));
#3352=DIRECTION('',(0.,1.,0.));
#3353=DIRECTION('',(-1.,0.,0.));
#3354=DIRECTION('',(0.,1.,0.));
#3355=DIRECTION('',(1.,0.,0.));
#3356=DIRECTION('',(0.,1.,0.));
#3357=DIRECTION('',(1.,0.,0.));
#3358=DIRECTION('',(-1.,0.,0.));
#3359=DIRECTION('',(0.,1.,0.));
#3360=DIRECTION('',(0.,-1.,0.));
#3361=DIRECTION('',(0.,0.,1.));
#3362=DIRECTION('',(0.,-1.,0.));
#3363=DIRECTION('',(0.,0.,-1.));
#3364=DIRECTION('',(0.,0.,-1.));
#3365=DIRECTION('',(0.,1.,0.));
#3366=DIRECTION('',(0.,-1.,0.));
#3367=DIRECTION('',(1.,0.,0.));
#3368=DIRECTION('',(0.,-1.,0.));
#3369=DIRECTION('',(-1.,0.,0.));
#3370=DIRECTION('',(-1.,0.,2.14494401975494E-16));
#3371=DIRECTION('',(2.14494401975494E-16,0.,1.));
#3372=DIRECTION('',(0.,-1.,0.));
#3373=DIRECTION('',(-2.14494401975494E-16,0.,-1.));
#3374=DIRECTION('',(0.,-1.,0.));
#3375=DIRECTION('',(2.14494401975494E-16,0.,1.));
#3376=DIRECTION('',(0.,0.,-1.));
#3377=DIRECTION('',(0.,1.,0.));
#3378=DIRECTION('',(0.,-1.,0.));
#3379=DIRECTION('',(-1.,0.,0.));
#3380=DIRECTION('',(0.,-1.,0.));
#3381=DIRECTION('',(1.,0.,0.));
#3382=DIRECTION('',(0.,1.,0.));
#3383=DIRECTION('',(1.,0.,0.));
#3384=DIRECTION('',(0.,1.,0.));
#3385=DIRECTION('',(1.,0.,0.));
#3386=DIRECTION('',(-2.14494401975494E-16,0.,-1.));
#3387=DIRECTION('',(0.,1.,0.));
#3388=DIRECTION('',(1.,0.,0.));
#3389=DIRECTION('',(-1.,0.,0.));
#3390=DIRECTION('',(0.,1.,0.));
#3391=DIRECTION('',(1.,0.,0.));
#3392=DIRECTION('',(0.,0.,1.));
#3393=DIRECTION('',(0.,1.,0.));
#3394=DIRECTION('',(1.,0.,0.));
#3395=DIRECTION('',(1.,0.,0.));
#3396=DIRECTION('',(0.,1.,0.));
#3397=DIRECTION('',(1.,0.,0.));
#3398=DIRECTION('',(0.,1.,0.));
#3399=DIRECTION('',(1.,0.,0.));
#3400=DIRECTION('',(0.,1.,0.));
#3401=DIRECTION('',(1.,0.,0.));
#3402=DIRECTION('',(2.14494401975494E-16,0.,1.));
#3403=DIRECTION('',(0.,1.,0.));
#3404=DIRECTION('',(1.,0.,0.));
#3405=DIRECTION('',(-1.,0.,0.));
#3406=DIRECTION('',(0.,1.,0.));
#3407=DIRECTION('',(1.,0.,0.));
#3408=DIRECTION('',(0.,0.,-1.));
#3409=DIRECTION('',(0.,1.,0.));
#3410=DIRECTION('',(1.,0.,0.));
#3411=DIRECTION('',(1.,0.,0.));
#3412=DIRECTION('',(0.,1.,0.));
#3413=DIRECTION('',(1.,0.,0.));
#3414=DIRECTION('',(1.,0.,0.));
#3415=DIRECTION('',(0.,1.,0.));
#3416=DIRECTION('',(1.,0.,0.));
#3417=DIRECTION('',(1.,0.,0.));
#3418=DIRECTION('',(0.,1.,0.));
#3419=DIRECTION('',(1.,0.,0.));
#3420=DIRECTION('',(1.,0.,0.));
#3421=DIRECTION('',(0.,1.,0.));
#3422=DIRECTION('',(1.,0.,0.));
#3423=DIRECTION('',(1.,0.,0.));
#3424=DIRECTION('',(0.,1.,0.));
#3425=DIRECTION('',(1.,0.,0.));
#3426=DIRECTION('',(-2.14494401975494E-16,0.,-1.));
#3427=DIRECTION('',(0.,1.,0.));
#3428=DIRECTION('',(1.,0.,0.));
#3429=DIRECTION('',(-2.14494401975494E-16,0.,-1.));
#3430=DIRECTION('',(0.,1.,0.));
#3431=DIRECTION('',(1.,0.,0.));
#3432=DIRECTION('',(-2.14494401975494E-16,0.,-1.));
#3433=DIRECTION('',(0.,1.,0.));
#3434=DIRECTION('',(1.,0.,0.));
#3435=DIRECTION('',(-2.14494401975494E-16,0.,-1.));
#3436=DIRECTION('',(0.,1.,0.));
#3437=DIRECTION('',(1.,0.,0.));
#3438=DIRECTION('',(-2.14494401975494E-16,0.,-1.));
#3439=DIRECTION('',(0.,1.,0.));
#3440=DIRECTION('',(1.,0.,0.));
#3441=DIRECTION('',(-2.14494401975494E-16,0.,-1.));
#3442=DIRECTION('',(0.,1.,0.));
#3443=DIRECTION('',(1.,0.,0.));
#3444=DIRECTION('',(1.,0.,0.));
#3445=DIRECTION('',(0.,1.,0.));
#3446=DIRECTION('',(1.,0.,0.));
#3447=DIRECTION('',(1.,0.,0.));
#3448=DIRECTION('',(0.,1.,0.));
#3449=DIRECTION('',(1.,0.,0.));
#3450=DIRECTION('',(1.,0.,0.));
#3451=DIRECTION('',(0.,1.,0.));
#3452=DIRECTION('',(1.,0.,0.));
#3453=DIRECTION('',(1.,0.,0.));
#3454=DIRECTION('',(0.,1.,0.));
#3455=DIRECTION('',(1.,0.,0.));
#3456=DIRECTION('',(0.,0.,-1.));
#3457=DIRECTION('',(0.,1.,0.));
#3458=DIRECTION('',(1.,0.,0.));
#3459=DIRECTION('',(0.,0.,-1.));
#3460=DIRECTION('',(0.,1.,0.));
#3461=DIRECTION('',(1.,0.,0.));
#3462=DIRECTION('',(0.,0.,-1.));
#3463=DIRECTION('',(0.,1.,0.));
#3464=DIRECTION('',(1.,0.,0.));
#3465=DIRECTION('',(0.,0.,-1.));
#3466=DIRECTION('',(0.,1.,0.));
#3467=DIRECTION('',(1.,0.,0.));
#3468=DIRECTION('',(0.,0.,-1.));
#3469=DIRECTION('',(0.,1.,0.));
#3470=DIRECTION('',(1.,0.,0.));
#3471=DIRECTION('',(0.,0.,-1.));
#3472=DIRECTION('',(0.,1.,0.));
#3473=DIRECTION('',(1.,0.,0.));
#3474=DIRECTION('',(0.,1.,0.));
#3475=DIRECTION('',(-1.,0.,0.));
#3476=DIRECTION('',(0.,1.,0.));
#3477=DIRECTION('',(-1.,0.,0.));
#3478=DIRECTION('',(0.,1.,0.));
#3479=DIRECTION('',(1.,0.,0.));
#3480=DIRECTION('',(0.,1.,0.));
#3481=DIRECTION('',(-1.,0.,0.));
#3482=DIRECTION('',(0.,1.,0.));
#3483=DIRECTION('',(1.,0.,0.));
#3484=DIRECTION('',(0.,1.,0.));
#3485=DIRECTION('',(1.,0.,0.));
#3486=DIRECTION('',(0.,1.,0.));
#3487=DIRECTION('',(-1.,0.,0.));
#3488=DIRECTION('',(0.,1.,0.));
#3489=DIRECTION('',(1.,0.,0.));
#3490=DIRECTION('',(0.,1.,0.));
#3491=DIRECTION('',(1.,0.,0.));
#3492=DIRECTION('',(0.,1.,0.));
#3493=DIRECTION('',(-1.,0.,0.));
#3494=DIRECTION('',(0.,1.,0.));
#3495=DIRECTION('',(1.,0.,0.));
#3496=DIRECTION('',(0.,1.,0.));
#3497=DIRECTION('',(1.,0.,0.));
#3498=DIRECTION('',(0.,1.,0.));
#3499=DIRECTION('',(1.,0.,0.));
#3500=DIRECTION('',(0.,1.,0.));
#3501=DIRECTION('',(1.,0.,0.));
#3502=DIRECTION('',(0.,1.,0.));
#3503=DIRECTION('',(-1.,0.,0.));
#3504=DIRECTION('',(0.,1.,0.));
#3505=DIRECTION('',(1.,0.,0.));
#3506=DIRECTION('',(0.,1.,0.));
#3507=DIRECTION('',(1.,0.,0.));
#3508=DIRECTION('',(0.,1.,0.));
#3509=DIRECTION('',(1.,0.,0.));
#3510=DIRECTION('',(0.,1.,0.));
#3511=DIRECTION('',(1.,0.,0.));
#3512=DIRECTION('',(0.,1.,0.));
#3513=DIRECTION('',(-1.,0.,0.));
#3514=DIRECTION('',(0.,1.,0.));
#3515=DIRECTION('',(1.,0.,0.));
#3516=DIRECTION('',(0.,1.,0.));
#3517=DIRECTION('',(1.,0.,0.));
#3518=DIRECTION('',(0.,1.,0.));
#3519=DIRECTION('',(-1.,0.,0.));
#3520=DIRECTION('',(0.,1.,0.));
#3521=DIRECTION('',(1.,0.,0.));
#3522=DIRECTION('',(0.,1.,0.));
#3523=DIRECTION('',(1.,0.,0.));
#3524=DIRECTION('',(0.,1.,0.));
#3525=DIRECTION('',(-1.,0.,0.));
#3526=DIRECTION('',(0.,1.,0.));
#3527=DIRECTION('',(1.,0.,0.));
#3528=DIRECTION('',(0.,1.,0.));
#3529=DIRECTION('',(1.,0.,0.));
#3530=DIRECTION('',(0.,1.,0.));
#3531=DIRECTION('',(1.,0.,0.));
#3532=DIRECTION('',(0.,1.,0.));
#3533=DIRECTION('',(1.,0.,0.));
#3534=DIRECTION('',(0.,1.,0.));
#3535=DIRECTION('',(-1.,0.,0.));
#3536=DIRECTION('',(0.,1.,0.));
#3537=DIRECTION('',(1.,0.,0.));
#3538=DIRECTION('',(0.,1.,0.));
#3539=DIRECTION('',(1.,0.,0.));
#3540=DIRECTION('',(0.,1.,0.));
#3541=DIRECTION('',(-1.,0.,0.));
#3542=DIRECTION('',(0.,1.,0.));
#3543=DIRECTION('',(1.,0.,0.));
#3544=DIRECTION('',(0.,1.,0.));
#3545=DIRECTION('',(1.,0.,0.));
#3546=DIRECTION('',(0.,1.,0.));
#3547=DIRECTION('',(-1.,0.,0.));
#3548=DIRECTION('',(0.,1.,0.));
#3549=DIRECTION('',(1.,0.,0.));
#3550=DIRECTION('',(0.,1.,0.));
#3551=DIRECTION('',(1.,0.,0.));
#3552=DIRECTION('',(0.,1.,0.));
#3553=DIRECTION('',(1.,0.,0.));
#3554=DIRECTION('',(0.,1.,0.));
#3555=DIRECTION('',(1.,0.,0.));
#3556=DIRECTION('',(0.,1.,0.));
#3557=DIRECTION('',(-1.,0.,0.));
#3558=DIRECTION('',(0.,1.,0.));
#3559=DIRECTION('',(1.,0.,0.));
#3560=DIRECTION('',(0.,1.,0.));
#3561=DIRECTION('',(-1.,0.,0.));
#3562=DIRECTION('',(0.,1.,0.));
#3563=DIRECTION('',(1.,0.,0.));
#3564=DIRECTION('',(0.,1.,0.));
#3565=DIRECTION('',(1.,0.,0.));
#3566=DIRECTION('',(0.,1.,0.));
#3567=DIRECTION('',(1.,0.,0.));
#3568=DIRECTION('',(0.,1.,0.));
#3569=DIRECTION('',(1.,0.,0.));
#3570=DIRECTION('',(0.,1.,0.));
#3571=DIRECTION('',(-1.,0.,0.));
#3572=DIRECTION('',(0.,1.,0.));
#3573=DIRECTION('',(1.,0.,0.));
#3574=DIRECTION('',(0.,1.,0.));
#3575=DIRECTION('',(1.,0.,0.));
#3576=DIRECTION('',(0.,1.,0.));
#3577=DIRECTION('',(1.,0.,0.));
#3578=DIRECTION('',(0.,1.,0.));
#3579=DIRECTION('',(1.,0.,0.));
#3580=DIRECTION('',(0.,1.,0.));
#3581=DIRECTION('',(-1.,0.,0.));
#3582=DIRECTION('',(0.,1.,0.));
#3583=DIRECTION('',(1.,0.,0.));
#3584=DIRECTION('',(0.,1.,0.));
#3585=DIRECTION('',(1.,0.,0.));
#3586=DIRECTION('',(0.,1.,0.));
#3587=DIRECTION('',(1.,0.,0.));
#3588=DIRECTION('',(0.,1.,0.));
#3589=DIRECTION('',(1.,0.,0.));
#3590=DIRECTION('',(0.,1.,0.));
#3591=DIRECTION('',(-1.,0.,0.));
#3592=DIRECTION('',(0.,1.,0.));
#3593=DIRECTION('',(1.,0.,0.));
#3594=DIRECTION('',(0.,1.,0.));
#3595=DIRECTION('',(1.,0.,0.));
#3596=DIRECTION('',(0.,1.,0.));
#3597=DIRECTION('',(1.,0.,0.));
#3598=DIRECTION('',(0.,1.,0.));
#3599=DIRECTION('',(1.,0.,0.));
#3600=DIRECTION('',(0.,1.,0.));
#3601=DIRECTION('',(-1.,0.,0.));
#3602=DIRECTION('',(0.,1.,0.));
#3603=DIRECTION('',(1.,0.,0.));
#3604=DIRECTION('',(0.,1.,0.));
#3605=DIRECTION('',(1.,0.,0.));
#3606=DIRECTION('',(0.,1.,0.));
#3607=DIRECTION('',(1.,0.,0.));
#3608=DIRECTION('',(0.,1.,0.));
#3609=DIRECTION('',(1.,0.,0.));
#3610=DIRECTION('',(0.,1.,0.));
#3611=DIRECTION('',(-1.,0.,0.));
#3612=DIRECTION('',(0.,1.,0.));
#3613=DIRECTION('',(1.,0.,0.));
#3614=DIRECTION('',(0.,1.,0.));
#3615=DIRECTION('',(1.,0.,0.));
#3616=DIRECTION('',(0.,1.,0.));
#3617=DIRECTION('',(1.,0.,0.));
#3618=DIRECTION('',(0.,1.,0.));
#3619=DIRECTION('',(1.,0.,0.));
#3620=DIRECTION('',(0.,1.,0.));
#3621=DIRECTION('',(-1.,0.,0.));
#3622=DIRECTION('',(0.,1.,0.));
#3623=DIRECTION('',(1.,0.,0.));
#3624=DIRECTION('',(0.,1.,0.));
#3625=DIRECTION('',(1.,0.,0.));
#3626=DIRECTION('',(0.,1.,0.));
#3627=DIRECTION('',(-1.,0.,0.));
#3628=DIRECTION('',(0.,1.,0.));
#3629=DIRECTION('',(1.,0.,0.));
#3630=DIRECTION('',(0.,1.,0.));
#3631=DIRECTION('',(1.,0.,0.));
#3632=DIRECTION('',(0.,1.,0.));
#3633=DIRECTION('',(-1.,0.,0.));
#3634=DIRECTION('',(0.,1.,0.));
#3635=DIRECTION('',(1.,0.,0.));
#3636=DIRECTION('',(0.,1.,0.));
#3637=DIRECTION('',(1.,0.,0.));
#3638=DIRECTION('',(0.,1.,0.));
#3639=DIRECTION('',(-1.,0.,0.));
#3640=DIRECTION('',(0.,1.,0.));
#3641=DIRECTION('',(1.,0.,0.));
#3642=DIRECTION('',(0.,1.,0.));
#3643=DIRECTION('',(1.,0.,0.));
#3644=DIRECTION('',(0.,1.,0.));
#3645=DIRECTION('',(1.,0.,0.));
#3646=DIRECTION('',(0.,1.,0.));
#3647=DIRECTION('',(1.,0.,0.));
#3648=DIRECTION('',(0.,1.,0.));
#3649=DIRECTION('',(-1.,0.,0.));
#3650=DIRECTION('',(0.,1.,0.));
#3651=DIRECTION('',(1.,0.,0.));
#3652=DIRECTION('',(0.,1.,0.));
#3653=DIRECTION('',(1.,0.,0.));
#3654=DIRECTION('',(0.,1.,0.));
#3655=DIRECTION('',(1.,0.,0.));
#3656=DIRECTION('',(0.,1.,0.));
#3657=DIRECTION('',(1.,0.,0.));
#3658=DIRECTION('',(0.,1.,0.));
#3659=DIRECTION('',(-1.,0.,0.));
#3660=DIRECTION('',(0.,1.,0.));
#3661=DIRECTION('',(1.,0.,0.));
#3662=DIRECTION('',(0.,1.,0.));
#3663=DIRECTION('',(1.,0.,0.));
#3664=DIRECTION('',(0.,0.,-1.));
#3665=DIRECTION('',(0.,1.,0.));
#3666=DIRECTION('',(0.,0.,-1.));
#3667=DIRECTION('',(0.,1.,0.));
#3668=DIRECTION('',(0.,0.,-1.));
#3669=DIRECTION('',(0.,1.,0.));
#3670=DIRECTION('',(-1.,0.,2.14494401975494E-16));
#3671=DIRECTION('',(2.14494401975494E-16,0.,1.));
#3672=DIRECTION('',(-1.,0.,0.));
#3673=DIRECTION('',(0.,1.,0.));
#3674=DIRECTION('',(-1.,0.,2.14494401975494E-16));
#3675=DIRECTION('',(2.14494401975494E-16,0.,1.));
#3676=DIRECTION('',(-1.,0.,0.));
#3677=DIRECTION('',(0.,1.,0.));
#3678=DIRECTION('',(-1.,0.,2.14494401975494E-16));
#3679=DIRECTION('',(2.14494401975494E-16,0.,1.));
#3680=DIRECTION('',(-1.,0.,0.));
#3681=DIRECTION('',(0.,1.,0.));
#3682=DIRECTION('',(-1.,0.,2.14494401975494E-16));
#3683=DIRECTION('',(2.14494401975494E-16,0.,1.));
#3684=DIRECTION('',(-1.,0.,0.));
#3685=DIRECTION('',(0.,1.,0.));
#3686=DIRECTION('',(-1.,0.,2.14494401975494E-16));
#3687=DIRECTION('',(2.14494401975494E-16,0.,1.));
#3688=DIRECTION('',(-1.,0.,0.));
#3689=DIRECTION('',(0.,1.,0.));
#3690=DIRECTION('',(0.,0.,-1.));
#3691=DIRECTION('',(0.,1.,0.));
#3692=DIRECTION('',(0.,0.,-1.));
#3693=DIRECTION('',(0.,1.,0.));
#3694=DIRECTION('',(0.,0.,-1.));
#3695=DIRECTION('',(0.,1.,0.));
#3696=DIRECTION('',(0.,1.,0.));
#3697=DIRECTION('',(1.,0.,0.));
#3698=DIRECTION('',(0.,1.,0.));
#3699=DIRECTION('',(1.,0.,0.));
#3700=DIRECTION('',(0.,1.,0.));
#3701=DIRECTION('',(1.,0.,0.));
#3702=DIRECTION('',(0.,1.,0.));
#3703=DIRECTION('',(1.,0.,0.));
#3704=DIRECTION('',(0.,1.,0.));
#3705=DIRECTION('',(1.,0.,0.));
#3706=DIRECTION('',(0.,1.,0.));
#3707=DIRECTION('',(1.,0.,0.));
#3708=DIRECTION('',(0.,1.,0.));
#3709=DIRECTION('',(1.,0.,0.));
#3710=DIRECTION('',(0.,1.,0.));
#3711=DIRECTION('',(1.,0.,0.));
#3712=DIRECTION('',(0.,1.,0.));
#3713=DIRECTION('',(1.,0.,0.));
#3714=DIRECTION('',(0.,1.,0.));
#3715=DIRECTION('',(1.,0.,0.));
#3716=DIRECTION('',(0.,1.,0.));
#3717=DIRECTION('',(1.,0.,0.));
#3718=DIRECTION('',(0.,1.,0.));
#3719=DIRECTION('',(1.,0.,0.));
#3720=DIRECTION('',(0.,1.,0.));
#3721=DIRECTION('',(1.,0.,0.));
#3722=DIRECTION('',(0.,1.,0.));
#3723=DIRECTION('',(1.,0.,0.));
#3724=DIRECTION('',(0.,1.,0.));
#3725=DIRECTION('',(1.,0.,0.));
#3726=DIRECTION('',(0.,1.,0.));
#3727=DIRECTION('',(1.,0.,0.));
#3728=DIRECTION('',(0.,1.,0.));
#3729=DIRECTION('',(1.,0.,0.));
#3730=DIRECTION('',(0.,1.,0.));
#3731=DIRECTION('',(1.,0.,0.));
#3732=DIRECTION('',(0.,1.,0.));
#3733=DIRECTION('',(1.,0.,0.));
#3734=DIRECTION('',(0.,1.,0.));
#3735=DIRECTION('',(1.,0.,0.));
#3736=DIRECTION('',(0.,1.,0.));
#3737=DIRECTION('',(1.,0.,0.));
#3738=DIRECTION('',(0.,1.,0.));
#3739=DIRECTION('',(1.,0.,0.));
#3740=DIRECTION('',(0.,1.,0.));
#3741=DIRECTION('',(1.,0.,0.));
#3742=DIRECTION('',(0.,1.,0.));
#3743=DIRECTION('',(1.,0.,0.));
#3744=DIRECTION('',(0.,1.,0.));
#3745=DIRECTION('',(1.,0.,0.));
#3746=DIRECTION('',(0.,1.,0.));
#3747=DIRECTION('',(1.,0.,0.));
#3748=DIRECTION('',(0.,1.,0.));
#3749=DIRECTION('',(1.,0.,0.));
#3750=DIRECTION('',(0.,1.,0.));
#3751=DIRECTION('',(1.,0.,0.));
#3752=DIRECTION('',(0.,1.,0.));
#3753=DIRECTION('',(1.,0.,0.));
#3754=DIRECTION('',(0.,1.,0.));
#3755=DIRECTION('',(1.,0.,0.));
#3756=DIRECTION('',(0.,1.,0.));
#3757=DIRECTION('',(1.,0.,0.));
#3758=DIRECTION('',(0.,1.,0.));
#3759=DIRECTION('',(1.,0.,0.));
#3760=DIRECTION('',(0.,1.,0.));
#3761=DIRECTION('',(1.,0.,0.));
#3762=DIRECTION('',(0.,1.,0.));
#3763=DIRECTION('',(1.,0.,0.));
#3764=DIRECTION('',(0.,1.,0.));
#3765=DIRECTION('',(1.,0.,0.));
#3766=DIRECTION('',(0.,1.,0.));
#3767=DIRECTION('',(1.,0.,0.));
#3768=DIRECTION('',(0.,1.,0.));
#3769=DIRECTION('',(1.,0.,0.));
#3770=DIRECTION('',(0.,1.,0.));
#3771=DIRECTION('',(1.,0.,0.));
#3772=DIRECTION('',(0.,1.,0.));
#3773=DIRECTION('',(1.,0.,0.));
#3774=DIRECTION('',(0.,1.,0.));
#3775=DIRECTION('',(1.,0.,0.));
#3776=DIRECTION('',(0.,1.,0.));
#3777=DIRECTION('',(1.,0.,0.));
#3778=DIRECTION('',(0.,1.,0.));
#3779=DIRECTION('',(1.,0.,0.));
#3780=DIRECTION('',(0.,1.,0.));
#3781=DIRECTION('',(1.,0.,0.));
#3782=DIRECTION('',(0.,1.,0.));
#3783=DIRECTION('',(1.,0.,0.));
#3784=DIRECTION('',(0.,1.,0.));
#3785=DIRECTION('',(1.,0.,0.));
#3786=DIRECTION('',(0.,1.,0.));
#3787=DIRECTION('',(-1.,0.,0.));
#3788=DIRECTION('',(0.,1.,0.));
#3789=DIRECTION('',(-1.,0.,0.));
#3790=DIRECTION('',(0.,1.,0.));
#3791=DIRECTION('',(-1.,0.,0.));
#3792=DIRECTION('',(0.,1.,0.));
#3793=DIRECTION('',(-1.,0.,0.));
#3794=DIRECTION('',(0.,1.,0.));
#3795=DIRECTION('',(-1.,0.,0.));
#3796=DIRECTION('',(0.,1.,0.));
#3797=DIRECTION('',(-1.,0.,0.));
#3798=DIRECTION('',(0.,1.,0.));
#3799=DIRECTION('',(-1.,0.,0.));
#3800=DIRECTION('',(0.,1.,0.));
#3801=DIRECTION('',(-1.,0.,0.));
#3802=DIRECTION('',(0.,1.,0.));
#3803=DIRECTION('',(1.,0.,0.));
#3804=DIRECTION('',(0.,1.,0.));
#3805=DIRECTION('',(-1.,0.,0.));
#3806=DIRECTION('',(0.,1.,0.));
#3807=DIRECTION('',(1.,0.,0.));
#3808=DIRECTION('',(0.,1.,0.));
#3809=DIRECTION('',(-1.,0.,0.));
#3810=DIRECTION('',(0.,1.,0.));
#3811=DIRECTION('',(1.,0.,0.));
#3812=DIRECTION('',(-1.,0.,0.));
#3813=DIRECTION('',(0.,1.,0.));
#3814=DIRECTION('',(0.,0.,-1.));
#3815=DIRECTION('',(0.,1.,0.));
#3816=DIRECTION('',(-1.,0.,2.14494401975494E-16));
#3817=DIRECTION('',(2.14494401975494E-16,0.,1.));
#3818=DIRECTION('',(0.,0.,-1.));
#3819=DIRECTION('',(0.,1.,0.));
#3820=DIRECTION('',(0.,1.,0.));
#3821=DIRECTION('',(1.,0.,0.));
#3822=DIRECTION('',(0.,1.,0.));
#3823=DIRECTION('',(1.,0.,0.));
#3824=DIRECTION('',(0.,1.,0.));
#3825=DIRECTION('',(-1.,0.,0.));
#3826=DIRECTION('',(0.,-1.,0.));
#3827=DIRECTION('',(-1.,0.,0.));
#3828=DIRECTION('',(0.,1.,0.));
#3829=DIRECTION('',(1.,0.,0.));
#3830=DIRECTION('',(0.,1.,0.));
#3831=DIRECTION('',(1.,0.,0.));
#3832=DIRECTION('',(0.,1.,0.));
#3833=DIRECTION('',(1.,0.,0.));
#3834=DIRECTION('',(0.,1.,0.));
#3835=DIRECTION('',(1.,0.,0.));
#3836=DIRECTION('',(0.,1.,0.));
#3837=DIRECTION('',(1.,0.,0.));
#3838=DIRECTION('',(0.,-1.,0.));
#3839=DIRECTION('',(-1.,0.,0.));
#3840=DIRECTION('',(0.,1.,0.));
#3841=DIRECTION('',(1.,0.,0.));
#3842=DIRECTION('',(0.,1.,0.));
#3843=DIRECTION('',(1.,0.,0.));
#3844=DIRECTION('',(0.,1.,0.));
#3845=DIRECTION('',(1.,0.,0.));
#3846=DIRECTION('',(0.,1.,0.));
#3847=DIRECTION('',(1.,0.,0.));
#3848=DIRECTION('',(0.,1.,0.));
#3849=DIRECTION('',(1.,0.,0.));
#3850=DIRECTION('',(-0.707106781186548,-0.707106781186547,0.));
#3851=DIRECTION('',(0.,0.,1.));
#3852=DIRECTION('',(-0.707106781186547,0.707106781186548,0.));
#3853=DIRECTION('',(0.707106781186547,-0.707106781186548,0.));
#3854=DIRECTION('',(0.,1.,0.));
#3855=DIRECTION('',(1.,0.,0.));
#3856=DIRECTION('',(0.,-0.707106781186548,-0.707106781186547));
#3857=DIRECTION('',(0.,1.,0.));
#3858=DIRECTION('',(1.,0.,0.));
#3859=DIRECTION('',(0.,0.707106781186548,-0.707106781186547));
#3860=DIRECTION('',(0.,0.707106781186548,-0.707106781186548));
#3861=DIRECTION('',(1.,0.,0.));
#3862=DIRECTION('',(0.,-0.707106781186548,-0.707106781186548));
#3863=DIRECTION('',(0.,-0.707106781186548,-0.707106781186548));
#3864=DIRECTION('',(-1.,0.,0.));
#3865=DIRECTION('',(0.,0.707106781186548,-0.707106781186548));
#3866=DIRECTION('',(0.,1.,0.));
#3867=DIRECTION('',(1.,0.,0.));
#3868=DIRECTION('',(-0.707106781186548,-0.707106781186548,0.));
#3869=DIRECTION('',(0.,1.,0.));
#3870=DIRECTION('',(1.,0.,0.));
#3871=DIRECTION('',(0.707106781186548,0.707106781186548,0.));
#3872=DIRECTION('',(-0.707106781186548,0.707106781186548,1.51670446163425E-16));
#3873=DIRECTION('',(-2.14494401975494E-16,0.,-1.));
#3874=DIRECTION('',(0.707106781186548,-0.707106781186547,0.));
#3875=DIRECTION('',(0.,0.,-1.));
#3876=DIRECTION('',(0.707106781186547,0.707106781186548,0.));
#3877=DIRECTION('',(-0.707106781186547,-0.707106781186548,0.));
#3878=DIRECTION('',(0.,-1.,0.));
#3879=DIRECTION('',(-1.,0.,0.));
#3880=DIRECTION('',(0.,-0.707106781186548,0.707106781186547));
#3881=DIRECTION('',(0.,-1.,0.));
#3882=DIRECTION('',(-1.,0.,0.));
#3883=DIRECTION('',(0.,0.707106781186548,0.707106781186548));
#3884=DIRECTION('',(0.,0.707106781186548,0.707106781186548));
#3885=DIRECTION('',(-1.,0.,0.));
#3886=DIRECTION('',(0.,-0.707106781186548,0.707106781186548));
#3887=DIRECTION('',(0.,-0.707106781186548,0.707106781186548));
#3888=DIRECTION('',(1.,0.,0.));
#3889=DIRECTION('',(0.,0.707106781186548,0.707106781186548));
#3890=DIRECTION('',(0.,-1.,0.));
#3891=DIRECTION('',(-1.,0.,0.));
#3892=DIRECTION('',(0.707106781186548,-0.707106781186548,0.));
#3893=DIRECTION('',(0.,-1.,0.));
#3894=DIRECTION('',(-1.,0.,0.));
#3895=DIRECTION('',(-0.707106781186548,0.707106781186548,0.));
#3896=DIRECTION('',(0.707106781186548,0.707106781186548,-1.51670446163425E-16));
#3897=DIRECTION('',(2.14494401975494E-16,0.,1.));
#3898=CARTESIAN_POINT('',(0.,0.,0.));
#3899=CARTESIAN_POINT('',(0.02345,0.,-0.03235));
#3900=CARTESIAN_POINT('',(0.03235,0.,-0.05015));
#3901=CARTESIAN_POINT('',(0.033209901340751,0.,-0.05015));
#3902=CARTESIAN_POINT('',(0.03235,0.,-0.05015));
#3903=CARTESIAN_POINT('',(0.036212759396241,0.,-0.05015));
#3904=CARTESIAN_POINT('',(0.02345,0.,-0.03235));
#3905=CARTESIAN_POINT('',(0.02345,0.,-0.05015));
#3906=CARTESIAN_POINT('',(0.024309901340751,0.,-0.05015));
#3907=CARTESIAN_POINT('',(0.02345,0.,-0.05015));
#3908=CARTESIAN_POINT('',(0.027312759396241,0.,-0.05015));
#3909=CARTESIAN_POINT('',(0.02345,0.,-0.03235));
#3910=CARTESIAN_POINT('',(0.01455,0.,-0.05015));
#3911=CARTESIAN_POINT('',(0.015409901340751,0.,-0.05015));
#3912=CARTESIAN_POINT('',(0.01455,0.,-0.05015));
#3913=CARTESIAN_POINT('',(0.018412759396241,0.,-0.05015));
#3914=CARTESIAN_POINT('',(0.02345,0.,-0.03235));
#3915=CARTESIAN_POINT('',(0.03235,0.,-0.04125));
#3916=CARTESIAN_POINT('',(0.033209901340751,0.,-0.04125));
#3917=CARTESIAN_POINT('',(0.03235,0.,-0.04125));
#3918=CARTESIAN_POINT('',(0.036212759396241,0.,-0.04125));
#3919=CARTESIAN_POINT('',(0.02345,0.,-0.03235));
#3920=CARTESIAN_POINT('',(0.02345,0.,-0.04125));
#3921=CARTESIAN_POINT('',(0.024309901340751,0.,-0.04125));
#3922=CARTESIAN_POINT('',(0.02345,0.,-0.04125));
#3923=CARTESIAN_POINT('',(0.027312759396241,0.,-0.04125));
#3924=CARTESIAN_POINT('',(0.02345,0.,-0.03235));
#3925=CARTESIAN_POINT('',(0.01455,0.,-0.04125));
#3926=CARTESIAN_POINT('',(0.015409901340751,0.,-0.04125));
#3927=CARTESIAN_POINT('',(0.01455,0.,-0.04125));
#3928=CARTESIAN_POINT('',(0.018412759396241,0.,-0.04125));
#3929=CARTESIAN_POINT('',(0.02345,0.,-0.03235));
#3930=CARTESIAN_POINT('',(0.03235,0.,-0.03235));
#3931=CARTESIAN_POINT('',(0.033209901340751,0.,-0.03235));
#3932=CARTESIAN_POINT('',(0.03235,0.,-0.03235));
#3933=CARTESIAN_POINT('',(0.036212759396241,0.,-0.03235));
#3934=CARTESIAN_POINT('',(0.02345,0.,-0.03235));
#3935=CARTESIAN_POINT('',(0.02345,0.,-0.03235));
#3936=CARTESIAN_POINT('',(0.024309901340751,0.,-0.03235));
#3937=CARTESIAN_POINT('',(0.02345,0.,-0.03235));
#3938=CARTESIAN_POINT('',(0.027312759396241,0.,-0.03235));
#3939=CARTESIAN_POINT('',(0.02345,0.,-0.03235));
#3940=CARTESIAN_POINT('',(0.01455,0.,-0.03235));
#3941=CARTESIAN_POINT('',(0.015409901340751,0.,-0.03235));
#3942=CARTESIAN_POINT('',(0.01455,0.,-0.03235));
#3943=CARTESIAN_POINT('',(0.018412759396241,0.,-0.03235));
#3944=CARTESIAN_POINT('',(0.02345,0.,-0.03235));
#3945=CARTESIAN_POINT('',(0.03235,0.,-0.02345));
#3946=CARTESIAN_POINT('',(0.033209901340751,0.,-0.02345));
#3947=CARTESIAN_POINT('',(0.03235,0.,-0.02345));
#3948=CARTESIAN_POINT('',(0.036212759396241,0.,-0.02345));
#3949=CARTESIAN_POINT('',(0.02345,0.,-0.03235));
#3950=CARTESIAN_POINT('',(0.02345,0.,-0.02345));
#3951=CARTESIAN_POINT('',(0.024309901340751,0.,-0.02345));
#3952=CARTESIAN_POINT('',(0.02345,0.,-0.02345));
#3953=CARTESIAN_POINT('',(0.027312759396241,0.,-0.02345));
#3954=CARTESIAN_POINT('',(0.02345,0.,-0.03235));
#3955=CARTESIAN_POINT('',(0.01455,0.,-0.02345));
#3956=CARTESIAN_POINT('',(0.015409901340751,0.,-0.02345));
#3957=CARTESIAN_POINT('',(0.01455,0.,-0.02345));
#3958=CARTESIAN_POINT('',(0.018412759396241,0.,-0.02345));
#3959=CARTESIAN_POINT('',(0.02345,0.,-0.03235));
#3960=CARTESIAN_POINT('',(0.03235,0.,-0.01455));
#3961=CARTESIAN_POINT('',(0.033209901340751,0.,-0.01455));
#3962=CARTESIAN_POINT('',(0.03235,0.,-0.01455));
#3963=CARTESIAN_POINT('',(0.036212759396241,0.,-0.01455));
#3964=CARTESIAN_POINT('',(0.02345,0.,-0.03235));
#3965=CARTESIAN_POINT('',(0.02345,0.,-0.01455));
#3966=CARTESIAN_POINT('',(0.024309901340751,0.,-0.01455));
#3967=CARTESIAN_POINT('',(0.02345,0.,-0.01455));
#3968=CARTESIAN_POINT('',(0.027312759396241,0.,-0.01455));
#3969=CARTESIAN_POINT('',(0.02345,0.,-0.03235));
#3970=CARTESIAN_POINT('',(0.01455,0.,-0.01455));
#3971=CARTESIAN_POINT('',(0.015409901340751,0.,-0.01455));
#3972=CARTESIAN_POINT('',(0.01455,0.,-0.01455));
#3973=CARTESIAN_POINT('',(0.018412759396241,0.,-0.01455));
#3974=CARTESIAN_POINT('',(0.04125,0.041,-0.05905));
#3975=CARTESIAN_POINT('',(0.04125,0.041,-0.05905));
#3976=CARTESIAN_POINT('',(0.0439,0.041,-0.05905));
#3977=CARTESIAN_POINT('',(0.04125,0.,-0.05905));
#3978=CARTESIAN_POINT('',(0.042109901340751,0.,-0.05905));
#3979=CARTESIAN_POINT('',(0.03235,0.041,-0.05905));
#3980=CARTESIAN_POINT('',(0.03235,0.041,-0.05905));
#3981=CARTESIAN_POINT('',(0.035,0.041,-0.05905));
#3982=CARTESIAN_POINT('',(0.03235,0.,-0.05905));
#3983=CARTESIAN_POINT('',(0.033209901340751,0.,-0.05905));
#3984=CARTESIAN_POINT('',(0.02345,0.041,-0.05905));
#3985=CARTESIAN_POINT('',(0.02345,0.041,-0.05905));
#3986=CARTESIAN_POINT('',(0.0261,0.041,-0.05905));
#3987=CARTESIAN_POINT('',(0.02345,0.,-0.05905));
#3988=CARTESIAN_POINT('',(0.024309901340751,0.,-0.05905));
#3989=CARTESIAN_POINT('',(0.01455,0.041,-0.05905));
#3990=CARTESIAN_POINT('',(0.01455,0.041,-0.05905));
#3991=CARTESIAN_POINT('',(0.0172,0.041,-0.05905));
#3992=CARTESIAN_POINT('',(0.01455,0.,-0.05905));
#3993=CARTESIAN_POINT('',(0.015409901340751,0.,-0.05905));
#3994=CARTESIAN_POINT('',(0.00565,0.041,-0.05905));
#3995=CARTESIAN_POINT('',(0.00565,0.041,-0.05905));
#3996=CARTESIAN_POINT('',(0.0083,0.041,-0.05905));
#3997=CARTESIAN_POINT('',(0.00565,0.,-0.05905));
#3998=CARTESIAN_POINT('',(0.006509901340751,0.,-0.05905));
#3999=CARTESIAN_POINT('',(0.04125,0.041,-0.05015));
#4000=CARTESIAN_POINT('',(0.04125,0.041,-0.05015));
#4001=CARTESIAN_POINT('',(0.0439,0.041,-0.05015));
#4002=CARTESIAN_POINT('',(0.04125,0.,-0.05015));
#4003=CARTESIAN_POINT('',(0.042109901340751,0.,-0.05015));
#4004=CARTESIAN_POINT('',(0.03235,0.041,-0.05015));
#4005=CARTESIAN_POINT('',(0.03235,0.041,-0.05015));
#4006=CARTESIAN_POINT('',(0.035,0.041,-0.05015));
#4007=CARTESIAN_POINT('',(0.02345,0.041,-0.05015));
#4008=CARTESIAN_POINT('',(0.02345,0.041,-0.05015));
#4009=CARTESIAN_POINT('',(0.0261,0.041,-0.05015));
#4010=CARTESIAN_POINT('',(0.01455,0.041,-0.05015));
#4011=CARTESIAN_POINT('',(0.01455,0.041,-0.05015));
#4012=CARTESIAN_POINT('',(0.0172,0.041,-0.05015));
#4013=CARTESIAN_POINT('',(0.00565,0.041,-0.05015));
#4014=CARTESIAN_POINT('',(0.00565,0.041,-0.05015));
#4015=CARTESIAN_POINT('',(0.0083,0.041,-0.05015));
#4016=CARTESIAN_POINT('',(0.00565,0.,-0.05015));
#4017=CARTESIAN_POINT('',(0.006509901340751,0.,-0.05015));
#4018=CARTESIAN_POINT('',(0.04125,0.041,-0.04125));
#4019=CARTESIAN_POINT('',(0.04125,0.041,-0.04125));
#4020=CARTESIAN_POINT('',(0.0439,0.041,-0.04125));
#4021=CARTESIAN_POINT('',(0.04125,0.,-0.04125));
#4022=CARTESIAN_POINT('',(0.042109901340751,0.,-0.04125));
#4023=CARTESIAN_POINT('',(0.03235,0.041,-0.04125));
#4024=CARTESIAN_POINT('',(0.03235,0.041,-0.04125));
#4025=CARTESIAN_POINT('',(0.035,0.041,-0.04125));
#4026=CARTESIAN_POINT('',(0.02345,0.041,-0.04125));
#4027=CARTESIAN_POINT('',(0.02345,0.041,-0.04125));
#4028=CARTESIAN_POINT('',(0.0261,0.041,-0.04125));
#4029=CARTESIAN_POINT('',(0.01455,0.041,-0.04125));
#4030=CARTESIAN_POINT('',(0.01455,0.041,-0.04125));
#4031=CARTESIAN_POINT('',(0.0172,0.041,-0.04125));
#4032=CARTESIAN_POINT('',(0.00565,0.041,-0.04125));
#4033=CARTESIAN_POINT('',(0.00565,0.041,-0.04125));
#4034=CARTESIAN_POINT('',(0.0083,0.041,-0.04125));
#4035=CARTESIAN_POINT('',(0.00565,0.,-0.04125));
#4036=CARTESIAN_POINT('',(0.006509901340751,0.,-0.04125));
#4037=CARTESIAN_POINT('',(0.04125,0.041,-0.03235));
#4038=CARTESIAN_POINT('',(0.04125,0.041,-0.03235));
#4039=CARTESIAN_POINT('',(0.0439,0.041,-0.03235));
#4040=CARTESIAN_POINT('',(0.04125,0.,-0.03235));
#4041=CARTESIAN_POINT('',(0.042109901340751,0.,-0.03235));
#4042=CARTESIAN_POINT('',(0.03235,0.041,-0.03235));
#4043=CARTESIAN_POINT('',(0.03235,0.041,-0.03235));
#4044=CARTESIAN_POINT('',(0.035,0.041,-0.03235));
#4045=CARTESIAN_POINT('',(0.02345,0.041,-0.03235));
#4046=CARTESIAN_POINT('',(0.02345,0.041,-0.03235));
#4047=CARTESIAN_POINT('',(0.0261,0.041,-0.03235));
#4048=CARTESIAN_POINT('',(0.01455,0.041,-0.03235));
#4049=CARTESIAN_POINT('',(0.01455,0.041,-0.03235));
#4050=CARTESIAN_POINT('',(0.0172,0.041,-0.03235));
#4051=CARTESIAN_POINT('',(0.00565,0.041,-0.03235));
#4052=CARTESIAN_POINT('',(0.00565,0.041,-0.03235));
#4053=CARTESIAN_POINT('',(0.0083,0.041,-0.03235));
#4054=CARTESIAN_POINT('',(0.00565,0.,-0.03235));
#4055=CARTESIAN_POINT('',(0.006509901340751,0.,-0.03235));
#4056=CARTESIAN_POINT('',(0.04125,0.041,-0.02345));
#4057=CARTESIAN_POINT('',(0.04125,0.041,-0.02345));
#4058=CARTESIAN_POINT('',(0.0439,0.041,-0.02345));
#4059=CARTESIAN_POINT('',(0.04125,0.,-0.02345));
#4060=CARTESIAN_POINT('',(0.042109901340751,0.,-0.02345));
#4061=CARTESIAN_POINT('',(0.03235,0.041,-0.02345));
#4062=CARTESIAN_POINT('',(0.03235,0.041,-0.02345));
#4063=CARTESIAN_POINT('',(0.035,0.041,-0.02345));
#4064=CARTESIAN_POINT('',(0.02345,0.041,-0.02345));
#4065=CARTESIAN_POINT('',(0.02345,0.041,-0.02345));
#4066=CARTESIAN_POINT('',(0.0261,0.041,-0.02345));
#4067=CARTESIAN_POINT('',(0.01455,0.041,-0.02345));
#4068=CARTESIAN_POINT('',(0.01455,0.041,-0.02345));
#4069=CARTESIAN_POINT('',(0.0172,0.041,-0.02345));
#4070=CARTESIAN_POINT('',(0.00565,0.041,-0.02345));
#4071=CARTESIAN_POINT('',(0.00565,0.041,-0.02345));
#4072=CARTESIAN_POINT('',(0.0083,0.041,-0.02345));
#4073=CARTESIAN_POINT('',(0.00565,0.,-0.02345));
#4074=CARTESIAN_POINT('',(0.006509901340751,0.,-0.02345));
#4075=CARTESIAN_POINT('',(0.04125,0.041,-0.01455));
#4076=CARTESIAN_POINT('',(0.04125,0.041,-0.01455));
#4077=CARTESIAN_POINT('',(0.0439,0.041,-0.01455));
#4078=CARTESIAN_POINT('',(0.04125,0.,-0.01455));
#4079=CARTESIAN_POINT('',(0.042109901340751,0.,-0.01455));
#4080=CARTESIAN_POINT('',(0.03235,0.041,-0.01455));
#4081=CARTESIAN_POINT('',(0.03235,0.041,-0.01455));
#4082=CARTESIAN_POINT('',(0.035,0.041,-0.01455));
#4083=CARTESIAN_POINT('',(0.02345,0.041,-0.01455));
#4084=CARTESIAN_POINT('',(0.02345,0.041,-0.01455));
#4085=CARTESIAN_POINT('',(0.0261,0.041,-0.01455));
#4086=CARTESIAN_POINT('',(0.01455,0.041,-0.01455));
#4087=CARTESIAN_POINT('',(0.01455,0.041,-0.01455));
#4088=CARTESIAN_POINT('',(0.0172,0.041,-0.01455));
#4089=CARTESIAN_POINT('',(0.00565,0.041,-0.01455));
#4090=CARTESIAN_POINT('',(0.00565,0.041,-0.01455));
#4091=CARTESIAN_POINT('',(0.0083,0.041,-0.01455));
#4092=CARTESIAN_POINT('',(0.00565,0.,-0.01455));
#4093=CARTESIAN_POINT('',(0.006509901340751,0.,-0.01455));
#4094=CARTESIAN_POINT('',(0.04125,0.041,-0.00565));
#4095=CARTESIAN_POINT('',(0.04125,0.041,-0.00565));
#4096=CARTESIAN_POINT('',(0.0439,0.041,-0.00565));
#4097=CARTESIAN_POINT('',(0.04125,0.,-0.00565));
#4098=CARTESIAN_POINT('',(0.042109901340751,0.,-0.00565));
#4099=CARTESIAN_POINT('',(0.03235,0.041,-0.00565));
#4100=CARTESIAN_POINT('',(0.03235,0.041,-0.00565));
#4101=CARTESIAN_POINT('',(0.035,0.041,-0.00565));
#4102=CARTESIAN_POINT('',(0.03235,0.,-0.00565));
#4103=CARTESIAN_POINT('',(0.033209901340751,0.,-0.00565));
#4104=CARTESIAN_POINT('',(0.02345,0.041,-0.00565));
#4105=CARTESIAN_POINT('',(0.02345,0.041,-0.00565));
#4106=CARTESIAN_POINT('',(0.0261,0.041,-0.00565));
#4107=CARTESIAN_POINT('',(0.02345,0.,-0.00565));
#4108=CARTESIAN_POINT('',(0.024309901340751,0.,-0.00565));
#4109=CARTESIAN_POINT('',(0.01455,0.041,-0.00565));
#4110=CARTESIAN_POINT('',(0.01455,0.041,-0.00565));
#4111=CARTESIAN_POINT('',(0.0172,0.041,-0.00565));
#4112=CARTESIAN_POINT('',(0.01455,0.,-0.00565));
#4113=CARTESIAN_POINT('',(0.015409901340751,0.,-0.00565));
#4114=CARTESIAN_POINT('',(0.,0.041,-0.03235));
#4115=CARTESIAN_POINT('',(0.,0.041,-0.0597));
#4116=CARTESIAN_POINT('',(0.,0.039,-0.0597));
#4117=CARTESIAN_POINT('',(0.,0.002,-0.0597));
#4118=CARTESIAN_POINT('',(0.,0.002,-0.005));
#4119=CARTESIAN_POINT('',(0.,0.002,-0.005));
#4120=CARTESIAN_POINT('',(0.,0.041,-0.005));
#4121=CARTESIAN_POINT('',(0.,0.039,-0.005));
#4122=CARTESIAN_POINT('',(0.,0.039,-0.03235));
#4123=CARTESIAN_POINT('',(0.02345,0.041,0.));
#4124=CARTESIAN_POINT('',(0.005,0.,0.));
#4125=CARTESIAN_POINT('',(0.005,0.039,0.));
#4126=CARTESIAN_POINT('',(0.005,0.002,0.));
#4127=CARTESIAN_POINT('',(0.02345,0.002,0.));
#4128=CARTESIAN_POINT('',(0.0419,0.002,0.));
#4129=CARTESIAN_POINT('',(0.0419,0.041,0.));
#4130=CARTESIAN_POINT('',(0.0419,0.039,0.));
#4131=CARTESIAN_POINT('',(0.005,0.039,0.));
#4132=CARTESIAN_POINT('',(0.0469,0.041,-0.03235));
#4133=CARTESIAN_POINT('',(0.0469,0.041,-0.005));
#4134=CARTESIAN_POINT('',(0.0469,0.039,-0.005));
#4135=CARTESIAN_POINT('',(0.0469,0.002,-0.005));
#4136=CARTESIAN_POINT('',(0.0469,0.002,-0.03235));
#4137=CARTESIAN_POINT('',(0.0469,0.002,-0.0597));
#4138=CARTESIAN_POINT('',(0.0469,0.041,-0.0597));
#4139=CARTESIAN_POINT('',(0.0469,0.039,-0.0597));
#4140=CARTESIAN_POINT('',(0.0469,0.039,-0.005));
#4141=CARTESIAN_POINT('',(0.02345,0.041,-0.0647));
#4142=CARTESIAN_POINT('',(0.0419,0.,-0.0647));
#4143=CARTESIAN_POINT('',(0.0419,0.039,-0.0647));
#4144=CARTESIAN_POINT('',(0.0419,0.002,-0.0647));
#4145=CARTESIAN_POINT('',(0.005,0.002,-0.0647));
#4146=CARTESIAN_POINT('',(0.005,0.002,-0.0647));
#4147=CARTESIAN_POINT('',(0.005,0.041,-0.0647));
#4148=CARTESIAN_POINT('',(0.005,0.039,-0.0647));
#4149=CARTESIAN_POINT('',(0.02345,0.039,-0.0647));
#4150=CARTESIAN_POINT('',(0.02345,0.041,-0.03235));
#4151=CARTESIAN_POINT('',(0.0419,0.041,-0.005));
#4152=CARTESIAN_POINT('',(0.0419,0.041,-0.002));
#4153=CARTESIAN_POINT('',(0.0449,0.041,-0.005));
#4154=CARTESIAN_POINT('',(0.0449,0.041,-0.0597));
#4155=CARTESIAN_POINT('',(0.0449,0.041,-0.0597));
#4156=CARTESIAN_POINT('',(0.0419,0.041,-0.0597));
#4157=CARTESIAN_POINT('',(0.0419,0.041,-0.0627));
#4158=CARTESIAN_POINT('',(0.02345,0.041,-0.0627));
#4159=CARTESIAN_POINT('',(0.005,0.041,-0.0627));
#4160=CARTESIAN_POINT('',(0.005,0.041,-0.0597));
#4161=CARTESIAN_POINT('',(0.002,0.041,-0.0597));
#4162=CARTESIAN_POINT('',(0.002,0.041,-0.03235));
#4163=CARTESIAN_POINT('',(0.002,0.041,-0.005));
#4164=CARTESIAN_POINT('',(0.005,0.041,-0.005));
#4165=CARTESIAN_POINT('',(0.005,0.041,-0.002));
#4166=CARTESIAN_POINT('',(0.0419,0.041,-0.002));
#4167=CARTESIAN_POINT('',(0.00565,0.041,-0.00565));
#4168=CARTESIAN_POINT('',(0.0083,0.041,-0.00565));
#4169=CARTESIAN_POINT('',(0.02345,0.,-0.03235));
#4170=CARTESIAN_POINT('',(0.0419,0.,-0.0597));
#4171=CARTESIAN_POINT('',(0.0419,0.,-0.0627));
#4172=CARTESIAN_POINT('',(0.0449,0.,-0.0597));
#4173=CARTESIAN_POINT('',(0.0449,0.,-0.03235));
#4174=CARTESIAN_POINT('',(0.0449,0.,-0.005));
#4175=CARTESIAN_POINT('',(0.0419,0.,-0.005));
#4176=CARTESIAN_POINT('',(0.0419,0.,-0.002));
#4177=CARTESIAN_POINT('',(0.02345,0.,-0.002));
#4178=CARTESIAN_POINT('',(0.005,0.,-0.002));
#4179=CARTESIAN_POINT('',(0.005,0.,-0.005));
#4180=CARTESIAN_POINT('',(0.002,0.,-0.005));
#4181=CARTESIAN_POINT('',(0.002,0.,-0.0597));
#4182=CARTESIAN_POINT('',(0.002,0.,-0.0597));
#4183=CARTESIAN_POINT('',(0.005,0.,-0.0597));
#4184=CARTESIAN_POINT('',(0.005,0.,-0.0627));
#4185=CARTESIAN_POINT('',(0.0419,0.,-0.0627));
#4186=CARTESIAN_POINT('',(0.00565,0.,-0.00565));
#4187=CARTESIAN_POINT('',(0.00846041102923538,0.,-0.003));
#4188=CARTESIAN_POINT('',(0.003,0.,-0.00846041102923538));
#4189=CARTESIAN_POINT('',(0.02345,0.,-0.003));
#4190=CARTESIAN_POINT('',(0.0117395889707646,0.,-0.003));
#4191=CARTESIAN_POINT('',(0.01455,0.,-0.00565));
#4192=CARTESIAN_POINT('',(0.0173604110292354,0.,-0.003));
#4193=CARTESIAN_POINT('',(0.02345,0.,-0.003));
#4194=CARTESIAN_POINT('',(0.0206395889707646,0.,-0.003));
#4195=CARTESIAN_POINT('',(0.02345,0.,-0.00565));
#4196=CARTESIAN_POINT('',(0.0262604110292354,0.,-0.003));
#4197=CARTESIAN_POINT('',(0.02345,0.,-0.003));
#4198=CARTESIAN_POINT('',(0.0295395889707646,0.,-0.003));
#4199=CARTESIAN_POINT('',(0.03235,0.,-0.00565));
#4200=CARTESIAN_POINT('',(0.0351604110292354,0.,-0.003));
#4201=CARTESIAN_POINT('',(0.02345,0.,-0.003));
#4202=CARTESIAN_POINT('',(0.0384395889707646,0.,-0.003));
#4203=CARTESIAN_POINT('',(0.04125,0.,-0.00565));
#4204=CARTESIAN_POINT('',(0.0439,0.,-0.00846041102923538));
#4205=CARTESIAN_POINT('',(0.0439,0.,-0.03235));
#4206=CARTESIAN_POINT('',(0.0439,0.,-0.0117395889707646));
#4207=CARTESIAN_POINT('',(0.04125,0.,-0.01455));
#4208=CARTESIAN_POINT('',(0.0439,0.,-0.0173604110292354));
#4209=CARTESIAN_POINT('',(0.0439,0.,-0.03235));
#4210=CARTESIAN_POINT('',(0.0439,0.,-0.0206395889707646));
#4211=CARTESIAN_POINT('',(0.04125,0.,-0.02345));
#4212=CARTESIAN_POINT('',(0.0439,0.,-0.0262604110292354));
#4213=CARTESIAN_POINT('',(0.0439,0.,-0.03235));
#4214=CARTESIAN_POINT('',(0.0439,0.,-0.0295395889707646));
#4215=CARTESIAN_POINT('',(0.04125,0.,-0.03235));
#4216=CARTESIAN_POINT('',(0.0439,0.,-0.0351604110292354));
#4217=CARTESIAN_POINT('',(0.0439,0.,-0.03235));
#4218=CARTESIAN_POINT('',(0.0439,0.,-0.0384395889707646));
#4219=CARTESIAN_POINT('',(0.04125,0.,-0.04125));
#4220=CARTESIAN_POINT('',(0.0439,0.,-0.0440604110292354));
#4221=CARTESIAN_POINT('',(0.0439,0.,-0.03235));
#4222=CARTESIAN_POINT('',(0.0439,0.,-0.0473395889707646));
#4223=CARTESIAN_POINT('',(0.04125,0.,-0.05015));
#4224=CARTESIAN_POINT('',(0.0439,0.,-0.0529604110292354));
#4225=CARTESIAN_POINT('',(0.0439,0.,-0.03235));
#4226=CARTESIAN_POINT('',(0.0439,0.,-0.0562395889707646));
#4227=CARTESIAN_POINT('',(0.04125,0.,-0.05905));
#4228=CARTESIAN_POINT('',(0.0384395889707647,0.,-0.0617));
#4229=CARTESIAN_POINT('',(0.02345,0.,-0.0617));
#4230=CARTESIAN_POINT('',(0.0351604110292354,0.,-0.0617));
#4231=CARTESIAN_POINT('',(0.03235,0.,-0.05905));
#4232=CARTESIAN_POINT('',(0.0295395889707647,0.,-0.0617));
#4233=CARTESIAN_POINT('',(0.02345,0.,-0.0617));
#4234=CARTESIAN_POINT('',(0.0262604110292354,0.,-0.0617));
#4235=CARTESIAN_POINT('',(0.02345,0.,-0.05905));
#4236=CARTESIAN_POINT('',(0.0206395889707646,0.,-0.0617));
#4237=CARTESIAN_POINT('',(0.02345,0.,-0.0617));
#4238=CARTESIAN_POINT('',(0.0173604110292353,0.,-0.0617));
#4239=CARTESIAN_POINT('',(0.01455,0.,-0.05905));
#4240=CARTESIAN_POINT('',(0.0117395889707646,0.,-0.0617));
#4241=CARTESIAN_POINT('',(0.02345,0.,-0.0617));
#4242=CARTESIAN_POINT('',(0.00846041102923536,0.,-0.0617));
#4243=CARTESIAN_POINT('',(0.00565,0.,-0.05905));
#4244=CARTESIAN_POINT('',(0.003,0.,-0.0562395889707646));
#4245=CARTESIAN_POINT('',(0.003,0.,-0.03235));
#4246=CARTESIAN_POINT('',(0.003,0.,-0.0529604110292354));
#4247=CARTESIAN_POINT('',(0.00565,0.,-0.05015));
#4248=CARTESIAN_POINT('',(0.003,0.,-0.0473395889707646));
#4249=CARTESIAN_POINT('',(0.003,0.,-0.03235));
#4250=CARTESIAN_POINT('',(0.003,0.,-0.0440604110292354));
#4251=CARTESIAN_POINT('',(0.00565,0.,-0.04125));
#4252=CARTESIAN_POINT('',(0.003,0.,-0.0384395889707646));
#4253=CARTESIAN_POINT('',(0.003,0.,-0.03235));
#4254=CARTESIAN_POINT('',(0.003,0.,-0.0351604110292354));
#4255=CARTESIAN_POINT('',(0.00565,0.,-0.03235));
#4256=CARTESIAN_POINT('',(0.003,0.,-0.0295395889707647));
#4257=CARTESIAN_POINT('',(0.003,0.,-0.03235));
#4258=CARTESIAN_POINT('',(0.003,0.,-0.0262604110292354));
#4259=CARTESIAN_POINT('',(0.00565,0.,-0.02345));
#4260=CARTESIAN_POINT('',(0.003,0.,-0.0206395889707646));
#4261=CARTESIAN_POINT('',(0.003,0.,-0.03235));
#4262=CARTESIAN_POINT('',(0.003,0.,-0.0173604110292354));
#4263=CARTESIAN_POINT('',(0.00565,0.,-0.01455));
#4264=CARTESIAN_POINT('',(0.003,0.,-0.0117395889707646));
#4265=CARTESIAN_POINT('',(0.003,0.,-0.03235));
#4266=CARTESIAN_POINT('',(0.00565,0.,-0.00565));
#4267=CARTESIAN_POINT('',(0.006509901340751,0.,-0.00565));
#4268=CARTESIAN_POINT('',(0.00565,0.041,-0.00565));
#4269=CARTESIAN_POINT('',(0.04125,0.040869141837904,-0.00565));
#4270=CARTESIAN_POINT('',(0.04125,0.038,-0.00565));
#4271=CARTESIAN_POINT('',(0.037980656637801,0.038,-0.0101));
#4272=CARTESIAN_POINT('',(0.0368,0.038,-0.00891934336219899));
#4273=CARTESIAN_POINT('',(0.0438999999999976,0.0301534089986999,-0.0101));
#4274=CARTESIAN_POINT('',(0.0438252876618326,0.0292778705428044,-0.0101));
#4275=CARTESIAN_POINT('',(0.0436712732107385,0.0275271141659458,-0.0101));
#4276=CARTESIAN_POINT('',(0.0434221938383757,0.0249027652189386,-0.0101));
#4277=CARTESIAN_POINT('',(0.0431940779202047,0.0227182995957855,-0.0101));
#4278=CARTESIAN_POINT('',(0.0429930452622163,0.0209729003780642,-0.0101));
#4279=CARTESIAN_POINT('',(0.0428302707809755,0.0196652435576137,-0.0101));
#4280=CARTESIAN_POINT('',(0.0426516158682756,0.0183595372008117,-0.0101));
#4281=CARTESIAN_POINT('',(0.042450100190213,0.0170562128939649,-0.0101));
#4282=CARTESIAN_POINT('',(0.0422533588710068,0.0159744577713618,-0.0101));
#4283=CARTESIAN_POINT('',(0.0420627268409661,0.0151169103860583,-0.0101));
#4284=CARTESIAN_POINT('',(0.0419216417443891,0.0145858959703424,-0.0101));
#4285=CARTESIAN_POINT('',(0.0417826797750942,0.0141667753158287,-0.0101));
#4286=CARTESIAN_POINT('',(0.0416576640039001,0.0138611765453032,-0.0101));
#4287=CARTESIAN_POINT('',(0.0415224918676865,0.0136204100085566,-0.0101));
#4288=CARTESIAN_POINT('',(0.0413600250636554,0.0134598727072052,-0.0101));
#4289=CARTESIAN_POINT('',(0.0411830645860089,0.0134373523419583,-0.0101));
#4290=CARTESIAN_POINT('',(0.0410455195715076,0.0135471092005362,-0.0101));
#4291=CARTESIAN_POINT('',(0.0409154732413336,0.0137219362154739,-0.0101));
#4292=CARTESIAN_POINT('',(0.0407936365722317,0.0139714254647683,-0.0101));
#4293=CARTESIAN_POINT('',(0.0406788254972225,0.0142768441514948,-0.0101));
#4294=CARTESIAN_POINT('',(0.04054782308286,0.0146943435072138,-0.0101));
#4295=CARTESIAN_POINT('',(0.0404117452703549,0.0152247715939399,-0.0101));
#4296=CARTESIAN_POINT('',(0.040272873280055,0.0158646652598644,-0.0101));
#4297=CARTESIAN_POINT('',(0.0401498682478448,0.0165077693471898,-0.0101));
#4298=CARTESIAN_POINT('',(0.0400009493837117,0.0173679055920897,-0.0101));
#4299=CARTESIAN_POINT('',(0.039835884629335,0.0184470087385395,-0.0101));
#4300=CARTESIAN_POINT('',(0.0396593075453831,0.0197457504804805,-0.0101));
#4301=CARTESIAN_POINT('',(0.0394983115063861,0.0210456624718731,-0.0101));
#4302=CARTESIAN_POINT('',(0.0392992252066706,0.0227804658349025,-0.0101));
#4303=CARTESIAN_POINT('',(0.0390730608125972,0.0249510876349982,-0.0101));
#4304=CARTESIAN_POINT('',(0.0387436266105928,0.0284271868249939,-0.0101));
#4305=CARTESIAN_POINT('',(0.0383755678393345,0.0327764311029667,-0.0101));
#4306=CARTESIAN_POINT('',(0.0381090749372162,0.0362585630723974,-0.0101));
#4307=CARTESIAN_POINT('',(0.037980656637801,0.038,-0.0101));
#4308=CARTESIAN_POINT('',(0.0439,0.0301534089986998,-0.0100999999999986));
#4309=CARTESIAN_POINT('',(0.0439,7.55970695244782E-19,-0.00846041102923538));
#4310=CARTESIAN_POINT('',(0.0439,0.0100479940045014,-0.00906338740114151));
#4311=CARTESIAN_POINT('',(0.0439,0.0201003763622986,-0.00958914216635752));
#4312=CARTESIAN_POINT('',(0.0439,0.0301534089986997,-0.0100999999999986));
#4313=CARTESIAN_POINT('',(0.0384395889707646,-1.66197828032479E-19,-0.003));
#4314=CARTESIAN_POINT('',(0.0378366125988585,0.0100479940045019,-0.003));
#4315=CARTESIAN_POINT('',(0.0373108578336424,0.0201003763622996,-0.003));
#4316=CARTESIAN_POINT('',(0.0368000000000013,0.0301534089987011,-0.003));
#4317=CARTESIAN_POINT('',(0.0367999999999986,0.030153408998701,-0.003));
#4318=CARTESIAN_POINT('',(0.0368,0.038,-0.00891934336219899));
#4319=CARTESIAN_POINT('',(0.0368,0.0362494138736183,-0.00879025037596077));
#4320=CARTESIAN_POINT('',(0.0368,0.0327490738221833,-0.00852231423482105));
#4321=CARTESIAN_POINT('',(0.0368,0.0283763359560871,-0.00815195304481946));
#4322=CARTESIAN_POINT('',(0.0368,0.0248814505675401,-0.00782008322201146));
#4323=CARTESIAN_POINT('',(0.0368,0.022699670747384,-0.0075920431459012));
#4324=CARTESIAN_POINT('',(0.0368,0.020956415609757,-0.00739107107464526));
#4325=CARTESIAN_POINT('',(0.0368,0.0196503681203232,-0.0072283290909282));
#4326=CARTESIAN_POINT('',(0.0368,0.0183462764729183,-0.00704968896325387));
#4327=CARTESIAN_POINT('',(0.0368,0.0170445585488588,-0.00684814899310245));
#4328=CARTESIAN_POINT('',(0.0368,0.0159641893032167,-0.0066513288990034));
#4329=CARTESIAN_POINT('',(0.0368,0.0151077891608416,-0.00646052267042076));
#4330=CARTESIAN_POINT('',(0.0368,0.0145774795639767,-0.00631919044799856));
#4331=CARTESIAN_POINT('',(0.0368,0.0141590563422784,-0.00617988287709074));
#4332=CARTESIAN_POINT('',(0.0368,0.0138541049942135,-0.00605426664937584));
#4333=CARTESIAN_POINT('',(0.0368,0.0136141230610105,-0.00591844639998446));
#4334=CARTESIAN_POINT('',(0.0368,0.0134556989568429,-0.00575336457294437));
#4335=CARTESIAN_POINT('',(0.0368,0.0134403977670793,-0.00557576875395335));
#4336=CARTESIAN_POINT('',(0.0368,0.0135523121715047,-0.00544107931060069));
#4337=CARTESIAN_POINT('',(0.0368,0.0137276415148008,-0.00531223210712361));
#4338=CARTESIAN_POINT('',(0.0368,0.0139771140663637,-0.00519129340544179));
#4339=CARTESIAN_POINT('',(0.0368,0.0142822898603577,-0.00507697955193372));
#4340=CARTESIAN_POINT('',(0.0368,0.0146994011101307,-0.00494644175286628));
#4341=CARTESIAN_POINT('',(0.0368,0.0152292098911234,-0.00481071692560375));
#4342=CARTESIAN_POINT('',(0.0368,0.0158683501768959,-0.00467213442220123));
#4343=CARTESIAN_POINT('',(0.0368,0.0165106833896017,-0.0045493446265185));
#4344=CARTESIAN_POINT('',(0.0368,0.017369782806059,-0.00440065638035644));
#4345=CARTESIAN_POINT('',(0.0368,0.0184475768872623,-0.00423581181582759));
#4346=CARTESIAN_POINT('',(0.0368,0.0197447382661136,-0.00405944464847804));
#4347=CARTESIAN_POINT('',(0.0368,0.0210430674621378,-0.0038986251698817));
#4348=CARTESIAN_POINT('',(0.0368,0.0227757570923672,-0.00369974255967659));
#4349=CARTESIAN_POINT('',(0.0368,0.0249437352531252,-0.00347381087797836));
#4350=CARTESIAN_POINT('',(0.0368,0.0275476245170182,-0.00322690561336162));
#4351=CARTESIAN_POINT('',(0.0368,0.0292846711588062,-0.00307413202108479));
#4352=CARTESIAN_POINT('',(0.0368,0.0301534089987012,-0.00300000000000224));
#4353=CARTESIAN_POINT('',(0.02345,0.040869141837904,-0.00565));
#4354=CARTESIAN_POINT('',(0.02345,0.038,-0.00565));
#4355=CARTESIAN_POINT('',(0.020180656637801,0.038,-0.0101));
#4356=CARTESIAN_POINT('',(0.019,0.038,-0.00891934336219899));
#4357=CARTESIAN_POINT('',(0.026719343362199,0.038,-0.0101));
#4358=CARTESIAN_POINT('',(0.026642658439288,0.0369601018144947,-0.0101));
#4359=CARTESIAN_POINT('',(0.0264858273401058,0.0348805873773058,-0.0101));
#4360=CARTESIAN_POINT('',(0.0262376013302229,0.0317623691056282,-0.0101));
#4361=CARTESIAN_POINT('',(0.0259726799728619,0.0286455171123837,-0.0101));
#4362=CARTESIAN_POINT('',(0.0256852507763469,0.0255304651960428,-0.0101));
#4363=CARTESIAN_POINT('',(0.0254192749777346,0.022937800058971,-0.0101));
#4364=CARTESIAN_POINT('',(0.025181154638703,0.0208666378372821,-0.0101));
#4365=CARTESIAN_POINT('',(0.0249853359928399,0.0193152694027838,-0.0101));
#4366=CARTESIAN_POINT('',(0.024802026526842,0.0180249156388665,-0.0101));
#4367=CARTESIAN_POINT('',(0.0246360167205866,0.0169947191312745,-0.0101));
#4368=CARTESIAN_POINT('',(0.0244984997034055,0.0162241270721671,-0.0101));
#4369=CARTESIAN_POINT('',(0.0243425625477414,0.0154578101646478,-0.0101));
#4370=CARTESIAN_POINT('',(0.024189148975064,0.014824713274677,-0.0101));
#4371=CARTESIAN_POINT('',(0.024038222442719,0.0143239342938485,-0.0101));
#4372=CARTESIAN_POINT('',(0.0239019770092958,0.0139553562604691,-0.0101));
#4373=CARTESIAN_POINT('',(0.0237545932834275,0.0136656064555216,-0.0101));
#4374=CARTESIAN_POINT('',(0.0235744778509946,0.0134600733912043,-0.0101));
#4375=CARTESIAN_POINT('',(0.0233611887403755,0.0134373505416821,-0.0101));
#4376=CARTESIAN_POINT('',(0.0232114922591238,0.0135850977989579,-0.0101));
#4377=CARTESIAN_POINT('',(0.0230706178053201,0.0138009122553723,-0.0101));
#4378=CARTESIAN_POINT('',(0.0229401723519961,0.0141018703576578,-0.0101));
#4379=CARTESIAN_POINT('',(0.0228158434047884,0.014468739914538,-0.0101));
#4380=CARTESIAN_POINT('',(0.0226738158985301,0.0149694054219148,-0.0101));
#4381=CARTESIAN_POINT('',(0.0225266083128327,0.0156004852325066,-0.0101));
#4382=CARTESIAN_POINT('',(0.0223756308631345,0.0163626317716453,-0.0101));
#4383=CARTESIAN_POINT('',(0.0222417134589674,0.0171278824957811,-0.0101));
#4384=CARTESIAN_POINT('',(0.0220792949961422,0.0181511541243129,-0.0101));
#4385=CARTESIAN_POINT('',(0.0218988769334874,0.0194346668770838,-0.0101));
#4386=CARTESIAN_POINT('',(0.0217056781401289,0.0209770131961887,-0.0101));
#4387=CARTESIAN_POINT('',(0.021470316244887,0.0230356154330783,-0.0101));
#4388=CARTESIAN_POINT('',(0.0212069571586991,0.0256117878434021,-0.0101));
#4389=CARTESIAN_POINT('',(0.020922023044367,0.0287061512319388,-0.0101));
#4390=CARTESIAN_POINT('',(0.0206591335806973,0.0318026108603227,-0.0101));
#4391=CARTESIAN_POINT('',(0.0204126516217072,0.0349006150318553,-0.0101));
#4392=CARTESIAN_POINT('',(0.0202568479968197,0.0369667948667476,-0.0101));
#4393=CARTESIAN_POINT('',(0.020180656637801,0.038,-0.0101));
#4394=CARTESIAN_POINT('',(0.026719343362199,0.038,-0.0101));
#4395=CARTESIAN_POINT('',(0.02345,0.038,-0.00565));
#4396=CARTESIAN_POINT('',(0.0279,0.038,-0.00891934336219899));
#4397=CARTESIAN_POINT('',(0.0279,0.038,-0.00891934336219899));
#4398=CARTESIAN_POINT('',(0.0279,0.0362494138736183,-0.00879025037596077));
#4399=CARTESIAN_POINT('',(0.0279,0.0327490738221835,-0.00852231423482107));
#4400=CARTESIAN_POINT('',(0.0279,0.0283763359560874,-0.00815195304481949));
#4401=CARTESIAN_POINT('',(0.0279,0.0248814505675405,-0.00782008322201151));
#4402=CARTESIAN_POINT('',(0.0279,0.0226996707473845,-0.00759204314590125));
#4403=CARTESIAN_POINT('',(0.0279,0.0209564156097576,-0.00739107107464534));
#4404=CARTESIAN_POINT('',(0.0279,0.0196503681203237,-0.00722832909092828));
#4405=CARTESIAN_POINT('',(0.0279,0.018346276472919,-0.00704968896325397));
#4406=CARTESIAN_POINT('',(0.0279,0.0170445585488594,-0.00684814899310257));
#4407=CARTESIAN_POINT('',(0.0279,0.0159641893032174,-0.00665132889900353));
#4408=CARTESIAN_POINT('',(0.0279,0.0151077891608423,-0.00646052267042095));
#4409=CARTESIAN_POINT('',(0.0279,0.0145774795639774,-0.0063191904479988));
#4410=CARTESIAN_POINT('',(0.0279,0.0141590563422791,-0.006179882877091));
#4411=CARTESIAN_POINT('',(0.0279,0.0138541049942142,-0.00605426664937624));
#4412=CARTESIAN_POINT('',(0.0279,0.0136141230610111,-0.0059184463999849));
#4413=CARTESIAN_POINT('',(0.0279,0.0134556989568433,-0.00575336457294512));
#4414=CARTESIAN_POINT('',(0.0279,0.0134403977670788,-0.00557576875395415));
#4415=CARTESIAN_POINT('',(0.0279,0.013552312171504,-0.00544107931060114));
#4416=CARTESIAN_POINT('',(0.0279,0.0137276415148001,-0.00531223210712399));
#4417=CARTESIAN_POINT('',(0.0279,0.0139771140663628,-0.00519129340544209));
#4418=CARTESIAN_POINT('',(0.0279,0.014282289860357,-0.00507697955193396));
#4419=CARTESIAN_POINT('',(0.0279,0.0146994011101299,-0.00494644175286648));
#4420=CARTESIAN_POINT('',(0.0279,0.0152292098911226,-0.00481071692560391));
#4421=CARTESIAN_POINT('',(0.0279,0.015868350176895,-0.0046721344222014));
#4422=CARTESIAN_POINT('',(0.0279,0.0165106833896007,-0.00454934462651866));
#4423=CARTESIAN_POINT('',(0.0279,0.017369782806058,-0.00440065638035658));
#4424=CARTESIAN_POINT('',(0.0279,0.0184475768872613,-0.00423581181582773));
#4425=CARTESIAN_POINT('',(0.0279,0.0197447382661125,-0.00405944464847816));
#4426=CARTESIAN_POINT('',(0.0279,0.0210430674621367,-0.00389862516988183));
#4427=CARTESIAN_POINT('',(0.0279,0.022775757092366,-0.00369974255967671));
#4428=CARTESIAN_POINT('',(0.0279,0.0249437352531239,-0.00347381087797847));
#4429=CARTESIAN_POINT('',(0.0279,0.0275476245170167,-0.00322690561336174));
#4430=CARTESIAN_POINT('',(0.0279,0.0292846711588048,-0.00307413202108491));
#4431=CARTESIAN_POINT('',(0.0279,0.0301534089986997,-0.00300000000000236));
#4432=CARTESIAN_POINT('',(0.0278999999999986,0.0301534089986995,-0.003));
#4433=CARTESIAN_POINT('',(0.0262604110292354,9.80688958332981E-19,-0.003));
#4434=CARTESIAN_POINT('',(0.0268633874011415,0.0100479940045013,-0.003));
#4435=CARTESIAN_POINT('',(0.0273891421663575,0.0201003763622985,-0.003));
#4436=CARTESIAN_POINT('',(0.0278999999999986,0.0301534089986995,-0.003));
#4437=CARTESIAN_POINT('',(0.0206395889707646,9.80688958332981E-19,-0.003));
#4438=CARTESIAN_POINT('',(0.0200366125988585,0.0100479940045017,-0.003));
#4439=CARTESIAN_POINT('',(0.0195108578336425,0.0201003763622991,-0.003));
#4440=CARTESIAN_POINT('',(0.0190000000000014,0.0301534089987004,-0.003));
#4441=CARTESIAN_POINT('',(0.0189999999999986,0.0301534089987003,-0.003));
#4442=CARTESIAN_POINT('',(0.019,0.038,-0.00891934336219899));
#4443=CARTESIAN_POINT('',(0.019,0.0362494138736182,-0.00879025037596077));
#4444=CARTESIAN_POINT('',(0.019,0.0327490738221832,-0.00852231423482105));
#4445=CARTESIAN_POINT('',(0.019,0.028376335956087,-0.00815195304481945));
#4446=CARTESIAN_POINT('',(0.019,0.0248814505675398,-0.00782008322201144));
#4447=CARTESIAN_POINT('',(0.019,0.0226996707473837,-0.00759204314590117));
#4448=CARTESIAN_POINT('',(0.019,0.0209564156097568,-0.00739107107464524));
#4449=CARTESIAN_POINT('',(0.019,0.0196503681203228,-0.00722832909092816));
#4450=CARTESIAN_POINT('',(0.019,0.018346276472918,-0.00704968896325383));
#4451=CARTESIAN_POINT('',(0.019,0.0170445585488584,-0.0068481489931024));
#4452=CARTESIAN_POINT('',(0.019,0.0159641893032164,-0.00665132889900334));
#4453=CARTESIAN_POINT('',(0.019,0.0151077891608411,-0.00646052267042067));
#4454=CARTESIAN_POINT('',(0.019,0.0145774795639764,-0.00631919044799849));
#4455=CARTESIAN_POINT('',(0.019,0.014159056342278,-0.0061798828770906));
#4456=CARTESIAN_POINT('',(0.019,0.0138541049942131,-0.00605426664937571));
#4457=CARTESIAN_POINT('',(0.019,0.01361412306101,-0.00591844639998421));
#4458=CARTESIAN_POINT('',(0.019,0.0134556989568426,-0.00575336457294396));
#4459=CARTESIAN_POINT('',(0.019,0.0134403977670794,-0.00557576875395286));
#4460=CARTESIAN_POINT('',(0.019,0.013552312171505,-0.00544107931060029));
#4461=CARTESIAN_POINT('',(0.019,0.0137276415148012,-0.00531223210712338));
#4462=CARTESIAN_POINT('',(0.019,0.0139771140663641,-0.00519129340544158));
#4463=CARTESIAN_POINT('',(0.019,0.0142822898603581,-0.00507697955193357));
#4464=CARTESIAN_POINT('',(0.019,0.0146994011101311,-0.00494644175286614));
#4465=CARTESIAN_POINT('',(0.019,0.0152292098911238,-0.00481071692560365));
#4466=CARTESIAN_POINT('',(0.019,0.0158683501768962,-0.00467213442220116));
#4467=CARTESIAN_POINT('',(0.019,0.0165106833896019,-0.00454934462651844));
#4468=CARTESIAN_POINT('',(0.019,0.0173697828060591,-0.0044006563803564));
#4469=CARTESIAN_POINT('',(0.019,0.0184475768872624,-0.00423581181582757));
#4470=CARTESIAN_POINT('',(0.019,0.0197447382661137,-0.00405944464847801));
#4471=CARTESIAN_POINT('',(0.019,0.0210430674621377,-0.00389862516988171));
#4472=CARTESIAN_POINT('',(0.019,0.0227757570923669,-0.00369974255967661));
#4473=CARTESIAN_POINT('',(0.019,0.0249437352531249,-0.00347381087797838));
#4474=CARTESIAN_POINT('',(0.019,0.0275476245170175,-0.00322690561336167));
#4475=CARTESIAN_POINT('',(0.019,0.0292846711588056,-0.00307413202108484));
#4476=CARTESIAN_POINT('',(0.019,0.0301534089987005,-0.00300000000000229));
#4477=CARTESIAN_POINT('',(0.03235,0.040869141837904,-0.05905));
#4478=CARTESIAN_POINT('',(0.03235,0.038,-0.05905));
#4479=CARTESIAN_POINT('',(0.035619343362199,0.038,-0.0546));
#4480=CARTESIAN_POINT('',(0.0368,0.038,-0.055780656637801));
#4481=CARTESIAN_POINT('',(0.029080656637801,0.038,-0.0546));
#4482=CARTESIAN_POINT('',(0.0291573415607293,0.0369601018142601,-0.0546));
#4483=CARTESIAN_POINT('',(0.0293141726599477,0.0348805873766022,-0.0546));
#4484=CARTESIAN_POINT('',(0.0295623986698913,0.0317623691042216,-0.0546));
#4485=CARTESIAN_POINT('',(0.0298273200273225,0.0286455171102746,-0.0546));
#4486=CARTESIAN_POINT('',(0.0301147492239226,0.0255304651932332,-0.0546));
#4487=CARTESIAN_POINT('',(0.0303807250226268,0.0229378000555802,-0.0546));
#4488=CARTESIAN_POINT('',(0.030618845361758,0.0208666378334297,-0.0546));
#4489=CARTESIAN_POINT('',(0.0308146640077171,0.019315269398587,-0.0546));
#4490=CARTESIAN_POINT('',(0.0309979734738247,0.0180249156343884,-0.0546));
#4491=CARTESIAN_POINT('',(0.0311639832802067,0.0169947191265708,-0.0546));
#4492=CARTESIAN_POINT('',(0.0313015002975128,0.0162241270673121,-0.0546));
#4493=CARTESIAN_POINT('',(0.0314574374533511,0.0154578101596515,-0.0546));
#4494=CARTESIAN_POINT('',(0.0316108510262806,0.0148247132695844,-0.0546));
#4495=CARTESIAN_POINT('',(0.0317617775589472,0.0143239342887123,-0.0546));
#4496=CARTESIAN_POINT('',(0.0318980229929212,0.0139553562553799,-0.0546));
#4497=CARTESIAN_POINT('',(0.0320454067191638,0.0136656064508356,-0.0546));
#4498=CARTESIAN_POINT('',(0.0322255221540753,0.0134600733873534,-0.0546));
#4499=CARTESIAN_POINT('',(0.0324388112654976,0.0134373505447255,-0.0546));
#4500=CARTESIAN_POINT('',(0.0325885077441928,0.013585097803466,-0.0546));
#4501=CARTESIAN_POINT('',(0.0327293821973849,0.013800912260618,-0.0546));
#4502=CARTESIAN_POINT('',(0.0328598276499932,0.0141018703630356,-0.0546));
#4503=CARTESIAN_POINT('',(0.0329841565969509,0.0144687399201713,-0.0546));
#4504=CARTESIAN_POINT('',(0.0331261841029277,0.0149694054277444,-0.0546));
#4505=CARTESIAN_POINT('',(0.033273391688449,0.0156004852385043,-0.0546));
#4506=CARTESIAN_POINT('',(0.0334243691380143,0.0163626317778497,-0.0546));
#4507=CARTESIAN_POINT('',(0.033558286542096,0.0171278825021783,-0.0546));
#4508=CARTESIAN_POINT('',(0.0337207050048401,0.0181511541309632,-0.0546));
#4509=CARTESIAN_POINT('',(0.0339011230674323,0.0194346668840389,-0.0546));
#4510=CARTESIAN_POINT('',(0.0340943218607442,0.0209770132035021,-0.0546));
#4511=CARTESIAN_POINT('',(0.0343296837559456,0.0230356154408462,-0.0546));
#4512=CARTESIAN_POINT('',(0.0345930428421209,0.0256117878519052,-0.0546));
#4513=CARTESIAN_POINT('',(0.0348779769563998,0.0287061512405407,-0.0546));
#4514=CARTESIAN_POINT('',(0.0351408664202352,0.0318026108718778,-0.0546));
#4515=CARTESIAN_POINT('',(0.0353873483786223,0.0349006150357232,-0.0546));
#4516=CARTESIAN_POINT('',(0.0355431520050395,0.0369667948919593,-0.0546));
#4517=CARTESIAN_POINT('',(0.035619343362199,0.038,-0.0546));
#4518=CARTESIAN_POINT('',(0.029080656637801,0.038,-0.0546));
#4519=CARTESIAN_POINT('',(0.03235,0.038,-0.05905));
#4520=CARTESIAN_POINT('',(0.0279,0.038,-0.055780656637801));
#4521=CARTESIAN_POINT('',(0.0279,0.038,-0.055780656637801));
#4522=CARTESIAN_POINT('',(0.0279,0.0362494138736173,-0.0559097496240393));
#4523=CARTESIAN_POINT('',(0.0279,0.0327490738221804,-0.0561776857651792));
#4524=CARTESIAN_POINT('',(0.0279,0.0283763359560818,-0.056548046955181));
#4525=CARTESIAN_POINT('',(0.0279,0.0248814505675328,-0.0568799167779892));
#4526=CARTESIAN_POINT('',(0.0279,0.0226996707473755,-0.0571079568540997));
#4527=CARTESIAN_POINT('',(0.0279,0.0209564156097476,-0.0573089289253558));
#4528=CARTESIAN_POINT('',(0.0279,0.019650368120313,-0.0574716709090731));
#4529=CARTESIAN_POINT('',(0.0279,0.0183462764729075,-0.0576503110367477));
#4530=CARTESIAN_POINT('',(0.0279,0.0170445585488472,-0.0578518510068994));
#4531=CARTESIAN_POINT('',(0.0279,0.0159641893032047,-0.058048671100999));
#4532=CARTESIAN_POINT('',(0.0279,0.0151077891608291,-0.0582394773295822));
#4533=CARTESIAN_POINT('',(0.0279,0.0145774795639641,-0.0583808095520051));
#4534=CARTESIAN_POINT('',(0.0279,0.0141590563422657,-0.0585201171229138));
#4535=CARTESIAN_POINT('',(0.0279,0.0138541049942012,-0.0586457333506301));
#4536=CARTESIAN_POINT('',(0.0279,0.0136141230609989,-0.0587815536000229));
#4537=CARTESIAN_POINT('',(0.0279,0.0134556989568349,-0.0589466354270685));
#4538=CARTESIAN_POINT('',(0.0279,0.0134403977670854,-0.0591242312460611));
#4539=CARTESIAN_POINT('',(0.0279,0.0135523121715154,-0.0592589206894086));
#4540=CARTESIAN_POINT('',(0.0279,0.0137276415148133,-0.0593877678928835));
#4541=CARTESIAN_POINT('',(0.0279,0.0139771140663769,-0.0595087065945637));
#4542=CARTESIAN_POINT('',(0.0279,0.0142822898603715,-0.059623020448071));
#4543=CARTESIAN_POINT('',(0.0279,0.0146994011101451,-0.0597535582471377));
#4544=CARTESIAN_POINT('',(0.0279,0.0152292098911384,-0.0598892830743998));
#4545=CARTESIAN_POINT('',(0.0279,0.0158683501769114,-0.0600278655778019));
#4546=CARTESIAN_POINT('',(0.0279,0.0165106833896177,-0.0601506553734844));
#4547=CARTESIAN_POINT('',(0.0279,0.0173697828060756,-0.0602993436196463));
#4548=CARTESIAN_POINT('',(0.0279,0.0184475768872798,-0.0604641881841749));
#4549=CARTESIAN_POINT('',(0.0279,0.0197447382661322,-0.0606405553515244));
#4550=CARTESIAN_POINT('',(0.0279,0.0210430674621573,-0.0608013748301206));
#4551=CARTESIAN_POINT('',(0.0279,0.022775757092388,-0.0610002574403257));
#4552=CARTESIAN_POINT('',(0.0279,0.0249437352531477,-0.0612261891220239));
#4553=CARTESIAN_POINT('',(0.0279,0.0275476245170426,-0.0614730943866406));
#4554=CARTESIAN_POINT('',(0.0279,0.0292846711588321,-0.0616258679789175));
#4555=CARTESIAN_POINT('',(0.0279,0.0301534089987277,-0.0617));
#4556=CARTESIAN_POINT('',(0.0279,0.0301534089987277,-0.0617));
#4557=CARTESIAN_POINT('',(0.0295395889707647,-9.22018415984316E-19,-0.0617));
#4558=CARTESIAN_POINT('',(0.028936612598858,0.0100479940045107,-0.0617));
#4559=CARTESIAN_POINT('',(0.0284108578336415,0.0201003763623173,-0.0617));
#4560=CARTESIAN_POINT('',(0.0279,0.0301534089987277,-0.0617));
#4561=CARTESIAN_POINT('',(0.0351604110292354,-2.86316880338048E-19,-0.0617));
#4562=CARTESIAN_POINT('',(0.035763387401142,0.0100479940045108,-0.0617));
#4563=CARTESIAN_POINT('',(0.0362891421663585,0.0201003763623173,-0.0617));
#4564=CARTESIAN_POINT('',(0.0368,0.0301534089987278,-0.0617));
#4565=CARTESIAN_POINT('',(0.0368,0.0301534089987278,-0.0617));
#4566=CARTESIAN_POINT('',(0.0368,0.038,-0.055780656637801));
#4567=CARTESIAN_POINT('',(0.0368,0.0362494138736173,-0.0559097496240393));
#4568=CARTESIAN_POINT('',(0.0368,0.0327490738221803,-0.0561776857651792));
#4569=CARTESIAN_POINT('',(0.0368,0.0283763359560817,-0.056548046955181));
#4570=CARTESIAN_POINT('',(0.0368,0.0248814505675326,-0.0568799167779893));
#4571=CARTESIAN_POINT('',(0.0368,0.0226996707473753,-0.0571079568540998));
#4572=CARTESIAN_POINT('',(0.0368,0.0209564156097474,-0.0573089289253559));
#4573=CARTESIAN_POINT('',(0.0368,0.0196503681203128,-0.0574716709090732));
#4574=CARTESIAN_POINT('',(0.0368,0.0183462764729073,-0.0576503110367477));
#4575=CARTESIAN_POINT('',(0.0368,0.0170445585488469,-0.0578518510068995));
#4576=CARTESIAN_POINT('',(0.0368,0.0159641893032044,-0.058048671100999));
#4577=CARTESIAN_POINT('',(0.0368,0.0151077891608288,-0.0582394773295823));
#4578=CARTESIAN_POINT('',(0.0368,0.0145774795639639,-0.0583808095520051));
#4579=CARTESIAN_POINT('',(0.0368,0.0141590563422655,-0.0585201171229139));
#4580=CARTESIAN_POINT('',(0.0368,0.013854104994201,-0.0586457333506302));
#4581=CARTESIAN_POINT('',(0.0368,0.0136141230609986,-0.058781553600023));
#4582=CARTESIAN_POINT('',(0.0368,0.0134556989568348,-0.0589466354270688));
#4583=CARTESIAN_POINT('',(0.0368,0.0134403977670856,-0.0591242312460613));
#4584=CARTESIAN_POINT('',(0.0368,0.0135523121715156,-0.0592589206894087));
#4585=CARTESIAN_POINT('',(0.0368,0.0137276415148135,-0.0593877678928836));
#4586=CARTESIAN_POINT('',(0.0368,0.0139771140663771,-0.0595087065945638));
#4587=CARTESIAN_POINT('',(0.0368,0.0142822898603718,-0.059623020448071));
#4588=CARTESIAN_POINT('',(0.0368,0.0146994011101453,-0.0597535582471378));
#4589=CARTESIAN_POINT('',(0.0368,0.0152292098911386,-0.0598892830743998));
#4590=CARTESIAN_POINT('',(0.0368,0.0158683501769116,-0.060027865577802));
#4591=CARTESIAN_POINT('',(0.0368,0.0165106833896179,-0.0601506553734844));
#4592=CARTESIAN_POINT('',(0.0368,0.0173697828060757,-0.0602993436196463));
#4593=CARTESIAN_POINT('',(0.0368,0.01844757688728,-0.0604641881841749));
#4594=CARTESIAN_POINT('',(0.0368,0.0197447382661324,-0.0606405553515244));
#4595=CARTESIAN_POINT('',(0.0368,0.0210430674621575,-0.0608013748301206));
#4596=CARTESIAN_POINT('',(0.0368,0.0227757570923881,-0.0610002574403257));
#4597=CARTESIAN_POINT('',(0.0368,0.0249437352531479,-0.0612261891220239));
#4598=CARTESIAN_POINT('',(0.0368,0.0275476245170426,-0.0614730943866406));
#4599=CARTESIAN_POINT('',(0.0368,0.0292846711588321,-0.0616258679789175));
#4600=CARTESIAN_POINT('',(0.0368,0.0301534089987277,-0.0617));
#4601=CARTESIAN_POINT('',(0.03235,0.040869141837904,-0.05015));
#4602=CARTESIAN_POINT('',(0.03235,0.038,-0.05015));
#4603=CARTESIAN_POINT('',(0.035619343362199,0.038,-0.0457));
#4604=CARTESIAN_POINT('',(0.0368,0.038,-0.046880656637801));
#4605=CARTESIAN_POINT('',(0.035619343362199,0.038,-0.0457));
#4606=CARTESIAN_POINT('',(0.0355426584392801,0.0369601018143875,-0.0457));
#4607=CARTESIAN_POINT('',(0.0353858273400813,0.0348805873769842,-0.0457));
#4608=CARTESIAN_POINT('',(0.0351376013301707,0.0317623691049851,-0.0457));
#4609=CARTESIAN_POINT('',(0.0348726799727776,0.0286455171114195,-0.0457));
#4610=CARTESIAN_POINT('',(0.0345852507762237,0.0255304651947584,-0.0457));
#4611=CARTESIAN_POINT('',(0.0343192749775694,0.0229378000574209,-0.0457));
#4612=CARTESIAN_POINT('',(0.0340811546384923,0.0208666378355209,-0.0457));
#4613=CARTESIAN_POINT('',(0.0338853359925853,0.0193152694008652,-0.0457));
#4614=CARTESIAN_POINT('',(0.0337020265265372,0.0180249156368193,-0.0457));
#4615=CARTESIAN_POINT('',(0.0335360167202239,0.0169947191291243,-0.0457));
#4616=CARTESIAN_POINT('',(0.0333984997029857,0.0162241270699476,-0.0457));
#4617=CARTESIAN_POINT('',(0.0332425625472419,0.0154578101623637,-0.0457));
#4618=CARTESIAN_POINT('',(0.0330891489744493,0.0148247132723489,-0.0457));
#4619=CARTESIAN_POINT('',(0.0329382224419573,0.0143239342915004,-0.0457));
#4620=CARTESIAN_POINT('',(0.0328019770082824,0.0139553562581426,-0.0457));
#4621=CARTESIAN_POINT('',(0.0326545932822428,0.0136656064533793,-0.0457));
#4622=CARTESIAN_POINT('',(0.032474477848677,0.0134600733894439,-0.0457));
#4623=CARTESIAN_POINT('',(0.0322611887376906,0.0134373505430734,-0.0457));
#4624=CARTESIAN_POINT('',(0.0321114922576077,0.0135850978010187,-0.0457));
#4625=CARTESIAN_POINT('',(0.0319706178040835,0.0138009122577704,-0.0457));
#4626=CARTESIAN_POINT('',(0.0318401723510867,0.0141018703601163,-0.0457));
#4627=CARTESIAN_POINT('',(0.0317158434039933,0.0144687399171134,-0.0457));
#4628=CARTESIAN_POINT('',(0.0315738158978636,0.0149694054245799,-0.0457));
#4629=CARTESIAN_POINT('',(0.0314266083122468,0.0156004852352485,-0.0457));
#4630=CARTESIAN_POINT('',(0.0312756308626092,0.016362631774482,-0.0457));
#4631=CARTESIAN_POINT('',(0.0311417134584813,0.0171278824987058,-0.0457));
#4632=CARTESIAN_POINT('',(0.030979294995693,0.0181511541273535,-0.0457));
#4633=CARTESIAN_POINT('',(0.0307988769330669,0.0194346668802638,-0.0457));
#4634=CARTESIAN_POINT('',(0.0306056781397297,0.0209770131995326,-0.0457));
#4635=CARTESIAN_POINT('',(0.0303703162445063,0.0230356154366302,-0.0457));
#4636=CARTESIAN_POINT('',(0.0301069571583242,0.0256117878472902,-0.0457));
#4637=CARTESIAN_POINT('',(0.0298220230440163,0.0287061512358723,-0.0457));
#4638=CARTESIAN_POINT('',(0.0295591335802709,0.0318026108656068,-0.0457));
#4639=CARTESIAN_POINT('',(0.0293126516215565,0.0349006150336241,-0.0457));
#4640=CARTESIAN_POINT('',(0.0291568479959694,0.0369667948782775,-0.0457));
#4641=CARTESIAN_POINT('',(0.029080656637801,0.038,-0.0457));
#4642=CARTESIAN_POINT('',(0.029080656637801,0.038,-0.0457));
#4643=CARTESIAN_POINT('',(0.03235,0.038,-0.05015));
#4644=CARTESIAN_POINT('',(0.0279,0.038,-0.046880656637801));
#4645=CARTESIAN_POINT('',(0.0279,0.038,-0.046880656637801));
#4646=CARTESIAN_POINT('',(0.0279,0.036960101814512,-0.0469573415607107));
#4647=CARTESIAN_POINT('',(0.0279,0.0348805873773577,-0.0471141726598903));
#4648=CARTESIAN_POINT('',(0.0279,0.0317623691057319,-0.0473623986697687));
#4649=CARTESIAN_POINT('',(0.0279,0.0286455171125391,-0.0476273200271245));
#4650=CARTESIAN_POINT('',(0.0279,0.0255304651962499,-0.0479147492236332));
#4651=CARTESIAN_POINT('',(0.0279,0.0229378000592209,-0.0481807250222388));
#4652=CARTESIAN_POINT('',(0.0279,0.020866637837566,-0.048418845361263));
#4653=CARTESIAN_POINT('',(0.0279,0.0193152694030931,-0.048614664007119));
#4654=CARTESIAN_POINT('',(0.0279,0.0180249156391965,-0.0487979734731088));
#4655=CARTESIAN_POINT('',(0.0279,0.0169947191316212,-0.048963983279355));
#4656=CARTESIAN_POINT('',(0.0279,0.0162241270725249,-0.0491015002965268));
#4657=CARTESIAN_POINT('',(0.0279,0.015457810165016,-0.0492574374521781));
#4658=CARTESIAN_POINT('',(0.0279,0.0148247132750523,-0.0494108510248369));
#4659=CARTESIAN_POINT('',(0.0279,0.0143239342942269,-0.0495617775571581));
#4660=CARTESIAN_POINT('',(0.0279,0.0139553562608442,-0.0496980229905408));
#4661=CARTESIAN_POINT('',(0.0279,0.0136656064558669,-0.0498454067163814));
#4662=CARTESIAN_POINT('',(0.0279,0.0134600733914881,-0.0500255221486318));
#4663=CARTESIAN_POINT('',(0.0279,0.0134373505414577,-0.0502388112591916));
#4664=CARTESIAN_POINT('',(0.0279,0.0135850977986257,-0.0503885077406318));
#4665=CARTESIAN_POINT('',(0.0279,0.0138009122549857,-0.0505293821944806));
#4666=CARTESIAN_POINT('',(0.0279,0.0141018703572616,-0.0506598276478573));
#4667=CARTESIAN_POINT('',(0.0279,0.014468739914123,-0.0507841565950834));
#4668=CARTESIAN_POINT('',(0.0279,0.0149694054214854,-0.0509261841013626));
#4669=CARTESIAN_POINT('',(0.0279,0.0156004852320648,-0.0510733916870729));
#4670=CARTESIAN_POINT('',(0.0279,0.0163626317711885,-0.0512243691367809));
#4671=CARTESIAN_POINT('',(0.0279,0.0171278824953102,-0.0513582865409543));
#4672=CARTESIAN_POINT('',(0.0279,0.0181511541238235,-0.0515207050037855));
#4673=CARTESIAN_POINT('',(0.0279,0.0194346668765723,-0.0517011230664449));
#4674=CARTESIAN_POINT('',(0.0279,0.020977013195651,-0.0518943218598069));
#4675=CARTESIAN_POINT('',(0.0279,0.0230356154325073,-0.0521296837550518));
#4676=CARTESIAN_POINT('',(0.0279,0.0256117878427775,-0.0523930428412407));
#4677=CARTESIAN_POINT('',(0.0279,0.0287061512313071,-0.0526779769555767));
#4678=CARTESIAN_POINT('',(0.0279,0.0318026108594748,-0.0529408664192343));
#4679=CARTESIAN_POINT('',(0.0279,0.0349006150315713,-0.0531873483782686));
#4680=CARTESIAN_POINT('',(0.0279,0.0369667948648984,-0.053343152003044));
#4681=CARTESIAN_POINT('',(0.0279,0.038,-0.053419343362199));
#4682=CARTESIAN_POINT('',(0.0279,0.038,-0.053419343362199));
#4683=CARTESIAN_POINT('',(0.03235,0.038,-0.05015));
#4684=CARTESIAN_POINT('',(0.03235,0.038,-0.05015));
#4685=CARTESIAN_POINT('',(0.0368,0.038,-0.053419343362199));
#4686=CARTESIAN_POINT('',(0.0368,0.038,-0.046880656637801));
#4687=CARTESIAN_POINT('',(0.0368,0.0369601018147196,-0.0469573415606954));
#4688=CARTESIAN_POINT('',(0.0368,0.0348805873779802,-0.047114172659843));
#4689=CARTESIAN_POINT('',(0.0368,0.0317623691069763,-0.0473623986696677));
#4690=CARTESIAN_POINT('',(0.0368,0.028645517114405,-0.0476273200269614));
#4691=CARTESIAN_POINT('',(0.0368,0.0255304651987354,-0.0479147492233947));
#4692=CARTESIAN_POINT('',(0.0368,0.0229378000622207,-0.048180725021919));
#4693=CARTESIAN_POINT('',(0.0368,0.0208666378409742,-0.0484188453608552));
#4694=CARTESIAN_POINT('',(0.0368,0.019315269406806,-0.0486146640066262));
#4695=CARTESIAN_POINT('',(0.0368,0.0180249156431581,-0.048797973472519));
#4696=CARTESIAN_POINT('',(0.0368,0.0169947191357825,-0.0489639832786532));
#4697=CARTESIAN_POINT('',(0.0368,0.01622412707682,-0.0491015002957144));
#4698=CARTESIAN_POINT('',(0.0368,0.0154578101694361,-0.0492574374512115));
#4699=CARTESIAN_POINT('',(0.0368,0.0148247132795577,-0.0494108510236474));
#4700=CARTESIAN_POINT('',(0.0368,0.0143239342987708,-0.0495617775556841));
#4701=CARTESIAN_POINT('',(0.0368,0.0139553562653464,-0.0496980229885794));
#4702=CARTESIAN_POINT('',(0.0368,0.0136656064600126,-0.049845406714089));
#4703=CARTESIAN_POINT('',(0.0368,0.0134600733948949,-0.0500255221441467));
#4704=CARTESIAN_POINT('',(0.0368,0.0134373505387654,-0.0502388112539958));
#4705=CARTESIAN_POINT('',(0.0368,0.0135850977946376,-0.0503885077376978));
#4706=CARTESIAN_POINT('',(0.0368,0.0138009122503451,-0.0505293821920875));
#4707=CARTESIAN_POINT('',(0.0368,0.0141018703525041,-0.0506598276460975));
#4708=CARTESIAN_POINT('',(0.0368,0.0144687399091395,-0.0507841565935447));
#4709=CARTESIAN_POINT('',(0.0368,0.0149694054163282,-0.0509261841000729));
#4710=CARTESIAN_POINT('',(0.0368,0.0156004852267589,-0.051073391685939));
#4711=CARTESIAN_POINT('',(0.0368,0.0163626317656997,-0.0512243691357646));
#4712=CARTESIAN_POINT('',(0.0368,0.017127882489651,-0.0513582865400136));
#4713=CARTESIAN_POINT('',(0.0368,0.0181511541179401,-0.0515207050029165));
#4714=CARTESIAN_POINT('',(0.0368,0.0194346668704194,-0.0517011230656313));
#4715=CARTESIAN_POINT('',(0.0368,0.020977013189181,-0.0518943218590345));
#4716=CARTESIAN_POINT('',(0.0368,0.0230356154256352,-0.0521296837543152));
#4717=CARTESIAN_POINT('',(0.0368,0.0256117878352549,-0.0523930428405152));
#4718=CARTESIAN_POINT('',(0.0368,0.028706151223697,-0.0526779769548983));
#4719=CARTESIAN_POINT('',(0.0368,0.0318026108492519,-0.0529408664184093));
#4720=CARTESIAN_POINT('',(0.0368,0.0349006150281494,-0.0531873483779771));
#4721=CARTESIAN_POINT('',(0.0368,0.0369667948425936,-0.0533431520013992));
#4722=CARTESIAN_POINT('',(0.0368,0.038,-0.053419343362199));
#4723=CARTESIAN_POINT('',(0.03235,0.040869141837904,-0.04125));
#4724=CARTESIAN_POINT('',(0.03235,0.038,-0.04125));
#4725=CARTESIAN_POINT('',(0.035619343362199,0.038,-0.0368));
#4726=CARTESIAN_POINT('',(0.0368,0.038,-0.037980656637801));
#4727=CARTESIAN_POINT('',(0.035619343362199,0.038,-0.0368));
#4728=CARTESIAN_POINT('',(0.0355426584392707,0.0369601018142601,-0.0368));
#4729=CARTESIAN_POINT('',(0.0353858273400523,0.0348805873766021,-0.0368));
#4730=CARTESIAN_POINT('',(0.0351376013301087,0.0317623691042214,-0.0368));
#4731=CARTESIAN_POINT('',(0.0348726799726774,0.0286455171102745,-0.0368));
#4732=CARTESIAN_POINT('',(0.0345852507760773,0.025530465193233,-0.0368));
#4733=CARTESIAN_POINT('',(0.0343192749773731,0.0229378000555801,-0.0368));
#4734=CARTESIAN_POINT('',(0.034081154638242,0.0208666378334295,-0.0368));
#4735=CARTESIAN_POINT('',(0.0338853359922828,0.0193152693985867,-0.0368));
#4736=CARTESIAN_POINT('',(0.0337020265261752,0.0180249156343881,-0.0368));
#4737=CARTESIAN_POINT('',(0.0335360167197932,0.0169947191265705,-0.0368));
#4738=CARTESIAN_POINT('',(0.0333984997024871,0.0162241270673118,-0.0368));
#4739=CARTESIAN_POINT('',(0.0332425625466488,0.0154578101596511,-0.0368));
#4740=CARTESIAN_POINT('',(0.0330891489737192,0.014824713269584,-0.0368));
#4741=CARTESIAN_POINT('',(0.0329382224410527,0.014323934288712,-0.0368));
#4742=CARTESIAN_POINT('',(0.0328019770070786,0.0139553562553796,-0.0368));
#4743=CARTESIAN_POINT('',(0.032654593280836,0.0136656064508353,-0.0368));
#4744=CARTESIAN_POINT('',(0.0324744778459244,0.0134600733873532,-0.0368));
#4745=CARTESIAN_POINT('',(0.0322611887345021,0.0134373505447258,-0.0368));
#4746=CARTESIAN_POINT('',(0.0321114922558072,0.0135850978034661,-0.0368));
#4747=CARTESIAN_POINT('',(0.0319706178026151,0.0138009122606182,-0.0368));
#4748=CARTESIAN_POINT('',(0.0318401723500067,0.0141018703630359,-0.0368));
#4749=CARTESIAN_POINT('',(0.0317158434030491,0.0144687399201715,-0.0368));
#4750=CARTESIAN_POINT('',(0.0315738158970722,0.0149694054277446,-0.0368));
#4751=CARTESIAN_POINT('',(0.031426608311551,0.0156004852385045,-0.0368));
#4752=CARTESIAN_POINT('',(0.0312756308619856,0.0163626317778499,-0.0368));
#4753=CARTESIAN_POINT('',(0.031141713457904,0.0171278825021784,-0.0368));
#4754=CARTESIAN_POINT('',(0.0309792949951598,0.0181511541309635,-0.0368));
#4755=CARTESIAN_POINT('',(0.0307988769325677,0.019434666884039,-0.0368));
#4756=CARTESIAN_POINT('',(0.0306056781392558,0.0209770132035023,-0.0368));
#4757=CARTESIAN_POINT('',(0.0303703162440544,0.0230356154408464,-0.0368));
#4758=CARTESIAN_POINT('',(0.0301069571578791,0.0256117878519053,-0.0368));
#4759=CARTESIAN_POINT('',(0.0298220230436002,0.0287061512405408,-0.0368));
#4760=CARTESIAN_POINT('',(0.0295591335797648,0.0318026108718778,-0.0368));
#4761=CARTESIAN_POINT('',(0.0293126516213777,0.0349006150357232,-0.0368));
#4762=CARTESIAN_POINT('',(0.0291568479949605,0.0369667948919593,-0.0368));
#4763=CARTESIAN_POINT('',(0.029080656637801,0.038,-0.0368));
#4764=CARTESIAN_POINT('',(0.029080656637801,0.038,-0.0368));
#4765=CARTESIAN_POINT('',(0.03235,0.038,-0.04125));
#4766=CARTESIAN_POINT('',(0.0279,0.038,-0.037980656637801));
#4767=CARTESIAN_POINT('',(0.0279,0.038,-0.037980656637801));
#4768=CARTESIAN_POINT('',(0.0279,0.0369601018145119,-0.0380573415607107));
#4769=CARTESIAN_POINT('',(0.0279,0.0348805873773574,-0.0382141726598903));
#4770=CARTESIAN_POINT('',(0.0279,0.0317623691057312,-0.0384623986697688));
#4771=CARTESIAN_POINT('',(0.0279,0.0286455171125382,-0.0387273200271246));
#4772=CARTESIAN_POINT('',(0.0279,0.0255304651962486,-0.0390147492236333));
#4773=CARTESIAN_POINT('',(0.0279,0.0229378000592194,-0.0392807250222389));
#4774=CARTESIAN_POINT('',(0.0279,0.0208666378375642,-0.0395188453612632));
#4775=CARTESIAN_POINT('',(0.0279,0.0193152694030912,-0.0397146640071193));
#4776=CARTESIAN_POINT('',(0.0279,0.0180249156391944,-0.0398979734731091));
#4777=CARTESIAN_POINT('',(0.0279,0.016994719131619,-0.0400639832793553));
#4778=CARTESIAN_POINT('',(0.0279,0.0162241270725227,-0.0402015002965272));
#4779=CARTESIAN_POINT('',(0.0279,0.0154578101650137,-0.0403574374521786));
#4780=CARTESIAN_POINT('',(0.0279,0.01482471327505,-0.0405108510248375));
#4781=CARTESIAN_POINT('',(0.0279,0.0143239342942246,-0.0406617775571589));
#4782=CARTESIAN_POINT('',(0.0279,0.0139553562608418,-0.0407980229905418));
#4783=CARTESIAN_POINT('',(0.0279,0.0136656064558648,-0.0409454067163827));
#4784=CARTESIAN_POINT('',(0.0279,0.0134600733914863,-0.0411255221486341));
#4785=CARTESIAN_POINT('',(0.0279,0.0134373505414591,-0.0413388112591943));
#4786=CARTESIAN_POINT('',(0.0279,0.0135850977986277,-0.0414885077406333));
#4787=CARTESIAN_POINT('',(0.0279,0.0138009122549881,-0.0416293821944818));
#4788=CARTESIAN_POINT('',(0.0279,0.014101870357264,-0.0417598276478582));
#4789=CARTESIAN_POINT('',(0.0279,0.0144687399141254,-0.0418841565950842));
#4790=CARTESIAN_POINT('',(0.0279,0.0149694054214878,-0.0420261841013632));
#4791=CARTESIAN_POINT('',(0.0279,0.0156004852320671,-0.0421733916870734));
#4792=CARTESIAN_POINT('',(0.0279,0.0163626317711908,-0.0423243691367814));
#4793=CARTESIAN_POINT('',(0.0279,0.0171278824953124,-0.0424582865409547));
#4794=CARTESIAN_POINT('',(0.0279,0.0181511541238256,-0.0426207050037859));
#4795=CARTESIAN_POINT('',(0.0279,0.0194346668765741,-0.0428011230664452));
#4796=CARTESIAN_POINT('',(0.0279,0.0209770131956528,-0.0429943218598072));
#4797=CARTESIAN_POINT('',(0.0279,0.0230356154325089,-0.043229683755052));
#4798=CARTESIAN_POINT('',(0.0279,0.0256117878427788,-0.0434930428412408));
#4799=CARTESIAN_POINT('',(0.0279,0.0287061512313081,-0.0437779769555768));
#4800=CARTESIAN_POINT('',(0.0279,0.0318026108594753,-0.0440408664192343));
#4801=CARTESIAN_POINT('',(0.0279,0.0349006150315716,-0.0442873483782686));
#4802=CARTESIAN_POINT('',(0.0279,0.0369667948648985,-0.044443152003044));
#4803=CARTESIAN_POINT('',(0.0279,0.038,-0.044519343362199));
#4804=CARTESIAN_POINT('',(0.0279,0.038,-0.044519343362199));
#4805=CARTESIAN_POINT('',(0.03235,0.038,-0.04125));
#4806=CARTESIAN_POINT('',(0.03235,0.038,-0.04125));
#4807=CARTESIAN_POINT('',(0.0368,0.038,-0.044519343362199));
#4808=CARTESIAN_POINT('',(0.0368,0.038,-0.037980656637801));
#4809=CARTESIAN_POINT('',(0.0368,0.0369601018146167,-0.038057341560703));
#4810=CARTESIAN_POINT('',(0.0368,0.0348805873776718,-0.0382141726598664));
#4811=CARTESIAN_POINT('',(0.0368,0.0317623691063597,-0.0384623986697178));
#4812=CARTESIAN_POINT('',(0.0368,0.0286455171134805,-0.0387273200270422));
#4813=CARTESIAN_POINT('',(0.0368,0.0255304651975039,-0.0390147492235129));
#4814=CARTESIAN_POINT('',(0.0368,0.0229378000607344,-0.0392807250220774));
#4815=CARTESIAN_POINT('',(0.0368,0.0208666378392856,-0.0395188453610573));
#4816=CARTESIAN_POINT('',(0.0368,0.0193152694049664,-0.0397146640068704));
#4817=CARTESIAN_POINT('',(0.0368,0.0180249156411953,-0.0398979734728112));
#4818=CARTESIAN_POINT('',(0.0368,0.0169947191337207,-0.0400639832790009));
#4819=CARTESIAN_POINT('',(0.0368,0.0162241270746919,-0.0402015002961169));
#4820=CARTESIAN_POINT('',(0.0368,0.0154578101672461,-0.0403574374516905));
#4821=CARTESIAN_POINT('',(0.0368,0.0148247132773255,-0.0405108510242368));
#4822=CARTESIAN_POINT('',(0.0368,0.0143239342965195,-0.0406617775564145));
#4823=CARTESIAN_POINT('',(0.0368,0.0139553562631157,-0.0407980229895512));
#4824=CARTESIAN_POINT('',(0.0368,0.0136656064579586,-0.0409454067152249));
#4825=CARTESIAN_POINT('',(0.0368,0.013460073393207,-0.0411255221463689));
#4826=CARTESIAN_POINT('',(0.0368,0.0134373505400994,-0.0413388112565701));
#4827=CARTESIAN_POINT('',(0.0368,0.0135850977966135,-0.0414885077391514));
#4828=CARTESIAN_POINT('',(0.0368,0.0138009122526443,-0.0416293821932731));
#4829=CARTESIAN_POINT('',(0.0368,0.0141018703548611,-0.0417598276469693));
#4830=CARTESIAN_POINT('',(0.0368,0.0144687399116083,-0.041884156594307));
#4831=CARTESIAN_POINT('',(0.0368,0.0149694054188831,-0.0420261841007117));
#4832=CARTESIAN_POINT('',(0.0368,0.0156004852293872,-0.0421733916865007));
#4833=CARTESIAN_POINT('',(0.0368,0.0163626317684185,-0.042324369136268));
#4834=CARTESIAN_POINT('',(0.0368,0.017127882492454,-0.0424582865404795));
#4835=CARTESIAN_POINT('',(0.0368,0.018151154120854,-0.0426207050033469));
#4836=CARTESIAN_POINT('',(0.0368,0.0194346668734664,-0.0428011230660342));
#4837=CARTESIAN_POINT('',(0.0368,0.0209770131923849,-0.042994321859417));
#4838=CARTESIAN_POINT('',(0.0368,0.0230356154290378,-0.0432296837546799));
#4839=CARTESIAN_POINT('',(0.0368,0.0256117878389791,-0.0434930428408744));
#4840=CARTESIAN_POINT('',(0.0368,0.0287061512274641,-0.0437779769552341));
#4841=CARTESIAN_POINT('',(0.0368,0.0318026108543116,-0.0440408664188176));
#4842=CARTESIAN_POINT('',(0.0368,0.0349006150298432,-0.0442873483781214));
#4843=CARTESIAN_POINT('',(0.0368,0.0369667948536318,-0.0444431520022132));
#4844=CARTESIAN_POINT('',(0.0368,0.038,-0.044519343362199));
#4845=CARTESIAN_POINT('',(0.04125,0.040869141837904,-0.04125));
#4846=CARTESIAN_POINT('',(0.04125,0.038,-0.04125));
#4847=CARTESIAN_POINT('',(0.037980656637801,0.038,-0.0457));
#4848=CARTESIAN_POINT('',(0.037980656637801,0.038,-0.0457));
#4849=CARTESIAN_POINT('',(0.0381097496240392,0.0362494138736182,-0.0457));
#4850=CARTESIAN_POINT('',(0.038377685765179,0.0327490738221831,-0.0457));
#4851=CARTESIAN_POINT('',(0.0387480469551806,0.0283763359560867,-0.0457));
#4852=CARTESIAN_POINT('',(0.0390799167779886,0.0248814505675395,-0.0457));
#4853=CARTESIAN_POINT('',(0.0393079568540989,0.0226996707473834,-0.0457));
#4854=CARTESIAN_POINT('',(0.0395089289253548,0.0209564156097563,-0.0457));
#4855=CARTESIAN_POINT('',(0.0396716709090719,0.0196503681203224,-0.0457));
#4856=CARTESIAN_POINT('',(0.0398503110367462,0.0183462764729175,-0.0457));
#4857=CARTESIAN_POINT('',(0.0400518510068977,0.0170445585488578,-0.0457));
#4858=CARTESIAN_POINT('',(0.0402486711009968,0.0159641893032158,-0.0457));
#4859=CARTESIAN_POINT('',(0.0404394773295795,0.0151077891608405,-0.0457));
#4860=CARTESIAN_POINT('',(0.0405808095520017,0.0145774795639757,-0.0457));
#4861=CARTESIAN_POINT('',(0.0407201171229096,0.0141590563422773,-0.0457));
#4862=CARTESIAN_POINT('',(0.0408457333506245,0.0138541049942126,-0.0457));
#4863=CARTESIAN_POINT('',(0.0409815536000162,0.0136141230610095,-0.0457));
#4864=CARTESIAN_POINT('',(0.0411466354270566,0.0134556989568423,-0.0457));
#4865=CARTESIAN_POINT('',(0.0413242312460478,0.0134403977670796,-0.0457));
#4866=CARTESIAN_POINT('',(0.0414589206894,0.0135523121715054,-0.0457));
#4867=CARTESIAN_POINT('',(0.041587767892877,0.0137276415148018,-0.0457));
#4868=CARTESIAN_POINT('',(0.0417087065945586,0.0139771140663645,-0.0457));
#4869=CARTESIAN_POINT('',(0.0418230204480666,0.0142822898603587,-0.0457));
#4870=CARTESIAN_POINT('',(0.041953558247134,0.0146994011101316,-0.0457));
#4871=CARTESIAN_POINT('',(0.0420892830743965,0.0152292098911243,-0.0457));
#4872=CARTESIAN_POINT('',(0.042227865577799,0.0158683501768968,-0.0457));
#4873=CARTESIAN_POINT('',(0.0423506553734816,0.0165106833896025,-0.0457));
#4874=CARTESIAN_POINT('',(0.0424993436196437,0.0173697828060596,-0.0457));
#4875=CARTESIAN_POINT('',(0.0426641881841725,0.0184475768872629,-0.0457));
#4876=CARTESIAN_POINT('',(0.042840555351522,0.0197447382661141,-0.0457));
#4877=CARTESIAN_POINT('',(0.0430013748301183,0.0210430674621382,-0.0457));
#4878=CARTESIAN_POINT('',(0.0432002574403235,0.0227757570923674,-0.0457));
#4879=CARTESIAN_POINT('',(0.0434261891220217,0.0249437352531252,-0.0457));
#4880=CARTESIAN_POINT('',(0.0436730943866384,0.027547624517018,-0.0457));
#4881=CARTESIAN_POINT('',(0.0438258679789152,0.029284671158806,-0.0457));
#4882=CARTESIAN_POINT('',(0.0438999999999977,0.0301534089987009,-0.0457));
#4883=CARTESIAN_POINT('',(0.0439,0.0301534089987006,-0.0456999999999986));
#4884=CARTESIAN_POINT('',(0.0439,-4.74673271248139E-19,-0.0440604110292354));
#4885=CARTESIAN_POINT('',(0.0439,0.0100479940045017,-0.0446633874011415));
#4886=CARTESIAN_POINT('',(0.0439,0.0201003763622992,-0.0451891421663576));
#4887=CARTESIAN_POINT('',(0.0439,0.0301534089987007,-0.0456999999999986));
#4888=CARTESIAN_POINT('',(0.0439,-2.51439088897694E-19,-0.0384395889707646));
#4889=CARTESIAN_POINT('',(0.0439,0.0100479940045018,-0.0378366125988585));
#4890=CARTESIAN_POINT('',(0.0439,0.0201003763622993,-0.0373108578336424));
#4891=CARTESIAN_POINT('',(0.0439,0.0301534089987007,-0.0368000000000014));
#4892=CARTESIAN_POINT('',(0.0439,0.0301534089987006,-0.0367999999999986));
#4893=CARTESIAN_POINT('',(0.0438999999999977,0.0301534089987008,-0.0368));
#4894=CARTESIAN_POINT('',(0.0438252876618326,0.0292778705428053,-0.0368));
#4895=CARTESIAN_POINT('',(0.0436712732107386,0.0275271141659466,-0.0368));
#4896=CARTESIAN_POINT('',(0.0434221938383758,0.0249027652189396,-0.0368));
#4897=CARTESIAN_POINT('',(0.0431940779202049,0.0227182995957865,-0.0368));
#4898=CARTESIAN_POINT('',(0.0429930452622164,0.0209729003780652,-0.0368));
#4899=CARTESIAN_POINT('',(0.0428302707809757,0.0196652435576148,-0.0368));
#4900=CARTESIAN_POINT('',(0.0426516158682758,0.0183595372008127,-0.0368));
#4901=CARTESIAN_POINT('',(0.0424501001902131,0.0170562128939659,-0.0368));
#4902=CARTESIAN_POINT('',(0.0422533588710071,0.0159744577713628,-0.0368));
#4903=CARTESIAN_POINT('',(0.0420627268409664,0.0151169103860594,-0.0368));
#4904=CARTESIAN_POINT('',(0.0419216417443894,0.0145858959703435,-0.0368));
#4905=CARTESIAN_POINT('',(0.0417826797750946,0.0141667753158298,-0.0368));
#4906=CARTESIAN_POINT('',(0.0416576640039006,0.0138611765453042,-0.0368));
#4907=CARTESIAN_POINT('',(0.0415224918676872,0.0136204100085576,-0.0368));
#4908=CARTESIAN_POINT('',(0.0413600250636564,0.0134598727072059,-0.0368));
#4909=CARTESIAN_POINT('',(0.0411830645860102,0.0134373523419579,-0.0368));
#4910=CARTESIAN_POINT('',(0.0410455195715084,0.0135471092005353,-0.0368));
#4911=CARTESIAN_POINT('',(0.0409154732413342,0.0137219362154728,-0.0368));
#4912=CARTESIAN_POINT('',(0.0407936365722321,0.0139714254647673,-0.0368));
#4913=CARTESIAN_POINT('',(0.0406788254972228,0.0142768441514937,-0.0368));
#4914=CARTESIAN_POINT('',(0.0405478230828603,0.0146943435072127,-0.0368));
#4915=CARTESIAN_POINT('',(0.0404117452703552,0.0152247715939389,-0.0368));
#4916=CARTESIAN_POINT('',(0.0402728732800552,0.0158646652598634,-0.0368));
#4917=CARTESIAN_POINT('',(0.040149868247845,0.0165077693471888,-0.0368));
#4918=CARTESIAN_POINT('',(0.0400009493837118,0.0173679055920887,-0.0368));
#4919=CARTESIAN_POINT('',(0.0398358846293351,0.0184470087385386,-0.0368));
#4920=CARTESIAN_POINT('',(0.0396593075453833,0.0197457504804796,-0.0368));
#4921=CARTESIAN_POINT('',(0.0394983115063862,0.0210456624718723,-0.0368));
#4922=CARTESIAN_POINT('',(0.0392992252066707,0.0227804658349019,-0.0368));
#4923=CARTESIAN_POINT('',(0.0390730608125973,0.0249510876349975,-0.0368));
#4924=CARTESIAN_POINT('',(0.0387436266105928,0.0284271868249934,-0.0368));
#4925=CARTESIAN_POINT('',(0.0383755678393345,0.0327764311029665,-0.0368));
#4926=CARTESIAN_POINT('',(0.0381090749372162,0.0362585630723973,-0.0368));
#4927=CARTESIAN_POINT('',(0.037980656637801,0.038,-0.0368));
#4928=CARTESIAN_POINT('',(0.037980656637801,0.038,-0.0368));
#4929=CARTESIAN_POINT('',(0.04125,0.038,-0.04125));
#4930=CARTESIAN_POINT('',(0.04125,0.040869141837904,-0.05015));
#4931=CARTESIAN_POINT('',(0.04125,0.038,-0.05015));
#4932=CARTESIAN_POINT('',(0.037980656637801,0.038,-0.0546));
#4933=CARTESIAN_POINT('',(0.037980656637801,0.038,-0.0546));
#4934=CARTESIAN_POINT('',(0.0381097496240392,0.0362494138736183,-0.0546));
#4935=CARTESIAN_POINT('',(0.0383776857651789,0.0327490738221834,-0.0546));
#4936=CARTESIAN_POINT('',(0.0387480469551805,0.0283763359560873,-0.0546));
#4937=CARTESIAN_POINT('',(0.0390799167779885,0.0248814505675404,-0.0546));
#4938=CARTESIAN_POINT('',(0.0393079568540988,0.0226996707473843,-0.0546));
#4939=CARTESIAN_POINT('',(0.0395089289253547,0.0209564156097574,-0.0546));
#4940=CARTESIAN_POINT('',(0.0396716709090717,0.0196503681203235,-0.0546));
#4941=CARTESIAN_POINT('',(0.0398503110367461,0.0183462764729188,-0.0546));
#4942=CARTESIAN_POINT('',(0.0400518510068975,0.0170445585488592,-0.0546));
#4943=CARTESIAN_POINT('',(0.0402486711009965,0.0159641893032173,-0.0546));
#4944=CARTESIAN_POINT('',(0.0404394773295791,0.015107789160842,-0.0546));
#4945=CARTESIAN_POINT('',(0.0405808095520013,0.0145774795639772,-0.0546));
#4946=CARTESIAN_POINT('',(0.0407201171229091,0.0141590563422789,-0.0546));
#4947=CARTESIAN_POINT('',(0.0408457333506239,0.0138541049942139,-0.0546));
#4948=CARTESIAN_POINT('',(0.0409815536000152,0.0136141230610109,-0.0546));
#4949=CARTESIAN_POINT('',(0.0411466354270551,0.0134556989568432,-0.0546));
#4950=CARTESIAN_POINT('',(0.0413242312460462,0.0134403977670789,-0.0546));
#4951=CARTESIAN_POINT('',(0.0414589206893991,0.0135523121715043,-0.0546));
#4952=CARTESIAN_POINT('',(0.0415877678928762,0.0137276415148004,-0.0546));
#4953=CARTESIAN_POINT('',(0.0417087065945581,0.0139771140663632,-0.0546));
#4954=CARTESIAN_POINT('',(0.0418230204480661,0.0142822898603572,-0.0546));
#4955=CARTESIAN_POINT('',(0.0419535582471336,0.0146994011101302,-0.0546));
#4956=CARTESIAN_POINT('',(0.0420892830743961,0.0152292098911229,-0.0546));
#4957=CARTESIAN_POINT('',(0.0422278655777986,0.0158683501768952,-0.0546));
#4958=CARTESIAN_POINT('',(0.0423506553734814,0.016510683389601,-0.0546));
#4959=CARTESIAN_POINT('',(0.0424993436196434,0.017369782806058,-0.0546));
#4960=CARTESIAN_POINT('',(0.0426641881841723,0.0184475768872613,-0.0546));
#4961=CARTESIAN_POINT('',(0.0428405553515218,0.0197447382661125,-0.0546));
#4962=CARTESIAN_POINT('',(0.0430013748301182,0.0210430674621366,-0.0546));
#4963=CARTESIAN_POINT('',(0.0432002574403233,0.0227757570923657,-0.0546));
#4964=CARTESIAN_POINT('',(0.0434261891220215,0.0249437352531236,-0.0546));
#4965=CARTESIAN_POINT('',(0.0436730943866382,0.0275476245170163,-0.0546));
#4966=CARTESIAN_POINT('',(0.043825867978915,0.0292846711588043,-0.0546));
#4967=CARTESIAN_POINT('',(0.0438999999999976,0.0301534089986991,-0.0546));
#4968=CARTESIAN_POINT('',(0.0439,0.0301534089986989,-0.0545999999999985));
#4969=CARTESIAN_POINT('',(0.0439,4.99401661483079E-19,-0.0529604110292354));
#4970=CARTESIAN_POINT('',(0.0439,0.0100479940045011,-0.0535633874011415));
#4971=CARTESIAN_POINT('',(0.0439,0.0201003763622981,-0.0540891421663575));
#4972=CARTESIAN_POINT('',(0.0439,0.0301534089986989,-0.0545999999999986));
#4973=CARTESIAN_POINT('',(0.0439,2.62493462837545E-19,-0.0473395889707646));
#4974=CARTESIAN_POINT('',(0.0439,0.0100479940045018,-0.0467366125988585));
#4975=CARTESIAN_POINT('',(0.0439,0.0201003763622993,-0.0462108578336424));
#4976=CARTESIAN_POINT('',(0.0439,0.0301534089987008,-0.0457000000000014));
#4977=CARTESIAN_POINT('',(0.04125,0.038,-0.05015));
#4978=CARTESIAN_POINT('',(0.03235,0.040869141837904,-0.01455));
#4979=CARTESIAN_POINT('',(0.03235,0.038,-0.01455));
#4980=CARTESIAN_POINT('',(0.035619343362199,0.038,-0.0101));
#4981=CARTESIAN_POINT('',(0.0368,0.038,-0.011280656637801));
#4982=CARTESIAN_POINT('',(0.035619343362199,0.038,-0.0101));
#4983=CARTESIAN_POINT('',(0.035542658439288,0.0369601018144947,-0.0101));
#4984=CARTESIAN_POINT('',(0.0353858273401058,0.0348805873773058,-0.0101));
#4985=CARTESIAN_POINT('',(0.0351376013302229,0.0317623691056282,-0.0101));
#4986=CARTESIAN_POINT('',(0.0348726799728619,0.0286455171123838,-0.0101));
#4987=CARTESIAN_POINT('',(0.0345852507763469,0.0255304651960429,-0.0101));
#4988=CARTESIAN_POINT('',(0.0343192749777346,0.0229378000589711,-0.0101));
#4989=CARTESIAN_POINT('',(0.034081154638703,0.0208666378372822,-0.0101));
#4990=CARTESIAN_POINT('',(0.0338853359928399,0.019315269402784,-0.0101));
#4991=CARTESIAN_POINT('',(0.033702026526842,0.0180249156388666,-0.0101));
#4992=CARTESIAN_POINT('',(0.0335360167205866,0.0169947191312747,-0.0101));
#4993=CARTESIAN_POINT('',(0.0333984997034056,0.0162241270721672,-0.0101));
#4994=CARTESIAN_POINT('',(0.0332425625477414,0.015457810164648,-0.0101));
#4995=CARTESIAN_POINT('',(0.033089148975064,0.0148247132746772,-0.0101));
#4996=CARTESIAN_POINT('',(0.0329382224427191,0.0143239342938486,-0.0101));
#4997=CARTESIAN_POINT('',(0.0328019770092959,0.0139553562604693,-0.0101));
#4998=CARTESIAN_POINT('',(0.0326545932834276,0.0136656064555217,-0.0101));
#4999=CARTESIAN_POINT('',(0.0324744778509948,0.0134600733912045,-0.0101));
#5000=CARTESIAN_POINT('',(0.0322611887403758,0.0134373505416819,-0.0101));
#5001=CARTESIAN_POINT('',(0.0321114922591239,0.0135850977989577,-0.0101));
#5002=CARTESIAN_POINT('',(0.0319706178053202,0.0138009122553721,-0.0101));
#5003=CARTESIAN_POINT('',(0.0318401723519962,0.0141018703576576,-0.0101));
#5004=CARTESIAN_POINT('',(0.0317158434047885,0.0144687399145378,-0.0101));
#5005=CARTESIAN_POINT('',(0.0315738158985301,0.0149694054219146,-0.0101));
#5006=CARTESIAN_POINT('',(0.0314266083128328,0.0156004852325063,-0.0101));
#5007=CARTESIAN_POINT('',(0.0312756308631345,0.0163626317716452,-0.0101));
#5008=CARTESIAN_POINT('',(0.0311417134589674,0.0171278824957809,-0.0101));
#5009=CARTESIAN_POINT('',(0.0309792949961422,0.0181511541243127,-0.0101));
#5010=CARTESIAN_POINT('',(0.0307988769334874,0.0194346668770838,-0.0101));
#5011=CARTESIAN_POINT('',(0.0306056781401289,0.0209770131961886,-0.0101));
#5012=CARTESIAN_POINT('',(0.030370316244887,0.0230356154330782,-0.0101));
#5013=CARTESIAN_POINT('',(0.0301069571586991,0.025611787843402,-0.0101));
#5014=CARTESIAN_POINT('',(0.029822023044367,0.0287061512319387,-0.0101));
#5015=CARTESIAN_POINT('',(0.0295591335806973,0.0318026108603227,-0.0101));
#5016=CARTESIAN_POINT('',(0.0293126516217072,0.0349006150318553,-0.0101));
#5017=CARTESIAN_POINT('',(0.0291568479968197,0.0369667948667476,-0.0101));
#5018=CARTESIAN_POINT('',(0.029080656637801,0.038,-0.0101));
#5019=CARTESIAN_POINT('',(0.029080656637801,0.038,-0.0101));
#5020=CARTESIAN_POINT('',(0.03235,0.038,-0.01455));
#5021=CARTESIAN_POINT('',(0.0279,0.038,-0.011280656637801));
#5022=CARTESIAN_POINT('',(0.0279,0.038,-0.017819343362199));
#5023=CARTESIAN_POINT('',(0.0279,0.036960101814512,-0.0177426584392893));
#5024=CARTESIAN_POINT('',(0.0279,0.0348805873773576,-0.0175858273401097));
#5025=CARTESIAN_POINT('',(0.0279,0.0317623691057317,-0.0173376013302313));
#5026=CARTESIAN_POINT('',(0.0279,0.0286455171125389,-0.0170726799728755));
#5027=CARTESIAN_POINT('',(0.0279,0.0255304651962496,-0.0167852507763668));
#5028=CARTESIAN_POINT('',(0.0279,0.0229378000592206,-0.0165192749777612));
#5029=CARTESIAN_POINT('',(0.0279,0.0208666378375657,-0.0162811546387369));
#5030=CARTESIAN_POINT('',(0.0279,0.0193152694030927,-0.0160853359928809));
#5031=CARTESIAN_POINT('',(0.0279,0.0180249156391961,-0.0159020265268911));
#5032=CARTESIAN_POINT('',(0.0279,0.0169947191316208,-0.015736016720645));
#5033=CARTESIAN_POINT('',(0.0279,0.0162241270725245,-0.0155984997034731));
#5034=CARTESIAN_POINT('',(0.0279,0.0154578101650155,-0.0154425625478218));
#5035=CARTESIAN_POINT('',(0.0279,0.0148247132750519,-0.015289148975163));
#5036=CARTESIAN_POINT('',(0.0279,0.0143239342942265,-0.0151382224428417));
#5037=CARTESIAN_POINT('',(0.0279,0.0139553562608437,-0.015001977009459));
#5038=CARTESIAN_POINT('',(0.0279,0.0136656064558665,-0.0148545932836183));
#5039=CARTESIAN_POINT('',(0.0279,0.0134600733914877,-0.0146744778513677));
#5040=CARTESIAN_POINT('',(0.0279,0.013437350541458,-0.0144611887408079));
#5041=CARTESIAN_POINT('',(0.0279,0.0135850977986261,-0.0143114922593679));
#5042=CARTESIAN_POINT('',(0.0279,0.0138009122549862,-0.0141706178055192));
#5043=CARTESIAN_POINT('',(0.0279,0.0141018703572621,-0.0140401723521425));
#5044=CARTESIAN_POINT('',(0.0279,0.0144687399141234,-0.0139158434049164));
#5045=CARTESIAN_POINT('',(0.0279,0.0149694054214859,-0.0137738158986373));
#5046=CARTESIAN_POINT('',(0.0279,0.0156004852320653,-0.013626608312927));
#5047=CARTESIAN_POINT('',(0.0279,0.0163626317711889,-0.013475630863219));
#5048=CARTESIAN_POINT('',(0.0279,0.0171278824953107,-0.0133417134590456));
#5049=CARTESIAN_POINT('',(0.0279,0.0181511541238238,-0.0131792949962144));
#5050=CARTESIAN_POINT('',(0.0279,0.0194346668765727,-0.012998876933555));
#5051=CARTESIAN_POINT('',(0.0279,0.0209770131956513,-0.012805678140193));
#5052=CARTESIAN_POINT('',(0.0279,0.0230356154325077,-0.0125703162449482));
#5053=CARTESIAN_POINT('',(0.0279,0.0256117878427777,-0.0123069571587593));
#5054=CARTESIAN_POINT('',(0.0279,0.0287061512313073,-0.0120220230444233));
#5055=CARTESIAN_POINT('',(0.0279,0.0318026108594749,-0.0117591335807657));
#5056=CARTESIAN_POINT('',(0.0279,0.0349006150315713,-0.0115126516217314));
#5057=CARTESIAN_POINT('',(0.0279,0.0369667948648984,-0.011356847996956));
#5058=CARTESIAN_POINT('',(0.0279,0.038,-0.011280656637801));
#5059=CARTESIAN_POINT('',(0.0279,0.038,-0.017819343362199));
#5060=CARTESIAN_POINT('',(0.03235,0.038,-0.01455));
#5061=CARTESIAN_POINT('',(0.029080656637801,0.038,-0.019));
#5062=CARTESIAN_POINT('',(0.035619343362199,0.038,-0.019));
#5063=CARTESIAN_POINT('',(0.0355426584392707,0.0369601018142601,-0.019));
#5064=CARTESIAN_POINT('',(0.0353858273400523,0.034880587376602,-0.019));
#5065=CARTESIAN_POINT('',(0.0351376013301087,0.0317623691042212,-0.019));
#5066=CARTESIAN_POINT('',(0.0348726799726774,0.0286455171102742,-0.019));
#5067=CARTESIAN_POINT('',(0.0345852507760773,0.0255304651932326,-0.019));
#5068=CARTESIAN_POINT('',(0.0343192749773731,0.0229378000555795,-0.019));
#5069=CARTESIAN_POINT('',(0.0340811546382419,0.0208666378334289,-0.019));
#5070=CARTESIAN_POINT('',(0.0338853359922828,0.0193152693985861,-0.019));
#5071=CARTESIAN_POINT('',(0.0337020265261751,0.0180249156343874,-0.019));
#5072=CARTESIAN_POINT('',(0.0335360167197931,0.0169947191265698,-0.019));
#5073=CARTESIAN_POINT('',(0.033398499702487,0.016224127067311,-0.019));
#5074=CARTESIAN_POINT('',(0.0332425625466486,0.0154578101596504,-0.019));
#5075=CARTESIAN_POINT('',(0.0330891489737191,0.0148247132695834,-0.019));
#5076=CARTESIAN_POINT('',(0.0329382224410524,0.0143239342887111,-0.019));
#5077=CARTESIAN_POINT('',(0.0328019770070783,0.0139553562553789,-0.019));
#5078=CARTESIAN_POINT('',(0.0326545932808356,0.0136656064508345,-0.019));
#5079=CARTESIAN_POINT('',(0.0324744778459237,0.0134600733873526,-0.019));
#5080=CARTESIAN_POINT('',(0.0322611887345011,0.0134373505447261,-0.019));
#5081=CARTESIAN_POINT('',(0.0321114922558066,0.0135850978034668,-0.019));
#5082=CARTESIAN_POINT('',(0.0319706178026146,0.0138009122606191,-0.019));
#5083=CARTESIAN_POINT('',(0.0318401723500064,0.0141018703630366,-0.019));
#5084=CARTESIAN_POINT('',(0.0317158434030488,0.0144687399201724,-0.019));
#5085=CARTESIAN_POINT('',(0.031573815897072,0.0149694054277454,-0.019));
#5086=CARTESIAN_POINT('',(0.0314266083115508,0.0156004852385053,-0.019));
#5087=CARTESIAN_POINT('',(0.0312756308619855,0.0163626317778507,-0.019));
#5088=CARTESIAN_POINT('',(0.0311417134579039,0.0171278825021792,-0.019));
#5089=CARTESIAN_POINT('',(0.0309792949951597,0.0181511541309641,-0.019));
#5090=CARTESIAN_POINT('',(0.0307988769325676,0.0194346668840397,-0.019));
#5091=CARTESIAN_POINT('',(0.0306056781392557,0.0209770132035028,-0.019));
#5092=CARTESIAN_POINT('',(0.0303703162440543,0.023035615440847,-0.019));
#5093=CARTESIAN_POINT('',(0.0301069571578791,0.0256117878519058,-0.019));
#5094=CARTESIAN_POINT('',(0.0298220230436001,0.0287061512405412,-0.019));
#5095=CARTESIAN_POINT('',(0.0295591335797648,0.0318026108718781,-0.019));
#5096=CARTESIAN_POINT('',(0.0293126516213777,0.0349006150357234,-0.019));
#5097=CARTESIAN_POINT('',(0.0291568479949605,0.0369667948919594,-0.019));
#5098=CARTESIAN_POINT('',(0.029080656637801,0.038,-0.019));
#5099=CARTESIAN_POINT('',(0.035619343362199,0.038,-0.019));
#5100=CARTESIAN_POINT('',(0.03235,0.038,-0.01455));
#5101=CARTESIAN_POINT('',(0.0368,0.038,-0.017819343362199));
#5102=CARTESIAN_POINT('',(0.0368,0.038,-0.011280656637801));
#5103=CARTESIAN_POINT('',(0.0368,0.0369601018146168,-0.011357341560703));
#5104=CARTESIAN_POINT('',(0.0368,0.0348805873776719,-0.0115141726598664));
#5105=CARTESIAN_POINT('',(0.0368,0.03176236910636,-0.0117623986697177));
#5106=CARTESIAN_POINT('',(0.0368,0.028645517113481,-0.0120273200270422));
#5107=CARTESIAN_POINT('',(0.0368,0.0255304651975045,-0.0123147492235128));
#5108=CARTESIAN_POINT('',(0.0368,0.0229378000607351,-0.0125807250220774));
#5109=CARTESIAN_POINT('',(0.0368,0.0208666378392864,-0.0128188453610572));
#5110=CARTESIAN_POINT('',(0.0368,0.0193152694049673,-0.0130146640068703));
#5111=CARTESIAN_POINT('',(0.0368,0.0180249156411962,-0.0131979734728111));
#5112=CARTESIAN_POINT('',(0.0368,0.0169947191337217,-0.0133639832790007));
#5113=CARTESIAN_POINT('',(0.0368,0.016224127074693,-0.0135015002961167));
#5114=CARTESIAN_POINT('',(0.0368,0.0154578101672472,-0.0136574374516902));
#5115=CARTESIAN_POINT('',(0.0368,0.0148247132773266,-0.0138108510242365));
#5116=CARTESIAN_POINT('',(0.0368,0.0143239342965205,-0.0139617775564141));
#5117=CARTESIAN_POINT('',(0.0368,0.0139553562631168,-0.0140980229895507));
#5118=CARTESIAN_POINT('',(0.0368,0.0136656064579595,-0.0142454067152244));
#5119=CARTESIAN_POINT('',(0.0368,0.0134600733932078,-0.0144255221463678));
#5120=CARTESIAN_POINT('',(0.0368,0.0134373505400987,-0.0146388112565689));
#5121=CARTESIAN_POINT('',(0.0368,0.0135850977966125,-0.0147885077391507));
#5122=CARTESIAN_POINT('',(0.0368,0.0138009122526432,-0.0149293821932726));
#5123=CARTESIAN_POINT('',(0.0368,0.01410187035486,-0.0150598276469689));
#5124=CARTESIAN_POINT('',(0.0368,0.0144687399116073,-0.0151841565943067));
#5125=CARTESIAN_POINT('',(0.0368,0.0149694054188819,-0.0153261841007115));
#5126=CARTESIAN_POINT('',(0.0368,0.0156004852293862,-0.0154733916865004));
#5127=CARTESIAN_POINT('',(0.0368,0.0163626317684175,-0.0156243691362679));
#5128=CARTESIAN_POINT('',(0.0368,0.017127882492453,-0.0157582865404794));
#5129=CARTESIAN_POINT('',(0.0368,0.018151154120853,-0.0159207050033467));
#5130=CARTESIAN_POINT('',(0.0368,0.0194346668734656,-0.0161011230660341));
#5131=CARTESIAN_POINT('',(0.0368,0.020977013192384,-0.0162943218594169));
#5132=CARTESIAN_POINT('',(0.0368,0.0230356154290371,-0.0165296837546798));
#5133=CARTESIAN_POINT('',(0.0368,0.0256117878389785,-0.0167930428408743));
#5134=CARTESIAN_POINT('',(0.0368,0.0287061512274637,-0.0170779769552341));
#5135=CARTESIAN_POINT('',(0.0368,0.0318026108543113,-0.0173408664188176));
#5136=CARTESIAN_POINT('',(0.0368,0.0349006150298431,-0.0175873483781213));
#5137=CARTESIAN_POINT('',(0.0368,0.0369667948536317,-0.0177431520022131));
#5138=CARTESIAN_POINT('',(0.0368,0.038,-0.017819343362199));
#5139=CARTESIAN_POINT('',(0.03235,0.040869141837904,-0.00565));
#5140=CARTESIAN_POINT('',(0.0351604110292354,7.4693975116292E-19,-0.003));
#5141=CARTESIAN_POINT('',(0.0357633874011416,0.0100479940045018,-0.003));
#5142=CARTESIAN_POINT('',(0.0362891421663576,0.0201003763622995,-0.003));
#5143=CARTESIAN_POINT('',(0.0367999999999987,0.030153408998701,-0.003));
#5144=CARTESIAN_POINT('',(0.0295395889707646,7.4259651985375E-19,-0.003));
#5145=CARTESIAN_POINT('',(0.0289366125988585,0.0100479940045014,-0.003));
#5146=CARTESIAN_POINT('',(0.0284108578336425,0.0201003763622986,-0.003));
#5147=CARTESIAN_POINT('',(0.0279000000000014,0.0301534089986997,-0.003));
#5148=CARTESIAN_POINT('',(0.03235,0.038,-0.00565));
#5149=CARTESIAN_POINT('',(0.03235,0.038,-0.00565));
#5150=CARTESIAN_POINT('',(0.01455,0.040869141837904,-0.05905));
#5151=CARTESIAN_POINT('',(0.01455,0.038,-0.05905));
#5152=CARTESIAN_POINT('',(0.017819343362199,0.038,-0.0546));
#5153=CARTESIAN_POINT('',(0.019,0.038,-0.055780656637801));
#5154=CARTESIAN_POINT('',(0.017819343362199,0.038,-0.0546));
#5155=CARTESIAN_POINT('',(0.017742658439288,0.0369601018144948,-0.0546));
#5156=CARTESIAN_POINT('',(0.0175858273401058,0.0348805873773059,-0.0546));
#5157=CARTESIAN_POINT('',(0.0173376013302229,0.0317623691056284,-0.0546));
#5158=CARTESIAN_POINT('',(0.0170726799728619,0.0286455171123841,-0.0546));
#5159=CARTESIAN_POINT('',(0.016785250776347,0.0255304651960432,-0.0546));
#5160=CARTESIAN_POINT('',(0.0165192749777347,0.0229378000589715,-0.0546));
#5161=CARTESIAN_POINT('',(0.0162811546387031,0.0208666378372827,-0.0546));
#5162=CARTESIAN_POINT('',(0.01608533599284,0.0193152694027845,-0.0546));
#5163=CARTESIAN_POINT('',(0.0159020265268421,0.0180249156388672,-0.0546));
#5164=CARTESIAN_POINT('',(0.0157360167205867,0.0169947191312752,-0.0546));
#5165=CARTESIAN_POINT('',(0.0155984997034057,0.0162241270721678,-0.0546));
#5166=CARTESIAN_POINT('',(0.0154425625477416,0.0154578101646485,-0.0546));
#5167=CARTESIAN_POINT('',(0.0152891489750642,0.0148247132746778,-0.0546));
#5168=CARTESIAN_POINT('',(0.0151382224427193,0.0143239342938492,-0.0546));
#5169=CARTESIAN_POINT('',(0.0150019770092962,0.0139553562604699,-0.0546));
#5170=CARTESIAN_POINT('',(0.0148545932834279,0.0136656064555223,-0.0546));
#5171=CARTESIAN_POINT('',(0.0146744778509953,0.0134600733912048,-0.0546));
#5172=CARTESIAN_POINT('',(0.0144611887403763,0.0134373505416816,-0.0546));
#5173=CARTESIAN_POINT('',(0.0143114922591242,0.0135850977989573,-0.0546));
#5174=CARTESIAN_POINT('',(0.0141706178053204,0.0138009122553716,-0.0546));
#5175=CARTESIAN_POINT('',(0.0140401723519963,0.0141018703576572,-0.0546));
#5176=CARTESIAN_POINT('',(0.0139158434047886,0.0144687399145373,-0.0546));
#5177=CARTESIAN_POINT('',(0.0137738158985303,0.0149694054219141,-0.0546));
#5178=CARTESIAN_POINT('',(0.0136266083128329,0.0156004852325059,-0.0546));
#5179=CARTESIAN_POINT('',(0.0134756308631346,0.0163626317716447,-0.0546));
#5180=CARTESIAN_POINT('',(0.0133417134589675,0.0171278824957805,-0.0546));
#5181=CARTESIAN_POINT('',(0.0131792949961423,0.0181511541243123,-0.0546));
#5182=CARTESIAN_POINT('',(0.0129988769334875,0.0194346668770834,-0.0546));
#5183=CARTESIAN_POINT('',(0.0128056781401289,0.0209770131961882,-0.0546));
#5184=CARTESIAN_POINT('',(0.012570316244887,0.0230356154330779,-0.0546));
#5185=CARTESIAN_POINT('',(0.0123069571586992,0.0256117878434017,-0.0546));
#5186=CARTESIAN_POINT('',(0.012022023044367,0.0287061512319385,-0.0546));
#5187=CARTESIAN_POINT('',(0.0117591335806973,0.0318026108603225,-0.0546));
#5188=CARTESIAN_POINT('',(0.0115126516217072,0.0349006150318552,-0.0546));
#5189=CARTESIAN_POINT('',(0.0113568479968197,0.0369667948667475,-0.0546));
#5190=CARTESIAN_POINT('',(0.011280656637801,0.038,-0.0546));
#5191=CARTESIAN_POINT('',(0.011280656637801,0.038,-0.0546));
#5192=CARTESIAN_POINT('',(0.01455,0.038,-0.05905));
#5193=CARTESIAN_POINT('',(0.0101,0.038,-0.055780656637801));
#5194=CARTESIAN_POINT('',(0.0101,0.038,-0.055780656637801));
#5195=CARTESIAN_POINT('',(0.0101,0.0362494138736172,-0.0559097496240393));
#5196=CARTESIAN_POINT('',(0.0101,0.0327490738221803,-0.0561776857651792));
#5197=CARTESIAN_POINT('',(0.0101,0.0283763359560815,-0.056548046955181));
#5198=CARTESIAN_POINT('',(0.0101,0.0248814505675325,-0.0568799167779893));
#5199=CARTESIAN_POINT('',(0.0101,0.0226996707473751,-0.0571079568540998));
#5200=CARTESIAN_POINT('',(0.0101,0.0209564156097472,-0.0573089289253559));
#5201=CARTESIAN_POINT('',(0.0101,0.0196503681203125,-0.0574716709090732));
#5202=CARTESIAN_POINT('',(0.0101,0.018346276472907,-0.0576503110367478));
#5203=CARTESIAN_POINT('',(0.0101,0.0170445585488467,-0.0578518510068995));
#5204=CARTESIAN_POINT('',(0.0101,0.0159641893032041,-0.0580486711009991));
#5205=CARTESIAN_POINT('',(0.0101,0.0151077891608285,-0.0582394773295824));
#5206=CARTESIAN_POINT('',(0.0101,0.0145774795639635,-0.0583808095520052));
#5207=CARTESIAN_POINT('',(0.0101,0.0141590563422652,-0.058520117122914));
#5208=CARTESIAN_POINT('',(0.0101,0.0138541049942006,-0.0586457333506303));
#5209=CARTESIAN_POINT('',(0.0101,0.0136141230609983,-0.0587815536000233));
#5210=CARTESIAN_POINT('',(0.0101,0.0134556989568345,-0.0589466354270691));
#5211=CARTESIAN_POINT('',(0.0101,0.0134403977670857,-0.0591242312460619));
#5212=CARTESIAN_POINT('',(0.0101,0.0135523121715159,-0.059258920689409));
#5213=CARTESIAN_POINT('',(0.0101,0.0137276415148139,-0.0593877678928838));
#5214=CARTESIAN_POINT('',(0.0101,0.0139771140663775,-0.0595087065945639));
#5215=CARTESIAN_POINT('',(0.0101,0.0142822898603722,-0.0596230204480712));
#5216=CARTESIAN_POINT('',(0.0101,0.0146994011101457,-0.0597535582471379));
#5217=CARTESIAN_POINT('',(0.0101,0.015229209891139,-0.0598892830743999));
#5218=CARTESIAN_POINT('',(0.0101,0.015868350176912,-0.060027865577802));
#5219=CARTESIAN_POINT('',(0.0101,0.0165106833896182,-0.0601506553734845));
#5220=CARTESIAN_POINT('',(0.0101,0.0173697828060761,-0.0602993436196463));
#5221=CARTESIAN_POINT('',(0.0101,0.0184475768872803,-0.060464188184175));
#5222=CARTESIAN_POINT('',(0.0101,0.0197447382661326,-0.0606405553515244));
#5223=CARTESIAN_POINT('',(0.0101,0.0210430674621577,-0.0608013748301207));
#5224=CARTESIAN_POINT('',(0.0101,0.0227757570923883,-0.0610002574403257));
#5225=CARTESIAN_POINT('',(0.0101,0.0249437352531479,-0.0612261891220239));
#5226=CARTESIAN_POINT('',(0.0101,0.0275476245170427,-0.0614730943866406));
#5227=CARTESIAN_POINT('',(0.0101,0.0292846711588321,-0.0616258679789175));
#5228=CARTESIAN_POINT('',(0.0101,0.0301534089987276,-0.0617));
#5229=CARTESIAN_POINT('',(0.0101,0.0301534089987277,-0.0617));
#5230=CARTESIAN_POINT('',(0.0117395889707646,1.00013183877777E-18,-0.0617));
#5231=CARTESIAN_POINT('',(0.0111366125988579,0.0100479940045107,-0.0617));
#5232=CARTESIAN_POINT('',(0.0106108578336415,0.0201003763623172,-0.0617));
#5233=CARTESIAN_POINT('',(0.0101,0.0301534089987277,-0.0617));
#5234=CARTESIAN_POINT('',(0.0173604110292353,1.00169438295961E-18,-0.0617));
#5235=CARTESIAN_POINT('',(0.017963387401142,0.0100479940045107,-0.0617));
#5236=CARTESIAN_POINT('',(0.0184891421663585,0.0201003763623173,-0.0617));
#5237=CARTESIAN_POINT('',(0.019,0.0301534089987277,-0.0617));
#5238=CARTESIAN_POINT('',(0.019,0.0301534089987277,-0.0617));
#5239=CARTESIAN_POINT('',(0.019,0.038,-0.055780656637801));
#5240=CARTESIAN_POINT('',(0.019,0.0362494138736172,-0.0559097496240393));
#5241=CARTESIAN_POINT('',(0.019,0.0327490738221802,-0.0561776857651792));
#5242=CARTESIAN_POINT('',(0.019,0.0283763359560814,-0.056548046955181));
#5243=CARTESIAN_POINT('',(0.019,0.0248814505675323,-0.0568799167779893));
#5244=CARTESIAN_POINT('',(0.019,0.0226996707473749,-0.0571079568540998));
#5245=CARTESIAN_POINT('',(0.019,0.0209564156097469,-0.0573089289253559));
#5246=CARTESIAN_POINT('',(0.019,0.0196503681203122,-0.0574716709090732));
#5247=CARTESIAN_POINT('',(0.019,0.0183462764729067,-0.0576503110367478));
#5248=CARTESIAN_POINT('',(0.019,0.0170445585488464,-0.0578518510068996));
#5249=CARTESIAN_POINT('',(0.019,0.0159641893032038,-0.0580486711009991));
#5250=CARTESIAN_POINT('',(0.019,0.0151077891608282,-0.0582394773295824));
#5251=CARTESIAN_POINT('',(0.019,0.0145774795639631,-0.0583808095520053));
#5252=CARTESIAN_POINT('',(0.019,0.0141590563422649,-0.0585201171229142));
#5253=CARTESIAN_POINT('',(0.019,0.0138541049942003,-0.0586457333506304));
#5254=CARTESIAN_POINT('',(0.019,0.013614123060998,-0.0587815536000234));
#5255=CARTESIAN_POINT('',(0.019,0.0134556989568343,-0.0589466354270694));
#5256=CARTESIAN_POINT('',(0.019,0.0134403977670858,-0.0591242312460622));
#5257=CARTESIAN_POINT('',(0.019,0.0135523121715162,-0.0592589206894093));
#5258=CARTESIAN_POINT('',(0.019,0.0137276415148142,-0.059387767892884));
#5259=CARTESIAN_POINT('',(0.019,0.0139771140663778,-0.0595087065945641));
#5260=CARTESIAN_POINT('',(0.019,0.0142822898603725,-0.0596230204480713));
#5261=CARTESIAN_POINT('',(0.019,0.0146994011101461,-0.059753558247138));
#5262=CARTESIAN_POINT('',(0.019,0.0152292098911393,-0.0598892830744));
#5263=CARTESIAN_POINT('',(0.019,0.0158683501769123,-0.0600278655778021));
#5264=CARTESIAN_POINT('',(0.019,0.0165106833896186,-0.0601506553734846));
#5265=CARTESIAN_POINT('',(0.019,0.0173697828060765,-0.0602993436196464));
#5266=CARTESIAN_POINT('',(0.019,0.0184475768872806,-0.0604641881841751));
#5267=CARTESIAN_POINT('',(0.019,0.0197447382661328,-0.0606405553515245));
#5268=CARTESIAN_POINT('',(0.019,0.021043067462158,-0.0608013748301207));
#5269=CARTESIAN_POINT('',(0.019,0.0227757570923885,-0.0610002574403257));
#5270=CARTESIAN_POINT('',(0.019,0.0249437352531481,-0.0612261891220239));
#5271=CARTESIAN_POINT('',(0.019,0.0275476245170428,-0.0614730943866406));
#5272=CARTESIAN_POINT('',(0.019,0.0292846711588321,-0.0616258679789175));
#5273=CARTESIAN_POINT('',(0.019,0.0301534089987277,-0.0617));
#5274=CARTESIAN_POINT('',(0.01455,0.040869141837904,-0.05015));
#5275=CARTESIAN_POINT('',(0.01455,0.038,-0.05015));
#5276=CARTESIAN_POINT('',(0.017819343362199,0.038,-0.0457));
#5277=CARTESIAN_POINT('',(0.019,0.038,-0.046880656637801));
#5278=CARTESIAN_POINT('',(0.011280656637801,0.038,-0.0457));
#5279=CARTESIAN_POINT('',(0.0113573415607293,0.0369601018142602,-0.0457));
#5280=CARTESIAN_POINT('',(0.0115141726599477,0.0348805873766023,-0.0457));
#5281=CARTESIAN_POINT('',(0.0117623986698913,0.0317623691042217,-0.0457));
#5282=CARTESIAN_POINT('',(0.0120273200273225,0.0286455171102749,-0.0457));
#5283=CARTESIAN_POINT('',(0.0123147492239226,0.0255304651932335,-0.0457));
#5284=CARTESIAN_POINT('',(0.0125807250226268,0.0229378000555806,-0.0457));
#5285=CARTESIAN_POINT('',(0.0128188453617579,0.0208666378334301,-0.0457));
#5286=CARTESIAN_POINT('',(0.0130146640077171,0.0193152693985875,-0.0457));
#5287=CARTESIAN_POINT('',(0.0131979734738246,0.0180249156343889,-0.0457));
#5288=CARTESIAN_POINT('',(0.0133639832802066,0.0169947191265714,-0.0457));
#5289=CARTESIAN_POINT('',(0.0135015002975127,0.0162241270673126,-0.0457));
#5290=CARTESIAN_POINT('',(0.013657437453351,0.015457810159652,-0.0457));
#5291=CARTESIAN_POINT('',(0.0138108510262805,0.014824713269585,-0.0457));
#5292=CARTESIAN_POINT('',(0.013961777558947,0.0143239342887129,-0.0457));
#5293=CARTESIAN_POINT('',(0.0140980229929209,0.0139553562553806,-0.0457));
#5294=CARTESIAN_POINT('',(0.0142454067191635,0.0136656064508361,-0.0457));
#5295=CARTESIAN_POINT('',(0.0144255221540747,0.0134600733873538,-0.0457));
#5296=CARTESIAN_POINT('',(0.0146388112654969,0.0134373505447252,-0.0457));
#5297=CARTESIAN_POINT('',(0.0147885077441922,0.0135850978034653,-0.0457));
#5298=CARTESIAN_POINT('',(0.0149293821973845,0.0138009122606173,-0.0457));
#5299=CARTESIAN_POINT('',(0.015059827649993,0.0141018703630349,-0.0457));
#5300=CARTESIAN_POINT('',(0.0151841565969507,0.0144687399201706,-0.0457));
#5301=CARTESIAN_POINT('',(0.0153261841029275,0.0149694054277436,-0.0457));
#5302=CARTESIAN_POINT('',(0.0154733916884489,0.0156004852385036,-0.0457));
#5303=CARTESIAN_POINT('',(0.0156243691380142,0.0163626317778491,-0.0457));
#5304=CARTESIAN_POINT('',(0.0157582865420958,0.0171278825021776,-0.0457));
#5305=CARTESIAN_POINT('',(0.0159207050048401,0.0181511541309626,-0.0457));
#5306=CARTESIAN_POINT('',(0.0161011230674323,0.0194346668840383,-0.0457));
#5307=CARTESIAN_POINT('',(0.0162943218607442,0.0209770132035015,-0.0457));
#5308=CARTESIAN_POINT('',(0.0165296837559456,0.0230356154408458,-0.0457));
#5309=CARTESIAN_POINT('',(0.0167930428421208,0.0256117878519048,-0.0457));
#5310=CARTESIAN_POINT('',(0.0170779769563998,0.0287061512405405,-0.0457));
#5311=CARTESIAN_POINT('',(0.0173408664202352,0.0318026108718776,-0.0457));
#5312=CARTESIAN_POINT('',(0.0175873483786223,0.0349006150357231,-0.0457));
#5313=CARTESIAN_POINT('',(0.0177431520050395,0.0369667948919593,-0.0457));
#5314=CARTESIAN_POINT('',(0.017819343362199,0.038,-0.0457));
#5315=CARTESIAN_POINT('',(0.011280656637801,0.038,-0.0457));
#5316=CARTESIAN_POINT('',(0.01455,0.038,-0.05015));
#5317=CARTESIAN_POINT('',(0.0101,0.038,-0.046880656637801));
#5318=CARTESIAN_POINT('',(0.0101,0.038,-0.053419343362199));
#5319=CARTESIAN_POINT('',(0.0101,0.0369601018146168,-0.053342658439297));
#5320=CARTESIAN_POINT('',(0.0101,0.0348805873776721,-0.0531858273401336));
#5321=CARTESIAN_POINT('',(0.0101,0.0317623691063603,-0.0529376013302823));
#5322=CARTESIAN_POINT('',(0.0101,0.0286455171134814,-0.0526726799729579));
#5323=CARTESIAN_POINT('',(0.0101,0.0255304651975051,-0.0523852507764873));
#5324=CARTESIAN_POINT('',(0.0101,0.0229378000607358,-0.0521192749779227));
#5325=CARTESIAN_POINT('',(0.0101,0.0208666378392871,-0.0518811546389429));
#5326=CARTESIAN_POINT('',(0.0101,0.0193152694049681,-0.0516853359931299));
#5327=CARTESIAN_POINT('',(0.0101,0.0180249156411971,-0.051502026527189));
#5328=CARTESIAN_POINT('',(0.0101,0.0169947191337227,-0.0513360167209995));
#5329=CARTESIAN_POINT('',(0.0101,0.0162241270746939,-0.0511984997038835));
#5330=CARTESIAN_POINT('',(0.0101,0.0154578101672482,-0.05104256254831));
#5331=CARTESIAN_POINT('',(0.0101,0.0148247132773276,-0.0508891489757638));
#5332=CARTESIAN_POINT('',(0.0101,0.0143239342965216,-0.0507382224435863));
#5333=CARTESIAN_POINT('',(0.0101,0.0139553562631178,-0.0506019770104497));
#5334=CARTESIAN_POINT('',(0.0101,0.0136656064579605,-0.0504545932847762));
#5335=CARTESIAN_POINT('',(0.0101,0.0134600733932085,-0.0502744778536332));
#5336=CARTESIAN_POINT('',(0.0101,0.0134373505400981,-0.0500611887434322));
#5337=CARTESIAN_POINT('',(0.0101,0.0135850977966117,-0.0499114922608498));
#5338=CARTESIAN_POINT('',(0.0101,0.0138009122526422,-0.0497706178067279));
#5339=CARTESIAN_POINT('',(0.0101,0.0141018703548591,-0.0496401723530314));
#5340=CARTESIAN_POINT('',(0.0101,0.0144687399116063,-0.0495158434056936));
#5341=CARTESIAN_POINT('',(0.0101,0.014969405418881,-0.0493738158992888));
#5342=CARTESIAN_POINT('',(0.0101,0.0156004852293852,-0.0492266083134998));
#5343=CARTESIAN_POINT('',(0.0101,0.0163626317684166,-0.0490756308637323));
#5344=CARTESIAN_POINT('',(0.0101,0.0171278824924521,-0.0489417134595208));
#5345=CARTESIAN_POINT('',(0.0101,0.0181511541208522,-0.0487792949966534));
#5346=CARTESIAN_POINT('',(0.0101,0.0194346668734648,-0.048598876933966));
#5347=CARTESIAN_POINT('',(0.0101,0.0209770131923833,-0.0484056781405832));
#5348=CARTESIAN_POINT('',(0.0101,0.0230356154290365,-0.0481703162453202));
#5349=CARTESIAN_POINT('',(0.0101,0.0256117878389779,-0.0479069571591257));
#5350=CARTESIAN_POINT('',(0.0101,0.0287061512274633,-0.0476220230447659));
#5351=CARTESIAN_POINT('',(0.0101,0.0318026108543111,-0.0473591335811825));
#5352=CARTESIAN_POINT('',(0.0101,0.0349006150298429,-0.0471126516218787));
#5353=CARTESIAN_POINT('',(0.0101,0.0369667948536317,-0.0469568479977869));
#5354=CARTESIAN_POINT('',(0.0101,0.038,-0.046880656637801));
#5355=CARTESIAN_POINT('',(0.0101,0.038,-0.053419343362199));
#5356=CARTESIAN_POINT('',(0.01455,0.038,-0.05015));
#5357=CARTESIAN_POINT('',(0.01455,0.038,-0.05015));
#5358=CARTESIAN_POINT('',(0.019,0.038,-0.053419343362199));
#5359=CARTESIAN_POINT('',(0.019,0.038,-0.046880656637801));
#5360=CARTESIAN_POINT('',(0.019,0.0369601018145121,-0.0469573415607107));
#5361=CARTESIAN_POINT('',(0.019,0.0348805873773578,-0.0471141726598903));
#5362=CARTESIAN_POINT('',(0.019,0.0317623691057322,-0.0473623986697687));
#5363=CARTESIAN_POINT('',(0.019,0.0286455171125396,-0.0476273200271245));
#5364=CARTESIAN_POINT('',(0.019,0.0255304651962505,-0.0479147492236331));
#5365=CARTESIAN_POINT('',(0.019,0.0229378000592216,-0.0481807250222387));
#5366=CARTESIAN_POINT('',(0.019,0.0208666378375669,-0.0484188453612629));
#5367=CARTESIAN_POINT('',(0.019,0.019315269403094,-0.0486146640071189));
#5368=CARTESIAN_POINT('',(0.019,0.0180249156391975,-0.0487979734731087));
#5369=CARTESIAN_POINT('',(0.019,0.0169947191316222,-0.0489639832793548));
#5370=CARTESIAN_POINT('',(0.019,0.016224127072526,-0.0491015002965266));
#5371=CARTESIAN_POINT('',(0.019,0.015457810165017,-0.0492574374521779));
#5372=CARTESIAN_POINT('',(0.019,0.0148247132750535,-0.0494108510248366));
#5373=CARTESIAN_POINT('',(0.019,0.0143239342942281,-0.0495617775571578));
#5374=CARTESIAN_POINT('',(0.019,0.0139553562608453,-0.0496980229905403));
#5375=CARTESIAN_POINT('',(0.019,0.013665606455868,-0.0498454067163809));
#5376=CARTESIAN_POINT('',(0.019,0.0134600733914889,-0.0500255221486307));
#5377=CARTESIAN_POINT('',(0.019,0.0134373505414571,-0.0502388112591904));
#5378=CARTESIAN_POINT('',(0.019,0.0135850977986247,-0.0503885077406311));
#5379=CARTESIAN_POINT('',(0.019,0.0138009122549847,-0.0505293821944801));
#5380=CARTESIAN_POINT('',(0.019,0.0141018703572606,-0.050659827647857));
#5381=CARTESIAN_POINT('',(0.019,0.014468739914122,-0.0507841565950831));
#5382=CARTESIAN_POINT('',(0.019,0.0149694054214843,-0.0509261841013623));
#5383=CARTESIAN_POINT('',(0.019,0.0156004852320639,-0.0510733916870727));
#5384=CARTESIAN_POINT('',(0.019,0.0163626317711875,-0.0512243691367808));
#5385=CARTESIAN_POINT('',(0.019,0.0171278824953094,-0.0513582865409542));
#5386=CARTESIAN_POINT('',(0.019,0.0181511541238225,-0.0515207050037854));
#5387=CARTESIAN_POINT('',(0.019,0.0194346668765715,-0.0517011230664448));
#5388=CARTESIAN_POINT('',(0.019,0.0209770131956502,-0.0518943218598068));
#5389=CARTESIAN_POINT('',(0.019,0.0230356154325067,-0.0521296837550517));
#5390=CARTESIAN_POINT('',(0.019,0.0256117878427769,-0.0523930428412406));
#5391=CARTESIAN_POINT('',(0.019,0.0287061512313067,-0.0526779769555767));
#5392=CARTESIAN_POINT('',(0.019,0.0318026108594744,-0.0529408664192342));
#5393=CARTESIAN_POINT('',(0.019,0.0349006150315711,-0.0531873483782686));
#5394=CARTESIAN_POINT('',(0.019,0.0369667948648984,-0.053343152003044));
#5395=CARTESIAN_POINT('',(0.019,0.038,-0.053419343362199));
#5396=CARTESIAN_POINT('',(0.00565,0.040869141837904,-0.05905));
#5397=CARTESIAN_POINT('',(0.00891934336219899,0.038,-0.0546));
#5398=CARTESIAN_POINT('',(0.00879025037596069,0.0362494138736172,-0.0546));
#5399=CARTESIAN_POINT('',(0.0085223142348208,0.03274907382218,-0.0546));
#5400=CARTESIAN_POINT('',(0.00815195304481893,0.028376335956081,-0.0546));
#5401=CARTESIAN_POINT('',(0.00782008322201065,0.0248814505675318,-0.0546));
#5402=CARTESIAN_POINT('',(0.00759204314590015,0.0226996707473743,-0.0546));
#5403=CARTESIAN_POINT('',(0.00739107107464398,0.0209564156097462,-0.0546));
#5404=CARTESIAN_POINT('',(0.0072283290909267,0.0196503681203116,-0.0546));
#5405=CARTESIAN_POINT('',(0.00704968896325209,0.0183462764729059,-0.0546));
#5406=CARTESIAN_POINT('',(0.00684814899310027,0.0170445585488455,-0.0546));
#5407=CARTESIAN_POINT('',(0.0066513288990007,0.0159641893032029,-0.0546));
#5408=CARTESIAN_POINT('',(0.00646052267041737,0.0151077891608274,-0.0546));
#5409=CARTESIAN_POINT('',(0.00631919044799438,0.0145774795639622,-0.0546));
#5410=CARTESIAN_POINT('',(0.00617988287708555,0.014159056342264,-0.0546));
#5411=CARTESIAN_POINT('',(0.00605426664936913,0.0138541049941995,-0.0546));
#5412=CARTESIAN_POINT('',(0.00591844639997606,0.0136141230609972,-0.0546));
#5413=CARTESIAN_POINT('',(0.00575336457292964,0.0134556989568337,-0.0546));
#5414=CARTESIAN_POINT('',(0.00557576875393672,0.0134403977670863,-0.0546));
#5415=CARTESIAN_POINT('',(0.00544107931059009,0.013552312171517,-0.0546));
#5416=CARTESIAN_POINT('',(0.00531223210711547,0.0137276415148151,-0.0546));
#5417=CARTESIAN_POINT('',(0.00519129340543553,0.0139771140663787,-0.0546));
#5418=CARTESIAN_POINT('',(0.00507697955192837,0.0142822898603734,-0.0546));
#5419=CARTESIAN_POINT('',(0.00494644175286178,0.014699401110147,-0.0546));
#5420=CARTESIAN_POINT('',(0.00481071692559983,0.0152292098911401,-0.0546));
#5421=CARTESIAN_POINT('',(0.00467213442219773,0.0158683501769132,-0.0546));
#5422=CARTESIAN_POINT('',(0.00454934462651529,0.0165106833896193,-0.0546));
#5423=CARTESIAN_POINT('',(0.00440065638035349,0.0173697828060772,-0.0546));
#5424=CARTESIAN_POINT('',(0.00423581181582486,0.0184475768872812,-0.0546));
#5425=CARTESIAN_POINT('',(0.00405944464847546,0.0197447382661334,-0.0546));
#5426=CARTESIAN_POINT('',(0.00389862516987924,0.0210430674621584,-0.0546));
#5427=CARTESIAN_POINT('',(0.00369974255967423,0.0227757570923889,-0.0546));
#5428=CARTESIAN_POINT('',(0.00347381087797607,0.0249437352531482,-0.0546));
#5429=CARTESIAN_POINT('',(0.00322690561335936,0.0275476245170428,-0.0546));
#5430=CARTESIAN_POINT('',(0.00307413202108254,0.029284671158832,-0.0546));
#5431=CARTESIAN_POINT('',(0.00299999999999999,0.0301534089987275,-0.0546));
#5432=CARTESIAN_POINT('',(0.00891934336219899,0.038,-0.0546));
#5433=CARTESIAN_POINT('',(0.003,0.0301534089987275,-0.0546));
#5434=CARTESIAN_POINT('',(0.003,4.34194362002356E-19,-0.0562395889707646));
#5435=CARTESIAN_POINT('',(0.003,0.0100479940045107,-0.0556366125988579));
#5436=CARTESIAN_POINT('',(0.003,0.0201003763623171,-0.0551108578336415));
#5437=CARTESIAN_POINT('',(0.003,0.0301534089987275,-0.0546));
#5438=CARTESIAN_POINT('',(0.00846041102923536,1.00013183877777E-18,-0.0617));
#5439=CARTESIAN_POINT('',(0.00906338740114205,0.0100479940045107,-0.0617));
#5440=CARTESIAN_POINT('',(0.00958914216635851,0.0201003763623172,-0.0617));
#5441=CARTESIAN_POINT('',(0.0101,0.0301534089987277,-0.0617));
#5442=CARTESIAN_POINT('',(0.00565,0.038,-0.05905));
#5443=CARTESIAN_POINT('',(0.01455,0.040869141837904,-0.03235));
#5444=CARTESIAN_POINT('',(0.01455,0.038,-0.03235));
#5445=CARTESIAN_POINT('',(0.017819343362199,0.038,-0.0279));
#5446=CARTESIAN_POINT('',(0.019,0.038,-0.029080656637801));
#5447=CARTESIAN_POINT('',(0.017819343362199,0.038,-0.0279));
#5448=CARTESIAN_POINT('',(0.0177426584392801,0.0369601018143875,-0.0279));
#5449=CARTESIAN_POINT('',(0.0175858273400814,0.0348805873769842,-0.0279));
#5450=CARTESIAN_POINT('',(0.0173376013301707,0.0317623691049852,-0.0279));
#5451=CARTESIAN_POINT('',(0.0170726799727776,0.0286455171114196,-0.0279));
#5452=CARTESIAN_POINT('',(0.0167852507762237,0.0255304651947585,-0.0279));
#5453=CARTESIAN_POINT('',(0.0165192749775694,0.0229378000574211,-0.0279));
#5454=CARTESIAN_POINT('',(0.0162811546384923,0.0208666378355211,-0.0279));
#5455=CARTESIAN_POINT('',(0.0160853359925853,0.0193152694008654,-0.0279));
#5456=CARTESIAN_POINT('',(0.0159020265265372,0.0180249156368195,-0.0279));
#5457=CARTESIAN_POINT('',(0.015736016720224,0.0169947191291245,-0.0279));
#5458=CARTESIAN_POINT('',(0.0155984997029857,0.0162241270699478,-0.0279));
#5459=CARTESIAN_POINT('',(0.015442562547242,0.0154578101623639,-0.0279));
#5460=CARTESIAN_POINT('',(0.0152891489744494,0.0148247132723492,-0.0279));
#5461=CARTESIAN_POINT('',(0.0151382224419574,0.0143239342915006,-0.0279));
#5462=CARTESIAN_POINT('',(0.0150019770082824,0.0139553562581429,-0.0279));
#5463=CARTESIAN_POINT('',(0.014854593282243,0.0136656064533795,-0.0279));
#5464=CARTESIAN_POINT('',(0.0146744778486771,0.013460073389444,-0.0279));
#5465=CARTESIAN_POINT('',(0.0144611887376908,0.0134373505430733,-0.0279));
#5466=CARTESIAN_POINT('',(0.0143114922576077,0.0135850978010186,-0.0279));
#5467=CARTESIAN_POINT('',(0.0141706178040835,0.0138009122577703,-0.0279));
#5468=CARTESIAN_POINT('',(0.0140401723510867,0.0141018703601162,-0.0279));
#5469=CARTESIAN_POINT('',(0.0139158434039933,0.0144687399171133,-0.0279));
#5470=CARTESIAN_POINT('',(0.0137738158978636,0.0149694054245798,-0.0279));
#5471=CARTESIAN_POINT('',(0.0136266083122468,0.0156004852352484,-0.0279));
#5472=CARTESIAN_POINT('',(0.0134756308626093,0.0163626317744818,-0.0279));
#5473=CARTESIAN_POINT('',(0.0133417134584813,0.0171278824987057,-0.0279));
#5474=CARTESIAN_POINT('',(0.0131792949956931,0.0181511541273533,-0.0279));
#5475=CARTESIAN_POINT('',(0.0129988769330669,0.0194346668802637,-0.0279));
#5476=CARTESIAN_POINT('',(0.0128056781397297,0.0209770131995325,-0.0279));
#5477=CARTESIAN_POINT('',(0.0125703162445063,0.0230356154366301,-0.0279));
#5478=CARTESIAN_POINT('',(0.0123069571583242,0.0256117878472902,-0.0279));
#5479=CARTESIAN_POINT('',(0.0120220230440163,0.0287061512358722,-0.0279));
#5480=CARTESIAN_POINT('',(0.0117591335802709,0.0318026108656068,-0.0279));
#5481=CARTESIAN_POINT('',(0.0115126516215565,0.0349006150336241,-0.0279));
#5482=CARTESIAN_POINT('',(0.0113568479959694,0.0369667948782774,-0.0279));
#5483=CARTESIAN_POINT('',(0.011280656637801,0.038,-0.0279));
#5484=CARTESIAN_POINT('',(0.011280656637801,0.038,-0.0279));
#5485=CARTESIAN_POINT('',(0.01455,0.038,-0.03235));
#5486=CARTESIAN_POINT('',(0.0101,0.038,-0.029080656637801));
#5487=CARTESIAN_POINT('',(0.0101,0.038,-0.035619343362199));
#5488=CARTESIAN_POINT('',(0.0101,0.0369601018146168,-0.035542658439297));
#5489=CARTESIAN_POINT('',(0.0101,0.0348805873776719,-0.0353858273401336));
#5490=CARTESIAN_POINT('',(0.0101,0.0317623691063599,-0.0351376013302823));
#5491=CARTESIAN_POINT('',(0.0101,0.0286455171134808,-0.0348726799729578));
#5492=CARTESIAN_POINT('',(0.0101,0.0255304651975044,-0.0345852507764872));
#5493=CARTESIAN_POINT('',(0.0101,0.0229378000607349,-0.0343192749779226));
#5494=CARTESIAN_POINT('',(0.0101,0.0208666378392861,-0.0340811546389428));
#5495=CARTESIAN_POINT('',(0.0101,0.019315269404967,-0.0338853359931297));
#5496=CARTESIAN_POINT('',(0.0101,0.0180249156411959,-0.0337020265271888));
#5497=CARTESIAN_POINT('',(0.0101,0.0169947191337214,-0.0335360167209992));
#5498=CARTESIAN_POINT('',(0.0101,0.0162241270746926,-0.0333984997038833));
#5499=CARTESIAN_POINT('',(0.0101,0.0154578101672469,-0.0332425625483097));
#5500=CARTESIAN_POINT('',(0.0101,0.0148247132773262,-0.0330891489757634));
#5501=CARTESIAN_POINT('',(0.0101,0.0143239342965202,-0.0329382224435858));
#5502=CARTESIAN_POINT('',(0.0101,0.0139553562631165,-0.0328019770104491));
#5503=CARTESIAN_POINT('',(0.0101,0.0136656064579592,-0.0326545932847755));
#5504=CARTESIAN_POINT('',(0.0101,0.0134600733932075,-0.0324744778536319));
#5505=CARTESIAN_POINT('',(0.0101,0.0134373505400989,-0.0322611887434307));
#5506=CARTESIAN_POINT('',(0.0101,0.0135850977966129,-0.032111492260849));
#5507=CARTESIAN_POINT('',(0.0101,0.0138009122526436,-0.0319706178067272));
#5508=CARTESIAN_POINT('',(0.0101,0.0141018703548604,-0.0318401723530309));
#5509=CARTESIAN_POINT('',(0.0101,0.0144687399116077,-0.0317158434056932));
#5510=CARTESIAN_POINT('',(0.0101,0.0149694054188823,-0.0315738158992884));
#5511=CARTESIAN_POINT('',(0.0101,0.0156004852293865,-0.0314266083134995));
#5512=CARTESIAN_POINT('',(0.0101,0.0163626317684178,-0.0312756308637321));
#5513=CARTESIAN_POINT('',(0.0101,0.0171278824924534,-0.0311417134595206));
#5514=CARTESIAN_POINT('',(0.0101,0.0181511541208534,-0.0309792949966532));
#5515=CARTESIAN_POINT('',(0.0101,0.0194346668734659,-0.0307988769339659));
#5516=CARTESIAN_POINT('',(0.0101,0.0209770131923843,-0.0306056781405831));
#5517=CARTESIAN_POINT('',(0.0101,0.0230356154290373,-0.0303703162453201));
#5518=CARTESIAN_POINT('',(0.0101,0.0256117878389787,-0.0301069571591257));
#5519=CARTESIAN_POINT('',(0.0101,0.0287061512274638,-0.0298220230447659));
#5520=CARTESIAN_POINT('',(0.0101,0.0318026108543115,-0.0295591335811824));
#5521=CARTESIAN_POINT('',(0.0101,0.034900615029843,-0.0293126516218787));
#5522=CARTESIAN_POINT('',(0.0101,0.0369667948536318,-0.0291568479977868));
#5523=CARTESIAN_POINT('',(0.0101,0.038,-0.029080656637801));
#5524=CARTESIAN_POINT('',(0.0101,0.038,-0.035619343362199));
#5525=CARTESIAN_POINT('',(0.01455,0.038,-0.03235));
#5526=CARTESIAN_POINT('',(0.011280656637801,0.038,-0.0368));
#5527=CARTESIAN_POINT('',(0.017819343362199,0.038,-0.0368));
#5528=CARTESIAN_POINT('',(0.0177426584392707,0.0369601018142602,-0.0368));
#5529=CARTESIAN_POINT('',(0.0175858273400523,0.0348805873766023,-0.0368));
#5530=CARTESIAN_POINT('',(0.0173376013301087,0.0317623691042219,-0.0368));
#5531=CARTESIAN_POINT('',(0.0170726799726775,0.0286455171102751,-0.0368));
#5532=CARTESIAN_POINT('',(0.0167852507760774,0.0255304651932338,-0.0368));
#5533=CARTESIAN_POINT('',(0.0165192749773732,0.022937800055581,-0.0368));
#5534=CARTESIAN_POINT('',(0.0162811546382421,0.0208666378334305,-0.0368));
#5535=CARTESIAN_POINT('',(0.016085335992283,0.0193152693985879,-0.0368));
#5536=CARTESIAN_POINT('',(0.0159020265261754,0.0180249156343893,-0.0368));
#5537=CARTESIAN_POINT('',(0.0157360167197934,0.0169947191265718,-0.0368));
#5538=CARTESIAN_POINT('',(0.0155984997024874,0.0162241270673131,-0.0368));
#5539=CARTESIAN_POINT('',(0.0154425625466491,0.0154578101596525,-0.0368));
#5540=CARTESIAN_POINT('',(0.0152891489737196,0.0148247132695855,-0.0368));
#5541=CARTESIAN_POINT('',(0.0151382224410531,0.0143239342887134,-0.0368));
#5542=CARTESIAN_POINT('',(0.0150019770070793,0.0139553562553811,-0.0368));
#5543=CARTESIAN_POINT('',(0.0148545932808367,0.0136656064508365,-0.0368));
#5544=CARTESIAN_POINT('',(0.0146744778459259,0.0134600733873543,-0.0368));
#5545=CARTESIAN_POINT('',(0.0144611887345037,0.0134373505447249,-0.0368));
#5546=CARTESIAN_POINT('',(0.0143114922558081,0.0135850978034648,-0.0368));
#5547=CARTESIAN_POINT('',(0.0141706178026157,0.0138009122606169,-0.0368));
#5548=CARTESIAN_POINT('',(0.0140401723500073,0.0141018703630345,-0.0368));
#5549=CARTESIAN_POINT('',(0.0139158434030495,0.0144687399201701,-0.0368));
#5550=CARTESIAN_POINT('',(0.0137738158970726,0.0149694054277432,-0.0368));
#5551=CARTESIAN_POINT('',(0.0136266083115513,0.0156004852385031,-0.0368));
#5552=CARTESIAN_POINT('',(0.0134756308619859,0.0163626317778486,-0.0368));
#5553=CARTESIAN_POINT('',(0.0133417134579042,0.0171278825021771,-0.0368));
#5554=CARTESIAN_POINT('',(0.01317929499516,0.0181511541309622,-0.0368));
#5555=CARTESIAN_POINT('',(0.0129988769325678,0.0194346668840378,-0.0368));
#5556=CARTESIAN_POINT('',(0.0128056781392559,0.0209770132035012,-0.0368));
#5557=CARTESIAN_POINT('',(0.0125703162440545,0.0230356154408455,-0.0368));
#5558=CARTESIAN_POINT('',(0.0123069571578792,0.0256117878519045,-0.0368));
#5559=CARTESIAN_POINT('',(0.0120220230436002,0.0287061512405403,-0.0368));
#5560=CARTESIAN_POINT('',(0.0117591335797649,0.0318026108718774,-0.0368));
#5561=CARTESIAN_POINT('',(0.0115126516213777,0.0349006150357231,-0.0368));
#5562=CARTESIAN_POINT('',(0.0113568479949605,0.0369667948919592,-0.0368));
#5563=CARTESIAN_POINT('',(0.011280656637801,0.038,-0.0368));
#5564=CARTESIAN_POINT('',(0.017819343362199,0.038,-0.0368));
#5565=CARTESIAN_POINT('',(0.01455,0.038,-0.03235));
#5566=CARTESIAN_POINT('',(0.019,0.038,-0.035619343362199));
#5567=CARTESIAN_POINT('',(0.019,0.038,-0.029080656637801));
#5568=CARTESIAN_POINT('',(0.019,0.036960101814512,-0.0291573415607107));
#5569=CARTESIAN_POINT('',(0.019,0.0348805873773575,-0.0293141726598903));
#5570=CARTESIAN_POINT('',(0.019,0.0317623691057315,-0.0295623986697688));
#5571=CARTESIAN_POINT('',(0.019,0.0286455171125386,-0.0298273200271246));
#5572=CARTESIAN_POINT('',(0.019,0.0255304651962492,-0.0301147492236333));
#5573=CARTESIAN_POINT('',(0.019,0.0229378000592201,-0.0303807250222389));
#5574=CARTESIAN_POINT('',(0.019,0.0208666378375651,-0.0306188453612631));
#5575=CARTESIAN_POINT('',(0.019,0.0193152694030921,-0.0308146640071192));
#5576=CARTESIAN_POINT('',(0.019,0.0180249156391954,-0.030997973473109));
#5577=CARTESIAN_POINT('',(0.019,0.0169947191316201,-0.0311639832793552));
#5578=CARTESIAN_POINT('',(0.019,0.0162241270725237,-0.031301500296527));
#5579=CARTESIAN_POINT('',(0.019,0.0154578101650148,-0.0314574374521783));
#5580=CARTESIAN_POINT('',(0.019,0.0148247132750512,-0.0316108510248372));
#5581=CARTESIAN_POINT('',(0.019,0.0143239342942257,-0.0317617775571586));
#5582=CARTESIAN_POINT('',(0.019,0.013955356260843,-0.0318980229905413));
#5583=CARTESIAN_POINT('',(0.019,0.0136656064558658,-0.0320454067163821));
#5584=CARTESIAN_POINT('',(0.019,0.0134600733914872,-0.032225522148633));
#5585=CARTESIAN_POINT('',(0.019,0.0134373505414585,-0.032438811259193));
#5586=CARTESIAN_POINT('',(0.019,0.0135850977986267,-0.0325885077406326));
#5587=CARTESIAN_POINT('',(0.019,0.013800912254987,-0.0327293821944812));
#5588=CARTESIAN_POINT('',(0.019,0.0141018703572628,-0.0328598276478578));
#5589=CARTESIAN_POINT('',(0.019,0.0144687399141243,-0.0329841565950838));
#5590=CARTESIAN_POINT('',(0.019,0.0149694054214866,-0.0331261841013628));
#5591=CARTESIAN_POINT('',(0.019,0.015600485232066,-0.0332733916870731));
#5592=CARTESIAN_POINT('',(0.019,0.0163626317711897,-0.0334243691367812));
#5593=CARTESIAN_POINT('',(0.019,0.0171278824953114,-0.0335582865409545));
#5594=CARTESIAN_POINT('',(0.019,0.0181511541238245,-0.0337207050037857));
#5595=CARTESIAN_POINT('',(0.019,0.0194346668765733,-0.0339011230664451));
#5596=CARTESIAN_POINT('',(0.019,0.0209770131956519,-0.034094321859807));
#5597=CARTESIAN_POINT('',(0.019,0.0230356154325082,-0.0343296837550519));
#5598=CARTESIAN_POINT('',(0.019,0.0256117878427781,-0.0345930428412407));
#5599=CARTESIAN_POINT('',(0.019,0.0287061512313076,-0.0348779769555768));
#5600=CARTESIAN_POINT('',(0.019,0.0318026108594751,-0.0351408664192343));
#5601=CARTESIAN_POINT('',(0.019,0.0349006150315714,-0.0353873483782686));
#5602=CARTESIAN_POINT('',(0.019,0.0369667948648985,-0.035543152003044));
#5603=CARTESIAN_POINT('',(0.019,0.038,-0.035619343362199));
#5604=CARTESIAN_POINT('',(0.01455,0.040869141837904,-0.02345));
#5605=CARTESIAN_POINT('',(0.01455,0.038,-0.02345));
#5606=CARTESIAN_POINT('',(0.017819343362199,0.038,-0.019));
#5607=CARTESIAN_POINT('',(0.019,0.038,-0.020180656637801));
#5608=CARTESIAN_POINT('',(0.017819343362199,0.038,-0.019));
#5609=CARTESIAN_POINT('',(0.0177426584392801,0.0369601018143875,-0.019));
#5610=CARTESIAN_POINT('',(0.0175858273400814,0.0348805873769842,-0.019));
#5611=CARTESIAN_POINT('',(0.0173376013301707,0.0317623691049853,-0.019));
#5612=CARTESIAN_POINT('',(0.0170726799727776,0.0286455171114197,-0.019));
#5613=CARTESIAN_POINT('',(0.0167852507762237,0.0255304651947587,-0.019));
#5614=CARTESIAN_POINT('',(0.0165192749775694,0.0229378000574213,-0.019));
#5615=CARTESIAN_POINT('',(0.0162811546384923,0.0208666378355214,-0.019));
#5616=CARTESIAN_POINT('',(0.0160853359925853,0.0193152694008656,-0.019));
#5617=CARTESIAN_POINT('',(0.0159020265265373,0.0180249156368198,-0.019));
#5618=CARTESIAN_POINT('',(0.015736016720224,0.0169947191291247,-0.019));
#5619=CARTESIAN_POINT('',(0.0155984997029858,0.0162241270699481,-0.019));
#5620=CARTESIAN_POINT('',(0.015442562547242,0.0154578101623642,-0.019));
#5621=CARTESIAN_POINT('',(0.0152891489744494,0.0148247132723495,-0.019));
#5622=CARTESIAN_POINT('',(0.0151382224419575,0.0143239342915009,-0.019));
#5623=CARTESIAN_POINT('',(0.0150019770082825,0.0139553562581431,-0.019));
#5624=CARTESIAN_POINT('',(0.0148545932822432,0.0136656064533798,-0.019));
#5625=CARTESIAN_POINT('',(0.0146744778486774,0.0134600733894442,-0.019));
#5626=CARTESIAN_POINT('',(0.0144611887376912,0.0134373505430731,-0.019));
#5627=CARTESIAN_POINT('',(0.014311492257608,0.0135850978010183,-0.019));
#5628=CARTESIAN_POINT('',(0.0141706178040838,0.0138009122577699,-0.019));
#5629=CARTESIAN_POINT('',(0.0140401723510868,0.0141018703601159,-0.019));
#5630=CARTESIAN_POINT('',(0.0139158434039934,0.0144687399171128,-0.019));
#5631=CARTESIAN_POINT('',(0.0137738158978637,0.0149694054245794,-0.019));
#5632=CARTESIAN_POINT('',(0.0136266083122469,0.0156004852352481,-0.019));
#5633=CARTESIAN_POINT('',(0.0134756308626093,0.0163626317744814,-0.019));
#5634=CARTESIAN_POINT('',(0.0133417134584813,0.0171278824987054,-0.019));
#5635=CARTESIAN_POINT('',(0.0131792949956931,0.018151154127353,-0.019));
#5636=CARTESIAN_POINT('',(0.0129988769330669,0.0194346668802635,-0.019));
#5637=CARTESIAN_POINT('',(0.0128056781397297,0.0209770131995323,-0.019));
#5638=CARTESIAN_POINT('',(0.0125703162445063,0.0230356154366298,-0.019));
#5639=CARTESIAN_POINT('',(0.0123069571583242,0.02561178784729,-0.019));
#5640=CARTESIAN_POINT('',(0.0120220230440164,0.0287061512358721,-0.019));
#5641=CARTESIAN_POINT('',(0.0117591335802709,0.0318026108656067,-0.019));
#5642=CARTESIAN_POINT('',(0.0115126516215565,0.034900615033624,-0.019));
#5643=CARTESIAN_POINT('',(0.0113568479959694,0.0369667948782774,-0.019));
#5644=CARTESIAN_POINT('',(0.011280656637801,0.038,-0.019));
#5645=CARTESIAN_POINT('',(0.011280656637801,0.038,-0.019));
#5646=CARTESIAN_POINT('',(0.01455,0.038,-0.02345));
#5647=CARTESIAN_POINT('',(0.0101,0.038,-0.020180656637801));
#5648=CARTESIAN_POINT('',(0.0101,0.038,-0.020180656637801));
#5649=CARTESIAN_POINT('',(0.0101,0.0369601018142602,-0.0202573415607293));
#5650=CARTESIAN_POINT('',(0.0101,0.0348805873766024,-0.0204141726599476));
#5651=CARTESIAN_POINT('',(0.0101,0.0317623691042221,-0.0206623986698913));
#5652=CARTESIAN_POINT('',(0.0101,0.0286455171102754,-0.0209273200273225));
#5653=CARTESIAN_POINT('',(0.0101,0.0255304651932343,-0.0212147492239225));
#5654=CARTESIAN_POINT('',(0.0101,0.0229378000555815,-0.0214807250226267));
#5655=CARTESIAN_POINT('',(0.0101,0.0208666378334311,-0.0217188453617578));
#5656=CARTESIAN_POINT('',(0.0101,0.0193152693985885,-0.0219146640077169));
#5657=CARTESIAN_POINT('',(0.0101,0.01802491563439,-0.0220979734738245));
#5658=CARTESIAN_POINT('',(0.0101,0.0169947191265726,-0.0222639832802064));
#5659=CARTESIAN_POINT('',(0.0101,0.0162241270673138,-0.0224015002975125));
#5660=CARTESIAN_POINT('',(0.0101,0.0154578101596533,-0.0225574374533507));
#5661=CARTESIAN_POINT('',(0.0101,0.0148247132695863,-0.0227108510262801));
#5662=CARTESIAN_POINT('',(0.0101,0.0143239342887142,-0.0228617775589466));
#5663=CARTESIAN_POINT('',(0.0101,0.0139553562553819,-0.0229980229929203));
#5664=CARTESIAN_POINT('',(0.0101,0.0136656064508372,-0.0231454067191629));
#5665=CARTESIAN_POINT('',(0.0101,0.0134600733873549,-0.0233255221540733));
#5666=CARTESIAN_POINT('',(0.0101,0.0134373505447244,-0.0235388112654954));
#5667=CARTESIAN_POINT('',(0.0101,0.0135850978034641,-0.0236885077441914));
#5668=CARTESIAN_POINT('',(0.0101,0.0138009122606161,-0.0238293821973839));
#5669=CARTESIAN_POINT('',(0.0101,0.0141018703630336,-0.0239598276499925));
#5670=CARTESIAN_POINT('',(0.0101,0.0144687399201694,-0.0240841565969503));
#5671=CARTESIAN_POINT('',(0.0101,0.0149694054277424,-0.0242261841029272));
#5672=CARTESIAN_POINT('',(0.0101,0.0156004852385023,-0.0243733916884486));
#5673=CARTESIAN_POINT('',(0.0101,0.0163626317778479,-0.024524369138014));
#5674=CARTESIAN_POINT('',(0.0101,0.0171278825021763,-0.0246582865420956));
#5675=CARTESIAN_POINT('',(0.0101,0.0181511541309615,-0.0248207050048399));
#5676=CARTESIAN_POINT('',(0.0101,0.0194346668840372,-0.0250011230674321));
#5677=CARTESIAN_POINT('',(0.0101,0.0209770132035006,-0.025194321860744));
#5678=CARTESIAN_POINT('',(0.0101,0.023035615440845,-0.0254296837559455));
#5679=CARTESIAN_POINT('',(0.0101,0.0256117878519041,-0.0256930428421208));
#5680=CARTESIAN_POINT('',(0.0101,0.02870615124054,-0.0259779769563997));
#5681=CARTESIAN_POINT('',(0.0101,0.0318026108718772,-0.0262408664202351));
#5682=CARTESIAN_POINT('',(0.0101,0.034900615035723,-0.0264873483786223));
#5683=CARTESIAN_POINT('',(0.0101,0.0369667948919592,-0.0266431520050395));
#5684=CARTESIAN_POINT('',(0.0101,0.038,-0.026719343362199));
#5685=CARTESIAN_POINT('',(0.0101,0.038,-0.026719343362199));
#5686=CARTESIAN_POINT('',(0.01455,0.038,-0.02345));
#5687=CARTESIAN_POINT('',(0.01455,0.038,-0.02345));
#5688=CARTESIAN_POINT('',(0.019,0.038,-0.026719343362199));
#5689=CARTESIAN_POINT('',(0.019,0.038,-0.020180656637801));
#5690=CARTESIAN_POINT('',(0.019,0.036960101814512,-0.0202573415607107));
#5691=CARTESIAN_POINT('',(0.019,0.0348805873773576,-0.0204141726598903));
#5692=CARTESIAN_POINT('',(0.019,0.0317623691057316,-0.0206623986697687));
#5693=CARTESIAN_POINT('',(0.019,0.0286455171125388,-0.0209273200271246));
#5694=CARTESIAN_POINT('',(0.019,0.0255304651962494,-0.0212147492236332));
#5695=CARTESIAN_POINT('',(0.019,0.0229378000592203,-0.0214807250222388));
#5696=CARTESIAN_POINT('',(0.019,0.0208666378375653,-0.0217188453612631));
#5697=CARTESIAN_POINT('',(0.019,0.0193152694030924,-0.0219146640071191));
#5698=CARTESIAN_POINT('',(0.019,0.0180249156391957,-0.022097973473109));
#5699=CARTESIAN_POINT('',(0.019,0.0169947191316204,-0.0222639832793551));
#5700=CARTESIAN_POINT('',(0.019,0.016224127072524,-0.0224015002965269));
#5701=CARTESIAN_POINT('',(0.019,0.0154578101650151,-0.0225574374521783));
#5702=CARTESIAN_POINT('',(0.019,0.0148247132750515,-0.0227108510248371));
#5703=CARTESIAN_POINT('',(0.019,0.014323934294226,-0.0228617775571584));
#5704=CARTESIAN_POINT('',(0.019,0.0139553562608433,-0.0229980229905411));
#5705=CARTESIAN_POINT('',(0.019,0.0136656064558662,-0.0231454067163819));
#5706=CARTESIAN_POINT('',(0.019,0.0134600733914874,-0.0233255221486326));
#5707=CARTESIAN_POINT('',(0.019,0.0134373505414583,-0.0235388112591926));
#5708=CARTESIAN_POINT('',(0.019,0.0135850977986264,-0.0236885077406323));
#5709=CARTESIAN_POINT('',(0.019,0.0138009122549866,-0.023829382194481));
#5710=CARTESIAN_POINT('',(0.019,0.0141018703572624,-0.0239598276478576));
#5711=CARTESIAN_POINT('',(0.019,0.0144687399141238,-0.0240841565950837));
#5712=CARTESIAN_POINT('',(0.019,0.0149694054214863,-0.0242261841013627));
#5713=CARTESIAN_POINT('',(0.019,0.0156004852320656,-0.0243733916870731));
#5714=CARTESIAN_POINT('',(0.019,0.0163626317711894,-0.0245243691367811));
#5715=CARTESIAN_POINT('',(0.019,0.017127882495311,-0.0246582865409545));
#5716=CARTESIAN_POINT('',(0.019,0.0181511541238242,-0.0248207050037856));
#5717=CARTESIAN_POINT('',(0.019,0.019434666876573,-0.025001123066445));
#5718=CARTESIAN_POINT('',(0.019,0.0209770131956516,-0.025194321859807));
#5719=CARTESIAN_POINT('',(0.019,0.023035615432508,-0.0254296837550519));
#5720=CARTESIAN_POINT('',(0.019,0.0256117878427779,-0.0256930428412407));
#5721=CARTESIAN_POINT('',(0.019,0.0287061512313075,-0.0259779769555767));
#5722=CARTESIAN_POINT('',(0.019,0.0318026108594749,-0.0262408664192343));
#5723=CARTESIAN_POINT('',(0.019,0.0349006150315715,-0.0264873483782686));
#5724=CARTESIAN_POINT('',(0.019,0.0369667948648985,-0.026643152003044));
#5725=CARTESIAN_POINT('',(0.019,0.038,-0.026719343362199));
#5726=CARTESIAN_POINT('',(0.02345,0.040869141837904,-0.03235));
#5727=CARTESIAN_POINT('',(0.02345,0.038,-0.03235));
#5728=CARTESIAN_POINT('',(0.020180656637801,0.038,-0.0368));
#5729=CARTESIAN_POINT('',(0.026719343362199,0.038,-0.0368));
#5730=CARTESIAN_POINT('',(0.0266426584392707,0.0369601018142602,-0.0368));
#5731=CARTESIAN_POINT('',(0.0264858273400523,0.0348805873766022,-0.0368));
#5732=CARTESIAN_POINT('',(0.0262376013301087,0.0317623691042217,-0.0368));
#5733=CARTESIAN_POINT('',(0.0259726799726775,0.0286455171102749,-0.0368));
#5734=CARTESIAN_POINT('',(0.0256852507760774,0.0255304651932335,-0.0368));
#5735=CARTESIAN_POINT('',(0.0254192749773732,0.0229378000555806,-0.0368));
#5736=CARTESIAN_POINT('',(0.025181154638242,0.0208666378334301,-0.0368));
#5737=CARTESIAN_POINT('',(0.0249853359922829,0.0193152693985873,-0.0368));
#5738=CARTESIAN_POINT('',(0.0248020265261753,0.0180249156343888,-0.0368));
#5739=CARTESIAN_POINT('',(0.0246360167197934,0.0169947191265713,-0.0368));
#5740=CARTESIAN_POINT('',(0.0244984997024873,0.0162241270673125,-0.0368));
#5741=CARTESIAN_POINT('',(0.0243425625466489,0.0154578101596519,-0.0368));
#5742=CARTESIAN_POINT('',(0.0241891489737195,0.0148247132695848,-0.0368));
#5743=CARTESIAN_POINT('',(0.0240382224410529,0.0143239342887128,-0.0368));
#5744=CARTESIAN_POINT('',(0.023901977007079,0.0139553562553805,-0.0368));
#5745=CARTESIAN_POINT('',(0.0237545932808364,0.013665606450836,-0.0368));
#5746=CARTESIAN_POINT('',(0.0235744778459252,0.0134600733873538,-0.0368));
#5747=CARTESIAN_POINT('',(0.023361188734503,0.0134373505447253,-0.0368));
#5748=CARTESIAN_POINT('',(0.0232114922558077,0.0135850978034654,-0.0368));
#5749=CARTESIAN_POINT('',(0.0230706178026154,0.0138009122606175,-0.0368));
#5750=CARTESIAN_POINT('',(0.022940172350007,0.0141018703630351,-0.0368));
#5751=CARTESIAN_POINT('',(0.0228158434030493,0.0144687399201707,-0.0368));
#5752=CARTESIAN_POINT('',(0.0226738158970724,0.0149694054277438,-0.0368));
#5753=CARTESIAN_POINT('',(0.0225266083115511,0.0156004852385037,-0.0368));
#5754=CARTESIAN_POINT('',(0.0223756308619858,0.0163626317778492,-0.0368));
#5755=CARTESIAN_POINT('',(0.0222417134579041,0.0171278825021777,-0.0368));
#5756=CARTESIAN_POINT('',(0.0220792949951599,0.0181511541309627,-0.0368));
#5757=CARTESIAN_POINT('',(0.0218988769325677,0.0194346668840383,-0.0368));
#5758=CARTESIAN_POINT('',(0.0217056781392558,0.0209770132035017,-0.0368));
#5759=CARTESIAN_POINT('',(0.0214703162440544,0.0230356154408458,-0.0368));
#5760=CARTESIAN_POINT('',(0.0212069571578792,0.025611787851905,-0.0368));
#5761=CARTESIAN_POINT('',(0.0209220230436002,0.0287061512405405,-0.0368));
#5762=CARTESIAN_POINT('',(0.0206591335797648,0.0318026108718776,-0.0368));
#5763=CARTESIAN_POINT('',(0.0204126516213777,0.0349006150357231,-0.0368));
#5764=CARTESIAN_POINT('',(0.0202568479949605,0.0369667948919593,-0.0368));
#5765=CARTESIAN_POINT('',(0.020180656637801,0.038,-0.0368));
#5766=CARTESIAN_POINT('',(0.026719343362199,0.038,-0.0368));
#5767=CARTESIAN_POINT('',(0.02345,0.038,-0.03235));
#5768=CARTESIAN_POINT('',(0.0279,0.038,-0.035619343362199));
#5769=CARTESIAN_POINT('',(0.0279,0.038,-0.029080656637801));
#5770=CARTESIAN_POINT('',(0.0279,0.0369601018145119,-0.0291573415607107));
#5771=CARTESIAN_POINT('',(0.0279,0.0348805873773574,-0.0293141726598903));
#5772=CARTESIAN_POINT('',(0.0279,0.0317623691057314,-0.0295623986697688));
#5773=CARTESIAN_POINT('',(0.0279,0.0286455171125384,-0.0298273200271246));
#5774=CARTESIAN_POINT('',(0.0279,0.0255304651962489,-0.0301147492236333));
#5775=CARTESIAN_POINT('',(0.0279,0.0229378000592197,-0.0303807250222389));
#5776=CARTESIAN_POINT('',(0.0279,0.0208666378375646,-0.0306188453612632));
#5777=CARTESIAN_POINT('',(0.0279,0.0193152694030916,-0.0308146640071192));
#5778=CARTESIAN_POINT('',(0.0279,0.0180249156391949,-0.0309979734731091));
#5779=CARTESIAN_POINT('',(0.0279,0.0169947191316195,-0.0311639832793553));
#5780=CARTESIAN_POINT('',(0.0279,0.0162241270725231,-0.0313015002965271));
#5781=CARTESIAN_POINT('',(0.0279,0.0154578101650142,-0.0314574374521785));
#5782=CARTESIAN_POINT('',(0.0279,0.0148247132750505,-0.0316108510248374));
#5783=CARTESIAN_POINT('',(0.0279,0.0143239342942251,-0.0317617775571588));
#5784=CARTESIAN_POINT('',(0.0279,0.0139553562608423,-0.0318980229905416));
#5785=CARTESIAN_POINT('',(0.0279,0.0136656064558652,-0.0320454067163824));
#5786=CARTESIAN_POINT('',(0.0279,0.0134600733914867,-0.0322255221486336));
#5787=CARTESIAN_POINT('',(0.0279,0.0134373505414589,-0.0324388112591938));
#5788=CARTESIAN_POINT('',(0.0279,0.0135850977986274,-0.0325885077406331));
#5789=CARTESIAN_POINT('',(0.0279,0.0138009122549877,-0.0327293821944816));
#5790=CARTESIAN_POINT('',(0.0279,0.0141018703572636,-0.0328598276478581));
#5791=CARTESIAN_POINT('',(0.0279,0.014468739914125,-0.0329841565950841));
#5792=CARTESIAN_POINT('',(0.0279,0.0149694054214874,-0.033126184101363));
#5793=CARTESIAN_POINT('',(0.0279,0.0156004852320668,-0.0332733916870733));
#5794=CARTESIAN_POINT('',(0.0279,0.0163626317711904,-0.0334243691367813));
#5795=CARTESIAN_POINT('',(0.0279,0.017127882495312,-0.0335582865409546));
#5796=CARTESIAN_POINT('',(0.0279,0.0181511541238252,-0.0337207050037858));
#5797=CARTESIAN_POINT('',(0.0279,0.0194346668765739,-0.0339011230664451));
#5798=CARTESIAN_POINT('',(0.0279,0.0209770131956524,-0.0340943218598071));
#5799=CARTESIAN_POINT('',(0.0279,0.0230356154325087,-0.034329683755052));
#5800=CARTESIAN_POINT('',(0.0279,0.0256117878427786,-0.0345930428412407));
#5801=CARTESIAN_POINT('',(0.0279,0.0287061512313079,-0.0348779769555768));
#5802=CARTESIAN_POINT('',(0.0279,0.0318026108594753,-0.0351408664192343));
#5803=CARTESIAN_POINT('',(0.0279,0.0349006150315716,-0.0353873483782686));
#5804=CARTESIAN_POINT('',(0.0279,0.0369667948648985,-0.035543152003044));
#5805=CARTESIAN_POINT('',(0.0279,0.038,-0.035619343362199));
#5806=CARTESIAN_POINT('',(0.0279,0.038,-0.029080656637801));
#5807=CARTESIAN_POINT('',(0.02345,0.038,-0.03235));
#5808=CARTESIAN_POINT('',(0.026719343362199,0.038,-0.0279));
#5809=CARTESIAN_POINT('',(0.026719343362199,0.038,-0.0279));
#5810=CARTESIAN_POINT('',(0.0266426584392707,0.0369601018142602,-0.0279));
#5811=CARTESIAN_POINT('',(0.0264858273400523,0.0348805873766023,-0.0279));
#5812=CARTESIAN_POINT('',(0.0262376013301087,0.0317623691042217,-0.0279));
#5813=CARTESIAN_POINT('',(0.0259726799726775,0.0286455171102749,-0.0279));
#5814=CARTESIAN_POINT('',(0.0256852507760774,0.0255304651932335,-0.0279));
#5815=CARTESIAN_POINT('',(0.0254192749773732,0.0229378000555806,-0.0279));
#5816=CARTESIAN_POINT('',(0.025181154638242,0.0208666378334301,-0.0279));
#5817=CARTESIAN_POINT('',(0.0249853359922829,0.0193152693985874,-0.0279));
#5818=CARTESIAN_POINT('',(0.0248020265261753,0.0180249156343888,-0.0279));
#5819=CARTESIAN_POINT('',(0.0246360167197934,0.0169947191265713,-0.0279));
#5820=CARTESIAN_POINT('',(0.0244984997024873,0.0162241270673125,-0.0279));
#5821=CARTESIAN_POINT('',(0.0243425625466489,0.0154578101596519,-0.0279));
#5822=CARTESIAN_POINT('',(0.0241891489737195,0.0148247132695848,-0.0279));
#5823=CARTESIAN_POINT('',(0.0240382224410529,0.0143239342887128,-0.0279));
#5824=CARTESIAN_POINT('',(0.023901977007079,0.0139553562553804,-0.0279));
#5825=CARTESIAN_POINT('',(0.0237545932808364,0.013665606450836,-0.0279));
#5826=CARTESIAN_POINT('',(0.0235744778459252,0.0134600733873537,-0.0279));
#5827=CARTESIAN_POINT('',(0.0233611887345029,0.0134373505447253,-0.0279));
#5828=CARTESIAN_POINT('',(0.0232114922558076,0.0135850978034654,-0.0279));
#5829=CARTESIAN_POINT('',(0.0230706178026153,0.0138009122606175,-0.0279));
#5830=CARTESIAN_POINT('',(0.022940172350007,0.0141018703630351,-0.0279));
#5831=CARTESIAN_POINT('',(0.0228158434030493,0.0144687399201708,-0.0279));
#5832=CARTESIAN_POINT('',(0.0226738158970724,0.0149694054277438,-0.0279));
#5833=CARTESIAN_POINT('',(0.0225266083115511,0.0156004852385037,-0.0279));
#5834=CARTESIAN_POINT('',(0.0223756308619858,0.0163626317778493,-0.0279));
#5835=CARTESIAN_POINT('',(0.0222417134579041,0.0171278825021777,-0.0279));
#5836=CARTESIAN_POINT('',(0.0220792949951599,0.0181511541309629,-0.0279));
#5837=CARTESIAN_POINT('',(0.0218988769325677,0.0194346668840384,-0.0279));
#5838=CARTESIAN_POINT('',(0.0217056781392558,0.0209770132035017,-0.0279));
#5839=CARTESIAN_POINT('',(0.0214703162440544,0.0230356154408459,-0.0279));
#5840=CARTESIAN_POINT('',(0.0212069571578792,0.0256117878519049,-0.0279));
#5841=CARTESIAN_POINT('',(0.0209220230436002,0.0287061512405405,-0.0279));
#5842=CARTESIAN_POINT('',(0.0206591335797648,0.0318026108718776,-0.0279));
#5843=CARTESIAN_POINT('',(0.0204126516213777,0.0349006150357231,-0.0279));
#5844=CARTESIAN_POINT('',(0.0202568479949605,0.0369667948919593,-0.0279));
#5845=CARTESIAN_POINT('',(0.020180656637801,0.038,-0.0279));
#5846=CARTESIAN_POINT('',(0.020180656637801,0.038,-0.0279));
#5847=CARTESIAN_POINT('',(0.02345,0.038,-0.03235));
#5848=CARTESIAN_POINT('',(0.02345,0.040869141837904,-0.02345));
#5849=CARTESIAN_POINT('',(0.02345,0.038,-0.02345));
#5850=CARTESIAN_POINT('',(0.02345,0.038,-0.02345));
#5851=CARTESIAN_POINT('',(0.0279,0.038,-0.026719343362199));
#5852=CARTESIAN_POINT('',(0.0279,0.038,-0.020180656637801));
#5853=CARTESIAN_POINT('',(0.0279,0.0369601018145119,-0.0202573415607107));
#5854=CARTESIAN_POINT('',(0.0279,0.0348805873773574,-0.0204141726598903));
#5855=CARTESIAN_POINT('',(0.0279,0.0317623691057312,-0.0206623986697688));
#5856=CARTESIAN_POINT('',(0.0279,0.0286455171125382,-0.0209273200271246));
#5857=CARTESIAN_POINT('',(0.0279,0.0255304651962486,-0.0212147492236333));
#5858=CARTESIAN_POINT('',(0.0279,0.0229378000592194,-0.0214807250222389));
#5859=CARTESIAN_POINT('',(0.0279,0.0208666378375643,-0.0217188453612632));
#5860=CARTESIAN_POINT('',(0.0279,0.0193152694030912,-0.0219146640071193));
#5861=CARTESIAN_POINT('',(0.0279,0.0180249156391945,-0.0220979734731091));
#5862=CARTESIAN_POINT('',(0.0279,0.0169947191316191,-0.0222639832793553));
#5863=CARTESIAN_POINT('',(0.0279,0.0162241270725227,-0.0224015002965272));
#5864=CARTESIAN_POINT('',(0.0279,0.0154578101650137,-0.0225574374521786));
#5865=CARTESIAN_POINT('',(0.0279,0.0148247132750501,-0.0227108510248375));
#5866=CARTESIAN_POINT('',(0.0279,0.0143239342942246,-0.0228617775571589));
#5867=CARTESIAN_POINT('',(0.0279,0.0139553562608419,-0.0229980229905418));
#5868=CARTESIAN_POINT('',(0.0279,0.0136656064558648,-0.0231454067163827));
#5869=CARTESIAN_POINT('',(0.0279,0.0134600733914863,-0.0233255221486341));
#5870=CARTESIAN_POINT('',(0.0279,0.0134373505414591,-0.0235388112591943));
#5871=CARTESIAN_POINT('',(0.0279,0.0135850977986277,-0.0236885077406333));
#5872=CARTESIAN_POINT('',(0.0279,0.0138009122549881,-0.0238293821944818));
#5873=CARTESIAN_POINT('',(0.0279,0.014101870357264,-0.0239598276478582));
#5874=CARTESIAN_POINT('',(0.0279,0.0144687399141254,-0.0240841565950842));
#5875=CARTESIAN_POINT('',(0.0279,0.0149694054214879,-0.0242261841013632));
#5876=CARTESIAN_POINT('',(0.0279,0.0156004852320672,-0.0243733916870734));
#5877=CARTESIAN_POINT('',(0.0279,0.0163626317711909,-0.0245243691367814));
#5878=CARTESIAN_POINT('',(0.0279,0.0171278824953125,-0.0246582865409547));
#5879=CARTESIAN_POINT('',(0.0279,0.0181511541238256,-0.0248207050037859));
#5880=CARTESIAN_POINT('',(0.0279,0.0194346668765742,-0.0250011230664452));
#5881=CARTESIAN_POINT('',(0.0279,0.0209770131956528,-0.0251943218598071));
#5882=CARTESIAN_POINT('',(0.0279,0.0230356154325089,-0.025429683755052));
#5883=CARTESIAN_POINT('',(0.0279,0.0256117878427788,-0.0256930428412408));
#5884=CARTESIAN_POINT('',(0.0279,0.0287061512313081,-0.0259779769555768));
#5885=CARTESIAN_POINT('',(0.0279,0.0318026108594754,-0.0262408664192343));
#5886=CARTESIAN_POINT('',(0.0279,0.0349006150315717,-0.0264873483782686));
#5887=CARTESIAN_POINT('',(0.0279,0.0369667948648985,-0.026643152003044));
#5888=CARTESIAN_POINT('',(0.0279,0.038,-0.026719343362199));
#5889=CARTESIAN_POINT('',(0.0279,0.038,-0.020180656637801));
#5890=CARTESIAN_POINT('',(0.02345,0.038,-0.02345));
#5891=CARTESIAN_POINT('',(0.026719343362199,0.038,-0.019));
#5892=CARTESIAN_POINT('',(0.026719343362199,0.038,-0.019));
#5893=CARTESIAN_POINT('',(0.0266426584392707,0.0369601018142602,-0.019));
#5894=CARTESIAN_POINT('',(0.0264858273400524,0.0348805873766022,-0.019));
#5895=CARTESIAN_POINT('',(0.0262376013301087,0.0317623691042216,-0.019));
#5896=CARTESIAN_POINT('',(0.0259726799726775,0.0286455171102748,-0.019));
#5897=CARTESIAN_POINT('',(0.0256852507760774,0.0255304651932334,-0.019));
#5898=CARTESIAN_POINT('',(0.0254192749773732,0.0229378000555805,-0.019));
#5899=CARTESIAN_POINT('',(0.025181154638242,0.02086663783343,-0.019));
#5900=CARTESIAN_POINT('',(0.0249853359922829,0.0193152693985873,-0.019));
#5901=CARTESIAN_POINT('',(0.0248020265261753,0.0180249156343887,-0.019));
#5902=CARTESIAN_POINT('',(0.0246360167197934,0.0169947191265712,-0.019));
#5903=CARTESIAN_POINT('',(0.0244984997024872,0.0162241270673124,-0.019));
#5904=CARTESIAN_POINT('',(0.0243425625466489,0.0154578101596519,-0.019));
#5905=CARTESIAN_POINT('',(0.0241891489737194,0.0148247132695847,-0.019));
#5906=CARTESIAN_POINT('',(0.0240382224410529,0.0143239342887127,-0.019));
#5907=CARTESIAN_POINT('',(0.023901977007079,0.0139553562553804,-0.019));
#5908=CARTESIAN_POINT('',(0.0237545932808364,0.0136656064508359,-0.019));
#5909=CARTESIAN_POINT('',(0.0235744778459252,0.0134600733873537,-0.019));
#5910=CARTESIAN_POINT('',(0.0233611887345029,0.0134373505447253,-0.019));
#5911=CARTESIAN_POINT('',(0.0232114922558077,0.0135850978034654,-0.019));
#5912=CARTESIAN_POINT('',(0.0230706178026154,0.0138009122606175,-0.019));
#5913=CARTESIAN_POINT('',(0.022940172350007,0.0141018703630351,-0.019));
#5914=CARTESIAN_POINT('',(0.0228158434030493,0.0144687399201708,-0.019));
#5915=CARTESIAN_POINT('',(0.0226738158970724,0.0149694054277439,-0.019));
#5916=CARTESIAN_POINT('',(0.0225266083115511,0.0156004852385037,-0.019));
#5917=CARTESIAN_POINT('',(0.0223756308619858,0.0163626317778492,-0.019));
#5918=CARTESIAN_POINT('',(0.0222417134579041,0.0171278825021777,-0.019));
#5919=CARTESIAN_POINT('',(0.0220792949951599,0.0181511541309628,-0.019));
#5920=CARTESIAN_POINT('',(0.0218988769325677,0.0194346668840384,-0.019));
#5921=CARTESIAN_POINT('',(0.0217056781392558,0.0209770132035017,-0.019));
#5922=CARTESIAN_POINT('',(0.0214703162440544,0.0230356154408458,-0.019));
#5923=CARTESIAN_POINT('',(0.0212069571578792,0.025611787851905,-0.019));
#5924=CARTESIAN_POINT('',(0.0209220230436002,0.0287061512405405,-0.019));
#5925=CARTESIAN_POINT('',(0.0206591335797648,0.0318026108718777,-0.019));
#5926=CARTESIAN_POINT('',(0.0204126516213777,0.0349006150357231,-0.019));
#5927=CARTESIAN_POINT('',(0.0202568479949605,0.0369667948919593,-0.019));
#5928=CARTESIAN_POINT('',(0.020180656637801,0.038,-0.019));
#5929=CARTESIAN_POINT('',(0.020180656637801,0.038,-0.019));
#5930=CARTESIAN_POINT('',(0.02345,0.038,-0.02345));
#5931=CARTESIAN_POINT('',(0.03235,0.040869141837904,-0.03235));
#5932=CARTESIAN_POINT('',(0.03235,0.038,-0.03235));
#5933=CARTESIAN_POINT('',(0.035619343362199,0.038,-0.0279));
#5934=CARTESIAN_POINT('',(0.0368,0.038,-0.029080656637801));
#5935=CARTESIAN_POINT('',(0.035619343362199,0.038,-0.0279));
#5936=CARTESIAN_POINT('',(0.0355426584392707,0.0369601018142601,-0.0279));
#5937=CARTESIAN_POINT('',(0.0353858273400523,0.034880587376602,-0.0279));
#5938=CARTESIAN_POINT('',(0.0351376013301087,0.0317623691042212,-0.0279));
#5939=CARTESIAN_POINT('',(0.0348726799726774,0.0286455171102742,-0.0279));
#5940=CARTESIAN_POINT('',(0.0345852507760773,0.0255304651932326,-0.0279));
#5941=CARTESIAN_POINT('',(0.0343192749773731,0.0229378000555795,-0.0279));
#5942=CARTESIAN_POINT('',(0.0340811546382419,0.0208666378334289,-0.0279));
#5943=CARTESIAN_POINT('',(0.0338853359922828,0.0193152693985861,-0.0279));
#5944=CARTESIAN_POINT('',(0.0337020265261751,0.0180249156343874,-0.0279));
#5945=CARTESIAN_POINT('',(0.0335360167197931,0.0169947191265698,-0.0279));
#5946=CARTESIAN_POINT('',(0.033398499702487,0.016224127067311,-0.0279));
#5947=CARTESIAN_POINT('',(0.0332425625466486,0.0154578101596504,-0.0279));
#5948=CARTESIAN_POINT('',(0.0330891489737191,0.0148247132695834,-0.0279));
#5949=CARTESIAN_POINT('',(0.0329382224410524,0.0143239342887111,-0.0279));
#5950=CARTESIAN_POINT('',(0.0328019770070784,0.0139553562553789,-0.0279));
#5951=CARTESIAN_POINT('',(0.0326545932808356,0.0136656064508345,-0.0279));
#5952=CARTESIAN_POINT('',(0.0324744778459237,0.0134600733873526,-0.0279));
#5953=CARTESIAN_POINT('',(0.0322611887345011,0.0134373505447262,-0.0279));
#5954=CARTESIAN_POINT('',(0.0321114922558066,0.0135850978034668,-0.0279));
#5955=CARTESIAN_POINT('',(0.0319706178026146,0.0138009122606191,-0.0279));
#5956=CARTESIAN_POINT('',(0.0318401723500064,0.0141018703630366,-0.0279));
#5957=CARTESIAN_POINT('',(0.0317158434030488,0.0144687399201724,-0.0279));
#5958=CARTESIAN_POINT('',(0.031573815897072,0.0149694054277454,-0.0279));
#5959=CARTESIAN_POINT('',(0.0314266083115508,0.0156004852385053,-0.0279));
#5960=CARTESIAN_POINT('',(0.0312756308619855,0.0163626317778508,-0.0279));
#5961=CARTESIAN_POINT('',(0.0311417134579039,0.0171278825021792,-0.0279));
#5962=CARTESIAN_POINT('',(0.0309792949951597,0.0181511541309641,-0.0279));
#5963=CARTESIAN_POINT('',(0.0307988769325676,0.0194346668840397,-0.0279));
#5964=CARTESIAN_POINT('',(0.0306056781392557,0.0209770132035029,-0.0279));
#5965=CARTESIAN_POINT('',(0.0303703162440543,0.023035615440847,-0.0279));
#5966=CARTESIAN_POINT('',(0.0301069571578791,0.0256117878519058,-0.0279));
#5967=CARTESIAN_POINT('',(0.0298220230436001,0.0287061512405412,-0.0279));
#5968=CARTESIAN_POINT('',(0.0295591335797648,0.0318026108718781,-0.0279));
#5969=CARTESIAN_POINT('',(0.0293126516213777,0.0349006150357234,-0.0279));
#5970=CARTESIAN_POINT('',(0.0291568479949605,0.0369667948919594,-0.0279));
#5971=CARTESIAN_POINT('',(0.029080656637801,0.038,-0.0279));
#5972=CARTESIAN_POINT('',(0.029080656637801,0.038,-0.0279));
#5973=CARTESIAN_POINT('',(0.03235,0.038,-0.03235));
#5974=CARTESIAN_POINT('',(0.03235,0.038,-0.03235));
#5975=CARTESIAN_POINT('',(0.03235,0.038,-0.03235));
#5976=CARTESIAN_POINT('',(0.0368,0.038,-0.035619343362199));
#5977=CARTESIAN_POINT('',(0.0368,0.038,-0.029080656637801));
#5978=CARTESIAN_POINT('',(0.0368,0.0369601018146168,-0.029157341560703));
#5979=CARTESIAN_POINT('',(0.0368,0.0348805873776719,-0.0293141726598664));
#5980=CARTESIAN_POINT('',(0.0368,0.0317623691063601,-0.0295623986697177));
#5981=CARTESIAN_POINT('',(0.0368,0.028645517113481,-0.0298273200270422));
#5982=CARTESIAN_POINT('',(0.0368,0.0255304651975046,-0.0301147492235128));
#5983=CARTESIAN_POINT('',(0.0368,0.0229378000607352,-0.0303807250220773));
#5984=CARTESIAN_POINT('',(0.0368,0.0208666378392865,-0.0306188453610571));
#5985=CARTESIAN_POINT('',(0.0368,0.0193152694049674,-0.0308146640068703));
#5986=CARTESIAN_POINT('',(0.0368,0.0180249156411964,-0.0309979734728111));
#5987=CARTESIAN_POINT('',(0.0368,0.0169947191337219,-0.0311639832790007));
#5988=CARTESIAN_POINT('',(0.0368,0.0162241270746931,-0.0313015002961166));
#5989=CARTESIAN_POINT('',(0.0368,0.0154578101672473,-0.0314574374516902));
#5990=CARTESIAN_POINT('',(0.0368,0.0148247132773268,-0.0316108510242364));
#5991=CARTESIAN_POINT('',(0.0368,0.0143239342965207,-0.031761777556414));
#5992=CARTESIAN_POINT('',(0.0368,0.013955356263117,-0.0318980229895507));
#5993=CARTESIAN_POINT('',(0.0368,0.0136656064579596,-0.0320454067152243));
#5994=CARTESIAN_POINT('',(0.0368,0.013460073393208,-0.0322255221463676));
#5995=CARTESIAN_POINT('',(0.0368,0.0134373505400986,-0.0324388112565686));
#5996=CARTESIAN_POINT('',(0.0368,0.0135850977966123,-0.0325885077391505));
#5997=CARTESIAN_POINT('',(0.0368,0.013800912252643,-0.0327293821932725));
#5998=CARTESIAN_POINT('',(0.0368,0.0141018703548597,-0.0328598276469688));
#5999=CARTESIAN_POINT('',(0.0368,0.014468739911607,-0.0329841565943066));
#6000=CARTESIAN_POINT('',(0.0368,0.0149694054188816,-0.0331261841007114));
#6001=CARTESIAN_POINT('',(0.0368,0.0156004852293859,-0.0332733916865004));
#6002=CARTESIAN_POINT('',(0.0368,0.0163626317684172,-0.0334243691362678));
#6003=CARTESIAN_POINT('',(0.0368,0.0171278824924528,-0.0335582865404793));
#6004=CARTESIAN_POINT('',(0.0368,0.0181511541208527,-0.0337207050033467));
#6005=CARTESIAN_POINT('',(0.0368,0.0194346668734654,-0.0339011230660341));
#6006=CARTESIAN_POINT('',(0.0368,0.0209770131923838,-0.0340943218594169));
#6007=CARTESIAN_POINT('',(0.0368,0.0230356154290369,-0.0343296837546798));
#6008=CARTESIAN_POINT('',(0.0368,0.0256117878389783,-0.0345930428408743));
#6009=CARTESIAN_POINT('',(0.0368,0.0287061512274636,-0.0348779769552341));
#6010=CARTESIAN_POINT('',(0.0368,0.0318026108543113,-0.0351408664188176));
#6011=CARTESIAN_POINT('',(0.0368,0.034900615029843,-0.0353873483781213));
#6012=CARTESIAN_POINT('',(0.0368,0.0369667948536317,-0.0355431520022131));
#6013=CARTESIAN_POINT('',(0.0368,0.038,-0.035619343362199));
#6014=CARTESIAN_POINT('',(0.03235,0.040869141837904,-0.02345));
#6015=CARTESIAN_POINT('',(0.03235,0.038,-0.02345));
#6016=CARTESIAN_POINT('',(0.0368,0.038,-0.020180656637801));
#6017=CARTESIAN_POINT('',(0.03235,0.038,-0.02345));
#6018=CARTESIAN_POINT('',(0.03235,0.038,-0.02345));
#6019=CARTESIAN_POINT('',(0.03235,0.038,-0.02345));
#6020=CARTESIAN_POINT('',(0.0368,0.038,-0.026719343362199));
#6021=CARTESIAN_POINT('',(0.0368,0.038,-0.020180656637801));
#6022=CARTESIAN_POINT('',(0.0368,0.0369601018147195,-0.0202573415606954));
#6023=CARTESIAN_POINT('',(0.0368,0.03488058737798,-0.020414172659843));
#6024=CARTESIAN_POINT('',(0.0368,0.031762369106976,-0.0206623986696677));
#6025=CARTESIAN_POINT('',(0.0368,0.0286455171144045,-0.0209273200269614));
#6026=CARTESIAN_POINT('',(0.0368,0.0255304651987348,-0.0212147492233948));
#6027=CARTESIAN_POINT('',(0.0368,0.0229378000622199,-0.0214807250219191));
#6028=CARTESIAN_POINT('',(0.0368,0.0208666378409733,-0.0217188453608553));
#6029=CARTESIAN_POINT('',(0.0368,0.0193152694068051,-0.0219146640066263));
#6030=CARTESIAN_POINT('',(0.0368,0.0180249156431571,-0.0220979734725191));
#6031=CARTESIAN_POINT('',(0.0368,0.0169947191357814,-0.0222639832786534));
#6032=CARTESIAN_POINT('',(0.0368,0.0162241270768189,-0.0224015002957145));
#6033=CARTESIAN_POINT('',(0.0368,0.015457810169435,-0.0225574374512118));
#6034=CARTESIAN_POINT('',(0.0368,0.0148247132795566,-0.0227108510236477));
#6035=CARTESIAN_POINT('',(0.0368,0.0143239342987696,-0.0228617775556845));
#6036=CARTESIAN_POINT('',(0.0368,0.0139553562653453,-0.0229980229885799));
#6037=CARTESIAN_POINT('',(0.0368,0.0136656064600115,-0.0231454067140896));
#6038=CARTESIAN_POINT('',(0.0368,0.0134600733948941,-0.0233255221441478));
#6039=CARTESIAN_POINT('',(0.0368,0.013437350538766,-0.023538811253997));
#6040=CARTESIAN_POINT('',(0.0368,0.0135850977946385,-0.0236885077376985));
#6041=CARTESIAN_POINT('',(0.0368,0.0138009122503462,-0.0238293821920881));
#6042=CARTESIAN_POINT('',(0.0368,0.0141018703525052,-0.0239598276460979));
#6043=CARTESIAN_POINT('',(0.0368,0.0144687399091405,-0.0240841565935451));
#6044=CARTESIAN_POINT('',(0.0368,0.0149694054163293,-0.0242261841000731));
#6045=CARTESIAN_POINT('',(0.0368,0.01560048522676,-0.0243733916859392));
#6046=CARTESIAN_POINT('',(0.0368,0.0163626317657007,-0.0245243691357648));
#6047=CARTESIAN_POINT('',(0.0368,0.017127882489652,-0.0246582865400138));
#6048=CARTESIAN_POINT('',(0.0368,0.018151154117941,-0.0248207050029166));
#6049=CARTESIAN_POINT('',(0.0368,0.0194346668704203,-0.0250011230656314));
#6050=CARTESIAN_POINT('',(0.0368,0.0209770131891818,-0.0251943218590346));
#6051=CARTESIAN_POINT('',(0.0368,0.0230356154256359,-0.0254296837543153));
#6052=CARTESIAN_POINT('',(0.0368,0.0256117878352554,-0.0256930428405153));
#6053=CARTESIAN_POINT('',(0.0368,0.0287061512236975,-0.0259779769548984));
#6054=CARTESIAN_POINT('',(0.0368,0.0318026108492523,-0.0262408664184093));
#6055=CARTESIAN_POINT('',(0.0368,0.0349006150281495,-0.0264873483779771));
#6056=CARTESIAN_POINT('',(0.0368,0.0369667948425937,-0.0266431520013992));
#6057=CARTESIAN_POINT('',(0.0368,0.038,-0.026719343362199));
#6058=CARTESIAN_POINT('',(0.04125,0.040869141837904,-0.02345));
#6059=CARTESIAN_POINT('',(0.04125,0.038,-0.02345));
#6060=CARTESIAN_POINT('',(0.037980656637801,0.038,-0.0279));
#6061=CARTESIAN_POINT('',(0.037980656637801,0.038,-0.0279));
#6062=CARTESIAN_POINT('',(0.0381097496240392,0.0362494138736182,-0.0279));
#6063=CARTESIAN_POINT('',(0.0383776857651789,0.0327490738221832,-0.0279));
#6064=CARTESIAN_POINT('',(0.0387480469551805,0.028376335956087,-0.0279));
#6065=CARTESIAN_POINT('',(0.0390799167779885,0.0248814505675399,-0.0279));
#6066=CARTESIAN_POINT('',(0.0393079568540988,0.0226996707473838,-0.0279));
#6067=CARTESIAN_POINT('',(0.0395089289253548,0.0209564156097569,-0.0279));
#6068=CARTESIAN_POINT('',(0.0396716709090718,0.019650368120323,-0.0279));
#6069=CARTESIAN_POINT('',(0.0398503110367461,0.0183462764729182,-0.0279));
#6070=CARTESIAN_POINT('',(0.0400518510068976,0.0170445585488585,-0.0279));
#6071=CARTESIAN_POINT('',(0.0402486711009966,0.0159641893032165,-0.0279));
#6072=CARTESIAN_POINT('',(0.0404394773295793,0.0151077891608414,-0.0279));
#6073=CARTESIAN_POINT('',(0.0405808095520015,0.0145774795639765,-0.0279));
#6074=CARTESIAN_POINT('',(0.0407201171229093,0.0141590563422782,-0.0279));
#6075=CARTESIAN_POINT('',(0.0408457333506242,0.0138541049942133,-0.0279));
#6076=CARTESIAN_POINT('',(0.0409815536000156,0.0136141230610103,-0.0279));
#6077=CARTESIAN_POINT('',(0.0411466354270558,0.0134556989568427,-0.0279));
#6078=CARTESIAN_POINT('',(0.0413242312460469,0.0134403977670793,-0.0279));
#6079=CARTESIAN_POINT('',(0.0414589206893995,0.0135523121715048,-0.0279));
#6080=CARTESIAN_POINT('',(0.0415877678928765,0.013727641514801,-0.0279));
#6081=CARTESIAN_POINT('',(0.0417087065945583,0.0139771140663638,-0.0279));
#6082=CARTESIAN_POINT('',(0.0418230204480663,0.0142822898603578,-0.0279));
#6083=CARTESIAN_POINT('',(0.0419535582471338,0.0146994011101308,-0.0279));
#6084=CARTESIAN_POINT('',(0.0420892830743963,0.0152292098911235,-0.0279));
#6085=CARTESIAN_POINT('',(0.0422278655777988,0.0158683501768959,-0.0279));
#6086=CARTESIAN_POINT('',(0.0423506553734815,0.0165106833896016,-0.0279));
#6087=CARTESIAN_POINT('',(0.0424993436196435,0.0173697828060587,-0.0279));
#6088=CARTESIAN_POINT('',(0.0426641881841724,0.0184475768872619,-0.0279));
#6089=CARTESIAN_POINT('',(0.0428405553515219,0.0197447382661132,-0.0279));
#6090=CARTESIAN_POINT('',(0.0430013748301182,0.0210430674621372,-0.0279));
#6091=CARTESIAN_POINT('',(0.0432002574403233,0.0227757570923664,-0.0279));
#6092=CARTESIAN_POINT('',(0.0434261891220216,0.0249437352531242,-0.0279));
#6093=CARTESIAN_POINT('',(0.0436730943866383,0.0275476245170169,-0.0279));
#6094=CARTESIAN_POINT('',(0.0438258679789151,0.0292846711588048,-0.0279));
#6095=CARTESIAN_POINT('',(0.0438999999999976,0.0301534089986997,-0.0279));
#6096=CARTESIAN_POINT('',(0.0439,0.0301534089986995,-0.0278999999999986));
#6097=CARTESIAN_POINT('',(0.0439,-1.28650206729392E-19,-0.0262604110292354));
#6098=CARTESIAN_POINT('',(0.0439,0.0100479940045013,-0.0268633874011415));
#6099=CARTESIAN_POINT('',(0.0439,0.0201003763622985,-0.0273891421663575));
#6100=CARTESIAN_POINT('',(0.0439,0.0301534089986995,-0.0278999999999986));
#6101=CARTESIAN_POINT('',(0.0439,7.29437651137877E-19,-0.0206395889707646));
#6102=CARTESIAN_POINT('',(0.0439,0.0100479940045013,-0.0200366125988585));
#6103=CARTESIAN_POINT('',(0.0439,0.0201003763622984,-0.0195108578336425));
#6104=CARTESIAN_POINT('',(0.0439,0.0301534089986994,-0.0190000000000014));
#6105=CARTESIAN_POINT('',(0.0439,0.0301534089986992,-0.0189999999999985));
#6106=CARTESIAN_POINT('',(0.037980656637801,0.038,-0.019));
#6107=CARTESIAN_POINT('',(0.0381097496240392,0.0362494138736183,-0.019));
#6108=CARTESIAN_POINT('',(0.0383776857651789,0.0327490738221835,-0.019));
#6109=CARTESIAN_POINT('',(0.0387480469551805,0.0283763359560874,-0.019));
#6110=CARTESIAN_POINT('',(0.0390799167779885,0.0248814505675405,-0.019));
#6111=CARTESIAN_POINT('',(0.0393079568540988,0.0226996707473845,-0.019));
#6112=CARTESIAN_POINT('',(0.0395089289253547,0.0209564156097576,-0.019));
#6113=CARTESIAN_POINT('',(0.0396716709090717,0.0196503681203237,-0.019));
#6114=CARTESIAN_POINT('',(0.039850311036746,0.018346276472919,-0.019));
#6115=CARTESIAN_POINT('',(0.0400518510068974,0.0170445585488594,-0.019));
#6116=CARTESIAN_POINT('',(0.0402486711009965,0.0159641893032174,-0.019));
#6117=CARTESIAN_POINT('',(0.040439477329579,0.0151077891608423,-0.019));
#6118=CARTESIAN_POINT('',(0.0405808095520012,0.0145774795639775,-0.019));
#6119=CARTESIAN_POINT('',(0.040720117122909,0.0141590563422791,-0.019));
#6120=CARTESIAN_POINT('',(0.0408457333506238,0.0138541049942142,-0.019));
#6121=CARTESIAN_POINT('',(0.0409815536000151,0.0136141230610111,-0.019));
#6122=CARTESIAN_POINT('',(0.0411466354270549,0.0134556989568433,-0.019));
#6123=CARTESIAN_POINT('',(0.0413242312460458,0.0134403977670788,-0.019));
#6124=CARTESIAN_POINT('',(0.0414589206893989,0.013552312171504,-0.019));
#6125=CARTESIAN_POINT('',(0.041587767892876,0.0137276415148001,-0.019));
#6126=CARTESIAN_POINT('',(0.0417087065945579,0.0139771140663628,-0.019));
#6127=CARTESIAN_POINT('',(0.041823020448066,0.014282289860357,-0.019));
#6128=CARTESIAN_POINT('',(0.0419535582471335,0.0146994011101299,-0.019));
#6129=CARTESIAN_POINT('',(0.0420892830743961,0.0152292098911225,-0.019));
#6130=CARTESIAN_POINT('',(0.0422278655777986,0.015868350176895,-0.019));
#6131=CARTESIAN_POINT('',(0.0423506553734813,0.0165106833896007,-0.019));
#6132=CARTESIAN_POINT('',(0.0424993436196434,0.0173697828060579,-0.019));
#6133=CARTESIAN_POINT('',(0.0426641881841722,0.0184475768872612,-0.019));
#6134=CARTESIAN_POINT('',(0.0428405553515218,0.0197447382661124,-0.019));
#6135=CARTESIAN_POINT('',(0.0430013748301182,0.0210430674621365,-0.019));
#6136=CARTESIAN_POINT('',(0.0432002574403233,0.0227757570923658,-0.019));
#6137=CARTESIAN_POINT('',(0.0434261891220215,0.0249437352531237,-0.019));
#6138=CARTESIAN_POINT('',(0.0436730943866382,0.0275476245170165,-0.019));
#6139=CARTESIAN_POINT('',(0.0438258679789151,0.0292846711588045,-0.019));
#6140=CARTESIAN_POINT('',(0.0438999999999976,0.0301534089986994,-0.019));
#6141=CARTESIAN_POINT('',(0.037980656637801,0.038,-0.019));
#6142=CARTESIAN_POINT('',(0.04125,0.038,-0.02345));
#6143=CARTESIAN_POINT('',(0.04125,0.040869141837904,-0.03235));
#6144=CARTESIAN_POINT('',(0.04125,0.038,-0.03235));
#6145=CARTESIAN_POINT('',(0.0439,-1.21244912175586E-19,-0.0351604110292354));
#6146=CARTESIAN_POINT('',(0.0439,0.0100479940045017,-0.0357633874011415));
#6147=CARTESIAN_POINT('',(0.0439,0.0201003763622992,-0.0362891421663575));
#6148=CARTESIAN_POINT('',(0.0439,0.0301534089987006,-0.0367999999999986));
#6149=CARTESIAN_POINT('',(0.0439,9.69776592597888E-19,-0.0295395889707646));
#6150=CARTESIAN_POINT('',(0.0439,0.0100479940045014,-0.0289366125988585));
#6151=CARTESIAN_POINT('',(0.0439,0.0201003763622986,-0.0284108578336425));
#6152=CARTESIAN_POINT('',(0.0439,0.0301534089986997,-0.0279000000000014));
#6153=CARTESIAN_POINT('',(0.04125,0.038,-0.03235));
#6154=CARTESIAN_POINT('',(0.00565,0.040869141837904,-0.03235));
#6155=CARTESIAN_POINT('',(0.00565,0.038,-0.03235));
#6156=CARTESIAN_POINT('',(0.00891934336219899,0.038,-0.0368));
#6157=CARTESIAN_POINT('',(0.00565,0.038,-0.03235));
#6158=CARTESIAN_POINT('',(0.008919343362199,0.038,-0.0279));
#6159=CARTESIAN_POINT('',(0.008919343362199,0.038,-0.0279));
#6160=CARTESIAN_POINT('',(0.00879025037596069,0.0362494138736171,-0.0279));
#6161=CARTESIAN_POINT('',(0.00852231423482078,0.0327490738221797,-0.0279));
#6162=CARTESIAN_POINT('',(0.0081519530448189,0.0283763359560806,-0.0279));
#6163=CARTESIAN_POINT('',(0.0078200832220106,0.0248814505675312,-0.0279));
#6164=CARTESIAN_POINT('',(0.00759204314590009,0.0226996707473737,-0.0279));
#6165=CARTESIAN_POINT('',(0.0073910710746439,0.0209564156097456,-0.0279));
#6166=CARTESIAN_POINT('',(0.00722832909092661,0.0196503681203108,-0.0279));
#6167=CARTESIAN_POINT('',(0.00704968896325197,0.0183462764729052,-0.0279));
#6168=CARTESIAN_POINT('',(0.00684814899310014,0.0170445585488447,-0.0279));
#6169=CARTESIAN_POINT('',(0.00665132889900053,0.015964189303202,-0.0279));
#6170=CARTESIAN_POINT('',(0.00646052267041715,0.0151077891608265,-0.0279));
#6171=CARTESIAN_POINT('',(0.00631919044799412,0.0145774795639613,-0.0279));
#6172=CARTESIAN_POINT('',(0.00617988287708524,0.0141590563422631,-0.0279));
#6173=CARTESIAN_POINT('',(0.0060542666493687,0.0138541049941985,-0.0279));
#6174=CARTESIAN_POINT('',(0.00591844639997554,0.0136141230609964,-0.0279));
#6175=CARTESIAN_POINT('',(0.00575336457292876,0.0134556989568332,-0.0279));
#6176=CARTESIAN_POINT('',(0.00557576875393576,0.0134403977670867,-0.0279));
#6177=CARTESIAN_POINT('',(0.00544107931058951,0.0135523121715177,-0.0279));
#6178=CARTESIAN_POINT('',(0.00531223210711506,0.0137276415148158,-0.0279));
#6179=CARTESIAN_POINT('',(0.00519129340543517,0.0139771140663796,-0.0279));
#6180=CARTESIAN_POINT('',(0.0050769795519281,0.0142822898603742,-0.0279));
#6181=CARTESIAN_POINT('',(0.00494644175286156,0.0146994011101478,-0.0279));
#6182=CARTESIAN_POINT('',(0.00481071692559964,0.0152292098911409,-0.0279));
#6183=CARTESIAN_POINT('',(0.00467213442219758,0.0158683501769139,-0.0279));
#6184=CARTESIAN_POINT('',(0.00454934462651515,0.01651068338962,-0.0279));
#6185=CARTESIAN_POINT('',(0.00440065638035338,0.0173697828060779,-0.0279));
#6186=CARTESIAN_POINT('',(0.00423581181582477,0.0184475768872818,-0.0279));
#6187=CARTESIAN_POINT('',(0.00405944464847539,0.0197447382661339,-0.0279));
#6188=CARTESIAN_POINT('',(0.00389862516987919,0.0210430674621589,-0.0279));
#6189=CARTESIAN_POINT('',(0.00369974255967419,0.0227757570923893,-0.0279));
#6190=CARTESIAN_POINT('',(0.00347381087797604,0.0249437352531485,-0.0279));
#6191=CARTESIAN_POINT('',(0.00322690561335935,0.027547624517043,-0.0279));
#6192=CARTESIAN_POINT('',(0.00307413202108254,0.0292846711588321,-0.0279));
#6193=CARTESIAN_POINT('',(0.00299999999999999,0.0301534089987275,-0.0279));
#6194=CARTESIAN_POINT('',(0.003,0.0301534089987275,-0.0279));
#6195=CARTESIAN_POINT('',(0.003,7.89399285886691E-19,-0.0295395889707647));
#6196=CARTESIAN_POINT('',(0.003,0.0100479940045107,-0.028936612598858));
#6197=CARTESIAN_POINT('',(0.003,0.0201003763623171,-0.0284108578336415));
#6198=CARTESIAN_POINT('',(0.003,0.0301534089987275,-0.0279));
#6199=CARTESIAN_POINT('',(0.003,-7.94476549010175E-20,-0.0351604110292354));
#6200=CARTESIAN_POINT('',(0.003,0.0100479940045107,-0.0357633874011421));
#6201=CARTESIAN_POINT('',(0.003,0.0201003763623171,-0.0362891421663585));
#6202=CARTESIAN_POINT('',(0.003,0.0301534089987274,-0.0368));
#6203=CARTESIAN_POINT('',(0.003,0.0301534089987275,-0.0368));
#6204=CARTESIAN_POINT('',(0.008919343362199,0.038,-0.0368));
#6205=CARTESIAN_POINT('',(0.0087902503759607,0.0362494138736172,-0.0368));
#6206=CARTESIAN_POINT('',(0.00852231423482079,0.03274907382218,-0.0368));
#6207=CARTESIAN_POINT('',(0.00815195304481893,0.028376335956081,-0.0368));
#6208=CARTESIAN_POINT('',(0.00782008322201064,0.0248814505675318,-0.0368));
#6209=CARTESIAN_POINT('',(0.00759204314590015,0.0226996707473744,-0.0368));
#6210=CARTESIAN_POINT('',(0.00739107107464398,0.0209564156097462,-0.0368));
#6211=CARTESIAN_POINT('',(0.0072283290909267,0.0196503681203116,-0.0368));
#6212=CARTESIAN_POINT('',(0.00704968896325208,0.0183462764729059,-0.0368));
#6213=CARTESIAN_POINT('',(0.00684814899310027,0.0170445585488456,-0.0368));
#6214=CARTESIAN_POINT('',(0.00665132889900068,0.0159641893032029,-0.0368));
#6215=CARTESIAN_POINT('',(0.00646052267041736,0.0151077891608274,-0.0368));
#6216=CARTESIAN_POINT('',(0.00631919044799437,0.0145774795639623,-0.0368));
#6217=CARTESIAN_POINT('',(0.00617988287708554,0.014159056342264,-0.0368));
#6218=CARTESIAN_POINT('',(0.00605426664936912,0.0138541049941995,-0.0368));
#6219=CARTESIAN_POINT('',(0.00591844639997602,0.0136141230609972,-0.0368));
#6220=CARTESIAN_POINT('',(0.00575336457292966,0.0134556989568338,-0.0368));
#6221=CARTESIAN_POINT('',(0.00557576875393689,0.0134403977670863,-0.0368));
#6222=CARTESIAN_POINT('',(0.00544107931059023,0.0135523121715169,-0.0368));
#6223=CARTESIAN_POINT('',(0.00531223210711559,0.013727641514815,-0.0368));
#6224=CARTESIAN_POINT('',(0.00519129340543562,0.0139771140663786,-0.0368));
#6225=CARTESIAN_POINT('',(0.00507697955192843,0.0142822898603733,-0.0368));
#6226=CARTESIAN_POINT('',(0.00494644175286184,0.0146994011101468,-0.0368));
#6227=CARTESIAN_POINT('',(0.00481071692559988,0.01522920989114,-0.0368));
#6228=CARTESIAN_POINT('',(0.00467213442219776,0.015868350176913,-0.0368));
#6229=CARTESIAN_POINT('',(0.00454934462651533,0.0165106833896191,-0.0368));
#6230=CARTESIAN_POINT('',(0.00440065638035352,0.0173697828060771,-0.0368));
#6231=CARTESIAN_POINT('',(0.00423581181582489,0.0184475768872811,-0.0368));
#6232=CARTESIAN_POINT('',(0.00405944464847549,0.0197447382661332,-0.0368));
#6233=CARTESIAN_POINT('',(0.00389862516987926,0.0210430674621583,-0.0368));
#6234=CARTESIAN_POINT('',(0.00369974255967425,0.0227757570923888,-0.0368));
#6235=CARTESIAN_POINT('',(0.00347381087797608,0.0249437352531481,-0.0368));
#6236=CARTESIAN_POINT('',(0.00322690561335937,0.0275476245170427,-0.0368));
#6237=CARTESIAN_POINT('',(0.00307413202108255,0.0292846711588319,-0.0368));
#6238=CARTESIAN_POINT('',(0.003,0.0301534089987274,-0.0368));
#6239=CARTESIAN_POINT('',(0.01455,0.040869141837904,-0.04125));
#6240=CARTESIAN_POINT('',(0.01455,0.038,-0.04125));
#6241=CARTESIAN_POINT('',(0.019,0.038,-0.037980656637801));
#6242=CARTESIAN_POINT('',(0.01455,0.038,-0.04125));
#6243=CARTESIAN_POINT('',(0.0101,0.038,-0.037980656637801));
#6244=CARTESIAN_POINT('',(0.0101,0.038,-0.037980656637801));
#6245=CARTESIAN_POINT('',(0.0101,0.0369601018146169,-0.038057341560703));
#6246=CARTESIAN_POINT('',(0.0101,0.0348805873776722,-0.0382141726598664));
#6247=CARTESIAN_POINT('',(0.0101,0.0317623691063605,-0.0384623986697177));
#6248=CARTESIAN_POINT('',(0.0101,0.0286455171134817,-0.0387273200270421));
#6249=CARTESIAN_POINT('',(0.0101,0.0255304651975056,-0.0390147492235127));
#6250=CARTESIAN_POINT('',(0.0101,0.0229378000607363,-0.0392807250220772));
#6251=CARTESIAN_POINT('',(0.0101,0.0208666378392878,-0.039518845361057));
#6252=CARTESIAN_POINT('',(0.0101,0.0193152694049688,-0.0397146640068701));
#6253=CARTESIAN_POINT('',(0.0101,0.0180249156411978,-0.0398979734728109));
#6254=CARTESIAN_POINT('',(0.0101,0.0169947191337235,-0.0400639832790004));
#6255=CARTESIAN_POINT('',(0.0101,0.0162241270746947,-0.0402015002961163));
#6256=CARTESIAN_POINT('',(0.0101,0.015457810167249,-0.0403574374516898));
#6257=CARTESIAN_POINT('',(0.0101,0.0148247132773284,-0.040510851024236));
#6258=CARTESIAN_POINT('',(0.0101,0.0143239342965224,-0.0406617775564135));
#6259=CARTESIAN_POINT('',(0.0101,0.0139553562631187,-0.0407980229895499));
#6260=CARTESIAN_POINT('',(0.0101,0.0136656064579613,-0.0409454067152234));
#6261=CARTESIAN_POINT('',(0.0101,0.0134600733932092,-0.0411255221463659));
#6262=CARTESIAN_POINT('',(0.0101,0.0134373505400976,-0.0413388112565668));
#6263=CARTESIAN_POINT('',(0.0101,0.0135850977966109,-0.0414885077391496));
#6264=CARTESIAN_POINT('',(0.0101,0.0138009122526414,-0.0416293821932717));
#6265=CARTESIAN_POINT('',(0.0101,0.0141018703548582,-0.0417598276469683));
#6266=CARTESIAN_POINT('',(0.0101,0.0144687399116054,-0.0418841565943062));
#6267=CARTESIAN_POINT('',(0.0101,0.0149694054188801,-0.042026184100711));
#6268=CARTESIAN_POINT('',(0.0101,0.0156004852293844,-0.0421733916865001));
#6269=CARTESIAN_POINT('',(0.0101,0.0163626317684158,-0.0423243691362676));
#6270=CARTESIAN_POINT('',(0.0101,0.0171278824924514,-0.0424582865404791));
#6271=CARTESIAN_POINT('',(0.0101,0.0181511541208514,-0.0426207050033465));
#6272=CARTESIAN_POINT('',(0.0101,0.0194346668734641,-0.0428011230660339));
#6273=CARTESIAN_POINT('',(0.0101,0.0209770131923826,-0.0429943218594167));
#6274=CARTESIAN_POINT('',(0.0101,0.0230356154290359,-0.0432296837546797));
#6275=CARTESIAN_POINT('',(0.0101,0.0256117878389775,-0.0434930428408742));
#6276=CARTESIAN_POINT('',(0.0101,0.028706151227463,-0.043777976955234));
#6277=CARTESIAN_POINT('',(0.0101,0.0318026108543109,-0.0440408664188175));
#6278=CARTESIAN_POINT('',(0.0101,0.0349006150298428,-0.0442873483781213));
#6279=CARTESIAN_POINT('',(0.0101,0.0369667948536316,-0.0444431520022131));
#6280=CARTESIAN_POINT('',(0.0101,0.038,-0.044519343362199));
#6281=CARTESIAN_POINT('',(0.0101,0.038,-0.044519343362199));
#6282=CARTESIAN_POINT('',(0.01455,0.038,-0.04125));
#6283=CARTESIAN_POINT('',(0.01455,0.038,-0.04125));
#6284=CARTESIAN_POINT('',(0.019,0.038,-0.044519343362199));
#6285=CARTESIAN_POINT('',(0.019,0.038,-0.037980656637801));
#6286=CARTESIAN_POINT('',(0.019,0.036960101814512,-0.0380573415607107));
#6287=CARTESIAN_POINT('',(0.019,0.0348805873773576,-0.0382141726598903));
#6288=CARTESIAN_POINT('',(0.019,0.0317623691057316,-0.0384623986697687));
#6289=CARTESIAN_POINT('',(0.019,0.0286455171125388,-0.0387273200271246));
#6290=CARTESIAN_POINT('',(0.019,0.0255304651962494,-0.0390147492236332));
#6291=CARTESIAN_POINT('',(0.019,0.0229378000592204,-0.0392807250222388));
#6292=CARTESIAN_POINT('',(0.019,0.0208666378375653,-0.0395188453612631));
#6293=CARTESIAN_POINT('',(0.019,0.0193152694030924,-0.0397146640071191));
#6294=CARTESIAN_POINT('',(0.019,0.0180249156391957,-0.039897973473109));
#6295=CARTESIAN_POINT('',(0.019,0.0169947191316204,-0.0400639832793551));
#6296=CARTESIAN_POINT('',(0.019,0.016224127072524,-0.0402015002965269));
#6297=CARTESIAN_POINT('',(0.019,0.0154578101650151,-0.0403574374521783));
#6298=CARTESIAN_POINT('',(0.019,0.0148247132750515,-0.0405108510248372));
#6299=CARTESIAN_POINT('',(0.019,0.0143239342942261,-0.0406617775571584));
#6300=CARTESIAN_POINT('',(0.019,0.0139553562608433,-0.0407980229905412));
#6301=CARTESIAN_POINT('',(0.019,0.0136656064558661,-0.040945406716382));
#6302=CARTESIAN_POINT('',(0.019,0.0134600733914874,-0.0411255221486327));
#6303=CARTESIAN_POINT('',(0.019,0.0134373505414583,-0.0413388112591927));
#6304=CARTESIAN_POINT('',(0.019,0.0135850977986265,-0.0414885077406324));
#6305=CARTESIAN_POINT('',(0.019,0.0138009122549866,-0.041629382194481));
#6306=CARTESIAN_POINT('',(0.019,0.0141018703572626,-0.0417598276478577));
#6307=CARTESIAN_POINT('',(0.019,0.014468739914124,-0.0418841565950838));
#6308=CARTESIAN_POINT('',(0.019,0.0149694054214863,-0.0420261841013628));
#6309=CARTESIAN_POINT('',(0.019,0.0156004852320658,-0.0421733916870731));
#6310=CARTESIAN_POINT('',(0.019,0.0163626317711895,-0.0423243691367811));
#6311=CARTESIAN_POINT('',(0.019,0.0171278824953111,-0.0424582865409545));
#6312=CARTESIAN_POINT('',(0.019,0.0181511541238243,-0.0426207050037857));
#6313=CARTESIAN_POINT('',(0.019,0.019434666876573,-0.042801123066445));
#6314=CARTESIAN_POINT('',(0.019,0.0209770131956517,-0.042994321859807));
#6315=CARTESIAN_POINT('',(0.019,0.023035615432508,-0.0432296837550519));
#6316=CARTESIAN_POINT('',(0.019,0.0256117878427779,-0.0434930428412407));
#6317=CARTESIAN_POINT('',(0.019,0.0287061512313076,-0.0437779769555768));
#6318=CARTESIAN_POINT('',(0.019,0.0318026108594749,-0.0440408664192343));
#6319=CARTESIAN_POINT('',(0.019,0.0349006150315715,-0.0442873483782686));
#6320=CARTESIAN_POINT('',(0.019,0.0369667948648984,-0.044443152003044));
#6321=CARTESIAN_POINT('',(0.019,0.038,-0.044519343362199));
#6322=CARTESIAN_POINT('',(0.02345,0.040869141837904,-0.04125));
#6323=CARTESIAN_POINT('',(0.02345,0.038,-0.04125));
#6324=CARTESIAN_POINT('',(0.020180656637801,0.038,-0.0457));
#6325=CARTESIAN_POINT('',(0.020180656637801,0.038,-0.0457));
#6326=CARTESIAN_POINT('',(0.0202573415607292,0.0369601018142602,-0.0457));
#6327=CARTESIAN_POINT('',(0.0204141726599476,0.0348805873766024,-0.0457));
#6328=CARTESIAN_POINT('',(0.0206623986698913,0.0317623691042219,-0.0457));
#6329=CARTESIAN_POINT('',(0.0209273200273225,0.0286455171102752,-0.0457));
#6330=CARTESIAN_POINT('',(0.0212147492239226,0.025530465193234,-0.0457));
#6331=CARTESIAN_POINT('',(0.0214807250226267,0.0229378000555812,-0.0457));
#6332=CARTESIAN_POINT('',(0.0217188453617579,0.0208666378334307,-0.0457));
#6333=CARTESIAN_POINT('',(0.021914664007717,0.0193152693985881,-0.0457));
#6334=CARTESIAN_POINT('',(0.0220979734738245,0.0180249156343896,-0.0457));
#6335=CARTESIAN_POINT('',(0.0222639832802065,0.016994719126572,-0.0457));
#6336=CARTESIAN_POINT('',(0.0224015002975126,0.0162241270673134,-0.0457));
#6337=CARTESIAN_POINT('',(0.0225574374533509,0.0154578101596527,-0.0457));
#6338=CARTESIAN_POINT('',(0.0227108510262803,0.0148247132695857,-0.0457));
#6339=CARTESIAN_POINT('',(0.0228617775589468,0.0143239342887136,-0.0457));
#6340=CARTESIAN_POINT('',(0.0229980229929206,0.0139553562553813,-0.0457));
#6341=CARTESIAN_POINT('',(0.0231454067191632,0.0136656064508368,-0.0457));
#6342=CARTESIAN_POINT('',(0.0233255221540738,0.0134600733873545,-0.0457));
#6343=CARTESIAN_POINT('',(0.023538811265496,0.0134373505447247,-0.0457));
#6344=CARTESIAN_POINT('',(0.0236885077441918,0.0135850978034646,-0.0457));
#6345=CARTESIAN_POINT('',(0.0238293821973842,0.0138009122606166,-0.0457));
#6346=CARTESIAN_POINT('',(0.0239598276499927,0.0141018703630342,-0.0457));
#6347=CARTESIAN_POINT('',(0.0240841565969504,0.0144687399201698,-0.0457));
#6348=CARTESIAN_POINT('',(0.0242261841029273,0.0149694054277428,-0.0457));
#6349=CARTESIAN_POINT('',(0.0243733916884487,0.0156004852385028,-0.0457));
#6350=CARTESIAN_POINT('',(0.0245243691380141,0.0163626317778483,-0.0457));
#6351=CARTESIAN_POINT('',(0.0246582865420957,0.0171278825021769,-0.0457));
#6352=CARTESIAN_POINT('',(0.02482070500484,0.018151154130962,-0.0457));
#6353=CARTESIAN_POINT('',(0.0250011230674322,0.0194346668840376,-0.0457));
#6354=CARTESIAN_POINT('',(0.0251943218607441,0.020977013203501,-0.0457));
#6355=CARTESIAN_POINT('',(0.0254296837559455,0.0230356154408453,-0.0457));
#6356=CARTESIAN_POINT('',(0.0256930428421208,0.0256117878519045,-0.0457));
#6357=CARTESIAN_POINT('',(0.0259779769563998,0.0287061512405401,-0.0457));
#6358=CARTESIAN_POINT('',(0.0262408664202352,0.0318026108718774,-0.0457));
#6359=CARTESIAN_POINT('',(0.0264873483786223,0.034900615035723,-0.0457));
#6360=CARTESIAN_POINT('',(0.0266431520050395,0.0369667948919592,-0.0457));
#6361=CARTESIAN_POINT('',(0.026719343362199,0.038,-0.0457));
#6362=CARTESIAN_POINT('',(0.026719343362199,0.038,-0.0457));
#6363=CARTESIAN_POINT('',(0.02345,0.038,-0.04125));
#6364=CARTESIAN_POINT('',(0.02345,0.038,-0.04125));
#6365=CARTESIAN_POINT('',(0.02345,0.038,-0.04125));
#6366=CARTESIAN_POINT('',(0.00565,0.040869141837904,-0.05015));
#6367=CARTESIAN_POINT('',(0.00565,0.038,-0.05015));
#6368=CARTESIAN_POINT('',(0.00565,0.038,-0.05015));
#6369=CARTESIAN_POINT('',(0.00891934336219899,0.038,-0.0457));
#6370=CARTESIAN_POINT('',(0.008919343362199,0.038,-0.0457));
#6371=CARTESIAN_POINT('',(0.0087902503759607,0.0362494138736171,-0.0457));
#6372=CARTESIAN_POINT('',(0.0085223142348208,0.0327490738221799,-0.0457));
#6373=CARTESIAN_POINT('',(0.00815195304481893,0.028376335956081,-0.0457));
#6374=CARTESIAN_POINT('',(0.00782008322201064,0.0248814505675317,-0.0457));
#6375=CARTESIAN_POINT('',(0.00759204314590014,0.0226996707473742,-0.0457));
#6376=CARTESIAN_POINT('',(0.00739107107464398,0.0209564156097462,-0.0457));
#6377=CARTESIAN_POINT('',(0.00722832909092669,0.0196503681203115,-0.0457));
#6378=CARTESIAN_POINT('',(0.00704968896325208,0.0183462764729058,-0.0457));
#6379=CARTESIAN_POINT('',(0.00684814899310026,0.0170445585488454,-0.0457));
#6380=CARTESIAN_POINT('',(0.00665132889900068,0.0159641893032028,-0.0457));
#6381=CARTESIAN_POINT('',(0.00646052267041734,0.0151077891608273,-0.0457));
#6382=CARTESIAN_POINT('',(0.00631919044799436,0.0145774795639622,-0.0457));
#6383=CARTESIAN_POINT('',(0.00617988287708551,0.0141590563422639,-0.0457));
#6384=CARTESIAN_POINT('',(0.00605426664936909,0.0138541049941994,-0.0457));
#6385=CARTESIAN_POINT('',(0.005918446399976,0.0136141230609971,-0.0457));
#6386=CARTESIAN_POINT('',(0.00575336457292959,0.0134556989568337,-0.0457));
#6387=CARTESIAN_POINT('',(0.00557576875393673,0.0134403977670863,-0.0457));
#6388=CARTESIAN_POINT('',(0.00544107931059012,0.013552312171517,-0.0457));
#6389=CARTESIAN_POINT('',(0.00531223210711551,0.013727641514815,-0.0457));
#6390=CARTESIAN_POINT('',(0.00519129340543555,0.0139771140663787,-0.0457));
#6391=CARTESIAN_POINT('',(0.00507697955192839,0.0142822898603734,-0.0457));
#6392=CARTESIAN_POINT('',(0.00494644175286178,0.014699401110147,-0.0457));
#6393=CARTESIAN_POINT('',(0.00481071692559985,0.01522920989114,-0.0457));
#6394=CARTESIAN_POINT('',(0.00467213442219774,0.0158683501769131,-0.0457));
#6395=CARTESIAN_POINT('',(0.0045493446265153,0.0165106833896192,-0.0457));
#6396=CARTESIAN_POINT('',(0.0044006563803535,0.0173697828060771,-0.0457));
#6397=CARTESIAN_POINT('',(0.00423581181582487,0.0184475768872811,-0.0457));
#6398=CARTESIAN_POINT('',(0.00405944464847546,0.0197447382661334,-0.0457));
#6399=CARTESIAN_POINT('',(0.00389862516987925,0.0210430674621583,-0.0457));
#6400=CARTESIAN_POINT('',(0.00369974255967423,0.0227757570923888,-0.0457));
#6401=CARTESIAN_POINT('',(0.00347381087797606,0.0249437352531482,-0.0457));
#6402=CARTESIAN_POINT('',(0.00322690561335937,0.0275476245170427,-0.0457));
#6403=CARTESIAN_POINT('',(0.00307413202108255,0.0292846711588319,-0.0457));
#6404=CARTESIAN_POINT('',(0.003,0.0301534089987274,-0.0457));
#6405=CARTESIAN_POINT('',(0.003,0.0301534089987275,-0.0457));
#6406=CARTESIAN_POINT('',(0.003,3.17524099597737E-19,-0.0473395889707646));
#6407=CARTESIAN_POINT('',(0.003,0.0100479940045107,-0.0467366125988579));
#6408=CARTESIAN_POINT('',(0.003,0.0201003763623171,-0.0462108578336415));
#6409=CARTESIAN_POINT('',(0.003,0.0301534089987275,-0.0457));
#6410=CARTESIAN_POINT('',(0.003,3.17524099597738E-19,-0.0529604110292354));
#6411=CARTESIAN_POINT('',(0.003,0.0100479940045107,-0.0535633874011421));
#6412=CARTESIAN_POINT('',(0.003,0.0201003763623171,-0.0540891421663585));
#6413=CARTESIAN_POINT('',(0.003,0.0301534089987275,-0.0546));
#6414=CARTESIAN_POINT('',(0.02345,0.041,-0.0617));
#6415=CARTESIAN_POINT('',(0.0262604110292354,-9.22018415984316E-19,-0.0617));
#6416=CARTESIAN_POINT('',(0.026863387401142,0.0100479940045107,-0.0617));
#6417=CARTESIAN_POINT('',(0.0273891421663585,0.0201003763623173,-0.0617));
#6418=CARTESIAN_POINT('',(0.0279,0.0301534089987277,-0.0617));
#6419=CARTESIAN_POINT('',(0.02345,0.041,-0.0617));
#6420=CARTESIAN_POINT('',(0.0206395889707646,-9.22018415984316E-19,-0.0617));
#6421=CARTESIAN_POINT('',(0.020036612598858,0.0100479940045107,-0.0617));
#6422=CARTESIAN_POINT('',(0.0195108578336415,0.0201003763623173,-0.0617));
#6423=CARTESIAN_POINT('',(0.019,0.0301534089987277,-0.0617));
#6424=CARTESIAN_POINT('',(0.02345,0.041,-0.0617));
#6425=CARTESIAN_POINT('',(0.0439,0.041,-0.03235));
#6426=CARTESIAN_POINT('',(0.003,0.041,-0.03235));
#6427=CARTESIAN_POINT('',(0.003,4.74137947207052E-19,-0.0440604110292354));
#6428=CARTESIAN_POINT('',(0.003,0.0100479940045107,-0.0446633874011421));
#6429=CARTESIAN_POINT('',(0.003,0.0201003763623171,-0.0451891421663585));
#6430=CARTESIAN_POINT('',(0.003,0.0301534089987275,-0.0457));
#6431=CARTESIAN_POINT('',(0.0439,0.041,-0.03235));
#6432=CARTESIAN_POINT('',(0.003,0.041,-0.03235));
#6433=CARTESIAN_POINT('',(0.003,4.74137947207052E-19,-0.0384395889707646));
#6434=CARTESIAN_POINT('',(0.003,0.0100479940045107,-0.0378366125988579));
#6435=CARTESIAN_POINT('',(0.003,0.0201003763623171,-0.0373108578336415));
#6436=CARTESIAN_POINT('',(0.003,0.0301534089987275,-0.0368));
#6437=CARTESIAN_POINT('',(0.0439,0.041,-0.03235));
#6438=CARTESIAN_POINT('',(0.003,0.041,-0.03235));
#6439=CARTESIAN_POINT('',(0.003,8.68221366299078E-19,-0.0262604110292354));
#6440=CARTESIAN_POINT('',(0.003,0.0100479940045107,-0.0268633874011421));
#6441=CARTESIAN_POINT('',(0.003,0.0201003763623171,-0.0273891421663585));
#6442=CARTESIAN_POINT('',(0.003,0.0301534089987275,-0.0279));
#6443=CARTESIAN_POINT('',(0.0439,0.041,-0.03235));
#6444=CARTESIAN_POINT('',(0.0439,5.09650410175866E-19,-0.0173604110292354));
#6445=CARTESIAN_POINT('',(0.0439,0.0100479940045012,-0.0179633874011415));
#6446=CARTESIAN_POINT('',(0.0439,0.0201003763622983,-0.0184891421663575));
#6447=CARTESIAN_POINT('',(0.0439,0.0301534089986992,-0.0189999999999986));
#6448=CARTESIAN_POINT('',(0.003,0.041,-0.03235));
#6449=CARTESIAN_POINT('',(0.003,9.87689801496233E-19,-0.0173604110292354));
#6450=CARTESIAN_POINT('',(0.003,0.0100479940045107,-0.0179633874011421));
#6451=CARTESIAN_POINT('',(0.003,0.0201003763623171,-0.0184891421663585));
#6452=CARTESIAN_POINT('',(0.003,0.0301534089987275,-0.019));
#6453=CARTESIAN_POINT('',(0.003,0.0301534089987275,-0.019));
#6454=CARTESIAN_POINT('',(0.003,8.68221366299078E-19,-0.0206395889707647));
#6455=CARTESIAN_POINT('',(0.003,0.0100479940045107,-0.020036612598858));
#6456=CARTESIAN_POINT('',(0.003,0.0201003763623171,-0.0195108578336415));
#6457=CARTESIAN_POINT('',(0.003,0.0301534089987275,-0.019));
#6458=CARTESIAN_POINT('',(0.0439,0.041,-0.03235));
#6459=CARTESIAN_POINT('',(0.0439,-8.5746447688685E-21,-0.0117395889707646));
#6460=CARTESIAN_POINT('',(0.0439,0.0100479940045015,-0.0111366125988585));
#6461=CARTESIAN_POINT('',(0.0439,0.0201003763622987,-0.0106108578336425));
#6462=CARTESIAN_POINT('',(0.0439,0.0301534089986999,-0.0101000000000014));
#6463=CARTESIAN_POINT('',(0.003,0.041,-0.03235));
#6464=CARTESIAN_POINT('',(0.003,8.71024227995637E-19,-0.00846041102923538));
#6465=CARTESIAN_POINT('',(0.003,0.0100479940045107,-0.00906338740114206));
#6466=CARTESIAN_POINT('',(0.003,0.0201003763623171,-0.00958914216635851));
#6467=CARTESIAN_POINT('',(0.003,0.0301534089987275,-0.0101));
#6468=CARTESIAN_POINT('',(0.003,0.0301534089987275,-0.0101));
#6469=CARTESIAN_POINT('',(0.003,9.86340256326852E-19,-0.0117395889707646));
#6470=CARTESIAN_POINT('',(0.003,0.0100479940045107,-0.0111366125988579));
#6471=CARTESIAN_POINT('',(0.003,0.0201003763623171,-0.0106108578336415));
#6472=CARTESIAN_POINT('',(0.003,0.0301534089987275,-0.0101));
#6473=CARTESIAN_POINT('',(0.02345,0.041,-0.003));
#6474=CARTESIAN_POINT('',(0.02345,0.041,-0.003));
#6475=CARTESIAN_POINT('',(0.0173604110292354,7.89399285886691E-19,-0.003));
#6476=CARTESIAN_POINT('',(0.0179633874011415,0.0100479940045016,-0.003));
#6477=CARTESIAN_POINT('',(0.0184891421663575,0.020100376362299,-0.003));
#6478=CARTESIAN_POINT('',(0.0189999999999986,0.0301534089987003,-0.003));
#6479=CARTESIAN_POINT('',(0.02345,0.041,-0.003));
#6480=CARTESIAN_POINT('',(0.00846041102923538,9.86340256326852E-19,-0.003));
#6481=CARTESIAN_POINT('',(0.00906338740114151,0.0100479940045016,-0.003));
#6482=CARTESIAN_POINT('',(0.00958914216635754,0.0201003763622989,-0.003));
#6483=CARTESIAN_POINT('',(0.0100999999999986,0.0301534089987002,-0.003));
#6484=CARTESIAN_POINT('',(0.0100999999999986,0.0301534089987001,-0.003));
#6485=CARTESIAN_POINT('',(0.0117395889707646,9.05230214239949E-19,-0.003));
#6486=CARTESIAN_POINT('',(0.0111366125988585,0.0100479940045016,-0.003));
#6487=CARTESIAN_POINT('',(0.0106108578336425,0.020100376362299,-0.003));
#6488=CARTESIAN_POINT('',(0.0101000000000014,0.0301534089987003,-0.003));
#6489=CARTESIAN_POINT('',(0.02345,0.038,-0.03235));
#6490=CARTESIAN_POINT('',(0.04125,0.038,-0.05905));
#6491=CARTESIAN_POINT('',(0.02345,0.038,-0.03235));
#6492=CARTESIAN_POINT('',(0.01455,0.038,-0.01455));
#6493=CARTESIAN_POINT('',(0.017819343362199,0.038,-0.0101));
#6494=CARTESIAN_POINT('',(0.019,0.038,-0.011280656637801));
#6495=CARTESIAN_POINT('',(0.02345,0.038,-0.01455));
#6496=CARTESIAN_POINT('',(0.01455,0.038,-0.00565));
#6497=CARTESIAN_POINT('',(0.02345,0.038,-0.03235));
#6498=CARTESIAN_POINT('',(0.02345,0.038,-0.01455));
#6499=CARTESIAN_POINT('',(0.02345,0.038,-0.03235));
#6500=CARTESIAN_POINT('',(0.02345,0.038,-0.05015));
#6501=CARTESIAN_POINT('',(0.02345,0.038,-0.03235));
#6502=CARTESIAN_POINT('',(0.02345,0.038,-0.05015));
#6503=CARTESIAN_POINT('',(0.026719343362199,0.038,-0.0546));
#6504=CARTESIAN_POINT('',(0.02345,0.038,-0.05905));
#6505=CARTESIAN_POINT('',(0.02345,0.038,-0.03235));
#6506=CARTESIAN_POINT('',(0.02345,0.038,-0.05015));
#6507=CARTESIAN_POINT('',(0.02345,0.038,-0.03235));
#6508=CARTESIAN_POINT('',(0.00565,0.038,-0.04125));
#6509=CARTESIAN_POINT('',(0.02345,0.038,-0.03235));
#6510=CARTESIAN_POINT('',(0.00565,0.038,-0.02345));
#6511=CARTESIAN_POINT('',(0.02345,0.038,-0.03235));
#6512=CARTESIAN_POINT('',(0.02345,0.038,-0.01455));
#6513=CARTESIAN_POINT('',(0.019,0.038,-0.017819343362199));
#6514=CARTESIAN_POINT('',(0.01455,0.038,-0.01455));
#6515=CARTESIAN_POINT('',(0.02345,0.038,-0.03235));
#6516=CARTESIAN_POINT('',(0.01455,0.038,-0.01455));
#6517=CARTESIAN_POINT('',(0.0101,0.038,-0.017819343362199));
#6518=CARTESIAN_POINT('',(0.00565,0.038,-0.01455));
#6519=CARTESIAN_POINT('',(0.008919343362199,0.038,-0.019));
#6520=CARTESIAN_POINT('',(0.00565,0.038,-0.02345));
#6521=CARTESIAN_POINT('',(0.02345,0.038,-0.03235));
#6522=CARTESIAN_POINT('',(0.02345,0.038,-0.01455));
#6523=CARTESIAN_POINT('',(0.02345,0.038,-0.03235));
#6524=CARTESIAN_POINT('',(0.04125,0.038,-0.01455));
#6525=CARTESIAN_POINT('',(0.02345,0.038,-0.03235));
#6526=CARTESIAN_POINT('',(0.00565,0.038,-0.04125));
#6527=CARTESIAN_POINT('',(0.02345,0.038,-0.03235));
#6528=CARTESIAN_POINT('',(0.02345,0.038,-0.03235));
#6529=CARTESIAN_POINT('',(0.02345,0.038,-0.03235));
#6530=CARTESIAN_POINT('',(0.02345,0.038,-0.03235));
#6531=CARTESIAN_POINT('',(0.02345,0.038,-0.03235));
#6532=CARTESIAN_POINT('',(0.02345,0.038,-0.03235));
#6533=CARTESIAN_POINT('',(0.02345,0.038,-0.03235));
#6534=CARTESIAN_POINT('',(0.02345,0.038,-0.05015));
#6535=CARTESIAN_POINT('',(0.020180656637801,0.038,-0.0546));
#6536=CARTESIAN_POINT('',(0.02345,0.038,-0.05905));
#6537=CARTESIAN_POINT('',(0.02345,0.038,-0.03235));
#6538=CARTESIAN_POINT('',(0.02345,0.038,-0.03235));
#6539=CARTESIAN_POINT('',(0.04125,0.038,-0.01455));
#6540=CARTESIAN_POINT('',(0.02345,0.038,-0.03235));
#6541=CARTESIAN_POINT('',(0.04125,0.040869141837904,-0.05905));
#6542=CARTESIAN_POINT('',(0.0384395889707647,1.37858591463718E-18,-0.0617));
#6543=CARTESIAN_POINT('',(0.037836612598858,0.0100479940045108,-0.0617));
#6544=CARTESIAN_POINT('',(0.0373108578336415,0.0201003763623173,-0.0617));
#6545=CARTESIAN_POINT('',(0.0368,0.0301534089987278,-0.0617));
#6546=CARTESIAN_POINT('',(0.0439,3.95180955973048E-19,-0.0562395889707646));
#6547=CARTESIAN_POINT('',(0.0439,0.0100479940045012,-0.0556366125988585));
#6548=CARTESIAN_POINT('',(0.0439,0.0201003763622982,-0.0551108578336425));
#6549=CARTESIAN_POINT('',(0.0439,0.0301534089986991,-0.0546000000000014));
#6550=CARTESIAN_POINT('',(0.02345,0.040869141837904,-0.05905));
#6551=CARTESIAN_POINT('',(0.026719343362199,0.038,-0.0546));
#6552=CARTESIAN_POINT('',(0.0266426584392801,0.0369601018143874,-0.0546));
#6553=CARTESIAN_POINT('',(0.0264858273400813,0.0348805873769839,-0.0546));
#6554=CARTESIAN_POINT('',(0.0262376013301706,0.0317623691049847,-0.0546));
#6555=CARTESIAN_POINT('',(0.0259726799727775,0.0286455171114189,-0.0546));
#6556=CARTESIAN_POINT('',(0.0256852507762236,0.0255304651947575,-0.0546));
#6557=CARTESIAN_POINT('',(0.0254192749775693,0.0229378000574198,-0.0546));
#6558=CARTESIAN_POINT('',(0.0251811546384921,0.0208666378355197,-0.0546));
#6559=CARTESIAN_POINT('',(0.0249853359925851,0.0193152694008639,-0.0546));
#6560=CARTESIAN_POINT('',(0.024802026526537,0.0180249156368178,-0.0546));
#6561=CARTESIAN_POINT('',(0.0246360167202237,0.0169947191291227,-0.0546));
#6562=CARTESIAN_POINT('',(0.0244984997029854,0.016224127069946,-0.0546));
#6563=CARTESIAN_POINT('',(0.0243425625472416,0.0154578101623621,-0.0546));
#6564=CARTESIAN_POINT('',(0.0241891489744489,0.0148247132723473,-0.0546));
#6565=CARTESIAN_POINT('',(0.0240382224419568,0.0143239342914987,-0.0546));
#6566=CARTESIAN_POINT('',(0.0239019770082816,0.0139553562581409,-0.0546));
#6567=CARTESIAN_POINT('',(0.0237545932822421,0.0136656064533778,-0.0546));
#6568=CARTESIAN_POINT('',(0.0235744778486752,0.0134600733894425,-0.0546));
#6569=CARTESIAN_POINT('',(0.0233611887376886,0.0134373505430744,-0.0546));
#6570=CARTESIAN_POINT('',(0.0232114922576065,0.0135850978010203,-0.0546));
#6571=CARTESIAN_POINT('',(0.0230706178040826,0.0138009122577721,-0.0546));
#6572=CARTESIAN_POINT('',(0.022940172351086,0.0141018703601181,-0.0546));
#6573=CARTESIAN_POINT('',(0.0228158434039927,0.0144687399171151,-0.0546));
#6574=CARTESIAN_POINT('',(0.0226738158978632,0.0149694054245817,-0.0546));
#6575=CARTESIAN_POINT('',(0.0225266083122464,0.0156004852352502,-0.0546));
#6576=CARTESIAN_POINT('',(0.0223756308626089,0.0163626317744836,-0.0546));
#6577=CARTESIAN_POINT('',(0.022241713458481,0.0171278824987074,-0.0546));
#6578=CARTESIAN_POINT('',(0.0220792949956928,0.018151154127355,-0.0546));
#6579=CARTESIAN_POINT('',(0.0218988769330667,0.0194346668802653,-0.0546));
#6580=CARTESIAN_POINT('',(0.0217056781397295,0.0209770131995339,-0.0546));
#6581=CARTESIAN_POINT('',(0.0214703162445062,0.0230356154366314,-0.0546));
#6582=CARTESIAN_POINT('',(0.0212069571583241,0.0256117878472912,-0.0546));
#6583=CARTESIAN_POINT('',(0.0209220230440163,0.028706151235873,-0.0546));
#6584=CARTESIAN_POINT('',(0.0206591335802708,0.0318026108656073,-0.0546));
#6585=CARTESIAN_POINT('',(0.0204126516215565,0.0349006150336243,-0.0546));
#6586=CARTESIAN_POINT('',(0.0202568479959694,0.0369667948782775,-0.0546));
#6587=CARTESIAN_POINT('',(0.020180656637801,0.038,-0.0546));
#6588=CARTESIAN_POINT('',(0.02345,0.040869141837904,-0.05015));
#6589=CARTESIAN_POINT('',(0.00565,0.040869141837904,-0.04125));
#6590=CARTESIAN_POINT('',(0.00565,0.040869141837904,-0.02345));
#6591=CARTESIAN_POINT('',(0.008919343362199,0.038,-0.019));
#6592=CARTESIAN_POINT('',(0.0087902503759607,0.0362494138736171,-0.019));
#6593=CARTESIAN_POINT('',(0.0085223142348208,0.0327490738221799,-0.019));
#6594=CARTESIAN_POINT('',(0.00815195304481892,0.0283763359560809,-0.019));
#6595=CARTESIAN_POINT('',(0.00782008322201064,0.0248814505675317,-0.019));
#6596=CARTESIAN_POINT('',(0.00759204314590014,0.0226996707473742,-0.019));
#6597=CARTESIAN_POINT('',(0.00739107107464397,0.0209564156097461,-0.019));
#6598=CARTESIAN_POINT('',(0.00722832909092668,0.0196503681203114,-0.019));
#6599=CARTESIAN_POINT('',(0.00704968896325207,0.0183462764729058,-0.019));
#6600=CARTESIAN_POINT('',(0.00684814899310025,0.0170445585488454,-0.019));
#6601=CARTESIAN_POINT('',(0.00665132889900067,0.0159641893032027,-0.019));
#6602=CARTESIAN_POINT('',(0.00646052267041733,0.0151077891608272,-0.019));
#6603=CARTESIAN_POINT('',(0.00631919044799435,0.0145774795639621,-0.019));
#6604=CARTESIAN_POINT('',(0.0061798828770855,0.0141590563422638,-0.019));
#6605=CARTESIAN_POINT('',(0.00605426664936907,0.0138541049941993,-0.019));
#6606=CARTESIAN_POINT('',(0.00591844639997596,0.0136141230609971,-0.019));
#6607=CARTESIAN_POINT('',(0.0057533645729295,0.0134556989568336,-0.019));
#6608=CARTESIAN_POINT('',(0.00557576875393663,0.0134403977670864,-0.019));
#6609=CARTESIAN_POINT('',(0.00544107931059004,0.013552312171517,-0.019));
#6610=CARTESIAN_POINT('',(0.00531223210711546,0.0137276415148151,-0.019));
#6611=CARTESIAN_POINT('',(0.0051912934054355,0.0139771140663787,-0.019));
#6612=CARTESIAN_POINT('',(0.00507697955192835,0.0142822898603735,-0.019));
#6613=CARTESIAN_POINT('',(0.00494644175286176,0.014699401110147,-0.019));
#6614=CARTESIAN_POINT('',(0.0048107169255998,0.0152292098911403,-0.019));
#6615=CARTESIAN_POINT('',(0.00467213442219773,0.0158683501769132,-0.019));
#6616=CARTESIAN_POINT('',(0.00454934462651527,0.0165106833896194,-0.019));
#6617=CARTESIAN_POINT('',(0.00440065638035349,0.0173697828060772,-0.019));
#6618=CARTESIAN_POINT('',(0.00423581181582485,0.0184475768872813,-0.019));
#6619=CARTESIAN_POINT('',(0.00405944464847546,0.0197447382661334,-0.019));
#6620=CARTESIAN_POINT('',(0.00389862516987924,0.0210430674621584,-0.019));
#6621=CARTESIAN_POINT('',(0.00369974255967423,0.0227757570923889,-0.019));
#6622=CARTESIAN_POINT('',(0.00347381087797606,0.0249437352531483,-0.019));
#6623=CARTESIAN_POINT('',(0.00322690561335937,0.0275476245170428,-0.019));
#6624=CARTESIAN_POINT('',(0.00307413202108254,0.029284671158832,-0.019));
#6625=CARTESIAN_POINT('',(0.00299999999999999,0.0301534089987275,-0.019));
#6626=CARTESIAN_POINT('',(0.04125,0.040869141837904,-0.01455));
#6627=CARTESIAN_POINT('',(0.02345,0.040869141837904,-0.01455));
#6628=CARTESIAN_POINT('',(0.019,0.038,-0.011280656637801));
#6629=CARTESIAN_POINT('',(0.019,0.0369601018145119,-0.0113573415607107));
#6630=CARTESIAN_POINT('',(0.019,0.0348805873773574,-0.0115141726598903));
#6631=CARTESIAN_POINT('',(0.019,0.0317623691057314,-0.0117623986697688));
#6632=CARTESIAN_POINT('',(0.019,0.0286455171125384,-0.0120273200271246));
#6633=CARTESIAN_POINT('',(0.019,0.0255304651962489,-0.0123147492236333));
#6634=CARTESIAN_POINT('',(0.019,0.0229378000592198,-0.0125807250222389));
#6635=CARTESIAN_POINT('',(0.019,0.0208666378375647,-0.0128188453612632));
#6636=CARTESIAN_POINT('',(0.019,0.0193152694030917,-0.0130146640071192));
#6637=CARTESIAN_POINT('',(0.019,0.0180249156391949,-0.0131979734731091));
#6638=CARTESIAN_POINT('',(0.019,0.0169947191316196,-0.0133639832793552));
#6639=CARTESIAN_POINT('',(0.019,0.0162241270725232,-0.0135015002965271));
#6640=CARTESIAN_POINT('',(0.019,0.0154578101650142,-0.0136574374521785));
#6641=CARTESIAN_POINT('',(0.019,0.0148247132750507,-0.0138108510248374));
#6642=CARTESIAN_POINT('',(0.019,0.0143239342942251,-0.0139617775571587));
#6643=CARTESIAN_POINT('',(0.019,0.0139553562608425,-0.0140980229905415));
#6644=CARTESIAN_POINT('',(0.019,0.0136656064558653,-0.0142454067163824));
#6645=CARTESIAN_POINT('',(0.019,0.0134600733914868,-0.0144255221486335));
#6646=CARTESIAN_POINT('',(0.019,0.0134373505414588,-0.0146388112591937));
#6647=CARTESIAN_POINT('',(0.019,0.0135850977986272,-0.014788507740633));
#6648=CARTESIAN_POINT('',(0.019,0.0138009122549876,-0.0149293821944815));
#6649=CARTESIAN_POINT('',(0.019,0.0141018703572635,-0.015059827647858));
#6650=CARTESIAN_POINT('',(0.019,0.0144687399141249,-0.015184156595084));
#6651=CARTESIAN_POINT('',(0.019,0.0149694054214873,-0.015326184101363));
#6652=CARTESIAN_POINT('',(0.019,0.0156004852320666,-0.0154733916870733));
#6653=CARTESIAN_POINT('',(0.019,0.0163626317711904,-0.0156243691367813));
#6654=CARTESIAN_POINT('',(0.019,0.0171278824953119,-0.0157582865409546));
#6655=CARTESIAN_POINT('',(0.019,0.0181511541238252,-0.0159207050037858));
#6656=CARTESIAN_POINT('',(0.019,0.0194346668765737,-0.0161011230664451));
#6657=CARTESIAN_POINT('',(0.019,0.0209770131956524,-0.0162943218598071));
#6658=CARTESIAN_POINT('',(0.019,0.0230356154325086,-0.0165296837550519));
#6659=CARTESIAN_POINT('',(0.019,0.0256117878427785,-0.0167930428412407));
#6660=CARTESIAN_POINT('',(0.019,0.0287061512313079,-0.0170779769555768));
#6661=CARTESIAN_POINT('',(0.019,0.0318026108594751,-0.0173408664192343));
#6662=CARTESIAN_POINT('',(0.019,0.0349006150315717,-0.0175873483782686));
#6663=CARTESIAN_POINT('',(0.019,0.0369667948648985,-0.017743152003044));
#6664=CARTESIAN_POINT('',(0.019,0.038,-0.017819343362199));
#6665=CARTESIAN_POINT('',(0.01455,0.040869141837904,-0.01455));
#6666=CARTESIAN_POINT('',(0.017819343362199,0.038,-0.0101));
#6667=CARTESIAN_POINT('',(0.0177426584392707,0.0369601018142602,-0.0101));
#6668=CARTESIAN_POINT('',(0.0175858273400524,0.0348805873766024,-0.0101));
#6669=CARTESIAN_POINT('',(0.0173376013301087,0.0317623691042219,-0.0101));
#6670=CARTESIAN_POINT('',(0.0170726799726775,0.0286455171102752,-0.0101));
#6671=CARTESIAN_POINT('',(0.0167852507760774,0.025530465193234,-0.0101));
#6672=CARTESIAN_POINT('',(0.0165192749773733,0.0229378000555812,-0.0101));
#6673=CARTESIAN_POINT('',(0.0162811546382421,0.0208666378334307,-0.0101));
#6674=CARTESIAN_POINT('',(0.016085335992283,0.0193152693985881,-0.0101));
#6675=CARTESIAN_POINT('',(0.0159020265261755,0.0180249156343896,-0.0101));
#6676=CARTESIAN_POINT('',(0.0157360167197935,0.0169947191265721,-0.0101));
#6677=CARTESIAN_POINT('',(0.0155984997024874,0.0162241270673134,-0.0101));
#6678=CARTESIAN_POINT('',(0.0154425625466491,0.0154578101596527,-0.0101));
#6679=CARTESIAN_POINT('',(0.0152891489737197,0.0148247132695858,-0.0101));
#6680=CARTESIAN_POINT('',(0.0151382224410532,0.0143239342887137,-0.0101));
#6681=CARTESIAN_POINT('',(0.0150019770070794,0.0139553562553814,-0.0101));
#6682=CARTESIAN_POINT('',(0.0148545932808369,0.0136656064508368,-0.0101));
#6683=CARTESIAN_POINT('',(0.0146744778459262,0.0134600733873545,-0.0101));
#6684=CARTESIAN_POINT('',(0.014461188734504,0.0134373505447247,-0.0101));
#6685=CARTESIAN_POINT('',(0.0143114922558083,0.0135850978034646,-0.0101));
#6686=CARTESIAN_POINT('',(0.0141706178026159,0.0138009122606166,-0.0101));
#6687=CARTESIAN_POINT('',(0.0140401723500073,0.0141018703630342,-0.0101));
#6688=CARTESIAN_POINT('',(0.0139158434030496,0.0144687399201699,-0.0101));
#6689=CARTESIAN_POINT('',(0.0137738158970727,0.0149694054277428,-0.0101));
#6690=CARTESIAN_POINT('',(0.0136266083115513,0.0156004852385028,-0.0101));
#6691=CARTESIAN_POINT('',(0.0134756308619859,0.0163626317778484,-0.0101));
#6692=CARTESIAN_POINT('',(0.0133417134579043,0.0171278825021769,-0.0101));
#6693=CARTESIAN_POINT('',(0.01317929499516,0.018151154130962,-0.0101));
#6694=CARTESIAN_POINT('',(0.0129988769325678,0.0194346668840376,-0.0101));
#6695=CARTESIAN_POINT('',(0.0128056781392559,0.0209770132035009,-0.0101));
#6696=CARTESIAN_POINT('',(0.0125703162440545,0.0230356154408453,-0.0101));
#6697=CARTESIAN_POINT('',(0.0123069571578792,0.0256117878519044,-0.0101));
#6698=CARTESIAN_POINT('',(0.0120220230436002,0.0287061512405402,-0.0101));
#6699=CARTESIAN_POINT('',(0.0117591335797648,0.0318026108718774,-0.0101));
#6700=CARTESIAN_POINT('',(0.0115126516213777,0.0349006150357231,-0.0101));
#6701=CARTESIAN_POINT('',(0.0113568479949605,0.0369667948919592,-0.0101));
#6702=CARTESIAN_POINT('',(0.011280656637801,0.038,-0.0101));
#6703=CARTESIAN_POINT('',(0.011280656637801,0.038,-0.0101));
#6704=CARTESIAN_POINT('',(0.01455,0.038,-0.01455));
#6705=CARTESIAN_POINT('',(0.0101,0.038,-0.011280656637801));
#6706=CARTESIAN_POINT('',(0.0101,0.038,-0.017819343362199));
#6707=CARTESIAN_POINT('',(0.0101,0.0369601018146169,-0.017742658439297));
#6708=CARTESIAN_POINT('',(0.0101,0.0348805873776721,-0.0175858273401336));
#6709=CARTESIAN_POINT('',(0.0101,0.0317623691063604,-0.0173376013302823));
#6710=CARTESIAN_POINT('',(0.0101,0.0286455171134816,-0.0170726799729579));
#6711=CARTESIAN_POINT('',(0.0101,0.0255304651975054,-0.0167852507764873));
#6712=CARTESIAN_POINT('',(0.0101,0.0229378000607362,-0.0165192749779228));
#6713=CARTESIAN_POINT('',(0.0101,0.0208666378392875,-0.016281154638943));
#6714=CARTESIAN_POINT('',(0.0101,0.0193152694049686,-0.0160853359931299));
#6715=CARTESIAN_POINT('',(0.0101,0.0180249156411975,-0.0159020265271891));
#6716=CARTESIAN_POINT('',(0.0101,0.0169947191337232,-0.0157360167209995));
#6717=CARTESIAN_POINT('',(0.0101,0.0162241270746944,-0.0155984997038836));
#6718=CARTESIAN_POINT('',(0.0101,0.0154578101672487,-0.0154425625483101));
#6719=CARTESIAN_POINT('',(0.0101,0.0148247132773281,-0.015289148975764));
#6720=CARTESIAN_POINT('',(0.0101,0.0143239342965221,-0.0151382224435864));
#6721=CARTESIAN_POINT('',(0.0101,0.0139553562631184,-0.01500197701045));
#6722=CARTESIAN_POINT('',(0.0101,0.013665606457961,-0.0148545932847765));
#6723=CARTESIAN_POINT('',(0.0101,0.013460073393209,-0.0146744778536338));
#6724=CARTESIAN_POINT('',(0.0101,0.0134373505400978,-0.0144611887434328));
#6725=CARTESIAN_POINT('',(0.0101,0.0135850977966112,-0.0143114922608502));
#6726=CARTESIAN_POINT('',(0.0101,0.0138009122526417,-0.0141706178067282));
#6727=CARTESIAN_POINT('',(0.0101,0.0141018703548585,-0.0140401723530316));
#6728=CARTESIAN_POINT('',(0.0101,0.0144687399116057,-0.0139158434056938));
#6729=CARTESIAN_POINT('',(0.0101,0.0149694054188804,-0.0137738158992889));
#6730=CARTESIAN_POINT('',(0.0101,0.0156004852293847,-0.0136266083134999));
#6731=CARTESIAN_POINT('',(0.0101,0.0163626317684161,-0.0134756308637324));
#6732=CARTESIAN_POINT('',(0.0101,0.0171278824924516,-0.0133417134595209));
#6733=CARTESIAN_POINT('',(0.0101,0.0181511541208517,-0.0131792949966534));
#6734=CARTESIAN_POINT('',(0.0101,0.0194346668734644,-0.0129988769339661));
#6735=CARTESIAN_POINT('',(0.0101,0.0209770131923828,-0.0128056781405833));
#6736=CARTESIAN_POINT('',(0.0101,0.0230356154290362,-0.0125703162453202));
#6737=CARTESIAN_POINT('',(0.0101,0.0256117878389776,-0.0123069571591258));
#6738=CARTESIAN_POINT('',(0.0101,0.0287061512274632,-0.012022023044766));
#6739=CARTESIAN_POINT('',(0.0101,0.0318026108543109,-0.0117591335811825));
#6740=CARTESIAN_POINT('',(0.0101,0.0349006150298429,-0.0115126516218787));
#6741=CARTESIAN_POINT('',(0.0101,0.0369667948536317,-0.0113568479977869));
#6742=CARTESIAN_POINT('',(0.0101,0.038,-0.011280656637801));
#6743=CARTESIAN_POINT('',(0.00565,0.040869141837904,-0.01455));
#6744=CARTESIAN_POINT('',(0.00565,0.038,-0.01455));
#6745=CARTESIAN_POINT('',(0.008919343362199,0.038,-0.0101));
#6746=CARTESIAN_POINT('',(0.008919343362199,0.038,-0.0101));
#6747=CARTESIAN_POINT('',(0.0087902503759607,0.0362494138736171,-0.0101));
#6748=CARTESIAN_POINT('',(0.00852231423482079,0.0327490738221799,-0.0101));
#6749=CARTESIAN_POINT('',(0.00815195304481892,0.0283763359560808,-0.0101));
#6750=CARTESIAN_POINT('',(0.00782008322201062,0.0248814505675315,-0.0101));
#6751=CARTESIAN_POINT('',(0.00759204314590012,0.022699670747374,-0.0101));
#6752=CARTESIAN_POINT('',(0.00739107107464395,0.020956415609746,-0.0101));
#6753=CARTESIAN_POINT('',(0.00722832909092665,0.0196503681203112,-0.0101));
#6754=CARTESIAN_POINT('',(0.00704968896325203,0.0183462764729056,-0.0101));
#6755=CARTESIAN_POINT('',(0.0068481489931002,0.0170445585488451,-0.0101));
#6756=CARTESIAN_POINT('',(0.00665132889900064,0.0159641893032026,-0.0101));
#6757=CARTESIAN_POINT('',(0.00646052267041724,0.0151077891608269,-0.0101));
#6758=CARTESIAN_POINT('',(0.00631919044799428,0.0145774795639619,-0.0101));
#6759=CARTESIAN_POINT('',(0.00617988287708539,0.0141590563422636,-0.0101));
#6760=CARTESIAN_POINT('',(0.0060542666493689,0.013854104994199,-0.0101));
#6761=CARTESIAN_POINT('',(0.00591844639997581,0.0136141230609968,-0.0101));
#6762=CARTESIAN_POINT('',(0.00575336457292922,0.0134556989568335,-0.0101));
#6763=CARTESIAN_POINT('',(0.00557576875393638,0.0134403977670865,-0.0101));
#6764=CARTESIAN_POINT('',(0.00544107931058987,0.0135523121715173,-0.0101));
#6765=CARTESIAN_POINT('',(0.00531223210711534,0.0137276415148154,-0.0101));
#6766=CARTESIAN_POINT('',(0.00519129340543538,0.0139771140663791,-0.0101));
#6767=CARTESIAN_POINT('',(0.00507697955192828,0.0142822898603737,-0.0101));
#6768=CARTESIAN_POINT('',(0.0049464417528617,0.0146994011101473,-0.0101));
#6769=CARTESIAN_POINT('',(0.00481071692559975,0.0152292098911405,-0.0101));
#6770=CARTESIAN_POINT('',(0.00467213442219769,0.0158683501769134,-0.0101));
#6771=CARTESIAN_POINT('',(0.00454934462651523,0.0165106833896196,-0.0101));
#6772=CARTESIAN_POINT('',(0.00440065638035345,0.0173697828060774,-0.0101));
#6773=CARTESIAN_POINT('',(0.00423581181582484,0.0184475768872814,-0.0101));
#6774=CARTESIAN_POINT('',(0.00405944464847544,0.0197447382661336,-0.0101));
#6775=CARTESIAN_POINT('',(0.00389862516987923,0.0210430674621586,-0.0101));
#6776=CARTESIAN_POINT('',(0.00369974255967422,0.022775757092389,-0.0101));
#6777=CARTESIAN_POINT('',(0.00347381087797605,0.0249437352531483,-0.0101));
#6778=CARTESIAN_POINT('',(0.00322690561335936,0.0275476245170429,-0.0101));
#6779=CARTESIAN_POINT('',(0.00307413202108254,0.029284671158832,-0.0101));
#6780=CARTESIAN_POINT('',(0.00299999999999999,0.0301534089987275,-0.0101));
#6781=CARTESIAN_POINT('',(0.01455,0.040869141837904,-0.00565));
#6782=CARTESIAN_POINT('',(0.0101,0.038,-0.008919343362199));
#6783=CARTESIAN_POINT('',(0.0101,0.0362494138736183,-0.00879025037596078));
#6784=CARTESIAN_POINT('',(0.0101,0.0327490738221834,-0.00852231423482106));
#6785=CARTESIAN_POINT('',(0.0101,0.0283763359560872,-0.00815195304481947));
#6786=CARTESIAN_POINT('',(0.0101,0.0248814505675402,-0.00782008322201148));
#6787=CARTESIAN_POINT('',(0.0101,0.0226996707473841,-0.00759204314590121));
#6788=CARTESIAN_POINT('',(0.0101,0.0209564156097572,-0.00739107107464529));
#6789=CARTESIAN_POINT('',(0.0101,0.0196503681203233,-0.00722832909092823));
#6790=CARTESIAN_POINT('',(0.0101,0.0183462764729185,-0.00704968896325391));
#6791=CARTESIAN_POINT('',(0.0101,0.0170445585488589,-0.00684814899310249));
#6792=CARTESIAN_POINT('',(0.0101,0.0159641893032169,-0.00665132889900344));
#6793=CARTESIAN_POINT('',(0.0101,0.0151077891608418,-0.00646052267042081));
#6794=CARTESIAN_POINT('',(0.0101,0.0145774795639769,-0.00631919044799865));
#6795=CARTESIAN_POINT('',(0.0101,0.0141590563422786,-0.00617988287709082));
#6796=CARTESIAN_POINT('',(0.0101,0.0138541049942137,-0.00605426664937595));
#6797=CARTESIAN_POINT('',(0.0101,0.0136141230610107,-0.0059184463999846));
#6798=CARTESIAN_POINT('',(0.0101,0.013455698956843,-0.00575336457294458));
#6799=CARTESIAN_POINT('',(0.0101,0.0134403977670791,-0.00557576875395354));
#6800=CARTESIAN_POINT('',(0.0101,0.0135523121715045,-0.00544107931060078));
#6801=CARTESIAN_POINT('',(0.0101,0.0137276415148006,-0.00531223210712371));
#6802=CARTESIAN_POINT('',(0.0101,0.0139771140663635,-0.00519129340544185));
#6803=CARTESIAN_POINT('',(0.0101,0.0142822898603575,-0.00507697955193378));
#6804=CARTESIAN_POINT('',(0.0101,0.0146994011101305,-0.00494644175286634));
#6805=CARTESIAN_POINT('',(0.0101,0.0152292098911232,-0.00481071692560379));
#6806=CARTESIAN_POINT('',(0.0101,0.0158683501768957,-0.00467213442220128));
#6807=CARTESIAN_POINT('',(0.0101,0.0165106833896014,-0.00454934462651854));
#6808=CARTESIAN_POINT('',(0.0101,0.0173697828060585,-0.00440065638035649));
#6809=CARTESIAN_POINT('',(0.0101,0.0184475768872619,-0.00423581181582764));
#6810=CARTESIAN_POINT('',(0.0101,0.0197447382661131,-0.00405944464847809));
#6811=CARTESIAN_POINT('',(0.0101,0.0210430674621373,-0.00389862516988175));
#6812=CARTESIAN_POINT('',(0.0101,0.0227757570923665,-0.00369974255967665));
#6813=CARTESIAN_POINT('',(0.0101,0.0249437352531246,-0.00347381087797841));
#6814=CARTESIAN_POINT('',(0.0101,0.0275476245170173,-0.00322690561336169));
#6815=CARTESIAN_POINT('',(0.0101,0.0292846711588054,-0.00307413202108486));
#6816=CARTESIAN_POINT('',(0.0101,0.0301534089987004,-0.00300000000000231));
#6817=CARTESIAN_POINT('',(0.0101,0.038,-0.008919343362199));
#6818=CARTESIAN_POINT('',(0.01455,0.038,-0.00565));
#6819=CARTESIAN_POINT('',(0.003,0.041,-0.03235));
#6820=CARTESIAN_POINT('',(0.02345,0.041,-0.003));
#6821=CARTESIAN_POINT('',(0.0439,0.041,-0.03235));
#6822=CARTESIAN_POINT('',(0.02345,0.041,-0.0617));
#6823=CARTESIAN_POINT('',(0.02345,0.038,-0.03235));
#6824=CARTESIAN_POINT('',(0.00565,0.038,-0.00565));
#6825=CARTESIAN_POINT('',(0.00565,0.040869141837904,-0.00565));
#6826=CARTESIAN_POINT('',(0.005,0.041,-0.0597));
#6827=CARTESIAN_POINT('',(0.005,0.002,-0.0597));
#6828=CARTESIAN_POINT('',(0.005,0.039,-0.0597));
#6829=CARTESIAN_POINT('',(0.0419,0.041,-0.0597));
#6830=CARTESIAN_POINT('',(0.0419,0.002,-0.0597));
#6831=CARTESIAN_POINT('',(0.0419,0.039,-0.0597));
#6832=CARTESIAN_POINT('',(0.0419,0.041,-0.005));
#6833=CARTESIAN_POINT('',(0.0419,0.002,-0.005));
#6834=CARTESIAN_POINT('',(0.0419,0.039,-0.005));
#6835=CARTESIAN_POINT('',(0.005,0.041,-0.005));
#6836=CARTESIAN_POINT('',(0.005,0.002,-0.005));
#6837=CARTESIAN_POINT('',(0.005,0.039,-0.005));
#6838=CARTESIAN_POINT('',(0.002,0.,-0.03235));
#6839=CARTESIAN_POINT('',(0.002,0.,-0.0597));
#6840=CARTESIAN_POINT('',(0.,0.002,-0.005));
#6841=CARTESIAN_POINT('',(0.005,0.,-0.005));
#6842=CARTESIAN_POINT('',(0.005,0.002,0.));
#6843=CARTESIAN_POINT('',(0.005,0.,-0.0597));
#6844=CARTESIAN_POINT('',(0.005,0.,-0.0627));
#6845=CARTESIAN_POINT('',(0.02345,0.002,0.));
#6846=CARTESIAN_POINT('',(0.0419,0.002,0.));
#6847=CARTESIAN_POINT('',(0.02345,0.,-0.0627));
#6848=CARTESIAN_POINT('',(0.0419,0.,-0.0627));
#6849=CARTESIAN_POINT('',(0.0419,0.,-0.005));
#6850=CARTESIAN_POINT('',(0.0469,0.002,-0.005));
#6851=CARTESIAN_POINT('',(0.0419,0.,-0.0597));
#6852=CARTESIAN_POINT('',(0.0449,0.,-0.0597));
#6853=CARTESIAN_POINT('',(0.0469,0.002,-0.03235));
#6854=CARTESIAN_POINT('',(0.,0.039,-0.03235));
#6855=CARTESIAN_POINT('',(0.,0.039,-0.0597));
#6856=CARTESIAN_POINT('',(0.002,0.041,-0.005));
#6857=CARTESIAN_POINT('',(0.005,0.041,-0.005));
#6858=CARTESIAN_POINT('',(0.005,0.041,-0.002));
#6859=CARTESIAN_POINT('',(0.005,0.041,-0.0597));
#6860=CARTESIAN_POINT('',(0.005,0.039,-0.0647));
#6861=CARTESIAN_POINT('',(0.02345,0.041,-0.002));
#6862=CARTESIAN_POINT('',(0.0419,0.041,-0.002));
#6863=CARTESIAN_POINT('',(0.02345,0.039,-0.0647));
#6864=CARTESIAN_POINT('',(0.0419,0.039,-0.0647));
#6865=CARTESIAN_POINT('',(0.0419,0.041,-0.005));
#6866=CARTESIAN_POINT('',(0.0449,0.041,-0.005));
#6867=CARTESIAN_POINT('',(0.0419,0.041,-0.0597));
#6868=CARTESIAN_POINT('',(0.0469,0.039,-0.0597));
#6869=CARTESIAN_POINT('',(0.0449,0.041,-0.03235));
#6870=MECHANICAL_DESIGN_GEOMETRIC_PRESENTATION_REPRESENTATION('',(#2708),
#6871);
#6871=(
GEOMETRIC_REPRESENTATION_CONTEXT(3)
GLOBAL_UNCERTAINTY_ASSIGNED_CONTEXT((#6872))
GLOBAL_UNIT_ASSIGNED_CONTEXT((#6875,#6874,#6873))
REPRESENTATION_CONTEXT('Part 1','TOP_LEVEL_ASSEMBLY_PART')
);
#6872=UNCERTAINTY_MEASURE_WITH_UNIT(LENGTH_MEASURE(2.E-5),#6875,
'DISTANCE_ACCURACY_VALUE','Maximum Tolerance applied to model');
#6873=(
NAMED_UNIT(*)
SI_UNIT($,.STERADIAN.)
SOLID_ANGLE_UNIT()
);
#6874=(
NAMED_UNIT(*)
PLANE_ANGLE_UNIT()
SI_UNIT($,.RADIAN.)
);
#6875=(
LENGTH_UNIT()
NAMED_UNIT(*)
SI_UNIT($,.METRE.)
);
#6876=PRODUCT_DEFINITION_SHAPE('','',#6877);
#6877=PRODUCT_DEFINITION('','',#6879,#6878);
#6878=PRODUCT_DEFINITION_CONTEXT('',#6885,'design');
#6879=PRODUCT_DEFINITION_FORMATION_WITH_SPECIFIED_SOURCE('','',#6881,
 .NOT_KNOWN.);
#6880=PRODUCT_RELATED_PRODUCT_CATEGORY('','',(#6881));
#6881=PRODUCT('Part 1','Part 1','Part 1',(#6883));
#6882=PRODUCT_CATEGORY('','');
#6883=PRODUCT_CONTEXT('',#6885,'mechanical');
#6884=APPLICATION_PROTOCOL_DEFINITION('international standard',
'ap242_managed_model_based_3d_engineering',2020,#6885);
#6885=APPLICATION_CONTEXT('managed model based 3d engineering');
ENDSEC;
END-ISO-10303-21;
