ISO-10303-21;
HEADER;
/* Generated by software containing ST-Developer
 * from STEP Tools, Inc. (www.steptools.com) 
 */
/* OPTION: using custom renumber hook */

FILE_DESCRIPTION(
/* description */ ('STEP AP242 Edition 2',
'CAx-IF Rec.Pracs.---Representation and Presentation of Product Manufa
cturing Information (PMI)---4.0---2014-10-13',
'CAx-IF Rec.Pracs.---3D Tessellated Geometry---0.4---2014-09-14','2;1',
'CAx-IF Rec.Pracs.---User Defined Attributes---1.5---2016-08-15'),
/* implementation_level */ '2;1');

FILE_NAME(
/* name */ 'Para-Dox Well Plate Vial Cover_REV. 0',
/* time_stamp */ '2026-07-20T17:56:54Z',
/* author */ (''),
/* organization */ (''),
/* preprocessor_version */ 'ST-DEVELOPER v20',
/* originating_system */ 'ONSHAPE BY PTC INC, 1.218',
/* authorisation */ '  ');

FILE_SCHEMA (('AP242_MANAGED_MODEL_BASED_3D_ENGINEERING_MIM_LF { 1 0 10303 442 3 1 4 }'));
ENDSEC;

DATA;
#10=SHAPE_REPRESENTATION_RELATIONSHIP('','',#10388,#11);
#11=ADVANCED_BREP_SHAPE_REPRESENTATION('',(#10386),#18070);
#12=B_SPLINE_SURFACE_WITH_KNOTS('',3,1,((#14836,#14837),(#14838,#14839),
(#14840,#14841),(#14842,#14843)),.SURF_OF_LINEAR_EXTRUSION.,.F.,.F.,.F.,
(4,4),(2,2),(0.,1.),(0.,1.),.PIECEWISE_BEZIER_KNOTS.);
#13=B_SPLINE_SURFACE_WITH_KNOTS('',3,1,((#14865,#14866),(#14867,#14868),
(#14869,#14870),(#14871,#14872)),.SURF_OF_LINEAR_EXTRUSION.,.F.,.F.,.F.,
(4,4),(2,2),(0.,1.),(0.,1.),.PIECEWISE_BEZIER_KNOTS.);
#14=B_SPLINE_SURFACE_WITH_KNOTS('',3,1,((#14886,#14887),(#14888,#14889),
(#14890,#14891),(#14892,#14893)),.SURF_OF_LINEAR_EXTRUSION.,.F.,.F.,.F.,
(4,4),(2,2),(0.,1.),(0.,1.),.PIECEWISE_BEZIER_KNOTS.);
#15=B_SPLINE_SURFACE_WITH_KNOTS('',3,1,((#14911,#14912),(#14913,#14914),
(#14915,#14916),(#14917,#14918)),.SURF_OF_LINEAR_EXTRUSION.,.F.,.F.,.F.,
(4,4),(2,2),(0.,1.),(0.,1.),.PIECEWISE_BEZIER_KNOTS.);
#16=B_SPLINE_SURFACE_WITH_KNOTS('',3,1,((#14924,#14925),(#14926,#14927),
(#14928,#14929),(#14930,#14931)),.SURF_OF_LINEAR_EXTRUSION.,.F.,.F.,.F.,
(4,4),(2,2),(0.,1.),(0.,1.),.PIECEWISE_BEZIER_KNOTS.);
#17=B_SPLINE_SURFACE_WITH_KNOTS('',3,1,((#14945,#14946),(#14947,#14948),
(#14949,#14950),(#14951,#14952)),.SURF_OF_LINEAR_EXTRUSION.,.F.,.F.,.F.,
(4,4),(2,2),(0.,1.),(0.,1.),.PIECEWISE_BEZIER_KNOTS.);
#18=B_SPLINE_SURFACE_WITH_KNOTS('',3,1,((#14965,#14966),(#14967,#14968),
(#14969,#14970),(#14971,#14972)),.SURF_OF_LINEAR_EXTRUSION.,.F.,.F.,.F.,
(4,4),(2,2),(0.,1.),(0.,1.),.PIECEWISE_BEZIER_KNOTS.);
#19=B_SPLINE_SURFACE_WITH_KNOTS('',3,1,((#14980,#14981),(#14982,#14983),
(#14984,#14985),(#14986,#14987)),.SURF_OF_LINEAR_EXTRUSION.,.F.,.F.,.F.,
(4,4),(2,2),(0.,1.),(0.,1.),.PIECEWISE_BEZIER_KNOTS.);
#20=B_SPLINE_SURFACE_WITH_KNOTS('',3,1,((#14993,#14994),(#14995,#14996),
(#14997,#14998),(#14999,#15000)),.SURF_OF_LINEAR_EXTRUSION.,.F.,.F.,.F.,
(4,4),(2,2),(0.,1.),(0.,1.),.PIECEWISE_BEZIER_KNOTS.);
#21=B_SPLINE_SURFACE_WITH_KNOTS('',3,1,((#15006,#15007),(#15008,#15009),
(#15010,#15011),(#15012,#15013)),.SURF_OF_LINEAR_EXTRUSION.,.F.,.F.,.F.,
(4,4),(2,2),(0.,1.),(0.,1.),.PIECEWISE_BEZIER_KNOTS.);
#22=B_SPLINE_SURFACE_WITH_KNOTS('',3,1,((#15031,#15032),(#15033,#15034),
(#15035,#15036),(#15037,#15038)),.SURF_OF_LINEAR_EXTRUSION.,.F.,.F.,.F.,
(4,4),(2,2),(0.,1.),(0.,1.),.PIECEWISE_BEZIER_KNOTS.);
#23=B_SPLINE_SURFACE_WITH_KNOTS('',3,1,((#15044,#15045),(#15046,#15047),
(#15048,#15049),(#15050,#15051)),.SURF_OF_LINEAR_EXTRUSION.,.F.,.F.,.F.,
(4,4),(2,2),(0.,1.),(0.,1.),.PIECEWISE_BEZIER_KNOTS.);
#24=B_SPLINE_SURFACE_WITH_KNOTS('',3,1,((#15057,#15058),(#15059,#15060),
(#15061,#15062),(#15063,#15064)),.SURF_OF_LINEAR_EXTRUSION.,.F.,.F.,.F.,
(4,4),(2,2),(0.,1.),(0.,1.),.PIECEWISE_BEZIER_KNOTS.);
#25=B_SPLINE_SURFACE_WITH_KNOTS('',3,1,((#15082,#15083),(#15084,#15085),
(#15086,#15087),(#15088,#15089)),.SURF_OF_LINEAR_EXTRUSION.,.F.,.F.,.F.,
(4,4),(2,2),(0.,1.),(0.,1.),.PIECEWISE_BEZIER_KNOTS.);
#26=B_SPLINE_SURFACE_WITH_KNOTS('',3,1,((#15095,#15096),(#15097,#15098),
(#15099,#15100),(#15101,#15102)),.SURF_OF_LINEAR_EXTRUSION.,.F.,.F.,.F.,
(4,4),(2,2),(0.,1.),(0.,1.),.PIECEWISE_BEZIER_KNOTS.);
#27=B_SPLINE_SURFACE_WITH_KNOTS('',3,1,((#15108,#15109),(#15110,#15111),
(#15112,#15113),(#15114,#15115)),.SURF_OF_LINEAR_EXTRUSION.,.F.,.F.,.F.,
(4,4),(2,2),(0.,1.),(0.,1.),.PIECEWISE_BEZIER_KNOTS.);
#28=B_SPLINE_SURFACE_WITH_KNOTS('',3,1,((#15121,#15122),(#15123,#15124),
(#15125,#15126),(#15127,#15128)),.SURF_OF_LINEAR_EXTRUSION.,.F.,.F.,.F.,
(4,4),(2,2),(0.,1.),(0.,1.),.PIECEWISE_BEZIER_KNOTS.);
#29=B_SPLINE_SURFACE_WITH_KNOTS('',3,1,((#15146,#15147),(#15148,#15149),
(#15150,#15151),(#15152,#15153)),.SURF_OF_LINEAR_EXTRUSION.,.F.,.F.,.F.,
(4,4),(2,2),(0.,1.),(0.,1.),.PIECEWISE_BEZIER_KNOTS.);
#30=B_SPLINE_SURFACE_WITH_KNOTS('',3,1,((#15159,#15160),(#15161,#15162),
(#15163,#15164),(#15165,#15166)),.SURF_OF_LINEAR_EXTRUSION.,.F.,.F.,.F.,
(4,4),(2,2),(0.,1.),(0.,1.),.PIECEWISE_BEZIER_KNOTS.);
#31=B_SPLINE_SURFACE_WITH_KNOTS('',3,1,((#15172,#15173),(#15174,#15175),
(#15176,#15177),(#15178,#15179)),.SURF_OF_LINEAR_EXTRUSION.,.F.,.F.,.F.,
(4,4),(2,2),(0.,1.),(0.,1.),.PIECEWISE_BEZIER_KNOTS.);
#32=B_SPLINE_SURFACE_WITH_KNOTS('',3,1,((#15185,#15186),(#15187,#15188),
(#15189,#15190),(#15191,#15192)),.SURF_OF_LINEAR_EXTRUSION.,.F.,.F.,.F.,
(4,4),(2,2),(0.,1.),(0.,1.),.PIECEWISE_BEZIER_KNOTS.);
#33=B_SPLINE_SURFACE_WITH_KNOTS('',3,1,((#15198,#15199),(#15200,#15201),
(#15202,#15203),(#15204,#15205)),.SURF_OF_LINEAR_EXTRUSION.,.F.,.F.,.F.,
(4,4),(2,2),(0.,1.),(0.,1.),.PIECEWISE_BEZIER_KNOTS.);
#34=B_SPLINE_SURFACE_WITH_KNOTS('',3,1,((#15215,#15216),(#15217,#15218),
(#15219,#15220),(#15221,#15222)),.SURF_OF_LINEAR_EXTRUSION.,.F.,.F.,.F.,
(4,4),(2,2),(0.,1.),(0.,1.),.PIECEWISE_BEZIER_KNOTS.);
#35=B_SPLINE_SURFACE_WITH_KNOTS('',3,1,((#15227,#15228),(#15229,#15230),
(#15231,#15232),(#15233,#15234)),.SURF_OF_LINEAR_EXTRUSION.,.F.,.F.,.F.,
(4,4),(2,2),(0.,1.),(0.,1.),.PIECEWISE_BEZIER_KNOTS.);
#36=B_SPLINE_SURFACE_WITH_KNOTS('',3,1,((#15282,#15283),(#15284,#15285),
(#15286,#15287),(#15288,#15289)),.SURF_OF_LINEAR_EXTRUSION.,.F.,.F.,.F.,
(4,4),(2,2),(0.,1.),(0.,1.),.PIECEWISE_BEZIER_KNOTS.);
#37=B_SPLINE_SURFACE_WITH_KNOTS('',3,1,((#15295,#15296),(#15297,#15298),
(#15299,#15300),(#15301,#15302)),.SURF_OF_LINEAR_EXTRUSION.,.F.,.F.,.F.,
(4,4),(2,2),(0.,1.),(0.,1.),.PIECEWISE_BEZIER_KNOTS.);
#38=B_SPLINE_SURFACE_WITH_KNOTS('',3,1,((#15320,#15321),(#15322,#15323),
(#15324,#15325),(#15326,#15327)),.SURF_OF_LINEAR_EXTRUSION.,.F.,.F.,.F.,
(4,4),(2,2),(0.,1.),(0.,1.),.PIECEWISE_BEZIER_KNOTS.);
#39=B_SPLINE_SURFACE_WITH_KNOTS('',3,1,((#15333,#15334),(#15335,#15336),
(#15337,#15338),(#15339,#15340)),.SURF_OF_LINEAR_EXTRUSION.,.F.,.F.,.F.,
(4,4),(2,2),(0.,1.),(0.,1.),.PIECEWISE_BEZIER_KNOTS.);
#40=B_SPLINE_SURFACE_WITH_KNOTS('',3,1,((#15346,#15347),(#15348,#15349),
(#15350,#15351),(#15352,#15353)),.SURF_OF_LINEAR_EXTRUSION.,.F.,.F.,.F.,
(4,4),(2,2),(0.,1.),(0.,1.),.PIECEWISE_BEZIER_KNOTS.);
#41=B_SPLINE_SURFACE_WITH_KNOTS('',3,1,((#15359,#15360),(#15361,#15362),
(#15363,#15364),(#15365,#15366)),.SURF_OF_LINEAR_EXTRUSION.,.F.,.F.,.F.,
(4,4),(2,2),(0.,1.),(0.,1.),.PIECEWISE_BEZIER_KNOTS.);
#42=B_SPLINE_SURFACE_WITH_KNOTS('',3,1,((#15564,#15565),(#15566,#15567),
(#15568,#15569),(#15570,#15571)),.SURF_OF_LINEAR_EXTRUSION.,.F.,.F.,.F.,
(4,4),(2,2),(0.,1.),(0.,1.),.PIECEWISE_BEZIER_KNOTS.);
#43=B_SPLINE_SURFACE_WITH_KNOTS('',3,1,((#15584,#15585),(#15586,#15587),
(#15588,#15589),(#15590,#15591)),.SURF_OF_LINEAR_EXTRUSION.,.F.,.F.,.F.,
(4,4),(2,2),(0.,1.),(0.,1.),.PIECEWISE_BEZIER_KNOTS.);
#44=B_SPLINE_SURFACE_WITH_KNOTS('',3,1,((#15613,#15614),(#15615,#15616),
(#15617,#15618),(#15619,#15620)),.SURF_OF_LINEAR_EXTRUSION.,.F.,.F.,.F.,
(4,4),(2,2),(0.,1.),(0.,1.),.PIECEWISE_BEZIER_KNOTS.);
#45=B_SPLINE_SURFACE_WITH_KNOTS('',3,1,((#15630,#15631),(#15632,#15633),
(#15634,#15635),(#15636,#15637)),.SURF_OF_LINEAR_EXTRUSION.,.F.,.F.,.F.,
(4,4),(2,2),(0.,1.),(0.,1.),.PIECEWISE_BEZIER_KNOTS.);
#46=B_SPLINE_SURFACE_WITH_KNOTS('',3,1,((#15653,#15654),(#15655,#15656),
(#15657,#15658),(#15659,#15660)),.SURF_OF_LINEAR_EXTRUSION.,.F.,.F.,.F.,
(4,4),(2,2),(0.,1.),(0.,1.),.PIECEWISE_BEZIER_KNOTS.);
#47=B_SPLINE_SURFACE_WITH_KNOTS('',3,1,((#15673,#15674),(#15675,#15676),
(#15677,#15678),(#15679,#15680)),.SURF_OF_LINEAR_EXTRUSION.,.F.,.F.,.F.,
(4,4),(2,2),(0.,1.),(0.,1.),.PIECEWISE_BEZIER_KNOTS.);
#48=B_SPLINE_SURFACE_WITH_KNOTS('',3,1,((#15690,#15691),(#15692,#15693),
(#15694,#15695),(#15696,#15697)),.SURF_OF_LINEAR_EXTRUSION.,.F.,.F.,.F.,
(4,4),(2,2),(0.,1.),(0.,1.),.PIECEWISE_BEZIER_KNOTS.);
#49=B_SPLINE_SURFACE_WITH_KNOTS('',3,1,((#15707,#15708),(#15709,#15710),
(#15711,#15712),(#15713,#15714)),.SURF_OF_LINEAR_EXTRUSION.,.F.,.F.,.F.,
(4,4),(2,2),(0.,1.),(0.,1.),.PIECEWISE_BEZIER_KNOTS.);
#50=B_SPLINE_SURFACE_WITH_KNOTS('',3,1,((#15724,#15725),(#15726,#15727),
(#15728,#15729),(#15730,#15731)),.SURF_OF_LINEAR_EXTRUSION.,.F.,.F.,.F.,
(4,4),(2,2),(0.,1.),(0.,1.),.PIECEWISE_BEZIER_KNOTS.);
#51=B_SPLINE_SURFACE_WITH_KNOTS('',3,1,((#15741,#15742),(#15743,#15744),
(#15745,#15746),(#15747,#15748)),.SURF_OF_LINEAR_EXTRUSION.,.F.,.F.,.F.,
(4,4),(2,2),(0.,1.),(0.,1.),.PIECEWISE_BEZIER_KNOTS.);
#52=B_SPLINE_SURFACE_WITH_KNOTS('',3,1,((#15758,#15759),(#15760,#15761),
(#15762,#15763),(#15764,#15765)),.SURF_OF_LINEAR_EXTRUSION.,.F.,.F.,.F.,
(4,4),(2,2),(0.,1.),(0.,1.),.PIECEWISE_BEZIER_KNOTS.);
#53=B_SPLINE_SURFACE_WITH_KNOTS('',3,1,((#15773,#15774),(#15775,#15776),
(#15777,#15778),(#15779,#15780)),.SURF_OF_LINEAR_EXTRUSION.,.F.,.F.,.F.,
(4,4),(2,2),(0.,1.),(0.,1.),.PIECEWISE_BEZIER_KNOTS.);
#54=B_SPLINE_SURFACE_WITH_KNOTS('',3,1,((#15786,#15787),(#15788,#15789),
(#15790,#15791),(#15792,#15793)),.SURF_OF_LINEAR_EXTRUSION.,.F.,.F.,.F.,
(4,4),(2,2),(0.,1.),(0.,1.),.PIECEWISE_BEZIER_KNOTS.);
#55=B_SPLINE_SURFACE_WITH_KNOTS('',3,1,((#15803,#15804),(#15805,#15806),
(#15807,#15808),(#15809,#15810)),.SURF_OF_LINEAR_EXTRUSION.,.F.,.F.,.F.,
(4,4),(2,2),(0.,1.),(0.,1.),.PIECEWISE_BEZIER_KNOTS.);
#56=B_SPLINE_SURFACE_WITH_KNOTS('',3,1,((#15816,#15817),(#15818,#15819),
(#15820,#15821),(#15822,#15823)),.SURF_OF_LINEAR_EXTRUSION.,.F.,.F.,.F.,
(4,4),(2,2),(0.,1.),(0.,1.),.PIECEWISE_BEZIER_KNOTS.);
#57=B_SPLINE_SURFACE_WITH_KNOTS('',3,1,((#15833,#15834),(#15835,#15836),
(#15837,#15838),(#15839,#15840)),.SURF_OF_LINEAR_EXTRUSION.,.F.,.F.,.F.,
(4,4),(2,2),(0.,1.),(0.,1.),.PIECEWISE_BEZIER_KNOTS.);
#58=B_SPLINE_SURFACE_WITH_KNOTS('',3,1,((#15846,#15847),(#15848,#15849),
(#15850,#15851),(#15852,#15853)),.SURF_OF_LINEAR_EXTRUSION.,.F.,.F.,.F.,
(4,4),(2,2),(0.,1.),(0.,1.),.PIECEWISE_BEZIER_KNOTS.);
#59=B_SPLINE_SURFACE_WITH_KNOTS('',3,1,((#15859,#15860),(#15861,#15862),
(#15863,#15864),(#15865,#15866)),.SURF_OF_LINEAR_EXTRUSION.,.F.,.F.,.F.,
(4,4),(2,2),(0.,1.),(0.,1.),.PIECEWISE_BEZIER_KNOTS.);
#60=B_SPLINE_SURFACE_WITH_KNOTS('',3,1,((#15872,#15873),(#15874,#15875),
(#15876,#15877),(#15878,#15879)),.SURF_OF_LINEAR_EXTRUSION.,.F.,.F.,.F.,
(4,4),(2,2),(0.,1.),(0.,1.),.PIECEWISE_BEZIER_KNOTS.);
#61=B_SPLINE_SURFACE_WITH_KNOTS('',3,1,((#15889,#15890),(#15891,#15892),
(#15893,#15894),(#15895,#15896)),.SURF_OF_LINEAR_EXTRUSION.,.F.,.F.,.F.,
(4,4),(2,2),(0.,1.),(0.,1.),.PIECEWISE_BEZIER_KNOTS.);
#62=B_SPLINE_SURFACE_WITH_KNOTS('',3,1,((#15902,#15903),(#15904,#15905),
(#15906,#15907),(#15908,#15909)),.SURF_OF_LINEAR_EXTRUSION.,.F.,.F.,.F.,
(4,4),(2,2),(0.,1.),(0.,1.),.PIECEWISE_BEZIER_KNOTS.);
#63=B_SPLINE_SURFACE_WITH_KNOTS('',3,1,((#15919,#15920),(#15921,#15922),
(#15923,#15924),(#15925,#15926)),.SURF_OF_LINEAR_EXTRUSION.,.F.,.F.,.F.,
(4,4),(2,2),(0.,1.),(0.,1.),.PIECEWISE_BEZIER_KNOTS.);
#64=B_SPLINE_SURFACE_WITH_KNOTS('',3,1,((#15933,#15934),(#15935,#15936),
(#15937,#15938),(#15939,#15940)),.SURF_OF_LINEAR_EXTRUSION.,.F.,.F.,.F.,
(4,4),(2,2),(0.,1.),(0.,1.),.PIECEWISE_BEZIER_KNOTS.);
#65=B_SPLINE_SURFACE_WITH_KNOTS('',3,1,((#15944,#15945),(#15946,#15947),
(#15948,#15949),(#15950,#15951)),.SURF_OF_LINEAR_EXTRUSION.,.F.,.F.,.F.,
(4,4),(2,2),(0.,1.),(0.,1.),.PIECEWISE_BEZIER_KNOTS.);
#66=B_SPLINE_SURFACE_WITH_KNOTS('',3,1,((#15960,#15961),(#15962,#15963),
(#15964,#15965),(#15966,#15967)),.SURF_OF_LINEAR_EXTRUSION.,.F.,.F.,.F.,
(4,4),(2,2),(0.,1.),(0.,1.),.PIECEWISE_BEZIER_KNOTS.);
#67=B_SPLINE_SURFACE_WITH_KNOTS('',3,1,((#15980,#15981),(#15982,#15983),
(#15984,#15985),(#15986,#15987)),.SURF_OF_LINEAR_EXTRUSION.,.F.,.F.,.F.,
(4,4),(2,2),(0.,1.),(0.,1.),.PIECEWISE_BEZIER_KNOTS.);
#68=B_SPLINE_SURFACE_WITH_KNOTS('',3,1,((#15997,#15998),(#15999,#16000),
(#16001,#16002),(#16003,#16004)),.SURF_OF_LINEAR_EXTRUSION.,.F.,.F.,.F.,
(4,4),(2,2),(0.,1.),(0.,1.),.PIECEWISE_BEZIER_KNOTS.);
#69=B_SPLINE_SURFACE_WITH_KNOTS('',3,1,((#16014,#16015),(#16016,#16017),
(#16018,#16019),(#16020,#16021)),.SURF_OF_LINEAR_EXTRUSION.,.F.,.F.,.F.,
(4,4),(2,2),(0.,1.),(0.,1.),.PIECEWISE_BEZIER_KNOTS.);
#70=B_SPLINE_SURFACE_WITH_KNOTS('',3,1,((#16031,#16032),(#16033,#16034),
(#16035,#16036),(#16037,#16038)),.SURF_OF_LINEAR_EXTRUSION.,.F.,.F.,.F.,
(4,4),(2,2),(0.,1.),(0.,1.),.PIECEWISE_BEZIER_KNOTS.);
#71=B_SPLINE_SURFACE_WITH_KNOTS('',3,1,((#16048,#16049),(#16050,#16051),
(#16052,#16053),(#16054,#16055)),.SURF_OF_LINEAR_EXTRUSION.,.F.,.F.,.F.,
(4,4),(2,2),(0.,1.),(0.,1.),.PIECEWISE_BEZIER_KNOTS.);
#72=B_SPLINE_SURFACE_WITH_KNOTS('',3,1,((#16065,#16066),(#16067,#16068),
(#16069,#16070),(#16071,#16072)),.SURF_OF_LINEAR_EXTRUSION.,.F.,.F.,.F.,
(4,4),(2,2),(0.,1.),(0.,1.),.PIECEWISE_BEZIER_KNOTS.);
#73=B_SPLINE_SURFACE_WITH_KNOTS('',3,1,((#16082,#16083),(#16084,#16085),
(#16086,#16087),(#16088,#16089)),.SURF_OF_LINEAR_EXTRUSION.,.F.,.F.,.F.,
(4,4),(2,2),(0.,1.),(0.,1.),.PIECEWISE_BEZIER_KNOTS.);
#74=B_SPLINE_SURFACE_WITH_KNOTS('',3,1,((#16097,#16098),(#16099,#16100),
(#16101,#16102),(#16103,#16104)),.SURF_OF_LINEAR_EXTRUSION.,.F.,.F.,.F.,
(4,4),(2,2),(0.,1.),(0.,1.),.PIECEWISE_BEZIER_KNOTS.);
#75=B_SPLINE_SURFACE_WITH_KNOTS('',3,1,((#16110,#16111),(#16112,#16113),
(#16114,#16115),(#16116,#16117)),.SURF_OF_LINEAR_EXTRUSION.,.F.,.F.,.F.,
(4,4),(2,2),(0.,1.),(0.,1.),.PIECEWISE_BEZIER_KNOTS.);
#76=B_SPLINE_SURFACE_WITH_KNOTS('',3,1,((#16123,#16124),(#16125,#16126),
(#16127,#16128),(#16129,#16130)),.SURF_OF_LINEAR_EXTRUSION.,.F.,.F.,.F.,
(4,4),(2,2),(0.,1.),(0.,1.),.PIECEWISE_BEZIER_KNOTS.);
#77=B_SPLINE_SURFACE_WITH_KNOTS('',3,1,((#16136,#16137),(#16138,#16139),
(#16140,#16141),(#16142,#16143)),.SURF_OF_LINEAR_EXTRUSION.,.F.,.F.,.F.,
(4,4),(2,2),(0.,1.),(0.,1.),.PIECEWISE_BEZIER_KNOTS.);
#78=B_SPLINE_SURFACE_WITH_KNOTS('',3,1,((#16149,#16150),(#16151,#16152),
(#16153,#16154),(#16155,#16156)),.SURF_OF_LINEAR_EXTRUSION.,.F.,.F.,.F.,
(4,4),(2,2),(0.,1.),(0.,1.),.PIECEWISE_BEZIER_KNOTS.);
#79=B_SPLINE_SURFACE_WITH_KNOTS('',3,1,((#16162,#16163),(#16164,#16165),
(#16166,#16167),(#16168,#16169)),.SURF_OF_LINEAR_EXTRUSION.,.F.,.F.,.F.,
(4,4),(2,2),(0.,1.),(0.,1.),.PIECEWISE_BEZIER_KNOTS.);
#80=B_SPLINE_SURFACE_WITH_KNOTS('',3,1,((#16175,#16176),(#16177,#16178),
(#16179,#16180),(#16181,#16182)),.SURF_OF_LINEAR_EXTRUSION.,.F.,.F.,.F.,
(4,4),(2,2),(0.,1.),(0.,1.),.PIECEWISE_BEZIER_KNOTS.);
#81=B_SPLINE_SURFACE_WITH_KNOTS('',3,1,((#16186,#16187),(#16188,#16189),
(#16190,#16191),(#16192,#16193)),.SURF_OF_LINEAR_EXTRUSION.,.F.,.F.,.F.,
(4,4),(2,2),(0.,1.),(0.,1.),.PIECEWISE_BEZIER_KNOTS.);
#82=B_SPLINE_SURFACE_WITH_KNOTS('',3,1,((#16223,#16224),(#16225,#16226),
(#16227,#16228),(#16229,#16230)),.SURF_OF_LINEAR_EXTRUSION.,.F.,.F.,.F.,
(4,4),(2,2),(0.,1.),(0.,1.),.PIECEWISE_BEZIER_KNOTS.);
#83=B_SPLINE_SURFACE_WITH_KNOTS('',3,1,((#16252,#16253),(#16254,#16255),
(#16256,#16257),(#16258,#16259)),.SURF_OF_LINEAR_EXTRUSION.,.F.,.F.,.F.,
(4,4),(2,2),(0.,1.),(0.,1.),.PIECEWISE_BEZIER_KNOTS.);
#84=B_SPLINE_SURFACE_WITH_KNOTS('',3,1,((#16273,#16274),(#16275,#16276),
(#16277,#16278),(#16279,#16280)),.SURF_OF_LINEAR_EXTRUSION.,.F.,.F.,.F.,
(4,4),(2,2),(0.,1.),(0.,1.),.PIECEWISE_BEZIER_KNOTS.);
#85=B_SPLINE_SURFACE_WITH_KNOTS('',3,1,((#16298,#16299),(#16300,#16301),
(#16302,#16303),(#16304,#16305)),.SURF_OF_LINEAR_EXTRUSION.,.F.,.F.,.F.,
(4,4),(2,2),(0.,1.),(0.,1.),.PIECEWISE_BEZIER_KNOTS.);
#86=B_SPLINE_SURFACE_WITH_KNOTS('',3,1,((#16311,#16312),(#16313,#16314),
(#16315,#16316),(#16317,#16318)),.SURF_OF_LINEAR_EXTRUSION.,.F.,.F.,.F.,
(4,4),(2,2),(0.,1.),(0.,1.),.PIECEWISE_BEZIER_KNOTS.);
#87=B_SPLINE_SURFACE_WITH_KNOTS('',3,1,((#16332,#16333),(#16334,#16335),
(#16336,#16337),(#16338,#16339)),.SURF_OF_LINEAR_EXTRUSION.,.F.,.F.,.F.,
(4,4),(2,2),(0.,1.),(0.,1.),.PIECEWISE_BEZIER_KNOTS.);
#88=B_SPLINE_SURFACE_WITH_KNOTS('',3,1,((#16439,#16440),(#16441,#16442),
(#16443,#16444),(#16445,#16446)),.SURF_OF_LINEAR_EXTRUSION.,.F.,.F.,.F.,
(4,4),(2,2),(0.,1.),(0.,1.),.PIECEWISE_BEZIER_KNOTS.);
#89=B_SPLINE_SURFACE_WITH_KNOTS('',3,1,((#16459,#16460),(#16461,#16462),
(#16463,#16464),(#16465,#16466)),.SURF_OF_LINEAR_EXTRUSION.,.F.,.F.,.F.,
(4,4),(2,2),(0.,1.),(0.,1.),.PIECEWISE_BEZIER_KNOTS.);
#90=B_SPLINE_SURFACE_WITH_KNOTS('',3,1,((#16476,#16477),(#16478,#16479),
(#16480,#16481),(#16482,#16483)),.SURF_OF_LINEAR_EXTRUSION.,.F.,.F.,.F.,
(4,4),(2,2),(0.,1.),(0.,1.),.PIECEWISE_BEZIER_KNOTS.);
#91=B_SPLINE_SURFACE_WITH_KNOTS('',3,1,((#16493,#16494),(#16495,#16496),
(#16497,#16498),(#16499,#16500)),.SURF_OF_LINEAR_EXTRUSION.,.F.,.F.,.F.,
(4,4),(2,2),(0.,1.),(0.,1.),.PIECEWISE_BEZIER_KNOTS.);
#92=B_SPLINE_SURFACE_WITH_KNOTS('',3,1,((#16516,#16517),(#16518,#16519),
(#16520,#16521),(#16522,#16523)),.SURF_OF_LINEAR_EXTRUSION.,.F.,.F.,.F.,
(4,4),(2,2),(0.,1.),(0.,1.),.PIECEWISE_BEZIER_KNOTS.);
#93=B_SPLINE_SURFACE_WITH_KNOTS('',3,1,((#16533,#16534),(#16535,#16536),
(#16537,#16538),(#16539,#16540)),.SURF_OF_LINEAR_EXTRUSION.,.F.,.F.,.F.,
(4,4),(2,2),(0.,1.),(0.,1.),.PIECEWISE_BEZIER_KNOTS.);
#94=B_SPLINE_SURFACE_WITH_KNOTS('',3,1,((#16550,#16551),(#16552,#16553),
(#16554,#16555),(#16556,#16557)),.SURF_OF_LINEAR_EXTRUSION.,.F.,.F.,.F.,
(4,4),(2,2),(0.,1.),(0.,1.),.PIECEWISE_BEZIER_KNOTS.);
#95=B_SPLINE_SURFACE_WITH_KNOTS('',3,1,((#16565,#16566),(#16567,#16568),
(#16569,#16570),(#16571,#16572)),.SURF_OF_LINEAR_EXTRUSION.,.F.,.F.,.F.,
(4,4),(2,2),(0.,1.),(0.,1.),.PIECEWISE_BEZIER_KNOTS.);
#96=B_SPLINE_SURFACE_WITH_KNOTS('',3,1,((#16578,#16579),(#16580,#16581),
(#16582,#16583),(#16584,#16585)),.SURF_OF_LINEAR_EXTRUSION.,.F.,.F.,.F.,
(4,4),(2,2),(0.,1.),(0.,1.),.PIECEWISE_BEZIER_KNOTS.);
#97=B_SPLINE_SURFACE_WITH_KNOTS('',3,1,((#16591,#16592),(#16593,#16594),
(#16595,#16596),(#16597,#16598)),.SURF_OF_LINEAR_EXTRUSION.,.F.,.F.,.F.,
(4,4),(2,2),(0.,1.),(0.,1.),.PIECEWISE_BEZIER_KNOTS.);
#98=B_SPLINE_SURFACE_WITH_KNOTS('',3,1,((#16604,#16605),(#16606,#16607),
(#16608,#16609),(#16610,#16611)),.SURF_OF_LINEAR_EXTRUSION.,.F.,.F.,.F.,
(4,4),(2,2),(0.,1.),(0.,1.),.PIECEWISE_BEZIER_KNOTS.);
#99=B_SPLINE_SURFACE_WITH_KNOTS('',3,1,((#16617,#16618),(#16619,#16620),
(#16621,#16622),(#16623,#16624)),.SURF_OF_LINEAR_EXTRUSION.,.F.,.F.,.F.,
(4,4),(2,2),(0.,1.),(0.,1.),.PIECEWISE_BEZIER_KNOTS.);
#100=B_SPLINE_SURFACE_WITH_KNOTS('',3,1,((#16630,#16631),(#16632,#16633),
(#16634,#16635),(#16636,#16637)),.SURF_OF_LINEAR_EXTRUSION.,.F.,.F.,.F.,
(4,4),(2,2),(0.,1.),(0.,1.),.PIECEWISE_BEZIER_KNOTS.);
#101=B_SPLINE_SURFACE_WITH_KNOTS('',3,1,((#16643,#16644),(#16645,#16646),
(#16647,#16648),(#16649,#16650)),.SURF_OF_LINEAR_EXTRUSION.,.F.,.F.,.F.,
(4,4),(2,2),(0.,1.),(0.,1.),.PIECEWISE_BEZIER_KNOTS.);
#102=B_SPLINE_SURFACE_WITH_KNOTS('',3,1,((#16656,#16657),(#16658,#16659),
(#16660,#16661),(#16662,#16663)),.SURF_OF_LINEAR_EXTRUSION.,.F.,.F.,.F.,
(4,4),(2,2),(0.,1.),(0.,1.),.PIECEWISE_BEZIER_KNOTS.);
#103=B_SPLINE_SURFACE_WITH_KNOTS('',3,1,((#16673,#16674),(#16675,#16676),
(#16677,#16678),(#16679,#16680)),.SURF_OF_LINEAR_EXTRUSION.,.F.,.F.,.F.,
(4,4),(2,2),(0.,1.),(0.,1.),.PIECEWISE_BEZIER_KNOTS.);
#104=B_SPLINE_SURFACE_WITH_KNOTS('',3,1,((#16690,#16691),(#16692,#16693),
(#16694,#16695),(#16696,#16697)),.SURF_OF_LINEAR_EXTRUSION.,.F.,.F.,.F.,
(4,4),(2,2),(0.,1.),(0.,1.),.PIECEWISE_BEZIER_KNOTS.);
#105=B_SPLINE_SURFACE_WITH_KNOTS('',3,1,((#16711,#16712),(#16713,#16714),
(#16715,#16716),(#16717,#16718)),.SURF_OF_LINEAR_EXTRUSION.,.F.,.F.,.F.,
(4,4),(2,2),(0.,1.),(0.,1.),.PIECEWISE_BEZIER_KNOTS.);
#106=B_SPLINE_SURFACE_WITH_KNOTS('',3,1,((#16724,#16725),(#16726,#16727),
(#16728,#16729),(#16730,#16731)),.SURF_OF_LINEAR_EXTRUSION.,.F.,.F.,.F.,
(4,4),(2,2),(0.,1.),(0.,1.),.PIECEWISE_BEZIER_KNOTS.);
#107=B_SPLINE_SURFACE_WITH_KNOTS('',3,1,((#16735,#16736),(#16737,#16738),
(#16739,#16740),(#16741,#16742)),.SURF_OF_LINEAR_EXTRUSION.,.F.,.F.,.F.,
(4,4),(2,2),(0.,1.),(0.,1.),.PIECEWISE_BEZIER_KNOTS.);
#108=B_SPLINE_SURFACE_WITH_KNOTS('',3,1,((#16750,#16751),(#16752,#16753),
(#16754,#16755),(#16756,#16757)),.SURF_OF_LINEAR_EXTRUSION.,.F.,.F.,.F.,
(4,4),(2,2),(0.,1.),(0.,1.),.PIECEWISE_BEZIER_KNOTS.);
#109=B_SPLINE_SURFACE_WITH_KNOTS('',3,1,((#16770,#16771),(#16772,#16773),
(#16774,#16775),(#16776,#16777)),.SURF_OF_LINEAR_EXTRUSION.,.F.,.F.,.F.,
(4,4),(2,2),(0.,1.),(0.,1.),.PIECEWISE_BEZIER_KNOTS.);
#110=B_SPLINE_SURFACE_WITH_KNOTS('',3,1,((#16787,#16788),(#16789,#16790),
(#16791,#16792),(#16793,#16794)),.SURF_OF_LINEAR_EXTRUSION.,.F.,.F.,.F.,
(4,4),(2,2),(0.,1.),(0.,1.),.PIECEWISE_BEZIER_KNOTS.);
#111=B_SPLINE_SURFACE_WITH_KNOTS('',3,1,((#16804,#16805),(#16806,#16807),
(#16808,#16809),(#16810,#16811)),.SURF_OF_LINEAR_EXTRUSION.,.F.,.F.,.F.,
(4,4),(2,2),(0.,1.),(0.,1.),.PIECEWISE_BEZIER_KNOTS.);
#112=B_SPLINE_SURFACE_WITH_KNOTS('',3,1,((#16827,#16828),(#16829,#16830),
(#16831,#16832),(#16833,#16834)),.SURF_OF_LINEAR_EXTRUSION.,.F.,.F.,.F.,
(4,4),(2,2),(0.,1.),(0.,1.),.PIECEWISE_BEZIER_KNOTS.);
#113=B_SPLINE_SURFACE_WITH_KNOTS('',3,1,((#16844,#16845),(#16846,#16847),
(#16848,#16849),(#16850,#16851)),.SURF_OF_LINEAR_EXTRUSION.,.F.,.F.,.F.,
(4,4),(2,2),(0.,1.),(0.,1.),.PIECEWISE_BEZIER_KNOTS.);
#114=B_SPLINE_SURFACE_WITH_KNOTS('',3,1,((#16861,#16862),(#16863,#16864),
(#16865,#16866),(#16867,#16868)),.SURF_OF_LINEAR_EXTRUSION.,.F.,.F.,.F.,
(4,4),(2,2),(0.,1.),(0.,1.),.PIECEWISE_BEZIER_KNOTS.);
#115=B_SPLINE_SURFACE_WITH_KNOTS('',3,1,((#16876,#16877),(#16878,#16879),
(#16880,#16881),(#16882,#16883)),.SURF_OF_LINEAR_EXTRUSION.,.F.,.F.,.F.,
(4,4),(2,2),(0.,1.),(0.,1.),.PIECEWISE_BEZIER_KNOTS.);
#116=B_SPLINE_SURFACE_WITH_KNOTS('',3,1,((#16889,#16890),(#16891,#16892),
(#16893,#16894),(#16895,#16896)),.SURF_OF_LINEAR_EXTRUSION.,.F.,.F.,.F.,
(4,4),(2,2),(0.,1.),(0.,1.),.PIECEWISE_BEZIER_KNOTS.);
#117=B_SPLINE_SURFACE_WITH_KNOTS('',3,1,((#16902,#16903),(#16904,#16905),
(#16906,#16907),(#16908,#16909)),.SURF_OF_LINEAR_EXTRUSION.,.F.,.F.,.F.,
(4,4),(2,2),(0.,1.),(0.,1.),.PIECEWISE_BEZIER_KNOTS.);
#118=B_SPLINE_SURFACE_WITH_KNOTS('',3,1,((#16915,#16916),(#16917,#16918),
(#16919,#16920),(#16921,#16922)),.SURF_OF_LINEAR_EXTRUSION.,.F.,.F.,.F.,
(4,4),(2,2),(0.,1.),(0.,1.),.PIECEWISE_BEZIER_KNOTS.);
#119=B_SPLINE_SURFACE_WITH_KNOTS('',3,1,((#16928,#16929),(#16930,#16931),
(#16932,#16933),(#16934,#16935)),.SURF_OF_LINEAR_EXTRUSION.,.F.,.F.,.F.,
(4,4),(2,2),(0.,1.),(0.,1.),.PIECEWISE_BEZIER_KNOTS.);
#120=B_SPLINE_SURFACE_WITH_KNOTS('',3,1,((#16941,#16942),(#16943,#16944),
(#16945,#16946),(#16947,#16948)),.SURF_OF_LINEAR_EXTRUSION.,.F.,.F.,.F.,
(4,4),(2,2),(0.,1.),(0.,1.),.PIECEWISE_BEZIER_KNOTS.);
#121=B_SPLINE_SURFACE_WITH_KNOTS('',3,1,((#16954,#16955),(#16956,#16957),
(#16958,#16959),(#16960,#16961)),.SURF_OF_LINEAR_EXTRUSION.,.F.,.F.,.F.,
(4,4),(2,2),(0.,1.),(0.,1.),.PIECEWISE_BEZIER_KNOTS.);
#122=B_SPLINE_SURFACE_WITH_KNOTS('',3,1,((#16967,#16968),(#16969,#16970),
(#16971,#16972),(#16973,#16974)),.SURF_OF_LINEAR_EXTRUSION.,.F.,.F.,.F.,
(4,4),(2,2),(0.,1.),(0.,1.),.PIECEWISE_BEZIER_KNOTS.);
#123=B_SPLINE_SURFACE_WITH_KNOTS('',3,1,((#16980,#16981),(#16982,#16983),
(#16984,#16985),(#16986,#16987)),.SURF_OF_LINEAR_EXTRUSION.,.F.,.F.,.F.,
(4,4),(2,2),(0.,1.),(0.,1.),.PIECEWISE_BEZIER_KNOTS.);
#124=B_SPLINE_SURFACE_WITH_KNOTS('',3,1,((#16997,#16998),(#16999,#17000),
(#17001,#17002),(#17003,#17004)),.SURF_OF_LINEAR_EXTRUSION.,.F.,.F.,.F.,
(4,4),(2,2),(0.,1.),(0.,1.),.PIECEWISE_BEZIER_KNOTS.);
#125=B_SPLINE_SURFACE_WITH_KNOTS('',3,1,((#17014,#17015),(#17016,#17017),
(#17018,#17019),(#17020,#17021)),.SURF_OF_LINEAR_EXTRUSION.,.F.,.F.,.F.,
(4,4),(2,2),(0.,1.),(0.,1.),.PIECEWISE_BEZIER_KNOTS.);
#126=B_SPLINE_SURFACE_WITH_KNOTS('',3,1,((#17035,#17036),(#17037,#17038),
(#17039,#17040),(#17041,#17042)),.SURF_OF_LINEAR_EXTRUSION.,.F.,.F.,.F.,
(4,4),(2,2),(0.,1.),(0.,1.),.PIECEWISE_BEZIER_KNOTS.);
#127=B_SPLINE_SURFACE_WITH_KNOTS('',3,1,((#17048,#17049),(#17050,#17051),
(#17052,#17053),(#17054,#17055)),.SURF_OF_LINEAR_EXTRUSION.,.F.,.F.,.F.,
(4,4),(2,2),(0.,1.),(0.,1.),.PIECEWISE_BEZIER_KNOTS.);
#128=B_SPLINE_SURFACE_WITH_KNOTS('',3,1,((#17059,#17060),(#17061,#17062),
(#17063,#17064),(#17065,#17066)),.SURF_OF_LINEAR_EXTRUSION.,.F.,.F.,.F.,
(4,4),(2,2),(0.,1.),(0.,1.),.PIECEWISE_BEZIER_KNOTS.);
#129=B_SPLINE_SURFACE_WITH_KNOTS('',3,1,((#17165,#17166),(#17167,#17168),
(#17169,#17170),(#17171,#17172)),.SURF_OF_LINEAR_EXTRUSION.,.F.,.F.,.F.,
(4,4),(2,2),(0.,1.),(0.,1.),.PIECEWISE_BEZIER_KNOTS.);
#130=B_SPLINE_SURFACE_WITH_KNOTS('',3,1,((#17192,#17193),(#17194,#17195),
(#17196,#17197),(#17198,#17199)),.SURF_OF_LINEAR_EXTRUSION.,.F.,.F.,.F.,
(4,4),(2,2),(0.,1.),(0.,1.),.PIECEWISE_BEZIER_KNOTS.);
#131=B_SPLINE_SURFACE_WITH_KNOTS('',3,1,((#17205,#17206),(#17207,#17208),
(#17209,#17210),(#17211,#17212)),.SURF_OF_LINEAR_EXTRUSION.,.F.,.F.,.F.,
(4,4),(2,2),(0.,1.),(0.,1.),.PIECEWISE_BEZIER_KNOTS.);
#132=B_SPLINE_SURFACE_WITH_KNOTS('',3,1,((#17218,#17219),(#17220,#17221),
(#17222,#17223),(#17224,#17225)),.SURF_OF_LINEAR_EXTRUSION.,.F.,.F.,.F.,
(4,4),(2,2),(0.,1.),(0.,1.),.PIECEWISE_BEZIER_KNOTS.);
#133=B_SPLINE_SURFACE_WITH_KNOTS('',3,1,((#17231,#17232),(#17233,#17234),
(#17235,#17236),(#17237,#17238)),.SURF_OF_LINEAR_EXTRUSION.,.F.,.F.,.F.,
(4,4),(2,2),(0.,1.),(0.,1.),.PIECEWISE_BEZIER_KNOTS.);
#134=B_SPLINE_SURFACE_WITH_KNOTS('',3,1,((#17244,#17245),(#17246,#17247),
(#17248,#17249),(#17250,#17251)),.SURF_OF_LINEAR_EXTRUSION.,.F.,.F.,.F.,
(4,4),(2,2),(0.,1.),(0.,1.),.PIECEWISE_BEZIER_KNOTS.);
#135=B_SPLINE_SURFACE_WITH_KNOTS('',3,1,((#17257,#17258),(#17259,#17260),
(#17261,#17262),(#17263,#17264)),.SURF_OF_LINEAR_EXTRUSION.,.F.,.F.,.F.,
(4,4),(2,2),(0.,1.),(0.,1.),.PIECEWISE_BEZIER_KNOTS.);
#136=B_SPLINE_SURFACE_WITH_KNOTS('',3,1,((#17270,#17271),(#17272,#17273),
(#17274,#17275),(#17276,#17277)),.SURF_OF_LINEAR_EXTRUSION.,.F.,.F.,.F.,
(4,4),(2,2),(0.,1.),(0.,1.),.PIECEWISE_BEZIER_KNOTS.);
#137=B_SPLINE_SURFACE_WITH_KNOTS('',3,1,((#17287,#17288),(#17289,#17290),
(#17291,#17292),(#17293,#17294)),.SURF_OF_LINEAR_EXTRUSION.,.F.,.F.,.F.,
(4,4),(2,2),(0.,1.),(0.,1.),.PIECEWISE_BEZIER_KNOTS.);
#138=B_SPLINE_SURFACE_WITH_KNOTS('',3,1,((#17300,#17301),(#17302,#17303),
(#17304,#17305),(#17306,#17307)),.SURF_OF_LINEAR_EXTRUSION.,.F.,.F.,.F.,
(4,4),(2,2),(0.,1.),(0.,1.),.PIECEWISE_BEZIER_KNOTS.);
#139=B_SPLINE_SURFACE_WITH_KNOTS('',3,1,((#17313,#17314),(#17315,#17316),
(#17317,#17318),(#17319,#17320)),.SURF_OF_LINEAR_EXTRUSION.,.F.,.F.,.F.,
(4,4),(2,2),(0.,1.),(0.,1.),.PIECEWISE_BEZIER_KNOTS.);
#140=B_SPLINE_SURFACE_WITH_KNOTS('',3,1,((#17437,#17438),(#17439,#17440),
(#17441,#17442),(#17443,#17444)),.SURF_OF_LINEAR_EXTRUSION.,.F.,.F.,.F.,
(4,4),(2,2),(0.,1.),(0.,1.),.PIECEWISE_BEZIER_KNOTS.);
#141=B_SPLINE_SURFACE_WITH_KNOTS('',3,1,((#17450,#17451),(#17452,#17453),
(#17454,#17455),(#17456,#17457)),.SURF_OF_LINEAR_EXTRUSION.,.F.,.F.,.F.,
(4,4),(2,2),(0.,1.),(0.,1.),.PIECEWISE_BEZIER_KNOTS.);
#142=B_SPLINE_SURFACE_WITH_KNOTS('',3,1,((#17463,#17464),(#17465,#17466),
(#17467,#17468),(#17469,#17470)),.SURF_OF_LINEAR_EXTRUSION.,.F.,.F.,.F.,
(4,4),(2,2),(0.,1.),(0.,1.),.PIECEWISE_BEZIER_KNOTS.);
#143=B_SPLINE_SURFACE_WITH_KNOTS('',3,1,((#17476,#17477),(#17478,#17479),
(#17480,#17481),(#17482,#17483)),.SURF_OF_LINEAR_EXTRUSION.,.F.,.F.,.F.,
(4,4),(2,2),(0.,1.),(0.,1.),.PIECEWISE_BEZIER_KNOTS.);
#144=B_SPLINE_SURFACE_WITH_KNOTS('',3,1,((#17501,#17502),(#17503,#17504),
(#17505,#17506),(#17507,#17508)),.SURF_OF_LINEAR_EXTRUSION.,.F.,.F.,.F.,
(4,4),(2,2),(0.,1.),(0.,1.),.PIECEWISE_BEZIER_KNOTS.);
#145=B_SPLINE_SURFACE_WITH_KNOTS('',3,1,((#17514,#17515),(#17516,#17517),
(#17518,#17519),(#17520,#17521)),.SURF_OF_LINEAR_EXTRUSION.,.F.,.F.,.F.,
(4,4),(2,2),(0.,1.),(0.,1.),.PIECEWISE_BEZIER_KNOTS.);
#146=B_SPLINE_SURFACE_WITH_KNOTS('',3,1,((#17527,#17528),(#17529,#17530),
(#17531,#17532),(#17533,#17534)),.SURF_OF_LINEAR_EXTRUSION.,.F.,.F.,.F.,
(4,4),(2,2),(0.,1.),(0.,1.),.PIECEWISE_BEZIER_KNOTS.);
#147=B_SPLINE_SURFACE_WITH_KNOTS('',3,1,((#17540,#17541),(#17542,#17543),
(#17544,#17545),(#17546,#17547)),.SURF_OF_LINEAR_EXTRUSION.,.F.,.F.,.F.,
(4,4),(2,2),(0.,1.),(0.,1.),.PIECEWISE_BEZIER_KNOTS.);
#148=B_SPLINE_SURFACE_WITH_KNOTS('',3,1,((#17628,#17629),(#17630,#17631),
(#17632,#17633),(#17634,#17635)),.SURF_OF_LINEAR_EXTRUSION.,.F.,.F.,.F.,
(4,4),(2,2),(0.,1.),(0.,1.),.PIECEWISE_BEZIER_KNOTS.);
#149=B_SPLINE_SURFACE_WITH_KNOTS('',3,1,((#17645,#17646),(#17647,#17648),
(#17649,#17650),(#17651,#17652)),.SURF_OF_LINEAR_EXTRUSION.,.F.,.F.,.F.,
(4,4),(2,2),(0.,1.),(0.,1.),.PIECEWISE_BEZIER_KNOTS.);
#150=B_SPLINE_SURFACE_WITH_KNOTS('',3,1,((#17662,#17663),(#17664,#17665),
(#17666,#17667),(#17668,#17669)),.SURF_OF_LINEAR_EXTRUSION.,.F.,.F.,.F.,
(4,4),(2,2),(0.,1.),(0.,1.),.PIECEWISE_BEZIER_KNOTS.);
#151=B_SPLINE_SURFACE_WITH_KNOTS('',3,1,((#17700,#17701),(#17702,#17703),
(#17704,#17705),(#17706,#17707)),.SURF_OF_LINEAR_EXTRUSION.,.F.,.F.,.F.,
(4,4),(2,2),(0.,1.),(0.,1.),.PIECEWISE_BEZIER_KNOTS.);
#152=B_SPLINE_SURFACE_WITH_KNOTS('',3,1,((#17717,#17718),(#17719,#17720),
(#17721,#17722),(#17723,#17724)),.SURF_OF_LINEAR_EXTRUSION.,.F.,.F.,.F.,
(4,4),(2,2),(0.,1.),(0.,1.),.PIECEWISE_BEZIER_KNOTS.);
#153=B_SPLINE_SURFACE_WITH_KNOTS('',3,1,((#17734,#17735),(#17736,#17737),
(#17738,#17739),(#17740,#17741)),.SURF_OF_LINEAR_EXTRUSION.,.F.,.F.,.F.,
(4,4),(2,2),(0.,1.),(0.,1.),.PIECEWISE_BEZIER_KNOTS.);
#154=B_SPLINE_SURFACE_WITH_KNOTS('',3,1,((#17765,#17766),(#17767,#17768),
(#17769,#17770),(#17771,#17772)),.SURF_OF_LINEAR_EXTRUSION.,.F.,.F.,.F.,
(4,4),(2,2),(0.,1.),(0.,1.),.PIECEWISE_BEZIER_KNOTS.);
#155=B_SPLINE_SURFACE_WITH_KNOTS('',3,1,((#17778,#17779),(#17780,#17781),
(#17782,#17783),(#17784,#17785)),.SURF_OF_LINEAR_EXTRUSION.,.F.,.F.,.F.,
(4,4),(2,2),(0.,1.),(0.,1.),.PIECEWISE_BEZIER_KNOTS.);
#156=B_SPLINE_SURFACE_WITH_KNOTS('',3,1,((#17791,#17792),(#17793,#17794),
(#17795,#17796),(#17797,#17798)),.SURF_OF_LINEAR_EXTRUSION.,.F.,.F.,.F.,
(4,4),(2,2),(0.,1.),(0.,1.),.PIECEWISE_BEZIER_KNOTS.);
#157=B_SPLINE_SURFACE_WITH_KNOTS('',3,1,((#17804,#17805),(#17806,#17807),
(#17808,#17809),(#17810,#17811)),.SURF_OF_LINEAR_EXTRUSION.,.F.,.F.,.F.,
(4,4),(2,2),(0.,1.),(0.,1.),.PIECEWISE_BEZIER_KNOTS.);
#158=B_SPLINE_SURFACE_WITH_KNOTS('',3,1,((#17825,#17826),(#17827,#17828),
(#17829,#17830),(#17831,#17832)),.SURF_OF_LINEAR_EXTRUSION.,.F.,.F.,.F.,
(4,4),(2,2),(0.,1.),(0.,1.),.PIECEWISE_BEZIER_KNOTS.);
#159=B_SPLINE_SURFACE_WITH_KNOTS('',3,1,((#17838,#17839),(#17840,#17841),
(#17842,#17843),(#17844,#17845)),.SURF_OF_LINEAR_EXTRUSION.,.F.,.F.,.F.,
(4,4),(2,2),(0.,1.),(0.,1.),.PIECEWISE_BEZIER_KNOTS.);
#160=B_SPLINE_SURFACE_WITH_KNOTS('',3,1,((#17851,#17852),(#17853,#17854),
(#17855,#17856),(#17857,#17858)),.SURF_OF_LINEAR_EXTRUSION.,.F.,.F.,.F.,
(4,4),(2,2),(0.,1.),(0.,1.),.PIECEWISE_BEZIER_KNOTS.);
#161=B_SPLINE_SURFACE_WITH_KNOTS('',3,1,((#17865,#17866),(#17867,#17868),
(#17869,#17870),(#17871,#17872)),.SURF_OF_LINEAR_EXTRUSION.,.F.,.F.,.F.,
(4,4),(2,2),(0.,1.),(0.,1.),.PIECEWISE_BEZIER_KNOTS.);
#162=B_SPLINE_SURFACE_WITH_KNOTS('',3,1,((#17881,#17882),(#17883,#17884),
(#17885,#17886),(#17887,#17888)),.SURF_OF_LINEAR_EXTRUSION.,.F.,.F.,.F.,
(4,4),(2,2),(0.,1.),(0.,1.),.PIECEWISE_BEZIER_KNOTS.);
#163=B_SPLINE_SURFACE_WITH_KNOTS('',3,1,((#17901,#17902),(#17903,#17904),
(#17905,#17906),(#17907,#17908)),.SURF_OF_LINEAR_EXTRUSION.,.F.,.F.,.F.,
(4,4),(2,2),(0.,1.),(0.,1.),.PIECEWISE_BEZIER_KNOTS.);
#164=B_SPLINE_SURFACE_WITH_KNOTS('',3,1,((#17930,#17931),(#17932,#17933),
(#17934,#17935),(#17936,#17937)),.SURF_OF_LINEAR_EXTRUSION.,.F.,.F.,.F.,
(4,4),(2,2),(0.,1.),(0.,1.),.PIECEWISE_BEZIER_KNOTS.);
#165=B_SPLINE_SURFACE_WITH_KNOTS('',3,1,((#17945,#17946),(#17947,#17948),
(#17949,#17950),(#17951,#17952)),.SURF_OF_LINEAR_EXTRUSION.,.F.,.F.,.F.,
(4,4),(2,2),(0.,1.),(0.,1.),.PIECEWISE_BEZIER_KNOTS.);
#166=B_SPLINE_SURFACE_WITH_KNOTS('',3,1,((#17958,#17959),(#17960,#17961),
(#17962,#17963),(#17964,#17965)),.SURF_OF_LINEAR_EXTRUSION.,.F.,.F.,.F.,
(4,4),(2,2),(0.,1.),(0.,1.),.PIECEWISE_BEZIER_KNOTS.);
#167=B_SPLINE_SURFACE_WITH_KNOTS('',3,1,((#17983,#17984),(#17985,#17986),
(#17987,#17988),(#17989,#17990)),.SURF_OF_LINEAR_EXTRUSION.,.F.,.F.,.F.,
(4,4),(2,2),(0.,1.),(0.,1.),.PIECEWISE_BEZIER_KNOTS.);
#168=B_SPLINE_SURFACE_WITH_KNOTS('',3,1,((#18013,#18014),(#18015,#18016),
(#18017,#18018),(#18019,#18020)),.SURF_OF_LINEAR_EXTRUSION.,.F.,.F.,.F.,
(4,4),(2,2),(0.,1.),(0.,1.),.PIECEWISE_BEZIER_KNOTS.);
#169=CYLINDRICAL_SURFACE('',#10547,0.00405);
#170=CYLINDRICAL_SURFACE('',#10550,0.00405);
#171=CYLINDRICAL_SURFACE('',#10553,0.00405);
#172=CYLINDRICAL_SURFACE('',#10556,0.00405);
#173=CYLINDRICAL_SURFACE('',#10661,0.003375);
#174=CYLINDRICAL_SURFACE('',#10662,0.003375);
#175=CYLINDRICAL_SURFACE('',#10663,0.003375);
#176=CYLINDRICAL_SURFACE('',#10664,0.003375);
#177=CYLINDRICAL_SURFACE('',#10665,0.003375);
#178=CYLINDRICAL_SURFACE('',#10666,0.003375);
#179=CYLINDRICAL_SURFACE('',#10667,0.003375);
#180=CYLINDRICAL_SURFACE('',#10668,0.003375);
#181=CYLINDRICAL_SURFACE('',#10669,0.003375);
#182=CYLINDRICAL_SURFACE('',#10670,0.003375);
#183=CYLINDRICAL_SURFACE('',#10671,0.003375);
#184=CYLINDRICAL_SURFACE('',#10672,0.003375);
#185=CYLINDRICAL_SURFACE('',#10673,0.003375);
#186=CYLINDRICAL_SURFACE('',#10674,0.003375);
#187=CYLINDRICAL_SURFACE('',#10675,0.003375);
#188=CYLINDRICAL_SURFACE('',#10676,0.003375);
#189=CYLINDRICAL_SURFACE('',#10677,0.003375);
#190=CYLINDRICAL_SURFACE('',#10678,0.003375);
#191=CYLINDRICAL_SURFACE('',#10679,0.003375);
#192=CYLINDRICAL_SURFACE('',#10680,0.003375);
#193=CYLINDRICAL_SURFACE('',#10681,0.003375);
#194=CYLINDRICAL_SURFACE('',#10682,0.003375);
#195=CYLINDRICAL_SURFACE('',#10683,0.003375);
#196=CYLINDRICAL_SURFACE('',#10684,0.003375);
#197=CYLINDRICAL_SURFACE('',#10685,0.003375);
#198=CYLINDRICAL_SURFACE('',#10686,0.003375);
#199=CYLINDRICAL_SURFACE('',#10687,0.003375);
#200=CYLINDRICAL_SURFACE('',#10688,0.003375);
#201=CYLINDRICAL_SURFACE('',#10689,0.003375);
#202=CYLINDRICAL_SURFACE('',#10690,0.003375);
#203=CYLINDRICAL_SURFACE('',#10691,0.003375);
#204=CYLINDRICAL_SURFACE('',#10692,0.003375);
#205=CYLINDRICAL_SURFACE('',#10693,0.003375);
#206=CYLINDRICAL_SURFACE('',#10694,0.003375);
#207=CYLINDRICAL_SURFACE('',#10695,0.003375);
#208=CYLINDRICAL_SURFACE('',#10696,0.003375);
#209=CYLINDRICAL_SURFACE('',#10697,0.003375);
#210=CYLINDRICAL_SURFACE('',#10698,0.003375);
#211=CYLINDRICAL_SURFACE('',#10699,0.003375);
#212=CYLINDRICAL_SURFACE('',#10700,0.003375);
#213=CYLINDRICAL_SURFACE('',#10701,0.003375);
#214=CYLINDRICAL_SURFACE('',#10702,0.003375);
#215=CYLINDRICAL_SURFACE('',#10703,0.003375);
#216=CYLINDRICAL_SURFACE('',#10704,0.003375);
#217=CYLINDRICAL_SURFACE('',#10705,0.003375);
#218=CYLINDRICAL_SURFACE('',#10706,0.003375);
#219=CYLINDRICAL_SURFACE('',#10707,0.003375);
#220=CYLINDRICAL_SURFACE('',#10708,0.003375);
#221=CYLINDRICAL_SURFACE('',#10709,0.003375);
#222=CYLINDRICAL_SURFACE('',#10710,0.003375);
#223=CYLINDRICAL_SURFACE('',#10711,0.003375);
#224=CYLINDRICAL_SURFACE('',#10712,0.003375);
#225=CYLINDRICAL_SURFACE('',#10713,0.003375);
#226=CYLINDRICAL_SURFACE('',#10714,0.003375);
#227=CYLINDRICAL_SURFACE('',#10715,0.003375);
#228=CYLINDRICAL_SURFACE('',#10716,0.003375);
#229=CYLINDRICAL_SURFACE('',#10717,0.003375);
#230=CYLINDRICAL_SURFACE('',#10718,0.003375);
#231=CYLINDRICAL_SURFACE('',#10719,0.003375);
#232=CYLINDRICAL_SURFACE('',#10720,0.003375);
#233=CYLINDRICAL_SURFACE('',#10721,0.003375);
#234=CYLINDRICAL_SURFACE('',#10722,0.003375);
#235=CYLINDRICAL_SURFACE('',#10723,0.003375);
#236=CYLINDRICAL_SURFACE('',#10724,0.003375);
#237=CYLINDRICAL_SURFACE('',#10725,0.003375);
#238=CYLINDRICAL_SURFACE('',#10726,0.003375);
#239=CYLINDRICAL_SURFACE('',#10727,0.003375);
#240=CYLINDRICAL_SURFACE('',#10728,0.003375);
#241=CYLINDRICAL_SURFACE('',#10729,0.003375);
#242=CYLINDRICAL_SURFACE('',#10730,0.003375);
#243=CYLINDRICAL_SURFACE('',#10731,0.003375);
#244=CYLINDRICAL_SURFACE('',#10732,0.003375);
#245=CYLINDRICAL_SURFACE('',#10733,0.003375);
#246=CYLINDRICAL_SURFACE('',#10734,0.003375);
#247=CYLINDRICAL_SURFACE('',#10735,0.003375);
#248=CYLINDRICAL_SURFACE('',#10736,0.003375);
#249=CYLINDRICAL_SURFACE('',#10737,0.003375);
#250=CYLINDRICAL_SURFACE('',#10738,0.003375);
#251=CYLINDRICAL_SURFACE('',#10739,0.003375);
#252=CYLINDRICAL_SURFACE('',#10740,0.003375);
#253=CYLINDRICAL_SURFACE('',#10741,0.003375);
#254=CYLINDRICAL_SURFACE('',#10742,0.003375);
#255=CYLINDRICAL_SURFACE('',#10743,0.003375);
#256=CYLINDRICAL_SURFACE('',#10744,0.003375);
#257=CYLINDRICAL_SURFACE('',#10745,0.003375);
#258=CYLINDRICAL_SURFACE('',#10746,0.003375);
#259=CYLINDRICAL_SURFACE('',#10747,0.003375);
#260=CYLINDRICAL_SURFACE('',#10748,0.003375);
#261=CYLINDRICAL_SURFACE('',#10749,0.003375);
#262=CYLINDRICAL_SURFACE('',#10750,0.003375);
#263=CYLINDRICAL_SURFACE('',#10751,0.003375);
#264=CYLINDRICAL_SURFACE('',#10752,0.003375);
#265=CYLINDRICAL_SURFACE('',#10753,0.003375);
#266=CYLINDRICAL_SURFACE('',#10754,0.003375);
#267=CYLINDRICAL_SURFACE('',#10755,0.003375);
#268=CYLINDRICAL_SURFACE('',#10759,0.0055);
#269=CYLINDRICAL_SURFACE('',#10760,0.0055);
#270=CYLINDRICAL_SURFACE('',#10761,0.0055);
#271=CYLINDRICAL_SURFACE('',#10762,0.0055);
#272=CYLINDRICAL_SURFACE('',#10763,0.003375);
#273=CYLINDRICAL_SURFACE('',#10769,0.00206828385434808);
#274=CYLINDRICAL_SURFACE('',#10771,0.00142712409483549);
#275=CYLINDRICAL_SURFACE('',#10773,0.00105157132163214);
#276=CYLINDRICAL_SURFACE('',#10775,0.00109220153904915);
#277=CYLINDRICAL_SURFACE('',#10777,0.00225869307741558);
#278=CYLINDRICAL_SURFACE('',#10779,0.0018675700075961);
#279=CYLINDRICAL_SURFACE('',#10782,0.00243254188087742);
#280=CYLINDRICAL_SURFACE('',#10784,0.00105174267991777);
#281=CYLINDRICAL_SURFACE('',#10786,0.000858170953342433);
#282=CYLINDRICAL_SURFACE('',#10788,0.00146558140179452);
#283=CYLINDRICAL_SURFACE('',#10794,0.00204795054879167);
#284=CYLINDRICAL_SURFACE('',#10796,0.00134994019929333);
#285=CYLINDRICAL_SURFACE('',#10801,0.00222599904850063);
#286=CYLINDRICAL_SURFACE('',#10803,0.00270626742421866);
#287=CYLINDRICAL_SURFACE('',#10808,0.00196874105687753);
#288=CYLINDRICAL_SURFACE('',#10817,0.0024227714616982);
#289=CYLINDRICAL_SURFACE('',#10819,0.00205484935722138);
#290=CYLINDRICAL_SURFACE('',#10821,0.00230653186627842);
#291=CYLINDRICAL_SURFACE('',#10823,0.00231969881396462);
#292=CYLINDRICAL_SURFACE('',#10841,0.00502279721700318);
#293=CYLINDRICAL_SURFACE('',#10853,0.00502279721712165);
#294=CYLINDRICAL_SURFACE('',#10865,0.005022797217176);
#295=CYLINDRICAL_SURFACE('',#10877,0.00502279721716264);
#296=CYLINDRICAL_SURFACE('',#10883,0.000373546681638451);
#297=CYLINDRICAL_SURFACE('',#10886,0.00048409575387074);
#298=CYLINDRICAL_SURFACE('',#10889,0.000468783774756043);
#299=CYLINDRICAL_SURFACE('',#10892,0.00105052760647691);
#300=CYLINDRICAL_SURFACE('',#10894,0.00108316649738203);
#301=CYLINDRICAL_SURFACE('',#10896,0.000967491138127196);
#302=CYLINDRICAL_SURFACE('',#10898,0.000950935991950465);
#303=CYLINDRICAL_SURFACE('',#10908,0.00206828385434264);
#304=CYLINDRICAL_SURFACE('',#10910,0.00142712409483475);
#305=CYLINDRICAL_SURFACE('',#10912,0.00105157132163227);
#306=CYLINDRICAL_SURFACE('',#10914,0.00109220153904853);
#307=CYLINDRICAL_SURFACE('',#10916,0.00225869307741883);
#308=CYLINDRICAL_SURFACE('',#10918,0.00186757000759335);
#309=CYLINDRICAL_SURFACE('',#10921,0.00243254188088731);
#310=CYLINDRICAL_SURFACE('',#10923,0.00105174267991693);
#311=CYLINDRICAL_SURFACE('',#10925,0.000858170953342071);
#312=CYLINDRICAL_SURFACE('',#10927,0.00146558140182151);
#313=CYLINDRICAL_SURFACE('',#10935,0.00315929862289209);
#314=CYLINDRICAL_SURFACE('',#10939,0.00843011103594242);
#315=CYLINDRICAL_SURFACE('',#10953,0.013240539651858);
#316=CYLINDRICAL_SURFACE('',#10957,0.000648168394073096);
#317=CYLINDRICAL_SURFACE('',#10961,0.000911037258998622);
#318=CYLINDRICAL_SURFACE('',#10963,0.00224942563102323);
#319=CYLINDRICAL_SURFACE('',#10967,0.000649131659342336);
#320=CYLINDRICAL_SURFACE('',#10971,0.000910194281285189);
#321=CYLINDRICAL_SURFACE('',#10973,0.00207007130728218);
#322=CYLINDRICAL_SURFACE('',#10983,0.00502279721713212);
#323=CYLINDRICAL_SURFACE('',#10994,0.00165);
#324=CYLINDRICAL_SURFACE('',#10995,0.00575);
#325=CYLINDRICAL_SURFACE('',#11001,0.00575);
#326=CYLINDRICAL_SURFACE('',#11008,0.00575);
#327=CYLINDRICAL_SURFACE('',#11012,0.00575);
#328=CYLINDRICAL_SURFACE('',#11015,0.0015016433550169);
#329=CYLINDRICAL_SURFACE('',#11017,0.00509122421081322);
#330=CYLINDRICAL_SURFACE('',#11050,0.0030811246684663);
#331=CYLINDRICAL_SURFACE('',#11052,0.00224408002093628);
#332=CYLINDRICAL_SURFACE('',#11055,0.00331707772198166);
#333=CYLINDRICAL_SURFACE('',#11057,0.00525806121964959);
#334=CYLINDRICAL_SURFACE('',#11059,0.00501413972574928);
#335=CYLINDRICAL_SURFACE('',#11085,0.000746783629933601);
#336=CYLINDRICAL_SURFACE('',#11097,0.444073815324382);
#337=CYLINDRICAL_SURFACE('',#11109,0.0047962417106256);
#338=CIRCLE('',#10391,0.00501413972574928);
#339=CIRCLE('',#10392,0.00525806121964959);
#340=CIRCLE('',#10393,0.00331707772198166);
#341=CIRCLE('',#10394,0.00224408002093628);
#342=CIRCLE('',#10395,0.0030811246684663);
#343=CIRCLE('',#10396,0.0015016433550169);
#344=CIRCLE('',#10397,0.00509122421081322);
#345=CIRCLE('',#10398,0.00575);
#346=CIRCLE('',#10399,0.0055);
#347=CIRCLE('',#10400,0.0055);
#348=CIRCLE('',#10401,0.00575);
#349=CIRCLE('',#10402,0.00575);
#350=CIRCLE('',#10403,0.0055);
#351=CIRCLE('',#10404,0.0055);
#352=CIRCLE('',#10405,0.00575);
#353=CIRCLE('',#10406,0.00502279721713212);
#354=CIRCLE('',#10407,0.00207007130728218);
#355=CIRCLE('',#10408,0.000910194281285189);
#356=CIRCLE('',#10409,0.000950935991950465);
#357=CIRCLE('',#10410,0.000967491138127196);
#358=CIRCLE('',#10411,0.00108316649738203);
#359=CIRCLE('',#10412,0.00105052760647691);
#360=CIRCLE('',#10413,0.003375);
#361=CIRCLE('',#10414,0.003375);
#362=CIRCLE('',#10415,0.003375);
#363=CIRCLE('',#10416,0.003375);
#364=CIRCLE('',#10417,0.003375);
#365=CIRCLE('',#10418,0.003375);
#366=CIRCLE('',#10419,0.003375);
#367=CIRCLE('',#10420,0.003375);
#368=CIRCLE('',#10421,0.003375);
#369=CIRCLE('',#10422,0.003375);
#370=CIRCLE('',#10423,0.003375);
#371=CIRCLE('',#10424,0.003375);
#372=CIRCLE('',#10425,0.003375);
#373=CIRCLE('',#10426,0.003375);
#374=CIRCLE('',#10427,0.003375);
#375=CIRCLE('',#10428,0.003375);
#376=CIRCLE('',#10429,0.003375);
#377=CIRCLE('',#10430,0.003375);
#378=CIRCLE('',#10431,0.003375);
#379=CIRCLE('',#10432,0.003375);
#380=CIRCLE('',#10433,0.003375);
#381=CIRCLE('',#10434,0.003375);
#382=CIRCLE('',#10435,0.003375);
#383=CIRCLE('',#10436,0.003375);
#384=CIRCLE('',#10437,0.003375);
#385=CIRCLE('',#10438,0.003375);
#386=CIRCLE('',#10439,0.003375);
#387=CIRCLE('',#10440,0.003375);
#388=CIRCLE('',#10441,0.003375);
#389=CIRCLE('',#10442,0.003375);
#390=CIRCLE('',#10443,0.003375);
#391=CIRCLE('',#10444,0.003375);
#392=CIRCLE('',#10445,0.003375);
#393=CIRCLE('',#10446,0.003375);
#394=CIRCLE('',#10447,0.003375);
#395=CIRCLE('',#10448,0.003375);
#396=CIRCLE('',#10449,0.003375);
#397=CIRCLE('',#10450,0.003375);
#398=CIRCLE('',#10451,0.003375);
#399=CIRCLE('',#10452,0.003375);
#400=CIRCLE('',#10453,0.003375);
#401=CIRCLE('',#10454,0.003375);
#402=CIRCLE('',#10455,0.003375);
#403=CIRCLE('',#10456,0.003375);
#404=CIRCLE('',#10457,0.003375);
#405=CIRCLE('',#10458,0.003375);
#406=CIRCLE('',#10459,0.003375);
#407=CIRCLE('',#10460,0.003375);
#408=CIRCLE('',#10461,0.003375);
#409=CIRCLE('',#10462,0.003375);
#410=CIRCLE('',#10463,0.003375);
#411=CIRCLE('',#10464,0.003375);
#412=CIRCLE('',#10465,0.003375);
#413=CIRCLE('',#10466,0.003375);
#414=CIRCLE('',#10467,0.003375);
#415=CIRCLE('',#10468,0.003375);
#416=CIRCLE('',#10469,0.003375);
#417=CIRCLE('',#10470,0.003375);
#418=CIRCLE('',#10471,0.003375);
#419=CIRCLE('',#10472,0.003375);
#420=CIRCLE('',#10473,0.003375);
#421=CIRCLE('',#10474,0.003375);
#422=CIRCLE('',#10475,0.003375);
#423=CIRCLE('',#10476,0.003375);
#424=CIRCLE('',#10477,0.003375);
#425=CIRCLE('',#10478,0.003375);
#426=CIRCLE('',#10479,0.003375);
#427=CIRCLE('',#10480,0.003375);
#428=CIRCLE('',#10481,0.003375);
#429=CIRCLE('',#10482,0.003375);
#430=CIRCLE('',#10483,0.003375);
#431=CIRCLE('',#10484,0.003375);
#432=CIRCLE('',#10485,0.003375);
#433=CIRCLE('',#10486,0.003375);
#434=CIRCLE('',#10487,0.003375);
#435=CIRCLE('',#10488,0.003375);
#436=CIRCLE('',#10489,0.003375);
#437=CIRCLE('',#10490,0.003375);
#438=CIRCLE('',#10491,0.003375);
#439=CIRCLE('',#10492,0.003375);
#440=CIRCLE('',#10493,0.003375);
#441=CIRCLE('',#10494,0.003375);
#442=CIRCLE('',#10495,0.003375);
#443=CIRCLE('',#10496,0.003375);
#444=CIRCLE('',#10497,0.003375);
#445=CIRCLE('',#10498,0.003375);
#446=CIRCLE('',#10499,0.003375);
#447=CIRCLE('',#10500,0.003375);
#448=CIRCLE('',#10501,0.003375);
#449=CIRCLE('',#10502,0.003375);
#450=CIRCLE('',#10503,0.003375);
#451=CIRCLE('',#10504,0.003375);
#452=CIRCLE('',#10505,0.003375);
#453=CIRCLE('',#10506,0.003375);
#454=CIRCLE('',#10507,0.003375);
#455=CIRCLE('',#10508,0.003375);
#456=CIRCLE('',#10509,0.00146558140179452);
#457=CIRCLE('',#10510,0.000858170953342433);
#458=CIRCLE('',#10511,0.00105174267991777);
#459=CIRCLE('',#10512,0.00243254188087742);
#460=CIRCLE('',#10513,0.0018675700075961);
#461=CIRCLE('',#10514,0.00225869307741558);
#462=CIRCLE('',#10515,0.00109220153904915);
#463=CIRCLE('',#10516,0.00105157132163214);
#464=CIRCLE('',#10517,0.00142712409483549);
#465=CIRCLE('',#10518,0.00206828385434808);
#466=CIRCLE('',#10519,0.00270626742421866);
#467=CIRCLE('',#10520,0.00222599904850063);
#468=CIRCLE('',#10521,0.00134994019929333);
#469=CIRCLE('',#10522,0.00204795054879167);
#470=CIRCLE('',#10523,0.00196874105687753);
#471=CIRCLE('',#10524,0.00231969881396462);
#472=CIRCLE('',#10525,0.00230653186627842);
#473=CIRCLE('',#10526,0.00205484935722138);
#474=CIRCLE('',#10527,0.0024227714616982);
#475=CIRCLE('',#10528,0.00502279721700318);
#476=CIRCLE('',#10529,0.00502279721712165);
#477=CIRCLE('',#10530,0.005022797217176);
#478=CIRCLE('',#10531,0.00502279721716264);
#479=CIRCLE('',#10532,0.00146558140182151);
#480=CIRCLE('',#10533,0.000858170953342071);
#481=CIRCLE('',#10534,0.00105174267991693);
#482=CIRCLE('',#10535,0.00243254188088731);
#483=CIRCLE('',#10536,0.00186757000759335);
#484=CIRCLE('',#10537,0.00225869307741883);
#485=CIRCLE('',#10538,0.00109220153904853);
#486=CIRCLE('',#10539,0.00105157132163227);
#487=CIRCLE('',#10540,0.00142712409483475);
#488=CIRCLE('',#10541,0.00206828385434264);
#489=CIRCLE('',#10542,0.00224942563102323);
#490=CIRCLE('',#10543,0.000911037258998622);
#491=CIRCLE('',#10544,0.00165);
#492=CIRCLE('',#10545,0.000746783629933601);
#493=CIRCLE('',#10548,0.00405);
#494=CIRCLE('',#10549,0.00405);
#495=CIRCLE('',#10551,0.00405);
#496=CIRCLE('',#10552,0.00405);
#497=CIRCLE('',#10554,0.00405);
#498=CIRCLE('',#10555,0.00405);
#499=CIRCLE('',#10557,0.00405);
#500=CIRCLE('',#10558,0.00405);
#501=CIRCLE('',#10560,0.00165);
#502=CIRCLE('',#10561,0.003375);
#503=CIRCLE('',#10562,0.003375);
#504=CIRCLE('',#10563,0.003375);
#505=CIRCLE('',#10564,0.003375);
#506=CIRCLE('',#10565,0.003375);
#507=CIRCLE('',#10566,0.003375);
#508=CIRCLE('',#10567,0.003375);
#509=CIRCLE('',#10568,0.003375);
#510=CIRCLE('',#10569,0.003375);
#511=CIRCLE('',#10570,0.003375);
#512=CIRCLE('',#10571,0.003375);
#513=CIRCLE('',#10572,0.003375);
#514=CIRCLE('',#10573,0.003375);
#515=CIRCLE('',#10574,0.003375);
#516=CIRCLE('',#10575,0.003375);
#517=CIRCLE('',#10576,0.003375);
#518=CIRCLE('',#10577,0.003375);
#519=CIRCLE('',#10578,0.003375);
#520=CIRCLE('',#10579,0.003375);
#521=CIRCLE('',#10580,0.003375);
#522=CIRCLE('',#10581,0.003375);
#523=CIRCLE('',#10582,0.003375);
#524=CIRCLE('',#10583,0.003375);
#525=CIRCLE('',#10584,0.003375);
#526=CIRCLE('',#10585,0.003375);
#527=CIRCLE('',#10586,0.003375);
#528=CIRCLE('',#10587,0.003375);
#529=CIRCLE('',#10588,0.003375);
#530=CIRCLE('',#10589,0.003375);
#531=CIRCLE('',#10590,0.003375);
#532=CIRCLE('',#10591,0.003375);
#533=CIRCLE('',#10592,0.003375);
#534=CIRCLE('',#10593,0.003375);
#535=CIRCLE('',#10594,0.003375);
#536=CIRCLE('',#10595,0.003375);
#537=CIRCLE('',#10596,0.003375);
#538=CIRCLE('',#10597,0.003375);
#539=CIRCLE('',#10598,0.003375);
#540=CIRCLE('',#10599,0.003375);
#541=CIRCLE('',#10600,0.003375);
#542=CIRCLE('',#10601,0.003375);
#543=CIRCLE('',#10602,0.003375);
#544=CIRCLE('',#10603,0.003375);
#545=CIRCLE('',#10604,0.003375);
#546=CIRCLE('',#10605,0.003375);
#547=CIRCLE('',#10606,0.003375);
#548=CIRCLE('',#10607,0.003375);
#549=CIRCLE('',#10608,0.003375);
#550=CIRCLE('',#10609,0.003375);
#551=CIRCLE('',#10610,0.003375);
#552=CIRCLE('',#10611,0.003375);
#553=CIRCLE('',#10612,0.003375);
#554=CIRCLE('',#10613,0.003375);
#555=CIRCLE('',#10614,0.003375);
#556=CIRCLE('',#10615,0.003375);
#557=CIRCLE('',#10616,0.003375);
#558=CIRCLE('',#10617,0.003375);
#559=CIRCLE('',#10618,0.003375);
#560=CIRCLE('',#10619,0.003375);
#561=CIRCLE('',#10620,0.003375);
#562=CIRCLE('',#10621,0.003375);
#563=CIRCLE('',#10622,0.003375);
#564=CIRCLE('',#10623,0.003375);
#565=CIRCLE('',#10624,0.003375);
#566=CIRCLE('',#10625,0.003375);
#567=CIRCLE('',#10626,0.003375);
#568=CIRCLE('',#10627,0.003375);
#569=CIRCLE('',#10628,0.003375);
#570=CIRCLE('',#10629,0.003375);
#571=CIRCLE('',#10630,0.003375);
#572=CIRCLE('',#10631,0.003375);
#573=CIRCLE('',#10632,0.003375);
#574=CIRCLE('',#10633,0.003375);
#575=CIRCLE('',#10634,0.003375);
#576=CIRCLE('',#10635,0.003375);
#577=CIRCLE('',#10636,0.003375);
#578=CIRCLE('',#10637,0.003375);
#579=CIRCLE('',#10638,0.003375);
#580=CIRCLE('',#10639,0.003375);
#581=CIRCLE('',#10640,0.003375);
#582=CIRCLE('',#10641,0.003375);
#583=CIRCLE('',#10642,0.003375);
#584=CIRCLE('',#10643,0.003375);
#585=CIRCLE('',#10644,0.003375);
#586=CIRCLE('',#10645,0.003375);
#587=CIRCLE('',#10646,0.003375);
#588=CIRCLE('',#10647,0.003375);
#589=CIRCLE('',#10648,0.003375);
#590=CIRCLE('',#10649,0.003375);
#591=CIRCLE('',#10650,0.003375);
#592=CIRCLE('',#10651,0.003375);
#593=CIRCLE('',#10652,0.003375);
#594=CIRCLE('',#10653,0.003375);
#595=CIRCLE('',#10654,0.003375);
#596=CIRCLE('',#10655,0.003375);
#597=CIRCLE('',#10656,0.003375);
#598=CIRCLE('',#10657,0.0055);
#599=CIRCLE('',#10658,0.0055);
#600=CIRCLE('',#10659,0.0055);
#601=CIRCLE('',#10660,0.0055);
#602=CIRCLE('',#10770,0.00206828385434808);
#603=CIRCLE('',#10772,0.00142712409483549);
#604=CIRCLE('',#10774,0.00105157132163214);
#605=CIRCLE('',#10776,0.00109220153904915);
#606=CIRCLE('',#10778,0.00225869307741558);
#607=CIRCLE('',#10780,0.0018675700075961);
#608=CIRCLE('',#10783,0.00243254188087742);
#609=CIRCLE('',#10785,0.00105174267991777);
#610=CIRCLE('',#10787,0.000858170953342433);
#611=CIRCLE('',#10789,0.00146558140179452);
#612=CIRCLE('',#10795,0.00204795054879167);
#613=CIRCLE('',#10797,0.00134994019929333);
#614=CIRCLE('',#10802,0.00222599904850063);
#615=CIRCLE('',#10804,0.00270626742421866);
#616=CIRCLE('',#10809,0.00196874105687753);
#617=CIRCLE('',#10818,0.0024227714616982);
#618=CIRCLE('',#10820,0.00205484935722138);
#619=CIRCLE('',#10822,0.00230653186627842);
#620=CIRCLE('',#10824,0.00231969881396462);
#621=CIRCLE('',#10842,0.00502279721700318);
#622=CIRCLE('',#10854,0.00502279721712165);
#623=CIRCLE('',#10866,0.005022797217176);
#624=CIRCLE('',#10878,0.00502279721716264);
#625=CIRCLE('',#10884,0.000373546681638451);
#626=CIRCLE('',#10885,0.000373546681638451);
#627=CIRCLE('',#10887,0.00048409575387074);
#628=CIRCLE('',#10888,0.00048409575387074);
#629=CIRCLE('',#10890,0.000468783774756043);
#630=CIRCLE('',#10891,0.000468783774756043);
#631=CIRCLE('',#10893,0.00105052760647691);
#632=CIRCLE('',#10895,0.00108316649738203);
#633=CIRCLE('',#10897,0.000967491138127196);
#634=CIRCLE('',#10899,0.000950935991950465);
#635=CIRCLE('',#10909,0.00206828385434264);
#636=CIRCLE('',#10911,0.00142712409483475);
#637=CIRCLE('',#10913,0.00105157132163227);
#638=CIRCLE('',#10915,0.00109220153904853);
#639=CIRCLE('',#10917,0.00225869307741883);
#640=CIRCLE('',#10919,0.00186757000759335);
#641=CIRCLE('',#10922,0.00243254188088731);
#642=CIRCLE('',#10924,0.00105174267991693);
#643=CIRCLE('',#10926,0.000858170953342071);
#644=CIRCLE('',#10928,0.00146558140182151);
#645=CIRCLE('',#10936,0.00315929862289209);
#646=CIRCLE('',#10937,0.00315929862289209);
#647=CIRCLE('',#10940,0.00843011103594242);
#648=CIRCLE('',#10941,0.00843011103594242);
#649=CIRCLE('',#10954,0.013240539651858);
#650=CIRCLE('',#10955,0.013240539651858);
#651=CIRCLE('',#10958,0.000648168394073096);
#652=CIRCLE('',#10959,0.000648168394073096);
#653=CIRCLE('',#10962,0.000911037258998622);
#654=CIRCLE('',#10964,0.00224942563102323);
#655=CIRCLE('',#10968,0.000649131659342336);
#656=CIRCLE('',#10969,0.000649131659342336);
#657=CIRCLE('',#10972,0.000910194281285189);
#658=CIRCLE('',#10974,0.00207007130728218);
#659=CIRCLE('',#10984,0.00502279721713212);
#660=CIRCLE('',#10996,0.00575);
#661=CIRCLE('',#11002,0.00575);
#662=CIRCLE('',#11006,0.00575);
#663=CIRCLE('',#11011,0.00575);
#664=CIRCLE('',#11016,0.0015016433550169);
#665=CIRCLE('',#11018,0.00509122421081322);
#666=CIRCLE('',#11051,0.0030811246684663);
#667=CIRCLE('',#11053,0.00224408002093628);
#668=CIRCLE('',#11056,0.00331707772198166);
#669=CIRCLE('',#11058,0.00525806121964959);
#670=CIRCLE('',#11060,0.00501413972574928);
#671=CIRCLE('',#11086,0.000746783629933601);
#672=CIRCLE('',#11098,0.444073815324382);
#673=CIRCLE('',#11099,0.444073815324382);
#674=CIRCLE('',#11110,0.0047962417106256);
#675=CIRCLE('',#11111,0.0047962417106256);
#676=LINE('',#13362,#1453);
#677=LINE('',#13364,#1454);
#678=LINE('',#13366,#1455);
#679=LINE('',#13371,#1456);
#680=LINE('',#13374,#1457);
#681=LINE('',#13376,#1458);
#682=LINE('',#13378,#1459);
#683=LINE('',#13380,#1460);
#684=LINE('',#13382,#1461);
#685=LINE('',#13384,#1462);
#686=LINE('',#13386,#1463);
#687=LINE('',#13388,#1464);
#688=LINE('',#13390,#1465);
#689=LINE('',#13392,#1466);
#690=LINE('',#13394,#1467);
#691=LINE('',#13395,#1468);
#692=LINE('',#13398,#1469);
#693=LINE('',#13400,#1470);
#694=LINE('',#13424,#1471);
#695=LINE('',#13446,#1472);
#696=LINE('',#13448,#1473);
#697=LINE('',#13449,#1474);
#698=LINE('',#13452,#1475);
#699=LINE('',#13454,#1476);
#700=LINE('',#13456,#1477);
#701=LINE('',#13458,#1478);
#702=LINE('',#13460,#1479);
#703=LINE('',#13462,#1480);
#704=LINE('',#13464,#1481);
#705=LINE('',#13466,#1482);
#706=LINE('',#13468,#1483);
#707=LINE('',#13469,#1484);
#708=LINE('',#13472,#1485);
#709=LINE('',#13474,#1486);
#710=LINE('',#13476,#1487);
#711=LINE('',#13478,#1488);
#712=LINE('',#13480,#1489);
#713=LINE('',#13482,#1490);
#714=LINE('',#13484,#1491);
#715=LINE('',#13486,#1492);
#716=LINE('',#13488,#1493);
#717=LINE('',#13490,#1494);
#718=LINE('',#13492,#1495);
#719=LINE('',#13512,#1496);
#720=LINE('',#13542,#1497);
#721=LINE('',#13548,#1498);
#722=LINE('',#13550,#1499);
#723=LINE('',#13554,#1500);
#724=LINE('',#13558,#1501);
#725=LINE('',#13560,#1502);
#726=LINE('',#13564,#1503);
#727=LINE('',#13566,#1504);
#728=LINE('',#13568,#1505);
#729=LINE('',#13572,#1506);
#730=LINE('',#13574,#1507);
#731=LINE('',#13578,#1508);
#732=LINE('',#13582,#1509);
#733=LINE('',#13584,#1510);
#734=LINE('',#13588,#1511);
#735=LINE('',#13590,#1512);
#736=LINE('',#13592,#1513);
#737=LINE('',#13593,#1514);
#738=LINE('',#13596,#1515);
#739=LINE('',#13598,#1516);
#740=LINE('',#13600,#1517);
#741=LINE('',#13602,#1518);
#742=LINE('',#13606,#1519);
#743=LINE('',#13608,#1520);
#744=LINE('',#13610,#1521);
#745=LINE('',#13612,#1522);
#746=LINE('',#13630,#1523);
#747=LINE('',#13644,#1524);
#748=LINE('',#13677,#1525);
#749=LINE('',#13680,#1526);
#750=LINE('',#13682,#1527);
#751=LINE('',#13684,#1528);
#752=LINE('',#13686,#1529);
#753=LINE('',#13688,#1530);
#754=LINE('',#13690,#1531);
#755=LINE('',#13692,#1532);
#756=LINE('',#13694,#1533);
#757=LINE('',#13696,#1534);
#758=LINE('',#13698,#1535);
#759=LINE('',#13947,#1536);
#760=LINE('',#13950,#1537);
#761=LINE('',#13952,#1538);
#762=LINE('',#13954,#1539);
#763=LINE('',#13976,#1540);
#764=LINE('',#14002,#1541);
#765=LINE('',#14004,#1542);
#766=LINE('',#14006,#1543);
#767=LINE('',#14020,#1544);
#768=LINE('',#14042,#1545);
#769=LINE('',#14064,#1546);
#770=LINE('',#14066,#1547);
#771=LINE('',#14068,#1548);
#772=LINE('',#14086,#1549);
#773=LINE('',#14118,#1550);
#774=LINE('',#14136,#1551);
#775=LINE('',#14138,#1552);
#776=LINE('',#14140,#1553);
#777=LINE('',#14142,#1554);
#778=LINE('',#14144,#1555);
#779=LINE('',#14146,#1556);
#780=LINE('',#14148,#1557);
#781=LINE('',#14149,#1558);
#782=LINE('',#14152,#1559);
#783=LINE('',#14154,#1560);
#784=LINE('',#14156,#1561);
#785=LINE('',#14158,#1562);
#786=LINE('',#14160,#1563);
#787=LINE('',#14162,#1564);
#788=LINE('',#14163,#1565);
#789=LINE('',#14166,#1566);
#790=LINE('',#14168,#1567);
#791=LINE('',#14170,#1568);
#792=LINE('',#14172,#1569);
#793=LINE('',#14176,#1570);
#794=LINE('',#14178,#1571);
#795=LINE('',#14180,#1572);
#796=LINE('',#14182,#1573);
#797=LINE('',#14183,#1574);
#798=LINE('',#14186,#1575);
#799=LINE('',#14188,#1576);
#800=LINE('',#14190,#1577);
#801=LINE('',#14192,#1578);
#802=LINE('',#14196,#1579);
#803=LINE('',#14198,#1580);
#804=LINE('',#14200,#1581);
#805=LINE('',#14202,#1582);
#806=LINE('',#14203,#1583);
#807=LINE('',#14206,#1584);
#808=LINE('',#14208,#1585);
#809=LINE('',#14210,#1586);
#810=LINE('',#14212,#1587);
#811=LINE('',#14216,#1588);
#812=LINE('',#14218,#1589);
#813=LINE('',#14220,#1590);
#814=LINE('',#14222,#1591);
#815=LINE('',#14223,#1592);
#816=LINE('',#14226,#1593);
#817=LINE('',#14228,#1594);
#818=LINE('',#14230,#1595);
#819=LINE('',#14232,#1596);
#820=LINE('',#14236,#1597);
#821=LINE('',#14238,#1598);
#822=LINE('',#14240,#1599);
#823=LINE('',#14242,#1600);
#824=LINE('',#14275,#1601);
#825=LINE('',#14278,#1602);
#826=LINE('',#14280,#1603);
#827=LINE('',#14282,#1604);
#828=LINE('',#14304,#1605);
#829=LINE('',#14330,#1606);
#830=LINE('',#14332,#1607);
#831=LINE('',#14334,#1608);
#832=LINE('',#14352,#1609);
#833=LINE('',#14366,#1610);
#834=LINE('',#14397,#1611);
#835=LINE('',#14400,#1612);
#836=LINE('',#14416,#1613);
#837=LINE('',#14434,#1614);
#838=LINE('',#14435,#1615);
#839=LINE('',#14438,#1616);
#840=LINE('',#14440,#1617);
#841=LINE('',#14442,#1618);
#842=LINE('',#14444,#1619);
#843=LINE('',#14446,#1620);
#844=LINE('',#14448,#1621);
#845=LINE('',#14450,#1622);
#846=LINE('',#14452,#1623);
#847=LINE('',#14455,#1624);
#848=LINE('',#14456,#1625);
#849=LINE('',#14458,#1626);
#850=LINE('',#14460,#1627);
#851=LINE('',#14461,#1628);
#852=LINE('',#14463,#1629);
#853=LINE('',#14465,#1630);
#854=LINE('',#14466,#1631);
#855=LINE('',#14684,#1632);
#856=LINE('',#14688,#1633);
#857=LINE('',#14692,#1634);
#858=LINE('',#14791,#1635);
#859=LINE('',#14792,#1636);
#860=LINE('',#14794,#1637);
#861=LINE('',#14797,#1638);
#862=LINE('',#14798,#1639);
#863=LINE('',#14800,#1640);
#864=LINE('',#14802,#1641);
#865=LINE('',#14803,#1642);
#866=LINE('',#14804,#1643);
#867=LINE('',#14805,#1644);
#868=LINE('',#14807,#1645);
#869=LINE('',#14808,#1646);
#870=LINE('',#14815,#1647);
#871=LINE('',#14817,#1648);
#872=LINE('',#14819,#1649);
#873=LINE('',#14821,#1650);
#874=LINE('',#14823,#1651);
#875=LINE('',#14825,#1652);
#876=LINE('',#14827,#1653);
#877=LINE('',#14829,#1654);
#878=LINE('',#14831,#1655);
#879=LINE('',#14833,#1656);
#880=LINE('',#14835,#1657);
#881=LINE('',#14844,#1658);
#882=LINE('',#14850,#1659);
#883=LINE('',#14854,#1660);
#884=LINE('',#14858,#1661);
#885=LINE('',#14862,#1662);
#886=LINE('',#14873,#1663);
#887=LINE('',#14879,#1664);
#888=LINE('',#14883,#1665);
#889=LINE('',#14894,#1666);
#890=LINE('',#14900,#1667);
#891=LINE('',#14902,#1668);
#892=LINE('',#14904,#1669);
#893=LINE('',#14908,#1670);
#894=LINE('',#14919,#1671);
#895=LINE('',#14932,#1672);
#896=LINE('',#14938,#1673);
#897=LINE('',#14942,#1674);
#898=LINE('',#14953,#1675);
#899=LINE('',#14959,#1676);
#900=LINE('',#14961,#1677);
#901=LINE('',#14963,#1678);
#902=LINE('',#14973,#1679);
#903=LINE('',#14979,#1680);
#904=LINE('',#14988,#1681);
#905=LINE('',#15001,#1682);
#906=LINE('',#15014,#1683);
#907=LINE('',#15020,#1684);
#908=LINE('',#15022,#1685);
#909=LINE('',#15024,#1686);
#910=LINE('',#15028,#1687);
#911=LINE('',#15039,#1688);
#912=LINE('',#15052,#1689);
#913=LINE('',#15065,#1690);
#914=LINE('',#15071,#1691);
#915=LINE('',#15073,#1692);
#916=LINE('',#15075,#1693);
#917=LINE('',#15077,#1694);
#918=LINE('',#15079,#1695);
#919=LINE('',#15081,#1696);
#920=LINE('',#15090,#1697);
#921=LINE('',#15103,#1698);
#922=LINE('',#15116,#1699);
#923=LINE('',#15129,#1700);
#924=LINE('',#15135,#1701);
#925=LINE('',#15139,#1702);
#926=LINE('',#15143,#1703);
#927=LINE('',#15145,#1704);
#928=LINE('',#15154,#1705);
#929=LINE('',#15167,#1706);
#930=LINE('',#15180,#1707);
#931=LINE('',#15193,#1708);
#932=LINE('',#15206,#1709);
#933=LINE('',#15212,#1710);
#934=LINE('',#15214,#1711);
#935=LINE('',#15235,#1712);
#936=LINE('',#15241,#1713);
#937=LINE('',#15243,#1714);
#938=LINE('',#15247,#1715);
#939=LINE('',#15249,#1716);
#940=LINE('',#15251,#1717);
#941=LINE('',#15253,#1718);
#942=LINE('',#15255,#1719);
#943=LINE('',#15257,#1720);
#944=LINE('',#15259,#1721);
#945=LINE('',#15261,#1722);
#946=LINE('',#15263,#1723);
#947=LINE('',#15265,#1724);
#948=LINE('',#15267,#1725);
#949=LINE('',#15269,#1726);
#950=LINE('',#15271,#1727);
#951=LINE('',#15273,#1728);
#952=LINE('',#15275,#1729);
#953=LINE('',#15279,#1730);
#954=LINE('',#15290,#1731);
#955=LINE('',#15303,#1732);
#956=LINE('',#15309,#1733);
#957=LINE('',#15313,#1734);
#958=LINE('',#15317,#1735);
#959=LINE('',#15319,#1736);
#960=LINE('',#15328,#1737);
#961=LINE('',#15341,#1738);
#962=LINE('',#15354,#1739);
#963=LINE('',#15372,#1740);
#964=LINE('',#15374,#1741);
#965=LINE('',#15376,#1742);
#966=LINE('',#15378,#1743);
#967=LINE('',#15380,#1744);
#968=LINE('',#15382,#1745);
#969=LINE('',#15384,#1746);
#970=LINE('',#15386,#1747);
#971=LINE('',#15388,#1748);
#972=LINE('',#15390,#1749);
#973=LINE('',#15392,#1750);
#974=LINE('',#15394,#1751);
#975=LINE('',#15396,#1752);
#976=LINE('',#15398,#1753);
#977=LINE('',#15401,#1754);
#978=LINE('',#15403,#1755);
#979=LINE('',#15405,#1756);
#980=LINE('',#15407,#1757);
#981=LINE('',#15409,#1758);
#982=LINE('',#15411,#1759);
#983=LINE('',#15413,#1760);
#984=LINE('',#15415,#1761);
#985=LINE('',#15417,#1762);
#986=LINE('',#15419,#1763);
#987=LINE('',#15421,#1764);
#988=LINE('',#15423,#1765);
#989=LINE('',#15425,#1766);
#990=LINE('',#15427,#1767);
#991=LINE('',#15431,#1768);
#992=LINE('',#15433,#1769);
#993=LINE('',#15435,#1770);
#994=LINE('',#15437,#1771);
#995=LINE('',#15439,#1772);
#996=LINE('',#15442,#1773);
#997=LINE('',#15444,#1774);
#998=LINE('',#15446,#1775);
#999=LINE('',#15448,#1776);
#1000=LINE('',#15450,#1777);
#1001=LINE('',#15452,#1778);
#1002=LINE('',#15454,#1779);
#1003=LINE('',#15456,#1780);
#1004=LINE('',#15458,#1781);
#1005=LINE('',#15460,#1782);
#1006=LINE('',#15462,#1783);
#1007=LINE('',#15464,#1784);
#1008=LINE('',#15466,#1785);
#1009=LINE('',#15468,#1786);
#1010=LINE('',#15472,#1787);
#1011=LINE('',#15474,#1788);
#1012=LINE('',#15476,#1789);
#1013=LINE('',#15478,#1790);
#1014=LINE('',#15480,#1791);
#1015=LINE('',#15483,#1792);
#1016=LINE('',#15485,#1793);
#1017=LINE('',#15487,#1794);
#1018=LINE('',#15489,#1795);
#1019=LINE('',#15491,#1796);
#1020=LINE('',#15493,#1797);
#1021=LINE('',#15495,#1798);
#1022=LINE('',#15497,#1799);
#1023=LINE('',#15499,#1800);
#1024=LINE('',#15501,#1801);
#1025=LINE('',#15503,#1802);
#1026=LINE('',#15505,#1803);
#1027=LINE('',#15507,#1804);
#1028=LINE('',#15509,#1805);
#1029=LINE('',#15513,#1806);
#1030=LINE('',#15515,#1807);
#1031=LINE('',#15517,#1808);
#1032=LINE('',#15519,#1809);
#1033=LINE('',#15521,#1810);
#1034=LINE('',#15524,#1811);
#1035=LINE('',#15526,#1812);
#1036=LINE('',#15528,#1813);
#1037=LINE('',#15530,#1814);
#1038=LINE('',#15532,#1815);
#1039=LINE('',#15534,#1816);
#1040=LINE('',#15536,#1817);
#1041=LINE('',#15538,#1818);
#1042=LINE('',#15540,#1819);
#1043=LINE('',#15542,#1820);
#1044=LINE('',#15544,#1821);
#1045=LINE('',#15546,#1822);
#1046=LINE('',#15548,#1823);
#1047=LINE('',#15550,#1824);
#1048=LINE('',#15554,#1825);
#1049=LINE('',#15556,#1826);
#1050=LINE('',#15558,#1827);
#1051=LINE('',#15560,#1828);
#1052=LINE('',#15562,#1829);
#1053=LINE('',#15577,#1830);
#1054=LINE('',#15583,#1831);
#1055=LINE('',#15596,#1832);
#1056=LINE('',#15604,#1833);
#1057=LINE('',#15610,#1834);
#1058=LINE('',#15625,#1835);
#1059=LINE('',#15642,#1836);
#1060=LINE('',#15650,#1837);
#1061=LINE('',#15666,#1838);
#1062=LINE('',#15672,#1839);
#1063=LINE('',#15685,#1840);
#1064=LINE('',#15702,#1841);
#1065=LINE('',#15719,#1842);
#1066=LINE('',#15736,#1843);
#1067=LINE('',#15753,#1844);
#1068=LINE('',#15766,#1845);
#1069=LINE('',#15772,#1846);
#1070=LINE('',#15781,#1847);
#1071=LINE('',#15794,#1848);
#1072=LINE('',#15800,#1849);
#1073=LINE('',#15811,#1850);
#1074=LINE('',#15824,#1851);
#1075=LINE('',#15830,#1852);
#1076=LINE('',#15841,#1853);
#1077=LINE('',#15854,#1854);
#1078=LINE('',#15867,#1855);
#1079=LINE('',#15880,#1856);
#1080=LINE('',#15886,#1857);
#1081=LINE('',#15897,#1858);
#1082=LINE('',#15910,#1859);
#1083=LINE('',#15916,#1860);
#1084=LINE('',#15973,#1861);
#1085=LINE('',#15979,#1862);
#1086=LINE('',#15992,#1863);
#1087=LINE('',#16009,#1864);
#1088=LINE('',#16026,#1865);
#1089=LINE('',#16043,#1866);
#1090=LINE('',#16060,#1867);
#1091=LINE('',#16077,#1868);
#1092=LINE('',#16090,#1869);
#1093=LINE('',#16096,#1870);
#1094=LINE('',#16105,#1871);
#1095=LINE('',#16118,#1872);
#1096=LINE('',#16131,#1873);
#1097=LINE('',#16144,#1874);
#1098=LINE('',#16157,#1875);
#1099=LINE('',#16170,#1876);
#1100=LINE('',#16202,#1877);
#1101=LINE('',#16204,#1878);
#1102=LINE('',#16206,#1879);
#1103=LINE('',#16208,#1880);
#1104=LINE('',#16210,#1881);
#1105=LINE('',#16212,#1882);
#1106=LINE('',#16214,#1883);
#1107=LINE('',#16216,#1884);
#1108=LINE('',#16218,#1885);
#1109=LINE('',#16220,#1886);
#1110=LINE('',#16222,#1887);
#1111=LINE('',#16231,#1888);
#1112=LINE('',#16237,#1889);
#1113=LINE('',#16241,#1890);
#1114=LINE('',#16245,#1891);
#1115=LINE('',#16249,#1892);
#1116=LINE('',#16260,#1893);
#1117=LINE('',#16266,#1894);
#1118=LINE('',#16270,#1895);
#1119=LINE('',#16281,#1896);
#1120=LINE('',#16287,#1897);
#1121=LINE('',#16289,#1898);
#1122=LINE('',#16291,#1899);
#1123=LINE('',#16295,#1900);
#1124=LINE('',#16306,#1901);
#1125=LINE('',#16319,#1902);
#1126=LINE('',#16325,#1903);
#1127=LINE('',#16329,#1904);
#1128=LINE('',#16340,#1905);
#1129=LINE('',#16346,#1906);
#1130=LINE('',#16348,#1907);
#1131=LINE('',#16350,#1908);
#1132=LINE('',#16353,#1909);
#1133=LINE('',#16356,#1910);
#1134=LINE('',#16358,#1911);
#1135=LINE('',#16360,#1912);
#1136=LINE('',#16362,#1913);
#1137=LINE('',#16364,#1914);
#1138=LINE('',#16366,#1915);
#1139=LINE('',#16368,#1916);
#1140=LINE('',#16370,#1917);
#1141=LINE('',#16372,#1918);
#1142=LINE('',#16376,#1919);
#1143=LINE('',#16380,#1920);
#1144=LINE('',#16382,#1921);
#1145=LINE('',#16384,#1922);
#1146=LINE('',#16388,#1923);
#1147=LINE('',#16392,#1924);
#1148=LINE('',#16394,#1925);
#1149=LINE('',#16396,#1926);
#1150=LINE('',#16398,#1927);
#1151=LINE('',#16400,#1928);
#1152=LINE('',#16402,#1929);
#1153=LINE('',#16404,#1930);
#1154=LINE('',#16406,#1931);
#1155=LINE('',#16408,#1932);
#1156=LINE('',#16410,#1933);
#1157=LINE('',#16412,#1934);
#1158=LINE('',#16414,#1935);
#1159=LINE('',#16416,#1936);
#1160=LINE('',#16418,#1937);
#1161=LINE('',#16420,#1938);
#1162=LINE('',#16422,#1939);
#1163=LINE('',#16424,#1940);
#1164=LINE('',#16426,#1941);
#1165=LINE('',#16428,#1942);
#1166=LINE('',#16430,#1943);
#1167=LINE('',#16432,#1944);
#1168=LINE('',#16434,#1945);
#1169=LINE('',#16452,#1946);
#1170=LINE('',#16458,#1947);
#1171=LINE('',#16471,#1948);
#1172=LINE('',#16488,#1949);
#1173=LINE('',#16505,#1950);
#1174=LINE('',#16513,#1951);
#1175=LINE('',#16528,#1952);
#1176=LINE('',#16545,#1953);
#1177=LINE('',#16558,#1954);
#1178=LINE('',#16564,#1955);
#1179=LINE('',#16573,#1956);
#1180=LINE('',#16586,#1957);
#1181=LINE('',#16599,#1958);
#1182=LINE('',#16612,#1959);
#1183=LINE('',#16625,#1960);
#1184=LINE('',#16638,#1961);
#1185=LINE('',#16651,#1962);
#1186=LINE('',#16664,#1963);
#1187=LINE('',#16670,#1964);
#1188=LINE('',#16672,#1965);
#1189=LINE('',#16681,#1966);
#1190=LINE('',#16687,#1967);
#1191=LINE('',#16698,#1968);
#1192=LINE('',#16704,#1969);
#1193=LINE('',#16708,#1970);
#1194=LINE('',#16710,#1971);
#1195=LINE('',#16719,#1972);
#1196=LINE('',#16763,#1973);
#1197=LINE('',#16769,#1974);
#1198=LINE('',#16782,#1975);
#1199=LINE('',#16799,#1976);
#1200=LINE('',#16816,#1977);
#1201=LINE('',#16824,#1978);
#1202=LINE('',#16839,#1979);
#1203=LINE('',#16856,#1980);
#1204=LINE('',#16869,#1981);
#1205=LINE('',#16875,#1982);
#1206=LINE('',#16884,#1983);
#1207=LINE('',#16897,#1984);
#1208=LINE('',#16910,#1985);
#1209=LINE('',#16923,#1986);
#1210=LINE('',#16936,#1987);
#1211=LINE('',#16949,#1988);
#1212=LINE('',#16962,#1989);
#1213=LINE('',#16975,#1990);
#1214=LINE('',#16988,#1991);
#1215=LINE('',#16994,#1992);
#1216=LINE('',#16996,#1993);
#1217=LINE('',#17005,#1994);
#1218=LINE('',#17011,#1995);
#1219=LINE('',#17022,#1996);
#1220=LINE('',#17028,#1997);
#1221=LINE('',#17032,#1998);
#1222=LINE('',#17034,#1999);
#1223=LINE('',#17043,#2000);
#1224=LINE('',#17075,#2001);
#1225=LINE('',#17077,#2002);
#1226=LINE('',#17079,#2003);
#1227=LINE('',#17081,#2004);
#1228=LINE('',#17083,#2005);
#1229=LINE('',#17085,#2006);
#1230=LINE('',#17087,#2007);
#1231=LINE('',#17089,#2008);
#1232=LINE('',#17091,#2009);
#1233=LINE('',#17093,#2010);
#1234=LINE('',#17095,#2011);
#1235=LINE('',#17097,#2012);
#1236=LINE('',#17099,#2013);
#1237=LINE('',#17101,#2014);
#1238=LINE('',#17105,#2015);
#1239=LINE('',#17107,#2016);
#1240=LINE('',#17109,#2017);
#1241=LINE('',#17111,#2018);
#1242=LINE('',#17113,#2019);
#1243=LINE('',#17122,#2020);
#1244=LINE('',#17126,#2021);
#1245=LINE('',#17128,#2022);
#1246=LINE('',#17130,#2023);
#1247=LINE('',#17133,#2024);
#1248=LINE('',#17135,#2025);
#1249=LINE('',#17137,#2026);
#1250=LINE('',#17141,#2027);
#1251=LINE('',#17144,#2028);
#1252=LINE('',#17148,#2029);
#1253=LINE('',#17150,#2030);
#1254=LINE('',#17152,#2031);
#1255=LINE('',#17158,#2032);
#1256=LINE('',#17159,#2033);
#1257=LINE('',#17161,#2034);
#1258=LINE('',#17162,#2035);
#1259=LINE('',#17173,#2036);
#1260=LINE('',#17179,#2037);
#1261=LINE('',#17181,#2038);
#1262=LINE('',#17185,#2039);
#1263=LINE('',#17189,#2040);
#1264=LINE('',#17191,#2041);
#1265=LINE('',#17200,#2042);
#1266=LINE('',#17213,#2043);
#1267=LINE('',#17226,#2044);
#1268=LINE('',#17239,#2045);
#1269=LINE('',#17252,#2046);
#1270=LINE('',#17265,#2047);
#1271=LINE('',#17278,#2048);
#1272=LINE('',#17284,#2049);
#1273=LINE('',#17286,#2050);
#1274=LINE('',#17295,#2051);
#1275=LINE('',#17308,#2052);
#1276=LINE('',#17326,#2053);
#1277=LINE('',#17328,#2054);
#1278=LINE('',#17330,#2055);
#1279=LINE('',#17332,#2056);
#1280=LINE('',#17334,#2057);
#1281=LINE('',#17336,#2058);
#1282=LINE('',#17338,#2059);
#1283=LINE('',#17340,#2060);
#1284=LINE('',#17342,#2061);
#1285=LINE('',#17344,#2062);
#1286=LINE('',#17346,#2063);
#1287=LINE('',#17348,#2064);
#1288=LINE('',#17350,#2065);
#1289=LINE('',#17352,#2066);
#1290=LINE('',#17354,#2067);
#1291=LINE('',#17356,#2068);
#1292=LINE('',#17358,#2069);
#1293=LINE('',#17360,#2070);
#1294=LINE('',#17362,#2071);
#1295=LINE('',#17364,#2072);
#1296=LINE('',#17366,#2073);
#1297=LINE('',#17368,#2074);
#1298=LINE('',#17370,#2075);
#1299=LINE('',#17372,#2076);
#1300=LINE('',#17375,#2077);
#1301=LINE('',#17377,#2078);
#1302=LINE('',#17379,#2079);
#1303=LINE('',#17381,#2080);
#1304=LINE('',#17383,#2081);
#1305=LINE('',#17385,#2082);
#1306=LINE('',#17387,#2083);
#1307=LINE('',#17389,#2084);
#1308=LINE('',#17391,#2085);
#1309=LINE('',#17393,#2086);
#1310=LINE('',#17395,#2087);
#1311=LINE('',#17397,#2088);
#1312=LINE('',#17399,#2089);
#1313=LINE('',#17401,#2090);
#1314=LINE('',#17403,#2091);
#1315=LINE('',#17405,#2092);
#1316=LINE('',#17407,#2093);
#1317=LINE('',#17409,#2094);
#1318=LINE('',#17411,#2095);
#1319=LINE('',#17413,#2096);
#1320=LINE('',#17416,#2097);
#1321=LINE('',#17418,#2098);
#1322=LINE('',#17420,#2099);
#1323=LINE('',#17422,#2100);
#1324=LINE('',#17424,#2101);
#1325=LINE('',#17426,#2102);
#1326=LINE('',#17428,#2103);
#1327=LINE('',#17430,#2104);
#1328=LINE('',#17432,#2105);
#1329=LINE('',#17434,#2106);
#1330=LINE('',#17445,#2107);
#1331=LINE('',#17458,#2108);
#1332=LINE('',#17471,#2109);
#1333=LINE('',#17484,#2110);
#1334=LINE('',#17490,#2111);
#1335=LINE('',#17494,#2112);
#1336=LINE('',#17496,#2113);
#1337=LINE('',#17498,#2114);
#1338=LINE('',#17509,#2115);
#1339=LINE('',#17522,#2116);
#1340=LINE('',#17535,#2117);
#1341=LINE('',#17548,#2118);
#1342=LINE('',#17554,#2119);
#1343=LINE('',#17558,#2120);
#1344=LINE('',#17562,#2121);
#1345=LINE('',#17565,#2122);
#1346=LINE('',#17567,#2123);
#1347=LINE('',#17569,#2124);
#1348=LINE('',#17571,#2125);
#1349=LINE('',#17573,#2126);
#1350=LINE('',#17575,#2127);
#1351=LINE('',#17577,#2128);
#1352=LINE('',#17579,#2129);
#1353=LINE('',#17581,#2130);
#1354=LINE('',#17583,#2131);
#1355=LINE('',#17585,#2132);
#1356=LINE('',#17587,#2133);
#1357=LINE('',#17589,#2134);
#1358=LINE('',#17591,#2135);
#1359=LINE('',#17593,#2136);
#1360=LINE('',#17595,#2137);
#1361=LINE('',#17597,#2138);
#1362=LINE('',#17599,#2139);
#1363=LINE('',#17601,#2140);
#1364=LINE('',#17603,#2141);
#1365=LINE('',#17605,#2142);
#1366=LINE('',#17607,#2143);
#1367=LINE('',#17609,#2144);
#1368=LINE('',#17611,#2145);
#1369=LINE('',#17614,#2146);
#1370=LINE('',#17617,#2147);
#1371=LINE('',#17619,#2148);
#1372=LINE('',#17621,#2149);
#1373=LINE('',#17623,#2150);
#1374=LINE('',#17625,#2151);
#1375=LINE('',#17627,#2152);
#1376=LINE('',#17640,#2153);
#1377=LINE('',#17657,#2154);
#1378=LINE('',#17674,#2155);
#1379=LINE('',#17680,#2156);
#1380=LINE('',#17683,#2157);
#1381=LINE('',#17685,#2158);
#1382=LINE('',#17687,#2159);
#1383=LINE('',#17689,#2160);
#1384=LINE('',#17691,#2161);
#1385=LINE('',#17693,#2162);
#1386=LINE('',#17695,#2163);
#1387=LINE('',#17697,#2164);
#1388=LINE('',#17699,#2165);
#1389=LINE('',#17712,#2166);
#1390=LINE('',#17729,#2167);
#1391=LINE('',#17746,#2168);
#1392=LINE('',#17752,#2169);
#1393=LINE('',#17754,#2170);
#1394=LINE('',#17756,#2171);
#1395=LINE('',#17758,#2172);
#1396=LINE('',#17760,#2173);
#1397=LINE('',#17762,#2174);
#1398=LINE('',#17764,#2175);
#1399=LINE('',#17773,#2176);
#1400=LINE('',#17786,#2177);
#1401=LINE('',#17799,#2178);
#1402=LINE('',#17812,#2179);
#1403=LINE('',#17818,#2180);
#1404=LINE('',#17820,#2181);
#1405=LINE('',#17822,#2182);
#1406=LINE('',#17833,#2183);
#1407=LINE('',#17846,#2184);
#1408=LINE('',#17877,#2185);
#1409=LINE('',#17878,#2186);
#1410=LINE('',#17894,#2187);
#1411=LINE('',#17900,#2188);
#1412=LINE('',#17913,#2189);
#1413=LINE('',#17919,#2190);
#1414=LINE('',#17921,#2191);
#1415=LINE('',#17923,#2192);
#1416=LINE('',#17925,#2193);
#1417=LINE('',#17927,#2194);
#1418=LINE('',#17929,#2195);
#1419=LINE('',#17938,#2196);
#1420=LINE('',#17944,#2197);
#1421=LINE('',#17953,#2198);
#1422=LINE('',#17966,#2199);
#1423=LINE('',#17972,#2200);
#1424=LINE('',#17974,#2201);
#1425=LINE('',#17976,#2202);
#1426=LINE('',#17978,#2203);
#1427=LINE('',#17980,#2204);
#1428=LINE('',#17982,#2205);
#1429=LINE('',#17995,#2206);
#1430=LINE('',#17996,#2207);
#1431=LINE('',#18002,#2208);
#1432=LINE('',#18006,#2209);
#1433=LINE('',#18008,#2210);
#1434=LINE('',#18010,#2211);
#1435=LINE('',#18012,#2212);
#1436=LINE('',#18025,#2213);
#1437=LINE('',#18031,#2214);
#1438=LINE('',#18033,#2215);
#1439=LINE('',#18035,#2216);
#1440=LINE('',#18037,#2217);
#1441=LINE('',#18039,#2218);
#1442=LINE('',#18041,#2219);
#1443=LINE('',#18043,#2220);
#1444=LINE('',#18045,#2221);
#1445=LINE('',#18047,#2222);
#1446=LINE('',#18049,#2223);
#1447=LINE('',#18051,#2224);
#1448=LINE('',#18053,#2225);
#1449=LINE('',#18055,#2226);
#1450=LINE('',#18057,#2227);
#1451=LINE('',#18059,#2228);
#1452=LINE('',#18061,#2229);
#1453=VECTOR('',#11120,1.);
#1454=VECTOR('',#11121,1.);
#1455=VECTOR('',#11122,1.);
#1456=VECTOR('',#11123,1.);
#1457=VECTOR('',#11124,1.);
#1458=VECTOR('',#11125,1.);
#1459=VECTOR('',#11126,1.);
#1460=VECTOR('',#11127,1.);
#1461=VECTOR('',#11128,1.);
#1462=VECTOR('',#11129,1.);
#1463=VECTOR('',#11130,1.);
#1464=VECTOR('',#11131,1.);
#1465=VECTOR('',#11132,1.);
#1466=VECTOR('',#11133,1.);
#1467=VECTOR('',#11134,1.);
#1468=VECTOR('',#11135,1.);
#1469=VECTOR('',#11136,1.);
#1470=VECTOR('',#11137,1.);
#1471=VECTOR('',#11144,1.);
#1472=VECTOR('',#11149,1.);
#1473=VECTOR('',#11150,1.);
#1474=VECTOR('',#11151,1.);
#1475=VECTOR('',#11152,1.);
#1476=VECTOR('',#11153,1.);
#1477=VECTOR('',#11154,1.);
#1478=VECTOR('',#11155,1.);
#1479=VECTOR('',#11156,1.);
#1480=VECTOR('',#11157,1.);
#1481=VECTOR('',#11158,1.);
#1482=VECTOR('',#11159,1.);
#1483=VECTOR('',#11160,1.);
#1484=VECTOR('',#11161,1.);
#1485=VECTOR('',#11162,1.);
#1486=VECTOR('',#11163,1.);
#1487=VECTOR('',#11164,1.);
#1488=VECTOR('',#11165,1.);
#1489=VECTOR('',#11166,1.);
#1490=VECTOR('',#11167,1.);
#1491=VECTOR('',#11168,1.);
#1492=VECTOR('',#11169,1.);
#1493=VECTOR('',#11170,1.);
#1494=VECTOR('',#11171,1.);
#1495=VECTOR('',#11172,1.);
#1496=VECTOR('',#11175,1.);
#1497=VECTOR('',#11176,1.);
#1498=VECTOR('',#11181,1.);
#1499=VECTOR('',#11182,1.);
#1500=VECTOR('',#11185,1.);
#1501=VECTOR('',#11188,1.);
#1502=VECTOR('',#11189,1.);
#1503=VECTOR('',#11192,1.);
#1504=VECTOR('',#11193,1.);
#1505=VECTOR('',#11194,1.);
#1506=VECTOR('',#11197,1.);
#1507=VECTOR('',#11198,1.);
#1508=VECTOR('',#11201,1.);
#1509=VECTOR('',#11204,1.);
#1510=VECTOR('',#11205,1.);
#1511=VECTOR('',#11208,1.);
#1512=VECTOR('',#11209,1.);
#1513=VECTOR('',#11210,1.);
#1514=VECTOR('',#11211,1.);
#1515=VECTOR('',#11212,1.);
#1516=VECTOR('',#11213,1.);
#1517=VECTOR('',#11214,1.);
#1518=VECTOR('',#11215,1.);
#1519=VECTOR('',#11218,1.);
#1520=VECTOR('',#11219,1.);
#1521=VECTOR('',#11220,1.);
#1522=VECTOR('',#11221,1.);
#1523=VECTOR('',#11222,1.);
#1524=VECTOR('',#11227,1.);
#1525=VECTOR('',#11228,1.);
#1526=VECTOR('',#11229,1.);
#1527=VECTOR('',#11230,1.);
#1528=VECTOR('',#11231,1.);
#1529=VECTOR('',#11232,1.);
#1530=VECTOR('',#11233,1.);
#1531=VECTOR('',#11234,1.);
#1532=VECTOR('',#11235,1.);
#1533=VECTOR('',#11236,1.);
#1534=VECTOR('',#11237,1.);
#1535=VECTOR('',#11238,1.);
#1536=VECTOR('',#11439,1.);
#1537=VECTOR('',#11440,1.);
#1538=VECTOR('',#11441,1.);
#1539=VECTOR('',#11442,1.);
#1540=VECTOR('',#11451,1.);
#1541=VECTOR('',#11464,1.);
#1542=VECTOR('',#11465,1.);
#1543=VECTOR('',#11466,1.);
#1544=VECTOR('',#11467,1.);
#1545=VECTOR('',#11468,1.);
#1546=VECTOR('',#11473,1.);
#1547=VECTOR('',#11474,1.);
#1548=VECTOR('',#11475,1.);
#1549=VECTOR('',#11480,1.);
#1550=VECTOR('',#11483,1.);
#1551=VECTOR('',#11492,1.);
#1552=VECTOR('',#11493,1.);
#1553=VECTOR('',#11494,1.);
#1554=VECTOR('',#11495,1.);
#1555=VECTOR('',#11496,1.);
#1556=VECTOR('',#11497,1.);
#1557=VECTOR('',#11498,1.);
#1558=VECTOR('',#11499,1.);
#1559=VECTOR('',#11500,1.);
#1560=VECTOR('',#11501,1.);
#1561=VECTOR('',#11502,1.);
#1562=VECTOR('',#11503,1.);
#1563=VECTOR('',#11504,1.);
#1564=VECTOR('',#11505,1.);
#1565=VECTOR('',#11506,1.);
#1566=VECTOR('',#11507,1.);
#1567=VECTOR('',#11508,1.);
#1568=VECTOR('',#11509,1.);
#1569=VECTOR('',#11510,1.);
#1570=VECTOR('',#11513,1.);
#1571=VECTOR('',#11514,1.);
#1572=VECTOR('',#11515,1.);
#1573=VECTOR('',#11516,1.);
#1574=VECTOR('',#11517,1.);
#1575=VECTOR('',#11518,1.);
#1576=VECTOR('',#11519,1.);
#1577=VECTOR('',#11520,1.);
#1578=VECTOR('',#11521,1.);
#1579=VECTOR('',#11524,1.);
#1580=VECTOR('',#11525,1.);
#1581=VECTOR('',#11526,1.);
#1582=VECTOR('',#11527,1.);
#1583=VECTOR('',#11528,1.);
#1584=VECTOR('',#11529,1.);
#1585=VECTOR('',#11530,1.);
#1586=VECTOR('',#11531,1.);
#1587=VECTOR('',#11532,1.);
#1588=VECTOR('',#11535,1.);
#1589=VECTOR('',#11536,1.);
#1590=VECTOR('',#11537,1.);
#1591=VECTOR('',#11538,1.);
#1592=VECTOR('',#11539,1.);
#1593=VECTOR('',#11540,1.);
#1594=VECTOR('',#11541,1.);
#1595=VECTOR('',#11542,1.);
#1596=VECTOR('',#11543,1.);
#1597=VECTOR('',#11546,1.);
#1598=VECTOR('',#11547,1.);
#1599=VECTOR('',#11548,1.);
#1600=VECTOR('',#11549,1.);
#1601=VECTOR('',#11550,1.);
#1602=VECTOR('',#11551,1.);
#1603=VECTOR('',#11552,1.);
#1604=VECTOR('',#11553,1.);
#1605=VECTOR('',#11562,1.);
#1606=VECTOR('',#11575,1.);
#1607=VECTOR('',#11576,1.);
#1608=VECTOR('',#11577,1.);
#1609=VECTOR('',#11578,1.);
#1610=VECTOR('',#11583,1.);
#1611=VECTOR('',#11586,1.);
#1612=VECTOR('',#11587,1.);
#1613=VECTOR('',#11590,1.);
#1614=VECTOR('',#11591,1.);
#1615=VECTOR('',#11592,1.);
#1616=VECTOR('',#11593,1.);
#1617=VECTOR('',#11594,1.);
#1618=VECTOR('',#11595,1.);
#1619=VECTOR('',#11596,1.);
#1620=VECTOR('',#11597,1.);
#1621=VECTOR('',#11598,1.);
#1622=VECTOR('',#11599,1.);
#1623=VECTOR('',#11602,1.);
#1624=VECTOR('',#11603,1.);
#1625=VECTOR('',#11604,1.);
#1626=VECTOR('',#11605,1.);
#1627=VECTOR('',#11606,1.);
#1628=VECTOR('',#11607,1.);
#1629=VECTOR('',#11608,1.);
#1630=VECTOR('',#11609,1.);
#1631=VECTOR('',#11610,1.);
#1632=VECTOR('',#11833,1.);
#1633=VECTOR('',#11836,1.);
#1634=VECTOR('',#11839,1.);
#1635=VECTOR('',#12034,1.);
#1636=VECTOR('',#12035,1.);
#1637=VECTOR('',#12038,1.);
#1638=VECTOR('',#12039,1.);
#1639=VECTOR('',#12040,1.);
#1640=VECTOR('',#12041,1.);
#1641=VECTOR('',#12042,1.);
#1642=VECTOR('',#12043,1.);
#1643=VECTOR('',#12044,1.);
#1644=VECTOR('',#12045,1.);
#1645=VECTOR('',#12048,1.);
#1646=VECTOR('',#12049,1.);
#1647=VECTOR('',#12062,1.);
#1648=VECTOR('',#12063,1.);
#1649=VECTOR('',#12064,1.);
#1650=VECTOR('',#12067,1.);
#1651=VECTOR('',#12068,1.);
#1652=VECTOR('',#12071,1.);
#1653=VECTOR('',#12072,1.);
#1654=VECTOR('',#12075,1.);
#1655=VECTOR('',#12076,1.);
#1656=VECTOR('',#12079,1.);
#1657=VECTOR('',#12080,1.);
#1658=VECTOR('',#12081,1.);
#1659=VECTOR('',#12084,1.);
#1660=VECTOR('',#12089,1.);
#1661=VECTOR('',#12094,1.);
#1662=VECTOR('',#12099,1.);
#1663=VECTOR('',#12102,1.);
#1664=VECTOR('',#12105,1.);
#1665=VECTOR('',#12110,1.);
#1666=VECTOR('',#12113,1.);
#1667=VECTOR('',#12116,1.);
#1668=VECTOR('',#12117,1.);
#1669=VECTOR('',#12120,1.);
#1670=VECTOR('',#12125,1.);
#1671=VECTOR('',#12128,1.);
#1672=VECTOR('',#12129,1.);
#1673=VECTOR('',#12132,1.);
#1674=VECTOR('',#12137,1.);
#1675=VECTOR('',#12140,1.);
#1676=VECTOR('',#12143,1.);
#1677=VECTOR('',#12144,1.);
#1678=VECTOR('',#12147,1.);
#1679=VECTOR('',#12150,1.);
#1680=VECTOR('',#12151,1.);
#1681=VECTOR('',#12152,1.);
#1682=VECTOR('',#12153,1.);
#1683=VECTOR('',#12154,1.);
#1684=VECTOR('',#12157,1.);
#1685=VECTOR('',#12158,1.);
#1686=VECTOR('',#12161,1.);
#1687=VECTOR('',#12166,1.);
#1688=VECTOR('',#12169,1.);
#1689=VECTOR('',#12170,1.);
#1690=VECTOR('',#12171,1.);
#1691=VECTOR('',#12174,1.);
#1692=VECTOR('',#12175,1.);
#1693=VECTOR('',#12178,1.);
#1694=VECTOR('',#12179,1.);
#1695=VECTOR('',#12182,1.);
#1696=VECTOR('',#12183,1.);
#1697=VECTOR('',#12184,1.);
#1698=VECTOR('',#12185,1.);
#1699=VECTOR('',#12186,1.);
#1700=VECTOR('',#12187,1.);
#1701=VECTOR('',#12190,1.);
#1702=VECTOR('',#12195,1.);
#1703=VECTOR('',#12200,1.);
#1704=VECTOR('',#12201,1.);
#1705=VECTOR('',#12202,1.);
#1706=VECTOR('',#12203,1.);
#1707=VECTOR('',#12204,1.);
#1708=VECTOR('',#12205,1.);
#1709=VECTOR('',#12206,1.);
#1710=VECTOR('',#12209,1.);
#1711=VECTOR('',#12210,1.);
#1712=VECTOR('',#12213,1.);
#1713=VECTOR('',#12214,1.);
#1714=VECTOR('',#12217,1.);
#1715=VECTOR('',#12222,1.);
#1716=VECTOR('',#12223,1.);
#1717=VECTOR('',#12226,1.);
#1718=VECTOR('',#12227,1.);
#1719=VECTOR('',#12230,1.);
#1720=VECTOR('',#12231,1.);
#1721=VECTOR('',#12234,1.);
#1722=VECTOR('',#12235,1.);
#1723=VECTOR('',#12238,1.);
#1724=VECTOR('',#12239,1.);
#1725=VECTOR('',#12242,1.);
#1726=VECTOR('',#12243,1.);
#1727=VECTOR('',#12246,1.);
#1728=VECTOR('',#12247,1.);
#1729=VECTOR('',#12250,1.);
#1730=VECTOR('',#12255,1.);
#1731=VECTOR('',#12258,1.);
#1732=VECTOR('',#12259,1.);
#1733=VECTOR('',#12262,1.);
#1734=VECTOR('',#12267,1.);
#1735=VECTOR('',#12272,1.);
#1736=VECTOR('',#12273,1.);
#1737=VECTOR('',#12274,1.);
#1738=VECTOR('',#12275,1.);
#1739=VECTOR('',#12276,1.);
#1740=VECTOR('',#12281,1.);
#1741=VECTOR('',#12282,1.);
#1742=VECTOR('',#12283,1.);
#1743=VECTOR('',#12286,1.);
#1744=VECTOR('',#12287,1.);
#1745=VECTOR('',#12290,1.);
#1746=VECTOR('',#12291,1.);
#1747=VECTOR('',#12294,1.);
#1748=VECTOR('',#12295,1.);
#1749=VECTOR('',#12298,1.);
#1750=VECTOR('',#12299,1.);
#1751=VECTOR('',#12302,1.);
#1752=VECTOR('',#12303,1.);
#1753=VECTOR('',#12306,1.);
#1754=VECTOR('',#12311,1.);
#1755=VECTOR('',#12312,1.);
#1756=VECTOR('',#12313,1.);
#1757=VECTOR('',#12316,1.);
#1758=VECTOR('',#12317,1.);
#1759=VECTOR('',#12320,1.);
#1760=VECTOR('',#12321,1.);
#1761=VECTOR('',#12324,1.);
#1762=VECTOR('',#12325,1.);
#1763=VECTOR('',#12328,1.);
#1764=VECTOR('',#12329,1.);
#1765=VECTOR('',#12332,1.);
#1766=VECTOR('',#12333,1.);
#1767=VECTOR('',#12336,1.);
#1768=VECTOR('',#12341,1.);
#1769=VECTOR('',#12342,1.);
#1770=VECTOR('',#12345,1.);
#1771=VECTOR('',#12346,1.);
#1772=VECTOR('',#12349,1.);
#1773=VECTOR('',#12354,1.);
#1774=VECTOR('',#12355,1.);
#1775=VECTOR('',#12356,1.);
#1776=VECTOR('',#12359,1.);
#1777=VECTOR('',#12360,1.);
#1778=VECTOR('',#12363,1.);
#1779=VECTOR('',#12364,1.);
#1780=VECTOR('',#12367,1.);
#1781=VECTOR('',#12368,1.);
#1782=VECTOR('',#12371,1.);
#1783=VECTOR('',#12372,1.);
#1784=VECTOR('',#12375,1.);
#1785=VECTOR('',#12376,1.);
#1786=VECTOR('',#12379,1.);
#1787=VECTOR('',#12384,1.);
#1788=VECTOR('',#12385,1.);
#1789=VECTOR('',#12388,1.);
#1790=VECTOR('',#12389,1.);
#1791=VECTOR('',#12392,1.);
#1792=VECTOR('',#12397,1.);
#1793=VECTOR('',#12398,1.);
#1794=VECTOR('',#12399,1.);
#1795=VECTOR('',#12402,1.);
#1796=VECTOR('',#12403,1.);
#1797=VECTOR('',#12406,1.);
#1798=VECTOR('',#12407,1.);
#1799=VECTOR('',#12410,1.);
#1800=VECTOR('',#12411,1.);
#1801=VECTOR('',#12414,1.);
#1802=VECTOR('',#12415,1.);
#1803=VECTOR('',#12418,1.);
#1804=VECTOR('',#12419,1.);
#1805=VECTOR('',#12422,1.);
#1806=VECTOR('',#12427,1.);
#1807=VECTOR('',#12428,1.);
#1808=VECTOR('',#12431,1.);
#1809=VECTOR('',#12432,1.);
#1810=VECTOR('',#12435,1.);
#1811=VECTOR('',#12440,1.);
#1812=VECTOR('',#12441,1.);
#1813=VECTOR('',#12442,1.);
#1814=VECTOR('',#12445,1.);
#1815=VECTOR('',#12446,1.);
#1816=VECTOR('',#12449,1.);
#1817=VECTOR('',#12450,1.);
#1818=VECTOR('',#12453,1.);
#1819=VECTOR('',#12454,1.);
#1820=VECTOR('',#12457,1.);
#1821=VECTOR('',#12458,1.);
#1822=VECTOR('',#12461,1.);
#1823=VECTOR('',#12462,1.);
#1824=VECTOR('',#12465,1.);
#1825=VECTOR('',#12470,1.);
#1826=VECTOR('',#12471,1.);
#1827=VECTOR('',#12474,1.);
#1828=VECTOR('',#12475,1.);
#1829=VECTOR('',#12478,1.);
#1830=VECTOR('',#12481,1.);
#1831=VECTOR('',#12482,1.);
#1832=VECTOR('',#12483,1.);
#1833=VECTOR('',#12488,1.);
#1834=VECTOR('',#12495,1.);
#1835=VECTOR('',#12498,1.);
#1836=VECTOR('',#12499,1.);
#1837=VECTOR('',#12504,1.);
#1838=VECTOR('',#12507,1.);
#1839=VECTOR('',#12508,1.);
#1840=VECTOR('',#12509,1.);
#1841=VECTOR('',#12510,1.);
#1842=VECTOR('',#12511,1.);
#1843=VECTOR('',#12512,1.);
#1844=VECTOR('',#12513,1.);
#1845=VECTOR('',#12514,1.);
#1846=VECTOR('',#12515,1.);
#1847=VECTOR('',#12516,1.);
#1848=VECTOR('',#12517,1.);
#1849=VECTOR('',#12520,1.);
#1850=VECTOR('',#12523,1.);
#1851=VECTOR('',#12524,1.);
#1852=VECTOR('',#12527,1.);
#1853=VECTOR('',#12530,1.);
#1854=VECTOR('',#12531,1.);
#1855=VECTOR('',#12532,1.);
#1856=VECTOR('',#12533,1.);
#1857=VECTOR('',#12536,1.);
#1858=VECTOR('',#12539,1.);
#1859=VECTOR('',#12540,1.);
#1860=VECTOR('',#12543,1.);
#1861=VECTOR('',#12550,1.);
#1862=VECTOR('',#12551,1.);
#1863=VECTOR('',#12552,1.);
#1864=VECTOR('',#12553,1.);
#1865=VECTOR('',#12554,1.);
#1866=VECTOR('',#12555,1.);
#1867=VECTOR('',#12556,1.);
#1868=VECTOR('',#12557,1.);
#1869=VECTOR('',#12558,1.);
#1870=VECTOR('',#12559,1.);
#1871=VECTOR('',#12560,1.);
#1872=VECTOR('',#12561,1.);
#1873=VECTOR('',#12562,1.);
#1874=VECTOR('',#12563,1.);
#1875=VECTOR('',#12564,1.);
#1876=VECTOR('',#12565,1.);
#1877=VECTOR('',#12570,1.);
#1878=VECTOR('',#12571,1.);
#1879=VECTOR('',#12572,1.);
#1880=VECTOR('',#12575,1.);
#1881=VECTOR('',#12576,1.);
#1882=VECTOR('',#12579,1.);
#1883=VECTOR('',#12580,1.);
#1884=VECTOR('',#12583,1.);
#1885=VECTOR('',#12584,1.);
#1886=VECTOR('',#12587,1.);
#1887=VECTOR('',#12588,1.);
#1888=VECTOR('',#12589,1.);
#1889=VECTOR('',#12592,1.);
#1890=VECTOR('',#12597,1.);
#1891=VECTOR('',#12602,1.);
#1892=VECTOR('',#12607,1.);
#1893=VECTOR('',#12610,1.);
#1894=VECTOR('',#12613,1.);
#1895=VECTOR('',#12618,1.);
#1896=VECTOR('',#12621,1.);
#1897=VECTOR('',#12624,1.);
#1898=VECTOR('',#12625,1.);
#1899=VECTOR('',#12628,1.);
#1900=VECTOR('',#12633,1.);
#1901=VECTOR('',#12636,1.);
#1902=VECTOR('',#12637,1.);
#1903=VECTOR('',#12640,1.);
#1904=VECTOR('',#12645,1.);
#1905=VECTOR('',#12648,1.);
#1906=VECTOR('',#12651,1.);
#1907=VECTOR('',#12652,1.);
#1908=VECTOR('',#12655,1.);
#1909=VECTOR('',#12660,1.);
#1910=VECTOR('',#12661,1.);
#1911=VECTOR('',#12662,1.);
#1912=VECTOR('',#12663,1.);
#1913=VECTOR('',#12666,1.);
#1914=VECTOR('',#12667,1.);
#1915=VECTOR('',#12668,1.);
#1916=VECTOR('',#12671,1.);
#1917=VECTOR('',#12672,1.);
#1918=VECTOR('',#12673,1.);
#1919=VECTOR('',#12678,1.);
#1920=VECTOR('',#12683,1.);
#1921=VECTOR('',#12684,1.);
#1922=VECTOR('',#12685,1.);
#1923=VECTOR('',#12690,1.);
#1924=VECTOR('',#12695,1.);
#1925=VECTOR('',#12696,1.);
#1926=VECTOR('',#12697,1.);
#1927=VECTOR('',#12700,1.);
#1928=VECTOR('',#12701,1.);
#1929=VECTOR('',#12704,1.);
#1930=VECTOR('',#12705,1.);
#1931=VECTOR('',#12708,1.);
#1932=VECTOR('',#12709,1.);
#1933=VECTOR('',#12712,1.);
#1934=VECTOR('',#12713,1.);
#1935=VECTOR('',#12716,1.);
#1936=VECTOR('',#12717,1.);
#1937=VECTOR('',#12720,1.);
#1938=VECTOR('',#12721,1.);
#1939=VECTOR('',#12724,1.);
#1940=VECTOR('',#12725,1.);
#1941=VECTOR('',#12728,1.);
#1942=VECTOR('',#12729,1.);
#1943=VECTOR('',#12732,1.);
#1944=VECTOR('',#12733,1.);
#1945=VECTOR('',#12736,1.);
#1946=VECTOR('',#12745,1.);
#1947=VECTOR('',#12746,1.);
#1948=VECTOR('',#12747,1.);
#1949=VECTOR('',#12748,1.);
#1950=VECTOR('',#12749,1.);
#1951=VECTOR('',#12754,1.);
#1952=VECTOR('',#12757,1.);
#1953=VECTOR('',#12758,1.);
#1954=VECTOR('',#12759,1.);
#1955=VECTOR('',#12760,1.);
#1956=VECTOR('',#12761,1.);
#1957=VECTOR('',#12762,1.);
#1958=VECTOR('',#12763,1.);
#1959=VECTOR('',#12764,1.);
#1960=VECTOR('',#12765,1.);
#1961=VECTOR('',#12766,1.);
#1962=VECTOR('',#12767,1.);
#1963=VECTOR('',#12768,1.);
#1964=VECTOR('',#12771,1.);
#1965=VECTOR('',#12772,1.);
#1966=VECTOR('',#12773,1.);
#1967=VECTOR('',#12776,1.);
#1968=VECTOR('',#12779,1.);
#1969=VECTOR('',#12782,1.);
#1970=VECTOR('',#12787,1.);
#1971=VECTOR('',#12788,1.);
#1972=VECTOR('',#12789,1.);
#1973=VECTOR('',#12792,1.);
#1974=VECTOR('',#12793,1.);
#1975=VECTOR('',#12794,1.);
#1976=VECTOR('',#12795,1.);
#1977=VECTOR('',#12796,1.);
#1978=VECTOR('',#12801,1.);
#1979=VECTOR('',#12804,1.);
#1980=VECTOR('',#12805,1.);
#1981=VECTOR('',#12806,1.);
#1982=VECTOR('',#12807,1.);
#1983=VECTOR('',#12808,1.);
#1984=VECTOR('',#12809,1.);
#1985=VECTOR('',#12810,1.);
#1986=VECTOR('',#12811,1.);
#1987=VECTOR('',#12812,1.);
#1988=VECTOR('',#12813,1.);
#1989=VECTOR('',#12814,1.);
#1990=VECTOR('',#12815,1.);
#1991=VECTOR('',#12816,1.);
#1992=VECTOR('',#12819,1.);
#1993=VECTOR('',#12820,1.);
#1994=VECTOR('',#12821,1.);
#1995=VECTOR('',#12824,1.);
#1996=VECTOR('',#12827,1.);
#1997=VECTOR('',#12830,1.);
#1998=VECTOR('',#12835,1.);
#1999=VECTOR('',#12836,1.);
#2000=VECTOR('',#12837,1.);
#2001=VECTOR('',#12842,1.);
#2002=VECTOR('',#12843,1.);
#2003=VECTOR('',#12844,1.);
#2004=VECTOR('',#12847,1.);
#2005=VECTOR('',#12848,1.);
#2006=VECTOR('',#12851,1.);
#2007=VECTOR('',#12852,1.);
#2008=VECTOR('',#12855,1.);
#2009=VECTOR('',#12856,1.);
#2010=VECTOR('',#12859,1.);
#2011=VECTOR('',#12860,1.);
#2012=VECTOR('',#12863,1.);
#2013=VECTOR('',#12864,1.);
#2014=VECTOR('',#12867,1.);
#2015=VECTOR('',#12872,1.);
#2016=VECTOR('',#12873,1.);
#2017=VECTOR('',#12876,1.);
#2018=VECTOR('',#12877,1.);
#2019=VECTOR('',#12880,1.);
#2020=VECTOR('',#12897,1.);
#2021=VECTOR('',#12900,1.);
#2022=VECTOR('',#12903,1.);
#2023=VECTOR('',#12906,1.);
#2024=VECTOR('',#12911,1.);
#2025=VECTOR('',#12912,1.);
#2026=VECTOR('',#12915,1.);
#2027=VECTOR('',#12920,1.);
#2028=VECTOR('',#12925,1.);
#2029=VECTOR('',#12928,1.);
#2030=VECTOR('',#12931,1.);
#2031=VECTOR('',#12934,1.);
#2032=VECTOR('',#12941,1.);
#2033=VECTOR('',#12942,1.);
#2034=VECTOR('',#12945,1.);
#2035=VECTOR('',#12946,1.);
#2036=VECTOR('',#12951,1.);
#2037=VECTOR('',#12952,1.);
#2038=VECTOR('',#12955,1.);
#2039=VECTOR('',#12960,1.);
#2040=VECTOR('',#12965,1.);
#2041=VECTOR('',#12966,1.);
#2042=VECTOR('',#12967,1.);
#2043=VECTOR('',#12968,1.);
#2044=VECTOR('',#12969,1.);
#2045=VECTOR('',#12970,1.);
#2046=VECTOR('',#12971,1.);
#2047=VECTOR('',#12972,1.);
#2048=VECTOR('',#12973,1.);
#2049=VECTOR('',#12976,1.);
#2050=VECTOR('',#12977,1.);
#2051=VECTOR('',#12978,1.);
#2052=VECTOR('',#12979,1.);
#2053=VECTOR('',#12984,1.);
#2054=VECTOR('',#12985,1.);
#2055=VECTOR('',#12986,1.);
#2056=VECTOR('',#12989,1.);
#2057=VECTOR('',#12990,1.);
#2058=VECTOR('',#12993,1.);
#2059=VECTOR('',#12994,1.);
#2060=VECTOR('',#12997,1.);
#2061=VECTOR('',#12998,1.);
#2062=VECTOR('',#13001,1.);
#2063=VECTOR('',#13002,1.);
#2064=VECTOR('',#13005,1.);
#2065=VECTOR('',#13006,1.);
#2066=VECTOR('',#13009,1.);
#2067=VECTOR('',#13010,1.);
#2068=VECTOR('',#13013,1.);
#2069=VECTOR('',#13014,1.);
#2070=VECTOR('',#13017,1.);
#2071=VECTOR('',#13018,1.);
#2072=VECTOR('',#13021,1.);
#2073=VECTOR('',#13022,1.);
#2074=VECTOR('',#13025,1.);
#2075=VECTOR('',#13026,1.);
#2076=VECTOR('',#13029,1.);
#2077=VECTOR('',#13034,1.);
#2078=VECTOR('',#13035,1.);
#2079=VECTOR('',#13036,1.);
#2080=VECTOR('',#13039,1.);
#2081=VECTOR('',#13040,1.);
#2082=VECTOR('',#13043,1.);
#2083=VECTOR('',#13044,1.);
#2084=VECTOR('',#13047,1.);
#2085=VECTOR('',#13048,1.);
#2086=VECTOR('',#13051,1.);
#2087=VECTOR('',#13052,1.);
#2088=VECTOR('',#13055,1.);
#2089=VECTOR('',#13056,1.);
#2090=VECTOR('',#13059,1.);
#2091=VECTOR('',#13060,1.);
#2092=VECTOR('',#13063,1.);
#2093=VECTOR('',#13064,1.);
#2094=VECTOR('',#13067,1.);
#2095=VECTOR('',#13068,1.);
#2096=VECTOR('',#13071,1.);
#2097=VECTOR('',#13076,1.);
#2098=VECTOR('',#13077,1.);
#2099=VECTOR('',#13078,1.);
#2100=VECTOR('',#13081,1.);
#2101=VECTOR('',#13082,1.);
#2102=VECTOR('',#13085,1.);
#2103=VECTOR('',#13086,1.);
#2104=VECTOR('',#13089,1.);
#2105=VECTOR('',#13090,1.);
#2106=VECTOR('',#13093,1.);
#2107=VECTOR('',#13096,1.);
#2108=VECTOR('',#13097,1.);
#2109=VECTOR('',#13098,1.);
#2110=VECTOR('',#13099,1.);
#2111=VECTOR('',#13102,1.);
#2112=VECTOR('',#13107,1.);
#2113=VECTOR('',#13108,1.);
#2114=VECTOR('',#13111,1.);
#2115=VECTOR('',#13114,1.);
#2116=VECTOR('',#13115,1.);
#2117=VECTOR('',#13116,1.);
#2118=VECTOR('',#13117,1.);
#2119=VECTOR('',#13120,1.);
#2120=VECTOR('',#13125,1.);
#2121=VECTOR('',#13130,1.);
#2122=VECTOR('',#13135,1.);
#2123=VECTOR('',#13136,1.);
#2124=VECTOR('',#13137,1.);
#2125=VECTOR('',#13140,1.);
#2126=VECTOR('',#13141,1.);
#2127=VECTOR('',#13144,1.);
#2128=VECTOR('',#13145,1.);
#2129=VECTOR('',#13148,1.);
#2130=VECTOR('',#13149,1.);
#2131=VECTOR('',#13152,1.);
#2132=VECTOR('',#13153,1.);
#2133=VECTOR('',#13156,1.);
#2134=VECTOR('',#13157,1.);
#2135=VECTOR('',#13160,1.);
#2136=VECTOR('',#13161,1.);
#2137=VECTOR('',#13164,1.);
#2138=VECTOR('',#13165,1.);
#2139=VECTOR('',#13168,1.);
#2140=VECTOR('',#13169,1.);
#2141=VECTOR('',#13172,1.);
#2142=VECTOR('',#13173,1.);
#2143=VECTOR('',#13176,1.);
#2144=VECTOR('',#13177,1.);
#2145=VECTOR('',#13180,1.);
#2146=VECTOR('',#13185,1.);
#2147=VECTOR('',#13186,1.);
#2148=VECTOR('',#13187,1.);
#2149=VECTOR('',#13188,1.);
#2150=VECTOR('',#13191,1.);
#2151=VECTOR('',#13192,1.);
#2152=VECTOR('',#13193,1.);
#2153=VECTOR('',#13194,1.);
#2154=VECTOR('',#13195,1.);
#2155=VECTOR('',#13196,1.);
#2156=VECTOR('',#13199,1.);
#2157=VECTOR('',#13200,1.);
#2158=VECTOR('',#13201,1.);
#2159=VECTOR('',#13202,1.);
#2160=VECTOR('',#13205,1.);
#2161=VECTOR('',#13206,1.);
#2162=VECTOR('',#13207,1.);
#2163=VECTOR('',#13210,1.);
#2164=VECTOR('',#13211,1.);
#2165=VECTOR('',#13212,1.);
#2166=VECTOR('',#13213,1.);
#2167=VECTOR('',#13214,1.);
#2168=VECTOR('',#13215,1.);
#2169=VECTOR('',#13218,1.);
#2170=VECTOR('',#13219,1.);
#2171=VECTOR('',#13220,1.);
#2172=VECTOR('',#13223,1.);
#2173=VECTOR('',#13224,1.);
#2174=VECTOR('',#13227,1.);
#2175=VECTOR('',#13228,1.);
#2176=VECTOR('',#13229,1.);
#2177=VECTOR('',#13230,1.);
#2178=VECTOR('',#13231,1.);
#2179=VECTOR('',#13232,1.);
#2180=VECTOR('',#13235,1.);
#2181=VECTOR('',#13236,1.);
#2182=VECTOR('',#13239,1.);
#2183=VECTOR('',#13242,1.);
#2184=VECTOR('',#13243,1.);
#2185=VECTOR('',#13246,1.);
#2186=VECTOR('',#13247,1.);
#2187=VECTOR('',#13252,1.);
#2188=VECTOR('',#13253,1.);
#2189=VECTOR('',#13254,1.);
#2190=VECTOR('',#13257,1.);
#2191=VECTOR('',#13258,1.);
#2192=VECTOR('',#13259,1.);
#2193=VECTOR('',#13262,1.);
#2194=VECTOR('',#13263,1.);
#2195=VECTOR('',#13264,1.);
#2196=VECTOR('',#13265,1.);
#2197=VECTOR('',#13266,1.);
#2198=VECTOR('',#13267,1.);
#2199=VECTOR('',#13268,1.);
#2200=VECTOR('',#13271,1.);
#2201=VECTOR('',#13272,1.);
#2202=VECTOR('',#13275,1.);
#2203=VECTOR('',#13276,1.);
#2204=VECTOR('',#13279,1.);
#2205=VECTOR('',#13280,1.);
#2206=VECTOR('',#13283,1.);
#2207=VECTOR('',#13284,1.);
#2208=VECTOR('',#13291,1.);
#2209=VECTOR('',#13294,1.);
#2210=VECTOR('',#13297,1.);
#2211=VECTOR('',#13298,1.);
#2212=VECTOR('',#13299,1.);
#2213=VECTOR('',#13300,1.);
#2214=VECTOR('',#13303,1.);
#2215=VECTOR('',#13304,1.);
#2216=VECTOR('',#13305,1.);
#2217=VECTOR('',#13308,1.);
#2218=VECTOR('',#13309,1.);
#2219=VECTOR('',#13312,1.);
#2220=VECTOR('',#13313,1.);
#2221=VECTOR('',#13316,1.);
#2222=VECTOR('',#13317,1.);
#2223=VECTOR('',#13320,1.);
#2224=VECTOR('',#13321,1.);
#2225=VECTOR('',#13324,1.);
#2226=VECTOR('',#13325,1.);
#2227=VECTOR('',#13328,1.);
#2228=VECTOR('',#13329,1.);
#2229=VECTOR('',#13332,1.);
#2230=ORIENTED_EDGE('',*,*,#5088,.T.);
#2231=ORIENTED_EDGE('',*,*,#5089,.T.);
#2232=ORIENTED_EDGE('',*,*,#5090,.T.);
#2233=ORIENTED_EDGE('',*,*,#5091,.T.);
#2234=ORIENTED_EDGE('',*,*,#5092,.T.);
#2235=ORIENTED_EDGE('',*,*,#5093,.T.);
#2236=ORIENTED_EDGE('',*,*,#5094,.T.);
#2237=ORIENTED_EDGE('',*,*,#5095,.T.);
#2238=ORIENTED_EDGE('',*,*,#5096,.T.);
#2239=ORIENTED_EDGE('',*,*,#5097,.T.);
#2240=ORIENTED_EDGE('',*,*,#5098,.T.);
#2241=ORIENTED_EDGE('',*,*,#5099,.T.);
#2242=ORIENTED_EDGE('',*,*,#5100,.T.);
#2243=ORIENTED_EDGE('',*,*,#5101,.T.);
#2244=ORIENTED_EDGE('',*,*,#5102,.T.);
#2245=ORIENTED_EDGE('',*,*,#5103,.T.);
#2246=ORIENTED_EDGE('',*,*,#5104,.T.);
#2247=ORIENTED_EDGE('',*,*,#5105,.T.);
#2248=ORIENTED_EDGE('',*,*,#5106,.T.);
#2249=ORIENTED_EDGE('',*,*,#5107,.T.);
#2250=ORIENTED_EDGE('',*,*,#5108,.T.);
#2251=ORIENTED_EDGE('',*,*,#5109,.T.);
#2252=ORIENTED_EDGE('',*,*,#5110,.T.);
#2253=ORIENTED_EDGE('',*,*,#5111,.T.);
#2254=ORIENTED_EDGE('',*,*,#5112,.T.);
#2255=ORIENTED_EDGE('',*,*,#5113,.T.);
#2256=ORIENTED_EDGE('',*,*,#5114,.T.);
#2257=ORIENTED_EDGE('',*,*,#5115,.T.);
#2258=ORIENTED_EDGE('',*,*,#5116,.T.);
#2259=ORIENTED_EDGE('',*,*,#5117,.T.);
#2260=ORIENTED_EDGE('',*,*,#5118,.T.);
#2261=ORIENTED_EDGE('',*,*,#5119,.T.);
#2262=ORIENTED_EDGE('',*,*,#5120,.T.);
#2263=ORIENTED_EDGE('',*,*,#5121,.T.);
#2264=ORIENTED_EDGE('',*,*,#5122,.T.);
#2265=ORIENTED_EDGE('',*,*,#5123,.T.);
#2266=ORIENTED_EDGE('',*,*,#5124,.T.);
#2267=ORIENTED_EDGE('',*,*,#5125,.T.);
#2268=ORIENTED_EDGE('',*,*,#5126,.T.);
#2269=ORIENTED_EDGE('',*,*,#5127,.T.);
#2270=ORIENTED_EDGE('',*,*,#5128,.T.);
#2271=ORIENTED_EDGE('',*,*,#5129,.T.);
#2272=ORIENTED_EDGE('',*,*,#5130,.T.);
#2273=ORIENTED_EDGE('',*,*,#5131,.T.);
#2274=ORIENTED_EDGE('',*,*,#5132,.T.);
#2275=ORIENTED_EDGE('',*,*,#5133,.T.);
#2276=ORIENTED_EDGE('',*,*,#5134,.T.);
#2277=ORIENTED_EDGE('',*,*,#5135,.T.);
#2278=ORIENTED_EDGE('',*,*,#5136,.T.);
#2279=ORIENTED_EDGE('',*,*,#5137,.T.);
#2280=ORIENTED_EDGE('',*,*,#5138,.T.);
#2281=ORIENTED_EDGE('',*,*,#5139,.T.);
#2282=ORIENTED_EDGE('',*,*,#5140,.T.);
#2283=ORIENTED_EDGE('',*,*,#5141,.T.);
#2284=ORIENTED_EDGE('',*,*,#5142,.T.);
#2285=ORIENTED_EDGE('',*,*,#5143,.T.);
#2286=ORIENTED_EDGE('',*,*,#5144,.T.);
#2287=ORIENTED_EDGE('',*,*,#5145,.T.);
#2288=ORIENTED_EDGE('',*,*,#5146,.T.);
#2289=ORIENTED_EDGE('',*,*,#5147,.T.);
#2290=ORIENTED_EDGE('',*,*,#5148,.T.);
#2291=ORIENTED_EDGE('',*,*,#5149,.T.);
#2292=ORIENTED_EDGE('',*,*,#5150,.T.);
#2293=ORIENTED_EDGE('',*,*,#5151,.T.);
#2294=ORIENTED_EDGE('',*,*,#5152,.T.);
#2295=ORIENTED_EDGE('',*,*,#5153,.T.);
#2296=ORIENTED_EDGE('',*,*,#5154,.T.);
#2297=ORIENTED_EDGE('',*,*,#5155,.T.);
#2298=ORIENTED_EDGE('',*,*,#5156,.T.);
#2299=ORIENTED_EDGE('',*,*,#5157,.T.);
#2300=ORIENTED_EDGE('',*,*,#5158,.T.);
#2301=ORIENTED_EDGE('',*,*,#5159,.T.);
#2302=ORIENTED_EDGE('',*,*,#5160,.T.);
#2303=ORIENTED_EDGE('',*,*,#5161,.T.);
#2304=ORIENTED_EDGE('',*,*,#5162,.T.);
#2305=ORIENTED_EDGE('',*,*,#5163,.T.);
#2306=ORIENTED_EDGE('',*,*,#5164,.T.);
#2307=ORIENTED_EDGE('',*,*,#5165,.T.);
#2308=ORIENTED_EDGE('',*,*,#5166,.T.);
#2309=ORIENTED_EDGE('',*,*,#5167,.F.);
#2310=ORIENTED_EDGE('',*,*,#5168,.T.);
#2311=ORIENTED_EDGE('',*,*,#5169,.F.);
#2312=ORIENTED_EDGE('',*,*,#5170,.F.);
#2313=ORIENTED_EDGE('',*,*,#5171,.F.);
#2314=ORIENTED_EDGE('',*,*,#5172,.T.);
#2315=ORIENTED_EDGE('',*,*,#5173,.F.);
#2316=ORIENTED_EDGE('',*,*,#5174,.F.);
#2317=ORIENTED_EDGE('',*,*,#5175,.T.);
#2318=ORIENTED_EDGE('',*,*,#5176,.T.);
#2319=ORIENTED_EDGE('',*,*,#5177,.F.);
#2320=ORIENTED_EDGE('',*,*,#5178,.T.);
#2321=ORIENTED_EDGE('',*,*,#5179,.T.);
#2322=ORIENTED_EDGE('',*,*,#5180,.T.);
#2323=ORIENTED_EDGE('',*,*,#5181,.T.);
#2324=ORIENTED_EDGE('',*,*,#5182,.F.);
#2325=ORIENTED_EDGE('',*,*,#5183,.F.);
#2326=ORIENTED_EDGE('',*,*,#5184,.T.);
#2327=ORIENTED_EDGE('',*,*,#5185,.T.);
#2328=ORIENTED_EDGE('',*,*,#5186,.F.);
#2329=ORIENTED_EDGE('',*,*,#5187,.T.);
#2330=ORIENTED_EDGE('',*,*,#5188,.T.);
#2331=ORIENTED_EDGE('',*,*,#5189,.T.);
#2332=ORIENTED_EDGE('',*,*,#5190,.T.);
#2333=ORIENTED_EDGE('',*,*,#5191,.T.);
#2334=ORIENTED_EDGE('',*,*,#5192,.T.);
#2335=ORIENTED_EDGE('',*,*,#5193,.T.);
#2336=ORIENTED_EDGE('',*,*,#5194,.T.);
#2337=ORIENTED_EDGE('',*,*,#5195,.T.);
#2338=ORIENTED_EDGE('',*,*,#5196,.T.);
#2339=ORIENTED_EDGE('',*,*,#5197,.T.);
#2340=ORIENTED_EDGE('',*,*,#5198,.T.);
#2341=ORIENTED_EDGE('',*,*,#5199,.T.);
#2342=ORIENTED_EDGE('',*,*,#5200,.T.);
#2343=ORIENTED_EDGE('',*,*,#5201,.T.);
#2344=ORIENTED_EDGE('',*,*,#5202,.T.);
#2345=ORIENTED_EDGE('',*,*,#5203,.T.);
#2346=ORIENTED_EDGE('',*,*,#5204,.T.);
#2347=ORIENTED_EDGE('',*,*,#5205,.T.);
#2348=ORIENTED_EDGE('',*,*,#5206,.T.);
#2349=ORIENTED_EDGE('',*,*,#5207,.T.);
#2350=ORIENTED_EDGE('',*,*,#5208,.T.);
#2351=ORIENTED_EDGE('',*,*,#5209,.T.);
#2352=ORIENTED_EDGE('',*,*,#5210,.T.);
#2353=ORIENTED_EDGE('',*,*,#5211,.T.);
#2354=ORIENTED_EDGE('',*,*,#5212,.T.);
#2355=ORIENTED_EDGE('',*,*,#5213,.T.);
#2356=ORIENTED_EDGE('',*,*,#5214,.T.);
#2357=ORIENTED_EDGE('',*,*,#5215,.T.);
#2358=ORIENTED_EDGE('',*,*,#5216,.T.);
#2359=ORIENTED_EDGE('',*,*,#5217,.T.);
#2360=ORIENTED_EDGE('',*,*,#5218,.T.);
#2361=ORIENTED_EDGE('',*,*,#5219,.T.);
#2362=ORIENTED_EDGE('',*,*,#5220,.T.);
#2363=ORIENTED_EDGE('',*,*,#5221,.T.);
#2364=ORIENTED_EDGE('',*,*,#5222,.T.);
#2365=ORIENTED_EDGE('',*,*,#5223,.T.);
#2366=ORIENTED_EDGE('',*,*,#5224,.T.);
#2367=ORIENTED_EDGE('',*,*,#5225,.T.);
#2368=ORIENTED_EDGE('',*,*,#5226,.T.);
#2369=ORIENTED_EDGE('',*,*,#5227,.T.);
#2370=ORIENTED_EDGE('',*,*,#5228,.T.);
#2371=ORIENTED_EDGE('',*,*,#5229,.T.);
#2372=ORIENTED_EDGE('',*,*,#5230,.T.);
#2373=ORIENTED_EDGE('',*,*,#5231,.T.);
#2374=ORIENTED_EDGE('',*,*,#5232,.T.);
#2375=ORIENTED_EDGE('',*,*,#5233,.T.);
#2376=ORIENTED_EDGE('',*,*,#5234,.T.);
#2377=ORIENTED_EDGE('',*,*,#5235,.T.);
#2378=ORIENTED_EDGE('',*,*,#5236,.T.);
#2379=ORIENTED_EDGE('',*,*,#5237,.T.);
#2380=ORIENTED_EDGE('',*,*,#5238,.T.);
#2381=ORIENTED_EDGE('',*,*,#5239,.T.);
#2382=ORIENTED_EDGE('',*,*,#5240,.T.);
#2383=ORIENTED_EDGE('',*,*,#5241,.T.);
#2384=ORIENTED_EDGE('',*,*,#5242,.F.);
#2385=ORIENTED_EDGE('',*,*,#5243,.F.);
#2386=ORIENTED_EDGE('',*,*,#5244,.F.);
#2387=ORIENTED_EDGE('',*,*,#5245,.F.);
#2388=ORIENTED_EDGE('',*,*,#5246,.F.);
#2389=ORIENTED_EDGE('',*,*,#5247,.F.);
#2390=ORIENTED_EDGE('',*,*,#5248,.F.);
#2391=ORIENTED_EDGE('',*,*,#5249,.F.);
#2392=ORIENTED_EDGE('',*,*,#5250,.F.);
#2393=ORIENTED_EDGE('',*,*,#5251,.F.);
#2394=ORIENTED_EDGE('',*,*,#5252,.F.);
#2395=ORIENTED_EDGE('',*,*,#5253,.F.);
#2396=ORIENTED_EDGE('',*,*,#5254,.F.);
#2397=ORIENTED_EDGE('',*,*,#5255,.F.);
#2398=ORIENTED_EDGE('',*,*,#5256,.F.);
#2399=ORIENTED_EDGE('',*,*,#5257,.F.);
#2400=ORIENTED_EDGE('',*,*,#5258,.F.);
#2401=ORIENTED_EDGE('',*,*,#5259,.F.);
#2402=ORIENTED_EDGE('',*,*,#5260,.F.);
#2403=ORIENTED_EDGE('',*,*,#5261,.F.);
#2404=ORIENTED_EDGE('',*,*,#5262,.F.);
#2405=ORIENTED_EDGE('',*,*,#5263,.F.);
#2406=ORIENTED_EDGE('',*,*,#5264,.F.);
#2407=ORIENTED_EDGE('',*,*,#5265,.F.);
#2408=ORIENTED_EDGE('',*,*,#5266,.F.);
#2409=ORIENTED_EDGE('',*,*,#5267,.F.);
#2410=ORIENTED_EDGE('',*,*,#5268,.F.);
#2411=ORIENTED_EDGE('',*,*,#5269,.F.);
#2412=ORIENTED_EDGE('',*,*,#5270,.F.);
#2413=ORIENTED_EDGE('',*,*,#5271,.F.);
#2414=ORIENTED_EDGE('',*,*,#5272,.F.);
#2415=ORIENTED_EDGE('',*,*,#5273,.F.);
#2416=ORIENTED_EDGE('',*,*,#5274,.F.);
#2417=ORIENTED_EDGE('',*,*,#5275,.F.);
#2418=ORIENTED_EDGE('',*,*,#5276,.F.);
#2419=ORIENTED_EDGE('',*,*,#5277,.F.);
#2420=ORIENTED_EDGE('',*,*,#5278,.F.);
#2421=ORIENTED_EDGE('',*,*,#5279,.F.);
#2422=ORIENTED_EDGE('',*,*,#5280,.F.);
#2423=ORIENTED_EDGE('',*,*,#5281,.F.);
#2424=ORIENTED_EDGE('',*,*,#5282,.F.);
#2425=ORIENTED_EDGE('',*,*,#5283,.F.);
#2426=ORIENTED_EDGE('',*,*,#5284,.F.);
#2427=ORIENTED_EDGE('',*,*,#5285,.F.);
#2428=ORIENTED_EDGE('',*,*,#5286,.F.);
#2429=ORIENTED_EDGE('',*,*,#5287,.F.);
#2430=ORIENTED_EDGE('',*,*,#5288,.F.);
#2431=ORIENTED_EDGE('',*,*,#5289,.F.);
#2432=ORIENTED_EDGE('',*,*,#5290,.F.);
#2433=ORIENTED_EDGE('',*,*,#5291,.F.);
#2434=ORIENTED_EDGE('',*,*,#5292,.F.);
#2435=ORIENTED_EDGE('',*,*,#5293,.F.);
#2436=ORIENTED_EDGE('',*,*,#5294,.F.);
#2437=ORIENTED_EDGE('',*,*,#5295,.F.);
#2438=ORIENTED_EDGE('',*,*,#5296,.F.);
#2439=ORIENTED_EDGE('',*,*,#5297,.F.);
#2440=ORIENTED_EDGE('',*,*,#5298,.F.);
#2441=ORIENTED_EDGE('',*,*,#5299,.F.);
#2442=ORIENTED_EDGE('',*,*,#5300,.F.);
#2443=ORIENTED_EDGE('',*,*,#5301,.F.);
#2444=ORIENTED_EDGE('',*,*,#5302,.F.);
#2445=ORIENTED_EDGE('',*,*,#5303,.F.);
#2446=ORIENTED_EDGE('',*,*,#5304,.F.);
#2447=ORIENTED_EDGE('',*,*,#5305,.F.);
#2448=ORIENTED_EDGE('',*,*,#5306,.F.);
#2449=ORIENTED_EDGE('',*,*,#5307,.F.);
#2450=ORIENTED_EDGE('',*,*,#5308,.F.);
#2451=ORIENTED_EDGE('',*,*,#5309,.F.);
#2452=ORIENTED_EDGE('',*,*,#5310,.F.);
#2453=ORIENTED_EDGE('',*,*,#5311,.F.);
#2454=ORIENTED_EDGE('',*,*,#5312,.F.);
#2455=ORIENTED_EDGE('',*,*,#5313,.F.);
#2456=ORIENTED_EDGE('',*,*,#5314,.F.);
#2457=ORIENTED_EDGE('',*,*,#5315,.F.);
#2458=ORIENTED_EDGE('',*,*,#5316,.F.);
#2459=ORIENTED_EDGE('',*,*,#5317,.F.);
#2460=ORIENTED_EDGE('',*,*,#5318,.F.);
#2461=ORIENTED_EDGE('',*,*,#5319,.F.);
#2462=ORIENTED_EDGE('',*,*,#5320,.F.);
#2463=ORIENTED_EDGE('',*,*,#5321,.F.);
#2464=ORIENTED_EDGE('',*,*,#5322,.F.);
#2465=ORIENTED_EDGE('',*,*,#5323,.F.);
#2466=ORIENTED_EDGE('',*,*,#5324,.F.);
#2467=ORIENTED_EDGE('',*,*,#5325,.F.);
#2468=ORIENTED_EDGE('',*,*,#5326,.F.);
#2469=ORIENTED_EDGE('',*,*,#5327,.F.);
#2470=ORIENTED_EDGE('',*,*,#5328,.F.);
#2471=ORIENTED_EDGE('',*,*,#5329,.F.);
#2472=ORIENTED_EDGE('',*,*,#5330,.F.);
#2473=ORIENTED_EDGE('',*,*,#5331,.F.);
#2474=ORIENTED_EDGE('',*,*,#5332,.F.);
#2475=ORIENTED_EDGE('',*,*,#5333,.F.);
#2476=ORIENTED_EDGE('',*,*,#5334,.F.);
#2477=ORIENTED_EDGE('',*,*,#5335,.F.);
#2478=ORIENTED_EDGE('',*,*,#5336,.F.);
#2479=ORIENTED_EDGE('',*,*,#5337,.F.);
#2480=ORIENTED_EDGE('',*,*,#5338,.T.);
#2481=ORIENTED_EDGE('',*,*,#5339,.T.);
#2482=ORIENTED_EDGE('',*,*,#5340,.T.);
#2483=ORIENTED_EDGE('',*,*,#5341,.T.);
#2484=ORIENTED_EDGE('',*,*,#5342,.T.);
#2485=ORIENTED_EDGE('',*,*,#5343,.T.);
#2486=ORIENTED_EDGE('',*,*,#5344,.T.);
#2487=ORIENTED_EDGE('',*,*,#5345,.T.);
#2488=ORIENTED_EDGE('',*,*,#5346,.T.);
#2489=ORIENTED_EDGE('',*,*,#5347,.T.);
#2490=ORIENTED_EDGE('',*,*,#5348,.T.);
#2491=ORIENTED_EDGE('',*,*,#5349,.T.);
#2492=ORIENTED_EDGE('',*,*,#5350,.T.);
#2493=ORIENTED_EDGE('',*,*,#5351,.T.);
#2494=ORIENTED_EDGE('',*,*,#5352,.T.);
#2495=ORIENTED_EDGE('',*,*,#5353,.T.);
#2496=ORIENTED_EDGE('',*,*,#5354,.T.);
#2497=ORIENTED_EDGE('',*,*,#5355,.T.);
#2498=ORIENTED_EDGE('',*,*,#5356,.T.);
#2499=ORIENTED_EDGE('',*,*,#5357,.T.);
#2500=ORIENTED_EDGE('',*,*,#5358,.T.);
#2501=ORIENTED_EDGE('',*,*,#5359,.T.);
#2502=ORIENTED_EDGE('',*,*,#5360,.T.);
#2503=ORIENTED_EDGE('',*,*,#5361,.T.);
#2504=ORIENTED_EDGE('',*,*,#5362,.T.);
#2505=ORIENTED_EDGE('',*,*,#5363,.T.);
#2506=ORIENTED_EDGE('',*,*,#5364,.T.);
#2507=ORIENTED_EDGE('',*,*,#5365,.T.);
#2508=ORIENTED_EDGE('',*,*,#5366,.T.);
#2509=ORIENTED_EDGE('',*,*,#5367,.T.);
#2510=ORIENTED_EDGE('',*,*,#5368,.T.);
#2511=ORIENTED_EDGE('',*,*,#5369,.T.);
#2512=ORIENTED_EDGE('',*,*,#5370,.T.);
#2513=ORIENTED_EDGE('',*,*,#5371,.T.);
#2514=ORIENTED_EDGE('',*,*,#5372,.T.);
#2515=ORIENTED_EDGE('',*,*,#5373,.T.);
#2516=ORIENTED_EDGE('',*,*,#5374,.T.);
#2517=ORIENTED_EDGE('',*,*,#5375,.T.);
#2518=ORIENTED_EDGE('',*,*,#5376,.T.);
#2519=ORIENTED_EDGE('',*,*,#5377,.T.);
#2520=ORIENTED_EDGE('',*,*,#5378,.T.);
#2521=ORIENTED_EDGE('',*,*,#5379,.T.);
#2522=ORIENTED_EDGE('',*,*,#5380,.T.);
#2523=ORIENTED_EDGE('',*,*,#5381,.T.);
#2524=ORIENTED_EDGE('',*,*,#5382,.T.);
#2525=ORIENTED_EDGE('',*,*,#5383,.T.);
#2526=ORIENTED_EDGE('',*,*,#5384,.T.);
#2527=ORIENTED_EDGE('',*,*,#5385,.T.);
#2528=ORIENTED_EDGE('',*,*,#5386,.T.);
#2529=ORIENTED_EDGE('',*,*,#5387,.T.);
#2530=ORIENTED_EDGE('',*,*,#5388,.T.);
#2531=ORIENTED_EDGE('',*,*,#5389,.T.);
#2532=ORIENTED_EDGE('',*,*,#5390,.T.);
#2533=ORIENTED_EDGE('',*,*,#5391,.T.);
#2534=ORIENTED_EDGE('',*,*,#5392,.T.);
#2535=ORIENTED_EDGE('',*,*,#5393,.T.);
#2536=ORIENTED_EDGE('',*,*,#5394,.T.);
#2537=ORIENTED_EDGE('',*,*,#5395,.T.);
#2538=ORIENTED_EDGE('',*,*,#5396,.T.);
#2539=ORIENTED_EDGE('',*,*,#5397,.T.);
#2540=ORIENTED_EDGE('',*,*,#5398,.T.);
#2541=ORIENTED_EDGE('',*,*,#5399,.T.);
#2542=ORIENTED_EDGE('',*,*,#5400,.T.);
#2543=ORIENTED_EDGE('',*,*,#5401,.T.);
#2544=ORIENTED_EDGE('',*,*,#5402,.T.);
#2545=ORIENTED_EDGE('',*,*,#5403,.T.);
#2546=ORIENTED_EDGE('',*,*,#5404,.T.);
#2547=ORIENTED_EDGE('',*,*,#5405,.T.);
#2548=ORIENTED_EDGE('',*,*,#5406,.T.);
#2549=ORIENTED_EDGE('',*,*,#5407,.T.);
#2550=ORIENTED_EDGE('',*,*,#5408,.T.);
#2551=ORIENTED_EDGE('',*,*,#5409,.T.);
#2552=ORIENTED_EDGE('',*,*,#5410,.T.);
#2553=ORIENTED_EDGE('',*,*,#5411,.T.);
#2554=ORIENTED_EDGE('',*,*,#5412,.T.);
#2555=ORIENTED_EDGE('',*,*,#5413,.T.);
#2556=ORIENTED_EDGE('',*,*,#5414,.T.);
#2557=ORIENTED_EDGE('',*,*,#5415,.T.);
#2558=ORIENTED_EDGE('',*,*,#5416,.T.);
#2559=ORIENTED_EDGE('',*,*,#5417,.T.);
#2560=ORIENTED_EDGE('',*,*,#5418,.T.);
#2561=ORIENTED_EDGE('',*,*,#5419,.T.);
#2562=ORIENTED_EDGE('',*,*,#5420,.T.);
#2563=ORIENTED_EDGE('',*,*,#5421,.T.);
#2564=ORIENTED_EDGE('',*,*,#5422,.T.);
#2565=ORIENTED_EDGE('',*,*,#5423,.T.);
#2566=ORIENTED_EDGE('',*,*,#5424,.T.);
#2567=ORIENTED_EDGE('',*,*,#5425,.T.);
#2568=ORIENTED_EDGE('',*,*,#5426,.T.);
#2569=ORIENTED_EDGE('',*,*,#5427,.T.);
#2570=ORIENTED_EDGE('',*,*,#5428,.T.);
#2571=ORIENTED_EDGE('',*,*,#5429,.T.);
#2572=ORIENTED_EDGE('',*,*,#5430,.T.);
#2573=ORIENTED_EDGE('',*,*,#5431,.T.);
#2574=ORIENTED_EDGE('',*,*,#5432,.T.);
#2575=ORIENTED_EDGE('',*,*,#5433,.T.);
#2576=ORIENTED_EDGE('',*,*,#5434,.T.);
#2577=ORIENTED_EDGE('',*,*,#5435,.T.);
#2578=ORIENTED_EDGE('',*,*,#5436,.T.);
#2579=ORIENTED_EDGE('',*,*,#5437,.T.);
#2580=ORIENTED_EDGE('',*,*,#5438,.T.);
#2581=ORIENTED_EDGE('',*,*,#5439,.T.);
#2582=ORIENTED_EDGE('',*,*,#5440,.T.);
#2583=ORIENTED_EDGE('',*,*,#5441,.T.);
#2584=ORIENTED_EDGE('',*,*,#5442,.T.);
#2585=ORIENTED_EDGE('',*,*,#5443,.T.);
#2586=ORIENTED_EDGE('',*,*,#5444,.T.);
#2587=ORIENTED_EDGE('',*,*,#5445,.T.);
#2588=ORIENTED_EDGE('',*,*,#5446,.T.);
#2589=ORIENTED_EDGE('',*,*,#5447,.T.);
#2590=ORIENTED_EDGE('',*,*,#5448,.T.);
#2591=ORIENTED_EDGE('',*,*,#5449,.T.);
#2592=ORIENTED_EDGE('',*,*,#5450,.T.);
#2593=ORIENTED_EDGE('',*,*,#5451,.T.);
#2594=ORIENTED_EDGE('',*,*,#5452,.T.);
#2595=ORIENTED_EDGE('',*,*,#5453,.T.);
#2596=ORIENTED_EDGE('',*,*,#5454,.T.);
#2597=ORIENTED_EDGE('',*,*,#5455,.T.);
#2598=ORIENTED_EDGE('',*,*,#5456,.T.);
#2599=ORIENTED_EDGE('',*,*,#5457,.T.);
#2600=ORIENTED_EDGE('',*,*,#5458,.T.);
#2601=ORIENTED_EDGE('',*,*,#5459,.T.);
#2602=ORIENTED_EDGE('',*,*,#5460,.T.);
#2603=ORIENTED_EDGE('',*,*,#5461,.T.);
#2604=ORIENTED_EDGE('',*,*,#5462,.T.);
#2605=ORIENTED_EDGE('',*,*,#5463,.T.);
#2606=ORIENTED_EDGE('',*,*,#5464,.T.);
#2607=ORIENTED_EDGE('',*,*,#5465,.T.);
#2608=ORIENTED_EDGE('',*,*,#5466,.T.);
#2609=ORIENTED_EDGE('',*,*,#5467,.T.);
#2610=ORIENTED_EDGE('',*,*,#5468,.T.);
#2611=ORIENTED_EDGE('',*,*,#5469,.T.);
#2612=ORIENTED_EDGE('',*,*,#5470,.T.);
#2613=ORIENTED_EDGE('',*,*,#5471,.T.);
#2614=ORIENTED_EDGE('',*,*,#5472,.T.);
#2615=ORIENTED_EDGE('',*,*,#5473,.T.);
#2616=ORIENTED_EDGE('',*,*,#5474,.T.);
#2617=ORIENTED_EDGE('',*,*,#5475,.T.);
#2618=ORIENTED_EDGE('',*,*,#5476,.T.);
#2619=ORIENTED_EDGE('',*,*,#5477,.T.);
#2620=ORIENTED_EDGE('',*,*,#5478,.T.);
#2621=ORIENTED_EDGE('',*,*,#5479,.T.);
#2622=ORIENTED_EDGE('',*,*,#5480,.T.);
#2623=ORIENTED_EDGE('',*,*,#5481,.T.);
#2624=ORIENTED_EDGE('',*,*,#5482,.T.);
#2625=ORIENTED_EDGE('',*,*,#5483,.T.);
#2626=ORIENTED_EDGE('',*,*,#5484,.T.);
#2627=ORIENTED_EDGE('',*,*,#5485,.T.);
#2628=ORIENTED_EDGE('',*,*,#5486,.T.);
#2629=ORIENTED_EDGE('',*,*,#5487,.T.);
#2630=ORIENTED_EDGE('',*,*,#5488,.T.);
#2631=ORIENTED_EDGE('',*,*,#5489,.T.);
#2632=ORIENTED_EDGE('',*,*,#5490,.T.);
#2633=ORIENTED_EDGE('',*,*,#5491,.T.);
#2634=ORIENTED_EDGE('',*,*,#5492,.T.);
#2635=ORIENTED_EDGE('',*,*,#5493,.T.);
#2636=ORIENTED_EDGE('',*,*,#5494,.T.);
#2637=ORIENTED_EDGE('',*,*,#5495,.T.);
#2638=ORIENTED_EDGE('',*,*,#5496,.T.);
#2639=ORIENTED_EDGE('',*,*,#5497,.T.);
#2640=ORIENTED_EDGE('',*,*,#5498,.T.);
#2641=ORIENTED_EDGE('',*,*,#5499,.T.);
#2642=ORIENTED_EDGE('',*,*,#5500,.T.);
#2643=ORIENTED_EDGE('',*,*,#5501,.T.);
#2644=ORIENTED_EDGE('',*,*,#5502,.T.);
#2645=ORIENTED_EDGE('',*,*,#5503,.T.);
#2646=ORIENTED_EDGE('',*,*,#5504,.T.);
#2647=ORIENTED_EDGE('',*,*,#5505,.F.);
#2648=ORIENTED_EDGE('',*,*,#5506,.T.);
#2649=ORIENTED_EDGE('',*,*,#5507,.T.);
#2650=ORIENTED_EDGE('',*,*,#5508,.T.);
#2651=ORIENTED_EDGE('',*,*,#5509,.T.);
#2652=ORIENTED_EDGE('',*,*,#5510,.T.);
#2653=ORIENTED_EDGE('',*,*,#5511,.T.);
#2654=ORIENTED_EDGE('',*,*,#5512,.T.);
#2655=ORIENTED_EDGE('',*,*,#5513,.T.);
#2656=ORIENTED_EDGE('',*,*,#5514,.T.);
#2657=ORIENTED_EDGE('',*,*,#5515,.T.);
#2658=ORIENTED_EDGE('',*,*,#5516,.T.);
#2659=ORIENTED_EDGE('',*,*,#5517,.T.);
#2660=ORIENTED_EDGE('',*,*,#5518,.T.);
#2661=ORIENTED_EDGE('',*,*,#5519,.T.);
#2662=ORIENTED_EDGE('',*,*,#5520,.T.);
#2663=ORIENTED_EDGE('',*,*,#5521,.T.);
#2664=ORIENTED_EDGE('',*,*,#5522,.T.);
#2665=ORIENTED_EDGE('',*,*,#5523,.T.);
#2666=ORIENTED_EDGE('',*,*,#5524,.T.);
#2667=ORIENTED_EDGE('',*,*,#5525,.T.);
#2668=ORIENTED_EDGE('',*,*,#5526,.T.);
#2669=ORIENTED_EDGE('',*,*,#5527,.T.);
#2670=ORIENTED_EDGE('',*,*,#5173,.T.);
#2671=ORIENTED_EDGE('',*,*,#5528,.F.);
#2672=ORIENTED_EDGE('',*,*,#5529,.T.);
#2673=ORIENTED_EDGE('',*,*,#5530,.T.);
#2674=ORIENTED_EDGE('',*,*,#5169,.T.);
#2675=ORIENTED_EDGE('',*,*,#5531,.T.);
#2676=ORIENTED_EDGE('',*,*,#5532,.F.);
#2677=ORIENTED_EDGE('',*,*,#5533,.T.);
#2678=ORIENTED_EDGE('',*,*,#5177,.T.);
#2679=ORIENTED_EDGE('',*,*,#5534,.F.);
#2680=ORIENTED_EDGE('',*,*,#5535,.F.);
#2681=ORIENTED_EDGE('',*,*,#5536,.F.);
#2682=ORIENTED_EDGE('',*,*,#5537,.F.);
#2683=ORIENTED_EDGE('',*,*,#5538,.F.);
#2684=ORIENTED_EDGE('',*,*,#5539,.T.);
#2685=ORIENTED_EDGE('',*,*,#5540,.T.);
#2686=ORIENTED_EDGE('',*,*,#5541,.T.);
#2687=ORIENTED_EDGE('',*,*,#5542,.T.);
#2688=ORIENTED_EDGE('',*,*,#5537,.T.);
#2689=ORIENTED_EDGE('',*,*,#5543,.T.);
#2690=ORIENTED_EDGE('',*,*,#5535,.T.);
#2691=ORIENTED_EDGE('',*,*,#5544,.T.);
#2692=ORIENTED_EDGE('',*,*,#5545,.T.);
#2693=ORIENTED_EDGE('',*,*,#5546,.T.);
#2694=ORIENTED_EDGE('',*,*,#5547,.T.);
#2695=ORIENTED_EDGE('',*,*,#5548,.T.);
#2696=ORIENTED_EDGE('',*,*,#5549,.T.);
#2697=ORIENTED_EDGE('',*,*,#5550,.T.);
#2698=ORIENTED_EDGE('',*,*,#5551,.T.);
#2699=ORIENTED_EDGE('',*,*,#5552,.T.);
#2700=ORIENTED_EDGE('',*,*,#5553,.T.);
#2701=ORIENTED_EDGE('',*,*,#5554,.T.);
#2702=ORIENTED_EDGE('',*,*,#5555,.T.);
#2703=ORIENTED_EDGE('',*,*,#5556,.T.);
#2704=ORIENTED_EDGE('',*,*,#5557,.T.);
#2705=ORIENTED_EDGE('',*,*,#5558,.T.);
#2706=ORIENTED_EDGE('',*,*,#5559,.T.);
#2707=ORIENTED_EDGE('',*,*,#5560,.T.);
#2708=ORIENTED_EDGE('',*,*,#5561,.T.);
#2709=ORIENTED_EDGE('',*,*,#5562,.T.);
#2710=ORIENTED_EDGE('',*,*,#5563,.T.);
#2711=ORIENTED_EDGE('',*,*,#5564,.T.);
#2712=ORIENTED_EDGE('',*,*,#5565,.T.);
#2713=ORIENTED_EDGE('',*,*,#5566,.T.);
#2714=ORIENTED_EDGE('',*,*,#5567,.T.);
#2715=ORIENTED_EDGE('',*,*,#5568,.T.);
#2716=ORIENTED_EDGE('',*,*,#5569,.T.);
#2717=ORIENTED_EDGE('',*,*,#5570,.T.);
#2718=ORIENTED_EDGE('',*,*,#5571,.T.);
#2719=ORIENTED_EDGE('',*,*,#5572,.T.);
#2720=ORIENTED_EDGE('',*,*,#5573,.T.);
#2721=ORIENTED_EDGE('',*,*,#5574,.T.);
#2722=ORIENTED_EDGE('',*,*,#5575,.T.);
#2723=ORIENTED_EDGE('',*,*,#5576,.T.);
#2724=ORIENTED_EDGE('',*,*,#5577,.T.);
#2725=ORIENTED_EDGE('',*,*,#5578,.T.);
#2726=ORIENTED_EDGE('',*,*,#5579,.T.);
#2727=ORIENTED_EDGE('',*,*,#5580,.T.);
#2728=ORIENTED_EDGE('',*,*,#5581,.T.);
#2729=ORIENTED_EDGE('',*,*,#5582,.T.);
#2730=ORIENTED_EDGE('',*,*,#5583,.T.);
#2731=ORIENTED_EDGE('',*,*,#5584,.T.);
#2732=ORIENTED_EDGE('',*,*,#5585,.T.);
#2733=ORIENTED_EDGE('',*,*,#5586,.T.);
#2734=ORIENTED_EDGE('',*,*,#5587,.T.);
#2735=ORIENTED_EDGE('',*,*,#5588,.T.);
#2736=ORIENTED_EDGE('',*,*,#5589,.T.);
#2737=ORIENTED_EDGE('',*,*,#5590,.T.);
#2738=ORIENTED_EDGE('',*,*,#5591,.T.);
#2739=ORIENTED_EDGE('',*,*,#5592,.T.);
#2740=ORIENTED_EDGE('',*,*,#5593,.T.);
#2741=ORIENTED_EDGE('',*,*,#5594,.T.);
#2742=ORIENTED_EDGE('',*,*,#5595,.T.);
#2743=ORIENTED_EDGE('',*,*,#5596,.T.);
#2744=ORIENTED_EDGE('',*,*,#5597,.T.);
#2745=ORIENTED_EDGE('',*,*,#5598,.T.);
#2746=ORIENTED_EDGE('',*,*,#5599,.T.);
#2747=ORIENTED_EDGE('',*,*,#5600,.T.);
#2748=ORIENTED_EDGE('',*,*,#5601,.T.);
#2749=ORIENTED_EDGE('',*,*,#5602,.T.);
#2750=ORIENTED_EDGE('',*,*,#5603,.T.);
#2751=ORIENTED_EDGE('',*,*,#5604,.T.);
#2752=ORIENTED_EDGE('',*,*,#5605,.T.);
#2753=ORIENTED_EDGE('',*,*,#5606,.T.);
#2754=ORIENTED_EDGE('',*,*,#5607,.T.);
#2755=ORIENTED_EDGE('',*,*,#5608,.T.);
#2756=ORIENTED_EDGE('',*,*,#5609,.T.);
#2757=ORIENTED_EDGE('',*,*,#5610,.T.);
#2758=ORIENTED_EDGE('',*,*,#5611,.T.);
#2759=ORIENTED_EDGE('',*,*,#5612,.T.);
#2760=ORIENTED_EDGE('',*,*,#5613,.T.);
#2761=ORIENTED_EDGE('',*,*,#5614,.T.);
#2762=ORIENTED_EDGE('',*,*,#5615,.T.);
#2763=ORIENTED_EDGE('',*,*,#5616,.T.);
#2764=ORIENTED_EDGE('',*,*,#5617,.T.);
#2765=ORIENTED_EDGE('',*,*,#5618,.T.);
#2766=ORIENTED_EDGE('',*,*,#5619,.T.);
#2767=ORIENTED_EDGE('',*,*,#5620,.T.);
#2768=ORIENTED_EDGE('',*,*,#5621,.T.);
#2769=ORIENTED_EDGE('',*,*,#5622,.T.);
#2770=ORIENTED_EDGE('',*,*,#5623,.T.);
#2771=ORIENTED_EDGE('',*,*,#5624,.T.);
#2772=ORIENTED_EDGE('',*,*,#5625,.T.);
#2773=ORIENTED_EDGE('',*,*,#5626,.T.);
#2774=ORIENTED_EDGE('',*,*,#5627,.T.);
#2775=ORIENTED_EDGE('',*,*,#5628,.T.);
#2776=ORIENTED_EDGE('',*,*,#5629,.T.);
#2777=ORIENTED_EDGE('',*,*,#5630,.T.);
#2778=ORIENTED_EDGE('',*,*,#5631,.T.);
#2779=ORIENTED_EDGE('',*,*,#5632,.T.);
#2780=ORIENTED_EDGE('',*,*,#5633,.T.);
#2781=ORIENTED_EDGE('',*,*,#5634,.T.);
#2782=ORIENTED_EDGE('',*,*,#5635,.T.);
#2783=ORIENTED_EDGE('',*,*,#5636,.T.);
#2784=ORIENTED_EDGE('',*,*,#5637,.T.);
#2785=ORIENTED_EDGE('',*,*,#5638,.T.);
#2786=ORIENTED_EDGE('',*,*,#5639,.T.);
#2787=ORIENTED_EDGE('',*,*,#5532,.T.);
#2788=ORIENTED_EDGE('',*,*,#5640,.T.);
#2789=ORIENTED_EDGE('',*,*,#5641,.T.);
#2790=ORIENTED_EDGE('',*,*,#5642,.T.);
#2791=ORIENTED_EDGE('',*,*,#5643,.F.);
#2792=ORIENTED_EDGE('',*,*,#5644,.T.);
#2793=ORIENTED_EDGE('',*,*,#5645,.F.);
#2794=ORIENTED_EDGE('',*,*,#5646,.T.);
#2795=ORIENTED_EDGE('',*,*,#5539,.F.);
#2796=ORIENTED_EDGE('',*,*,#5541,.F.);
#2797=ORIENTED_EDGE('',*,*,#5242,.T.);
#2798=ORIENTED_EDGE('',*,*,#5544,.F.);
#2799=ORIENTED_EDGE('',*,*,#5243,.T.);
#2800=ORIENTED_EDGE('',*,*,#5545,.F.);
#2801=ORIENTED_EDGE('',*,*,#5244,.T.);
#2802=ORIENTED_EDGE('',*,*,#5546,.F.);
#2803=ORIENTED_EDGE('',*,*,#5245,.T.);
#2804=ORIENTED_EDGE('',*,*,#5547,.F.);
#2805=ORIENTED_EDGE('',*,*,#5246,.T.);
#2806=ORIENTED_EDGE('',*,*,#5548,.F.);
#2807=ORIENTED_EDGE('',*,*,#5247,.T.);
#2808=ORIENTED_EDGE('',*,*,#5549,.F.);
#2809=ORIENTED_EDGE('',*,*,#5248,.T.);
#2810=ORIENTED_EDGE('',*,*,#5550,.F.);
#2811=ORIENTED_EDGE('',*,*,#5249,.T.);
#2812=ORIENTED_EDGE('',*,*,#5551,.F.);
#2813=ORIENTED_EDGE('',*,*,#5250,.T.);
#2814=ORIENTED_EDGE('',*,*,#5552,.F.);
#2815=ORIENTED_EDGE('',*,*,#5251,.T.);
#2816=ORIENTED_EDGE('',*,*,#5553,.F.);
#2817=ORIENTED_EDGE('',*,*,#5252,.T.);
#2818=ORIENTED_EDGE('',*,*,#5554,.F.);
#2819=ORIENTED_EDGE('',*,*,#5253,.T.);
#2820=ORIENTED_EDGE('',*,*,#5555,.F.);
#2821=ORIENTED_EDGE('',*,*,#5254,.T.);
#2822=ORIENTED_EDGE('',*,*,#5556,.F.);
#2823=ORIENTED_EDGE('',*,*,#5255,.T.);
#2824=ORIENTED_EDGE('',*,*,#5557,.F.);
#2825=ORIENTED_EDGE('',*,*,#5256,.T.);
#2826=ORIENTED_EDGE('',*,*,#5558,.F.);
#2827=ORIENTED_EDGE('',*,*,#5257,.T.);
#2828=ORIENTED_EDGE('',*,*,#5559,.F.);
#2829=ORIENTED_EDGE('',*,*,#5258,.T.);
#2830=ORIENTED_EDGE('',*,*,#5560,.F.);
#2831=ORIENTED_EDGE('',*,*,#5259,.T.);
#2832=ORIENTED_EDGE('',*,*,#5561,.F.);
#2833=ORIENTED_EDGE('',*,*,#5260,.T.);
#2834=ORIENTED_EDGE('',*,*,#5562,.F.);
#2835=ORIENTED_EDGE('',*,*,#5261,.T.);
#2836=ORIENTED_EDGE('',*,*,#5563,.F.);
#2837=ORIENTED_EDGE('',*,*,#5262,.T.);
#2838=ORIENTED_EDGE('',*,*,#5564,.F.);
#2839=ORIENTED_EDGE('',*,*,#5263,.T.);
#2840=ORIENTED_EDGE('',*,*,#5565,.F.);
#2841=ORIENTED_EDGE('',*,*,#5264,.T.);
#2842=ORIENTED_EDGE('',*,*,#5566,.F.);
#2843=ORIENTED_EDGE('',*,*,#5265,.T.);
#2844=ORIENTED_EDGE('',*,*,#5567,.F.);
#2845=ORIENTED_EDGE('',*,*,#5266,.T.);
#2846=ORIENTED_EDGE('',*,*,#5568,.F.);
#2847=ORIENTED_EDGE('',*,*,#5267,.T.);
#2848=ORIENTED_EDGE('',*,*,#5569,.F.);
#2849=ORIENTED_EDGE('',*,*,#5268,.T.);
#2850=ORIENTED_EDGE('',*,*,#5570,.F.);
#2851=ORIENTED_EDGE('',*,*,#5269,.T.);
#2852=ORIENTED_EDGE('',*,*,#5571,.F.);
#2853=ORIENTED_EDGE('',*,*,#5270,.T.);
#2854=ORIENTED_EDGE('',*,*,#5572,.F.);
#2855=ORIENTED_EDGE('',*,*,#5271,.T.);
#2856=ORIENTED_EDGE('',*,*,#5573,.F.);
#2857=ORIENTED_EDGE('',*,*,#5272,.T.);
#2858=ORIENTED_EDGE('',*,*,#5574,.F.);
#2859=ORIENTED_EDGE('',*,*,#5273,.T.);
#2860=ORIENTED_EDGE('',*,*,#5575,.F.);
#2861=ORIENTED_EDGE('',*,*,#5274,.T.);
#2862=ORIENTED_EDGE('',*,*,#5576,.F.);
#2863=ORIENTED_EDGE('',*,*,#5275,.T.);
#2864=ORIENTED_EDGE('',*,*,#5577,.F.);
#2865=ORIENTED_EDGE('',*,*,#5276,.T.);
#2866=ORIENTED_EDGE('',*,*,#5578,.F.);
#2867=ORIENTED_EDGE('',*,*,#5277,.T.);
#2868=ORIENTED_EDGE('',*,*,#5579,.F.);
#2869=ORIENTED_EDGE('',*,*,#5278,.T.);
#2870=ORIENTED_EDGE('',*,*,#5580,.F.);
#2871=ORIENTED_EDGE('',*,*,#5279,.T.);
#2872=ORIENTED_EDGE('',*,*,#5581,.F.);
#2873=ORIENTED_EDGE('',*,*,#5280,.T.);
#2874=ORIENTED_EDGE('',*,*,#5582,.F.);
#2875=ORIENTED_EDGE('',*,*,#5281,.T.);
#2876=ORIENTED_EDGE('',*,*,#5583,.F.);
#2877=ORIENTED_EDGE('',*,*,#5282,.T.);
#2878=ORIENTED_EDGE('',*,*,#5584,.F.);
#2879=ORIENTED_EDGE('',*,*,#5283,.T.);
#2880=ORIENTED_EDGE('',*,*,#5585,.F.);
#2881=ORIENTED_EDGE('',*,*,#5284,.T.);
#2882=ORIENTED_EDGE('',*,*,#5586,.F.);
#2883=ORIENTED_EDGE('',*,*,#5285,.T.);
#2884=ORIENTED_EDGE('',*,*,#5587,.F.);
#2885=ORIENTED_EDGE('',*,*,#5286,.T.);
#2886=ORIENTED_EDGE('',*,*,#5588,.F.);
#2887=ORIENTED_EDGE('',*,*,#5287,.T.);
#2888=ORIENTED_EDGE('',*,*,#5589,.F.);
#2889=ORIENTED_EDGE('',*,*,#5288,.T.);
#2890=ORIENTED_EDGE('',*,*,#5590,.F.);
#2891=ORIENTED_EDGE('',*,*,#5289,.T.);
#2892=ORIENTED_EDGE('',*,*,#5591,.F.);
#2893=ORIENTED_EDGE('',*,*,#5290,.T.);
#2894=ORIENTED_EDGE('',*,*,#5592,.F.);
#2895=ORIENTED_EDGE('',*,*,#5291,.T.);
#2896=ORIENTED_EDGE('',*,*,#5593,.F.);
#2897=ORIENTED_EDGE('',*,*,#5292,.T.);
#2898=ORIENTED_EDGE('',*,*,#5594,.F.);
#2899=ORIENTED_EDGE('',*,*,#5293,.T.);
#2900=ORIENTED_EDGE('',*,*,#5595,.F.);
#2901=ORIENTED_EDGE('',*,*,#5294,.T.);
#2902=ORIENTED_EDGE('',*,*,#5596,.F.);
#2903=ORIENTED_EDGE('',*,*,#5295,.T.);
#2904=ORIENTED_EDGE('',*,*,#5597,.F.);
#2905=ORIENTED_EDGE('',*,*,#5296,.T.);
#2906=ORIENTED_EDGE('',*,*,#5598,.F.);
#2907=ORIENTED_EDGE('',*,*,#5297,.T.);
#2908=ORIENTED_EDGE('',*,*,#5599,.F.);
#2909=ORIENTED_EDGE('',*,*,#5298,.T.);
#2910=ORIENTED_EDGE('',*,*,#5600,.F.);
#2911=ORIENTED_EDGE('',*,*,#5299,.T.);
#2912=ORIENTED_EDGE('',*,*,#5601,.F.);
#2913=ORIENTED_EDGE('',*,*,#5300,.T.);
#2914=ORIENTED_EDGE('',*,*,#5602,.F.);
#2915=ORIENTED_EDGE('',*,*,#5301,.T.);
#2916=ORIENTED_EDGE('',*,*,#5603,.F.);
#2917=ORIENTED_EDGE('',*,*,#5302,.T.);
#2918=ORIENTED_EDGE('',*,*,#5604,.F.);
#2919=ORIENTED_EDGE('',*,*,#5303,.T.);
#2920=ORIENTED_EDGE('',*,*,#5605,.F.);
#2921=ORIENTED_EDGE('',*,*,#5304,.T.);
#2922=ORIENTED_EDGE('',*,*,#5606,.F.);
#2923=ORIENTED_EDGE('',*,*,#5305,.T.);
#2924=ORIENTED_EDGE('',*,*,#5607,.F.);
#2925=ORIENTED_EDGE('',*,*,#5306,.T.);
#2926=ORIENTED_EDGE('',*,*,#5608,.F.);
#2927=ORIENTED_EDGE('',*,*,#5307,.T.);
#2928=ORIENTED_EDGE('',*,*,#5609,.F.);
#2929=ORIENTED_EDGE('',*,*,#5308,.T.);
#2930=ORIENTED_EDGE('',*,*,#5610,.F.);
#2931=ORIENTED_EDGE('',*,*,#5309,.T.);
#2932=ORIENTED_EDGE('',*,*,#5611,.F.);
#2933=ORIENTED_EDGE('',*,*,#5310,.T.);
#2934=ORIENTED_EDGE('',*,*,#5612,.F.);
#2935=ORIENTED_EDGE('',*,*,#5311,.T.);
#2936=ORIENTED_EDGE('',*,*,#5613,.F.);
#2937=ORIENTED_EDGE('',*,*,#5312,.T.);
#2938=ORIENTED_EDGE('',*,*,#5614,.F.);
#2939=ORIENTED_EDGE('',*,*,#5313,.T.);
#2940=ORIENTED_EDGE('',*,*,#5615,.F.);
#2941=ORIENTED_EDGE('',*,*,#5314,.T.);
#2942=ORIENTED_EDGE('',*,*,#5616,.F.);
#2943=ORIENTED_EDGE('',*,*,#5315,.T.);
#2944=ORIENTED_EDGE('',*,*,#5617,.F.);
#2945=ORIENTED_EDGE('',*,*,#5316,.T.);
#2946=ORIENTED_EDGE('',*,*,#5618,.F.);
#2947=ORIENTED_EDGE('',*,*,#5317,.T.);
#2948=ORIENTED_EDGE('',*,*,#5619,.F.);
#2949=ORIENTED_EDGE('',*,*,#5318,.T.);
#2950=ORIENTED_EDGE('',*,*,#5620,.F.);
#2951=ORIENTED_EDGE('',*,*,#5319,.T.);
#2952=ORIENTED_EDGE('',*,*,#5621,.F.);
#2953=ORIENTED_EDGE('',*,*,#5320,.T.);
#2954=ORIENTED_EDGE('',*,*,#5622,.F.);
#2955=ORIENTED_EDGE('',*,*,#5321,.T.);
#2956=ORIENTED_EDGE('',*,*,#5623,.F.);
#2957=ORIENTED_EDGE('',*,*,#5322,.T.);
#2958=ORIENTED_EDGE('',*,*,#5624,.F.);
#2959=ORIENTED_EDGE('',*,*,#5323,.T.);
#2960=ORIENTED_EDGE('',*,*,#5625,.F.);
#2961=ORIENTED_EDGE('',*,*,#5324,.T.);
#2962=ORIENTED_EDGE('',*,*,#5626,.F.);
#2963=ORIENTED_EDGE('',*,*,#5325,.T.);
#2964=ORIENTED_EDGE('',*,*,#5627,.F.);
#2965=ORIENTED_EDGE('',*,*,#5326,.T.);
#2966=ORIENTED_EDGE('',*,*,#5628,.F.);
#2967=ORIENTED_EDGE('',*,*,#5327,.T.);
#2968=ORIENTED_EDGE('',*,*,#5629,.F.);
#2969=ORIENTED_EDGE('',*,*,#5328,.T.);
#2970=ORIENTED_EDGE('',*,*,#5630,.F.);
#2971=ORIENTED_EDGE('',*,*,#5329,.T.);
#2972=ORIENTED_EDGE('',*,*,#5631,.F.);
#2973=ORIENTED_EDGE('',*,*,#5330,.T.);
#2974=ORIENTED_EDGE('',*,*,#5632,.F.);
#2975=ORIENTED_EDGE('',*,*,#5331,.T.);
#2976=ORIENTED_EDGE('',*,*,#5633,.F.);
#2977=ORIENTED_EDGE('',*,*,#5332,.T.);
#2978=ORIENTED_EDGE('',*,*,#5634,.F.);
#2979=ORIENTED_EDGE('',*,*,#5333,.T.);
#2980=ORIENTED_EDGE('',*,*,#5635,.F.);
#2981=ORIENTED_EDGE('',*,*,#5334,.T.);
#2982=ORIENTED_EDGE('',*,*,#5636,.F.);
#2983=ORIENTED_EDGE('',*,*,#5335,.T.);
#2984=ORIENTED_EDGE('',*,*,#5637,.F.);
#2985=ORIENTED_EDGE('',*,*,#5336,.T.);
#2986=ORIENTED_EDGE('',*,*,#5638,.F.);
#2987=ORIENTED_EDGE('',*,*,#5645,.T.);
#2988=ORIENTED_EDGE('',*,*,#5647,.T.);
#2989=ORIENTED_EDGE('',*,*,#5179,.F.);
#2990=ORIENTED_EDGE('',*,*,#5648,.T.);
#2991=ORIENTED_EDGE('',*,*,#5649,.F.);
#2992=ORIENTED_EDGE('',*,*,#5650,.T.);
#2993=ORIENTED_EDGE('',*,*,#5185,.F.);
#2994=ORIENTED_EDGE('',*,*,#5651,.F.);
#2995=ORIENTED_EDGE('',*,*,#5652,.F.);
#2996=ORIENTED_EDGE('',*,*,#5653,.T.);
#2997=ORIENTED_EDGE('',*,*,#5181,.F.);
#2998=ORIENTED_EDGE('',*,*,#5654,.T.);
#2999=ORIENTED_EDGE('',*,*,#5643,.T.);
#3000=ORIENTED_EDGE('',*,*,#5655,.T.);
#3001=ORIENTED_EDGE('',*,*,#5165,.F.);
#3002=ORIENTED_EDGE('',*,*,#5656,.F.);
#3003=ORIENTED_EDGE('',*,*,#5641,.F.);
#3004=ORIENTED_EDGE('',*,*,#5657,.T.);
#3005=ORIENTED_EDGE('',*,*,#5167,.T.);
#3006=ORIENTED_EDGE('',*,*,#5658,.T.);
#3007=ORIENTED_EDGE('',*,*,#5168,.F.);
#3008=ORIENTED_EDGE('',*,*,#5657,.F.);
#3009=ORIENTED_EDGE('',*,*,#5640,.F.);
#3010=ORIENTED_EDGE('',*,*,#5531,.F.);
#3011=ORIENTED_EDGE('',*,*,#5166,.F.);
#3012=ORIENTED_EDGE('',*,*,#5655,.F.);
#3013=ORIENTED_EDGE('',*,*,#5642,.F.);
#3014=ORIENTED_EDGE('',*,*,#5658,.F.);
#3015=ORIENTED_EDGE('',*,*,#5180,.F.);
#3016=ORIENTED_EDGE('',*,*,#5647,.F.);
#3017=ORIENTED_EDGE('',*,*,#5644,.F.);
#3018=ORIENTED_EDGE('',*,*,#5654,.F.);
#3019=ORIENTED_EDGE('',*,*,#5178,.F.);
#3020=ORIENTED_EDGE('',*,*,#5533,.F.);
#3021=ORIENTED_EDGE('',*,*,#5646,.F.);
#3022=ORIENTED_EDGE('',*,*,#5648,.F.);
#3023=ORIENTED_EDGE('',*,*,#5337,.T.);
#3024=ORIENTED_EDGE('',*,*,#5639,.F.);
#3025=ORIENTED_EDGE('',*,*,#5339,.F.);
#3026=ORIENTED_EDGE('',*,*,#5659,.F.);
#3027=ORIENTED_EDGE('',*,*,#5660,.T.);
#3028=ORIENTED_EDGE('',*,*,#5661,.T.);
#3029=ORIENTED_EDGE('',*,*,#5338,.F.);
#3030=ORIENTED_EDGE('',*,*,#5662,.F.);
#3031=ORIENTED_EDGE('',*,*,#5663,.T.);
#3032=ORIENTED_EDGE('',*,*,#5659,.T.);
#3033=ORIENTED_EDGE('',*,*,#5361,.F.);
#3034=ORIENTED_EDGE('',*,*,#5664,.F.);
#3035=ORIENTED_EDGE('',*,*,#5665,.T.);
#3036=ORIENTED_EDGE('',*,*,#5662,.T.);
#3037=ORIENTED_EDGE('',*,*,#5360,.F.);
#3038=ORIENTED_EDGE('',*,*,#5666,.F.);
#3039=ORIENTED_EDGE('',*,*,#5667,.T.);
#3040=ORIENTED_EDGE('',*,*,#5664,.T.);
#3041=ORIENTED_EDGE('',*,*,#5359,.F.);
#3042=ORIENTED_EDGE('',*,*,#5668,.F.);
#3043=ORIENTED_EDGE('',*,*,#5669,.T.);
#3044=ORIENTED_EDGE('',*,*,#5666,.T.);
#3045=ORIENTED_EDGE('',*,*,#5358,.F.);
#3046=ORIENTED_EDGE('',*,*,#5670,.F.);
#3047=ORIENTED_EDGE('',*,*,#5671,.T.);
#3048=ORIENTED_EDGE('',*,*,#5668,.T.);
#3049=ORIENTED_EDGE('',*,*,#5357,.F.);
#3050=ORIENTED_EDGE('',*,*,#5672,.F.);
#3051=ORIENTED_EDGE('',*,*,#5673,.T.);
#3052=ORIENTED_EDGE('',*,*,#5670,.T.);
#3053=ORIENTED_EDGE('',*,*,#5356,.F.);
#3054=ORIENTED_EDGE('',*,*,#5674,.F.);
#3055=ORIENTED_EDGE('',*,*,#5675,.T.);
#3056=ORIENTED_EDGE('',*,*,#5672,.T.);
#3057=ORIENTED_EDGE('',*,*,#5355,.F.);
#3058=ORIENTED_EDGE('',*,*,#5676,.F.);
#3059=ORIENTED_EDGE('',*,*,#5677,.T.);
#3060=ORIENTED_EDGE('',*,*,#5674,.T.);
#3061=ORIENTED_EDGE('',*,*,#5354,.F.);
#3062=ORIENTED_EDGE('',*,*,#5678,.F.);
#3063=ORIENTED_EDGE('',*,*,#5679,.T.);
#3064=ORIENTED_EDGE('',*,*,#5676,.T.);
#3065=ORIENTED_EDGE('',*,*,#5353,.F.);
#3066=ORIENTED_EDGE('',*,*,#5680,.F.);
#3067=ORIENTED_EDGE('',*,*,#5681,.T.);
#3068=ORIENTED_EDGE('',*,*,#5678,.T.);
#3069=ORIENTED_EDGE('',*,*,#5352,.F.);
#3070=ORIENTED_EDGE('',*,*,#5682,.F.);
#3071=ORIENTED_EDGE('',*,*,#5683,.T.);
#3072=ORIENTED_EDGE('',*,*,#5680,.T.);
#3073=ORIENTED_EDGE('',*,*,#5351,.F.);
#3074=ORIENTED_EDGE('',*,*,#5684,.F.);
#3075=ORIENTED_EDGE('',*,*,#5685,.T.);
#3076=ORIENTED_EDGE('',*,*,#5682,.T.);
#3077=ORIENTED_EDGE('',*,*,#5350,.F.);
#3078=ORIENTED_EDGE('',*,*,#5686,.F.);
#3079=ORIENTED_EDGE('',*,*,#5687,.T.);
#3080=ORIENTED_EDGE('',*,*,#5684,.T.);
#3081=ORIENTED_EDGE('',*,*,#5349,.F.);
#3082=ORIENTED_EDGE('',*,*,#5688,.F.);
#3083=ORIENTED_EDGE('',*,*,#5689,.T.);
#3084=ORIENTED_EDGE('',*,*,#5686,.T.);
#3085=ORIENTED_EDGE('',*,*,#5348,.F.);
#3086=ORIENTED_EDGE('',*,*,#5690,.F.);
#3087=ORIENTED_EDGE('',*,*,#5691,.T.);
#3088=ORIENTED_EDGE('',*,*,#5688,.T.);
#3089=ORIENTED_EDGE('',*,*,#5347,.F.);
#3090=ORIENTED_EDGE('',*,*,#5692,.F.);
#3091=ORIENTED_EDGE('',*,*,#5693,.T.);
#3092=ORIENTED_EDGE('',*,*,#5690,.T.);
#3093=ORIENTED_EDGE('',*,*,#5346,.F.);
#3094=ORIENTED_EDGE('',*,*,#5694,.F.);
#3095=ORIENTED_EDGE('',*,*,#5695,.T.);
#3096=ORIENTED_EDGE('',*,*,#5692,.T.);
#3097=ORIENTED_EDGE('',*,*,#5345,.F.);
#3098=ORIENTED_EDGE('',*,*,#5696,.F.);
#3099=ORIENTED_EDGE('',*,*,#5697,.T.);
#3100=ORIENTED_EDGE('',*,*,#5694,.T.);
#3101=ORIENTED_EDGE('',*,*,#5344,.F.);
#3102=ORIENTED_EDGE('',*,*,#5698,.F.);
#3103=ORIENTED_EDGE('',*,*,#5699,.T.);
#3104=ORIENTED_EDGE('',*,*,#5696,.T.);
#3105=ORIENTED_EDGE('',*,*,#5343,.F.);
#3106=ORIENTED_EDGE('',*,*,#5700,.F.);
#3107=ORIENTED_EDGE('',*,*,#5701,.T.);
#3108=ORIENTED_EDGE('',*,*,#5698,.T.);
#3109=ORIENTED_EDGE('',*,*,#5342,.F.);
#3110=ORIENTED_EDGE('',*,*,#5702,.F.);
#3111=ORIENTED_EDGE('',*,*,#5703,.T.);
#3112=ORIENTED_EDGE('',*,*,#5700,.T.);
#3113=ORIENTED_EDGE('',*,*,#5341,.F.);
#3114=ORIENTED_EDGE('',*,*,#5704,.F.);
#3115=ORIENTED_EDGE('',*,*,#5705,.T.);
#3116=ORIENTED_EDGE('',*,*,#5702,.T.);
#3117=ORIENTED_EDGE('',*,*,#5340,.F.);
#3118=ORIENTED_EDGE('',*,*,#5661,.F.);
#3119=ORIENTED_EDGE('',*,*,#5706,.T.);
#3120=ORIENTED_EDGE('',*,*,#5704,.T.);
#3121=ORIENTED_EDGE('',*,*,#5660,.F.);
#3122=ORIENTED_EDGE('',*,*,#5663,.F.);
#3123=ORIENTED_EDGE('',*,*,#5665,.F.);
#3124=ORIENTED_EDGE('',*,*,#5667,.F.);
#3125=ORIENTED_EDGE('',*,*,#5669,.F.);
#3126=ORIENTED_EDGE('',*,*,#5671,.F.);
#3127=ORIENTED_EDGE('',*,*,#5673,.F.);
#3128=ORIENTED_EDGE('',*,*,#5675,.F.);
#3129=ORIENTED_EDGE('',*,*,#5677,.F.);
#3130=ORIENTED_EDGE('',*,*,#5679,.F.);
#3131=ORIENTED_EDGE('',*,*,#5681,.F.);
#3132=ORIENTED_EDGE('',*,*,#5683,.F.);
#3133=ORIENTED_EDGE('',*,*,#5685,.F.);
#3134=ORIENTED_EDGE('',*,*,#5687,.F.);
#3135=ORIENTED_EDGE('',*,*,#5689,.F.);
#3136=ORIENTED_EDGE('',*,*,#5691,.F.);
#3137=ORIENTED_EDGE('',*,*,#5693,.F.);
#3138=ORIENTED_EDGE('',*,*,#5695,.F.);
#3139=ORIENTED_EDGE('',*,*,#5697,.F.);
#3140=ORIENTED_EDGE('',*,*,#5699,.F.);
#3141=ORIENTED_EDGE('',*,*,#5701,.F.);
#3142=ORIENTED_EDGE('',*,*,#5703,.F.);
#3143=ORIENTED_EDGE('',*,*,#5705,.F.);
#3144=ORIENTED_EDGE('',*,*,#5706,.F.);
#3145=ORIENTED_EDGE('',*,*,#5363,.F.);
#3146=ORIENTED_EDGE('',*,*,#5707,.F.);
#3147=ORIENTED_EDGE('',*,*,#5708,.T.);
#3148=ORIENTED_EDGE('',*,*,#5709,.T.);
#3149=ORIENTED_EDGE('',*,*,#5362,.F.);
#3150=ORIENTED_EDGE('',*,*,#5710,.F.);
#3151=ORIENTED_EDGE('',*,*,#5711,.T.);
#3152=ORIENTED_EDGE('',*,*,#5707,.T.);
#3153=ORIENTED_EDGE('',*,*,#5388,.F.);
#3154=ORIENTED_EDGE('',*,*,#5712,.F.);
#3155=ORIENTED_EDGE('',*,*,#5713,.T.);
#3156=ORIENTED_EDGE('',*,*,#5710,.T.);
#3157=ORIENTED_EDGE('',*,*,#5387,.F.);
#3158=ORIENTED_EDGE('',*,*,#5714,.F.);
#3159=ORIENTED_EDGE('',*,*,#5715,.T.);
#3160=ORIENTED_EDGE('',*,*,#5712,.T.);
#3161=ORIENTED_EDGE('',*,*,#5386,.F.);
#3162=ORIENTED_EDGE('',*,*,#5716,.F.);
#3163=ORIENTED_EDGE('',*,*,#5717,.T.);
#3164=ORIENTED_EDGE('',*,*,#5714,.T.);
#3165=ORIENTED_EDGE('',*,*,#5385,.F.);
#3166=ORIENTED_EDGE('',*,*,#5718,.F.);
#3167=ORIENTED_EDGE('',*,*,#5719,.T.);
#3168=ORIENTED_EDGE('',*,*,#5716,.T.);
#3169=ORIENTED_EDGE('',*,*,#5384,.F.);
#3170=ORIENTED_EDGE('',*,*,#5720,.F.);
#3171=ORIENTED_EDGE('',*,*,#5721,.T.);
#3172=ORIENTED_EDGE('',*,*,#5718,.T.);
#3173=ORIENTED_EDGE('',*,*,#5383,.F.);
#3174=ORIENTED_EDGE('',*,*,#5722,.F.);
#3175=ORIENTED_EDGE('',*,*,#5723,.T.);
#3176=ORIENTED_EDGE('',*,*,#5720,.T.);
#3177=ORIENTED_EDGE('',*,*,#5382,.F.);
#3178=ORIENTED_EDGE('',*,*,#5724,.F.);
#3179=ORIENTED_EDGE('',*,*,#5725,.T.);
#3180=ORIENTED_EDGE('',*,*,#5722,.T.);
#3181=ORIENTED_EDGE('',*,*,#5381,.F.);
#3182=ORIENTED_EDGE('',*,*,#5726,.F.);
#3183=ORIENTED_EDGE('',*,*,#5727,.T.);
#3184=ORIENTED_EDGE('',*,*,#5724,.T.);
#3185=ORIENTED_EDGE('',*,*,#5380,.F.);
#3186=ORIENTED_EDGE('',*,*,#5728,.F.);
#3187=ORIENTED_EDGE('',*,*,#5729,.T.);
#3188=ORIENTED_EDGE('',*,*,#5726,.T.);
#3189=ORIENTED_EDGE('',*,*,#5379,.F.);
#3190=ORIENTED_EDGE('',*,*,#5730,.F.);
#3191=ORIENTED_EDGE('',*,*,#5731,.T.);
#3192=ORIENTED_EDGE('',*,*,#5728,.T.);
#3193=ORIENTED_EDGE('',*,*,#5378,.F.);
#3194=ORIENTED_EDGE('',*,*,#5732,.F.);
#3195=ORIENTED_EDGE('',*,*,#5733,.T.);
#3196=ORIENTED_EDGE('',*,*,#5730,.T.);
#3197=ORIENTED_EDGE('',*,*,#5377,.F.);
#3198=ORIENTED_EDGE('',*,*,#5734,.F.);
#3199=ORIENTED_EDGE('',*,*,#5735,.T.);
#3200=ORIENTED_EDGE('',*,*,#5732,.T.);
#3201=ORIENTED_EDGE('',*,*,#5376,.F.);
#3202=ORIENTED_EDGE('',*,*,#5736,.F.);
#3203=ORIENTED_EDGE('',*,*,#5737,.T.);
#3204=ORIENTED_EDGE('',*,*,#5734,.T.);
#3205=ORIENTED_EDGE('',*,*,#5375,.F.);
#3206=ORIENTED_EDGE('',*,*,#5738,.F.);
#3207=ORIENTED_EDGE('',*,*,#5739,.T.);
#3208=ORIENTED_EDGE('',*,*,#5736,.T.);
#3209=ORIENTED_EDGE('',*,*,#5374,.F.);
#3210=ORIENTED_EDGE('',*,*,#5740,.F.);
#3211=ORIENTED_EDGE('',*,*,#5741,.T.);
#3212=ORIENTED_EDGE('',*,*,#5738,.T.);
#3213=ORIENTED_EDGE('',*,*,#5373,.F.);
#3214=ORIENTED_EDGE('',*,*,#5742,.F.);
#3215=ORIENTED_EDGE('',*,*,#5743,.T.);
#3216=ORIENTED_EDGE('',*,*,#5740,.T.);
#3217=ORIENTED_EDGE('',*,*,#5372,.F.);
#3218=ORIENTED_EDGE('',*,*,#5744,.F.);
#3219=ORIENTED_EDGE('',*,*,#5745,.T.);
#3220=ORIENTED_EDGE('',*,*,#5742,.T.);
#3221=ORIENTED_EDGE('',*,*,#5371,.F.);
#3222=ORIENTED_EDGE('',*,*,#5746,.F.);
#3223=ORIENTED_EDGE('',*,*,#5747,.T.);
#3224=ORIENTED_EDGE('',*,*,#5744,.T.);
#3225=ORIENTED_EDGE('',*,*,#5370,.F.);
#3226=ORIENTED_EDGE('',*,*,#5748,.F.);
#3227=ORIENTED_EDGE('',*,*,#5749,.T.);
#3228=ORIENTED_EDGE('',*,*,#5746,.T.);
#3229=ORIENTED_EDGE('',*,*,#5369,.F.);
#3230=ORIENTED_EDGE('',*,*,#5750,.F.);
#3231=ORIENTED_EDGE('',*,*,#5751,.T.);
#3232=ORIENTED_EDGE('',*,*,#5748,.T.);
#3233=ORIENTED_EDGE('',*,*,#5368,.F.);
#3234=ORIENTED_EDGE('',*,*,#5752,.F.);
#3235=ORIENTED_EDGE('',*,*,#5753,.T.);
#3236=ORIENTED_EDGE('',*,*,#5750,.T.);
#3237=ORIENTED_EDGE('',*,*,#5367,.F.);
#3238=ORIENTED_EDGE('',*,*,#5754,.F.);
#3239=ORIENTED_EDGE('',*,*,#5755,.T.);
#3240=ORIENTED_EDGE('',*,*,#5752,.T.);
#3241=ORIENTED_EDGE('',*,*,#5366,.F.);
#3242=ORIENTED_EDGE('',*,*,#5756,.F.);
#3243=ORIENTED_EDGE('',*,*,#5757,.T.);
#3244=ORIENTED_EDGE('',*,*,#5754,.T.);
#3245=ORIENTED_EDGE('',*,*,#5365,.F.);
#3246=ORIENTED_EDGE('',*,*,#5758,.F.);
#3247=ORIENTED_EDGE('',*,*,#5759,.T.);
#3248=ORIENTED_EDGE('',*,*,#5756,.T.);
#3249=ORIENTED_EDGE('',*,*,#5364,.F.);
#3250=ORIENTED_EDGE('',*,*,#5709,.F.);
#3251=ORIENTED_EDGE('',*,*,#5760,.T.);
#3252=ORIENTED_EDGE('',*,*,#5758,.T.);
#3253=ORIENTED_EDGE('',*,*,#5708,.F.);
#3254=ORIENTED_EDGE('',*,*,#5711,.F.);
#3255=ORIENTED_EDGE('',*,*,#5713,.F.);
#3256=ORIENTED_EDGE('',*,*,#5715,.F.);
#3257=ORIENTED_EDGE('',*,*,#5717,.F.);
#3258=ORIENTED_EDGE('',*,*,#5719,.F.);
#3259=ORIENTED_EDGE('',*,*,#5721,.F.);
#3260=ORIENTED_EDGE('',*,*,#5723,.F.);
#3261=ORIENTED_EDGE('',*,*,#5725,.F.);
#3262=ORIENTED_EDGE('',*,*,#5727,.F.);
#3263=ORIENTED_EDGE('',*,*,#5729,.F.);
#3264=ORIENTED_EDGE('',*,*,#5731,.F.);
#3265=ORIENTED_EDGE('',*,*,#5733,.F.);
#3266=ORIENTED_EDGE('',*,*,#5735,.F.);
#3267=ORIENTED_EDGE('',*,*,#5737,.F.);
#3268=ORIENTED_EDGE('',*,*,#5739,.F.);
#3269=ORIENTED_EDGE('',*,*,#5741,.F.);
#3270=ORIENTED_EDGE('',*,*,#5743,.F.);
#3271=ORIENTED_EDGE('',*,*,#5745,.F.);
#3272=ORIENTED_EDGE('',*,*,#5747,.F.);
#3273=ORIENTED_EDGE('',*,*,#5749,.F.);
#3274=ORIENTED_EDGE('',*,*,#5751,.F.);
#3275=ORIENTED_EDGE('',*,*,#5753,.F.);
#3276=ORIENTED_EDGE('',*,*,#5755,.F.);
#3277=ORIENTED_EDGE('',*,*,#5757,.F.);
#3278=ORIENTED_EDGE('',*,*,#5759,.F.);
#3279=ORIENTED_EDGE('',*,*,#5760,.F.);
#3280=ORIENTED_EDGE('',*,*,#5390,.F.);
#3281=ORIENTED_EDGE('',*,*,#5761,.F.);
#3282=ORIENTED_EDGE('',*,*,#5762,.T.);
#3283=ORIENTED_EDGE('',*,*,#5763,.T.);
#3284=ORIENTED_EDGE('',*,*,#5389,.F.);
#3285=ORIENTED_EDGE('',*,*,#5764,.F.);
#3286=ORIENTED_EDGE('',*,*,#5765,.T.);
#3287=ORIENTED_EDGE('',*,*,#5761,.T.);
#3288=ORIENTED_EDGE('',*,*,#5408,.F.);
#3289=ORIENTED_EDGE('',*,*,#5766,.F.);
#3290=ORIENTED_EDGE('',*,*,#5767,.T.);
#3291=ORIENTED_EDGE('',*,*,#5764,.T.);
#3292=ORIENTED_EDGE('',*,*,#5407,.F.);
#3293=ORIENTED_EDGE('',*,*,#5768,.F.);
#3294=ORIENTED_EDGE('',*,*,#5769,.T.);
#3295=ORIENTED_EDGE('',*,*,#5766,.T.);
#3296=ORIENTED_EDGE('',*,*,#5406,.F.);
#3297=ORIENTED_EDGE('',*,*,#5770,.F.);
#3298=ORIENTED_EDGE('',*,*,#5771,.T.);
#3299=ORIENTED_EDGE('',*,*,#5768,.T.);
#3300=ORIENTED_EDGE('',*,*,#5405,.F.);
#3301=ORIENTED_EDGE('',*,*,#5772,.F.);
#3302=ORIENTED_EDGE('',*,*,#5773,.T.);
#3303=ORIENTED_EDGE('',*,*,#5770,.T.);
#3304=ORIENTED_EDGE('',*,*,#5404,.F.);
#3305=ORIENTED_EDGE('',*,*,#5774,.F.);
#3306=ORIENTED_EDGE('',*,*,#5775,.T.);
#3307=ORIENTED_EDGE('',*,*,#5772,.T.);
#3308=ORIENTED_EDGE('',*,*,#5403,.F.);
#3309=ORIENTED_EDGE('',*,*,#5776,.F.);
#3310=ORIENTED_EDGE('',*,*,#5777,.T.);
#3311=ORIENTED_EDGE('',*,*,#5774,.T.);
#3312=ORIENTED_EDGE('',*,*,#5402,.F.);
#3313=ORIENTED_EDGE('',*,*,#5778,.F.);
#3314=ORIENTED_EDGE('',*,*,#5779,.T.);
#3315=ORIENTED_EDGE('',*,*,#5776,.T.);
#3316=ORIENTED_EDGE('',*,*,#5401,.F.);
#3317=ORIENTED_EDGE('',*,*,#5780,.F.);
#3318=ORIENTED_EDGE('',*,*,#5781,.T.);
#3319=ORIENTED_EDGE('',*,*,#5778,.T.);
#3320=ORIENTED_EDGE('',*,*,#5400,.F.);
#3321=ORIENTED_EDGE('',*,*,#5782,.F.);
#3322=ORIENTED_EDGE('',*,*,#5783,.T.);
#3323=ORIENTED_EDGE('',*,*,#5780,.T.);
#3324=ORIENTED_EDGE('',*,*,#5399,.F.);
#3325=ORIENTED_EDGE('',*,*,#5784,.F.);
#3326=ORIENTED_EDGE('',*,*,#5785,.T.);
#3327=ORIENTED_EDGE('',*,*,#5782,.T.);
#3328=ORIENTED_EDGE('',*,*,#5398,.F.);
#3329=ORIENTED_EDGE('',*,*,#5786,.F.);
#3330=ORIENTED_EDGE('',*,*,#5787,.T.);
#3331=ORIENTED_EDGE('',*,*,#5784,.T.);
#3332=ORIENTED_EDGE('',*,*,#5397,.F.);
#3333=ORIENTED_EDGE('',*,*,#5788,.F.);
#3334=ORIENTED_EDGE('',*,*,#5789,.T.);
#3335=ORIENTED_EDGE('',*,*,#5786,.T.);
#3336=ORIENTED_EDGE('',*,*,#5396,.F.);
#3337=ORIENTED_EDGE('',*,*,#5790,.F.);
#3338=ORIENTED_EDGE('',*,*,#5791,.T.);
#3339=ORIENTED_EDGE('',*,*,#5788,.T.);
#3340=ORIENTED_EDGE('',*,*,#5395,.F.);
#3341=ORIENTED_EDGE('',*,*,#5792,.F.);
#3342=ORIENTED_EDGE('',*,*,#5793,.T.);
#3343=ORIENTED_EDGE('',*,*,#5790,.T.);
#3344=ORIENTED_EDGE('',*,*,#5394,.F.);
#3345=ORIENTED_EDGE('',*,*,#5794,.F.);
#3346=ORIENTED_EDGE('',*,*,#5795,.T.);
#3347=ORIENTED_EDGE('',*,*,#5792,.T.);
#3348=ORIENTED_EDGE('',*,*,#5393,.F.);
#3349=ORIENTED_EDGE('',*,*,#5796,.F.);
#3350=ORIENTED_EDGE('',*,*,#5797,.T.);
#3351=ORIENTED_EDGE('',*,*,#5794,.T.);
#3352=ORIENTED_EDGE('',*,*,#5392,.F.);
#3353=ORIENTED_EDGE('',*,*,#5798,.F.);
#3354=ORIENTED_EDGE('',*,*,#5799,.T.);
#3355=ORIENTED_EDGE('',*,*,#5796,.T.);
#3356=ORIENTED_EDGE('',*,*,#5391,.F.);
#3357=ORIENTED_EDGE('',*,*,#5763,.F.);
#3358=ORIENTED_EDGE('',*,*,#5800,.T.);
#3359=ORIENTED_EDGE('',*,*,#5798,.T.);
#3360=ORIENTED_EDGE('',*,*,#5762,.F.);
#3361=ORIENTED_EDGE('',*,*,#5765,.F.);
#3362=ORIENTED_EDGE('',*,*,#5767,.F.);
#3363=ORIENTED_EDGE('',*,*,#5769,.F.);
#3364=ORIENTED_EDGE('',*,*,#5771,.F.);
#3365=ORIENTED_EDGE('',*,*,#5773,.F.);
#3366=ORIENTED_EDGE('',*,*,#5775,.F.);
#3367=ORIENTED_EDGE('',*,*,#5777,.F.);
#3368=ORIENTED_EDGE('',*,*,#5779,.F.);
#3369=ORIENTED_EDGE('',*,*,#5781,.F.);
#3370=ORIENTED_EDGE('',*,*,#5783,.F.);
#3371=ORIENTED_EDGE('',*,*,#5785,.F.);
#3372=ORIENTED_EDGE('',*,*,#5787,.F.);
#3373=ORIENTED_EDGE('',*,*,#5789,.F.);
#3374=ORIENTED_EDGE('',*,*,#5791,.F.);
#3375=ORIENTED_EDGE('',*,*,#5793,.F.);
#3376=ORIENTED_EDGE('',*,*,#5795,.F.);
#3377=ORIENTED_EDGE('',*,*,#5797,.F.);
#3378=ORIENTED_EDGE('',*,*,#5799,.F.);
#3379=ORIENTED_EDGE('',*,*,#5800,.F.);
#3380=ORIENTED_EDGE('',*,*,#5410,.F.);
#3381=ORIENTED_EDGE('',*,*,#5801,.F.);
#3382=ORIENTED_EDGE('',*,*,#5802,.T.);
#3383=ORIENTED_EDGE('',*,*,#5803,.T.);
#3384=ORIENTED_EDGE('',*,*,#5409,.F.);
#3385=ORIENTED_EDGE('',*,*,#5804,.F.);
#3386=ORIENTED_EDGE('',*,*,#5805,.T.);
#3387=ORIENTED_EDGE('',*,*,#5801,.T.);
#3388=ORIENTED_EDGE('',*,*,#5415,.F.);
#3389=ORIENTED_EDGE('',*,*,#5806,.F.);
#3390=ORIENTED_EDGE('',*,*,#5807,.T.);
#3391=ORIENTED_EDGE('',*,*,#5804,.T.);
#3392=ORIENTED_EDGE('',*,*,#5414,.F.);
#3393=ORIENTED_EDGE('',*,*,#5808,.F.);
#3394=ORIENTED_EDGE('',*,*,#5809,.T.);
#3395=ORIENTED_EDGE('',*,*,#5806,.T.);
#3396=ORIENTED_EDGE('',*,*,#5413,.F.);
#3397=ORIENTED_EDGE('',*,*,#5810,.F.);
#3398=ORIENTED_EDGE('',*,*,#5811,.T.);
#3399=ORIENTED_EDGE('',*,*,#5808,.T.);
#3400=ORIENTED_EDGE('',*,*,#5412,.F.);
#3401=ORIENTED_EDGE('',*,*,#5812,.F.);
#3402=ORIENTED_EDGE('',*,*,#5813,.T.);
#3403=ORIENTED_EDGE('',*,*,#5810,.T.);
#3404=ORIENTED_EDGE('',*,*,#5411,.F.);
#3405=ORIENTED_EDGE('',*,*,#5803,.F.);
#3406=ORIENTED_EDGE('',*,*,#5814,.T.);
#3407=ORIENTED_EDGE('',*,*,#5812,.T.);
#3408=ORIENTED_EDGE('',*,*,#5802,.F.);
#3409=ORIENTED_EDGE('',*,*,#5805,.F.);
#3410=ORIENTED_EDGE('',*,*,#5807,.F.);
#3411=ORIENTED_EDGE('',*,*,#5809,.F.);
#3412=ORIENTED_EDGE('',*,*,#5811,.F.);
#3413=ORIENTED_EDGE('',*,*,#5813,.F.);
#3414=ORIENTED_EDGE('',*,*,#5814,.F.);
#3415=ORIENTED_EDGE('',*,*,#5417,.F.);
#3416=ORIENTED_EDGE('',*,*,#5815,.F.);
#3417=ORIENTED_EDGE('',*,*,#5816,.T.);
#3418=ORIENTED_EDGE('',*,*,#5817,.T.);
#3419=ORIENTED_EDGE('',*,*,#5416,.F.);
#3420=ORIENTED_EDGE('',*,*,#5818,.F.);
#3421=ORIENTED_EDGE('',*,*,#5819,.T.);
#3422=ORIENTED_EDGE('',*,*,#5815,.T.);
#3423=ORIENTED_EDGE('',*,*,#5425,.F.);
#3424=ORIENTED_EDGE('',*,*,#5820,.F.);
#3425=ORIENTED_EDGE('',*,*,#5821,.T.);
#3426=ORIENTED_EDGE('',*,*,#5818,.T.);
#3427=ORIENTED_EDGE('',*,*,#5424,.F.);
#3428=ORIENTED_EDGE('',*,*,#5822,.F.);
#3429=ORIENTED_EDGE('',*,*,#5823,.T.);
#3430=ORIENTED_EDGE('',*,*,#5820,.T.);
#3431=ORIENTED_EDGE('',*,*,#5423,.F.);
#3432=ORIENTED_EDGE('',*,*,#5824,.F.);
#3433=ORIENTED_EDGE('',*,*,#5825,.T.);
#3434=ORIENTED_EDGE('',*,*,#5822,.T.);
#3435=ORIENTED_EDGE('',*,*,#5422,.F.);
#3436=ORIENTED_EDGE('',*,*,#5826,.F.);
#3437=ORIENTED_EDGE('',*,*,#5827,.T.);
#3438=ORIENTED_EDGE('',*,*,#5824,.T.);
#3439=ORIENTED_EDGE('',*,*,#5421,.F.);
#3440=ORIENTED_EDGE('',*,*,#5828,.F.);
#3441=ORIENTED_EDGE('',*,*,#5829,.T.);
#3442=ORIENTED_EDGE('',*,*,#5826,.T.);
#3443=ORIENTED_EDGE('',*,*,#5420,.F.);
#3444=ORIENTED_EDGE('',*,*,#5830,.F.);
#3445=ORIENTED_EDGE('',*,*,#5831,.T.);
#3446=ORIENTED_EDGE('',*,*,#5828,.T.);
#3447=ORIENTED_EDGE('',*,*,#5419,.F.);
#3448=ORIENTED_EDGE('',*,*,#5832,.F.);
#3449=ORIENTED_EDGE('',*,*,#5833,.T.);
#3450=ORIENTED_EDGE('',*,*,#5830,.T.);
#3451=ORIENTED_EDGE('',*,*,#5418,.F.);
#3452=ORIENTED_EDGE('',*,*,#5817,.F.);
#3453=ORIENTED_EDGE('',*,*,#5834,.T.);
#3454=ORIENTED_EDGE('',*,*,#5832,.T.);
#3455=ORIENTED_EDGE('',*,*,#5816,.F.);
#3456=ORIENTED_EDGE('',*,*,#5819,.F.);
#3457=ORIENTED_EDGE('',*,*,#5821,.F.);
#3458=ORIENTED_EDGE('',*,*,#5823,.F.);
#3459=ORIENTED_EDGE('',*,*,#5825,.F.);
#3460=ORIENTED_EDGE('',*,*,#5827,.F.);
#3461=ORIENTED_EDGE('',*,*,#5829,.F.);
#3462=ORIENTED_EDGE('',*,*,#5831,.F.);
#3463=ORIENTED_EDGE('',*,*,#5833,.F.);
#3464=ORIENTED_EDGE('',*,*,#5834,.F.);
#3465=ORIENTED_EDGE('',*,*,#5427,.F.);
#3466=ORIENTED_EDGE('',*,*,#5835,.F.);
#3467=ORIENTED_EDGE('',*,*,#5836,.T.);
#3468=ORIENTED_EDGE('',*,*,#5837,.T.);
#3469=ORIENTED_EDGE('',*,*,#5426,.F.);
#3470=ORIENTED_EDGE('',*,*,#5838,.F.);
#3471=ORIENTED_EDGE('',*,*,#5839,.T.);
#3472=ORIENTED_EDGE('',*,*,#5835,.T.);
#3473=ORIENTED_EDGE('',*,*,#5435,.F.);
#3474=ORIENTED_EDGE('',*,*,#5840,.F.);
#3475=ORIENTED_EDGE('',*,*,#5841,.T.);
#3476=ORIENTED_EDGE('',*,*,#5838,.T.);
#3477=ORIENTED_EDGE('',*,*,#5434,.F.);
#3478=ORIENTED_EDGE('',*,*,#5842,.F.);
#3479=ORIENTED_EDGE('',*,*,#5843,.T.);
#3480=ORIENTED_EDGE('',*,*,#5840,.T.);
#3481=ORIENTED_EDGE('',*,*,#5433,.F.);
#3482=ORIENTED_EDGE('',*,*,#5844,.F.);
#3483=ORIENTED_EDGE('',*,*,#5845,.T.);
#3484=ORIENTED_EDGE('',*,*,#5842,.T.);
#3485=ORIENTED_EDGE('',*,*,#5432,.F.);
#3486=ORIENTED_EDGE('',*,*,#5846,.F.);
#3487=ORIENTED_EDGE('',*,*,#5847,.T.);
#3488=ORIENTED_EDGE('',*,*,#5844,.T.);
#3489=ORIENTED_EDGE('',*,*,#5431,.F.);
#3490=ORIENTED_EDGE('',*,*,#5848,.F.);
#3491=ORIENTED_EDGE('',*,*,#5849,.T.);
#3492=ORIENTED_EDGE('',*,*,#5846,.T.);
#3493=ORIENTED_EDGE('',*,*,#5430,.F.);
#3494=ORIENTED_EDGE('',*,*,#5850,.F.);
#3495=ORIENTED_EDGE('',*,*,#5851,.T.);
#3496=ORIENTED_EDGE('',*,*,#5848,.T.);
#3497=ORIENTED_EDGE('',*,*,#5429,.F.);
#3498=ORIENTED_EDGE('',*,*,#5852,.F.);
#3499=ORIENTED_EDGE('',*,*,#5853,.T.);
#3500=ORIENTED_EDGE('',*,*,#5850,.T.);
#3501=ORIENTED_EDGE('',*,*,#5428,.F.);
#3502=ORIENTED_EDGE('',*,*,#5837,.F.);
#3503=ORIENTED_EDGE('',*,*,#5854,.T.);
#3504=ORIENTED_EDGE('',*,*,#5852,.T.);
#3505=ORIENTED_EDGE('',*,*,#5836,.F.);
#3506=ORIENTED_EDGE('',*,*,#5839,.F.);
#3507=ORIENTED_EDGE('',*,*,#5841,.F.);
#3508=ORIENTED_EDGE('',*,*,#5843,.F.);
#3509=ORIENTED_EDGE('',*,*,#5845,.F.);
#3510=ORIENTED_EDGE('',*,*,#5847,.F.);
#3511=ORIENTED_EDGE('',*,*,#5849,.F.);
#3512=ORIENTED_EDGE('',*,*,#5851,.F.);
#3513=ORIENTED_EDGE('',*,*,#5853,.F.);
#3514=ORIENTED_EDGE('',*,*,#5854,.F.);
#3515=ORIENTED_EDGE('',*,*,#5437,.F.);
#3516=ORIENTED_EDGE('',*,*,#5855,.F.);
#3517=ORIENTED_EDGE('',*,*,#5856,.T.);
#3518=ORIENTED_EDGE('',*,*,#5857,.T.);
#3519=ORIENTED_EDGE('',*,*,#5436,.F.);
#3520=ORIENTED_EDGE('',*,*,#5858,.F.);
#3521=ORIENTED_EDGE('',*,*,#5859,.T.);
#3522=ORIENTED_EDGE('',*,*,#5855,.T.);
#3523=ORIENTED_EDGE('',*,*,#5445,.F.);
#3524=ORIENTED_EDGE('',*,*,#5860,.F.);
#3525=ORIENTED_EDGE('',*,*,#5861,.T.);
#3526=ORIENTED_EDGE('',*,*,#5858,.T.);
#3527=ORIENTED_EDGE('',*,*,#5444,.F.);
#3528=ORIENTED_EDGE('',*,*,#5862,.F.);
#3529=ORIENTED_EDGE('',*,*,#5863,.T.);
#3530=ORIENTED_EDGE('',*,*,#5860,.T.);
#3531=ORIENTED_EDGE('',*,*,#5443,.F.);
#3532=ORIENTED_EDGE('',*,*,#5864,.F.);
#3533=ORIENTED_EDGE('',*,*,#5865,.T.);
#3534=ORIENTED_EDGE('',*,*,#5862,.T.);
#3535=ORIENTED_EDGE('',*,*,#5442,.F.);
#3536=ORIENTED_EDGE('',*,*,#5866,.F.);
#3537=ORIENTED_EDGE('',*,*,#5867,.T.);
#3538=ORIENTED_EDGE('',*,*,#5864,.T.);
#3539=ORIENTED_EDGE('',*,*,#5441,.F.);
#3540=ORIENTED_EDGE('',*,*,#5868,.F.);
#3541=ORIENTED_EDGE('',*,*,#5869,.T.);
#3542=ORIENTED_EDGE('',*,*,#5866,.T.);
#3543=ORIENTED_EDGE('',*,*,#5440,.F.);
#3544=ORIENTED_EDGE('',*,*,#5870,.F.);
#3545=ORIENTED_EDGE('',*,*,#5871,.T.);
#3546=ORIENTED_EDGE('',*,*,#5868,.T.);
#3547=ORIENTED_EDGE('',*,*,#5439,.F.);
#3548=ORIENTED_EDGE('',*,*,#5872,.F.);
#3549=ORIENTED_EDGE('',*,*,#5873,.T.);
#3550=ORIENTED_EDGE('',*,*,#5870,.T.);
#3551=ORIENTED_EDGE('',*,*,#5438,.F.);
#3552=ORIENTED_EDGE('',*,*,#5857,.F.);
#3553=ORIENTED_EDGE('',*,*,#5874,.T.);
#3554=ORIENTED_EDGE('',*,*,#5872,.T.);
#3555=ORIENTED_EDGE('',*,*,#5856,.F.);
#3556=ORIENTED_EDGE('',*,*,#5859,.F.);
#3557=ORIENTED_EDGE('',*,*,#5861,.F.);
#3558=ORIENTED_EDGE('',*,*,#5863,.F.);
#3559=ORIENTED_EDGE('',*,*,#5865,.F.);
#3560=ORIENTED_EDGE('',*,*,#5867,.F.);
#3561=ORIENTED_EDGE('',*,*,#5869,.F.);
#3562=ORIENTED_EDGE('',*,*,#5871,.F.);
#3563=ORIENTED_EDGE('',*,*,#5873,.F.);
#3564=ORIENTED_EDGE('',*,*,#5874,.F.);
#3565=ORIENTED_EDGE('',*,*,#5447,.F.);
#3566=ORIENTED_EDGE('',*,*,#5875,.F.);
#3567=ORIENTED_EDGE('',*,*,#5876,.T.);
#3568=ORIENTED_EDGE('',*,*,#5877,.T.);
#3569=ORIENTED_EDGE('',*,*,#5446,.F.);
#3570=ORIENTED_EDGE('',*,*,#5878,.F.);
#3571=ORIENTED_EDGE('',*,*,#5879,.T.);
#3572=ORIENTED_EDGE('',*,*,#5875,.T.);
#3573=ORIENTED_EDGE('',*,*,#5455,.F.);
#3574=ORIENTED_EDGE('',*,*,#5880,.F.);
#3575=ORIENTED_EDGE('',*,*,#5881,.T.);
#3576=ORIENTED_EDGE('',*,*,#5878,.T.);
#3577=ORIENTED_EDGE('',*,*,#5454,.F.);
#3578=ORIENTED_EDGE('',*,*,#5882,.F.);
#3579=ORIENTED_EDGE('',*,*,#5883,.T.);
#3580=ORIENTED_EDGE('',*,*,#5880,.T.);
#3581=ORIENTED_EDGE('',*,*,#5453,.F.);
#3582=ORIENTED_EDGE('',*,*,#5884,.F.);
#3583=ORIENTED_EDGE('',*,*,#5885,.T.);
#3584=ORIENTED_EDGE('',*,*,#5882,.T.);
#3585=ORIENTED_EDGE('',*,*,#5452,.F.);
#3586=ORIENTED_EDGE('',*,*,#5886,.F.);
#3587=ORIENTED_EDGE('',*,*,#5887,.T.);
#3588=ORIENTED_EDGE('',*,*,#5884,.T.);
#3589=ORIENTED_EDGE('',*,*,#5451,.F.);
#3590=ORIENTED_EDGE('',*,*,#5888,.F.);
#3591=ORIENTED_EDGE('',*,*,#5889,.T.);
#3592=ORIENTED_EDGE('',*,*,#5886,.T.);
#3593=ORIENTED_EDGE('',*,*,#5450,.F.);
#3594=ORIENTED_EDGE('',*,*,#5890,.F.);
#3595=ORIENTED_EDGE('',*,*,#5891,.T.);
#3596=ORIENTED_EDGE('',*,*,#5888,.T.);
#3597=ORIENTED_EDGE('',*,*,#5449,.F.);
#3598=ORIENTED_EDGE('',*,*,#5892,.F.);
#3599=ORIENTED_EDGE('',*,*,#5893,.T.);
#3600=ORIENTED_EDGE('',*,*,#5890,.T.);
#3601=ORIENTED_EDGE('',*,*,#5448,.F.);
#3602=ORIENTED_EDGE('',*,*,#5877,.F.);
#3603=ORIENTED_EDGE('',*,*,#5894,.T.);
#3604=ORIENTED_EDGE('',*,*,#5892,.T.);
#3605=ORIENTED_EDGE('',*,*,#5876,.F.);
#3606=ORIENTED_EDGE('',*,*,#5879,.F.);
#3607=ORIENTED_EDGE('',*,*,#5881,.F.);
#3608=ORIENTED_EDGE('',*,*,#5883,.F.);
#3609=ORIENTED_EDGE('',*,*,#5885,.F.);
#3610=ORIENTED_EDGE('',*,*,#5887,.F.);
#3611=ORIENTED_EDGE('',*,*,#5889,.F.);
#3612=ORIENTED_EDGE('',*,*,#5891,.F.);
#3613=ORIENTED_EDGE('',*,*,#5893,.F.);
#3614=ORIENTED_EDGE('',*,*,#5894,.F.);
#3615=ORIENTED_EDGE('',*,*,#5895,.F.);
#3616=ORIENTED_EDGE('',*,*,#5896,.F.);
#3617=ORIENTED_EDGE('',*,*,#5897,.T.);
#3618=ORIENTED_EDGE('',*,*,#5898,.T.);
#3619=ORIENTED_EDGE('',*,*,#5899,.F.);
#3620=ORIENTED_EDGE('',*,*,#5900,.F.);
#3621=ORIENTED_EDGE('',*,*,#5901,.T.);
#3622=ORIENTED_EDGE('',*,*,#5896,.T.);
#3623=ORIENTED_EDGE('',*,*,#5902,.F.);
#3624=ORIENTED_EDGE('',*,*,#5903,.F.);
#3625=ORIENTED_EDGE('',*,*,#5904,.T.);
#3626=ORIENTED_EDGE('',*,*,#5900,.T.);
#3627=ORIENTED_EDGE('',*,*,#5905,.F.);
#3628=ORIENTED_EDGE('',*,*,#5906,.F.);
#3629=ORIENTED_EDGE('',*,*,#5907,.T.);
#3630=ORIENTED_EDGE('',*,*,#5903,.T.);
#3631=ORIENTED_EDGE('',*,*,#5908,.F.);
#3632=ORIENTED_EDGE('',*,*,#5909,.F.);
#3633=ORIENTED_EDGE('',*,*,#5910,.T.);
#3634=ORIENTED_EDGE('',*,*,#5906,.T.);
#3635=ORIENTED_EDGE('',*,*,#5911,.F.);
#3636=ORIENTED_EDGE('',*,*,#5912,.F.);
#3637=ORIENTED_EDGE('',*,*,#5913,.T.);
#3638=ORIENTED_EDGE('',*,*,#5909,.T.);
#3639=ORIENTED_EDGE('',*,*,#5914,.F.);
#3640=ORIENTED_EDGE('',*,*,#5915,.F.);
#3641=ORIENTED_EDGE('',*,*,#5916,.T.);
#3642=ORIENTED_EDGE('',*,*,#5912,.T.);
#3643=ORIENTED_EDGE('',*,*,#5917,.F.);
#3644=ORIENTED_EDGE('',*,*,#5918,.F.);
#3645=ORIENTED_EDGE('',*,*,#5919,.T.);
#3646=ORIENTED_EDGE('',*,*,#5920,.T.);
#3647=ORIENTED_EDGE('',*,*,#5921,.F.);
#3648=ORIENTED_EDGE('',*,*,#5922,.F.);
#3649=ORIENTED_EDGE('',*,*,#5923,.T.);
#3650=ORIENTED_EDGE('',*,*,#5918,.T.);
#3651=ORIENTED_EDGE('',*,*,#5924,.F.);
#3652=ORIENTED_EDGE('',*,*,#5925,.F.);
#3653=ORIENTED_EDGE('',*,*,#5926,.T.);
#3654=ORIENTED_EDGE('',*,*,#5922,.T.);
#3655=ORIENTED_EDGE('',*,*,#5927,.F.);
#3656=ORIENTED_EDGE('',*,*,#5928,.F.);
#3657=ORIENTED_EDGE('',*,*,#5929,.T.);
#3658=ORIENTED_EDGE('',*,*,#5925,.T.);
#3659=ORIENTED_EDGE('',*,*,#5930,.F.);
#3660=ORIENTED_EDGE('',*,*,#5931,.F.);
#3661=ORIENTED_EDGE('',*,*,#5932,.T.);
#3662=ORIENTED_EDGE('',*,*,#5928,.T.);
#3663=ORIENTED_EDGE('',*,*,#5933,.F.);
#3664=ORIENTED_EDGE('',*,*,#5934,.F.);
#3665=ORIENTED_EDGE('',*,*,#5935,.T.);
#3666=ORIENTED_EDGE('',*,*,#5931,.T.);
#3667=ORIENTED_EDGE('',*,*,#5227,.F.);
#3668=ORIENTED_EDGE('',*,*,#5936,.F.);
#3669=ORIENTED_EDGE('',*,*,#5937,.T.);
#3670=ORIENTED_EDGE('',*,*,#5938,.T.);
#3671=ORIENTED_EDGE('',*,*,#5226,.F.);
#3672=ORIENTED_EDGE('',*,*,#5939,.F.);
#3673=ORIENTED_EDGE('',*,*,#5940,.T.);
#3674=ORIENTED_EDGE('',*,*,#5936,.T.);
#3675=ORIENTED_EDGE('',*,*,#5241,.F.);
#3676=ORIENTED_EDGE('',*,*,#5941,.F.);
#3677=ORIENTED_EDGE('',*,*,#5942,.T.);
#3678=ORIENTED_EDGE('',*,*,#5939,.T.);
#3679=ORIENTED_EDGE('',*,*,#5240,.F.);
#3680=ORIENTED_EDGE('',*,*,#5943,.F.);
#3681=ORIENTED_EDGE('',*,*,#5944,.T.);
#3682=ORIENTED_EDGE('',*,*,#5941,.T.);
#3683=ORIENTED_EDGE('',*,*,#5239,.F.);
#3684=ORIENTED_EDGE('',*,*,#5945,.F.);
#3685=ORIENTED_EDGE('',*,*,#5946,.T.);
#3686=ORIENTED_EDGE('',*,*,#5943,.T.);
#3687=ORIENTED_EDGE('',*,*,#5238,.F.);
#3688=ORIENTED_EDGE('',*,*,#5947,.F.);
#3689=ORIENTED_EDGE('',*,*,#5948,.T.);
#3690=ORIENTED_EDGE('',*,*,#5945,.T.);
#3691=ORIENTED_EDGE('',*,*,#5237,.F.);
#3692=ORIENTED_EDGE('',*,*,#5949,.F.);
#3693=ORIENTED_EDGE('',*,*,#5950,.T.);
#3694=ORIENTED_EDGE('',*,*,#5947,.T.);
#3695=ORIENTED_EDGE('',*,*,#5236,.F.);
#3696=ORIENTED_EDGE('',*,*,#5951,.F.);
#3697=ORIENTED_EDGE('',*,*,#5952,.T.);
#3698=ORIENTED_EDGE('',*,*,#5949,.T.);
#3699=ORIENTED_EDGE('',*,*,#5235,.F.);
#3700=ORIENTED_EDGE('',*,*,#5953,.F.);
#3701=ORIENTED_EDGE('',*,*,#5954,.T.);
#3702=ORIENTED_EDGE('',*,*,#5951,.T.);
#3703=ORIENTED_EDGE('',*,*,#5234,.F.);
#3704=ORIENTED_EDGE('',*,*,#5955,.F.);
#3705=ORIENTED_EDGE('',*,*,#5956,.T.);
#3706=ORIENTED_EDGE('',*,*,#5953,.T.);
#3707=ORIENTED_EDGE('',*,*,#5233,.F.);
#3708=ORIENTED_EDGE('',*,*,#5957,.F.);
#3709=ORIENTED_EDGE('',*,*,#5958,.T.);
#3710=ORIENTED_EDGE('',*,*,#5955,.T.);
#3711=ORIENTED_EDGE('',*,*,#5232,.F.);
#3712=ORIENTED_EDGE('',*,*,#5959,.F.);
#3713=ORIENTED_EDGE('',*,*,#5960,.T.);
#3714=ORIENTED_EDGE('',*,*,#5957,.T.);
#3715=ORIENTED_EDGE('',*,*,#5231,.F.);
#3716=ORIENTED_EDGE('',*,*,#5961,.F.);
#3717=ORIENTED_EDGE('',*,*,#5962,.T.);
#3718=ORIENTED_EDGE('',*,*,#5959,.T.);
#3719=ORIENTED_EDGE('',*,*,#5230,.F.);
#3720=ORIENTED_EDGE('',*,*,#5963,.F.);
#3721=ORIENTED_EDGE('',*,*,#5964,.T.);
#3722=ORIENTED_EDGE('',*,*,#5961,.T.);
#3723=ORIENTED_EDGE('',*,*,#5229,.F.);
#3724=ORIENTED_EDGE('',*,*,#5965,.F.);
#3725=ORIENTED_EDGE('',*,*,#5966,.T.);
#3726=ORIENTED_EDGE('',*,*,#5963,.T.);
#3727=ORIENTED_EDGE('',*,*,#5967,.F.);
#3728=ORIENTED_EDGE('',*,*,#5920,.F.);
#3729=ORIENTED_EDGE('',*,*,#5968,.T.);
#3730=ORIENTED_EDGE('',*,*,#5934,.T.);
#3731=ORIENTED_EDGE('',*,*,#5228,.F.);
#3732=ORIENTED_EDGE('',*,*,#5938,.F.);
#3733=ORIENTED_EDGE('',*,*,#5969,.T.);
#3734=ORIENTED_EDGE('',*,*,#5965,.T.);
#3735=ORIENTED_EDGE('',*,*,#5970,.F.);
#3736=ORIENTED_EDGE('',*,*,#5898,.F.);
#3737=ORIENTED_EDGE('',*,*,#5971,.T.);
#3738=ORIENTED_EDGE('',*,*,#5915,.T.);
#3739=ORIENTED_EDGE('',*,*,#5937,.F.);
#3740=ORIENTED_EDGE('',*,*,#5940,.F.);
#3741=ORIENTED_EDGE('',*,*,#5942,.F.);
#3742=ORIENTED_EDGE('',*,*,#5944,.F.);
#3743=ORIENTED_EDGE('',*,*,#5946,.F.);
#3744=ORIENTED_EDGE('',*,*,#5948,.F.);
#3745=ORIENTED_EDGE('',*,*,#5950,.F.);
#3746=ORIENTED_EDGE('',*,*,#5952,.F.);
#3747=ORIENTED_EDGE('',*,*,#5954,.F.);
#3748=ORIENTED_EDGE('',*,*,#5956,.F.);
#3749=ORIENTED_EDGE('',*,*,#5958,.F.);
#3750=ORIENTED_EDGE('',*,*,#5960,.F.);
#3751=ORIENTED_EDGE('',*,*,#5962,.F.);
#3752=ORIENTED_EDGE('',*,*,#5964,.F.);
#3753=ORIENTED_EDGE('',*,*,#5966,.F.);
#3754=ORIENTED_EDGE('',*,*,#5969,.F.);
#3755=ORIENTED_EDGE('',*,*,#5919,.F.);
#3756=ORIENTED_EDGE('',*,*,#5923,.F.);
#3757=ORIENTED_EDGE('',*,*,#5926,.F.);
#3758=ORIENTED_EDGE('',*,*,#5929,.F.);
#3759=ORIENTED_EDGE('',*,*,#5932,.F.);
#3760=ORIENTED_EDGE('',*,*,#5935,.F.);
#3761=ORIENTED_EDGE('',*,*,#5968,.F.);
#3762=ORIENTED_EDGE('',*,*,#5897,.F.);
#3763=ORIENTED_EDGE('',*,*,#5901,.F.);
#3764=ORIENTED_EDGE('',*,*,#5904,.F.);
#3765=ORIENTED_EDGE('',*,*,#5907,.F.);
#3766=ORIENTED_EDGE('',*,*,#5910,.F.);
#3767=ORIENTED_EDGE('',*,*,#5913,.F.);
#3768=ORIENTED_EDGE('',*,*,#5916,.F.);
#3769=ORIENTED_EDGE('',*,*,#5971,.F.);
#3770=ORIENTED_EDGE('',*,*,#5921,.T.);
#3771=ORIENTED_EDGE('',*,*,#5917,.T.);
#3772=ORIENTED_EDGE('',*,*,#5967,.T.);
#3773=ORIENTED_EDGE('',*,*,#5933,.T.);
#3774=ORIENTED_EDGE('',*,*,#5930,.T.);
#3775=ORIENTED_EDGE('',*,*,#5927,.T.);
#3776=ORIENTED_EDGE('',*,*,#5924,.T.);
#3777=ORIENTED_EDGE('',*,*,#5972,.F.);
#3778=ORIENTED_EDGE('',*,*,#5973,.F.);
#3779=ORIENTED_EDGE('',*,*,#5974,.T.);
#3780=ORIENTED_EDGE('',*,*,#5975,.T.);
#3781=ORIENTED_EDGE('',*,*,#5976,.F.);
#3782=ORIENTED_EDGE('',*,*,#5977,.F.);
#3783=ORIENTED_EDGE('',*,*,#5978,.T.);
#3784=ORIENTED_EDGE('',*,*,#5973,.T.);
#3785=ORIENTED_EDGE('',*,*,#5979,.F.);
#3786=ORIENTED_EDGE('',*,*,#5980,.F.);
#3787=ORIENTED_EDGE('',*,*,#5981,.T.);
#3788=ORIENTED_EDGE('',*,*,#5977,.T.);
#3789=ORIENTED_EDGE('',*,*,#5982,.F.);
#3790=ORIENTED_EDGE('',*,*,#5983,.F.);
#3791=ORIENTED_EDGE('',*,*,#5984,.T.);
#3792=ORIENTED_EDGE('',*,*,#5980,.T.);
#3793=ORIENTED_EDGE('',*,*,#5985,.F.);
#3794=ORIENTED_EDGE('',*,*,#5986,.F.);
#3795=ORIENTED_EDGE('',*,*,#5987,.T.);
#3796=ORIENTED_EDGE('',*,*,#5983,.T.);
#3797=ORIENTED_EDGE('',*,*,#5988,.F.);
#3798=ORIENTED_EDGE('',*,*,#5989,.F.);
#3799=ORIENTED_EDGE('',*,*,#5990,.T.);
#3800=ORIENTED_EDGE('',*,*,#5986,.T.);
#3801=ORIENTED_EDGE('',*,*,#5991,.F.);
#3802=ORIENTED_EDGE('',*,*,#5992,.F.);
#3803=ORIENTED_EDGE('',*,*,#5993,.T.);
#3804=ORIENTED_EDGE('',*,*,#5989,.T.);
#3805=ORIENTED_EDGE('',*,*,#5457,.F.);
#3806=ORIENTED_EDGE('',*,*,#5994,.F.);
#3807=ORIENTED_EDGE('',*,*,#5995,.T.);
#3808=ORIENTED_EDGE('',*,*,#5996,.T.);
#3809=ORIENTED_EDGE('',*,*,#5456,.F.);
#3810=ORIENTED_EDGE('',*,*,#5997,.F.);
#3811=ORIENTED_EDGE('',*,*,#5998,.T.);
#3812=ORIENTED_EDGE('',*,*,#5994,.T.);
#3813=ORIENTED_EDGE('',*,*,#5463,.F.);
#3814=ORIENTED_EDGE('',*,*,#5999,.F.);
#3815=ORIENTED_EDGE('',*,*,#6000,.T.);
#3816=ORIENTED_EDGE('',*,*,#5997,.T.);
#3817=ORIENTED_EDGE('',*,*,#5462,.F.);
#3818=ORIENTED_EDGE('',*,*,#6001,.F.);
#3819=ORIENTED_EDGE('',*,*,#6002,.T.);
#3820=ORIENTED_EDGE('',*,*,#5999,.T.);
#3821=ORIENTED_EDGE('',*,*,#5461,.F.);
#3822=ORIENTED_EDGE('',*,*,#6003,.F.);
#3823=ORIENTED_EDGE('',*,*,#6004,.T.);
#3824=ORIENTED_EDGE('',*,*,#6001,.T.);
#3825=ORIENTED_EDGE('',*,*,#5460,.F.);
#3826=ORIENTED_EDGE('',*,*,#6005,.F.);
#3827=ORIENTED_EDGE('',*,*,#6006,.T.);
#3828=ORIENTED_EDGE('',*,*,#6003,.T.);
#3829=ORIENTED_EDGE('',*,*,#5459,.F.);
#3830=ORIENTED_EDGE('',*,*,#6007,.F.);
#3831=ORIENTED_EDGE('',*,*,#6008,.T.);
#3832=ORIENTED_EDGE('',*,*,#6005,.T.);
#3833=ORIENTED_EDGE('',*,*,#5458,.F.);
#3834=ORIENTED_EDGE('',*,*,#5996,.F.);
#3835=ORIENTED_EDGE('',*,*,#6009,.T.);
#3836=ORIENTED_EDGE('',*,*,#6007,.T.);
#3837=ORIENTED_EDGE('',*,*,#6010,.F.);
#3838=ORIENTED_EDGE('',*,*,#5975,.F.);
#3839=ORIENTED_EDGE('',*,*,#6011,.T.);
#3840=ORIENTED_EDGE('',*,*,#5992,.T.);
#3841=ORIENTED_EDGE('',*,*,#5995,.F.);
#3842=ORIENTED_EDGE('',*,*,#5998,.F.);
#3843=ORIENTED_EDGE('',*,*,#6000,.F.);
#3844=ORIENTED_EDGE('',*,*,#6002,.F.);
#3845=ORIENTED_EDGE('',*,*,#6004,.F.);
#3846=ORIENTED_EDGE('',*,*,#6006,.F.);
#3847=ORIENTED_EDGE('',*,*,#6008,.F.);
#3848=ORIENTED_EDGE('',*,*,#6009,.F.);
#3849=ORIENTED_EDGE('',*,*,#5974,.F.);
#3850=ORIENTED_EDGE('',*,*,#5978,.F.);
#3851=ORIENTED_EDGE('',*,*,#5981,.F.);
#3852=ORIENTED_EDGE('',*,*,#5984,.F.);
#3853=ORIENTED_EDGE('',*,*,#5987,.F.);
#3854=ORIENTED_EDGE('',*,*,#5990,.F.);
#3855=ORIENTED_EDGE('',*,*,#5993,.F.);
#3856=ORIENTED_EDGE('',*,*,#6011,.F.);
#3857=ORIENTED_EDGE('',*,*,#5465,.F.);
#3858=ORIENTED_EDGE('',*,*,#6012,.F.);
#3859=ORIENTED_EDGE('',*,*,#6013,.T.);
#3860=ORIENTED_EDGE('',*,*,#6014,.T.);
#3861=ORIENTED_EDGE('',*,*,#5464,.F.);
#3862=ORIENTED_EDGE('',*,*,#6015,.F.);
#3863=ORIENTED_EDGE('',*,*,#6016,.T.);
#3864=ORIENTED_EDGE('',*,*,#6012,.T.);
#3865=ORIENTED_EDGE('',*,*,#5487,.F.);
#3866=ORIENTED_EDGE('',*,*,#6017,.F.);
#3867=ORIENTED_EDGE('',*,*,#6018,.T.);
#3868=ORIENTED_EDGE('',*,*,#6015,.T.);
#3869=ORIENTED_EDGE('',*,*,#5486,.F.);
#3870=ORIENTED_EDGE('',*,*,#6019,.F.);
#3871=ORIENTED_EDGE('',*,*,#6020,.T.);
#3872=ORIENTED_EDGE('',*,*,#6017,.T.);
#3873=ORIENTED_EDGE('',*,*,#5485,.F.);
#3874=ORIENTED_EDGE('',*,*,#6021,.F.);
#3875=ORIENTED_EDGE('',*,*,#6022,.T.);
#3876=ORIENTED_EDGE('',*,*,#6019,.T.);
#3877=ORIENTED_EDGE('',*,*,#5484,.F.);
#3878=ORIENTED_EDGE('',*,*,#6023,.F.);
#3879=ORIENTED_EDGE('',*,*,#6024,.T.);
#3880=ORIENTED_EDGE('',*,*,#6021,.T.);
#3881=ORIENTED_EDGE('',*,*,#5483,.F.);
#3882=ORIENTED_EDGE('',*,*,#6025,.F.);
#3883=ORIENTED_EDGE('',*,*,#6026,.T.);
#3884=ORIENTED_EDGE('',*,*,#6023,.T.);
#3885=ORIENTED_EDGE('',*,*,#5482,.F.);
#3886=ORIENTED_EDGE('',*,*,#6027,.F.);
#3887=ORIENTED_EDGE('',*,*,#6028,.T.);
#3888=ORIENTED_EDGE('',*,*,#6025,.T.);
#3889=ORIENTED_EDGE('',*,*,#5481,.F.);
#3890=ORIENTED_EDGE('',*,*,#6029,.F.);
#3891=ORIENTED_EDGE('',*,*,#6030,.T.);
#3892=ORIENTED_EDGE('',*,*,#6027,.T.);
#3893=ORIENTED_EDGE('',*,*,#5480,.F.);
#3894=ORIENTED_EDGE('',*,*,#6031,.F.);
#3895=ORIENTED_EDGE('',*,*,#6032,.T.);
#3896=ORIENTED_EDGE('',*,*,#6029,.T.);
#3897=ORIENTED_EDGE('',*,*,#5479,.F.);
#3898=ORIENTED_EDGE('',*,*,#6033,.F.);
#3899=ORIENTED_EDGE('',*,*,#6034,.T.);
#3900=ORIENTED_EDGE('',*,*,#6031,.T.);
#3901=ORIENTED_EDGE('',*,*,#5478,.F.);
#3902=ORIENTED_EDGE('',*,*,#6035,.F.);
#3903=ORIENTED_EDGE('',*,*,#6036,.T.);
#3904=ORIENTED_EDGE('',*,*,#6033,.T.);
#3905=ORIENTED_EDGE('',*,*,#5477,.F.);
#3906=ORIENTED_EDGE('',*,*,#6037,.F.);
#3907=ORIENTED_EDGE('',*,*,#6038,.T.);
#3908=ORIENTED_EDGE('',*,*,#6035,.T.);
#3909=ORIENTED_EDGE('',*,*,#5476,.F.);
#3910=ORIENTED_EDGE('',*,*,#6039,.F.);
#3911=ORIENTED_EDGE('',*,*,#6040,.T.);
#3912=ORIENTED_EDGE('',*,*,#6037,.T.);
#3913=ORIENTED_EDGE('',*,*,#5475,.F.);
#3914=ORIENTED_EDGE('',*,*,#6041,.F.);
#3915=ORIENTED_EDGE('',*,*,#6042,.T.);
#3916=ORIENTED_EDGE('',*,*,#6039,.T.);
#3917=ORIENTED_EDGE('',*,*,#5474,.F.);
#3918=ORIENTED_EDGE('',*,*,#6043,.F.);
#3919=ORIENTED_EDGE('',*,*,#6044,.T.);
#3920=ORIENTED_EDGE('',*,*,#6041,.T.);
#3921=ORIENTED_EDGE('',*,*,#5473,.F.);
#3922=ORIENTED_EDGE('',*,*,#6045,.F.);
#3923=ORIENTED_EDGE('',*,*,#6046,.T.);
#3924=ORIENTED_EDGE('',*,*,#6043,.T.);
#3925=ORIENTED_EDGE('',*,*,#5472,.F.);
#3926=ORIENTED_EDGE('',*,*,#6047,.F.);
#3927=ORIENTED_EDGE('',*,*,#6048,.T.);
#3928=ORIENTED_EDGE('',*,*,#6045,.T.);
#3929=ORIENTED_EDGE('',*,*,#5471,.F.);
#3930=ORIENTED_EDGE('',*,*,#6049,.F.);
#3931=ORIENTED_EDGE('',*,*,#6050,.T.);
#3932=ORIENTED_EDGE('',*,*,#6047,.T.);
#3933=ORIENTED_EDGE('',*,*,#5470,.F.);
#3934=ORIENTED_EDGE('',*,*,#6051,.F.);
#3935=ORIENTED_EDGE('',*,*,#6052,.T.);
#3936=ORIENTED_EDGE('',*,*,#6049,.T.);
#3937=ORIENTED_EDGE('',*,*,#5469,.F.);
#3938=ORIENTED_EDGE('',*,*,#6053,.F.);
#3939=ORIENTED_EDGE('',*,*,#6054,.T.);
#3940=ORIENTED_EDGE('',*,*,#6051,.T.);
#3941=ORIENTED_EDGE('',*,*,#5468,.F.);
#3942=ORIENTED_EDGE('',*,*,#6055,.F.);
#3943=ORIENTED_EDGE('',*,*,#6056,.T.);
#3944=ORIENTED_EDGE('',*,*,#6053,.T.);
#3945=ORIENTED_EDGE('',*,*,#5467,.F.);
#3946=ORIENTED_EDGE('',*,*,#6057,.F.);
#3947=ORIENTED_EDGE('',*,*,#6058,.T.);
#3948=ORIENTED_EDGE('',*,*,#6055,.T.);
#3949=ORIENTED_EDGE('',*,*,#5466,.F.);
#3950=ORIENTED_EDGE('',*,*,#6014,.F.);
#3951=ORIENTED_EDGE('',*,*,#6059,.T.);
#3952=ORIENTED_EDGE('',*,*,#6057,.T.);
#3953=ORIENTED_EDGE('',*,*,#6013,.F.);
#3954=ORIENTED_EDGE('',*,*,#6016,.F.);
#3955=ORIENTED_EDGE('',*,*,#6018,.F.);
#3956=ORIENTED_EDGE('',*,*,#6020,.F.);
#3957=ORIENTED_EDGE('',*,*,#6022,.F.);
#3958=ORIENTED_EDGE('',*,*,#6024,.F.);
#3959=ORIENTED_EDGE('',*,*,#6026,.F.);
#3960=ORIENTED_EDGE('',*,*,#6028,.F.);
#3961=ORIENTED_EDGE('',*,*,#6030,.F.);
#3962=ORIENTED_EDGE('',*,*,#6032,.F.);
#3963=ORIENTED_EDGE('',*,*,#6034,.F.);
#3964=ORIENTED_EDGE('',*,*,#6036,.F.);
#3965=ORIENTED_EDGE('',*,*,#6038,.F.);
#3966=ORIENTED_EDGE('',*,*,#6040,.F.);
#3967=ORIENTED_EDGE('',*,*,#6042,.F.);
#3968=ORIENTED_EDGE('',*,*,#6044,.F.);
#3969=ORIENTED_EDGE('',*,*,#6046,.F.);
#3970=ORIENTED_EDGE('',*,*,#6048,.F.);
#3971=ORIENTED_EDGE('',*,*,#6050,.F.);
#3972=ORIENTED_EDGE('',*,*,#6052,.F.);
#3973=ORIENTED_EDGE('',*,*,#6054,.F.);
#3974=ORIENTED_EDGE('',*,*,#6056,.F.);
#3975=ORIENTED_EDGE('',*,*,#6058,.F.);
#3976=ORIENTED_EDGE('',*,*,#6059,.F.);
#3977=ORIENTED_EDGE('',*,*,#6060,.F.);
#3978=ORIENTED_EDGE('',*,*,#6061,.F.);
#3979=ORIENTED_EDGE('',*,*,#6062,.T.);
#3980=ORIENTED_EDGE('',*,*,#6063,.T.);
#3981=ORIENTED_EDGE('',*,*,#6064,.F.);
#3982=ORIENTED_EDGE('',*,*,#6065,.F.);
#3983=ORIENTED_EDGE('',*,*,#6066,.T.);
#3984=ORIENTED_EDGE('',*,*,#6061,.T.);
#3985=ORIENTED_EDGE('',*,*,#6067,.F.);
#3986=ORIENTED_EDGE('',*,*,#6068,.F.);
#3987=ORIENTED_EDGE('',*,*,#6069,.T.);
#3988=ORIENTED_EDGE('',*,*,#6065,.T.);
#3989=ORIENTED_EDGE('',*,*,#6070,.F.);
#3990=ORIENTED_EDGE('',*,*,#6071,.F.);
#3991=ORIENTED_EDGE('',*,*,#6072,.T.);
#3992=ORIENTED_EDGE('',*,*,#6068,.T.);
#3993=ORIENTED_EDGE('',*,*,#6073,.F.);
#3994=ORIENTED_EDGE('',*,*,#6074,.F.);
#3995=ORIENTED_EDGE('',*,*,#6075,.T.);
#3996=ORIENTED_EDGE('',*,*,#6071,.T.);
#3997=ORIENTED_EDGE('',*,*,#6076,.F.);
#3998=ORIENTED_EDGE('',*,*,#6077,.F.);
#3999=ORIENTED_EDGE('',*,*,#6078,.T.);
#4000=ORIENTED_EDGE('',*,*,#6074,.T.);
#4001=ORIENTED_EDGE('',*,*,#5216,.F.);
#4002=ORIENTED_EDGE('',*,*,#6079,.F.);
#4003=ORIENTED_EDGE('',*,*,#6080,.T.);
#4004=ORIENTED_EDGE('',*,*,#6081,.T.);
#4005=ORIENTED_EDGE('',*,*,#5215,.F.);
#4006=ORIENTED_EDGE('',*,*,#6082,.F.);
#4007=ORIENTED_EDGE('',*,*,#6083,.T.);
#4008=ORIENTED_EDGE('',*,*,#6079,.T.);
#4009=ORIENTED_EDGE('',*,*,#5225,.F.);
#4010=ORIENTED_EDGE('',*,*,#6084,.F.);
#4011=ORIENTED_EDGE('',*,*,#6085,.T.);
#4012=ORIENTED_EDGE('',*,*,#6082,.T.);
#4013=ORIENTED_EDGE('',*,*,#5224,.F.);
#4014=ORIENTED_EDGE('',*,*,#6086,.F.);
#4015=ORIENTED_EDGE('',*,*,#6087,.T.);
#4016=ORIENTED_EDGE('',*,*,#6084,.T.);
#4017=ORIENTED_EDGE('',*,*,#5223,.F.);
#4018=ORIENTED_EDGE('',*,*,#6088,.F.);
#4019=ORIENTED_EDGE('',*,*,#6089,.T.);
#4020=ORIENTED_EDGE('',*,*,#6086,.T.);
#4021=ORIENTED_EDGE('',*,*,#5222,.F.);
#4022=ORIENTED_EDGE('',*,*,#6090,.F.);
#4023=ORIENTED_EDGE('',*,*,#6091,.T.);
#4024=ORIENTED_EDGE('',*,*,#6088,.T.);
#4025=ORIENTED_EDGE('',*,*,#5221,.F.);
#4026=ORIENTED_EDGE('',*,*,#6092,.F.);
#4027=ORIENTED_EDGE('',*,*,#6093,.T.);
#4028=ORIENTED_EDGE('',*,*,#6090,.T.);
#4029=ORIENTED_EDGE('',*,*,#5220,.F.);
#4030=ORIENTED_EDGE('',*,*,#6094,.F.);
#4031=ORIENTED_EDGE('',*,*,#6095,.T.);
#4032=ORIENTED_EDGE('',*,*,#6092,.T.);
#4033=ORIENTED_EDGE('',*,*,#5219,.F.);
#4034=ORIENTED_EDGE('',*,*,#6096,.F.);
#4035=ORIENTED_EDGE('',*,*,#6097,.T.);
#4036=ORIENTED_EDGE('',*,*,#6094,.T.);
#4037=ORIENTED_EDGE('',*,*,#5218,.F.);
#4038=ORIENTED_EDGE('',*,*,#6098,.F.);
#4039=ORIENTED_EDGE('',*,*,#6099,.T.);
#4040=ORIENTED_EDGE('',*,*,#6096,.T.);
#4041=ORIENTED_EDGE('',*,*,#5217,.F.);
#4042=ORIENTED_EDGE('',*,*,#6081,.F.);
#4043=ORIENTED_EDGE('',*,*,#6100,.T.);
#4044=ORIENTED_EDGE('',*,*,#6098,.T.);
#4045=ORIENTED_EDGE('',*,*,#6101,.F.);
#4046=ORIENTED_EDGE('',*,*,#6063,.F.);
#4047=ORIENTED_EDGE('',*,*,#6102,.T.);
#4048=ORIENTED_EDGE('',*,*,#6077,.T.);
#4049=ORIENTED_EDGE('',*,*,#6080,.F.);
#4050=ORIENTED_EDGE('',*,*,#6083,.F.);
#4051=ORIENTED_EDGE('',*,*,#6085,.F.);
#4052=ORIENTED_EDGE('',*,*,#6087,.F.);
#4053=ORIENTED_EDGE('',*,*,#6089,.F.);
#4054=ORIENTED_EDGE('',*,*,#6091,.F.);
#4055=ORIENTED_EDGE('',*,*,#6093,.F.);
#4056=ORIENTED_EDGE('',*,*,#6095,.F.);
#4057=ORIENTED_EDGE('',*,*,#6097,.F.);
#4058=ORIENTED_EDGE('',*,*,#6099,.F.);
#4059=ORIENTED_EDGE('',*,*,#6100,.F.);
#4060=ORIENTED_EDGE('',*,*,#6062,.F.);
#4061=ORIENTED_EDGE('',*,*,#6066,.F.);
#4062=ORIENTED_EDGE('',*,*,#6069,.F.);
#4063=ORIENTED_EDGE('',*,*,#6072,.F.);
#4064=ORIENTED_EDGE('',*,*,#6075,.F.);
#4065=ORIENTED_EDGE('',*,*,#6078,.F.);
#4066=ORIENTED_EDGE('',*,*,#6102,.F.);
#4067=ORIENTED_EDGE('',*,*,#6103,.F.);
#4068=ORIENTED_EDGE('',*,*,#6104,.F.);
#4069=ORIENTED_EDGE('',*,*,#6105,.T.);
#4070=ORIENTED_EDGE('',*,*,#6106,.T.);
#4071=ORIENTED_EDGE('',*,*,#6107,.F.);
#4072=ORIENTED_EDGE('',*,*,#6108,.F.);
#4073=ORIENTED_EDGE('',*,*,#6109,.T.);
#4074=ORIENTED_EDGE('',*,*,#6104,.T.);
#4075=ORIENTED_EDGE('',*,*,#6110,.F.);
#4076=ORIENTED_EDGE('',*,*,#6111,.F.);
#4077=ORIENTED_EDGE('',*,*,#6112,.T.);
#4078=ORIENTED_EDGE('',*,*,#6108,.T.);
#4079=ORIENTED_EDGE('',*,*,#6113,.F.);
#4080=ORIENTED_EDGE('',*,*,#6114,.F.);
#4081=ORIENTED_EDGE('',*,*,#6115,.T.);
#4082=ORIENTED_EDGE('',*,*,#6111,.T.);
#4083=ORIENTED_EDGE('',*,*,#6116,.F.);
#4084=ORIENTED_EDGE('',*,*,#6117,.F.);
#4085=ORIENTED_EDGE('',*,*,#6118,.T.);
#4086=ORIENTED_EDGE('',*,*,#6114,.T.);
#4087=ORIENTED_EDGE('',*,*,#6119,.F.);
#4088=ORIENTED_EDGE('',*,*,#6120,.F.);
#4089=ORIENTED_EDGE('',*,*,#6121,.T.);
#4090=ORIENTED_EDGE('',*,*,#6117,.T.);
#4091=ORIENTED_EDGE('',*,*,#6122,.F.);
#4092=ORIENTED_EDGE('',*,*,#6123,.F.);
#4093=ORIENTED_EDGE('',*,*,#6124,.T.);
#4094=ORIENTED_EDGE('',*,*,#6120,.T.);
#4095=ORIENTED_EDGE('',*,*,#5489,.F.);
#4096=ORIENTED_EDGE('',*,*,#6125,.F.);
#4097=ORIENTED_EDGE('',*,*,#6126,.T.);
#4098=ORIENTED_EDGE('',*,*,#6127,.T.);
#4099=ORIENTED_EDGE('',*,*,#5488,.F.);
#4100=ORIENTED_EDGE('',*,*,#6128,.F.);
#4101=ORIENTED_EDGE('',*,*,#6129,.T.);
#4102=ORIENTED_EDGE('',*,*,#6125,.T.);
#4103=ORIENTED_EDGE('',*,*,#5504,.F.);
#4104=ORIENTED_EDGE('',*,*,#6130,.F.);
#4105=ORIENTED_EDGE('',*,*,#6131,.T.);
#4106=ORIENTED_EDGE('',*,*,#6128,.T.);
#4107=ORIENTED_EDGE('',*,*,#5503,.F.);
#4108=ORIENTED_EDGE('',*,*,#6132,.F.);
#4109=ORIENTED_EDGE('',*,*,#6133,.T.);
#4110=ORIENTED_EDGE('',*,*,#6130,.T.);
#4111=ORIENTED_EDGE('',*,*,#5502,.F.);
#4112=ORIENTED_EDGE('',*,*,#6134,.F.);
#4113=ORIENTED_EDGE('',*,*,#6135,.T.);
#4114=ORIENTED_EDGE('',*,*,#6132,.T.);
#4115=ORIENTED_EDGE('',*,*,#5501,.F.);
#4116=ORIENTED_EDGE('',*,*,#6136,.F.);
#4117=ORIENTED_EDGE('',*,*,#6137,.T.);
#4118=ORIENTED_EDGE('',*,*,#6134,.T.);
#4119=ORIENTED_EDGE('',*,*,#5500,.F.);
#4120=ORIENTED_EDGE('',*,*,#6138,.F.);
#4121=ORIENTED_EDGE('',*,*,#6139,.T.);
#4122=ORIENTED_EDGE('',*,*,#6136,.T.);
#4123=ORIENTED_EDGE('',*,*,#5499,.F.);
#4124=ORIENTED_EDGE('',*,*,#6140,.F.);
#4125=ORIENTED_EDGE('',*,*,#6141,.T.);
#4126=ORIENTED_EDGE('',*,*,#6138,.T.);
#4127=ORIENTED_EDGE('',*,*,#5498,.F.);
#4128=ORIENTED_EDGE('',*,*,#6142,.F.);
#4129=ORIENTED_EDGE('',*,*,#6143,.T.);
#4130=ORIENTED_EDGE('',*,*,#6140,.T.);
#4131=ORIENTED_EDGE('',*,*,#5497,.F.);
#4132=ORIENTED_EDGE('',*,*,#6144,.F.);
#4133=ORIENTED_EDGE('',*,*,#6145,.T.);
#4134=ORIENTED_EDGE('',*,*,#6142,.T.);
#4135=ORIENTED_EDGE('',*,*,#5496,.F.);
#4136=ORIENTED_EDGE('',*,*,#6146,.F.);
#4137=ORIENTED_EDGE('',*,*,#6147,.T.);
#4138=ORIENTED_EDGE('',*,*,#6144,.T.);
#4139=ORIENTED_EDGE('',*,*,#5495,.F.);
#4140=ORIENTED_EDGE('',*,*,#6148,.F.);
#4141=ORIENTED_EDGE('',*,*,#6149,.T.);
#4142=ORIENTED_EDGE('',*,*,#6146,.T.);
#4143=ORIENTED_EDGE('',*,*,#5494,.F.);
#4144=ORIENTED_EDGE('',*,*,#6150,.F.);
#4145=ORIENTED_EDGE('',*,*,#6151,.T.);
#4146=ORIENTED_EDGE('',*,*,#6148,.T.);
#4147=ORIENTED_EDGE('',*,*,#5493,.F.);
#4148=ORIENTED_EDGE('',*,*,#6152,.F.);
#4149=ORIENTED_EDGE('',*,*,#6153,.T.);
#4150=ORIENTED_EDGE('',*,*,#6150,.T.);
#4151=ORIENTED_EDGE('',*,*,#5492,.F.);
#4152=ORIENTED_EDGE('',*,*,#6154,.F.);
#4153=ORIENTED_EDGE('',*,*,#6155,.T.);
#4154=ORIENTED_EDGE('',*,*,#6152,.T.);
#4155=ORIENTED_EDGE('',*,*,#5491,.F.);
#4156=ORIENTED_EDGE('',*,*,#6156,.F.);
#4157=ORIENTED_EDGE('',*,*,#6157,.T.);
#4158=ORIENTED_EDGE('',*,*,#6154,.T.);
#4159=ORIENTED_EDGE('',*,*,#5490,.F.);
#4160=ORIENTED_EDGE('',*,*,#6127,.F.);
#4161=ORIENTED_EDGE('',*,*,#6158,.T.);
#4162=ORIENTED_EDGE('',*,*,#6156,.T.);
#4163=ORIENTED_EDGE('',*,*,#6159,.F.);
#4164=ORIENTED_EDGE('',*,*,#6106,.F.);
#4165=ORIENTED_EDGE('',*,*,#6160,.T.);
#4166=ORIENTED_EDGE('',*,*,#6123,.T.);
#4167=ORIENTED_EDGE('',*,*,#6126,.F.);
#4168=ORIENTED_EDGE('',*,*,#6129,.F.);
#4169=ORIENTED_EDGE('',*,*,#6131,.F.);
#4170=ORIENTED_EDGE('',*,*,#6133,.F.);
#4171=ORIENTED_EDGE('',*,*,#6135,.F.);
#4172=ORIENTED_EDGE('',*,*,#6137,.F.);
#4173=ORIENTED_EDGE('',*,*,#6139,.F.);
#4174=ORIENTED_EDGE('',*,*,#6141,.F.);
#4175=ORIENTED_EDGE('',*,*,#6143,.F.);
#4176=ORIENTED_EDGE('',*,*,#6145,.F.);
#4177=ORIENTED_EDGE('',*,*,#6147,.F.);
#4178=ORIENTED_EDGE('',*,*,#6149,.F.);
#4179=ORIENTED_EDGE('',*,*,#6151,.F.);
#4180=ORIENTED_EDGE('',*,*,#6153,.F.);
#4181=ORIENTED_EDGE('',*,*,#6155,.F.);
#4182=ORIENTED_EDGE('',*,*,#6157,.F.);
#4183=ORIENTED_EDGE('',*,*,#6158,.F.);
#4184=ORIENTED_EDGE('',*,*,#6105,.F.);
#4185=ORIENTED_EDGE('',*,*,#6109,.F.);
#4186=ORIENTED_EDGE('',*,*,#6112,.F.);
#4187=ORIENTED_EDGE('',*,*,#6115,.F.);
#4188=ORIENTED_EDGE('',*,*,#6118,.F.);
#4189=ORIENTED_EDGE('',*,*,#6121,.F.);
#4190=ORIENTED_EDGE('',*,*,#6124,.F.);
#4191=ORIENTED_EDGE('',*,*,#6160,.F.);
#4192=ORIENTED_EDGE('',*,*,#6161,.F.);
#4193=ORIENTED_EDGE('',*,*,#6162,.F.);
#4194=ORIENTED_EDGE('',*,*,#6163,.T.);
#4195=ORIENTED_EDGE('',*,*,#6164,.T.);
#4196=ORIENTED_EDGE('',*,*,#6165,.F.);
#4197=ORIENTED_EDGE('',*,*,#6166,.F.);
#4198=ORIENTED_EDGE('',*,*,#6167,.T.);
#4199=ORIENTED_EDGE('',*,*,#6162,.T.);
#4200=ORIENTED_EDGE('',*,*,#6168,.F.);
#4201=ORIENTED_EDGE('',*,*,#6169,.F.);
#4202=ORIENTED_EDGE('',*,*,#6170,.T.);
#4203=ORIENTED_EDGE('',*,*,#6166,.T.);
#4204=ORIENTED_EDGE('',*,*,#6171,.F.);
#4205=ORIENTED_EDGE('',*,*,#6172,.F.);
#4206=ORIENTED_EDGE('',*,*,#6173,.T.);
#4207=ORIENTED_EDGE('',*,*,#6169,.T.);
#4208=ORIENTED_EDGE('',*,*,#6174,.F.);
#4209=ORIENTED_EDGE('',*,*,#6175,.F.);
#4210=ORIENTED_EDGE('',*,*,#6176,.T.);
#4211=ORIENTED_EDGE('',*,*,#6172,.T.);
#4212=ORIENTED_EDGE('',*,*,#6177,.F.);
#4213=ORIENTED_EDGE('',*,*,#6178,.F.);
#4214=ORIENTED_EDGE('',*,*,#6179,.T.);
#4215=ORIENTED_EDGE('',*,*,#6175,.T.);
#4216=ORIENTED_EDGE('',*,*,#6180,.F.);
#4217=ORIENTED_EDGE('',*,*,#6181,.F.);
#4218=ORIENTED_EDGE('',*,*,#6182,.T.);
#4219=ORIENTED_EDGE('',*,*,#6178,.T.);
#4220=ORIENTED_EDGE('',*,*,#5198,.F.);
#4221=ORIENTED_EDGE('',*,*,#6183,.F.);
#4222=ORIENTED_EDGE('',*,*,#6184,.T.);
#4223=ORIENTED_EDGE('',*,*,#6185,.T.);
#4224=ORIENTED_EDGE('',*,*,#5197,.F.);
#4225=ORIENTED_EDGE('',*,*,#6186,.F.);
#4226=ORIENTED_EDGE('',*,*,#6187,.T.);
#4227=ORIENTED_EDGE('',*,*,#6183,.T.);
#4228=ORIENTED_EDGE('',*,*,#5214,.F.);
#4229=ORIENTED_EDGE('',*,*,#6188,.F.);
#4230=ORIENTED_EDGE('',*,*,#6189,.T.);
#4231=ORIENTED_EDGE('',*,*,#6186,.T.);
#4232=ORIENTED_EDGE('',*,*,#5213,.F.);
#4233=ORIENTED_EDGE('',*,*,#6190,.F.);
#4234=ORIENTED_EDGE('',*,*,#6191,.T.);
#4235=ORIENTED_EDGE('',*,*,#6188,.T.);
#4236=ORIENTED_EDGE('',*,*,#5212,.F.);
#4237=ORIENTED_EDGE('',*,*,#6192,.F.);
#4238=ORIENTED_EDGE('',*,*,#6193,.T.);
#4239=ORIENTED_EDGE('',*,*,#6190,.T.);
#4240=ORIENTED_EDGE('',*,*,#5211,.F.);
#4241=ORIENTED_EDGE('',*,*,#6194,.F.);
#4242=ORIENTED_EDGE('',*,*,#6195,.T.);
#4243=ORIENTED_EDGE('',*,*,#6192,.T.);
#4244=ORIENTED_EDGE('',*,*,#5210,.F.);
#4245=ORIENTED_EDGE('',*,*,#6196,.F.);
#4246=ORIENTED_EDGE('',*,*,#6197,.T.);
#4247=ORIENTED_EDGE('',*,*,#6194,.T.);
#4248=ORIENTED_EDGE('',*,*,#5209,.F.);
#4249=ORIENTED_EDGE('',*,*,#6198,.F.);
#4250=ORIENTED_EDGE('',*,*,#6199,.T.);
#4251=ORIENTED_EDGE('',*,*,#6196,.T.);
#4252=ORIENTED_EDGE('',*,*,#5208,.F.);
#4253=ORIENTED_EDGE('',*,*,#6200,.F.);
#4254=ORIENTED_EDGE('',*,*,#6201,.T.);
#4255=ORIENTED_EDGE('',*,*,#6198,.T.);
#4256=ORIENTED_EDGE('',*,*,#5207,.F.);
#4257=ORIENTED_EDGE('',*,*,#6202,.F.);
#4258=ORIENTED_EDGE('',*,*,#6203,.T.);
#4259=ORIENTED_EDGE('',*,*,#6200,.T.);
#4260=ORIENTED_EDGE('',*,*,#5206,.F.);
#4261=ORIENTED_EDGE('',*,*,#6204,.F.);
#4262=ORIENTED_EDGE('',*,*,#6205,.T.);
#4263=ORIENTED_EDGE('',*,*,#6202,.T.);
#4264=ORIENTED_EDGE('',*,*,#5205,.F.);
#4265=ORIENTED_EDGE('',*,*,#6206,.F.);
#4266=ORIENTED_EDGE('',*,*,#6207,.T.);
#4267=ORIENTED_EDGE('',*,*,#6204,.T.);
#4268=ORIENTED_EDGE('',*,*,#5204,.F.);
#4269=ORIENTED_EDGE('',*,*,#6208,.F.);
#4270=ORIENTED_EDGE('',*,*,#6209,.T.);
#4271=ORIENTED_EDGE('',*,*,#6206,.T.);
#4272=ORIENTED_EDGE('',*,*,#5203,.F.);
#4273=ORIENTED_EDGE('',*,*,#6210,.F.);
#4274=ORIENTED_EDGE('',*,*,#6211,.T.);
#4275=ORIENTED_EDGE('',*,*,#6208,.T.);
#4276=ORIENTED_EDGE('',*,*,#5202,.F.);
#4277=ORIENTED_EDGE('',*,*,#6212,.F.);
#4278=ORIENTED_EDGE('',*,*,#6213,.T.);
#4279=ORIENTED_EDGE('',*,*,#6210,.T.);
#4280=ORIENTED_EDGE('',*,*,#5201,.F.);
#4281=ORIENTED_EDGE('',*,*,#6214,.F.);
#4282=ORIENTED_EDGE('',*,*,#6215,.T.);
#4283=ORIENTED_EDGE('',*,*,#6212,.T.);
#4284=ORIENTED_EDGE('',*,*,#5200,.F.);
#4285=ORIENTED_EDGE('',*,*,#6216,.F.);
#4286=ORIENTED_EDGE('',*,*,#6217,.T.);
#4287=ORIENTED_EDGE('',*,*,#6214,.T.);
#4288=ORIENTED_EDGE('',*,*,#5199,.F.);
#4289=ORIENTED_EDGE('',*,*,#6185,.F.);
#4290=ORIENTED_EDGE('',*,*,#6218,.T.);
#4291=ORIENTED_EDGE('',*,*,#6216,.T.);
#4292=ORIENTED_EDGE('',*,*,#6219,.F.);
#4293=ORIENTED_EDGE('',*,*,#6164,.F.);
#4294=ORIENTED_EDGE('',*,*,#6220,.T.);
#4295=ORIENTED_EDGE('',*,*,#6181,.T.);
#4296=ORIENTED_EDGE('',*,*,#6184,.F.);
#4297=ORIENTED_EDGE('',*,*,#6187,.F.);
#4298=ORIENTED_EDGE('',*,*,#6189,.F.);
#4299=ORIENTED_EDGE('',*,*,#6191,.F.);
#4300=ORIENTED_EDGE('',*,*,#6193,.F.);
#4301=ORIENTED_EDGE('',*,*,#6195,.F.);
#4302=ORIENTED_EDGE('',*,*,#6197,.F.);
#4303=ORIENTED_EDGE('',*,*,#6199,.F.);
#4304=ORIENTED_EDGE('',*,*,#6201,.F.);
#4305=ORIENTED_EDGE('',*,*,#6203,.F.);
#4306=ORIENTED_EDGE('',*,*,#6205,.F.);
#4307=ORIENTED_EDGE('',*,*,#6207,.F.);
#4308=ORIENTED_EDGE('',*,*,#6209,.F.);
#4309=ORIENTED_EDGE('',*,*,#6211,.F.);
#4310=ORIENTED_EDGE('',*,*,#6213,.F.);
#4311=ORIENTED_EDGE('',*,*,#6215,.F.);
#4312=ORIENTED_EDGE('',*,*,#6217,.F.);
#4313=ORIENTED_EDGE('',*,*,#6218,.F.);
#4314=ORIENTED_EDGE('',*,*,#6163,.F.);
#4315=ORIENTED_EDGE('',*,*,#6167,.F.);
#4316=ORIENTED_EDGE('',*,*,#6170,.F.);
#4317=ORIENTED_EDGE('',*,*,#6173,.F.);
#4318=ORIENTED_EDGE('',*,*,#6176,.F.);
#4319=ORIENTED_EDGE('',*,*,#6179,.F.);
#4320=ORIENTED_EDGE('',*,*,#6182,.F.);
#4321=ORIENTED_EDGE('',*,*,#6220,.F.);
#4322=ORIENTED_EDGE('',*,*,#5188,.F.);
#4323=ORIENTED_EDGE('',*,*,#6221,.F.);
#4324=ORIENTED_EDGE('',*,*,#6222,.T.);
#4325=ORIENTED_EDGE('',*,*,#6223,.T.);
#4326=ORIENTED_EDGE('',*,*,#5187,.F.);
#4327=ORIENTED_EDGE('',*,*,#6224,.F.);
#4328=ORIENTED_EDGE('',*,*,#6225,.T.);
#4329=ORIENTED_EDGE('',*,*,#6221,.T.);
#4330=ORIENTED_EDGE('',*,*,#5196,.F.);
#4331=ORIENTED_EDGE('',*,*,#6226,.F.);
#4332=ORIENTED_EDGE('',*,*,#6227,.T.);
#4333=ORIENTED_EDGE('',*,*,#6224,.T.);
#4334=ORIENTED_EDGE('',*,*,#5195,.F.);
#4335=ORIENTED_EDGE('',*,*,#6228,.F.);
#4336=ORIENTED_EDGE('',*,*,#6229,.T.);
#4337=ORIENTED_EDGE('',*,*,#6226,.T.);
#4338=ORIENTED_EDGE('',*,*,#5194,.F.);
#4339=ORIENTED_EDGE('',*,*,#6230,.F.);
#4340=ORIENTED_EDGE('',*,*,#6231,.T.);
#4341=ORIENTED_EDGE('',*,*,#6228,.T.);
#4342=ORIENTED_EDGE('',*,*,#5193,.F.);
#4343=ORIENTED_EDGE('',*,*,#6232,.F.);
#4344=ORIENTED_EDGE('',*,*,#6233,.T.);
#4345=ORIENTED_EDGE('',*,*,#6230,.T.);
#4346=ORIENTED_EDGE('',*,*,#5192,.F.);
#4347=ORIENTED_EDGE('',*,*,#6234,.F.);
#4348=ORIENTED_EDGE('',*,*,#6235,.T.);
#4349=ORIENTED_EDGE('',*,*,#6232,.T.);
#4350=ORIENTED_EDGE('',*,*,#5191,.F.);
#4351=ORIENTED_EDGE('',*,*,#6236,.F.);
#4352=ORIENTED_EDGE('',*,*,#6237,.T.);
#4353=ORIENTED_EDGE('',*,*,#6234,.T.);
#4354=ORIENTED_EDGE('',*,*,#5190,.F.);
#4355=ORIENTED_EDGE('',*,*,#6238,.F.);
#4356=ORIENTED_EDGE('',*,*,#6239,.T.);
#4357=ORIENTED_EDGE('',*,*,#6236,.T.);
#4358=ORIENTED_EDGE('',*,*,#5189,.F.);
#4359=ORIENTED_EDGE('',*,*,#6223,.F.);
#4360=ORIENTED_EDGE('',*,*,#6240,.T.);
#4361=ORIENTED_EDGE('',*,*,#6238,.T.);
#4362=ORIENTED_EDGE('',*,*,#6222,.F.);
#4363=ORIENTED_EDGE('',*,*,#6225,.F.);
#4364=ORIENTED_EDGE('',*,*,#6227,.F.);
#4365=ORIENTED_EDGE('',*,*,#6229,.F.);
#4366=ORIENTED_EDGE('',*,*,#6231,.F.);
#4367=ORIENTED_EDGE('',*,*,#6233,.F.);
#4368=ORIENTED_EDGE('',*,*,#6235,.F.);
#4369=ORIENTED_EDGE('',*,*,#6237,.F.);
#4370=ORIENTED_EDGE('',*,*,#6239,.F.);
#4371=ORIENTED_EDGE('',*,*,#6240,.F.);
#4372=ORIENTED_EDGE('',*,*,#5899,.T.);
#4373=ORIENTED_EDGE('',*,*,#5895,.T.);
#4374=ORIENTED_EDGE('',*,*,#5970,.T.);
#4375=ORIENTED_EDGE('',*,*,#5914,.T.);
#4376=ORIENTED_EDGE('',*,*,#5911,.T.);
#4377=ORIENTED_EDGE('',*,*,#5908,.T.);
#4378=ORIENTED_EDGE('',*,*,#5905,.T.);
#4379=ORIENTED_EDGE('',*,*,#5902,.T.);
#4380=ORIENTED_EDGE('',*,*,#5976,.T.);
#4381=ORIENTED_EDGE('',*,*,#5972,.T.);
#4382=ORIENTED_EDGE('',*,*,#6010,.T.);
#4383=ORIENTED_EDGE('',*,*,#5991,.T.);
#4384=ORIENTED_EDGE('',*,*,#5988,.T.);
#4385=ORIENTED_EDGE('',*,*,#5985,.T.);
#4386=ORIENTED_EDGE('',*,*,#5982,.T.);
#4387=ORIENTED_EDGE('',*,*,#5979,.T.);
#4388=ORIENTED_EDGE('',*,*,#6064,.T.);
#4389=ORIENTED_EDGE('',*,*,#6060,.T.);
#4390=ORIENTED_EDGE('',*,*,#6101,.T.);
#4391=ORIENTED_EDGE('',*,*,#6076,.T.);
#4392=ORIENTED_EDGE('',*,*,#6073,.T.);
#4393=ORIENTED_EDGE('',*,*,#6070,.T.);
#4394=ORIENTED_EDGE('',*,*,#6067,.T.);
#4395=ORIENTED_EDGE('',*,*,#6107,.T.);
#4396=ORIENTED_EDGE('',*,*,#6103,.T.);
#4397=ORIENTED_EDGE('',*,*,#6159,.T.);
#4398=ORIENTED_EDGE('',*,*,#6122,.T.);
#4399=ORIENTED_EDGE('',*,*,#6119,.T.);
#4400=ORIENTED_EDGE('',*,*,#6116,.T.);
#4401=ORIENTED_EDGE('',*,*,#6113,.T.);
#4402=ORIENTED_EDGE('',*,*,#6110,.T.);
#4403=ORIENTED_EDGE('',*,*,#6165,.T.);
#4404=ORIENTED_EDGE('',*,*,#6161,.T.);
#4405=ORIENTED_EDGE('',*,*,#6219,.T.);
#4406=ORIENTED_EDGE('',*,*,#6180,.T.);
#4407=ORIENTED_EDGE('',*,*,#6177,.T.);
#4408=ORIENTED_EDGE('',*,*,#6174,.T.);
#4409=ORIENTED_EDGE('',*,*,#6171,.T.);
#4410=ORIENTED_EDGE('',*,*,#6168,.T.);
#4411=ORIENTED_EDGE('',*,*,#5505,.T.);
#4412=ORIENTED_EDGE('',*,*,#5543,.F.);
#4413=ORIENTED_EDGE('',*,*,#5175,.F.);
#4414=ORIENTED_EDGE('',*,*,#6241,.F.);
#4415=ORIENTED_EDGE('',*,*,#6242,.T.);
#4416=ORIENTED_EDGE('',*,*,#6243,.T.);
#4417=ORIENTED_EDGE('',*,*,#5174,.T.);
#4418=ORIENTED_EDGE('',*,*,#5527,.F.);
#4419=ORIENTED_EDGE('',*,*,#6244,.F.);
#4420=ORIENTED_EDGE('',*,*,#6241,.T.);
#4421=ORIENTED_EDGE('',*,*,#5176,.F.);
#4422=ORIENTED_EDGE('',*,*,#6243,.F.);
#4423=ORIENTED_EDGE('',*,*,#6245,.T.);
#4424=ORIENTED_EDGE('',*,*,#5534,.T.);
#4425=ORIENTED_EDGE('',*,*,#5542,.F.);
#4426=ORIENTED_EDGE('',*,*,#6242,.F.);
#4427=ORIENTED_EDGE('',*,*,#6244,.T.);
#4428=ORIENTED_EDGE('',*,*,#5526,.F.);
#4429=ORIENTED_EDGE('',*,*,#6245,.F.);
#4430=ORIENTED_EDGE('',*,*,#5164,.F.);
#4431=ORIENTED_EDGE('',*,*,#6246,.F.);
#4432=ORIENTED_EDGE('',*,*,#6247,.T.);
#4433=ORIENTED_EDGE('',*,*,#5656,.T.);
#4434=ORIENTED_EDGE('',*,*,#5163,.F.);
#4435=ORIENTED_EDGE('',*,*,#6248,.F.);
#4436=ORIENTED_EDGE('',*,*,#6249,.T.);
#4437=ORIENTED_EDGE('',*,*,#6246,.T.);
#4438=ORIENTED_EDGE('',*,*,#5186,.T.);
#4439=ORIENTED_EDGE('',*,*,#5650,.F.);
#4440=ORIENTED_EDGE('',*,*,#6250,.F.);
#4441=ORIENTED_EDGE('',*,*,#6248,.T.);
#4442=ORIENTED_EDGE('',*,*,#5540,.F.);
#4443=ORIENTED_EDGE('',*,*,#6247,.F.);
#4444=ORIENTED_EDGE('',*,*,#6249,.F.);
#4445=ORIENTED_EDGE('',*,*,#6250,.T.);
#4446=ORIENTED_EDGE('',*,*,#5649,.T.);
#4447=ORIENTED_EDGE('',*,*,#6251,.F.);
#4448=ORIENTED_EDGE('',*,*,#6252,.T.);
#4449=ORIENTED_EDGE('',*,*,#6253,.T.);
#4450=ORIENTED_EDGE('',*,*,#5652,.T.);
#4451=ORIENTED_EDGE('',*,*,#5538,.T.);
#4452=ORIENTED_EDGE('',*,*,#5184,.F.);
#4453=ORIENTED_EDGE('',*,*,#6254,.F.);
#4454=ORIENTED_EDGE('',*,*,#6251,.T.);
#4455=ORIENTED_EDGE('',*,*,#5651,.T.);
#4456=ORIENTED_EDGE('',*,*,#5183,.T.);
#4457=ORIENTED_EDGE('',*,*,#6255,.F.);
#4458=ORIENTED_EDGE('',*,*,#6252,.F.);
#4459=ORIENTED_EDGE('',*,*,#6254,.T.);
#4460=ORIENTED_EDGE('',*,*,#5182,.T.);
#4461=ORIENTED_EDGE('',*,*,#5653,.F.);
#4462=ORIENTED_EDGE('',*,*,#6253,.F.);
#4463=ORIENTED_EDGE('',*,*,#6255,.T.);
#4464=ORIENTED_EDGE('',*,*,#6256,.T.);
#4465=ORIENTED_EDGE('',*,*,#6257,.T.);
#4466=ORIENTED_EDGE('',*,*,#5529,.F.);
#4467=ORIENTED_EDGE('',*,*,#6258,.F.);
#4468=ORIENTED_EDGE('',*,*,#5536,.T.);
#4469=ORIENTED_EDGE('',*,*,#5171,.T.);
#4470=ORIENTED_EDGE('',*,*,#6259,.F.);
#4471=ORIENTED_EDGE('',*,*,#6256,.F.);
#4472=ORIENTED_EDGE('',*,*,#6260,.T.);
#4473=ORIENTED_EDGE('',*,*,#5170,.T.);
#4474=ORIENTED_EDGE('',*,*,#5530,.F.);
#4475=ORIENTED_EDGE('',*,*,#6257,.F.);
#4476=ORIENTED_EDGE('',*,*,#6259,.T.);
#4477=ORIENTED_EDGE('',*,*,#5172,.F.);
#4478=ORIENTED_EDGE('',*,*,#6260,.F.);
#4479=ORIENTED_EDGE('',*,*,#6258,.T.);
#4480=ORIENTED_EDGE('',*,*,#5528,.T.);
#4481=ORIENTED_EDGE('',*,*,#5149,.F.);
#4482=ORIENTED_EDGE('',*,*,#6261,.F.);
#4483=ORIENTED_EDGE('',*,*,#6262,.T.);
#4484=ORIENTED_EDGE('',*,*,#6263,.T.);
#4485=ORIENTED_EDGE('',*,*,#5148,.F.);
#4486=ORIENTED_EDGE('',*,*,#6264,.F.);
#4487=ORIENTED_EDGE('',*,*,#6265,.T.);
#4488=ORIENTED_EDGE('',*,*,#6261,.T.);
#4489=ORIENTED_EDGE('',*,*,#5162,.F.);
#4490=ORIENTED_EDGE('',*,*,#6266,.F.);
#4491=ORIENTED_EDGE('',*,*,#6267,.T.);
#4492=ORIENTED_EDGE('',*,*,#6264,.T.);
#4493=ORIENTED_EDGE('',*,*,#5161,.F.);
#4494=ORIENTED_EDGE('',*,*,#6268,.F.);
#4495=ORIENTED_EDGE('',*,*,#6269,.T.);
#4496=ORIENTED_EDGE('',*,*,#6266,.T.);
#4497=ORIENTED_EDGE('',*,*,#5160,.F.);
#4498=ORIENTED_EDGE('',*,*,#6270,.F.);
#4499=ORIENTED_EDGE('',*,*,#6271,.T.);
#4500=ORIENTED_EDGE('',*,*,#6268,.T.);
#4501=ORIENTED_EDGE('',*,*,#5159,.F.);
#4502=ORIENTED_EDGE('',*,*,#6272,.F.);
#4503=ORIENTED_EDGE('',*,*,#6273,.T.);
#4504=ORIENTED_EDGE('',*,*,#6270,.T.);
#4505=ORIENTED_EDGE('',*,*,#5158,.F.);
#4506=ORIENTED_EDGE('',*,*,#6274,.F.);
#4507=ORIENTED_EDGE('',*,*,#6275,.T.);
#4508=ORIENTED_EDGE('',*,*,#6272,.T.);
#4509=ORIENTED_EDGE('',*,*,#5157,.F.);
#4510=ORIENTED_EDGE('',*,*,#6276,.F.);
#4511=ORIENTED_EDGE('',*,*,#6277,.T.);
#4512=ORIENTED_EDGE('',*,*,#6274,.T.);
#4513=ORIENTED_EDGE('',*,*,#5156,.F.);
#4514=ORIENTED_EDGE('',*,*,#6278,.F.);
#4515=ORIENTED_EDGE('',*,*,#6279,.T.);
#4516=ORIENTED_EDGE('',*,*,#6276,.T.);
#4517=ORIENTED_EDGE('',*,*,#5155,.F.);
#4518=ORIENTED_EDGE('',*,*,#6280,.F.);
#4519=ORIENTED_EDGE('',*,*,#6281,.T.);
#4520=ORIENTED_EDGE('',*,*,#6278,.T.);
#4521=ORIENTED_EDGE('',*,*,#5154,.F.);
#4522=ORIENTED_EDGE('',*,*,#6282,.F.);
#4523=ORIENTED_EDGE('',*,*,#6283,.T.);
#4524=ORIENTED_EDGE('',*,*,#6280,.T.);
#4525=ORIENTED_EDGE('',*,*,#5153,.F.);
#4526=ORIENTED_EDGE('',*,*,#6284,.F.);
#4527=ORIENTED_EDGE('',*,*,#6285,.T.);
#4528=ORIENTED_EDGE('',*,*,#6282,.T.);
#4529=ORIENTED_EDGE('',*,*,#5152,.F.);
#4530=ORIENTED_EDGE('',*,*,#6286,.F.);
#4531=ORIENTED_EDGE('',*,*,#6287,.T.);
#4532=ORIENTED_EDGE('',*,*,#6284,.T.);
#4533=ORIENTED_EDGE('',*,*,#5151,.F.);
#4534=ORIENTED_EDGE('',*,*,#6288,.F.);
#4535=ORIENTED_EDGE('',*,*,#6289,.T.);
#4536=ORIENTED_EDGE('',*,*,#6286,.T.);
#4537=ORIENTED_EDGE('',*,*,#5150,.F.);
#4538=ORIENTED_EDGE('',*,*,#6263,.F.);
#4539=ORIENTED_EDGE('',*,*,#6290,.T.);
#4540=ORIENTED_EDGE('',*,*,#6288,.T.);
#4541=ORIENTED_EDGE('',*,*,#6262,.F.);
#4542=ORIENTED_EDGE('',*,*,#6265,.F.);
#4543=ORIENTED_EDGE('',*,*,#6267,.F.);
#4544=ORIENTED_EDGE('',*,*,#6269,.F.);
#4545=ORIENTED_EDGE('',*,*,#6271,.F.);
#4546=ORIENTED_EDGE('',*,*,#6273,.F.);
#4547=ORIENTED_EDGE('',*,*,#6275,.F.);
#4548=ORIENTED_EDGE('',*,*,#6277,.F.);
#4549=ORIENTED_EDGE('',*,*,#6279,.F.);
#4550=ORIENTED_EDGE('',*,*,#6281,.F.);
#4551=ORIENTED_EDGE('',*,*,#6283,.F.);
#4552=ORIENTED_EDGE('',*,*,#6285,.F.);
#4553=ORIENTED_EDGE('',*,*,#6287,.F.);
#4554=ORIENTED_EDGE('',*,*,#6289,.F.);
#4555=ORIENTED_EDGE('',*,*,#6290,.F.);
#4556=ORIENTED_EDGE('',*,*,#5137,.F.);
#4557=ORIENTED_EDGE('',*,*,#6291,.F.);
#4558=ORIENTED_EDGE('',*,*,#6292,.T.);
#4559=ORIENTED_EDGE('',*,*,#6293,.T.);
#4560=ORIENTED_EDGE('',*,*,#5136,.F.);
#4561=ORIENTED_EDGE('',*,*,#6294,.F.);
#4562=ORIENTED_EDGE('',*,*,#6295,.T.);
#4563=ORIENTED_EDGE('',*,*,#6291,.T.);
#4564=ORIENTED_EDGE('',*,*,#5147,.F.);
#4565=ORIENTED_EDGE('',*,*,#6296,.F.);
#4566=ORIENTED_EDGE('',*,*,#6297,.T.);
#4567=ORIENTED_EDGE('',*,*,#6294,.T.);
#4568=ORIENTED_EDGE('',*,*,#5146,.F.);
#4569=ORIENTED_EDGE('',*,*,#6298,.F.);
#4570=ORIENTED_EDGE('',*,*,#6299,.T.);
#4571=ORIENTED_EDGE('',*,*,#6296,.T.);
#4572=ORIENTED_EDGE('',*,*,#5145,.F.);
#4573=ORIENTED_EDGE('',*,*,#6300,.F.);
#4574=ORIENTED_EDGE('',*,*,#6301,.T.);
#4575=ORIENTED_EDGE('',*,*,#6298,.T.);
#4576=ORIENTED_EDGE('',*,*,#5144,.F.);
#4577=ORIENTED_EDGE('',*,*,#6302,.F.);
#4578=ORIENTED_EDGE('',*,*,#6303,.T.);
#4579=ORIENTED_EDGE('',*,*,#6300,.T.);
#4580=ORIENTED_EDGE('',*,*,#5143,.F.);
#4581=ORIENTED_EDGE('',*,*,#6304,.F.);
#4582=ORIENTED_EDGE('',*,*,#6305,.T.);
#4583=ORIENTED_EDGE('',*,*,#6302,.T.);
#4584=ORIENTED_EDGE('',*,*,#5142,.F.);
#4585=ORIENTED_EDGE('',*,*,#6306,.F.);
#4586=ORIENTED_EDGE('',*,*,#6307,.T.);
#4587=ORIENTED_EDGE('',*,*,#6304,.T.);
#4588=ORIENTED_EDGE('',*,*,#5141,.F.);
#4589=ORIENTED_EDGE('',*,*,#6308,.F.);
#4590=ORIENTED_EDGE('',*,*,#6309,.T.);
#4591=ORIENTED_EDGE('',*,*,#6306,.T.);
#4592=ORIENTED_EDGE('',*,*,#5140,.F.);
#4593=ORIENTED_EDGE('',*,*,#6310,.F.);
#4594=ORIENTED_EDGE('',*,*,#6311,.T.);
#4595=ORIENTED_EDGE('',*,*,#6308,.T.);
#4596=ORIENTED_EDGE('',*,*,#5139,.F.);
#4597=ORIENTED_EDGE('',*,*,#6312,.F.);
#4598=ORIENTED_EDGE('',*,*,#6313,.T.);
#4599=ORIENTED_EDGE('',*,*,#6310,.T.);
#4600=ORIENTED_EDGE('',*,*,#5138,.F.);
#4601=ORIENTED_EDGE('',*,*,#6293,.F.);
#4602=ORIENTED_EDGE('',*,*,#6314,.T.);
#4603=ORIENTED_EDGE('',*,*,#6312,.T.);
#4604=ORIENTED_EDGE('',*,*,#6292,.F.);
#4605=ORIENTED_EDGE('',*,*,#6295,.F.);
#4606=ORIENTED_EDGE('',*,*,#6297,.F.);
#4607=ORIENTED_EDGE('',*,*,#6299,.F.);
#4608=ORIENTED_EDGE('',*,*,#6301,.F.);
#4609=ORIENTED_EDGE('',*,*,#6303,.F.);
#4610=ORIENTED_EDGE('',*,*,#6305,.F.);
#4611=ORIENTED_EDGE('',*,*,#6307,.F.);
#4612=ORIENTED_EDGE('',*,*,#6309,.F.);
#4613=ORIENTED_EDGE('',*,*,#6311,.F.);
#4614=ORIENTED_EDGE('',*,*,#6313,.F.);
#4615=ORIENTED_EDGE('',*,*,#6314,.F.);
#4616=ORIENTED_EDGE('',*,*,#5127,.F.);
#4617=ORIENTED_EDGE('',*,*,#6315,.F.);
#4618=ORIENTED_EDGE('',*,*,#6316,.T.);
#4619=ORIENTED_EDGE('',*,*,#6317,.T.);
#4620=ORIENTED_EDGE('',*,*,#5126,.F.);
#4621=ORIENTED_EDGE('',*,*,#6318,.F.);
#4622=ORIENTED_EDGE('',*,*,#6319,.T.);
#4623=ORIENTED_EDGE('',*,*,#6315,.T.);
#4624=ORIENTED_EDGE('',*,*,#5135,.F.);
#4625=ORIENTED_EDGE('',*,*,#6320,.F.);
#4626=ORIENTED_EDGE('',*,*,#6321,.T.);
#4627=ORIENTED_EDGE('',*,*,#6318,.T.);
#4628=ORIENTED_EDGE('',*,*,#5134,.F.);
#4629=ORIENTED_EDGE('',*,*,#6322,.F.);
#4630=ORIENTED_EDGE('',*,*,#6323,.T.);
#4631=ORIENTED_EDGE('',*,*,#6320,.T.);
#4632=ORIENTED_EDGE('',*,*,#5133,.F.);
#4633=ORIENTED_EDGE('',*,*,#6324,.F.);
#4634=ORIENTED_EDGE('',*,*,#6325,.T.);
#4635=ORIENTED_EDGE('',*,*,#6322,.T.);
#4636=ORIENTED_EDGE('',*,*,#5132,.F.);
#4637=ORIENTED_EDGE('',*,*,#6326,.F.);
#4638=ORIENTED_EDGE('',*,*,#6327,.T.);
#4639=ORIENTED_EDGE('',*,*,#6324,.T.);
#4640=ORIENTED_EDGE('',*,*,#5131,.F.);
#4641=ORIENTED_EDGE('',*,*,#6328,.F.);
#4642=ORIENTED_EDGE('',*,*,#6329,.T.);
#4643=ORIENTED_EDGE('',*,*,#6326,.T.);
#4644=ORIENTED_EDGE('',*,*,#5130,.F.);
#4645=ORIENTED_EDGE('',*,*,#6330,.F.);
#4646=ORIENTED_EDGE('',*,*,#6331,.T.);
#4647=ORIENTED_EDGE('',*,*,#6328,.T.);
#4648=ORIENTED_EDGE('',*,*,#5129,.F.);
#4649=ORIENTED_EDGE('',*,*,#6332,.F.);
#4650=ORIENTED_EDGE('',*,*,#6333,.T.);
#4651=ORIENTED_EDGE('',*,*,#6330,.T.);
#4652=ORIENTED_EDGE('',*,*,#5128,.F.);
#4653=ORIENTED_EDGE('',*,*,#6317,.F.);
#4654=ORIENTED_EDGE('',*,*,#6334,.T.);
#4655=ORIENTED_EDGE('',*,*,#6332,.T.);
#4656=ORIENTED_EDGE('',*,*,#6316,.F.);
#4657=ORIENTED_EDGE('',*,*,#6319,.F.);
#4658=ORIENTED_EDGE('',*,*,#6321,.F.);
#4659=ORIENTED_EDGE('',*,*,#6323,.F.);
#4660=ORIENTED_EDGE('',*,*,#6325,.F.);
#4661=ORIENTED_EDGE('',*,*,#6327,.F.);
#4662=ORIENTED_EDGE('',*,*,#6329,.F.);
#4663=ORIENTED_EDGE('',*,*,#6331,.F.);
#4664=ORIENTED_EDGE('',*,*,#6333,.F.);
#4665=ORIENTED_EDGE('',*,*,#6334,.F.);
#4666=ORIENTED_EDGE('',*,*,#5108,.F.);
#4667=ORIENTED_EDGE('',*,*,#6335,.F.);
#4668=ORIENTED_EDGE('',*,*,#6336,.T.);
#4669=ORIENTED_EDGE('',*,*,#6337,.T.);
#4670=ORIENTED_EDGE('',*,*,#5107,.F.);
#4671=ORIENTED_EDGE('',*,*,#6338,.F.);
#4672=ORIENTED_EDGE('',*,*,#6339,.T.);
#4673=ORIENTED_EDGE('',*,*,#6335,.T.);
#4674=ORIENTED_EDGE('',*,*,#5125,.F.);
#4675=ORIENTED_EDGE('',*,*,#6340,.F.);
#4676=ORIENTED_EDGE('',*,*,#6341,.T.);
#4677=ORIENTED_EDGE('',*,*,#6338,.T.);
#4678=ORIENTED_EDGE('',*,*,#5124,.F.);
#4679=ORIENTED_EDGE('',*,*,#6342,.F.);
#4680=ORIENTED_EDGE('',*,*,#6343,.T.);
#4681=ORIENTED_EDGE('',*,*,#6340,.T.);
#4682=ORIENTED_EDGE('',*,*,#5123,.F.);
#4683=ORIENTED_EDGE('',*,*,#6344,.F.);
#4684=ORIENTED_EDGE('',*,*,#6345,.T.);
#4685=ORIENTED_EDGE('',*,*,#6342,.T.);
#4686=ORIENTED_EDGE('',*,*,#5122,.F.);
#4687=ORIENTED_EDGE('',*,*,#6346,.F.);
#4688=ORIENTED_EDGE('',*,*,#6347,.T.);
#4689=ORIENTED_EDGE('',*,*,#6344,.T.);
#4690=ORIENTED_EDGE('',*,*,#5121,.F.);
#4691=ORIENTED_EDGE('',*,*,#6348,.F.);
#4692=ORIENTED_EDGE('',*,*,#6349,.T.);
#4693=ORIENTED_EDGE('',*,*,#6346,.T.);
#4694=ORIENTED_EDGE('',*,*,#5120,.F.);
#4695=ORIENTED_EDGE('',*,*,#6350,.F.);
#4696=ORIENTED_EDGE('',*,*,#6351,.T.);
#4697=ORIENTED_EDGE('',*,*,#6348,.T.);
#4698=ORIENTED_EDGE('',*,*,#5119,.F.);
#4699=ORIENTED_EDGE('',*,*,#6352,.F.);
#4700=ORIENTED_EDGE('',*,*,#6353,.T.);
#4701=ORIENTED_EDGE('',*,*,#6350,.T.);
#4702=ORIENTED_EDGE('',*,*,#5118,.F.);
#4703=ORIENTED_EDGE('',*,*,#6354,.F.);
#4704=ORIENTED_EDGE('',*,*,#6355,.T.);
#4705=ORIENTED_EDGE('',*,*,#6352,.T.);
#4706=ORIENTED_EDGE('',*,*,#5117,.F.);
#4707=ORIENTED_EDGE('',*,*,#6356,.F.);
#4708=ORIENTED_EDGE('',*,*,#6357,.T.);
#4709=ORIENTED_EDGE('',*,*,#6354,.T.);
#4710=ORIENTED_EDGE('',*,*,#5116,.F.);
#4711=ORIENTED_EDGE('',*,*,#6358,.F.);
#4712=ORIENTED_EDGE('',*,*,#6359,.T.);
#4713=ORIENTED_EDGE('',*,*,#6356,.T.);
#4714=ORIENTED_EDGE('',*,*,#5115,.F.);
#4715=ORIENTED_EDGE('',*,*,#6360,.F.);
#4716=ORIENTED_EDGE('',*,*,#6361,.T.);
#4717=ORIENTED_EDGE('',*,*,#6358,.T.);
#4718=ORIENTED_EDGE('',*,*,#5114,.F.);
#4719=ORIENTED_EDGE('',*,*,#6362,.F.);
#4720=ORIENTED_EDGE('',*,*,#6363,.T.);
#4721=ORIENTED_EDGE('',*,*,#6360,.T.);
#4722=ORIENTED_EDGE('',*,*,#5113,.F.);
#4723=ORIENTED_EDGE('',*,*,#6364,.F.);
#4724=ORIENTED_EDGE('',*,*,#6365,.T.);
#4725=ORIENTED_EDGE('',*,*,#6362,.T.);
#4726=ORIENTED_EDGE('',*,*,#5112,.F.);
#4727=ORIENTED_EDGE('',*,*,#6366,.F.);
#4728=ORIENTED_EDGE('',*,*,#6367,.T.);
#4729=ORIENTED_EDGE('',*,*,#6364,.T.);
#4730=ORIENTED_EDGE('',*,*,#5111,.F.);
#4731=ORIENTED_EDGE('',*,*,#6368,.F.);
#4732=ORIENTED_EDGE('',*,*,#6369,.T.);
#4733=ORIENTED_EDGE('',*,*,#6366,.T.);
#4734=ORIENTED_EDGE('',*,*,#5110,.F.);
#4735=ORIENTED_EDGE('',*,*,#6370,.F.);
#4736=ORIENTED_EDGE('',*,*,#6371,.T.);
#4737=ORIENTED_EDGE('',*,*,#6368,.T.);
#4738=ORIENTED_EDGE('',*,*,#5109,.F.);
#4739=ORIENTED_EDGE('',*,*,#6337,.F.);
#4740=ORIENTED_EDGE('',*,*,#6372,.T.);
#4741=ORIENTED_EDGE('',*,*,#6370,.T.);
#4742=ORIENTED_EDGE('',*,*,#6336,.F.);
#4743=ORIENTED_EDGE('',*,*,#6339,.F.);
#4744=ORIENTED_EDGE('',*,*,#6341,.F.);
#4745=ORIENTED_EDGE('',*,*,#6343,.F.);
#4746=ORIENTED_EDGE('',*,*,#6345,.F.);
#4747=ORIENTED_EDGE('',*,*,#6347,.F.);
#4748=ORIENTED_EDGE('',*,*,#6349,.F.);
#4749=ORIENTED_EDGE('',*,*,#6351,.F.);
#4750=ORIENTED_EDGE('',*,*,#6353,.F.);
#4751=ORIENTED_EDGE('',*,*,#6355,.F.);
#4752=ORIENTED_EDGE('',*,*,#6357,.F.);
#4753=ORIENTED_EDGE('',*,*,#6359,.F.);
#4754=ORIENTED_EDGE('',*,*,#6361,.F.);
#4755=ORIENTED_EDGE('',*,*,#6363,.F.);
#4756=ORIENTED_EDGE('',*,*,#6365,.F.);
#4757=ORIENTED_EDGE('',*,*,#6367,.F.);
#4758=ORIENTED_EDGE('',*,*,#6369,.F.);
#4759=ORIENTED_EDGE('',*,*,#6371,.F.);
#4760=ORIENTED_EDGE('',*,*,#6372,.F.);
#4761=ORIENTED_EDGE('',*,*,#5096,.F.);
#4762=ORIENTED_EDGE('',*,*,#6373,.F.);
#4763=ORIENTED_EDGE('',*,*,#6374,.T.);
#4764=ORIENTED_EDGE('',*,*,#6375,.T.);
#4765=ORIENTED_EDGE('',*,*,#5095,.F.);
#4766=ORIENTED_EDGE('',*,*,#6376,.F.);
#4767=ORIENTED_EDGE('',*,*,#6377,.T.);
#4768=ORIENTED_EDGE('',*,*,#6373,.T.);
#4769=ORIENTED_EDGE('',*,*,#5106,.F.);
#4770=ORIENTED_EDGE('',*,*,#6378,.F.);
#4771=ORIENTED_EDGE('',*,*,#6379,.T.);
#4772=ORIENTED_EDGE('',*,*,#6376,.T.);
#4773=ORIENTED_EDGE('',*,*,#5105,.F.);
#4774=ORIENTED_EDGE('',*,*,#6380,.F.);
#4775=ORIENTED_EDGE('',*,*,#6381,.T.);
#4776=ORIENTED_EDGE('',*,*,#6378,.T.);
#4777=ORIENTED_EDGE('',*,*,#5104,.F.);
#4778=ORIENTED_EDGE('',*,*,#6382,.F.);
#4779=ORIENTED_EDGE('',*,*,#6383,.T.);
#4780=ORIENTED_EDGE('',*,*,#6380,.T.);
#4781=ORIENTED_EDGE('',*,*,#5103,.F.);
#4782=ORIENTED_EDGE('',*,*,#6384,.F.);
#4783=ORIENTED_EDGE('',*,*,#6385,.T.);
#4784=ORIENTED_EDGE('',*,*,#6382,.T.);
#4785=ORIENTED_EDGE('',*,*,#5102,.F.);
#4786=ORIENTED_EDGE('',*,*,#6386,.F.);
#4787=ORIENTED_EDGE('',*,*,#6387,.T.);
#4788=ORIENTED_EDGE('',*,*,#6384,.T.);
#4789=ORIENTED_EDGE('',*,*,#5101,.F.);
#4790=ORIENTED_EDGE('',*,*,#6388,.F.);
#4791=ORIENTED_EDGE('',*,*,#6389,.T.);
#4792=ORIENTED_EDGE('',*,*,#6386,.T.);
#4793=ORIENTED_EDGE('',*,*,#5100,.F.);
#4794=ORIENTED_EDGE('',*,*,#6390,.F.);
#4795=ORIENTED_EDGE('',*,*,#6391,.T.);
#4796=ORIENTED_EDGE('',*,*,#6388,.T.);
#4797=ORIENTED_EDGE('',*,*,#5099,.F.);
#4798=ORIENTED_EDGE('',*,*,#6392,.F.);
#4799=ORIENTED_EDGE('',*,*,#6393,.T.);
#4800=ORIENTED_EDGE('',*,*,#6390,.T.);
#4801=ORIENTED_EDGE('',*,*,#5098,.F.);
#4802=ORIENTED_EDGE('',*,*,#6394,.F.);
#4803=ORIENTED_EDGE('',*,*,#6395,.T.);
#4804=ORIENTED_EDGE('',*,*,#6392,.T.);
#4805=ORIENTED_EDGE('',*,*,#5097,.F.);
#4806=ORIENTED_EDGE('',*,*,#6375,.F.);
#4807=ORIENTED_EDGE('',*,*,#6396,.T.);
#4808=ORIENTED_EDGE('',*,*,#6394,.T.);
#4809=ORIENTED_EDGE('',*,*,#6374,.F.);
#4810=ORIENTED_EDGE('',*,*,#6377,.F.);
#4811=ORIENTED_EDGE('',*,*,#6379,.F.);
#4812=ORIENTED_EDGE('',*,*,#6381,.F.);
#4813=ORIENTED_EDGE('',*,*,#6383,.F.);
#4814=ORIENTED_EDGE('',*,*,#6385,.F.);
#4815=ORIENTED_EDGE('',*,*,#6387,.F.);
#4816=ORIENTED_EDGE('',*,*,#6389,.F.);
#4817=ORIENTED_EDGE('',*,*,#6391,.F.);
#4818=ORIENTED_EDGE('',*,*,#6393,.F.);
#4819=ORIENTED_EDGE('',*,*,#6395,.F.);
#4820=ORIENTED_EDGE('',*,*,#6396,.F.);
#4821=ORIENTED_EDGE('',*,*,#6397,.F.);
#4822=ORIENTED_EDGE('',*,*,#6398,.F.);
#4823=ORIENTED_EDGE('',*,*,#6399,.T.);
#4824=ORIENTED_EDGE('',*,*,#6400,.T.);
#4825=ORIENTED_EDGE('',*,*,#6401,.F.);
#4826=ORIENTED_EDGE('',*,*,#6402,.F.);
#4827=ORIENTED_EDGE('',*,*,#6403,.T.);
#4828=ORIENTED_EDGE('',*,*,#6398,.T.);
#4829=ORIENTED_EDGE('',*,*,#6404,.F.);
#4830=ORIENTED_EDGE('',*,*,#6405,.F.);
#4831=ORIENTED_EDGE('',*,*,#6406,.T.);
#4832=ORIENTED_EDGE('',*,*,#6402,.T.);
#4833=ORIENTED_EDGE('',*,*,#6407,.F.);
#4834=ORIENTED_EDGE('',*,*,#6408,.F.);
#4835=ORIENTED_EDGE('',*,*,#6409,.T.);
#4836=ORIENTED_EDGE('',*,*,#6405,.T.);
#4837=ORIENTED_EDGE('',*,*,#6410,.F.);
#4838=ORIENTED_EDGE('',*,*,#6411,.F.);
#4839=ORIENTED_EDGE('',*,*,#6412,.T.);
#4840=ORIENTED_EDGE('',*,*,#6408,.T.);
#4841=ORIENTED_EDGE('',*,*,#6413,.F.);
#4842=ORIENTED_EDGE('',*,*,#6414,.F.);
#4843=ORIENTED_EDGE('',*,*,#6415,.T.);
#4844=ORIENTED_EDGE('',*,*,#6416,.T.);
#4845=ORIENTED_EDGE('',*,*,#6417,.F.);
#4846=ORIENTED_EDGE('',*,*,#6418,.F.);
#4847=ORIENTED_EDGE('',*,*,#6419,.T.);
#4848=ORIENTED_EDGE('',*,*,#6414,.T.);
#4849=ORIENTED_EDGE('',*,*,#6420,.F.);
#4850=ORIENTED_EDGE('',*,*,#6421,.F.);
#4851=ORIENTED_EDGE('',*,*,#6422,.T.);
#4852=ORIENTED_EDGE('',*,*,#6418,.T.);
#4853=ORIENTED_EDGE('',*,*,#6423,.F.);
#4854=ORIENTED_EDGE('',*,*,#6424,.F.);
#4855=ORIENTED_EDGE('',*,*,#6425,.T.);
#4856=ORIENTED_EDGE('',*,*,#6421,.T.);
#4857=ORIENTED_EDGE('',*,*,#6426,.F.);
#4858=ORIENTED_EDGE('',*,*,#6427,.F.);
#4859=ORIENTED_EDGE('',*,*,#6428,.T.);
#4860=ORIENTED_EDGE('',*,*,#6424,.T.);
#4861=ORIENTED_EDGE('',*,*,#6429,.F.);
#4862=ORIENTED_EDGE('',*,*,#6430,.F.);
#4863=ORIENTED_EDGE('',*,*,#6431,.T.);
#4864=ORIENTED_EDGE('',*,*,#6427,.T.);
#4865=ORIENTED_EDGE('',*,*,#5507,.F.);
#4866=ORIENTED_EDGE('',*,*,#6432,.F.);
#4867=ORIENTED_EDGE('',*,*,#6433,.T.);
#4868=ORIENTED_EDGE('',*,*,#6434,.T.);
#4869=ORIENTED_EDGE('',*,*,#5506,.F.);
#4870=ORIENTED_EDGE('',*,*,#6435,.F.);
#4871=ORIENTED_EDGE('',*,*,#6436,.T.);
#4872=ORIENTED_EDGE('',*,*,#6432,.T.);
#4873=ORIENTED_EDGE('',*,*,#5517,.F.);
#4874=ORIENTED_EDGE('',*,*,#6437,.F.);
#4875=ORIENTED_EDGE('',*,*,#6438,.T.);
#4876=ORIENTED_EDGE('',*,*,#6435,.T.);
#4877=ORIENTED_EDGE('',*,*,#5516,.F.);
#4878=ORIENTED_EDGE('',*,*,#6439,.F.);
#4879=ORIENTED_EDGE('',*,*,#6440,.T.);
#4880=ORIENTED_EDGE('',*,*,#6437,.T.);
#4881=ORIENTED_EDGE('',*,*,#5515,.F.);
#4882=ORIENTED_EDGE('',*,*,#6441,.F.);
#4883=ORIENTED_EDGE('',*,*,#6442,.T.);
#4884=ORIENTED_EDGE('',*,*,#6439,.T.);
#4885=ORIENTED_EDGE('',*,*,#5514,.F.);
#4886=ORIENTED_EDGE('',*,*,#6443,.F.);
#4887=ORIENTED_EDGE('',*,*,#6444,.T.);
#4888=ORIENTED_EDGE('',*,*,#6441,.T.);
#4889=ORIENTED_EDGE('',*,*,#5513,.F.);
#4890=ORIENTED_EDGE('',*,*,#6445,.F.);
#4891=ORIENTED_EDGE('',*,*,#6446,.T.);
#4892=ORIENTED_EDGE('',*,*,#6443,.T.);
#4893=ORIENTED_EDGE('',*,*,#5512,.F.);
#4894=ORIENTED_EDGE('',*,*,#6447,.F.);
#4895=ORIENTED_EDGE('',*,*,#6448,.T.);
#4896=ORIENTED_EDGE('',*,*,#6445,.T.);
#4897=ORIENTED_EDGE('',*,*,#5511,.F.);
#4898=ORIENTED_EDGE('',*,*,#6449,.F.);
#4899=ORIENTED_EDGE('',*,*,#6450,.T.);
#4900=ORIENTED_EDGE('',*,*,#6447,.T.);
#4901=ORIENTED_EDGE('',*,*,#5510,.F.);
#4902=ORIENTED_EDGE('',*,*,#6451,.F.);
#4903=ORIENTED_EDGE('',*,*,#6452,.T.);
#4904=ORIENTED_EDGE('',*,*,#6449,.T.);
#4905=ORIENTED_EDGE('',*,*,#5509,.F.);
#4906=ORIENTED_EDGE('',*,*,#6453,.F.);
#4907=ORIENTED_EDGE('',*,*,#6454,.T.);
#4908=ORIENTED_EDGE('',*,*,#6451,.T.);
#4909=ORIENTED_EDGE('',*,*,#6455,.F.);
#4910=ORIENTED_EDGE('',*,*,#6416,.F.);
#4911=ORIENTED_EDGE('',*,*,#6456,.T.);
#4912=ORIENTED_EDGE('',*,*,#6430,.T.);
#4913=ORIENTED_EDGE('',*,*,#5508,.F.);
#4914=ORIENTED_EDGE('',*,*,#6434,.F.);
#4915=ORIENTED_EDGE('',*,*,#6457,.T.);
#4916=ORIENTED_EDGE('',*,*,#6453,.T.);
#4917=ORIENTED_EDGE('',*,*,#6458,.F.);
#4918=ORIENTED_EDGE('',*,*,#6400,.F.);
#4919=ORIENTED_EDGE('',*,*,#6459,.T.);
#4920=ORIENTED_EDGE('',*,*,#6411,.T.);
#4921=ORIENTED_EDGE('',*,*,#6433,.F.);
#4922=ORIENTED_EDGE('',*,*,#6436,.F.);
#4923=ORIENTED_EDGE('',*,*,#6438,.F.);
#4924=ORIENTED_EDGE('',*,*,#6440,.F.);
#4925=ORIENTED_EDGE('',*,*,#6442,.F.);
#4926=ORIENTED_EDGE('',*,*,#6444,.F.);
#4927=ORIENTED_EDGE('',*,*,#6446,.F.);
#4928=ORIENTED_EDGE('',*,*,#6448,.F.);
#4929=ORIENTED_EDGE('',*,*,#6450,.F.);
#4930=ORIENTED_EDGE('',*,*,#6452,.F.);
#4931=ORIENTED_EDGE('',*,*,#6454,.F.);
#4932=ORIENTED_EDGE('',*,*,#6457,.F.);
#4933=ORIENTED_EDGE('',*,*,#6415,.F.);
#4934=ORIENTED_EDGE('',*,*,#6419,.F.);
#4935=ORIENTED_EDGE('',*,*,#6422,.F.);
#4936=ORIENTED_EDGE('',*,*,#6425,.F.);
#4937=ORIENTED_EDGE('',*,*,#6428,.F.);
#4938=ORIENTED_EDGE('',*,*,#6431,.F.);
#4939=ORIENTED_EDGE('',*,*,#6456,.F.);
#4940=ORIENTED_EDGE('',*,*,#6399,.F.);
#4941=ORIENTED_EDGE('',*,*,#6403,.F.);
#4942=ORIENTED_EDGE('',*,*,#6406,.F.);
#4943=ORIENTED_EDGE('',*,*,#6409,.F.);
#4944=ORIENTED_EDGE('',*,*,#6412,.F.);
#4945=ORIENTED_EDGE('',*,*,#6459,.F.);
#4946=ORIENTED_EDGE('',*,*,#6417,.T.);
#4947=ORIENTED_EDGE('',*,*,#6413,.T.);
#4948=ORIENTED_EDGE('',*,*,#6455,.T.);
#4949=ORIENTED_EDGE('',*,*,#6429,.T.);
#4950=ORIENTED_EDGE('',*,*,#6426,.T.);
#4951=ORIENTED_EDGE('',*,*,#6423,.T.);
#4952=ORIENTED_EDGE('',*,*,#6420,.T.);
#4953=ORIENTED_EDGE('',*,*,#6460,.F.);
#4954=ORIENTED_EDGE('',*,*,#6461,.F.);
#4955=ORIENTED_EDGE('',*,*,#6462,.T.);
#4956=ORIENTED_EDGE('',*,*,#6463,.T.);
#4957=ORIENTED_EDGE('',*,*,#6464,.F.);
#4958=ORIENTED_EDGE('',*,*,#6465,.F.);
#4959=ORIENTED_EDGE('',*,*,#6466,.T.);
#4960=ORIENTED_EDGE('',*,*,#6461,.T.);
#4961=ORIENTED_EDGE('',*,*,#6467,.F.);
#4962=ORIENTED_EDGE('',*,*,#6468,.F.);
#4963=ORIENTED_EDGE('',*,*,#6469,.T.);
#4964=ORIENTED_EDGE('',*,*,#6465,.T.);
#4965=ORIENTED_EDGE('',*,*,#6470,.F.);
#4966=ORIENTED_EDGE('',*,*,#6471,.F.);
#4967=ORIENTED_EDGE('',*,*,#6472,.T.);
#4968=ORIENTED_EDGE('',*,*,#6468,.T.);
#4969=ORIENTED_EDGE('',*,*,#5089,.F.);
#4970=ORIENTED_EDGE('',*,*,#6473,.F.);
#4971=ORIENTED_EDGE('',*,*,#6474,.T.);
#4972=ORIENTED_EDGE('',*,*,#6475,.T.);
#4973=ORIENTED_EDGE('',*,*,#5088,.F.);
#4974=ORIENTED_EDGE('',*,*,#6476,.F.);
#4975=ORIENTED_EDGE('',*,*,#6477,.T.);
#4976=ORIENTED_EDGE('',*,*,#6473,.T.);
#4977=ORIENTED_EDGE('',*,*,#5094,.F.);
#4978=ORIENTED_EDGE('',*,*,#6478,.F.);
#4979=ORIENTED_EDGE('',*,*,#6479,.T.);
#4980=ORIENTED_EDGE('',*,*,#6476,.T.);
#4981=ORIENTED_EDGE('',*,*,#5093,.F.);
#4982=ORIENTED_EDGE('',*,*,#6480,.F.);
#4983=ORIENTED_EDGE('',*,*,#6481,.T.);
#4984=ORIENTED_EDGE('',*,*,#6478,.T.);
#4985=ORIENTED_EDGE('',*,*,#5092,.F.);
#4986=ORIENTED_EDGE('',*,*,#6482,.F.);
#4987=ORIENTED_EDGE('',*,*,#6483,.T.);
#4988=ORIENTED_EDGE('',*,*,#6480,.T.);
#4989=ORIENTED_EDGE('',*,*,#5091,.F.);
#4990=ORIENTED_EDGE('',*,*,#6484,.F.);
#4991=ORIENTED_EDGE('',*,*,#6485,.T.);
#4992=ORIENTED_EDGE('',*,*,#6482,.T.);
#4993=ORIENTED_EDGE('',*,*,#5090,.F.);
#4994=ORIENTED_EDGE('',*,*,#6475,.F.);
#4995=ORIENTED_EDGE('',*,*,#6486,.T.);
#4996=ORIENTED_EDGE('',*,*,#6484,.T.);
#4997=ORIENTED_EDGE('',*,*,#6487,.F.);
#4998=ORIENTED_EDGE('',*,*,#6463,.F.);
#4999=ORIENTED_EDGE('',*,*,#6488,.T.);
#5000=ORIENTED_EDGE('',*,*,#6471,.T.);
#5001=ORIENTED_EDGE('',*,*,#6474,.F.);
#5002=ORIENTED_EDGE('',*,*,#6477,.F.);
#5003=ORIENTED_EDGE('',*,*,#6479,.F.);
#5004=ORIENTED_EDGE('',*,*,#6481,.F.);
#5005=ORIENTED_EDGE('',*,*,#6483,.F.);
#5006=ORIENTED_EDGE('',*,*,#6485,.F.);
#5007=ORIENTED_EDGE('',*,*,#6486,.F.);
#5008=ORIENTED_EDGE('',*,*,#6462,.F.);
#5009=ORIENTED_EDGE('',*,*,#6466,.F.);
#5010=ORIENTED_EDGE('',*,*,#6469,.F.);
#5011=ORIENTED_EDGE('',*,*,#6472,.F.);
#5012=ORIENTED_EDGE('',*,*,#6488,.F.);
#5013=ORIENTED_EDGE('',*,*,#6489,.F.);
#5014=ORIENTED_EDGE('',*,*,#6490,.F.);
#5015=ORIENTED_EDGE('',*,*,#6491,.T.);
#5016=ORIENTED_EDGE('',*,*,#6492,.T.);
#5017=ORIENTED_EDGE('',*,*,#6493,.F.);
#5018=ORIENTED_EDGE('',*,*,#6494,.F.);
#5019=ORIENTED_EDGE('',*,*,#6495,.T.);
#5020=ORIENTED_EDGE('',*,*,#6490,.T.);
#5021=ORIENTED_EDGE('',*,*,#6496,.F.);
#5022=ORIENTED_EDGE('',*,*,#6497,.F.);
#5023=ORIENTED_EDGE('',*,*,#6498,.T.);
#5024=ORIENTED_EDGE('',*,*,#6494,.T.);
#5025=ORIENTED_EDGE('',*,*,#5519,.F.);
#5026=ORIENTED_EDGE('',*,*,#6499,.F.);
#5027=ORIENTED_EDGE('',*,*,#6500,.T.);
#5028=ORIENTED_EDGE('',*,*,#6501,.T.);
#5029=ORIENTED_EDGE('',*,*,#5518,.F.);
#5030=ORIENTED_EDGE('',*,*,#6502,.F.);
#5031=ORIENTED_EDGE('',*,*,#6503,.T.);
#5032=ORIENTED_EDGE('',*,*,#6499,.T.);
#5033=ORIENTED_EDGE('',*,*,#5525,.F.);
#5034=ORIENTED_EDGE('',*,*,#6504,.F.);
#5035=ORIENTED_EDGE('',*,*,#6505,.T.);
#5036=ORIENTED_EDGE('',*,*,#6502,.T.);
#5037=ORIENTED_EDGE('',*,*,#5524,.F.);
#5038=ORIENTED_EDGE('',*,*,#6506,.F.);
#5039=ORIENTED_EDGE('',*,*,#6507,.T.);
#5040=ORIENTED_EDGE('',*,*,#6504,.T.);
#5041=ORIENTED_EDGE('',*,*,#5523,.F.);
#5042=ORIENTED_EDGE('',*,*,#6508,.F.);
#5043=ORIENTED_EDGE('',*,*,#6509,.T.);
#5044=ORIENTED_EDGE('',*,*,#6506,.T.);
#5045=ORIENTED_EDGE('',*,*,#5522,.F.);
#5046=ORIENTED_EDGE('',*,*,#6510,.F.);
#5047=ORIENTED_EDGE('',*,*,#6511,.T.);
#5048=ORIENTED_EDGE('',*,*,#6508,.T.);
#5049=ORIENTED_EDGE('',*,*,#5521,.F.);
#5050=ORIENTED_EDGE('',*,*,#6512,.F.);
#5051=ORIENTED_EDGE('',*,*,#6513,.T.);
#5052=ORIENTED_EDGE('',*,*,#6510,.T.);
#5053=ORIENTED_EDGE('',*,*,#5520,.F.);
#5054=ORIENTED_EDGE('',*,*,#6501,.F.);
#5055=ORIENTED_EDGE('',*,*,#6514,.T.);
#5056=ORIENTED_EDGE('',*,*,#6512,.T.);
#5057=ORIENTED_EDGE('',*,*,#6515,.F.);
#5058=ORIENTED_EDGE('',*,*,#6492,.F.);
#5059=ORIENTED_EDGE('',*,*,#6516,.T.);
#5060=ORIENTED_EDGE('',*,*,#6497,.T.);
#5061=ORIENTED_EDGE('',*,*,#6500,.F.);
#5062=ORIENTED_EDGE('',*,*,#6503,.F.);
#5063=ORIENTED_EDGE('',*,*,#6505,.F.);
#5064=ORIENTED_EDGE('',*,*,#6507,.F.);
#5065=ORIENTED_EDGE('',*,*,#6509,.F.);
#5066=ORIENTED_EDGE('',*,*,#6511,.F.);
#5067=ORIENTED_EDGE('',*,*,#6513,.F.);
#5068=ORIENTED_EDGE('',*,*,#6514,.F.);
#5069=ORIENTED_EDGE('',*,*,#6491,.F.);
#5070=ORIENTED_EDGE('',*,*,#6495,.F.);
#5071=ORIENTED_EDGE('',*,*,#6498,.F.);
#5072=ORIENTED_EDGE('',*,*,#6516,.F.);
#5073=ORIENTED_EDGE('',*,*,#6401,.T.);
#5074=ORIENTED_EDGE('',*,*,#6397,.T.);
#5075=ORIENTED_EDGE('',*,*,#6458,.T.);
#5076=ORIENTED_EDGE('',*,*,#6410,.T.);
#5077=ORIENTED_EDGE('',*,*,#6407,.T.);
#5078=ORIENTED_EDGE('',*,*,#6404,.T.);
#5079=ORIENTED_EDGE('',*,*,#6464,.T.);
#5080=ORIENTED_EDGE('',*,*,#6460,.T.);
#5081=ORIENTED_EDGE('',*,*,#6487,.T.);
#5082=ORIENTED_EDGE('',*,*,#6470,.T.);
#5083=ORIENTED_EDGE('',*,*,#6467,.T.);
#5084=ORIENTED_EDGE('',*,*,#6493,.T.);
#5085=ORIENTED_EDGE('',*,*,#6489,.T.);
#5086=ORIENTED_EDGE('',*,*,#6515,.T.);
#5087=ORIENTED_EDGE('',*,*,#6496,.T.);
#5088=EDGE_CURVE('',#6517,#6518,#7537,.T.);
#5089=EDGE_CURVE('',#6518,#6519,#7538,.T.);
#5090=EDGE_CURVE('',#6519,#6520,#7539,.T.);
#5091=EDGE_CURVE('',#6520,#6521,#676,.T.);
#5092=EDGE_CURVE('',#6521,#6522,#677,.T.);
#5093=EDGE_CURVE('',#6522,#6523,#678,.T.);
#5094=EDGE_CURVE('',#6523,#6517,#7540,.T.);
#5095=EDGE_CURVE('',#6524,#6525,#679,.T.);
#5096=EDGE_CURVE('',#6525,#6526,#680,.T.);
#5097=EDGE_CURVE('',#6526,#6527,#681,.T.);
#5098=EDGE_CURVE('',#6527,#6528,#682,.T.);
#5099=EDGE_CURVE('',#6528,#6529,#683,.T.);
#5100=EDGE_CURVE('',#6529,#6530,#684,.T.);
#5101=EDGE_CURVE('',#6530,#6531,#685,.T.);
#5102=EDGE_CURVE('',#6531,#6532,#686,.T.);
#5103=EDGE_CURVE('',#6532,#6533,#687,.T.);
#5104=EDGE_CURVE('',#6533,#6534,#688,.T.);
#5105=EDGE_CURVE('',#6534,#6535,#689,.T.);
#5106=EDGE_CURVE('',#6535,#6524,#690,.T.);
#5107=EDGE_CURVE('',#6536,#6537,#691,.T.);
#5108=EDGE_CURVE('',#6537,#6538,#692,.T.);
#5109=EDGE_CURVE('',#6538,#6539,#693,.T.);
#5110=EDGE_CURVE('',#6539,#6540,#338,.F.);
#5111=EDGE_CURVE('',#6540,#6541,#339,.F.);
#5112=EDGE_CURVE('',#6541,#6542,#7541,.T.);
#5113=EDGE_CURVE('',#6542,#6543,#7542,.T.);
#5114=EDGE_CURVE('',#6543,#6544,#7543,.T.);
#5115=EDGE_CURVE('',#6544,#6545,#7544,.T.);
#5116=EDGE_CURVE('',#6545,#6546,#340,.F.);
#5117=EDGE_CURVE('',#6546,#6547,#694,.T.);
#5118=EDGE_CURVE('',#6547,#6548,#341,.T.);
#5119=EDGE_CURVE('',#6548,#6549,#7545,.T.);
#5120=EDGE_CURVE('',#6549,#6550,#7546,.T.);
#5121=EDGE_CURVE('',#6550,#6551,#7547,.T.);
#5122=EDGE_CURVE('',#6551,#6552,#7548,.T.);
#5123=EDGE_CURVE('',#6552,#6553,#342,.T.);
#5124=EDGE_CURVE('',#6553,#6554,#695,.T.);
#5125=EDGE_CURVE('',#6554,#6536,#696,.T.);
#5126=EDGE_CURVE('',#6555,#6556,#697,.T.);
#5127=EDGE_CURVE('',#6556,#6557,#698,.T.);
#5128=EDGE_CURVE('',#6557,#6558,#699,.T.);
#5129=EDGE_CURVE('',#6558,#6559,#700,.T.);
#5130=EDGE_CURVE('',#6559,#6560,#701,.T.);
#5131=EDGE_CURVE('',#6560,#6561,#702,.T.);
#5132=EDGE_CURVE('',#6561,#6562,#703,.T.);
#5133=EDGE_CURVE('',#6562,#6563,#704,.T.);
#5134=EDGE_CURVE('',#6563,#6564,#705,.T.);
#5135=EDGE_CURVE('',#6564,#6555,#706,.T.);
#5136=EDGE_CURVE('',#6565,#6566,#707,.T.);
#5137=EDGE_CURVE('',#6566,#6567,#708,.T.);
#5138=EDGE_CURVE('',#6567,#6568,#709,.T.);
#5139=EDGE_CURVE('',#6568,#6569,#710,.T.);
#5140=EDGE_CURVE('',#6569,#6570,#711,.T.);
#5141=EDGE_CURVE('',#6570,#6571,#712,.T.);
#5142=EDGE_CURVE('',#6571,#6572,#713,.T.);
#5143=EDGE_CURVE('',#6572,#6573,#714,.T.);
#5144=EDGE_CURVE('',#6573,#6574,#715,.T.);
#5145=EDGE_CURVE('',#6574,#6575,#716,.T.);
#5146=EDGE_CURVE('',#6575,#6576,#717,.T.);
#5147=EDGE_CURVE('',#6576,#6565,#718,.T.);
#5148=EDGE_CURVE('',#6577,#6578,#343,.T.);
#5149=EDGE_CURVE('',#6578,#6579,#7549,.T.);
#5150=EDGE_CURVE('',#6579,#6580,#7550,.T.);
#5151=EDGE_CURVE('',#6580,#6581,#7551,.T.);
#5152=EDGE_CURVE('',#6581,#6582,#7552,.T.);
#5153=EDGE_CURVE('',#6582,#6583,#719,.T.);
#5154=EDGE_CURVE('',#6583,#6584,#7553,.T.);
#5155=EDGE_CURVE('',#6584,#6585,#7554,.T.);
#5156=EDGE_CURVE('',#6585,#6586,#7555,.T.);
#5157=EDGE_CURVE('',#6586,#6587,#7556,.T.);
#5158=EDGE_CURVE('',#6587,#6588,#7557,.T.);
#5159=EDGE_CURVE('',#6588,#6589,#7558,.T.);
#5160=EDGE_CURVE('',#6589,#6590,#7559,.T.);
#5161=EDGE_CURVE('',#6590,#6591,#720,.T.);
#5162=EDGE_CURVE('',#6591,#6577,#344,.T.);
#5163=EDGE_CURVE('',#6592,#6593,#345,.T.);
#5164=EDGE_CURVE('',#6593,#6594,#721,.T.);
#5165=EDGE_CURVE('',#6594,#6595,#722,.T.);
#5166=EDGE_CURVE('',#6595,#6596,#346,.T.);
#5167=EDGE_CURVE('',#6597,#6596,#723,.T.);
#5168=EDGE_CURVE('',#6597,#6598,#347,.T.);
#5169=EDGE_CURVE('',#6599,#6598,#724,.T.);
#5170=EDGE_CURVE('',#6600,#6599,#725,.T.);
#5171=EDGE_CURVE('',#6601,#6600,#348,.T.);
#5172=EDGE_CURVE('',#6601,#6602,#726,.T.);
#5173=EDGE_CURVE('',#6603,#6602,#727,.T.);
#5174=EDGE_CURVE('',#6604,#6603,#728,.T.);
#5175=EDGE_CURVE('',#6604,#6605,#349,.T.);
#5176=EDGE_CURVE('',#6605,#6606,#729,.T.);
#5177=EDGE_CURVE('',#6607,#6606,#730,.T.);
#5178=EDGE_CURVE('',#6607,#6608,#350,.T.);
#5179=EDGE_CURVE('',#6608,#6609,#731,.T.);
#5180=EDGE_CURVE('',#6609,#6610,#351,.T.);
#5181=EDGE_CURVE('',#6610,#6611,#732,.T.);
#5182=EDGE_CURVE('',#6612,#6611,#733,.T.);
#5183=EDGE_CURVE('',#6613,#6612,#352,.T.);
#5184=EDGE_CURVE('',#6613,#6614,#734,.T.);
#5185=EDGE_CURVE('',#6614,#6615,#735,.T.);
#5186=EDGE_CURVE('',#6592,#6615,#736,.T.);
#5187=EDGE_CURVE('',#6616,#6617,#737,.T.);
#5188=EDGE_CURVE('',#6617,#6618,#738,.T.);
#5189=EDGE_CURVE('',#6618,#6619,#739,.T.);
#5190=EDGE_CURVE('',#6619,#6620,#740,.T.);
#5191=EDGE_CURVE('',#6620,#6621,#741,.T.);
#5192=EDGE_CURVE('',#6621,#6622,#353,.F.);
#5193=EDGE_CURVE('',#6622,#6623,#742,.T.);
#5194=EDGE_CURVE('',#6623,#6624,#743,.T.);
#5195=EDGE_CURVE('',#6624,#6625,#744,.T.);
#5196=EDGE_CURVE('',#6625,#6616,#745,.T.);
#5197=EDGE_CURVE('',#6626,#6627,#7560,.T.);
#5198=EDGE_CURVE('',#6627,#6628,#7561,.T.);
#5199=EDGE_CURVE('',#6628,#6629,#7562,.T.);
#5200=EDGE_CURVE('',#6629,#6630,#7563,.T.);
#5201=EDGE_CURVE('',#6630,#6631,#746,.T.);
#5202=EDGE_CURVE('',#6631,#6632,#354,.T.);
#5203=EDGE_CURVE('',#6632,#6633,#7564,.T.);
#5204=EDGE_CURVE('',#6633,#6634,#355,.T.);
#5205=EDGE_CURVE('',#6634,#6635,#7565,.T.);
#5206=EDGE_CURVE('',#6635,#6636,#747,.T.);
#5207=EDGE_CURVE('',#6636,#6637,#7566,.T.);
#5208=EDGE_CURVE('',#6637,#6638,#7567,.T.);
#5209=EDGE_CURVE('',#6638,#6639,#7568,.T.);
#5210=EDGE_CURVE('',#6639,#6640,#7569,.T.);
#5211=EDGE_CURVE('',#6640,#6641,#7570,.T.);
#5212=EDGE_CURVE('',#6641,#6642,#7571,.T.);
#5213=EDGE_CURVE('',#6642,#6643,#7572,.T.);
#5214=EDGE_CURVE('',#6643,#6626,#7573,.T.);
#5215=EDGE_CURVE('',#6644,#6645,#748,.T.);
#5216=EDGE_CURVE('',#6645,#6646,#749,.T.);
#5217=EDGE_CURVE('',#6646,#6647,#750,.T.);
#5218=EDGE_CURVE('',#6647,#6648,#751,.T.);
#5219=EDGE_CURVE('',#6648,#6649,#752,.T.);
#5220=EDGE_CURVE('',#6649,#6650,#753,.T.);
#5221=EDGE_CURVE('',#6650,#6651,#754,.T.);
#5222=EDGE_CURVE('',#6651,#6652,#755,.T.);
#5223=EDGE_CURVE('',#6652,#6653,#756,.T.);
#5224=EDGE_CURVE('',#6653,#6654,#757,.T.);
#5225=EDGE_CURVE('',#6654,#6644,#758,.T.);
#5226=EDGE_CURVE('',#6655,#6656,#7574,.T.);
#5227=EDGE_CURVE('',#6656,#6657,#7575,.T.);
#5228=EDGE_CURVE('',#6657,#6658,#7576,.T.);
#5229=EDGE_CURVE('',#6658,#6659,#356,.F.);
#5230=EDGE_CURVE('',#6659,#6660,#7577,.T.);
#5231=EDGE_CURVE('',#6660,#6661,#7578,.T.);
#5232=EDGE_CURVE('',#6661,#6662,#357,.F.);
#5233=EDGE_CURVE('',#6662,#6663,#7579,.T.);
#5234=EDGE_CURVE('',#6663,#6664,#7580,.T.);
#5235=EDGE_CURVE('',#6664,#6665,#7581,.T.);
#5236=EDGE_CURVE('',#6665,#6666,#7582,.T.);
#5237=EDGE_CURVE('',#6666,#6667,#358,.F.);
#5238=EDGE_CURVE('',#6667,#6668,#7583,.T.);
#5239=EDGE_CURVE('',#6668,#6669,#7584,.T.);
#5240=EDGE_CURVE('',#6669,#6670,#359,.F.);
#5241=EDGE_CURVE('',#6670,#6655,#7585,.T.);
#5242=EDGE_CURVE('',#6671,#6671,#360,.T.);
#5243=EDGE_CURVE('',#6672,#6672,#361,.T.);
#5244=EDGE_CURVE('',#6673,#6673,#362,.T.);
#5245=EDGE_CURVE('',#6674,#6674,#363,.T.);
#5246=EDGE_CURVE('',#6675,#6675,#364,.T.);
#5247=EDGE_CURVE('',#6676,#6676,#365,.T.);
#5248=EDGE_CURVE('',#6677,#6677,#366,.T.);
#5249=EDGE_CURVE('',#6678,#6678,#367,.T.);
#5250=EDGE_CURVE('',#6679,#6679,#368,.T.);
#5251=EDGE_CURVE('',#6680,#6680,#369,.T.);
#5252=EDGE_CURVE('',#6681,#6681,#370,.T.);
#5253=EDGE_CURVE('',#6682,#6682,#371,.T.);
#5254=EDGE_CURVE('',#6683,#6683,#372,.T.);
#5255=EDGE_CURVE('',#6684,#6684,#373,.T.);
#5256=EDGE_CURVE('',#6685,#6685,#374,.T.);
#5257=EDGE_CURVE('',#6686,#6686,#375,.T.);
#5258=EDGE_CURVE('',#6687,#6687,#376,.T.);
#5259=EDGE_CURVE('',#6688,#6688,#377,.T.);
#5260=EDGE_CURVE('',#6689,#6689,#378,.T.);
#5261=EDGE_CURVE('',#6690,#6690,#379,.T.);
#5262=EDGE_CURVE('',#6691,#6691,#380,.T.);
#5263=EDGE_CURVE('',#6692,#6692,#381,.T.);
#5264=EDGE_CURVE('',#6693,#6693,#382,.T.);
#5265=EDGE_CURVE('',#6694,#6694,#383,.T.);
#5266=EDGE_CURVE('',#6695,#6695,#384,.T.);
#5267=EDGE_CURVE('',#6696,#6696,#385,.T.);
#5268=EDGE_CURVE('',#6697,#6697,#386,.T.);
#5269=EDGE_CURVE('',#6698,#6698,#387,.T.);
#5270=EDGE_CURVE('',#6699,#6699,#388,.T.);
#5271=EDGE_CURVE('',#6700,#6700,#389,.T.);
#5272=EDGE_CURVE('',#6701,#6701,#390,.T.);
#5273=EDGE_CURVE('',#6702,#6702,#391,.T.);
#5274=EDGE_CURVE('',#6703,#6703,#392,.T.);
#5275=EDGE_CURVE('',#6704,#6704,#393,.T.);
#5276=EDGE_CURVE('',#6705,#6705,#394,.T.);
#5277=EDGE_CURVE('',#6706,#6706,#395,.T.);
#5278=EDGE_CURVE('',#6707,#6707,#396,.T.);
#5279=EDGE_CURVE('',#6708,#6708,#397,.T.);
#5280=EDGE_CURVE('',#6709,#6709,#398,.T.);
#5281=EDGE_CURVE('',#6710,#6710,#399,.T.);
#5282=EDGE_CURVE('',#6711,#6711,#400,.T.);
#5283=EDGE_CURVE('',#6712,#6712,#401,.T.);
#5284=EDGE_CURVE('',#6713,#6713,#402,.T.);
#5285=EDGE_CURVE('',#6714,#6714,#403,.T.);
#5286=EDGE_CURVE('',#6715,#6715,#404,.T.);
#5287=EDGE_CURVE('',#6716,#6716,#405,.T.);
#5288=EDGE_CURVE('',#6717,#6717,#406,.T.);
#5289=EDGE_CURVE('',#6718,#6718,#407,.T.);
#5290=EDGE_CURVE('',#6719,#6719,#408,.T.);
#5291=EDGE_CURVE('',#6720,#6720,#409,.T.);
#5292=EDGE_CURVE('',#6721,#6721,#410,.T.);
#5293=EDGE_CURVE('',#6722,#6722,#411,.T.);
#5294=EDGE_CURVE('',#6723,#6723,#412,.T.);
#5295=EDGE_CURVE('',#6724,#6724,#413,.T.);
#5296=EDGE_CURVE('',#6725,#6725,#414,.T.);
#5297=EDGE_CURVE('',#6726,#6726,#415,.T.);
#5298=EDGE_CURVE('',#6727,#6727,#416,.T.);
#5299=EDGE_CURVE('',#6728,#6728,#417,.T.);
#5300=EDGE_CURVE('',#6729,#6729,#418,.T.);
#5301=EDGE_CURVE('',#6730,#6730,#419,.T.);
#5302=EDGE_CURVE('',#6731,#6731,#420,.T.);
#5303=EDGE_CURVE('',#6732,#6732,#421,.T.);
#5304=EDGE_CURVE('',#6733,#6733,#422,.T.);
#5305=EDGE_CURVE('',#6734,#6734,#423,.T.);
#5306=EDGE_CURVE('',#6735,#6735,#424,.T.);
#5307=EDGE_CURVE('',#6736,#6736,#425,.T.);
#5308=EDGE_CURVE('',#6737,#6737,#426,.T.);
#5309=EDGE_CURVE('',#6738,#6738,#427,.T.);
#5310=EDGE_CURVE('',#6739,#6739,#428,.T.);
#5311=EDGE_CURVE('',#6740,#6740,#429,.T.);
#5312=EDGE_CURVE('',#6741,#6741,#430,.T.);
#5313=EDGE_CURVE('',#6742,#6742,#431,.T.);
#5314=EDGE_CURVE('',#6743,#6743,#432,.T.);
#5315=EDGE_CURVE('',#6744,#6744,#433,.T.);
#5316=EDGE_CURVE('',#6745,#6745,#434,.T.);
#5317=EDGE_CURVE('',#6746,#6746,#435,.T.);
#5318=EDGE_CURVE('',#6747,#6747,#436,.T.);
#5319=EDGE_CURVE('',#6748,#6748,#437,.T.);
#5320=EDGE_CURVE('',#6749,#6749,#438,.T.);
#5321=EDGE_CURVE('',#6750,#6750,#439,.T.);
#5322=EDGE_CURVE('',#6751,#6751,#440,.T.);
#5323=EDGE_CURVE('',#6752,#6752,#441,.T.);
#5324=EDGE_CURVE('',#6753,#6753,#442,.T.);
#5325=EDGE_CURVE('',#6754,#6754,#443,.T.);
#5326=EDGE_CURVE('',#6755,#6755,#444,.T.);
#5327=EDGE_CURVE('',#6756,#6756,#445,.T.);
#5328=EDGE_CURVE('',#6757,#6757,#446,.T.);
#5329=EDGE_CURVE('',#6758,#6758,#447,.T.);
#5330=EDGE_CURVE('',#6759,#6759,#448,.T.);
#5331=EDGE_CURVE('',#6760,#6760,#449,.T.);
#5332=EDGE_CURVE('',#6761,#6761,#450,.T.);
#5333=EDGE_CURVE('',#6762,#6762,#451,.T.);
#5334=EDGE_CURVE('',#6763,#6763,#452,.T.);
#5335=EDGE_CURVE('',#6764,#6764,#453,.T.);
#5336=EDGE_CURVE('',#6765,#6765,#454,.T.);
#5337=EDGE_CURVE('',#6766,#6766,#455,.T.);
#5338=EDGE_CURVE('',#6767,#6768,#759,.T.);
#5339=EDGE_CURVE('',#6768,#6769,#760,.T.);
#5340=EDGE_CURVE('',#6769,#6770,#761,.T.);
#5341=EDGE_CURVE('',#6770,#6771,#762,.T.);
#5342=EDGE_CURVE('',#6771,#6772,#7586,.T.);
#5343=EDGE_CURVE('',#6772,#6773,#456,.T.);
#5344=EDGE_CURVE('',#6773,#6774,#457,.T.);
#5345=EDGE_CURVE('',#6774,#6775,#7587,.T.);
#5346=EDGE_CURVE('',#6775,#6776,#7588,.T.);
#5347=EDGE_CURVE('',#6776,#6777,#458,.T.);
#5348=EDGE_CURVE('',#6777,#6778,#459,.T.);
#5349=EDGE_CURVE('',#6778,#6779,#763,.T.);
#5350=EDGE_CURVE('',#6779,#6780,#7589,.T.);
#5351=EDGE_CURVE('',#6780,#6781,#460,.F.);
#5352=EDGE_CURVE('',#6781,#6782,#461,.F.);
#5353=EDGE_CURVE('',#6782,#6783,#7590,.T.);
#5354=EDGE_CURVE('',#6783,#6784,#462,.F.);
#5355=EDGE_CURVE('',#6784,#6785,#463,.F.);
#5356=EDGE_CURVE('',#6785,#6786,#464,.F.);
#5357=EDGE_CURVE('',#6786,#6787,#465,.F.);
#5358=EDGE_CURVE('',#6787,#6788,#7591,.T.);
#5359=EDGE_CURVE('',#6788,#6789,#764,.T.);
#5360=EDGE_CURVE('',#6789,#6790,#765,.T.);
#5361=EDGE_CURVE('',#6790,#6767,#766,.T.);
#5362=EDGE_CURVE('',#6791,#6792,#7592,.T.);
#5363=EDGE_CURVE('',#6792,#6793,#7593,.T.);
#5364=EDGE_CURVE('',#6793,#6794,#7594,.T.);
#5365=EDGE_CURVE('',#6794,#6795,#767,.T.);
#5366=EDGE_CURVE('',#6795,#6796,#7595,.T.);
#5367=EDGE_CURVE('',#6796,#6797,#7596,.T.);
#5368=EDGE_CURVE('',#6797,#6798,#7597,.T.);
#5369=EDGE_CURVE('',#6798,#6799,#7598,.T.);
#5370=EDGE_CURVE('',#6799,#6800,#7599,.T.);
#5371=EDGE_CURVE('',#6800,#6801,#768,.T.);
#5372=EDGE_CURVE('',#6801,#6802,#466,.T.);
#5373=EDGE_CURVE('',#6802,#6803,#467,.T.);
#5374=EDGE_CURVE('',#6803,#6804,#7600,.T.);
#5375=EDGE_CURVE('',#6804,#6805,#7601,.T.);
#5376=EDGE_CURVE('',#6805,#6806,#7602,.T.);
#5377=EDGE_CURVE('',#6806,#6807,#7603,.T.);
#5378=EDGE_CURVE('',#6807,#6808,#769,.T.);
#5379=EDGE_CURVE('',#6808,#6809,#770,.T.);
#5380=EDGE_CURVE('',#6809,#6810,#771,.T.);
#5381=EDGE_CURVE('',#6810,#6811,#7604,.T.);
#5382=EDGE_CURVE('',#6811,#6812,#7605,.T.);
#5383=EDGE_CURVE('',#6812,#6813,#7606,.T.);
#5384=EDGE_CURVE('',#6813,#6814,#468,.T.);
#5385=EDGE_CURVE('',#6814,#6815,#469,.T.);
#5386=EDGE_CURVE('',#6815,#6816,#772,.T.);
#5387=EDGE_CURVE('',#6816,#6817,#7607,.T.);
#5388=EDGE_CURVE('',#6817,#6791,#7608,.T.);
#5389=EDGE_CURVE('',#6818,#6819,#470,.F.);
#5390=EDGE_CURVE('',#6819,#6820,#7609,.T.);
#5391=EDGE_CURVE('',#6820,#6821,#7610,.T.);
#5392=EDGE_CURVE('',#6821,#6822,#7611,.T.);
#5393=EDGE_CURVE('',#6822,#6823,#7612,.T.);
#5394=EDGE_CURVE('',#6823,#6824,#7613,.T.);
#5395=EDGE_CURVE('',#6824,#6825,#773,.T.);
#5396=EDGE_CURVE('',#6825,#6826,#471,.T.);
#5397=EDGE_CURVE('',#6826,#6827,#472,.T.);
#5398=EDGE_CURVE('',#6827,#6828,#7614,.T.);
#5399=EDGE_CURVE('',#6828,#6829,#7615,.T.);
#5400=EDGE_CURVE('',#6829,#6830,#473,.T.);
#5401=EDGE_CURVE('',#6830,#6831,#474,.T.);
#5402=EDGE_CURVE('',#6831,#6832,#774,.T.);
#5403=EDGE_CURVE('',#6832,#6833,#775,.T.);
#5404=EDGE_CURVE('',#6833,#6834,#776,.T.);
#5405=EDGE_CURVE('',#6834,#6835,#777,.T.);
#5406=EDGE_CURVE('',#6835,#6836,#778,.T.);
#5407=EDGE_CURVE('',#6836,#6837,#779,.T.);
#5408=EDGE_CURVE('',#6837,#6818,#780,.T.);
#5409=EDGE_CURVE('',#6838,#6839,#781,.T.);
#5410=EDGE_CURVE('',#6839,#6840,#782,.T.);
#5411=EDGE_CURVE('',#6840,#6841,#783,.T.);
#5412=EDGE_CURVE('',#6841,#6842,#784,.T.);
#5413=EDGE_CURVE('',#6842,#6843,#785,.T.);
#5414=EDGE_CURVE('',#6843,#6844,#786,.T.);
#5415=EDGE_CURVE('',#6844,#6838,#787,.T.);
#5416=EDGE_CURVE('',#6845,#6846,#788,.T.);
#5417=EDGE_CURVE('',#6846,#6847,#789,.T.);
#5418=EDGE_CURVE('',#6847,#6848,#790,.T.);
#5419=EDGE_CURVE('',#6848,#6849,#791,.T.);
#5420=EDGE_CURVE('',#6849,#6850,#792,.T.);
#5421=EDGE_CURVE('',#6850,#6851,#475,.F.);
#5422=EDGE_CURVE('',#6851,#6852,#793,.T.);
#5423=EDGE_CURVE('',#6852,#6853,#794,.T.);
#5424=EDGE_CURVE('',#6853,#6854,#795,.T.);
#5425=EDGE_CURVE('',#6854,#6845,#796,.T.);
#5426=EDGE_CURVE('',#6855,#6856,#797,.T.);
#5427=EDGE_CURVE('',#6856,#6857,#798,.T.);
#5428=EDGE_CURVE('',#6857,#6858,#799,.T.);
#5429=EDGE_CURVE('',#6858,#6859,#800,.T.);
#5430=EDGE_CURVE('',#6859,#6860,#801,.T.);
#5431=EDGE_CURVE('',#6860,#6861,#476,.F.);
#5432=EDGE_CURVE('',#6861,#6862,#802,.T.);
#5433=EDGE_CURVE('',#6862,#6863,#803,.T.);
#5434=EDGE_CURVE('',#6863,#6864,#804,.T.);
#5435=EDGE_CURVE('',#6864,#6855,#805,.T.);
#5436=EDGE_CURVE('',#6865,#6866,#806,.T.);
#5437=EDGE_CURVE('',#6866,#6867,#807,.T.);
#5438=EDGE_CURVE('',#6867,#6868,#808,.T.);
#5439=EDGE_CURVE('',#6868,#6869,#809,.T.);
#5440=EDGE_CURVE('',#6869,#6870,#810,.T.);
#5441=EDGE_CURVE('',#6870,#6871,#477,.F.);
#5442=EDGE_CURVE('',#6871,#6872,#811,.T.);
#5443=EDGE_CURVE('',#6872,#6873,#812,.T.);
#5444=EDGE_CURVE('',#6873,#6874,#813,.T.);
#5445=EDGE_CURVE('',#6874,#6865,#814,.T.);
#5446=EDGE_CURVE('',#6875,#6876,#815,.T.);
#5447=EDGE_CURVE('',#6876,#6877,#816,.T.);
#5448=EDGE_CURVE('',#6877,#6878,#817,.T.);
#5449=EDGE_CURVE('',#6878,#6879,#818,.T.);
#5450=EDGE_CURVE('',#6879,#6880,#819,.T.);
#5451=EDGE_CURVE('',#6880,#6881,#478,.F.);
#5452=EDGE_CURVE('',#6881,#6882,#820,.T.);
#5453=EDGE_CURVE('',#6882,#6883,#821,.T.);
#5454=EDGE_CURVE('',#6883,#6884,#822,.T.);
#5455=EDGE_CURVE('',#6884,#6875,#823,.T.);
#5456=EDGE_CURVE('',#6885,#6886,#7616,.T.);
#5457=EDGE_CURVE('',#6886,#6887,#7617,.T.);
#5458=EDGE_CURVE('',#6887,#6888,#7618,.T.);
#5459=EDGE_CURVE('',#6888,#6889,#7619,.T.);
#5460=EDGE_CURVE('',#6889,#6890,#7620,.T.);
#5461=EDGE_CURVE('',#6890,#6891,#7621,.T.);
#5462=EDGE_CURVE('',#6891,#6892,#7622,.T.);
#5463=EDGE_CURVE('',#6892,#6885,#7623,.T.);
#5464=EDGE_CURVE('',#6893,#6894,#824,.T.);
#5465=EDGE_CURVE('',#6894,#6895,#825,.T.);
#5466=EDGE_CURVE('',#6895,#6896,#826,.T.);
#5467=EDGE_CURVE('',#6896,#6897,#827,.T.);
#5468=EDGE_CURVE('',#6897,#6898,#7624,.T.);
#5469=EDGE_CURVE('',#6898,#6899,#479,.T.);
#5470=EDGE_CURVE('',#6899,#6900,#480,.T.);
#5471=EDGE_CURVE('',#6900,#6901,#7625,.T.);
#5472=EDGE_CURVE('',#6901,#6902,#7626,.T.);
#5473=EDGE_CURVE('',#6902,#6903,#481,.T.);
#5474=EDGE_CURVE('',#6903,#6904,#482,.T.);
#5475=EDGE_CURVE('',#6904,#6905,#828,.T.);
#5476=EDGE_CURVE('',#6905,#6906,#7627,.T.);
#5477=EDGE_CURVE('',#6906,#6907,#483,.F.);
#5478=EDGE_CURVE('',#6907,#6908,#484,.F.);
#5479=EDGE_CURVE('',#6908,#6909,#7628,.T.);
#5480=EDGE_CURVE('',#6909,#6910,#485,.F.);
#5481=EDGE_CURVE('',#6910,#6911,#486,.F.);
#5482=EDGE_CURVE('',#6911,#6912,#487,.F.);
#5483=EDGE_CURVE('',#6912,#6913,#488,.F.);
#5484=EDGE_CURVE('',#6913,#6914,#7629,.T.);
#5485=EDGE_CURVE('',#6914,#6915,#829,.T.);
#5486=EDGE_CURVE('',#6915,#6916,#830,.T.);
#5487=EDGE_CURVE('',#6916,#6893,#831,.T.);
#5488=EDGE_CURVE('',#6917,#6918,#7630,.T.);
#5489=EDGE_CURVE('',#6918,#6919,#7631,.T.);
#5490=EDGE_CURVE('',#6919,#6920,#7632,.T.);
#5491=EDGE_CURVE('',#6920,#6921,#7633,.T.);
#5492=EDGE_CURVE('',#6921,#6922,#832,.T.);
#5493=EDGE_CURVE('',#6922,#6923,#489,.T.);
#5494=EDGE_CURVE('',#6923,#6924,#7634,.T.);
#5495=EDGE_CURVE('',#6924,#6925,#490,.T.);
#5496=EDGE_CURVE('',#6925,#6926,#7635,.T.);
#5497=EDGE_CURVE('',#6926,#6927,#833,.T.);
#5498=EDGE_CURVE('',#6927,#6928,#7636,.T.);
#5499=EDGE_CURVE('',#6928,#6929,#7637,.T.);
#5500=EDGE_CURVE('',#6929,#6930,#7638,.T.);
#5501=EDGE_CURVE('',#6930,#6931,#7639,.T.);
#5502=EDGE_CURVE('',#6931,#6932,#7640,.T.);
#5503=EDGE_CURVE('',#6932,#6933,#7641,.T.);
#5504=EDGE_CURVE('',#6933,#6917,#7642,.T.);
#5505=EDGE_CURVE('',#6934,#6934,#491,.T.);
#5506=EDGE_CURVE('',#6935,#6936,#834,.T.);
#5507=EDGE_CURVE('',#6936,#6937,#835,.T.);
#5508=EDGE_CURVE('',#6937,#6938,#7643,.T.);
#5509=EDGE_CURVE('',#6938,#6939,#7644,.T.);
#5510=EDGE_CURVE('',#6939,#6940,#7645,.T.);
#5511=EDGE_CURVE('',#6940,#6941,#492,.F.);
#5512=EDGE_CURVE('',#6941,#6942,#836,.T.);
#5513=EDGE_CURVE('',#6942,#6943,#7646,.T.);
#5514=EDGE_CURVE('',#6943,#6944,#7647,.T.);
#5515=EDGE_CURVE('',#6944,#6945,#7648,.T.);
#5516=EDGE_CURVE('',#6945,#6946,#7649,.T.);
#5517=EDGE_CURVE('',#6946,#6935,#837,.T.);
#5518=EDGE_CURVE('',#6947,#6948,#838,.T.);
#5519=EDGE_CURVE('',#6948,#6949,#839,.T.);
#5520=EDGE_CURVE('',#6949,#6950,#840,.T.);
#5521=EDGE_CURVE('',#6950,#6951,#841,.T.);
#5522=EDGE_CURVE('',#6951,#6952,#842,.T.);
#5523=EDGE_CURVE('',#6952,#6953,#843,.T.);
#5524=EDGE_CURVE('',#6953,#6954,#844,.T.);
#5525=EDGE_CURVE('',#6954,#6947,#845,.T.);
#5526=EDGE_CURVE('',#6955,#6956,#846,.T.);
#5527=EDGE_CURVE('',#6956,#6603,#847,.T.);
#5528=EDGE_CURVE('',#6957,#6602,#848,.T.);
#5529=EDGE_CURVE('',#6957,#6958,#849,.T.);
#5530=EDGE_CURVE('',#6958,#6599,#850,.T.);
#5531=EDGE_CURVE('',#6598,#6959,#851,.T.);
#5532=EDGE_CURVE('',#6960,#6959,#852,.T.);
#5533=EDGE_CURVE('',#6960,#6607,#853,.F.);
#5534=EDGE_CURVE('',#6955,#6606,#854,.T.);
#5535=EDGE_CURVE('',#6961,#6961,#493,.T.);
#5536=EDGE_CURVE('',#6962,#6962,#494,.F.);
#5537=EDGE_CURVE('',#6963,#6963,#495,.T.);
#5538=EDGE_CURVE('',#6964,#6964,#496,.F.);
#5539=EDGE_CURVE('',#6965,#6965,#497,.F.);
#5540=EDGE_CURVE('',#6966,#6966,#498,.T.);
#5541=EDGE_CURVE('',#6967,#6967,#499,.F.);
#5542=EDGE_CURVE('',#6968,#6968,#500,.T.);
#5543=EDGE_CURVE('',#6969,#6969,#501,.T.);
#5544=EDGE_CURVE('',#6970,#6970,#502,.T.);
#5545=EDGE_CURVE('',#6971,#6971,#503,.T.);
#5546=EDGE_CURVE('',#6972,#6972,#504,.T.);
#5547=EDGE_CURVE('',#6973,#6973,#505,.T.);
#5548=EDGE_CURVE('',#6974,#6974,#506,.T.);
#5549=EDGE_CURVE('',#6975,#6975,#507,.T.);
#5550=EDGE_CURVE('',#6976,#6976,#508,.T.);
#5551=EDGE_CURVE('',#6977,#6977,#509,.T.);
#5552=EDGE_CURVE('',#6978,#6978,#510,.T.);
#5553=EDGE_CURVE('',#6979,#6979,#511,.T.);
#5554=EDGE_CURVE('',#6980,#6980,#512,.T.);
#5555=EDGE_CURVE('',#6981,#6981,#513,.T.);
#5556=EDGE_CURVE('',#6982,#6982,#514,.T.);
#5557=EDGE_CURVE('',#6983,#6983,#515,.T.);
#5558=EDGE_CURVE('',#6984,#6984,#516,.T.);
#5559=EDGE_CURVE('',#6985,#6985,#517,.T.);
#5560=EDGE_CURVE('',#6986,#6986,#518,.T.);
#5561=EDGE_CURVE('',#6987,#6987,#519,.T.);
#5562=EDGE_CURVE('',#6988,#6988,#520,.T.);
#5563=EDGE_CURVE('',#6989,#6989,#521,.T.);
#5564=EDGE_CURVE('',#6990,#6990,#522,.T.);
#5565=EDGE_CURVE('',#6991,#6991,#523,.T.);
#5566=EDGE_CURVE('',#6992,#6992,#524,.T.);
#5567=EDGE_CURVE('',#6993,#6993,#525,.T.);
#5568=EDGE_CURVE('',#6994,#6994,#526,.T.);
#5569=EDGE_CURVE('',#6995,#6995,#527,.T.);
#5570=EDGE_CURVE('',#6996,#6996,#528,.T.);
#5571=EDGE_CURVE('',#6997,#6997,#529,.T.);
#5572=EDGE_CURVE('',#6998,#6998,#530,.T.);
#5573=EDGE_CURVE('',#6999,#6999,#531,.T.);
#5574=EDGE_CURVE('',#7000,#7000,#532,.T.);
#5575=EDGE_CURVE('',#7001,#7001,#533,.T.);
#5576=EDGE_CURVE('',#7002,#7002,#534,.T.);
#5577=EDGE_CURVE('',#7003,#7003,#535,.T.);
#5578=EDGE_CURVE('',#7004,#7004,#536,.T.);
#5579=EDGE_CURVE('',#7005,#7005,#537,.T.);
#5580=EDGE_CURVE('',#7006,#7006,#538,.T.);
#5581=EDGE_CURVE('',#7007,#7007,#539,.T.);
#5582=EDGE_CURVE('',#7008,#7008,#540,.T.);
#5583=EDGE_CURVE('',#7009,#7009,#541,.T.);
#5584=EDGE_CURVE('',#7010,#7010,#542,.T.);
#5585=EDGE_CURVE('',#7011,#7011,#543,.T.);
#5586=EDGE_CURVE('',#7012,#7012,#544,.T.);
#5587=EDGE_CURVE('',#7013,#7013,#545,.T.);
#5588=EDGE_CURVE('',#7014,#7014,#546,.T.);
#5589=EDGE_CURVE('',#7015,#7015,#547,.T.);
#5590=EDGE_CURVE('',#7016,#7016,#548,.T.);
#5591=EDGE_CURVE('',#7017,#7017,#549,.T.);
#5592=EDGE_CURVE('',#7018,#7018,#550,.T.);
#5593=EDGE_CURVE('',#7019,#7019,#551,.T.);
#5594=EDGE_CURVE('',#7020,#7020,#552,.T.);
#5595=EDGE_CURVE('',#7021,#7021,#553,.T.);
#5596=EDGE_CURVE('',#7022,#7022,#554,.T.);
#5597=EDGE_CURVE('',#7023,#7023,#555,.T.);
#5598=EDGE_CURVE('',#7024,#7024,#556,.T.);
#5599=EDGE_CURVE('',#7025,#7025,#557,.T.);
#5600=EDGE_CURVE('',#7026,#7026,#558,.T.);
#5601=EDGE_CURVE('',#7027,#7027,#559,.T.);
#5602=EDGE_CURVE('',#7028,#7028,#560,.T.);
#5603=EDGE_CURVE('',#7029,#7029,#561,.T.);
#5604=EDGE_CURVE('',#7030,#7030,#562,.T.);
#5605=EDGE_CURVE('',#7031,#7031,#563,.T.);
#5606=EDGE_CURVE('',#7032,#7032,#564,.T.);
#5607=EDGE_CURVE('',#7033,#7033,#565,.T.);
#5608=EDGE_CURVE('',#7034,#7034,#566,.T.);
#5609=EDGE_CURVE('',#7035,#7035,#567,.T.);
#5610=EDGE_CURVE('',#7036,#7036,#568,.T.);
#5611=EDGE_CURVE('',#7037,#7037,#569,.T.);
#5612=EDGE_CURVE('',#7038,#7038,#570,.T.);
#5613=EDGE_CURVE('',#7039,#7039,#571,.T.);
#5614=EDGE_CURVE('',#7040,#7040,#572,.T.);
#5615=EDGE_CURVE('',#7041,#7041,#573,.T.);
#5616=EDGE_CURVE('',#7042,#7042,#574,.T.);
#5617=EDGE_CURVE('',#7043,#7043,#575,.T.);
#5618=EDGE_CURVE('',#7044,#7044,#576,.T.);
#5619=EDGE_CURVE('',#7045,#7045,#577,.T.);
#5620=EDGE_CURVE('',#7046,#7046,#578,.T.);
#5621=EDGE_CURVE('',#7047,#7047,#579,.T.);
#5622=EDGE_CURVE('',#7048,#7048,#580,.T.);
#5623=EDGE_CURVE('',#7049,#7049,#581,.T.);
#5624=EDGE_CURVE('',#7050,#7050,#582,.T.);
#5625=EDGE_CURVE('',#7051,#7051,#583,.T.);
#5626=EDGE_CURVE('',#7052,#7052,#584,.T.);
#5627=EDGE_CURVE('',#7053,#7053,#585,.T.);
#5628=EDGE_CURVE('',#7054,#7054,#586,.T.);
#5629=EDGE_CURVE('',#7055,#7055,#587,.T.);
#5630=EDGE_CURVE('',#7056,#7056,#588,.T.);
#5631=EDGE_CURVE('',#7057,#7057,#589,.T.);
#5632=EDGE_CURVE('',#7058,#7058,#590,.T.);
#5633=EDGE_CURVE('',#7059,#7059,#591,.T.);
#5634=EDGE_CURVE('',#7060,#7060,#592,.T.);
#5635=EDGE_CURVE('',#7061,#7061,#593,.T.);
#5636=EDGE_CURVE('',#7062,#7062,#594,.T.);
#5637=EDGE_CURVE('',#7063,#7063,#595,.T.);
#5638=EDGE_CURVE('',#7064,#7064,#596,.T.);
#5639=EDGE_CURVE('',#7065,#7065,#597,.T.);
#5640=EDGE_CURVE('',#6959,#7066,#598,.F.);
#5641=EDGE_CURVE('',#7066,#7067,#855,.T.);
#5642=EDGE_CURVE('',#7067,#7068,#599,.F.);
#5643=EDGE_CURVE('',#7069,#7068,#856,.T.);
#5644=EDGE_CURVE('',#7069,#7070,#600,.F.);
#5645=EDGE_CURVE('',#7071,#7070,#857,.T.);
#5646=EDGE_CURVE('',#7071,#6960,#601,.F.);
#5647=EDGE_CURVE('',#7070,#6609,#858,.F.);
#5648=EDGE_CURVE('',#6608,#7071,#859,.T.);
#5649=EDGE_CURVE('',#7072,#7073,#860,.T.);
#5650=EDGE_CURVE('',#7072,#6615,#861,.T.);
#5651=EDGE_CURVE('',#7074,#6614,#862,.T.);
#5652=EDGE_CURVE('',#7075,#7074,#863,.T.);
#5653=EDGE_CURVE('',#7075,#6611,#864,.T.);
#5654=EDGE_CURVE('',#6610,#7069,#865,.T.);
#5655=EDGE_CURVE('',#7068,#6595,#866,.F.);
#5656=EDGE_CURVE('',#7073,#6594,#867,.T.);
#5657=EDGE_CURVE('',#7066,#6597,#868,.F.);
#5658=EDGE_CURVE('',#6596,#7067,#869,.T.);
#5659=EDGE_CURVE('',#7076,#6768,#870,.T.);
#5660=EDGE_CURVE('',#7076,#7077,#871,.T.);
#5661=EDGE_CURVE('',#7077,#6769,#872,.T.);
#5662=EDGE_CURVE('',#7078,#6767,#873,.T.);
#5663=EDGE_CURVE('',#7078,#7076,#874,.T.);
#5664=EDGE_CURVE('',#7079,#6790,#875,.T.);
#5665=EDGE_CURVE('',#7079,#7078,#876,.T.);
#5666=EDGE_CURVE('',#7080,#6789,#877,.T.);
#5667=EDGE_CURVE('',#7080,#7079,#878,.T.);
#5668=EDGE_CURVE('',#7081,#6788,#879,.T.);
#5669=EDGE_CURVE('',#7081,#7080,#880,.T.);
#5670=EDGE_CURVE('',#7082,#6787,#881,.T.);
#5671=EDGE_CURVE('',#7082,#7081,#7650,.T.);
#5672=EDGE_CURVE('',#7083,#6786,#882,.T.);
#5673=EDGE_CURVE('',#7083,#7082,#602,.F.);
#5674=EDGE_CURVE('',#7084,#6785,#883,.T.);
#5675=EDGE_CURVE('',#7084,#7083,#603,.F.);
#5676=EDGE_CURVE('',#7085,#6784,#884,.T.);
#5677=EDGE_CURVE('',#7085,#7084,#604,.F.);
#5678=EDGE_CURVE('',#7086,#6783,#885,.T.);
#5679=EDGE_CURVE('',#7086,#7085,#605,.F.);
#5680=EDGE_CURVE('',#7087,#6782,#886,.T.);
#5681=EDGE_CURVE('',#7087,#7086,#7651,.T.);
#5682=EDGE_CURVE('',#7088,#6781,#887,.T.);
#5683=EDGE_CURVE('',#7088,#7087,#606,.F.);
#5684=EDGE_CURVE('',#7089,#6780,#888,.T.);
#5685=EDGE_CURVE('',#7089,#7088,#607,.F.);
#5686=EDGE_CURVE('',#7090,#6779,#889,.T.);
#5687=EDGE_CURVE('',#7090,#7089,#7652,.T.);
#5688=EDGE_CURVE('',#7091,#6778,#890,.T.);
#5689=EDGE_CURVE('',#7091,#7090,#891,.T.);
#5690=EDGE_CURVE('',#7092,#6777,#892,.T.);
#5691=EDGE_CURVE('',#7092,#7091,#608,.T.);
#5692=EDGE_CURVE('',#7093,#6776,#893,.T.);
#5693=EDGE_CURVE('',#7093,#7092,#609,.T.);
#5694=EDGE_CURVE('',#7094,#6775,#894,.T.);
#5695=EDGE_CURVE('',#7094,#7093,#7653,.T.);
#5696=EDGE_CURVE('',#7095,#6774,#895,.T.);
#5697=EDGE_CURVE('',#7095,#7094,#7654,.T.);
#5698=EDGE_CURVE('',#7096,#6773,#896,.T.);
#5699=EDGE_CURVE('',#7096,#7095,#610,.T.);
#5700=EDGE_CURVE('',#7097,#6772,#897,.T.);
#5701=EDGE_CURVE('',#7097,#7096,#611,.T.);
#5702=EDGE_CURVE('',#7098,#6771,#898,.T.);
#5703=EDGE_CURVE('',#7098,#7097,#7655,.T.);
#5704=EDGE_CURVE('',#7099,#6770,#899,.T.);
#5705=EDGE_CURVE('',#7099,#7098,#900,.T.);
#5706=EDGE_CURVE('',#7077,#7099,#901,.T.);
#5707=EDGE_CURVE('',#7100,#6792,#902,.T.);
#5708=EDGE_CURVE('',#7100,#7101,#7656,.T.);
#5709=EDGE_CURVE('',#7101,#6793,#903,.T.);
#5710=EDGE_CURVE('',#7102,#6791,#904,.T.);
#5711=EDGE_CURVE('',#7102,#7100,#7657,.T.);
#5712=EDGE_CURVE('',#7103,#6817,#905,.T.);
#5713=EDGE_CURVE('',#7103,#7102,#7658,.T.);
#5714=EDGE_CURVE('',#7104,#6816,#906,.T.);
#5715=EDGE_CURVE('',#7104,#7103,#7659,.T.);
#5716=EDGE_CURVE('',#7105,#6815,#907,.T.);
#5717=EDGE_CURVE('',#7105,#7104,#908,.T.);
#5718=EDGE_CURVE('',#7106,#6814,#909,.T.);
#5719=EDGE_CURVE('',#7106,#7105,#612,.T.);
#5720=EDGE_CURVE('',#7107,#6813,#910,.T.);
#5721=EDGE_CURVE('',#7107,#7106,#613,.T.);
#5722=EDGE_CURVE('',#7108,#6812,#911,.T.);
#5723=EDGE_CURVE('',#7108,#7107,#7660,.T.);
#5724=EDGE_CURVE('',#7109,#6811,#912,.T.);
#5725=EDGE_CURVE('',#7109,#7108,#7661,.T.);
#5726=EDGE_CURVE('',#7110,#6810,#913,.T.);
#5727=EDGE_CURVE('',#7110,#7109,#7662,.T.);
#5728=EDGE_CURVE('',#7111,#6809,#914,.T.);
#5729=EDGE_CURVE('',#7111,#7110,#915,.T.);
#5730=EDGE_CURVE('',#7112,#6808,#916,.T.);
#5731=EDGE_CURVE('',#7112,#7111,#917,.T.);
#5732=EDGE_CURVE('',#7113,#6807,#918,.T.);
#5733=EDGE_CURVE('',#7113,#7112,#919,.T.);
#5734=EDGE_CURVE('',#7114,#6806,#920,.T.);
#5735=EDGE_CURVE('',#7114,#7113,#7663,.T.);
#5736=EDGE_CURVE('',#7115,#6805,#921,.T.);
#5737=EDGE_CURVE('',#7115,#7114,#7664,.T.);
#5738=EDGE_CURVE('',#7116,#6804,#922,.T.);
#5739=EDGE_CURVE('',#7116,#7115,#7665,.T.);
#5740=EDGE_CURVE('',#7117,#6803,#923,.T.);
#5741=EDGE_CURVE('',#7117,#7116,#7666,.T.);
#5742=EDGE_CURVE('',#7118,#6802,#924,.T.);
#5743=EDGE_CURVE('',#7118,#7117,#614,.T.);
#5744=EDGE_CURVE('',#7119,#6801,#925,.T.);
#5745=EDGE_CURVE('',#7119,#7118,#615,.T.);
#5746=EDGE_CURVE('',#7120,#6800,#926,.T.);
#5747=EDGE_CURVE('',#7120,#7119,#927,.T.);
#5748=EDGE_CURVE('',#7121,#6799,#928,.T.);
#5749=EDGE_CURVE('',#7121,#7120,#7667,.T.);
#5750=EDGE_CURVE('',#7122,#6798,#929,.T.);
#5751=EDGE_CURVE('',#7122,#7121,#7668,.T.);
#5752=EDGE_CURVE('',#7123,#6797,#930,.T.);
#5753=EDGE_CURVE('',#7123,#7122,#7669,.T.);
#5754=EDGE_CURVE('',#7124,#6796,#931,.T.);
#5755=EDGE_CURVE('',#7124,#7123,#7670,.T.);
#5756=EDGE_CURVE('',#7125,#6795,#932,.T.);
#5757=EDGE_CURVE('',#7125,#7124,#7671,.T.);
#5758=EDGE_CURVE('',#7126,#6794,#933,.T.);
#5759=EDGE_CURVE('',#7126,#7125,#934,.T.);
#5760=EDGE_CURVE('',#7101,#7126,#7672,.T.);
#5761=EDGE_CURVE('',#7127,#6819,#935,.T.);
#5762=EDGE_CURVE('',#7127,#7128,#7673,.T.);
#5763=EDGE_CURVE('',#7128,#6820,#936,.T.);
#5764=EDGE_CURVE('',#7129,#6818,#937,.T.);
#5765=EDGE_CURVE('',#7129,#7127,#616,.F.);
#5766=EDGE_CURVE('',#7130,#6837,#938,.T.);
#5767=EDGE_CURVE('',#7130,#7129,#939,.T.);
#5768=EDGE_CURVE('',#7131,#6836,#940,.T.);
#5769=EDGE_CURVE('',#7131,#7130,#941,.T.);
#5770=EDGE_CURVE('',#7132,#6835,#942,.T.);
#5771=EDGE_CURVE('',#7132,#7131,#943,.T.);
#5772=EDGE_CURVE('',#7133,#6834,#944,.T.);
#5773=EDGE_CURVE('',#7133,#7132,#945,.T.);
#5774=EDGE_CURVE('',#7134,#6833,#946,.T.);
#5775=EDGE_CURVE('',#7134,#7133,#947,.T.);
#5776=EDGE_CURVE('',#7135,#6832,#948,.T.);
#5777=EDGE_CURVE('',#7135,#7134,#949,.T.);
#5778=EDGE_CURVE('',#7136,#6831,#950,.T.);
#5779=EDGE_CURVE('',#7136,#7135,#951,.T.);
#5780=EDGE_CURVE('',#7137,#6830,#952,.T.);
#5781=EDGE_CURVE('',#7137,#7136,#617,.T.);
#5782=EDGE_CURVE('',#7138,#6829,#953,.T.);
#5783=EDGE_CURVE('',#7138,#7137,#618,.T.);
#5784=EDGE_CURVE('',#7139,#6828,#954,.T.);
#5785=EDGE_CURVE('',#7139,#7138,#7674,.T.);
#5786=EDGE_CURVE('',#7140,#6827,#955,.T.);
#5787=EDGE_CURVE('',#7140,#7139,#7675,.T.);
#5788=EDGE_CURVE('',#7141,#6826,#956,.T.);
#5789=EDGE_CURVE('',#7141,#7140,#619,.T.);
#5790=EDGE_CURVE('',#7142,#6825,#957,.T.);
#5791=EDGE_CURVE('',#7142,#7141,#620,.T.);
#5792=EDGE_CURVE('',#7143,#6824,#958,.T.);
#5793=EDGE_CURVE('',#7143,#7142,#959,.T.);
#5794=EDGE_CURVE('',#7144,#6823,#960,.T.);
#5795=EDGE_CURVE('',#7144,#7143,#7676,.T.);
#5796=EDGE_CURVE('',#7145,#6822,#961,.T.);
#5797=EDGE_CURVE('',#7145,#7144,#7677,.T.);
#5798=EDGE_CURVE('',#7146,#6821,#962,.T.);
#5799=EDGE_CURVE('',#7146,#7145,#7678,.T.);
#5800=EDGE_CURVE('',#7128,#7146,#7679,.T.);
#5801=EDGE_CURVE('',#7147,#6839,#963,.T.);
#5802=EDGE_CURVE('',#7147,#7148,#964,.T.);
#5803=EDGE_CURVE('',#7148,#6840,#965,.T.);
#5804=EDGE_CURVE('',#7149,#6838,#966,.T.);
#5805=EDGE_CURVE('',#7149,#7147,#967,.T.);
#5806=EDGE_CURVE('',#7150,#6844,#968,.T.);
#5807=EDGE_CURVE('',#7150,#7149,#969,.T.);
#5808=EDGE_CURVE('',#7151,#6843,#970,.T.);
#5809=EDGE_CURVE('',#7151,#7150,#971,.T.);
#5810=EDGE_CURVE('',#7152,#6842,#972,.T.);
#5811=EDGE_CURVE('',#7152,#7151,#973,.T.);
#5812=EDGE_CURVE('',#7153,#6841,#974,.T.);
#5813=EDGE_CURVE('',#7153,#7152,#975,.T.);
#5814=EDGE_CURVE('',#7148,#7153,#976,.T.);
#5815=EDGE_CURVE('',#7154,#6846,#977,.T.);
#5816=EDGE_CURVE('',#7154,#7155,#978,.T.);
#5817=EDGE_CURVE('',#7155,#6847,#979,.T.);
#5818=EDGE_CURVE('',#7156,#6845,#980,.T.);
#5819=EDGE_CURVE('',#7156,#7154,#981,.T.);
#5820=EDGE_CURVE('',#7157,#6854,#982,.T.);
#5821=EDGE_CURVE('',#7157,#7156,#983,.T.);
#5822=EDGE_CURVE('',#7158,#6853,#984,.T.);
#5823=EDGE_CURVE('',#7158,#7157,#985,.T.);
#5824=EDGE_CURVE('',#7159,#6852,#986,.T.);
#5825=EDGE_CURVE('',#7159,#7158,#987,.T.);
#5826=EDGE_CURVE('',#7160,#6851,#988,.T.);
#5827=EDGE_CURVE('',#7160,#7159,#989,.T.);
#5828=EDGE_CURVE('',#7161,#6850,#990,.T.);
#5829=EDGE_CURVE('',#7161,#7160,#621,.F.);
#5830=EDGE_CURVE('',#7162,#6849,#991,.T.);
#5831=EDGE_CURVE('',#7162,#7161,#992,.T.);
#5832=EDGE_CURVE('',#7163,#6848,#993,.T.);
#5833=EDGE_CURVE('',#7163,#7162,#994,.T.);
#5834=EDGE_CURVE('',#7155,#7163,#995,.T.);
#5835=EDGE_CURVE('',#7164,#6856,#996,.T.);
#5836=EDGE_CURVE('',#7164,#7165,#997,.T.);
#5837=EDGE_CURVE('',#7165,#6857,#998,.T.);
#5838=EDGE_CURVE('',#7166,#6855,#999,.T.);
#5839=EDGE_CURVE('',#7166,#7164,#1000,.T.);
#5840=EDGE_CURVE('',#7167,#6864,#1001,.T.);
#5841=EDGE_CURVE('',#7167,#7166,#1002,.T.);
#5842=EDGE_CURVE('',#7168,#6863,#1003,.T.);
#5843=EDGE_CURVE('',#7168,#7167,#1004,.T.);
#5844=EDGE_CURVE('',#7169,#6862,#1005,.T.);
#5845=EDGE_CURVE('',#7169,#7168,#1006,.T.);
#5846=EDGE_CURVE('',#7170,#6861,#1007,.T.);
#5847=EDGE_CURVE('',#7170,#7169,#1008,.T.);
#5848=EDGE_CURVE('',#7171,#6860,#1009,.T.);
#5849=EDGE_CURVE('',#7171,#7170,#622,.F.);
#5850=EDGE_CURVE('',#7172,#6859,#1010,.T.);
#5851=EDGE_CURVE('',#7172,#7171,#1011,.T.);
#5852=EDGE_CURVE('',#7173,#6858,#1012,.T.);
#5853=EDGE_CURVE('',#7173,#7172,#1013,.T.);
#5854=EDGE_CURVE('',#7165,#7173,#1014,.T.);
#5855=EDGE_CURVE('',#7174,#6866,#1015,.T.);
#5856=EDGE_CURVE('',#7174,#7175,#1016,.T.);
#5857=EDGE_CURVE('',#7175,#6867,#1017,.T.);
#5858=EDGE_CURVE('',#7176,#6865,#1018,.T.);
#5859=EDGE_CURVE('',#7176,#7174,#1019,.T.);
#5860=EDGE_CURVE('',#7177,#6874,#1020,.T.);
#5861=EDGE_CURVE('',#7177,#7176,#1021,.T.);
#5862=EDGE_CURVE('',#7178,#6873,#1022,.T.);
#5863=EDGE_CURVE('',#7178,#7177,#1023,.T.);
#5864=EDGE_CURVE('',#7179,#6872,#1024,.T.);
#5865=EDGE_CURVE('',#7179,#7178,#1025,.T.);
#5866=EDGE_CURVE('',#7180,#6871,#1026,.T.);
#5867=EDGE_CURVE('',#7180,#7179,#1027,.T.);
#5868=EDGE_CURVE('',#7181,#6870,#1028,.T.);
#5869=EDGE_CURVE('',#7181,#7180,#623,.F.);
#5870=EDGE_CURVE('',#7182,#6869,#1029,.T.);
#5871=EDGE_CURVE('',#7182,#7181,#1030,.T.);
#5872=EDGE_CURVE('',#7183,#6868,#1031,.T.);
#5873=EDGE_CURVE('',#7183,#7182,#1032,.T.);
#5874=EDGE_CURVE('',#7175,#7183,#1033,.T.);
#5875=EDGE_CURVE('',#7184,#6876,#1034,.T.);
#5876=EDGE_CURVE('',#7184,#7185,#1035,.T.);
#5877=EDGE_CURVE('',#7185,#6877,#1036,.T.);
#5878=EDGE_CURVE('',#7186,#6875,#1037,.T.);
#5879=EDGE_CURVE('',#7186,#7184,#1038,.T.);
#5880=EDGE_CURVE('',#7187,#6884,#1039,.T.);
#5881=EDGE_CURVE('',#7187,#7186,#1040,.T.);
#5882=EDGE_CURVE('',#7188,#6883,#1041,.T.);
#5883=EDGE_CURVE('',#7188,#7187,#1042,.T.);
#5884=EDGE_CURVE('',#7189,#6882,#1043,.T.);
#5885=EDGE_CURVE('',#7189,#7188,#1044,.T.);
#5886=EDGE_CURVE('',#7190,#6881,#1045,.T.);
#5887=EDGE_CURVE('',#7190,#7189,#1046,.T.);
#5888=EDGE_CURVE('',#7191,#6880,#1047,.T.);
#5889=EDGE_CURVE('',#7191,#7190,#624,.F.);
#5890=EDGE_CURVE('',#7192,#6879,#1048,.T.);
#5891=EDGE_CURVE('',#7192,#7191,#1049,.T.);
#5892=EDGE_CURVE('',#7193,#6878,#1050,.T.);
#5893=EDGE_CURVE('',#7193,#7192,#1051,.T.);
#5894=EDGE_CURVE('',#7185,#7193,#1052,.T.);
#5895=EDGE_CURVE('',#7194,#7195,#7680,.T.);
#5896=EDGE_CURVE('',#7196,#7194,#1053,.T.);
#5897=EDGE_CURVE('',#7196,#7197,#7681,.T.);
#5898=EDGE_CURVE('',#7197,#7195,#1054,.T.);
#5899=EDGE_CURVE('',#7198,#7194,#7682,.T.);
#5900=EDGE_CURVE('',#7199,#7198,#1055,.T.);
#5901=EDGE_CURVE('',#7199,#7196,#7683,.T.);
#5902=EDGE_CURVE('',#7200,#7198,#625,.T.);
#5903=EDGE_CURVE('',#7201,#7200,#1056,.T.);
#5904=EDGE_CURVE('',#7201,#7199,#626,.T.);
#5905=EDGE_CURVE('',#7202,#7200,#627,.T.);
#5906=EDGE_CURVE('',#7203,#7202,#1057,.T.);
#5907=EDGE_CURVE('',#7203,#7201,#628,.T.);
#5908=EDGE_CURVE('',#7204,#7202,#7684,.T.);
#5909=EDGE_CURVE('',#7205,#7204,#1058,.T.);
#5910=EDGE_CURVE('',#7205,#7203,#7685,.T.);
#5911=EDGE_CURVE('',#7206,#7204,#7686,.T.);
#5912=EDGE_CURVE('',#7207,#7206,#1059,.T.);
#5913=EDGE_CURVE('',#7207,#7205,#7687,.T.);
#5914=EDGE_CURVE('',#7208,#7206,#629,.T.);
#5915=EDGE_CURVE('',#7209,#7208,#1060,.T.);
#5916=EDGE_CURVE('',#7209,#7207,#630,.T.);
#5917=EDGE_CURVE('',#7210,#7211,#7688,.T.);
#5918=EDGE_CURVE('',#7212,#7210,#1061,.T.);
#5919=EDGE_CURVE('',#7212,#7213,#7689,.T.);
#5920=EDGE_CURVE('',#7213,#7211,#1062,.T.);
#5921=EDGE_CURVE('',#7214,#7210,#7690,.T.);
#5922=EDGE_CURVE('',#7215,#7214,#1063,.T.);
#5923=EDGE_CURVE('',#7215,#7212,#7691,.T.);
#5924=EDGE_CURVE('',#7216,#7214,#7692,.T.);
#5925=EDGE_CURVE('',#7217,#7216,#1064,.T.);
#5926=EDGE_CURVE('',#7217,#7215,#7693,.T.);
#5927=EDGE_CURVE('',#7218,#7216,#7694,.T.);
#5928=EDGE_CURVE('',#7219,#7218,#1065,.T.);
#5929=EDGE_CURVE('',#7219,#7217,#7695,.T.);
#5930=EDGE_CURVE('',#7220,#7218,#7696,.T.);
#5931=EDGE_CURVE('',#7221,#7220,#1066,.T.);
#5932=EDGE_CURVE('',#7221,#7219,#7697,.T.);
#5933=EDGE_CURVE('',#7222,#7220,#7698,.T.);
#5934=EDGE_CURVE('',#7223,#7222,#1067,.T.);
#5935=EDGE_CURVE('',#7223,#7221,#7699,.T.);
#5936=EDGE_CURVE('',#7224,#6656,#1068,.T.);
#5937=EDGE_CURVE('',#7224,#7225,#7700,.T.);
#5938=EDGE_CURVE('',#7225,#6657,#1069,.T.);
#5939=EDGE_CURVE('',#7226,#6655,#1070,.T.);
#5940=EDGE_CURVE('',#7226,#7224,#7701,.T.);
#5941=EDGE_CURVE('',#7227,#6670,#1071,.T.);
#5942=EDGE_CURVE('',#7227,#7226,#7702,.T.);
#5943=EDGE_CURVE('',#7228,#6669,#1072,.T.);
#5944=EDGE_CURVE('',#7228,#7227,#631,.F.);
#5945=EDGE_CURVE('',#7229,#6668,#1073,.T.);
#5946=EDGE_CURVE('',#7229,#7228,#7703,.T.);
#5947=EDGE_CURVE('',#7230,#6667,#1074,.T.);
#5948=EDGE_CURVE('',#7230,#7229,#7704,.T.);
#5949=EDGE_CURVE('',#7231,#6666,#1075,.T.);
#5950=EDGE_CURVE('',#7231,#7230,#632,.F.);
#5951=EDGE_CURVE('',#7232,#6665,#1076,.T.);
#5952=EDGE_CURVE('',#7232,#7231,#7705,.T.);
#5953=EDGE_CURVE('',#7233,#6664,#1077,.T.);
#5954=EDGE_CURVE('',#7233,#7232,#7706,.T.);
#5955=EDGE_CURVE('',#7234,#6663,#1078,.T.);
#5956=EDGE_CURVE('',#7234,#7233,#7707,.T.);
#5957=EDGE_CURVE('',#7235,#6662,#1079,.T.);
#5958=EDGE_CURVE('',#7235,#7234,#7708,.T.);
#5959=EDGE_CURVE('',#7236,#6661,#1080,.T.);
#5960=EDGE_CURVE('',#7236,#7235,#633,.F.);
#5961=EDGE_CURVE('',#7237,#6660,#1081,.T.);
#5962=EDGE_CURVE('',#7237,#7236,#7709,.T.);
#5963=EDGE_CURVE('',#7238,#6659,#1082,.T.);
#5964=EDGE_CURVE('',#7238,#7237,#7710,.T.);
#5965=EDGE_CURVE('',#7239,#6658,#1083,.T.);
#5966=EDGE_CURVE('',#7239,#7238,#634,.F.);
#5967=EDGE_CURVE('',#7211,#7222,#7711,.T.);
#5968=EDGE_CURVE('',#7213,#7223,#7712,.T.);
#5969=EDGE_CURVE('',#7225,#7239,#7713,.T.);
#5970=EDGE_CURVE('',#7195,#7208,#7714,.T.);
#5971=EDGE_CURVE('',#7197,#7209,#7715,.T.);
#5972=EDGE_CURVE('',#7240,#7241,#7716,.T.);
#5973=EDGE_CURVE('',#7242,#7240,#1084,.T.);
#5974=EDGE_CURVE('',#7242,#7243,#7717,.T.);
#5975=EDGE_CURVE('',#7243,#7241,#1085,.T.);
#5976=EDGE_CURVE('',#7244,#7240,#7718,.T.);
#5977=EDGE_CURVE('',#7245,#7244,#1086,.T.);
#5978=EDGE_CURVE('',#7245,#7242,#7719,.T.);
#5979=EDGE_CURVE('',#7246,#7244,#7720,.T.);
#5980=EDGE_CURVE('',#7247,#7246,#1087,.T.);
#5981=EDGE_CURVE('',#7247,#7245,#7721,.T.);
#5982=EDGE_CURVE('',#7248,#7246,#7722,.T.);
#5983=EDGE_CURVE('',#7249,#7248,#1088,.T.);
#5984=EDGE_CURVE('',#7249,#7247,#7723,.T.);
#5985=EDGE_CURVE('',#7250,#7248,#7724,.T.);
#5986=EDGE_CURVE('',#7251,#7250,#1089,.T.);
#5987=EDGE_CURVE('',#7251,#7249,#7725,.T.);
#5988=EDGE_CURVE('',#7252,#7250,#7726,.T.);
#5989=EDGE_CURVE('',#7253,#7252,#1090,.T.);
#5990=EDGE_CURVE('',#7253,#7251,#7727,.T.);
#5991=EDGE_CURVE('',#7254,#7252,#7728,.T.);
#5992=EDGE_CURVE('',#7255,#7254,#1091,.T.);
#5993=EDGE_CURVE('',#7255,#7253,#7729,.T.);
#5994=EDGE_CURVE('',#7256,#6886,#1092,.T.);
#5995=EDGE_CURVE('',#7256,#7257,#7730,.T.);
#5996=EDGE_CURVE('',#7257,#6887,#1093,.T.);
#5997=EDGE_CURVE('',#7258,#6885,#1094,.T.);
#5998=EDGE_CURVE('',#7258,#7256,#7731,.T.);
#5999=EDGE_CURVE('',#7259,#6892,#1095,.T.);
#6000=EDGE_CURVE('',#7259,#7258,#7732,.T.);
#6001=EDGE_CURVE('',#7260,#6891,#1096,.T.);
#6002=EDGE_CURVE('',#7260,#7259,#7733,.T.);
#6003=EDGE_CURVE('',#7261,#6890,#1097,.T.);
#6004=EDGE_CURVE('',#7261,#7260,#7734,.T.);
#6005=EDGE_CURVE('',#7262,#6889,#1098,.T.);
#6006=EDGE_CURVE('',#7262,#7261,#7735,.T.);
#6007=EDGE_CURVE('',#7263,#6888,#1099,.T.);
#6008=EDGE_CURVE('',#7263,#7262,#7736,.T.);
#6009=EDGE_CURVE('',#7257,#7263,#7737,.T.);
#6010=EDGE_CURVE('',#7241,#7254,#7738,.T.);
#6011=EDGE_CURVE('',#7243,#7255,#7739,.T.);
#6012=EDGE_CURVE('',#7264,#6894,#1100,.T.);
#6013=EDGE_CURVE('',#7264,#7265,#1101,.T.);
#6014=EDGE_CURVE('',#7265,#6895,#1102,.T.);
#6015=EDGE_CURVE('',#7266,#6893,#1103,.T.);
#6016=EDGE_CURVE('',#7266,#7264,#1104,.T.);
#6017=EDGE_CURVE('',#7267,#6916,#1105,.T.);
#6018=EDGE_CURVE('',#7267,#7266,#1106,.T.);
#6019=EDGE_CURVE('',#7268,#6915,#1107,.T.);
#6020=EDGE_CURVE('',#7268,#7267,#1108,.T.);
#6021=EDGE_CURVE('',#7269,#6914,#1109,.T.);
#6022=EDGE_CURVE('',#7269,#7268,#1110,.T.);
#6023=EDGE_CURVE('',#7270,#6913,#1111,.T.);
#6024=EDGE_CURVE('',#7270,#7269,#7740,.T.);
#6025=EDGE_CURVE('',#7271,#6912,#1112,.T.);
#6026=EDGE_CURVE('',#7271,#7270,#635,.F.);
#6027=EDGE_CURVE('',#7272,#6911,#1113,.T.);
#6028=EDGE_CURVE('',#7272,#7271,#636,.F.);
#6029=EDGE_CURVE('',#7273,#6910,#1114,.T.);
#6030=EDGE_CURVE('',#7273,#7272,#637,.F.);
#6031=EDGE_CURVE('',#7274,#6909,#1115,.T.);
#6032=EDGE_CURVE('',#7274,#7273,#638,.F.);
#6033=EDGE_CURVE('',#7275,#6908,#1116,.T.);
#6034=EDGE_CURVE('',#7275,#7274,#7741,.T.);
#6035=EDGE_CURVE('',#7276,#6907,#1117,.T.);
#6036=EDGE_CURVE('',#7276,#7275,#639,.F.);
#6037=EDGE_CURVE('',#7277,#6906,#1118,.T.);
#6038=EDGE_CURVE('',#7277,#7276,#640,.F.);
#6039=EDGE_CURVE('',#7278,#6905,#1119,.T.);
#6040=EDGE_CURVE('',#7278,#7277,#7742,.T.);
#6041=EDGE_CURVE('',#7279,#6904,#1120,.T.);
#6042=EDGE_CURVE('',#7279,#7278,#1121,.T.);
#6043=EDGE_CURVE('',#7280,#6903,#1122,.T.);
#6044=EDGE_CURVE('',#7280,#7279,#641,.T.);
#6045=EDGE_CURVE('',#7281,#6902,#1123,.T.);
#6046=EDGE_CURVE('',#7281,#7280,#642,.T.);
#6047=EDGE_CURVE('',#7282,#6901,#1124,.T.);
#6048=EDGE_CURVE('',#7282,#7281,#7743,.T.);
#6049=EDGE_CURVE('',#7283,#6900,#1125,.T.);
#6050=EDGE_CURVE('',#7283,#7282,#7744,.T.);
#6051=EDGE_CURVE('',#7284,#6899,#1126,.T.);
#6052=EDGE_CURVE('',#7284,#7283,#643,.T.);
#6053=EDGE_CURVE('',#7285,#6898,#1127,.T.);
#6054=EDGE_CURVE('',#7285,#7284,#644,.T.);
#6055=EDGE_CURVE('',#7286,#6897,#1128,.T.);
#6056=EDGE_CURVE('',#7286,#7285,#7745,.T.);
#6057=EDGE_CURVE('',#7287,#6896,#1129,.T.);
#6058=EDGE_CURVE('',#7287,#7286,#1130,.T.);
#6059=EDGE_CURVE('',#7265,#7287,#1131,.T.);
#6060=EDGE_CURVE('',#7288,#7289,#1132,.T.);
#6061=EDGE_CURVE('',#7290,#7288,#1133,.T.);
#6062=EDGE_CURVE('',#7290,#7291,#1134,.T.);
#6063=EDGE_CURVE('',#7291,#7289,#1135,.T.);
#6064=EDGE_CURVE('',#7292,#7288,#1136,.T.);
#6065=EDGE_CURVE('',#7293,#7292,#1137,.T.);
#6066=EDGE_CURVE('',#7293,#7290,#1138,.T.);
#6067=EDGE_CURVE('',#7294,#7292,#1139,.T.);
#6068=EDGE_CURVE('',#7295,#7294,#1140,.T.);
#6069=EDGE_CURVE('',#7295,#7293,#1141,.T.);
#6070=EDGE_CURVE('',#7296,#7294,#645,.F.);
#6071=EDGE_CURVE('',#7297,#7296,#1142,.T.);
#6072=EDGE_CURVE('',#7297,#7295,#646,.F.);
#6073=EDGE_CURVE('',#7298,#7296,#1143,.T.);
#6074=EDGE_CURVE('',#7299,#7298,#1144,.T.);
#6075=EDGE_CURVE('',#7299,#7297,#1145,.T.);
#6076=EDGE_CURVE('',#7300,#7298,#647,.F.);
#6077=EDGE_CURVE('',#7301,#7300,#1146,.T.);
#6078=EDGE_CURVE('',#7301,#7299,#648,.F.);
#6079=EDGE_CURVE('',#7302,#6645,#1147,.T.);
#6080=EDGE_CURVE('',#7302,#7303,#1148,.T.);
#6081=EDGE_CURVE('',#7303,#6646,#1149,.T.);
#6082=EDGE_CURVE('',#7304,#6644,#1150,.T.);
#6083=EDGE_CURVE('',#7304,#7302,#1151,.T.);
#6084=EDGE_CURVE('',#7305,#6654,#1152,.T.);
#6085=EDGE_CURVE('',#7305,#7304,#1153,.T.);
#6086=EDGE_CURVE('',#7306,#6653,#1154,.T.);
#6087=EDGE_CURVE('',#7306,#7305,#1155,.T.);
#6088=EDGE_CURVE('',#7307,#6652,#1156,.T.);
#6089=EDGE_CURVE('',#7307,#7306,#1157,.T.);
#6090=EDGE_CURVE('',#7308,#6651,#1158,.T.);
#6091=EDGE_CURVE('',#7308,#7307,#1159,.T.);
#6092=EDGE_CURVE('',#7309,#6650,#1160,.T.);
#6093=EDGE_CURVE('',#7309,#7308,#1161,.T.);
#6094=EDGE_CURVE('',#7310,#6649,#1162,.T.);
#6095=EDGE_CURVE('',#7310,#7309,#1163,.T.);
#6096=EDGE_CURVE('',#7311,#6648,#1164,.T.);
#6097=EDGE_CURVE('',#7311,#7310,#1165,.T.);
#6098=EDGE_CURVE('',#7312,#6647,#1166,.T.);
#6099=EDGE_CURVE('',#7312,#7311,#1167,.T.);
#6100=EDGE_CURVE('',#7303,#7312,#1168,.T.);
#6101=EDGE_CURVE('',#7289,#7300,#649,.F.);
#6102=EDGE_CURVE('',#7291,#7301,#650,.F.);
#6103=EDGE_CURVE('',#7313,#7314,#7746,.T.);
#6104=EDGE_CURVE('',#7315,#7313,#1169,.T.);
#6105=EDGE_CURVE('',#7315,#7316,#7747,.T.);
#6106=EDGE_CURVE('',#7316,#7314,#1170,.T.);
#6107=EDGE_CURVE('',#7317,#7313,#7748,.T.);
#6108=EDGE_CURVE('',#7318,#7317,#1171,.T.);
#6109=EDGE_CURVE('',#7318,#7315,#7749,.T.);
#6110=EDGE_CURVE('',#7319,#7317,#7750,.T.);
#6111=EDGE_CURVE('',#7320,#7319,#1172,.T.);
#6112=EDGE_CURVE('',#7320,#7318,#7751,.T.);
#6113=EDGE_CURVE('',#7321,#7319,#7752,.T.);
#6114=EDGE_CURVE('',#7322,#7321,#1173,.T.);
#6115=EDGE_CURVE('',#7322,#7320,#7753,.T.);
#6116=EDGE_CURVE('',#7323,#7321,#651,.T.);
#6117=EDGE_CURVE('',#7324,#7323,#1174,.T.);
#6118=EDGE_CURVE('',#7324,#7322,#652,.T.);
#6119=EDGE_CURVE('',#7325,#7323,#7754,.T.);
#6120=EDGE_CURVE('',#7326,#7325,#1175,.T.);
#6121=EDGE_CURVE('',#7326,#7324,#7755,.T.);
#6122=EDGE_CURVE('',#7327,#7325,#7756,.T.);
#6123=EDGE_CURVE('',#7328,#7327,#1176,.T.);
#6124=EDGE_CURVE('',#7328,#7326,#7757,.T.);
#6125=EDGE_CURVE('',#7329,#6918,#1177,.T.);
#6126=EDGE_CURVE('',#7329,#7330,#7758,.T.);
#6127=EDGE_CURVE('',#7330,#6919,#1178,.T.);
#6128=EDGE_CURVE('',#7331,#6917,#1179,.T.);
#6129=EDGE_CURVE('',#7331,#7329,#7759,.T.);
#6130=EDGE_CURVE('',#7332,#6933,#1180,.T.);
#6131=EDGE_CURVE('',#7332,#7331,#7760,.T.);
#6132=EDGE_CURVE('',#7333,#6932,#1181,.T.);
#6133=EDGE_CURVE('',#7333,#7332,#7761,.T.);
#6134=EDGE_CURVE('',#7334,#6931,#1182,.T.);
#6135=EDGE_CURVE('',#7334,#7333,#7762,.T.);
#6136=EDGE_CURVE('',#7335,#6930,#1183,.T.);
#6137=EDGE_CURVE('',#7335,#7334,#7763,.T.);
#6138=EDGE_CURVE('',#7336,#6929,#1184,.T.);
#6139=EDGE_CURVE('',#7336,#7335,#7764,.T.);
#6140=EDGE_CURVE('',#7337,#6928,#1185,.T.);
#6141=EDGE_CURVE('',#7337,#7336,#7765,.T.);
#6142=EDGE_CURVE('',#7338,#6927,#1186,.T.);
#6143=EDGE_CURVE('',#7338,#7337,#7766,.T.);
#6144=EDGE_CURVE('',#7339,#6926,#1187,.T.);
#6145=EDGE_CURVE('',#7339,#7338,#1188,.T.);
#6146=EDGE_CURVE('',#7340,#6925,#1189,.T.);
#6147=EDGE_CURVE('',#7340,#7339,#7767,.T.);
#6148=EDGE_CURVE('',#7341,#6924,#1190,.T.);
#6149=EDGE_CURVE('',#7341,#7340,#653,.T.);
#6150=EDGE_CURVE('',#7342,#6923,#1191,.T.);
#6151=EDGE_CURVE('',#7342,#7341,#7768,.T.);
#6152=EDGE_CURVE('',#7343,#6922,#1192,.T.);
#6153=EDGE_CURVE('',#7343,#7342,#654,.T.);
#6154=EDGE_CURVE('',#7344,#6921,#1193,.T.);
#6155=EDGE_CURVE('',#7344,#7343,#1194,.T.);
#6156=EDGE_CURVE('',#7345,#6920,#1195,.T.);
#6157=EDGE_CURVE('',#7345,#7344,#7769,.T.);
#6158=EDGE_CURVE('',#7330,#7345,#7770,.T.);
#6159=EDGE_CURVE('',#7314,#7327,#7771,.T.);
#6160=EDGE_CURVE('',#7316,#7328,#7772,.T.);
#6161=EDGE_CURVE('',#7346,#7347,#7773,.T.);
#6162=EDGE_CURVE('',#7348,#7346,#1196,.T.);
#6163=EDGE_CURVE('',#7348,#7349,#7774,.T.);
#6164=EDGE_CURVE('',#7349,#7347,#1197,.T.);
#6165=EDGE_CURVE('',#7350,#7346,#7775,.T.);
#6166=EDGE_CURVE('',#7351,#7350,#1198,.T.);
#6167=EDGE_CURVE('',#7351,#7348,#7776,.T.);
#6168=EDGE_CURVE('',#7352,#7350,#7777,.T.);
#6169=EDGE_CURVE('',#7353,#7352,#1199,.T.);
#6170=EDGE_CURVE('',#7353,#7351,#7778,.T.);
#6171=EDGE_CURVE('',#7354,#7352,#7779,.T.);
#6172=EDGE_CURVE('',#7355,#7354,#1200,.T.);
#6173=EDGE_CURVE('',#7355,#7353,#7780,.T.);
#6174=EDGE_CURVE('',#7356,#7354,#655,.T.);
#6175=EDGE_CURVE('',#7357,#7356,#1201,.T.);
#6176=EDGE_CURVE('',#7357,#7355,#656,.T.);
#6177=EDGE_CURVE('',#7358,#7356,#7781,.T.);
#6178=EDGE_CURVE('',#7359,#7358,#1202,.T.);
#6179=EDGE_CURVE('',#7359,#7357,#7782,.T.);
#6180=EDGE_CURVE('',#7360,#7358,#7783,.T.);
#6181=EDGE_CURVE('',#7361,#7360,#1203,.T.);
#6182=EDGE_CURVE('',#7361,#7359,#7784,.T.);
#6183=EDGE_CURVE('',#7362,#6627,#1204,.T.);
#6184=EDGE_CURVE('',#7362,#7363,#7785,.T.);
#6185=EDGE_CURVE('',#7363,#6628,#1205,.T.);
#6186=EDGE_CURVE('',#7364,#6626,#1206,.T.);
#6187=EDGE_CURVE('',#7364,#7362,#7786,.T.);
#6188=EDGE_CURVE('',#7365,#6643,#1207,.T.);
#6189=EDGE_CURVE('',#7365,#7364,#7787,.T.);
#6190=EDGE_CURVE('',#7366,#6642,#1208,.T.);
#6191=EDGE_CURVE('',#7366,#7365,#7788,.T.);
#6192=EDGE_CURVE('',#7367,#6641,#1209,.T.);
#6193=EDGE_CURVE('',#7367,#7366,#7789,.T.);
#6194=EDGE_CURVE('',#7368,#6640,#1210,.T.);
#6195=EDGE_CURVE('',#7368,#7367,#7790,.T.);
#6196=EDGE_CURVE('',#7369,#6639,#1211,.T.);
#6197=EDGE_CURVE('',#7369,#7368,#7791,.T.);
#6198=EDGE_CURVE('',#7370,#6638,#1212,.T.);
#6199=EDGE_CURVE('',#7370,#7369,#7792,.T.);
#6200=EDGE_CURVE('',#7371,#6637,#1213,.T.);
#6201=EDGE_CURVE('',#7371,#7370,#7793,.T.);
#6202=EDGE_CURVE('',#7372,#6636,#1214,.T.);
#6203=EDGE_CURVE('',#7372,#7371,#7794,.T.);
#6204=EDGE_CURVE('',#7373,#6635,#1215,.T.);
#6205=EDGE_CURVE('',#7373,#7372,#1216,.T.);
#6206=EDGE_CURVE('',#7374,#6634,#1217,.T.);
#6207=EDGE_CURVE('',#7374,#7373,#7795,.T.);
#6208=EDGE_CURVE('',#7375,#6633,#1218,.T.);
#6209=EDGE_CURVE('',#7375,#7374,#657,.T.);
#6210=EDGE_CURVE('',#7376,#6632,#1219,.T.);
#6211=EDGE_CURVE('',#7376,#7375,#7796,.T.);
#6212=EDGE_CURVE('',#7377,#6631,#1220,.T.);
#6213=EDGE_CURVE('',#7377,#7376,#658,.T.);
#6214=EDGE_CURVE('',#7378,#6630,#1221,.T.);
#6215=EDGE_CURVE('',#7378,#7377,#1222,.T.);
#6216=EDGE_CURVE('',#7379,#6629,#1223,.T.);
#6217=EDGE_CURVE('',#7379,#7378,#7797,.T.);
#6218=EDGE_CURVE('',#7363,#7379,#7798,.T.);
#6219=EDGE_CURVE('',#7347,#7360,#7799,.T.);
#6220=EDGE_CURVE('',#7349,#7361,#7800,.T.);
#6221=EDGE_CURVE('',#7380,#6617,#1224,.T.);
#6222=EDGE_CURVE('',#7380,#7381,#1225,.T.);
#6223=EDGE_CURVE('',#7381,#6618,#1226,.T.);
#6224=EDGE_CURVE('',#7382,#6616,#1227,.T.);
#6225=EDGE_CURVE('',#7382,#7380,#1228,.T.);
#6226=EDGE_CURVE('',#7383,#6625,#1229,.T.);
#6227=EDGE_CURVE('',#7383,#7382,#1230,.T.);
#6228=EDGE_CURVE('',#7384,#6624,#1231,.T.);
#6229=EDGE_CURVE('',#7384,#7383,#1232,.T.);
#6230=EDGE_CURVE('',#7385,#6623,#1233,.T.);
#6231=EDGE_CURVE('',#7385,#7384,#1234,.T.);
#6232=EDGE_CURVE('',#7386,#6622,#1235,.T.);
#6233=EDGE_CURVE('',#7386,#7385,#1236,.T.);
#6234=EDGE_CURVE('',#7387,#6621,#1237,.T.);
#6235=EDGE_CURVE('',#7387,#7386,#659,.F.);
#6236=EDGE_CURVE('',#7388,#6620,#1238,.T.);
#6237=EDGE_CURVE('',#7388,#7387,#1239,.T.);
#6238=EDGE_CURVE('',#7389,#6619,#1240,.T.);
#6239=EDGE_CURVE('',#7389,#7388,#1241,.T.);
#6240=EDGE_CURVE('',#7381,#7389,#1242,.T.);
#6241=EDGE_CURVE('',#7390,#6604,#1243,.T.);
#6242=EDGE_CURVE('',#7390,#7391,#660,.T.);
#6243=EDGE_CURVE('',#7391,#6605,#1244,.T.);
#6244=EDGE_CURVE('',#7390,#6956,#1245,.T.);
#6245=EDGE_CURVE('',#7391,#6955,#1246,.T.);
#6246=EDGE_CURVE('',#7392,#6593,#1247,.T.);
#6247=EDGE_CURVE('',#7392,#7073,#1248,.T.);
#6248=EDGE_CURVE('',#7393,#6592,#1249,.T.);
#6249=EDGE_CURVE('',#7393,#7392,#661,.T.);
#6250=EDGE_CURVE('',#7393,#7072,#1250,.T.);
#6251=EDGE_CURVE('',#7394,#7074,#1251,.T.);
#6252=EDGE_CURVE('',#7394,#7395,#662,.T.);
#6253=EDGE_CURVE('',#7395,#7075,#1252,.T.);
#6254=EDGE_CURVE('',#7394,#6613,#1253,.T.);
#6255=EDGE_CURVE('',#7395,#6612,#1254,.T.);
#6256=EDGE_CURVE('',#7396,#7397,#663,.T.);
#6257=EDGE_CURVE('',#7397,#6958,#1255,.T.);
#6258=EDGE_CURVE('',#7396,#6957,#1256,.T.);
#6259=EDGE_CURVE('',#7397,#6600,#1257,.T.);
#6260=EDGE_CURVE('',#7396,#6601,#1258,.T.);
#6261=EDGE_CURVE('',#7398,#6578,#1259,.T.);
#6262=EDGE_CURVE('',#7398,#7399,#7801,.T.);
#6263=EDGE_CURVE('',#7399,#6579,#1260,.T.);
#6264=EDGE_CURVE('',#7400,#6577,#1261,.T.);
#6265=EDGE_CURVE('',#7400,#7398,#664,.T.);
#6266=EDGE_CURVE('',#7401,#6591,#1262,.T.);
#6267=EDGE_CURVE('',#7401,#7400,#665,.T.);
#6268=EDGE_CURVE('',#7402,#6590,#1263,.T.);
#6269=EDGE_CURVE('',#7402,#7401,#1264,.T.);
#6270=EDGE_CURVE('',#7403,#6589,#1265,.T.);
#6271=EDGE_CURVE('',#7403,#7402,#7802,.T.);
#6272=EDGE_CURVE('',#7404,#6588,#1266,.T.);
#6273=EDGE_CURVE('',#7404,#7403,#7803,.T.);
#6274=EDGE_CURVE('',#7405,#6587,#1267,.T.);
#6275=EDGE_CURVE('',#7405,#7404,#7804,.T.);
#6276=EDGE_CURVE('',#7406,#6586,#1268,.T.);
#6277=EDGE_CURVE('',#7406,#7405,#7805,.T.);
#6278=EDGE_CURVE('',#7407,#6585,#1269,.T.);
#6279=EDGE_CURVE('',#7407,#7406,#7806,.T.);
#6280=EDGE_CURVE('',#7408,#6584,#1270,.T.);
#6281=EDGE_CURVE('',#7408,#7407,#7807,.T.);
#6282=EDGE_CURVE('',#7409,#6583,#1271,.T.);
#6283=EDGE_CURVE('',#7409,#7408,#7808,.T.);
#6284=EDGE_CURVE('',#7410,#6582,#1272,.T.);
#6285=EDGE_CURVE('',#7410,#7409,#1273,.T.);
#6286=EDGE_CURVE('',#7411,#6581,#1274,.T.);
#6287=EDGE_CURVE('',#7411,#7410,#7809,.T.);
#6288=EDGE_CURVE('',#7412,#6580,#1275,.T.);
#6289=EDGE_CURVE('',#7412,#7411,#7810,.T.);
#6290=EDGE_CURVE('',#7399,#7412,#7811,.T.);
#6291=EDGE_CURVE('',#7413,#6566,#1276,.T.);
#6292=EDGE_CURVE('',#7413,#7414,#1277,.T.);
#6293=EDGE_CURVE('',#7414,#6567,#1278,.T.);
#6294=EDGE_CURVE('',#7415,#6565,#1279,.T.);
#6295=EDGE_CURVE('',#7415,#7413,#1280,.T.);
#6296=EDGE_CURVE('',#7416,#6576,#1281,.T.);
#6297=EDGE_CURVE('',#7416,#7415,#1282,.T.);
#6298=EDGE_CURVE('',#7417,#6575,#1283,.T.);
#6299=EDGE_CURVE('',#7417,#7416,#1284,.T.);
#6300=EDGE_CURVE('',#7418,#6574,#1285,.T.);
#6301=EDGE_CURVE('',#7418,#7417,#1286,.T.);
#6302=EDGE_CURVE('',#7419,#6573,#1287,.T.);
#6303=EDGE_CURVE('',#7419,#7418,#1288,.T.);
#6304=EDGE_CURVE('',#7420,#6572,#1289,.T.);
#6305=EDGE_CURVE('',#7420,#7419,#1290,.T.);
#6306=EDGE_CURVE('',#7421,#6571,#1291,.T.);
#6307=EDGE_CURVE('',#7421,#7420,#1292,.T.);
#6308=EDGE_CURVE('',#7422,#6570,#1293,.T.);
#6309=EDGE_CURVE('',#7422,#7421,#1294,.T.);
#6310=EDGE_CURVE('',#7423,#6569,#1295,.T.);
#6311=EDGE_CURVE('',#7423,#7422,#1296,.T.);
#6312=EDGE_CURVE('',#7424,#6568,#1297,.T.);
#6313=EDGE_CURVE('',#7424,#7423,#1298,.T.);
#6314=EDGE_CURVE('',#7414,#7424,#1299,.T.);
#6315=EDGE_CURVE('',#7425,#6556,#1300,.T.);
#6316=EDGE_CURVE('',#7425,#7426,#1301,.T.);
#6317=EDGE_CURVE('',#7426,#6557,#1302,.T.);
#6318=EDGE_CURVE('',#7427,#6555,#1303,.T.);
#6319=EDGE_CURVE('',#7427,#7425,#1304,.T.);
#6320=EDGE_CURVE('',#7428,#6564,#1305,.T.);
#6321=EDGE_CURVE('',#7428,#7427,#1306,.T.);
#6322=EDGE_CURVE('',#7429,#6563,#1307,.T.);
#6323=EDGE_CURVE('',#7429,#7428,#1308,.T.);
#6324=EDGE_CURVE('',#7430,#6562,#1309,.T.);
#6325=EDGE_CURVE('',#7430,#7429,#1310,.T.);
#6326=EDGE_CURVE('',#7431,#6561,#1311,.T.);
#6327=EDGE_CURVE('',#7431,#7430,#1312,.T.);
#6328=EDGE_CURVE('',#7432,#6560,#1313,.T.);
#6329=EDGE_CURVE('',#7432,#7431,#1314,.T.);
#6330=EDGE_CURVE('',#7433,#6559,#1315,.T.);
#6331=EDGE_CURVE('',#7433,#7432,#1316,.T.);
#6332=EDGE_CURVE('',#7434,#6558,#1317,.T.);
#6333=EDGE_CURVE('',#7434,#7433,#1318,.T.);
#6334=EDGE_CURVE('',#7426,#7434,#1319,.T.);
#6335=EDGE_CURVE('',#7435,#6537,#1320,.T.);
#6336=EDGE_CURVE('',#7435,#7436,#1321,.T.);
#6337=EDGE_CURVE('',#7436,#6538,#1322,.T.);
#6338=EDGE_CURVE('',#7437,#6536,#1323,.T.);
#6339=EDGE_CURVE('',#7437,#7435,#1324,.T.);
#6340=EDGE_CURVE('',#7438,#6554,#1325,.T.);
#6341=EDGE_CURVE('',#7438,#7437,#1326,.T.);
#6342=EDGE_CURVE('',#7439,#6553,#1327,.T.);
#6343=EDGE_CURVE('',#7439,#7438,#1328,.T.);
#6344=EDGE_CURVE('',#7440,#6552,#1329,.T.);
#6345=EDGE_CURVE('',#7440,#7439,#666,.T.);
#6346=EDGE_CURVE('',#7441,#6551,#1330,.T.);
#6347=EDGE_CURVE('',#7441,#7440,#7812,.T.);
#6348=EDGE_CURVE('',#7442,#6550,#1331,.T.);
#6349=EDGE_CURVE('',#7442,#7441,#7813,.T.);
#6350=EDGE_CURVE('',#7443,#6549,#1332,.T.);
#6351=EDGE_CURVE('',#7443,#7442,#7814,.T.);
#6352=EDGE_CURVE('',#7444,#6548,#1333,.T.);
#6353=EDGE_CURVE('',#7444,#7443,#7815,.T.);
#6354=EDGE_CURVE('',#7445,#6547,#1334,.T.);
#6355=EDGE_CURVE('',#7445,#7444,#667,.T.);
#6356=EDGE_CURVE('',#7446,#6546,#1335,.T.);
#6357=EDGE_CURVE('',#7446,#7445,#1336,.T.);
#6358=EDGE_CURVE('',#7447,#6545,#1337,.T.);
#6359=EDGE_CURVE('',#7447,#7446,#668,.F.);
#6360=EDGE_CURVE('',#7448,#6544,#1338,.T.);
#6361=EDGE_CURVE('',#7448,#7447,#7816,.T.);
#6362=EDGE_CURVE('',#7449,#6543,#1339,.T.);
#6363=EDGE_CURVE('',#7449,#7448,#7817,.T.);
#6364=EDGE_CURVE('',#7450,#6542,#1340,.T.);
#6365=EDGE_CURVE('',#7450,#7449,#7818,.T.);
#6366=EDGE_CURVE('',#7451,#6541,#1341,.T.);
#6367=EDGE_CURVE('',#7451,#7450,#7819,.T.);
#6368=EDGE_CURVE('',#7452,#6540,#1342,.T.);
#6369=EDGE_CURVE('',#7452,#7451,#669,.F.);
#6370=EDGE_CURVE('',#7453,#6539,#1343,.T.);
#6371=EDGE_CURVE('',#7453,#7452,#670,.F.);
#6372=EDGE_CURVE('',#7436,#7453,#1344,.T.);
#6373=EDGE_CURVE('',#7454,#6525,#1345,.T.);
#6374=EDGE_CURVE('',#7454,#7455,#1346,.T.);
#6375=EDGE_CURVE('',#7455,#6526,#1347,.T.);
#6376=EDGE_CURVE('',#7456,#6524,#1348,.T.);
#6377=EDGE_CURVE('',#7456,#7454,#1349,.T.);
#6378=EDGE_CURVE('',#7457,#6535,#1350,.T.);
#6379=EDGE_CURVE('',#7457,#7456,#1351,.T.);
#6380=EDGE_CURVE('',#7458,#6534,#1352,.T.);
#6381=EDGE_CURVE('',#7458,#7457,#1353,.T.);
#6382=EDGE_CURVE('',#7459,#6533,#1354,.T.);
#6383=EDGE_CURVE('',#7459,#7458,#1355,.T.);
#6384=EDGE_CURVE('',#7460,#6532,#1356,.T.);
#6385=EDGE_CURVE('',#7460,#7459,#1357,.T.);
#6386=EDGE_CURVE('',#7461,#6531,#1358,.T.);
#6387=EDGE_CURVE('',#7461,#7460,#1359,.T.);
#6388=EDGE_CURVE('',#7462,#6530,#1360,.T.);
#6389=EDGE_CURVE('',#7462,#7461,#1361,.T.);
#6390=EDGE_CURVE('',#7463,#6529,#1362,.T.);
#6391=EDGE_CURVE('',#7463,#7462,#1363,.T.);
#6392=EDGE_CURVE('',#7464,#6528,#1364,.T.);
#6393=EDGE_CURVE('',#7464,#7463,#1365,.T.);
#6394=EDGE_CURVE('',#7465,#6527,#1366,.T.);
#6395=EDGE_CURVE('',#7465,#7464,#1367,.T.);
#6396=EDGE_CURVE('',#7455,#7465,#1368,.T.);
#6397=EDGE_CURVE('',#7466,#7467,#1369,.T.);
#6398=EDGE_CURVE('',#7468,#7466,#1370,.T.);
#6399=EDGE_CURVE('',#7468,#7469,#1371,.T.);
#6400=EDGE_CURVE('',#7469,#7467,#1372,.T.);
#6401=EDGE_CURVE('',#7470,#7466,#1373,.T.);
#6402=EDGE_CURVE('',#7471,#7470,#1374,.T.);
#6403=EDGE_CURVE('',#7471,#7468,#1375,.T.);
#6404=EDGE_CURVE('',#7472,#7470,#7820,.T.);
#6405=EDGE_CURVE('',#7473,#7472,#1376,.T.);
#6406=EDGE_CURVE('',#7473,#7471,#7821,.T.);
#6407=EDGE_CURVE('',#7474,#7472,#7822,.T.);
#6408=EDGE_CURVE('',#7475,#7474,#1377,.T.);
#6409=EDGE_CURVE('',#7475,#7473,#7823,.T.);
#6410=EDGE_CURVE('',#7476,#7474,#7824,.T.);
#6411=EDGE_CURVE('',#7477,#7476,#1378,.T.);
#6412=EDGE_CURVE('',#7477,#7475,#7825,.T.);
#6413=EDGE_CURVE('',#7478,#7479,#1379,.T.);
#6414=EDGE_CURVE('',#7480,#7478,#1380,.T.);
#6415=EDGE_CURVE('',#7480,#7481,#1381,.T.);
#6416=EDGE_CURVE('',#7481,#7479,#1382,.T.);
#6417=EDGE_CURVE('',#7482,#7478,#1383,.T.);
#6418=EDGE_CURVE('',#7483,#7482,#1384,.T.);
#6419=EDGE_CURVE('',#7483,#7480,#1385,.T.);
#6420=EDGE_CURVE('',#7484,#7482,#1386,.T.);
#6421=EDGE_CURVE('',#7485,#7484,#1387,.T.);
#6422=EDGE_CURVE('',#7485,#7483,#1388,.T.);
#6423=EDGE_CURVE('',#7486,#7484,#7826,.T.);
#6424=EDGE_CURVE('',#7487,#7486,#1389,.T.);
#6425=EDGE_CURVE('',#7487,#7485,#7827,.T.);
#6426=EDGE_CURVE('',#7488,#7486,#7828,.T.);
#6427=EDGE_CURVE('',#7489,#7488,#1390,.T.);
#6428=EDGE_CURVE('',#7489,#7487,#7829,.T.);
#6429=EDGE_CURVE('',#7490,#7488,#7830,.T.);
#6430=EDGE_CURVE('',#7491,#7490,#1391,.T.);
#6431=EDGE_CURVE('',#7491,#7489,#7831,.T.);
#6432=EDGE_CURVE('',#7492,#6936,#1392,.T.);
#6433=EDGE_CURVE('',#7492,#7493,#1393,.T.);
#6434=EDGE_CURVE('',#7493,#6937,#1394,.T.);
#6435=EDGE_CURVE('',#7494,#6935,#1395,.T.);
#6436=EDGE_CURVE('',#7494,#7492,#1396,.T.);
#6437=EDGE_CURVE('',#7495,#6946,#1397,.T.);
#6438=EDGE_CURVE('',#7495,#7494,#1398,.T.);
#6439=EDGE_CURVE('',#7496,#6945,#1399,.T.);
#6440=EDGE_CURVE('',#7496,#7495,#7832,.T.);
#6441=EDGE_CURVE('',#7497,#6944,#1400,.T.);
#6442=EDGE_CURVE('',#7497,#7496,#7833,.T.);
#6443=EDGE_CURVE('',#7498,#6943,#1401,.T.);
#6444=EDGE_CURVE('',#7498,#7497,#7834,.T.);
#6445=EDGE_CURVE('',#7499,#6942,#1402,.T.);
#6446=EDGE_CURVE('',#7499,#7498,#7835,.T.);
#6447=EDGE_CURVE('',#7500,#6941,#1403,.T.);
#6448=EDGE_CURVE('',#7500,#7499,#1404,.T.);
#6449=EDGE_CURVE('',#7501,#6940,#1405,.T.);
#6450=EDGE_CURVE('',#7501,#7500,#671,.F.);
#6451=EDGE_CURVE('',#7502,#6939,#1406,.T.);
#6452=EDGE_CURVE('',#7502,#7501,#7836,.T.);
#6453=EDGE_CURVE('',#7503,#6938,#1407,.T.);
#6454=EDGE_CURVE('',#7503,#7502,#7837,.T.);
#6455=EDGE_CURVE('',#7479,#7490,#7838,.T.);
#6456=EDGE_CURVE('',#7481,#7491,#7839,.T.);
#6457=EDGE_CURVE('',#7493,#7503,#7840,.T.);
#6458=EDGE_CURVE('',#7467,#7476,#1408,.T.);
#6459=EDGE_CURVE('',#7469,#7477,#1409,.T.);
#6460=EDGE_CURVE('',#7504,#7505,#7841,.T.);
#6461=EDGE_CURVE('',#7506,#7504,#1410,.T.);
#6462=EDGE_CURVE('',#7506,#7507,#7842,.T.);
#6463=EDGE_CURVE('',#7507,#7505,#1411,.T.);
#6464=EDGE_CURVE('',#7508,#7504,#7843,.T.);
#6465=EDGE_CURVE('',#7509,#7508,#1412,.T.);
#6466=EDGE_CURVE('',#7509,#7506,#7844,.T.);
#6467=EDGE_CURVE('',#7510,#7508,#1413,.T.);
#6468=EDGE_CURVE('',#7511,#7510,#1414,.T.);
#6469=EDGE_CURVE('',#7511,#7509,#1415,.T.);
#6470=EDGE_CURVE('',#7512,#7510,#1416,.T.);
#6471=EDGE_CURVE('',#7513,#7512,#1417,.T.);
#6472=EDGE_CURVE('',#7513,#7511,#1418,.T.);
#6473=EDGE_CURVE('',#7514,#6518,#1419,.T.);
#6474=EDGE_CURVE('',#7514,#7515,#7845,.T.);
#6475=EDGE_CURVE('',#7515,#6519,#1420,.T.);
#6476=EDGE_CURVE('',#7516,#6517,#1421,.T.);
#6477=EDGE_CURVE('',#7516,#7514,#7846,.T.);
#6478=EDGE_CURVE('',#7517,#6523,#1422,.T.);
#6479=EDGE_CURVE('',#7517,#7516,#7847,.T.);
#6480=EDGE_CURVE('',#7518,#6522,#1423,.T.);
#6481=EDGE_CURVE('',#7518,#7517,#1424,.T.);
#6482=EDGE_CURVE('',#7519,#6521,#1425,.T.);
#6483=EDGE_CURVE('',#7519,#7518,#1426,.T.);
#6484=EDGE_CURVE('',#7520,#6520,#1427,.T.);
#6485=EDGE_CURVE('',#7520,#7519,#1428,.T.);
#6486=EDGE_CURVE('',#7515,#7520,#7848,.T.);
#6487=EDGE_CURVE('',#7505,#7512,#1429,.T.);
#6488=EDGE_CURVE('',#7507,#7513,#1430,.T.);
#6489=EDGE_CURVE('',#7521,#7522,#672,.F.);
#6490=EDGE_CURVE('',#7523,#7521,#1431,.T.);
#6491=EDGE_CURVE('',#7523,#7524,#673,.F.);
#6492=EDGE_CURVE('',#7524,#7522,#1432,.T.);
#6493=EDGE_CURVE('',#7525,#7521,#1433,.T.);
#6494=EDGE_CURVE('',#7526,#7525,#1434,.T.);
#6495=EDGE_CURVE('',#7526,#7523,#1435,.T.);
#6496=EDGE_CURVE('',#7527,#7525,#7849,.T.);
#6497=EDGE_CURVE('',#7528,#7527,#1436,.T.);
#6498=EDGE_CURVE('',#7528,#7526,#7850,.T.);
#6499=EDGE_CURVE('',#7529,#6948,#1437,.T.);
#6500=EDGE_CURVE('',#7529,#7530,#1438,.T.);
#6501=EDGE_CURVE('',#7530,#6949,#1439,.T.);
#6502=EDGE_CURVE('',#7531,#6947,#1440,.T.);
#6503=EDGE_CURVE('',#7531,#7529,#1441,.T.);
#6504=EDGE_CURVE('',#7532,#6954,#1442,.T.);
#6505=EDGE_CURVE('',#7532,#7531,#1443,.T.);
#6506=EDGE_CURVE('',#7533,#6953,#1444,.T.);
#6507=EDGE_CURVE('',#7533,#7532,#1445,.T.);
#6508=EDGE_CURVE('',#7534,#6952,#1446,.T.);
#6509=EDGE_CURVE('',#7534,#7533,#1447,.T.);
#6510=EDGE_CURVE('',#7535,#6951,#1448,.T.);
#6511=EDGE_CURVE('',#7535,#7534,#1449,.T.);
#6512=EDGE_CURVE('',#7536,#6950,#1450,.T.);
#6513=EDGE_CURVE('',#7536,#7535,#1451,.T.);
#6514=EDGE_CURVE('',#7530,#7536,#1452,.T.);
#6515=EDGE_CURVE('',#7522,#7527,#674,.F.);
#6516=EDGE_CURVE('',#7524,#7528,#675,.F.);
#6517=VERTEX_POINT('',#13352);
#6518=VERTEX_POINT('',#13353);
#6519=VERTEX_POINT('',#13357);
#6520=VERTEX_POINT('',#13361);
#6521=VERTEX_POINT('',#13363);
#6522=VERTEX_POINT('',#13365);
#6523=VERTEX_POINT('',#13367);
#6524=VERTEX_POINT('',#13372);
#6525=VERTEX_POINT('',#13373);
#6526=VERTEX_POINT('',#13375);
#6527=VERTEX_POINT('',#13377);
#6528=VERTEX_POINT('',#13379);
#6529=VERTEX_POINT('',#13381);
#6530=VERTEX_POINT('',#13383);
#6531=VERTEX_POINT('',#13385);
#6532=VERTEX_POINT('',#13387);
#6533=VERTEX_POINT('',#13389);
#6534=VERTEX_POINT('',#13391);
#6535=VERTEX_POINT('',#13393);
#6536=VERTEX_POINT('',#13396);
#6537=VERTEX_POINT('',#13397);
#6538=VERTEX_POINT('',#13399);
#6539=VERTEX_POINT('',#13401);
#6540=VERTEX_POINT('',#13403);
#6541=VERTEX_POINT('',#13405);
#6542=VERTEX_POINT('',#13409);
#6543=VERTEX_POINT('',#13413);
#6544=VERTEX_POINT('',#13417);
#6545=VERTEX_POINT('',#13421);
#6546=VERTEX_POINT('',#13423);
#6547=VERTEX_POINT('',#13425);
#6548=VERTEX_POINT('',#13427);
#6549=VERTEX_POINT('',#13431);
#6550=VERTEX_POINT('',#13435);
#6551=VERTEX_POINT('',#13439);
#6552=VERTEX_POINT('',#13443);
#6553=VERTEX_POINT('',#13445);
#6554=VERTEX_POINT('',#13447);
#6555=VERTEX_POINT('',#13450);
#6556=VERTEX_POINT('',#13451);
#6557=VERTEX_POINT('',#13453);
#6558=VERTEX_POINT('',#13455);
#6559=VERTEX_POINT('',#13457);
#6560=VERTEX_POINT('',#13459);
#6561=VERTEX_POINT('',#13461);
#6562=VERTEX_POINT('',#13463);
#6563=VERTEX_POINT('',#13465);
#6564=VERTEX_POINT('',#13467);
#6565=VERTEX_POINT('',#13470);
#6566=VERTEX_POINT('',#13471);
#6567=VERTEX_POINT('',#13473);
#6568=VERTEX_POINT('',#13475);
#6569=VERTEX_POINT('',#13477);
#6570=VERTEX_POINT('',#13479);
#6571=VERTEX_POINT('',#13481);
#6572=VERTEX_POINT('',#13483);
#6573=VERTEX_POINT('',#13485);
#6574=VERTEX_POINT('',#13487);
#6575=VERTEX_POINT('',#13489);
#6576=VERTEX_POINT('',#13491);
#6577=VERTEX_POINT('',#13494);
#6578=VERTEX_POINT('',#13495);
#6579=VERTEX_POINT('',#13499);
#6580=VERTEX_POINT('',#13503);
#6581=VERTEX_POINT('',#13507);
#6582=VERTEX_POINT('',#13511);
#6583=VERTEX_POINT('',#13513);
#6584=VERTEX_POINT('',#13517);
#6585=VERTEX_POINT('',#13521);
#6586=VERTEX_POINT('',#13525);
#6587=VERTEX_POINT('',#13529);
#6588=VERTEX_POINT('',#13533);
#6589=VERTEX_POINT('',#13537);
#6590=VERTEX_POINT('',#13541);
#6591=VERTEX_POINT('',#13543);
#6592=VERTEX_POINT('',#13546);
#6593=VERTEX_POINT('',#13547);
#6594=VERTEX_POINT('',#13549);
#6595=VERTEX_POINT('',#13551);
#6596=VERTEX_POINT('',#13553);
#6597=VERTEX_POINT('',#13555);
#6598=VERTEX_POINT('',#13557);
#6599=VERTEX_POINT('',#13559);
#6600=VERTEX_POINT('',#13561);
#6601=VERTEX_POINT('',#13563);
#6602=VERTEX_POINT('',#13565);
#6603=VERTEX_POINT('',#13567);
#6604=VERTEX_POINT('',#13569);
#6605=VERTEX_POINT('',#13571);
#6606=VERTEX_POINT('',#13573);
#6607=VERTEX_POINT('',#13575);
#6608=VERTEX_POINT('',#13577);
#6609=VERTEX_POINT('',#13579);
#6610=VERTEX_POINT('',#13581);
#6611=VERTEX_POINT('',#13583);
#6612=VERTEX_POINT('',#13585);
#6613=VERTEX_POINT('',#13587);
#6614=VERTEX_POINT('',#13589);
#6615=VERTEX_POINT('',#13591);
#6616=VERTEX_POINT('',#13594);
#6617=VERTEX_POINT('',#13595);
#6618=VERTEX_POINT('',#13597);
#6619=VERTEX_POINT('',#13599);
#6620=VERTEX_POINT('',#13601);
#6621=VERTEX_POINT('',#13603);
#6622=VERTEX_POINT('',#13605);
#6623=VERTEX_POINT('',#13607);
#6624=VERTEX_POINT('',#13609);
#6625=VERTEX_POINT('',#13611);
#6626=VERTEX_POINT('',#13616);
#6627=VERTEX_POINT('',#13617);
#6628=VERTEX_POINT('',#13621);
#6629=VERTEX_POINT('',#13625);
#6630=VERTEX_POINT('',#13629);
#6631=VERTEX_POINT('',#13631);
#6632=VERTEX_POINT('',#13633);
#6633=VERTEX_POINT('',#13637);
#6634=VERTEX_POINT('',#13639);
#6635=VERTEX_POINT('',#13643);
#6636=VERTEX_POINT('',#13645);
#6637=VERTEX_POINT('',#13649);
#6638=VERTEX_POINT('',#13653);
#6639=VERTEX_POINT('',#13657);
#6640=VERTEX_POINT('',#13661);
#6641=VERTEX_POINT('',#13665);
#6642=VERTEX_POINT('',#13669);
#6643=VERTEX_POINT('',#13673);
#6644=VERTEX_POINT('',#13678);
#6645=VERTEX_POINT('',#13679);
#6646=VERTEX_POINT('',#13681);
#6647=VERTEX_POINT('',#13683);
#6648=VERTEX_POINT('',#13685);
#6649=VERTEX_POINT('',#13687);
#6650=VERTEX_POINT('',#13689);
#6651=VERTEX_POINT('',#13691);
#6652=VERTEX_POINT('',#13693);
#6653=VERTEX_POINT('',#13695);
#6654=VERTEX_POINT('',#13697);
#6655=VERTEX_POINT('',#13702);
#6656=VERTEX_POINT('',#13703);
#6657=VERTEX_POINT('',#13707);
#6658=VERTEX_POINT('',#13711);
#6659=VERTEX_POINT('',#13713);
#6660=VERTEX_POINT('',#13717);
#6661=VERTEX_POINT('',#13721);
#6662=VERTEX_POINT('',#13723);
#6663=VERTEX_POINT('',#13727);
#6664=VERTEX_POINT('',#13731);
#6665=VERTEX_POINT('',#13735);
#6666=VERTEX_POINT('',#13739);
#6667=VERTEX_POINT('',#13741);
#6668=VERTEX_POINT('',#13745);
#6669=VERTEX_POINT('',#13749);
#6670=VERTEX_POINT('',#13751);
#6671=VERTEX_POINT('',#13756);
#6672=VERTEX_POINT('',#13758);
#6673=VERTEX_POINT('',#13760);
#6674=VERTEX_POINT('',#13762);
#6675=VERTEX_POINT('',#13764);
#6676=VERTEX_POINT('',#13766);
#6677=VERTEX_POINT('',#13768);
#6678=VERTEX_POINT('',#13770);
#6679=VERTEX_POINT('',#13772);
#6680=VERTEX_POINT('',#13774);
#6681=VERTEX_POINT('',#13776);
#6682=VERTEX_POINT('',#13778);
#6683=VERTEX_POINT('',#13780);
#6684=VERTEX_POINT('',#13782);
#6685=VERTEX_POINT('',#13784);
#6686=VERTEX_POINT('',#13786);
#6687=VERTEX_POINT('',#13788);
#6688=VERTEX_POINT('',#13790);
#6689=VERTEX_POINT('',#13792);
#6690=VERTEX_POINT('',#13794);
#6691=VERTEX_POINT('',#13796);
#6692=VERTEX_POINT('',#13798);
#6693=VERTEX_POINT('',#13800);
#6694=VERTEX_POINT('',#13802);
#6695=VERTEX_POINT('',#13804);
#6696=VERTEX_POINT('',#13806);
#6697=VERTEX_POINT('',#13808);
#6698=VERTEX_POINT('',#13810);
#6699=VERTEX_POINT('',#13812);
#6700=VERTEX_POINT('',#13814);
#6701=VERTEX_POINT('',#13816);
#6702=VERTEX_POINT('',#13818);
#6703=VERTEX_POINT('',#13820);
#6704=VERTEX_POINT('',#13822);
#6705=VERTEX_POINT('',#13824);
#6706=VERTEX_POINT('',#13826);
#6707=VERTEX_POINT('',#13828);
#6708=VERTEX_POINT('',#13830);
#6709=VERTEX_POINT('',#13832);
#6710=VERTEX_POINT('',#13834);
#6711=VERTEX_POINT('',#13836);
#6712=VERTEX_POINT('',#13838);
#6713=VERTEX_POINT('',#13840);
#6714=VERTEX_POINT('',#13842);
#6715=VERTEX_POINT('',#13844);
#6716=VERTEX_POINT('',#13846);
#6717=VERTEX_POINT('',#13848);
#6718=VERTEX_POINT('',#13850);
#6719=VERTEX_POINT('',#13852);
#6720=VERTEX_POINT('',#13854);
#6721=VERTEX_POINT('',#13856);
#6722=VERTEX_POINT('',#13858);
#6723=VERTEX_POINT('',#13860);
#6724=VERTEX_POINT('',#13862);
#6725=VERTEX_POINT('',#13864);
#6726=VERTEX_POINT('',#13866);
#6727=VERTEX_POINT('',#13868);
#6728=VERTEX_POINT('',#13870);
#6729=VERTEX_POINT('',#13872);
#6730=VERTEX_POINT('',#13874);
#6731=VERTEX_POINT('',#13876);
#6732=VERTEX_POINT('',#13878);
#6733=VERTEX_POINT('',#13880);
#6734=VERTEX_POINT('',#13882);
#6735=VERTEX_POINT('',#13884);
#6736=VERTEX_POINT('',#13886);
#6737=VERTEX_POINT('',#13888);
#6738=VERTEX_POINT('',#13890);
#6739=VERTEX_POINT('',#13892);
#6740=VERTEX_POINT('',#13894);
#6741=VERTEX_POINT('',#13896);
#6742=VERTEX_POINT('',#13898);
#6743=VERTEX_POINT('',#13900);
#6744=VERTEX_POINT('',#13902);
#6745=VERTEX_POINT('',#13904);
#6746=VERTEX_POINT('',#13906);
#6747=VERTEX_POINT('',#13908);
#6748=VERTEX_POINT('',#13910);
#6749=VERTEX_POINT('',#13912);
#6750=VERTEX_POINT('',#13914);
#6751=VERTEX_POINT('',#13916);
#6752=VERTEX_POINT('',#13918);
#6753=VERTEX_POINT('',#13920);
#6754=VERTEX_POINT('',#13922);
#6755=VERTEX_POINT('',#13924);
#6756=VERTEX_POINT('',#13926);
#6757=VERTEX_POINT('',#13928);
#6758=VERTEX_POINT('',#13930);
#6759=VERTEX_POINT('',#13932);
#6760=VERTEX_POINT('',#13934);
#6761=VERTEX_POINT('',#13936);
#6762=VERTEX_POINT('',#13938);
#6763=VERTEX_POINT('',#13940);
#6764=VERTEX_POINT('',#13942);
#6765=VERTEX_POINT('',#13944);
#6766=VERTEX_POINT('',#13946);
#6767=VERTEX_POINT('',#13948);
#6768=VERTEX_POINT('',#13949);
#6769=VERTEX_POINT('',#13951);
#6770=VERTEX_POINT('',#13953);
#6771=VERTEX_POINT('',#13955);
#6772=VERTEX_POINT('',#13959);
#6773=VERTEX_POINT('',#13961);
#6774=VERTEX_POINT('',#13963);
#6775=VERTEX_POINT('',#13967);
#6776=VERTEX_POINT('',#13971);
#6777=VERTEX_POINT('',#13973);
#6778=VERTEX_POINT('',#13975);
#6779=VERTEX_POINT('',#13977);
#6780=VERTEX_POINT('',#13981);
#6781=VERTEX_POINT('',#13983);
#6782=VERTEX_POINT('',#13985);
#6783=VERTEX_POINT('',#13989);
#6784=VERTEX_POINT('',#13991);
#6785=VERTEX_POINT('',#13993);
#6786=VERTEX_POINT('',#13995);
#6787=VERTEX_POINT('',#13997);
#6788=VERTEX_POINT('',#14001);
#6789=VERTEX_POINT('',#14003);
#6790=VERTEX_POINT('',#14005);
#6791=VERTEX_POINT('',#14010);
#6792=VERTEX_POINT('',#14011);
#6793=VERTEX_POINT('',#14015);
#6794=VERTEX_POINT('',#14019);
#6795=VERTEX_POINT('',#14021);
#6796=VERTEX_POINT('',#14025);
#6797=VERTEX_POINT('',#14029);
#6798=VERTEX_POINT('',#14033);
#6799=VERTEX_POINT('',#14037);
#6800=VERTEX_POINT('',#14041);
#6801=VERTEX_POINT('',#14043);
#6802=VERTEX_POINT('',#14045);
#6803=VERTEX_POINT('',#14047);
#6804=VERTEX_POINT('',#14051);
#6805=VERTEX_POINT('',#14055);
#6806=VERTEX_POINT('',#14059);
#6807=VERTEX_POINT('',#14063);
#6808=VERTEX_POINT('',#14065);
#6809=VERTEX_POINT('',#14067);
#6810=VERTEX_POINT('',#14069);
#6811=VERTEX_POINT('',#14073);
#6812=VERTEX_POINT('',#14077);
#6813=VERTEX_POINT('',#14081);
#6814=VERTEX_POINT('',#14083);
#6815=VERTEX_POINT('',#14085);
#6816=VERTEX_POINT('',#14087);
#6817=VERTEX_POINT('',#14091);
#6818=VERTEX_POINT('',#14096);
#6819=VERTEX_POINT('',#14097);
#6820=VERTEX_POINT('',#14101);
#6821=VERTEX_POINT('',#14105);
#6822=VERTEX_POINT('',#14109);
#6823=VERTEX_POINT('',#14113);
#6824=VERTEX_POINT('',#14117);
#6825=VERTEX_POINT('',#14119);
#6826=VERTEX_POINT('',#14121);
#6827=VERTEX_POINT('',#14123);
#6828=VERTEX_POINT('',#14127);
#6829=VERTEX_POINT('',#14131);
#6830=VERTEX_POINT('',#14133);
#6831=VERTEX_POINT('',#14135);
#6832=VERTEX_POINT('',#14137);
#6833=VERTEX_POINT('',#14139);
#6834=VERTEX_POINT('',#14141);
#6835=VERTEX_POINT('',#14143);
#6836=VERTEX_POINT('',#14145);
#6837=VERTEX_POINT('',#14147);
#6838=VERTEX_POINT('',#14150);
#6839=VERTEX_POINT('',#14151);
#6840=VERTEX_POINT('',#14153);
#6841=VERTEX_POINT('',#14155);
#6842=VERTEX_POINT('',#14157);
#6843=VERTEX_POINT('',#14159);
#6844=VERTEX_POINT('',#14161);
#6845=VERTEX_POINT('',#14164);
#6846=VERTEX_POINT('',#14165);
#6847=VERTEX_POINT('',#14167);
#6848=VERTEX_POINT('',#14169);
#6849=VERTEX_POINT('',#14171);
#6850=VERTEX_POINT('',#14173);
#6851=VERTEX_POINT('',#14175);
#6852=VERTEX_POINT('',#14177);
#6853=VERTEX_POINT('',#14179);
#6854=VERTEX_POINT('',#14181);
#6855=VERTEX_POINT('',#14184);
#6856=VERTEX_POINT('',#14185);
#6857=VERTEX_POINT('',#14187);
#6858=VERTEX_POINT('',#14189);
#6859=VERTEX_POINT('',#14191);
#6860=VERTEX_POINT('',#14193);
#6861=VERTEX_POINT('',#14195);
#6862=VERTEX_POINT('',#14197);
#6863=VERTEX_POINT('',#14199);
#6864=VERTEX_POINT('',#14201);
#6865=VERTEX_POINT('',#14204);
#6866=VERTEX_POINT('',#14205);
#6867=VERTEX_POINT('',#14207);
#6868=VERTEX_POINT('',#14209);
#6869=VERTEX_POINT('',#14211);
#6870=VERTEX_POINT('',#14213);
#6871=VERTEX_POINT('',#14215);
#6872=VERTEX_POINT('',#14217);
#6873=VERTEX_POINT('',#14219);
#6874=VERTEX_POINT('',#14221);
#6875=VERTEX_POINT('',#14224);
#6876=VERTEX_POINT('',#14225);
#6877=VERTEX_POINT('',#14227);
#6878=VERTEX_POINT('',#14229);
#6879=VERTEX_POINT('',#14231);
#6880=VERTEX_POINT('',#14233);
#6881=VERTEX_POINT('',#14235);
#6882=VERTEX_POINT('',#14237);
#6883=VERTEX_POINT('',#14239);
#6884=VERTEX_POINT('',#14241);
#6885=VERTEX_POINT('',#14246);
#6886=VERTEX_POINT('',#14247);
#6887=VERTEX_POINT('',#14251);
#6888=VERTEX_POINT('',#14255);
#6889=VERTEX_POINT('',#14259);
#6890=VERTEX_POINT('',#14263);
#6891=VERTEX_POINT('',#14267);
#6892=VERTEX_POINT('',#14271);
#6893=VERTEX_POINT('',#14276);
#6894=VERTEX_POINT('',#14277);
#6895=VERTEX_POINT('',#14279);
#6896=VERTEX_POINT('',#14281);
#6897=VERTEX_POINT('',#14283);
#6898=VERTEX_POINT('',#14287);
#6899=VERTEX_POINT('',#14289);
#6900=VERTEX_POINT('',#14291);
#6901=VERTEX_POINT('',#14295);
#6902=VERTEX_POINT('',#14299);
#6903=VERTEX_POINT('',#14301);
#6904=VERTEX_POINT('',#14303);
#6905=VERTEX_POINT('',#14305);
#6906=VERTEX_POINT('',#14309);
#6907=VERTEX_POINT('',#14311);
#6908=VERTEX_POINT('',#14313);
#6909=VERTEX_POINT('',#14317);
#6910=VERTEX_POINT('',#14319);
#6911=VERTEX_POINT('',#14321);
#6912=VERTEX_POINT('',#14323);
#6913=VERTEX_POINT('',#14325);
#6914=VERTEX_POINT('',#14329);
#6915=VERTEX_POINT('',#14331);
#6916=VERTEX_POINT('',#14333);
#6917=VERTEX_POINT('',#14338);
#6918=VERTEX_POINT('',#14339);
#6919=VERTEX_POINT('',#14343);
#6920=VERTEX_POINT('',#14347);
#6921=VERTEX_POINT('',#14351);
#6922=VERTEX_POINT('',#14353);
#6923=VERTEX_POINT('',#14355);
#6924=VERTEX_POINT('',#14359);
#6925=VERTEX_POINT('',#14361);
#6926=VERTEX_POINT('',#14365);
#6927=VERTEX_POINT('',#14367);
#6928=VERTEX_POINT('',#14371);
#6929=VERTEX_POINT('',#14375);
#6930=VERTEX_POINT('',#14379);
#6931=VERTEX_POINT('',#14383);
#6932=VERTEX_POINT('',#14387);
#6933=VERTEX_POINT('',#14391);
#6934=VERTEX_POINT('',#14396);
#6935=VERTEX_POINT('',#14398);
#6936=VERTEX_POINT('',#14399);
#6937=VERTEX_POINT('',#14401);
#6938=VERTEX_POINT('',#14405);
#6939=VERTEX_POINT('',#14409);
#6940=VERTEX_POINT('',#14413);
#6941=VERTEX_POINT('',#14415);
#6942=VERTEX_POINT('',#14417);
#6943=VERTEX_POINT('',#14421);
#6944=VERTEX_POINT('',#14425);
#6945=VERTEX_POINT('',#14429);
#6946=VERTEX_POINT('',#14433);
#6947=VERTEX_POINT('',#14436);
#6948=VERTEX_POINT('',#14437);
#6949=VERTEX_POINT('',#14439);
#6950=VERTEX_POINT('',#14441);
#6951=VERTEX_POINT('',#14443);
#6952=VERTEX_POINT('',#14445);
#6953=VERTEX_POINT('',#14447);
#6954=VERTEX_POINT('',#14449);
#6955=VERTEX_POINT('',#14453);
#6956=VERTEX_POINT('',#14454);
#6957=VERTEX_POINT('',#14457);
#6958=VERTEX_POINT('',#14459);
#6959=VERTEX_POINT('',#14462);
#6960=VERTEX_POINT('',#14464);
#6961=VERTEX_POINT('',#14469);
#6962=VERTEX_POINT('',#14471);
#6963=VERTEX_POINT('',#14474);
#6964=VERTEX_POINT('',#14476);
#6965=VERTEX_POINT('',#14479);
#6966=VERTEX_POINT('',#14481);
#6967=VERTEX_POINT('',#14484);
#6968=VERTEX_POINT('',#14486);
#6969=VERTEX_POINT('',#14489);
#6970=VERTEX_POINT('',#14491);
#6971=VERTEX_POINT('',#14493);
#6972=VERTEX_POINT('',#14495);
#6973=VERTEX_POINT('',#14497);
#6974=VERTEX_POINT('',#14499);
#6975=VERTEX_POINT('',#14501);
#6976=VERTEX_POINT('',#14503);
#6977=VERTEX_POINT('',#14505);
#6978=VERTEX_POINT('',#14507);
#6979=VERTEX_POINT('',#14509);
#6980=VERTEX_POINT('',#14511);
#6981=VERTEX_POINT('',#14513);
#6982=VERTEX_POINT('',#14515);
#6983=VERTEX_POINT('',#14517);
#6984=VERTEX_POINT('',#14519);
#6985=VERTEX_POINT('',#14521);
#6986=VERTEX_POINT('',#14523);
#6987=VERTEX_POINT('',#14525);
#6988=VERTEX_POINT('',#14527);
#6989=VERTEX_POINT('',#14529);
#6990=VERTEX_POINT('',#14531);
#6991=VERTEX_POINT('',#14533);
#6992=VERTEX_POINT('',#14535);
#6993=VERTEX_POINT('',#14537);
#6994=VERTEX_POINT('',#14539);
#6995=VERTEX_POINT('',#14541);
#6996=VERTEX_POINT('',#14543);
#6997=VERTEX_POINT('',#14545);
#6998=VERTEX_POINT('',#14547);
#6999=VERTEX_POINT('',#14549);
#7000=VERTEX_POINT('',#14551);
#7001=VERTEX_POINT('',#14553);
#7002=VERTEX_POINT('',#14555);
#7003=VERTEX_POINT('',#14557);
#7004=VERTEX_POINT('',#14559);
#7005=VERTEX_POINT('',#14561);
#7006=VERTEX_POINT('',#14563);
#7007=VERTEX_POINT('',#14565);
#7008=VERTEX_POINT('',#14567);
#7009=VERTEX_POINT('',#14569);
#7010=VERTEX_POINT('',#14571);
#7011=VERTEX_POINT('',#14573);
#7012=VERTEX_POINT('',#14575);
#7013=VERTEX_POINT('',#14577);
#7014=VERTEX_POINT('',#14579);
#7015=VERTEX_POINT('',#14581);
#7016=VERTEX_POINT('',#14583);
#7017=VERTEX_POINT('',#14585);
#7018=VERTEX_POINT('',#14587);
#7019=VERTEX_POINT('',#14589);
#7020=VERTEX_POINT('',#14591);
#7021=VERTEX_POINT('',#14593);
#7022=VERTEX_POINT('',#14595);
#7023=VERTEX_POINT('',#14597);
#7024=VERTEX_POINT('',#14599);
#7025=VERTEX_POINT('',#14601);
#7026=VERTEX_POINT('',#14603);
#7027=VERTEX_POINT('',#14605);
#7028=VERTEX_POINT('',#14607);
#7029=VERTEX_POINT('',#14609);
#7030=VERTEX_POINT('',#14611);
#7031=VERTEX_POINT('',#14613);
#7032=VERTEX_POINT('',#14615);
#7033=VERTEX_POINT('',#14617);
#7034=VERTEX_POINT('',#14619);
#7035=VERTEX_POINT('',#14621);
#7036=VERTEX_POINT('',#14623);
#7037=VERTEX_POINT('',#14625);
#7038=VERTEX_POINT('',#14627);
#7039=VERTEX_POINT('',#14629);
#7040=VERTEX_POINT('',#14631);
#7041=VERTEX_POINT('',#14633);
#7042=VERTEX_POINT('',#14635);
#7043=VERTEX_POINT('',#14637);
#7044=VERTEX_POINT('',#14639);
#7045=VERTEX_POINT('',#14641);
#7046=VERTEX_POINT('',#14643);
#7047=VERTEX_POINT('',#14645);
#7048=VERTEX_POINT('',#14647);
#7049=VERTEX_POINT('',#14649);
#7050=VERTEX_POINT('',#14651);
#7051=VERTEX_POINT('',#14653);
#7052=VERTEX_POINT('',#14655);
#7053=VERTEX_POINT('',#14657);
#7054=VERTEX_POINT('',#14659);
#7055=VERTEX_POINT('',#14661);
#7056=VERTEX_POINT('',#14663);
#7057=VERTEX_POINT('',#14665);
#7058=VERTEX_POINT('',#14667);
#7059=VERTEX_POINT('',#14669);
#7060=VERTEX_POINT('',#14671);
#7061=VERTEX_POINT('',#14673);
#7062=VERTEX_POINT('',#14675);
#7063=VERTEX_POINT('',#14677);
#7064=VERTEX_POINT('',#14679);
#7065=VERTEX_POINT('',#14681);
#7066=VERTEX_POINT('',#14683);
#7067=VERTEX_POINT('',#14685);
#7068=VERTEX_POINT('',#14687);
#7069=VERTEX_POINT('',#14689);
#7070=VERTEX_POINT('',#14691);
#7071=VERTEX_POINT('',#14693);
#7072=VERTEX_POINT('',#14795);
#7073=VERTEX_POINT('',#14796);
#7074=VERTEX_POINT('',#14799);
#7075=VERTEX_POINT('',#14801);
#7076=VERTEX_POINT('',#14816);
#7077=VERTEX_POINT('',#14818);
#7078=VERTEX_POINT('',#14822);
#7079=VERTEX_POINT('',#14826);
#7080=VERTEX_POINT('',#14830);
#7081=VERTEX_POINT('',#14834);
#7082=VERTEX_POINT('',#14845);
#7083=VERTEX_POINT('',#14851);
#7084=VERTEX_POINT('',#14855);
#7085=VERTEX_POINT('',#14859);
#7086=VERTEX_POINT('',#14863);
#7087=VERTEX_POINT('',#14874);
#7088=VERTEX_POINT('',#14880);
#7089=VERTEX_POINT('',#14884);
#7090=VERTEX_POINT('',#14895);
#7091=VERTEX_POINT('',#14901);
#7092=VERTEX_POINT('',#14905);
#7093=VERTEX_POINT('',#14909);
#7094=VERTEX_POINT('',#14920);
#7095=VERTEX_POINT('',#14933);
#7096=VERTEX_POINT('',#14939);
#7097=VERTEX_POINT('',#14943);
#7098=VERTEX_POINT('',#14954);
#7099=VERTEX_POINT('',#14960);
#7100=VERTEX_POINT('',#14974);
#7101=VERTEX_POINT('',#14978);
#7102=VERTEX_POINT('',#14989);
#7103=VERTEX_POINT('',#15002);
#7104=VERTEX_POINT('',#15015);
#7105=VERTEX_POINT('',#15021);
#7106=VERTEX_POINT('',#15025);
#7107=VERTEX_POINT('',#15029);
#7108=VERTEX_POINT('',#15040);
#7109=VERTEX_POINT('',#15053);
#7110=VERTEX_POINT('',#15066);
#7111=VERTEX_POINT('',#15072);
#7112=VERTEX_POINT('',#15076);
#7113=VERTEX_POINT('',#15080);
#7114=VERTEX_POINT('',#15091);
#7115=VERTEX_POINT('',#15104);
#7116=VERTEX_POINT('',#15117);
#7117=VERTEX_POINT('',#15130);
#7118=VERTEX_POINT('',#15136);
#7119=VERTEX_POINT('',#15140);
#7120=VERTEX_POINT('',#15144);
#7121=VERTEX_POINT('',#15155);
#7122=VERTEX_POINT('',#15168);
#7123=VERTEX_POINT('',#15181);
#7124=VERTEX_POINT('',#15194);
#7125=VERTEX_POINT('',#15207);
#7126=VERTEX_POINT('',#15213);
#7127=VERTEX_POINT('',#15236);
#7128=VERTEX_POINT('',#15240);
#7129=VERTEX_POINT('',#15244);
#7130=VERTEX_POINT('',#15248);
#7131=VERTEX_POINT('',#15252);
#7132=VERTEX_POINT('',#15256);
#7133=VERTEX_POINT('',#15260);
#7134=VERTEX_POINT('',#15264);
#7135=VERTEX_POINT('',#15268);
#7136=VERTEX_POINT('',#15272);
#7137=VERTEX_POINT('',#15276);
#7138=VERTEX_POINT('',#15280);
#7139=VERTEX_POINT('',#15291);
#7140=VERTEX_POINT('',#15304);
#7141=VERTEX_POINT('',#15310);
#7142=VERTEX_POINT('',#15314);
#7143=VERTEX_POINT('',#15318);
#7144=VERTEX_POINT('',#15329);
#7145=VERTEX_POINT('',#15342);
#7146=VERTEX_POINT('',#15355);
#7147=VERTEX_POINT('',#15373);
#7148=VERTEX_POINT('',#15375);
#7149=VERTEX_POINT('',#15379);
#7150=VERTEX_POINT('',#15383);
#7151=VERTEX_POINT('',#15387);
#7152=VERTEX_POINT('',#15391);
#7153=VERTEX_POINT('',#15395);
#7154=VERTEX_POINT('',#15402);
#7155=VERTEX_POINT('',#15404);
#7156=VERTEX_POINT('',#15408);
#7157=VERTEX_POINT('',#15412);
#7158=VERTEX_POINT('',#15416);
#7159=VERTEX_POINT('',#15420);
#7160=VERTEX_POINT('',#15424);
#7161=VERTEX_POINT('',#15428);
#7162=VERTEX_POINT('',#15432);
#7163=VERTEX_POINT('',#15436);
#7164=VERTEX_POINT('',#15443);
#7165=VERTEX_POINT('',#15445);
#7166=VERTEX_POINT('',#15449);
#7167=VERTEX_POINT('',#15453);
#7168=VERTEX_POINT('',#15457);
#7169=VERTEX_POINT('',#15461);
#7170=VERTEX_POINT('',#15465);
#7171=VERTEX_POINT('',#15469);
#7172=VERTEX_POINT('',#15473);
#7173=VERTEX_POINT('',#15477);
#7174=VERTEX_POINT('',#15484);
#7175=VERTEX_POINT('',#15486);
#7176=VERTEX_POINT('',#15490);
#7177=VERTEX_POINT('',#15494);
#7178=VERTEX_POINT('',#15498);
#7179=VERTEX_POINT('',#15502);
#7180=VERTEX_POINT('',#15506);
#7181=VERTEX_POINT('',#15510);
#7182=VERTEX_POINT('',#15514);
#7183=VERTEX_POINT('',#15518);
#7184=VERTEX_POINT('',#15525);
#7185=VERTEX_POINT('',#15527);
#7186=VERTEX_POINT('',#15531);
#7187=VERTEX_POINT('',#15535);
#7188=VERTEX_POINT('',#15539);
#7189=VERTEX_POINT('',#15543);
#7190=VERTEX_POINT('',#15547);
#7191=VERTEX_POINT('',#15551);
#7192=VERTEX_POINT('',#15555);
#7193=VERTEX_POINT('',#15559);
#7194=VERTEX_POINT('',#15575);
#7195=VERTEX_POINT('',#15576);
#7196=VERTEX_POINT('',#15578);
#7197=VERTEX_POINT('',#15582);
#7198=VERTEX_POINT('',#15595);
#7199=VERTEX_POINT('',#15597);
#7200=VERTEX_POINT('',#15603);
#7201=VERTEX_POINT('',#15605);
#7202=VERTEX_POINT('',#15609);
#7203=VERTEX_POINT('',#15611);
#7204=VERTEX_POINT('',#15624);
#7205=VERTEX_POINT('',#15626);
#7206=VERTEX_POINT('',#15641);
#7207=VERTEX_POINT('',#15643);
#7208=VERTEX_POINT('',#15649);
#7209=VERTEX_POINT('',#15651);
#7210=VERTEX_POINT('',#15664);
#7211=VERTEX_POINT('',#15665);
#7212=VERTEX_POINT('',#15667);
#7213=VERTEX_POINT('',#15671);
#7214=VERTEX_POINT('',#15684);
#7215=VERTEX_POINT('',#15686);
#7216=VERTEX_POINT('',#15701);
#7217=VERTEX_POINT('',#15703);
#7218=VERTEX_POINT('',#15718);
#7219=VERTEX_POINT('',#15720);
#7220=VERTEX_POINT('',#15735);
#7221=VERTEX_POINT('',#15737);
#7222=VERTEX_POINT('',#15752);
#7223=VERTEX_POINT('',#15754);
#7224=VERTEX_POINT('',#15767);
#7225=VERTEX_POINT('',#15771);
#7226=VERTEX_POINT('',#15782);
#7227=VERTEX_POINT('',#15795);
#7228=VERTEX_POINT('',#15801);
#7229=VERTEX_POINT('',#15812);
#7230=VERTEX_POINT('',#15825);
#7231=VERTEX_POINT('',#15831);
#7232=VERTEX_POINT('',#15842);
#7233=VERTEX_POINT('',#15855);
#7234=VERTEX_POINT('',#15868);
#7235=VERTEX_POINT('',#15881);
#7236=VERTEX_POINT('',#15887);
#7237=VERTEX_POINT('',#15898);
#7238=VERTEX_POINT('',#15911);
#7239=VERTEX_POINT('',#15917);
#7240=VERTEX_POINT('',#15971);
#7241=VERTEX_POINT('',#15972);
#7242=VERTEX_POINT('',#15974);
#7243=VERTEX_POINT('',#15978);
#7244=VERTEX_POINT('',#15991);
#7245=VERTEX_POINT('',#15993);
#7246=VERTEX_POINT('',#16008);
#7247=VERTEX_POINT('',#16010);
#7248=VERTEX_POINT('',#16025);
#7249=VERTEX_POINT('',#16027);
#7250=VERTEX_POINT('',#16042);
#7251=VERTEX_POINT('',#16044);
#7252=VERTEX_POINT('',#16059);
#7253=VERTEX_POINT('',#16061);
#7254=VERTEX_POINT('',#16076);
#7255=VERTEX_POINT('',#16078);
#7256=VERTEX_POINT('',#16091);
#7257=VERTEX_POINT('',#16095);
#7258=VERTEX_POINT('',#16106);
#7259=VERTEX_POINT('',#16119);
#7260=VERTEX_POINT('',#16132);
#7261=VERTEX_POINT('',#16145);
#7262=VERTEX_POINT('',#16158);
#7263=VERTEX_POINT('',#16171);
#7264=VERTEX_POINT('',#16203);
#7265=VERTEX_POINT('',#16205);
#7266=VERTEX_POINT('',#16209);
#7267=VERTEX_POINT('',#16213);
#7268=VERTEX_POINT('',#16217);
#7269=VERTEX_POINT('',#16221);
#7270=VERTEX_POINT('',#16232);
#7271=VERTEX_POINT('',#16238);
#7272=VERTEX_POINT('',#16242);
#7273=VERTEX_POINT('',#16246);
#7274=VERTEX_POINT('',#16250);
#7275=VERTEX_POINT('',#16261);
#7276=VERTEX_POINT('',#16267);
#7277=VERTEX_POINT('',#16271);
#7278=VERTEX_POINT('',#16282);
#7279=VERTEX_POINT('',#16288);
#7280=VERTEX_POINT('',#16292);
#7281=VERTEX_POINT('',#16296);
#7282=VERTEX_POINT('',#16307);
#7283=VERTEX_POINT('',#16320);
#7284=VERTEX_POINT('',#16326);
#7285=VERTEX_POINT('',#16330);
#7286=VERTEX_POINT('',#16341);
#7287=VERTEX_POINT('',#16347);
#7288=VERTEX_POINT('',#16354);
#7289=VERTEX_POINT('',#16355);
#7290=VERTEX_POINT('',#16357);
#7291=VERTEX_POINT('',#16359);
#7292=VERTEX_POINT('',#16363);
#7293=VERTEX_POINT('',#16365);
#7294=VERTEX_POINT('',#16369);
#7295=VERTEX_POINT('',#16371);
#7296=VERTEX_POINT('',#16375);
#7297=VERTEX_POINT('',#16377);
#7298=VERTEX_POINT('',#16381);
#7299=VERTEX_POINT('',#16383);
#7300=VERTEX_POINT('',#16387);
#7301=VERTEX_POINT('',#16389);
#7302=VERTEX_POINT('',#16393);
#7303=VERTEX_POINT('',#16395);
#7304=VERTEX_POINT('',#16399);
#7305=VERTEX_POINT('',#16403);
#7306=VERTEX_POINT('',#16407);
#7307=VERTEX_POINT('',#16411);
#7308=VERTEX_POINT('',#16415);
#7309=VERTEX_POINT('',#16419);
#7310=VERTEX_POINT('',#16423);
#7311=VERTEX_POINT('',#16427);
#7312=VERTEX_POINT('',#16431);
#7313=VERTEX_POINT('',#16450);
#7314=VERTEX_POINT('',#16451);
#7315=VERTEX_POINT('',#16453);
#7316=VERTEX_POINT('',#16457);
#7317=VERTEX_POINT('',#16470);
#7318=VERTEX_POINT('',#16472);
#7319=VERTEX_POINT('',#16487);
#7320=VERTEX_POINT('',#16489);
#7321=VERTEX_POINT('',#16504);
#7322=VERTEX_POINT('',#16506);
#7323=VERTEX_POINT('',#16512);
#7324=VERTEX_POINT('',#16514);
#7325=VERTEX_POINT('',#16527);
#7326=VERTEX_POINT('',#16529);
#7327=VERTEX_POINT('',#16544);
#7328=VERTEX_POINT('',#16546);
#7329=VERTEX_POINT('',#16559);
#7330=VERTEX_POINT('',#16563);
#7331=VERTEX_POINT('',#16574);
#7332=VERTEX_POINT('',#16587);
#7333=VERTEX_POINT('',#16600);
#7334=VERTEX_POINT('',#16613);
#7335=VERTEX_POINT('',#16626);
#7336=VERTEX_POINT('',#16639);
#7337=VERTEX_POINT('',#16652);
#7338=VERTEX_POINT('',#16665);
#7339=VERTEX_POINT('',#16671);
#7340=VERTEX_POINT('',#16682);
#7341=VERTEX_POINT('',#16688);
#7342=VERTEX_POINT('',#16699);
#7343=VERTEX_POINT('',#16705);
#7344=VERTEX_POINT('',#16709);
#7345=VERTEX_POINT('',#16720);
#7346=VERTEX_POINT('',#16761);
#7347=VERTEX_POINT('',#16762);
#7348=VERTEX_POINT('',#16764);
#7349=VERTEX_POINT('',#16768);
#7350=VERTEX_POINT('',#16781);
#7351=VERTEX_POINT('',#16783);
#7352=VERTEX_POINT('',#16798);
#7353=VERTEX_POINT('',#16800);
#7354=VERTEX_POINT('',#16815);
#7355=VERTEX_POINT('',#16817);
#7356=VERTEX_POINT('',#16823);
#7357=VERTEX_POINT('',#16825);
#7358=VERTEX_POINT('',#16838);
#7359=VERTEX_POINT('',#16840);
#7360=VERTEX_POINT('',#16855);
#7361=VERTEX_POINT('',#16857);
#7362=VERTEX_POINT('',#16870);
#7363=VERTEX_POINT('',#16874);
#7364=VERTEX_POINT('',#16885);
#7365=VERTEX_POINT('',#16898);
#7366=VERTEX_POINT('',#16911);
#7367=VERTEX_POINT('',#16924);
#7368=VERTEX_POINT('',#16937);
#7369=VERTEX_POINT('',#16950);
#7370=VERTEX_POINT('',#16963);
#7371=VERTEX_POINT('',#16976);
#7372=VERTEX_POINT('',#16989);
#7373=VERTEX_POINT('',#16995);
#7374=VERTEX_POINT('',#17006);
#7375=VERTEX_POINT('',#17012);
#7376=VERTEX_POINT('',#17023);
#7377=VERTEX_POINT('',#17029);
#7378=VERTEX_POINT('',#17033);
#7379=VERTEX_POINT('',#17044);
#7380=VERTEX_POINT('',#17076);
#7381=VERTEX_POINT('',#17078);
#7382=VERTEX_POINT('',#17082);
#7383=VERTEX_POINT('',#17086);
#7384=VERTEX_POINT('',#17090);
#7385=VERTEX_POINT('',#17094);
#7386=VERTEX_POINT('',#17098);
#7387=VERTEX_POINT('',#17102);
#7388=VERTEX_POINT('',#17106);
#7389=VERTEX_POINT('',#17110);
#7390=VERTEX_POINT('',#17123);
#7391=VERTEX_POINT('',#17125);
#7392=VERTEX_POINT('',#17134);
#7393=VERTEX_POINT('',#17138);
#7394=VERTEX_POINT('',#17145);
#7395=VERTEX_POINT('',#17147);
#7396=VERTEX_POINT('',#17156);
#7397=VERTEX_POINT('',#17157);
#7398=VERTEX_POINT('',#17174);
#7399=VERTEX_POINT('',#17178);
#7400=VERTEX_POINT('',#17182);
#7401=VERTEX_POINT('',#17186);
#7402=VERTEX_POINT('',#17190);
#7403=VERTEX_POINT('',#17201);
#7404=VERTEX_POINT('',#17214);
#7405=VERTEX_POINT('',#17227);
#7406=VERTEX_POINT('',#17240);
#7407=VERTEX_POINT('',#17253);
#7408=VERTEX_POINT('',#17266);
#7409=VERTEX_POINT('',#17279);
#7410=VERTEX_POINT('',#17285);
#7411=VERTEX_POINT('',#17296);
#7412=VERTEX_POINT('',#17309);
#7413=VERTEX_POINT('',#17327);
#7414=VERTEX_POINT('',#17329);
#7415=VERTEX_POINT('',#17333);
#7416=VERTEX_POINT('',#17337);
#7417=VERTEX_POINT('',#17341);
#7418=VERTEX_POINT('',#17345);
#7419=VERTEX_POINT('',#17349);
#7420=VERTEX_POINT('',#17353);
#7421=VERTEX_POINT('',#17357);
#7422=VERTEX_POINT('',#17361);
#7423=VERTEX_POINT('',#17365);
#7424=VERTEX_POINT('',#17369);
#7425=VERTEX_POINT('',#17376);
#7426=VERTEX_POINT('',#17378);
#7427=VERTEX_POINT('',#17382);
#7428=VERTEX_POINT('',#17386);
#7429=VERTEX_POINT('',#17390);
#7430=VERTEX_POINT('',#17394);
#7431=VERTEX_POINT('',#17398);
#7432=VERTEX_POINT('',#17402);
#7433=VERTEX_POINT('',#17406);
#7434=VERTEX_POINT('',#17410);
#7435=VERTEX_POINT('',#17417);
#7436=VERTEX_POINT('',#17419);
#7437=VERTEX_POINT('',#17423);
#7438=VERTEX_POINT('',#17427);
#7439=VERTEX_POINT('',#17431);
#7440=VERTEX_POINT('',#17435);
#7441=VERTEX_POINT('',#17446);
#7442=VERTEX_POINT('',#17459);
#7443=VERTEX_POINT('',#17472);
#7444=VERTEX_POINT('',#17485);
#7445=VERTEX_POINT('',#17491);
#7446=VERTEX_POINT('',#17495);
#7447=VERTEX_POINT('',#17499);
#7448=VERTEX_POINT('',#17510);
#7449=VERTEX_POINT('',#17523);
#7450=VERTEX_POINT('',#17536);
#7451=VERTEX_POINT('',#17549);
#7452=VERTEX_POINT('',#17555);
#7453=VERTEX_POINT('',#17559);
#7454=VERTEX_POINT('',#17566);
#7455=VERTEX_POINT('',#17568);
#7456=VERTEX_POINT('',#17572);
#7457=VERTEX_POINT('',#17576);
#7458=VERTEX_POINT('',#17580);
#7459=VERTEX_POINT('',#17584);
#7460=VERTEX_POINT('',#17588);
#7461=VERTEX_POINT('',#17592);
#7462=VERTEX_POINT('',#17596);
#7463=VERTEX_POINT('',#17600);
#7464=VERTEX_POINT('',#17604);
#7465=VERTEX_POINT('',#17608);
#7466=VERTEX_POINT('',#17615);
#7467=VERTEX_POINT('',#17616);
#7468=VERTEX_POINT('',#17618);
#7469=VERTEX_POINT('',#17620);
#7470=VERTEX_POINT('',#17624);
#7471=VERTEX_POINT('',#17626);
#7472=VERTEX_POINT('',#17639);
#7473=VERTEX_POINT('',#17641);
#7474=VERTEX_POINT('',#17656);
#7475=VERTEX_POINT('',#17658);
#7476=VERTEX_POINT('',#17673);
#7477=VERTEX_POINT('',#17675);
#7478=VERTEX_POINT('',#17681);
#7479=VERTEX_POINT('',#17682);
#7480=VERTEX_POINT('',#17684);
#7481=VERTEX_POINT('',#17686);
#7482=VERTEX_POINT('',#17690);
#7483=VERTEX_POINT('',#17692);
#7484=VERTEX_POINT('',#17696);
#7485=VERTEX_POINT('',#17698);
#7486=VERTEX_POINT('',#17711);
#7487=VERTEX_POINT('',#17713);
#7488=VERTEX_POINT('',#17728);
#7489=VERTEX_POINT('',#17730);
#7490=VERTEX_POINT('',#17745);
#7491=VERTEX_POINT('',#17747);
#7492=VERTEX_POINT('',#17753);
#7493=VERTEX_POINT('',#17755);
#7494=VERTEX_POINT('',#17759);
#7495=VERTEX_POINT('',#17763);
#7496=VERTEX_POINT('',#17774);
#7497=VERTEX_POINT('',#17787);
#7498=VERTEX_POINT('',#17800);
#7499=VERTEX_POINT('',#17813);
#7500=VERTEX_POINT('',#17819);
#7501=VERTEX_POINT('',#17823);
#7502=VERTEX_POINT('',#17834);
#7503=VERTEX_POINT('',#17847);
#7504=VERTEX_POINT('',#17892);
#7505=VERTEX_POINT('',#17893);
#7506=VERTEX_POINT('',#17895);
#7507=VERTEX_POINT('',#17899);
#7508=VERTEX_POINT('',#17912);
#7509=VERTEX_POINT('',#17914);
#7510=VERTEX_POINT('',#17920);
#7511=VERTEX_POINT('',#17922);
#7512=VERTEX_POINT('',#17926);
#7513=VERTEX_POINT('',#17928);
#7514=VERTEX_POINT('',#17939);
#7515=VERTEX_POINT('',#17943);
#7516=VERTEX_POINT('',#17954);
#7517=VERTEX_POINT('',#17967);
#7518=VERTEX_POINT('',#17973);
#7519=VERTEX_POINT('',#17977);
#7520=VERTEX_POINT('',#17981);
#7521=VERTEX_POINT('',#18000);
#7522=VERTEX_POINT('',#18001);
#7523=VERTEX_POINT('',#18003);
#7524=VERTEX_POINT('',#18005);
#7525=VERTEX_POINT('',#18009);
#7526=VERTEX_POINT('',#18011);
#7527=VERTEX_POINT('',#18024);
#7528=VERTEX_POINT('',#18026);
#7529=VERTEX_POINT('',#18032);
#7530=VERTEX_POINT('',#18034);
#7531=VERTEX_POINT('',#18038);
#7532=VERTEX_POINT('',#18042);
#7533=VERTEX_POINT('',#18046);
#7534=VERTEX_POINT('',#18050);
#7535=VERTEX_POINT('',#18054);
#7536=VERTEX_POINT('',#18058);
#7537=B_SPLINE_CURVE_WITH_KNOTS('',2,(#13349,#13350,#13351),
 .UNSPECIFIED.,.F.,.F.,(3,3),(0.,1.),.PIECEWISE_BEZIER_KNOTS.);
#7538=B_SPLINE_CURVE_WITH_KNOTS('',2,(#13354,#13355,#13356),
 .UNSPECIFIED.,.F.,.F.,(3,3),(0.,1.),.PIECEWISE_BEZIER_KNOTS.);
#7539=B_SPLINE_CURVE_WITH_KNOTS('',2,(#13358,#13359,#13360),
 .UNSPECIFIED.,.F.,.F.,(3,3),(0.,1.),.PIECEWISE_BEZIER_KNOTS.);
#7540=B_SPLINE_CURVE_WITH_KNOTS('',2,(#13368,#13369,#13370),
 .UNSPECIFIED.,.F.,.F.,(3,3),(0.,1.),.PIECEWISE_BEZIER_KNOTS.);
#7541=B_SPLINE_CURVE_WITH_KNOTS('',2,(#13406,#13407,#13408),
 .UNSPECIFIED.,.F.,.F.,(3,3),(0.,1.),.PIECEWISE_BEZIER_KNOTS.);
#7542=B_SPLINE_CURVE_WITH_KNOTS('',2,(#13410,#13411,#13412),
 .UNSPECIFIED.,.F.,.F.,(3,3),(0.,1.),.PIECEWISE_BEZIER_KNOTS.);
#7543=B_SPLINE_CURVE_WITH_KNOTS('',2,(#13414,#13415,#13416),
 .UNSPECIFIED.,.F.,.F.,(3,3),(0.,1.),.PIECEWISE_BEZIER_KNOTS.);
#7544=B_SPLINE_CURVE_WITH_KNOTS('',2,(#13418,#13419,#13420),
 .UNSPECIFIED.,.F.,.F.,(3,3),(0.,1.),.PIECEWISE_BEZIER_KNOTS.);
#7545=B_SPLINE_CURVE_WITH_KNOTS('',2,(#13428,#13429,#13430),
 .UNSPECIFIED.,.F.,.F.,(3,3),(0.,1.),.PIECEWISE_BEZIER_KNOTS.);
#7546=B_SPLINE_CURVE_WITH_KNOTS('',2,(#13432,#13433,#13434),
 .UNSPECIFIED.,.F.,.F.,(3,3),(0.,1.),.PIECEWISE_BEZIER_KNOTS.);
#7547=B_SPLINE_CURVE_WITH_KNOTS('',2,(#13436,#13437,#13438),
 .UNSPECIFIED.,.F.,.F.,(3,3),(0.,1.),.PIECEWISE_BEZIER_KNOTS.);
#7548=B_SPLINE_CURVE_WITH_KNOTS('',2,(#13440,#13441,#13442),
 .UNSPECIFIED.,.F.,.F.,(3,3),(0.,1.),.PIECEWISE_BEZIER_KNOTS.);
#7549=B_SPLINE_CURVE_WITH_KNOTS('',2,(#13496,#13497,#13498),
 .UNSPECIFIED.,.F.,.F.,(3,3),(0.,1.),.PIECEWISE_BEZIER_KNOTS.);
#7550=B_SPLINE_CURVE_WITH_KNOTS('',2,(#13500,#13501,#13502),
 .UNSPECIFIED.,.F.,.F.,(3,3),(0.,1.),.PIECEWISE_BEZIER_KNOTS.);
#7551=B_SPLINE_CURVE_WITH_KNOTS('',2,(#13504,#13505,#13506),
 .UNSPECIFIED.,.F.,.F.,(3,3),(0.,1.),.PIECEWISE_BEZIER_KNOTS.);
#7552=B_SPLINE_CURVE_WITH_KNOTS('',2,(#13508,#13509,#13510),
 .UNSPECIFIED.,.F.,.F.,(3,3),(0.,1.),.PIECEWISE_BEZIER_KNOTS.);
#7553=B_SPLINE_CURVE_WITH_KNOTS('',2,(#13514,#13515,#13516),
 .UNSPECIFIED.,.F.,.F.,(3,3),(0.,1.),.PIECEWISE_BEZIER_KNOTS.);
#7554=B_SPLINE_CURVE_WITH_KNOTS('',2,(#13518,#13519,#13520),
 .UNSPECIFIED.,.F.,.F.,(3,3),(0.,1.),.PIECEWISE_BEZIER_KNOTS.);
#7555=B_SPLINE_CURVE_WITH_KNOTS('',2,(#13522,#13523,#13524),
 .UNSPECIFIED.,.F.,.F.,(3,3),(0.,1.),.PIECEWISE_BEZIER_KNOTS.);
#7556=B_SPLINE_CURVE_WITH_KNOTS('',2,(#13526,#13527,#13528),
 .UNSPECIFIED.,.F.,.F.,(3,3),(0.,1.),.PIECEWISE_BEZIER_KNOTS.);
#7557=B_SPLINE_CURVE_WITH_KNOTS('',2,(#13530,#13531,#13532),
 .UNSPECIFIED.,.F.,.F.,(3,3),(0.,1.),.PIECEWISE_BEZIER_KNOTS.);
#7558=B_SPLINE_CURVE_WITH_KNOTS('',2,(#13534,#13535,#13536),
 .UNSPECIFIED.,.F.,.F.,(3,3),(0.,1.),.PIECEWISE_BEZIER_KNOTS.);
#7559=B_SPLINE_CURVE_WITH_KNOTS('',2,(#13538,#13539,#13540),
 .UNSPECIFIED.,.F.,.F.,(3,3),(0.,1.),.PIECEWISE_BEZIER_KNOTS.);
#7560=B_SPLINE_CURVE_WITH_KNOTS('',2,(#13613,#13614,#13615),
 .UNSPECIFIED.,.F.,.F.,(3,3),(0.,1.),.PIECEWISE_BEZIER_KNOTS.);
#7561=B_SPLINE_CURVE_WITH_KNOTS('',2,(#13618,#13619,#13620),
 .UNSPECIFIED.,.F.,.F.,(3,3),(0.,1.),.PIECEWISE_BEZIER_KNOTS.);
#7562=B_SPLINE_CURVE_WITH_KNOTS('',2,(#13622,#13623,#13624),
 .UNSPECIFIED.,.F.,.F.,(3,3),(0.,1.),.PIECEWISE_BEZIER_KNOTS.);
#7563=B_SPLINE_CURVE_WITH_KNOTS('',2,(#13626,#13627,#13628),
 .UNSPECIFIED.,.F.,.F.,(3,3),(0.,1.),.PIECEWISE_BEZIER_KNOTS.);
#7564=B_SPLINE_CURVE_WITH_KNOTS('',2,(#13634,#13635,#13636),
 .UNSPECIFIED.,.F.,.F.,(3,3),(0.,1.),.PIECEWISE_BEZIER_KNOTS.);
#7565=B_SPLINE_CURVE_WITH_KNOTS('',2,(#13640,#13641,#13642),
 .UNSPECIFIED.,.F.,.F.,(3,3),(0.,1.),.PIECEWISE_BEZIER_KNOTS.);
#7566=B_SPLINE_CURVE_WITH_KNOTS('',2,(#13646,#13647,#13648),
 .UNSPECIFIED.,.F.,.F.,(3,3),(0.,1.),.PIECEWISE_BEZIER_KNOTS.);
#7567=B_SPLINE_CURVE_WITH_KNOTS('',2,(#13650,#13651,#13652),
 .UNSPECIFIED.,.F.,.F.,(3,3),(0.,1.),.PIECEWISE_BEZIER_KNOTS.);
#7568=B_SPLINE_CURVE_WITH_KNOTS('',2,(#13654,#13655,#13656),
 .UNSPECIFIED.,.F.,.F.,(3,3),(0.,1.),.PIECEWISE_BEZIER_KNOTS.);
#7569=B_SPLINE_CURVE_WITH_KNOTS('',2,(#13658,#13659,#13660),
 .UNSPECIFIED.,.F.,.F.,(3,3),(0.,1.),.PIECEWISE_BEZIER_KNOTS.);
#7570=B_SPLINE_CURVE_WITH_KNOTS('',2,(#13662,#13663,#13664),
 .UNSPECIFIED.,.F.,.F.,(3,3),(0.,1.),.PIECEWISE_BEZIER_KNOTS.);
#7571=B_SPLINE_CURVE_WITH_KNOTS('',2,(#13666,#13667,#13668),
 .UNSPECIFIED.,.F.,.F.,(3,3),(0.,1.),.PIECEWISE_BEZIER_KNOTS.);
#7572=B_SPLINE_CURVE_WITH_KNOTS('',2,(#13670,#13671,#13672),
 .UNSPECIFIED.,.F.,.F.,(3,3),(0.,1.),.PIECEWISE_BEZIER_KNOTS.);
#7573=B_SPLINE_CURVE_WITH_KNOTS('',2,(#13674,#13675,#13676),
 .UNSPECIFIED.,.F.,.F.,(3,3),(0.,1.),.PIECEWISE_BEZIER_KNOTS.);
#7574=B_SPLINE_CURVE_WITH_KNOTS('',2,(#13699,#13700,#13701),
 .UNSPECIFIED.,.F.,.F.,(3,3),(0.,1.),.PIECEWISE_BEZIER_KNOTS.);
#7575=B_SPLINE_CURVE_WITH_KNOTS('',2,(#13704,#13705,#13706),
 .UNSPECIFIED.,.F.,.F.,(3,3),(0.,1.),.PIECEWISE_BEZIER_KNOTS.);
#7576=B_SPLINE_CURVE_WITH_KNOTS('',2,(#13708,#13709,#13710),
 .UNSPECIFIED.,.F.,.F.,(3,3),(0.,1.),.PIECEWISE_BEZIER_KNOTS.);
#7577=B_SPLINE_CURVE_WITH_KNOTS('',2,(#13714,#13715,#13716),
 .UNSPECIFIED.,.F.,.F.,(3,3),(0.,1.),.PIECEWISE_BEZIER_KNOTS.);
#7578=B_SPLINE_CURVE_WITH_KNOTS('',2,(#13718,#13719,#13720),
 .UNSPECIFIED.,.F.,.F.,(3,3),(0.,1.),.PIECEWISE_BEZIER_KNOTS.);
#7579=B_SPLINE_CURVE_WITH_KNOTS('',2,(#13724,#13725,#13726),
 .UNSPECIFIED.,.F.,.F.,(3,3),(0.,1.),.PIECEWISE_BEZIER_KNOTS.);
#7580=B_SPLINE_CURVE_WITH_KNOTS('',2,(#13728,#13729,#13730),
 .UNSPECIFIED.,.F.,.F.,(3,3),(0.,1.),.PIECEWISE_BEZIER_KNOTS.);
#7581=B_SPLINE_CURVE_WITH_KNOTS('',2,(#13732,#13733,#13734),
 .UNSPECIFIED.,.F.,.F.,(3,3),(0.,1.),.PIECEWISE_BEZIER_KNOTS.);
#7582=B_SPLINE_CURVE_WITH_KNOTS('',2,(#13736,#13737,#13738),
 .UNSPECIFIED.,.F.,.F.,(3,3),(0.,1.),.PIECEWISE_BEZIER_KNOTS.);
#7583=B_SPLINE_CURVE_WITH_KNOTS('',2,(#13742,#13743,#13744),
 .UNSPECIFIED.,.F.,.F.,(3,3),(0.,1.),.PIECEWISE_BEZIER_KNOTS.);
#7584=B_SPLINE_CURVE_WITH_KNOTS('',2,(#13746,#13747,#13748),
 .UNSPECIFIED.,.F.,.F.,(3,3),(0.,1.),.PIECEWISE_BEZIER_KNOTS.);
#7585=B_SPLINE_CURVE_WITH_KNOTS('',2,(#13752,#13753,#13754),
 .UNSPECIFIED.,.F.,.F.,(3,3),(0.,1.),.PIECEWISE_BEZIER_KNOTS.);
#7586=B_SPLINE_CURVE_WITH_KNOTS('',2,(#13956,#13957,#13958),
 .UNSPECIFIED.,.F.,.F.,(3,3),(0.,1.),.PIECEWISE_BEZIER_KNOTS.);
#7587=B_SPLINE_CURVE_WITH_KNOTS('',2,(#13964,#13965,#13966),
 .UNSPECIFIED.,.F.,.F.,(3,3),(0.,1.),.PIECEWISE_BEZIER_KNOTS.);
#7588=B_SPLINE_CURVE_WITH_KNOTS('',2,(#13968,#13969,#13970),
 .UNSPECIFIED.,.F.,.F.,(3,3),(0.,1.),.PIECEWISE_BEZIER_KNOTS.);
#7589=B_SPLINE_CURVE_WITH_KNOTS('',2,(#13978,#13979,#13980),
 .UNSPECIFIED.,.F.,.F.,(3,3),(0.,1.),.PIECEWISE_BEZIER_KNOTS.);
#7590=B_SPLINE_CURVE_WITH_KNOTS('',2,(#13986,#13987,#13988),
 .UNSPECIFIED.,.F.,.F.,(3,3),(0.,1.),.PIECEWISE_BEZIER_KNOTS.);
#7591=B_SPLINE_CURVE_WITH_KNOTS('',2,(#13998,#13999,#14000),
 .UNSPECIFIED.,.F.,.F.,(3,3),(0.,1.),.PIECEWISE_BEZIER_KNOTS.);
#7592=B_SPLINE_CURVE_WITH_KNOTS('',2,(#14007,#14008,#14009),
 .UNSPECIFIED.,.F.,.F.,(3,3),(0.,1.),.PIECEWISE_BEZIER_KNOTS.);
#7593=B_SPLINE_CURVE_WITH_KNOTS('',2,(#14012,#14013,#14014),
 .UNSPECIFIED.,.F.,.F.,(3,3),(0.,1.),.PIECEWISE_BEZIER_KNOTS.);
#7594=B_SPLINE_CURVE_WITH_KNOTS('',2,(#14016,#14017,#14018),
 .UNSPECIFIED.,.F.,.F.,(3,3),(0.,1.),.PIECEWISE_BEZIER_KNOTS.);
#7595=B_SPLINE_CURVE_WITH_KNOTS('',2,(#14022,#14023,#14024),
 .UNSPECIFIED.,.F.,.F.,(3,3),(0.,1.),.PIECEWISE_BEZIER_KNOTS.);
#7596=B_SPLINE_CURVE_WITH_KNOTS('',2,(#14026,#14027,#14028),
 .UNSPECIFIED.,.F.,.F.,(3,3),(0.,1.),.PIECEWISE_BEZIER_KNOTS.);
#7597=B_SPLINE_CURVE_WITH_KNOTS('',2,(#14030,#14031,#14032),
 .UNSPECIFIED.,.F.,.F.,(3,3),(0.,1.),.PIECEWISE_BEZIER_KNOTS.);
#7598=B_SPLINE_CURVE_WITH_KNOTS('',2,(#14034,#14035,#14036),
 .UNSPECIFIED.,.F.,.F.,(3,3),(0.,1.),.PIECEWISE_BEZIER_KNOTS.);
#7599=B_SPLINE_CURVE_WITH_KNOTS('',2,(#14038,#14039,#14040),
 .UNSPECIFIED.,.F.,.F.,(3,3),(0.,1.),.PIECEWISE_BEZIER_KNOTS.);
#7600=B_SPLINE_CURVE_WITH_KNOTS('',2,(#14048,#14049,#14050),
 .UNSPECIFIED.,.F.,.F.,(3,3),(0.,1.),.PIECEWISE_BEZIER_KNOTS.);
#7601=B_SPLINE_CURVE_WITH_KNOTS('',2,(#14052,#14053,#14054),
 .UNSPECIFIED.,.F.,.F.,(3,3),(0.,1.),.PIECEWISE_BEZIER_KNOTS.);
#7602=B_SPLINE_CURVE_WITH_KNOTS('',2,(#14056,#14057,#14058),
 .UNSPECIFIED.,.F.,.F.,(3,3),(0.,1.),.PIECEWISE_BEZIER_KNOTS.);
#7603=B_SPLINE_CURVE_WITH_KNOTS('',2,(#14060,#14061,#14062),
 .UNSPECIFIED.,.F.,.F.,(3,3),(0.,1.),.PIECEWISE_BEZIER_KNOTS.);
#7604=B_SPLINE_CURVE_WITH_KNOTS('',2,(#14070,#14071,#14072),
 .UNSPECIFIED.,.F.,.F.,(3,3),(0.,1.),.PIECEWISE_BEZIER_KNOTS.);
#7605=B_SPLINE_CURVE_WITH_KNOTS('',2,(#14074,#14075,#14076),
 .UNSPECIFIED.,.F.,.F.,(3,3),(0.,1.),.PIECEWISE_BEZIER_KNOTS.);
#7606=B_SPLINE_CURVE_WITH_KNOTS('',2,(#14078,#14079,#14080),
 .UNSPECIFIED.,.F.,.F.,(3,3),(0.,1.),.PIECEWISE_BEZIER_KNOTS.);
#7607=B_SPLINE_CURVE_WITH_KNOTS('',2,(#14088,#14089,#14090),
 .UNSPECIFIED.,.F.,.F.,(3,3),(0.,1.),.PIECEWISE_BEZIER_KNOTS.);
#7608=B_SPLINE_CURVE_WITH_KNOTS('',2,(#14092,#14093,#14094),
 .UNSPECIFIED.,.F.,.F.,(3,3),(0.,1.),.PIECEWISE_BEZIER_KNOTS.);
#7609=B_SPLINE_CURVE_WITH_KNOTS('',2,(#14098,#14099,#14100),
 .UNSPECIFIED.,.F.,.F.,(3,3),(0.,1.),.PIECEWISE_BEZIER_KNOTS.);
#7610=B_SPLINE_CURVE_WITH_KNOTS('',2,(#14102,#14103,#14104),
 .UNSPECIFIED.,.F.,.F.,(3,3),(0.,1.),.PIECEWISE_BEZIER_KNOTS.);
#7611=B_SPLINE_CURVE_WITH_KNOTS('',2,(#14106,#14107,#14108),
 .UNSPECIFIED.,.F.,.F.,(3,3),(0.,1.),.PIECEWISE_BEZIER_KNOTS.);
#7612=B_SPLINE_CURVE_WITH_KNOTS('',2,(#14110,#14111,#14112),
 .UNSPECIFIED.,.F.,.F.,(3,3),(0.,1.),.PIECEWISE_BEZIER_KNOTS.);
#7613=B_SPLINE_CURVE_WITH_KNOTS('',2,(#14114,#14115,#14116),
 .UNSPECIFIED.,.F.,.F.,(3,3),(0.,1.),.PIECEWISE_BEZIER_KNOTS.);
#7614=B_SPLINE_CURVE_WITH_KNOTS('',2,(#14124,#14125,#14126),
 .UNSPECIFIED.,.F.,.F.,(3,3),(0.,1.),.PIECEWISE_BEZIER_KNOTS.);
#7615=B_SPLINE_CURVE_WITH_KNOTS('',2,(#14128,#14129,#14130),
 .UNSPECIFIED.,.F.,.F.,(3,3),(0.,1.),.PIECEWISE_BEZIER_KNOTS.);
#7616=B_SPLINE_CURVE_WITH_KNOTS('',2,(#14243,#14244,#14245),
 .UNSPECIFIED.,.F.,.F.,(3,3),(0.,1.),.PIECEWISE_BEZIER_KNOTS.);
#7617=B_SPLINE_CURVE_WITH_KNOTS('',2,(#14248,#14249,#14250),
 .UNSPECIFIED.,.F.,.F.,(3,3),(0.,1.),.PIECEWISE_BEZIER_KNOTS.);
#7618=B_SPLINE_CURVE_WITH_KNOTS('',2,(#14252,#14253,#14254),
 .UNSPECIFIED.,.F.,.F.,(3,3),(0.,1.),.PIECEWISE_BEZIER_KNOTS.);
#7619=B_SPLINE_CURVE_WITH_KNOTS('',2,(#14256,#14257,#14258),
 .UNSPECIFIED.,.F.,.F.,(3,3),(0.,1.),.PIECEWISE_BEZIER_KNOTS.);
#7620=B_SPLINE_CURVE_WITH_KNOTS('',2,(#14260,#14261,#14262),
 .UNSPECIFIED.,.F.,.F.,(3,3),(0.,1.),.PIECEWISE_BEZIER_KNOTS.);
#7621=B_SPLINE_CURVE_WITH_KNOTS('',2,(#14264,#14265,#14266),
 .UNSPECIFIED.,.F.,.F.,(3,3),(0.,1.),.PIECEWISE_BEZIER_KNOTS.);
#7622=B_SPLINE_CURVE_WITH_KNOTS('',2,(#14268,#14269,#14270),
 .UNSPECIFIED.,.F.,.F.,(3,3),(0.,1.),.PIECEWISE_BEZIER_KNOTS.);
#7623=B_SPLINE_CURVE_WITH_KNOTS('',2,(#14272,#14273,#14274),
 .UNSPECIFIED.,.F.,.F.,(3,3),(0.,1.),.PIECEWISE_BEZIER_KNOTS.);
#7624=B_SPLINE_CURVE_WITH_KNOTS('',2,(#14284,#14285,#14286),
 .UNSPECIFIED.,.F.,.F.,(3,3),(0.,1.),.PIECEWISE_BEZIER_KNOTS.);
#7625=B_SPLINE_CURVE_WITH_KNOTS('',2,(#14292,#14293,#14294),
 .UNSPECIFIED.,.F.,.F.,(3,3),(0.,1.),.PIECEWISE_BEZIER_KNOTS.);
#7626=B_SPLINE_CURVE_WITH_KNOTS('',2,(#14296,#14297,#14298),
 .UNSPECIFIED.,.F.,.F.,(3,3),(0.,1.),.PIECEWISE_BEZIER_KNOTS.);
#7627=B_SPLINE_CURVE_WITH_KNOTS('',2,(#14306,#14307,#14308),
 .UNSPECIFIED.,.F.,.F.,(3,3),(0.,1.),.PIECEWISE_BEZIER_KNOTS.);
#7628=B_SPLINE_CURVE_WITH_KNOTS('',2,(#14314,#14315,#14316),
 .UNSPECIFIED.,.F.,.F.,(3,3),(0.,1.),.PIECEWISE_BEZIER_KNOTS.);
#7629=B_SPLINE_CURVE_WITH_KNOTS('',2,(#14326,#14327,#14328),
 .UNSPECIFIED.,.F.,.F.,(3,3),(0.,1.),.PIECEWISE_BEZIER_KNOTS.);
#7630=B_SPLINE_CURVE_WITH_KNOTS('',2,(#14335,#14336,#14337),
 .UNSPECIFIED.,.F.,.F.,(3,3),(0.,1.),.PIECEWISE_BEZIER_KNOTS.);
#7631=B_SPLINE_CURVE_WITH_KNOTS('',2,(#14340,#14341,#14342),
 .UNSPECIFIED.,.F.,.F.,(3,3),(0.,1.),.PIECEWISE_BEZIER_KNOTS.);
#7632=B_SPLINE_CURVE_WITH_KNOTS('',2,(#14344,#14345,#14346),
 .UNSPECIFIED.,.F.,.F.,(3,3),(0.,1.),.PIECEWISE_BEZIER_KNOTS.);
#7633=B_SPLINE_CURVE_WITH_KNOTS('',2,(#14348,#14349,#14350),
 .UNSPECIFIED.,.F.,.F.,(3,3),(0.,1.),.PIECEWISE_BEZIER_KNOTS.);
#7634=B_SPLINE_CURVE_WITH_KNOTS('',2,(#14356,#14357,#14358),
 .UNSPECIFIED.,.F.,.F.,(3,3),(0.,1.),.PIECEWISE_BEZIER_KNOTS.);
#7635=B_SPLINE_CURVE_WITH_KNOTS('',2,(#14362,#14363,#14364),
 .UNSPECIFIED.,.F.,.F.,(3,3),(0.,1.),.PIECEWISE_BEZIER_KNOTS.);
#7636=B_SPLINE_CURVE_WITH_KNOTS('',2,(#14368,#14369,#14370),
 .UNSPECIFIED.,.F.,.F.,(3,3),(0.,1.),.PIECEWISE_BEZIER_KNOTS.);
#7637=B_SPLINE_CURVE_WITH_KNOTS('',2,(#14372,#14373,#14374),
 .UNSPECIFIED.,.F.,.F.,(3,3),(0.,1.),.PIECEWISE_BEZIER_KNOTS.);
#7638=B_SPLINE_CURVE_WITH_KNOTS('',2,(#14376,#14377,#14378),
 .UNSPECIFIED.,.F.,.F.,(3,3),(0.,1.),.PIECEWISE_BEZIER_KNOTS.);
#7639=B_SPLINE_CURVE_WITH_KNOTS('',2,(#14380,#14381,#14382),
 .UNSPECIFIED.,.F.,.F.,(3,3),(0.,1.),.PIECEWISE_BEZIER_KNOTS.);
#7640=B_SPLINE_CURVE_WITH_KNOTS('',2,(#14384,#14385,#14386),
 .UNSPECIFIED.,.F.,.F.,(3,3),(0.,1.),.PIECEWISE_BEZIER_KNOTS.);
#7641=B_SPLINE_CURVE_WITH_KNOTS('',2,(#14388,#14389,#14390),
 .UNSPECIFIED.,.F.,.F.,(3,3),(0.,1.),.PIECEWISE_BEZIER_KNOTS.);
#7642=B_SPLINE_CURVE_WITH_KNOTS('',2,(#14392,#14393,#14394),
 .UNSPECIFIED.,.F.,.F.,(3,3),(0.,1.),.PIECEWISE_BEZIER_KNOTS.);
#7643=B_SPLINE_CURVE_WITH_KNOTS('',2,(#14402,#14403,#14404),
 .UNSPECIFIED.,.F.,.F.,(3,3),(0.,1.),.PIECEWISE_BEZIER_KNOTS.);
#7644=B_SPLINE_CURVE_WITH_KNOTS('',2,(#14406,#14407,#14408),
 .UNSPECIFIED.,.F.,.F.,(3,3),(0.,1.),.PIECEWISE_BEZIER_KNOTS.);
#7645=B_SPLINE_CURVE_WITH_KNOTS('',2,(#14410,#14411,#14412),
 .UNSPECIFIED.,.F.,.F.,(3,3),(0.,1.),.PIECEWISE_BEZIER_KNOTS.);
#7646=B_SPLINE_CURVE_WITH_KNOTS('',2,(#14418,#14419,#14420),
 .UNSPECIFIED.,.F.,.F.,(3,3),(0.,1.),.PIECEWISE_BEZIER_KNOTS.);
#7647=B_SPLINE_CURVE_WITH_KNOTS('',2,(#14422,#14423,#14424),
 .UNSPECIFIED.,.F.,.F.,(3,3),(0.,1.),.PIECEWISE_BEZIER_KNOTS.);
#7648=B_SPLINE_CURVE_WITH_KNOTS('',2,(#14426,#14427,#14428),
 .UNSPECIFIED.,.F.,.F.,(3,3),(0.,1.),.PIECEWISE_BEZIER_KNOTS.);
#7649=B_SPLINE_CURVE_WITH_KNOTS('',2,(#14430,#14431,#14432),
 .UNSPECIFIED.,.F.,.F.,(3,3),(0.,1.),.PIECEWISE_BEZIER_KNOTS.);
#7650=B_SPLINE_CURVE_WITH_KNOTS('',2,(#14846,#14847,#14848),
 .UNSPECIFIED.,.F.,.F.,(3,3),(0.,1.),.PIECEWISE_BEZIER_KNOTS.);
#7651=B_SPLINE_CURVE_WITH_KNOTS('',2,(#14875,#14876,#14877),
 .UNSPECIFIED.,.F.,.F.,(3,3),(0.,1.),.PIECEWISE_BEZIER_KNOTS.);
#7652=B_SPLINE_CURVE_WITH_KNOTS('',2,(#14896,#14897,#14898),
 .UNSPECIFIED.,.F.,.F.,(3,3),(0.,1.),.PIECEWISE_BEZIER_KNOTS.);
#7653=B_SPLINE_CURVE_WITH_KNOTS('',2,(#14921,#14922,#14923),
 .UNSPECIFIED.,.F.,.F.,(3,3),(0.,1.),.PIECEWISE_BEZIER_KNOTS.);
#7654=B_SPLINE_CURVE_WITH_KNOTS('',2,(#14934,#14935,#14936),
 .UNSPECIFIED.,.F.,.F.,(3,3),(0.,1.),.PIECEWISE_BEZIER_KNOTS.);
#7655=B_SPLINE_CURVE_WITH_KNOTS('',2,(#14955,#14956,#14957),
 .UNSPECIFIED.,.F.,.F.,(3,3),(0.,1.),.PIECEWISE_BEZIER_KNOTS.);
#7656=B_SPLINE_CURVE_WITH_KNOTS('',2,(#14975,#14976,#14977),
 .UNSPECIFIED.,.F.,.F.,(3,3),(0.,1.),.PIECEWISE_BEZIER_KNOTS.);
#7657=B_SPLINE_CURVE_WITH_KNOTS('',2,(#14990,#14991,#14992),
 .UNSPECIFIED.,.F.,.F.,(3,3),(0.,1.),.PIECEWISE_BEZIER_KNOTS.);
#7658=B_SPLINE_CURVE_WITH_KNOTS('',2,(#15003,#15004,#15005),
 .UNSPECIFIED.,.F.,.F.,(3,3),(0.,1.),.PIECEWISE_BEZIER_KNOTS.);
#7659=B_SPLINE_CURVE_WITH_KNOTS('',2,(#15016,#15017,#15018),
 .UNSPECIFIED.,.F.,.F.,(3,3),(0.,1.),.PIECEWISE_BEZIER_KNOTS.);
#7660=B_SPLINE_CURVE_WITH_KNOTS('',2,(#15041,#15042,#15043),
 .UNSPECIFIED.,.F.,.F.,(3,3),(0.,1.),.PIECEWISE_BEZIER_KNOTS.);
#7661=B_SPLINE_CURVE_WITH_KNOTS('',2,(#15054,#15055,#15056),
 .UNSPECIFIED.,.F.,.F.,(3,3),(0.,1.),.PIECEWISE_BEZIER_KNOTS.);
#7662=B_SPLINE_CURVE_WITH_KNOTS('',2,(#15067,#15068,#15069),
 .UNSPECIFIED.,.F.,.F.,(3,3),(0.,1.),.PIECEWISE_BEZIER_KNOTS.);
#7663=B_SPLINE_CURVE_WITH_KNOTS('',2,(#15092,#15093,#15094),
 .UNSPECIFIED.,.F.,.F.,(3,3),(0.,1.),.PIECEWISE_BEZIER_KNOTS.);
#7664=B_SPLINE_CURVE_WITH_KNOTS('',2,(#15105,#15106,#15107),
 .UNSPECIFIED.,.F.,.F.,(3,3),(0.,1.),.PIECEWISE_BEZIER_KNOTS.);
#7665=B_SPLINE_CURVE_WITH_KNOTS('',2,(#15118,#15119,#15120),
 .UNSPECIFIED.,.F.,.F.,(3,3),(0.,1.),.PIECEWISE_BEZIER_KNOTS.);
#7666=B_SPLINE_CURVE_WITH_KNOTS('',2,(#15131,#15132,#15133),
 .UNSPECIFIED.,.F.,.F.,(3,3),(0.,1.),.PIECEWISE_BEZIER_KNOTS.);
#7667=B_SPLINE_CURVE_WITH_KNOTS('',2,(#15156,#15157,#15158),
 .UNSPECIFIED.,.F.,.F.,(3,3),(0.,1.),.PIECEWISE_BEZIER_KNOTS.);
#7668=B_SPLINE_CURVE_WITH_KNOTS('',2,(#15169,#15170,#15171),
 .UNSPECIFIED.,.F.,.F.,(3,3),(0.,1.),.PIECEWISE_BEZIER_KNOTS.);
#7669=B_SPLINE_CURVE_WITH_KNOTS('',2,(#15182,#15183,#15184),
 .UNSPECIFIED.,.F.,.F.,(3,3),(0.,1.),.PIECEWISE_BEZIER_KNOTS.);
#7670=B_SPLINE_CURVE_WITH_KNOTS('',2,(#15195,#15196,#15197),
 .UNSPECIFIED.,.F.,.F.,(3,3),(0.,1.),.PIECEWISE_BEZIER_KNOTS.);
#7671=B_SPLINE_CURVE_WITH_KNOTS('',2,(#15208,#15209,#15210),
 .UNSPECIFIED.,.F.,.F.,(3,3),(0.,1.),.PIECEWISE_BEZIER_KNOTS.);
#7672=B_SPLINE_CURVE_WITH_KNOTS('',2,(#15223,#15224,#15225),
 .UNSPECIFIED.,.F.,.F.,(3,3),(0.,1.),.PIECEWISE_BEZIER_KNOTS.);
#7673=B_SPLINE_CURVE_WITH_KNOTS('',2,(#15237,#15238,#15239),
 .UNSPECIFIED.,.F.,.F.,(3,3),(0.,1.),.PIECEWISE_BEZIER_KNOTS.);
#7674=B_SPLINE_CURVE_WITH_KNOTS('',2,(#15292,#15293,#15294),
 .UNSPECIFIED.,.F.,.F.,(3,3),(0.,1.),.PIECEWISE_BEZIER_KNOTS.);
#7675=B_SPLINE_CURVE_WITH_KNOTS('',2,(#15305,#15306,#15307),
 .UNSPECIFIED.,.F.,.F.,(3,3),(0.,1.),.PIECEWISE_BEZIER_KNOTS.);
#7676=B_SPLINE_CURVE_WITH_KNOTS('',2,(#15330,#15331,#15332),
 .UNSPECIFIED.,.F.,.F.,(3,3),(0.,1.),.PIECEWISE_BEZIER_KNOTS.);
#7677=B_SPLINE_CURVE_WITH_KNOTS('',2,(#15343,#15344,#15345),
 .UNSPECIFIED.,.F.,.F.,(3,3),(0.,1.),.PIECEWISE_BEZIER_KNOTS.);
#7678=B_SPLINE_CURVE_WITH_KNOTS('',2,(#15356,#15357,#15358),
 .UNSPECIFIED.,.F.,.F.,(3,3),(0.,1.),.PIECEWISE_BEZIER_KNOTS.);
#7679=B_SPLINE_CURVE_WITH_KNOTS('',2,(#15367,#15368,#15369),
 .UNSPECIFIED.,.F.,.F.,(3,3),(0.,1.),.PIECEWISE_BEZIER_KNOTS.);
#7680=B_SPLINE_CURVE_WITH_KNOTS('',2,(#15572,#15573,#15574),
 .UNSPECIFIED.,.F.,.F.,(3,3),(0.,1.),.PIECEWISE_BEZIER_KNOTS.);
#7681=B_SPLINE_CURVE_WITH_KNOTS('',2,(#15579,#15580,#15581),
 .UNSPECIFIED.,.F.,.F.,(3,3),(0.,1.),.PIECEWISE_BEZIER_KNOTS.);
#7682=B_SPLINE_CURVE_WITH_KNOTS('',2,(#15592,#15593,#15594),
 .UNSPECIFIED.,.F.,.F.,(3,3),(0.,1.),.PIECEWISE_BEZIER_KNOTS.);
#7683=B_SPLINE_CURVE_WITH_KNOTS('',2,(#15598,#15599,#15600),
 .UNSPECIFIED.,.F.,.F.,(3,3),(0.,1.),.PIECEWISE_BEZIER_KNOTS.);
#7684=B_SPLINE_CURVE_WITH_KNOTS('',2,(#15621,#15622,#15623),
 .UNSPECIFIED.,.F.,.F.,(3,3),(0.,1.),.PIECEWISE_BEZIER_KNOTS.);
#7685=B_SPLINE_CURVE_WITH_KNOTS('',2,(#15627,#15628,#15629),
 .UNSPECIFIED.,.F.,.F.,(3,3),(0.,1.),.PIECEWISE_BEZIER_KNOTS.);
#7686=B_SPLINE_CURVE_WITH_KNOTS('',2,(#15638,#15639,#15640),
 .UNSPECIFIED.,.F.,.F.,(3,3),(0.,1.),.PIECEWISE_BEZIER_KNOTS.);
#7687=B_SPLINE_CURVE_WITH_KNOTS('',2,(#15644,#15645,#15646),
 .UNSPECIFIED.,.F.,.F.,(3,3),(0.,1.),.PIECEWISE_BEZIER_KNOTS.);
#7688=B_SPLINE_CURVE_WITH_KNOTS('',2,(#15661,#15662,#15663),
 .UNSPECIFIED.,.F.,.F.,(3,3),(0.,1.),.PIECEWISE_BEZIER_KNOTS.);
#7689=B_SPLINE_CURVE_WITH_KNOTS('',2,(#15668,#15669,#15670),
 .UNSPECIFIED.,.F.,.F.,(3,3),(0.,1.),.PIECEWISE_BEZIER_KNOTS.);
#7690=B_SPLINE_CURVE_WITH_KNOTS('',2,(#15681,#15682,#15683),
 .UNSPECIFIED.,.F.,.F.,(3,3),(0.,1.),.PIECEWISE_BEZIER_KNOTS.);
#7691=B_SPLINE_CURVE_WITH_KNOTS('',2,(#15687,#15688,#15689),
 .UNSPECIFIED.,.F.,.F.,(3,3),(0.,1.),.PIECEWISE_BEZIER_KNOTS.);
#7692=B_SPLINE_CURVE_WITH_KNOTS('',2,(#15698,#15699,#15700),
 .UNSPECIFIED.,.F.,.F.,(3,3),(0.,1.),.PIECEWISE_BEZIER_KNOTS.);
#7693=B_SPLINE_CURVE_WITH_KNOTS('',2,(#15704,#15705,#15706),
 .UNSPECIFIED.,.F.,.F.,(3,3),(0.,1.),.PIECEWISE_BEZIER_KNOTS.);
#7694=B_SPLINE_CURVE_WITH_KNOTS('',2,(#15715,#15716,#15717),
 .UNSPECIFIED.,.F.,.F.,(3,3),(0.,1.),.PIECEWISE_BEZIER_KNOTS.);
#7695=B_SPLINE_CURVE_WITH_KNOTS('',2,(#15721,#15722,#15723),
 .UNSPECIFIED.,.F.,.F.,(3,3),(0.,1.),.PIECEWISE_BEZIER_KNOTS.);
#7696=B_SPLINE_CURVE_WITH_KNOTS('',2,(#15732,#15733,#15734),
 .UNSPECIFIED.,.F.,.F.,(3,3),(0.,1.),.PIECEWISE_BEZIER_KNOTS.);
#7697=B_SPLINE_CURVE_WITH_KNOTS('',2,(#15738,#15739,#15740),
 .UNSPECIFIED.,.F.,.F.,(3,3),(0.,1.),.PIECEWISE_BEZIER_KNOTS.);
#7698=B_SPLINE_CURVE_WITH_KNOTS('',2,(#15749,#15750,#15751),
 .UNSPECIFIED.,.F.,.F.,(3,3),(0.,1.),.PIECEWISE_BEZIER_KNOTS.);
#7699=B_SPLINE_CURVE_WITH_KNOTS('',2,(#15755,#15756,#15757),
 .UNSPECIFIED.,.F.,.F.,(3,3),(0.,1.),.PIECEWISE_BEZIER_KNOTS.);
#7700=B_SPLINE_CURVE_WITH_KNOTS('',2,(#15768,#15769,#15770),
 .UNSPECIFIED.,.F.,.F.,(3,3),(0.,1.),.PIECEWISE_BEZIER_KNOTS.);
#7701=B_SPLINE_CURVE_WITH_KNOTS('',2,(#15783,#15784,#15785),
 .UNSPECIFIED.,.F.,.F.,(3,3),(0.,1.),.PIECEWISE_BEZIER_KNOTS.);
#7702=B_SPLINE_CURVE_WITH_KNOTS('',2,(#15796,#15797,#15798),
 .UNSPECIFIED.,.F.,.F.,(3,3),(0.,1.),.PIECEWISE_BEZIER_KNOTS.);
#7703=B_SPLINE_CURVE_WITH_KNOTS('',2,(#15813,#15814,#15815),
 .UNSPECIFIED.,.F.,.F.,(3,3),(0.,1.),.PIECEWISE_BEZIER_KNOTS.);
#7704=B_SPLINE_CURVE_WITH_KNOTS('',2,(#15826,#15827,#15828),
 .UNSPECIFIED.,.F.,.F.,(3,3),(0.,1.),.PIECEWISE_BEZIER_KNOTS.);
#7705=B_SPLINE_CURVE_WITH_KNOTS('',2,(#15843,#15844,#15845),
 .UNSPECIFIED.,.F.,.F.,(3,3),(0.,1.),.PIECEWISE_BEZIER_KNOTS.);
#7706=B_SPLINE_CURVE_WITH_KNOTS('',2,(#15856,#15857,#15858),
 .UNSPECIFIED.,.F.,.F.,(3,3),(0.,1.),.PIECEWISE_BEZIER_KNOTS.);
#7707=B_SPLINE_CURVE_WITH_KNOTS('',2,(#15869,#15870,#15871),
 .UNSPECIFIED.,.F.,.F.,(3,3),(0.,1.),.PIECEWISE_BEZIER_KNOTS.);
#7708=B_SPLINE_CURVE_WITH_KNOTS('',2,(#15882,#15883,#15884),
 .UNSPECIFIED.,.F.,.F.,(3,3),(0.,1.),.PIECEWISE_BEZIER_KNOTS.);
#7709=B_SPLINE_CURVE_WITH_KNOTS('',2,(#15899,#15900,#15901),
 .UNSPECIFIED.,.F.,.F.,(3,3),(0.,1.),.PIECEWISE_BEZIER_KNOTS.);
#7710=B_SPLINE_CURVE_WITH_KNOTS('',2,(#15912,#15913,#15914),
 .UNSPECIFIED.,.F.,.F.,(3,3),(0.,1.),.PIECEWISE_BEZIER_KNOTS.);
#7711=B_SPLINE_CURVE_WITH_KNOTS('',2,(#15927,#15928,#15929),
 .UNSPECIFIED.,.F.,.F.,(3,3),(0.,1.),.PIECEWISE_BEZIER_KNOTS.);
#7712=B_SPLINE_CURVE_WITH_KNOTS('',2,(#15930,#15931,#15932),
 .UNSPECIFIED.,.F.,.F.,(3,3),(0.,1.),.PIECEWISE_BEZIER_KNOTS.);
#7713=B_SPLINE_CURVE_WITH_KNOTS('',2,(#15941,#15942,#15943),
 .UNSPECIFIED.,.F.,.F.,(3,3),(0.,1.),.PIECEWISE_BEZIER_KNOTS.);
#7714=B_SPLINE_CURVE_WITH_KNOTS('',2,(#15952,#15953,#15954),
 .UNSPECIFIED.,.F.,.F.,(3,3),(0.,1.),.PIECEWISE_BEZIER_KNOTS.);
#7715=B_SPLINE_CURVE_WITH_KNOTS('',2,(#15955,#15956,#15957),
 .UNSPECIFIED.,.F.,.F.,(3,3),(0.,1.),.PIECEWISE_BEZIER_KNOTS.);
#7716=B_SPLINE_CURVE_WITH_KNOTS('',2,(#15968,#15969,#15970),
 .UNSPECIFIED.,.F.,.F.,(3,3),(0.,1.),.PIECEWISE_BEZIER_KNOTS.);
#7717=B_SPLINE_CURVE_WITH_KNOTS('',2,(#15975,#15976,#15977),
 .UNSPECIFIED.,.F.,.F.,(3,3),(0.,1.),.PIECEWISE_BEZIER_KNOTS.);
#7718=B_SPLINE_CURVE_WITH_KNOTS('',2,(#15988,#15989,#15990),
 .UNSPECIFIED.,.F.,.F.,(3,3),(0.,1.),.PIECEWISE_BEZIER_KNOTS.);
#7719=B_SPLINE_CURVE_WITH_KNOTS('',2,(#15994,#15995,#15996),
 .UNSPECIFIED.,.F.,.F.,(3,3),(0.,1.),.PIECEWISE_BEZIER_KNOTS.);
#7720=B_SPLINE_CURVE_WITH_KNOTS('',2,(#16005,#16006,#16007),
 .UNSPECIFIED.,.F.,.F.,(3,3),(0.,1.),.PIECEWISE_BEZIER_KNOTS.);
#7721=B_SPLINE_CURVE_WITH_KNOTS('',2,(#16011,#16012,#16013),
 .UNSPECIFIED.,.F.,.F.,(3,3),(0.,1.),.PIECEWISE_BEZIER_KNOTS.);
#7722=B_SPLINE_CURVE_WITH_KNOTS('',2,(#16022,#16023,#16024),
 .UNSPECIFIED.,.F.,.F.,(3,3),(0.,1.),.PIECEWISE_BEZIER_KNOTS.);
#7723=B_SPLINE_CURVE_WITH_KNOTS('',2,(#16028,#16029,#16030),
 .UNSPECIFIED.,.F.,.F.,(3,3),(0.,1.),.PIECEWISE_BEZIER_KNOTS.);
#7724=B_SPLINE_CURVE_WITH_KNOTS('',2,(#16039,#16040,#16041),
 .UNSPECIFIED.,.F.,.F.,(3,3),(0.,1.),.PIECEWISE_BEZIER_KNOTS.);
#7725=B_SPLINE_CURVE_WITH_KNOTS('',2,(#16045,#16046,#16047),
 .UNSPECIFIED.,.F.,.F.,(3,3),(0.,1.),.PIECEWISE_BEZIER_KNOTS.);
#7726=B_SPLINE_CURVE_WITH_KNOTS('',2,(#16056,#16057,#16058),
 .UNSPECIFIED.,.F.,.F.,(3,3),(0.,1.),.PIECEWISE_BEZIER_KNOTS.);
#7727=B_SPLINE_CURVE_WITH_KNOTS('',2,(#16062,#16063,#16064),
 .UNSPECIFIED.,.F.,.F.,(3,3),(0.,1.),.PIECEWISE_BEZIER_KNOTS.);
#7728=B_SPLINE_CURVE_WITH_KNOTS('',2,(#16073,#16074,#16075),
 .UNSPECIFIED.,.F.,.F.,(3,3),(0.,1.),.PIECEWISE_BEZIER_KNOTS.);
#7729=B_SPLINE_CURVE_WITH_KNOTS('',2,(#16079,#16080,#16081),
 .UNSPECIFIED.,.F.,.F.,(3,3),(0.,1.),.PIECEWISE_BEZIER_KNOTS.);
#7730=B_SPLINE_CURVE_WITH_KNOTS('',2,(#16092,#16093,#16094),
 .UNSPECIFIED.,.F.,.F.,(3,3),(0.,1.),.PIECEWISE_BEZIER_KNOTS.);
#7731=B_SPLINE_CURVE_WITH_KNOTS('',2,(#16107,#16108,#16109),
 .UNSPECIFIED.,.F.,.F.,(3,3),(0.,1.),.PIECEWISE_BEZIER_KNOTS.);
#7732=B_SPLINE_CURVE_WITH_KNOTS('',2,(#16120,#16121,#16122),
 .UNSPECIFIED.,.F.,.F.,(3,3),(0.,1.),.PIECEWISE_BEZIER_KNOTS.);
#7733=B_SPLINE_CURVE_WITH_KNOTS('',2,(#16133,#16134,#16135),
 .UNSPECIFIED.,.F.,.F.,(3,3),(0.,1.),.PIECEWISE_BEZIER_KNOTS.);
#7734=B_SPLINE_CURVE_WITH_KNOTS('',2,(#16146,#16147,#16148),
 .UNSPECIFIED.,.F.,.F.,(3,3),(0.,1.),.PIECEWISE_BEZIER_KNOTS.);
#7735=B_SPLINE_CURVE_WITH_KNOTS('',2,(#16159,#16160,#16161),
 .UNSPECIFIED.,.F.,.F.,(3,3),(0.,1.),.PIECEWISE_BEZIER_KNOTS.);
#7736=B_SPLINE_CURVE_WITH_KNOTS('',2,(#16172,#16173,#16174),
 .UNSPECIFIED.,.F.,.F.,(3,3),(0.,1.),.PIECEWISE_BEZIER_KNOTS.);
#7737=B_SPLINE_CURVE_WITH_KNOTS('',2,(#16183,#16184,#16185),
 .UNSPECIFIED.,.F.,.F.,(3,3),(0.,1.),.PIECEWISE_BEZIER_KNOTS.);
#7738=B_SPLINE_CURVE_WITH_KNOTS('',2,(#16194,#16195,#16196),
 .UNSPECIFIED.,.F.,.F.,(3,3),(0.,1.),.PIECEWISE_BEZIER_KNOTS.);
#7739=B_SPLINE_CURVE_WITH_KNOTS('',2,(#16197,#16198,#16199),
 .UNSPECIFIED.,.F.,.F.,(3,3),(0.,1.),.PIECEWISE_BEZIER_KNOTS.);
#7740=B_SPLINE_CURVE_WITH_KNOTS('',2,(#16233,#16234,#16235),
 .UNSPECIFIED.,.F.,.F.,(3,3),(0.,1.),.PIECEWISE_BEZIER_KNOTS.);
#7741=B_SPLINE_CURVE_WITH_KNOTS('',2,(#16262,#16263,#16264),
 .UNSPECIFIED.,.F.,.F.,(3,3),(0.,1.),.PIECEWISE_BEZIER_KNOTS.);
#7742=B_SPLINE_CURVE_WITH_KNOTS('',2,(#16283,#16284,#16285),
 .UNSPECIFIED.,.F.,.F.,(3,3),(0.,1.),.PIECEWISE_BEZIER_KNOTS.);
#7743=B_SPLINE_CURVE_WITH_KNOTS('',2,(#16308,#16309,#16310),
 .UNSPECIFIED.,.F.,.F.,(3,3),(0.,1.),.PIECEWISE_BEZIER_KNOTS.);
#7744=B_SPLINE_CURVE_WITH_KNOTS('',2,(#16321,#16322,#16323),
 .UNSPECIFIED.,.F.,.F.,(3,3),(0.,1.),.PIECEWISE_BEZIER_KNOTS.);
#7745=B_SPLINE_CURVE_WITH_KNOTS('',2,(#16342,#16343,#16344),
 .UNSPECIFIED.,.F.,.F.,(3,3),(0.,1.),.PIECEWISE_BEZIER_KNOTS.);
#7746=B_SPLINE_CURVE_WITH_KNOTS('',2,(#16447,#16448,#16449),
 .UNSPECIFIED.,.F.,.F.,(3,3),(0.,1.),.PIECEWISE_BEZIER_KNOTS.);
#7747=B_SPLINE_CURVE_WITH_KNOTS('',2,(#16454,#16455,#16456),
 .UNSPECIFIED.,.F.,.F.,(3,3),(0.,1.),.PIECEWISE_BEZIER_KNOTS.);
#7748=B_SPLINE_CURVE_WITH_KNOTS('',2,(#16467,#16468,#16469),
 .UNSPECIFIED.,.F.,.F.,(3,3),(0.,1.),.PIECEWISE_BEZIER_KNOTS.);
#7749=B_SPLINE_CURVE_WITH_KNOTS('',2,(#16473,#16474,#16475),
 .UNSPECIFIED.,.F.,.F.,(3,3),(0.,1.),.PIECEWISE_BEZIER_KNOTS.);
#7750=B_SPLINE_CURVE_WITH_KNOTS('',2,(#16484,#16485,#16486),
 .UNSPECIFIED.,.F.,.F.,(3,3),(0.,1.),.PIECEWISE_BEZIER_KNOTS.);
#7751=B_SPLINE_CURVE_WITH_KNOTS('',2,(#16490,#16491,#16492),
 .UNSPECIFIED.,.F.,.F.,(3,3),(0.,1.),.PIECEWISE_BEZIER_KNOTS.);
#7752=B_SPLINE_CURVE_WITH_KNOTS('',2,(#16501,#16502,#16503),
 .UNSPECIFIED.,.F.,.F.,(3,3),(0.,1.),.PIECEWISE_BEZIER_KNOTS.);
#7753=B_SPLINE_CURVE_WITH_KNOTS('',2,(#16507,#16508,#16509),
 .UNSPECIFIED.,.F.,.F.,(3,3),(0.,1.),.PIECEWISE_BEZIER_KNOTS.);
#7754=B_SPLINE_CURVE_WITH_KNOTS('',2,(#16524,#16525,#16526),
 .UNSPECIFIED.,.F.,.F.,(3,3),(0.,1.),.PIECEWISE_BEZIER_KNOTS.);
#7755=B_SPLINE_CURVE_WITH_KNOTS('',2,(#16530,#16531,#16532),
 .UNSPECIFIED.,.F.,.F.,(3,3),(0.,1.),.PIECEWISE_BEZIER_KNOTS.);
#7756=B_SPLINE_CURVE_WITH_KNOTS('',2,(#16541,#16542,#16543),
 .UNSPECIFIED.,.F.,.F.,(3,3),(0.,1.),.PIECEWISE_BEZIER_KNOTS.);
#7757=B_SPLINE_CURVE_WITH_KNOTS('',2,(#16547,#16548,#16549),
 .UNSPECIFIED.,.F.,.F.,(3,3),(0.,1.),.PIECEWISE_BEZIER_KNOTS.);
#7758=B_SPLINE_CURVE_WITH_KNOTS('',2,(#16560,#16561,#16562),
 .UNSPECIFIED.,.F.,.F.,(3,3),(0.,1.),.PIECEWISE_BEZIER_KNOTS.);
#7759=B_SPLINE_CURVE_WITH_KNOTS('',2,(#16575,#16576,#16577),
 .UNSPECIFIED.,.F.,.F.,(3,3),(0.,1.),.PIECEWISE_BEZIER_KNOTS.);
#7760=B_SPLINE_CURVE_WITH_KNOTS('',2,(#16588,#16589,#16590),
 .UNSPECIFIED.,.F.,.F.,(3,3),(0.,1.),.PIECEWISE_BEZIER_KNOTS.);
#7761=B_SPLINE_CURVE_WITH_KNOTS('',2,(#16601,#16602,#16603),
 .UNSPECIFIED.,.F.,.F.,(3,3),(0.,1.),.PIECEWISE_BEZIER_KNOTS.);
#7762=B_SPLINE_CURVE_WITH_KNOTS('',2,(#16614,#16615,#16616),
 .UNSPECIFIED.,.F.,.F.,(3,3),(0.,1.),.PIECEWISE_BEZIER_KNOTS.);
#7763=B_SPLINE_CURVE_WITH_KNOTS('',2,(#16627,#16628,#16629),
 .UNSPECIFIED.,.F.,.F.,(3,3),(0.,1.),.PIECEWISE_BEZIER_KNOTS.);
#7764=B_SPLINE_CURVE_WITH_KNOTS('',2,(#16640,#16641,#16642),
 .UNSPECIFIED.,.F.,.F.,(3,3),(0.,1.),.PIECEWISE_BEZIER_KNOTS.);
#7765=B_SPLINE_CURVE_WITH_KNOTS('',2,(#16653,#16654,#16655),
 .UNSPECIFIED.,.F.,.F.,(3,3),(0.,1.),.PIECEWISE_BEZIER_KNOTS.);
#7766=B_SPLINE_CURVE_WITH_KNOTS('',2,(#16666,#16667,#16668),
 .UNSPECIFIED.,.F.,.F.,(3,3),(0.,1.),.PIECEWISE_BEZIER_KNOTS.);
#7767=B_SPLINE_CURVE_WITH_KNOTS('',2,(#16683,#16684,#16685),
 .UNSPECIFIED.,.F.,.F.,(3,3),(0.,1.),.PIECEWISE_BEZIER_KNOTS.);
#7768=B_SPLINE_CURVE_WITH_KNOTS('',2,(#16700,#16701,#16702),
 .UNSPECIFIED.,.F.,.F.,(3,3),(0.,1.),.PIECEWISE_BEZIER_KNOTS.);
#7769=B_SPLINE_CURVE_WITH_KNOTS('',2,(#16721,#16722,#16723),
 .UNSPECIFIED.,.F.,.F.,(3,3),(0.,1.),.PIECEWISE_BEZIER_KNOTS.);
#7770=B_SPLINE_CURVE_WITH_KNOTS('',2,(#16732,#16733,#16734),
 .UNSPECIFIED.,.F.,.F.,(3,3),(0.,1.),.PIECEWISE_BEZIER_KNOTS.);
#7771=B_SPLINE_CURVE_WITH_KNOTS('',2,(#16743,#16744,#16745),
 .UNSPECIFIED.,.F.,.F.,(3,3),(0.,1.),.PIECEWISE_BEZIER_KNOTS.);
#7772=B_SPLINE_CURVE_WITH_KNOTS('',2,(#16746,#16747,#16748),
 .UNSPECIFIED.,.F.,.F.,(3,3),(0.,1.),.PIECEWISE_BEZIER_KNOTS.);
#7773=B_SPLINE_CURVE_WITH_KNOTS('',2,(#16758,#16759,#16760),
 .UNSPECIFIED.,.F.,.F.,(3,3),(0.,1.),.PIECEWISE_BEZIER_KNOTS.);
#7774=B_SPLINE_CURVE_WITH_KNOTS('',2,(#16765,#16766,#16767),
 .UNSPECIFIED.,.F.,.F.,(3,3),(0.,1.),.PIECEWISE_BEZIER_KNOTS.);
#7775=B_SPLINE_CURVE_WITH_KNOTS('',2,(#16778,#16779,#16780),
 .UNSPECIFIED.,.F.,.F.,(3,3),(0.,1.),.PIECEWISE_BEZIER_KNOTS.);
#7776=B_SPLINE_CURVE_WITH_KNOTS('',2,(#16784,#16785,#16786),
 .UNSPECIFIED.,.F.,.F.,(3,3),(0.,1.),.PIECEWISE_BEZIER_KNOTS.);
#7777=B_SPLINE_CURVE_WITH_KNOTS('',2,(#16795,#16796,#16797),
 .UNSPECIFIED.,.F.,.F.,(3,3),(0.,1.),.PIECEWISE_BEZIER_KNOTS.);
#7778=B_SPLINE_CURVE_WITH_KNOTS('',2,(#16801,#16802,#16803),
 .UNSPECIFIED.,.F.,.F.,(3,3),(0.,1.),.PIECEWISE_BEZIER_KNOTS.);
#7779=B_SPLINE_CURVE_WITH_KNOTS('',2,(#16812,#16813,#16814),
 .UNSPECIFIED.,.F.,.F.,(3,3),(0.,1.),.PIECEWISE_BEZIER_KNOTS.);
#7780=B_SPLINE_CURVE_WITH_KNOTS('',2,(#16818,#16819,#16820),
 .UNSPECIFIED.,.F.,.F.,(3,3),(0.,1.),.PIECEWISE_BEZIER_KNOTS.);
#7781=B_SPLINE_CURVE_WITH_KNOTS('',2,(#16835,#16836,#16837),
 .UNSPECIFIED.,.F.,.F.,(3,3),(0.,1.),.PIECEWISE_BEZIER_KNOTS.);
#7782=B_SPLINE_CURVE_WITH_KNOTS('',2,(#16841,#16842,#16843),
 .UNSPECIFIED.,.F.,.F.,(3,3),(0.,1.),.PIECEWISE_BEZIER_KNOTS.);
#7783=B_SPLINE_CURVE_WITH_KNOTS('',2,(#16852,#16853,#16854),
 .UNSPECIFIED.,.F.,.F.,(3,3),(0.,1.),.PIECEWISE_BEZIER_KNOTS.);
#7784=B_SPLINE_CURVE_WITH_KNOTS('',2,(#16858,#16859,#16860),
 .UNSPECIFIED.,.F.,.F.,(3,3),(0.,1.),.PIECEWISE_BEZIER_KNOTS.);
#7785=B_SPLINE_CURVE_WITH_KNOTS('',2,(#16871,#16872,#16873),
 .UNSPECIFIED.,.F.,.F.,(3,3),(0.,1.),.PIECEWISE_BEZIER_KNOTS.);
#7786=B_SPLINE_CURVE_WITH_KNOTS('',2,(#16886,#16887,#16888),
 .UNSPECIFIED.,.F.,.F.,(3,3),(0.,1.),.PIECEWISE_BEZIER_KNOTS.);
#7787=B_SPLINE_CURVE_WITH_KNOTS('',2,(#16899,#16900,#16901),
 .UNSPECIFIED.,.F.,.F.,(3,3),(0.,1.),.PIECEWISE_BEZIER_KNOTS.);
#7788=B_SPLINE_CURVE_WITH_KNOTS('',2,(#16912,#16913,#16914),
 .UNSPECIFIED.,.F.,.F.,(3,3),(0.,1.),.PIECEWISE_BEZIER_KNOTS.);
#7789=B_SPLINE_CURVE_WITH_KNOTS('',2,(#16925,#16926,#16927),
 .UNSPECIFIED.,.F.,.F.,(3,3),(0.,1.),.PIECEWISE_BEZIER_KNOTS.);
#7790=B_SPLINE_CURVE_WITH_KNOTS('',2,(#16938,#16939,#16940),
 .UNSPECIFIED.,.F.,.F.,(3,3),(0.,1.),.PIECEWISE_BEZIER_KNOTS.);
#7791=B_SPLINE_CURVE_WITH_KNOTS('',2,(#16951,#16952,#16953),
 .UNSPECIFIED.,.F.,.F.,(3,3),(0.,1.),.PIECEWISE_BEZIER_KNOTS.);
#7792=B_SPLINE_CURVE_WITH_KNOTS('',2,(#16964,#16965,#16966),
 .UNSPECIFIED.,.F.,.F.,(3,3),(0.,1.),.PIECEWISE_BEZIER_KNOTS.);
#7793=B_SPLINE_CURVE_WITH_KNOTS('',2,(#16977,#16978,#16979),
 .UNSPECIFIED.,.F.,.F.,(3,3),(0.,1.),.PIECEWISE_BEZIER_KNOTS.);
#7794=B_SPLINE_CURVE_WITH_KNOTS('',2,(#16990,#16991,#16992),
 .UNSPECIFIED.,.F.,.F.,(3,3),(0.,1.),.PIECEWISE_BEZIER_KNOTS.);
#7795=B_SPLINE_CURVE_WITH_KNOTS('',2,(#17007,#17008,#17009),
 .UNSPECIFIED.,.F.,.F.,(3,3),(0.,1.),.PIECEWISE_BEZIER_KNOTS.);
#7796=B_SPLINE_CURVE_WITH_KNOTS('',2,(#17024,#17025,#17026),
 .UNSPECIFIED.,.F.,.F.,(3,3),(0.,1.),.PIECEWISE_BEZIER_KNOTS.);
#7797=B_SPLINE_CURVE_WITH_KNOTS('',2,(#17045,#17046,#17047),
 .UNSPECIFIED.,.F.,.F.,(3,3),(0.,1.),.PIECEWISE_BEZIER_KNOTS.);
#7798=B_SPLINE_CURVE_WITH_KNOTS('',2,(#17056,#17057,#17058),
 .UNSPECIFIED.,.F.,.F.,(3,3),(0.,1.),.PIECEWISE_BEZIER_KNOTS.);
#7799=B_SPLINE_CURVE_WITH_KNOTS('',2,(#17067,#17068,#17069),
 .UNSPECIFIED.,.F.,.F.,(3,3),(0.,1.),.PIECEWISE_BEZIER_KNOTS.);
#7800=B_SPLINE_CURVE_WITH_KNOTS('',2,(#17070,#17071,#17072),
 .UNSPECIFIED.,.F.,.F.,(3,3),(0.,1.),.PIECEWISE_BEZIER_KNOTS.);
#7801=B_SPLINE_CURVE_WITH_KNOTS('',2,(#17175,#17176,#17177),
 .UNSPECIFIED.,.F.,.F.,(3,3),(0.,1.),.PIECEWISE_BEZIER_KNOTS.);
#7802=B_SPLINE_CURVE_WITH_KNOTS('',2,(#17202,#17203,#17204),
 .UNSPECIFIED.,.F.,.F.,(3,3),(0.,1.),.PIECEWISE_BEZIER_KNOTS.);
#7803=B_SPLINE_CURVE_WITH_KNOTS('',2,(#17215,#17216,#17217),
 .UNSPECIFIED.,.F.,.F.,(3,3),(0.,1.),.PIECEWISE_BEZIER_KNOTS.);
#7804=B_SPLINE_CURVE_WITH_KNOTS('',2,(#17228,#17229,#17230),
 .UNSPECIFIED.,.F.,.F.,(3,3),(0.,1.),.PIECEWISE_BEZIER_KNOTS.);
#7805=B_SPLINE_CURVE_WITH_KNOTS('',2,(#17241,#17242,#17243),
 .UNSPECIFIED.,.F.,.F.,(3,3),(0.,1.),.PIECEWISE_BEZIER_KNOTS.);
#7806=B_SPLINE_CURVE_WITH_KNOTS('',2,(#17254,#17255,#17256),
 .UNSPECIFIED.,.F.,.F.,(3,3),(0.,1.),.PIECEWISE_BEZIER_KNOTS.);
#7807=B_SPLINE_CURVE_WITH_KNOTS('',2,(#17267,#17268,#17269),
 .UNSPECIFIED.,.F.,.F.,(3,3),(0.,1.),.PIECEWISE_BEZIER_KNOTS.);
#7808=B_SPLINE_CURVE_WITH_KNOTS('',2,(#17280,#17281,#17282),
 .UNSPECIFIED.,.F.,.F.,(3,3),(0.,1.),.PIECEWISE_BEZIER_KNOTS.);
#7809=B_SPLINE_CURVE_WITH_KNOTS('',2,(#17297,#17298,#17299),
 .UNSPECIFIED.,.F.,.F.,(3,3),(0.,1.),.PIECEWISE_BEZIER_KNOTS.);
#7810=B_SPLINE_CURVE_WITH_KNOTS('',2,(#17310,#17311,#17312),
 .UNSPECIFIED.,.F.,.F.,(3,3),(0.,1.),.PIECEWISE_BEZIER_KNOTS.);
#7811=B_SPLINE_CURVE_WITH_KNOTS('',2,(#17321,#17322,#17323),
 .UNSPECIFIED.,.F.,.F.,(3,3),(0.,1.),.PIECEWISE_BEZIER_KNOTS.);
#7812=B_SPLINE_CURVE_WITH_KNOTS('',2,(#17447,#17448,#17449),
 .UNSPECIFIED.,.F.,.F.,(3,3),(0.,1.),.PIECEWISE_BEZIER_KNOTS.);
#7813=B_SPLINE_CURVE_WITH_KNOTS('',2,(#17460,#17461,#17462),
 .UNSPECIFIED.,.F.,.F.,(3,3),(0.,1.),.PIECEWISE_BEZIER_KNOTS.);
#7814=B_SPLINE_CURVE_WITH_KNOTS('',2,(#17473,#17474,#17475),
 .UNSPECIFIED.,.F.,.F.,(3,3),(0.,1.),.PIECEWISE_BEZIER_KNOTS.);
#7815=B_SPLINE_CURVE_WITH_KNOTS('',2,(#17486,#17487,#17488),
 .UNSPECIFIED.,.F.,.F.,(3,3),(0.,1.),.PIECEWISE_BEZIER_KNOTS.);
#7816=B_SPLINE_CURVE_WITH_KNOTS('',2,(#17511,#17512,#17513),
 .UNSPECIFIED.,.F.,.F.,(3,3),(0.,1.),.PIECEWISE_BEZIER_KNOTS.);
#7817=B_SPLINE_CURVE_WITH_KNOTS('',2,(#17524,#17525,#17526),
 .UNSPECIFIED.,.F.,.F.,(3,3),(0.,1.),.PIECEWISE_BEZIER_KNOTS.);
#7818=B_SPLINE_CURVE_WITH_KNOTS('',2,(#17537,#17538,#17539),
 .UNSPECIFIED.,.F.,.F.,(3,3),(0.,1.),.PIECEWISE_BEZIER_KNOTS.);
#7819=B_SPLINE_CURVE_WITH_KNOTS('',2,(#17550,#17551,#17552),
 .UNSPECIFIED.,.F.,.F.,(3,3),(0.,1.),.PIECEWISE_BEZIER_KNOTS.);
#7820=B_SPLINE_CURVE_WITH_KNOTS('',2,(#17636,#17637,#17638),
 .UNSPECIFIED.,.F.,.F.,(3,3),(0.,1.),.PIECEWISE_BEZIER_KNOTS.);
#7821=B_SPLINE_CURVE_WITH_KNOTS('',2,(#17642,#17643,#17644),
 .UNSPECIFIED.,.F.,.F.,(3,3),(0.,1.),.PIECEWISE_BEZIER_KNOTS.);
#7822=B_SPLINE_CURVE_WITH_KNOTS('',2,(#17653,#17654,#17655),
 .UNSPECIFIED.,.F.,.F.,(3,3),(0.,1.),.PIECEWISE_BEZIER_KNOTS.);
#7823=B_SPLINE_CURVE_WITH_KNOTS('',2,(#17659,#17660,#17661),
 .UNSPECIFIED.,.F.,.F.,(3,3),(0.,1.),.PIECEWISE_BEZIER_KNOTS.);
#7824=B_SPLINE_CURVE_WITH_KNOTS('',2,(#17670,#17671,#17672),
 .UNSPECIFIED.,.F.,.F.,(3,3),(0.,1.),.PIECEWISE_BEZIER_KNOTS.);
#7825=B_SPLINE_CURVE_WITH_KNOTS('',2,(#17676,#17677,#17678),
 .UNSPECIFIED.,.F.,.F.,(3,3),(0.,1.),.PIECEWISE_BEZIER_KNOTS.);
#7826=B_SPLINE_CURVE_WITH_KNOTS('',2,(#17708,#17709,#17710),
 .UNSPECIFIED.,.F.,.F.,(3,3),(0.,1.),.PIECEWISE_BEZIER_KNOTS.);
#7827=B_SPLINE_CURVE_WITH_KNOTS('',2,(#17714,#17715,#17716),
 .UNSPECIFIED.,.F.,.F.,(3,3),(0.,1.),.PIECEWISE_BEZIER_KNOTS.);
#7828=B_SPLINE_CURVE_WITH_KNOTS('',2,(#17725,#17726,#17727),
 .UNSPECIFIED.,.F.,.F.,(3,3),(0.,1.),.PIECEWISE_BEZIER_KNOTS.);
#7829=B_SPLINE_CURVE_WITH_KNOTS('',2,(#17731,#17732,#17733),
 .UNSPECIFIED.,.F.,.F.,(3,3),(0.,1.),.PIECEWISE_BEZIER_KNOTS.);
#7830=B_SPLINE_CURVE_WITH_KNOTS('',2,(#17742,#17743,#17744),
 .UNSPECIFIED.,.F.,.F.,(3,3),(0.,1.),.PIECEWISE_BEZIER_KNOTS.);
#7831=B_SPLINE_CURVE_WITH_KNOTS('',2,(#17748,#17749,#17750),
 .UNSPECIFIED.,.F.,.F.,(3,3),(0.,1.),.PIECEWISE_BEZIER_KNOTS.);
#7832=B_SPLINE_CURVE_WITH_KNOTS('',2,(#17775,#17776,#17777),
 .UNSPECIFIED.,.F.,.F.,(3,3),(0.,1.),.PIECEWISE_BEZIER_KNOTS.);
#7833=B_SPLINE_CURVE_WITH_KNOTS('',2,(#17788,#17789,#17790),
 .UNSPECIFIED.,.F.,.F.,(3,3),(0.,1.),.PIECEWISE_BEZIER_KNOTS.);
#7834=B_SPLINE_CURVE_WITH_KNOTS('',2,(#17801,#17802,#17803),
 .UNSPECIFIED.,.F.,.F.,(3,3),(0.,1.),.PIECEWISE_BEZIER_KNOTS.);
#7835=B_SPLINE_CURVE_WITH_KNOTS('',2,(#17814,#17815,#17816),
 .UNSPECIFIED.,.F.,.F.,(3,3),(0.,1.),.PIECEWISE_BEZIER_KNOTS.);
#7836=B_SPLINE_CURVE_WITH_KNOTS('',2,(#17835,#17836,#17837),
 .UNSPECIFIED.,.F.,.F.,(3,3),(0.,1.),.PIECEWISE_BEZIER_KNOTS.);
#7837=B_SPLINE_CURVE_WITH_KNOTS('',2,(#17848,#17849,#17850),
 .UNSPECIFIED.,.F.,.F.,(3,3),(0.,1.),.PIECEWISE_BEZIER_KNOTS.);
#7838=B_SPLINE_CURVE_WITH_KNOTS('',2,(#17859,#17860,#17861),
 .UNSPECIFIED.,.F.,.F.,(3,3),(0.,1.),.PIECEWISE_BEZIER_KNOTS.);
#7839=B_SPLINE_CURVE_WITH_KNOTS('',2,(#17862,#17863,#17864),
 .UNSPECIFIED.,.F.,.F.,(3,3),(0.,1.),.PIECEWISE_BEZIER_KNOTS.);
#7840=B_SPLINE_CURVE_WITH_KNOTS('',2,(#17873,#17874,#17875),
 .UNSPECIFIED.,.F.,.F.,(3,3),(0.,1.),.PIECEWISE_BEZIER_KNOTS.);
#7841=B_SPLINE_CURVE_WITH_KNOTS('',2,(#17889,#17890,#17891),
 .UNSPECIFIED.,.F.,.F.,(3,3),(0.,1.),.PIECEWISE_BEZIER_KNOTS.);
#7842=B_SPLINE_CURVE_WITH_KNOTS('',2,(#17896,#17897,#17898),
 .UNSPECIFIED.,.F.,.F.,(3,3),(0.,1.),.PIECEWISE_BEZIER_KNOTS.);
#7843=B_SPLINE_CURVE_WITH_KNOTS('',2,(#17909,#17910,#17911),
 .UNSPECIFIED.,.F.,.F.,(3,3),(0.,1.),.PIECEWISE_BEZIER_KNOTS.);
#7844=B_SPLINE_CURVE_WITH_KNOTS('',2,(#17915,#17916,#17917),
 .UNSPECIFIED.,.F.,.F.,(3,3),(0.,1.),.PIECEWISE_BEZIER_KNOTS.);
#7845=B_SPLINE_CURVE_WITH_KNOTS('',2,(#17940,#17941,#17942),
 .UNSPECIFIED.,.F.,.F.,(3,3),(0.,1.),.PIECEWISE_BEZIER_KNOTS.);
#7846=B_SPLINE_CURVE_WITH_KNOTS('',2,(#17955,#17956,#17957),
 .UNSPECIFIED.,.F.,.F.,(3,3),(0.,1.),.PIECEWISE_BEZIER_KNOTS.);
#7847=B_SPLINE_CURVE_WITH_KNOTS('',2,(#17968,#17969,#17970),
 .UNSPECIFIED.,.F.,.F.,(3,3),(0.,1.),.PIECEWISE_BEZIER_KNOTS.);
#7848=B_SPLINE_CURVE_WITH_KNOTS('',2,(#17991,#17992,#17993),
 .UNSPECIFIED.,.F.,.F.,(3,3),(0.,1.),.PIECEWISE_BEZIER_KNOTS.);
#7849=B_SPLINE_CURVE_WITH_KNOTS('',2,(#18021,#18022,#18023),
 .UNSPECIFIED.,.F.,.F.,(3,3),(0.,1.),.PIECEWISE_BEZIER_KNOTS.);
#7850=B_SPLINE_CURVE_WITH_KNOTS('',2,(#18027,#18028,#18029),
 .UNSPECIFIED.,.F.,.F.,(3,3),(0.,1.),.PIECEWISE_BEZIER_KNOTS.);
#7851=EDGE_LOOP('',(#2230,#2231,#2232,#2233,#2234,#2235,#2236));
#7852=EDGE_LOOP('',(#2237,#2238,#2239,#2240,#2241,#2242,#2243,#2244,#2245,
#2246,#2247,#2248));
#7853=EDGE_LOOP('',(#2249,#2250,#2251,#2252,#2253,#2254,#2255,#2256,#2257,
#2258,#2259,#2260,#2261,#2262,#2263,#2264,#2265,#2266,#2267));
#7854=EDGE_LOOP('',(#2268,#2269,#2270,#2271,#2272,#2273,#2274,#2275,#2276,
#2277));
#7855=EDGE_LOOP('',(#2278,#2279,#2280,#2281,#2282,#2283,#2284,#2285,#2286,
#2287,#2288,#2289));
#7856=EDGE_LOOP('',(#2290,#2291,#2292,#2293,#2294,#2295,#2296,#2297,#2298,
#2299,#2300,#2301,#2302,#2303,#2304));
#7857=EDGE_LOOP('',(#2305,#2306,#2307,#2308,#2309,#2310,#2311,#2312,#2313,
#2314,#2315,#2316,#2317,#2318,#2319,#2320,#2321,#2322,#2323,#2324,#2325,
#2326,#2327,#2328));
#7858=EDGE_LOOP('',(#2329,#2330,#2331,#2332,#2333,#2334,#2335,#2336,#2337,
#2338));
#7859=EDGE_LOOP('',(#2339,#2340,#2341,#2342,#2343,#2344,#2345,#2346,#2347,
#2348,#2349,#2350,#2351,#2352,#2353,#2354,#2355,#2356));
#7860=EDGE_LOOP('',(#2357,#2358,#2359,#2360,#2361,#2362,#2363,#2364,#2365,
#2366,#2367));
#7861=EDGE_LOOP('',(#2368,#2369,#2370,#2371,#2372,#2373,#2374,#2375,#2376,
#2377,#2378,#2379,#2380,#2381,#2382,#2383));
#7862=EDGE_LOOP('',(#2384));
#7863=EDGE_LOOP('',(#2385));
#7864=EDGE_LOOP('',(#2386));
#7865=EDGE_LOOP('',(#2387));
#7866=EDGE_LOOP('',(#2388));
#7867=EDGE_LOOP('',(#2389));
#7868=EDGE_LOOP('',(#2390));
#7869=EDGE_LOOP('',(#2391));
#7870=EDGE_LOOP('',(#2392));
#7871=EDGE_LOOP('',(#2393));
#7872=EDGE_LOOP('',(#2394));
#7873=EDGE_LOOP('',(#2395));
#7874=EDGE_LOOP('',(#2396));
#7875=EDGE_LOOP('',(#2397));
#7876=EDGE_LOOP('',(#2398));
#7877=EDGE_LOOP('',(#2399));
#7878=EDGE_LOOP('',(#2400));
#7879=EDGE_LOOP('',(#2401));
#7880=EDGE_LOOP('',(#2402));
#7881=EDGE_LOOP('',(#2403));
#7882=EDGE_LOOP('',(#2404));
#7883=EDGE_LOOP('',(#2405));
#7884=EDGE_LOOP('',(#2406));
#7885=EDGE_LOOP('',(#2407));
#7886=EDGE_LOOP('',(#2408));
#7887=EDGE_LOOP('',(#2409));
#7888=EDGE_LOOP('',(#2410));
#7889=EDGE_LOOP('',(#2411));
#7890=EDGE_LOOP('',(#2412));
#7891=EDGE_LOOP('',(#2413));
#7892=EDGE_LOOP('',(#2414));
#7893=EDGE_LOOP('',(#2415));
#7894=EDGE_LOOP('',(#2416));
#7895=EDGE_LOOP('',(#2417));
#7896=EDGE_LOOP('',(#2418));
#7897=EDGE_LOOP('',(#2419));
#7898=EDGE_LOOP('',(#2420));
#7899=EDGE_LOOP('',(#2421));
#7900=EDGE_LOOP('',(#2422));
#7901=EDGE_LOOP('',(#2423));
#7902=EDGE_LOOP('',(#2424));
#7903=EDGE_LOOP('',(#2425));
#7904=EDGE_LOOP('',(#2426));
#7905=EDGE_LOOP('',(#2427));
#7906=EDGE_LOOP('',(#2428));
#7907=EDGE_LOOP('',(#2429));
#7908=EDGE_LOOP('',(#2430));
#7909=EDGE_LOOP('',(#2431));
#7910=EDGE_LOOP('',(#2432));
#7911=EDGE_LOOP('',(#2433));
#7912=EDGE_LOOP('',(#2434));
#7913=EDGE_LOOP('',(#2435));
#7914=EDGE_LOOP('',(#2436));
#7915=EDGE_LOOP('',(#2437));
#7916=EDGE_LOOP('',(#2438));
#7917=EDGE_LOOP('',(#2439));
#7918=EDGE_LOOP('',(#2440));
#7919=EDGE_LOOP('',(#2441));
#7920=EDGE_LOOP('',(#2442));
#7921=EDGE_LOOP('',(#2443));
#7922=EDGE_LOOP('',(#2444));
#7923=EDGE_LOOP('',(#2445));
#7924=EDGE_LOOP('',(#2446));
#7925=EDGE_LOOP('',(#2447));
#7926=EDGE_LOOP('',(#2448));
#7927=EDGE_LOOP('',(#2449));
#7928=EDGE_LOOP('',(#2450));
#7929=EDGE_LOOP('',(#2451));
#7930=EDGE_LOOP('',(#2452));
#7931=EDGE_LOOP('',(#2453));
#7932=EDGE_LOOP('',(#2454));
#7933=EDGE_LOOP('',(#2455));
#7934=EDGE_LOOP('',(#2456));
#7935=EDGE_LOOP('',(#2457));
#7936=EDGE_LOOP('',(#2458));
#7937=EDGE_LOOP('',(#2459));
#7938=EDGE_LOOP('',(#2460));
#7939=EDGE_LOOP('',(#2461));
#7940=EDGE_LOOP('',(#2462));
#7941=EDGE_LOOP('',(#2463));
#7942=EDGE_LOOP('',(#2464));
#7943=EDGE_LOOP('',(#2465));
#7944=EDGE_LOOP('',(#2466));
#7945=EDGE_LOOP('',(#2467));
#7946=EDGE_LOOP('',(#2468));
#7947=EDGE_LOOP('',(#2469));
#7948=EDGE_LOOP('',(#2470));
#7949=EDGE_LOOP('',(#2471));
#7950=EDGE_LOOP('',(#2472));
#7951=EDGE_LOOP('',(#2473));
#7952=EDGE_LOOP('',(#2474));
#7953=EDGE_LOOP('',(#2475));
#7954=EDGE_LOOP('',(#2476));
#7955=EDGE_LOOP('',(#2477));
#7956=EDGE_LOOP('',(#2478));
#7957=EDGE_LOOP('',(#2479));
#7958=EDGE_LOOP('',(#2480,#2481,#2482,#2483,#2484,#2485,#2486,#2487,#2488,
#2489,#2490,#2491,#2492,#2493,#2494,#2495,#2496,#2497,#2498,#2499,#2500,
#2501,#2502,#2503));
#7959=EDGE_LOOP('',(#2504,#2505,#2506,#2507,#2508,#2509,#2510,#2511,#2512,
#2513,#2514,#2515,#2516,#2517,#2518,#2519,#2520,#2521,#2522,#2523,#2524,
#2525,#2526,#2527,#2528,#2529,#2530));
#7960=EDGE_LOOP('',(#2531,#2532,#2533,#2534,#2535,#2536,#2537,#2538,#2539,
#2540,#2541,#2542,#2543,#2544,#2545,#2546,#2547,#2548,#2549,#2550));
#7961=EDGE_LOOP('',(#2551,#2552,#2553,#2554,#2555,#2556,#2557));
#7962=EDGE_LOOP('',(#2558,#2559,#2560,#2561,#2562,#2563,#2564,#2565,#2566,
#2567));
#7963=EDGE_LOOP('',(#2568,#2569,#2570,#2571,#2572,#2573,#2574,#2575,#2576,
#2577));
#7964=EDGE_LOOP('',(#2578,#2579,#2580,#2581,#2582,#2583,#2584,#2585,#2586,
#2587));
#7965=EDGE_LOOP('',(#2588,#2589,#2590,#2591,#2592,#2593,#2594,#2595,#2596,
#2597));
#7966=EDGE_LOOP('',(#2598,#2599,#2600,#2601,#2602,#2603,#2604,#2605));
#7967=EDGE_LOOP('',(#2606,#2607,#2608,#2609,#2610,#2611,#2612,#2613,#2614,
#2615,#2616,#2617,#2618,#2619,#2620,#2621,#2622,#2623,#2624,#2625,#2626,
#2627,#2628,#2629));
#7968=EDGE_LOOP('',(#2630,#2631,#2632,#2633,#2634,#2635,#2636,#2637,#2638,
#2639,#2640,#2641,#2642,#2643,#2644,#2645,#2646));
#7969=EDGE_LOOP('',(#2647));
#7970=EDGE_LOOP('',(#2648,#2649,#2650,#2651,#2652,#2653,#2654,#2655,#2656,
#2657,#2658,#2659));
#7971=EDGE_LOOP('',(#2660,#2661,#2662,#2663,#2664,#2665,#2666,#2667));
#7972=EDGE_LOOP('',(#2668,#2669,#2670,#2671,#2672,#2673,#2674,#2675,#2676,
#2677,#2678,#2679));
#7973=EDGE_LOOP('',(#2680));
#7974=EDGE_LOOP('',(#2681));
#7975=EDGE_LOOP('',(#2682));
#7976=EDGE_LOOP('',(#2683));
#7977=EDGE_LOOP('',(#2684));
#7978=EDGE_LOOP('',(#2685));
#7979=EDGE_LOOP('',(#2686));
#7980=EDGE_LOOP('',(#2687));
#7981=EDGE_LOOP('',(#2688));
#7982=EDGE_LOOP('',(#2689));
#7983=EDGE_LOOP('',(#2690));
#7984=EDGE_LOOP('',(#2691));
#7985=EDGE_LOOP('',(#2692));
#7986=EDGE_LOOP('',(#2693));
#7987=EDGE_LOOP('',(#2694));
#7988=EDGE_LOOP('',(#2695));
#7989=EDGE_LOOP('',(#2696));
#7990=EDGE_LOOP('',(#2697));
#7991=EDGE_LOOP('',(#2698));
#7992=EDGE_LOOP('',(#2699));
#7993=EDGE_LOOP('',(#2700));
#7994=EDGE_LOOP('',(#2701));
#7995=EDGE_LOOP('',(#2702));
#7996=EDGE_LOOP('',(#2703));
#7997=EDGE_LOOP('',(#2704));
#7998=EDGE_LOOP('',(#2705));
#7999=EDGE_LOOP('',(#2706));
#8000=EDGE_LOOP('',(#2707));
#8001=EDGE_LOOP('',(#2708));
#8002=EDGE_LOOP('',(#2709));
#8003=EDGE_LOOP('',(#2710));
#8004=EDGE_LOOP('',(#2711));
#8005=EDGE_LOOP('',(#2712));
#8006=EDGE_LOOP('',(#2713));
#8007=EDGE_LOOP('',(#2714));
#8008=EDGE_LOOP('',(#2715));
#8009=EDGE_LOOP('',(#2716));
#8010=EDGE_LOOP('',(#2717));
#8011=EDGE_LOOP('',(#2718));
#8012=EDGE_LOOP('',(#2719));
#8013=EDGE_LOOP('',(#2720));
#8014=EDGE_LOOP('',(#2721));
#8015=EDGE_LOOP('',(#2722));
#8016=EDGE_LOOP('',(#2723));
#8017=EDGE_LOOP('',(#2724));
#8018=EDGE_LOOP('',(#2725));
#8019=EDGE_LOOP('',(#2726));
#8020=EDGE_LOOP('',(#2727));
#8021=EDGE_LOOP('',(#2728));
#8022=EDGE_LOOP('',(#2729));
#8023=EDGE_LOOP('',(#2730));
#8024=EDGE_LOOP('',(#2731));
#8025=EDGE_LOOP('',(#2732));
#8026=EDGE_LOOP('',(#2733));
#8027=EDGE_LOOP('',(#2734));
#8028=EDGE_LOOP('',(#2735));
#8029=EDGE_LOOP('',(#2736));
#8030=EDGE_LOOP('',(#2737));
#8031=EDGE_LOOP('',(#2738));
#8032=EDGE_LOOP('',(#2739));
#8033=EDGE_LOOP('',(#2740));
#8034=EDGE_LOOP('',(#2741));
#8035=EDGE_LOOP('',(#2742));
#8036=EDGE_LOOP('',(#2743));
#8037=EDGE_LOOP('',(#2744));
#8038=EDGE_LOOP('',(#2745));
#8039=EDGE_LOOP('',(#2746));
#8040=EDGE_LOOP('',(#2747));
#8041=EDGE_LOOP('',(#2748));
#8042=EDGE_LOOP('',(#2749));
#8043=EDGE_LOOP('',(#2750));
#8044=EDGE_LOOP('',(#2751));
#8045=EDGE_LOOP('',(#2752));
#8046=EDGE_LOOP('',(#2753));
#8047=EDGE_LOOP('',(#2754));
#8048=EDGE_LOOP('',(#2755));
#8049=EDGE_LOOP('',(#2756));
#8050=EDGE_LOOP('',(#2757));
#8051=EDGE_LOOP('',(#2758));
#8052=EDGE_LOOP('',(#2759));
#8053=EDGE_LOOP('',(#2760));
#8054=EDGE_LOOP('',(#2761));
#8055=EDGE_LOOP('',(#2762));
#8056=EDGE_LOOP('',(#2763));
#8057=EDGE_LOOP('',(#2764));
#8058=EDGE_LOOP('',(#2765));
#8059=EDGE_LOOP('',(#2766));
#8060=EDGE_LOOP('',(#2767));
#8061=EDGE_LOOP('',(#2768));
#8062=EDGE_LOOP('',(#2769));
#8063=EDGE_LOOP('',(#2770));
#8064=EDGE_LOOP('',(#2771));
#8065=EDGE_LOOP('',(#2772));
#8066=EDGE_LOOP('',(#2773));
#8067=EDGE_LOOP('',(#2774));
#8068=EDGE_LOOP('',(#2775));
#8069=EDGE_LOOP('',(#2776));
#8070=EDGE_LOOP('',(#2777));
#8071=EDGE_LOOP('',(#2778));
#8072=EDGE_LOOP('',(#2779));
#8073=EDGE_LOOP('',(#2780));
#8074=EDGE_LOOP('',(#2781));
#8075=EDGE_LOOP('',(#2782));
#8076=EDGE_LOOP('',(#2783));
#8077=EDGE_LOOP('',(#2784));
#8078=EDGE_LOOP('',(#2785));
#8079=EDGE_LOOP('',(#2786));
#8080=EDGE_LOOP('',(#2787,#2788,#2789,#2790,#2791,#2792,#2793,#2794));
#8081=EDGE_LOOP('',(#2795));
#8082=EDGE_LOOP('',(#2796));
#8083=EDGE_LOOP('',(#2797));
#8084=EDGE_LOOP('',(#2798));
#8085=EDGE_LOOP('',(#2799));
#8086=EDGE_LOOP('',(#2800));
#8087=EDGE_LOOP('',(#2801));
#8088=EDGE_LOOP('',(#2802));
#8089=EDGE_LOOP('',(#2803));
#8090=EDGE_LOOP('',(#2804));
#8091=EDGE_LOOP('',(#2805));
#8092=EDGE_LOOP('',(#2806));
#8093=EDGE_LOOP('',(#2807));
#8094=EDGE_LOOP('',(#2808));
#8095=EDGE_LOOP('',(#2809));
#8096=EDGE_LOOP('',(#2810));
#8097=EDGE_LOOP('',(#2811));
#8098=EDGE_LOOP('',(#2812));
#8099=EDGE_LOOP('',(#2813));
#8100=EDGE_LOOP('',(#2814));
#8101=EDGE_LOOP('',(#2815));
#8102=EDGE_LOOP('',(#2816));
#8103=EDGE_LOOP('',(#2817));
#8104=EDGE_LOOP('',(#2818));
#8105=EDGE_LOOP('',(#2819));
#8106=EDGE_LOOP('',(#2820));
#8107=EDGE_LOOP('',(#2821));
#8108=EDGE_LOOP('',(#2822));
#8109=EDGE_LOOP('',(#2823));
#8110=EDGE_LOOP('',(#2824));
#8111=EDGE_LOOP('',(#2825));
#8112=EDGE_LOOP('',(#2826));
#8113=EDGE_LOOP('',(#2827));
#8114=EDGE_LOOP('',(#2828));
#8115=EDGE_LOOP('',(#2829));
#8116=EDGE_LOOP('',(#2830));
#8117=EDGE_LOOP('',(#2831));
#8118=EDGE_LOOP('',(#2832));
#8119=EDGE_LOOP('',(#2833));
#8120=EDGE_LOOP('',(#2834));
#8121=EDGE_LOOP('',(#2835));
#8122=EDGE_LOOP('',(#2836));
#8123=EDGE_LOOP('',(#2837));
#8124=EDGE_LOOP('',(#2838));
#8125=EDGE_LOOP('',(#2839));
#8126=EDGE_LOOP('',(#2840));
#8127=EDGE_LOOP('',(#2841));
#8128=EDGE_LOOP('',(#2842));
#8129=EDGE_LOOP('',(#2843));
#8130=EDGE_LOOP('',(#2844));
#8131=EDGE_LOOP('',(#2845));
#8132=EDGE_LOOP('',(#2846));
#8133=EDGE_LOOP('',(#2847));
#8134=EDGE_LOOP('',(#2848));
#8135=EDGE_LOOP('',(#2849));
#8136=EDGE_LOOP('',(#2850));
#8137=EDGE_LOOP('',(#2851));
#8138=EDGE_LOOP('',(#2852));
#8139=EDGE_LOOP('',(#2853));
#8140=EDGE_LOOP('',(#2854));
#8141=EDGE_LOOP('',(#2855));
#8142=EDGE_LOOP('',(#2856));
#8143=EDGE_LOOP('',(#2857));
#8144=EDGE_LOOP('',(#2858));
#8145=EDGE_LOOP('',(#2859));
#8146=EDGE_LOOP('',(#2860));
#8147=EDGE_LOOP('',(#2861));
#8148=EDGE_LOOP('',(#2862));
#8149=EDGE_LOOP('',(#2863));
#8150=EDGE_LOOP('',(#2864));
#8151=EDGE_LOOP('',(#2865));
#8152=EDGE_LOOP('',(#2866));
#8153=EDGE_LOOP('',(#2867));
#8154=EDGE_LOOP('',(#2868));
#8155=EDGE_LOOP('',(#2869));
#8156=EDGE_LOOP('',(#2870));
#8157=EDGE_LOOP('',(#2871));
#8158=EDGE_LOOP('',(#2872));
#8159=EDGE_LOOP('',(#2873));
#8160=EDGE_LOOP('',(#2874));
#8161=EDGE_LOOP('',(#2875));
#8162=EDGE_LOOP('',(#2876));
#8163=EDGE_LOOP('',(#2877));
#8164=EDGE_LOOP('',(#2878));
#8165=EDGE_LOOP('',(#2879));
#8166=EDGE_LOOP('',(#2880));
#8167=EDGE_LOOP('',(#2881));
#8168=EDGE_LOOP('',(#2882));
#8169=EDGE_LOOP('',(#2883));
#8170=EDGE_LOOP('',(#2884));
#8171=EDGE_LOOP('',(#2885));
#8172=EDGE_LOOP('',(#2886));
#8173=EDGE_LOOP('',(#2887));
#8174=EDGE_LOOP('',(#2888));
#8175=EDGE_LOOP('',(#2889));
#8176=EDGE_LOOP('',(#2890));
#8177=EDGE_LOOP('',(#2891));
#8178=EDGE_LOOP('',(#2892));
#8179=EDGE_LOOP('',(#2893));
#8180=EDGE_LOOP('',(#2894));
#8181=EDGE_LOOP('',(#2895));
#8182=EDGE_LOOP('',(#2896));
#8183=EDGE_LOOP('',(#2897));
#8184=EDGE_LOOP('',(#2898));
#8185=EDGE_LOOP('',(#2899));
#8186=EDGE_LOOP('',(#2900));
#8187=EDGE_LOOP('',(#2901));
#8188=EDGE_LOOP('',(#2902));
#8189=EDGE_LOOP('',(#2903));
#8190=EDGE_LOOP('',(#2904));
#8191=EDGE_LOOP('',(#2905));
#8192=EDGE_LOOP('',(#2906));
#8193=EDGE_LOOP('',(#2907));
#8194=EDGE_LOOP('',(#2908));
#8195=EDGE_LOOP('',(#2909));
#8196=EDGE_LOOP('',(#2910));
#8197=EDGE_LOOP('',(#2911));
#8198=EDGE_LOOP('',(#2912));
#8199=EDGE_LOOP('',(#2913));
#8200=EDGE_LOOP('',(#2914));
#8201=EDGE_LOOP('',(#2915));
#8202=EDGE_LOOP('',(#2916));
#8203=EDGE_LOOP('',(#2917));
#8204=EDGE_LOOP('',(#2918));
#8205=EDGE_LOOP('',(#2919));
#8206=EDGE_LOOP('',(#2920));
#8207=EDGE_LOOP('',(#2921));
#8208=EDGE_LOOP('',(#2922));
#8209=EDGE_LOOP('',(#2923));
#8210=EDGE_LOOP('',(#2924));
#8211=EDGE_LOOP('',(#2925));
#8212=EDGE_LOOP('',(#2926));
#8213=EDGE_LOOP('',(#2927));
#8214=EDGE_LOOP('',(#2928));
#8215=EDGE_LOOP('',(#2929));
#8216=EDGE_LOOP('',(#2930));
#8217=EDGE_LOOP('',(#2931));
#8218=EDGE_LOOP('',(#2932));
#8219=EDGE_LOOP('',(#2933));
#8220=EDGE_LOOP('',(#2934));
#8221=EDGE_LOOP('',(#2935));
#8222=EDGE_LOOP('',(#2936));
#8223=EDGE_LOOP('',(#2937));
#8224=EDGE_LOOP('',(#2938));
#8225=EDGE_LOOP('',(#2939));
#8226=EDGE_LOOP('',(#2940));
#8227=EDGE_LOOP('',(#2941));
#8228=EDGE_LOOP('',(#2942));
#8229=EDGE_LOOP('',(#2943));
#8230=EDGE_LOOP('',(#2944));
#8231=EDGE_LOOP('',(#2945));
#8232=EDGE_LOOP('',(#2946));
#8233=EDGE_LOOP('',(#2947));
#8234=EDGE_LOOP('',(#2948));
#8235=EDGE_LOOP('',(#2949));
#8236=EDGE_LOOP('',(#2950));
#8237=EDGE_LOOP('',(#2951));
#8238=EDGE_LOOP('',(#2952));
#8239=EDGE_LOOP('',(#2953));
#8240=EDGE_LOOP('',(#2954));
#8241=EDGE_LOOP('',(#2955));
#8242=EDGE_LOOP('',(#2956));
#8243=EDGE_LOOP('',(#2957));
#8244=EDGE_LOOP('',(#2958));
#8245=EDGE_LOOP('',(#2959));
#8246=EDGE_LOOP('',(#2960));
#8247=EDGE_LOOP('',(#2961));
#8248=EDGE_LOOP('',(#2962));
#8249=EDGE_LOOP('',(#2963));
#8250=EDGE_LOOP('',(#2964));
#8251=EDGE_LOOP('',(#2965));
#8252=EDGE_LOOP('',(#2966));
#8253=EDGE_LOOP('',(#2967));
#8254=EDGE_LOOP('',(#2968));
#8255=EDGE_LOOP('',(#2969));
#8256=EDGE_LOOP('',(#2970));
#8257=EDGE_LOOP('',(#2971));
#8258=EDGE_LOOP('',(#2972));
#8259=EDGE_LOOP('',(#2973));
#8260=EDGE_LOOP('',(#2974));
#8261=EDGE_LOOP('',(#2975));
#8262=EDGE_LOOP('',(#2976));
#8263=EDGE_LOOP('',(#2977));
#8264=EDGE_LOOP('',(#2978));
#8265=EDGE_LOOP('',(#2979));
#8266=EDGE_LOOP('',(#2980));
#8267=EDGE_LOOP('',(#2981));
#8268=EDGE_LOOP('',(#2982));
#8269=EDGE_LOOP('',(#2983));
#8270=EDGE_LOOP('',(#2984));
#8271=EDGE_LOOP('',(#2985));
#8272=EDGE_LOOP('',(#2986));
#8273=EDGE_LOOP('',(#2987,#2988,#2989,#2990));
#8274=EDGE_LOOP('',(#2991,#2992,#2993,#2994,#2995,#2996,#2997,#2998,#2999,
#3000,#3001,#3002));
#8275=EDGE_LOOP('',(#3003,#3004,#3005,#3006));
#8276=EDGE_LOOP('',(#3007,#3008,#3009,#3010));
#8277=EDGE_LOOP('',(#3011,#3012,#3013,#3014));
#8278=EDGE_LOOP('',(#3015,#3016,#3017,#3018));
#8279=EDGE_LOOP('',(#3019,#3020,#3021,#3022));
#8280=EDGE_LOOP('',(#3023));
#8281=EDGE_LOOP('',(#3024));
#8282=EDGE_LOOP('',(#3025,#3026,#3027,#3028));
#8283=EDGE_LOOP('',(#3029,#3030,#3031,#3032));
#8284=EDGE_LOOP('',(#3033,#3034,#3035,#3036));
#8285=EDGE_LOOP('',(#3037,#3038,#3039,#3040));
#8286=EDGE_LOOP('',(#3041,#3042,#3043,#3044));
#8287=EDGE_LOOP('',(#3045,#3046,#3047,#3048));
#8288=EDGE_LOOP('',(#3049,#3050,#3051,#3052));
#8289=EDGE_LOOP('',(#3053,#3054,#3055,#3056));
#8290=EDGE_LOOP('',(#3057,#3058,#3059,#3060));
#8291=EDGE_LOOP('',(#3061,#3062,#3063,#3064));
#8292=EDGE_LOOP('',(#3065,#3066,#3067,#3068));
#8293=EDGE_LOOP('',(#3069,#3070,#3071,#3072));
#8294=EDGE_LOOP('',(#3073,#3074,#3075,#3076));
#8295=EDGE_LOOP('',(#3077,#3078,#3079,#3080));
#8296=EDGE_LOOP('',(#3081,#3082,#3083,#3084));
#8297=EDGE_LOOP('',(#3085,#3086,#3087,#3088));
#8298=EDGE_LOOP('',(#3089,#3090,#3091,#3092));
#8299=EDGE_LOOP('',(#3093,#3094,#3095,#3096));
#8300=EDGE_LOOP('',(#3097,#3098,#3099,#3100));
#8301=EDGE_LOOP('',(#3101,#3102,#3103,#3104));
#8302=EDGE_LOOP('',(#3105,#3106,#3107,#3108));
#8303=EDGE_LOOP('',(#3109,#3110,#3111,#3112));
#8304=EDGE_LOOP('',(#3113,#3114,#3115,#3116));
#8305=EDGE_LOOP('',(#3117,#3118,#3119,#3120));
#8306=EDGE_LOOP('',(#3121,#3122,#3123,#3124,#3125,#3126,#3127,#3128,#3129,
#3130,#3131,#3132,#3133,#3134,#3135,#3136,#3137,#3138,#3139,#3140,#3141,
#3142,#3143,#3144));
#8307=EDGE_LOOP('',(#3145,#3146,#3147,#3148));
#8308=EDGE_LOOP('',(#3149,#3150,#3151,#3152));
#8309=EDGE_LOOP('',(#3153,#3154,#3155,#3156));
#8310=EDGE_LOOP('',(#3157,#3158,#3159,#3160));
#8311=EDGE_LOOP('',(#3161,#3162,#3163,#3164));
#8312=EDGE_LOOP('',(#3165,#3166,#3167,#3168));
#8313=EDGE_LOOP('',(#3169,#3170,#3171,#3172));
#8314=EDGE_LOOP('',(#3173,#3174,#3175,#3176));
#8315=EDGE_LOOP('',(#3177,#3178,#3179,#3180));
#8316=EDGE_LOOP('',(#3181,#3182,#3183,#3184));
#8317=EDGE_LOOP('',(#3185,#3186,#3187,#3188));
#8318=EDGE_LOOP('',(#3189,#3190,#3191,#3192));
#8319=EDGE_LOOP('',(#3193,#3194,#3195,#3196));
#8320=EDGE_LOOP('',(#3197,#3198,#3199,#3200));
#8321=EDGE_LOOP('',(#3201,#3202,#3203,#3204));
#8322=EDGE_LOOP('',(#3205,#3206,#3207,#3208));
#8323=EDGE_LOOP('',(#3209,#3210,#3211,#3212));
#8324=EDGE_LOOP('',(#3213,#3214,#3215,#3216));
#8325=EDGE_LOOP('',(#3217,#3218,#3219,#3220));
#8326=EDGE_LOOP('',(#3221,#3222,#3223,#3224));
#8327=EDGE_LOOP('',(#3225,#3226,#3227,#3228));
#8328=EDGE_LOOP('',(#3229,#3230,#3231,#3232));
#8329=EDGE_LOOP('',(#3233,#3234,#3235,#3236));
#8330=EDGE_LOOP('',(#3237,#3238,#3239,#3240));
#8331=EDGE_LOOP('',(#3241,#3242,#3243,#3244));
#8332=EDGE_LOOP('',(#3245,#3246,#3247,#3248));
#8333=EDGE_LOOP('',(#3249,#3250,#3251,#3252));
#8334=EDGE_LOOP('',(#3253,#3254,#3255,#3256,#3257,#3258,#3259,#3260,#3261,
#3262,#3263,#3264,#3265,#3266,#3267,#3268,#3269,#3270,#3271,#3272,#3273,
#3274,#3275,#3276,#3277,#3278,#3279));
#8335=EDGE_LOOP('',(#3280,#3281,#3282,#3283));
#8336=EDGE_LOOP('',(#3284,#3285,#3286,#3287));
#8337=EDGE_LOOP('',(#3288,#3289,#3290,#3291));
#8338=EDGE_LOOP('',(#3292,#3293,#3294,#3295));
#8339=EDGE_LOOP('',(#3296,#3297,#3298,#3299));
#8340=EDGE_LOOP('',(#3300,#3301,#3302,#3303));
#8341=EDGE_LOOP('',(#3304,#3305,#3306,#3307));
#8342=EDGE_LOOP('',(#3308,#3309,#3310,#3311));
#8343=EDGE_LOOP('',(#3312,#3313,#3314,#3315));
#8344=EDGE_LOOP('',(#3316,#3317,#3318,#3319));
#8345=EDGE_LOOP('',(#3320,#3321,#3322,#3323));
#8346=EDGE_LOOP('',(#3324,#3325,#3326,#3327));
#8347=EDGE_LOOP('',(#3328,#3329,#3330,#3331));
#8348=EDGE_LOOP('',(#3332,#3333,#3334,#3335));
#8349=EDGE_LOOP('',(#3336,#3337,#3338,#3339));
#8350=EDGE_LOOP('',(#3340,#3341,#3342,#3343));
#8351=EDGE_LOOP('',(#3344,#3345,#3346,#3347));
#8352=EDGE_LOOP('',(#3348,#3349,#3350,#3351));
#8353=EDGE_LOOP('',(#3352,#3353,#3354,#3355));
#8354=EDGE_LOOP('',(#3356,#3357,#3358,#3359));
#8355=EDGE_LOOP('',(#3360,#3361,#3362,#3363,#3364,#3365,#3366,#3367,#3368,
#3369,#3370,#3371,#3372,#3373,#3374,#3375,#3376,#3377,#3378,#3379));
#8356=EDGE_LOOP('',(#3380,#3381,#3382,#3383));
#8357=EDGE_LOOP('',(#3384,#3385,#3386,#3387));
#8358=EDGE_LOOP('',(#3388,#3389,#3390,#3391));
#8359=EDGE_LOOP('',(#3392,#3393,#3394,#3395));
#8360=EDGE_LOOP('',(#3396,#3397,#3398,#3399));
#8361=EDGE_LOOP('',(#3400,#3401,#3402,#3403));
#8362=EDGE_LOOP('',(#3404,#3405,#3406,#3407));
#8363=EDGE_LOOP('',(#3408,#3409,#3410,#3411,#3412,#3413,#3414));
#8364=EDGE_LOOP('',(#3415,#3416,#3417,#3418));
#8365=EDGE_LOOP('',(#3419,#3420,#3421,#3422));
#8366=EDGE_LOOP('',(#3423,#3424,#3425,#3426));
#8367=EDGE_LOOP('',(#3427,#3428,#3429,#3430));
#8368=EDGE_LOOP('',(#3431,#3432,#3433,#3434));
#8369=EDGE_LOOP('',(#3435,#3436,#3437,#3438));
#8370=EDGE_LOOP('',(#3439,#3440,#3441,#3442));
#8371=EDGE_LOOP('',(#3443,#3444,#3445,#3446));
#8372=EDGE_LOOP('',(#3447,#3448,#3449,#3450));
#8373=EDGE_LOOP('',(#3451,#3452,#3453,#3454));
#8374=EDGE_LOOP('',(#3455,#3456,#3457,#3458,#3459,#3460,#3461,#3462,#3463,
#3464));
#8375=EDGE_LOOP('',(#3465,#3466,#3467,#3468));
#8376=EDGE_LOOP('',(#3469,#3470,#3471,#3472));
#8377=EDGE_LOOP('',(#3473,#3474,#3475,#3476));
#8378=EDGE_LOOP('',(#3477,#3478,#3479,#3480));
#8379=EDGE_LOOP('',(#3481,#3482,#3483,#3484));
#8380=EDGE_LOOP('',(#3485,#3486,#3487,#3488));
#8381=EDGE_LOOP('',(#3489,#3490,#3491,#3492));
#8382=EDGE_LOOP('',(#3493,#3494,#3495,#3496));
#8383=EDGE_LOOP('',(#3497,#3498,#3499,#3500));
#8384=EDGE_LOOP('',(#3501,#3502,#3503,#3504));
#8385=EDGE_LOOP('',(#3505,#3506,#3507,#3508,#3509,#3510,#3511,#3512,#3513,
#3514));
#8386=EDGE_LOOP('',(#3515,#3516,#3517,#3518));
#8387=EDGE_LOOP('',(#3519,#3520,#3521,#3522));
#8388=EDGE_LOOP('',(#3523,#3524,#3525,#3526));
#8389=EDGE_LOOP('',(#3527,#3528,#3529,#3530));
#8390=EDGE_LOOP('',(#3531,#3532,#3533,#3534));
#8391=EDGE_LOOP('',(#3535,#3536,#3537,#3538));
#8392=EDGE_LOOP('',(#3539,#3540,#3541,#3542));
#8393=EDGE_LOOP('',(#3543,#3544,#3545,#3546));
#8394=EDGE_LOOP('',(#3547,#3548,#3549,#3550));
#8395=EDGE_LOOP('',(#3551,#3552,#3553,#3554));
#8396=EDGE_LOOP('',(#3555,#3556,#3557,#3558,#3559,#3560,#3561,#3562,#3563,
#3564));
#8397=EDGE_LOOP('',(#3565,#3566,#3567,#3568));
#8398=EDGE_LOOP('',(#3569,#3570,#3571,#3572));
#8399=EDGE_LOOP('',(#3573,#3574,#3575,#3576));
#8400=EDGE_LOOP('',(#3577,#3578,#3579,#3580));
#8401=EDGE_LOOP('',(#3581,#3582,#3583,#3584));
#8402=EDGE_LOOP('',(#3585,#3586,#3587,#3588));
#8403=EDGE_LOOP('',(#3589,#3590,#3591,#3592));
#8404=EDGE_LOOP('',(#3593,#3594,#3595,#3596));
#8405=EDGE_LOOP('',(#3597,#3598,#3599,#3600));
#8406=EDGE_LOOP('',(#3601,#3602,#3603,#3604));
#8407=EDGE_LOOP('',(#3605,#3606,#3607,#3608,#3609,#3610,#3611,#3612,#3613,
#3614));
#8408=EDGE_LOOP('',(#3615,#3616,#3617,#3618));
#8409=EDGE_LOOP('',(#3619,#3620,#3621,#3622));
#8410=EDGE_LOOP('',(#3623,#3624,#3625,#3626));
#8411=EDGE_LOOP('',(#3627,#3628,#3629,#3630));
#8412=EDGE_LOOP('',(#3631,#3632,#3633,#3634));
#8413=EDGE_LOOP('',(#3635,#3636,#3637,#3638));
#8414=EDGE_LOOP('',(#3639,#3640,#3641,#3642));
#8415=EDGE_LOOP('',(#3643,#3644,#3645,#3646));
#8416=EDGE_LOOP('',(#3647,#3648,#3649,#3650));
#8417=EDGE_LOOP('',(#3651,#3652,#3653,#3654));
#8418=EDGE_LOOP('',(#3655,#3656,#3657,#3658));
#8419=EDGE_LOOP('',(#3659,#3660,#3661,#3662));
#8420=EDGE_LOOP('',(#3663,#3664,#3665,#3666));
#8421=EDGE_LOOP('',(#3667,#3668,#3669,#3670));
#8422=EDGE_LOOP('',(#3671,#3672,#3673,#3674));
#8423=EDGE_LOOP('',(#3675,#3676,#3677,#3678));
#8424=EDGE_LOOP('',(#3679,#3680,#3681,#3682));
#8425=EDGE_LOOP('',(#3683,#3684,#3685,#3686));
#8426=EDGE_LOOP('',(#3687,#3688,#3689,#3690));
#8427=EDGE_LOOP('',(#3691,#3692,#3693,#3694));
#8428=EDGE_LOOP('',(#3695,#3696,#3697,#3698));
#8429=EDGE_LOOP('',(#3699,#3700,#3701,#3702));
#8430=EDGE_LOOP('',(#3703,#3704,#3705,#3706));
#8431=EDGE_LOOP('',(#3707,#3708,#3709,#3710));
#8432=EDGE_LOOP('',(#3711,#3712,#3713,#3714));
#8433=EDGE_LOOP('',(#3715,#3716,#3717,#3718));
#8434=EDGE_LOOP('',(#3719,#3720,#3721,#3722));
#8435=EDGE_LOOP('',(#3723,#3724,#3725,#3726));
#8436=EDGE_LOOP('',(#3727,#3728,#3729,#3730));
#8437=EDGE_LOOP('',(#3731,#3732,#3733,#3734));
#8438=EDGE_LOOP('',(#3735,#3736,#3737,#3738));
#8439=EDGE_LOOP('',(#3739,#3740,#3741,#3742,#3743,#3744,#3745,#3746,#3747,
#3748,#3749,#3750,#3751,#3752,#3753,#3754));
#8440=EDGE_LOOP('',(#3755,#3756,#3757,#3758,#3759,#3760,#3761));
#8441=EDGE_LOOP('',(#3762,#3763,#3764,#3765,#3766,#3767,#3768,#3769));
#8442=EDGE_LOOP('',(#3770,#3771,#3772,#3773,#3774,#3775,#3776));
#8443=EDGE_LOOP('',(#3777,#3778,#3779,#3780));
#8444=EDGE_LOOP('',(#3781,#3782,#3783,#3784));
#8445=EDGE_LOOP('',(#3785,#3786,#3787,#3788));
#8446=EDGE_LOOP('',(#3789,#3790,#3791,#3792));
#8447=EDGE_LOOP('',(#3793,#3794,#3795,#3796));
#8448=EDGE_LOOP('',(#3797,#3798,#3799,#3800));
#8449=EDGE_LOOP('',(#3801,#3802,#3803,#3804));
#8450=EDGE_LOOP('',(#3805,#3806,#3807,#3808));
#8451=EDGE_LOOP('',(#3809,#3810,#3811,#3812));
#8452=EDGE_LOOP('',(#3813,#3814,#3815,#3816));
#8453=EDGE_LOOP('',(#3817,#3818,#3819,#3820));
#8454=EDGE_LOOP('',(#3821,#3822,#3823,#3824));
#8455=EDGE_LOOP('',(#3825,#3826,#3827,#3828));
#8456=EDGE_LOOP('',(#3829,#3830,#3831,#3832));
#8457=EDGE_LOOP('',(#3833,#3834,#3835,#3836));
#8458=EDGE_LOOP('',(#3837,#3838,#3839,#3840));
#8459=EDGE_LOOP('',(#3841,#3842,#3843,#3844,#3845,#3846,#3847,#3848));
#8460=EDGE_LOOP('',(#3849,#3850,#3851,#3852,#3853,#3854,#3855,#3856));
#8461=EDGE_LOOP('',(#3857,#3858,#3859,#3860));
#8462=EDGE_LOOP('',(#3861,#3862,#3863,#3864));
#8463=EDGE_LOOP('',(#3865,#3866,#3867,#3868));
#8464=EDGE_LOOP('',(#3869,#3870,#3871,#3872));
#8465=EDGE_LOOP('',(#3873,#3874,#3875,#3876));
#8466=EDGE_LOOP('',(#3877,#3878,#3879,#3880));
#8467=EDGE_LOOP('',(#3881,#3882,#3883,#3884));
#8468=EDGE_LOOP('',(#3885,#3886,#3887,#3888));
#8469=EDGE_LOOP('',(#3889,#3890,#3891,#3892));
#8470=EDGE_LOOP('',(#3893,#3894,#3895,#3896));
#8471=EDGE_LOOP('',(#3897,#3898,#3899,#3900));
#8472=EDGE_LOOP('',(#3901,#3902,#3903,#3904));
#8473=EDGE_LOOP('',(#3905,#3906,#3907,#3908));
#8474=EDGE_LOOP('',(#3909,#3910,#3911,#3912));
#8475=EDGE_LOOP('',(#3913,#3914,#3915,#3916));
#8476=EDGE_LOOP('',(#3917,#3918,#3919,#3920));
#8477=EDGE_LOOP('',(#3921,#3922,#3923,#3924));
#8478=EDGE_LOOP('',(#3925,#3926,#3927,#3928));
#8479=EDGE_LOOP('',(#3929,#3930,#3931,#3932));
#8480=EDGE_LOOP('',(#3933,#3934,#3935,#3936));
#8481=EDGE_LOOP('',(#3937,#3938,#3939,#3940));
#8482=EDGE_LOOP('',(#3941,#3942,#3943,#3944));
#8483=EDGE_LOOP('',(#3945,#3946,#3947,#3948));
#8484=EDGE_LOOP('',(#3949,#3950,#3951,#3952));
#8485=EDGE_LOOP('',(#3953,#3954,#3955,#3956,#3957,#3958,#3959,#3960,#3961,
#3962,#3963,#3964,#3965,#3966,#3967,#3968,#3969,#3970,#3971,#3972,#3973,
#3974,#3975,#3976));
#8486=EDGE_LOOP('',(#3977,#3978,#3979,#3980));
#8487=EDGE_LOOP('',(#3981,#3982,#3983,#3984));
#8488=EDGE_LOOP('',(#3985,#3986,#3987,#3988));
#8489=EDGE_LOOP('',(#3989,#3990,#3991,#3992));
#8490=EDGE_LOOP('',(#3993,#3994,#3995,#3996));
#8491=EDGE_LOOP('',(#3997,#3998,#3999,#4000));
#8492=EDGE_LOOP('',(#4001,#4002,#4003,#4004));
#8493=EDGE_LOOP('',(#4005,#4006,#4007,#4008));
#8494=EDGE_LOOP('',(#4009,#4010,#4011,#4012));
#8495=EDGE_LOOP('',(#4013,#4014,#4015,#4016));
#8496=EDGE_LOOP('',(#4017,#4018,#4019,#4020));
#8497=EDGE_LOOP('',(#4021,#4022,#4023,#4024));
#8498=EDGE_LOOP('',(#4025,#4026,#4027,#4028));
#8499=EDGE_LOOP('',(#4029,#4030,#4031,#4032));
#8500=EDGE_LOOP('',(#4033,#4034,#4035,#4036));
#8501=EDGE_LOOP('',(#4037,#4038,#4039,#4040));
#8502=EDGE_LOOP('',(#4041,#4042,#4043,#4044));
#8503=EDGE_LOOP('',(#4045,#4046,#4047,#4048));
#8504=EDGE_LOOP('',(#4049,#4050,#4051,#4052,#4053,#4054,#4055,#4056,#4057,
#4058,#4059));
#8505=EDGE_LOOP('',(#4060,#4061,#4062,#4063,#4064,#4065,#4066));
#8506=EDGE_LOOP('',(#4067,#4068,#4069,#4070));
#8507=EDGE_LOOP('',(#4071,#4072,#4073,#4074));
#8508=EDGE_LOOP('',(#4075,#4076,#4077,#4078));
#8509=EDGE_LOOP('',(#4079,#4080,#4081,#4082));
#8510=EDGE_LOOP('',(#4083,#4084,#4085,#4086));
#8511=EDGE_LOOP('',(#4087,#4088,#4089,#4090));
#8512=EDGE_LOOP('',(#4091,#4092,#4093,#4094));
#8513=EDGE_LOOP('',(#4095,#4096,#4097,#4098));
#8514=EDGE_LOOP('',(#4099,#4100,#4101,#4102));
#8515=EDGE_LOOP('',(#4103,#4104,#4105,#4106));
#8516=EDGE_LOOP('',(#4107,#4108,#4109,#4110));
#8517=EDGE_LOOP('',(#4111,#4112,#4113,#4114));
#8518=EDGE_LOOP('',(#4115,#4116,#4117,#4118));
#8519=EDGE_LOOP('',(#4119,#4120,#4121,#4122));
#8520=EDGE_LOOP('',(#4123,#4124,#4125,#4126));
#8521=EDGE_LOOP('',(#4127,#4128,#4129,#4130));
#8522=EDGE_LOOP('',(#4131,#4132,#4133,#4134));
#8523=EDGE_LOOP('',(#4135,#4136,#4137,#4138));
#8524=EDGE_LOOP('',(#4139,#4140,#4141,#4142));
#8525=EDGE_LOOP('',(#4143,#4144,#4145,#4146));
#8526=EDGE_LOOP('',(#4147,#4148,#4149,#4150));
#8527=EDGE_LOOP('',(#4151,#4152,#4153,#4154));
#8528=EDGE_LOOP('',(#4155,#4156,#4157,#4158));
#8529=EDGE_LOOP('',(#4159,#4160,#4161,#4162));
#8530=EDGE_LOOP('',(#4163,#4164,#4165,#4166));
#8531=EDGE_LOOP('',(#4167,#4168,#4169,#4170,#4171,#4172,#4173,#4174,#4175,
#4176,#4177,#4178,#4179,#4180,#4181,#4182,#4183));
#8532=EDGE_LOOP('',(#4184,#4185,#4186,#4187,#4188,#4189,#4190,#4191));
#8533=EDGE_LOOP('',(#4192,#4193,#4194,#4195));
#8534=EDGE_LOOP('',(#4196,#4197,#4198,#4199));
#8535=EDGE_LOOP('',(#4200,#4201,#4202,#4203));
#8536=EDGE_LOOP('',(#4204,#4205,#4206,#4207));
#8537=EDGE_LOOP('',(#4208,#4209,#4210,#4211));
#8538=EDGE_LOOP('',(#4212,#4213,#4214,#4215));
#8539=EDGE_LOOP('',(#4216,#4217,#4218,#4219));
#8540=EDGE_LOOP('',(#4220,#4221,#4222,#4223));
#8541=EDGE_LOOP('',(#4224,#4225,#4226,#4227));
#8542=EDGE_LOOP('',(#4228,#4229,#4230,#4231));
#8543=EDGE_LOOP('',(#4232,#4233,#4234,#4235));
#8544=EDGE_LOOP('',(#4236,#4237,#4238,#4239));
#8545=EDGE_LOOP('',(#4240,#4241,#4242,#4243));
#8546=EDGE_LOOP('',(#4244,#4245,#4246,#4247));
#8547=EDGE_LOOP('',(#4248,#4249,#4250,#4251));
#8548=EDGE_LOOP('',(#4252,#4253,#4254,#4255));
#8549=EDGE_LOOP('',(#4256,#4257,#4258,#4259));
#8550=EDGE_LOOP('',(#4260,#4261,#4262,#4263));
#8551=EDGE_LOOP('',(#4264,#4265,#4266,#4267));
#8552=EDGE_LOOP('',(#4268,#4269,#4270,#4271));
#8553=EDGE_LOOP('',(#4272,#4273,#4274,#4275));
#8554=EDGE_LOOP('',(#4276,#4277,#4278,#4279));
#8555=EDGE_LOOP('',(#4280,#4281,#4282,#4283));
#8556=EDGE_LOOP('',(#4284,#4285,#4286,#4287));
#8557=EDGE_LOOP('',(#4288,#4289,#4290,#4291));
#8558=EDGE_LOOP('',(#4292,#4293,#4294,#4295));
#8559=EDGE_LOOP('',(#4296,#4297,#4298,#4299,#4300,#4301,#4302,#4303,#4304,
#4305,#4306,#4307,#4308,#4309,#4310,#4311,#4312,#4313));
#8560=EDGE_LOOP('',(#4314,#4315,#4316,#4317,#4318,#4319,#4320,#4321));
#8561=EDGE_LOOP('',(#4322,#4323,#4324,#4325));
#8562=EDGE_LOOP('',(#4326,#4327,#4328,#4329));
#8563=EDGE_LOOP('',(#4330,#4331,#4332,#4333));
#8564=EDGE_LOOP('',(#4334,#4335,#4336,#4337));
#8565=EDGE_LOOP('',(#4338,#4339,#4340,#4341));
#8566=EDGE_LOOP('',(#4342,#4343,#4344,#4345));
#8567=EDGE_LOOP('',(#4346,#4347,#4348,#4349));
#8568=EDGE_LOOP('',(#4350,#4351,#4352,#4353));
#8569=EDGE_LOOP('',(#4354,#4355,#4356,#4357));
#8570=EDGE_LOOP('',(#4358,#4359,#4360,#4361));
#8571=EDGE_LOOP('',(#4362,#4363,#4364,#4365,#4366,#4367,#4368,#4369,#4370,
#4371));
#8572=EDGE_LOOP('',(#4372,#4373,#4374,#4375,#4376,#4377,#4378,#4379));
#8573=EDGE_LOOP('',(#4380,#4381,#4382,#4383,#4384,#4385,#4386,#4387));
#8574=EDGE_LOOP('',(#4388,#4389,#4390,#4391,#4392,#4393,#4394));
#8575=EDGE_LOOP('',(#4395,#4396,#4397,#4398,#4399,#4400,#4401,#4402));
#8576=EDGE_LOOP('',(#4403,#4404,#4405,#4406,#4407,#4408,#4409,#4410));
#8577=EDGE_LOOP('',(#4411));
#8578=EDGE_LOOP('',(#4412));
#8579=EDGE_LOOP('',(#4413,#4414,#4415,#4416));
#8580=EDGE_LOOP('',(#4417,#4418,#4419,#4420));
#8581=EDGE_LOOP('',(#4421,#4422,#4423,#4424));
#8582=EDGE_LOOP('',(#4425));
#8583=EDGE_LOOP('',(#4426,#4427,#4428,#4429));
#8584=EDGE_LOOP('',(#4430,#4431,#4432,#4433));
#8585=EDGE_LOOP('',(#4434,#4435,#4436,#4437));
#8586=EDGE_LOOP('',(#4438,#4439,#4440,#4441));
#8587=EDGE_LOOP('',(#4442));
#8588=EDGE_LOOP('',(#4443,#4444,#4445,#4446));
#8589=EDGE_LOOP('',(#4447,#4448,#4449,#4450));
#8590=EDGE_LOOP('',(#4451));
#8591=EDGE_LOOP('',(#4452,#4453,#4454,#4455));
#8592=EDGE_LOOP('',(#4456,#4457,#4458,#4459));
#8593=EDGE_LOOP('',(#4460,#4461,#4462,#4463));
#8594=EDGE_LOOP('',(#4464,#4465,#4466,#4467));
#8595=EDGE_LOOP('',(#4468));
#8596=EDGE_LOOP('',(#4469,#4470,#4471,#4472));
#8597=EDGE_LOOP('',(#4473,#4474,#4475,#4476));
#8598=EDGE_LOOP('',(#4477,#4478,#4479,#4480));
#8599=EDGE_LOOP('',(#4481,#4482,#4483,#4484));
#8600=EDGE_LOOP('',(#4485,#4486,#4487,#4488));
#8601=EDGE_LOOP('',(#4489,#4490,#4491,#4492));
#8602=EDGE_LOOP('',(#4493,#4494,#4495,#4496));
#8603=EDGE_LOOP('',(#4497,#4498,#4499,#4500));
#8604=EDGE_LOOP('',(#4501,#4502,#4503,#4504));
#8605=EDGE_LOOP('',(#4505,#4506,#4507,#4508));
#8606=EDGE_LOOP('',(#4509,#4510,#4511,#4512));
#8607=EDGE_LOOP('',(#4513,#4514,#4515,#4516));
#8608=EDGE_LOOP('',(#4517,#4518,#4519,#4520));
#8609=EDGE_LOOP('',(#4521,#4522,#4523,#4524));
#8610=EDGE_LOOP('',(#4525,#4526,#4527,#4528));
#8611=EDGE_LOOP('',(#4529,#4530,#4531,#4532));
#8612=EDGE_LOOP('',(#4533,#4534,#4535,#4536));
#8613=EDGE_LOOP('',(#4537,#4538,#4539,#4540));
#8614=EDGE_LOOP('',(#4541,#4542,#4543,#4544,#4545,#4546,#4547,#4548,#4549,
#4550,#4551,#4552,#4553,#4554,#4555));
#8615=EDGE_LOOP('',(#4556,#4557,#4558,#4559));
#8616=EDGE_LOOP('',(#4560,#4561,#4562,#4563));
#8617=EDGE_LOOP('',(#4564,#4565,#4566,#4567));
#8618=EDGE_LOOP('',(#4568,#4569,#4570,#4571));
#8619=EDGE_LOOP('',(#4572,#4573,#4574,#4575));
#8620=EDGE_LOOP('',(#4576,#4577,#4578,#4579));
#8621=EDGE_LOOP('',(#4580,#4581,#4582,#4583));
#8622=EDGE_LOOP('',(#4584,#4585,#4586,#4587));
#8623=EDGE_LOOP('',(#4588,#4589,#4590,#4591));
#8624=EDGE_LOOP('',(#4592,#4593,#4594,#4595));
#8625=EDGE_LOOP('',(#4596,#4597,#4598,#4599));
#8626=EDGE_LOOP('',(#4600,#4601,#4602,#4603));
#8627=EDGE_LOOP('',(#4604,#4605,#4606,#4607,#4608,#4609,#4610,#4611,#4612,
#4613,#4614,#4615));
#8628=EDGE_LOOP('',(#4616,#4617,#4618,#4619));
#8629=EDGE_LOOP('',(#4620,#4621,#4622,#4623));
#8630=EDGE_LOOP('',(#4624,#4625,#4626,#4627));
#8631=EDGE_LOOP('',(#4628,#4629,#4630,#4631));
#8632=EDGE_LOOP('',(#4632,#4633,#4634,#4635));
#8633=EDGE_LOOP('',(#4636,#4637,#4638,#4639));
#8634=EDGE_LOOP('',(#4640,#4641,#4642,#4643));
#8635=EDGE_LOOP('',(#4644,#4645,#4646,#4647));
#8636=EDGE_LOOP('',(#4648,#4649,#4650,#4651));
#8637=EDGE_LOOP('',(#4652,#4653,#4654,#4655));
#8638=EDGE_LOOP('',(#4656,#4657,#4658,#4659,#4660,#4661,#4662,#4663,#4664,
#4665));
#8639=EDGE_LOOP('',(#4666,#4667,#4668,#4669));
#8640=EDGE_LOOP('',(#4670,#4671,#4672,#4673));
#8641=EDGE_LOOP('',(#4674,#4675,#4676,#4677));
#8642=EDGE_LOOP('',(#4678,#4679,#4680,#4681));
#8643=EDGE_LOOP('',(#4682,#4683,#4684,#4685));
#8644=EDGE_LOOP('',(#4686,#4687,#4688,#4689));
#8645=EDGE_LOOP('',(#4690,#4691,#4692,#4693));
#8646=EDGE_LOOP('',(#4694,#4695,#4696,#4697));
#8647=EDGE_LOOP('',(#4698,#4699,#4700,#4701));
#8648=EDGE_LOOP('',(#4702,#4703,#4704,#4705));
#8649=EDGE_LOOP('',(#4706,#4707,#4708,#4709));
#8650=EDGE_LOOP('',(#4710,#4711,#4712,#4713));
#8651=EDGE_LOOP('',(#4714,#4715,#4716,#4717));
#8652=EDGE_LOOP('',(#4718,#4719,#4720,#4721));
#8653=EDGE_LOOP('',(#4722,#4723,#4724,#4725));
#8654=EDGE_LOOP('',(#4726,#4727,#4728,#4729));
#8655=EDGE_LOOP('',(#4730,#4731,#4732,#4733));
#8656=EDGE_LOOP('',(#4734,#4735,#4736,#4737));
#8657=EDGE_LOOP('',(#4738,#4739,#4740,#4741));
#8658=EDGE_LOOP('',(#4742,#4743,#4744,#4745,#4746,#4747,#4748,#4749,#4750,
#4751,#4752,#4753,#4754,#4755,#4756,#4757,#4758,#4759,#4760));
#8659=EDGE_LOOP('',(#4761,#4762,#4763,#4764));
#8660=EDGE_LOOP('',(#4765,#4766,#4767,#4768));
#8661=EDGE_LOOP('',(#4769,#4770,#4771,#4772));
#8662=EDGE_LOOP('',(#4773,#4774,#4775,#4776));
#8663=EDGE_LOOP('',(#4777,#4778,#4779,#4780));
#8664=EDGE_LOOP('',(#4781,#4782,#4783,#4784));
#8665=EDGE_LOOP('',(#4785,#4786,#4787,#4788));
#8666=EDGE_LOOP('',(#4789,#4790,#4791,#4792));
#8667=EDGE_LOOP('',(#4793,#4794,#4795,#4796));
#8668=EDGE_LOOP('',(#4797,#4798,#4799,#4800));
#8669=EDGE_LOOP('',(#4801,#4802,#4803,#4804));
#8670=EDGE_LOOP('',(#4805,#4806,#4807,#4808));
#8671=EDGE_LOOP('',(#4809,#4810,#4811,#4812,#4813,#4814,#4815,#4816,#4817,
#4818,#4819,#4820));
#8672=EDGE_LOOP('',(#4821,#4822,#4823,#4824));
#8673=EDGE_LOOP('',(#4825,#4826,#4827,#4828));
#8674=EDGE_LOOP('',(#4829,#4830,#4831,#4832));
#8675=EDGE_LOOP('',(#4833,#4834,#4835,#4836));
#8676=EDGE_LOOP('',(#4837,#4838,#4839,#4840));
#8677=EDGE_LOOP('',(#4841,#4842,#4843,#4844));
#8678=EDGE_LOOP('',(#4845,#4846,#4847,#4848));
#8679=EDGE_LOOP('',(#4849,#4850,#4851,#4852));
#8680=EDGE_LOOP('',(#4853,#4854,#4855,#4856));
#8681=EDGE_LOOP('',(#4857,#4858,#4859,#4860));
#8682=EDGE_LOOP('',(#4861,#4862,#4863,#4864));
#8683=EDGE_LOOP('',(#4865,#4866,#4867,#4868));
#8684=EDGE_LOOP('',(#4869,#4870,#4871,#4872));
#8685=EDGE_LOOP('',(#4873,#4874,#4875,#4876));
#8686=EDGE_LOOP('',(#4877,#4878,#4879,#4880));
#8687=EDGE_LOOP('',(#4881,#4882,#4883,#4884));
#8688=EDGE_LOOP('',(#4885,#4886,#4887,#4888));
#8689=EDGE_LOOP('',(#4889,#4890,#4891,#4892));
#8690=EDGE_LOOP('',(#4893,#4894,#4895,#4896));
#8691=EDGE_LOOP('',(#4897,#4898,#4899,#4900));
#8692=EDGE_LOOP('',(#4901,#4902,#4903,#4904));
#8693=EDGE_LOOP('',(#4905,#4906,#4907,#4908));
#8694=EDGE_LOOP('',(#4909,#4910,#4911,#4912));
#8695=EDGE_LOOP('',(#4913,#4914,#4915,#4916));
#8696=EDGE_LOOP('',(#4917,#4918,#4919,#4920));
#8697=EDGE_LOOP('',(#4921,#4922,#4923,#4924,#4925,#4926,#4927,#4928,#4929,
#4930,#4931,#4932));
#8698=EDGE_LOOP('',(#4933,#4934,#4935,#4936,#4937,#4938,#4939));
#8699=EDGE_LOOP('',(#4940,#4941,#4942,#4943,#4944,#4945));
#8700=EDGE_LOOP('',(#4946,#4947,#4948,#4949,#4950,#4951,#4952));
#8701=EDGE_LOOP('',(#4953,#4954,#4955,#4956));
#8702=EDGE_LOOP('',(#4957,#4958,#4959,#4960));
#8703=EDGE_LOOP('',(#4961,#4962,#4963,#4964));
#8704=EDGE_LOOP('',(#4965,#4966,#4967,#4968));
#8705=EDGE_LOOP('',(#4969,#4970,#4971,#4972));
#8706=EDGE_LOOP('',(#4973,#4974,#4975,#4976));
#8707=EDGE_LOOP('',(#4977,#4978,#4979,#4980));
#8708=EDGE_LOOP('',(#4981,#4982,#4983,#4984));
#8709=EDGE_LOOP('',(#4985,#4986,#4987,#4988));
#8710=EDGE_LOOP('',(#4989,#4990,#4991,#4992));
#8711=EDGE_LOOP('',(#4993,#4994,#4995,#4996));
#8712=EDGE_LOOP('',(#4997,#4998,#4999,#5000));
#8713=EDGE_LOOP('',(#5001,#5002,#5003,#5004,#5005,#5006,#5007));
#8714=EDGE_LOOP('',(#5008,#5009,#5010,#5011,#5012));
#8715=EDGE_LOOP('',(#5013,#5014,#5015,#5016));
#8716=EDGE_LOOP('',(#5017,#5018,#5019,#5020));
#8717=EDGE_LOOP('',(#5021,#5022,#5023,#5024));
#8718=EDGE_LOOP('',(#5025,#5026,#5027,#5028));
#8719=EDGE_LOOP('',(#5029,#5030,#5031,#5032));
#8720=EDGE_LOOP('',(#5033,#5034,#5035,#5036));
#8721=EDGE_LOOP('',(#5037,#5038,#5039,#5040));
#8722=EDGE_LOOP('',(#5041,#5042,#5043,#5044));
#8723=EDGE_LOOP('',(#5045,#5046,#5047,#5048));
#8724=EDGE_LOOP('',(#5049,#5050,#5051,#5052));
#8725=EDGE_LOOP('',(#5053,#5054,#5055,#5056));
#8726=EDGE_LOOP('',(#5057,#5058,#5059,#5060));
#8727=EDGE_LOOP('',(#5061,#5062,#5063,#5064,#5065,#5066,#5067,#5068));
#8728=EDGE_LOOP('',(#5069,#5070,#5071,#5072));
#8729=EDGE_LOOP('',(#5073,#5074,#5075,#5076,#5077,#5078));
#8730=EDGE_LOOP('',(#5079,#5080,#5081,#5082,#5083));
#8731=EDGE_LOOP('',(#5084,#5085,#5086,#5087));
#8732=FACE_BOUND('',#7851,.T.);
#8733=FACE_BOUND('',#7852,.T.);
#8734=FACE_BOUND('',#7853,.T.);
#8735=FACE_BOUND('',#7854,.T.);
#8736=FACE_BOUND('',#7855,.T.);
#8737=FACE_BOUND('',#7856,.T.);
#8738=FACE_BOUND('',#7857,.T.);
#8739=FACE_BOUND('',#7858,.T.);
#8740=FACE_BOUND('',#7859,.T.);
#8741=FACE_BOUND('',#7860,.T.);
#8742=FACE_BOUND('',#7861,.T.);
#8743=FACE_BOUND('',#7862,.T.);
#8744=FACE_BOUND('',#7863,.T.);
#8745=FACE_BOUND('',#7864,.T.);
#8746=FACE_BOUND('',#7865,.T.);
#8747=FACE_BOUND('',#7866,.T.);
#8748=FACE_BOUND('',#7867,.T.);
#8749=FACE_BOUND('',#7868,.T.);
#8750=FACE_BOUND('',#7869,.T.);
#8751=FACE_BOUND('',#7870,.T.);
#8752=FACE_BOUND('',#7871,.T.);
#8753=FACE_BOUND('',#7872,.T.);
#8754=FACE_BOUND('',#7873,.T.);
#8755=FACE_BOUND('',#7874,.T.);
#8756=FACE_BOUND('',#7875,.T.);
#8757=FACE_BOUND('',#7876,.T.);
#8758=FACE_BOUND('',#7877,.T.);
#8759=FACE_BOUND('',#7878,.T.);
#8760=FACE_BOUND('',#7879,.T.);
#8761=FACE_BOUND('',#7880,.T.);
#8762=FACE_BOUND('',#7881,.T.);
#8763=FACE_BOUND('',#7882,.T.);
#8764=FACE_BOUND('',#7883,.T.);
#8765=FACE_BOUND('',#7884,.T.);
#8766=FACE_BOUND('',#7885,.T.);
#8767=FACE_BOUND('',#7886,.T.);
#8768=FACE_BOUND('',#7887,.T.);
#8769=FACE_BOUND('',#7888,.T.);
#8770=FACE_BOUND('',#7889,.T.);
#8771=FACE_BOUND('',#7890,.T.);
#8772=FACE_BOUND('',#7891,.T.);
#8773=FACE_BOUND('',#7892,.T.);
#8774=FACE_BOUND('',#7893,.T.);
#8775=FACE_BOUND('',#7894,.T.);
#8776=FACE_BOUND('',#7895,.T.);
#8777=FACE_BOUND('',#7896,.T.);
#8778=FACE_BOUND('',#7897,.T.);
#8779=FACE_BOUND('',#7898,.T.);
#8780=FACE_BOUND('',#7899,.T.);
#8781=FACE_BOUND('',#7900,.T.);
#8782=FACE_BOUND('',#7901,.T.);
#8783=FACE_BOUND('',#7902,.T.);
#8784=FACE_BOUND('',#7903,.T.);
#8785=FACE_BOUND('',#7904,.T.);
#8786=FACE_BOUND('',#7905,.T.);
#8787=FACE_BOUND('',#7906,.T.);
#8788=FACE_BOUND('',#7907,.T.);
#8789=FACE_BOUND('',#7908,.T.);
#8790=FACE_BOUND('',#7909,.T.);
#8791=FACE_BOUND('',#7910,.T.);
#8792=FACE_BOUND('',#7911,.T.);
#8793=FACE_BOUND('',#7912,.T.);
#8794=FACE_BOUND('',#7913,.T.);
#8795=FACE_BOUND('',#7914,.T.);
#8796=FACE_BOUND('',#7915,.T.);
#8797=FACE_BOUND('',#7916,.T.);
#8798=FACE_BOUND('',#7917,.T.);
#8799=FACE_BOUND('',#7918,.T.);
#8800=FACE_BOUND('',#7919,.T.);
#8801=FACE_BOUND('',#7920,.T.);
#8802=FACE_BOUND('',#7921,.T.);
#8803=FACE_BOUND('',#7922,.T.);
#8804=FACE_BOUND('',#7923,.T.);
#8805=FACE_BOUND('',#7924,.T.);
#8806=FACE_BOUND('',#7925,.T.);
#8807=FACE_BOUND('',#7926,.T.);
#8808=FACE_BOUND('',#7927,.T.);
#8809=FACE_BOUND('',#7928,.T.);
#8810=FACE_BOUND('',#7929,.T.);
#8811=FACE_BOUND('',#7930,.T.);
#8812=FACE_BOUND('',#7931,.T.);
#8813=FACE_BOUND('',#7932,.T.);
#8814=FACE_BOUND('',#7933,.T.);
#8815=FACE_BOUND('',#7934,.T.);
#8816=FACE_BOUND('',#7935,.T.);
#8817=FACE_BOUND('',#7936,.T.);
#8818=FACE_BOUND('',#7937,.T.);
#8819=FACE_BOUND('',#7938,.T.);
#8820=FACE_BOUND('',#7939,.T.);
#8821=FACE_BOUND('',#7940,.T.);
#8822=FACE_BOUND('',#7941,.T.);
#8823=FACE_BOUND('',#7942,.T.);
#8824=FACE_BOUND('',#7943,.T.);
#8825=FACE_BOUND('',#7944,.T.);
#8826=FACE_BOUND('',#7945,.T.);
#8827=FACE_BOUND('',#7946,.T.);
#8828=FACE_BOUND('',#7947,.T.);
#8829=FACE_BOUND('',#7948,.T.);
#8830=FACE_BOUND('',#7949,.T.);
#8831=FACE_BOUND('',#7950,.T.);
#8832=FACE_BOUND('',#7951,.T.);
#8833=FACE_BOUND('',#7952,.T.);
#8834=FACE_BOUND('',#7953,.T.);
#8835=FACE_BOUND('',#7954,.T.);
#8836=FACE_BOUND('',#7955,.T.);
#8837=FACE_BOUND('',#7956,.T.);
#8838=FACE_BOUND('',#7957,.T.);
#8839=FACE_BOUND('',#7958,.T.);
#8840=FACE_BOUND('',#7959,.T.);
#8841=FACE_BOUND('',#7960,.T.);
#8842=FACE_BOUND('',#7961,.T.);
#8843=FACE_BOUND('',#7962,.T.);
#8844=FACE_BOUND('',#7963,.T.);
#8845=FACE_BOUND('',#7964,.T.);
#8846=FACE_BOUND('',#7965,.T.);
#8847=FACE_BOUND('',#7966,.T.);
#8848=FACE_BOUND('',#7967,.T.);
#8849=FACE_BOUND('',#7968,.T.);
#8850=FACE_BOUND('',#7969,.T.);
#8851=FACE_BOUND('',#7970,.T.);
#8852=FACE_BOUND('',#7971,.T.);
#8853=FACE_BOUND('',#7972,.T.);
#8854=FACE_BOUND('',#7973,.T.);
#8855=FACE_BOUND('',#7974,.T.);
#8856=FACE_BOUND('',#7975,.T.);
#8857=FACE_BOUND('',#7976,.T.);
#8858=FACE_BOUND('',#7977,.T.);
#8859=FACE_BOUND('',#7978,.T.);
#8860=FACE_BOUND('',#7979,.T.);
#8861=FACE_BOUND('',#7980,.T.);
#8862=FACE_BOUND('',#7981,.T.);
#8863=FACE_BOUND('',#7982,.T.);
#8864=FACE_BOUND('',#7983,.T.);
#8865=FACE_BOUND('',#7984,.T.);
#8866=FACE_BOUND('',#7985,.T.);
#8867=FACE_BOUND('',#7986,.T.);
#8868=FACE_BOUND('',#7987,.T.);
#8869=FACE_BOUND('',#7988,.T.);
#8870=FACE_BOUND('',#7989,.T.);
#8871=FACE_BOUND('',#7990,.T.);
#8872=FACE_BOUND('',#7991,.T.);
#8873=FACE_BOUND('',#7992,.T.);
#8874=FACE_BOUND('',#7993,.T.);
#8875=FACE_BOUND('',#7994,.T.);
#8876=FACE_BOUND('',#7995,.T.);
#8877=FACE_BOUND('',#7996,.T.);
#8878=FACE_BOUND('',#7997,.T.);
#8879=FACE_BOUND('',#7998,.T.);
#8880=FACE_BOUND('',#7999,.T.);
#8881=FACE_BOUND('',#8000,.T.);
#8882=FACE_BOUND('',#8001,.T.);
#8883=FACE_BOUND('',#8002,.T.);
#8884=FACE_BOUND('',#8003,.T.);
#8885=FACE_BOUND('',#8004,.T.);
#8886=FACE_BOUND('',#8005,.T.);
#8887=FACE_BOUND('',#8006,.T.);
#8888=FACE_BOUND('',#8007,.T.);
#8889=FACE_BOUND('',#8008,.T.);
#8890=FACE_BOUND('',#8009,.T.);
#8891=FACE_BOUND('',#8010,.T.);
#8892=FACE_BOUND('',#8011,.T.);
#8893=FACE_BOUND('',#8012,.T.);
#8894=FACE_BOUND('',#8013,.T.);
#8895=FACE_BOUND('',#8014,.T.);
#8896=FACE_BOUND('',#8015,.T.);
#8897=FACE_BOUND('',#8016,.T.);
#8898=FACE_BOUND('',#8017,.T.);
#8899=FACE_BOUND('',#8018,.T.);
#8900=FACE_BOUND('',#8019,.T.);
#8901=FACE_BOUND('',#8020,.T.);
#8902=FACE_BOUND('',#8021,.T.);
#8903=FACE_BOUND('',#8022,.T.);
#8904=FACE_BOUND('',#8023,.T.);
#8905=FACE_BOUND('',#8024,.T.);
#8906=FACE_BOUND('',#8025,.T.);
#8907=FACE_BOUND('',#8026,.T.);
#8908=FACE_BOUND('',#8027,.T.);
#8909=FACE_BOUND('',#8028,.T.);
#8910=FACE_BOUND('',#8029,.T.);
#8911=FACE_BOUND('',#8030,.T.);
#8912=FACE_BOUND('',#8031,.T.);
#8913=FACE_BOUND('',#8032,.T.);
#8914=FACE_BOUND('',#8033,.T.);
#8915=FACE_BOUND('',#8034,.T.);
#8916=FACE_BOUND('',#8035,.T.);
#8917=FACE_BOUND('',#8036,.T.);
#8918=FACE_BOUND('',#8037,.T.);
#8919=FACE_BOUND('',#8038,.T.);
#8920=FACE_BOUND('',#8039,.T.);
#8921=FACE_BOUND('',#8040,.T.);
#8922=FACE_BOUND('',#8041,.T.);
#8923=FACE_BOUND('',#8042,.T.);
#8924=FACE_BOUND('',#8043,.T.);
#8925=FACE_BOUND('',#8044,.T.);
#8926=FACE_BOUND('',#8045,.T.);
#8927=FACE_BOUND('',#8046,.T.);
#8928=FACE_BOUND('',#8047,.T.);
#8929=FACE_BOUND('',#8048,.T.);
#8930=FACE_BOUND('',#8049,.T.);
#8931=FACE_BOUND('',#8050,.T.);
#8932=FACE_BOUND('',#8051,.T.);
#8933=FACE_BOUND('',#8052,.T.);
#8934=FACE_BOUND('',#8053,.T.);
#8935=FACE_BOUND('',#8054,.T.);
#8936=FACE_BOUND('',#8055,.T.);
#8937=FACE_BOUND('',#8056,.T.);
#8938=FACE_BOUND('',#8057,.T.);
#8939=FACE_BOUND('',#8058,.T.);
#8940=FACE_BOUND('',#8059,.T.);
#8941=FACE_BOUND('',#8060,.T.);
#8942=FACE_BOUND('',#8061,.T.);
#8943=FACE_BOUND('',#8062,.T.);
#8944=FACE_BOUND('',#8063,.T.);
#8945=FACE_BOUND('',#8064,.T.);
#8946=FACE_BOUND('',#8065,.T.);
#8947=FACE_BOUND('',#8066,.T.);
#8948=FACE_BOUND('',#8067,.T.);
#8949=FACE_BOUND('',#8068,.T.);
#8950=FACE_BOUND('',#8069,.T.);
#8951=FACE_BOUND('',#8070,.T.);
#8952=FACE_BOUND('',#8071,.T.);
#8953=FACE_BOUND('',#8072,.T.);
#8954=FACE_BOUND('',#8073,.T.);
#8955=FACE_BOUND('',#8074,.T.);
#8956=FACE_BOUND('',#8075,.T.);
#8957=FACE_BOUND('',#8076,.T.);
#8958=FACE_BOUND('',#8077,.T.);
#8959=FACE_BOUND('',#8078,.T.);
#8960=FACE_BOUND('',#8079,.T.);
#8961=FACE_BOUND('',#8080,.T.);
#8962=FACE_BOUND('',#8081,.T.);
#8963=FACE_BOUND('',#8082,.T.);
#8964=FACE_BOUND('',#8083,.T.);
#8965=FACE_BOUND('',#8084,.T.);
#8966=FACE_BOUND('',#8085,.T.);
#8967=FACE_BOUND('',#8086,.T.);
#8968=FACE_BOUND('',#8087,.T.);
#8969=FACE_BOUND('',#8088,.T.);
#8970=FACE_BOUND('',#8089,.T.);
#8971=FACE_BOUND('',#8090,.T.);
#8972=FACE_BOUND('',#8091,.T.);
#8973=FACE_BOUND('',#8092,.T.);
#8974=FACE_BOUND('',#8093,.T.);
#8975=FACE_BOUND('',#8094,.T.);
#8976=FACE_BOUND('',#8095,.T.);
#8977=FACE_BOUND('',#8096,.T.);
#8978=FACE_BOUND('',#8097,.T.);
#8979=FACE_BOUND('',#8098,.T.);
#8980=FACE_BOUND('',#8099,.T.);
#8981=FACE_BOUND('',#8100,.T.);
#8982=FACE_BOUND('',#8101,.T.);
#8983=FACE_BOUND('',#8102,.T.);
#8984=FACE_BOUND('',#8103,.T.);
#8985=FACE_BOUND('',#8104,.T.);
#8986=FACE_BOUND('',#8105,.T.);
#8987=FACE_BOUND('',#8106,.T.);
#8988=FACE_BOUND('',#8107,.T.);
#8989=FACE_BOUND('',#8108,.T.);
#8990=FACE_BOUND('',#8109,.T.);
#8991=FACE_BOUND('',#8110,.T.);
#8992=FACE_BOUND('',#8111,.T.);
#8993=FACE_BOUND('',#8112,.T.);
#8994=FACE_BOUND('',#8113,.T.);
#8995=FACE_BOUND('',#8114,.T.);
#8996=FACE_BOUND('',#8115,.T.);
#8997=FACE_BOUND('',#8116,.T.);
#8998=FACE_BOUND('',#8117,.T.);
#8999=FACE_BOUND('',#8118,.T.);
#9000=FACE_BOUND('',#8119,.T.);
#9001=FACE_BOUND('',#8120,.T.);
#9002=FACE_BOUND('',#8121,.T.);
#9003=FACE_BOUND('',#8122,.T.);
#9004=FACE_BOUND('',#8123,.T.);
#9005=FACE_BOUND('',#8124,.T.);
#9006=FACE_BOUND('',#8125,.T.);
#9007=FACE_BOUND('',#8126,.T.);
#9008=FACE_BOUND('',#8127,.T.);
#9009=FACE_BOUND('',#8128,.T.);
#9010=FACE_BOUND('',#8129,.T.);
#9011=FACE_BOUND('',#8130,.T.);
#9012=FACE_BOUND('',#8131,.T.);
#9013=FACE_BOUND('',#8132,.T.);
#9014=FACE_BOUND('',#8133,.T.);
#9015=FACE_BOUND('',#8134,.T.);
#9016=FACE_BOUND('',#8135,.T.);
#9017=FACE_BOUND('',#8136,.T.);
#9018=FACE_BOUND('',#8137,.T.);
#9019=FACE_BOUND('',#8138,.T.);
#9020=FACE_BOUND('',#8139,.T.);
#9021=FACE_BOUND('',#8140,.T.);
#9022=FACE_BOUND('',#8141,.T.);
#9023=FACE_BOUND('',#8142,.T.);
#9024=FACE_BOUND('',#8143,.T.);
#9025=FACE_BOUND('',#8144,.T.);
#9026=FACE_BOUND('',#8145,.T.);
#9027=FACE_BOUND('',#8146,.T.);
#9028=FACE_BOUND('',#8147,.T.);
#9029=FACE_BOUND('',#8148,.T.);
#9030=FACE_BOUND('',#8149,.T.);
#9031=FACE_BOUND('',#8150,.T.);
#9032=FACE_BOUND('',#8151,.T.);
#9033=FACE_BOUND('',#8152,.T.);
#9034=FACE_BOUND('',#8153,.T.);
#9035=FACE_BOUND('',#8154,.T.);
#9036=FACE_BOUND('',#8155,.T.);
#9037=FACE_BOUND('',#8156,.T.);
#9038=FACE_BOUND('',#8157,.T.);
#9039=FACE_BOUND('',#8158,.T.);
#9040=FACE_BOUND('',#8159,.T.);
#9041=FACE_BOUND('',#8160,.T.);
#9042=FACE_BOUND('',#8161,.T.);
#9043=FACE_BOUND('',#8162,.T.);
#9044=FACE_BOUND('',#8163,.T.);
#9045=FACE_BOUND('',#8164,.T.);
#9046=FACE_BOUND('',#8165,.T.);
#9047=FACE_BOUND('',#8166,.T.);
#9048=FACE_BOUND('',#8167,.T.);
#9049=FACE_BOUND('',#8168,.T.);
#9050=FACE_BOUND('',#8169,.T.);
#9051=FACE_BOUND('',#8170,.T.);
#9052=FACE_BOUND('',#8171,.T.);
#9053=FACE_BOUND('',#8172,.T.);
#9054=FACE_BOUND('',#8173,.T.);
#9055=FACE_BOUND('',#8174,.T.);
#9056=FACE_BOUND('',#8175,.T.);
#9057=FACE_BOUND('',#8176,.T.);
#9058=FACE_BOUND('',#8177,.T.);
#9059=FACE_BOUND('',#8178,.T.);
#9060=FACE_BOUND('',#8179,.T.);
#9061=FACE_BOUND('',#8180,.T.);
#9062=FACE_BOUND('',#8181,.T.);
#9063=FACE_BOUND('',#8182,.T.);
#9064=FACE_BOUND('',#8183,.T.);
#9065=FACE_BOUND('',#8184,.T.);
#9066=FACE_BOUND('',#8185,.T.);
#9067=FACE_BOUND('',#8186,.T.);
#9068=FACE_BOUND('',#8187,.T.);
#9069=FACE_BOUND('',#8188,.T.);
#9070=FACE_BOUND('',#8189,.T.);
#9071=FACE_BOUND('',#8190,.T.);
#9072=FACE_BOUND('',#8191,.T.);
#9073=FACE_BOUND('',#8192,.T.);
#9074=FACE_BOUND('',#8193,.T.);
#9075=FACE_BOUND('',#8194,.T.);
#9076=FACE_BOUND('',#8195,.T.);
#9077=FACE_BOUND('',#8196,.T.);
#9078=FACE_BOUND('',#8197,.T.);
#9079=FACE_BOUND('',#8198,.T.);
#9080=FACE_BOUND('',#8199,.T.);
#9081=FACE_BOUND('',#8200,.T.);
#9082=FACE_BOUND('',#8201,.T.);
#9083=FACE_BOUND('',#8202,.T.);
#9084=FACE_BOUND('',#8203,.T.);
#9085=FACE_BOUND('',#8204,.T.);
#9086=FACE_BOUND('',#8205,.T.);
#9087=FACE_BOUND('',#8206,.T.);
#9088=FACE_BOUND('',#8207,.T.);
#9089=FACE_BOUND('',#8208,.T.);
#9090=FACE_BOUND('',#8209,.T.);
#9091=FACE_BOUND('',#8210,.T.);
#9092=FACE_BOUND('',#8211,.T.);
#9093=FACE_BOUND('',#8212,.T.);
#9094=FACE_BOUND('',#8213,.T.);
#9095=FACE_BOUND('',#8214,.T.);
#9096=FACE_BOUND('',#8215,.T.);
#9097=FACE_BOUND('',#8216,.T.);
#9098=FACE_BOUND('',#8217,.T.);
#9099=FACE_BOUND('',#8218,.T.);
#9100=FACE_BOUND('',#8219,.T.);
#9101=FACE_BOUND('',#8220,.T.);
#9102=FACE_BOUND('',#8221,.T.);
#9103=FACE_BOUND('',#8222,.T.);
#9104=FACE_BOUND('',#8223,.T.);
#9105=FACE_BOUND('',#8224,.T.);
#9106=FACE_BOUND('',#8225,.T.);
#9107=FACE_BOUND('',#8226,.T.);
#9108=FACE_BOUND('',#8227,.T.);
#9109=FACE_BOUND('',#8228,.T.);
#9110=FACE_BOUND('',#8229,.T.);
#9111=FACE_BOUND('',#8230,.T.);
#9112=FACE_BOUND('',#8231,.T.);
#9113=FACE_BOUND('',#8232,.T.);
#9114=FACE_BOUND('',#8233,.T.);
#9115=FACE_BOUND('',#8234,.T.);
#9116=FACE_BOUND('',#8235,.T.);
#9117=FACE_BOUND('',#8236,.T.);
#9118=FACE_BOUND('',#8237,.T.);
#9119=FACE_BOUND('',#8238,.T.);
#9120=FACE_BOUND('',#8239,.T.);
#9121=FACE_BOUND('',#8240,.T.);
#9122=FACE_BOUND('',#8241,.T.);
#9123=FACE_BOUND('',#8242,.T.);
#9124=FACE_BOUND('',#8243,.T.);
#9125=FACE_BOUND('',#8244,.T.);
#9126=FACE_BOUND('',#8245,.T.);
#9127=FACE_BOUND('',#8246,.T.);
#9128=FACE_BOUND('',#8247,.T.);
#9129=FACE_BOUND('',#8248,.T.);
#9130=FACE_BOUND('',#8249,.T.);
#9131=FACE_BOUND('',#8250,.T.);
#9132=FACE_BOUND('',#8251,.T.);
#9133=FACE_BOUND('',#8252,.T.);
#9134=FACE_BOUND('',#8253,.T.);
#9135=FACE_BOUND('',#8254,.T.);
#9136=FACE_BOUND('',#8255,.T.);
#9137=FACE_BOUND('',#8256,.T.);
#9138=FACE_BOUND('',#8257,.T.);
#9139=FACE_BOUND('',#8258,.T.);
#9140=FACE_BOUND('',#8259,.T.);
#9141=FACE_BOUND('',#8260,.T.);
#9142=FACE_BOUND('',#8261,.T.);
#9143=FACE_BOUND('',#8262,.T.);
#9144=FACE_BOUND('',#8263,.T.);
#9145=FACE_BOUND('',#8264,.T.);
#9146=FACE_BOUND('',#8265,.T.);
#9147=FACE_BOUND('',#8266,.T.);
#9148=FACE_BOUND('',#8267,.T.);
#9149=FACE_BOUND('',#8268,.T.);
#9150=FACE_BOUND('',#8269,.T.);
#9151=FACE_BOUND('',#8270,.T.);
#9152=FACE_BOUND('',#8271,.T.);
#9153=FACE_BOUND('',#8272,.T.);
#9154=FACE_BOUND('',#8273,.T.);
#9155=FACE_BOUND('',#8274,.T.);
#9156=FACE_BOUND('',#8275,.T.);
#9157=FACE_BOUND('',#8276,.T.);
#9158=FACE_BOUND('',#8277,.T.);
#9159=FACE_BOUND('',#8278,.T.);
#9160=FACE_BOUND('',#8279,.T.);
#9161=FACE_BOUND('',#8280,.T.);
#9162=FACE_BOUND('',#8281,.T.);
#9163=FACE_BOUND('',#8282,.T.);
#9164=FACE_BOUND('',#8283,.T.);
#9165=FACE_BOUND('',#8284,.T.);
#9166=FACE_BOUND('',#8285,.T.);
#9167=FACE_BOUND('',#8286,.T.);
#9168=FACE_BOUND('',#8287,.T.);
#9169=FACE_BOUND('',#8288,.T.);
#9170=FACE_BOUND('',#8289,.T.);
#9171=FACE_BOUND('',#8290,.T.);
#9172=FACE_BOUND('',#8291,.T.);
#9173=FACE_BOUND('',#8292,.T.);
#9174=FACE_BOUND('',#8293,.T.);
#9175=FACE_BOUND('',#8294,.T.);
#9176=FACE_BOUND('',#8295,.T.);
#9177=FACE_BOUND('',#8296,.T.);
#9178=FACE_BOUND('',#8297,.T.);
#9179=FACE_BOUND('',#8298,.T.);
#9180=FACE_BOUND('',#8299,.T.);
#9181=FACE_BOUND('',#8300,.T.);
#9182=FACE_BOUND('',#8301,.T.);
#9183=FACE_BOUND('',#8302,.T.);
#9184=FACE_BOUND('',#8303,.T.);
#9185=FACE_BOUND('',#8304,.T.);
#9186=FACE_BOUND('',#8305,.T.);
#9187=FACE_BOUND('',#8306,.T.);
#9188=FACE_BOUND('',#8307,.T.);
#9189=FACE_BOUND('',#8308,.T.);
#9190=FACE_BOUND('',#8309,.T.);
#9191=FACE_BOUND('',#8310,.T.);
#9192=FACE_BOUND('',#8311,.T.);
#9193=FACE_BOUND('',#8312,.T.);
#9194=FACE_BOUND('',#8313,.T.);
#9195=FACE_BOUND('',#8314,.T.);
#9196=FACE_BOUND('',#8315,.T.);
#9197=FACE_BOUND('',#8316,.T.);
#9198=FACE_BOUND('',#8317,.T.);
#9199=FACE_BOUND('',#8318,.T.);
#9200=FACE_BOUND('',#8319,.T.);
#9201=FACE_BOUND('',#8320,.T.);
#9202=FACE_BOUND('',#8321,.T.);
#9203=FACE_BOUND('',#8322,.T.);
#9204=FACE_BOUND('',#8323,.T.);
#9205=FACE_BOUND('',#8324,.T.);
#9206=FACE_BOUND('',#8325,.T.);
#9207=FACE_BOUND('',#8326,.T.);
#9208=FACE_BOUND('',#8327,.T.);
#9209=FACE_BOUND('',#8328,.T.);
#9210=FACE_BOUND('',#8329,.T.);
#9211=FACE_BOUND('',#8330,.T.);
#9212=FACE_BOUND('',#8331,.T.);
#9213=FACE_BOUND('',#8332,.T.);
#9214=FACE_BOUND('',#8333,.T.);
#9215=FACE_BOUND('',#8334,.T.);
#9216=FACE_BOUND('',#8335,.T.);
#9217=FACE_BOUND('',#8336,.T.);
#9218=FACE_BOUND('',#8337,.T.);
#9219=FACE_BOUND('',#8338,.T.);
#9220=FACE_BOUND('',#8339,.T.);
#9221=FACE_BOUND('',#8340,.T.);
#9222=FACE_BOUND('',#8341,.T.);
#9223=FACE_BOUND('',#8342,.T.);
#9224=FACE_BOUND('',#8343,.T.);
#9225=FACE_BOUND('',#8344,.T.);
#9226=FACE_BOUND('',#8345,.T.);
#9227=FACE_BOUND('',#8346,.T.);
#9228=FACE_BOUND('',#8347,.T.);
#9229=FACE_BOUND('',#8348,.T.);
#9230=FACE_BOUND('',#8349,.T.);
#9231=FACE_BOUND('',#8350,.T.);
#9232=FACE_BOUND('',#8351,.T.);
#9233=FACE_BOUND('',#8352,.T.);
#9234=FACE_BOUND('',#8353,.T.);
#9235=FACE_BOUND('',#8354,.T.);
#9236=FACE_BOUND('',#8355,.T.);
#9237=FACE_BOUND('',#8356,.T.);
#9238=FACE_BOUND('',#8357,.T.);
#9239=FACE_BOUND('',#8358,.T.);
#9240=FACE_BOUND('',#8359,.T.);
#9241=FACE_BOUND('',#8360,.T.);
#9242=FACE_BOUND('',#8361,.T.);
#9243=FACE_BOUND('',#8362,.T.);
#9244=FACE_BOUND('',#8363,.T.);
#9245=FACE_BOUND('',#8364,.T.);
#9246=FACE_BOUND('',#8365,.T.);
#9247=FACE_BOUND('',#8366,.T.);
#9248=FACE_BOUND('',#8367,.T.);
#9249=FACE_BOUND('',#8368,.T.);
#9250=FACE_BOUND('',#8369,.T.);
#9251=FACE_BOUND('',#8370,.T.);
#9252=FACE_BOUND('',#8371,.T.);
#9253=FACE_BOUND('',#8372,.T.);
#9254=FACE_BOUND('',#8373,.T.);
#9255=FACE_BOUND('',#8374,.T.);
#9256=FACE_BOUND('',#8375,.T.);
#9257=FACE_BOUND('',#8376,.T.);
#9258=FACE_BOUND('',#8377,.T.);
#9259=FACE_BOUND('',#8378,.T.);
#9260=FACE_BOUND('',#8379,.T.);
#9261=FACE_BOUND('',#8380,.T.);
#9262=FACE_BOUND('',#8381,.T.);
#9263=FACE_BOUND('',#8382,.T.);
#9264=FACE_BOUND('',#8383,.T.);
#9265=FACE_BOUND('',#8384,.T.);
#9266=FACE_BOUND('',#8385,.T.);
#9267=FACE_BOUND('',#8386,.T.);
#9268=FACE_BOUND('',#8387,.T.);
#9269=FACE_BOUND('',#8388,.T.);
#9270=FACE_BOUND('',#8389,.T.);
#9271=FACE_BOUND('',#8390,.T.);
#9272=FACE_BOUND('',#8391,.T.);
#9273=FACE_BOUND('',#8392,.T.);
#9274=FACE_BOUND('',#8393,.T.);
#9275=FACE_BOUND('',#8394,.T.);
#9276=FACE_BOUND('',#8395,.T.);
#9277=FACE_BOUND('',#8396,.T.);
#9278=FACE_BOUND('',#8397,.T.);
#9279=FACE_BOUND('',#8398,.T.);
#9280=FACE_BOUND('',#8399,.T.);
#9281=FACE_BOUND('',#8400,.T.);
#9282=FACE_BOUND('',#8401,.T.);
#9283=FACE_BOUND('',#8402,.T.);
#9284=FACE_BOUND('',#8403,.T.);
#9285=FACE_BOUND('',#8404,.T.);
#9286=FACE_BOUND('',#8405,.T.);
#9287=FACE_BOUND('',#8406,.T.);
#9288=FACE_BOUND('',#8407,.T.);
#9289=FACE_BOUND('',#8408,.T.);
#9290=FACE_BOUND('',#8409,.T.);
#9291=FACE_BOUND('',#8410,.T.);
#9292=FACE_BOUND('',#8411,.T.);
#9293=FACE_BOUND('',#8412,.T.);
#9294=FACE_BOUND('',#8413,.T.);
#9295=FACE_BOUND('',#8414,.T.);
#9296=FACE_BOUND('',#8415,.T.);
#9297=FACE_BOUND('',#8416,.T.);
#9298=FACE_BOUND('',#8417,.T.);
#9299=FACE_BOUND('',#8418,.T.);
#9300=FACE_BOUND('',#8419,.T.);
#9301=FACE_BOUND('',#8420,.T.);
#9302=FACE_BOUND('',#8421,.T.);
#9303=FACE_BOUND('',#8422,.T.);
#9304=FACE_BOUND('',#8423,.T.);
#9305=FACE_BOUND('',#8424,.T.);
#9306=FACE_BOUND('',#8425,.T.);
#9307=FACE_BOUND('',#8426,.T.);
#9308=FACE_BOUND('',#8427,.T.);
#9309=FACE_BOUND('',#8428,.T.);
#9310=FACE_BOUND('',#8429,.T.);
#9311=FACE_BOUND('',#8430,.T.);
#9312=FACE_BOUND('',#8431,.T.);
#9313=FACE_BOUND('',#8432,.T.);
#9314=FACE_BOUND('',#8433,.T.);
#9315=FACE_BOUND('',#8434,.T.);
#9316=FACE_BOUND('',#8435,.T.);
#9317=FACE_BOUND('',#8436,.T.);
#9318=FACE_BOUND('',#8437,.T.);
#9319=FACE_BOUND('',#8438,.T.);
#9320=FACE_BOUND('',#8439,.T.);
#9321=FACE_BOUND('',#8440,.T.);
#9322=FACE_BOUND('',#8441,.T.);
#9323=FACE_BOUND('',#8442,.T.);
#9324=FACE_BOUND('',#8443,.T.);
#9325=FACE_BOUND('',#8444,.T.);
#9326=FACE_BOUND('',#8445,.T.);
#9327=FACE_BOUND('',#8446,.T.);
#9328=FACE_BOUND('',#8447,.T.);
#9329=FACE_BOUND('',#8448,.T.);
#9330=FACE_BOUND('',#8449,.T.);
#9331=FACE_BOUND('',#8450,.T.);
#9332=FACE_BOUND('',#8451,.T.);
#9333=FACE_BOUND('',#8452,.T.);
#9334=FACE_BOUND('',#8453,.T.);
#9335=FACE_BOUND('',#8454,.T.);
#9336=FACE_BOUND('',#8455,.T.);
#9337=FACE_BOUND('',#8456,.T.);
#9338=FACE_BOUND('',#8457,.T.);
#9339=FACE_BOUND('',#8458,.T.);
#9340=FACE_BOUND('',#8459,.T.);
#9341=FACE_BOUND('',#8460,.T.);
#9342=FACE_BOUND('',#8461,.T.);
#9343=FACE_BOUND('',#8462,.T.);
#9344=FACE_BOUND('',#8463,.T.);
#9345=FACE_BOUND('',#8464,.T.);
#9346=FACE_BOUND('',#8465,.T.);
#9347=FACE_BOUND('',#8466,.T.);
#9348=FACE_BOUND('',#8467,.T.);
#9349=FACE_BOUND('',#8468,.T.);
#9350=FACE_BOUND('',#8469,.T.);
#9351=FACE_BOUND('',#8470,.T.);
#9352=FACE_BOUND('',#8471,.T.);
#9353=FACE_BOUND('',#8472,.T.);
#9354=FACE_BOUND('',#8473,.T.);
#9355=FACE_BOUND('',#8474,.T.);
#9356=FACE_BOUND('',#8475,.T.);
#9357=FACE_BOUND('',#8476,.T.);
#9358=FACE_BOUND('',#8477,.T.);
#9359=FACE_BOUND('',#8478,.T.);
#9360=FACE_BOUND('',#8479,.T.);
#9361=FACE_BOUND('',#8480,.T.);
#9362=FACE_BOUND('',#8481,.T.);
#9363=FACE_BOUND('',#8482,.T.);
#9364=FACE_BOUND('',#8483,.T.);
#9365=FACE_BOUND('',#8484,.T.);
#9366=FACE_BOUND('',#8485,.T.);
#9367=FACE_BOUND('',#8486,.T.);
#9368=FACE_BOUND('',#8487,.T.);
#9369=FACE_BOUND('',#8488,.T.);
#9370=FACE_BOUND('',#8489,.T.);
#9371=FACE_BOUND('',#8490,.T.);
#9372=FACE_BOUND('',#8491,.T.);
#9373=FACE_BOUND('',#8492,.T.);
#9374=FACE_BOUND('',#8493,.T.);
#9375=FACE_BOUND('',#8494,.T.);
#9376=FACE_BOUND('',#8495,.T.);
#9377=FACE_BOUND('',#8496,.T.);
#9378=FACE_BOUND('',#8497,.T.);
#9379=FACE_BOUND('',#8498,.T.);
#9380=FACE_BOUND('',#8499,.T.);
#9381=FACE_BOUND('',#8500,.T.);
#9382=FACE_BOUND('',#8501,.T.);
#9383=FACE_BOUND('',#8502,.T.);
#9384=FACE_BOUND('',#8503,.T.);
#9385=FACE_BOUND('',#8504,.T.);
#9386=FACE_BOUND('',#8505,.T.);
#9387=FACE_BOUND('',#8506,.T.);
#9388=FACE_BOUND('',#8507,.T.);
#9389=FACE_BOUND('',#8508,.T.);
#9390=FACE_BOUND('',#8509,.T.);
#9391=FACE_BOUND('',#8510,.T.);
#9392=FACE_BOUND('',#8511,.T.);
#9393=FACE_BOUND('',#8512,.T.);
#9394=FACE_BOUND('',#8513,.T.);
#9395=FACE_BOUND('',#8514,.T.);
#9396=FACE_BOUND('',#8515,.T.);
#9397=FACE_BOUND('',#8516,.T.);
#9398=FACE_BOUND('',#8517,.T.);
#9399=FACE_BOUND('',#8518,.T.);
#9400=FACE_BOUND('',#8519,.T.);
#9401=FACE_BOUND('',#8520,.T.);
#9402=FACE_BOUND('',#8521,.T.);
#9403=FACE_BOUND('',#8522,.T.);
#9404=FACE_BOUND('',#8523,.T.);
#9405=FACE_BOUND('',#8524,.T.);
#9406=FACE_BOUND('',#8525,.T.);
#9407=FACE_BOUND('',#8526,.T.);
#9408=FACE_BOUND('',#8527,.T.);
#9409=FACE_BOUND('',#8528,.T.);
#9410=FACE_BOUND('',#8529,.T.);
#9411=FACE_BOUND('',#8530,.T.);
#9412=FACE_BOUND('',#8531,.T.);
#9413=FACE_BOUND('',#8532,.T.);
#9414=FACE_BOUND('',#8533,.T.);
#9415=FACE_BOUND('',#8534,.T.);
#9416=FACE_BOUND('',#8535,.T.);
#9417=FACE_BOUND('',#8536,.T.);
#9418=FACE_BOUND('',#8537,.T.);
#9419=FACE_BOUND('',#8538,.T.);
#9420=FACE_BOUND('',#8539,.T.);
#9421=FACE_BOUND('',#8540,.T.);
#9422=FACE_BOUND('',#8541,.T.);
#9423=FACE_BOUND('',#8542,.T.);
#9424=FACE_BOUND('',#8543,.T.);
#9425=FACE_BOUND('',#8544,.T.);
#9426=FACE_BOUND('',#8545,.T.);
#9427=FACE_BOUND('',#8546,.T.);
#9428=FACE_BOUND('',#8547,.T.);
#9429=FACE_BOUND('',#8548,.T.);
#9430=FACE_BOUND('',#8549,.T.);
#9431=FACE_BOUND('',#8550,.T.);
#9432=FACE_BOUND('',#8551,.T.);
#9433=FACE_BOUND('',#8552,.T.);
#9434=FACE_BOUND('',#8553,.T.);
#9435=FACE_BOUND('',#8554,.T.);
#9436=FACE_BOUND('',#8555,.T.);
#9437=FACE_BOUND('',#8556,.T.);
#9438=FACE_BOUND('',#8557,.T.);
#9439=FACE_BOUND('',#8558,.T.);
#9440=FACE_BOUND('',#8559,.T.);
#9441=FACE_BOUND('',#8560,.T.);
#9442=FACE_BOUND('',#8561,.T.);
#9443=FACE_BOUND('',#8562,.T.);
#9444=FACE_BOUND('',#8563,.T.);
#9445=FACE_BOUND('',#8564,.T.);
#9446=FACE_BOUND('',#8565,.T.);
#9447=FACE_BOUND('',#8566,.T.);
#9448=FACE_BOUND('',#8567,.T.);
#9449=FACE_BOUND('',#8568,.T.);
#9450=FACE_BOUND('',#8569,.T.);
#9451=FACE_BOUND('',#8570,.T.);
#9452=FACE_BOUND('',#8571,.T.);
#9453=FACE_BOUND('',#8572,.T.);
#9454=FACE_BOUND('',#8573,.T.);
#9455=FACE_BOUND('',#8574,.T.);
#9456=FACE_BOUND('',#8575,.T.);
#9457=FACE_BOUND('',#8576,.T.);
#9458=FACE_BOUND('',#8577,.T.);
#9459=FACE_BOUND('',#8578,.T.);
#9460=FACE_BOUND('',#8579,.T.);
#9461=FACE_BOUND('',#8580,.T.);
#9462=FACE_BOUND('',#8581,.T.);
#9463=FACE_BOUND('',#8582,.T.);
#9464=FACE_BOUND('',#8583,.T.);
#9465=FACE_BOUND('',#8584,.T.);
#9466=FACE_BOUND('',#8585,.T.);
#9467=FACE_BOUND('',#8586,.T.);
#9468=FACE_BOUND('',#8587,.T.);
#9469=FACE_BOUND('',#8588,.T.);
#9470=FACE_BOUND('',#8589,.T.);
#9471=FACE_BOUND('',#8590,.T.);
#9472=FACE_BOUND('',#8591,.T.);
#9473=FACE_BOUND('',#8592,.T.);
#9474=FACE_BOUND('',#8593,.T.);
#9475=FACE_BOUND('',#8594,.T.);
#9476=FACE_BOUND('',#8595,.T.);
#9477=FACE_BOUND('',#8596,.T.);
#9478=FACE_BOUND('',#8597,.T.);
#9479=FACE_BOUND('',#8598,.T.);
#9480=FACE_BOUND('',#8599,.T.);
#9481=FACE_BOUND('',#8600,.T.);
#9482=FACE_BOUND('',#8601,.T.);
#9483=FACE_BOUND('',#8602,.T.);
#9484=FACE_BOUND('',#8603,.T.);
#9485=FACE_BOUND('',#8604,.T.);
#9486=FACE_BOUND('',#8605,.T.);
#9487=FACE_BOUND('',#8606,.T.);
#9488=FACE_BOUND('',#8607,.T.);
#9489=FACE_BOUND('',#8608,.T.);
#9490=FACE_BOUND('',#8609,.T.);
#9491=FACE_BOUND('',#8610,.T.);
#9492=FACE_BOUND('',#8611,.T.);
#9493=FACE_BOUND('',#8612,.T.);
#9494=FACE_BOUND('',#8613,.T.);
#9495=FACE_BOUND('',#8614,.T.);
#9496=FACE_BOUND('',#8615,.T.);
#9497=FACE_BOUND('',#8616,.T.);
#9498=FACE_BOUND('',#8617,.T.);
#9499=FACE_BOUND('',#8618,.T.);
#9500=FACE_BOUND('',#8619,.T.);
#9501=FACE_BOUND('',#8620,.T.);
#9502=FACE_BOUND('',#8621,.T.);
#9503=FACE_BOUND('',#8622,.T.);
#9504=FACE_BOUND('',#8623,.T.);
#9505=FACE_BOUND('',#8624,.T.);
#9506=FACE_BOUND('',#8625,.T.);
#9507=FACE_BOUND('',#8626,.T.);
#9508=FACE_BOUND('',#8627,.T.);
#9509=FACE_BOUND('',#8628,.T.);
#9510=FACE_BOUND('',#8629,.T.);
#9511=FACE_BOUND('',#8630,.T.);
#9512=FACE_BOUND('',#8631,.T.);
#9513=FACE_BOUND('',#8632,.T.);
#9514=FACE_BOUND('',#8633,.T.);
#9515=FACE_BOUND('',#8634,.T.);
#9516=FACE_BOUND('',#8635,.T.);
#9517=FACE_BOUND('',#8636,.T.);
#9518=FACE_BOUND('',#8637,.T.);
#9519=FACE_BOUND('',#8638,.T.);
#9520=FACE_BOUND('',#8639,.T.);
#9521=FACE_BOUND('',#8640,.T.);
#9522=FACE_BOUND('',#8641,.T.);
#9523=FACE_BOUND('',#8642,.T.);
#9524=FACE_BOUND('',#8643,.T.);
#9525=FACE_BOUND('',#8644,.T.);
#9526=FACE_BOUND('',#8645,.T.);
#9527=FACE_BOUND('',#8646,.T.);
#9528=FACE_BOUND('',#8647,.T.);
#9529=FACE_BOUND('',#8648,.T.);
#9530=FACE_BOUND('',#8649,.T.);
#9531=FACE_BOUND('',#8650,.T.);
#9532=FACE_BOUND('',#8651,.T.);
#9533=FACE_BOUND('',#8652,.T.);
#9534=FACE_BOUND('',#8653,.T.);
#9535=FACE_BOUND('',#8654,.T.);
#9536=FACE_BOUND('',#8655,.T.);
#9537=FACE_BOUND('',#8656,.T.);
#9538=FACE_BOUND('',#8657,.T.);
#9539=FACE_BOUND('',#8658,.T.);
#9540=FACE_BOUND('',#8659,.T.);
#9541=FACE_BOUND('',#8660,.T.);
#9542=FACE_BOUND('',#8661,.T.);
#9543=FACE_BOUND('',#8662,.T.);
#9544=FACE_BOUND('',#8663,.T.);
#9545=FACE_BOUND('',#8664,.T.);
#9546=FACE_BOUND('',#8665,.T.);
#9547=FACE_BOUND('',#8666,.T.);
#9548=FACE_BOUND('',#8667,.T.);
#9549=FACE_BOUND('',#8668,.T.);
#9550=FACE_BOUND('',#8669,.T.);
#9551=FACE_BOUND('',#8670,.T.);
#9552=FACE_BOUND('',#8671,.T.);
#9553=FACE_BOUND('',#8672,.T.);
#9554=FACE_BOUND('',#8673,.T.);
#9555=FACE_BOUND('',#8674,.T.);
#9556=FACE_BOUND('',#8675,.T.);
#9557=FACE_BOUND('',#8676,.T.);
#9558=FACE_BOUND('',#8677,.T.);
#9559=FACE_BOUND('',#8678,.T.);
#9560=FACE_BOUND('',#8679,.T.);
#9561=FACE_BOUND('',#8680,.T.);
#9562=FACE_BOUND('',#8681,.T.);
#9563=FACE_BOUND('',#8682,.T.);
#9564=FACE_BOUND('',#8683,.T.);
#9565=FACE_BOUND('',#8684,.T.);
#9566=FACE_BOUND('',#8685,.T.);
#9567=FACE_BOUND('',#8686,.T.);
#9568=FACE_BOUND('',#8687,.T.);
#9569=FACE_BOUND('',#8688,.T.);
#9570=FACE_BOUND('',#8689,.T.);
#9571=FACE_BOUND('',#8690,.T.);
#9572=FACE_BOUND('',#8691,.T.);
#9573=FACE_BOUND('',#8692,.T.);
#9574=FACE_BOUND('',#8693,.T.);
#9575=FACE_BOUND('',#8694,.T.);
#9576=FACE_BOUND('',#8695,.T.);
#9577=FACE_BOUND('',#8696,.T.);
#9578=FACE_BOUND('',#8697,.T.);
#9579=FACE_BOUND('',#8698,.T.);
#9580=FACE_BOUND('',#8699,.T.);
#9581=FACE_BOUND('',#8700,.T.);
#9582=FACE_BOUND('',#8701,.T.);
#9583=FACE_BOUND('',#8702,.T.);
#9584=FACE_BOUND('',#8703,.T.);
#9585=FACE_BOUND('',#8704,.T.);
#9586=FACE_BOUND('',#8705,.T.);
#9587=FACE_BOUND('',#8706,.T.);
#9588=FACE_BOUND('',#8707,.T.);
#9589=FACE_BOUND('',#8708,.T.);
#9590=FACE_BOUND('',#8709,.T.);
#9591=FACE_BOUND('',#8710,.T.);
#9592=FACE_BOUND('',#8711,.T.);
#9593=FACE_BOUND('',#8712,.T.);
#9594=FACE_BOUND('',#8713,.T.);
#9595=FACE_BOUND('',#8714,.T.);
#9596=FACE_BOUND('',#8715,.T.);
#9597=FACE_BOUND('',#8716,.T.);
#9598=FACE_BOUND('',#8717,.T.);
#9599=FACE_BOUND('',#8718,.T.);
#9600=FACE_BOUND('',#8719,.T.);
#9601=FACE_BOUND('',#8720,.T.);
#9602=FACE_BOUND('',#8721,.T.);
#9603=FACE_BOUND('',#8722,.T.);
#9604=FACE_BOUND('',#8723,.T.);
#9605=FACE_BOUND('',#8724,.T.);
#9606=FACE_BOUND('',#8725,.T.);
#9607=FACE_BOUND('',#8726,.T.);
#9608=FACE_BOUND('',#8727,.T.);
#9609=FACE_BOUND('',#8728,.T.);
#9610=FACE_BOUND('',#8729,.T.);
#9611=FACE_BOUND('',#8730,.T.);
#9612=FACE_BOUND('',#8731,.T.);
#9613=PLANE('',#10390);
#9614=PLANE('',#10546);
#9615=PLANE('',#10559);
#9616=PLANE('',#10756);
#9617=PLANE('',#10757);
#9618=PLANE('',#10758);
#9619=PLANE('',#10764);
#9620=PLANE('',#10765);
#9621=PLANE('',#10766);
#9622=PLANE('',#10767);
#9623=PLANE('',#10768);
#9624=PLANE('',#10781);
#9625=PLANE('',#10790);
#9626=PLANE('',#10791);
#9627=PLANE('',#10792);
#9628=PLANE('',#10793);
#9629=PLANE('',#10798);
#9630=PLANE('',#10799);
#9631=PLANE('',#10800);
#9632=PLANE('',#10805);
#9633=PLANE('',#10806);
#9634=PLANE('',#10807);
#9635=PLANE('',#10810);
#9636=PLANE('',#10811);
#9637=PLANE('',#10812);
#9638=PLANE('',#10813);
#9639=PLANE('',#10814);
#9640=PLANE('',#10815);
#9641=PLANE('',#10816);
#9642=PLANE('',#10825);
#9643=PLANE('',#10826);
#9644=PLANE('',#10827);
#9645=PLANE('',#10828);
#9646=PLANE('',#10829);
#9647=PLANE('',#10830);
#9648=PLANE('',#10831);
#9649=PLANE('',#10832);
#9650=PLANE('',#10833);
#9651=PLANE('',#10834);
#9652=PLANE('',#10835);
#9653=PLANE('',#10836);
#9654=PLANE('',#10837);
#9655=PLANE('',#10838);
#9656=PLANE('',#10839);
#9657=PLANE('',#10840);
#9658=PLANE('',#10843);
#9659=PLANE('',#10844);
#9660=PLANE('',#10845);
#9661=PLANE('',#10846);
#9662=PLANE('',#10847);
#9663=PLANE('',#10848);
#9664=PLANE('',#10849);
#9665=PLANE('',#10850);
#9666=PLANE('',#10851);
#9667=PLANE('',#10852);
#9668=PLANE('',#10855);
#9669=PLANE('',#10856);
#9670=PLANE('',#10857);
#9671=PLANE('',#10858);
#9672=PLANE('',#10859);
#9673=PLANE('',#10860);
#9674=PLANE('',#10861);
#9675=PLANE('',#10862);
#9676=PLANE('',#10863);
#9677=PLANE('',#10864);
#9678=PLANE('',#10867);
#9679=PLANE('',#10868);
#9680=PLANE('',#10869);
#9681=PLANE('',#10870);
#9682=PLANE('',#10871);
#9683=PLANE('',#10872);
#9684=PLANE('',#10873);
#9685=PLANE('',#10874);
#9686=PLANE('',#10875);
#9687=PLANE('',#10876);
#9688=PLANE('',#10879);
#9689=PLANE('',#10880);
#9690=PLANE('',#10881);
#9691=PLANE('',#10882);
#9692=PLANE('',#10900);
#9693=PLANE('',#10901);
#9694=PLANE('',#10902);
#9695=PLANE('',#10903);
#9696=PLANE('',#10904);
#9697=PLANE('',#10905);
#9698=PLANE('',#10906);
#9699=PLANE('',#10907);
#9700=PLANE('',#10920);
#9701=PLANE('',#10929);
#9702=PLANE('',#10930);
#9703=PLANE('',#10931);
#9704=PLANE('',#10932);
#9705=PLANE('',#10933);
#9706=PLANE('',#10934);
#9707=PLANE('',#10938);
#9708=PLANE('',#10942);
#9709=PLANE('',#10943);
#9710=PLANE('',#10944);
#9711=PLANE('',#10945);
#9712=PLANE('',#10946);
#9713=PLANE('',#10947);
#9714=PLANE('',#10948);
#9715=PLANE('',#10949);
#9716=PLANE('',#10950);
#9717=PLANE('',#10951);
#9718=PLANE('',#10952);
#9719=PLANE('',#10956);
#9720=PLANE('',#10960);
#9721=PLANE('',#10965);
#9722=PLANE('',#10966);
#9723=PLANE('',#10970);
#9724=PLANE('',#10975);
#9725=PLANE('',#10976);
#9726=PLANE('',#10977);
#9727=PLANE('',#10978);
#9728=PLANE('',#10979);
#9729=PLANE('',#10980);
#9730=PLANE('',#10981);
#9731=PLANE('',#10982);
#9732=PLANE('',#10985);
#9733=PLANE('',#10986);
#9734=PLANE('',#10987);
#9735=PLANE('',#10988);
#9736=PLANE('',#10989);
#9737=PLANE('',#10990);
#9738=PLANE('',#10991);
#9739=PLANE('',#10992);
#9740=PLANE('',#10993);
#9741=PLANE('',#10997);
#9742=PLANE('',#10998);
#9743=PLANE('',#10999);
#9744=PLANE('',#11000);
#9745=PLANE('',#11003);
#9746=PLANE('',#11004);
#9747=PLANE('',#11005);
#9748=PLANE('',#11007);
#9749=PLANE('',#11009);
#9750=PLANE('',#11010);
#9751=PLANE('',#11013);
#9752=PLANE('',#11014);
#9753=PLANE('',#11019);
#9754=PLANE('',#11020);
#9755=PLANE('',#11021);
#9756=PLANE('',#11022);
#9757=PLANE('',#11023);
#9758=PLANE('',#11024);
#9759=PLANE('',#11025);
#9760=PLANE('',#11026);
#9761=PLANE('',#11027);
#9762=PLANE('',#11028);
#9763=PLANE('',#11029);
#9764=PLANE('',#11030);
#9765=PLANE('',#11031);
#9766=PLANE('',#11032);
#9767=PLANE('',#11033);
#9768=PLANE('',#11034);
#9769=PLANE('',#11035);
#9770=PLANE('',#11036);
#9771=PLANE('',#11037);
#9772=PLANE('',#11038);
#9773=PLANE('',#11039);
#9774=PLANE('',#11040);
#9775=PLANE('',#11041);
#9776=PLANE('',#11042);
#9777=PLANE('',#11043);
#9778=PLANE('',#11044);
#9779=PLANE('',#11045);
#9780=PLANE('',#11046);
#9781=PLANE('',#11047);
#9782=PLANE('',#11048);
#9783=PLANE('',#11049);
#9784=PLANE('',#11054);
#9785=PLANE('',#11061);
#9786=PLANE('',#11062);
#9787=PLANE('',#11063);
#9788=PLANE('',#11064);
#9789=PLANE('',#11065);
#9790=PLANE('',#11066);
#9791=PLANE('',#11067);
#9792=PLANE('',#11068);
#9793=PLANE('',#11069);
#9794=PLANE('',#11070);
#9795=PLANE('',#11071);
#9796=PLANE('',#11072);
#9797=PLANE('',#11073);
#9798=PLANE('',#11074);
#9799=PLANE('',#11075);
#9800=PLANE('',#11076);
#9801=PLANE('',#11077);
#9802=PLANE('',#11078);
#9803=PLANE('',#11079);
#9804=PLANE('',#11080);
#9805=PLANE('',#11081);
#9806=PLANE('',#11082);
#9807=PLANE('',#11083);
#9808=PLANE('',#11084);
#9809=PLANE('',#11087);
#9810=PLANE('',#11088);
#9811=PLANE('',#11089);
#9812=PLANE('',#11090);
#9813=PLANE('',#11091);
#9814=PLANE('',#11092);
#9815=PLANE('',#11093);
#9816=PLANE('',#11094);
#9817=PLANE('',#11095);
#9818=PLANE('',#11096);
#9819=PLANE('',#11100);
#9820=PLANE('',#11101);
#9821=PLANE('',#11102);
#9822=PLANE('',#11103);
#9823=PLANE('',#11104);
#9824=PLANE('',#11105);
#9825=PLANE('',#11106);
#9826=PLANE('',#11107);
#9827=PLANE('',#11108);
#9828=PLANE('',#11112);
#9829=PLANE('',#11113);
#9830=PLANE('',#11114);
#9831=PLANE('',#11115);
#9832=ADVANCED_FACE('',(#8732,#8733,#8734,#8735,#8736,#8737,#8738,#8739,
#8740,#8741,#8742,#8743,#8744,#8745,#8746,#8747,#8748,#8749,#8750,#8751,
#8752,#8753,#8754,#8755,#8756,#8757,#8758,#8759,#8760,#8761,#8762,#8763,
#8764,#8765,#8766,#8767,#8768,#8769,#8770,#8771,#8772,#8773,#8774,#8775,
#8776,#8777,#8778,#8779,#8780,#8781,#8782,#8783,#8784,#8785,#8786,#8787,
#8788,#8789,#8790,#8791,#8792,#8793,#8794,#8795,#8796,#8797,#8798,#8799,
#8800,#8801,#8802,#8803,#8804,#8805,#8806,#8807,#8808,#8809,#8810,#8811,
#8812,#8813,#8814,#8815,#8816,#8817,#8818,#8819,#8820,#8821,#8822,#8823,
#8824,#8825,#8826,#8827,#8828,#8829,#8830,#8831,#8832,#8833,#8834,#8835,
#8836,#8837,#8838,#8839,#8840,#8841,#8842,#8843,#8844,#8845,#8846,#8847,
#8848,#8849,#8850,#8851,#8852),#9613,.T.);
#9833=ADVANCED_FACE('',(#8853),#9614,.T.);
#9834=ADVANCED_FACE('',(#8854,#8855),#169,.F.);
#9835=ADVANCED_FACE('',(#8856,#8857),#170,.F.);
#9836=ADVANCED_FACE('',(#8858,#8859),#171,.F.);
#9837=ADVANCED_FACE('',(#8860,#8861),#172,.F.);
#9838=ADVANCED_FACE('',(#8862,#8863,#8864,#8865,#8866,#8867,#8868,#8869,
#8870,#8871,#8872,#8873,#8874,#8875,#8876,#8877,#8878,#8879,#8880,#8881,
#8882,#8883,#8884,#8885,#8886,#8887,#8888,#8889,#8890,#8891,#8892,#8893,
#8894,#8895,#8896,#8897,#8898,#8899,#8900,#8901,#8902,#8903,#8904,#8905,
#8906,#8907,#8908,#8909,#8910,#8911,#8912,#8913,#8914,#8915,#8916,#8917,
#8918,#8919,#8920,#8921,#8922,#8923,#8924,#8925,#8926,#8927,#8928,#8929,
#8930,#8931,#8932,#8933,#8934,#8935,#8936,#8937,#8938,#8939,#8940,#8941,
#8942,#8943,#8944,#8945,#8946,#8947,#8948,#8949,#8950,#8951,#8952,#8953,
#8954,#8955,#8956,#8957,#8958,#8959,#8960,#8961,#8962,#8963),#9615,.F.);
#9839=ADVANCED_FACE('',(#8964,#8965),#173,.F.);
#9840=ADVANCED_FACE('',(#8966,#8967),#174,.F.);
#9841=ADVANCED_FACE('',(#8968,#8969),#175,.F.);
#9842=ADVANCED_FACE('',(#8970,#8971),#176,.F.);
#9843=ADVANCED_FACE('',(#8972,#8973),#177,.F.);
#9844=ADVANCED_FACE('',(#8974,#8975),#178,.F.);
#9845=ADVANCED_FACE('',(#8976,#8977),#179,.F.);
#9846=ADVANCED_FACE('',(#8978,#8979),#180,.F.);
#9847=ADVANCED_FACE('',(#8980,#8981),#181,.F.);
#9848=ADVANCED_FACE('',(#8982,#8983),#182,.F.);
#9849=ADVANCED_FACE('',(#8984,#8985),#183,.F.);
#9850=ADVANCED_FACE('',(#8986,#8987),#184,.F.);
#9851=ADVANCED_FACE('',(#8988,#8989),#185,.F.);
#9852=ADVANCED_FACE('',(#8990,#8991),#186,.F.);
#9853=ADVANCED_FACE('',(#8992,#8993),#187,.F.);
#9854=ADVANCED_FACE('',(#8994,#8995),#188,.F.);
#9855=ADVANCED_FACE('',(#8996,#8997),#189,.F.);
#9856=ADVANCED_FACE('',(#8998,#8999),#190,.F.);
#9857=ADVANCED_FACE('',(#9000,#9001),#191,.F.);
#9858=ADVANCED_FACE('',(#9002,#9003),#192,.F.);
#9859=ADVANCED_FACE('',(#9004,#9005),#193,.F.);
#9860=ADVANCED_FACE('',(#9006,#9007),#194,.F.);
#9861=ADVANCED_FACE('',(#9008,#9009),#195,.F.);
#9862=ADVANCED_FACE('',(#9010,#9011),#196,.F.);
#9863=ADVANCED_FACE('',(#9012,#9013),#197,.F.);
#9864=ADVANCED_FACE('',(#9014,#9015),#198,.F.);
#9865=ADVANCED_FACE('',(#9016,#9017),#199,.F.);
#9866=ADVANCED_FACE('',(#9018,#9019),#200,.F.);
#9867=ADVANCED_FACE('',(#9020,#9021),#201,.F.);
#9868=ADVANCED_FACE('',(#9022,#9023),#202,.F.);
#9869=ADVANCED_FACE('',(#9024,#9025),#203,.F.);
#9870=ADVANCED_FACE('',(#9026,#9027),#204,.F.);
#9871=ADVANCED_FACE('',(#9028,#9029),#205,.F.);
#9872=ADVANCED_FACE('',(#9030,#9031),#206,.F.);
#9873=ADVANCED_FACE('',(#9032,#9033),#207,.F.);
#9874=ADVANCED_FACE('',(#9034,#9035),#208,.F.);
#9875=ADVANCED_FACE('',(#9036,#9037),#209,.F.);
#9876=ADVANCED_FACE('',(#9038,#9039),#210,.F.);
#9877=ADVANCED_FACE('',(#9040,#9041),#211,.F.);
#9878=ADVANCED_FACE('',(#9042,#9043),#212,.F.);
#9879=ADVANCED_FACE('',(#9044,#9045),#213,.F.);
#9880=ADVANCED_FACE('',(#9046,#9047),#214,.F.);
#9881=ADVANCED_FACE('',(#9048,#9049),#215,.F.);
#9882=ADVANCED_FACE('',(#9050,#9051),#216,.F.);
#9883=ADVANCED_FACE('',(#9052,#9053),#217,.F.);
#9884=ADVANCED_FACE('',(#9054,#9055),#218,.F.);
#9885=ADVANCED_FACE('',(#9056,#9057),#219,.F.);
#9886=ADVANCED_FACE('',(#9058,#9059),#220,.F.);
#9887=ADVANCED_FACE('',(#9060,#9061),#221,.F.);
#9888=ADVANCED_FACE('',(#9062,#9063),#222,.F.);
#9889=ADVANCED_FACE('',(#9064,#9065),#223,.F.);
#9890=ADVANCED_FACE('',(#9066,#9067),#224,.F.);
#9891=ADVANCED_FACE('',(#9068,#9069),#225,.F.);
#9892=ADVANCED_FACE('',(#9070,#9071),#226,.F.);
#9893=ADVANCED_FACE('',(#9072,#9073),#227,.F.);
#9894=ADVANCED_FACE('',(#9074,#9075),#228,.F.);
#9895=ADVANCED_FACE('',(#9076,#9077),#229,.F.);
#9896=ADVANCED_FACE('',(#9078,#9079),#230,.F.);
#9897=ADVANCED_FACE('',(#9080,#9081),#231,.F.);
#9898=ADVANCED_FACE('',(#9082,#9083),#232,.F.);
#9899=ADVANCED_FACE('',(#9084,#9085),#233,.F.);
#9900=ADVANCED_FACE('',(#9086,#9087),#234,.F.);
#9901=ADVANCED_FACE('',(#9088,#9089),#235,.F.);
#9902=ADVANCED_FACE('',(#9090,#9091),#236,.F.);
#9903=ADVANCED_FACE('',(#9092,#9093),#237,.F.);
#9904=ADVANCED_FACE('',(#9094,#9095),#238,.F.);
#9905=ADVANCED_FACE('',(#9096,#9097),#239,.F.);
#9906=ADVANCED_FACE('',(#9098,#9099),#240,.F.);
#9907=ADVANCED_FACE('',(#9100,#9101),#241,.F.);
#9908=ADVANCED_FACE('',(#9102,#9103),#242,.F.);
#9909=ADVANCED_FACE('',(#9104,#9105),#243,.F.);
#9910=ADVANCED_FACE('',(#9106,#9107),#244,.F.);
#9911=ADVANCED_FACE('',(#9108,#9109),#245,.F.);
#9912=ADVANCED_FACE('',(#9110,#9111),#246,.F.);
#9913=ADVANCED_FACE('',(#9112,#9113),#247,.F.);
#9914=ADVANCED_FACE('',(#9114,#9115),#248,.F.);
#9915=ADVANCED_FACE('',(#9116,#9117),#249,.F.);
#9916=ADVANCED_FACE('',(#9118,#9119),#250,.F.);
#9917=ADVANCED_FACE('',(#9120,#9121),#251,.F.);
#9918=ADVANCED_FACE('',(#9122,#9123),#252,.F.);
#9919=ADVANCED_FACE('',(#9124,#9125),#253,.F.);
#9920=ADVANCED_FACE('',(#9126,#9127),#254,.F.);
#9921=ADVANCED_FACE('',(#9128,#9129),#255,.F.);
#9922=ADVANCED_FACE('',(#9130,#9131),#256,.F.);
#9923=ADVANCED_FACE('',(#9132,#9133),#257,.F.);
#9924=ADVANCED_FACE('',(#9134,#9135),#258,.F.);
#9925=ADVANCED_FACE('',(#9136,#9137),#259,.F.);
#9926=ADVANCED_FACE('',(#9138,#9139),#260,.F.);
#9927=ADVANCED_FACE('',(#9140,#9141),#261,.F.);
#9928=ADVANCED_FACE('',(#9142,#9143),#262,.F.);
#9929=ADVANCED_FACE('',(#9144,#9145),#263,.F.);
#9930=ADVANCED_FACE('',(#9146,#9147),#264,.F.);
#9931=ADVANCED_FACE('',(#9148,#9149),#265,.F.);
#9932=ADVANCED_FACE('',(#9150,#9151),#266,.F.);
#9933=ADVANCED_FACE('',(#9152,#9153),#267,.F.);
#9934=ADVANCED_FACE('',(#9154),#9616,.F.);
#9935=ADVANCED_FACE('',(#9155),#9617,.F.);
#9936=ADVANCED_FACE('',(#9156),#9618,.T.);
#9937=ADVANCED_FACE('',(#9157),#268,.T.);
#9938=ADVANCED_FACE('',(#9158),#269,.T.);
#9939=ADVANCED_FACE('',(#9159),#270,.T.);
#9940=ADVANCED_FACE('',(#9160),#271,.T.);
#9941=ADVANCED_FACE('',(#9161,#9162),#272,.F.);
#9942=ADVANCED_FACE('',(#9163),#9619,.T.);
#9943=ADVANCED_FACE('',(#9164),#9620,.T.);
#9944=ADVANCED_FACE('',(#9165),#9621,.T.);
#9945=ADVANCED_FACE('',(#9166),#9622,.T.);
#9946=ADVANCED_FACE('',(#9167),#9623,.T.);
#9947=ADVANCED_FACE('',(#9168),#12,.T.);
#9948=ADVANCED_FACE('',(#9169),#273,.F.);
#9949=ADVANCED_FACE('',(#9170),#274,.F.);
#9950=ADVANCED_FACE('',(#9171),#275,.F.);
#9951=ADVANCED_FACE('',(#9172),#276,.F.);
#9952=ADVANCED_FACE('',(#9173),#13,.T.);
#9953=ADVANCED_FACE('',(#9174),#277,.F.);
#9954=ADVANCED_FACE('',(#9175),#278,.F.);
#9955=ADVANCED_FACE('',(#9176),#14,.T.);
#9956=ADVANCED_FACE('',(#9177),#9624,.T.);
#9957=ADVANCED_FACE('',(#9178),#279,.T.);
#9958=ADVANCED_FACE('',(#9179),#280,.T.);
#9959=ADVANCED_FACE('',(#9180),#15,.T.);
#9960=ADVANCED_FACE('',(#9181),#16,.T.);
#9961=ADVANCED_FACE('',(#9182),#281,.T.);
#9962=ADVANCED_FACE('',(#9183),#282,.T.);
#9963=ADVANCED_FACE('',(#9184),#17,.T.);
#9964=ADVANCED_FACE('',(#9185),#9625,.T.);
#9965=ADVANCED_FACE('',(#9186),#9626,.T.);
#9966=ADVANCED_FACE('',(#9187),#9627,.T.);
#9967=ADVANCED_FACE('',(#9188),#18,.T.);
#9968=ADVANCED_FACE('',(#9189),#19,.T.);
#9969=ADVANCED_FACE('',(#9190),#20,.T.);
#9970=ADVANCED_FACE('',(#9191),#21,.T.);
#9971=ADVANCED_FACE('',(#9192),#9628,.T.);
#9972=ADVANCED_FACE('',(#9193),#283,.T.);
#9973=ADVANCED_FACE('',(#9194),#284,.T.);
#9974=ADVANCED_FACE('',(#9195),#22,.T.);
#9975=ADVANCED_FACE('',(#9196),#23,.T.);
#9976=ADVANCED_FACE('',(#9197),#24,.T.);
#9977=ADVANCED_FACE('',(#9198),#9629,.T.);
#9978=ADVANCED_FACE('',(#9199),#9630,.T.);
#9979=ADVANCED_FACE('',(#9200),#9631,.T.);
#9980=ADVANCED_FACE('',(#9201),#25,.T.);
#9981=ADVANCED_FACE('',(#9202),#26,.T.);
#9982=ADVANCED_FACE('',(#9203),#27,.T.);
#9983=ADVANCED_FACE('',(#9204),#28,.T.);
#9984=ADVANCED_FACE('',(#9205),#285,.T.);
#9985=ADVANCED_FACE('',(#9206),#286,.T.);
#9986=ADVANCED_FACE('',(#9207),#9632,.T.);
#9987=ADVANCED_FACE('',(#9208),#29,.T.);
#9988=ADVANCED_FACE('',(#9209),#30,.T.);
#9989=ADVANCED_FACE('',(#9210),#31,.T.);
#9990=ADVANCED_FACE('',(#9211),#32,.T.);
#9991=ADVANCED_FACE('',(#9212),#33,.T.);
#9992=ADVANCED_FACE('',(#9213),#9633,.T.);
#9993=ADVANCED_FACE('',(#9214),#34,.T.);
#9994=ADVANCED_FACE('',(#9215),#9634,.T.);
#9995=ADVANCED_FACE('',(#9216),#35,.T.);
#9996=ADVANCED_FACE('',(#9217),#287,.F.);
#9997=ADVANCED_FACE('',(#9218),#9635,.T.);
#9998=ADVANCED_FACE('',(#9219),#9636,.T.);
#9999=ADVANCED_FACE('',(#9220),#9637,.T.);
#10000=ADVANCED_FACE('',(#9221),#9638,.T.);
#10001=ADVANCED_FACE('',(#9222),#9639,.T.);
#10002=ADVANCED_FACE('',(#9223),#9640,.T.);
#10003=ADVANCED_FACE('',(#9224),#9641,.T.);
#10004=ADVANCED_FACE('',(#9225),#288,.T.);
#10005=ADVANCED_FACE('',(#9226),#289,.T.);
#10006=ADVANCED_FACE('',(#9227),#36,.T.);
#10007=ADVANCED_FACE('',(#9228),#37,.T.);
#10008=ADVANCED_FACE('',(#9229),#290,.T.);
#10009=ADVANCED_FACE('',(#9230),#291,.T.);
#10010=ADVANCED_FACE('',(#9231),#9642,.T.);
#10011=ADVANCED_FACE('',(#9232),#38,.T.);
#10012=ADVANCED_FACE('',(#9233),#39,.T.);
#10013=ADVANCED_FACE('',(#9234),#40,.T.);
#10014=ADVANCED_FACE('',(#9235),#41,.T.);
#10015=ADVANCED_FACE('',(#9236),#9643,.T.);
#10016=ADVANCED_FACE('',(#9237),#9644,.T.);
#10017=ADVANCED_FACE('',(#9238),#9645,.T.);
#10018=ADVANCED_FACE('',(#9239),#9646,.T.);
#10019=ADVANCED_FACE('',(#9240),#9647,.T.);
#10020=ADVANCED_FACE('',(#9241),#9648,.T.);
#10021=ADVANCED_FACE('',(#9242),#9649,.T.);
#10022=ADVANCED_FACE('',(#9243),#9650,.T.);
#10023=ADVANCED_FACE('',(#9244),#9651,.T.);
#10024=ADVANCED_FACE('',(#9245),#9652,.T.);
#10025=ADVANCED_FACE('',(#9246),#9653,.T.);
#10026=ADVANCED_FACE('',(#9247),#9654,.T.);
#10027=ADVANCED_FACE('',(#9248),#9655,.T.);
#10028=ADVANCED_FACE('',(#9249),#9656,.T.);
#10029=ADVANCED_FACE('',(#9250),#9657,.T.);
#10030=ADVANCED_FACE('',(#9251),#292,.F.);
#10031=ADVANCED_FACE('',(#9252),#9658,.T.);
#10032=ADVANCED_FACE('',(#9253),#9659,.T.);
#10033=ADVANCED_FACE('',(#9254),#9660,.T.);
#10034=ADVANCED_FACE('',(#9255),#9661,.T.);
#10035=ADVANCED_FACE('',(#9256),#9662,.T.);
#10036=ADVANCED_FACE('',(#9257),#9663,.T.);
#10037=ADVANCED_FACE('',(#9258),#9664,.T.);
#10038=ADVANCED_FACE('',(#9259),#9665,.T.);
#10039=ADVANCED_FACE('',(#9260),#9666,.T.);
#10040=ADVANCED_FACE('',(#9261),#9667,.T.);
#10041=ADVANCED_FACE('',(#9262),#293,.F.);
#10042=ADVANCED_FACE('',(#9263),#9668,.T.);
#10043=ADVANCED_FACE('',(#9264),#9669,.T.);
#10044=ADVANCED_FACE('',(#9265),#9670,.T.);
#10045=ADVANCED_FACE('',(#9266),#9671,.T.);
#10046=ADVANCED_FACE('',(#9267),#9672,.T.);
#10047=ADVANCED_FACE('',(#9268),#9673,.T.);
#10048=ADVANCED_FACE('',(#9269),#9674,.T.);
#10049=ADVANCED_FACE('',(#9270),#9675,.T.);
#10050=ADVANCED_FACE('',(#9271),#9676,.T.);
#10051=ADVANCED_FACE('',(#9272),#9677,.T.);
#10052=ADVANCED_FACE('',(#9273),#294,.F.);
#10053=ADVANCED_FACE('',(#9274),#9678,.T.);
#10054=ADVANCED_FACE('',(#9275),#9679,.T.);
#10055=ADVANCED_FACE('',(#9276),#9680,.T.);
#10056=ADVANCED_FACE('',(#9277),#9681,.T.);
#10057=ADVANCED_FACE('',(#9278),#9682,.T.);
#10058=ADVANCED_FACE('',(#9279),#9683,.T.);
#10059=ADVANCED_FACE('',(#9280),#9684,.T.);
#10060=ADVANCED_FACE('',(#9281),#9685,.T.);
#10061=ADVANCED_FACE('',(#9282),#9686,.T.);
#10062=ADVANCED_FACE('',(#9283),#9687,.T.);
#10063=ADVANCED_FACE('',(#9284),#295,.F.);
#10064=ADVANCED_FACE('',(#9285),#9688,.T.);
#10065=ADVANCED_FACE('',(#9286),#9689,.T.);
#10066=ADVANCED_FACE('',(#9287),#9690,.T.);
#10067=ADVANCED_FACE('',(#9288),#9691,.T.);
#10068=ADVANCED_FACE('',(#9289),#42,.T.);
#10069=ADVANCED_FACE('',(#9290),#43,.T.);
#10070=ADVANCED_FACE('',(#9291),#296,.T.);
#10071=ADVANCED_FACE('',(#9292),#297,.T.);
#10072=ADVANCED_FACE('',(#9293),#44,.T.);
#10073=ADVANCED_FACE('',(#9294),#45,.T.);
#10074=ADVANCED_FACE('',(#9295),#298,.T.);
#10075=ADVANCED_FACE('',(#9296),#46,.T.);
#10076=ADVANCED_FACE('',(#9297),#47,.T.);
#10077=ADVANCED_FACE('',(#9298),#48,.T.);
#10078=ADVANCED_FACE('',(#9299),#49,.T.);
#10079=ADVANCED_FACE('',(#9300),#50,.T.);
#10080=ADVANCED_FACE('',(#9301),#51,.T.);
#10081=ADVANCED_FACE('',(#9302),#52,.T.);
#10082=ADVANCED_FACE('',(#9303),#53,.T.);
#10083=ADVANCED_FACE('',(#9304),#54,.T.);
#10084=ADVANCED_FACE('',(#9305),#299,.F.);
#10085=ADVANCED_FACE('',(#9306),#55,.T.);
#10086=ADVANCED_FACE('',(#9307),#56,.T.);
#10087=ADVANCED_FACE('',(#9308),#300,.F.);
#10088=ADVANCED_FACE('',(#9309),#57,.T.);
#10089=ADVANCED_FACE('',(#9310),#58,.T.);
#10090=ADVANCED_FACE('',(#9311),#59,.T.);
#10091=ADVANCED_FACE('',(#9312),#60,.T.);
#10092=ADVANCED_FACE('',(#9313),#301,.F.);
#10093=ADVANCED_FACE('',(#9314),#61,.T.);
#10094=ADVANCED_FACE('',(#9315),#62,.T.);
#10095=ADVANCED_FACE('',(#9316),#302,.F.);
#10096=ADVANCED_FACE('',(#9317),#63,.T.);
#10097=ADVANCED_FACE('',(#9318),#64,.T.);
#10098=ADVANCED_FACE('',(#9319),#65,.T.);
#10099=ADVANCED_FACE('',(#9320,#9321,#9322),#9692,.T.);
#10100=ADVANCED_FACE('',(#9323),#9693,.T.);
#10101=ADVANCED_FACE('',(#9324),#66,.T.);
#10102=ADVANCED_FACE('',(#9325),#67,.T.);
#10103=ADVANCED_FACE('',(#9326),#68,.T.);
#10104=ADVANCED_FACE('',(#9327),#69,.T.);
#10105=ADVANCED_FACE('',(#9328),#70,.T.);
#10106=ADVANCED_FACE('',(#9329),#71,.T.);
#10107=ADVANCED_FACE('',(#9330),#72,.T.);
#10108=ADVANCED_FACE('',(#9331),#73,.T.);
#10109=ADVANCED_FACE('',(#9332),#74,.T.);
#10110=ADVANCED_FACE('',(#9333),#75,.T.);
#10111=ADVANCED_FACE('',(#9334),#76,.T.);
#10112=ADVANCED_FACE('',(#9335),#77,.T.);
#10113=ADVANCED_FACE('',(#9336),#78,.T.);
#10114=ADVANCED_FACE('',(#9337),#79,.T.);
#10115=ADVANCED_FACE('',(#9338),#80,.T.);
#10116=ADVANCED_FACE('',(#9339),#81,.T.);
#10117=ADVANCED_FACE('',(#9340,#9341),#9694,.T.);
#10118=ADVANCED_FACE('',(#9342),#9695,.T.);
#10119=ADVANCED_FACE('',(#9343),#9696,.T.);
#10120=ADVANCED_FACE('',(#9344),#9697,.T.);
#10121=ADVANCED_FACE('',(#9345),#9698,.T.);
#10122=ADVANCED_FACE('',(#9346),#9699,.T.);
#10123=ADVANCED_FACE('',(#9347),#82,.T.);
#10124=ADVANCED_FACE('',(#9348),#303,.F.);
#10125=ADVANCED_FACE('',(#9349),#304,.F.);
#10126=ADVANCED_FACE('',(#9350),#305,.F.);
#10127=ADVANCED_FACE('',(#9351),#306,.F.);
#10128=ADVANCED_FACE('',(#9352),#83,.T.);
#10129=ADVANCED_FACE('',(#9353),#307,.F.);
#10130=ADVANCED_FACE('',(#9354),#308,.F.);
#10131=ADVANCED_FACE('',(#9355),#84,.T.);
#10132=ADVANCED_FACE('',(#9356),#9700,.T.);
#10133=ADVANCED_FACE('',(#9357),#309,.T.);
#10134=ADVANCED_FACE('',(#9358),#310,.T.);
#10135=ADVANCED_FACE('',(#9359),#85,.T.);
#10136=ADVANCED_FACE('',(#9360),#86,.T.);
#10137=ADVANCED_FACE('',(#9361),#311,.T.);
#10138=ADVANCED_FACE('',(#9362),#312,.T.);
#10139=ADVANCED_FACE('',(#9363),#87,.T.);
#10140=ADVANCED_FACE('',(#9364),#9701,.T.);
#10141=ADVANCED_FACE('',(#9365),#9702,.T.);
#10142=ADVANCED_FACE('',(#9366),#9703,.T.);
#10143=ADVANCED_FACE('',(#9367),#9704,.T.);
#10144=ADVANCED_FACE('',(#9368),#9705,.T.);
#10145=ADVANCED_FACE('',(#9369),#9706,.T.);
#10146=ADVANCED_FACE('',(#9370),#313,.F.);
#10147=ADVANCED_FACE('',(#9371),#9707,.T.);
#10148=ADVANCED_FACE('',(#9372),#314,.F.);
#10149=ADVANCED_FACE('',(#9373),#9708,.T.);
#10150=ADVANCED_FACE('',(#9374),#9709,.T.);
#10151=ADVANCED_FACE('',(#9375),#9710,.T.);
#10152=ADVANCED_FACE('',(#9376),#9711,.T.);
#10153=ADVANCED_FACE('',(#9377),#9712,.T.);
#10154=ADVANCED_FACE('',(#9378),#9713,.T.);
#10155=ADVANCED_FACE('',(#9379),#9714,.T.);
#10156=ADVANCED_FACE('',(#9380),#9715,.T.);
#10157=ADVANCED_FACE('',(#9381),#9716,.T.);
#10158=ADVANCED_FACE('',(#9382),#9717,.T.);
#10159=ADVANCED_FACE('',(#9383),#9718,.T.);
#10160=ADVANCED_FACE('',(#9384),#315,.F.);
#10161=ADVANCED_FACE('',(#9385,#9386),#9719,.T.);
#10162=ADVANCED_FACE('',(#9387),#88,.T.);
#10163=ADVANCED_FACE('',(#9388),#89,.T.);
#10164=ADVANCED_FACE('',(#9389),#90,.T.);
#10165=ADVANCED_FACE('',(#9390),#91,.T.);
#10166=ADVANCED_FACE('',(#9391),#316,.T.);
#10167=ADVANCED_FACE('',(#9392),#92,.T.);
#10168=ADVANCED_FACE('',(#9393),#93,.T.);
#10169=ADVANCED_FACE('',(#9394),#94,.T.);
#10170=ADVANCED_FACE('',(#9395),#95,.T.);
#10171=ADVANCED_FACE('',(#9396),#96,.T.);
#10172=ADVANCED_FACE('',(#9397),#97,.T.);
#10173=ADVANCED_FACE('',(#9398),#98,.T.);
#10174=ADVANCED_FACE('',(#9399),#99,.T.);
#10175=ADVANCED_FACE('',(#9400),#100,.T.);
#10176=ADVANCED_FACE('',(#9401),#101,.T.);
#10177=ADVANCED_FACE('',(#9402),#102,.T.);
#10178=ADVANCED_FACE('',(#9403),#9720,.T.);
#10179=ADVANCED_FACE('',(#9404),#103,.T.);
#10180=ADVANCED_FACE('',(#9405),#317,.T.);
#10181=ADVANCED_FACE('',(#9406),#104,.T.);
#10182=ADVANCED_FACE('',(#9407),#318,.T.);
#10183=ADVANCED_FACE('',(#9408),#9721,.T.);
#10184=ADVANCED_FACE('',(#9409),#105,.T.);
#10185=ADVANCED_FACE('',(#9410),#106,.T.);
#10186=ADVANCED_FACE('',(#9411),#107,.T.);
#10187=ADVANCED_FACE('',(#9412,#9413),#9722,.T.);
#10188=ADVANCED_FACE('',(#9414),#108,.T.);
#10189=ADVANCED_FACE('',(#9415),#109,.T.);
#10190=ADVANCED_FACE('',(#9416),#110,.T.);
#10191=ADVANCED_FACE('',(#9417),#111,.T.);
#10192=ADVANCED_FACE('',(#9418),#319,.T.);
#10193=ADVANCED_FACE('',(#9419),#112,.T.);
#10194=ADVANCED_FACE('',(#9420),#113,.T.);
#10195=ADVANCED_FACE('',(#9421),#114,.T.);
#10196=ADVANCED_FACE('',(#9422),#115,.T.);
#10197=ADVANCED_FACE('',(#9423),#116,.T.);
#10198=ADVANCED_FACE('',(#9424),#117,.T.);
#10199=ADVANCED_FACE('',(#9425),#118,.T.);
#10200=ADVANCED_FACE('',(#9426),#119,.T.);
#10201=ADVANCED_FACE('',(#9427),#120,.T.);
#10202=ADVANCED_FACE('',(#9428),#121,.T.);
#10203=ADVANCED_FACE('',(#9429),#122,.T.);
#10204=ADVANCED_FACE('',(#9430),#123,.T.);
#10205=ADVANCED_FACE('',(#9431),#9723,.T.);
#10206=ADVANCED_FACE('',(#9432),#124,.T.);
#10207=ADVANCED_FACE('',(#9433),#320,.T.);
#10208=ADVANCED_FACE('',(#9434),#125,.T.);
#10209=ADVANCED_FACE('',(#9435),#321,.T.);
#10210=ADVANCED_FACE('',(#9436),#9724,.T.);
#10211=ADVANCED_FACE('',(#9437),#126,.T.);
#10212=ADVANCED_FACE('',(#9438),#127,.T.);
#10213=ADVANCED_FACE('',(#9439),#128,.T.);
#10214=ADVANCED_FACE('',(#9440,#9441),#9725,.T.);
#10215=ADVANCED_FACE('',(#9442),#9726,.T.);
#10216=ADVANCED_FACE('',(#9443),#9727,.T.);
#10217=ADVANCED_FACE('',(#9444),#9728,.T.);
#10218=ADVANCED_FACE('',(#9445),#9729,.T.);
#10219=ADVANCED_FACE('',(#9446),#9730,.T.);
#10220=ADVANCED_FACE('',(#9447),#9731,.T.);
#10221=ADVANCED_FACE('',(#9448),#322,.F.);
#10222=ADVANCED_FACE('',(#9449),#9732,.T.);
#10223=ADVANCED_FACE('',(#9450),#9733,.T.);
#10224=ADVANCED_FACE('',(#9451),#9734,.T.);
#10225=ADVANCED_FACE('',(#9452),#9735,.T.);
#10226=ADVANCED_FACE('',(#9453),#9736,.T.);
#10227=ADVANCED_FACE('',(#9454),#9737,.T.);
#10228=ADVANCED_FACE('',(#9455),#9738,.T.);
#10229=ADVANCED_FACE('',(#9456),#9739,.T.);
#10230=ADVANCED_FACE('',(#9457),#9740,.T.);
#10231=ADVANCED_FACE('',(#9458,#9459),#323,.F.);
#10232=ADVANCED_FACE('',(#9460),#324,.F.);
#10233=ADVANCED_FACE('',(#9461),#9741,.F.);
#10234=ADVANCED_FACE('',(#9462),#9742,.T.);
#10235=ADVANCED_FACE('',(#9463,#9464),#9743,.T.);
#10236=ADVANCED_FACE('',(#9465),#9744,.T.);
#10237=ADVANCED_FACE('',(#9466),#325,.F.);
#10238=ADVANCED_FACE('',(#9467),#9745,.F.);
#10239=ADVANCED_FACE('',(#9468,#9469),#9746,.T.);
#10240=ADVANCED_FACE('',(#9470,#9471),#9747,.T.);
#10241=ADVANCED_FACE('',(#9472),#9748,.T.);
#10242=ADVANCED_FACE('',(#9473),#326,.F.);
#10243=ADVANCED_FACE('',(#9474),#9749,.F.);
#10244=ADVANCED_FACE('',(#9475,#9476),#9750,.T.);
#10245=ADVANCED_FACE('',(#9477),#327,.F.);
#10246=ADVANCED_FACE('',(#9478),#9751,.F.);
#10247=ADVANCED_FACE('',(#9479),#9752,.T.);
#10248=ADVANCED_FACE('',(#9480),#129,.T.);
#10249=ADVANCED_FACE('',(#9481),#328,.T.);
#10250=ADVANCED_FACE('',(#9482),#329,.T.);
#10251=ADVANCED_FACE('',(#9483),#9753,.T.);
#10252=ADVANCED_FACE('',(#9484),#130,.T.);
#10253=ADVANCED_FACE('',(#9485),#131,.T.);
#10254=ADVANCED_FACE('',(#9486),#132,.T.);
#10255=ADVANCED_FACE('',(#9487),#133,.T.);
#10256=ADVANCED_FACE('',(#9488),#134,.T.);
#10257=ADVANCED_FACE('',(#9489),#135,.T.);
#10258=ADVANCED_FACE('',(#9490),#136,.T.);
#10259=ADVANCED_FACE('',(#9491),#9754,.T.);
#10260=ADVANCED_FACE('',(#9492),#137,.T.);
#10261=ADVANCED_FACE('',(#9493),#138,.T.);
#10262=ADVANCED_FACE('',(#9494),#139,.T.);
#10263=ADVANCED_FACE('',(#9495),#9755,.T.);
#10264=ADVANCED_FACE('',(#9496),#9756,.T.);
#10265=ADVANCED_FACE('',(#9497),#9757,.T.);
#10266=ADVANCED_FACE('',(#9498),#9758,.T.);
#10267=ADVANCED_FACE('',(#9499),#9759,.T.);
#10268=ADVANCED_FACE('',(#9500),#9760,.T.);
#10269=ADVANCED_FACE('',(#9501),#9761,.T.);
#10270=ADVANCED_FACE('',(#9502),#9762,.T.);
#10271=ADVANCED_FACE('',(#9503),#9763,.T.);
#10272=ADVANCED_FACE('',(#9504),#9764,.T.);
#10273=ADVANCED_FACE('',(#9505),#9765,.T.);
#10274=ADVANCED_FACE('',(#9506),#9766,.T.);
#10275=ADVANCED_FACE('',(#9507),#9767,.T.);
#10276=ADVANCED_FACE('',(#9508),#9768,.T.);
#10277=ADVANCED_FACE('',(#9509),#9769,.T.);
#10278=ADVANCED_FACE('',(#9510),#9770,.T.);
#10279=ADVANCED_FACE('',(#9511),#9771,.T.);
#10280=ADVANCED_FACE('',(#9512),#9772,.T.);
#10281=ADVANCED_FACE('',(#9513),#9773,.T.);
#10282=ADVANCED_FACE('',(#9514),#9774,.T.);
#10283=ADVANCED_FACE('',(#9515),#9775,.T.);
#10284=ADVANCED_FACE('',(#9516),#9776,.T.);
#10285=ADVANCED_FACE('',(#9517),#9777,.T.);
#10286=ADVANCED_FACE('',(#9518),#9778,.T.);
#10287=ADVANCED_FACE('',(#9519),#9779,.T.);
#10288=ADVANCED_FACE('',(#9520),#9780,.T.);
#10289=ADVANCED_FACE('',(#9521),#9781,.T.);
#10290=ADVANCED_FACE('',(#9522),#9782,.T.);
#10291=ADVANCED_FACE('',(#9523),#9783,.T.);
#10292=ADVANCED_FACE('',(#9524),#330,.T.);
#10293=ADVANCED_FACE('',(#9525),#140,.T.);
#10294=ADVANCED_FACE('',(#9526),#141,.T.);
#10295=ADVANCED_FACE('',(#9527),#142,.T.);
#10296=ADVANCED_FACE('',(#9528),#143,.T.);
#10297=ADVANCED_FACE('',(#9529),#331,.T.);
#10298=ADVANCED_FACE('',(#9530),#9784,.T.);
#10299=ADVANCED_FACE('',(#9531),#332,.F.);
#10300=ADVANCED_FACE('',(#9532),#144,.T.);
#10301=ADVANCED_FACE('',(#9533),#145,.T.);
#10302=ADVANCED_FACE('',(#9534),#146,.T.);
#10303=ADVANCED_FACE('',(#9535),#147,.T.);
#10304=ADVANCED_FACE('',(#9536),#333,.F.);
#10305=ADVANCED_FACE('',(#9537),#334,.F.);
#10306=ADVANCED_FACE('',(#9538),#9785,.T.);
#10307=ADVANCED_FACE('',(#9539),#9786,.T.);
#10308=ADVANCED_FACE('',(#9540),#9787,.T.);
#10309=ADVANCED_FACE('',(#9541),#9788,.T.);
#10310=ADVANCED_FACE('',(#9542),#9789,.T.);
#10311=ADVANCED_FACE('',(#9543),#9790,.T.);
#10312=ADVANCED_FACE('',(#9544),#9791,.T.);
#10313=ADVANCED_FACE('',(#9545),#9792,.T.);
#10314=ADVANCED_FACE('',(#9546),#9793,.T.);
#10315=ADVANCED_FACE('',(#9547),#9794,.T.);
#10316=ADVANCED_FACE('',(#9548),#9795,.T.);
#10317=ADVANCED_FACE('',(#9549),#9796,.T.);
#10318=ADVANCED_FACE('',(#9550),#9797,.T.);
#10319=ADVANCED_FACE('',(#9551),#9798,.T.);
#10320=ADVANCED_FACE('',(#9552),#9799,.T.);
#10321=ADVANCED_FACE('',(#9553),#9800,.T.);
#10322=ADVANCED_FACE('',(#9554),#9801,.T.);
#10323=ADVANCED_FACE('',(#9555),#148,.T.);
#10324=ADVANCED_FACE('',(#9556),#149,.T.);
#10325=ADVANCED_FACE('',(#9557),#150,.T.);
#10326=ADVANCED_FACE('',(#9558),#9802,.T.);
#10327=ADVANCED_FACE('',(#9559),#9803,.T.);
#10328=ADVANCED_FACE('',(#9560),#9804,.T.);
#10329=ADVANCED_FACE('',(#9561),#151,.T.);
#10330=ADVANCED_FACE('',(#9562),#152,.T.);
#10331=ADVANCED_FACE('',(#9563),#153,.T.);
#10332=ADVANCED_FACE('',(#9564),#9805,.T.);
#10333=ADVANCED_FACE('',(#9565),#9806,.T.);
#10334=ADVANCED_FACE('',(#9566),#9807,.T.);
#10335=ADVANCED_FACE('',(#9567),#154,.T.);
#10336=ADVANCED_FACE('',(#9568),#155,.T.);
#10337=ADVANCED_FACE('',(#9569),#156,.T.);
#10338=ADVANCED_FACE('',(#9570),#157,.T.);
#10339=ADVANCED_FACE('',(#9571),#9808,.T.);
#10340=ADVANCED_FACE('',(#9572),#335,.F.);
#10341=ADVANCED_FACE('',(#9573),#158,.T.);
#10342=ADVANCED_FACE('',(#9574),#159,.T.);
#10343=ADVANCED_FACE('',(#9575),#160,.T.);
#10344=ADVANCED_FACE('',(#9576),#161,.T.);
#10345=ADVANCED_FACE('',(#9577),#9809,.T.);
#10346=ADVANCED_FACE('',(#9578,#9579,#9580),#9810,.T.);
#10347=ADVANCED_FACE('',(#9581),#9811,.T.);
#10348=ADVANCED_FACE('',(#9582),#162,.T.);
#10349=ADVANCED_FACE('',(#9583),#163,.T.);
#10350=ADVANCED_FACE('',(#9584),#9812,.T.);
#10351=ADVANCED_FACE('',(#9585),#9813,.T.);
#10352=ADVANCED_FACE('',(#9586),#164,.T.);
#10353=ADVANCED_FACE('',(#9587),#165,.T.);
#10354=ADVANCED_FACE('',(#9588),#166,.T.);
#10355=ADVANCED_FACE('',(#9589),#9814,.T.);
#10356=ADVANCED_FACE('',(#9590),#9815,.T.);
#10357=ADVANCED_FACE('',(#9591),#9816,.T.);
#10358=ADVANCED_FACE('',(#9592),#167,.T.);
#10359=ADVANCED_FACE('',(#9593),#9817,.T.);
#10360=ADVANCED_FACE('',(#9594,#9595),#9818,.T.);
#10361=ADVANCED_FACE('',(#9596),#336,.F.);
#10362=ADVANCED_FACE('',(#9597),#9819,.T.);
#10363=ADVANCED_FACE('',(#9598),#168,.T.);
#10364=ADVANCED_FACE('',(#9599),#9820,.T.);
#10365=ADVANCED_FACE('',(#9600),#9821,.T.);
#10366=ADVANCED_FACE('',(#9601),#9822,.T.);
#10367=ADVANCED_FACE('',(#9602),#9823,.T.);
#10368=ADVANCED_FACE('',(#9603),#9824,.T.);
#10369=ADVANCED_FACE('',(#9604),#9825,.T.);
#10370=ADVANCED_FACE('',(#9605),#9826,.T.);
#10371=ADVANCED_FACE('',(#9606),#9827,.T.);
#10372=ADVANCED_FACE('',(#9607),#337,.F.);
#10373=ADVANCED_FACE('',(#9608,#9609),#9828,.T.);
#10374=ADVANCED_FACE('',(#9610),#9829,.T.);
#10375=ADVANCED_FACE('',(#9611),#9830,.T.);
#10376=ADVANCED_FACE('',(#9612),#9831,.T.);
#10377=CLOSED_SHELL('',(#9832,#9833,#9834,#9835,#9836,#9837,#9838,#9839,
#9840,#9841,#9842,#9843,#9844,#9845,#9846,#9847,#9848,#9849,#9850,#9851,
#9852,#9853,#9854,#9855,#9856,#9857,#9858,#9859,#9860,#9861,#9862,#9863,
#9864,#9865,#9866,#9867,#9868,#9869,#9870,#9871,#9872,#9873,#9874,#9875,
#9876,#9877,#9878,#9879,#9880,#9881,#9882,#9883,#9884,#9885,#9886,#9887,
#9888,#9889,#9890,#9891,#9892,#9893,#9894,#9895,#9896,#9897,#9898,#9899,
#9900,#9901,#9902,#9903,#9904,#9905,#9906,#9907,#9908,#9909,#9910,#9911,
#9912,#9913,#9914,#9915,#9916,#9917,#9918,#9919,#9920,#9921,#9922,#9923,
#9924,#9925,#9926,#9927,#9928,#9929,#9930,#9931,#9932,#9933,#9934,#9935,
#9936,#9937,#9938,#9939,#9940,#9941,#9942,#9943,#9944,#9945,#9946,#9947,
#9948,#9949,#9950,#9951,#9952,#9953,#9954,#9955,#9956,#9957,#9958,#9959,
#9960,#9961,#9962,#9963,#9964,#9965,#9966,#9967,#9968,#9969,#9970,#9971,
#9972,#9973,#9974,#9975,#9976,#9977,#9978,#9979,#9980,#9981,#9982,#9983,
#9984,#9985,#9986,#9987,#9988,#9989,#9990,#9991,#9992,#9993,#9994,#9995,
#9996,#9997,#9998,#9999,#10000,#10001,#10002,#10003,#10004,#10005,#10006,
#10007,#10008,#10009,#10010,#10011,#10012,#10013,#10014,#10015,#10016,#10017,
#10018,#10019,#10020,#10021,#10022,#10023,#10024,#10025,#10026,#10027,#10028,
#10029,#10030,#10031,#10032,#10033,#10034,#10035,#10036,#10037,#10038,#10039,
#10040,#10041,#10042,#10043,#10044,#10045,#10046,#10047,#10048,#10049,#10050,
#10051,#10052,#10053,#10054,#10055,#10056,#10057,#10058,#10059,#10060,#10061,
#10062,#10063,#10064,#10065,#10066,#10067,#10068,#10069,#10070,#10071,#10072,
#10073,#10074,#10075,#10076,#10077,#10078,#10079,#10080,#10081,#10082,#10083,
#10084,#10085,#10086,#10087,#10088,#10089,#10090,#10091,#10092,#10093,#10094,
#10095,#10096,#10097,#10098,#10099,#10100,#10101,#10102,#10103,#10104,#10105,
#10106,#10107,#10108,#10109,#10110,#10111,#10112,#10113,#10114,#10115,#10116,
#10117,#10118,#10119,#10120,#10121,#10122,#10123,#10124,#10125,#10126,#10127,
#10128,#10129,#10130,#10131,#10132,#10133,#10134,#10135,#10136,#10137,#10138,
#10139,#10140,#10141,#10142,#10143,#10144,#10145,#10146,#10147,#10148,#10149,
#10150,#10151,#10152,#10153,#10154,#10155,#10156,#10157,#10158,#10159,#10160,
#10161,#10162,#10163,#10164,#10165,#10166,#10167,#10168,#10169,#10170,#10171,
#10172,#10173,#10174,#10175,#10176,#10177,#10178,#10179,#10180,#10181,#10182,
#10183,#10184,#10185,#10186,#10187,#10188,#10189,#10190,#10191,#10192,#10193,
#10194,#10195,#10196,#10197,#10198,#10199,#10200,#10201,#10202,#10203,#10204,
#10205,#10206,#10207,#10208,#10209,#10210,#10211,#10212,#10213,#10214,#10215,
#10216,#10217,#10218,#10219,#10220,#10221,#10222,#10223,#10224,#10225,#10226,
#10227,#10228,#10229,#10230,#10231,#10232,#10233,#10234,#10235,#10236,#10237,
#10238,#10239,#10240,#10241,#10242,#10243,#10244,#10245,#10246,#10247,#10248,
#10249,#10250,#10251,#10252,#10253,#10254,#10255,#10256,#10257,#10258,#10259,
#10260,#10261,#10262,#10263,#10264,#10265,#10266,#10267,#10268,#10269,#10270,
#10271,#10272,#10273,#10274,#10275,#10276,#10277,#10278,#10279,#10280,#10281,
#10282,#10283,#10284,#10285,#10286,#10287,#10288,#10289,#10290,#10291,#10292,
#10293,#10294,#10295,#10296,#10297,#10298,#10299,#10300,#10301,#10302,#10303,
#10304,#10305,#10306,#10307,#10308,#10309,#10310,#10311,#10312,#10313,#10314,
#10315,#10316,#10317,#10318,#10319,#10320,#10321,#10322,#10323,#10324,#10325,
#10326,#10327,#10328,#10329,#10330,#10331,#10332,#10333,#10334,#10335,#10336,
#10337,#10338,#10339,#10340,#10341,#10342,#10343,#10344,#10345,#10346,#10347,
#10348,#10349,#10350,#10351,#10352,#10353,#10354,#10355,#10356,#10357,#10358,
#10359,#10360,#10361,#10362,#10363,#10364,#10365,#10366,#10367,#10368,#10369,
#10370,#10371,#10372,#10373,#10374,#10375,#10376));
#10378=STYLED_ITEM('',(#10379),#10386);
#10379=PRESENTATION_STYLE_ASSIGNMENT((#10380));
#10380=SURFACE_STYLE_USAGE(.BOTH.,#10381);
#10381=SURFACE_SIDE_STYLE('',(#10382));
#10382=SURFACE_STYLE_FILL_AREA(#10383);
#10383=FILL_AREA_STYLE('',(#10384));
#10384=FILL_AREA_STYLE_COLOUR('',#10385);
#10385=COLOUR_RGB('',0.615686274509804,0.811764705882353,0.929411764705882);
#10386=MANIFOLD_SOLID_BREP('Part 1',#10377);
#10387=SHAPE_DEFINITION_REPRESENTATION(#18075,#10388);
#10388=SHAPE_REPRESENTATION('Part 1',(#10389),#18070);
#10389=AXIS2_PLACEMENT_3D('',#13347,#11116,#11117);
#10390=AXIS2_PLACEMENT_3D('',#13348,#11118,#11119);
#10391=AXIS2_PLACEMENT_3D('',#13402,#11138,#11139);
#10392=AXIS2_PLACEMENT_3D('',#13404,#11140,#11141);
#10393=AXIS2_PLACEMENT_3D('',#13422,#11142,#11143);
#10394=AXIS2_PLACEMENT_3D('',#13426,#11145,#11146);
#10395=AXIS2_PLACEMENT_3D('',#13444,#11147,#11148);
#10396=AXIS2_PLACEMENT_3D('',#13493,#11173,#11174);
#10397=AXIS2_PLACEMENT_3D('',#13544,#11177,#11178);
#10398=AXIS2_PLACEMENT_3D('',#13545,#11179,#11180);
#10399=AXIS2_PLACEMENT_3D('',#13552,#11183,#11184);
#10400=AXIS2_PLACEMENT_3D('',#13556,#11186,#11187);
#10401=AXIS2_PLACEMENT_3D('',#13562,#11190,#11191);
#10402=AXIS2_PLACEMENT_3D('',#13570,#11195,#11196);
#10403=AXIS2_PLACEMENT_3D('',#13576,#11199,#11200);
#10404=AXIS2_PLACEMENT_3D('',#13580,#11202,#11203);
#10405=AXIS2_PLACEMENT_3D('',#13586,#11206,#11207);
#10406=AXIS2_PLACEMENT_3D('',#13604,#11216,#11217);
#10407=AXIS2_PLACEMENT_3D('',#13632,#11223,#11224);
#10408=AXIS2_PLACEMENT_3D('',#13638,#11225,#11226);
#10409=AXIS2_PLACEMENT_3D('',#13712,#11239,#11240);
#10410=AXIS2_PLACEMENT_3D('',#13722,#11241,#11242);
#10411=AXIS2_PLACEMENT_3D('',#13740,#11243,#11244);
#10412=AXIS2_PLACEMENT_3D('',#13750,#11245,#11246);
#10413=AXIS2_PLACEMENT_3D('',#13755,#11247,#11248);
#10414=AXIS2_PLACEMENT_3D('',#13757,#11249,#11250);
#10415=AXIS2_PLACEMENT_3D('',#13759,#11251,#11252);
#10416=AXIS2_PLACEMENT_3D('',#13761,#11253,#11254);
#10417=AXIS2_PLACEMENT_3D('',#13763,#11255,#11256);
#10418=AXIS2_PLACEMENT_3D('',#13765,#11257,#11258);
#10419=AXIS2_PLACEMENT_3D('',#13767,#11259,#11260);
#10420=AXIS2_PLACEMENT_3D('',#13769,#11261,#11262);
#10421=AXIS2_PLACEMENT_3D('',#13771,#11263,#11264);
#10422=AXIS2_PLACEMENT_3D('',#13773,#11265,#11266);
#10423=AXIS2_PLACEMENT_3D('',#13775,#11267,#11268);
#10424=AXIS2_PLACEMENT_3D('',#13777,#11269,#11270);
#10425=AXIS2_PLACEMENT_3D('',#13779,#11271,#11272);
#10426=AXIS2_PLACEMENT_3D('',#13781,#11273,#11274);
#10427=AXIS2_PLACEMENT_3D('',#13783,#11275,#11276);
#10428=AXIS2_PLACEMENT_3D('',#13785,#11277,#11278);
#10429=AXIS2_PLACEMENT_3D('',#13787,#11279,#11280);
#10430=AXIS2_PLACEMENT_3D('',#13789,#11281,#11282);
#10431=AXIS2_PLACEMENT_3D('',#13791,#11283,#11284);
#10432=AXIS2_PLACEMENT_3D('',#13793,#11285,#11286);
#10433=AXIS2_PLACEMENT_3D('',#13795,#11287,#11288);
#10434=AXIS2_PLACEMENT_3D('',#13797,#11289,#11290);
#10435=AXIS2_PLACEMENT_3D('',#13799,#11291,#11292);
#10436=AXIS2_PLACEMENT_3D('',#13801,#11293,#11294);
#10437=AXIS2_PLACEMENT_3D('',#13803,#11295,#11296);
#10438=AXIS2_PLACEMENT_3D('',#13805,#11297,#11298);
#10439=AXIS2_PLACEMENT_3D('',#13807,#11299,#11300);
#10440=AXIS2_PLACEMENT_3D('',#13809,#11301,#11302);
#10441=AXIS2_PLACEMENT_3D('',#13811,#11303,#11304);
#10442=AXIS2_PLACEMENT_3D('',#13813,#11305,#11306);
#10443=AXIS2_PLACEMENT_3D('',#13815,#11307,#11308);
#10444=AXIS2_PLACEMENT_3D('',#13817,#11309,#11310);
#10445=AXIS2_PLACEMENT_3D('',#13819,#11311,#11312);
#10446=AXIS2_PLACEMENT_3D('',#13821,#11313,#11314);
#10447=AXIS2_PLACEMENT_3D('',#13823,#11315,#11316);
#10448=AXIS2_PLACEMENT_3D('',#13825,#11317,#11318);
#10449=AXIS2_PLACEMENT_3D('',#13827,#11319,#11320);
#10450=AXIS2_PLACEMENT_3D('',#13829,#11321,#11322);
#10451=AXIS2_PLACEMENT_3D('',#13831,#11323,#11324);
#10452=AXIS2_PLACEMENT_3D('',#13833,#11325,#11326);
#10453=AXIS2_PLACEMENT_3D('',#13835,#11327,#11328);
#10454=AXIS2_PLACEMENT_3D('',#13837,#11329,#11330);
#10455=AXIS2_PLACEMENT_3D('',#13839,#11331,#11332);
#10456=AXIS2_PLACEMENT_3D('',#13841,#11333,#11334);
#10457=AXIS2_PLACEMENT_3D('',#13843,#11335,#11336);
#10458=AXIS2_PLACEMENT_3D('',#13845,#11337,#11338);
#10459=AXIS2_PLACEMENT_3D('',#13847,#11339,#11340);
#10460=AXIS2_PLACEMENT_3D('',#13849,#11341,#11342);
#10461=AXIS2_PLACEMENT_3D('',#13851,#11343,#11344);
#10462=AXIS2_PLACEMENT_3D('',#13853,#11345,#11346);
#10463=AXIS2_PLACEMENT_3D('',#13855,#11347,#11348);
#10464=AXIS2_PLACEMENT_3D('',#13857,#11349,#11350);
#10465=AXIS2_PLACEMENT_3D('',#13859,#11351,#11352);
#10466=AXIS2_PLACEMENT_3D('',#13861,#11353,#11354);
#10467=AXIS2_PLACEMENT_3D('',#13863,#11355,#11356);
#10468=AXIS2_PLACEMENT_3D('',#13865,#11357,#11358);
#10469=AXIS2_PLACEMENT_3D('',#13867,#11359,#11360);
#10470=AXIS2_PLACEMENT_3D('',#13869,#11361,#11362);
#10471=AXIS2_PLACEMENT_3D('',#13871,#11363,#11364);
#10472=AXIS2_PLACEMENT_3D('',#13873,#11365,#11366);
#10473=AXIS2_PLACEMENT_3D('',#13875,#11367,#11368);
#10474=AXIS2_PLACEMENT_3D('',#13877,#11369,#11370);
#10475=AXIS2_PLACEMENT_3D('',#13879,#11371,#11372);
#10476=AXIS2_PLACEMENT_3D('',#13881,#11373,#11374);
#10477=AXIS2_PLACEMENT_3D('',#13883,#11375,#11376);
#10478=AXIS2_PLACEMENT_3D('',#13885,#11377,#11378);
#10479=AXIS2_PLACEMENT_3D('',#13887,#11379,#11380);
#10480=AXIS2_PLACEMENT_3D('',#13889,#11381,#11382);
#10481=AXIS2_PLACEMENT_3D('',#13891,#11383,#11384);
#10482=AXIS2_PLACEMENT_3D('',#13893,#11385,#11386);
#10483=AXIS2_PLACEMENT_3D('',#13895,#11387,#11388);
#10484=AXIS2_PLACEMENT_3D('',#13897,#11389,#11390);
#10485=AXIS2_PLACEMENT_3D('',#13899,#11391,#11392);
#10486=AXIS2_PLACEMENT_3D('',#13901,#11393,#11394);
#10487=AXIS2_PLACEMENT_3D('',#13903,#11395,#11396);
#10488=AXIS2_PLACEMENT_3D('',#13905,#11397,#11398);
#10489=AXIS2_PLACEMENT_3D('',#13907,#11399,#11400);
#10490=AXIS2_PLACEMENT_3D('',#13909,#11401,#11402);
#10491=AXIS2_PLACEMENT_3D('',#13911,#11403,#11404);
#10492=AXIS2_PLACEMENT_3D('',#13913,#11405,#11406);
#10493=AXIS2_PLACEMENT_3D('',#13915,#11407,#11408);
#10494=AXIS2_PLACEMENT_3D('',#13917,#11409,#11410);
#10495=AXIS2_PLACEMENT_3D('',#13919,#11411,#11412);
#10496=AXIS2_PLACEMENT_3D('',#13921,#11413,#11414);
#10497=AXIS2_PLACEMENT_3D('',#13923,#11415,#11416);
#10498=AXIS2_PLACEMENT_3D('',#13925,#11417,#11418);
#10499=AXIS2_PLACEMENT_3D('',#13927,#11419,#11420);
#10500=AXIS2_PLACEMENT_3D('',#13929,#11421,#11422);
#10501=AXIS2_PLACEMENT_3D('',#13931,#11423,#11424);
#10502=AXIS2_PLACEMENT_3D('',#13933,#11425,#11426);
#10503=AXIS2_PLACEMENT_3D('',#13935,#11427,#11428);
#10504=AXIS2_PLACEMENT_3D('',#13937,#11429,#11430);
#10505=AXIS2_PLACEMENT_3D('',#13939,#11431,#11432);
#10506=AXIS2_PLACEMENT_3D('',#13941,#11433,#11434);
#10507=AXIS2_PLACEMENT_3D('',#13943,#11435,#11436);
#10508=AXIS2_PLACEMENT_3D('',#13945,#11437,#11438);
#10509=AXIS2_PLACEMENT_3D('',#13960,#11443,#11444);
#10510=AXIS2_PLACEMENT_3D('',#13962,#11445,#11446);
#10511=AXIS2_PLACEMENT_3D('',#13972,#11447,#11448);
#10512=AXIS2_PLACEMENT_3D('',#13974,#11449,#11450);
#10513=AXIS2_PLACEMENT_3D('',#13982,#11452,#11453);
#10514=AXIS2_PLACEMENT_3D('',#13984,#11454,#11455);
#10515=AXIS2_PLACEMENT_3D('',#13990,#11456,#11457);
#10516=AXIS2_PLACEMENT_3D('',#13992,#11458,#11459);
#10517=AXIS2_PLACEMENT_3D('',#13994,#11460,#11461);
#10518=AXIS2_PLACEMENT_3D('',#13996,#11462,#11463);
#10519=AXIS2_PLACEMENT_3D('',#14044,#11469,#11470);
#10520=AXIS2_PLACEMENT_3D('',#14046,#11471,#11472);
#10521=AXIS2_PLACEMENT_3D('',#14082,#11476,#11477);
#10522=AXIS2_PLACEMENT_3D('',#14084,#11478,#11479);
#10523=AXIS2_PLACEMENT_3D('',#14095,#11481,#11482);
#10524=AXIS2_PLACEMENT_3D('',#14120,#11484,#11485);
#10525=AXIS2_PLACEMENT_3D('',#14122,#11486,#11487);
#10526=AXIS2_PLACEMENT_3D('',#14132,#11488,#11489);
#10527=AXIS2_PLACEMENT_3D('',#14134,#11490,#11491);
#10528=AXIS2_PLACEMENT_3D('',#14174,#11511,#11512);
#10529=AXIS2_PLACEMENT_3D('',#14194,#11522,#11523);
#10530=AXIS2_PLACEMENT_3D('',#14214,#11533,#11534);
#10531=AXIS2_PLACEMENT_3D('',#14234,#11544,#11545);
#10532=AXIS2_PLACEMENT_3D('',#14288,#11554,#11555);
#10533=AXIS2_PLACEMENT_3D('',#14290,#11556,#11557);
#10534=AXIS2_PLACEMENT_3D('',#14300,#11558,#11559);
#10535=AXIS2_PLACEMENT_3D('',#14302,#11560,#11561);
#10536=AXIS2_PLACEMENT_3D('',#14310,#11563,#11564);
#10537=AXIS2_PLACEMENT_3D('',#14312,#11565,#11566);
#10538=AXIS2_PLACEMENT_3D('',#14318,#11567,#11568);
#10539=AXIS2_PLACEMENT_3D('',#14320,#11569,#11570);
#10540=AXIS2_PLACEMENT_3D('',#14322,#11571,#11572);
#10541=AXIS2_PLACEMENT_3D('',#14324,#11573,#11574);
#10542=AXIS2_PLACEMENT_3D('',#14354,#11579,#11580);
#10543=AXIS2_PLACEMENT_3D('',#14360,#11581,#11582);
#10544=AXIS2_PLACEMENT_3D('',#14395,#11584,#11585);
#10545=AXIS2_PLACEMENT_3D('',#14414,#11588,#11589);
#10546=AXIS2_PLACEMENT_3D('',#14451,#11600,#11601);
#10547=AXIS2_PLACEMENT_3D('',#14467,#11611,#11612);
#10548=AXIS2_PLACEMENT_3D('',#14468,#11613,#11614);
#10549=AXIS2_PLACEMENT_3D('',#14470,#11615,#11616);
#10550=AXIS2_PLACEMENT_3D('',#14472,#11617,#11618);
#10551=AXIS2_PLACEMENT_3D('',#14473,#11619,#11620);
#10552=AXIS2_PLACEMENT_3D('',#14475,#11621,#11622);
#10553=AXIS2_PLACEMENT_3D('',#14477,#11623,#11624);
#10554=AXIS2_PLACEMENT_3D('',#14478,#11625,#11626);
#10555=AXIS2_PLACEMENT_3D('',#14480,#11627,#11628);
#10556=AXIS2_PLACEMENT_3D('',#14482,#11629,#11630);
#10557=AXIS2_PLACEMENT_3D('',#14483,#11631,#11632);
#10558=AXIS2_PLACEMENT_3D('',#14485,#11633,#11634);
#10559=AXIS2_PLACEMENT_3D('',#14487,#11635,#11636);
#10560=AXIS2_PLACEMENT_3D('',#14488,#11637,#11638);
#10561=AXIS2_PLACEMENT_3D('',#14490,#11639,#11640);
#10562=AXIS2_PLACEMENT_3D('',#14492,#11641,#11642);
#10563=AXIS2_PLACEMENT_3D('',#14494,#11643,#11644);
#10564=AXIS2_PLACEMENT_3D('',#14496,#11645,#11646);
#10565=AXIS2_PLACEMENT_3D('',#14498,#11647,#11648);
#10566=AXIS2_PLACEMENT_3D('',#14500,#11649,#11650);
#10567=AXIS2_PLACEMENT_3D('',#14502,#11651,#11652);
#10568=AXIS2_PLACEMENT_3D('',#14504,#11653,#11654);
#10569=AXIS2_PLACEMENT_3D('',#14506,#11655,#11656);
#10570=AXIS2_PLACEMENT_3D('',#14508,#11657,#11658);
#10571=AXIS2_PLACEMENT_3D('',#14510,#11659,#11660);
#10572=AXIS2_PLACEMENT_3D('',#14512,#11661,#11662);
#10573=AXIS2_PLACEMENT_3D('',#14514,#11663,#11664);
#10574=AXIS2_PLACEMENT_3D('',#14516,#11665,#11666);
#10575=AXIS2_PLACEMENT_3D('',#14518,#11667,#11668);
#10576=AXIS2_PLACEMENT_3D('',#14520,#11669,#11670);
#10577=AXIS2_PLACEMENT_3D('',#14522,#11671,#11672);
#10578=AXIS2_PLACEMENT_3D('',#14524,#11673,#11674);
#10579=AXIS2_PLACEMENT_3D('',#14526,#11675,#11676);
#10580=AXIS2_PLACEMENT_3D('',#14528,#11677,#11678);
#10581=AXIS2_PLACEMENT_3D('',#14530,#11679,#11680);
#10582=AXIS2_PLACEMENT_3D('',#14532,#11681,#11682);
#10583=AXIS2_PLACEMENT_3D('',#14534,#11683,#11684);
#10584=AXIS2_PLACEMENT_3D('',#14536,#11685,#11686);
#10585=AXIS2_PLACEMENT_3D('',#14538,#11687,#11688);
#10586=AXIS2_PLACEMENT_3D('',#14540,#11689,#11690);
#10587=AXIS2_PLACEMENT_3D('',#14542,#11691,#11692);
#10588=AXIS2_PLACEMENT_3D('',#14544,#11693,#11694);
#10589=AXIS2_PLACEMENT_3D('',#14546,#11695,#11696);
#10590=AXIS2_PLACEMENT_3D('',#14548,#11697,#11698);
#10591=AXIS2_PLACEMENT_3D('',#14550,#11699,#11700);
#10592=AXIS2_PLACEMENT_3D('',#14552,#11701,#11702);
#10593=AXIS2_PLACEMENT_3D('',#14554,#11703,#11704);
#10594=AXIS2_PLACEMENT_3D('',#14556,#11705,#11706);
#10595=AXIS2_PLACEMENT_3D('',#14558,#11707,#11708);
#10596=AXIS2_PLACEMENT_3D('',#14560,#11709,#11710);
#10597=AXIS2_PLACEMENT_3D('',#14562,#11711,#11712);
#10598=AXIS2_PLACEMENT_3D('',#14564,#11713,#11714);
#10599=AXIS2_PLACEMENT_3D('',#14566,#11715,#11716);
#10600=AXIS2_PLACEMENT_3D('',#14568,#11717,#11718);
#10601=AXIS2_PLACEMENT_3D('',#14570,#11719,#11720);
#10602=AXIS2_PLACEMENT_3D('',#14572,#11721,#11722);
#10603=AXIS2_PLACEMENT_3D('',#14574,#11723,#11724);
#10604=AXIS2_PLACEMENT_3D('',#14576,#11725,#11726);
#10605=AXIS2_PLACEMENT_3D('',#14578,#11727,#11728);
#10606=AXIS2_PLACEMENT_3D('',#14580,#11729,#11730);
#10607=AXIS2_PLACEMENT_3D('',#14582,#11731,#11732);
#10608=AXIS2_PLACEMENT_3D('',#14584,#11733,#11734);
#10609=AXIS2_PLACEMENT_3D('',#14586,#11735,#11736);
#10610=AXIS2_PLACEMENT_3D('',#14588,#11737,#11738);
#10611=AXIS2_PLACEMENT_3D('',#14590,#11739,#11740);
#10612=AXIS2_PLACEMENT_3D('',#14592,#11741,#11742);
#10613=AXIS2_PLACEMENT_3D('',#14594,#11743,#11744);
#10614=AXIS2_PLACEMENT_3D('',#14596,#11745,#11746);
#10615=AXIS2_PLACEMENT_3D('',#14598,#11747,#11748);
#10616=AXIS2_PLACEMENT_3D('',#14600,#11749,#11750);
#10617=AXIS2_PLACEMENT_3D('',#14602,#11751,#11752);
#10618=AXIS2_PLACEMENT_3D('',#14604,#11753,#11754);
#10619=AXIS2_PLACEMENT_3D('',#14606,#11755,#11756);
#10620=AXIS2_PLACEMENT_3D('',#14608,#11757,#11758);
#10621=AXIS2_PLACEMENT_3D('',#14610,#11759,#11760);
#10622=AXIS2_PLACEMENT_3D('',#14612,#11761,#11762);
#10623=AXIS2_PLACEMENT_3D('',#14614,#11763,#11764);
#10624=AXIS2_PLACEMENT_3D('',#14616,#11765,#11766);
#10625=AXIS2_PLACEMENT_3D('',#14618,#11767,#11768);
#10626=AXIS2_PLACEMENT_3D('',#14620,#11769,#11770);
#10627=AXIS2_PLACEMENT_3D('',#14622,#11771,#11772);
#10628=AXIS2_PLACEMENT_3D('',#14624,#11773,#11774);
#10629=AXIS2_PLACEMENT_3D('',#14626,#11775,#11776);
#10630=AXIS2_PLACEMENT_3D('',#14628,#11777,#11778);
#10631=AXIS2_PLACEMENT_3D('',#14630,#11779,#11780);
#10632=AXIS2_PLACEMENT_3D('',#14632,#11781,#11782);
#10633=AXIS2_PLACEMENT_3D('',#14634,#11783,#11784);
#10634=AXIS2_PLACEMENT_3D('',#14636,#11785,#11786);
#10635=AXIS2_PLACEMENT_3D('',#14638,#11787,#11788);
#10636=AXIS2_PLACEMENT_3D('',#14640,#11789,#11790);
#10637=AXIS2_PLACEMENT_3D('',#14642,#11791,#11792);
#10638=AXIS2_PLACEMENT_3D('',#14644,#11793,#11794);
#10639=AXIS2_PLACEMENT_3D('',#14646,#11795,#11796);
#10640=AXIS2_PLACEMENT_3D('',#14648,#11797,#11798);
#10641=AXIS2_PLACEMENT_3D('',#14650,#11799,#11800);
#10642=AXIS2_PLACEMENT_3D('',#14652,#11801,#11802);
#10643=AXIS2_PLACEMENT_3D('',#14654,#11803,#11804);
#10644=AXIS2_PLACEMENT_3D('',#14656,#11805,#11806);
#10645=AXIS2_PLACEMENT_3D('',#14658,#11807,#11808);
#10646=AXIS2_PLACEMENT_3D('',#14660,#11809,#11810);
#10647=AXIS2_PLACEMENT_3D('',#14662,#11811,#11812);
#10648=AXIS2_PLACEMENT_3D('',#14664,#11813,#11814);
#10649=AXIS2_PLACEMENT_3D('',#14666,#11815,#11816);
#10650=AXIS2_PLACEMENT_3D('',#14668,#11817,#11818);
#10651=AXIS2_PLACEMENT_3D('',#14670,#11819,#11820);
#10652=AXIS2_PLACEMENT_3D('',#14672,#11821,#11822);
#10653=AXIS2_PLACEMENT_3D('',#14674,#11823,#11824);
#10654=AXIS2_PLACEMENT_3D('',#14676,#11825,#11826);
#10655=AXIS2_PLACEMENT_3D('',#14678,#11827,#11828);
#10656=AXIS2_PLACEMENT_3D('',#14680,#11829,#11830);
#10657=AXIS2_PLACEMENT_3D('',#14682,#11831,#11832);
#10658=AXIS2_PLACEMENT_3D('',#14686,#11834,#11835);
#10659=AXIS2_PLACEMENT_3D('',#14690,#11837,#11838);
#10660=AXIS2_PLACEMENT_3D('',#14694,#11840,#11841);
#10661=AXIS2_PLACEMENT_3D('',#14695,#11842,#11843);
#10662=AXIS2_PLACEMENT_3D('',#14696,#11844,#11845);
#10663=AXIS2_PLACEMENT_3D('',#14697,#11846,#11847);
#10664=AXIS2_PLACEMENT_3D('',#14698,#11848,#11849);
#10665=AXIS2_PLACEMENT_3D('',#14699,#11850,#11851);
#10666=AXIS2_PLACEMENT_3D('',#14700,#11852,#11853);
#10667=AXIS2_PLACEMENT_3D('',#14701,#11854,#11855);
#10668=AXIS2_PLACEMENT_3D('',#14702,#11856,#11857);
#10669=AXIS2_PLACEMENT_3D('',#14703,#11858,#11859);
#10670=AXIS2_PLACEMENT_3D('',#14704,#11860,#11861);
#10671=AXIS2_PLACEMENT_3D('',#14705,#11862,#11863);
#10672=AXIS2_PLACEMENT_3D('',#14706,#11864,#11865);
#10673=AXIS2_PLACEMENT_3D('',#14707,#11866,#11867);
#10674=AXIS2_PLACEMENT_3D('',#14708,#11868,#11869);
#10675=AXIS2_PLACEMENT_3D('',#14709,#11870,#11871);
#10676=AXIS2_PLACEMENT_3D('',#14710,#11872,#11873);
#10677=AXIS2_PLACEMENT_3D('',#14711,#11874,#11875);
#10678=AXIS2_PLACEMENT_3D('',#14712,#11876,#11877);
#10679=AXIS2_PLACEMENT_3D('',#14713,#11878,#11879);
#10680=AXIS2_PLACEMENT_3D('',#14714,#11880,#11881);
#10681=AXIS2_PLACEMENT_3D('',#14715,#11882,#11883);
#10682=AXIS2_PLACEMENT_3D('',#14716,#11884,#11885);
#10683=AXIS2_PLACEMENT_3D('',#14717,#11886,#11887);
#10684=AXIS2_PLACEMENT_3D('',#14718,#11888,#11889);
#10685=AXIS2_PLACEMENT_3D('',#14719,#11890,#11891);
#10686=AXIS2_PLACEMENT_3D('',#14720,#11892,#11893);
#10687=AXIS2_PLACEMENT_3D('',#14721,#11894,#11895);
#10688=AXIS2_PLACEMENT_3D('',#14722,#11896,#11897);
#10689=AXIS2_PLACEMENT_3D('',#14723,#11898,#11899);
#10690=AXIS2_PLACEMENT_3D('',#14724,#11900,#11901);
#10691=AXIS2_PLACEMENT_3D('',#14725,#11902,#11903);
#10692=AXIS2_PLACEMENT_3D('',#14726,#11904,#11905);
#10693=AXIS2_PLACEMENT_3D('',#14727,#11906,#11907);
#10694=AXIS2_PLACEMENT_3D('',#14728,#11908,#11909);
#10695=AXIS2_PLACEMENT_3D('',#14729,#11910,#11911);
#10696=AXIS2_PLACEMENT_3D('',#14730,#11912,#11913);
#10697=AXIS2_PLACEMENT_3D('',#14731,#11914,#11915);
#10698=AXIS2_PLACEMENT_3D('',#14732,#11916,#11917);
#10699=AXIS2_PLACEMENT_3D('',#14733,#11918,#11919);
#10700=AXIS2_PLACEMENT_3D('',#14734,#11920,#11921);
#10701=AXIS2_PLACEMENT_3D('',#14735,#11922,#11923);
#10702=AXIS2_PLACEMENT_3D('',#14736,#11924,#11925);
#10703=AXIS2_PLACEMENT_3D('',#14737,#11926,#11927);
#10704=AXIS2_PLACEMENT_3D('',#14738,#11928,#11929);
#10705=AXIS2_PLACEMENT_3D('',#14739,#11930,#11931);
#10706=AXIS2_PLACEMENT_3D('',#14740,#11932,#11933);
#10707=AXIS2_PLACEMENT_3D('',#14741,#11934,#11935);
#10708=AXIS2_PLACEMENT_3D('',#14742,#11936,#11937);
#10709=AXIS2_PLACEMENT_3D('',#14743,#11938,#11939);
#10710=AXIS2_PLACEMENT_3D('',#14744,#11940,#11941);
#10711=AXIS2_PLACEMENT_3D('',#14745,#11942,#11943);
#10712=AXIS2_PLACEMENT_3D('',#14746,#11944,#11945);
#10713=AXIS2_PLACEMENT_3D('',#14747,#11946,#11947);
#10714=AXIS2_PLACEMENT_3D('',#14748,#11948,#11949);
#10715=AXIS2_PLACEMENT_3D('',#14749,#11950,#11951);
#10716=AXIS2_PLACEMENT_3D('',#14750,#11952,#11953);
#10717=AXIS2_PLACEMENT_3D('',#14751,#11954,#11955);
#10718=AXIS2_PLACEMENT_3D('',#14752,#11956,#11957);
#10719=AXIS2_PLACEMENT_3D('',#14753,#11958,#11959);
#10720=AXIS2_PLACEMENT_3D('',#14754,#11960,#11961);
#10721=AXIS2_PLACEMENT_3D('',#14755,#11962,#11963);
#10722=AXIS2_PLACEMENT_3D('',#14756,#11964,#11965);
#10723=AXIS2_PLACEMENT_3D('',#14757,#11966,#11967);
#10724=AXIS2_PLACEMENT_3D('',#14758,#11968,#11969);
#10725=AXIS2_PLACEMENT_3D('',#14759,#11970,#11971);
#10726=AXIS2_PLACEMENT_3D('',#14760,#11972,#11973);
#10727=AXIS2_PLACEMENT_3D('',#14761,#11974,#11975);
#10728=AXIS2_PLACEMENT_3D('',#14762,#11976,#11977);
#10729=AXIS2_PLACEMENT_3D('',#14763,#11978,#11979);
#10730=AXIS2_PLACEMENT_3D('',#14764,#11980,#11981);
#10731=AXIS2_PLACEMENT_3D('',#14765,#11982,#11983);
#10732=AXIS2_PLACEMENT_3D('',#14766,#11984,#11985);
#10733=AXIS2_PLACEMENT_3D('',#14767,#11986,#11987);
#10734=AXIS2_PLACEMENT_3D('',#14768,#11988,#11989);
#10735=AXIS2_PLACEMENT_3D('',#14769,#11990,#11991);
#10736=AXIS2_PLACEMENT_3D('',#14770,#11992,#11993);
#10737=AXIS2_PLACEMENT_3D('',#14771,#11994,#11995);
#10738=AXIS2_PLACEMENT_3D('',#14772,#11996,#11997);
#10739=AXIS2_PLACEMENT_3D('',#14773,#11998,#11999);
#10740=AXIS2_PLACEMENT_3D('',#14774,#12000,#12001);
#10741=AXIS2_PLACEMENT_3D('',#14775,#12002,#12003);
#10742=AXIS2_PLACEMENT_3D('',#14776,#12004,#12005);
#10743=AXIS2_PLACEMENT_3D('',#14777,#12006,#12007);
#10744=AXIS2_PLACEMENT_3D('',#14778,#12008,#12009);
#10745=AXIS2_PLACEMENT_3D('',#14779,#12010,#12011);
#10746=AXIS2_PLACEMENT_3D('',#14780,#12012,#12013);
#10747=AXIS2_PLACEMENT_3D('',#14781,#12014,#12015);
#10748=AXIS2_PLACEMENT_3D('',#14782,#12016,#12017);
#10749=AXIS2_PLACEMENT_3D('',#14783,#12018,#12019);
#10750=AXIS2_PLACEMENT_3D('',#14784,#12020,#12021);
#10751=AXIS2_PLACEMENT_3D('',#14785,#12022,#12023);
#10752=AXIS2_PLACEMENT_3D('',#14786,#12024,#12025);
#10753=AXIS2_PLACEMENT_3D('',#14787,#12026,#12027);
#10754=AXIS2_PLACEMENT_3D('',#14788,#12028,#12029);
#10755=AXIS2_PLACEMENT_3D('',#14789,#12030,#12031);
#10756=AXIS2_PLACEMENT_3D('',#14790,#12032,#12033);
#10757=AXIS2_PLACEMENT_3D('',#14793,#12036,#12037);
#10758=AXIS2_PLACEMENT_3D('',#14806,#12046,#12047);
#10759=AXIS2_PLACEMENT_3D('',#14809,#12050,#12051);
#10760=AXIS2_PLACEMENT_3D('',#14810,#12052,#12053);
#10761=AXIS2_PLACEMENT_3D('',#14811,#12054,#12055);
#10762=AXIS2_PLACEMENT_3D('',#14812,#12056,#12057);
#10763=AXIS2_PLACEMENT_3D('',#14813,#12058,#12059);
#10764=AXIS2_PLACEMENT_3D('',#14814,#12060,#12061);
#10765=AXIS2_PLACEMENT_3D('',#14820,#12065,#12066);
#10766=AXIS2_PLACEMENT_3D('',#14824,#12069,#12070);
#10767=AXIS2_PLACEMENT_3D('',#14828,#12073,#12074);
#10768=AXIS2_PLACEMENT_3D('',#14832,#12077,#12078);
#10769=AXIS2_PLACEMENT_3D('',#14849,#12082,#12083);
#10770=AXIS2_PLACEMENT_3D('',#14852,#12085,#12086);
#10771=AXIS2_PLACEMENT_3D('',#14853,#12087,#12088);
#10772=AXIS2_PLACEMENT_3D('',#14856,#12090,#12091);
#10773=AXIS2_PLACEMENT_3D('',#14857,#12092,#12093);
#10774=AXIS2_PLACEMENT_3D('',#14860,#12095,#12096);
#10775=AXIS2_PLACEMENT_3D('',#14861,#12097,#12098);
#10776=AXIS2_PLACEMENT_3D('',#14864,#12100,#12101);
#10777=AXIS2_PLACEMENT_3D('',#14878,#12103,#12104);
#10778=AXIS2_PLACEMENT_3D('',#14881,#12106,#12107);
#10779=AXIS2_PLACEMENT_3D('',#14882,#12108,#12109);
#10780=AXIS2_PLACEMENT_3D('',#14885,#12111,#12112);
#10781=AXIS2_PLACEMENT_3D('',#14899,#12114,#12115);
#10782=AXIS2_PLACEMENT_3D('',#14903,#12118,#12119);
#10783=AXIS2_PLACEMENT_3D('',#14906,#12121,#12122);
#10784=AXIS2_PLACEMENT_3D('',#14907,#12123,#12124);
#10785=AXIS2_PLACEMENT_3D('',#14910,#12126,#12127);
#10786=AXIS2_PLACEMENT_3D('',#14937,#12130,#12131);
#10787=AXIS2_PLACEMENT_3D('',#14940,#12133,#12134);
#10788=AXIS2_PLACEMENT_3D('',#14941,#12135,#12136);
#10789=AXIS2_PLACEMENT_3D('',#14944,#12138,#12139);
#10790=AXIS2_PLACEMENT_3D('',#14958,#12141,#12142);
#10791=AXIS2_PLACEMENT_3D('',#14962,#12145,#12146);
#10792=AXIS2_PLACEMENT_3D('',#14964,#12148,#12149);
#10793=AXIS2_PLACEMENT_3D('',#15019,#12155,#12156);
#10794=AXIS2_PLACEMENT_3D('',#15023,#12159,#12160);
#10795=AXIS2_PLACEMENT_3D('',#15026,#12162,#12163);
#10796=AXIS2_PLACEMENT_3D('',#15027,#12164,#12165);
#10797=AXIS2_PLACEMENT_3D('',#15030,#12167,#12168);
#10798=AXIS2_PLACEMENT_3D('',#15070,#12172,#12173);
#10799=AXIS2_PLACEMENT_3D('',#15074,#12176,#12177);
#10800=AXIS2_PLACEMENT_3D('',#15078,#12180,#12181);
#10801=AXIS2_PLACEMENT_3D('',#15134,#12188,#12189);
#10802=AXIS2_PLACEMENT_3D('',#15137,#12191,#12192);
#10803=AXIS2_PLACEMENT_3D('',#15138,#12193,#12194);
#10804=AXIS2_PLACEMENT_3D('',#15141,#12196,#12197);
#10805=AXIS2_PLACEMENT_3D('',#15142,#12198,#12199);
#10806=AXIS2_PLACEMENT_3D('',#15211,#12207,#12208);
#10807=AXIS2_PLACEMENT_3D('',#15226,#12211,#12212);
#10808=AXIS2_PLACEMENT_3D('',#15242,#12215,#12216);
#10809=AXIS2_PLACEMENT_3D('',#15245,#12218,#12219);
#10810=AXIS2_PLACEMENT_3D('',#15246,#12220,#12221);
#10811=AXIS2_PLACEMENT_3D('',#15250,#12224,#12225);
#10812=AXIS2_PLACEMENT_3D('',#15254,#12228,#12229);
#10813=AXIS2_PLACEMENT_3D('',#15258,#12232,#12233);
#10814=AXIS2_PLACEMENT_3D('',#15262,#12236,#12237);
#10815=AXIS2_PLACEMENT_3D('',#15266,#12240,#12241);
#10816=AXIS2_PLACEMENT_3D('',#15270,#12244,#12245);
#10817=AXIS2_PLACEMENT_3D('',#15274,#12248,#12249);
#10818=AXIS2_PLACEMENT_3D('',#15277,#12251,#12252);
#10819=AXIS2_PLACEMENT_3D('',#15278,#12253,#12254);
#10820=AXIS2_PLACEMENT_3D('',#15281,#12256,#12257);
#10821=AXIS2_PLACEMENT_3D('',#15308,#12260,#12261);
#10822=AXIS2_PLACEMENT_3D('',#15311,#12263,#12264);
#10823=AXIS2_PLACEMENT_3D('',#15312,#12265,#12266);
#10824=AXIS2_PLACEMENT_3D('',#15315,#12268,#12269);
#10825=AXIS2_PLACEMENT_3D('',#15316,#12270,#12271);
#10826=AXIS2_PLACEMENT_3D('',#15370,#12277,#12278);
#10827=AXIS2_PLACEMENT_3D('',#15371,#12279,#12280);
#10828=AXIS2_PLACEMENT_3D('',#15377,#12284,#12285);
#10829=AXIS2_PLACEMENT_3D('',#15381,#12288,#12289);
#10830=AXIS2_PLACEMENT_3D('',#15385,#12292,#12293);
#10831=AXIS2_PLACEMENT_3D('',#15389,#12296,#12297);
#10832=AXIS2_PLACEMENT_3D('',#15393,#12300,#12301);
#10833=AXIS2_PLACEMENT_3D('',#15397,#12304,#12305);
#10834=AXIS2_PLACEMENT_3D('',#15399,#12307,#12308);
#10835=AXIS2_PLACEMENT_3D('',#15400,#12309,#12310);
#10836=AXIS2_PLACEMENT_3D('',#15406,#12314,#12315);
#10837=AXIS2_PLACEMENT_3D('',#15410,#12318,#12319);
#10838=AXIS2_PLACEMENT_3D('',#15414,#12322,#12323);
#10839=AXIS2_PLACEMENT_3D('',#15418,#12326,#12327);
#10840=AXIS2_PLACEMENT_3D('',#15422,#12330,#12331);
#10841=AXIS2_PLACEMENT_3D('',#15426,#12334,#12335);
#10842=AXIS2_PLACEMENT_3D('',#15429,#12337,#12338);
#10843=AXIS2_PLACEMENT_3D('',#15430,#12339,#12340);
#10844=AXIS2_PLACEMENT_3D('',#15434,#12343,#12344);
#10845=AXIS2_PLACEMENT_3D('',#15438,#12347,#12348);
#10846=AXIS2_PLACEMENT_3D('',#15440,#12350,#12351);
#10847=AXIS2_PLACEMENT_3D('',#15441,#12352,#12353);
#10848=AXIS2_PLACEMENT_3D('',#15447,#12357,#12358);
#10849=AXIS2_PLACEMENT_3D('',#15451,#12361,#12362);
#10850=AXIS2_PLACEMENT_3D('',#15455,#12365,#12366);
#10851=AXIS2_PLACEMENT_3D('',#15459,#12369,#12370);
#10852=AXIS2_PLACEMENT_3D('',#15463,#12373,#12374);
#10853=AXIS2_PLACEMENT_3D('',#15467,#12377,#12378);
#10854=AXIS2_PLACEMENT_3D('',#15470,#12380,#12381);
#10855=AXIS2_PLACEMENT_3D('',#15471,#12382,#12383);
#10856=AXIS2_PLACEMENT_3D('',#15475,#12386,#12387);
#10857=AXIS2_PLACEMENT_3D('',#15479,#12390,#12391);
#10858=AXIS2_PLACEMENT_3D('',#15481,#12393,#12394);
#10859=AXIS2_PLACEMENT_3D('',#15482,#12395,#12396);
#10860=AXIS2_PLACEMENT_3D('',#15488,#12400,#12401);
#10861=AXIS2_PLACEMENT_3D('',#15492,#12404,#12405);
#10862=AXIS2_PLACEMENT_3D('',#15496,#12408,#12409);
#10863=AXIS2_PLACEMENT_3D('',#15500,#12412,#12413);
#10864=AXIS2_PLACEMENT_3D('',#15504,#12416,#12417);
#10865=AXIS2_PLACEMENT_3D('',#15508,#12420,#12421);
#10866=AXIS2_PLACEMENT_3D('',#15511,#12423,#12424);
#10867=AXIS2_PLACEMENT_3D('',#15512,#12425,#12426);
#10868=AXIS2_PLACEMENT_3D('',#15516,#12429,#12430);
#10869=AXIS2_PLACEMENT_3D('',#15520,#12433,#12434);
#10870=AXIS2_PLACEMENT_3D('',#15522,#12436,#12437);
#10871=AXIS2_PLACEMENT_3D('',#15523,#12438,#12439);
#10872=AXIS2_PLACEMENT_3D('',#15529,#12443,#12444);
#10873=AXIS2_PLACEMENT_3D('',#15533,#12447,#12448);
#10874=AXIS2_PLACEMENT_3D('',#15537,#12451,#12452);
#10875=AXIS2_PLACEMENT_3D('',#15541,#12455,#12456);
#10876=AXIS2_PLACEMENT_3D('',#15545,#12459,#12460);
#10877=AXIS2_PLACEMENT_3D('',#15549,#12463,#12464);
#10878=AXIS2_PLACEMENT_3D('',#15552,#12466,#12467);
#10879=AXIS2_PLACEMENT_3D('',#15553,#12468,#12469);
#10880=AXIS2_PLACEMENT_3D('',#15557,#12472,#12473);
#10881=AXIS2_PLACEMENT_3D('',#15561,#12476,#12477);
#10882=AXIS2_PLACEMENT_3D('',#15563,#12479,#12480);
#10883=AXIS2_PLACEMENT_3D('',#15601,#12484,#12485);
#10884=AXIS2_PLACEMENT_3D('',#15602,#12486,#12487);
#10885=AXIS2_PLACEMENT_3D('',#15606,#12489,#12490);
#10886=AXIS2_PLACEMENT_3D('',#15607,#12491,#12492);
#10887=AXIS2_PLACEMENT_3D('',#15608,#12493,#12494);
#10888=AXIS2_PLACEMENT_3D('',#15612,#12496,#12497);
#10889=AXIS2_PLACEMENT_3D('',#15647,#12500,#12501);
#10890=AXIS2_PLACEMENT_3D('',#15648,#12502,#12503);
#10891=AXIS2_PLACEMENT_3D('',#15652,#12505,#12506);
#10892=AXIS2_PLACEMENT_3D('',#15799,#12518,#12519);
#10893=AXIS2_PLACEMENT_3D('',#15802,#12521,#12522);
#10894=AXIS2_PLACEMENT_3D('',#15829,#12525,#12526);
#10895=AXIS2_PLACEMENT_3D('',#15832,#12528,#12529);
#10896=AXIS2_PLACEMENT_3D('',#15885,#12534,#12535);
#10897=AXIS2_PLACEMENT_3D('',#15888,#12537,#12538);
#10898=AXIS2_PLACEMENT_3D('',#15915,#12541,#12542);
#10899=AXIS2_PLACEMENT_3D('',#15918,#12544,#12545);
#10900=AXIS2_PLACEMENT_3D('',#15958,#12546,#12547);
#10901=AXIS2_PLACEMENT_3D('',#15959,#12548,#12549);
#10902=AXIS2_PLACEMENT_3D('',#16200,#12566,#12567);
#10903=AXIS2_PLACEMENT_3D('',#16201,#12568,#12569);
#10904=AXIS2_PLACEMENT_3D('',#16207,#12573,#12574);
#10905=AXIS2_PLACEMENT_3D('',#16211,#12577,#12578);
#10906=AXIS2_PLACEMENT_3D('',#16215,#12581,#12582);
#10907=AXIS2_PLACEMENT_3D('',#16219,#12585,#12586);
#10908=AXIS2_PLACEMENT_3D('',#16236,#12590,#12591);
#10909=AXIS2_PLACEMENT_3D('',#16239,#12593,#12594);
#10910=AXIS2_PLACEMENT_3D('',#16240,#12595,#12596);
#10911=AXIS2_PLACEMENT_3D('',#16243,#12598,#12599);
#10912=AXIS2_PLACEMENT_3D('',#16244,#12600,#12601);
#10913=AXIS2_PLACEMENT_3D('',#16247,#12603,#12604);
#10914=AXIS2_PLACEMENT_3D('',#16248,#12605,#12606);
#10915=AXIS2_PLACEMENT_3D('',#16251,#12608,#12609);
#10916=AXIS2_PLACEMENT_3D('',#16265,#12611,#12612);
#10917=AXIS2_PLACEMENT_3D('',#16268,#12614,#12615);
#10918=AXIS2_PLACEMENT_3D('',#16269,#12616,#12617);
#10919=AXIS2_PLACEMENT_3D('',#16272,#12619,#12620);
#10920=AXIS2_PLACEMENT_3D('',#16286,#12622,#12623);
#10921=AXIS2_PLACEMENT_3D('',#16290,#12626,#12627);
#10922=AXIS2_PLACEMENT_3D('',#16293,#12629,#12630);
#10923=AXIS2_PLACEMENT_3D('',#16294,#12631,#12632);
#10924=AXIS2_PLACEMENT_3D('',#16297,#12634,#12635);
#10925=AXIS2_PLACEMENT_3D('',#16324,#12638,#12639);
#10926=AXIS2_PLACEMENT_3D('',#16327,#12641,#12642);
#10927=AXIS2_PLACEMENT_3D('',#16328,#12643,#12644);
#10928=AXIS2_PLACEMENT_3D('',#16331,#12646,#12647);
#10929=AXIS2_PLACEMENT_3D('',#16345,#12649,#12650);
#10930=AXIS2_PLACEMENT_3D('',#16349,#12653,#12654);
#10931=AXIS2_PLACEMENT_3D('',#16351,#12656,#12657);
#10932=AXIS2_PLACEMENT_3D('',#16352,#12658,#12659);
#10933=AXIS2_PLACEMENT_3D('',#16361,#12664,#12665);
#10934=AXIS2_PLACEMENT_3D('',#16367,#12669,#12670);
#10935=AXIS2_PLACEMENT_3D('',#16373,#12674,#12675);
#10936=AXIS2_PLACEMENT_3D('',#16374,#12676,#12677);
#10937=AXIS2_PLACEMENT_3D('',#16378,#12679,#12680);
#10938=AXIS2_PLACEMENT_3D('',#16379,#12681,#12682);
#10939=AXIS2_PLACEMENT_3D('',#16385,#12686,#12687);
#10940=AXIS2_PLACEMENT_3D('',#16386,#12688,#12689);
#10941=AXIS2_PLACEMENT_3D('',#16390,#12691,#12692);
#10942=AXIS2_PLACEMENT_3D('',#16391,#12693,#12694);
#10943=AXIS2_PLACEMENT_3D('',#16397,#12698,#12699);
#10944=AXIS2_PLACEMENT_3D('',#16401,#12702,#12703);
#10945=AXIS2_PLACEMENT_3D('',#16405,#12706,#12707);
#10946=AXIS2_PLACEMENT_3D('',#16409,#12710,#12711);
#10947=AXIS2_PLACEMENT_3D('',#16413,#12714,#12715);
#10948=AXIS2_PLACEMENT_3D('',#16417,#12718,#12719);
#10949=AXIS2_PLACEMENT_3D('',#16421,#12722,#12723);
#10950=AXIS2_PLACEMENT_3D('',#16425,#12726,#12727);
#10951=AXIS2_PLACEMENT_3D('',#16429,#12730,#12731);
#10952=AXIS2_PLACEMENT_3D('',#16433,#12734,#12735);
#10953=AXIS2_PLACEMENT_3D('',#16435,#12737,#12738);
#10954=AXIS2_PLACEMENT_3D('',#16436,#12739,#12740);
#10955=AXIS2_PLACEMENT_3D('',#16437,#12741,#12742);
#10956=AXIS2_PLACEMENT_3D('',#16438,#12743,#12744);
#10957=AXIS2_PLACEMENT_3D('',#16510,#12750,#12751);
#10958=AXIS2_PLACEMENT_3D('',#16511,#12752,#12753);
#10959=AXIS2_PLACEMENT_3D('',#16515,#12755,#12756);
#10960=AXIS2_PLACEMENT_3D('',#16669,#12769,#12770);
#10961=AXIS2_PLACEMENT_3D('',#16686,#12774,#12775);
#10962=AXIS2_PLACEMENT_3D('',#16689,#12777,#12778);
#10963=AXIS2_PLACEMENT_3D('',#16703,#12780,#12781);
#10964=AXIS2_PLACEMENT_3D('',#16706,#12783,#12784);
#10965=AXIS2_PLACEMENT_3D('',#16707,#12785,#12786);
#10966=AXIS2_PLACEMENT_3D('',#16749,#12790,#12791);
#10967=AXIS2_PLACEMENT_3D('',#16821,#12797,#12798);
#10968=AXIS2_PLACEMENT_3D('',#16822,#12799,#12800);
#10969=AXIS2_PLACEMENT_3D('',#16826,#12802,#12803);
#10970=AXIS2_PLACEMENT_3D('',#16993,#12817,#12818);
#10971=AXIS2_PLACEMENT_3D('',#17010,#12822,#12823);
#10972=AXIS2_PLACEMENT_3D('',#17013,#12825,#12826);
#10973=AXIS2_PLACEMENT_3D('',#17027,#12828,#12829);
#10974=AXIS2_PLACEMENT_3D('',#17030,#12831,#12832);
#10975=AXIS2_PLACEMENT_3D('',#17031,#12833,#12834);
#10976=AXIS2_PLACEMENT_3D('',#17073,#12838,#12839);
#10977=AXIS2_PLACEMENT_3D('',#17074,#12840,#12841);
#10978=AXIS2_PLACEMENT_3D('',#17080,#12845,#12846);
#10979=AXIS2_PLACEMENT_3D('',#17084,#12849,#12850);
#10980=AXIS2_PLACEMENT_3D('',#17088,#12853,#12854);
#10981=AXIS2_PLACEMENT_3D('',#17092,#12857,#12858);
#10982=AXIS2_PLACEMENT_3D('',#17096,#12861,#12862);
#10983=AXIS2_PLACEMENT_3D('',#17100,#12865,#12866);
#10984=AXIS2_PLACEMENT_3D('',#17103,#12868,#12869);
#10985=AXIS2_PLACEMENT_3D('',#17104,#12870,#12871);
#10986=AXIS2_PLACEMENT_3D('',#17108,#12874,#12875);
#10987=AXIS2_PLACEMENT_3D('',#17112,#12878,#12879);
#10988=AXIS2_PLACEMENT_3D('',#17114,#12881,#12882);
#10989=AXIS2_PLACEMENT_3D('',#17115,#12883,#12884);
#10990=AXIS2_PLACEMENT_3D('',#17116,#12885,#12886);
#10991=AXIS2_PLACEMENT_3D('',#17117,#12887,#12888);
#10992=AXIS2_PLACEMENT_3D('',#17118,#12889,#12890);
#10993=AXIS2_PLACEMENT_3D('',#17119,#12891,#12892);
#10994=AXIS2_PLACEMENT_3D('',#17120,#12893,#12894);
#10995=AXIS2_PLACEMENT_3D('',#17121,#12895,#12896);
#10996=AXIS2_PLACEMENT_3D('',#17124,#12898,#12899);
#10997=AXIS2_PLACEMENT_3D('',#17127,#12901,#12902);
#10998=AXIS2_PLACEMENT_3D('',#17129,#12904,#12905);
#10999=AXIS2_PLACEMENT_3D('',#17131,#12907,#12908);
#11000=AXIS2_PLACEMENT_3D('',#17132,#12909,#12910);
#11001=AXIS2_PLACEMENT_3D('',#17136,#12913,#12914);
#11002=AXIS2_PLACEMENT_3D('',#17139,#12916,#12917);
#11003=AXIS2_PLACEMENT_3D('',#17140,#12918,#12919);
#11004=AXIS2_PLACEMENT_3D('',#17142,#12921,#12922);
#11005=AXIS2_PLACEMENT_3D('',#17143,#12923,#12924);
#11006=AXIS2_PLACEMENT_3D('',#17146,#12926,#12927);
#11007=AXIS2_PLACEMENT_3D('',#17149,#12929,#12930);
#11008=AXIS2_PLACEMENT_3D('',#17151,#12932,#12933);
#11009=AXIS2_PLACEMENT_3D('',#17153,#12935,#12936);
#11010=AXIS2_PLACEMENT_3D('',#17154,#12937,#12938);
#11011=AXIS2_PLACEMENT_3D('',#17155,#12939,#12940);
#11012=AXIS2_PLACEMENT_3D('',#17160,#12943,#12944);
#11013=AXIS2_PLACEMENT_3D('',#17163,#12947,#12948);
#11014=AXIS2_PLACEMENT_3D('',#17164,#12949,#12950);
#11015=AXIS2_PLACEMENT_3D('',#17180,#12953,#12954);
#11016=AXIS2_PLACEMENT_3D('',#17183,#12956,#12957);
#11017=AXIS2_PLACEMENT_3D('',#17184,#12958,#12959);
#11018=AXIS2_PLACEMENT_3D('',#17187,#12961,#12962);
#11019=AXIS2_PLACEMENT_3D('',#17188,#12963,#12964);
#11020=AXIS2_PLACEMENT_3D('',#17283,#12974,#12975);
#11021=AXIS2_PLACEMENT_3D('',#17324,#12980,#12981);
#11022=AXIS2_PLACEMENT_3D('',#17325,#12982,#12983);
#11023=AXIS2_PLACEMENT_3D('',#17331,#12987,#12988);
#11024=AXIS2_PLACEMENT_3D('',#17335,#12991,#12992);
#11025=AXIS2_PLACEMENT_3D('',#17339,#12995,#12996);
#11026=AXIS2_PLACEMENT_3D('',#17343,#12999,#13000);
#11027=AXIS2_PLACEMENT_3D('',#17347,#13003,#13004);
#11028=AXIS2_PLACEMENT_3D('',#17351,#13007,#13008);
#11029=AXIS2_PLACEMENT_3D('',#17355,#13011,#13012);
#11030=AXIS2_PLACEMENT_3D('',#17359,#13015,#13016);
#11031=AXIS2_PLACEMENT_3D('',#17363,#13019,#13020);
#11032=AXIS2_PLACEMENT_3D('',#17367,#13023,#13024);
#11033=AXIS2_PLACEMENT_3D('',#17371,#13027,#13028);
#11034=AXIS2_PLACEMENT_3D('',#17373,#13030,#13031);
#11035=AXIS2_PLACEMENT_3D('',#17374,#13032,#13033);
#11036=AXIS2_PLACEMENT_3D('',#17380,#13037,#13038);
#11037=AXIS2_PLACEMENT_3D('',#17384,#13041,#13042);
#11038=AXIS2_PLACEMENT_3D('',#17388,#13045,#13046);
#11039=AXIS2_PLACEMENT_3D('',#17392,#13049,#13050);
#11040=AXIS2_PLACEMENT_3D('',#17396,#13053,#13054);
#11041=AXIS2_PLACEMENT_3D('',#17400,#13057,#13058);
#11042=AXIS2_PLACEMENT_3D('',#17404,#13061,#13062);
#11043=AXIS2_PLACEMENT_3D('',#17408,#13065,#13066);
#11044=AXIS2_PLACEMENT_3D('',#17412,#13069,#13070);
#11045=AXIS2_PLACEMENT_3D('',#17414,#13072,#13073);
#11046=AXIS2_PLACEMENT_3D('',#17415,#13074,#13075);
#11047=AXIS2_PLACEMENT_3D('',#17421,#13079,#13080);
#11048=AXIS2_PLACEMENT_3D('',#17425,#13083,#13084);
#11049=AXIS2_PLACEMENT_3D('',#17429,#13087,#13088);
#11050=AXIS2_PLACEMENT_3D('',#17433,#13091,#13092);
#11051=AXIS2_PLACEMENT_3D('',#17436,#13094,#13095);
#11052=AXIS2_PLACEMENT_3D('',#17489,#13100,#13101);
#11053=AXIS2_PLACEMENT_3D('',#17492,#13103,#13104);
#11054=AXIS2_PLACEMENT_3D('',#17493,#13105,#13106);
#11055=AXIS2_PLACEMENT_3D('',#17497,#13109,#13110);
#11056=AXIS2_PLACEMENT_3D('',#17500,#13112,#13113);
#11057=AXIS2_PLACEMENT_3D('',#17553,#13118,#13119);
#11058=AXIS2_PLACEMENT_3D('',#17556,#13121,#13122);
#11059=AXIS2_PLACEMENT_3D('',#17557,#13123,#13124);
#11060=AXIS2_PLACEMENT_3D('',#17560,#13126,#13127);
#11061=AXIS2_PLACEMENT_3D('',#17561,#13128,#13129);
#11062=AXIS2_PLACEMENT_3D('',#17563,#13131,#13132);
#11063=AXIS2_PLACEMENT_3D('',#17564,#13133,#13134);
#11064=AXIS2_PLACEMENT_3D('',#17570,#13138,#13139);
#11065=AXIS2_PLACEMENT_3D('',#17574,#13142,#13143);
#11066=AXIS2_PLACEMENT_3D('',#17578,#13146,#13147);
#11067=AXIS2_PLACEMENT_3D('',#17582,#13150,#13151);
#11068=AXIS2_PLACEMENT_3D('',#17586,#13154,#13155);
#11069=AXIS2_PLACEMENT_3D('',#17590,#13158,#13159);
#11070=AXIS2_PLACEMENT_3D('',#17594,#13162,#13163);
#11071=AXIS2_PLACEMENT_3D('',#17598,#13166,#13167);
#11072=AXIS2_PLACEMENT_3D('',#17602,#13170,#13171);
#11073=AXIS2_PLACEMENT_3D('',#17606,#13174,#13175);
#11074=AXIS2_PLACEMENT_3D('',#17610,#13178,#13179);
#11075=AXIS2_PLACEMENT_3D('',#17612,#13181,#13182);
#11076=AXIS2_PLACEMENT_3D('',#17613,#13183,#13184);
#11077=AXIS2_PLACEMENT_3D('',#17622,#13189,#13190);
#11078=AXIS2_PLACEMENT_3D('',#17679,#13197,#13198);
#11079=AXIS2_PLACEMENT_3D('',#17688,#13203,#13204);
#11080=AXIS2_PLACEMENT_3D('',#17694,#13208,#13209);
#11081=AXIS2_PLACEMENT_3D('',#17751,#13216,#13217);
#11082=AXIS2_PLACEMENT_3D('',#17757,#13221,#13222);
#11083=AXIS2_PLACEMENT_3D('',#17761,#13225,#13226);
#11084=AXIS2_PLACEMENT_3D('',#17817,#13233,#13234);
#11085=AXIS2_PLACEMENT_3D('',#17821,#13237,#13238);
#11086=AXIS2_PLACEMENT_3D('',#17824,#13240,#13241);
#11087=AXIS2_PLACEMENT_3D('',#17876,#13244,#13245);
#11088=AXIS2_PLACEMENT_3D('',#17879,#13248,#13249);
#11089=AXIS2_PLACEMENT_3D('',#17880,#13250,#13251);
#11090=AXIS2_PLACEMENT_3D('',#17918,#13255,#13256);
#11091=AXIS2_PLACEMENT_3D('',#17924,#13260,#13261);
#11092=AXIS2_PLACEMENT_3D('',#17971,#13269,#13270);
#11093=AXIS2_PLACEMENT_3D('',#17975,#13273,#13274);
#11094=AXIS2_PLACEMENT_3D('',#17979,#13277,#13278);
#11095=AXIS2_PLACEMENT_3D('',#17994,#13281,#13282);
#11096=AXIS2_PLACEMENT_3D('',#17997,#13285,#13286);
#11097=AXIS2_PLACEMENT_3D('',#17998,#13287,#13288);
#11098=AXIS2_PLACEMENT_3D('',#17999,#13289,#13290);
#11099=AXIS2_PLACEMENT_3D('',#18004,#13292,#13293);
#11100=AXIS2_PLACEMENT_3D('',#18007,#13295,#13296);
#11101=AXIS2_PLACEMENT_3D('',#18030,#13301,#13302);
#11102=AXIS2_PLACEMENT_3D('',#18036,#13306,#13307);
#11103=AXIS2_PLACEMENT_3D('',#18040,#13310,#13311);
#11104=AXIS2_PLACEMENT_3D('',#18044,#13314,#13315);
#11105=AXIS2_PLACEMENT_3D('',#18048,#13318,#13319);
#11106=AXIS2_PLACEMENT_3D('',#18052,#13322,#13323);
#11107=AXIS2_PLACEMENT_3D('',#18056,#13326,#13327);
#11108=AXIS2_PLACEMENT_3D('',#18060,#13330,#13331);
#11109=AXIS2_PLACEMENT_3D('',#18062,#13333,#13334);
#11110=AXIS2_PLACEMENT_3D('',#18063,#13335,#13336);
#11111=AXIS2_PLACEMENT_3D('',#18064,#13337,#13338);
#11112=AXIS2_PLACEMENT_3D('',#18065,#13339,#13340);
#11113=AXIS2_PLACEMENT_3D('',#18066,#13341,#13342);
#11114=AXIS2_PLACEMENT_3D('',#18067,#13343,#13344);
#11115=AXIS2_PLACEMENT_3D('',#18068,#13345,#13346);
#11116=DIRECTION('',(0.,0.,1.));
#11117=DIRECTION('',(1.,0.,0.));
#11118=DIRECTION('',(0.,1.,0.));
#11119=DIRECTION('',(1.,0.,0.));
#11120=DIRECTION('',(-1.,0.,0.));
#11121=DIRECTION('',(0.,0.,-1.));
#11122=DIRECTION('',(1.,0.,0.));
#11123=DIRECTION('',(0.,0.,1.));
#11124=DIRECTION('',(-1.,0.,0.));
#11125=DIRECTION('',(0.,0.,-1.));
#11126=DIRECTION('',(-1.,0.,0.));
#11127=DIRECTION('',(0.,0.,1.));
#11128=DIRECTION('',(-1.,0.,0.));
#11129=DIRECTION('',(0.,0.,-1.));
#11130=DIRECTION('',(1.,0.,0.));
#11131=DIRECTION('',(0.,0.,1.));
#11132=DIRECTION('',(1.,0.,0.));
#11133=DIRECTION('',(0.,0.,-1.));
#11134=DIRECTION('',(1.,0.,0.));
#11135=DIRECTION('',(0.,0.,-1.));
#11136=DIRECTION('',(1.,0.,0.));
#11137=DIRECTION('',(0.,0.,1.));
#11138=DIRECTION('',(0.,1.,0.));
#11139=DIRECTION('',(0.,0.,1.));
#11140=DIRECTION('',(0.,1.,0.));
#11141=DIRECTION('',(0.,0.,1.));
#11142=DIRECTION('',(0.,1.,0.));
#11143=DIRECTION('',(0.,0.,1.));
#11144=DIRECTION('',(-0.383684497921867,0.,0.923464241892692));
#11145=DIRECTION('',(0.,1.,0.));
#11146=DIRECTION('',(0.,0.,1.));
#11147=DIRECTION('',(0.,1.,0.));
#11148=DIRECTION('',(0.,0.,1.));
#11149=DIRECTION('',(0.,0.,-1.));
#11150=DIRECTION('',(-1.,0.,0.));
#11151=DIRECTION('',(0.,0.,1.));
#11152=DIRECTION('',(-1.,0.,0.));
#11153=DIRECTION('',(0.,0.,-1.));
#11154=DIRECTION('',(1.,0.,0.));
#11155=DIRECTION('',(0.,0.,1.));
#11156=DIRECTION('',(-1.,0.,0.));
#11157=DIRECTION('',(0.,0.,1.));
#11158=DIRECTION('',(1.,0.,0.));
#11159=DIRECTION('',(0.,0.,1.));
#11160=DIRECTION('',(-1.,0.,0.));
#11161=DIRECTION('',(0.,0.,1.));
#11162=DIRECTION('',(-1.,0.,0.));
#11163=DIRECTION('',(0.,0.,-1.));
#11164=DIRECTION('',(1.,0.,0.));
#11165=DIRECTION('',(0.,0.,1.));
#11166=DIRECTION('',(-1.,0.,0.));
#11167=DIRECTION('',(0.,0.,1.));
#11168=DIRECTION('',(1.,0.,0.));
#11169=DIRECTION('',(0.,0.,1.));
#11170=DIRECTION('',(-1.,0.,0.));
#11171=DIRECTION('',(0.,0.,1.));
#11172=DIRECTION('',(1.,0.,0.));
#11173=DIRECTION('',(0.,1.,0.));
#11174=DIRECTION('',(0.,0.,1.));
#11175=DIRECTION('',(0.,0.,1.));
#11176=DIRECTION('',(-0.368133456473174,0.,0.929772960579686));
#11177=DIRECTION('',(0.,1.,0.));
#11178=DIRECTION('',(0.,0.,1.));
#11179=DIRECTION('',(0.,-1.,0.));
#11180=DIRECTION('',(1.,0.,0.));
#11181=DIRECTION('',(1.,0.,0.));
#11182=DIRECTION('',(0.,0.,-1.));
#11183=DIRECTION('',(0.,1.,0.));
#11184=DIRECTION('',(1.,0.,0.));
#11185=DIRECTION('',(1.,0.,0.));
#11186=DIRECTION('',(0.,1.,0.));
#11187=DIRECTION('',(1.,0.,0.));
#11188=DIRECTION('',(0.,0.,-1.));
#11189=DIRECTION('',(-1.,0.,0.));
#11190=DIRECTION('',(0.,1.,0.));
#11191=DIRECTION('',(1.,0.,0.));
#11192=DIRECTION('',(-1.,0.,0.));
#11193=DIRECTION('',(0.,0.,-1.));
#11194=DIRECTION('',(-1.,0.,0.));
#11195=DIRECTION('',(0.,-1.,0.));
#11196=DIRECTION('',(1.,0.,0.));
#11197=DIRECTION('',(-1.,0.,0.));
#11198=DIRECTION('',(0.,0.,-1.));
#11199=DIRECTION('',(0.,1.,0.));
#11200=DIRECTION('',(1.,0.,0.));
#11201=DIRECTION('',(1.,0.,0.));
#11202=DIRECTION('',(0.,1.,0.));
#11203=DIRECTION('',(1.,0.,0.));
#11204=DIRECTION('',(0.,0.,-1.));
#11205=DIRECTION('',(1.,0.,0.));
#11206=DIRECTION('',(0.,1.,0.));
#11207=DIRECTION('',(1.,0.,0.));
#11208=DIRECTION('',(1.,0.,0.));
#11209=DIRECTION('',(0.,0.,-1.));
#11210=DIRECTION('',(1.,0.,0.));
#11211=DIRECTION('',(0.,0.,1.));
#11212=DIRECTION('',(-1.,0.,0.));
#11213=DIRECTION('',(0.,0.,-1.));
#11214=DIRECTION('',(0.0230353606192541,0.,-0.999734650875492));
#11215=DIRECTION('',(0.031563213399701,0.,-0.999501757657226));
#11216=DIRECTION('',(0.,1.,0.));
#11217=DIRECTION('',(0.,0.,1.));
#11218=DIRECTION('',(-0.779418314161357,0.,0.62650386395446));
#11219=DIRECTION('',(-0.625676983246874,0.,-0.780082247352862));
#11220=DIRECTION('',(0.782318511256073,0.,-0.622878597277255));
#11221=DIRECTION('',(1.,0.,0.));
#11222=DIRECTION('',(0.,0.,-1.));
#11223=DIRECTION('',(0.,1.,0.));
#11224=DIRECTION('',(0.,0.,1.));
#11225=DIRECTION('',(0.,1.,0.));
#11226=DIRECTION('',(0.,0.,1.));
#11227=DIRECTION('',(-1.,0.,0.));
#11228=DIRECTION('',(0.,0.,1.));
#11229=DIRECTION('',(-1.,0.,0.));
#11230=DIRECTION('',(0.,0.,1.));
#11231=DIRECTION('',(-1.,0.,0.));
#11232=DIRECTION('',(0.,0.,-1.));
#11233=DIRECTION('',(-1.,0.,0.));
#11234=DIRECTION('',(0.,0.,-1.));
#11235=DIRECTION('',(0.561926478400913,0.,-0.827187181278789));
#11236=DIRECTION('',(1.,0.,0.));
#11237=DIRECTION('',(0.,0.,1.));
#11238=DIRECTION('',(1.,0.,0.));
#11239=DIRECTION('',(0.,1.,0.));
#11240=DIRECTION('',(0.,0.,1.));
#11241=DIRECTION('',(0.,1.,0.));
#11242=DIRECTION('',(0.,0.,1.));
#11243=DIRECTION('',(0.,1.,0.));
#11244=DIRECTION('',(0.,0.,1.));
#11245=DIRECTION('',(0.,1.,0.));
#11246=DIRECTION('',(0.,0.,1.));
#11247=DIRECTION('',(0.,1.,0.));
#11248=DIRECTION('',(1.,0.,0.));
#11249=DIRECTION('',(0.,1.,0.));
#11250=DIRECTION('',(1.,0.,0.));
#11251=DIRECTION('',(0.,1.,0.));
#11252=DIRECTION('',(1.,0.,0.));
#11253=DIRECTION('',(0.,1.,0.));
#11254=DIRECTION('',(1.,0.,0.));
#11255=DIRECTION('',(0.,1.,0.));
#11256=DIRECTION('',(1.,0.,0.));
#11257=DIRECTION('',(0.,1.,0.));
#11258=DIRECTION('',(1.,0.,0.));
#11259=DIRECTION('',(0.,1.,0.));
#11260=DIRECTION('',(1.,0.,0.));
#11261=DIRECTION('',(0.,1.,0.));
#11262=DIRECTION('',(1.,0.,0.));
#11263=DIRECTION('',(0.,1.,0.));
#11264=DIRECTION('',(1.,0.,0.));
#11265=DIRECTION('',(0.,1.,0.));
#11266=DIRECTION('',(1.,0.,0.));
#11267=DIRECTION('',(0.,1.,0.));
#11268=DIRECTION('',(1.,0.,0.));
#11269=DIRECTION('',(0.,1.,0.));
#11270=DIRECTION('',(1.,0.,0.));
#11271=DIRECTION('',(0.,1.,0.));
#11272=DIRECTION('',(1.,0.,0.));
#11273=DIRECTION('',(0.,1.,0.));
#11274=DIRECTION('',(1.,0.,0.));
#11275=DIRECTION('',(0.,1.,0.));
#11276=DIRECTION('',(1.,0.,0.));
#11277=DIRECTION('',(0.,1.,0.));
#11278=DIRECTION('',(1.,0.,0.));
#11279=DIRECTION('',(0.,1.,0.));
#11280=DIRECTION('',(1.,0.,0.));
#11281=DIRECTION('',(0.,1.,0.));
#11282=DIRECTION('',(1.,0.,0.));
#11283=DIRECTION('',(0.,1.,0.));
#11284=DIRECTION('',(1.,0.,0.));
#11285=DIRECTION('',(0.,1.,0.));
#11286=DIRECTION('',(1.,0.,0.));
#11287=DIRECTION('',(0.,1.,0.));
#11288=DIRECTION('',(1.,0.,0.));
#11289=DIRECTION('',(0.,1.,0.));
#11290=DIRECTION('',(1.,0.,0.));
#11291=DIRECTION('',(0.,1.,0.));
#11292=DIRECTION('',(1.,0.,0.));
#11293=DIRECTION('',(0.,1.,0.));
#11294=DIRECTION('',(1.,0.,0.));
#11295=DIRECTION('',(0.,1.,0.));
#11296=DIRECTION('',(1.,0.,0.));
#11297=DIRECTION('',(0.,1.,0.));
#11298=DIRECTION('',(1.,0.,0.));
#11299=DIRECTION('',(0.,1.,0.));
#11300=DIRECTION('',(1.,0.,0.));
#11301=DIRECTION('',(0.,1.,0.));
#11302=DIRECTION('',(1.,0.,0.));
#11303=DIRECTION('',(0.,1.,0.));
#11304=DIRECTION('',(1.,0.,0.));
#11305=DIRECTION('',(0.,1.,0.));
#11306=DIRECTION('',(1.,0.,0.));
#11307=DIRECTION('',(0.,1.,0.));
#11308=DIRECTION('',(1.,0.,0.));
#11309=DIRECTION('',(0.,1.,0.));
#11310=DIRECTION('',(1.,0.,0.));
#11311=DIRECTION('',(0.,1.,0.));
#11312=DIRECTION('',(1.,0.,0.));
#11313=DIRECTION('',(0.,1.,0.));
#11314=DIRECTION('',(1.,0.,0.));
#11315=DIRECTION('',(0.,1.,0.));
#11316=DIRECTION('',(1.,0.,0.));
#11317=DIRECTION('',(0.,1.,0.));
#11318=DIRECTION('',(1.,0.,0.));
#11319=DIRECTION('',(0.,1.,0.));
#11320=DIRECTION('',(1.,0.,0.));
#11321=DIRECTION('',(0.,1.,0.));
#11322=DIRECTION('',(1.,0.,0.));
#11323=DIRECTION('',(0.,1.,0.));
#11324=DIRECTION('',(1.,0.,0.));
#11325=DIRECTION('',(0.,1.,0.));
#11326=DIRECTION('',(1.,0.,0.));
#11327=DIRECTION('',(0.,1.,0.));
#11328=DIRECTION('',(1.,0.,0.));
#11329=DIRECTION('',(0.,1.,0.));
#11330=DIRECTION('',(1.,0.,0.));
#11331=DIRECTION('',(0.,1.,0.));
#11332=DIRECTION('',(1.,0.,0.));
#11333=DIRECTION('',(0.,1.,0.));
#11334=DIRECTION('',(1.,0.,0.));
#11335=DIRECTION('',(0.,1.,0.));
#11336=DIRECTION('',(1.,0.,0.));
#11337=DIRECTION('',(0.,1.,0.));
#11338=DIRECTION('',(1.,0.,0.));
#11339=DIRECTION('',(0.,1.,0.));
#11340=DIRECTION('',(1.,0.,0.));
#11341=DIRECTION('',(0.,1.,0.));
#11342=DIRECTION('',(1.,0.,0.));
#11343=DIRECTION('',(0.,1.,0.));
#11344=DIRECTION('',(1.,0.,0.));
#11345=DIRECTION('',(0.,1.,0.));
#11346=DIRECTION('',(1.,0.,0.));
#11347=DIRECTION('',(0.,1.,0.));
#11348=DIRECTION('',(1.,0.,0.));
#11349=DIRECTION('',(0.,1.,0.));
#11350=DIRECTION('',(1.,0.,0.));
#11351=DIRECTION('',(0.,1.,0.));
#11352=DIRECTION('',(1.,0.,0.));
#11353=DIRECTION('',(0.,1.,0.));
#11354=DIRECTION('',(1.,0.,0.));
#11355=DIRECTION('',(0.,1.,0.));
#11356=DIRECTION('',(1.,0.,0.));
#11357=DIRECTION('',(0.,1.,0.));
#11358=DIRECTION('',(1.,0.,0.));
#11359=DIRECTION('',(0.,1.,0.));
#11360=DIRECTION('',(1.,0.,0.));
#11361=DIRECTION('',(0.,1.,0.));
#11362=DIRECTION('',(1.,0.,0.));
#11363=DIRECTION('',(0.,1.,0.));
#11364=DIRECTION('',(1.,0.,0.));
#11365=DIRECTION('',(0.,1.,0.));
#11366=DIRECTION('',(1.,0.,0.));
#11367=DIRECTION('',(0.,1.,0.));
#11368=DIRECTION('',(1.,0.,0.));
#11369=DIRECTION('',(0.,1.,0.));
#11370=DIRECTION('',(1.,0.,0.));
#11371=DIRECTION('',(0.,1.,0.));
#11372=DIRECTION('',(1.,0.,0.));
#11373=DIRECTION('',(0.,1.,0.));
#11374=DIRECTION('',(1.,0.,0.));
#11375=DIRECTION('',(0.,1.,0.));
#11376=DIRECTION('',(1.,0.,0.));
#11377=DIRECTION('',(0.,1.,0.));
#11378=DIRECTION('',(1.,0.,0.));
#11379=DIRECTION('',(0.,1.,0.));
#11380=DIRECTION('',(1.,0.,0.));
#11381=DIRECTION('',(0.,1.,0.));
#11382=DIRECTION('',(1.,0.,0.));
#11383=DIRECTION('',(0.,1.,0.));
#11384=DIRECTION('',(1.,0.,0.));
#11385=DIRECTION('',(0.,1.,0.));
#11386=DIRECTION('',(1.,0.,0.));
#11387=DIRECTION('',(0.,1.,0.));
#11388=DIRECTION('',(1.,0.,0.));
#11389=DIRECTION('',(0.,1.,0.));
#11390=DIRECTION('',(1.,0.,0.));
#11391=DIRECTION('',(0.,1.,0.));
#11392=DIRECTION('',(1.,0.,0.));
#11393=DIRECTION('',(0.,1.,0.));
#11394=DIRECTION('',(1.,0.,0.));
#11395=DIRECTION('',(0.,1.,0.));
#11396=DIRECTION('',(1.,0.,0.));
#11397=DIRECTION('',(0.,1.,0.));
#11398=DIRECTION('',(1.,0.,0.));
#11399=DIRECTION('',(0.,1.,0.));
#11400=DIRECTION('',(1.,0.,0.));
#11401=DIRECTION('',(0.,1.,0.));
#11402=DIRECTION('',(1.,0.,0.));
#11403=DIRECTION('',(0.,1.,0.));
#11404=DIRECTION('',(1.,0.,0.));
#11405=DIRECTION('',(0.,1.,0.));
#11406=DIRECTION('',(1.,0.,0.));
#11407=DIRECTION('',(0.,1.,0.));
#11408=DIRECTION('',(1.,0.,0.));
#11409=DIRECTION('',(0.,1.,0.));
#11410=DIRECTION('',(1.,0.,0.));
#11411=DIRECTION('',(0.,1.,0.));
#11412=DIRECTION('',(1.,0.,0.));
#11413=DIRECTION('',(0.,1.,0.));
#11414=DIRECTION('',(1.,0.,0.));
#11415=DIRECTION('',(0.,1.,0.));
#11416=DIRECTION('',(1.,0.,0.));
#11417=DIRECTION('',(0.,1.,0.));
#11418=DIRECTION('',(1.,0.,0.));
#11419=DIRECTION('',(0.,1.,0.));
#11420=DIRECTION('',(1.,0.,0.));
#11421=DIRECTION('',(0.,1.,0.));
#11422=DIRECTION('',(1.,0.,0.));
#11423=DIRECTION('',(0.,1.,0.));
#11424=DIRECTION('',(1.,0.,0.));
#11425=DIRECTION('',(0.,1.,0.));
#11426=DIRECTION('',(1.,0.,0.));
#11427=DIRECTION('',(0.,1.,0.));
#11428=DIRECTION('',(1.,0.,0.));
#11429=DIRECTION('',(0.,1.,0.));
#11430=DIRECTION('',(1.,0.,0.));
#11431=DIRECTION('',(0.,1.,0.));
#11432=DIRECTION('',(1.,0.,0.));
#11433=DIRECTION('',(0.,1.,0.));
#11434=DIRECTION('',(1.,0.,0.));
#11435=DIRECTION('',(0.,1.,0.));
#11436=DIRECTION('',(1.,0.,0.));
#11437=DIRECTION('',(0.,1.,0.));
#11438=DIRECTION('',(1.,0.,0.));
#11439=DIRECTION('',(0.,0.,1.));
#11440=DIRECTION('',(-1.,0.,0.));
#11441=DIRECTION('',(0.,0.,-1.));
#11442=DIRECTION('',(0.703417603406501,0.,-0.710776811114329));
#11443=DIRECTION('',(0.,1.,0.));
#11444=DIRECTION('',(0.,0.,1.));
#11445=DIRECTION('',(0.,1.,0.));
#11446=DIRECTION('',(0.,0.,1.));
#11447=DIRECTION('',(0.,1.,0.));
#11448=DIRECTION('',(0.,0.,1.));
#11449=DIRECTION('',(0.,1.,0.));
#11450=DIRECTION('',(0.,0.,1.));
#11451=DIRECTION('',(-0.645005491521149,0.,-0.764177934716491));
#11452=DIRECTION('',(0.,1.,0.));
#11453=DIRECTION('',(0.,0.,1.));
#11454=DIRECTION('',(0.,1.,0.));
#11455=DIRECTION('',(0.,0.,1.));
#11456=DIRECTION('',(0.,1.,0.));
#11457=DIRECTION('',(0.,0.,1.));
#11458=DIRECTION('',(0.,1.,0.));
#11459=DIRECTION('',(0.,0.,1.));
#11460=DIRECTION('',(0.,1.,0.));
#11461=DIRECTION('',(0.,0.,1.));
#11462=DIRECTION('',(0.,1.,0.));
#11463=DIRECTION('',(0.,0.,1.));
#11464=DIRECTION('',(-0.728454535560239,0.,0.685094146538793));
#11465=DIRECTION('',(0.,0.,1.));
#11466=DIRECTION('',(1.,0.,0.));
#11467=DIRECTION('',(0.,0.,1.));
#11468=DIRECTION('',(0.,0.,-1.));
#11469=DIRECTION('',(0.,1.,0.));
#11470=DIRECTION('',(0.,0.,1.));
#11471=DIRECTION('',(0.,1.,0.));
#11472=DIRECTION('',(0.,0.,1.));
#11473=DIRECTION('',(-1.,0.,0.));
#11474=DIRECTION('',(0.,0.,-1.));
#11475=DIRECTION('',(1.,0.,0.));
#11476=DIRECTION('',(0.,1.,0.));
#11477=DIRECTION('',(0.,0.,1.));
#11478=DIRECTION('',(0.,1.,0.));
#11479=DIRECTION('',(0.,0.,1.));
#11480=DIRECTION('',(-0.557864222104495,0.,-0.829932231989906));
#11481=DIRECTION('',(0.,1.,0.));
#11482=DIRECTION('',(0.,0.,1.));
#11483=DIRECTION('',(0.,0.,-1.));
#11484=DIRECTION('',(0.,1.,0.));
#11485=DIRECTION('',(0.,0.,1.));
#11486=DIRECTION('',(0.,1.,0.));
#11487=DIRECTION('',(0.,0.,1.));
#11488=DIRECTION('',(0.,1.,0.));
#11489=DIRECTION('',(0.,0.,1.));
#11490=DIRECTION('',(0.,1.,0.));
#11491=DIRECTION('',(0.,0.,1.));
#11492=DIRECTION('',(-0.880764763936418,0.,-0.473554041908657));
#11493=DIRECTION('',(0.0736823295501917,0.,-0.997281762749153));
#11494=DIRECTION('',(1.,0.,0.));
#11495=DIRECTION('',(0.,0.,1.));
#11496=DIRECTION('',(-1.,0.,0.));
#11497=DIRECTION('',(-0.0932375550403441,0.,0.995643891323649));
#11498=DIRECTION('',(0.980233267335179,0.,-0.19784524661816));
#11499=DIRECTION('',(-1.,0.,0.));
#11500=DIRECTION('',(0.416103564214729,0.,-0.909317229490236));
#11501=DIRECTION('',(-1.,0.,0.));
#11502=DIRECTION('',(0.,0.,-1.));
#11503=DIRECTION('',(1.,0.,0.));
#11504=DIRECTION('',(0.,0.,1.));
#11505=DIRECTION('',(-0.40028408149681,0.,0.916391103241544));
#11506=DIRECTION('',(0.,0.,1.));
#11507=DIRECTION('',(-1.,0.,0.));
#11508=DIRECTION('',(0.,0.,-1.));
#11509=DIRECTION('',(0.023035360619263,0.,-0.999734650875491));
#11510=DIRECTION('',(0.031563213399687,0.,-0.999501757657227));
#11511=DIRECTION('',(0.,1.,0.));
#11512=DIRECTION('',(0.,0.,1.));
#11513=DIRECTION('',(-0.779418314161364,0.,0.626503863954451));
#11514=DIRECTION('',(-0.625676983246886,0.,-0.780082247352852));
#11515=DIRECTION('',(0.782318511256075,0.,-0.622878597277253));
#11516=DIRECTION('',(1.,0.,0.));
#11517=DIRECTION('',(0.,0.,1.));
#11518=DIRECTION('',(-1.,0.,0.));
#11519=DIRECTION('',(0.,0.,-1.));
#11520=DIRECTION('',(0.023035360619263,0.,-0.999734650875491));
#11521=DIRECTION('',(0.0315632133996849,0.,-0.999501757657227));
#11522=DIRECTION('',(0.,1.,0.));
#11523=DIRECTION('',(0.,0.,1.));
#11524=DIRECTION('',(-0.779418314161364,0.,0.626503863954451));
#11525=DIRECTION('',(-0.625676983246886,0.,-0.780082247352852));
#11526=DIRECTION('',(0.782318511256073,0.,-0.622878597277255));
#11527=DIRECTION('',(1.,0.,0.));
#11528=DIRECTION('',(0.,0.,1.));
#11529=DIRECTION('',(-1.,0.,0.));
#11530=DIRECTION('',(0.,0.,-1.));
#11531=DIRECTION('',(0.023035360619263,0.,-0.999734650875491));
#11532=DIRECTION('',(0.0315632133996849,0.,-0.999501757657227));
#11533=DIRECTION('',(0.,1.,0.));
#11534=DIRECTION('',(0.,0.,1.));
#11535=DIRECTION('',(-0.779418314161364,0.,0.626503863954451));
#11536=DIRECTION('',(-0.625676983246886,0.,-0.780082247352852));
#11537=DIRECTION('',(0.782318511256074,0.,-0.622878597277254));
#11538=DIRECTION('',(1.,0.,0.));
#11539=DIRECTION('',(0.,0.,1.));
#11540=DIRECTION('',(-1.,0.,0.));
#11541=DIRECTION('',(0.,0.,-1.));
#11542=DIRECTION('',(0.023035360619263,0.,-0.999734650875491));
#11543=DIRECTION('',(0.0315632133996849,0.,-0.999501757657227));
#11544=DIRECTION('',(0.,1.,0.));
#11545=DIRECTION('',(0.,0.,1.));
#11546=DIRECTION('',(-0.779418314161364,0.,0.626503863954451));
#11547=DIRECTION('',(-0.625676983246866,0.,-0.780082247352868));
#11548=DIRECTION('',(0.782318511256073,0.,-0.622878597277255));
#11549=DIRECTION('',(1.,0.,0.));
#11550=DIRECTION('',(0.,0.,1.));
#11551=DIRECTION('',(-1.,0.,0.));
#11552=DIRECTION('',(0.,0.,-1.));
#11553=DIRECTION('',(0.703417603406501,0.,-0.710776811114329));
#11554=DIRECTION('',(0.,1.,0.));
#11555=DIRECTION('',(0.,0.,1.));
#11556=DIRECTION('',(0.,1.,0.));
#11557=DIRECTION('',(0.,0.,1.));
#11558=DIRECTION('',(0.,1.,0.));
#11559=DIRECTION('',(0.,0.,1.));
#11560=DIRECTION('',(0.,1.,0.));
#11561=DIRECTION('',(0.,0.,1.));
#11562=DIRECTION('',(-0.645005491521154,0.,-0.764177934716486));
#11563=DIRECTION('',(0.,1.,0.));
#11564=DIRECTION('',(0.,0.,1.));
#11565=DIRECTION('',(0.,1.,0.));
#11566=DIRECTION('',(0.,0.,1.));
#11567=DIRECTION('',(0.,1.,0.));
#11568=DIRECTION('',(0.,0.,1.));
#11569=DIRECTION('',(0.,1.,0.));
#11570=DIRECTION('',(0.,0.,1.));
#11571=DIRECTION('',(0.,1.,0.));
#11572=DIRECTION('',(0.,0.,1.));
#11573=DIRECTION('',(0.,1.,0.));
#11574=DIRECTION('',(0.,0.,1.));
#11575=DIRECTION('',(-0.728454535560239,0.,0.685094146538793));
#11576=DIRECTION('',(0.,0.,1.));
#11577=DIRECTION('',(1.,0.,0.));
#11578=DIRECTION('',(0.,0.,1.));
#11579=DIRECTION('',(0.,1.,0.));
#11580=DIRECTION('',(0.,0.,1.));
#11581=DIRECTION('',(0.,1.,0.));
#11582=DIRECTION('',(0.,0.,1.));
#11583=DIRECTION('',(1.,0.,0.));
#11584=DIRECTION('',(0.,1.,0.));
#11585=DIRECTION('',(1.,0.,0.));
#11586=DIRECTION('',(0.,0.,-1.));
#11587=DIRECTION('',(1.,0.,0.));
#11588=DIRECTION('',(0.,1.,0.));
#11589=DIRECTION('',(0.,0.,1.));
#11590=DIRECTION('',(0.,0.,1.));
#11591=DIRECTION('',(-1.,0.,0.));
#11592=DIRECTION('',(-1.,0.,0.));
#11593=DIRECTION('',(-0.291056642682016,0.,-0.956705822471397));
#11594=DIRECTION('',(-1.,0.,0.));
#11595=DIRECTION('',(-0.291056642682015,0.,0.956705822471398));
#11596=DIRECTION('',(-1.,0.,0.));
#11597=DIRECTION('',(0.331669016823166,0.,-0.943395814745621));
#11598=DIRECTION('',(1.,0.,0.));
#11599=DIRECTION('',(0.332766361047278,0.,0.943009304808469));
#11600=DIRECTION('',(-1.,0.,0.));
#11601=DIRECTION('',(0.,1.,0.));
#11602=DIRECTION('',(0.,0.,-1.));
#11603=DIRECTION('',(0.,1.,0.));
#11604=DIRECTION('',(0.,1.,0.));
#11605=DIRECTION('',(0.,0.,-1.));
#11606=DIRECTION('',(0.,1.,0.));
#11607=DIRECTION('',(0.,-1.,0.));
#11608=DIRECTION('',(0.,0.,-1.));
#11609=DIRECTION('',(0.,-1.,0.));
#11610=DIRECTION('',(0.,1.,0.));
#11611=DIRECTION('',(0.,1.,0.));
#11612=DIRECTION('',(1.,0.,0.));
#11613=DIRECTION('',(0.,1.,0.));
#11614=DIRECTION('',(1.,0.,0.));
#11615=DIRECTION('',(0.,1.,0.));
#11616=DIRECTION('',(1.,0.,0.));
#11617=DIRECTION('',(0.,1.,0.));
#11618=DIRECTION('',(1.,0.,0.));
#11619=DIRECTION('',(0.,1.,0.));
#11620=DIRECTION('',(1.,0.,0.));
#11621=DIRECTION('',(0.,1.,0.));
#11622=DIRECTION('',(1.,0.,0.));
#11623=DIRECTION('',(0.,1.,0.));
#11624=DIRECTION('',(1.,0.,0.));
#11625=DIRECTION('',(0.,1.,0.));
#11626=DIRECTION('',(1.,0.,0.));
#11627=DIRECTION('',(0.,1.,0.));
#11628=DIRECTION('',(1.,0.,0.));
#11629=DIRECTION('',(0.,1.,0.));
#11630=DIRECTION('',(1.,0.,0.));
#11631=DIRECTION('',(0.,1.,0.));
#11632=DIRECTION('',(1.,0.,0.));
#11633=DIRECTION('',(0.,1.,0.));
#11634=DIRECTION('',(1.,0.,0.));
#11635=DIRECTION('',(0.,1.,0.));
#11636=DIRECTION('',(1.,0.,0.));
#11637=DIRECTION('',(0.,1.,0.));
#11638=DIRECTION('',(1.,0.,0.));
#11639=DIRECTION('',(0.,1.,0.));
#11640=DIRECTION('',(1.,0.,0.));
#11641=DIRECTION('',(0.,1.,0.));
#11642=DIRECTION('',(1.,0.,0.));
#11643=DIRECTION('',(0.,1.,0.));
#11644=DIRECTION('',(1.,0.,0.));
#11645=DIRECTION('',(0.,1.,0.));
#11646=DIRECTION('',(1.,0.,0.));
#11647=DIRECTION('',(0.,1.,0.));
#11648=DIRECTION('',(1.,0.,0.));
#11649=DIRECTION('',(0.,1.,0.));
#11650=DIRECTION('',(1.,0.,0.));
#11651=DIRECTION('',(0.,1.,0.));
#11652=DIRECTION('',(1.,0.,0.));
#11653=DIRECTION('',(0.,1.,0.));
#11654=DIRECTION('',(1.,0.,0.));
#11655=DIRECTION('',(0.,1.,0.));
#11656=DIRECTION('',(1.,0.,0.));
#11657=DIRECTION('',(0.,1.,0.));
#11658=DIRECTION('',(1.,0.,0.));
#11659=DIRECTION('',(0.,1.,0.));
#11660=DIRECTION('',(1.,0.,0.));
#11661=DIRECTION('',(0.,1.,0.));
#11662=DIRECTION('',(1.,0.,0.));
#11663=DIRECTION('',(0.,1.,0.));
#11664=DIRECTION('',(1.,0.,0.));
#11665=DIRECTION('',(0.,1.,0.));
#11666=DIRECTION('',(1.,0.,0.));
#11667=DIRECTION('',(0.,1.,0.));
#11668=DIRECTION('',(1.,0.,0.));
#11669=DIRECTION('',(0.,1.,0.));
#11670=DIRECTION('',(1.,0.,0.));
#11671=DIRECTION('',(0.,1.,0.));
#11672=DIRECTION('',(1.,0.,0.));
#11673=DIRECTION('',(0.,1.,0.));
#11674=DIRECTION('',(1.,0.,0.));
#11675=DIRECTION('',(0.,1.,0.));
#11676=DIRECTION('',(1.,0.,0.));
#11677=DIRECTION('',(0.,1.,0.));
#11678=DIRECTION('',(1.,0.,0.));
#11679=DIRECTION('',(0.,1.,0.));
#11680=DIRECTION('',(1.,0.,0.));
#11681=DIRECTION('',(0.,1.,0.));
#11682=DIRECTION('',(1.,0.,0.));
#11683=DIRECTION('',(0.,1.,0.));
#11684=DIRECTION('',(1.,0.,0.));
#11685=DIRECTION('',(0.,1.,0.));
#11686=DIRECTION('',(1.,0.,0.));
#11687=DIRECTION('',(0.,1.,0.));
#11688=DIRECTION('',(1.,0.,0.));
#11689=DIRECTION('',(0.,1.,0.));
#11690=DIRECTION('',(1.,0.,0.));
#11691=DIRECTION('',(0.,1.,0.));
#11692=DIRECTION('',(1.,0.,0.));
#11693=DIRECTION('',(0.,1.,0.));
#11694=DIRECTION('',(1.,0.,0.));
#11695=DIRECTION('',(0.,1.,0.));
#11696=DIRECTION('',(1.,0.,0.));
#11697=DIRECTION('',(0.,1.,0.));
#11698=DIRECTION('',(1.,0.,0.));
#11699=DIRECTION('',(0.,1.,0.));
#11700=DIRECTION('',(1.,0.,0.));
#11701=DIRECTION('',(0.,1.,0.));
#11702=DIRECTION('',(1.,0.,0.));
#11703=DIRECTION('',(0.,1.,0.));
#11704=DIRECTION('',(1.,0.,0.));
#11705=DIRECTION('',(0.,1.,0.));
#11706=DIRECTION('',(1.,0.,0.));
#11707=DIRECTION('',(0.,1.,0.));
#11708=DIRECTION('',(1.,0.,0.));
#11709=DIRECTION('',(0.,1.,0.));
#11710=DIRECTION('',(1.,0.,0.));
#11711=DIRECTION('',(0.,1.,0.));
#11712=DIRECTION('',(1.,0.,0.));
#11713=DIRECTION('',(0.,1.,0.));
#11714=DIRECTION('',(1.,0.,0.));
#11715=DIRECTION('',(0.,1.,0.));
#11716=DIRECTION('',(1.,0.,0.));
#11717=DIRECTION('',(0.,1.,0.));
#11718=DIRECTION('',(1.,0.,0.));
#11719=DIRECTION('',(0.,1.,0.));
#11720=DIRECTION('',(1.,0.,0.));
#11721=DIRECTION('',(0.,1.,0.));
#11722=DIRECTION('',(1.,0.,0.));
#11723=DIRECTION('',(0.,1.,0.));
#11724=DIRECTION('',(1.,0.,0.));
#11725=DIRECTION('',(0.,1.,0.));
#11726=DIRECTION('',(1.,0.,0.));
#11727=DIRECTION('',(0.,1.,0.));
#11728=DIRECTION('',(1.,0.,0.));
#11729=DIRECTION('',(0.,1.,0.));
#11730=DIRECTION('',(1.,0.,0.));
#11731=DIRECTION('',(0.,1.,0.));
#11732=DIRECTION('',(1.,0.,0.));
#11733=DIRECTION('',(0.,1.,0.));
#11734=DIRECTION('',(1.,0.,0.));
#11735=DIRECTION('',(0.,1.,0.));
#11736=DIRECTION('',(1.,0.,0.));
#11737=DIRECTION('',(0.,1.,0.));
#11738=DIRECTION('',(1.,0.,0.));
#11739=DIRECTION('',(0.,1.,0.));
#11740=DIRECTION('',(1.,0.,0.));
#11741=DIRECTION('',(0.,1.,0.));
#11742=DIRECTION('',(1.,0.,0.));
#11743=DIRECTION('',(0.,1.,0.));
#11744=DIRECTION('',(1.,0.,0.));
#11745=DIRECTION('',(0.,1.,0.));
#11746=DIRECTION('',(1.,0.,0.));
#11747=DIRECTION('',(0.,1.,0.));
#11748=DIRECTION('',(1.,0.,0.));
#11749=DIRECTION('',(0.,1.,0.));
#11750=DIRECTION('',(1.,0.,0.));
#11751=DIRECTION('',(0.,1.,0.));
#11752=DIRECTION('',(1.,0.,0.));
#11753=DIRECTION('',(0.,1.,0.));
#11754=DIRECTION('',(1.,0.,0.));
#11755=DIRECTION('',(0.,1.,0.));
#11756=DIRECTION('',(1.,0.,0.));
#11757=DIRECTION('',(0.,1.,0.));
#11758=DIRECTION('',(1.,0.,0.));
#11759=DIRECTION('',(0.,1.,0.));
#11760=DIRECTION('',(1.,0.,0.));
#11761=DIRECTION('',(0.,1.,0.));
#11762=DIRECTION('',(1.,0.,0.));
#11763=DIRECTION('',(0.,1.,0.));
#11764=DIRECTION('',(1.,0.,0.));
#11765=DIRECTION('',(0.,1.,0.));
#11766=DIRECTION('',(1.,0.,0.));
#11767=DIRECTION('',(0.,1.,0.));
#11768=DIRECTION('',(1.,0.,0.));
#11769=DIRECTION('',(0.,1.,0.));
#11770=DIRECTION('',(1.,0.,0.));
#11771=DIRECTION('',(0.,1.,0.));
#11772=DIRECTION('',(1.,0.,0.));
#11773=DIRECTION('',(0.,1.,0.));
#11774=DIRECTION('',(1.,0.,0.));
#11775=DIRECTION('',(0.,1.,0.));
#11776=DIRECTION('',(1.,0.,0.));
#11777=DIRECTION('',(0.,1.,0.));
#11778=DIRECTION('',(1.,0.,0.));
#11779=DIRECTION('',(0.,1.,0.));
#11780=DIRECTION('',(1.,0.,0.));
#11781=DIRECTION('',(0.,1.,0.));
#11782=DIRECTION('',(1.,0.,0.));
#11783=DIRECTION('',(0.,1.,0.));
#11784=DIRECTION('',(1.,0.,0.));
#11785=DIRECTION('',(0.,1.,0.));
#11786=DIRECTION('',(1.,0.,0.));
#11787=DIRECTION('',(0.,1.,0.));
#11788=DIRECTION('',(1.,0.,0.));
#11789=DIRECTION('',(0.,1.,0.));
#11790=DIRECTION('',(1.,0.,0.));
#11791=DIRECTION('',(0.,1.,0.));
#11792=DIRECTION('',(1.,0.,0.));
#11793=DIRECTION('',(0.,1.,0.));
#11794=DIRECTION('',(1.,0.,0.));
#11795=DIRECTION('',(0.,1.,0.));
#11796=DIRECTION('',(1.,0.,0.));
#11797=DIRECTION('',(0.,1.,0.));
#11798=DIRECTION('',(1.,0.,0.));
#11799=DIRECTION('',(0.,1.,0.));
#11800=DIRECTION('',(1.,0.,0.));
#11801=DIRECTION('',(0.,1.,0.));
#11802=DIRECTION('',(1.,0.,0.));
#11803=DIRECTION('',(0.,1.,0.));
#11804=DIRECTION('',(1.,0.,0.));
#11805=DIRECTION('',(0.,1.,0.));
#11806=DIRECTION('',(1.,0.,0.));
#11807=DIRECTION('',(0.,1.,0.));
#11808=DIRECTION('',(1.,0.,0.));
#11809=DIRECTION('',(0.,1.,0.));
#11810=DIRECTION('',(1.,0.,0.));
#11811=DIRECTION('',(0.,1.,0.));
#11812=DIRECTION('',(1.,0.,0.));
#11813=DIRECTION('',(0.,1.,0.));
#11814=DIRECTION('',(1.,0.,0.));
#11815=DIRECTION('',(0.,1.,0.));
#11816=DIRECTION('',(1.,0.,0.));
#11817=DIRECTION('',(0.,1.,0.));
#11818=DIRECTION('',(1.,0.,0.));
#11819=DIRECTION('',(0.,1.,0.));
#11820=DIRECTION('',(1.,0.,0.));
#11821=DIRECTION('',(0.,1.,0.));
#11822=DIRECTION('',(1.,0.,0.));
#11823=DIRECTION('',(0.,1.,0.));
#11824=DIRECTION('',(1.,0.,0.));
#11825=DIRECTION('',(0.,1.,0.));
#11826=DIRECTION('',(1.,0.,0.));
#11827=DIRECTION('',(0.,1.,0.));
#11828=DIRECTION('',(1.,0.,0.));
#11829=DIRECTION('',(0.,1.,0.));
#11830=DIRECTION('',(1.,0.,0.));
#11831=DIRECTION('',(0.,1.,0.));
#11832=DIRECTION('',(1.,0.,0.));
#11833=DIRECTION('',(1.,0.,0.));
#11834=DIRECTION('',(0.,1.,0.));
#11835=DIRECTION('',(1.,0.,0.));
#11836=DIRECTION('',(0.,0.,-1.));
#11837=DIRECTION('',(0.,1.,0.));
#11838=DIRECTION('',(1.,0.,0.));
#11839=DIRECTION('',(1.,0.,0.));
#11840=DIRECTION('',(0.,1.,0.));
#11841=DIRECTION('',(1.,0.,0.));
#11842=DIRECTION('',(0.,1.,0.));
#11843=DIRECTION('',(1.,0.,0.));
#11844=DIRECTION('',(0.,1.,0.));
#11845=DIRECTION('',(1.,0.,0.));
#11846=DIRECTION('',(0.,1.,0.));
#11847=DIRECTION('',(1.,0.,0.));
#11848=DIRECTION('',(0.,1.,0.));
#11849=DIRECTION('',(1.,0.,0.));
#11850=DIRECTION('',(0.,1.,0.));
#11851=DIRECTION('',(1.,0.,0.));
#11852=DIRECTION('',(0.,1.,0.));
#11853=DIRECTION('',(1.,0.,0.));
#11854=DIRECTION('',(0.,1.,0.));
#11855=DIRECTION('',(1.,0.,0.));
#11856=DIRECTION('',(0.,1.,0.));
#11857=DIRECTION('',(1.,0.,0.));
#11858=DIRECTION('',(0.,1.,0.));
#11859=DIRECTION('',(1.,0.,0.));
#11860=DIRECTION('',(0.,1.,0.));
#11861=DIRECTION('',(1.,0.,0.));
#11862=DIRECTION('',(0.,1.,0.));
#11863=DIRECTION('',(1.,0.,0.));
#11864=DIRECTION('',(0.,1.,0.));
#11865=DIRECTION('',(1.,0.,0.));
#11866=DIRECTION('',(0.,1.,0.));
#11867=DIRECTION('',(1.,0.,0.));
#11868=DIRECTION('',(0.,1.,0.));
#11869=DIRECTION('',(1.,0.,0.));
#11870=DIRECTION('',(0.,1.,0.));
#11871=DIRECTION('',(1.,0.,0.));
#11872=DIRECTION('',(0.,1.,0.));
#11873=DIRECTION('',(1.,0.,0.));
#11874=DIRECTION('',(0.,1.,0.));
#11875=DIRECTION('',(1.,0.,0.));
#11876=DIRECTION('',(0.,1.,0.));
#11877=DIRECTION('',(1.,0.,0.));
#11878=DIRECTION('',(0.,1.,0.));
#11879=DIRECTION('',(1.,0.,0.));
#11880=DIRECTION('',(0.,1.,0.));
#11881=DIRECTION('',(1.,0.,0.));
#11882=DIRECTION('',(0.,1.,0.));
#11883=DIRECTION('',(1.,0.,0.));
#11884=DIRECTION('',(0.,1.,0.));
#11885=DIRECTION('',(1.,0.,0.));
#11886=DIRECTION('',(0.,1.,0.));
#11887=DIRECTION('',(1.,0.,0.));
#11888=DIRECTION('',(0.,1.,0.));
#11889=DIRECTION('',(1.,0.,0.));
#11890=DIRECTION('',(0.,1.,0.));
#11891=DIRECTION('',(1.,0.,0.));
#11892=DIRECTION('',(0.,1.,0.));
#11893=DIRECTION('',(1.,0.,0.));
#11894=DIRECTION('',(0.,1.,0.));
#11895=DIRECTION('',(1.,0.,0.));
#11896=DIRECTION('',(0.,1.,0.));
#11897=DIRECTION('',(1.,0.,0.));
#11898=DIRECTION('',(0.,1.,0.));
#11899=DIRECTION('',(1.,0.,0.));
#11900=DIRECTION('',(0.,1.,0.));
#11901=DIRECTION('',(1.,0.,0.));
#11902=DIRECTION('',(0.,1.,0.));
#11903=DIRECTION('',(1.,0.,0.));
#11904=DIRECTION('',(0.,1.,0.));
#11905=DIRECTION('',(1.,0.,0.));
#11906=DIRECTION('',(0.,1.,0.));
#11907=DIRECTION('',(1.,0.,0.));
#11908=DIRECTION('',(0.,1.,0.));
#11909=DIRECTION('',(1.,0.,0.));
#11910=DIRECTION('',(0.,1.,0.));
#11911=DIRECTION('',(1.,0.,0.));
#11912=DIRECTION('',(0.,1.,0.));
#11913=DIRECTION('',(1.,0.,0.));
#11914=DIRECTION('',(0.,1.,0.));
#11915=DIRECTION('',(1.,0.,0.));
#11916=DIRECTION('',(0.,1.,0.));
#11917=DIRECTION('',(1.,0.,0.));
#11918=DIRECTION('',(0.,1.,0.));
#11919=DIRECTION('',(1.,0.,0.));
#11920=DIRECTION('',(0.,1.,0.));
#11921=DIRECTION('',(1.,0.,0.));
#11922=DIRECTION('',(0.,1.,0.));
#11923=DIRECTION('',(1.,0.,0.));
#11924=DIRECTION('',(0.,1.,0.));
#11925=DIRECTION('',(1.,0.,0.));
#11926=DIRECTION('',(0.,1.,0.));
#11927=DIRECTION('',(1.,0.,0.));
#11928=DIRECTION('',(0.,1.,0.));
#11929=DIRECTION('',(1.,0.,0.));
#11930=DIRECTION('',(0.,1.,0.));
#11931=DIRECTION('',(1.,0.,0.));
#11932=DIRECTION('',(0.,1.,0.));
#11933=DIRECTION('',(1.,0.,0.));
#11934=DIRECTION('',(0.,1.,0.));
#11935=DIRECTION('',(1.,0.,0.));
#11936=DIRECTION('',(0.,1.,0.));
#11937=DIRECTION('',(1.,0.,0.));
#11938=DIRECTION('',(0.,1.,0.));
#11939=DIRECTION('',(1.,0.,0.));
#11940=DIRECTION('',(0.,1.,0.));
#11941=DIRECTION('',(1.,0.,0.));
#11942=DIRECTION('',(0.,1.,0.));
#11943=DIRECTION('',(1.,0.,0.));
#11944=DIRECTION('',(0.,1.,0.));
#11945=DIRECTION('',(1.,0.,0.));
#11946=DIRECTION('',(0.,1.,0.));
#11947=DIRECTION('',(1.,0.,0.));
#11948=DIRECTION('',(0.,1.,0.));
#11949=DIRECTION('',(1.,0.,0.));
#11950=DIRECTION('',(0.,1.,0.));
#11951=DIRECTION('',(1.,0.,0.));
#11952=DIRECTION('',(0.,1.,0.));
#11953=DIRECTION('',(1.,0.,0.));
#11954=DIRECTION('',(0.,1.,0.));
#11955=DIRECTION('',(1.,0.,0.));
#11956=DIRECTION('',(0.,1.,0.));
#11957=DIRECTION('',(1.,0.,0.));
#11958=DIRECTION('',(0.,1.,0.));
#11959=DIRECTION('',(1.,0.,0.));
#11960=DIRECTION('',(0.,1.,0.));
#11961=DIRECTION('',(1.,0.,0.));
#11962=DIRECTION('',(0.,1.,0.));
#11963=DIRECTION('',(1.,0.,0.));
#11964=DIRECTION('',(0.,1.,0.));
#11965=DIRECTION('',(1.,0.,0.));
#11966=DIRECTION('',(0.,1.,0.));
#11967=DIRECTION('',(1.,0.,0.));
#11968=DIRECTION('',(0.,1.,0.));
#11969=DIRECTION('',(1.,0.,0.));
#11970=DIRECTION('',(0.,1.,0.));
#11971=DIRECTION('',(1.,0.,0.));
#11972=DIRECTION('',(0.,1.,0.));
#11973=DIRECTION('',(1.,0.,0.));
#11974=DIRECTION('',(0.,1.,0.));
#11975=DIRECTION('',(1.,0.,0.));
#11976=DIRECTION('',(0.,1.,0.));
#11977=DIRECTION('',(1.,0.,0.));
#11978=DIRECTION('',(0.,1.,0.));
#11979=DIRECTION('',(1.,0.,0.));
#11980=DIRECTION('',(0.,1.,0.));
#11981=DIRECTION('',(1.,0.,0.));
#11982=DIRECTION('',(0.,1.,0.));
#11983=DIRECTION('',(1.,0.,0.));
#11984=DIRECTION('',(0.,1.,0.));
#11985=DIRECTION('',(1.,0.,0.));
#11986=DIRECTION('',(0.,1.,0.));
#11987=DIRECTION('',(1.,0.,0.));
#11988=DIRECTION('',(0.,1.,0.));
#11989=DIRECTION('',(1.,0.,0.));
#11990=DIRECTION('',(0.,1.,0.));
#11991=DIRECTION('',(1.,0.,0.));
#11992=DIRECTION('',(0.,1.,0.));
#11993=DIRECTION('',(1.,0.,0.));
#11994=DIRECTION('',(0.,1.,0.));
#11995=DIRECTION('',(1.,0.,0.));
#11996=DIRECTION('',(0.,1.,0.));
#11997=DIRECTION('',(1.,0.,0.));
#11998=DIRECTION('',(0.,1.,0.));
#11999=DIRECTION('',(1.,0.,0.));
#12000=DIRECTION('',(0.,1.,0.));
#12001=DIRECTION('',(1.,0.,0.));
#12002=DIRECTION('',(0.,1.,0.));
#12003=DIRECTION('',(1.,0.,0.));
#12004=DIRECTION('',(0.,1.,0.));
#12005=DIRECTION('',(1.,0.,0.));
#12006=DIRECTION('',(0.,1.,0.));
#12007=DIRECTION('',(1.,0.,0.));
#12008=DIRECTION('',(0.,1.,0.));
#12009=DIRECTION('',(1.,0.,0.));
#12010=DIRECTION('',(0.,1.,0.));
#12011=DIRECTION('',(1.,0.,0.));
#12012=DIRECTION('',(0.,1.,0.));
#12013=DIRECTION('',(1.,0.,0.));
#12014=DIRECTION('',(0.,1.,0.));
#12015=DIRECTION('',(1.,0.,0.));
#12016=DIRECTION('',(0.,1.,0.));
#12017=DIRECTION('',(1.,0.,0.));
#12018=DIRECTION('',(0.,1.,0.));
#12019=DIRECTION('',(1.,0.,0.));
#12020=DIRECTION('',(0.,1.,0.));
#12021=DIRECTION('',(1.,0.,0.));
#12022=DIRECTION('',(0.,1.,0.));
#12023=DIRECTION('',(1.,0.,0.));
#12024=DIRECTION('',(0.,1.,0.));
#12025=DIRECTION('',(1.,0.,0.));
#12026=DIRECTION('',(0.,1.,0.));
#12027=DIRECTION('',(1.,0.,0.));
#12028=DIRECTION('',(0.,1.,0.));
#12029=DIRECTION('',(1.,0.,0.));
#12030=DIRECTION('',(0.,1.,0.));
#12031=DIRECTION('',(1.,0.,0.));
#12032=DIRECTION('',(0.,0.,-1.));
#12033=DIRECTION('',(0.,1.,0.));
#12034=DIRECTION('',(0.,-1.,0.));
#12035=DIRECTION('',(0.,-1.,0.));
#12036=DIRECTION('',(-1.,0.,0.));
#12037=DIRECTION('',(0.,1.,0.));
#12038=DIRECTION('',(0.,0.,-1.));
#12039=DIRECTION('',(0.,1.,0.));
#12040=DIRECTION('',(0.,1.,0.));
#12041=DIRECTION('',(0.,0.,-1.));
#12042=DIRECTION('',(0.,1.,0.));
#12043=DIRECTION('',(0.,-1.,0.));
#12044=DIRECTION('',(0.,-1.,0.));
#12045=DIRECTION('',(0.,1.,0.));
#12046=DIRECTION('',(0.,0.,-1.));
#12047=DIRECTION('',(0.,1.,0.));
#12048=DIRECTION('',(0.,-1.,0.));
#12049=DIRECTION('',(0.,-1.,0.));
#12050=DIRECTION('',(0.,-1.,0.));
#12051=DIRECTION('',(-1.,0.,0.));
#12052=DIRECTION('',(0.,1.,0.));
#12053=DIRECTION('',(1.,0.,0.));
#12054=DIRECTION('',(0.,-1.,0.));
#12055=DIRECTION('',(-1.,0.,0.));
#12056=DIRECTION('',(0.,1.,0.));
#12057=DIRECTION('',(1.,0.,0.));
#12058=DIRECTION('',(0.,1.,0.));
#12059=DIRECTION('',(1.,0.,0.));
#12060=DIRECTION('',(0.,0.,-1.));
#12061=DIRECTION('',(0.,1.,0.));
#12062=DIRECTION('',(0.,1.,0.));
#12063=DIRECTION('',(-1.,0.,0.));
#12064=DIRECTION('',(0.,1.,0.));
#12065=DIRECTION('',(-1.,0.,0.));
#12066=DIRECTION('',(0.,1.,0.));
#12067=DIRECTION('',(0.,1.,0.));
#12068=DIRECTION('',(0.,0.,1.));
#12069=DIRECTION('',(0.,0.,1.));
#12070=DIRECTION('',(0.,-1.,0.));
#12071=DIRECTION('',(0.,1.,0.));
#12072=DIRECTION('',(1.,0.,0.));
#12073=DIRECTION('',(-1.,0.,0.));
#12074=DIRECTION('',(0.,1.,0.));
#12075=DIRECTION('',(0.,1.,0.));
#12076=DIRECTION('',(0.,0.,1.));
#12077=DIRECTION('',(-0.685094146538793,0.,-0.728454535560239));
#12078=DIRECTION('',(-0.728454535560239,0.,0.685094146538793));
#12079=DIRECTION('',(0.,1.,0.));
#12080=DIRECTION('',(-0.728454535560239,0.,0.685094146538793));
#12081=DIRECTION('',(0.,1.,0.));
#12082=DIRECTION('',(0.,1.,0.));
#12083=DIRECTION('',(0.857765088088884,0.,0.514041879282096));
#12084=DIRECTION('',(0.,1.,0.));
#12085=DIRECTION('',(0.,1.,0.));
#12086=DIRECTION('',(0.,0.,1.));
#12087=DIRECTION('',(0.,1.,0.));
#12088=DIRECTION('',(0.982543411894073,0.,0.186033447916103));
#12089=DIRECTION('',(0.,1.,0.));
#12090=DIRECTION('',(0.,1.,0.));
#12091=DIRECTION('',(0.,0.,1.));
#12092=DIRECTION('',(0.,1.,0.));
#12093=DIRECTION('',(0.961352124336402,0.,-0.275321799053195));
#12094=DIRECTION('',(0.,1.,0.));
#12095=DIRECTION('',(0.,1.,0.));
#12096=DIRECTION('',(0.,0.,1.));
#12097=DIRECTION('',(0.,1.,0.));
#12098=DIRECTION('',(0.65451550463138,0.,-0.756048579257398));
#12099=DIRECTION('',(0.,1.,0.));
#12100=DIRECTION('',(0.,1.,0.));
#12101=DIRECTION('',(0.,0.,1.));
#12102=DIRECTION('',(0.,1.,0.));
#12103=DIRECTION('',(0.,1.,0.));
#12104=DIRECTION('',(-0.111930092907569,0.,-0.993716083346598));
#12105=DIRECTION('',(0.,1.,0.));
#12106=DIRECTION('',(0.,1.,0.));
#12107=DIRECTION('',(0.,0.,1.));
#12108=DIRECTION('',(0.,1.,0.));
#12109=DIRECTION('',(-0.353900415013558,0.,-0.935283110214887));
#12110=DIRECTION('',(0.,1.,0.));
#12111=DIRECTION('',(0.,1.,0.));
#12112=DIRECTION('',(0.,0.,1.));
#12113=DIRECTION('',(0.,1.,0.));
#12114=DIRECTION('',(0.764177934716491,0.,-0.645005491521149));
#12115=DIRECTION('',(-0.645005491521149,0.,-0.764177934716491));
#12116=DIRECTION('',(0.,1.,0.));
#12117=DIRECTION('',(-0.645005491521149,0.,-0.764177934716491));
#12118=DIRECTION('',(0.,1.,0.));
#12119=DIRECTION('',(-0.549731241645595,0.,-0.835341583999499));
#12120=DIRECTION('',(0.,1.,0.));
#12121=DIRECTION('',(0.,1.,0.));
#12122=DIRECTION('',(0.,0.,1.));
#12123=DIRECTION('',(0.,1.,0.));
#12124=DIRECTION('',(-0.228639677966287,0.,-0.973511118405677));
#12125=DIRECTION('',(0.,1.,0.));
#12126=DIRECTION('',(0.,1.,0.));
#12127=DIRECTION('',(0.,0.,1.));
#12128=DIRECTION('',(0.,1.,0.));
#12129=DIRECTION('',(0.,1.,0.));
#12130=DIRECTION('',(0.,1.,0.));
#12131=DIRECTION('',(0.981774763306713,0.,0.190048188978605));
#12132=DIRECTION('',(0.,1.,0.));
#12133=DIRECTION('',(0.,1.,0.));
#12134=DIRECTION('',(0.,0.,1.));
#12135=DIRECTION('',(0.,1.,0.));
#12136=DIRECTION('',(0.860251396363534,0.,0.509870115867355));
#12137=DIRECTION('',(0.,1.,0.));
#12138=DIRECTION('',(0.,1.,0.));
#12139=DIRECTION('',(0.,0.,1.));
#12140=DIRECTION('',(0.,1.,0.));
#12141=DIRECTION('',(0.710776811114329,0.,0.703417603406501));
#12142=DIRECTION('',(0.703417603406501,0.,-0.710776811114329));
#12143=DIRECTION('',(0.,1.,0.));
#12144=DIRECTION('',(0.703417603406501,0.,-0.710776811114329));
#12145=DIRECTION('',(1.,0.,0.));
#12146=DIRECTION('',(0.,-1.,0.));
#12147=DIRECTION('',(0.,0.,-1.));
#12148=DIRECTION('',(0.,1.,0.));
#12149=DIRECTION('',(1.,0.,0.));
#12150=DIRECTION('',(0.,1.,0.));
#12151=DIRECTION('',(0.,1.,0.));
#12152=DIRECTION('',(0.,1.,0.));
#12153=DIRECTION('',(0.,1.,0.));
#12154=DIRECTION('',(0.,1.,0.));
#12155=DIRECTION('',(0.829932231989906,0.,-0.557864222104495));
#12156=DIRECTION('',(-0.557864222104495,0.,-0.829932231989906));
#12157=DIRECTION('',(0.,1.,0.));
#12158=DIRECTION('',(-0.557864222104495,0.,-0.829932231989906));
#12159=DIRECTION('',(0.,1.,0.));
#12160=DIRECTION('',(-0.441733592684955,0.,-0.897146271849603));
#12161=DIRECTION('',(0.,1.,0.));
#12162=DIRECTION('',(0.,1.,0.));
#12163=DIRECTION('',(0.,0.,1.));
#12164=DIRECTION('',(0.,1.,0.));
#12165=DIRECTION('',(-0.159412416288812,0.,-0.987212075256863));
#12166=DIRECTION('',(0.,1.,0.));
#12167=DIRECTION('',(0.,1.,0.));
#12168=DIRECTION('',(0.,0.,1.));
#12169=DIRECTION('',(0.,1.,0.));
#12170=DIRECTION('',(0.,1.,0.));
#12171=DIRECTION('',(0.,1.,0.));
#12172=DIRECTION('',(0.,0.,1.));
#12173=DIRECTION('',(0.,-1.,0.));
#12174=DIRECTION('',(0.,1.,0.));
#12175=DIRECTION('',(1.,0.,0.));
#12176=DIRECTION('',(1.,0.,0.));
#12177=DIRECTION('',(0.,-1.,0.));
#12178=DIRECTION('',(0.,1.,0.));
#12179=DIRECTION('',(0.,0.,-1.));
#12180=DIRECTION('',(0.,0.,-1.));
#12181=DIRECTION('',(0.,1.,0.));
#12182=DIRECTION('',(0.,1.,0.));
#12183=DIRECTION('',(-1.,0.,0.));
#12184=DIRECTION('',(0.,1.,0.));
#12185=DIRECTION('',(0.,1.,0.));
#12186=DIRECTION('',(0.,1.,0.));
#12187=DIRECTION('',(0.,1.,0.));
#12188=DIRECTION('',(0.,1.,0.));
#12189=DIRECTION('',(-0.131519436580766,0.,0.991313592059283));
#12190=DIRECTION('',(0.,1.,0.));
#12191=DIRECTION('',(0.,1.,0.));
#12192=DIRECTION('',(0.,0.,1.));
#12193=DIRECTION('',(0.,1.,0.));
#12194=DIRECTION('',(-0.352141138985332,0.,0.935946909944209));
#12195=DIRECTION('',(0.,1.,0.));
#12196=DIRECTION('',(0.,1.,0.));
#12197=DIRECTION('',(0.,0.,1.));
#12198=DIRECTION('',(1.,0.,0.));
#12199=DIRECTION('',(0.,-1.,0.));
#12200=DIRECTION('',(0.,1.,0.));
#12201=DIRECTION('',(0.,0.,-1.));
#12202=DIRECTION('',(0.,1.,0.));
#12203=DIRECTION('',(0.,1.,0.));
#12204=DIRECTION('',(0.,1.,0.));
#12205=DIRECTION('',(0.,1.,0.));
#12206=DIRECTION('',(0.,1.,0.));
#12207=DIRECTION('',(-1.,0.,0.));
#12208=DIRECTION('',(0.,1.,0.));
#12209=DIRECTION('',(0.,1.,0.));
#12210=DIRECTION('',(0.,0.,1.));
#12211=DIRECTION('',(0.,1.,0.));
#12212=DIRECTION('',(1.,0.,0.));
#12213=DIRECTION('',(0.,1.,0.));
#12214=DIRECTION('',(0.,1.,0.));
#12215=DIRECTION('',(0.,1.,0.));
#12216=DIRECTION('',(-0.0992786001644188,0.,-0.995059676375942));
#12217=DIRECTION('',(0.,1.,0.));
#12218=DIRECTION('',(0.,1.,0.));
#12219=DIRECTION('',(0.,0.,1.));
#12220=DIRECTION('',(0.19784524661816,0.,0.980233267335179));
#12221=DIRECTION('',(0.980233267335179,0.,-0.19784524661816));
#12222=DIRECTION('',(0.,1.,0.));
#12223=DIRECTION('',(0.980233267335179,0.,-0.19784524661816));
#12224=DIRECTION('',(-0.995643891323649,0.,-0.0932375550403441));
#12225=DIRECTION('',(-0.0932375550403441,0.,0.995643891323649));
#12226=DIRECTION('',(0.,1.,0.));
#12227=DIRECTION('',(-0.0932375550403441,0.,0.995643891323649));
#12228=DIRECTION('',(0.,0.,-1.));
#12229=DIRECTION('',(0.,1.,0.));
#12230=DIRECTION('',(0.,1.,0.));
#12231=DIRECTION('',(-1.,0.,0.));
#12232=DIRECTION('',(-1.,0.,0.));
#12233=DIRECTION('',(0.,1.,0.));
#12234=DIRECTION('',(0.,1.,0.));
#12235=DIRECTION('',(0.,0.,1.));
#12236=DIRECTION('',(0.,0.,1.));
#12237=DIRECTION('',(0.,-1.,0.));
#12238=DIRECTION('',(0.,1.,0.));
#12239=DIRECTION('',(1.,0.,0.));
#12240=DIRECTION('',(0.997281762749152,0.,0.0736823295501917));
#12241=DIRECTION('',(0.0736823295501917,0.,-0.997281762749153));
#12242=DIRECTION('',(0.,1.,0.));
#12243=DIRECTION('',(0.0736823295501917,0.,-0.997281762749153));
#12244=DIRECTION('',(0.473554041908657,0.,-0.880764763936418));
#12245=DIRECTION('',(-0.880764763936418,0.,-0.473554041908657));
#12246=DIRECTION('',(0.,1.,0.));
#12247=DIRECTION('',(-0.880764763936418,0.,-0.473554041908657));
#12248=DIRECTION('',(0.,1.,0.));
#12249=DIRECTION('',(-0.217771995261203,0.,-0.975999671147462));
#12250=DIRECTION('',(0.,1.,0.));
#12251=DIRECTION('',(0.,1.,0.));
#12252=DIRECTION('',(0.,0.,1.));
#12253=DIRECTION('',(0.,1.,0.));
#12254=DIRECTION('',(-0.0873002521443732,0.,-0.996182044596031));
#12255=DIRECTION('',(0.,1.,0.));
#12256=DIRECTION('',(0.,1.,0.));
#12257=DIRECTION('',(0.,0.,1.));
#12258=DIRECTION('',(0.,1.,0.));
#12259=DIRECTION('',(0.,1.,0.));
#12260=DIRECTION('',(0.,1.,0.));
#12261=DIRECTION('',(-0.129402414587538,0.,0.991592161676823));
#12262=DIRECTION('',(0.,1.,0.));
#12263=DIRECTION('',(0.,1.,0.));
#12264=DIRECTION('',(0.,0.,1.));
#12265=DIRECTION('',(0.,1.,0.));
#12266=DIRECTION('',(-0.352724305273103,0.,0.935727291719979));
#12267=DIRECTION('',(0.,1.,0.));
#12268=DIRECTION('',(0.,1.,0.));
#12269=DIRECTION('',(0.,0.,1.));
#12270=DIRECTION('',(1.,0.,0.));
#12271=DIRECTION('',(0.,-1.,0.));
#12272=DIRECTION('',(0.,1.,0.));
#12273=DIRECTION('',(0.,0.,-1.));
#12274=DIRECTION('',(0.,1.,0.));
#12275=DIRECTION('',(0.,1.,0.));
#12276=DIRECTION('',(0.,1.,0.));
#12277=DIRECTION('',(0.,1.,0.));
#12278=DIRECTION('',(1.,0.,0.));
#12279=DIRECTION('',(0.909317229490236,0.,0.416103564214729));
#12280=DIRECTION('',(0.416103564214729,0.,-0.909317229490236));
#12281=DIRECTION('',(0.,1.,0.));
#12282=DIRECTION('',(0.416103564214729,0.,-0.909317229490236));
#12283=DIRECTION('',(0.,1.,0.));
#12284=DIRECTION('',(0.,0.,-1.));
#12285=DIRECTION('',(0.,1.,0.));
#12286=DIRECTION('',(0.,1.,0.));
#12287=DIRECTION('',(-1.,0.,0.));
#12288=DIRECTION('',(-0.916391103241545,0.,-0.40028408149681));
#12289=DIRECTION('',(-0.40028408149681,0.,0.916391103241545));
#12290=DIRECTION('',(0.,1.,0.));
#12291=DIRECTION('',(-0.40028408149681,0.,0.916391103241544));
#12292=DIRECTION('',(-1.,0.,0.));
#12293=DIRECTION('',(0.,1.,0.));
#12294=DIRECTION('',(0.,1.,0.));
#12295=DIRECTION('',(0.,0.,1.));
#12296=DIRECTION('',(0.,0.,1.));
#12297=DIRECTION('',(0.,-1.,0.));
#12298=DIRECTION('',(0.,1.,0.));
#12299=DIRECTION('',(1.,0.,0.));
#12300=DIRECTION('',(1.,0.,0.));
#12301=DIRECTION('',(0.,-1.,0.));
#12302=DIRECTION('',(0.,1.,0.));
#12303=DIRECTION('',(0.,0.,-1.));
#12304=DIRECTION('',(0.,0.,-1.));
#12305=DIRECTION('',(0.,1.,0.));
#12306=DIRECTION('',(-1.,0.,0.));
#12307=DIRECTION('',(0.,1.,0.));
#12308=DIRECTION('',(1.,0.,0.));
#12309=DIRECTION('',(0.,0.,-1.));
#12310=DIRECTION('',(0.,1.,0.));
#12311=DIRECTION('',(0.,1.,0.));
#12312=DIRECTION('',(-1.,0.,0.));
#12313=DIRECTION('',(0.,1.,0.));
#12314=DIRECTION('',(-1.,0.,0.));
#12315=DIRECTION('',(0.,1.,0.));
#12316=DIRECTION('',(0.,1.,0.));
#12317=DIRECTION('',(0.,0.,1.));
#12318=DIRECTION('',(0.,0.,1.));
#12319=DIRECTION('',(0.,-1.,0.));
#12320=DIRECTION('',(0.,1.,0.));
#12321=DIRECTION('',(1.,0.,0.));
#12322=DIRECTION('',(0.622878597277253,0.,0.782318511256075));
#12323=DIRECTION('',(0.782318511256075,0.,-0.622878597277253));
#12324=DIRECTION('',(0.,1.,0.));
#12325=DIRECTION('',(0.782318511256075,0.,-0.622878597277253));
#12326=DIRECTION('',(0.780082247352852,0.,-0.625676983246886));
#12327=DIRECTION('',(-0.625676983246886,0.,-0.780082247352852));
#12328=DIRECTION('',(0.,1.,0.));
#12329=DIRECTION('',(-0.625676983246886,0.,-0.780082247352852));
#12330=DIRECTION('',(-0.626503863954451,0.,-0.779418314161364));
#12331=DIRECTION('',(-0.779418314161364,0.,0.626503863954451));
#12332=DIRECTION('',(0.,1.,0.));
#12333=DIRECTION('',(-0.779418314161364,0.,0.626503863954451));
#12334=DIRECTION('',(0.,1.,0.));
#12335=DIRECTION('',(0.681408273921643,0.,0.731903521122235));
#12336=DIRECTION('',(0.,1.,0.));
#12337=DIRECTION('',(0.,1.,0.));
#12338=DIRECTION('',(0.,0.,1.));
#12339=DIRECTION('',(0.999501757657227,0.,0.0315632133996869));
#12340=DIRECTION('',(0.031563213399687,0.,-0.999501757657227));
#12341=DIRECTION('',(0.,1.,0.));
#12342=DIRECTION('',(0.031563213399687,0.,-0.999501757657227));
#12343=DIRECTION('',(0.999734650875491,0.,0.023035360619263));
#12344=DIRECTION('',(0.023035360619263,0.,-0.999734650875491));
#12345=DIRECTION('',(0.,1.,0.));
#12346=DIRECTION('',(0.023035360619263,0.,-0.999734650875491));
#12347=DIRECTION('',(1.,0.,0.));
#12348=DIRECTION('',(0.,-1.,0.));
#12349=DIRECTION('',(0.,0.,-1.));
#12350=DIRECTION('',(0.,1.,0.));
#12351=DIRECTION('',(1.,0.,0.));
#12352=DIRECTION('',(0.,0.,-1.));
#12353=DIRECTION('',(0.,1.,0.));
#12354=DIRECTION('',(0.,1.,0.));
#12355=DIRECTION('',(-1.,0.,0.));
#12356=DIRECTION('',(0.,1.,0.));
#12357=DIRECTION('',(-1.,0.,0.));
#12358=DIRECTION('',(0.,1.,0.));
#12359=DIRECTION('',(0.,1.,0.));
#12360=DIRECTION('',(0.,0.,1.));
#12361=DIRECTION('',(0.,0.,1.));
#12362=DIRECTION('',(0.,-1.,0.));
#12363=DIRECTION('',(0.,1.,0.));
#12364=DIRECTION('',(1.,0.,0.));
#12365=DIRECTION('',(0.622878597277255,0.,0.782318511256073));
#12366=DIRECTION('',(0.782318511256074,0.,-0.622878597277255));
#12367=DIRECTION('',(0.,1.,0.));
#12368=DIRECTION('',(0.782318511256073,0.,-0.622878597277255));
#12369=DIRECTION('',(0.780082247352852,0.,-0.625676983246886));
#12370=DIRECTION('',(-0.625676983246886,0.,-0.780082247352852));
#12371=DIRECTION('',(0.,1.,0.));
#12372=DIRECTION('',(-0.625676983246886,0.,-0.780082247352852));
#12373=DIRECTION('',(-0.626503863954451,0.,-0.779418314161364));
#12374=DIRECTION('',(-0.779418314161364,0.,0.626503863954451));
#12375=DIRECTION('',(0.,1.,0.));
#12376=DIRECTION('',(-0.779418314161364,0.,0.626503863954451));
#12377=DIRECTION('',(0.,1.,0.));
#12378=DIRECTION('',(0.681408273921601,0.,0.731903521122275));
#12379=DIRECTION('',(0.,1.,0.));
#12380=DIRECTION('',(0.,1.,0.));
#12381=DIRECTION('',(0.,0.,1.));
#12382=DIRECTION('',(0.999501757657227,0.,0.0315632133996849));
#12383=DIRECTION('',(0.0315632133996849,0.,-0.999501757657227));
#12384=DIRECTION('',(0.,1.,0.));
#12385=DIRECTION('',(0.0315632133996849,0.,-0.999501757657227));
#12386=DIRECTION('',(0.999734650875491,0.,0.023035360619263));
#12387=DIRECTION('',(0.023035360619263,0.,-0.999734650875491));
#12388=DIRECTION('',(0.,1.,0.));
#12389=DIRECTION('',(0.023035360619263,0.,-0.999734650875491));
#12390=DIRECTION('',(1.,0.,0.));
#12391=DIRECTION('',(0.,-1.,0.));
#12392=DIRECTION('',(0.,0.,-1.));
#12393=DIRECTION('',(0.,1.,0.));
#12394=DIRECTION('',(1.,0.,0.));
#12395=DIRECTION('',(0.,0.,-1.));
#12396=DIRECTION('',(0.,1.,0.));
#12397=DIRECTION('',(0.,1.,0.));
#12398=DIRECTION('',(-1.,0.,0.));
#12399=DIRECTION('',(0.,1.,0.));
#12400=DIRECTION('',(-1.,0.,0.));
#12401=DIRECTION('',(0.,1.,0.));
#12402=DIRECTION('',(0.,1.,0.));
#12403=DIRECTION('',(0.,0.,1.));
#12404=DIRECTION('',(0.,0.,1.));
#12405=DIRECTION('',(0.,-1.,0.));
#12406=DIRECTION('',(0.,1.,0.));
#12407=DIRECTION('',(1.,0.,0.));
#12408=DIRECTION('',(0.622878597277254,0.,0.782318511256074));
#12409=DIRECTION('',(0.782318511256074,0.,-0.622878597277254));
#12410=DIRECTION('',(0.,1.,0.));
#12411=DIRECTION('',(0.782318511256074,0.,-0.622878597277254));
#12412=DIRECTION('',(0.780082247352852,0.,-0.625676983246886));
#12413=DIRECTION('',(-0.625676983246886,0.,-0.780082247352852));
#12414=DIRECTION('',(0.,1.,0.));
#12415=DIRECTION('',(-0.625676983246886,0.,-0.780082247352852));
#12416=DIRECTION('',(-0.626503863954451,0.,-0.779418314161364));
#12417=DIRECTION('',(-0.779418314161364,0.,0.626503863954451));
#12418=DIRECTION('',(0.,1.,0.));
#12419=DIRECTION('',(-0.779418314161364,0.,0.626503863954451));
#12420=DIRECTION('',(0.,1.,0.));
#12421=DIRECTION('',(0.681408273921862,0.,0.731903521122032));
#12422=DIRECTION('',(0.,1.,0.));
#12423=DIRECTION('',(0.,1.,0.));
#12424=DIRECTION('',(0.,0.,1.));
#12425=DIRECTION('',(0.999501757657227,0.,0.0315632133996849));
#12426=DIRECTION('',(0.0315632133996849,0.,-0.999501757657227));
#12427=DIRECTION('',(0.,1.,0.));
#12428=DIRECTION('',(0.0315632133996849,0.,-0.999501757657227));
#12429=DIRECTION('',(0.999734650875491,0.,0.023035360619263));
#12430=DIRECTION('',(0.023035360619263,0.,-0.999734650875491));
#12431=DIRECTION('',(0.,1.,0.));
#12432=DIRECTION('',(0.023035360619263,0.,-0.999734650875491));
#12433=DIRECTION('',(1.,0.,0.));
#12434=DIRECTION('',(0.,-1.,0.));
#12435=DIRECTION('',(0.,0.,-1.));
#12436=DIRECTION('',(0.,1.,0.));
#12437=DIRECTION('',(1.,0.,0.));
#12438=DIRECTION('',(0.,0.,-1.));
#12439=DIRECTION('',(0.,1.,0.));
#12440=DIRECTION('',(0.,1.,0.));
#12441=DIRECTION('',(-1.,0.,0.));
#12442=DIRECTION('',(0.,1.,0.));
#12443=DIRECTION('',(-1.,0.,0.));
#12444=DIRECTION('',(0.,1.,0.));
#12445=DIRECTION('',(0.,1.,0.));
#12446=DIRECTION('',(0.,0.,1.));
#12447=DIRECTION('',(0.,0.,1.));
#12448=DIRECTION('',(0.,-1.,0.));
#12449=DIRECTION('',(0.,1.,0.));
#12450=DIRECTION('',(1.,0.,0.));
#12451=DIRECTION('',(0.622878597277255,0.,0.782318511256073));
#12452=DIRECTION('',(0.782318511256074,0.,-0.622878597277255));
#12453=DIRECTION('',(0.,1.,0.));
#12454=DIRECTION('',(0.782318511256073,0.,-0.622878597277255));
#12455=DIRECTION('',(0.780082247352868,0.,-0.625676983246866));
#12456=DIRECTION('',(-0.625676983246866,0.,-0.780082247352868));
#12457=DIRECTION('',(0.,1.,0.));
#12458=DIRECTION('',(-0.625676983246866,0.,-0.780082247352868));
#12459=DIRECTION('',(-0.626503863954451,0.,-0.779418314161364));
#12460=DIRECTION('',(-0.779418314161364,0.,0.626503863954451));
#12461=DIRECTION('',(0.,1.,0.));
#12462=DIRECTION('',(-0.779418314161364,0.,0.626503863954451));
#12463=DIRECTION('',(0.,1.,0.));
#12464=DIRECTION('',(0.681408273921612,0.,0.731903521122264));
#12465=DIRECTION('',(0.,1.,0.));
#12466=DIRECTION('',(0.,1.,0.));
#12467=DIRECTION('',(0.,0.,1.));
#12468=DIRECTION('',(0.999501757657227,0.,0.0315632133996849));
#12469=DIRECTION('',(0.0315632133996849,0.,-0.999501757657227));
#12470=DIRECTION('',(0.,1.,0.));
#12471=DIRECTION('',(0.0315632133996849,0.,-0.999501757657227));
#12472=DIRECTION('',(0.999734650875491,0.,0.023035360619263));
#12473=DIRECTION('',(0.023035360619263,0.,-0.999734650875491));
#12474=DIRECTION('',(0.,1.,0.));
#12475=DIRECTION('',(0.023035360619263,0.,-0.999734650875491));
#12476=DIRECTION('',(1.,0.,0.));
#12477=DIRECTION('',(0.,-1.,0.));
#12478=DIRECTION('',(0.,0.,-1.));
#12479=DIRECTION('',(0.,1.,0.));
#12480=DIRECTION('',(1.,0.,0.));
#12481=DIRECTION('',(0.,1.,0.));
#12482=DIRECTION('',(0.,1.,0.));
#12483=DIRECTION('',(0.,1.,0.));
#12484=DIRECTION('',(0.,1.,0.));
#12485=DIRECTION('',(0.906363374604536,0.,-0.422499033342655));
#12486=DIRECTION('',(0.,1.,0.));
#12487=DIRECTION('',(0.,0.,1.));
#12488=DIRECTION('',(0.,1.,0.));
#12489=DIRECTION('',(0.,1.,0.));
#12490=DIRECTION('',(0.,0.,1.));
#12491=DIRECTION('',(0.,1.,0.));
#12492=DIRECTION('',(0.943385357649522,0.,0.331698759377365));
#12493=DIRECTION('',(0.,1.,0.));
#12494=DIRECTION('',(0.,0.,1.));
#12495=DIRECTION('',(0.,1.,0.));
#12496=DIRECTION('',(0.,1.,0.));
#12497=DIRECTION('',(0.,0.,1.));
#12498=DIRECTION('',(0.,1.,0.));
#12499=DIRECTION('',(0.,1.,0.));
#12500=DIRECTION('',(0.,1.,0.));
#12501=DIRECTION('',(-0.941621879579961,0.,0.336672297488671));
#12502=DIRECTION('',(0.,1.,0.));
#12503=DIRECTION('',(0.,0.,1.));
#12504=DIRECTION('',(0.,1.,0.));
#12505=DIRECTION('',(0.,1.,0.));
#12506=DIRECTION('',(0.,0.,1.));
#12507=DIRECTION('',(0.,1.,0.));
#12508=DIRECTION('',(0.,1.,0.));
#12509=DIRECTION('',(0.,1.,0.));
#12510=DIRECTION('',(0.,1.,0.));
#12511=DIRECTION('',(0.,1.,0.));
#12512=DIRECTION('',(0.,1.,0.));
#12513=DIRECTION('',(0.,1.,0.));
#12514=DIRECTION('',(0.,1.,0.));
#12515=DIRECTION('',(0.,1.,0.));
#12516=DIRECTION('',(0.,1.,0.));
#12517=DIRECTION('',(0.,1.,0.));
#12518=DIRECTION('',(0.,1.,0.));
#12519=DIRECTION('',(-0.963130719744452,0.,0.269033857877655));
#12520=DIRECTION('',(0.,1.,0.));
#12521=DIRECTION('',(0.,1.,0.));
#12522=DIRECTION('',(0.,0.,1.));
#12523=DIRECTION('',(0.,1.,0.));
#12524=DIRECTION('',(0.,1.,0.));
#12525=DIRECTION('',(0.,1.,0.));
#12526=DIRECTION('',(-0.956921664584289,0.,-0.290346220656017));
#12527=DIRECTION('',(0.,1.,0.));
#12528=DIRECTION('',(0.,1.,0.));
#12529=DIRECTION('',(0.,0.,1.));
#12530=DIRECTION('',(0.,1.,0.));
#12531=DIRECTION('',(0.,1.,0.));
#12532=DIRECTION('',(0.,1.,0.));
#12533=DIRECTION('',(0.,1.,0.));
#12534=DIRECTION('',(0.,1.,0.));
#12535=DIRECTION('',(0.947328508907742,0.,-0.320263479358223));
#12536=DIRECTION('',(0.,1.,0.));
#12537=DIRECTION('',(0.,1.,0.));
#12538=DIRECTION('',(0.,0.,1.));
#12539=DIRECTION('',(0.,1.,0.));
#12540=DIRECTION('',(0.,1.,0.));
#12541=DIRECTION('',(0.,1.,0.));
#12542=DIRECTION('',(0.954123806280051,0.,0.299412361617998));
#12543=DIRECTION('',(0.,1.,0.));
#12544=DIRECTION('',(0.,1.,0.));
#12545=DIRECTION('',(0.,0.,1.));
#12546=DIRECTION('',(0.,1.,0.));
#12547=DIRECTION('',(1.,0.,0.));
#12548=DIRECTION('',(0.,1.,0.));
#12549=DIRECTION('',(1.,0.,0.));
#12550=DIRECTION('',(0.,1.,0.));
#12551=DIRECTION('',(0.,1.,0.));
#12552=DIRECTION('',(0.,1.,0.));
#12553=DIRECTION('',(0.,1.,0.));
#12554=DIRECTION('',(0.,1.,0.));
#12555=DIRECTION('',(0.,1.,0.));
#12556=DIRECTION('',(0.,1.,0.));
#12557=DIRECTION('',(0.,1.,0.));
#12558=DIRECTION('',(0.,1.,0.));
#12559=DIRECTION('',(0.,1.,0.));
#12560=DIRECTION('',(0.,1.,0.));
#12561=DIRECTION('',(0.,1.,0.));
#12562=DIRECTION('',(0.,1.,0.));
#12563=DIRECTION('',(0.,1.,0.));
#12564=DIRECTION('',(0.,1.,0.));
#12565=DIRECTION('',(0.,1.,0.));
#12566=DIRECTION('',(0.,1.,0.));
#12567=DIRECTION('',(1.,0.,0.));
#12568=DIRECTION('',(0.,0.,-1.));
#12569=DIRECTION('',(0.,1.,0.));
#12570=DIRECTION('',(0.,1.,0.));
#12571=DIRECTION('',(-1.,0.,0.));
#12572=DIRECTION('',(0.,1.,0.));
#12573=DIRECTION('',(-1.,0.,0.));
#12574=DIRECTION('',(0.,1.,0.));
#12575=DIRECTION('',(0.,1.,0.));
#12576=DIRECTION('',(0.,0.,1.));
#12577=DIRECTION('',(0.,0.,1.));
#12578=DIRECTION('',(0.,-1.,0.));
#12579=DIRECTION('',(0.,1.,0.));
#12580=DIRECTION('',(1.,0.,0.));
#12581=DIRECTION('',(-1.,0.,0.));
#12582=DIRECTION('',(0.,1.,0.));
#12583=DIRECTION('',(0.,1.,0.));
#12584=DIRECTION('',(0.,0.,1.));
#12585=DIRECTION('',(-0.685094146538793,0.,-0.728454535560239));
#12586=DIRECTION('',(-0.728454535560239,0.,0.685094146538793));
#12587=DIRECTION('',(0.,1.,0.));
#12588=DIRECTION('',(-0.728454535560239,0.,0.685094146538793));
#12589=DIRECTION('',(0.,1.,0.));
#12590=DIRECTION('',(0.,1.,0.));
#12591=DIRECTION('',(0.85776508808891,0.,0.514041879282052));
#12592=DIRECTION('',(0.,1.,0.));
#12593=DIRECTION('',(0.,1.,0.));
#12594=DIRECTION('',(0.,0.,1.));
#12595=DIRECTION('',(0.,1.,0.));
#12596=DIRECTION('',(0.982543411894048,0.,0.186033447916238));
#12597=DIRECTION('',(0.,1.,0.));
#12598=DIRECTION('',(0.,1.,0.));
#12599=DIRECTION('',(0.,0.,1.));
#12600=DIRECTION('',(0.,1.,0.));
#12601=DIRECTION('',(0.961352124336404,0.,-0.275321799053187));
#12602=DIRECTION('',(0.,1.,0.));
#12603=DIRECTION('',(0.,1.,0.));
#12604=DIRECTION('',(0.,0.,1.));
#12605=DIRECTION('',(0.,1.,0.));
#12606=DIRECTION('',(0.654515504631342,0.,-0.756048579257431));
#12607=DIRECTION('',(0.,1.,0.));
#12608=DIRECTION('',(0.,1.,0.));
#12609=DIRECTION('',(0.,0.,1.));
#12610=DIRECTION('',(0.,1.,0.));
#12611=DIRECTION('',(0.,1.,0.));
#12612=DIRECTION('',(-0.11193009290772,0.,-0.993716083346581));
#12613=DIRECTION('',(0.,1.,0.));
#12614=DIRECTION('',(0.,1.,0.));
#12615=DIRECTION('',(0.,0.,1.));
#12616=DIRECTION('',(0.,1.,0.));
#12617=DIRECTION('',(-0.353900415013732,0.,-0.935283110214821));
#12618=DIRECTION('',(0.,1.,0.));
#12619=DIRECTION('',(0.,1.,0.));
#12620=DIRECTION('',(0.,0.,1.));
#12621=DIRECTION('',(0.,1.,0.));
#12622=DIRECTION('',(0.764177934716486,0.,-0.645005491521154));
#12623=DIRECTION('',(-0.645005491521154,0.,-0.764177934716486));
#12624=DIRECTION('',(0.,1.,0.));
#12625=DIRECTION('',(-0.645005491521154,0.,-0.764177934716486));
#12626=DIRECTION('',(0.,1.,0.));
#12627=DIRECTION('',(-0.549731241645351,0.,-0.83534158399966));
#12628=DIRECTION('',(0.,1.,0.));
#12629=DIRECTION('',(0.,1.,0.));
#12630=DIRECTION('',(0.,0.,1.));
#12631=DIRECTION('',(0.,1.,0.));
#12632=DIRECTION('',(-0.228639677966238,0.,-0.973511118405689));
#12633=DIRECTION('',(0.,1.,0.));
#12634=DIRECTION('',(0.,1.,0.));
#12635=DIRECTION('',(0.,0.,1.));
#12636=DIRECTION('',(0.,1.,0.));
#12637=DIRECTION('',(0.,1.,0.));
#12638=DIRECTION('',(0.,1.,0.));
#12639=DIRECTION('',(0.981774763306722,0.,0.190048188978562));
#12640=DIRECTION('',(0.,1.,0.));
#12641=DIRECTION('',(0.,1.,0.));
#12642=DIRECTION('',(0.,0.,1.));
#12643=DIRECTION('',(0.,1.,0.));
#12644=DIRECTION('',(0.86025139636424,0.,0.509870115866163));
#12645=DIRECTION('',(0.,1.,0.));
#12646=DIRECTION('',(0.,1.,0.));
#12647=DIRECTION('',(0.,0.,1.));
#12648=DIRECTION('',(0.,1.,0.));
#12649=DIRECTION('',(0.710776811114329,0.,0.703417603406501));
#12650=DIRECTION('',(0.703417603406501,0.,-0.710776811114329));
#12651=DIRECTION('',(0.,1.,0.));
#12652=DIRECTION('',(0.703417603406501,0.,-0.710776811114329));
#12653=DIRECTION('',(1.,0.,0.));
#12654=DIRECTION('',(0.,-1.,0.));
#12655=DIRECTION('',(0.,0.,-1.));
#12656=DIRECTION('',(0.,1.,0.));
#12657=DIRECTION('',(1.,0.,0.));
#12658=DIRECTION('',(1.,0.,0.));
#12659=DIRECTION('',(0.,-1.,0.));
#12660=DIRECTION('',(0.,0.,-1.));
#12661=DIRECTION('',(0.,1.,0.));
#12662=DIRECTION('',(0.,0.,-1.));
#12663=DIRECTION('',(0.,1.,0.));
#12664=DIRECTION('',(0.,0.,1.));
#12665=DIRECTION('',(0.,-1.,0.));
#12666=DIRECTION('',(1.,0.,0.));
#12667=DIRECTION('',(0.,1.,0.));
#12668=DIRECTION('',(1.,0.,0.));
#12669=DIRECTION('',(-0.833869791174501,0.,-0.551961204584701));
#12670=DIRECTION('',(-0.551961204584701,0.,0.833869791174501));
#12671=DIRECTION('',(-0.551961204584701,0.,0.833869791174501));
#12672=DIRECTION('',(0.,1.,0.));
#12673=DIRECTION('',(-0.551961204584701,0.,0.833869791174501));
#12674=DIRECTION('',(0.,1.,0.));
#12675=DIRECTION('',(0.87422518905639,0.,0.48552066775712));
#12676=DIRECTION('',(0.,1.,0.));
#12677=DIRECTION('',(0.,0.,1.));
#12678=DIRECTION('',(0.,1.,0.));
#12679=DIRECTION('',(0.,1.,0.));
#12680=DIRECTION('',(0.,0.,1.));
#12681=DIRECTION('',(0.,0.,-1.));
#12682=DIRECTION('',(0.,1.,0.));
#12683=DIRECTION('',(-1.,0.,0.));
#12684=DIRECTION('',(0.,1.,0.));
#12685=DIRECTION('',(-1.,0.,0.));
#12686=DIRECTION('',(0.,1.,0.));
#12687=DIRECTION('',(-0.997980189793737,0.,-0.0635259063631248));
#12688=DIRECTION('',(0.,1.,0.));
#12689=DIRECTION('',(0.,0.,1.));
#12690=DIRECTION('',(0.,1.,0.));
#12691=DIRECTION('',(0.,1.,0.));
#12692=DIRECTION('',(0.,0.,1.));
#12693=DIRECTION('',(0.,0.,-1.));
#12694=DIRECTION('',(0.,1.,0.));
#12695=DIRECTION('',(0.,1.,0.));
#12696=DIRECTION('',(-1.,0.,0.));
#12697=DIRECTION('',(0.,1.,0.));
#12698=DIRECTION('',(-1.,0.,0.));
#12699=DIRECTION('',(0.,1.,0.));
#12700=DIRECTION('',(0.,1.,0.));
#12701=DIRECTION('',(0.,0.,1.));
#12702=DIRECTION('',(0.,0.,1.));
#12703=DIRECTION('',(0.,-1.,0.));
#12704=DIRECTION('',(0.,1.,0.));
#12705=DIRECTION('',(1.,0.,0.));
#12706=DIRECTION('',(-1.,0.,0.));
#12707=DIRECTION('',(0.,1.,0.));
#12708=DIRECTION('',(0.,1.,0.));
#12709=DIRECTION('',(0.,0.,1.));
#12710=DIRECTION('',(0.,0.,1.));
#12711=DIRECTION('',(0.,-1.,0.));
#12712=DIRECTION('',(0.,1.,0.));
#12713=DIRECTION('',(1.,0.,0.));
#12714=DIRECTION('',(0.827187181278789,0.,0.561926478400914));
#12715=DIRECTION('',(0.561926478400914,0.,-0.827187181278789));
#12716=DIRECTION('',(0.,1.,0.));
#12717=DIRECTION('',(0.561926478400913,0.,-0.827187181278789));
#12718=DIRECTION('',(1.,0.,0.));
#12719=DIRECTION('',(0.,-1.,0.));
#12720=DIRECTION('',(0.,1.,0.));
#12721=DIRECTION('',(0.,0.,-1.));
#12722=DIRECTION('',(0.,0.,-1.));
#12723=DIRECTION('',(0.,1.,0.));
#12724=DIRECTION('',(0.,1.,0.));
#12725=DIRECTION('',(-1.,0.,0.));
#12726=DIRECTION('',(1.,0.,0.));
#12727=DIRECTION('',(0.,-1.,0.));
#12728=DIRECTION('',(0.,1.,0.));
#12729=DIRECTION('',(0.,0.,-1.));
#12730=DIRECTION('',(0.,0.,-1.));
#12731=DIRECTION('',(0.,1.,0.));
#12732=DIRECTION('',(0.,1.,0.));
#12733=DIRECTION('',(-1.,0.,0.));
#12734=DIRECTION('',(-1.,0.,0.));
#12735=DIRECTION('',(0.,1.,0.));
#12736=DIRECTION('',(0.,0.,1.));
#12737=DIRECTION('',(0.,1.,0.));
#12738=DIRECTION('',(-0.999649656030407,0.,-0.0264681921991239));
#12739=DIRECTION('',(0.,1.,0.));
#12740=DIRECTION('',(0.,0.,1.));
#12741=DIRECTION('',(0.,1.,0.));
#12742=DIRECTION('',(0.,0.,1.));
#12743=DIRECTION('',(0.,1.,0.));
#12744=DIRECTION('',(1.,0.,0.));
#12745=DIRECTION('',(0.,1.,0.));
#12746=DIRECTION('',(0.,1.,0.));
#12747=DIRECTION('',(0.,1.,0.));
#12748=DIRECTION('',(0.,1.,0.));
#12749=DIRECTION('',(0.,1.,0.));
#12750=DIRECTION('',(0.,1.,0.));
#12751=DIRECTION('',(-0.357559138292411,0.,-0.933890498197507));
#12752=DIRECTION('',(0.,1.,0.));
#12753=DIRECTION('',(0.,0.,1.));
#12754=DIRECTION('',(0.,1.,0.));
#12755=DIRECTION('',(0.,1.,0.));
#12756=DIRECTION('',(0.,0.,1.));
#12757=DIRECTION('',(0.,1.,0.));
#12758=DIRECTION('',(0.,1.,0.));
#12759=DIRECTION('',(0.,1.,0.));
#12760=DIRECTION('',(0.,1.,0.));
#12761=DIRECTION('',(0.,1.,0.));
#12762=DIRECTION('',(0.,1.,0.));
#12763=DIRECTION('',(0.,1.,0.));
#12764=DIRECTION('',(0.,1.,0.));
#12765=DIRECTION('',(0.,1.,0.));
#12766=DIRECTION('',(0.,1.,0.));
#12767=DIRECTION('',(0.,1.,0.));
#12768=DIRECTION('',(0.,1.,0.));
#12769=DIRECTION('',(0.,0.,1.));
#12770=DIRECTION('',(0.,-1.,0.));
#12771=DIRECTION('',(0.,1.,0.));
#12772=DIRECTION('',(1.,0.,0.));
#12773=DIRECTION('',(0.,1.,0.));
#12774=DIRECTION('',(0.,1.,0.));
#12775=DIRECTION('',(-0.688618767859453,0.,-0.725123570539346));
#12776=DIRECTION('',(0.,1.,0.));
#12777=DIRECTION('',(0.,1.,0.));
#12778=DIRECTION('',(0.,0.,1.));
#12779=DIRECTION('',(0.,1.,0.));
#12780=DIRECTION('',(0.,1.,0.));
#12781=DIRECTION('',(0.112933090148235,0.,-0.993602595180573));
#12782=DIRECTION('',(0.,1.,0.));
#12783=DIRECTION('',(0.,1.,0.));
#12784=DIRECTION('',(0.,0.,1.));
#12785=DIRECTION('',(-1.,0.,0.));
#12786=DIRECTION('',(0.,1.,0.));
#12787=DIRECTION('',(0.,1.,0.));
#12788=DIRECTION('',(0.,0.,1.));
#12789=DIRECTION('',(0.,1.,0.));
#12790=DIRECTION('',(0.,1.,0.));
#12791=DIRECTION('',(1.,0.,0.));
#12792=DIRECTION('',(0.,1.,0.));
#12793=DIRECTION('',(0.,1.,0.));
#12794=DIRECTION('',(0.,1.,0.));
#12795=DIRECTION('',(0.,1.,0.));
#12796=DIRECTION('',(0.,1.,0.));
#12797=DIRECTION('',(0.,1.,0.));
#12798=DIRECTION('',(0.359305198972892,0.,0.933220110151432));
#12799=DIRECTION('',(0.,1.,0.));
#12800=DIRECTION('',(0.,0.,1.));
#12801=DIRECTION('',(0.,1.,0.));
#12802=DIRECTION('',(0.,1.,0.));
#12803=DIRECTION('',(0.,0.,1.));
#12804=DIRECTION('',(0.,1.,0.));
#12805=DIRECTION('',(0.,1.,0.));
#12806=DIRECTION('',(0.,1.,0.));
#12807=DIRECTION('',(0.,1.,0.));
#12808=DIRECTION('',(0.,1.,0.));
#12809=DIRECTION('',(0.,1.,0.));
#12810=DIRECTION('',(0.,1.,0.));
#12811=DIRECTION('',(0.,1.,0.));
#12812=DIRECTION('',(0.,1.,0.));
#12813=DIRECTION('',(0.,1.,0.));
#12814=DIRECTION('',(0.,1.,0.));
#12815=DIRECTION('',(0.,1.,0.));
#12816=DIRECTION('',(0.,1.,0.));
#12817=DIRECTION('',(0.,0.,-1.));
#12818=DIRECTION('',(0.,1.,0.));
#12819=DIRECTION('',(0.,1.,0.));
#12820=DIRECTION('',(-1.,0.,0.));
#12821=DIRECTION('',(0.,1.,0.));
#12822=DIRECTION('',(0.,1.,0.));
#12823=DIRECTION('',(0.681785312519512,0.,0.731552313667773));
#12824=DIRECTION('',(0.,1.,0.));
#12825=DIRECTION('',(0.,1.,0.));
#12826=DIRECTION('',(0.,0.,1.));
#12827=DIRECTION('',(0.,1.,0.));
#12828=DIRECTION('',(0.,1.,0.));
#12829=DIRECTION('',(-0.118528780882323,0.,0.992950617152006));
#12830=DIRECTION('',(0.,1.,0.));
#12831=DIRECTION('',(0.,1.,0.));
#12832=DIRECTION('',(0.,0.,1.));
#12833=DIRECTION('',(1.,0.,0.));
#12834=DIRECTION('',(0.,-1.,0.));
#12835=DIRECTION('',(0.,1.,0.));
#12836=DIRECTION('',(0.,0.,-1.));
#12837=DIRECTION('',(0.,1.,0.));
#12838=DIRECTION('',(0.,1.,0.));
#12839=DIRECTION('',(1.,0.,0.));
#12840=DIRECTION('',(0.,0.,-1.));
#12841=DIRECTION('',(0.,1.,0.));
#12842=DIRECTION('',(0.,1.,0.));
#12843=DIRECTION('',(-1.,0.,0.));
#12844=DIRECTION('',(0.,1.,0.));
#12845=DIRECTION('',(-1.,0.,0.));
#12846=DIRECTION('',(0.,1.,0.));
#12847=DIRECTION('',(0.,1.,0.));
#12848=DIRECTION('',(0.,0.,1.));
#12849=DIRECTION('',(0.,0.,1.));
#12850=DIRECTION('',(0.,-1.,0.));
#12851=DIRECTION('',(0.,1.,0.));
#12852=DIRECTION('',(1.,0.,0.));
#12853=DIRECTION('',(0.622878597277255,0.,0.782318511256073));
#12854=DIRECTION('',(0.782318511256074,0.,-0.622878597277255));
#12855=DIRECTION('',(0.,1.,0.));
#12856=DIRECTION('',(0.782318511256073,0.,-0.622878597277255));
#12857=DIRECTION('',(0.780082247352862,0.,-0.625676983246874));
#12858=DIRECTION('',(-0.625676983246874,0.,-0.780082247352862));
#12859=DIRECTION('',(0.,1.,0.));
#12860=DIRECTION('',(-0.625676983246874,0.,-0.780082247352862));
#12861=DIRECTION('',(-0.62650386395446,0.,-0.779418314161357));
#12862=DIRECTION('',(-0.779418314161357,0.,0.62650386395446));
#12863=DIRECTION('',(0.,1.,0.));
#12864=DIRECTION('',(-0.779418314161357,0.,0.62650386395446));
#12865=DIRECTION('',(0.,1.,0.));
#12866=DIRECTION('',(0.681408273921675,0.,0.731903521122206));
#12867=DIRECTION('',(0.,1.,0.));
#12868=DIRECTION('',(0.,1.,0.));
#12869=DIRECTION('',(0.,0.,1.));
#12870=DIRECTION('',(0.999501757657226,0.,0.031563213399701));
#12871=DIRECTION('',(0.031563213399701,0.,-0.999501757657226));
#12872=DIRECTION('',(0.,1.,0.));
#12873=DIRECTION('',(0.031563213399701,0.,-0.999501757657226));
#12874=DIRECTION('',(0.999734650875492,0.,0.0230353606192541));
#12875=DIRECTION('',(0.0230353606192541,0.,-0.999734650875492));
#12876=DIRECTION('',(0.,1.,0.));
#12877=DIRECTION('',(0.0230353606192541,0.,-0.999734650875492));
#12878=DIRECTION('',(1.,0.,0.));
#12879=DIRECTION('',(0.,-1.,0.));
#12880=DIRECTION('',(0.,0.,-1.));
#12881=DIRECTION('',(0.,1.,0.));
#12882=DIRECTION('',(1.,0.,0.));
#12883=DIRECTION('',(0.,1.,0.));
#12884=DIRECTION('',(1.,0.,0.));
#12885=DIRECTION('',(0.,1.,0.));
#12886=DIRECTION('',(1.,0.,0.));
#12887=DIRECTION('',(0.,1.,0.));
#12888=DIRECTION('',(1.,0.,0.));
#12889=DIRECTION('',(0.,1.,0.));
#12890=DIRECTION('',(1.,0.,0.));
#12891=DIRECTION('',(0.,1.,0.));
#12892=DIRECTION('',(1.,0.,0.));
#12893=DIRECTION('',(0.,1.,0.));
#12894=DIRECTION('',(1.,0.,0.));
#12895=DIRECTION('',(0.,1.,0.));
#12896=DIRECTION('',(1.,0.,0.));
#12897=DIRECTION('',(0.,1.,0.));
#12898=DIRECTION('',(0.,-1.,0.));
#12899=DIRECTION('',(1.,0.,0.));
#12900=DIRECTION('',(0.,1.,0.));
#12901=DIRECTION('',(0.,0.,-1.));
#12902=DIRECTION('',(0.,1.,0.));
#12903=DIRECTION('',(-1.,0.,0.));
#12904=DIRECTION('',(0.,0.,-1.));
#12905=DIRECTION('',(0.,1.,0.));
#12906=DIRECTION('',(-1.,0.,0.));
#12907=DIRECTION('',(0.,1.,0.));
#12908=DIRECTION('',(1.,0.,0.));
#12909=DIRECTION('',(0.,0.,1.));
#12910=DIRECTION('',(0.,-1.,0.));
#12911=DIRECTION('',(0.,1.,0.));
#12912=DIRECTION('',(1.,0.,0.));
#12913=DIRECTION('',(0.,1.,0.));
#12914=DIRECTION('',(1.,0.,0.));
#12915=DIRECTION('',(0.,1.,0.));
#12916=DIRECTION('',(0.,-1.,0.));
#12917=DIRECTION('',(1.,0.,0.));
#12918=DIRECTION('',(0.,0.,1.));
#12919=DIRECTION('',(0.,-1.,0.));
#12920=DIRECTION('',(1.,0.,0.));
#12921=DIRECTION('',(0.,1.,0.));
#12922=DIRECTION('',(1.,0.,0.));
#12923=DIRECTION('',(0.,1.,0.));
#12924=DIRECTION('',(1.,0.,0.));
#12925=DIRECTION('',(1.,0.,0.));
#12926=DIRECTION('',(0.,1.,0.));
#12927=DIRECTION('',(1.,0.,0.));
#12928=DIRECTION('',(1.,0.,0.));
#12929=DIRECTION('',(0.,0.,1.));
#12930=DIRECTION('',(0.,-1.,0.));
#12931=DIRECTION('',(0.,1.,0.));
#12932=DIRECTION('',(0.,1.,0.));
#12933=DIRECTION('',(1.,0.,0.));
#12934=DIRECTION('',(0.,1.,0.));
#12935=DIRECTION('',(0.,0.,1.));
#12936=DIRECTION('',(0.,-1.,0.));
#12937=DIRECTION('',(0.,1.,0.));
#12938=DIRECTION('',(1.,0.,0.));
#12939=DIRECTION('',(0.,1.,0.));
#12940=DIRECTION('',(1.,0.,0.));
#12941=DIRECTION('',(-1.,0.,0.));
#12942=DIRECTION('',(-1.,0.,0.));
#12943=DIRECTION('',(0.,1.,0.));
#12944=DIRECTION('',(1.,0.,0.));
#12945=DIRECTION('',(0.,1.,0.));
#12946=DIRECTION('',(0.,1.,0.));
#12947=DIRECTION('',(0.,0.,-1.));
#12948=DIRECTION('',(0.,1.,0.));
#12949=DIRECTION('',(0.,0.,-1.));
#12950=DIRECTION('',(0.,1.,0.));
#12951=DIRECTION('',(0.,1.,0.));
#12952=DIRECTION('',(0.,1.,0.));
#12953=DIRECTION('',(0.,1.,0.));
#12954=DIRECTION('',(0.172440396401119,0.,-0.985019953954754));
#12955=DIRECTION('',(0.,1.,0.));
#12956=DIRECTION('',(0.,1.,0.));
#12957=DIRECTION('',(0.,0.,1.));
#12958=DIRECTION('',(0.,1.,0.));
#12959=DIRECTION('',(0.380497520901613,0.,-0.924781940020309));
#12960=DIRECTION('',(0.,1.,0.));
#12961=DIRECTION('',(0.,1.,0.));
#12962=DIRECTION('',(0.,0.,1.));
#12963=DIRECTION('',(-0.929772960579686,0.,-0.368133456473174));
#12964=DIRECTION('',(-0.368133456473174,0.,0.929772960579686));
#12965=DIRECTION('',(0.,1.,0.));
#12966=DIRECTION('',(-0.368133456473174,0.,0.929772960579686));
#12967=DIRECTION('',(0.,1.,0.));
#12968=DIRECTION('',(0.,1.,0.));
#12969=DIRECTION('',(0.,1.,0.));
#12970=DIRECTION('',(0.,1.,0.));
#12971=DIRECTION('',(0.,1.,0.));
#12972=DIRECTION('',(0.,1.,0.));
#12973=DIRECTION('',(0.,1.,0.));
#12974=DIRECTION('',(-1.,0.,0.));
#12975=DIRECTION('',(0.,1.,0.));
#12976=DIRECTION('',(0.,1.,0.));
#12977=DIRECTION('',(0.,0.,1.));
#12978=DIRECTION('',(0.,1.,0.));
#12979=DIRECTION('',(0.,1.,0.));
#12980=DIRECTION('',(0.,1.,0.));
#12981=DIRECTION('',(1.,0.,0.));
#12982=DIRECTION('',(0.,0.,-1.));
#12983=DIRECTION('',(0.,1.,0.));
#12984=DIRECTION('',(0.,1.,0.));
#12985=DIRECTION('',(-1.,0.,0.));
#12986=DIRECTION('',(0.,1.,0.));
#12987=DIRECTION('',(-1.,0.,0.));
#12988=DIRECTION('',(0.,1.,0.));
#12989=DIRECTION('',(0.,1.,0.));
#12990=DIRECTION('',(0.,0.,1.));
#12991=DIRECTION('',(0.,0.,1.));
#12992=DIRECTION('',(0.,-1.,0.));
#12993=DIRECTION('',(0.,1.,0.));
#12994=DIRECTION('',(1.,0.,0.));
#12995=DIRECTION('',(-1.,0.,0.));
#12996=DIRECTION('',(0.,1.,0.));
#12997=DIRECTION('',(0.,1.,0.));
#12998=DIRECTION('',(0.,0.,1.));
#12999=DIRECTION('',(0.,0.,-1.));
#13000=DIRECTION('',(0.,1.,0.));
#13001=DIRECTION('',(0.,1.,0.));
#13002=DIRECTION('',(-1.,0.,0.));
#13003=DIRECTION('',(-1.,0.,0.));
#13004=DIRECTION('',(0.,1.,0.));
#13005=DIRECTION('',(0.,1.,0.));
#13006=DIRECTION('',(0.,0.,1.));
#13007=DIRECTION('',(0.,0.,1.));
#13008=DIRECTION('',(0.,-1.,0.));
#13009=DIRECTION('',(0.,1.,0.));
#13010=DIRECTION('',(1.,0.,0.));
#13011=DIRECTION('',(-1.,0.,0.));
#13012=DIRECTION('',(0.,1.,0.));
#13013=DIRECTION('',(0.,1.,0.));
#13014=DIRECTION('',(0.,0.,1.));
#13015=DIRECTION('',(0.,0.,-1.));
#13016=DIRECTION('',(0.,1.,0.));
#13017=DIRECTION('',(0.,1.,0.));
#13018=DIRECTION('',(-1.,0.,0.));
#13019=DIRECTION('',(-1.,0.,0.));
#13020=DIRECTION('',(0.,1.,0.));
#13021=DIRECTION('',(0.,1.,0.));
#13022=DIRECTION('',(0.,0.,1.));
#13023=DIRECTION('',(0.,0.,1.));
#13024=DIRECTION('',(0.,-1.,0.));
#13025=DIRECTION('',(0.,1.,0.));
#13026=DIRECTION('',(1.,0.,0.));
#13027=DIRECTION('',(1.,0.,0.));
#13028=DIRECTION('',(0.,-1.,0.));
#13029=DIRECTION('',(0.,0.,-1.));
#13030=DIRECTION('',(0.,1.,0.));
#13031=DIRECTION('',(1.,0.,0.));
#13032=DIRECTION('',(0.,0.,-1.));
#13033=DIRECTION('',(0.,1.,0.));
#13034=DIRECTION('',(0.,1.,0.));
#13035=DIRECTION('',(-1.,0.,0.));
#13036=DIRECTION('',(0.,1.,0.));
#13037=DIRECTION('',(-1.,0.,0.));
#13038=DIRECTION('',(0.,1.,0.));
#13039=DIRECTION('',(0.,1.,0.));
#13040=DIRECTION('',(0.,0.,1.));
#13041=DIRECTION('',(0.,0.,-1.));
#13042=DIRECTION('',(0.,1.,0.));
#13043=DIRECTION('',(0.,1.,0.));
#13044=DIRECTION('',(-1.,0.,0.));
#13045=DIRECTION('',(-1.,0.,0.));
#13046=DIRECTION('',(0.,1.,0.));
#13047=DIRECTION('',(0.,1.,0.));
#13048=DIRECTION('',(0.,0.,1.));
#13049=DIRECTION('',(0.,0.,1.));
#13050=DIRECTION('',(0.,-1.,0.));
#13051=DIRECTION('',(0.,1.,0.));
#13052=DIRECTION('',(1.,0.,0.));
#13053=DIRECTION('',(-1.,0.,0.));
#13054=DIRECTION('',(0.,1.,0.));
#13055=DIRECTION('',(0.,1.,0.));
#13056=DIRECTION('',(0.,0.,1.));
#13057=DIRECTION('',(0.,0.,-1.));
#13058=DIRECTION('',(0.,1.,0.));
#13059=DIRECTION('',(0.,1.,0.));
#13060=DIRECTION('',(-1.,0.,0.));
#13061=DIRECTION('',(-1.,0.,0.));
#13062=DIRECTION('',(0.,1.,0.));
#13063=DIRECTION('',(0.,1.,0.));
#13064=DIRECTION('',(0.,0.,1.));
#13065=DIRECTION('',(0.,0.,1.));
#13066=DIRECTION('',(0.,-1.,0.));
#13067=DIRECTION('',(0.,1.,0.));
#13068=DIRECTION('',(1.,0.,0.));
#13069=DIRECTION('',(1.,0.,0.));
#13070=DIRECTION('',(0.,-1.,0.));
#13071=DIRECTION('',(0.,0.,-1.));
#13072=DIRECTION('',(0.,1.,0.));
#13073=DIRECTION('',(1.,0.,0.));
#13074=DIRECTION('',(0.,0.,1.));
#13075=DIRECTION('',(0.,-1.,0.));
#13076=DIRECTION('',(0.,1.,0.));
#13077=DIRECTION('',(1.,0.,0.));
#13078=DIRECTION('',(0.,1.,0.));
#13079=DIRECTION('',(1.,0.,0.));
#13080=DIRECTION('',(0.,-1.,0.));
#13081=DIRECTION('',(0.,1.,0.));
#13082=DIRECTION('',(0.,0.,-1.));
#13083=DIRECTION('',(0.,0.,-1.));
#13084=DIRECTION('',(0.,1.,0.));
#13085=DIRECTION('',(0.,1.,0.));
#13086=DIRECTION('',(-1.,0.,0.));
#13087=DIRECTION('',(1.,0.,0.));
#13088=DIRECTION('',(0.,-1.,0.));
#13089=DIRECTION('',(0.,1.,0.));
#13090=DIRECTION('',(0.,0.,-1.));
#13091=DIRECTION('',(0.,1.,0.));
#13092=DIRECTION('',(0.099405083153884,0.,0.995047048859083));
#13093=DIRECTION('',(0.,1.,0.));
#13094=DIRECTION('',(0.,1.,0.));
#13095=DIRECTION('',(0.,0.,1.));
#13096=DIRECTION('',(0.,1.,0.));
#13097=DIRECTION('',(0.,1.,0.));
#13098=DIRECTION('',(0.,1.,0.));
#13099=DIRECTION('',(0.,1.,0.));
#13100=DIRECTION('',(0.,1.,0.));
#13101=DIRECTION('',(0.232219852004601,0.,-0.972663323218759));
#13102=DIRECTION('',(0.,1.,0.));
#13103=DIRECTION('',(0.,1.,0.));
#13104=DIRECTION('',(0.,0.,1.));
#13105=DIRECTION('',(-0.923464241892692,0.,-0.383684497921867));
#13106=DIRECTION('',(-0.383684497921867,0.,0.923464241892692));
#13107=DIRECTION('',(0.,1.,0.));
#13108=DIRECTION('',(-0.383684497921867,0.,0.923464241892692));
#13109=DIRECTION('',(0.,1.,0.));
#13110=DIRECTION('',(0.202437350588578,0.,-0.979295215492589));
#13111=DIRECTION('',(0.,1.,0.));
#13112=DIRECTION('',(0.,1.,0.));
#13113=DIRECTION('',(0.,0.,1.));
#13114=DIRECTION('',(0.,1.,0.));
#13115=DIRECTION('',(0.,1.,0.));
#13116=DIRECTION('',(0.,1.,0.));
#13117=DIRECTION('',(0.,1.,0.));
#13118=DIRECTION('',(0.,1.,0.));
#13119=DIRECTION('',(0.0731523526333142,0.,0.997320777535599));
#13120=DIRECTION('',(0.,1.,0.));
#13121=DIRECTION('',(0.,1.,0.));
#13122=DIRECTION('',(0.,0.,1.));
#13123=DIRECTION('',(0.,1.,0.));
#13124=DIRECTION('',(0.234255629683161,0.,0.972175035660629));
#13125=DIRECTION('',(0.,1.,0.));
#13126=DIRECTION('',(0.,1.,0.));
#13127=DIRECTION('',(0.,0.,1.));
#13128=DIRECTION('',(-1.,0.,0.));
#13129=DIRECTION('',(0.,1.,0.));
#13130=DIRECTION('',(0.,0.,1.));
#13131=DIRECTION('',(0.,1.,0.));
#13132=DIRECTION('',(1.,0.,0.));
#13133=DIRECTION('',(0.,0.,-1.));
#13134=DIRECTION('',(0.,1.,0.));
#13135=DIRECTION('',(0.,1.,0.));
#13136=DIRECTION('',(-1.,0.,0.));
#13137=DIRECTION('',(0.,1.,0.));
#13138=DIRECTION('',(-1.,0.,0.));
#13139=DIRECTION('',(0.,1.,0.));
#13140=DIRECTION('',(0.,1.,0.));
#13141=DIRECTION('',(0.,0.,1.));
#13142=DIRECTION('',(0.,0.,1.));
#13143=DIRECTION('',(0.,-1.,0.));
#13144=DIRECTION('',(0.,1.,0.));
#13145=DIRECTION('',(1.,0.,0.));
#13146=DIRECTION('',(1.,0.,0.));
#13147=DIRECTION('',(0.,-1.,0.));
#13148=DIRECTION('',(0.,1.,0.));
#13149=DIRECTION('',(0.,0.,-1.));
#13150=DIRECTION('',(0.,0.,1.));
#13151=DIRECTION('',(0.,-1.,0.));
#13152=DIRECTION('',(0.,1.,0.));
#13153=DIRECTION('',(1.,0.,0.));
#13154=DIRECTION('',(-1.,0.,0.));
#13155=DIRECTION('',(0.,1.,0.));
#13156=DIRECTION('',(0.,1.,0.));
#13157=DIRECTION('',(0.,0.,1.));
#13158=DIRECTION('',(0.,0.,1.));
#13159=DIRECTION('',(0.,-1.,0.));
#13160=DIRECTION('',(0.,1.,0.));
#13161=DIRECTION('',(1.,0.,0.));
#13162=DIRECTION('',(1.,0.,0.));
#13163=DIRECTION('',(0.,-1.,0.));
#13164=DIRECTION('',(0.,1.,0.));
#13165=DIRECTION('',(0.,0.,-1.));
#13166=DIRECTION('',(0.,0.,-1.));
#13167=DIRECTION('',(0.,1.,0.));
#13168=DIRECTION('',(0.,1.,0.));
#13169=DIRECTION('',(-1.,0.,0.));
#13170=DIRECTION('',(-1.,0.,0.));
#13171=DIRECTION('',(0.,1.,0.));
#13172=DIRECTION('',(0.,1.,0.));
#13173=DIRECTION('',(0.,0.,1.));
#13174=DIRECTION('',(0.,0.,-1.));
#13175=DIRECTION('',(0.,1.,0.));
#13176=DIRECTION('',(0.,1.,0.));
#13177=DIRECTION('',(-1.,0.,0.));
#13178=DIRECTION('',(1.,0.,0.));
#13179=DIRECTION('',(0.,-1.,0.));
#13180=DIRECTION('',(0.,0.,-1.));
#13181=DIRECTION('',(0.,1.,0.));
#13182=DIRECTION('',(1.,0.,0.));
#13183=DIRECTION('',(-1.,0.,0.));
#13184=DIRECTION('',(0.,1.,0.));
#13185=DIRECTION('',(0.,0.,1.));
#13186=DIRECTION('',(0.,1.,0.));
#13187=DIRECTION('',(0.,0.,1.));
#13188=DIRECTION('',(0.,1.,0.));
#13189=DIRECTION('',(0.,0.,-1.));
#13190=DIRECTION('',(0.,1.,0.));
#13191=DIRECTION('',(-1.,0.,0.));
#13192=DIRECTION('',(0.,1.,0.));
#13193=DIRECTION('',(-1.,0.,0.));
#13194=DIRECTION('',(0.,1.,0.));
#13195=DIRECTION('',(0.,1.,0.));
#13196=DIRECTION('',(0.,1.,0.));
#13197=DIRECTION('',(0.,0.,1.));
#13198=DIRECTION('',(0.,-1.,0.));
#13199=DIRECTION('',(1.,0.,0.));
#13200=DIRECTION('',(0.,1.,0.));
#13201=DIRECTION('',(1.,0.,0.));
#13202=DIRECTION('',(0.,1.,0.));
#13203=DIRECTION('',(-1.,0.,0.));
#13204=DIRECTION('',(0.,1.,0.));
#13205=DIRECTION('',(0.,0.,1.));
#13206=DIRECTION('',(0.,1.,0.));
#13207=DIRECTION('',(0.,0.,1.));
#13208=DIRECTION('',(0.,0.,-1.));
#13209=DIRECTION('',(0.,1.,0.));
#13210=DIRECTION('',(-1.,0.,0.));
#13211=DIRECTION('',(0.,1.,0.));
#13212=DIRECTION('',(-1.,0.,0.));
#13213=DIRECTION('',(0.,1.,0.));
#13214=DIRECTION('',(0.,1.,0.));
#13215=DIRECTION('',(0.,1.,0.));
#13216=DIRECTION('',(0.,0.,1.));
#13217=DIRECTION('',(0.,-1.,0.));
#13218=DIRECTION('',(0.,1.,0.));
#13219=DIRECTION('',(1.,0.,0.));
#13220=DIRECTION('',(0.,1.,0.));
#13221=DIRECTION('',(1.,0.,0.));
#13222=DIRECTION('',(0.,-1.,0.));
#13223=DIRECTION('',(0.,1.,0.));
#13224=DIRECTION('',(0.,0.,-1.));
#13225=DIRECTION('',(0.,0.,-1.));
#13226=DIRECTION('',(0.,1.,0.));
#13227=DIRECTION('',(0.,1.,0.));
#13228=DIRECTION('',(-1.,0.,0.));
#13229=DIRECTION('',(0.,1.,0.));
#13230=DIRECTION('',(0.,1.,0.));
#13231=DIRECTION('',(0.,1.,0.));
#13232=DIRECTION('',(0.,1.,0.));
#13233=DIRECTION('',(-1.,0.,0.));
#13234=DIRECTION('',(0.,1.,0.));
#13235=DIRECTION('',(0.,1.,0.));
#13236=DIRECTION('',(0.,0.,1.));
#13237=DIRECTION('',(0.,1.,0.));
#13238=DIRECTION('',(0.524983817418768,0.,0.851112208494519));
#13239=DIRECTION('',(0.,1.,0.));
#13240=DIRECTION('',(0.,1.,0.));
#13241=DIRECTION('',(0.,0.,1.));
#13242=DIRECTION('',(0.,1.,0.));
#13243=DIRECTION('',(0.,1.,0.));
#13244=DIRECTION('',(0.,0.,1.));
#13245=DIRECTION('',(0.,-1.,0.));
#13246=DIRECTION('',(1.,0.,0.));
#13247=DIRECTION('',(1.,0.,0.));
#13248=DIRECTION('',(0.,1.,0.));
#13249=DIRECTION('',(1.,0.,0.));
#13250=DIRECTION('',(0.,1.,0.));
#13251=DIRECTION('',(1.,0.,0.));
#13252=DIRECTION('',(0.,1.,0.));
#13253=DIRECTION('',(0.,1.,0.));
#13254=DIRECTION('',(0.,1.,0.));
#13255=DIRECTION('',(0.,0.,1.));
#13256=DIRECTION('',(0.,-1.,0.));
#13257=DIRECTION('',(1.,0.,0.));
#13258=DIRECTION('',(0.,1.,0.));
#13259=DIRECTION('',(1.,0.,0.));
#13260=DIRECTION('',(-1.,0.,0.));
#13261=DIRECTION('',(0.,1.,0.));
#13262=DIRECTION('',(0.,0.,1.));
#13263=DIRECTION('',(0.,1.,0.));
#13264=DIRECTION('',(0.,0.,1.));
#13265=DIRECTION('',(0.,1.,0.));
#13266=DIRECTION('',(0.,1.,0.));
#13267=DIRECTION('',(0.,1.,0.));
#13268=DIRECTION('',(0.,1.,0.));
#13269=DIRECTION('',(0.,0.,1.));
#13270=DIRECTION('',(0.,-1.,0.));
#13271=DIRECTION('',(0.,1.,0.));
#13272=DIRECTION('',(1.,0.,0.));
#13273=DIRECTION('',(1.,0.,0.));
#13274=DIRECTION('',(0.,-1.,0.));
#13275=DIRECTION('',(0.,1.,0.));
#13276=DIRECTION('',(0.,0.,-1.));
#13277=DIRECTION('',(0.,0.,-1.));
#13278=DIRECTION('',(0.,1.,0.));
#13279=DIRECTION('',(0.,1.,0.));
#13280=DIRECTION('',(-1.,0.,0.));
#13281=DIRECTION('',(0.,0.,-1.));
#13282=DIRECTION('',(0.,1.,0.));
#13283=DIRECTION('',(-1.,0.,0.));
#13284=DIRECTION('',(-1.,0.,0.));
#13285=DIRECTION('',(0.,1.,0.));
#13286=DIRECTION('',(1.,0.,0.));
#13287=DIRECTION('',(0.,1.,0.));
#13288=DIRECTION('',(-0.955509053153269,0.,0.294961776069619));
#13289=DIRECTION('',(0.,1.,0.));
#13290=DIRECTION('',(0.,0.,1.));
#13291=DIRECTION('',(0.,1.,0.));
#13292=DIRECTION('',(0.,1.,0.));
#13293=DIRECTION('',(0.,0.,1.));
#13294=DIRECTION('',(0.,1.,0.));
#13295=DIRECTION('',(0.,0.,1.));
#13296=DIRECTION('',(0.,-1.,0.));
#13297=DIRECTION('',(1.,0.,0.));
#13298=DIRECTION('',(0.,1.,0.));
#13299=DIRECTION('',(1.,0.,0.));
#13300=DIRECTION('',(0.,1.,0.));
#13301=DIRECTION('',(0.956705822471397,0.,-0.291056642682016));
#13302=DIRECTION('',(-0.291056642682016,0.,-0.956705822471397));
#13303=DIRECTION('',(0.,1.,0.));
#13304=DIRECTION('',(-0.291056642682016,0.,-0.956705822471397));
#13305=DIRECTION('',(0.,1.,0.));
#13306=DIRECTION('',(0.,0.,-1.));
#13307=DIRECTION('',(0.,1.,0.));
#13308=DIRECTION('',(0.,1.,0.));
#13309=DIRECTION('',(-1.,0.,0.));
#13310=DIRECTION('',(-0.943009304808469,0.,0.332766361047278));
#13311=DIRECTION('',(0.332766361047278,0.,0.943009304808469));
#13312=DIRECTION('',(0.,1.,0.));
#13313=DIRECTION('',(0.332766361047278,0.,0.943009304808469));
#13314=DIRECTION('',(0.,0.,1.));
#13315=DIRECTION('',(0.,-1.,0.));
#13316=DIRECTION('',(0.,1.,0.));
#13317=DIRECTION('',(1.,0.,0.));
#13318=DIRECTION('',(0.943395814745621,0.,0.331669016823166));
#13319=DIRECTION('',(0.331669016823166,0.,-0.943395814745621));
#13320=DIRECTION('',(0.,1.,0.));
#13321=DIRECTION('',(0.331669016823166,0.,-0.943395814745621));
#13322=DIRECTION('',(0.,0.,-1.));
#13323=DIRECTION('',(0.,1.,0.));
#13324=DIRECTION('',(0.,1.,0.));
#13325=DIRECTION('',(-1.,0.,0.));
#13326=DIRECTION('',(-0.956705822471398,0.,-0.291056642682015));
#13327=DIRECTION('',(-0.291056642682015,0.,0.956705822471398));
#13328=DIRECTION('',(0.,1.,0.));
#13329=DIRECTION('',(-0.291056642682015,0.,0.956705822471398));
#13330=DIRECTION('',(0.,0.,-1.));
#13331=DIRECTION('',(0.,1.,0.));
#13332=DIRECTION('',(-1.,0.,0.));
#13333=DIRECTION('',(0.,1.,0.));
#13334=DIRECTION('',(-0.965892069454963,0.,0.258944994475677));
#13335=DIRECTION('',(0.,1.,0.));
#13336=DIRECTION('',(0.,0.,1.));
#13337=DIRECTION('',(0.,1.,0.));
#13338=DIRECTION('',(0.,0.,1.));
#13339=DIRECTION('',(0.,1.,0.));
#13340=DIRECTION('',(1.,0.,0.));
#13341=DIRECTION('',(0.,1.,0.));
#13342=DIRECTION('',(1.,0.,0.));
#13343=DIRECTION('',(0.,1.,0.));
#13344=DIRECTION('',(1.,0.,0.));
#13345=DIRECTION('',(0.,1.,0.));
#13346=DIRECTION('',(1.,0.,0.));
#13347=CARTESIAN_POINT('',(0.,0.,0.));
#13348=CARTESIAN_POINT('',(0.0639,0.0085,-0.04275));
#13349=CARTESIAN_POINT('',(0.00890870455652475,0.0085,-0.047710221905782));
#13350=CARTESIAN_POINT('',(0.00951319674402475,0.0085,-0.047133561749532));
#13351=CARTESIAN_POINT('',(0.00951319674402475,0.0085,-0.046098405499532));
#13352=CARTESIAN_POINT('',(0.00890870455652475,0.0085,-0.047710221905782));
#13353=CARTESIAN_POINT('',(0.00951319674402475,0.0085,-0.046098405499532));
#13354=CARTESIAN_POINT('',(0.00951319674402475,0.0085,-0.046098405499532));
#13355=CARTESIAN_POINT('',(0.00951319674402475,0.0085,-0.044996842999532));
#13356=CARTESIAN_POINT('',(0.00888575533777475,0.0085,-0.044410905499532));
#13357=CARTESIAN_POINT('',(0.00888575533777475,0.0085,-0.044410905499532));
#13358=CARTESIAN_POINT('',(0.00888575533777475,0.0085,-0.044410905499532));
#13359=CARTESIAN_POINT('',(0.00825831393152475,0.0085,-0.043824967999532));
#13360=CARTESIAN_POINT('',(0.00707472018152475,0.0085,-0.043824967999532));
#13361=CARTESIAN_POINT('',(0.00707472018152475,0.0085,-0.043824967999532));
#13362=CARTESIAN_POINT('',(0.00644288424402475,0.0085,-0.043824967999532));
#13363=CARTESIAN_POINT('',(0.00581104830652475,0.0085,-0.043824967999532));
#13364=CARTESIAN_POINT('',(0.00581104830652475,0.0085,-0.046055925030782));
#13365=CARTESIAN_POINT('',(0.00581104830652475,0.0085,-0.048286882062032));
#13366=CARTESIAN_POINT('',(0.00651124361902475,0.0085,-0.048286882062032));
#13367=CARTESIAN_POINT('',(0.00721143893152475,0.0085,-0.048286882062032));
#13368=CARTESIAN_POINT('',(0.00721143893152475,0.0085,-0.048286882062032));
#13369=CARTESIAN_POINT('',(0.00830421236902475,0.0085,-0.048286882062032));
#13370=CARTESIAN_POINT('',(0.00890870455652475,0.0085,-0.047710221905782));
#13371=CARTESIAN_POINT('',(0.00946729830652475,0.0085,-0.010780972212553));
#13372=CARTESIAN_POINT('',(0.00946729830652475,0.0085,-0.013011929243803));
#13373=CARTESIAN_POINT('',(0.00946729830652475,0.0085,-0.00855001518130296));
#13374=CARTESIAN_POINT('',(0.00899561861902475,0.0085,-0.00855001518130296));
#13375=CARTESIAN_POINT('',(0.00852393893152475,0.0085,-0.00855001518130296));
#13376=CARTESIAN_POINT('',(0.00852393893152475,0.0085,-0.00951290580630296));
#13377=CARTESIAN_POINT('',(0.00852393893152475,0.0085,-0.010475796431303));
#13378=CARTESIAN_POINT('',(0.00764063815027475,0.0085,-0.010475796431303));
#13379=CARTESIAN_POINT('',(0.00675733736902475,0.0085,-0.010475796431303));
#13380=CARTESIAN_POINT('',(0.00675733736902475,0.0085,-0.00951290580630296));
#13381=CARTESIAN_POINT('',(0.00675733736902475,0.0085,-0.00855001518130296));
#13382=CARTESIAN_POINT('',(0.00628419283777475,0.0085,-0.00855001518130296));
#13383=CARTESIAN_POINT('',(0.00581104830652475,0.0085,-0.00855001518130296));
#13384=CARTESIAN_POINT('',(0.00581104830652475,0.0085,-0.010780972212553));
#13385=CARTESIAN_POINT('',(0.00581104830652475,0.0085,-0.013011929243803));
#13386=CARTESIAN_POINT('',(0.00628419283777475,0.0085,-0.013011929243803));
#13387=CARTESIAN_POINT('',(0.00675733736902475,0.0085,-0.013011929243803));
#13388=CARTESIAN_POINT('',(0.00675733736902475,0.0085,-0.012137417525053));
#13389=CARTESIAN_POINT('',(0.00675733736902475,0.0085,-0.011262905806303));
#13390=CARTESIAN_POINT('',(0.00764063815027475,0.0085,-0.011262905806303));
#13391=CARTESIAN_POINT('',(0.00852393893152475,0.0085,-0.011262905806303));
#13392=CARTESIAN_POINT('',(0.00852393893152475,0.0085,-0.012137417525053));
#13393=CARTESIAN_POINT('',(0.00852393893152475,0.0085,-0.013011929243803));
#13394=CARTESIAN_POINT('',(0.00899561861902475,0.0085,-0.013011929243803));
#13395=CARTESIAN_POINT('',(0.00750440768152475,0.0085,-0.0162809286229312));
#13396=CARTESIAN_POINT('',(0.00750440768152475,0.0085,-0.0158868856541813));
#13397=CARTESIAN_POINT('',(0.00750440768152475,0.0085,-0.0166749715916812));
#13398=CARTESIAN_POINT('',(0.00838966158777475,0.0085,-0.0166749715916812));
#13399=CARTESIAN_POINT('',(0.00927491549402475,0.0085,-0.0166749715916812));
#13400=CARTESIAN_POINT('',(0.00927491549402475,0.0085,-0.0155182333104313));
#13401=CARTESIAN_POINT('',(0.00927491549402475,0.0085,-0.0143619982682987));
#13402=CARTESIAN_POINT('',(0.00768235197908814,0.0085,-0.0191165054604512));
#13403=CARTESIAN_POINT('',(0.008464407095748,0.0085,-0.0141639826276114));
#13404=CARTESIAN_POINT('',(0.00769569568439198,0.0085,-0.0193657251342734));
#13405=CARTESIAN_POINT('',(0.00768800143152475,0.0085,-0.0141075887791812));
#13406=CARTESIAN_POINT('',(0.00768800143152475,0.0085,-0.0141075887791812));
#13407=CARTESIAN_POINT('',(0.00667823580652475,0.0085,-0.0141075887791812));
#13408=CARTESIAN_POINT('',(0.00614552096277475,0.0085,-0.0147013387791812));
#13409=CARTESIAN_POINT('',(0.00614552096277475,0.0085,-0.0147013387791812));
#13410=CARTESIAN_POINT('',(0.00614552096277475,0.0085,-0.0147013387791812));
#13411=CARTESIAN_POINT('',(0.00561280611902475,0.0085,-0.0152950887791812));
#13412=CARTESIAN_POINT('',(0.00561280611902475,0.0085,-0.0164064169041813));
#13413=CARTESIAN_POINT('',(0.00561280611902475,0.0085,-0.0164064169041813));
#13414=CARTESIAN_POINT('',(0.00561280611902475,0.0085,-0.0164064169041813));
#13415=CARTESIAN_POINT('',(0.00561280611902475,0.0085,-0.0174864950291812));
#13416=CARTESIAN_POINT('',(0.00623097018152475,0.0085,-0.0180904989354312));
#13417=CARTESIAN_POINT('',(0.00623097018152475,0.0085,-0.0180904989354312));
#13418=CARTESIAN_POINT('',(0.00623097018152475,0.0085,-0.0180904989354312));
#13419=CARTESIAN_POINT('',(0.00684913424402475,0.0085,-0.0186945028416812));
#13420=CARTESIAN_POINT('',(0.00794386080652475,0.0085,-0.0186945028416812));
#13421=CARTESIAN_POINT('',(0.00794386080654306,0.0085,-0.0186945028244922));
#13422=CARTESIAN_POINT('',(0.00794739390840049,0.0085,-0.0153774269669192));
#13423=CARTESIAN_POINT('',(0.00926896488854191,0.0085,-0.0184198692027086));
#13424=CARTESIAN_POINT('',(0.00911182955652475,0.0085,-0.0180416708104312));
#13425=CARTESIAN_POINT('',(0.00895460299402475,0.0085,-0.0176632528416812));
#13426=CARTESIAN_POINT('',(0.00793517124137042,0.0085,-0.0156635368299767));
#13427=CARTESIAN_POINT('',(0.00793800143152475,0.0085,-0.0179073934666812));
#13428=CARTESIAN_POINT('',(0.00793800143152475,0.0085,-0.0179073934666812));
#13429=CARTESIAN_POINT('',(0.00732472018152475,0.0085,-0.0179073934666812));
#13430=CARTESIAN_POINT('',(0.00695557955652475,0.0085,-0.0174952840916812));
#13431=CARTESIAN_POINT('',(0.00695557955652475,0.0085,-0.0174952840916812));
#13432=CARTESIAN_POINT('',(0.00695557955652475,0.0085,-0.0174952840916812));
#13433=CARTESIAN_POINT('',(0.00658643893152475,0.0085,-0.0170831747166812));
#13434=CARTESIAN_POINT('',(0.00658643893152475,0.0085,-0.0163878622166812));
#13435=CARTESIAN_POINT('',(0.00658643893152475,0.0085,-0.0163878622166812));
#13436=CARTESIAN_POINT('',(0.00658643893152475,0.0085,-0.0163878622166812));
#13437=CARTESIAN_POINT('',(0.00658643893152475,0.0085,-0.0156612997166812));
#13438=CARTESIAN_POINT('',(0.00688380221277475,0.0085,-0.0152784872166812));
#13439=CARTESIAN_POINT('',(0.00688380221277475,0.0085,-0.0152784872166812));
#13440=CARTESIAN_POINT('',(0.00688380221277475,0.0085,-0.0152784872166812));
#13441=CARTESIAN_POINT('',(0.00718116549402475,0.0085,-0.0148956747166812));
#13442=CARTESIAN_POINT('',(0.00774854830652475,0.0085,-0.0148956747166812));
#13443=CARTESIAN_POINT('',(0.00774854830652475,0.0085,-0.0148956747166812));
#13444=CARTESIAN_POINT('',(0.00774109651296334,0.0085,-0.0179766800954628));
#13445=CARTESIAN_POINT('',(0.00835011080652475,0.0085,-0.0149563438868811));
#13446=CARTESIAN_POINT('',(0.00835011080652475,0.0085,-0.0154215536229313));
#13447=CARTESIAN_POINT('',(0.00835011080652475,0.0085,-0.0158868856541813));
#13448=CARTESIAN_POINT('',(0.00792725924402475,0.0085,-0.0158868856541813));
#13449=CARTESIAN_POINT('',(0.00674171236902475,0.0085,-0.0326403705626726));
#13450=CARTESIAN_POINT('',(0.00674171236902475,0.0085,-0.0335222065001726));
#13451=CARTESIAN_POINT('',(0.00674171236902475,0.0085,-0.0317585346251726));
#13452=CARTESIAN_POINT('',(0.00627638033777475,0.0085,-0.0317585346251726));
#13453=CARTESIAN_POINT('',(0.00581104830652475,0.0085,-0.0317585346251726));
#13454=CARTESIAN_POINT('',(0.00581104830652475,0.0085,-0.0339894916564226));
#13455=CARTESIAN_POINT('',(0.00581104830652475,0.0085,-0.0362204486876726));
#13456=CARTESIAN_POINT('',(0.00708985690027475,0.0085,-0.0362204486876726));
#13457=CARTESIAN_POINT('',(0.00836866549402475,0.0085,-0.0362204486876726));
#13458=CARTESIAN_POINT('',(0.00836866549402475,0.0085,-0.0358327533751726));
#13459=CARTESIAN_POINT('',(0.00836866549402475,0.0085,-0.0354450580626726));
#13460=CARTESIAN_POINT('',(0.00755518893152475,0.0085,-0.0354450580626726));
#13461=CARTESIAN_POINT('',(0.00674171236902475,0.0085,-0.0354450580626726));
#13462=CARTESIAN_POINT('',(0.00674171236902475,0.0085,-0.0348698627501726));
#13463=CARTESIAN_POINT('',(0.00674171236902475,0.0085,-0.0342946674376726));
#13464=CARTESIAN_POINT('',(0.00749854830652475,0.0085,-0.0342946674376726));
#13465=CARTESIAN_POINT('',(0.00825538424402475,0.0085,-0.0342946674376726));
#13466=CARTESIAN_POINT('',(0.00825538424402475,0.0085,-0.0339084369689226));
#13467=CARTESIAN_POINT('',(0.00825538424402475,0.0085,-0.0335222065001726));
#13468=CARTESIAN_POINT('',(0.00749854830652475,0.0085,-0.0335222065001726));
#13469=CARTESIAN_POINT('',(0.00838038424402475,0.0085,-0.0384945508986711));
#13470=CARTESIAN_POINT('',(0.00838038424402475,0.0085,-0.0388851758986711));
#13471=CARTESIAN_POINT('',(0.00838038424402475,0.0085,-0.0381039258986711));
#13472=CARTESIAN_POINT('',(0.00709571627527475,0.0085,-0.0381039258986711));
#13473=CARTESIAN_POINT('',(0.00581104830652475,0.0085,-0.0381039258986711));
#13474=CARTESIAN_POINT('',(0.00581104830652475,0.0085,-0.0403348829299211));
#13475=CARTESIAN_POINT('',(0.00581104830652475,0.0085,-0.0425658399611712));
#13476=CARTESIAN_POINT('',(0.00709571627527475,0.0085,-0.0425658399611712));
#13477=CARTESIAN_POINT('',(0.00838038424402475,0.0085,-0.0425658399611712));
#13478=CARTESIAN_POINT('',(0.00838038424402475,0.0085,-0.0421781446486712));
#13479=CARTESIAN_POINT('',(0.00838038424402475,0.0085,-0.0417904493361711));
#13480=CARTESIAN_POINT('',(0.00756886080652475,0.0085,-0.0417904493361711));
#13481=CARTESIAN_POINT('',(0.00675733736902475,0.0085,-0.0417904493361711));
#13482=CARTESIAN_POINT('',(0.00675733736902475,0.0085,-0.0413007032424211));
#13483=CARTESIAN_POINT('',(0.00675733736902475,0.0085,-0.0408109571486712));
#13484=CARTESIAN_POINT('',(0.00751270846277475,0.0085,-0.0408109571486712));
#13485=CARTESIAN_POINT('',(0.00826807955652475,0.0085,-0.0408109571486712));
#13486=CARTESIAN_POINT('',(0.00826807955652475,0.0085,-0.0404232618361711));
#13487=CARTESIAN_POINT('',(0.00826807955652475,0.0085,-0.0400355665236711));
#13488=CARTESIAN_POINT('',(0.00751270846277475,0.0085,-0.0400355665236711));
#13489=CARTESIAN_POINT('',(0.00675733736902475,0.0085,-0.0400355665236711));
#13490=CARTESIAN_POINT('',(0.00675733736902475,0.0085,-0.0394603712111711));
#13491=CARTESIAN_POINT('',(0.00675733736902475,0.0085,-0.0388851758986711));
#13492=CARTESIAN_POINT('',(0.00756886080652475,0.0085,-0.0388851758986711));
#13493=CARTESIAN_POINT('',(0.00769394627801617,0.0085,-0.0517870755531211));
#13494=CARTESIAN_POINT('',(0.00820357157265656,0.0085,-0.0531998123921018));
#13495=CARTESIAN_POINT('',(0.00770655611902475,0.0085,-0.0532883404046297));
#13496=CARTESIAN_POINT('',(0.00770655611902475,0.0085,-0.0532883404046297));
#13497=CARTESIAN_POINT('',(0.00717237643152475,0.0085,-0.0532883404046297));
#13498=CARTESIAN_POINT('',(0.00687940768152475,0.0085,-0.0528869732171297));
#13499=CARTESIAN_POINT('',(0.00687940768152475,0.0085,-0.0528869732171297));
#13500=CARTESIAN_POINT('',(0.00687940768152475,0.0085,-0.0528869732171297));
#13501=CARTESIAN_POINT('',(0.00658643893152475,0.0085,-0.0524856060296297));
#13502=CARTESIAN_POINT('',(0.00658643893152475,0.0085,-0.0517688091546297));
#13503=CARTESIAN_POINT('',(0.00658643893152475,0.0085,-0.0517688091546297));
#13504=CARTESIAN_POINT('',(0.00658643893152475,0.0085,-0.0517688091546297));
#13505=CARTESIAN_POINT('',(0.00658643893152475,0.0085,-0.0502766216546297));
#13506=CARTESIAN_POINT('',(0.00770655611902475,0.0085,-0.0502766216546297));
#13507=CARTESIAN_POINT('',(0.00770655611902475,0.0085,-0.0502766216546297));
#13508=CARTESIAN_POINT('',(0.00770655611902475,0.0085,-0.0502766216546297));
#13509=CARTESIAN_POINT('',(0.00817628268152475,0.0085,-0.0502766216546297));
#13510=CARTESIAN_POINT('',(0.00884425143152475,0.0085,-0.0505109966546297));
#13511=CARTESIAN_POINT('',(0.00884425143152475,0.0085,-0.0505109966546297));
#13512=CARTESIAN_POINT('',(0.00884425143152475,0.0085,-0.0501145122796297));
#13513=CARTESIAN_POINT('',(0.00884425143152475,0.0085,-0.0497180279046297));
#13514=CARTESIAN_POINT('',(0.00884425143152475,0.0085,-0.0497180279046297));
#13515=CARTESIAN_POINT('',(0.00829542330652475,0.0085,-0.0494885357171297));
#13516=CARTESIAN_POINT('',(0.00761768893152475,0.0085,-0.0494885357171297));
#13517=CARTESIAN_POINT('',(0.00761768893152475,0.0085,-0.0494885357171297));
#13518=CARTESIAN_POINT('',(0.00761768893152475,0.0085,-0.0494885357171297));
#13519=CARTESIAN_POINT('',(0.00664405611902475,0.0085,-0.0494885357171297));
#13520=CARTESIAN_POINT('',(0.00612843111902475,0.0085,-0.0500793560296297));
#13521=CARTESIAN_POINT('',(0.00612843111902475,0.0085,-0.0500793560296297));
#13522=CARTESIAN_POINT('',(0.00612843111902475,0.0085,-0.0500793560296297));
#13523=CARTESIAN_POINT('',(0.00561280611902475,0.0085,-0.0506701763421297));
#13524=CARTESIAN_POINT('',(0.00561280611902475,0.0085,-0.0517746685296297));
#13525=CARTESIAN_POINT('',(0.00561280611902475,0.0085,-0.0517746685296297));
#13526=CARTESIAN_POINT('',(0.00561280611902475,0.0085,-0.0517746685296297));
#13527=CARTESIAN_POINT('',(0.00561280611902475,0.0085,-0.0524709575921297));
#13528=CARTESIAN_POINT('',(0.00586622408777475,0.0085,-0.0529943950921297));
#13529=CARTESIAN_POINT('',(0.00586622408777475,0.0085,-0.0529943950921297));
#13530=CARTESIAN_POINT('',(0.00586622408777475,0.0085,-0.0529943950921297));
#13531=CARTESIAN_POINT('',(0.00611964205652475,0.0085,-0.0535178325921297));
#13532=CARTESIAN_POINT('',(0.00659425143152475,0.0085,-0.0537966411858797));
#13533=CARTESIAN_POINT('',(0.00659425143152475,0.0085,-0.0537966411858797));
#13534=CARTESIAN_POINT('',(0.00659425143152475,0.0085,-0.0537966411858797));
#13535=CARTESIAN_POINT('',(0.00706886080652475,0.0085,-0.0540754497796297));
#13536=CARTESIAN_POINT('',(0.00770655611902475,0.0085,-0.0540754497796297));
#13537=CARTESIAN_POINT('',(0.00770655611902475,0.0085,-0.0540754497796297));
#13538=CARTESIAN_POINT('',(0.00770655611902475,0.0085,-0.0540754497796297));
#13539=CARTESIAN_POINT('',(0.00835597018152475,0.0085,-0.0540754497796297));
#13540=CARTESIAN_POINT('',(0.00901222018152475,0.0085,-0.0537619732171297));
#13541=CARTESIAN_POINT('',(0.00901222018152475,0.0085,-0.0537619732171297));
#13542=CARTESIAN_POINT('',(0.00885987643152475,0.0085,-0.0533772075921297));
#13543=CARTESIAN_POINT('',(0.0087075159015487,0.0085,-0.0529923995869338));
#13544=CARTESIAN_POINT('',(0.00651886932549669,0.0085,-0.048395619177788));
#13545=CARTESIAN_POINT('',(0.12195,0.0085,-0.06035));
#13546=CARTESIAN_POINT('',(0.12195,0.0085,-0.0546));
#13547=CARTESIAN_POINT('',(0.12195,0.0085,-0.0661));
#13548=CARTESIAN_POINT('',(0.124875,0.0085,-0.0661));
#13549=CARTESIAN_POINT('',(0.1278,0.0085,-0.0661));
#13550=CARTESIAN_POINT('',(0.1278,0.0085,-0.04275));
#13551=CARTESIAN_POINT('',(0.1278,0.0085,-0.08));
#13552=CARTESIAN_POINT('',(0.1223,0.0085,-0.08));
#13553=CARTESIAN_POINT('',(0.1223,0.0085,-0.0855));
#13554=CARTESIAN_POINT('',(0.0639,0.0085,-0.0855));
#13555=CARTESIAN_POINT('',(0.0055,0.0085,-0.0855));
#13556=CARTESIAN_POINT('',(0.0055,0.0085,-0.08));
#13557=CARTESIAN_POINT('',(0.,0.0085,-0.08));
#13558=CARTESIAN_POINT('',(0.,0.0085,-0.04275));
#13559=CARTESIAN_POINT('',(0.,0.0085,-0.0661));
#13560=CARTESIAN_POINT('',(0.002925,0.0085,-0.0661));
#13561=CARTESIAN_POINT('',(0.00585,0.0085,-0.0661));
#13562=CARTESIAN_POINT('',(0.00585,0.0085,-0.06035));
#13563=CARTESIAN_POINT('',(0.00585,0.0085,-0.0546));
#13564=CARTESIAN_POINT('',(0.002925,0.0085,-0.0546));
#13565=CARTESIAN_POINT('',(0.,0.0085,-0.0546));
#13566=CARTESIAN_POINT('',(0.,0.0085,-0.04275));
#13567=CARTESIAN_POINT('',(0.,0.0085,-0.0309));
#13568=CARTESIAN_POINT('',(0.002925,0.0085,-0.0309));
#13569=CARTESIAN_POINT('',(0.00585,0.0085,-0.0309));
#13570=CARTESIAN_POINT('',(0.00585,0.0085,-0.02515));
#13571=CARTESIAN_POINT('',(0.00585,0.0085,-0.0194));
#13572=CARTESIAN_POINT('',(0.002925,0.0085,-0.0194));
#13573=CARTESIAN_POINT('',(0.,0.0085,-0.0194));
#13574=CARTESIAN_POINT('',(0.,0.0085,-0.04275));
#13575=CARTESIAN_POINT('',(0.,0.0085,-0.0055));
#13576=CARTESIAN_POINT('',(0.0055,0.0085,-0.0055));
#13577=CARTESIAN_POINT('',(0.0055,0.0085,0.));
#13578=CARTESIAN_POINT('',(0.0639,0.0085,0.));
#13579=CARTESIAN_POINT('',(0.1223,0.0085,0.));
#13580=CARTESIAN_POINT('',(0.1223,0.0085,-0.0055));
#13581=CARTESIAN_POINT('',(0.1278,0.0085,-0.0055));
#13582=CARTESIAN_POINT('',(0.1278,0.0085,-0.04275));
#13583=CARTESIAN_POINT('',(0.1278,0.0085,-0.0194));
#13584=CARTESIAN_POINT('',(0.124875,0.0085,-0.0194));
#13585=CARTESIAN_POINT('',(0.12195,0.0085,-0.0194));
#13586=CARTESIAN_POINT('',(0.12195,0.0085,-0.02515));
#13587=CARTESIAN_POINT('',(0.12195,0.0085,-0.0309));
#13588=CARTESIAN_POINT('',(0.124875,0.0085,-0.0309));
#13589=CARTESIAN_POINT('',(0.1278,0.0085,-0.0309));
#13590=CARTESIAN_POINT('',(0.1278,0.0085,-0.04275));
#13591=CARTESIAN_POINT('',(0.1278,0.0085,-0.0546));
#13592=CARTESIAN_POINT('',(0.124875,0.0085,-0.0546));
#13593=CARTESIAN_POINT('',(0.0146283942106694,0.0085,-0.0810998323567708));
#13594=CARTESIAN_POINT('',(0.0146283942106694,0.0085,-0.0831696647135417));
#13595=CARTESIAN_POINT('',(0.0146283942106694,0.0085,-0.07903));
#13596=CARTESIAN_POINT('',(0.0141907802783777,0.0085,-0.07903));
#13597=CARTESIAN_POINT('',(0.0137531663460861,0.0085,-0.07903));
#13598=CARTESIAN_POINT('',(0.0137531663460861,0.0085,-0.0802277756076389));
#13599=CARTESIAN_POINT('',(0.0137531663460861,0.0085,-0.0814255512152778));
#13600=CARTESIAN_POINT('',(0.0137576965110166,0.0085,-0.0816221603732639));
#13601=CARTESIAN_POINT('',(0.0137622266759472,0.0085,-0.08181876953125));
#13602=CARTESIAN_POINT('',(0.013769021923343,0.0085,-0.0820339523654514));
#13603=CARTESIAN_POINT('',(0.0137758171707388,0.0085,-0.0822491351996528));
#13604=CARTESIAN_POINT('',(0.0101687760224495,0.0085,-0.0857453584767234));
#13605=CARTESIAN_POINT('',(0.0134734832512372,0.0085,-0.0819634131173706));
#13606=CARTESIAN_POINT('',(0.0132353684945236,0.0085,-0.0817725618489583));
#13607=CARTESIAN_POINT('',(0.0129975348356694,0.0085,-0.0815813888888889));
#13608=CARTESIAN_POINT('',(0.0127864291499055,0.0085,-0.0818445914713542));
#13609=CARTESIAN_POINT('',(0.0125753234641416,0.0085,-0.0821077940538195));
#13610=CARTESIAN_POINT('',(0.0132421637419194,0.0085,-0.0826387293836806));
#13611=CARTESIAN_POINT('',(0.0139090040196972,0.0085,-0.0831696647135417));
#13612=CARTESIAN_POINT('',(0.0142686991151833,0.0085,-0.0831696647135417));
#13613=CARTESIAN_POINT('',(0.0879837980742259,0.0085,-0.0823782449001736));
#13614=CARTESIAN_POINT('',(0.0881677227704064,0.0085,-0.0819691710069445));
#13615=CARTESIAN_POINT('',(0.0881677227704064,0.0085,-0.081402900390625));
#13616=CARTESIAN_POINT('',(0.0879837980742259,0.0085,-0.0823782449001736));
#13617=CARTESIAN_POINT('',(0.0881677227704064,0.0085,-0.081402900390625));
#13618=CARTESIAN_POINT('',(0.0881677227704064,0.0085,-0.081402900390625));
#13619=CARTESIAN_POINT('',(0.0881677227704064,0.0085,-0.080179755859375));
#13620=CARTESIAN_POINT('',(0.0876526430178023,0.0085,-0.079576337890625));
#13621=CARTESIAN_POINT('',(0.0876526430178023,0.0085,-0.079576337890625));
#13622=CARTESIAN_POINT('',(0.0876526430178023,0.0085,-0.079576337890625));
#13623=CARTESIAN_POINT('',(0.0871375632651981,0.0085,-0.078972919921875));
#13624=CARTESIAN_POINT('',(0.086092907232212,0.0085,-0.078972919921875));
#13625=CARTESIAN_POINT('',(0.086092907232212,0.0085,-0.078972919921875));
#13626=CARTESIAN_POINT('',(0.086092907232212,0.0085,-0.078972919921875));
#13627=CARTESIAN_POINT('',(0.0857241518068648,0.0085,-0.078972919921875));
#13628=CARTESIAN_POINT('',(0.0855347909127675,0.0085,-0.0790127853732639));
#13629=CARTESIAN_POINT('',(0.0855347909127675,0.0085,-0.0790127853732639));
#13630=CARTESIAN_POINT('',(0.0855347909127675,0.0085,-0.079363873155382));
#13631=CARTESIAN_POINT('',(0.0855347909127675,0.0085,-0.0797148133213438));
#13632=CARTESIAN_POINT('',(0.086023877695994,0.0085,-0.0817262777967215));
#13633=CARTESIAN_POINT('',(0.0860331090551287,0.0085,-0.0796560687934028));
#13634=CARTESIAN_POINT('',(0.0860331090551287,0.0085,-0.0796560687934028));
#13635=CARTESIAN_POINT('',(0.0864716290204064,0.0085,-0.0796560687934028));
#13636=CARTESIAN_POINT('',(0.0867547643285661,0.0085,-0.0797847254774306));
#13637=CARTESIAN_POINT('',(0.0867547643285661,0.0085,-0.0797847254774306));
#13638=CARTESIAN_POINT('',(0.0863840639290296,0.0085,-0.080616146586942));
#13639=CARTESIAN_POINT('',(0.0871883011124203,0.0085,-0.0801892692057292));
#13640=CARTESIAN_POINT('',(0.0871883011124203,0.0085,-0.0801892692057292));
#13641=CARTESIAN_POINT('',(0.0873387025881148,0.0085,-0.08046515625));
#13642=CARTESIAN_POINT('',(0.0873613534127676,0.0085,-0.0809498838975695));
#13643=CARTESIAN_POINT('',(0.0873613534127675,0.0085,-0.0809498838975695));
#13644=CARTESIAN_POINT('',(0.0873441387860314,0.0085,-0.0809498838975695));
#13645=CARTESIAN_POINT('',(0.0873269241592953,0.0085,-0.0809498838975695));
#13646=CARTESIAN_POINT('',(0.0873269241592953,0.0085,-0.0809498838975695));
#13647=CARTESIAN_POINT('',(0.0871629321888092,0.0085,-0.0806835101996528));
#13648=CARTESIAN_POINT('',(0.0869477493546078,0.0085,-0.0805761452907986));
#13649=CARTESIAN_POINT('',(0.0869477493546078,0.0085,-0.0805761452907986));
#13650=CARTESIAN_POINT('',(0.0869477493546078,0.0085,-0.0805761452907986));
#13651=CARTESIAN_POINT('',(0.0867325665204064,0.0085,-0.0804687803819445));
#13652=CARTESIAN_POINT('',(0.0864100187773509,0.0085,-0.0804687803819445));
#13653=CARTESIAN_POINT('',(0.0864100187773509,0.0085,-0.0804687803819445));
#13654=CARTESIAN_POINT('',(0.0864100187773509,0.0085,-0.0804687803819445));
#13655=CARTESIAN_POINT('',(0.0858691170846425,0.0085,-0.0804687803819445));
#13656=CARTESIAN_POINT('',(0.0855574417374203,0.0085,-0.080815337999132));
#13657=CARTESIAN_POINT('',(0.0855574417374203,0.0085,-0.080815337999132));
#13658=CARTESIAN_POINT('',(0.0855574417374203,0.0085,-0.080815337999132));
#13659=CARTESIAN_POINT('',(0.0852457663901981,0.0085,-0.0811618956163195));
#13660=CARTESIAN_POINT('',(0.0852457663901981,0.0085,-0.0817789040798611));
#13661=CARTESIAN_POINT('',(0.0852457663901981,0.0085,-0.0817789040798611));
#13662=CARTESIAN_POINT('',(0.0852457663901981,0.0085,-0.0817789040798611));
#13663=CARTESIAN_POINT('',(0.0852457663901981,0.0085,-0.0824448383246528));
#13664=CARTESIAN_POINT('',(0.0856240351618995,0.0085,-0.0828312613932292));
#13665=CARTESIAN_POINT('',(0.0856240351618995,0.0085,-0.0828312613932292));
#13666=CARTESIAN_POINT('',(0.0856240351618995,0.0085,-0.0828312613932292));
#13667=CARTESIAN_POINT('',(0.0860023039336009,0.0085,-0.0832176844618056));
#13668=CARTESIAN_POINT('',(0.0866528356176287,0.0085,-0.0832176844618056));
#13669=CARTESIAN_POINT('',(0.0866528356176287,0.0085,-0.0832176844618056));
#13670=CARTESIAN_POINT('',(0.0866528356176287,0.0085,-0.0832176844618056));
#13671=CARTESIAN_POINT('',(0.087112194341587,0.0085,-0.0832176844618056));
#13672=CARTESIAN_POINT('',(0.0874560338598162,0.0085,-0.0830025016276042));
#13673=CARTESIAN_POINT('',(0.0874560338598162,0.0085,-0.0830025016276042));
#13674=CARTESIAN_POINT('',(0.0874560338598162,0.0085,-0.0830025016276042));
#13675=CARTESIAN_POINT('',(0.0877998733780453,0.0085,-0.0827873187934028));
#13676=CARTESIAN_POINT('',(0.0879837980742259,0.0085,-0.0823782449001736));
#13677=CARTESIAN_POINT('',(0.0422924844511238,0.0085,-0.0802277756076389));
#13678=CARTESIAN_POINT('',(0.0422924844511238,0.0085,-0.0805675379774306));
#13679=CARTESIAN_POINT('',(0.0422924844511238,0.0085,-0.0798880132378473));
#13680=CARTESIAN_POINT('',(0.0420433253799433,0.0085,-0.0798880132378473));
#13681=CARTESIAN_POINT('',(0.0417941663087627,0.0085,-0.0798880132378473));
#13682=CARTESIAN_POINT('',(0.0417941663087627,0.0085,-0.0794590066189237));
#13683=CARTESIAN_POINT('',(0.0417941663087627,0.0085,-0.07903));
#13684=CARTESIAN_POINT('',(0.0413665187393183,0.0085,-0.07903));
#13685=CARTESIAN_POINT('',(0.0409388711698739,0.0085,-0.07903));
#13686=CARTESIAN_POINT('',(0.0409388711698739,0.0085,-0.0794590066189237));
#13687=CARTESIAN_POINT('',(0.0409388711698739,0.0085,-0.0798880132378473));
#13688=CARTESIAN_POINT('',(0.0400554890084155,0.0085,-0.0798880132378473));
#13689=CARTESIAN_POINT('',(0.0391721068469572,0.0085,-0.0798880132378473));
#13690=CARTESIAN_POINT('',(0.0391721068469572,0.0085,-0.0801924403211806));
#13691=CARTESIAN_POINT('',(0.0391721068469572,0.0085,-0.0804968674045139));
#13692=CARTESIAN_POINT('',(0.0400799518990405,0.0085,-0.0818332660590278));
#13693=CARTESIAN_POINT('',(0.0409877969511238,0.0085,-0.0831696647135417));
#13694=CARTESIAN_POINT('',(0.0413909816299433,0.0085,-0.0831696647135417));
#13695=CARTESIAN_POINT('',(0.0417941663087627,0.0085,-0.0831696647135417));
#13696=CARTESIAN_POINT('',(0.0417941663087627,0.0085,-0.0818686013454861));
#13697=CARTESIAN_POINT('',(0.0417941663087627,0.0085,-0.0805675379774306));
#13698=CARTESIAN_POINT('',(0.0420433253799433,0.0085,-0.0805675379774306));
#13699=CARTESIAN_POINT('',(0.076421911138462,0.0085,-0.0829485926649306));
#13700=CARTESIAN_POINT('',(0.0767897605308231,0.0085,-0.0832231206597222));
#13701=CARTESIAN_POINT('',(0.0773814000707537,0.0085,-0.0832231206597222));
#13702=CARTESIAN_POINT('',(0.076421911138462,0.0085,-0.0829485926649306));
#13703=CARTESIAN_POINT('',(0.0773814000707537,0.0085,-0.0832231206597222));
#13704=CARTESIAN_POINT('',(0.0773814000707537,0.0085,-0.0832231206597222));
#13705=CARTESIAN_POINT('',(0.0779766637426287,0.0085,-0.0832231206597222));
#13706=CARTESIAN_POINT('',(0.0783404359865523,0.0085,-0.0829526698133681));
#13707=CARTESIAN_POINT('',(0.0783404359865523,0.0085,-0.0829526698133681));
#13708=CARTESIAN_POINT('',(0.0783404359865523,0.0085,-0.0829526698133681));
#13709=CARTESIAN_POINT('',(0.0787042082304759,0.0085,-0.0826822189670139));
#13710=CARTESIAN_POINT('',(0.0787042082304759,0.0085,-0.0822237662760417));
#13711=CARTESIAN_POINT('',(0.0787042082304759,0.0085,-0.0822237662760417));
#13712=CARTESIAN_POINT('',(0.077752836968553,0.0085,-0.082208741630382));
#13713=CARTESIAN_POINT('',(0.0785284378311703,0.0085,-0.0816588547092014));
#13714=CARTESIAN_POINT('',(0.0785284378311703,0.0085,-0.0816588547092014));
#13715=CARTESIAN_POINT('',(0.0783526674318648,0.0085,-0.0814110546875));
#13716=CARTESIAN_POINT('',(0.0779621672148509,0.0085,-0.0812162575954861));
#13717=CARTESIAN_POINT('',(0.0779621672148509,0.0085,-0.0812162575954861));
#13718=CARTESIAN_POINT('',(0.0779621672148509,0.0085,-0.0812162575954861));
#13719=CARTESIAN_POINT('',(0.0784260561037398,0.0085,-0.0809670985243056));
#13720=CARTESIAN_POINT('',(0.0786285544761356,0.0085,-0.0806966476779514));
#13721=CARTESIAN_POINT('',(0.0786285544761356,0.0085,-0.0806966476779514));
#13722=CARTESIAN_POINT('',(0.0778637550316467,0.0085,-0.0801030462562765));
#13723=CARTESIAN_POINT('',(0.0788310528485314,0.0085,-0.0801027430555556));
#13724=CARTESIAN_POINT('',(0.0788310528485314,0.0085,-0.0801027430555556));
#13725=CARTESIAN_POINT('',(0.0788310528485314,0.0085,-0.0795935525173611));
#13726=CARTESIAN_POINT('',(0.0784319453181495,0.0085,-0.0792832362196181));
#13727=CARTESIAN_POINT('',(0.0784319453181495,0.0085,-0.0792832362196181));
#13728=CARTESIAN_POINT('',(0.0784319453181495,0.0085,-0.0792832362196181));
#13729=CARTESIAN_POINT('',(0.0780328377877675,0.0085,-0.078972919921875));
#13730=CARTESIAN_POINT('',(0.0773814000707537,0.0085,-0.078972919921875));
#13731=CARTESIAN_POINT('',(0.0773814000707537,0.0085,-0.078972919921875));
#13732=CARTESIAN_POINT('',(0.0773814000707537,0.0085,-0.078972919921875));
#13733=CARTESIAN_POINT('',(0.0767018753311703,0.0085,-0.078972919921875));
#13734=CARTESIAN_POINT('',(0.0763140932131148,0.0085,-0.0792619444444445));
#13735=CARTESIAN_POINT('',(0.0763140932131148,0.0085,-0.0792619444444445));
#13736=CARTESIAN_POINT('',(0.0763140932131148,0.0085,-0.0792619444444445));
#13737=CARTESIAN_POINT('',(0.0759263110950592,0.0085,-0.0795509689670139));
#13738=CARTESIAN_POINT('',(0.0759263110950592,0.0085,-0.0800800922309028));
#13739=CARTESIAN_POINT('',(0.0759263110950592,0.0085,-0.0800800922309028));
#13740=CARTESIAN_POINT('',(0.0770100550227377,0.0085,-0.0800998872603366));
#13741=CARTESIAN_POINT('',(0.0761147659561703,0.0085,-0.0807088791232639));
#13742=CARTESIAN_POINT('',(0.0761147659561703,0.0085,-0.0807088791232639));
#13743=CARTESIAN_POINT('',(0.0763032208172814,0.0085,-0.0809834071180556));
#13744=CARTESIAN_POINT('',(0.0767190899579064,0.0085,-0.0811936067708333));
#13745=CARTESIAN_POINT('',(0.0767190899579064,0.0085,-0.0811936067708333));
#13746=CARTESIAN_POINT('',(0.0767190899579064,0.0085,-0.0811936067708333));
#13747=CARTESIAN_POINT('',(0.076364831060337,0.0085,-0.0814164908854167));
#13748=CARTESIAN_POINT('',(0.0762094464032189,0.0085,-0.081671539171007));
#13749=CARTESIAN_POINT('',(0.0762094464032189,0.0085,-0.081671539171007));
#13750=CARTESIAN_POINT('',(0.0771047815382216,0.0085,-0.0822211284831877));
#13751=CARTESIAN_POINT('',(0.0760540617461009,0.0085,-0.0822292024739584));
#13752=CARTESIAN_POINT('',(0.0760540617461009,0.0085,-0.0822292024739584));
#13753=CARTESIAN_POINT('',(0.0760540617461009,0.0085,-0.0826740646701389));
#13754=CARTESIAN_POINT('',(0.076421911138462,0.0085,-0.0829485926649306));
#13755=CARTESIAN_POINT('',(0.1134,0.0085,-0.0742));
#13756=CARTESIAN_POINT('',(0.116775,0.0085,-0.0742));
#13757=CARTESIAN_POINT('',(0.1044,0.0085,-0.0742));
#13758=CARTESIAN_POINT('',(0.107775,0.0085,-0.0742));
#13759=CARTESIAN_POINT('',(0.0954,0.0085,-0.0742));
#13760=CARTESIAN_POINT('',(0.098775,0.0085,-0.0742));
#13761=CARTESIAN_POINT('',(0.0864,0.0085,-0.0742));
#13762=CARTESIAN_POINT('',(0.089775,0.0085,-0.0742));
#13763=CARTESIAN_POINT('',(0.0774,0.0085,-0.0742));
#13764=CARTESIAN_POINT('',(0.080775,0.0085,-0.0742));
#13765=CARTESIAN_POINT('',(0.0684,0.0085,-0.0742));
#13766=CARTESIAN_POINT('',(0.071775,0.0085,-0.0742));
#13767=CARTESIAN_POINT('',(0.0594,0.0085,-0.0742));
#13768=CARTESIAN_POINT('',(0.062775,0.0085,-0.0742));
#13769=CARTESIAN_POINT('',(0.0504,0.0085,-0.0742));
#13770=CARTESIAN_POINT('',(0.053775,0.0085,-0.0742));
#13771=CARTESIAN_POINT('',(0.0414,0.0085,-0.0742));
#13772=CARTESIAN_POINT('',(0.044775,0.0085,-0.0742));
#13773=CARTESIAN_POINT('',(0.0324,0.0085,-0.0742));
#13774=CARTESIAN_POINT('',(0.035775,0.0085,-0.0742));
#13775=CARTESIAN_POINT('',(0.0234,0.0085,-0.0742));
#13776=CARTESIAN_POINT('',(0.026775,0.0085,-0.0742));
#13777=CARTESIAN_POINT('',(0.0144,0.0085,-0.0742));
#13778=CARTESIAN_POINT('',(0.017775,0.0085,-0.0742));
#13779=CARTESIAN_POINT('',(0.1134,0.0085,-0.0652));
#13780=CARTESIAN_POINT('',(0.116775,0.0085,-0.0652));
#13781=CARTESIAN_POINT('',(0.1044,0.0085,-0.0652));
#13782=CARTESIAN_POINT('',(0.107775,0.0085,-0.0652));
#13783=CARTESIAN_POINT('',(0.0954,0.0085,-0.0652));
#13784=CARTESIAN_POINT('',(0.098775,0.0085,-0.0652));
#13785=CARTESIAN_POINT('',(0.0864,0.0085,-0.0652));
#13786=CARTESIAN_POINT('',(0.089775,0.0085,-0.0652));
#13787=CARTESIAN_POINT('',(0.0774,0.0085,-0.0652));
#13788=CARTESIAN_POINT('',(0.080775,0.0085,-0.0652));
#13789=CARTESIAN_POINT('',(0.0684,0.0085,-0.0652));
#13790=CARTESIAN_POINT('',(0.071775,0.0085,-0.0652));
#13791=CARTESIAN_POINT('',(0.0594,0.0085,-0.0652));
#13792=CARTESIAN_POINT('',(0.062775,0.0085,-0.0652));
#13793=CARTESIAN_POINT('',(0.0504,0.0085,-0.0652));
#13794=CARTESIAN_POINT('',(0.053775,0.0085,-0.0652));
#13795=CARTESIAN_POINT('',(0.0414,0.0085,-0.0652));
#13796=CARTESIAN_POINT('',(0.044775,0.0085,-0.0652));
#13797=CARTESIAN_POINT('',(0.0324,0.0085,-0.0652));
#13798=CARTESIAN_POINT('',(0.035775,0.0085,-0.0652));
#13799=CARTESIAN_POINT('',(0.0234,0.0085,-0.0652));
#13800=CARTESIAN_POINT('',(0.026775,0.0085,-0.0652));
#13801=CARTESIAN_POINT('',(0.0144,0.0085,-0.0652));
#13802=CARTESIAN_POINT('',(0.017775,0.0085,-0.0652));
#13803=CARTESIAN_POINT('',(0.1134,0.0085,-0.0562));
#13804=CARTESIAN_POINT('',(0.116775,0.0085,-0.0562));
#13805=CARTESIAN_POINT('',(0.1044,0.0085,-0.0562));
#13806=CARTESIAN_POINT('',(0.107775,0.0085,-0.0562));
#13807=CARTESIAN_POINT('',(0.0954,0.0085,-0.0562));
#13808=CARTESIAN_POINT('',(0.098775,0.0085,-0.0562));
#13809=CARTESIAN_POINT('',(0.0864,0.0085,-0.0562));
#13810=CARTESIAN_POINT('',(0.089775,0.0085,-0.0562));
#13811=CARTESIAN_POINT('',(0.0774,0.0085,-0.0562));
#13812=CARTESIAN_POINT('',(0.080775,0.0085,-0.0562));
#13813=CARTESIAN_POINT('',(0.0684,0.0085,-0.0562));
#13814=CARTESIAN_POINT('',(0.071775,0.0085,-0.0562));
#13815=CARTESIAN_POINT('',(0.0594,0.0085,-0.0562));
#13816=CARTESIAN_POINT('',(0.062775,0.0085,-0.0562));
#13817=CARTESIAN_POINT('',(0.0504,0.0085,-0.0562));
#13818=CARTESIAN_POINT('',(0.053775,0.0085,-0.0562));
#13819=CARTESIAN_POINT('',(0.0414,0.0085,-0.0562));
#13820=CARTESIAN_POINT('',(0.044775,0.0085,-0.0562));
#13821=CARTESIAN_POINT('',(0.0324,0.0085,-0.0562));
#13822=CARTESIAN_POINT('',(0.035775,0.0085,-0.0562));
#13823=CARTESIAN_POINT('',(0.0234,0.0085,-0.0562));
#13824=CARTESIAN_POINT('',(0.026775,0.0085,-0.0562));
#13825=CARTESIAN_POINT('',(0.0144,0.0085,-0.0562));
#13826=CARTESIAN_POINT('',(0.017775,0.0085,-0.0562));
#13827=CARTESIAN_POINT('',(0.1134,0.0085,-0.0472));
#13828=CARTESIAN_POINT('',(0.116775,0.0085,-0.0472));
#13829=CARTESIAN_POINT('',(0.1044,0.0085,-0.0472));
#13830=CARTESIAN_POINT('',(0.107775,0.0085,-0.0472));
#13831=CARTESIAN_POINT('',(0.0954,0.0085,-0.0472));
#13832=CARTESIAN_POINT('',(0.098775,0.0085,-0.0472));
#13833=CARTESIAN_POINT('',(0.0864,0.0085,-0.0472));
#13834=CARTESIAN_POINT('',(0.089775,0.0085,-0.0472));
#13835=CARTESIAN_POINT('',(0.0774,0.0085,-0.0472));
#13836=CARTESIAN_POINT('',(0.080775,0.0085,-0.0472));
#13837=CARTESIAN_POINT('',(0.0684,0.0085,-0.0472));
#13838=CARTESIAN_POINT('',(0.071775,0.0085,-0.0472));
#13839=CARTESIAN_POINT('',(0.0594,0.0085,-0.0472));
#13840=CARTESIAN_POINT('',(0.062775,0.0085,-0.0472));
#13841=CARTESIAN_POINT('',(0.0504,0.0085,-0.0472));
#13842=CARTESIAN_POINT('',(0.053775,0.0085,-0.0472));
#13843=CARTESIAN_POINT('',(0.0414,0.0085,-0.0472));
#13844=CARTESIAN_POINT('',(0.044775,0.0085,-0.0472));
#13845=CARTESIAN_POINT('',(0.0324,0.0085,-0.0472));
#13846=CARTESIAN_POINT('',(0.035775,0.0085,-0.0472));
#13847=CARTESIAN_POINT('',(0.0234,0.0085,-0.0472));
#13848=CARTESIAN_POINT('',(0.026775,0.0085,-0.0472));
#13849=CARTESIAN_POINT('',(0.0144,0.0085,-0.0472));
#13850=CARTESIAN_POINT('',(0.017775,0.0085,-0.0472));
#13851=CARTESIAN_POINT('',(0.1134,0.0085,-0.0382));
#13852=CARTESIAN_POINT('',(0.116775,0.0085,-0.0382));
#13853=CARTESIAN_POINT('',(0.1044,0.0085,-0.0382));
#13854=CARTESIAN_POINT('',(0.107775,0.0085,-0.0382));
#13855=CARTESIAN_POINT('',(0.0954,0.0085,-0.0382));
#13856=CARTESIAN_POINT('',(0.098775,0.0085,-0.0382));
#13857=CARTESIAN_POINT('',(0.0864,0.0085,-0.0382));
#13858=CARTESIAN_POINT('',(0.089775,0.0085,-0.0382));
#13859=CARTESIAN_POINT('',(0.0774,0.0085,-0.0382));
#13860=CARTESIAN_POINT('',(0.080775,0.0085,-0.0382));
#13861=CARTESIAN_POINT('',(0.0684,0.0085,-0.0382));
#13862=CARTESIAN_POINT('',(0.071775,0.0085,-0.0382));
#13863=CARTESIAN_POINT('',(0.0594,0.0085,-0.0382));
#13864=CARTESIAN_POINT('',(0.062775,0.0085,-0.0382));
#13865=CARTESIAN_POINT('',(0.0504,0.0085,-0.0382));
#13866=CARTESIAN_POINT('',(0.053775,0.0085,-0.0382));
#13867=CARTESIAN_POINT('',(0.0414,0.0085,-0.0382));
#13868=CARTESIAN_POINT('',(0.044775,0.0085,-0.0382));
#13869=CARTESIAN_POINT('',(0.0324,0.0085,-0.0382));
#13870=CARTESIAN_POINT('',(0.035775,0.0085,-0.0382));
#13871=CARTESIAN_POINT('',(0.0234,0.0085,-0.0382));
#13872=CARTESIAN_POINT('',(0.026775,0.0085,-0.0382));
#13873=CARTESIAN_POINT('',(0.0144,0.0085,-0.0382));
#13874=CARTESIAN_POINT('',(0.017775,0.0085,-0.0382));
#13875=CARTESIAN_POINT('',(0.1134,0.0085,-0.0292));
#13876=CARTESIAN_POINT('',(0.116775,0.0085,-0.0292));
#13877=CARTESIAN_POINT('',(0.1044,0.0085,-0.0292));
#13878=CARTESIAN_POINT('',(0.107775,0.0085,-0.0292));
#13879=CARTESIAN_POINT('',(0.0954,0.0085,-0.0292));
#13880=CARTESIAN_POINT('',(0.098775,0.0085,-0.0292));
#13881=CARTESIAN_POINT('',(0.0864,0.0085,-0.0292));
#13882=CARTESIAN_POINT('',(0.089775,0.0085,-0.0292));
#13883=CARTESIAN_POINT('',(0.0774,0.0085,-0.0292));
#13884=CARTESIAN_POINT('',(0.080775,0.0085,-0.0292));
#13885=CARTESIAN_POINT('',(0.0684,0.0085,-0.0292));
#13886=CARTESIAN_POINT('',(0.071775,0.0085,-0.0292));
#13887=CARTESIAN_POINT('',(0.0594,0.0085,-0.0292));
#13888=CARTESIAN_POINT('',(0.062775,0.0085,-0.0292));
#13889=CARTESIAN_POINT('',(0.0504,0.0085,-0.0292));
#13890=CARTESIAN_POINT('',(0.053775,0.0085,-0.0292));
#13891=CARTESIAN_POINT('',(0.0414,0.0085,-0.0292));
#13892=CARTESIAN_POINT('',(0.044775,0.0085,-0.0292));
#13893=CARTESIAN_POINT('',(0.0324,0.0085,-0.0292));
#13894=CARTESIAN_POINT('',(0.035775,0.0085,-0.0292));
#13895=CARTESIAN_POINT('',(0.0234,0.0085,-0.0292));
#13896=CARTESIAN_POINT('',(0.026775,0.0085,-0.0292));
#13897=CARTESIAN_POINT('',(0.0144,0.0085,-0.0292));
#13898=CARTESIAN_POINT('',(0.017775,0.0085,-0.0292));
#13899=CARTESIAN_POINT('',(0.1134,0.0085,-0.0202));
#13900=CARTESIAN_POINT('',(0.116775,0.0085,-0.0202));
#13901=CARTESIAN_POINT('',(0.1044,0.0085,-0.0202));
#13902=CARTESIAN_POINT('',(0.107775,0.0085,-0.0202));
#13903=CARTESIAN_POINT('',(0.0954,0.0085,-0.0202));
#13904=CARTESIAN_POINT('',(0.098775,0.0085,-0.0202));
#13905=CARTESIAN_POINT('',(0.0864,0.0085,-0.0202));
#13906=CARTESIAN_POINT('',(0.089775,0.0085,-0.0202));
#13907=CARTESIAN_POINT('',(0.0774,0.0085,-0.0202));
#13908=CARTESIAN_POINT('',(0.080775,0.0085,-0.0202));
#13909=CARTESIAN_POINT('',(0.0684,0.0085,-0.0202));
#13910=CARTESIAN_POINT('',(0.071775,0.0085,-0.0202));
#13911=CARTESIAN_POINT('',(0.0594,0.0085,-0.0202));
#13912=CARTESIAN_POINT('',(0.062775,0.0085,-0.0202));
#13913=CARTESIAN_POINT('',(0.0504,0.0085,-0.0202));
#13914=CARTESIAN_POINT('',(0.053775,0.0085,-0.0202));
#13915=CARTESIAN_POINT('',(0.0414,0.0085,-0.0202));
#13916=CARTESIAN_POINT('',(0.044775,0.0085,-0.0202));
#13917=CARTESIAN_POINT('',(0.0324,0.0085,-0.0202));
#13918=CARTESIAN_POINT('',(0.035775,0.0085,-0.0202));
#13919=CARTESIAN_POINT('',(0.0234,0.0085,-0.0202));
#13920=CARTESIAN_POINT('',(0.026775,0.0085,-0.0202));
#13921=CARTESIAN_POINT('',(0.0144,0.0085,-0.0202));
#13922=CARTESIAN_POINT('',(0.017775,0.0085,-0.0202));
#13923=CARTESIAN_POINT('',(0.1134,0.0085,-0.0112));
#13924=CARTESIAN_POINT('',(0.116775,0.0085,-0.0112));
#13925=CARTESIAN_POINT('',(0.1044,0.0085,-0.0112));
#13926=CARTESIAN_POINT('',(0.107775,0.0085,-0.0112));
#13927=CARTESIAN_POINT('',(0.0954,0.0085,-0.0112));
#13928=CARTESIAN_POINT('',(0.098775,0.0085,-0.0112));
#13929=CARTESIAN_POINT('',(0.0864,0.0085,-0.0112));
#13930=CARTESIAN_POINT('',(0.089775,0.0085,-0.0112));
#13931=CARTESIAN_POINT('',(0.0774,0.0085,-0.0112));
#13932=CARTESIAN_POINT('',(0.080775,0.0085,-0.0112));
#13933=CARTESIAN_POINT('',(0.0684,0.0085,-0.0112));
#13934=CARTESIAN_POINT('',(0.071775,0.0085,-0.0112));
#13935=CARTESIAN_POINT('',(0.0594,0.0085,-0.0112));
#13936=CARTESIAN_POINT('',(0.062775,0.0085,-0.0112));
#13937=CARTESIAN_POINT('',(0.0504,0.0085,-0.0112));
#13938=CARTESIAN_POINT('',(0.053775,0.0085,-0.0112));
#13939=CARTESIAN_POINT('',(0.0414,0.0085,-0.0112));
#13940=CARTESIAN_POINT('',(0.044775,0.0085,-0.0112));
#13941=CARTESIAN_POINT('',(0.0324,0.0085,-0.0112));
#13942=CARTESIAN_POINT('',(0.035775,0.0085,-0.0112));
#13943=CARTESIAN_POINT('',(0.0234,0.0085,-0.0112));
#13944=CARTESIAN_POINT('',(0.026775,0.0085,-0.0112));
#13945=CARTESIAN_POINT('',(0.0144,0.0085,-0.0112));
#13946=CARTESIAN_POINT('',(0.017775,0.0085,-0.0112));
#13947=CARTESIAN_POINT('',(0.02469532671935,0.0085,-0.0793983024088542));
#13948=CARTESIAN_POINT('',(0.02469532671935,0.0085,-0.0797666048177083));
#13949=CARTESIAN_POINT('',(0.02469532671935,0.0085,-0.07903));
#13950=CARTESIAN_POINT('',(0.0232483920405306,0.0085,-0.07903));
#13951=CARTESIAN_POINT('',(0.0218014573617112,0.0085,-0.07903));
#13952=CARTESIAN_POINT('',(0.0218014573617112,0.0085,-0.0793344270833333));
#13953=CARTESIAN_POINT('',(0.0218014573617112,0.0085,-0.0796388541666667));
#13954=CARTESIAN_POINT('',(0.0223210672792458,0.0085,-0.0801639002821181));
#13955=CARTESIAN_POINT('',(0.0228406771967806,0.0085,-0.0806889463975694));
#13956=CARTESIAN_POINT('',(0.0228406771967806,0.0085,-0.0806889463975694));
#13957=CARTESIAN_POINT('',(0.0233027540196972,0.0085,-0.0811618956163194));
#13958=CARTESIAN_POINT('',(0.0234440951655306,0.0085,-0.0813444612630208));
#13959=CARTESIAN_POINT('',(0.0234440951655306,0.0085,-0.0813444612630208));
#13960=CARTESIAN_POINT('',(0.0223049183393105,0.0085,-0.0822676267437446));
#13961=CARTESIAN_POINT('',(0.023648282947621,0.0085,-0.0816827201131385));
#13962=CARTESIAN_POINT('',(0.0228522943811002,0.0085,-0.0820045170619105));
#13963=CARTESIAN_POINT('',(0.0237104668654567,0.0085,-0.0820054123243046));
#13964=CARTESIAN_POINT('',(0.0237104688634472,0.0085,-0.0820054123263889));
#13965=CARTESIAN_POINT('',(0.0237104688634472,0.0085,-0.0822545713975695));
#13966=CARTESIAN_POINT('',(0.0235727518495584,0.0085,-0.0823764328342014));
#13967=CARTESIAN_POINT('',(0.0235727518495584,0.0085,-0.0823764328342014));
#13968=CARTESIAN_POINT('',(0.0235727518495584,0.0085,-0.0823764328342014));
#13969=CARTESIAN_POINT('',(0.0234350348356695,0.0085,-0.0824982942708333));
#13970=CARTESIAN_POINT('',(0.0232058084901834,0.0085,-0.0824982942708333));
#13971=CARTESIAN_POINT('',(0.0232058084901834,0.0085,-0.0824982942708333));
#13972=CARTESIAN_POINT('',(0.0232095865648575,0.0085,-0.0814467383911459));
#13973=CARTESIAN_POINT('',(0.0227391081254878,0.0085,-0.082387938400767));
#13974=CARTESIAN_POINT('',(0.0238449743902561,0.0085,-0.0802218580220665));
#13975=CARTESIAN_POINT('',(0.0222666739429288,0.0085,-0.0820728652344212));
#13976=CARTESIAN_POINT('',(0.0220284186247319,0.0085,-0.0823551410590278));
#13977=CARTESIAN_POINT('',(0.0217905849658778,0.0085,-0.0826369173177083));
#13978=CARTESIAN_POINT('',(0.0217905849658778,0.0085,-0.0826369173177083));
#13979=CARTESIAN_POINT('',(0.0220959180821972,0.0085,-0.0828978548177083));
#13980=CARTESIAN_POINT('',(0.0222970574051139,0.0085,-0.0830052197265625));
#13981=CARTESIAN_POINT('',(0.0222970574051139,0.0085,-0.0830052197265625));
#13982=CARTESIAN_POINT('',(0.0231683071068485,0.0085,-0.0813535253380236));
#13983=CARTESIAN_POINT('',(0.022735995788595,0.0085,-0.0831707296395511));
#13984=CARTESIAN_POINT('',(0.0232408391630346,0.0085,-0.0809695373788846));
#13985=CARTESIAN_POINT('',(0.023268324766225,0.0085,-0.0832285568576389));
#13986=CARTESIAN_POINT('',(0.023268324766225,0.0085,-0.0832285568576389));
#13987=CARTESIAN_POINT('',(0.0236561068842806,0.0085,-0.0832285568576389));
#13988=CARTESIAN_POINT('',(0.0239532857037251,0.0085,-0.0830872157118056));
#13989=CARTESIAN_POINT('',(0.0239532857037251,0.0085,-0.0830872157118056));
#13990=CARTESIAN_POINT('',(0.0235023539664851,0.0085,-0.0820916161340815));
#13991=CARTESIAN_POINT('',(0.0244151207337707,0.0085,-0.082690960900628));
#13992=CARTESIAN_POINT('',(0.0235272101694863,0.0085,-0.08212799414426));
#13993=CARTESIAN_POINT('',(0.0245789709963091,0.0085,-0.0821077968974884));
#13994=CARTESIAN_POINT('',(0.0231519730775035,0.0085,-0.0820959327527572));
#13995=CARTESIAN_POINT('',(0.024479179616722,0.0085,-0.0815707993795052));
#13996=CARTESIAN_POINT('',(0.0225764384813866,0.0085,-0.0823804893658506));
#13997=CARTESIAN_POINT('',(0.0241671094884473,0.0085,-0.0810572488064236));
#13998=CARTESIAN_POINT('',(0.0241671094884473,0.0085,-0.0810572488064236));
#13999=CARTESIAN_POINT('',(0.0239560038026834,0.0085,-0.0807940462239583));
#14000=CARTESIAN_POINT('',(0.0234241624398361,0.0085,-0.0803066004774306));
#14001=CARTESIAN_POINT('',(0.0234241624398361,0.0085,-0.0803066004774306));
#14002=CARTESIAN_POINT('',(0.0231577887419195,0.0085,-0.0800560823567708));
#14003=CARTESIAN_POINT('',(0.0228914150440028,0.0085,-0.0798055642361111));
#14004=CARTESIAN_POINT('',(0.0228914150440028,0.0085,-0.0797860845269097));
#14005=CARTESIAN_POINT('',(0.0228914150440028,0.0085,-0.0797666048177083));
#14006=CARTESIAN_POINT('',(0.0237933708816765,0.0085,-0.0797666048177083));
#14007=CARTESIAN_POINT('',(0.0334983432124057,0.0085,-0.082968072374132));
#14008=CARTESIAN_POINT('',(0.0338707227696974,0.0085,-0.082707587890625));
#14009=CARTESIAN_POINT('',(0.0338707227696974,0.0085,-0.0822436990017361));
#14010=CARTESIAN_POINT('',(0.0334983432124057,0.0085,-0.082968072374132));
#14011=CARTESIAN_POINT('',(0.0338707227696974,0.0085,-0.0822436990017361));
#14012=CARTESIAN_POINT('',(0.0338707227696974,0.0085,-0.0822436990017361));
#14013=CARTESIAN_POINT('',(0.0338707227696974,0.0085,-0.0818559168836806));
#14014=CARTESIAN_POINT('',(0.0336356072098015,0.0085,-0.0815841069878472));
#14015=CARTESIAN_POINT('',(0.0336356072098015,0.0085,-0.0815841069878472));
#14016=CARTESIAN_POINT('',(0.0336356072098015,0.0085,-0.0815841069878472));
#14017=CARTESIAN_POINT('',(0.0334004916499057,0.0085,-0.0813122970920139));
#14018=CARTESIAN_POINT('',(0.0329755621794196,0.0085,-0.0812099153645833));
#14019=CARTESIAN_POINT('',(0.0329755621794196,0.0085,-0.0812099153645833));
#14020=CARTESIAN_POINT('',(0.0329755621794196,0.0085,-0.0812017610677083));
#14021=CARTESIAN_POINT('',(0.0329755621794196,0.0085,-0.0811936067708333));
#14022=CARTESIAN_POINT('',(0.0329755621794196,0.0085,-0.0811936067708333));
#14023=CARTESIAN_POINT('',(0.0334775044537251,0.0085,-0.0811310904947917));
#14024=CARTESIAN_POINT('',(0.0337348178217807,0.0085,-0.0808887266710069));
#14025=CARTESIAN_POINT('',(0.0337348178217807,0.0085,-0.0808887266710069));
#14026=CARTESIAN_POINT('',(0.0337348178217807,0.0085,-0.0808887266710069));
#14027=CARTESIAN_POINT('',(0.0339921311898363,0.0085,-0.0806463628472222));
#14028=CARTESIAN_POINT('',(0.0339921311898363,0.0085,-0.0802359299045139));
#14029=CARTESIAN_POINT('',(0.0339921311898363,0.0085,-0.0802359299045139));
#14030=CARTESIAN_POINT('',(0.0339921311898363,0.0085,-0.0802359299045139));
#14031=CARTESIAN_POINT('',(0.0339921311898363,0.0085,-0.0796388541666667));
#14032=CARTESIAN_POINT('',(0.0335590474224751,0.0085,-0.0793058870442708));
#14033=CARTESIAN_POINT('',(0.0335590474224751,0.0085,-0.0793058870442708));
#14034=CARTESIAN_POINT('',(0.0335590474224751,0.0085,-0.0793058870442708));
#14035=CARTESIAN_POINT('',(0.0331259636551141,0.0085,-0.078972919921875));
#14036=CARTESIAN_POINT('',(0.0323223123964335,0.0085,-0.078972919921875));
#14037=CARTESIAN_POINT('',(0.0323223123964335,0.0085,-0.078972919921875));
#14038=CARTESIAN_POINT('',(0.0323223123964335,0.0085,-0.078972919921875));
#14039=CARTESIAN_POINT('',(0.0316482238547668,0.0085,-0.078972919921875));
#14040=CARTESIAN_POINT('',(0.0311272548877529,0.0085,-0.0791967100694444));
#14041=CARTESIAN_POINT('',(0.0311272548877529,0.0085,-0.0791967100694444));
#14042=CARTESIAN_POINT('',(0.0311272548877529,0.0085,-0.0795690896267361));
#14043=CARTESIAN_POINT('',(0.0311272548877529,0.0085,-0.0799411726359274));
#14044=CARTESIAN_POINT('',(0.0323325765125634,0.0085,-0.0823642044459025));
#14045=CARTESIAN_POINT('',(0.0316564124667263,0.0085,-0.079743630231966));
#14046=CARTESIAN_POINT('',(0.0322365805799566,0.0085,-0.0818927542190915));
#14047=CARTESIAN_POINT('',(0.0322280849658779,0.0085,-0.0796669411892361));
#14048=CARTESIAN_POINT('',(0.0322280849658779,0.0085,-0.0796669411892361));
#14049=CARTESIAN_POINT('',(0.0326620747662252,0.0085,-0.0796669411892361));
#14050=CARTESIAN_POINT('',(0.0328686502870585,0.0085,-0.0798141715494792));
#14051=CARTESIAN_POINT('',(0.0328686502870585,0.0085,-0.0798141715494792));
#14052=CARTESIAN_POINT('',(0.0328686502870585,0.0085,-0.0798141715494792));
#14053=CARTESIAN_POINT('',(0.0330752258078918,0.0085,-0.0799614019097222));
#14054=CARTESIAN_POINT('',(0.0330752258078918,0.0085,-0.0802875737847222));
#14055=CARTESIAN_POINT('',(0.0330752258078918,0.0085,-0.0802875737847222));
#14056=CARTESIAN_POINT('',(0.0330752258078918,0.0085,-0.0802875737847222));
#14057=CARTESIAN_POINT('',(0.0330752258078918,0.0085,-0.0805784103732639));
#14058=CARTESIAN_POINT('',(0.0328373921490377,0.0085,-0.0807002718098958));
#14059=CARTESIAN_POINT('',(0.0328373921490377,0.0085,-0.0807002718098958));
#14060=CARTESIAN_POINT('',(0.0328373921490377,0.0085,-0.0807002718098958));
#14061=CARTESIAN_POINT('',(0.0325995584901835,0.0085,-0.0808221332465278));
#14062=CARTESIAN_POINT('',(0.0320785895231695,0.0085,-0.0808221332465278));
#14063=CARTESIAN_POINT('',(0.0320785895231695,0.0085,-0.0808221332465278));
#14064=CARTESIAN_POINT('',(0.0319213928000793,0.0085,-0.0808221332465278));
#14065=CARTESIAN_POINT('',(0.031764196076989,0.0085,-0.0808221332465278));
#14066=CARTESIAN_POINT('',(0.031764196076989,0.0085,-0.0811578184678819));
#14067=CARTESIAN_POINT('',(0.031764196076989,0.0085,-0.0814935036892361));
#14068=CARTESIAN_POINT('',(0.0319241108990377,0.0085,-0.0814935036892361));
#14069=CARTESIAN_POINT('',(0.0320840257210862,0.0085,-0.0814935036892361));
#14070=CARTESIAN_POINT('',(0.0320840257210862,0.0085,-0.0814935036892361));
#14071=CARTESIAN_POINT('',(0.0325651292367113,0.0085,-0.0814935036892361));
#14072=CARTESIAN_POINT('',(0.0327875603348015,0.0085,-0.0816194422743056));
#14073=CARTESIAN_POINT('',(0.0327875603348015,0.0085,-0.0816194422743056));
#14074=CARTESIAN_POINT('',(0.0327875603348015,0.0085,-0.0816194422743056));
#14075=CARTESIAN_POINT('',(0.0330099914328918,0.0085,-0.081745380859375));
#14076=CARTESIAN_POINT('',(0.0330099914328918,0.0085,-0.0820507139756945));
#14077=CARTESIAN_POINT('',(0.0330099914328918,0.0085,-0.0820507139756945));
#14078=CARTESIAN_POINT('',(0.0330099914328918,0.0085,-0.0820507139756945));
#14079=CARTESIAN_POINT('',(0.0330099914328918,0.0085,-0.0825209450954861));
#14080=CARTESIAN_POINT('',(0.0324210699919196,0.0085,-0.0825209450954861));
#14081=CARTESIAN_POINT('',(0.0324210699919196,0.0085,-0.0825209450954861));
#14082=CARTESIAN_POINT('',(0.0324305999969047,0.0085,-0.0811712656919692));
#14083=CARTESIAN_POINT('',(0.0320059833343569,0.0085,-0.0824533347461139));
#14084=CARTESIAN_POINT('',(0.0326881262145461,0.0085,-0.0805229819038978));
#14085=CARTESIAN_POINT('',(0.0315381797481815,0.0085,-0.0822175982542236));
#14086=CARTESIAN_POINT('',(0.0313351894580654,0.0085,-0.082519586046007));
#14087=CARTESIAN_POINT('',(0.0311326910856696,0.0085,-0.0828208420138889));
#14088=CARTESIAN_POINT('',(0.0311326910856696,0.0085,-0.0828208420138889));
#14089=CARTESIAN_POINT('',(0.031698961701989,0.0085,-0.0832285568576389));
#14090=CARTESIAN_POINT('',(0.0324835862679612,0.0085,-0.0832285568576389));
#14091=CARTESIAN_POINT('',(0.0324835862679612,0.0085,-0.0832285568576389));
#14092=CARTESIAN_POINT('',(0.0324835862679612,0.0085,-0.0832285568576389));
#14093=CARTESIAN_POINT('',(0.0331259636551141,0.0085,-0.0832285568576389));
#14094=CARTESIAN_POINT('',(0.0334983432124057,0.0085,-0.082968072374132));
#14095=CARTESIAN_POINT('',(0.0501099460125527,0.0085,-0.0797056768698162));
#14096=CARTESIAN_POINT('',(0.0497209733233732,0.0085,-0.0816352197625269));
#14097=CARTESIAN_POINT('',(0.0501486964736933,0.0085,-0.0816747102864584));
#14098=CARTESIAN_POINT('',(0.0501486964736933,0.0085,-0.0816747102864584));
#14099=CARTESIAN_POINT('',(0.0507484903104988,0.0085,-0.0816747102864584));
#14100=CARTESIAN_POINT('',(0.0511041082575474,0.0085,-0.081337666015625));
#14101=CARTESIAN_POINT('',(0.0511041082575474,0.0085,-0.081337666015625));
#14102=CARTESIAN_POINT('',(0.0511041082575474,0.0085,-0.081337666015625));
#14103=CARTESIAN_POINT('',(0.051459726204596,0.0085,-0.0810006217447917));
#14104=CARTESIAN_POINT('',(0.051459726204596,0.0085,-0.0804144184027778));
#14105=CARTESIAN_POINT('',(0.051459726204596,0.0085,-0.0804144184027778));
#14106=CARTESIAN_POINT('',(0.051459726204596,0.0085,-0.0804144184027778));
#14107=CARTESIAN_POINT('',(0.051459726204596,0.0085,-0.0797213031684028));
#14108=CARTESIAN_POINT('',(0.0510320786351516,0.0085,-0.0793471115451389));
#14109=CARTESIAN_POINT('',(0.0510320786351516,0.0085,-0.0793471115451389));
#14110=CARTESIAN_POINT('',(0.0510320786351516,0.0085,-0.0793471115451389));
#14111=CARTESIAN_POINT('',(0.0506044310657072,0.0085,-0.078972919921875));
#14112=CARTESIAN_POINT('',(0.0498089341039016,0.0085,-0.078972919921875));
#14113=CARTESIAN_POINT('',(0.0498089341039016,0.0085,-0.078972919921875));
#14114=CARTESIAN_POINT('',(0.0498089341039016,0.0085,-0.078972919921875));
#14115=CARTESIAN_POINT('',(0.0491176309354988,0.0085,-0.078972919921875));
#14116=CARTESIAN_POINT('',(0.0486936074979988,0.0085,-0.0791967100694445));
#14117=CARTESIAN_POINT('',(0.0486936074979988,0.0085,-0.0791967100694445));
#14118=CARTESIAN_POINT('',(0.0486936074979988,0.0085,-0.0795749788411459));
#14119=CARTESIAN_POINT('',(0.0486936074979988,0.0085,-0.0799526074602215));
#14120=CARTESIAN_POINT('',(0.0497534021833442,0.0085,-0.0820160603461441));
#14121=CARTESIAN_POINT('',(0.0492141909958288,0.0085,-0.0797596210908367));
#14122=CARTESIAN_POINT('',(0.0498021874905019,0.0085,-0.0819901137394928));
#14123=CARTESIAN_POINT('',(0.0497772229493877,0.0085,-0.0796841558159723));
#14124=CARTESIAN_POINT('',(0.0497772229493877,0.0085,-0.0796841558159723));
#14125=CARTESIAN_POINT('',(0.050579062142096,0.0085,-0.0796841558159723));
#14126=CARTESIAN_POINT('',(0.050579062142096,0.0085,-0.0803410297309028));
#14127=CARTESIAN_POINT('',(0.050579062142096,0.0085,-0.0803410297309028));
#14128=CARTESIAN_POINT('',(0.050579062142096,0.0085,-0.0803410297309028));
#14129=CARTESIAN_POINT('',(0.050579062142096,0.0085,-0.0809670985243056));
#14130=CARTESIAN_POINT('',(0.0497491359268183,0.0085,-0.0809670985243056));
#14131=CARTESIAN_POINT('',(0.0497491359268183,0.0085,-0.0809670985243056));
#14132=CARTESIAN_POINT('',(0.0497711024603378,0.0085,-0.0789126094727765));
#14133=CARTESIAN_POINT('',(0.0494184581603832,0.0085,-0.0809370423309437));
#14134=CARTESIAN_POINT('',(0.0497818334718758,0.0085,-0.0785415154728682));
#14135=CARTESIAN_POINT('',(0.0491234965249052,0.0085,-0.0808731273659312));
#14136=CARTESIAN_POINT('',(0.0489495618165752,0.0085,-0.0809666455078125));
#14137=CARTESIAN_POINT('',(0.0487751504667488,0.0085,-0.081060419921875));
#14138=CARTESIAN_POINT('',(0.0488530693035544,0.0085,-0.0821150423177084));
#14139=CARTESIAN_POINT('',(0.0489309881403599,0.0085,-0.0831696647135417));
#14140=CARTESIAN_POINT('',(0.0500535630101516,0.0085,-0.0831696647135417));
#14141=CARTESIAN_POINT('',(0.0511761378799433,0.0085,-0.0831696647135417));
#14142=CARTESIAN_POINT('',(0.0511761378799433,0.0085,-0.0827986442057292));
#14143=CARTESIAN_POINT('',(0.0511761378799433,0.0085,-0.0824276236979167));
#14144=CARTESIAN_POINT('',(0.0504372679797697,0.0085,-0.0824276236979167));
#14145=CARTESIAN_POINT('',(0.049698398079596,0.0085,-0.0824276236979167));
#14146=CARTESIAN_POINT('',(0.0496603446941794,0.0085,-0.0820212679036459));
#14147=CARTESIAN_POINT('',(0.0496222913087627,0.0085,-0.081614912109375));
#14148=CARTESIAN_POINT('',(0.0496716701065058,0.0085,-0.0816248784722223));
#14149=CARTESIAN_POINT('',(0.0674870668459273,0.0085,-0.07903));
#14150=CARTESIAN_POINT('',(0.0679459725533926,0.0085,-0.07903));
#14151=CARTESIAN_POINT('',(0.067028161138462,0.0085,-0.07903));
#14152=CARTESIAN_POINT('',(0.0678055374405453,0.0085,-0.0807288118489584));
#14153=CARTESIAN_POINT('',(0.0685829137426287,0.0085,-0.0824276236979167));
#14154=CARTESIAN_POINT('',(0.0675622675837745,0.0085,-0.0824276236979167));
#14155=CARTESIAN_POINT('',(0.0665416214249203,0.0085,-0.0824276236979167));
#14156=CARTESIAN_POINT('',(0.0665416214249203,0.0085,-0.0827959261067709));
#14157=CARTESIAN_POINT('',(0.0665416214249203,0.0085,-0.083164228515625));
#14158=CARTESIAN_POINT('',(0.0680266094891564,0.0085,-0.083164228515625));
#14159=CARTESIAN_POINT('',(0.0695115975533926,0.0085,-0.083164228515625));
#14160=CARTESIAN_POINT('',(0.0695115975533926,0.0085,-0.0828892475043403));
#14161=CARTESIAN_POINT('',(0.0695115975533925,0.0085,-0.0826142664930556));
#14162=CARTESIAN_POINT('',(0.0687287850533925,0.0085,-0.0808221332465278));
#14163=CARTESIAN_POINT('',(0.0944292578207122,0.0085,-0.0810998323567709));
#14164=CARTESIAN_POINT('',(0.0944292578207122,0.0085,-0.0831696647135417));
#14165=CARTESIAN_POINT('',(0.0944292578207122,0.0085,-0.07903));
#14166=CARTESIAN_POINT('',(0.0939916438884205,0.0085,-0.07903));
#14167=CARTESIAN_POINT('',(0.0935540299561289,0.0085,-0.07903));
#14168=CARTESIAN_POINT('',(0.0935540299561289,0.0085,-0.0802277756076389));
#14169=CARTESIAN_POINT('',(0.0935540299561289,0.0085,-0.0814255512152778));
#14170=CARTESIAN_POINT('',(0.0935585601210594,0.0085,-0.0816221603732639));
#14171=CARTESIAN_POINT('',(0.09356309028599,0.0085,-0.08181876953125));
#14172=CARTESIAN_POINT('',(0.0935698855333858,0.0085,-0.0820339523654514));
#14173=CARTESIAN_POINT('',(0.0935766807807816,0.0085,-0.0822491351996528));
#14174=CARTESIAN_POINT('',(0.0899696396325803,0.0085,-0.0857453584766291));
#14175=CARTESIAN_POINT('',(0.0932743468612799,0.0085,-0.0819634131173706));
#14176=CARTESIAN_POINT('',(0.0930362321045664,0.0085,-0.0817725618489584));
#14177=CARTESIAN_POINT('',(0.0927983984457122,0.0085,-0.0815813888888889));
#14178=CARTESIAN_POINT('',(0.0925872927599483,0.0085,-0.0818445914713542));
#14179=CARTESIAN_POINT('',(0.0923761870741844,0.0085,-0.0821077940538195));
#14180=CARTESIAN_POINT('',(0.0930430273519622,0.0085,-0.0826387293836806));
#14181=CARTESIAN_POINT('',(0.09370986762974,0.0085,-0.0831696647135417));
#14182=CARTESIAN_POINT('',(0.0940695627252261,0.0085,-0.0831696647135417));
#14183=CARTESIAN_POINT('',(0.103905844997035,0.0085,-0.0810998323567708));
#14184=CARTESIAN_POINT('',(0.103905844997035,0.0085,-0.0831696647135416));
#14185=CARTESIAN_POINT('',(0.103905844997035,0.0085,-0.07903));
#14186=CARTESIAN_POINT('',(0.103468231064743,0.0085,-0.07903));
#14187=CARTESIAN_POINT('',(0.103030617132452,0.0085,-0.07903));
#14188=CARTESIAN_POINT('',(0.103030617132452,0.0085,-0.0802277756076388));
#14189=CARTESIAN_POINT('',(0.103030617132452,0.0085,-0.0814255512152777));
#14190=CARTESIAN_POINT('',(0.103035147297382,0.0085,-0.0816221603732639));
#14191=CARTESIAN_POINT('',(0.103039677462313,0.0085,-0.08181876953125));
#14192=CARTESIAN_POINT('',(0.103046472709709,0.0085,-0.0820339523654514));
#14193=CARTESIAN_POINT('',(0.103053267957105,0.0085,-0.0822491351996527));
#14194=CARTESIAN_POINT('',(0.0994462268088227,0.0085,-0.085745358476716));
#14195=CARTESIAN_POINT('',(0.102750934037603,0.0085,-0.0819634131173705));
#14196=CARTESIAN_POINT('',(0.102512819280889,0.0085,-0.0817725618489583));
#14197=CARTESIAN_POINT('',(0.102274985622035,0.0085,-0.0815813888888889));
#14198=CARTESIAN_POINT('',(0.102063879936271,0.0085,-0.0818445914713541));
#14199=CARTESIAN_POINT('',(0.101852774250507,0.0085,-0.0821077940538194));
#14200=CARTESIAN_POINT('',(0.102519614528285,0.0085,-0.0826387293836805));
#14201=CARTESIAN_POINT('',(0.103186454806063,0.0085,-0.0831696647135417));
#14202=CARTESIAN_POINT('',(0.103546149901549,0.0085,-0.0831696647135417));
#14203=CARTESIAN_POINT('',(0.107215583495299,0.0085,-0.0810998323567708));
#14204=CARTESIAN_POINT('',(0.107215583495299,0.0085,-0.0831696647135416));
#14205=CARTESIAN_POINT('',(0.107215583495299,0.0085,-0.07903));
#14206=CARTESIAN_POINT('',(0.106777969563007,0.0085,-0.07903));
#14207=CARTESIAN_POINT('',(0.106340355630716,0.0085,-0.07903));
#14208=CARTESIAN_POINT('',(0.106340355630716,0.0085,-0.0802277756076388));
#14209=CARTESIAN_POINT('',(0.106340355630716,0.0085,-0.0814255512152777));
#14210=CARTESIAN_POINT('',(0.106344885795646,0.0085,-0.0816221603732639));
#14211=CARTESIAN_POINT('',(0.106349415960577,0.0085,-0.08181876953125));
#14212=CARTESIAN_POINT('',(0.106356211207973,0.0085,-0.0820339523654514));
#14213=CARTESIAN_POINT('',(0.106363006455368,0.0085,-0.0822491351996527));
#14214=CARTESIAN_POINT('',(0.102755965307048,0.0085,-0.0857453584767546));
#14215=CARTESIAN_POINT('',(0.106060672535867,0.0085,-0.0819634131173705));
#14216=CARTESIAN_POINT('',(0.105822557779153,0.0085,-0.0817725618489583));
#14217=CARTESIAN_POINT('',(0.105584724120299,0.0085,-0.0815813888888889));
#14218=CARTESIAN_POINT('',(0.105373618434535,0.0085,-0.0818445914713541));
#14219=CARTESIAN_POINT('',(0.105162512748771,0.0085,-0.0821077940538194));
#14220=CARTESIAN_POINT('',(0.105829353026549,0.0085,-0.0826387293836805));
#14221=CARTESIAN_POINT('',(0.106496193304327,0.0085,-0.0831696647135417));
#14222=CARTESIAN_POINT('',(0.106855888399813,0.0085,-0.0831696647135417));
#14223=CARTESIAN_POINT('',(0.112562868307696,0.0085,-0.0810998323567707));
#14224=CARTESIAN_POINT('',(0.112562868307696,0.0085,-0.0831696647135416));
#14225=CARTESIAN_POINT('',(0.112562868307696,0.0085,-0.07903));
#14226=CARTESIAN_POINT('',(0.112125254375405,0.0085,-0.07903));
#14227=CARTESIAN_POINT('',(0.111687640443113,0.0085,-0.07903));
#14228=CARTESIAN_POINT('',(0.111687640443113,0.0085,-0.0802277756076388));
#14229=CARTESIAN_POINT('',(0.111687640443113,0.0085,-0.0814255512152777));
#14230=CARTESIAN_POINT('',(0.111692170608044,0.0085,-0.0816221603732638));
#14231=CARTESIAN_POINT('',(0.111696700772974,0.0085,-0.0818187695312499));
#14232=CARTESIAN_POINT('',(0.11170349602037,0.0085,-0.0820339523654513));
#14233=CARTESIAN_POINT('',(0.111710291267766,0.0085,-0.0822491351996527));
#14234=CARTESIAN_POINT('',(0.108103250119456,0.0085,-0.0857453584767459));
#14235=CARTESIAN_POINT('',(0.111407957348264,0.0085,-0.0819634131173705));
#14236=CARTESIAN_POINT('',(0.111169842591551,0.0085,-0.0817725618489582));
#14237=CARTESIAN_POINT('',(0.110932008932696,0.0085,-0.0815813888888888));
#14238=CARTESIAN_POINT('',(0.110720903246933,0.0085,-0.0818445914713541));
#14239=CARTESIAN_POINT('',(0.110509797561169,0.0085,-0.0821077940538194));
#14240=CARTESIAN_POINT('',(0.111176637838946,0.0085,-0.0826387293836805));
#14241=CARTESIAN_POINT('',(0.111843478116724,0.0085,-0.0831696647135416));
#14242=CARTESIAN_POINT('',(0.11220317321221,0.0085,-0.0831696647135416));
#14243=CARTESIAN_POINT('',(0.0980801177382469,0.0085,-0.082691279296875));
#14244=CARTESIAN_POINT('',(0.0984466080811289,0.0085,-0.0821476595052084));
#14245=CARTESIAN_POINT('',(0.0984466080811289,0.0085,-0.0810993793402778));
#14246=CARTESIAN_POINT('',(0.0980801177382469,0.0085,-0.082691279296875));
#14247=CARTESIAN_POINT('',(0.0984466080811289,0.0085,-0.0810993793402778));
#14248=CARTESIAN_POINT('',(0.0984466080811289,0.0085,-0.0810993793402778));
#14249=CARTESIAN_POINT('',(0.0984466080811289,0.0085,-0.0800157638888889));
#14250=CARTESIAN_POINT('',(0.0980914431505733,0.0085,-0.079494341905382));
#14251=CARTESIAN_POINT('',(0.0980914431505733,0.0085,-0.079494341905382));
#14252=CARTESIAN_POINT('',(0.0980914431505733,0.0085,-0.079494341905382));
#14253=CARTESIAN_POINT('',(0.0977362782200177,0.0085,-0.078972919921875));
#14254=CARTESIAN_POINT('',(0.0969969553033511,0.0085,-0.078972919921875));
#14255=CARTESIAN_POINT('',(0.0969969553033511,0.0085,-0.078972919921875));
#14256=CARTESIAN_POINT('',(0.0969969553033511,0.0085,-0.078972919921875));
#14257=CARTESIAN_POINT('',(0.0962802832113372,0.0085,-0.078972919921875));
#14258=CARTESIAN_POINT('',(0.0959165109674136,0.0085,-0.079511103515625));
#14259=CARTESIAN_POINT('',(0.0959165109674136,0.0085,-0.079511103515625));
#14260=CARTESIAN_POINT('',(0.0959165109674136,0.0085,-0.079511103515625));
#14261=CARTESIAN_POINT('',(0.09555273872349,0.0085,-0.080049287109375));
#14262=CARTESIAN_POINT('',(0.09555273872349,0.0085,-0.0810993793402778));
#14263=CARTESIAN_POINT('',(0.09555273872349,0.0085,-0.0810993793402778));
#14264=CARTESIAN_POINT('',(0.09555273872349,0.0085,-0.0810993793402778));
#14265=CARTESIAN_POINT('',(0.09555273872349,0.0085,-0.0821956792534723));
#14266=CARTESIAN_POINT('',(0.0959069976210594,0.0085,-0.082715289171007));
#14267=CARTESIAN_POINT('',(0.0959069976210594,0.0085,-0.082715289171007));
#14268=CARTESIAN_POINT('',(0.0959069976210594,0.0085,-0.082715289171007));
#14269=CARTESIAN_POINT('',(0.0962612565186289,0.0085,-0.0832348990885417));
#14270=CARTESIAN_POINT('',(0.0969969553033511,0.0085,-0.0832348990885417));
#14271=CARTESIAN_POINT('',(0.0969969553033511,0.0085,-0.0832348990885417));
#14272=CARTESIAN_POINT('',(0.0969969553033511,0.0085,-0.0832348990885417));
#14273=CARTESIAN_POINT('',(0.097713627395365,0.0085,-0.0832348990885417));
#14274=CARTESIAN_POINT('',(0.0980801177382469,0.0085,-0.082691279296875));
#14275=CARTESIAN_POINT('',(0.116602869392766,0.0085,-0.079398302408854));
#14276=CARTESIAN_POINT('',(0.116602869392766,0.0085,-0.0797666048177082));
#14277=CARTESIAN_POINT('',(0.116602869392766,0.0085,-0.07903));
#14278=CARTESIAN_POINT('',(0.115155934713947,0.0085,-0.07903));
#14279=CARTESIAN_POINT('',(0.113709000035127,0.0085,-0.07903));
#14280=CARTESIAN_POINT('',(0.113709000035127,0.0085,-0.0793344270833332));
#14281=CARTESIAN_POINT('',(0.113709000035127,0.0085,-0.0796388541666665));
#14282=CARTESIAN_POINT('',(0.114228609952662,0.0085,-0.0801639002821179));
#14283=CARTESIAN_POINT('',(0.114748219870197,0.0085,-0.0806889463975693));
#14284=CARTESIAN_POINT('',(0.114748219870197,0.0085,-0.0806889463975693));
#14285=CARTESIAN_POINT('',(0.115210296693113,0.0085,-0.0811618956163193));
#14286=CARTESIAN_POINT('',(0.115351637838947,0.0085,-0.0813444612630207));
#14287=CARTESIAN_POINT('',(0.115351637838947,0.0085,-0.0813444612630207));
#14288=CARTESIAN_POINT('',(0.114212461012702,0.0085,-0.0822676267437566));
#14289=CARTESIAN_POINT('',(0.115555825621037,0.0085,-0.0816827201131385));
#14290=CARTESIAN_POINT('',(0.114759837054516,0.0085,-0.0820045170619103));
#14291=CARTESIAN_POINT('',(0.115618009538873,0.0085,-0.0820054123243044));
#14292=CARTESIAN_POINT('',(0.115618011536863,0.0085,-0.0820054123263888));
#14293=CARTESIAN_POINT('',(0.115618011536863,0.0085,-0.0822545713975694));
#14294=CARTESIAN_POINT('',(0.115480294522974,0.0085,-0.0823764328342013));
#14295=CARTESIAN_POINT('',(0.115480294522974,0.0085,-0.0823764328342013));
#14296=CARTESIAN_POINT('',(0.115480294522974,0.0085,-0.0823764328342013));
#14297=CARTESIAN_POINT('',(0.115342577509085,0.0085,-0.0824982942708332));
#14298=CARTESIAN_POINT('',(0.115113351163599,0.0085,-0.0824982942708332));
#14299=CARTESIAN_POINT('',(0.115113351163599,0.0085,-0.0824982942708332));
#14300=CARTESIAN_POINT('',(0.115117129238273,0.0085,-0.0814467383911466));
#14301=CARTESIAN_POINT('',(0.114646650798904,0.0085,-0.0823879384007669));
#14302=CARTESIAN_POINT('',(0.115752517063677,0.0085,-0.0802218580220577));
#14303=CARTESIAN_POINT('',(0.114174216616345,0.0085,-0.0820728652344213));
#14304=CARTESIAN_POINT('',(0.113935961298148,0.0085,-0.0823551410590277));
#14305=CARTESIAN_POINT('',(0.113698127639294,0.0085,-0.0826369173177083));
#14306=CARTESIAN_POINT('',(0.113698127639294,0.0085,-0.0826369173177083));
#14307=CARTESIAN_POINT('',(0.114003460755613,0.0085,-0.0828978548177083));
#14308=CARTESIAN_POINT('',(0.11420460007853,0.0085,-0.0830052197265624));
#14309=CARTESIAN_POINT('',(0.11420460007853,0.0085,-0.0830052197265624));
#14310=CARTESIAN_POINT('',(0.115075849780264,0.0085,-0.0813535253380262));
#14311=CARTESIAN_POINT('',(0.114643538462011,0.0085,-0.083170729639551));
#14312=CARTESIAN_POINT('',(0.115148381836451,0.0085,-0.0809695373788813));
#14313=CARTESIAN_POINT('',(0.115175867439641,0.0085,-0.0832285568576388));
#14314=CARTESIAN_POINT('',(0.115175867439641,0.0085,-0.0832285568576388));
#14315=CARTESIAN_POINT('',(0.115563649557697,0.0085,-0.0832285568576388));
#14316=CARTESIAN_POINT('',(0.115860828377141,0.0085,-0.0830872157118055));
#14317=CARTESIAN_POINT('',(0.115860828377141,0.0085,-0.0830872157118055));
#14318=CARTESIAN_POINT('',(0.115409896639901,0.0085,-0.0820916161340819));
#14319=CARTESIAN_POINT('',(0.116322663407187,0.0085,-0.0826909609006279));
#14320=CARTESIAN_POINT('',(0.115434752842902,0.0085,-0.0821279941442599));
#14321=CARTESIAN_POINT('',(0.116486513669725,0.0085,-0.0821077968974883));
#14322=CARTESIAN_POINT('',(0.11505951575092,0.0085,-0.0820959327527571));
#14323=CARTESIAN_POINT('',(0.116386722290138,0.0085,-0.0815707993795051));
#14324=CARTESIAN_POINT('',(0.114483981154807,0.0085,-0.0823804893658476));
#14325=CARTESIAN_POINT('',(0.116074652161863,0.0085,-0.0810572488064235));
#14326=CARTESIAN_POINT('',(0.116074652161863,0.0085,-0.0810572488064235));
#14327=CARTESIAN_POINT('',(0.115863546476099,0.0085,-0.0807940462239582));
#14328=CARTESIAN_POINT('',(0.115331705113252,0.0085,-0.0803066004774304));
#14329=CARTESIAN_POINT('',(0.115331705113252,0.0085,-0.0803066004774304));
#14330=CARTESIAN_POINT('',(0.115065331415335,0.0085,-0.0800560823567707));
#14331=CARTESIAN_POINT('',(0.114798957717419,0.0085,-0.079805564236111));
#14332=CARTESIAN_POINT('',(0.114798957717419,0.0085,-0.0797860845269096));
#14333=CARTESIAN_POINT('',(0.114798957717419,0.0085,-0.0797666048177082));
#14334=CARTESIAN_POINT('',(0.115700913555092,0.0085,-0.0797666048177082));
#14335=CARTESIAN_POINT('',(0.0581358302627558,0.0085,-0.0798055642361111));
#14336=CARTESIAN_POINT('',(0.057950546517096,0.0085,-0.0802132790798611));
#14337=CARTESIAN_POINT('',(0.057950546517096,0.0085,-0.0807886100260417));
#14338=CARTESIAN_POINT('',(0.0581358302627558,0.0085,-0.0798055642361111));
#14339=CARTESIAN_POINT('',(0.057950546517096,0.0085,-0.0807886100260417));
#14340=CARTESIAN_POINT('',(0.057950546517096,0.0085,-0.0807886100260417));
#14341=CARTESIAN_POINT('',(0.057950546517096,0.0085,-0.0820171907552084));
#14342=CARTESIAN_POINT('',(0.0584701564346308,0.0085,-0.082617437608507));
#14343=CARTESIAN_POINT('',(0.0584701564346308,0.0085,-0.082617437608507));
#14344=CARTESIAN_POINT('',(0.0584701564346308,0.0085,-0.082617437608507));
#14345=CARTESIAN_POINT('',(0.0589897663521655,0.0085,-0.0832176844618056));
#14346=CARTESIAN_POINT('',(0.0600262680882766,0.0085,-0.0832176844618056));
#14347=CARTESIAN_POINT('',(0.0600262680882766,0.0085,-0.0832176844618056));
#14348=CARTESIAN_POINT('',(0.0600262680882766,0.0085,-0.0832176844618056));
#14349=CARTESIAN_POINT('',(0.0603796209528599,0.0085,-0.0832176844618056));
#14350=CARTESIAN_POINT('',(0.0605807602757766,0.0085,-0.0831751009114584));
#14351=CARTESIAN_POINT('',(0.0605807602757766,0.0085,-0.0831751009114584));
#14352=CARTESIAN_POINT('',(0.0605807602757766,0.0085,-0.0828253721788195));
#14353=CARTESIAN_POINT('',(0.0605807602757766,0.0085,-0.0824756434461806));
#14354=CARTESIAN_POINT('',(0.0600762069472143,0.0085,-0.0802834129023443));
#14355=CARTESIAN_POINT('',(0.0600824421334155,0.0085,-0.0825327235243056));
#14356=CARTESIAN_POINT('',(0.0600824421334155,0.0085,-0.0825327235243056));
#14357=CARTESIAN_POINT('',(0.0596321437393183,0.0085,-0.0825327235243056));
#14358=CARTESIAN_POINT('',(0.0593476493816794,0.0085,-0.0823968185763889));
#14359=CARTESIAN_POINT('',(0.0593476493816794,0.0085,-0.0823968185763889));
#14360=CARTESIAN_POINT('',(0.0597263941665769,0.0085,-0.0815675834102309));
#14361=CARTESIAN_POINT('',(0.0589218138782072,0.0085,-0.0819945399305556));
#14362=CARTESIAN_POINT('',(0.0589218138782072,0.0085,-0.0819945399305556));
#14363=CARTESIAN_POINT('',(0.0587804727323738,0.0085,-0.0817281662326389));
#14364=CARTESIAN_POINT('',(0.0587551038087627,0.0085,-0.0812389084201389));
#14365=CARTESIAN_POINT('',(0.0587551038087627,0.0085,-0.0812389084201389));
#14366=CARTESIAN_POINT('',(0.0587732244684849,0.0085,-0.0812389084201389));
#14367=CARTESIAN_POINT('',(0.0587913451282072,0.0085,-0.0812389084201389));
#14368=CARTESIAN_POINT('',(0.0587913451282072,0.0085,-0.0812389084201389));
#14369=CARTESIAN_POINT('',(0.0590722153539016,0.0085,-0.0817200119357639));
#14370=CARTESIAN_POINT('',(0.0596892238174433,0.0085,-0.0817200119357639));
#14371=CARTESIAN_POINT('',(0.0596892238174433,0.0085,-0.0817200119357639));
#14372=CARTESIAN_POINT('',(0.0596892238174433,0.0085,-0.0817200119357639));
#14373=CARTESIAN_POINT('',(0.0602437160049433,0.0085,-0.0817200119357639));
#14374=CARTESIAN_POINT('',(0.0605581094511238,0.0085,-0.0813716422526042));
#14375=CARTESIAN_POINT('',(0.0605581094511238,0.0085,-0.0813716422526042));
#14376=CARTESIAN_POINT('',(0.0605581094511238,0.0085,-0.0813716422526042));
#14377=CARTESIAN_POINT('',(0.0608725028973044,0.0085,-0.0810232725694445));
#14378=CARTESIAN_POINT('',(0.0608725028973044,0.0085,-0.0804089822048612));
#14379=CARTESIAN_POINT('',(0.0608725028973044,0.0085,-0.0804089822048612));
#14380=CARTESIAN_POINT('',(0.0608725028973044,0.0085,-0.0804089822048612));
#14381=CARTESIAN_POINT('',(0.0608725028973044,0.0085,-0.0797466720920139));
#14382=CARTESIAN_POINT('',(0.0604987642905335,0.0085,-0.0793597960069445));
#14383=CARTESIAN_POINT('',(0.0604987642905335,0.0085,-0.0793597960069445));
#14384=CARTESIAN_POINT('',(0.0604987642905335,0.0085,-0.0793597960069445));
#14385=CARTESIAN_POINT('',(0.0601250256837627,0.0085,-0.078972919921875));
#14386=CARTESIAN_POINT('',(0.0594627155709155,0.0085,-0.078972919921875));
#14387=CARTESIAN_POINT('',(0.0594627155709155,0.0085,-0.078972919921875));
#14388=CARTESIAN_POINT('',(0.0594627155709155,0.0085,-0.078972919921875));
#14389=CARTESIAN_POINT('',(0.0590042628799433,0.0085,-0.078972919921875));
#14390=CARTESIAN_POINT('',(0.0586626884441794,0.0085,-0.0791853846571181));
#14391=CARTESIAN_POINT('',(0.0586626884441794,0.0085,-0.0791853846571181));
#14392=CARTESIAN_POINT('',(0.0586626884441794,0.0085,-0.0791853846571181));
#14393=CARTESIAN_POINT('',(0.0583211140084155,0.0085,-0.0793978493923611));
#14394=CARTESIAN_POINT('',(0.0581358302627558,0.0085,-0.0798055642361111));
#14395=CARTESIAN_POINT('',(0.1237,0.0085,-0.0734));
#14396=CARTESIAN_POINT('',(0.12535,0.0085,-0.0734));
#14397=CARTESIAN_POINT('',(0.00581104830652475,0.0085,-0.069275517731905));
#14398=CARTESIAN_POINT('',(0.00581104830652475,0.0085,-0.067044560700655));
#14399=CARTESIAN_POINT('',(0.00581104830652475,0.0085,-0.071506474763155));
#14400=CARTESIAN_POINT('',(0.00650538424402475,0.0085,-0.071506474763155));
#14401=CARTESIAN_POINT('',(0.00719972018152475,0.0085,-0.071506474763155));
#14402=CARTESIAN_POINT('',(0.00719972018152475,0.0085,-0.071506474763155));
#14403=CARTESIAN_POINT('',(0.00814893893152475,0.0085,-0.071506474763155));
#14404=CARTESIAN_POINT('',(0.00857764986902475,0.0085,-0.071236455231905));
#14405=CARTESIAN_POINT('',(0.00857764986902475,0.0085,-0.071236455231905));
#14406=CARTESIAN_POINT('',(0.00857764986902475,0.0085,-0.071236455231905));
#14407=CARTESIAN_POINT('',(0.00900636080652475,0.0085,-0.070966435700655));
#14408=CARTESIAN_POINT('',(0.00900636080652475,0.0085,-0.070377568513155));
#14409=CARTESIAN_POINT('',(0.00900636080652475,0.0085,-0.070377568513155));
#14410=CARTESIAN_POINT('',(0.00900636080652475,0.0085,-0.070377568513155));
#14411=CARTESIAN_POINT('',(0.00900636080652475,0.0085,-0.069977177888155));
#14412=CARTESIAN_POINT('',(0.00881886080652475,0.0085,-0.069720830231905));
#14413=CARTESIAN_POINT('',(0.00881886080652475,0.0085,-0.069720830231905));
#14414=CARTESIAN_POINT('',(0.00820817524439894,0.0085,-0.0701514380784025));
#14415=CARTESIAN_POINT('',(0.00831983736902475,0.0085,-0.0694130497253924));
#14416=CARTESIAN_POINT('',(0.00831983736902475,0.0085,-0.069397588044405));
#14417=CARTESIAN_POINT('',(0.00831983736902475,0.0085,-0.069382451325655));
#14418=CARTESIAN_POINT('',(0.00831983736902475,0.0085,-0.069382451325655));
#14419=CARTESIAN_POINT('',(0.00874366549402475,0.0085,-0.069287724763155));
#14420=CARTESIAN_POINT('',(0.00893165377527475,0.0085,-0.069028447419405));
#14421=CARTESIAN_POINT('',(0.00893165377527475,0.0085,-0.069028447419405));
#14422=CARTESIAN_POINT('',(0.00893165377527475,0.0085,-0.069028447419405));
#14423=CARTESIAN_POINT('',(0.00911964205652475,0.0085,-0.068769170075655));
#14424=CARTESIAN_POINT('',(0.00911964205652475,0.0085,-0.068338506013155));
#14425=CARTESIAN_POINT('',(0.00911964205652475,0.0085,-0.068338506013155));
#14426=CARTESIAN_POINT('',(0.00911964205652475,0.0085,-0.068338506013155));
#14427=CARTESIAN_POINT('',(0.00911964205652475,0.0085,-0.067728154450655));
#14428=CARTESIAN_POINT('',(0.00867823580652475,0.0085,-0.067386357575655));
#14429=CARTESIAN_POINT('',(0.00867823580652475,0.0085,-0.067386357575655));
#14430=CARTESIAN_POINT('',(0.00867823580652475,0.0085,-0.067386357575655));
#14431=CARTESIAN_POINT('',(0.00823682955652475,0.0085,-0.067044560700655));
#14432=CARTESIAN_POINT('',(0.00747999361902475,0.0085,-0.067044560700655));
#14433=CARTESIAN_POINT('',(0.00747999361902475,0.0085,-0.067044560700655));
#14434=CARTESIAN_POINT('',(0.00664552096277475,0.0085,-0.067044560700655));
#14435=CARTESIAN_POINT('',(0.00905225924402475,0.0085,-0.0735887744426727));
#14436=CARTESIAN_POINT('',(0.00956202486902475,0.0085,-0.0735887744426727));
#14437=CARTESIAN_POINT('',(0.00854249361902475,0.0085,-0.0735887744426727));
#14438=CARTESIAN_POINT('',(0.00838087252527475,0.0085,-0.0741200244426727));
#14439=CARTESIAN_POINT('',(0.00821925143152475,0.0085,-0.0746512744426727));
#14440=CARTESIAN_POINT('',(0.00740577486902475,0.0085,-0.0746512744426727));
#14441=CARTESIAN_POINT('',(0.00659229830652475,0.0085,-0.0746512744426727));
#14442=CARTESIAN_POINT('',(0.00643067721277475,0.0085,-0.0741200244426727));
#14443=CARTESIAN_POINT('',(0.00626905611902475,0.0085,-0.0735887744426727));
#14444=CARTESIAN_POINT('',(0.00575929049402475,0.0085,-0.0735887744426727));
#14445=CARTESIAN_POINT('',(0.00524952486902475,0.0085,-0.0735887744426727));
#14446=CARTESIAN_POINT('',(0.00603712252527475,0.0085,-0.0758290088176727));
#14447=CARTESIAN_POINT('',(0.00682472018152475,0.0085,-0.0780692431926727));
#14448=CARTESIAN_POINT('',(0.00740284518152475,0.0085,-0.0780692431926727));
#14449=CARTESIAN_POINT('',(0.00798097018152475,0.0085,-0.0780692431926727));
#14450=CARTESIAN_POINT('',(0.00877149752527475,0.0085,-0.0758290088176727));
#14451=CARTESIAN_POINT('',(0.,0.0085,-0.04275));
#14452=CARTESIAN_POINT('',(0.,0.0035,-0.04275));
#14453=CARTESIAN_POINT('',(0.,0.0035,-0.0194));
#14454=CARTESIAN_POINT('',(0.,0.0035,-0.0309));
#14455=CARTESIAN_POINT('',(0.,0.0035,-0.0309));
#14456=CARTESIAN_POINT('',(0.,0.0035,-0.0546));
#14457=CARTESIAN_POINT('',(0.,0.0035,-0.0546));
#14458=CARTESIAN_POINT('',(0.,0.0035,-0.04275));
#14459=CARTESIAN_POINT('',(0.,0.0035,-0.0661));
#14460=CARTESIAN_POINT('',(0.,0.0035,-0.0661));
#14461=CARTESIAN_POINT('',(0.,0.0085,-0.08));
#14462=CARTESIAN_POINT('',(0.,0.,-0.08));
#14463=CARTESIAN_POINT('',(0.,0.,-0.04275));
#14464=CARTESIAN_POINT('',(0.,0.,-0.0055));
#14465=CARTESIAN_POINT('',(0.,0.0085,-0.0055));
#14466=CARTESIAN_POINT('',(0.,0.0035,-0.0194));
#14467=CARTESIAN_POINT('',(0.00585,-0.0165,-0.06035));
#14468=CARTESIAN_POINT('',(0.00585,0.,-0.06035));
#14469=CARTESIAN_POINT('',(0.0099,0.,-0.06035));
#14470=CARTESIAN_POINT('',(0.00585,0.0035,-0.06035));
#14471=CARTESIAN_POINT('',(0.0099,0.0035,-0.06035));
#14472=CARTESIAN_POINT('',(0.12195,-0.0165,-0.02515));
#14473=CARTESIAN_POINT('',(0.12195,0.,-0.02515));
#14474=CARTESIAN_POINT('',(0.126,0.,-0.02515));
#14475=CARTESIAN_POINT('',(0.12195,0.0035,-0.02515));
#14476=CARTESIAN_POINT('',(0.126,0.0035,-0.02515));
#14477=CARTESIAN_POINT('',(0.12195,-0.0165,-0.06035));
#14478=CARTESIAN_POINT('',(0.12195,0.,-0.06035));
#14479=CARTESIAN_POINT('',(0.126,0.,-0.06035));
#14480=CARTESIAN_POINT('',(0.12195,0.0035,-0.06035));
#14481=CARTESIAN_POINT('',(0.126,0.0035,-0.06035));
#14482=CARTESIAN_POINT('',(0.00585,-0.0165,-0.02515));
#14483=CARTESIAN_POINT('',(0.00585,0.,-0.02515));
#14484=CARTESIAN_POINT('',(0.0099,0.,-0.02515));
#14485=CARTESIAN_POINT('',(0.00585,0.0035,-0.02515));
#14486=CARTESIAN_POINT('',(0.0099,0.0035,-0.02515));
#14487=CARTESIAN_POINT('',(0.0639,0.,-0.04275));
#14488=CARTESIAN_POINT('',(0.1237,0.,-0.0734));
#14489=CARTESIAN_POINT('',(0.12535,0.,-0.0734));
#14490=CARTESIAN_POINT('',(0.1134,0.,-0.0742));
#14491=CARTESIAN_POINT('',(0.116775,0.,-0.0742));
#14492=CARTESIAN_POINT('',(0.1044,0.,-0.0742));
#14493=CARTESIAN_POINT('',(0.107775,0.,-0.0742));
#14494=CARTESIAN_POINT('',(0.0954,0.,-0.0742));
#14495=CARTESIAN_POINT('',(0.098775,0.,-0.0742));
#14496=CARTESIAN_POINT('',(0.0864,0.,-0.0742));
#14497=CARTESIAN_POINT('',(0.089775,0.,-0.0742));
#14498=CARTESIAN_POINT('',(0.0774,0.,-0.0742));
#14499=CARTESIAN_POINT('',(0.080775,0.,-0.0742));
#14500=CARTESIAN_POINT('',(0.0684,0.,-0.0742));
#14501=CARTESIAN_POINT('',(0.071775,0.,-0.0742));
#14502=CARTESIAN_POINT('',(0.0594,0.,-0.0742));
#14503=CARTESIAN_POINT('',(0.062775,0.,-0.0742));
#14504=CARTESIAN_POINT('',(0.0504,0.,-0.0742));
#14505=CARTESIAN_POINT('',(0.053775,0.,-0.0742));
#14506=CARTESIAN_POINT('',(0.0414,0.,-0.0742));
#14507=CARTESIAN_POINT('',(0.044775,0.,-0.0742));
#14508=CARTESIAN_POINT('',(0.0324,0.,-0.0742));
#14509=CARTESIAN_POINT('',(0.035775,0.,-0.0742));
#14510=CARTESIAN_POINT('',(0.0234,0.,-0.0742));
#14511=CARTESIAN_POINT('',(0.026775,0.,-0.0742));
#14512=CARTESIAN_POINT('',(0.0144,0.,-0.0742));
#14513=CARTESIAN_POINT('',(0.017775,0.,-0.0742));
#14514=CARTESIAN_POINT('',(0.1134,0.,-0.0652));
#14515=CARTESIAN_POINT('',(0.116775,0.,-0.0652));
#14516=CARTESIAN_POINT('',(0.1044,0.,-0.0652));
#14517=CARTESIAN_POINT('',(0.107775,0.,-0.0652));
#14518=CARTESIAN_POINT('',(0.0954,0.,-0.0652));
#14519=CARTESIAN_POINT('',(0.098775,0.,-0.0652));
#14520=CARTESIAN_POINT('',(0.0864,0.,-0.0652));
#14521=CARTESIAN_POINT('',(0.089775,0.,-0.0652));
#14522=CARTESIAN_POINT('',(0.0774,0.,-0.0652));
#14523=CARTESIAN_POINT('',(0.080775,0.,-0.0652));
#14524=CARTESIAN_POINT('',(0.0684,0.,-0.0652));
#14525=CARTESIAN_POINT('',(0.071775,0.,-0.0652));
#14526=CARTESIAN_POINT('',(0.0594,0.,-0.0652));
#14527=CARTESIAN_POINT('',(0.062775,0.,-0.0652));
#14528=CARTESIAN_POINT('',(0.0504,0.,-0.0652));
#14529=CARTESIAN_POINT('',(0.053775,0.,-0.0652));
#14530=CARTESIAN_POINT('',(0.0414,0.,-0.0652));
#14531=CARTESIAN_POINT('',(0.044775,0.,-0.0652));
#14532=CARTESIAN_POINT('',(0.0324,0.,-0.0652));
#14533=CARTESIAN_POINT('',(0.035775,0.,-0.0652));
#14534=CARTESIAN_POINT('',(0.0234,0.,-0.0652));
#14535=CARTESIAN_POINT('',(0.026775,0.,-0.0652));
#14536=CARTESIAN_POINT('',(0.0144,0.,-0.0652));
#14537=CARTESIAN_POINT('',(0.017775,0.,-0.0652));
#14538=CARTESIAN_POINT('',(0.1134,0.,-0.0562));
#14539=CARTESIAN_POINT('',(0.116775,0.,-0.0562));
#14540=CARTESIAN_POINT('',(0.1044,0.,-0.0562));
#14541=CARTESIAN_POINT('',(0.107775,0.,-0.0562));
#14542=CARTESIAN_POINT('',(0.0954,0.,-0.0562));
#14543=CARTESIAN_POINT('',(0.098775,0.,-0.0562));
#14544=CARTESIAN_POINT('',(0.0864,0.,-0.0562));
#14545=CARTESIAN_POINT('',(0.089775,0.,-0.0562));
#14546=CARTESIAN_POINT('',(0.0774,0.,-0.0562));
#14547=CARTESIAN_POINT('',(0.080775,0.,-0.0562));
#14548=CARTESIAN_POINT('',(0.0684,0.,-0.0562));
#14549=CARTESIAN_POINT('',(0.071775,0.,-0.0562));
#14550=CARTESIAN_POINT('',(0.0594,0.,-0.0562));
#14551=CARTESIAN_POINT('',(0.062775,0.,-0.0562));
#14552=CARTESIAN_POINT('',(0.0504,0.,-0.0562));
#14553=CARTESIAN_POINT('',(0.053775,0.,-0.0562));
#14554=CARTESIAN_POINT('',(0.0414,0.,-0.0562));
#14555=CARTESIAN_POINT('',(0.044775,0.,-0.0562));
#14556=CARTESIAN_POINT('',(0.0324,0.,-0.0562));
#14557=CARTESIAN_POINT('',(0.035775,0.,-0.0562));
#14558=CARTESIAN_POINT('',(0.0234,0.,-0.0562));
#14559=CARTESIAN_POINT('',(0.026775,0.,-0.0562));
#14560=CARTESIAN_POINT('',(0.0144,0.,-0.0562));
#14561=CARTESIAN_POINT('',(0.017775,0.,-0.0562));
#14562=CARTESIAN_POINT('',(0.1134,0.,-0.0472));
#14563=CARTESIAN_POINT('',(0.116775,0.,-0.0472));
#14564=CARTESIAN_POINT('',(0.1044,0.,-0.0472));
#14565=CARTESIAN_POINT('',(0.107775,0.,-0.0472));
#14566=CARTESIAN_POINT('',(0.0954,0.,-0.0472));
#14567=CARTESIAN_POINT('',(0.098775,0.,-0.0472));
#14568=CARTESIAN_POINT('',(0.0864,0.,-0.0472));
#14569=CARTESIAN_POINT('',(0.089775,0.,-0.0472));
#14570=CARTESIAN_POINT('',(0.0774,0.,-0.0472));
#14571=CARTESIAN_POINT('',(0.080775,0.,-0.0472));
#14572=CARTESIAN_POINT('',(0.0684,0.,-0.0472));
#14573=CARTESIAN_POINT('',(0.071775,0.,-0.0472));
#14574=CARTESIAN_POINT('',(0.0594,0.,-0.0472));
#14575=CARTESIAN_POINT('',(0.062775,0.,-0.0472));
#14576=CARTESIAN_POINT('',(0.0504,0.,-0.0472));
#14577=CARTESIAN_POINT('',(0.053775,0.,-0.0472));
#14578=CARTESIAN_POINT('',(0.0414,0.,-0.0472));
#14579=CARTESIAN_POINT('',(0.044775,0.,-0.0472));
#14580=CARTESIAN_POINT('',(0.0324,0.,-0.0472));
#14581=CARTESIAN_POINT('',(0.035775,0.,-0.0472));
#14582=CARTESIAN_POINT('',(0.0234,0.,-0.0472));
#14583=CARTESIAN_POINT('',(0.026775,0.,-0.0472));
#14584=CARTESIAN_POINT('',(0.0144,0.,-0.0472));
#14585=CARTESIAN_POINT('',(0.017775,0.,-0.0472));
#14586=CARTESIAN_POINT('',(0.1134,0.,-0.0382));
#14587=CARTESIAN_POINT('',(0.116775,0.,-0.0382));
#14588=CARTESIAN_POINT('',(0.1044,0.,-0.0382));
#14589=CARTESIAN_POINT('',(0.107775,0.,-0.0382));
#14590=CARTESIAN_POINT('',(0.0954,0.,-0.0382));
#14591=CARTESIAN_POINT('',(0.098775,0.,-0.0382));
#14592=CARTESIAN_POINT('',(0.0864,0.,-0.0382));
#14593=CARTESIAN_POINT('',(0.089775,0.,-0.0382));
#14594=CARTESIAN_POINT('',(0.0774,0.,-0.0382));
#14595=CARTESIAN_POINT('',(0.080775,0.,-0.0382));
#14596=CARTESIAN_POINT('',(0.0684,0.,-0.0382));
#14597=CARTESIAN_POINT('',(0.071775,0.,-0.0382));
#14598=CARTESIAN_POINT('',(0.0594,0.,-0.0382));
#14599=CARTESIAN_POINT('',(0.062775,0.,-0.0382));
#14600=CARTESIAN_POINT('',(0.0504,0.,-0.0382));
#14601=CARTESIAN_POINT('',(0.053775,0.,-0.0382));
#14602=CARTESIAN_POINT('',(0.0414,0.,-0.0382));
#14603=CARTESIAN_POINT('',(0.044775,0.,-0.0382));
#14604=CARTESIAN_POINT('',(0.0324,0.,-0.0382));
#14605=CARTESIAN_POINT('',(0.035775,0.,-0.0382));
#14606=CARTESIAN_POINT('',(0.0234,0.,-0.0382));
#14607=CARTESIAN_POINT('',(0.026775,0.,-0.0382));
#14608=CARTESIAN_POINT('',(0.0144,0.,-0.0382));
#14609=CARTESIAN_POINT('',(0.017775,0.,-0.0382));
#14610=CARTESIAN_POINT('',(0.1134,0.,-0.0292));
#14611=CARTESIAN_POINT('',(0.116775,0.,-0.0292));
#14612=CARTESIAN_POINT('',(0.1044,0.,-0.0292));
#14613=CARTESIAN_POINT('',(0.107775,0.,-0.0292));
#14614=CARTESIAN_POINT('',(0.0954,0.,-0.0292));
#14615=CARTESIAN_POINT('',(0.098775,0.,-0.0292));
#14616=CARTESIAN_POINT('',(0.0864,0.,-0.0292));
#14617=CARTESIAN_POINT('',(0.089775,0.,-0.0292));
#14618=CARTESIAN_POINT('',(0.0774,0.,-0.0292));
#14619=CARTESIAN_POINT('',(0.080775,0.,-0.0292));
#14620=CARTESIAN_POINT('',(0.0684,0.,-0.0292));
#14621=CARTESIAN_POINT('',(0.071775,0.,-0.0292));
#14622=CARTESIAN_POINT('',(0.0594,0.,-0.0292));
#14623=CARTESIAN_POINT('',(0.062775,0.,-0.0292));
#14624=CARTESIAN_POINT('',(0.0504,0.,-0.0292));
#14625=CARTESIAN_POINT('',(0.053775,0.,-0.0292));
#14626=CARTESIAN_POINT('',(0.0414,0.,-0.0292));
#14627=CARTESIAN_POINT('',(0.044775,0.,-0.0292));
#14628=CARTESIAN_POINT('',(0.0324,0.,-0.0292));
#14629=CARTESIAN_POINT('',(0.035775,0.,-0.0292));
#14630=CARTESIAN_POINT('',(0.0234,0.,-0.0292));
#14631=CARTESIAN_POINT('',(0.026775,0.,-0.0292));
#14632=CARTESIAN_POINT('',(0.0144,0.,-0.0292));
#14633=CARTESIAN_POINT('',(0.017775,0.,-0.0292));
#14634=CARTESIAN_POINT('',(0.1134,0.,-0.0202));
#14635=CARTESIAN_POINT('',(0.116775,0.,-0.0202));
#14636=CARTESIAN_POINT('',(0.1044,0.,-0.0202));
#14637=CARTESIAN_POINT('',(0.107775,0.,-0.0202));
#14638=CARTESIAN_POINT('',(0.0954,0.,-0.0202));
#14639=CARTESIAN_POINT('',(0.098775,0.,-0.0202));
#14640=CARTESIAN_POINT('',(0.0864,0.,-0.0202));
#14641=CARTESIAN_POINT('',(0.089775,0.,-0.0202));
#14642=CARTESIAN_POINT('',(0.0774,0.,-0.0202));
#14643=CARTESIAN_POINT('',(0.080775,0.,-0.0202));
#14644=CARTESIAN_POINT('',(0.0684,0.,-0.0202));
#14645=CARTESIAN_POINT('',(0.071775,0.,-0.0202));
#14646=CARTESIAN_POINT('',(0.0594,0.,-0.0202));
#14647=CARTESIAN_POINT('',(0.062775,0.,-0.0202));
#14648=CARTESIAN_POINT('',(0.0504,0.,-0.0202));
#14649=CARTESIAN_POINT('',(0.053775,0.,-0.0202));
#14650=CARTESIAN_POINT('',(0.0414,0.,-0.0202));
#14651=CARTESIAN_POINT('',(0.044775,0.,-0.0202));
#14652=CARTESIAN_POINT('',(0.0324,0.,-0.0202));
#14653=CARTESIAN_POINT('',(0.035775,0.,-0.0202));
#14654=CARTESIAN_POINT('',(0.0234,0.,-0.0202));
#14655=CARTESIAN_POINT('',(0.026775,0.,-0.0202));
#14656=CARTESIAN_POINT('',(0.0144,0.,-0.0202));
#14657=CARTESIAN_POINT('',(0.017775,0.,-0.0202));
#14658=CARTESIAN_POINT('',(0.1134,0.,-0.0112));
#14659=CARTESIAN_POINT('',(0.116775,0.,-0.0112));
#14660=CARTESIAN_POINT('',(0.1044,0.,-0.0112));
#14661=CARTESIAN_POINT('',(0.107775,0.,-0.0112));
#14662=CARTESIAN_POINT('',(0.0954,0.,-0.0112));
#14663=CARTESIAN_POINT('',(0.098775,0.,-0.0112));
#14664=CARTESIAN_POINT('',(0.0864,0.,-0.0112));
#14665=CARTESIAN_POINT('',(0.089775,0.,-0.0112));
#14666=CARTESIAN_POINT('',(0.0774,0.,-0.0112));
#14667=CARTESIAN_POINT('',(0.080775,0.,-0.0112));
#14668=CARTESIAN_POINT('',(0.0684,0.,-0.0112));
#14669=CARTESIAN_POINT('',(0.071775,0.,-0.0112));
#14670=CARTESIAN_POINT('',(0.0594,0.,-0.0112));
#14671=CARTESIAN_POINT('',(0.062775,0.,-0.0112));
#14672=CARTESIAN_POINT('',(0.0504,0.,-0.0112));
#14673=CARTESIAN_POINT('',(0.053775,0.,-0.0112));
#14674=CARTESIAN_POINT('',(0.0414,0.,-0.0112));
#14675=CARTESIAN_POINT('',(0.044775,0.,-0.0112));
#14676=CARTESIAN_POINT('',(0.0324,0.,-0.0112));
#14677=CARTESIAN_POINT('',(0.035775,0.,-0.0112));
#14678=CARTESIAN_POINT('',(0.0234,0.,-0.0112));
#14679=CARTESIAN_POINT('',(0.026775,0.,-0.0112));
#14680=CARTESIAN_POINT('',(0.0144,0.,-0.0112));
#14681=CARTESIAN_POINT('',(0.017775,0.,-0.0112));
#14682=CARTESIAN_POINT('',(0.0055,0.,-0.08));
#14683=CARTESIAN_POINT('',(0.0055,0.,-0.0855));
#14684=CARTESIAN_POINT('',(0.0639,0.,-0.0855));
#14685=CARTESIAN_POINT('',(0.1223,0.,-0.0855));
#14686=CARTESIAN_POINT('',(0.1223,0.,-0.08));
#14687=CARTESIAN_POINT('',(0.1278,0.,-0.08));
#14688=CARTESIAN_POINT('',(0.1278,0.,-0.04275));
#14689=CARTESIAN_POINT('',(0.1278,0.,-0.0055));
#14690=CARTESIAN_POINT('',(0.1223,0.,-0.0055));
#14691=CARTESIAN_POINT('',(0.1223,0.,0.));
#14692=CARTESIAN_POINT('',(0.0639,0.,0.));
#14693=CARTESIAN_POINT('',(0.0055,0.,0.));
#14694=CARTESIAN_POINT('',(0.0055,0.,-0.0055));
#14695=CARTESIAN_POINT('',(0.1134,-0.145507857127948,-0.0742));
#14696=CARTESIAN_POINT('',(0.1044,-0.145507857127948,-0.0742));
#14697=CARTESIAN_POINT('',(0.0954,-0.145507857127948,-0.0742));
#14698=CARTESIAN_POINT('',(0.0864,-0.145507857127948,-0.0742));
#14699=CARTESIAN_POINT('',(0.0774,-0.145507857127948,-0.0742));
#14700=CARTESIAN_POINT('',(0.0684,-0.145507857127948,-0.0742));
#14701=CARTESIAN_POINT('',(0.0594,-0.145507857127948,-0.0742));
#14702=CARTESIAN_POINT('',(0.0504,-0.145507857127948,-0.0742));
#14703=CARTESIAN_POINT('',(0.0414,-0.145507857127948,-0.0742));
#14704=CARTESIAN_POINT('',(0.0324,-0.145507857127948,-0.0742));
#14705=CARTESIAN_POINT('',(0.0234,-0.145507857127948,-0.0742));
#14706=CARTESIAN_POINT('',(0.0144,-0.145507857127948,-0.0742));
#14707=CARTESIAN_POINT('',(0.1134,-0.145507857127948,-0.0652));
#14708=CARTESIAN_POINT('',(0.1044,-0.145507857127948,-0.0652));
#14709=CARTESIAN_POINT('',(0.0954,-0.145507857127948,-0.0652));
#14710=CARTESIAN_POINT('',(0.0864,-0.145507857127948,-0.0652));
#14711=CARTESIAN_POINT('',(0.0774,-0.145507857127948,-0.0652));
#14712=CARTESIAN_POINT('',(0.0684,-0.145507857127948,-0.0652));
#14713=CARTESIAN_POINT('',(0.0594,-0.145507857127948,-0.0652));
#14714=CARTESIAN_POINT('',(0.0504,-0.145507857127948,-0.0652));
#14715=CARTESIAN_POINT('',(0.0414,-0.145507857127948,-0.0652));
#14716=CARTESIAN_POINT('',(0.0324,-0.145507857127948,-0.0652));
#14717=CARTESIAN_POINT('',(0.0234,-0.145507857127948,-0.0652));
#14718=CARTESIAN_POINT('',(0.0144,-0.145507857127948,-0.0652));
#14719=CARTESIAN_POINT('',(0.1134,-0.145507857127948,-0.0562));
#14720=CARTESIAN_POINT('',(0.1044,-0.145507857127948,-0.0562));
#14721=CARTESIAN_POINT('',(0.0954,-0.145507857127948,-0.0562));
#14722=CARTESIAN_POINT('',(0.0864,-0.145507857127948,-0.0562));
#14723=CARTESIAN_POINT('',(0.0774,-0.145507857127948,-0.0562));
#14724=CARTESIAN_POINT('',(0.0684,-0.145507857127948,-0.0562));
#14725=CARTESIAN_POINT('',(0.0594,-0.145507857127948,-0.0562));
#14726=CARTESIAN_POINT('',(0.0504,-0.145507857127948,-0.0562));
#14727=CARTESIAN_POINT('',(0.0414,-0.145507857127948,-0.0562));
#14728=CARTESIAN_POINT('',(0.0324,-0.145507857127948,-0.0562));
#14729=CARTESIAN_POINT('',(0.0234,-0.145507857127948,-0.0562));
#14730=CARTESIAN_POINT('',(0.0144,-0.145507857127948,-0.0562));
#14731=CARTESIAN_POINT('',(0.1134,-0.145507857127948,-0.0472));
#14732=CARTESIAN_POINT('',(0.1044,-0.145507857127948,-0.0472));
#14733=CARTESIAN_POINT('',(0.0954,-0.145507857127948,-0.0472));
#14734=CARTESIAN_POINT('',(0.0864,-0.145507857127948,-0.0472));
#14735=CARTESIAN_POINT('',(0.0774,-0.145507857127948,-0.0472));
#14736=CARTESIAN_POINT('',(0.0684,-0.145507857127948,-0.0472));
#14737=CARTESIAN_POINT('',(0.0594,-0.145507857127948,-0.0472));
#14738=CARTESIAN_POINT('',(0.0504,-0.145507857127948,-0.0472));
#14739=CARTESIAN_POINT('',(0.0414,-0.145507857127948,-0.0472));
#14740=CARTESIAN_POINT('',(0.0324,-0.145507857127948,-0.0472));
#14741=CARTESIAN_POINT('',(0.0234,-0.145507857127948,-0.0472));
#14742=CARTESIAN_POINT('',(0.0144,-0.145507857127948,-0.0472));
#14743=CARTESIAN_POINT('',(0.1134,-0.145507857127948,-0.0382));
#14744=CARTESIAN_POINT('',(0.1044,-0.145507857127948,-0.0382));
#14745=CARTESIAN_POINT('',(0.0954,-0.145507857127948,-0.0382));
#14746=CARTESIAN_POINT('',(0.0864,-0.145507857127948,-0.0382));
#14747=CARTESIAN_POINT('',(0.0774,-0.145507857127948,-0.0382));
#14748=CARTESIAN_POINT('',(0.0684,-0.145507857127948,-0.0382));
#14749=CARTESIAN_POINT('',(0.0594,-0.145507857127948,-0.0382));
#14750=CARTESIAN_POINT('',(0.0504,-0.145507857127948,-0.0382));
#14751=CARTESIAN_POINT('',(0.0414,-0.145507857127948,-0.0382));
#14752=CARTESIAN_POINT('',(0.0324,-0.145507857127948,-0.0382));
#14753=CARTESIAN_POINT('',(0.0234,-0.145507857127948,-0.0382));
#14754=CARTESIAN_POINT('',(0.0144,-0.145507857127948,-0.0382));
#14755=CARTESIAN_POINT('',(0.1134,-0.145507857127948,-0.0292));
#14756=CARTESIAN_POINT('',(0.1044,-0.145507857127948,-0.0292));
#14757=CARTESIAN_POINT('',(0.0954,-0.145507857127948,-0.0292));
#14758=CARTESIAN_POINT('',(0.0864,-0.145507857127948,-0.0292));
#14759=CARTESIAN_POINT('',(0.0774,-0.145507857127948,-0.0292));
#14760=CARTESIAN_POINT('',(0.0684,-0.145507857127948,-0.0292));
#14761=CARTESIAN_POINT('',(0.0594,-0.145507857127948,-0.0292));
#14762=CARTESIAN_POINT('',(0.0504,-0.145507857127948,-0.0292));
#14763=CARTESIAN_POINT('',(0.0414,-0.145507857127948,-0.0292));
#14764=CARTESIAN_POINT('',(0.0324,-0.145507857127948,-0.0292));
#14765=CARTESIAN_POINT('',(0.0234,-0.145507857127948,-0.0292));
#14766=CARTESIAN_POINT('',(0.0144,-0.145507857127948,-0.0292));
#14767=CARTESIAN_POINT('',(0.1134,-0.145507857127948,-0.0202));
#14768=CARTESIAN_POINT('',(0.1044,-0.145507857127948,-0.0202));
#14769=CARTESIAN_POINT('',(0.0954,-0.145507857127948,-0.0202));
#14770=CARTESIAN_POINT('',(0.0864,-0.145507857127948,-0.0202));
#14771=CARTESIAN_POINT('',(0.0774,-0.145507857127948,-0.0202));
#14772=CARTESIAN_POINT('',(0.0684,-0.145507857127948,-0.0202));
#14773=CARTESIAN_POINT('',(0.0594,-0.145507857127948,-0.0202));
#14774=CARTESIAN_POINT('',(0.0504,-0.145507857127948,-0.0202));
#14775=CARTESIAN_POINT('',(0.0414,-0.145507857127948,-0.0202));
#14776=CARTESIAN_POINT('',(0.0324,-0.145507857127948,-0.0202));
#14777=CARTESIAN_POINT('',(0.0234,-0.145507857127948,-0.0202));
#14778=CARTESIAN_POINT('',(0.0144,-0.145507857127948,-0.0202));
#14779=CARTESIAN_POINT('',(0.1134,-0.145507857127948,-0.0112));
#14780=CARTESIAN_POINT('',(0.1044,-0.145507857127948,-0.0112));
#14781=CARTESIAN_POINT('',(0.0954,-0.145507857127948,-0.0112));
#14782=CARTESIAN_POINT('',(0.0864,-0.145507857127948,-0.0112));
#14783=CARTESIAN_POINT('',(0.0774,-0.145507857127948,-0.0112));
#14784=CARTESIAN_POINT('',(0.0684,-0.145507857127948,-0.0112));
#14785=CARTESIAN_POINT('',(0.0594,-0.145507857127948,-0.0112));
#14786=CARTESIAN_POINT('',(0.0504,-0.145507857127948,-0.0112));
#14787=CARTESIAN_POINT('',(0.0414,-0.145507857127948,-0.0112));
#14788=CARTESIAN_POINT('',(0.0324,-0.145507857127948,-0.0112));
#14789=CARTESIAN_POINT('',(0.0234,-0.145507857127948,-0.0112));
#14790=CARTESIAN_POINT('',(0.0639,0.0085,0.));
#14791=CARTESIAN_POINT('',(0.1223,0.0085,0.));
#14792=CARTESIAN_POINT('',(0.0055,0.,0.));
#14793=CARTESIAN_POINT('',(0.1278,0.0085,-0.04275));
#14794=CARTESIAN_POINT('',(0.1278,0.0035,-0.04275));
#14795=CARTESIAN_POINT('',(0.1278,0.0035,-0.0546));
#14796=CARTESIAN_POINT('',(0.1278,0.0035,-0.0661));
#14797=CARTESIAN_POINT('',(0.1278,0.0035,-0.0546));
#14798=CARTESIAN_POINT('',(0.1278,0.0035,-0.0309));
#14799=CARTESIAN_POINT('',(0.1278,0.0035,-0.0309));
#14800=CARTESIAN_POINT('',(0.1278,0.0035,-0.04275));
#14801=CARTESIAN_POINT('',(0.1278,0.0035,-0.0194));
#14802=CARTESIAN_POINT('',(0.1278,0.0035,-0.0194));
#14803=CARTESIAN_POINT('',(0.1278,0.0085,-0.0055));
#14804=CARTESIAN_POINT('',(0.1278,0.0085,-0.08));
#14805=CARTESIAN_POINT('',(0.1278,0.0035,-0.0661));
#14806=CARTESIAN_POINT('',(0.0639,0.0085,-0.0855));
#14807=CARTESIAN_POINT('',(0.0055,0.0085,-0.0855));
#14808=CARTESIAN_POINT('',(0.1223,0.,-0.0855));
#14809=CARTESIAN_POINT('',(0.0055,0.0085,-0.08));
#14810=CARTESIAN_POINT('',(0.1223,0.0085,-0.08));
#14811=CARTESIAN_POINT('',(0.1223,0.0085,-0.0055));
#14812=CARTESIAN_POINT('',(0.0055,0.0085,-0.0055));
#14813=CARTESIAN_POINT('',(0.0144,-0.145507857127948,-0.0112));
#14814=CARTESIAN_POINT('',(0.0232483920405306,0.0075,-0.07903));
#14815=CARTESIAN_POINT('',(0.02469532671935,0.0075,-0.07903));
#14816=CARTESIAN_POINT('',(0.02469532671935,0.0075,-0.07903));
#14817=CARTESIAN_POINT('',(0.0232483920405306,0.0075,-0.07903));
#14818=CARTESIAN_POINT('',(0.0218014573617112,0.0075,-0.07903));
#14819=CARTESIAN_POINT('',(0.0218014573617112,0.0075,-0.07903));
#14820=CARTESIAN_POINT('',(0.02469532671935,0.0075,-0.0793983024088542));
#14821=CARTESIAN_POINT('',(0.02469532671935,0.0075,-0.0797666048177083));
#14822=CARTESIAN_POINT('',(0.02469532671935,0.0075,-0.0797666048177083));
#14823=CARTESIAN_POINT('',(0.02469532671935,0.0075,-0.0793983024088542));
#14824=CARTESIAN_POINT('',(0.0237933708816765,0.0075,-0.0797666048177083));
#14825=CARTESIAN_POINT('',(0.0228914150440028,0.0075,-0.0797666048177083));
#14826=CARTESIAN_POINT('',(0.0228914150440028,0.0075,-0.0797666048177083));
#14827=CARTESIAN_POINT('',(0.0237933708816765,0.0075,-0.0797666048177083));
#14828=CARTESIAN_POINT('',(0.0228914150440028,0.0075,-0.0797860845269097));
#14829=CARTESIAN_POINT('',(0.0228914150440028,0.0075,-0.0798055642361111));
#14830=CARTESIAN_POINT('',(0.0228914150440028,0.0075,-0.0798055642361111));
#14831=CARTESIAN_POINT('',(0.0228914150440028,0.0075,-0.0797860845269097));
#14832=CARTESIAN_POINT('',(0.0231577887419195,0.0075,-0.0800560823567708));
#14833=CARTESIAN_POINT('',(0.0234241624398361,0.0075,-0.0803066004774306));
#14834=CARTESIAN_POINT('',(0.0234241624398361,0.0075,-0.0803066004774306));
#14835=CARTESIAN_POINT('',(0.0231577887419195,0.0075,-0.0800560823567708));
#14836=CARTESIAN_POINT('',(0.0241671094884473,0.0075,-0.0810572488064236));
#14837=CARTESIAN_POINT('',(0.0241671094884473,0.0085,-0.0810572488064236));
#14838=CARTESIAN_POINT('',(0.0240263723646047,0.0075,-0.0808817804181134));
#14839=CARTESIAN_POINT('',(0.0240263723646047,0.0085,-0.0808817804181134));
#14840=CARTESIAN_POINT('',(0.023778723348401,0.0075,-0.0806315643084491));
#14841=CARTESIAN_POINT('',(0.023778723348401,0.0085,-0.0806315643084491));
#14842=CARTESIAN_POINT('',(0.0234241624398361,0.0075,-0.0803066004774306));
#14843=CARTESIAN_POINT('',(0.0234241624398361,0.0085,-0.0803066004774306));
#14844=CARTESIAN_POINT('',(0.0241671094884473,0.0075,-0.0810572488064236));
#14845=CARTESIAN_POINT('',(0.0241671094884473,0.0075,-0.0810572488064236));
#14846=CARTESIAN_POINT('',(0.0241671094884473,0.0075,-0.0810572488064236));
#14847=CARTESIAN_POINT('',(0.0239560038026834,0.0075,-0.0807940462239583));
#14848=CARTESIAN_POINT('',(0.0234241624398361,0.0075,-0.0803066004774306));
#14849=CARTESIAN_POINT('',(0.0225764384813866,0.0075,-0.0823804893658506));
#14850=CARTESIAN_POINT('',(0.0244787848356695,0.0075,-0.0815709695095486));
#14851=CARTESIAN_POINT('',(0.024479179616722,0.0075,-0.0815707993795052));
#14852=CARTESIAN_POINT('',(0.0225764384813866,0.0075,-0.0823804893658506));
#14853=CARTESIAN_POINT('',(0.0231519730775035,0.0075,-0.0820959327527572));
#14854=CARTESIAN_POINT('',(0.0245793544971279,0.0075,-0.0821077940538195));
#14855=CARTESIAN_POINT('',(0.0245789709963091,0.0075,-0.0821077968974884));
#14856=CARTESIAN_POINT('',(0.0231519730775035,0.0075,-0.0820959327527572));
#14857=CARTESIAN_POINT('',(0.0235272101694863,0.0075,-0.08212799414426));
#14858=CARTESIAN_POINT('',(0.0244149095101486,0.0075,-0.082690826280382));
#14859=CARTESIAN_POINT('',(0.0244151207337707,0.0075,-0.082690960900628));
#14860=CARTESIAN_POINT('',(0.0235272101694863,0.0075,-0.08212799414426));
#14861=CARTESIAN_POINT('',(0.0235023539664851,0.0075,-0.0820916161340815));
#14862=CARTESIAN_POINT('',(0.0239532857037251,0.0075,-0.0830872157118056));
#14863=CARTESIAN_POINT('',(0.0239532857037251,0.0075,-0.0830872157118056));
#14864=CARTESIAN_POINT('',(0.0235023539664851,0.0075,-0.0820916161340815));
#14865=CARTESIAN_POINT('',(0.023268324766225,0.0075,-0.0832285568576389));
#14866=CARTESIAN_POINT('',(0.023268324766225,0.0085,-0.0832285568576389));
#14867=CARTESIAN_POINT('',(0.0235268461782621,0.0075,-0.0832285568576389));
#14868=CARTESIAN_POINT('',(0.0235268461782621,0.0085,-0.0832285568576389));
#14869=CARTESIAN_POINT('',(0.0237551664907621,0.0075,-0.0831814431423611));
#14870=CARTESIAN_POINT('',(0.0237551664907621,0.0085,-0.0831814431423611));
#14871=CARTESIAN_POINT('',(0.0239532857037251,0.0075,-0.0830872157118056));
#14872=CARTESIAN_POINT('',(0.0239532857037251,0.0085,-0.0830872157118056));
#14873=CARTESIAN_POINT('',(0.023268324766225,0.0075,-0.0832285568576389));
#14874=CARTESIAN_POINT('',(0.023268324766225,0.0075,-0.0832285568576389));
#14875=CARTESIAN_POINT('',(0.023268324766225,0.0075,-0.0832285568576389));
#14876=CARTESIAN_POINT('',(0.0236561068842806,0.0075,-0.0832285568576389));
#14877=CARTESIAN_POINT('',(0.0239532857037251,0.0075,-0.0830872157118056));
#14878=CARTESIAN_POINT('',(0.0232408391630346,0.0075,-0.0809695373788846));
#14879=CARTESIAN_POINT('',(0.0227360303868848,0.0075,-0.0831705707465278));
#14880=CARTESIAN_POINT('',(0.022735995788595,0.0075,-0.0831707296395511));
#14881=CARTESIAN_POINT('',(0.0232408391630346,0.0075,-0.0809695373788846));
#14882=CARTESIAN_POINT('',(0.0231683071068485,0.0075,-0.0813535253380236));
#14883=CARTESIAN_POINT('',(0.0222970574051139,0.0075,-0.0830052197265625));
#14884=CARTESIAN_POINT('',(0.0222970574051139,0.0075,-0.0830052197265625));
#14885=CARTESIAN_POINT('',(0.0231683071068485,0.0075,-0.0813535253380236));
#14886=CARTESIAN_POINT('',(0.0217905849658778,0.0075,-0.0826369173177083));
#14887=CARTESIAN_POINT('',(0.0217905849658778,0.0085,-0.0826369173177083));
#14888=CARTESIAN_POINT('',(0.0219941403767574,0.0075,-0.0828108756510416));
#14889=CARTESIAN_POINT('',(0.0219941403767574,0.0085,-0.0828108756510416));
#14890=CARTESIAN_POINT('',(0.0221629645231695,0.0075,-0.0829336431206597));
#14891=CARTESIAN_POINT('',(0.0221629645231695,0.0085,-0.0829336431206597));
#14892=CARTESIAN_POINT('',(0.0222970574051139,0.0075,-0.0830052197265625));
#14893=CARTESIAN_POINT('',(0.0222970574051139,0.0085,-0.0830052197265625));
#14894=CARTESIAN_POINT('',(0.0217905849658778,0.0075,-0.0826369173177083));
#14895=CARTESIAN_POINT('',(0.0217905849658778,0.0075,-0.0826369173177083));
#14896=CARTESIAN_POINT('',(0.0217905849658778,0.0075,-0.0826369173177083));
#14897=CARTESIAN_POINT('',(0.0220959180821972,0.0075,-0.0828978548177083));
#14898=CARTESIAN_POINT('',(0.0222970574051139,0.0075,-0.0830052197265625));
#14899=CARTESIAN_POINT('',(0.0220284186247319,0.0075,-0.0823551410590278));
#14900=CARTESIAN_POINT('',(0.0222666739429288,0.0075,-0.0820728652344212));
#14901=CARTESIAN_POINT('',(0.0222666739429288,0.0075,-0.0820728652344212));
#14902=CARTESIAN_POINT('',(0.0220284186247319,0.0075,-0.0823551410590278));
#14903=CARTESIAN_POINT('',(0.0238449743902561,0.0075,-0.0802218580220665));
#14904=CARTESIAN_POINT('',(0.0227392015023361,0.0075,-0.0823877582465278));
#14905=CARTESIAN_POINT('',(0.0227391081254878,0.0075,-0.082387938400767));
#14906=CARTESIAN_POINT('',(0.0238449743902561,0.0075,-0.0802218580220665));
#14907=CARTESIAN_POINT('',(0.0232095865648575,0.0075,-0.0814467383911459));
#14908=CARTESIAN_POINT('',(0.0232058084901834,0.0075,-0.0824982942708333));
#14909=CARTESIAN_POINT('',(0.0232058084901834,0.0075,-0.0824982942708333));
#14910=CARTESIAN_POINT('',(0.0232095865648575,0.0075,-0.0814467383911459));
#14911=CARTESIAN_POINT('',(0.0235727518495584,0.0075,-0.0823764328342014));
#14912=CARTESIAN_POINT('',(0.0235727518495584,0.0085,-0.0823764328342014));
#14913=CARTESIAN_POINT('',(0.0234809405069658,0.0075,-0.082457673791956));
#14914=CARTESIAN_POINT('',(0.0234809405069658,0.0085,-0.082457673791956));
#14915=CARTESIAN_POINT('',(0.0233586260538408,0.0075,-0.0824982942708333));
#14916=CARTESIAN_POINT('',(0.0233586260538408,0.0085,-0.0824982942708333));
#14917=CARTESIAN_POINT('',(0.0232058084901834,0.0075,-0.0824982942708333));
#14918=CARTESIAN_POINT('',(0.0232058084901834,0.0085,-0.0824982942708333));
#14919=CARTESIAN_POINT('',(0.0235727518495584,0.0075,-0.0823764328342014));
#14920=CARTESIAN_POINT('',(0.0235727518495584,0.0075,-0.0823764328342014));
#14921=CARTESIAN_POINT('',(0.0235727518495584,0.0075,-0.0823764328342014));
#14922=CARTESIAN_POINT('',(0.0234350348356695,0.0075,-0.0824982942708333));
#14923=CARTESIAN_POINT('',(0.0232058084901834,0.0075,-0.0824982942708333));
#14924=CARTESIAN_POINT('',(0.0237104688634472,0.0075,-0.0820054123263889));
#14925=CARTESIAN_POINT('',(0.0237104688634472,0.0085,-0.0820054123263889));
#14926=CARTESIAN_POINT('',(0.0237104688634473,0.0075,-0.0821715183738426));
#14927=CARTESIAN_POINT('',(0.0237104688634473,0.0085,-0.0821715183738426));
#14928=CARTESIAN_POINT('',(0.023664563192151,0.0075,-0.0822951918764468));
#14929=CARTESIAN_POINT('',(0.023664563192151,0.0085,-0.0822951918764468));
#14930=CARTESIAN_POINT('',(0.0235727518495584,0.0075,-0.0823764328342014));
#14931=CARTESIAN_POINT('',(0.0235727518495584,0.0085,-0.0823764328342014));
#14932=CARTESIAN_POINT('',(0.0237104688634472,0.0075,-0.0820054123263889));
#14933=CARTESIAN_POINT('',(0.0237104668654567,0.0075,-0.0820054123243046));
#14934=CARTESIAN_POINT('',(0.0237104688634472,0.0075,-0.0820054123263889));
#14935=CARTESIAN_POINT('',(0.0237104688634472,0.0075,-0.0822545713975695));
#14936=CARTESIAN_POINT('',(0.0235727518495584,0.0075,-0.0823764328342014));
#14937=CARTESIAN_POINT('',(0.0228522943811002,0.0075,-0.0820045170619105));
#14938=CARTESIAN_POINT('',(0.0236479525874056,0.0075,-0.0816828645833333));
#14939=CARTESIAN_POINT('',(0.023648282947621,0.0075,-0.0816827201131385));
#14940=CARTESIAN_POINT('',(0.0228522943811002,0.0075,-0.0820045170619105));
#14941=CARTESIAN_POINT('',(0.0223049183393105,0.0075,-0.0822676267437446));
#14942=CARTESIAN_POINT('',(0.0234440951655306,0.0075,-0.0813444612630208));
#14943=CARTESIAN_POINT('',(0.0234440951655306,0.0075,-0.0813444612630208));
#14944=CARTESIAN_POINT('',(0.0223049183393105,0.0075,-0.0822676267437446));
#14945=CARTESIAN_POINT('',(0.0228406771967806,0.0075,-0.0806889463975694));
#14946=CARTESIAN_POINT('',(0.0228406771967806,0.0085,-0.0806889463975694));
#14947=CARTESIAN_POINT('',(0.0231487284120584,0.0075,-0.0810042458767361));
#14948=CARTESIAN_POINT('',(0.0231487284120584,0.0085,-0.0810042458767361));
#14949=CARTESIAN_POINT('',(0.023349867734975,0.0075,-0.0812227508318865));
#14950=CARTESIAN_POINT('',(0.023349867734975,0.0085,-0.0812227508318865));
#14951=CARTESIAN_POINT('',(0.0234440951655306,0.0075,-0.0813444612630208));
#14952=CARTESIAN_POINT('',(0.0234440951655306,0.0085,-0.0813444612630208));
#14953=CARTESIAN_POINT('',(0.0228406771967806,0.0075,-0.0806889463975694));
#14954=CARTESIAN_POINT('',(0.0228406771967806,0.0075,-0.0806889463975694));
#14955=CARTESIAN_POINT('',(0.0228406771967806,0.0075,-0.0806889463975694));
#14956=CARTESIAN_POINT('',(0.0233027540196972,0.0075,-0.0811618956163194));
#14957=CARTESIAN_POINT('',(0.0234440951655306,0.0075,-0.0813444612630208));
#14958=CARTESIAN_POINT('',(0.0223210672792458,0.0075,-0.0801639002821181));
#14959=CARTESIAN_POINT('',(0.0218014573617112,0.0075,-0.0796388541666667));
#14960=CARTESIAN_POINT('',(0.0218014573617112,0.0075,-0.0796388541666667));
#14961=CARTESIAN_POINT('',(0.0223210672792458,0.0075,-0.0801639002821181));
#14962=CARTESIAN_POINT('',(0.0218014573617112,0.0075,-0.0793344270833333));
#14963=CARTESIAN_POINT('',(0.0218014573617112,0.0075,-0.0793344270833333));
#14964=CARTESIAN_POINT('',(0.0639,0.0075,-0.04275));
#14965=CARTESIAN_POINT('',(0.0338707227696974,0.0075,-0.0822436990017361));
#14966=CARTESIAN_POINT('',(0.0338707227696974,0.0085,-0.0822436990017361));
#14967=CARTESIAN_POINT('',(0.0338707227696974,0.0075,-0.0819851775896991));
#14968=CARTESIAN_POINT('',(0.0338707227696974,0.0085,-0.0819851775896991));
#14969=CARTESIAN_POINT('',(0.0337923509163988,0.0075,-0.0817653135850695));
#14970=CARTESIAN_POINT('',(0.0337923509163988,0.0085,-0.0817653135850695));
#14971=CARTESIAN_POINT('',(0.0336356072098015,0.0075,-0.0815841069878472));
#14972=CARTESIAN_POINT('',(0.0336356072098015,0.0085,-0.0815841069878472));
#14973=CARTESIAN_POINT('',(0.0338707227696974,0.0075,-0.0822436990017361));
#14974=CARTESIAN_POINT('',(0.0338707227696974,0.0075,-0.0822436990017361));
#14975=CARTESIAN_POINT('',(0.0338707227696974,0.0075,-0.0822436990017361));
#14976=CARTESIAN_POINT('',(0.0338707227696974,0.0075,-0.0818559168836806));
#14977=CARTESIAN_POINT('',(0.0336356072098015,0.0075,-0.0815841069878472));
#14978=CARTESIAN_POINT('',(0.0336356072098015,0.0075,-0.0815841069878472));
#14979=CARTESIAN_POINT('',(0.0336356072098015,0.0075,-0.0815841069878472));
#14980=CARTESIAN_POINT('',(0.0334983432124057,0.0075,-0.082968072374132));
#14981=CARTESIAN_POINT('',(0.0334983432124057,0.0085,-0.082968072374132));
#14982=CARTESIAN_POINT('',(0.0337465962506001,0.0075,-0.082794416051794));
#14983=CARTESIAN_POINT('',(0.0337465962506001,0.0085,-0.082794416051794));
#14984=CARTESIAN_POINT('',(0.0338707227696974,0.0075,-0.0825529582609954));
#14985=CARTESIAN_POINT('',(0.0338707227696974,0.0085,-0.0825529582609954));
#14986=CARTESIAN_POINT('',(0.0338707227696974,0.0075,-0.0822436990017361));
#14987=CARTESIAN_POINT('',(0.0338707227696974,0.0085,-0.0822436990017361));
#14988=CARTESIAN_POINT('',(0.0334983432124057,0.0075,-0.082968072374132));
#14989=CARTESIAN_POINT('',(0.0334983432124057,0.0075,-0.082968072374132));
#14990=CARTESIAN_POINT('',(0.0334983432124057,0.0075,-0.082968072374132));
#14991=CARTESIAN_POINT('',(0.0338707227696974,0.0075,-0.082707587890625));
#14992=CARTESIAN_POINT('',(0.0338707227696974,0.0075,-0.0822436990017361));
#14993=CARTESIAN_POINT('',(0.0324835862679612,0.0075,-0.0832285568576389));
#14994=CARTESIAN_POINT('',(0.0324835862679612,0.0085,-0.0832285568576389));
#14995=CARTESIAN_POINT('',(0.0329118378593964,0.0075,-0.0832285568576389));
#14996=CARTESIAN_POINT('',(0.0329118378593964,0.0085,-0.0832285568576389));
#14997=CARTESIAN_POINT('',(0.0332500901742113,0.0075,-0.0831417286964699));
#14998=CARTESIAN_POINT('',(0.0332500901742113,0.0085,-0.0831417286964699));
#14999=CARTESIAN_POINT('',(0.0334983432124057,0.0075,-0.082968072374132));
#15000=CARTESIAN_POINT('',(0.0334983432124057,0.0085,-0.082968072374132));
#15001=CARTESIAN_POINT('',(0.0324835862679612,0.0075,-0.0832285568576389));
#15002=CARTESIAN_POINT('',(0.0324835862679612,0.0075,-0.0832285568576389));
#15003=CARTESIAN_POINT('',(0.0324835862679612,0.0075,-0.0832285568576389));
#15004=CARTESIAN_POINT('',(0.0331259636551141,0.0075,-0.0832285568576389));
#15005=CARTESIAN_POINT('',(0.0334983432124057,0.0075,-0.082968072374132));
#15006=CARTESIAN_POINT('',(0.0311326910856696,0.0075,-0.0828208420138889));
#15007=CARTESIAN_POINT('',(0.0311326910856696,0.0085,-0.0828208420138889));
#15008=CARTESIAN_POINT('',(0.0315102048298825,0.0075,-0.0830926519097222));
#15009=CARTESIAN_POINT('',(0.0315102048298825,0.0085,-0.0830926519097222));
#15010=CARTESIAN_POINT('',(0.0319605032239797,0.0075,-0.0832285568576389));
#15011=CARTESIAN_POINT('',(0.0319605032239797,0.0085,-0.0832285568576389));
#15012=CARTESIAN_POINT('',(0.0324835862679612,0.0075,-0.0832285568576389));
#15013=CARTESIAN_POINT('',(0.0324835862679612,0.0085,-0.0832285568576389));
#15014=CARTESIAN_POINT('',(0.0311326910856696,0.0075,-0.0828208420138889));
#15015=CARTESIAN_POINT('',(0.0311326910856696,0.0075,-0.0828208420138889));
#15016=CARTESIAN_POINT('',(0.0311326910856696,0.0075,-0.0828208420138889));
#15017=CARTESIAN_POINT('',(0.031698961701989,0.0075,-0.0832285568576389));
#15018=CARTESIAN_POINT('',(0.0324835862679612,0.0075,-0.0832285568576389));
#15019=CARTESIAN_POINT('',(0.0313351894580654,0.0075,-0.082519586046007));
#15020=CARTESIAN_POINT('',(0.0315381797481815,0.0075,-0.0822175982542236));
#15021=CARTESIAN_POINT('',(0.0315381797481815,0.0075,-0.0822175982542236));
#15022=CARTESIAN_POINT('',(0.0313351894580654,0.0075,-0.082519586046007));
#15023=CARTESIAN_POINT('',(0.0326881262145461,0.0075,-0.0805229819038978));
#15024=CARTESIAN_POINT('',(0.0320061068842807,0.0075,-0.0824529926215278));
#15025=CARTESIAN_POINT('',(0.0320059833343569,0.0075,-0.0824533347461139));
#15026=CARTESIAN_POINT('',(0.0326881262145461,0.0075,-0.0805229819038978));
#15027=CARTESIAN_POINT('',(0.0324305999969047,0.0075,-0.0811712656919692));
#15028=CARTESIAN_POINT('',(0.0324210699919196,0.0075,-0.0825209450954861));
#15029=CARTESIAN_POINT('',(0.0324210699919196,0.0075,-0.0825209450954861));
#15030=CARTESIAN_POINT('',(0.0324305999969047,0.0075,-0.0811712656919692));
#15031=CARTESIAN_POINT('',(0.0330099914328918,0.0075,-0.0820507139756945));
#15032=CARTESIAN_POINT('',(0.0330099914328918,0.0085,-0.0820507139756945));
#15033=CARTESIAN_POINT('',(0.0330099914328918,0.0075,-0.0823642013888889));
#15034=CARTESIAN_POINT('',(0.0330099914328918,0.0085,-0.0823642013888889));
#15035=CARTESIAN_POINT('',(0.0328136842859011,0.0075,-0.0825209450954861));
#15036=CARTESIAN_POINT('',(0.0328136842859011,0.0085,-0.0825209450954861));
#15037=CARTESIAN_POINT('',(0.0324210699919196,0.0075,-0.0825209450954861));
#15038=CARTESIAN_POINT('',(0.0324210699919196,0.0085,-0.0825209450954861));
#15039=CARTESIAN_POINT('',(0.0330099914328918,0.0075,-0.0820507139756945));
#15040=CARTESIAN_POINT('',(0.0330099914328918,0.0075,-0.0820507139756945));
#15041=CARTESIAN_POINT('',(0.0330099914328918,0.0075,-0.0820507139756945));
#15042=CARTESIAN_POINT('',(0.0330099914328918,0.0075,-0.0825209450954861));
#15043=CARTESIAN_POINT('',(0.0324210699919196,0.0075,-0.0825209450954861));
#15044=CARTESIAN_POINT('',(0.0327875603348015,0.0075,-0.0816194422743056));
#15045=CARTESIAN_POINT('',(0.0327875603348015,0.0085,-0.0816194422743056));
#15046=CARTESIAN_POINT('',(0.0329358477335284,0.0075,-0.0817034013310185));
#15047=CARTESIAN_POINT('',(0.0329358477335284,0.0085,-0.0817034013310185));
#15048=CARTESIAN_POINT('',(0.0330099914328918,0.0075,-0.0818471585648148));
#15049=CARTESIAN_POINT('',(0.0330099914328918,0.0085,-0.0818471585648148));
#15050=CARTESIAN_POINT('',(0.0330099914328918,0.0075,-0.0820507139756945));
#15051=CARTESIAN_POINT('',(0.0330099914328918,0.0085,-0.0820507139756945));
#15052=CARTESIAN_POINT('',(0.0327875603348015,0.0075,-0.0816194422743056));
#15053=CARTESIAN_POINT('',(0.0327875603348015,0.0075,-0.0816194422743056));
#15054=CARTESIAN_POINT('',(0.0327875603348015,0.0075,-0.0816194422743056));
#15055=CARTESIAN_POINT('',(0.0330099914328918,0.0075,-0.081745380859375));
#15056=CARTESIAN_POINT('',(0.0330099914328918,0.0075,-0.0820507139756945));
#15057=CARTESIAN_POINT('',(0.0320840257210862,0.0075,-0.0814935036892361));
#15058=CARTESIAN_POINT('',(0.0320840257210862,0.0085,-0.0814935036892361));
#15059=CARTESIAN_POINT('',(0.0324047613981696,0.0075,-0.0814935036892361));
#15060=CARTESIAN_POINT('',(0.0324047613981696,0.0085,-0.0814935036892361));
#15061=CARTESIAN_POINT('',(0.0326392729360747,0.0075,-0.0815354832175926));
#15062=CARTESIAN_POINT('',(0.0326392729360747,0.0085,-0.0815354832175926));
#15063=CARTESIAN_POINT('',(0.0327875603348015,0.0075,-0.0816194422743056));
#15064=CARTESIAN_POINT('',(0.0327875603348015,0.0085,-0.0816194422743056));
#15065=CARTESIAN_POINT('',(0.0320840257210862,0.0075,-0.0814935036892361));
#15066=CARTESIAN_POINT('',(0.0320840257210862,0.0075,-0.0814935036892361));
#15067=CARTESIAN_POINT('',(0.0320840257210862,0.0075,-0.0814935036892361));
#15068=CARTESIAN_POINT('',(0.0325651292367113,0.0075,-0.0814935036892361));
#15069=CARTESIAN_POINT('',(0.0327875603348015,0.0075,-0.0816194422743056));
#15070=CARTESIAN_POINT('',(0.0319241108990377,0.0075,-0.0814935036892361));
#15071=CARTESIAN_POINT('',(0.031764196076989,0.0075,-0.0814935036892361));
#15072=CARTESIAN_POINT('',(0.031764196076989,0.0075,-0.0814935036892361));
#15073=CARTESIAN_POINT('',(0.0319241108990377,0.0075,-0.0814935036892361));
#15074=CARTESIAN_POINT('',(0.031764196076989,0.0075,-0.0811578184678819));
#15075=CARTESIAN_POINT('',(0.031764196076989,0.0075,-0.0808221332465278));
#15076=CARTESIAN_POINT('',(0.031764196076989,0.0075,-0.0808221332465278));
#15077=CARTESIAN_POINT('',(0.031764196076989,0.0075,-0.0811578184678819));
#15078=CARTESIAN_POINT('',(0.0319213928000793,0.0075,-0.0808221332465278));
#15079=CARTESIAN_POINT('',(0.0320785895231695,0.0075,-0.0808221332465278));
#15080=CARTESIAN_POINT('',(0.0320785895231695,0.0075,-0.0808221332465278));
#15081=CARTESIAN_POINT('',(0.0319213928000793,0.0075,-0.0808221332465278));
#15082=CARTESIAN_POINT('',(0.0328373921490377,0.0075,-0.0807002718098958));
#15083=CARTESIAN_POINT('',(0.0328373921490377,0.0085,-0.0807002718098958));
#15084=CARTESIAN_POINT('',(0.0326788363764682,0.0075,-0.0807815127676505));
#15085=CARTESIAN_POINT('',(0.0326788363764682,0.0085,-0.0807815127676505));
#15086=CARTESIAN_POINT('',(0.0324259021678455,0.0075,-0.0808221332465278));
#15087=CARTESIAN_POINT('',(0.0324259021678455,0.0085,-0.0808221332465278));
#15088=CARTESIAN_POINT('',(0.0320785895231695,0.0075,-0.0808221332465278));
#15089=CARTESIAN_POINT('',(0.0320785895231695,0.0085,-0.0808221332465278));
#15090=CARTESIAN_POINT('',(0.0328373921490377,0.0075,-0.0807002718098958));
#15091=CARTESIAN_POINT('',(0.0328373921490377,0.0075,-0.0807002718098958));
#15092=CARTESIAN_POINT('',(0.0328373921490377,0.0075,-0.0807002718098958));
#15093=CARTESIAN_POINT('',(0.0325995584901835,0.0075,-0.0808221332465278));
#15094=CARTESIAN_POINT('',(0.0320785895231695,0.0075,-0.0808221332465278));
#15095=CARTESIAN_POINT('',(0.0330752258078918,0.0075,-0.0802875737847222));
#15096=CARTESIAN_POINT('',(0.0330752258078918,0.0085,-0.0802875737847222));
#15097=CARTESIAN_POINT('',(0.0330752258078918,0.0075,-0.08048146484375));
#15098=CARTESIAN_POINT('',(0.0330752258078918,0.0085,-0.08048146484375));
#15099=CARTESIAN_POINT('',(0.0329959479216071,0.0075,-0.0806190308521412));
#15100=CARTESIAN_POINT('',(0.0329959479216071,0.0085,-0.0806190308521412));
#15101=CARTESIAN_POINT('',(0.0328373921490377,0.0075,-0.0807002718098958));
#15102=CARTESIAN_POINT('',(0.0328373921490377,0.0085,-0.0807002718098958));
#15103=CARTESIAN_POINT('',(0.0330752258078918,0.0075,-0.0802875737847222));
#15104=CARTESIAN_POINT('',(0.0330752258078918,0.0075,-0.0802875737847222));
#15105=CARTESIAN_POINT('',(0.0330752258078918,0.0075,-0.0802875737847222));
#15106=CARTESIAN_POINT('',(0.0330752258078918,0.0075,-0.0805784103732639));
#15107=CARTESIAN_POINT('',(0.0328373921490377,0.0075,-0.0807002718098958));
#15108=CARTESIAN_POINT('',(0.0328686502870585,0.0075,-0.0798141715494792));
#15109=CARTESIAN_POINT('',(0.0328686502870585,0.0085,-0.0798141715494792));
#15110=CARTESIAN_POINT('',(0.0330063673009473,0.0075,-0.0799123251229745));
#15111=CARTESIAN_POINT('',(0.0330063673009473,0.0085,-0.0799123251229745));
#15112=CARTESIAN_POINT('',(0.0330752258078918,0.0075,-0.0800701258680555));
#15113=CARTESIAN_POINT('',(0.0330752258078918,0.0085,-0.0800701258680555));
#15114=CARTESIAN_POINT('',(0.0330752258078918,0.0075,-0.0802875737847222));
#15115=CARTESIAN_POINT('',(0.0330752258078918,0.0085,-0.0802875737847222));
#15116=CARTESIAN_POINT('',(0.0328686502870585,0.0075,-0.0798141715494792));
#15117=CARTESIAN_POINT('',(0.0328686502870585,0.0075,-0.0798141715494792));
#15118=CARTESIAN_POINT('',(0.0328686502870585,0.0075,-0.0798141715494792));
#15119=CARTESIAN_POINT('',(0.0330752258078918,0.0075,-0.0799614019097222));
#15120=CARTESIAN_POINT('',(0.0330752258078918,0.0075,-0.0802875737847222));
#15121=CARTESIAN_POINT('',(0.0322280849658779,0.0075,-0.0796669411892361));
#15122=CARTESIAN_POINT('',(0.0322280849658779,0.0085,-0.0796669411892361));
#15123=CARTESIAN_POINT('',(0.0325174114994427,0.0075,-0.0796669411892361));
#15124=CARTESIAN_POINT('',(0.0325174114994427,0.0085,-0.0796669411892361));
#15125=CARTESIAN_POINT('',(0.0327309332731696,0.0075,-0.0797160179759838));
#15126=CARTESIAN_POINT('',(0.0327309332731696,0.0085,-0.0797160179759838));
#15127=CARTESIAN_POINT('',(0.0328686502870585,0.0075,-0.0798141715494792));
#15128=CARTESIAN_POINT('',(0.0328686502870585,0.0085,-0.0798141715494792));
#15129=CARTESIAN_POINT('',(0.0322280849658779,0.0075,-0.0796669411892361));
#15130=CARTESIAN_POINT('',(0.0322280849658779,0.0075,-0.0796669411892361));
#15131=CARTESIAN_POINT('',(0.0322280849658779,0.0075,-0.0796669411892361));
#15132=CARTESIAN_POINT('',(0.0326620747662252,0.0075,-0.0796669411892361));
#15133=CARTESIAN_POINT('',(0.0328686502870585,0.0075,-0.0798141715494792));
#15134=CARTESIAN_POINT('',(0.0322365805799566,0.0075,-0.0818927542190915));
#15135=CARTESIAN_POINT('',(0.0316563781516418,0.0075,-0.0797435009765625));
#15136=CARTESIAN_POINT('',(0.0316564124667263,0.0075,-0.079743630231966));
#15137=CARTESIAN_POINT('',(0.0322365805799566,0.0075,-0.0818927542190915));
#15138=CARTESIAN_POINT('',(0.0323325765125634,0.0075,-0.0823642044459025));
#15139=CARTESIAN_POINT('',(0.0311272548877529,0.0075,-0.0799411726359274));
#15140=CARTESIAN_POINT('',(0.0311272548877529,0.0075,-0.0799411726359274));
#15141=CARTESIAN_POINT('',(0.0323325765125634,0.0075,-0.0823642044459025));
#15142=CARTESIAN_POINT('',(0.0311272548877529,0.0075,-0.0795690896267361));
#15143=CARTESIAN_POINT('',(0.0311272548877529,0.0075,-0.0791967100694444));
#15144=CARTESIAN_POINT('',(0.0311272548877529,0.0075,-0.0791967100694444));
#15145=CARTESIAN_POINT('',(0.0311272548877529,0.0075,-0.0795690896267361));
#15146=CARTESIAN_POINT('',(0.0323223123964335,0.0075,-0.078972919921875));
#15147=CARTESIAN_POINT('',(0.0323223123964335,0.0085,-0.078972919921875));
#15148=CARTESIAN_POINT('',(0.0318729200353223,0.0075,-0.078972919921875));
#15149=CARTESIAN_POINT('',(0.0318729200353223,0.0085,-0.078972919921875));
#15150=CARTESIAN_POINT('',(0.0314745675324288,0.0075,-0.0790475166377315));
#15151=CARTESIAN_POINT('',(0.0314745675324288,0.0085,-0.0790475166377315));
#15152=CARTESIAN_POINT('',(0.0311272548877529,0.0075,-0.0791967100694444));
#15153=CARTESIAN_POINT('',(0.0311272548877529,0.0085,-0.0791967100694444));
#15154=CARTESIAN_POINT('',(0.0323223123964335,0.0075,-0.078972919921875));
#15155=CARTESIAN_POINT('',(0.0323223123964335,0.0075,-0.078972919921875));
#15156=CARTESIAN_POINT('',(0.0323223123964335,0.0075,-0.078972919921875));
#15157=CARTESIAN_POINT('',(0.0316482238547668,0.0075,-0.078972919921875));
#15158=CARTESIAN_POINT('',(0.0311272548877529,0.0075,-0.0791967100694444));
#15159=CARTESIAN_POINT('',(0.0335590474224751,0.0075,-0.0793058870442708));
#15160=CARTESIAN_POINT('',(0.0335590474224751,0.0085,-0.0793058870442708));
#15161=CARTESIAN_POINT('',(0.0332703249109011,0.0075,-0.0790839089626736));
#15162=CARTESIAN_POINT('',(0.0332703249109011,0.0085,-0.0790839089626736));
#15163=CARTESIAN_POINT('',(0.0328580799022205,0.0075,-0.078972919921875));
#15164=CARTESIAN_POINT('',(0.0328580799022205,0.0085,-0.078972919921875));
#15165=CARTESIAN_POINT('',(0.0323223123964335,0.0075,-0.078972919921875));
#15166=CARTESIAN_POINT('',(0.0323223123964335,0.0085,-0.078972919921875));
#15167=CARTESIAN_POINT('',(0.0335590474224751,0.0075,-0.0793058870442708));
#15168=CARTESIAN_POINT('',(0.0335590474224751,0.0075,-0.0793058870442708));
#15169=CARTESIAN_POINT('',(0.0335590474224751,0.0075,-0.0793058870442708));
#15170=CARTESIAN_POINT('',(0.0331259636551141,0.0075,-0.078972919921875));
#15171=CARTESIAN_POINT('',(0.0323223123964335,0.0075,-0.078972919921875));
#15172=CARTESIAN_POINT('',(0.0339921311898363,0.0075,-0.0802359299045139));
#15173=CARTESIAN_POINT('',(0.0339921311898363,0.0085,-0.0802359299045139));
#15174=CARTESIAN_POINT('',(0.0339921311898363,0.0075,-0.0798378794126158));
#15175=CARTESIAN_POINT('',(0.0339921311898363,0.0085,-0.0798378794126158));
#15176=CARTESIAN_POINT('',(0.0338477699340492,0.0075,-0.0795278651258681));
#15177=CARTESIAN_POINT('',(0.0338477699340492,0.0085,-0.0795278651258681));
#15178=CARTESIAN_POINT('',(0.0335590474224751,0.0075,-0.0793058870442708));
#15179=CARTESIAN_POINT('',(0.0335590474224751,0.0085,-0.0793058870442708));
#15180=CARTESIAN_POINT('',(0.0339921311898363,0.0075,-0.0802359299045139));
#15181=CARTESIAN_POINT('',(0.0339921311898363,0.0075,-0.0802359299045139));
#15182=CARTESIAN_POINT('',(0.0339921311898363,0.0075,-0.0802359299045139));
#15183=CARTESIAN_POINT('',(0.0339921311898363,0.0075,-0.0796388541666667));
#15184=CARTESIAN_POINT('',(0.0335590474224751,0.0075,-0.0793058870442708));
#15185=CARTESIAN_POINT('',(0.0337348178217807,0.0075,-0.0808887266710069));
#15186=CARTESIAN_POINT('',(0.0337348178217807,0.0085,-0.0808887266710069));
#15187=CARTESIAN_POINT('',(0.0339063600671511,0.0075,-0.0807271507884838));
#15188=CARTESIAN_POINT('',(0.0339063600671511,0.0085,-0.0807271507884838));
#15189=CARTESIAN_POINT('',(0.0339921311898363,0.0075,-0.0805095518663194));
#15190=CARTESIAN_POINT('',(0.0339921311898363,0.0085,-0.0805095518663194));
#15191=CARTESIAN_POINT('',(0.0339921311898363,0.0075,-0.0802359299045139));
#15192=CARTESIAN_POINT('',(0.0339921311898363,0.0085,-0.0802359299045139));
#15193=CARTESIAN_POINT('',(0.0337348178217807,0.0075,-0.0808887266710069));
#15194=CARTESIAN_POINT('',(0.0337348178217807,0.0075,-0.0808887266710069));
#15195=CARTESIAN_POINT('',(0.0337348178217807,0.0075,-0.0808887266710069));
#15196=CARTESIAN_POINT('',(0.0339921311898363,0.0075,-0.0806463628472222));
#15197=CARTESIAN_POINT('',(0.0339921311898363,0.0075,-0.0802359299045139));
#15198=CARTESIAN_POINT('',(0.0329755621794196,0.0075,-0.0811936067708333));
#15199=CARTESIAN_POINT('',(0.0329755621794196,0.0085,-0.0811936067708333));
#15200=CARTESIAN_POINT('',(0.03331019036229,0.0075,-0.0811519292534722));
#15201=CARTESIAN_POINT('',(0.03331019036229,0.0085,-0.0811519292534722));
#15202=CARTESIAN_POINT('',(0.0335632755764103,0.0075,-0.0810503025535301));
#15203=CARTESIAN_POINT('',(0.0335632755764103,0.0085,-0.0810503025535301));
#15204=CARTESIAN_POINT('',(0.0337348178217807,0.0075,-0.0808887266710069));
#15205=CARTESIAN_POINT('',(0.0337348178217807,0.0085,-0.0808887266710069));
#15206=CARTESIAN_POINT('',(0.0329755621794196,0.0075,-0.0811936067708333));
#15207=CARTESIAN_POINT('',(0.0329755621794196,0.0075,-0.0811936067708333));
#15208=CARTESIAN_POINT('',(0.0329755621794196,0.0075,-0.0811936067708333));
#15209=CARTESIAN_POINT('',(0.0334775044537251,0.0075,-0.0811310904947917));
#15210=CARTESIAN_POINT('',(0.0337348178217807,0.0075,-0.0808887266710069));
#15211=CARTESIAN_POINT('',(0.0329755621794196,0.0075,-0.0812017610677083));
#15212=CARTESIAN_POINT('',(0.0329755621794196,0.0075,-0.0812099153645833));
#15213=CARTESIAN_POINT('',(0.0329755621794196,0.0075,-0.0812099153645833));
#15214=CARTESIAN_POINT('',(0.0329755621794196,0.0075,-0.0812017610677083));
#15215=CARTESIAN_POINT('',(0.0336356072098015,0.0075,-0.0815841069878472));
#15216=CARTESIAN_POINT('',(0.0336356072098015,0.0085,-0.0815841069878472));
#15217=CARTESIAN_POINT('',(0.0334788635032043,0.0075,-0.081402900390625));
#15218=CARTESIAN_POINT('',(0.0334788635032043,0.0085,-0.081402900390625));
#15219=CARTESIAN_POINT('',(0.033258848493077,0.0075,-0.081278169849537));
#15220=CARTESIAN_POINT('',(0.033258848493077,0.0085,-0.081278169849537));
#15221=CARTESIAN_POINT('',(0.0329755621794196,0.0075,-0.0812099153645833));
#15222=CARTESIAN_POINT('',(0.0329755621794196,0.0085,-0.0812099153645833));
#15223=CARTESIAN_POINT('',(0.0336356072098015,0.0075,-0.0815841069878472));
#15224=CARTESIAN_POINT('',(0.0334004916499057,0.0075,-0.0813122970920139));
#15225=CARTESIAN_POINT('',(0.0329755621794196,0.0075,-0.0812099153645833));
#15226=CARTESIAN_POINT('',(0.0639,0.0075,-0.04275));
#15227=CARTESIAN_POINT('',(0.0501486964736933,0.0075,-0.0816747102864584));
#15228=CARTESIAN_POINT('',(0.0501486964736933,0.0085,-0.0816747102864584));
#15229=CARTESIAN_POINT('',(0.0505485590315636,0.0075,-0.0816747102864584));
#15230=CARTESIAN_POINT('',(0.0505485590315636,0.0085,-0.0816747102864584));
#15231=CARTESIAN_POINT('',(0.0508670296261817,0.0075,-0.0815623621961806));
#15232=CARTESIAN_POINT('',(0.0508670296261817,0.0085,-0.0815623621961806));
#15233=CARTESIAN_POINT('',(0.0511041082575474,0.0075,-0.081337666015625));
#15234=CARTESIAN_POINT('',(0.0511041082575474,0.0085,-0.081337666015625));
#15235=CARTESIAN_POINT('',(0.0501486964736933,0.0075,-0.0816747102864584));
#15236=CARTESIAN_POINT('',(0.0501486964736933,0.0075,-0.0816747102864584));
#15237=CARTESIAN_POINT('',(0.0501486964736933,0.0075,-0.0816747102864584));
#15238=CARTESIAN_POINT('',(0.0507484903104988,0.0075,-0.0816747102864584));
#15239=CARTESIAN_POINT('',(0.0511041082575474,0.0075,-0.081337666015625));
#15240=CARTESIAN_POINT('',(0.0511041082575474,0.0075,-0.081337666015625));
#15241=CARTESIAN_POINT('',(0.0511041082575474,0.0075,-0.081337666015625));
#15242=CARTESIAN_POINT('',(0.0501099460125527,0.0075,-0.0797056768698162));
#15243=CARTESIAN_POINT('',(0.0497210489042488,0.0075,-0.0816348448350695));
#15244=CARTESIAN_POINT('',(0.0497209733233732,0.00750000025,-0.0816352197625269));
#15245=CARTESIAN_POINT('',(0.0501099460125527,0.0075,-0.0797056768698162));
#15246=CARTESIAN_POINT('',(0.0496716701065058,0.0075,-0.0816248784722223));
#15247=CARTESIAN_POINT('',(0.0496222913087627,0.0075,-0.081614912109375));
#15248=CARTESIAN_POINT('',(0.0496222913087627,0.0075,-0.081614912109375));
#15249=CARTESIAN_POINT('',(0.0496716701065058,0.0075,-0.0816248784722223));
#15250=CARTESIAN_POINT('',(0.0496603446941794,0.0075,-0.0820212679036459));
#15251=CARTESIAN_POINT('',(0.049698398079596,0.0075,-0.0824276236979167));
#15252=CARTESIAN_POINT('',(0.049698398079596,0.0075,-0.0824276236979167));
#15253=CARTESIAN_POINT('',(0.0496603446941794,0.0075,-0.0820212679036459));
#15254=CARTESIAN_POINT('',(0.0504372679797697,0.0075,-0.0824276236979167));
#15255=CARTESIAN_POINT('',(0.0511761378799433,0.0075,-0.0824276236979167));
#15256=CARTESIAN_POINT('',(0.0511761378799433,0.0075,-0.0824276236979167));
#15257=CARTESIAN_POINT('',(0.0504372679797697,0.0075,-0.0824276236979167));
#15258=CARTESIAN_POINT('',(0.0511761378799433,0.0075,-0.0827986442057292));
#15259=CARTESIAN_POINT('',(0.0511761378799433,0.0075,-0.0831696647135417));
#15260=CARTESIAN_POINT('',(0.0511761378799433,0.0075,-0.0831696647135417));
#15261=CARTESIAN_POINT('',(0.0511761378799433,0.0075,-0.0827986442057292));
#15262=CARTESIAN_POINT('',(0.0500535630101516,0.0075,-0.0831696647135417));
#15263=CARTESIAN_POINT('',(0.0489309881403599,0.0075,-0.0831696647135417));
#15264=CARTESIAN_POINT('',(0.0489309881403599,0.0075,-0.0831696647135417));
#15265=CARTESIAN_POINT('',(0.0500535630101516,0.0075,-0.0831696647135417));
#15266=CARTESIAN_POINT('',(0.0488530693035544,0.0075,-0.0821150423177084));
#15267=CARTESIAN_POINT('',(0.0487751504667488,0.0075,-0.081060419921875));
#15268=CARTESIAN_POINT('',(0.0487751504667488,0.0075,-0.081060419921875));
#15269=CARTESIAN_POINT('',(0.0488530693035544,0.0075,-0.0821150423177084));
#15270=CARTESIAN_POINT('',(0.0489495618165752,0.0075,-0.0809666455078125));
#15271=CARTESIAN_POINT('',(0.0491234965249052,0.0075,-0.0808731273659312));
#15272=CARTESIAN_POINT('',(0.0491234965249052,0.0075,-0.0808731273659312));
#15273=CARTESIAN_POINT('',(0.0489495618165752,0.0075,-0.0809666455078125));
#15274=CARTESIAN_POINT('',(0.0497818334718758,0.0075,-0.0785415154728682));
#15275=CARTESIAN_POINT('',(0.0494184338868877,0.0075,-0.0809371994357639));
#15276=CARTESIAN_POINT('',(0.0494184581603832,0.0075,-0.0809370423309437));
#15277=CARTESIAN_POINT('',(0.0497818334718758,0.0075,-0.0785415154728682));
#15278=CARTESIAN_POINT('',(0.0497711024603378,0.0075,-0.0789126094727765));
#15279=CARTESIAN_POINT('',(0.0497491359268183,0.0075,-0.0809670985243056));
#15280=CARTESIAN_POINT('',(0.0497491359268183,0.0075,-0.0809670985243056));
#15281=CARTESIAN_POINT('',(0.0497711024603378,0.0075,-0.0789126094727765));
#15282=CARTESIAN_POINT('',(0.050579062142096,0.0075,-0.0803410297309028));
#15283=CARTESIAN_POINT('',(0.050579062142096,0.0085,-0.0803410297309028));
#15284=CARTESIAN_POINT('',(0.050579062142096,0.0075,-0.0807584089265047));
#15285=CARTESIAN_POINT('',(0.050579062142096,0.0085,-0.0807584089265047));
#15286=CARTESIAN_POINT('',(0.0503024200703368,0.0075,-0.0809670985243056));
#15287=CARTESIAN_POINT('',(0.0503024200703368,0.0085,-0.0809670985243056));
#15288=CARTESIAN_POINT('',(0.0497491359268183,0.0075,-0.0809670985243056));
#15289=CARTESIAN_POINT('',(0.0497491359268183,0.0085,-0.0809670985243056));
#15290=CARTESIAN_POINT('',(0.050579062142096,0.0075,-0.0803410297309028));
#15291=CARTESIAN_POINT('',(0.050579062142096,0.0075,-0.0803410297309028));
#15292=CARTESIAN_POINT('',(0.050579062142096,0.0075,-0.0803410297309028));
#15293=CARTESIAN_POINT('',(0.050579062142096,0.0075,-0.0809670985243056));
#15294=CARTESIAN_POINT('',(0.0497491359268183,0.0075,-0.0809670985243056));
#15295=CARTESIAN_POINT('',(0.0497772229493877,0.0075,-0.0796841558159723));
#15296=CARTESIAN_POINT('',(0.0497772229493877,0.0085,-0.0796841558159723));
#15297=CARTESIAN_POINT('',(0.0503117824111932,0.0075,-0.0796841558159723));
#15298=CARTESIAN_POINT('',(0.0503117824111932,0.0085,-0.0796841558159723));
#15299=CARTESIAN_POINT('',(0.050579062142096,0.0075,-0.0799031137876158));
#15300=CARTESIAN_POINT('',(0.050579062142096,0.0085,-0.0799031137876158));
#15301=CARTESIAN_POINT('',(0.050579062142096,0.0075,-0.0803410297309028));
#15302=CARTESIAN_POINT('',(0.050579062142096,0.0085,-0.0803410297309028));
#15303=CARTESIAN_POINT('',(0.0497772229493877,0.0075,-0.0796841558159723));
#15304=CARTESIAN_POINT('',(0.0497772229493877,0.0075,-0.0796841558159723));
#15305=CARTESIAN_POINT('',(0.0497772229493877,0.0075,-0.0796841558159723));
#15306=CARTESIAN_POINT('',(0.050579062142096,0.0075,-0.0796841558159723));
#15307=CARTESIAN_POINT('',(0.050579062142096,0.0075,-0.0803410297309028));
#15308=CARTESIAN_POINT('',(0.0498021874905019,0.0075,-0.0819901137394928));
#15309=CARTESIAN_POINT('',(0.0492141234485197,0.0075,-0.0797593565538195));
#15310=CARTESIAN_POINT('',(0.0492141909958288,0.0075,-0.0797596210908367));
#15311=CARTESIAN_POINT('',(0.0498021874905019,0.0075,-0.0819901137394928));
#15312=CARTESIAN_POINT('',(0.0497534021833442,0.0075,-0.0820160603461441));
#15313=CARTESIAN_POINT('',(0.0486936074979988,0.0075,-0.0799526074602215));
#15314=CARTESIAN_POINT('',(0.0486936074979988,0.0075,-0.0799526074602215));
#15315=CARTESIAN_POINT('',(0.0497534021833442,0.0075,-0.0820160603461441));
#15316=CARTESIAN_POINT('',(0.0486936074979988,0.0075,-0.0795749788411459));
#15317=CARTESIAN_POINT('',(0.0486936074979988,0.0075,-0.0791967100694445));
#15318=CARTESIAN_POINT('',(0.0486936074979988,0.0075,-0.0791967100694445));
#15319=CARTESIAN_POINT('',(0.0486936074979988,0.0075,-0.0795749788411459));
#15320=CARTESIAN_POINT('',(0.0498089341039016,0.0075,-0.078972919921875));
#15321=CARTESIAN_POINT('',(0.0498089341039016,0.0085,-0.078972919921875));
#15322=CARTESIAN_POINT('',(0.0493480653249664,0.0075,-0.078972919921875));
#15323=CARTESIAN_POINT('',(0.0493480653249664,0.0085,-0.078972919921875));
#15324=CARTESIAN_POINT('',(0.0489762897896655,0.0075,-0.0790475166377315));
#15325=CARTESIAN_POINT('',(0.0489762897896655,0.0085,-0.0790475166377315));
#15326=CARTESIAN_POINT('',(0.0486936074979988,0.0075,-0.0791967100694445));
#15327=CARTESIAN_POINT('',(0.0486936074979988,0.0085,-0.0791967100694445));
#15328=CARTESIAN_POINT('',(0.0498089341039016,0.0075,-0.078972919921875));
#15329=CARTESIAN_POINT('',(0.0498089341039016,0.0075,-0.078972919921875));
#15330=CARTESIAN_POINT('',(0.0498089341039016,0.0075,-0.078972919921875));
#15331=CARTESIAN_POINT('',(0.0491176309354988,0.0075,-0.078972919921875));
#15332=CARTESIAN_POINT('',(0.0486936074979988,0.0075,-0.0791967100694445));
#15333=CARTESIAN_POINT('',(0.0510320786351516,0.0075,-0.0793471115451389));
#15334=CARTESIAN_POINT('',(0.0510320786351516,0.0085,-0.0793471115451389));
#15335=CARTESIAN_POINT('',(0.050746980255522,0.0075,-0.079097650462963));
#15336=CARTESIAN_POINT('',(0.050746980255522,0.0085,-0.079097650462963));
#15337=CARTESIAN_POINT('',(0.050339265411772,0.0075,-0.078972919921875));
#15338=CARTESIAN_POINT('',(0.050339265411772,0.0085,-0.078972919921875));
#15339=CARTESIAN_POINT('',(0.0498089341039016,0.0075,-0.078972919921875));
#15340=CARTESIAN_POINT('',(0.0498089341039016,0.0085,-0.078972919921875));
#15341=CARTESIAN_POINT('',(0.0510320786351516,0.0075,-0.0793471115451389));
#15342=CARTESIAN_POINT('',(0.0510320786351516,0.0075,-0.0793471115451389));
#15343=CARTESIAN_POINT('',(0.0510320786351516,0.0075,-0.0793471115451389));
#15344=CARTESIAN_POINT('',(0.0506044310657072,0.0075,-0.078972919921875));
#15345=CARTESIAN_POINT('',(0.0498089341039016,0.0075,-0.078972919921875));
#15346=CARTESIAN_POINT('',(0.051459726204596,0.0075,-0.0804144184027778));
#15347=CARTESIAN_POINT('',(0.051459726204596,0.0085,-0.0804144184027778));
#15348=CARTESIAN_POINT('',(0.051459726204596,0.0075,-0.0799523415798611));
#15349=CARTESIAN_POINT('',(0.051459726204596,0.0085,-0.0799523415798611));
#15350=CARTESIAN_POINT('',(0.0513171770147812,0.0075,-0.0795965726273148));
#15351=CARTESIAN_POINT('',(0.0513171770147812,0.0085,-0.0795965726273148));
#15352=CARTESIAN_POINT('',(0.0510320786351516,0.0075,-0.0793471115451389));
#15353=CARTESIAN_POINT('',(0.0510320786351516,0.0085,-0.0793471115451389));
#15354=CARTESIAN_POINT('',(0.051459726204596,0.0075,-0.0804144184027778));
#15355=CARTESIAN_POINT('',(0.051459726204596,0.0075,-0.0804144184027778));
#15356=CARTESIAN_POINT('',(0.051459726204596,0.0075,-0.0804144184027778));
#15357=CARTESIAN_POINT('',(0.051459726204596,0.0075,-0.0797213031684028));
#15358=CARTESIAN_POINT('',(0.0510320786351516,0.0075,-0.0793471115451389));
#15359=CARTESIAN_POINT('',(0.0511041082575474,0.0075,-0.081337666015625));
#15360=CARTESIAN_POINT('',(0.0511041082575474,0.0085,-0.081337666015625));
#15361=CARTESIAN_POINT('',(0.0513411868889131,0.0075,-0.0811129698350695));
#15362=CARTESIAN_POINT('',(0.0513411868889131,0.0085,-0.0811129698350695));
#15363=CARTESIAN_POINT('',(0.051459726204596,0.0075,-0.0808052206307871));
#15364=CARTESIAN_POINT('',(0.051459726204596,0.0085,-0.0808052206307871));
#15365=CARTESIAN_POINT('',(0.051459726204596,0.0075,-0.0804144184027778));
#15366=CARTESIAN_POINT('',(0.051459726204596,0.0085,-0.0804144184027778));
#15367=CARTESIAN_POINT('',(0.0511041082575474,0.0075,-0.081337666015625));
#15368=CARTESIAN_POINT('',(0.051459726204596,0.0075,-0.0810006217447917));
#15369=CARTESIAN_POINT('',(0.051459726204596,0.0075,-0.0804144184027778));
#15370=CARTESIAN_POINT('',(0.0639,0.0075,-0.04275));
#15371=CARTESIAN_POINT('',(0.0678055374405453,0.0075,-0.0807288118489584));
#15372=CARTESIAN_POINT('',(0.067028161138462,0.0075,-0.07903));
#15373=CARTESIAN_POINT('',(0.067028161138462,0.0075,-0.07903));
#15374=CARTESIAN_POINT('',(0.0678055374405453,0.0075,-0.0807288118489584));
#15375=CARTESIAN_POINT('',(0.0685829137426287,0.0075,-0.0824276236979167));
#15376=CARTESIAN_POINT('',(0.0685829137426287,0.0075,-0.0824276236979167));
#15377=CARTESIAN_POINT('',(0.0674870668459273,0.0075,-0.07903));
#15378=CARTESIAN_POINT('',(0.0679459725533926,0.0075,-0.07903));
#15379=CARTESIAN_POINT('',(0.0679459725533926,0.0075,-0.07903));
#15380=CARTESIAN_POINT('',(0.0674870668459273,0.0075,-0.07903));
#15381=CARTESIAN_POINT('',(0.0687287850533925,0.0075,-0.0808221332465278));
#15382=CARTESIAN_POINT('',(0.0695115975533925,0.0075,-0.0826142664930556));
#15383=CARTESIAN_POINT('',(0.0695115975533925,0.0075,-0.0826142664930556));
#15384=CARTESIAN_POINT('',(0.0687287850533925,0.0075,-0.0808221332465278));
#15385=CARTESIAN_POINT('',(0.0695115975533926,0.0075,-0.0828892475043403));
#15386=CARTESIAN_POINT('',(0.0695115975533926,0.0075,-0.083164228515625));
#15387=CARTESIAN_POINT('',(0.0695115975533926,0.0075,-0.083164228515625));
#15388=CARTESIAN_POINT('',(0.0695115975533926,0.0075,-0.0828892475043403));
#15389=CARTESIAN_POINT('',(0.0680266094891564,0.0075,-0.083164228515625));
#15390=CARTESIAN_POINT('',(0.0665416214249203,0.0075,-0.083164228515625));
#15391=CARTESIAN_POINT('',(0.0665416214249203,0.0075,-0.083164228515625));
#15392=CARTESIAN_POINT('',(0.0680266094891564,0.0075,-0.083164228515625));
#15393=CARTESIAN_POINT('',(0.0665416214249203,0.0075,-0.0827959261067709));
#15394=CARTESIAN_POINT('',(0.0665416214249203,0.0075,-0.0824276236979167));
#15395=CARTESIAN_POINT('',(0.0665416214249203,0.0075,-0.0824276236979167));
#15396=CARTESIAN_POINT('',(0.0665416214249203,0.0075,-0.0827959261067709));
#15397=CARTESIAN_POINT('',(0.0675622675837745,0.0075,-0.0824276236979167));
#15398=CARTESIAN_POINT('',(0.0675622675837745,0.0075,-0.0824276236979167));
#15399=CARTESIAN_POINT('',(0.0639,0.0075,-0.04275));
#15400=CARTESIAN_POINT('',(0.0939916438884205,0.0075,-0.07903));
#15401=CARTESIAN_POINT('',(0.0944292578207122,0.0075,-0.07903));
#15402=CARTESIAN_POINT('',(0.0944292578207122,0.0075,-0.07903));
#15403=CARTESIAN_POINT('',(0.0939916438884205,0.0075,-0.07903));
#15404=CARTESIAN_POINT('',(0.0935540299561289,0.0075,-0.07903));
#15405=CARTESIAN_POINT('',(0.0935540299561289,0.0075,-0.07903));
#15406=CARTESIAN_POINT('',(0.0944292578207122,0.0075,-0.0810998323567709));
#15407=CARTESIAN_POINT('',(0.0944292578207122,0.0075,-0.0831696647135417));
#15408=CARTESIAN_POINT('',(0.0944292578207122,0.0075,-0.0831696647135417));
#15409=CARTESIAN_POINT('',(0.0944292578207122,0.0075,-0.0810998323567709));
#15410=CARTESIAN_POINT('',(0.0940695627252261,0.0075,-0.0831696647135417));
#15411=CARTESIAN_POINT('',(0.09370986762974,0.0075,-0.0831696647135417));
#15412=CARTESIAN_POINT('',(0.09370986762974,0.0075,-0.0831696647135417));
#15413=CARTESIAN_POINT('',(0.0940695627252261,0.0075,-0.0831696647135417));
#15414=CARTESIAN_POINT('',(0.0930430273519622,0.0075,-0.0826387293836806));
#15415=CARTESIAN_POINT('',(0.0923761870741844,0.0075,-0.0821077940538195));
#15416=CARTESIAN_POINT('',(0.0923761870741844,0.0075,-0.0821077940538195));
#15417=CARTESIAN_POINT('',(0.0930430273519622,0.0075,-0.0826387293836806));
#15418=CARTESIAN_POINT('',(0.0925872927599483,0.0075,-0.0818445914713542));
#15419=CARTESIAN_POINT('',(0.0927983984457122,0.0075,-0.0815813888888889));
#15420=CARTESIAN_POINT('',(0.0927983984457122,0.0075,-0.0815813888888889));
#15421=CARTESIAN_POINT('',(0.0925872927599483,0.0075,-0.0818445914713542));
#15422=CARTESIAN_POINT('',(0.0930362321045664,0.0075,-0.0817725618489584));
#15423=CARTESIAN_POINT('',(0.0932740657634205,0.0075,-0.0819637348090278));
#15424=CARTESIAN_POINT('',(0.0932743468612799,0.0075,-0.0819634131173706));
#15425=CARTESIAN_POINT('',(0.0930362321045664,0.0075,-0.0817725618489584));
#15426=CARTESIAN_POINT('',(0.0899696396325803,0.0075,-0.0857453584766291));
#15427=CARTESIAN_POINT('',(0.0935767080055414,0.0075,-0.0822499973170466));
#15428=CARTESIAN_POINT('',(0.0935766807807816,0.0075,-0.0822491351996528));
#15429=CARTESIAN_POINT('',(0.0899696396325803,0.0075,-0.0857453584766291));
#15430=CARTESIAN_POINT('',(0.0935698855333858,0.0075,-0.0820339523654514));
#15431=CARTESIAN_POINT('',(0.09356309028599,0.0075,-0.08181876953125));
#15432=CARTESIAN_POINT('',(0.09356309028599,0.0075,-0.08181876953125));
#15433=CARTESIAN_POINT('',(0.0935698855333858,0.0075,-0.0820339523654514));
#15434=CARTESIAN_POINT('',(0.0935585601210594,0.0075,-0.0816221603732639));
#15435=CARTESIAN_POINT('',(0.0935540299561289,0.0075,-0.0814255512152778));
#15436=CARTESIAN_POINT('',(0.0935540299561289,0.0075,-0.0814255512152778));
#15437=CARTESIAN_POINT('',(0.0935585601210594,0.0075,-0.0816221603732639));
#15438=CARTESIAN_POINT('',(0.0935540299561289,0.0075,-0.0802277756076389));
#15439=CARTESIAN_POINT('',(0.0935540299561289,0.0075,-0.0802277756076389));
#15440=CARTESIAN_POINT('',(0.0639,0.0075,-0.04275));
#15441=CARTESIAN_POINT('',(0.103468231064743,0.0075,-0.07903));
#15442=CARTESIAN_POINT('',(0.103905844997035,0.0075,-0.07903));
#15443=CARTESIAN_POINT('',(0.103905844997035,0.0075,-0.07903));
#15444=CARTESIAN_POINT('',(0.103468231064743,0.0075,-0.07903));
#15445=CARTESIAN_POINT('',(0.103030617132452,0.0075,-0.07903));
#15446=CARTESIAN_POINT('',(0.103030617132452,0.0075,-0.07903));
#15447=CARTESIAN_POINT('',(0.103905844997035,0.0075,-0.0810998323567708));
#15448=CARTESIAN_POINT('',(0.103905844997035,0.0075,-0.0831696647135416));
#15449=CARTESIAN_POINT('',(0.103905844997035,0.0075,-0.0831696647135416));
#15450=CARTESIAN_POINT('',(0.103905844997035,0.0075,-0.0810998323567708));
#15451=CARTESIAN_POINT('',(0.103546149901549,0.0075,-0.0831696647135417));
#15452=CARTESIAN_POINT('',(0.103186454806063,0.0075,-0.0831696647135417));
#15453=CARTESIAN_POINT('',(0.103186454806063,0.0075,-0.0831696647135417));
#15454=CARTESIAN_POINT('',(0.103546149901549,0.0075,-0.0831696647135417));
#15455=CARTESIAN_POINT('',(0.102519614528285,0.0075,-0.0826387293836805));
#15456=CARTESIAN_POINT('',(0.101852774250507,0.0075,-0.0821077940538194));
#15457=CARTESIAN_POINT('',(0.101852774250507,0.0075,-0.0821077940538194));
#15458=CARTESIAN_POINT('',(0.102519614528285,0.0075,-0.0826387293836805));
#15459=CARTESIAN_POINT('',(0.102063879936271,0.0075,-0.0818445914713541));
#15460=CARTESIAN_POINT('',(0.102274985622035,0.0075,-0.0815813888888889));
#15461=CARTESIAN_POINT('',(0.102274985622035,0.0075,-0.0815813888888889));
#15462=CARTESIAN_POINT('',(0.102063879936271,0.0075,-0.0818445914713541));
#15463=CARTESIAN_POINT('',(0.102512819280889,0.0075,-0.0817725618489583));
#15464=CARTESIAN_POINT('',(0.102750652939743,0.0075,-0.0819637348090277));
#15465=CARTESIAN_POINT('',(0.102750934037603,0.0075,-0.0819634131173705));
#15466=CARTESIAN_POINT('',(0.102512819280889,0.0075,-0.0817725618489583));
#15467=CARTESIAN_POINT('',(0.0994462268088227,0.0075,-0.085745358476716));
#15468=CARTESIAN_POINT('',(0.103053295186623,0.0075,-0.0822499973150309));
#15469=CARTESIAN_POINT('',(0.103053267957105,0.0075,-0.0822491351996527));
#15470=CARTESIAN_POINT('',(0.0994462268088227,0.0075,-0.085745358476716));
#15471=CARTESIAN_POINT('',(0.103046472709709,0.0075,-0.0820339523654514));
#15472=CARTESIAN_POINT('',(0.103039677462313,0.0075,-0.08181876953125));
#15473=CARTESIAN_POINT('',(0.103039677462313,0.0075,-0.08181876953125));
#15474=CARTESIAN_POINT('',(0.103046472709709,0.0075,-0.0820339523654514));
#15475=CARTESIAN_POINT('',(0.103035147297382,0.0075,-0.0816221603732639));
#15476=CARTESIAN_POINT('',(0.103030617132452,0.0075,-0.0814255512152777));
#15477=CARTESIAN_POINT('',(0.103030617132452,0.0075,-0.0814255512152777));
#15478=CARTESIAN_POINT('',(0.103035147297382,0.0075,-0.0816221603732639));
#15479=CARTESIAN_POINT('',(0.103030617132452,0.0075,-0.0802277756076388));
#15480=CARTESIAN_POINT('',(0.103030617132452,0.0075,-0.0802277756076388));
#15481=CARTESIAN_POINT('',(0.0639,0.0075,-0.04275));
#15482=CARTESIAN_POINT('',(0.106777969563007,0.0075,-0.07903));
#15483=CARTESIAN_POINT('',(0.107215583495299,0.0075,-0.07903));
#15484=CARTESIAN_POINT('',(0.107215583495299,0.0075,-0.07903));
#15485=CARTESIAN_POINT('',(0.106777969563007,0.0075,-0.07903));
#15486=CARTESIAN_POINT('',(0.106340355630716,0.0075,-0.07903));
#15487=CARTESIAN_POINT('',(0.106340355630716,0.0075,-0.07903));
#15488=CARTESIAN_POINT('',(0.107215583495299,0.0075,-0.0810998323567708));
#15489=CARTESIAN_POINT('',(0.107215583495299,0.0075,-0.0831696647135416));
#15490=CARTESIAN_POINT('',(0.107215583495299,0.0075,-0.0831696647135416));
#15491=CARTESIAN_POINT('',(0.107215583495299,0.0075,-0.0810998323567708));
#15492=CARTESIAN_POINT('',(0.106855888399813,0.0075,-0.0831696647135417));
#15493=CARTESIAN_POINT('',(0.106496193304327,0.0075,-0.0831696647135417));
#15494=CARTESIAN_POINT('',(0.106496193304327,0.0075,-0.0831696647135417));
#15495=CARTESIAN_POINT('',(0.106855888399813,0.0075,-0.0831696647135417));
#15496=CARTESIAN_POINT('',(0.105829353026549,0.0075,-0.0826387293836805));
#15497=CARTESIAN_POINT('',(0.105162512748771,0.0075,-0.0821077940538194));
#15498=CARTESIAN_POINT('',(0.105162512748771,0.0075,-0.0821077940538194));
#15499=CARTESIAN_POINT('',(0.105829353026549,0.0075,-0.0826387293836805));
#15500=CARTESIAN_POINT('',(0.105373618434535,0.0075,-0.0818445914713541));
#15501=CARTESIAN_POINT('',(0.105584724120299,0.0075,-0.0815813888888889));
#15502=CARTESIAN_POINT('',(0.105584724120299,0.0075,-0.0815813888888889));
#15503=CARTESIAN_POINT('',(0.105373618434535,0.0075,-0.0818445914713541));
#15504=CARTESIAN_POINT('',(0.105822557779153,0.0075,-0.0817725618489583));
#15505=CARTESIAN_POINT('',(0.106060391438007,0.0075,-0.0819637348090277));
#15506=CARTESIAN_POINT('',(0.106060672535867,0.0075,-0.0819634131173705));
#15507=CARTESIAN_POINT('',(0.105822557779153,0.0075,-0.0817725618489583));
#15508=CARTESIAN_POINT('',(0.102755965307048,0.0075,-0.0857453584767546));
#15509=CARTESIAN_POINT('',(0.106363033684887,0.0075,-0.0822499973150308));
#15510=CARTESIAN_POINT('',(0.106363006455368,0.0075,-0.0822491351996527));
#15511=CARTESIAN_POINT('',(0.102755965307048,0.0075,-0.0857453584767546));
#15512=CARTESIAN_POINT('',(0.106356211207973,0.0075,-0.0820339523654514));
#15513=CARTESIAN_POINT('',(0.106349415960577,0.0075,-0.08181876953125));
#15514=CARTESIAN_POINT('',(0.106349415960577,0.0075,-0.08181876953125));
#15515=CARTESIAN_POINT('',(0.106356211207973,0.0075,-0.0820339523654514));
#15516=CARTESIAN_POINT('',(0.106344885795646,0.0075,-0.0816221603732639));
#15517=CARTESIAN_POINT('',(0.106340355630716,0.0075,-0.0814255512152777));
#15518=CARTESIAN_POINT('',(0.106340355630716,0.0075,-0.0814255512152777));
#15519=CARTESIAN_POINT('',(0.106344885795646,0.0075,-0.0816221603732639));
#15520=CARTESIAN_POINT('',(0.106340355630716,0.0075,-0.0802277756076388));
#15521=CARTESIAN_POINT('',(0.106340355630716,0.0075,-0.0802277756076388));
#15522=CARTESIAN_POINT('',(0.0639,0.0075,-0.04275));
#15523=CARTESIAN_POINT('',(0.112125254375405,0.0075,-0.07903));
#15524=CARTESIAN_POINT('',(0.112562868307696,0.0075,-0.07903));
#15525=CARTESIAN_POINT('',(0.112562868307696,0.0075,-0.07903));
#15526=CARTESIAN_POINT('',(0.112125254375405,0.0075,-0.07903));
#15527=CARTESIAN_POINT('',(0.111687640443113,0.0075,-0.07903));
#15528=CARTESIAN_POINT('',(0.111687640443113,0.0075,-0.07903));
#15529=CARTESIAN_POINT('',(0.112562868307696,0.0075,-0.0810998323567707));
#15530=CARTESIAN_POINT('',(0.112562868307696,0.0075,-0.0831696647135416));
#15531=CARTESIAN_POINT('',(0.112562868307696,0.0075,-0.0831696647135416));
#15532=CARTESIAN_POINT('',(0.112562868307696,0.0075,-0.0810998323567707));
#15533=CARTESIAN_POINT('',(0.11220317321221,0.0075,-0.0831696647135416));
#15534=CARTESIAN_POINT('',(0.111843478116724,0.0075,-0.0831696647135416));
#15535=CARTESIAN_POINT('',(0.111843478116724,0.0075,-0.0831696647135416));
#15536=CARTESIAN_POINT('',(0.11220317321221,0.0075,-0.0831696647135416));
#15537=CARTESIAN_POINT('',(0.111176637838946,0.0075,-0.0826387293836805));
#15538=CARTESIAN_POINT('',(0.110509797561169,0.0075,-0.0821077940538194));
#15539=CARTESIAN_POINT('',(0.110509797561169,0.0075,-0.0821077940538194));
#15540=CARTESIAN_POINT('',(0.111176637838946,0.0075,-0.0826387293836805));
#15541=CARTESIAN_POINT('',(0.110720903246933,0.0075,-0.0818445914713541));
#15542=CARTESIAN_POINT('',(0.110932008932696,0.0075,-0.0815813888888888));
#15543=CARTESIAN_POINT('',(0.110932008932696,0.0075,-0.0815813888888888));
#15544=CARTESIAN_POINT('',(0.110720903246933,0.0075,-0.0818445914713541));
#15545=CARTESIAN_POINT('',(0.111169842591551,0.0075,-0.0817725618489582));
#15546=CARTESIAN_POINT('',(0.111407676250405,0.0075,-0.0819637348090277));
#15547=CARTESIAN_POINT('',(0.111407957348264,0.0075,-0.0819634131173705));
#15548=CARTESIAN_POINT('',(0.111169842591551,0.0075,-0.0817725618489582));
#15549=CARTESIAN_POINT('',(0.108103250119456,0.0075,-0.0857453584767459));
#15550=CARTESIAN_POINT('',(0.111710318492526,0.0075,-0.0822499973170461));
#15551=CARTESIAN_POINT('',(0.111710291267766,0.0075,-0.0822491351996527));
#15552=CARTESIAN_POINT('',(0.108103250119456,0.0075,-0.0857453584767459));
#15553=CARTESIAN_POINT('',(0.11170349602037,0.0075,-0.0820339523654513));
#15554=CARTESIAN_POINT('',(0.111696700772974,0.0075,-0.0818187695312499));
#15555=CARTESIAN_POINT('',(0.111696700772974,0.0075,-0.0818187695312499));
#15556=CARTESIAN_POINT('',(0.11170349602037,0.0075,-0.0820339523654513));
#15557=CARTESIAN_POINT('',(0.111692170608044,0.0075,-0.0816221603732638));
#15558=CARTESIAN_POINT('',(0.111687640443113,0.0075,-0.0814255512152777));
#15559=CARTESIAN_POINT('',(0.111687640443113,0.0075,-0.0814255512152777));
#15560=CARTESIAN_POINT('',(0.111692170608044,0.0075,-0.0816221603732638));
#15561=CARTESIAN_POINT('',(0.111687640443113,0.0075,-0.0802277756076388));
#15562=CARTESIAN_POINT('',(0.111687640443113,0.0075,-0.0802277756076388));
#15563=CARTESIAN_POINT('',(0.0639,0.0075,-0.04275));
#15564=CARTESIAN_POINT('',(0.077375963872837,0.0075,-0.0825834613715278));
#15565=CARTESIAN_POINT('',(0.077375963872837,0.0085,-0.0825834613715278));
#15566=CARTESIAN_POINT('',(0.077226770441124,0.0075,-0.0825834613715278));
#15567=CARTESIAN_POINT('',(0.077226770441124,0.0085,-0.0825834613715278));
#15568=CARTESIAN_POINT('',(0.0771064190594689,0.0075,-0.0825452569806134));
#15569=CARTESIAN_POINT('',(0.0771064190594689,0.0085,-0.0825452569806134));
#15570=CARTESIAN_POINT('',(0.0770149097278717,0.0075,-0.0824688481987847));
#15571=CARTESIAN_POINT('',(0.0770149097278717,0.0085,-0.0824688481987847));
#15572=CARTESIAN_POINT('',(0.077375963872837,0.0085,-0.0825834613715278));
#15573=CARTESIAN_POINT('',(0.0771521737252675,0.0085,-0.0825834613715278));
#15574=CARTESIAN_POINT('',(0.0770149097278717,0.0085,-0.0824688481987847));
#15575=CARTESIAN_POINT('',(0.077375963872837,0.0085,-0.0825834613715278));
#15576=CARTESIAN_POINT('',(0.0770149097278717,0.0085,-0.0824688481987847));
#15577=CARTESIAN_POINT('',(0.077375963872837,0.0075,-0.0825834613715278));
#15578=CARTESIAN_POINT('',(0.077375963872837,0.0075,-0.0825834613715278));
#15579=CARTESIAN_POINT('',(0.077375963872837,0.0075,-0.0825834613715278));
#15580=CARTESIAN_POINT('',(0.0771521737252675,0.0075,-0.0825834613715278));
#15581=CARTESIAN_POINT('',(0.0770149097278717,0.0075,-0.0824688481987847));
#15582=CARTESIAN_POINT('',(0.0770149097278717,0.0075,-0.0824688481987847));
#15583=CARTESIAN_POINT('',(0.0770149097278717,0.0075,-0.0824688481987847));
#15584=CARTESIAN_POINT('',(0.0777383770672814,0.0075,-0.0824702072482639));
#15585=CARTESIAN_POINT('',(0.0777383770672814,0.0085,-0.0824702072482639));
#15586=CARTESIAN_POINT('',(0.0776441496367259,0.0075,-0.0825457099971065));
#15587=CARTESIAN_POINT('',(0.0776441496367259,0.0085,-0.0825457099971065));
#15588=CARTESIAN_POINT('',(0.0775233452385777,0.0075,-0.0825834613715278));
#15589=CARTESIAN_POINT('',(0.0775233452385777,0.0085,-0.0825834613715278));
#15590=CARTESIAN_POINT('',(0.077375963872837,0.0075,-0.0825834613715278));
#15591=CARTESIAN_POINT('',(0.077375963872837,0.0085,-0.0825834613715278));
#15592=CARTESIAN_POINT('',(0.0777383770672814,0.0085,-0.0824702072482639));
#15593=CARTESIAN_POINT('',(0.0775970359214481,0.0085,-0.0825834613715278));
#15594=CARTESIAN_POINT('',(0.077375963872837,0.0085,-0.0825834613715278));
#15595=CARTESIAN_POINT('',(0.0777383770672814,0.0085,-0.0824702072482639));
#15596=CARTESIAN_POINT('',(0.0777383770672814,0.0075,-0.0824702072482639));
#15597=CARTESIAN_POINT('',(0.0777383770672814,0.0075,-0.0824702072482639));
#15598=CARTESIAN_POINT('',(0.0777383770672814,0.0075,-0.0824702072482639));
#15599=CARTESIAN_POINT('',(0.0775970359214481,0.0075,-0.0825834613715278));
#15600=CARTESIAN_POINT('',(0.077375963872837,0.0075,-0.0825834613715278));
#15601=CARTESIAN_POINT('',(0.0775055953798285,0.0075,-0.0821784159020286));
#15602=CARTESIAN_POINT('',(0.0775055953798285,0.0085,-0.0821784159020286));
#15603=CARTESIAN_POINT('',(0.0778792343701173,0.0085,-0.0821612877922227));
#15604=CARTESIAN_POINT('',(0.0778797182131148,0.0075,-0.08216125));
#15605=CARTESIAN_POINT('',(0.0778792343701173,0.0075,-0.0821612877922226));
#15606=CARTESIAN_POINT('',(0.0775055953798285,0.0075,-0.0821784159020286));
#15607=CARTESIAN_POINT('',(0.0773954205284275,0.0075,-0.082154012322049));
#15608=CARTESIAN_POINT('',(0.0773954205284275,0.0085,-0.082154012322049));
#15609=CARTESIAN_POINT('',(0.0777696352053023,0.0085,-0.0818468565538195));
#15610=CARTESIAN_POINT('',(0.0777696352053023,0.0075,-0.0818468565538195));
#15611=CARTESIAN_POINT('',(0.0777696352053023,0.0075,-0.0818468565538195));
#15612=CARTESIAN_POINT('',(0.0773954205284275,0.0075,-0.082154012322049));
#15613=CARTESIAN_POINT('',(0.0773814000707537,0.0075,-0.0815813888888889));
#15614=CARTESIAN_POINT('',(0.0773814000707537,0.0085,-0.0815813888888889));
#15615=CARTESIAN_POINT('',(0.0775668348219111,0.0075,-0.0816677640335648));
#15616=CARTESIAN_POINT('',(0.0775668348219111,0.0085,-0.0816677640335648));
#15617=CARTESIAN_POINT('',(0.0776962465334273,0.0075,-0.0817562532552084));
#15618=CARTESIAN_POINT('',(0.0776962465334273,0.0085,-0.0817562532552084));
#15619=CARTESIAN_POINT('',(0.0777696352053023,0.0075,-0.0818468565538195));
#15620=CARTESIAN_POINT('',(0.0777696352053023,0.0085,-0.0818468565538195));
#15621=CARTESIAN_POINT('',(0.0773814000707537,0.0085,-0.0815813888888889));
#15622=CARTESIAN_POINT('',(0.0776595521974898,0.0085,-0.0817109516059028));
#15623=CARTESIAN_POINT('',(0.0777696352053023,0.0085,-0.0818468565538195));
#15624=CARTESIAN_POINT('',(0.0773814000707537,0.0085,-0.0815813888888889));
#15625=CARTESIAN_POINT('',(0.0773814000707537,0.0075,-0.0815813888888889));
#15626=CARTESIAN_POINT('',(0.0773814000707537,0.0075,-0.0815813888888889));
#15627=CARTESIAN_POINT('',(0.0773814000707537,0.0075,-0.0815813888888889));
#15628=CARTESIAN_POINT('',(0.0776595521974898,0.0075,-0.0817109516059028));
#15629=CARTESIAN_POINT('',(0.0777696352053023,0.0075,-0.0818468565538195));
#15630=CARTESIAN_POINT('',(0.0769868227053023,0.0075,-0.0818572759331597));
#15631=CARTESIAN_POINT('',(0.0769868227053023,0.0085,-0.0818572759331597));
#15632=CARTESIAN_POINT('',(0.0770596073551866,0.0075,-0.0817675786675347));
#15633=CARTESIAN_POINT('',(0.0770596073551866,0.0085,-0.0817675786675347));
#15634=CARTESIAN_POINT('',(0.0771911331436704,0.0075,-0.0816756163194444));
#15635=CARTESIAN_POINT('',(0.0771911331436704,0.0085,-0.0816756163194444));
#15636=CARTESIAN_POINT('',(0.0773814000707537,0.0075,-0.0815813888888889));
#15637=CARTESIAN_POINT('',(0.0773814000707537,0.0085,-0.0815813888888889));
#15638=CARTESIAN_POINT('',(0.0769868227053023,0.0085,-0.0818572759331597));
#15639=CARTESIAN_POINT('',(0.0770959996801287,0.0085,-0.0817227300347222));
#15640=CARTESIAN_POINT('',(0.0773814000707537,0.0085,-0.0815813888888889));
#15641=CARTESIAN_POINT('',(0.0769868227053023,0.0085,-0.0818572759331597));
#15642=CARTESIAN_POINT('',(0.0769868227053023,0.0075,-0.0818572759331597));
#15643=CARTESIAN_POINT('',(0.0769868227053023,0.0075,-0.0818572759331597));
#15644=CARTESIAN_POINT('',(0.0769868227053023,0.0075,-0.0818572759331597));
#15645=CARTESIAN_POINT('',(0.0770959996801287,0.0075,-0.0817227300347222));
#15646=CARTESIAN_POINT('',(0.0773814000707537,0.0075,-0.0815813888888889));
#15647=CARTESIAN_POINT('',(0.0773464427170116,0.0075,-0.0821583995453584));
#15648=CARTESIAN_POINT('',(0.0773464427170116,0.0085,-0.0821583995453584));
#15649=CARTESIAN_POINT('',(0.0768776457304759,0.0085,-0.08216125));
#15650=CARTESIAN_POINT('',(0.0768776457304759,0.0075,-0.08216125));
#15651=CARTESIAN_POINT('',(0.0768776457304759,0.0075,-0.08216125));
#15652=CARTESIAN_POINT('',(0.0773464427170116,0.0075,-0.0821583995453584));
#15653=CARTESIAN_POINT('',(0.0767363045846425,0.0075,-0.0801317361111111));
#15654=CARTESIAN_POINT('',(0.0767363045846425,0.0085,-0.0801317361111111));
#15655=CARTESIAN_POINT('',(0.0767363045846425,0.0075,-0.0799692541956018));
#15656=CARTESIAN_POINT('',(0.0767363045846425,0.0085,-0.0799692541956018));
#15657=CARTESIAN_POINT('',(0.0767929316462745,0.0075,-0.0798427115885417));
#15658=CARTESIAN_POINT('',(0.0767929316462745,0.0085,-0.0798427115885417));
#15659=CARTESIAN_POINT('',(0.0769061857695384,0.0075,-0.0797521082899306));
#15660=CARTESIAN_POINT('',(0.0769061857695384,0.0085,-0.0797521082899306));
#15661=CARTESIAN_POINT('',(0.0767363045846425,0.0085,-0.0801317361111111));
#15662=CARTESIAN_POINT('',(0.0767363045846425,0.0085,-0.0798880132378472));
#15663=CARTESIAN_POINT('',(0.0769061857695384,0.0085,-0.0797521082899306));
#15664=CARTESIAN_POINT('',(0.0767363045846425,0.0085,-0.0801317361111111));
#15665=CARTESIAN_POINT('',(0.0769061857695384,0.0085,-0.0797521082899306));
#15666=CARTESIAN_POINT('',(0.0767363045846425,0.0075,-0.0801317361111111));
#15667=CARTESIAN_POINT('',(0.0767363045846425,0.0075,-0.0801317361111111));
#15668=CARTESIAN_POINT('',(0.0767363045846425,0.0075,-0.0801317361111111));
#15669=CARTESIAN_POINT('',(0.0767363045846425,0.0075,-0.0798880132378472));
#15670=CARTESIAN_POINT('',(0.0769061857695384,0.0075,-0.0797521082899306));
#15671=CARTESIAN_POINT('',(0.0769061857695384,0.0075,-0.0797521082899306));
#15672=CARTESIAN_POINT('',(0.0769061857695384,0.0075,-0.0797521082899306));
#15673=CARTESIAN_POINT('',(0.0773388165204064,0.0075,-0.0808339116753472));
#15674=CARTESIAN_POINT('',(0.0773388165204064,0.0085,-0.0808339116753472));
#15675=CARTESIAN_POINT('',(0.0769371418965638,0.0075,-0.0806484769241898));
#15676=CARTESIAN_POINT('',(0.0769371418965638,0.0085,-0.0806484769241898));
#15677=CARTESIAN_POINT('',(0.0767363045846425,0.0075,-0.0804144184027778));
#15678=CARTESIAN_POINT('',(0.0767363045846425,0.0085,-0.0804144184027778));
#15679=CARTESIAN_POINT('',(0.0767363045846425,0.0075,-0.0801317361111111));
#15680=CARTESIAN_POINT('',(0.0767363045846425,0.0085,-0.0801317361111111));
#15681=CARTESIAN_POINT('',(0.0773388165204064,0.0085,-0.0808339116753472));
#15682=CARTESIAN_POINT('',(0.0767363045846425,0.0085,-0.0805557595486111));
#15683=CARTESIAN_POINT('',(0.0767363045846425,0.0085,-0.0801317361111111));
#15684=CARTESIAN_POINT('',(0.0773388165204064,0.0085,-0.0808339116753472));
#15685=CARTESIAN_POINT('',(0.0773388165204064,0.0075,-0.0808339116753472));
#15686=CARTESIAN_POINT('',(0.0773388165204064,0.0075,-0.0808339116753472));
#15687=CARTESIAN_POINT('',(0.0773388165204064,0.0075,-0.0808339116753472));
#15688=CARTESIAN_POINT('',(0.0767363045846425,0.0075,-0.0805557595486111));
#15689=CARTESIAN_POINT('',(0.0767363045846425,0.0075,-0.0801317361111111));
#15690=CARTESIAN_POINT('',(0.0778584264379412,0.0075,-0.080481011827257));
#15691=CARTESIAN_POINT('',(0.0778584264379412,0.0085,-0.080481011827257));
#15692=CARTESIAN_POINT('',(0.0777518165565754,0.0075,-0.0805912458405671));
#15693=CARTESIAN_POINT('',(0.0777518165565754,0.0085,-0.0805912458405671));
#15694=CARTESIAN_POINT('',(0.0775786132507305,0.0075,-0.0807088791232639));
#15695=CARTESIAN_POINT('',(0.0775786132507305,0.0085,-0.0807088791232639));
#15696=CARTESIAN_POINT('',(0.0773388165204064,0.0075,-0.0808339116753472));
#15697=CARTESIAN_POINT('',(0.0773388165204064,0.0085,-0.0808339116753472));
#15698=CARTESIAN_POINT('',(0.0778584264379412,0.0085,-0.080481011827257));
#15699=CARTESIAN_POINT('',(0.0776985116158925,0.0085,-0.0806463628472222));
#15700=CARTESIAN_POINT('',(0.0773388165204064,0.0085,-0.0808339116753472));
#15701=CARTESIAN_POINT('',(0.0778584264379412,0.0085,-0.080481011827257));
#15702=CARTESIAN_POINT('',(0.0778584264379412,0.0075,-0.080481011827257));
#15703=CARTESIAN_POINT('',(0.0778584264379412,0.0075,-0.080481011827257));
#15704=CARTESIAN_POINT('',(0.0778584264379412,0.0075,-0.080481011827257));
#15705=CARTESIAN_POINT('',(0.0776985116158925,0.0075,-0.0806463628472222));
#15706=CARTESIAN_POINT('',(0.0773388165204064,0.0075,-0.0808339116753472));
#15707=CARTESIAN_POINT('',(0.0780183412599898,0.0075,-0.0801253938802084));
#15708=CARTESIAN_POINT('',(0.0780183412599898,0.0085,-0.0801253938802084));
#15709=CARTESIAN_POINT('',(0.0780183412599898,0.0075,-0.0802522384982639));
#15710=CARTESIAN_POINT('',(0.0780183412599898,0.0085,-0.0802522384982639));
#15711=CARTESIAN_POINT('',(0.0779650363193069,0.0075,-0.0803707778139468));
#15712=CARTESIAN_POINT('',(0.0779650363193069,0.0085,-0.0803707778139468));
#15713=CARTESIAN_POINT('',(0.0778584264379412,0.0075,-0.080481011827257));
#15714=CARTESIAN_POINT('',(0.0778584264379412,0.0085,-0.080481011827257));
#15715=CARTESIAN_POINT('',(0.0780183412599898,0.0085,-0.0801253938802084));
#15716=CARTESIAN_POINT('',(0.0780183412599898,0.0085,-0.0803156608072917));
#15717=CARTESIAN_POINT('',(0.0778584264379412,0.0085,-0.080481011827257));
#15718=CARTESIAN_POINT('',(0.0780183412599898,0.0085,-0.0801253938802084));
#15719=CARTESIAN_POINT('',(0.0780183412599898,0.0075,-0.0801253938802084));
#15720=CARTESIAN_POINT('',(0.0780183412599898,0.0075,-0.0801253938802084));
#15721=CARTESIAN_POINT('',(0.0780183412599898,0.0075,-0.0801253938802084));
#15722=CARTESIAN_POINT('',(0.0780183412599898,0.0075,-0.0803156608072917));
#15723=CARTESIAN_POINT('',(0.0778584264379412,0.0075,-0.080481011827257));
#15724=CARTESIAN_POINT('',(0.077857067388462,0.0075,-0.0797561854383681));
#15725=CARTESIAN_POINT('',(0.077857067388462,0.0085,-0.0797561854383681));
#15726=CARTESIAN_POINT('',(0.0779645833028139,0.0075,-0.0798495068359375));
#15727=CARTESIAN_POINT('',(0.0779645833028139,0.0085,-0.0798495068359375));
#15728=CARTESIAN_POINT('',(0.0780183412599898,0.0075,-0.0799725763165509));
#15729=CARTESIAN_POINT('',(0.0780183412599898,0.0085,-0.0799725763165509));
#15730=CARTESIAN_POINT('',(0.0780183412599898,0.0075,-0.0801253938802084));
#15731=CARTESIAN_POINT('',(0.0780183412599898,0.0085,-0.0801253938802084));
#15732=CARTESIAN_POINT('',(0.077857067388462,0.0085,-0.0797561854383681));
#15733=CARTESIAN_POINT('',(0.0780183412599898,0.0085,-0.0798961675347222));
#15734=CARTESIAN_POINT('',(0.0780183412599898,0.0085,-0.0801253938802084));
#15735=CARTESIAN_POINT('',(0.077857067388462,0.0085,-0.0797561854383681));
#15736=CARTESIAN_POINT('',(0.077857067388462,0.0075,-0.0797561854383681));
#15737=CARTESIAN_POINT('',(0.077857067388462,0.0075,-0.0797561854383681));
#15738=CARTESIAN_POINT('',(0.077857067388462,0.0075,-0.0797561854383681));
#15739=CARTESIAN_POINT('',(0.0780183412599898,0.0075,-0.0798961675347222));
#15740=CARTESIAN_POINT('',(0.0780183412599898,0.0075,-0.0801253938802084));
#15741=CARTESIAN_POINT('',(0.0773705276749203,0.0075,-0.0796162033420139));
#15742=CARTESIAN_POINT('',(0.0773705276749203,0.0085,-0.0796162033420139));
#15743=CARTESIAN_POINT('',(0.0775873715695962,0.0075,-0.0796162033420139));
#15744=CARTESIAN_POINT('',(0.0775873715695962,0.0085,-0.0796162033420139));
#15745=CARTESIAN_POINT('',(0.0777495514741101,0.0075,-0.0796628640407986));
#15746=CARTESIAN_POINT('',(0.0777495514741101,0.0085,-0.0796628640407986));
#15747=CARTESIAN_POINT('',(0.077857067388462,0.0075,-0.0797561854383681));
#15748=CARTESIAN_POINT('',(0.077857067388462,0.0085,-0.0797561854383681));
#15749=CARTESIAN_POINT('',(0.0773705276749203,0.0085,-0.0796162033420139));
#15750=CARTESIAN_POINT('',(0.0776957935169342,0.0085,-0.0796162033420139));
#15751=CARTESIAN_POINT('',(0.077857067388462,0.0085,-0.0797561854383681));
#15752=CARTESIAN_POINT('',(0.0773705276749203,0.0085,-0.0796162033420139));
#15753=CARTESIAN_POINT('',(0.0773705276749203,0.0075,-0.0796162033420139));
#15754=CARTESIAN_POINT('',(0.0773705276749203,0.0075,-0.0796162033420139));
#15755=CARTESIAN_POINT('',(0.0773705276749203,0.0075,-0.0796162033420139));
#15756=CARTESIAN_POINT('',(0.0776957935169342,0.0075,-0.0796162033420139));
#15757=CARTESIAN_POINT('',(0.077857067388462,0.0075,-0.0797561854383681));
#15758=CARTESIAN_POINT('',(0.0773814000707537,0.0075,-0.0832231206597222));
#15759=CARTESIAN_POINT('',(0.0773814000707537,0.0085,-0.0832231206597222));
#15760=CARTESIAN_POINT('',(0.0777782425186704,0.0075,-0.0832231206597222));
#15761=CARTESIAN_POINT('',(0.0777782425186704,0.0085,-0.0832231206597222));
#15762=CARTESIAN_POINT('',(0.0780979211572699,0.0075,-0.0831329703776042));
#15763=CARTESIAN_POINT('',(0.0780979211572699,0.0085,-0.0831329703776042));
#15764=CARTESIAN_POINT('',(0.0783404359865523,0.0075,-0.0829526698133681));
#15765=CARTESIAN_POINT('',(0.0783404359865523,0.0085,-0.0829526698133681));
#15766=CARTESIAN_POINT('',(0.0773814000707537,0.0075,-0.0832231206597222));
#15767=CARTESIAN_POINT('',(0.0773814000707537,0.0075,-0.0832231206597222));
#15768=CARTESIAN_POINT('',(0.0773814000707537,0.0075,-0.0832231206597222));
#15769=CARTESIAN_POINT('',(0.0779766637426287,0.0075,-0.0832231206597222));
#15770=CARTESIAN_POINT('',(0.0783404359865523,0.0075,-0.0829526698133681));
#15771=CARTESIAN_POINT('',(0.0783404359865523,0.0075,-0.0829526698133681));
#15772=CARTESIAN_POINT('',(0.0783404359865523,0.0075,-0.0829526698133681));
#15773=CARTESIAN_POINT('',(0.076421911138462,0.0075,-0.0829485926649306));
#15774=CARTESIAN_POINT('',(0.076421911138462,0.0085,-0.0829485926649306));
#15775=CARTESIAN_POINT('',(0.0766671440667027,0.0075,-0.083131611328125));
#15776=CARTESIAN_POINT('',(0.0766671440667027,0.0085,-0.083131611328125));
#15777=CARTESIAN_POINT('',(0.0769869737108,0.0075,-0.0832231206597222));
#15778=CARTESIAN_POINT('',(0.0769869737108,0.0085,-0.0832231206597222));
#15779=CARTESIAN_POINT('',(0.0773814000707537,0.0075,-0.0832231206597222));
#15780=CARTESIAN_POINT('',(0.0773814000707537,0.0085,-0.0832231206597222));
#15781=CARTESIAN_POINT('',(0.076421911138462,0.0075,-0.0829485926649306));
#15782=CARTESIAN_POINT('',(0.076421911138462,0.0075,-0.0829485926649306));
#15783=CARTESIAN_POINT('',(0.076421911138462,0.0075,-0.0829485926649306));
#15784=CARTESIAN_POINT('',(0.0767897605308231,0.0075,-0.0832231206597222));
#15785=CARTESIAN_POINT('',(0.0773814000707537,0.0075,-0.0832231206597222));
#15786=CARTESIAN_POINT('',(0.0760540617461009,0.0075,-0.0822292024739584));
#15787=CARTESIAN_POINT('',(0.0760540617461009,0.0085,-0.0822292024739584));
#15788=CARTESIAN_POINT('',(0.0760540617461009,0.0075,-0.0825257772714121));
#15789=CARTESIAN_POINT('',(0.0760540617461009,0.0085,-0.0825257772714121));
#15790=CARTESIAN_POINT('',(0.0761766782102213,0.0075,-0.0827655740017361));
#15791=CARTESIAN_POINT('',(0.0761766782102213,0.0085,-0.0827655740017361));
#15792=CARTESIAN_POINT('',(0.076421911138462,0.0075,-0.0829485926649306));
#15793=CARTESIAN_POINT('',(0.076421911138462,0.0085,-0.0829485926649306));
#15794=CARTESIAN_POINT('',(0.0760540617461009,0.0075,-0.0822292024739584));
#15795=CARTESIAN_POINT('',(0.0760540617461009,0.0075,-0.0822292024739584));
#15796=CARTESIAN_POINT('',(0.0760540617461009,0.0075,-0.0822292024739584));
#15797=CARTESIAN_POINT('',(0.0760540617461009,0.0075,-0.0826740646701389));
#15798=CARTESIAN_POINT('',(0.076421911138462,0.0075,-0.0829485926649306));
#15799=CARTESIAN_POINT('',(0.0771047815382216,0.0075,-0.0822211284831877));
#15800=CARTESIAN_POINT('',(0.0762094464032189,0.0075,-0.081671539171007));
#15801=CARTESIAN_POINT('',(0.0762094464032189,0.0075,-0.081671539171007));
#15802=CARTESIAN_POINT('',(0.0771047815382216,0.0075,-0.0822211284831877));
#15803=CARTESIAN_POINT('',(0.0767190899579064,0.0075,-0.0811936067708333));
#15804=CARTESIAN_POINT('',(0.0767190899579064,0.0085,-0.0811936067708333));
#15805=CARTESIAN_POINT('',(0.0764829173595268,0.0075,-0.0813421961805556));
#15806=CARTESIAN_POINT('',(0.0764829173595268,0.0085,-0.0813421961805556));
#15807=CARTESIAN_POINT('',(0.076313036174631,0.0075,-0.0815015069806135));
#15808=CARTESIAN_POINT('',(0.076313036174631,0.0085,-0.0815015069806135));
#15809=CARTESIAN_POINT('',(0.0762094464032189,0.0075,-0.081671539171007));
#15810=CARTESIAN_POINT('',(0.0762094464032189,0.0085,-0.081671539171007));
#15811=CARTESIAN_POINT('',(0.0767190899579064,0.0075,-0.0811936067708333));
#15812=CARTESIAN_POINT('',(0.0767190899579064,0.0075,-0.0811936067708333));
#15813=CARTESIAN_POINT('',(0.0767190899579064,0.0075,-0.0811936067708333));
#15814=CARTESIAN_POINT('',(0.076364831060337,0.0075,-0.0814164908854167));
#15815=CARTESIAN_POINT('',(0.0762094464032189,0.0075,-0.081671539171007));
#15816=CARTESIAN_POINT('',(0.0761147659561703,0.0075,-0.0807088791232639));
#15817=CARTESIAN_POINT('',(0.0761147659561703,0.0085,-0.0807088791232639));
#15818=CARTESIAN_POINT('',(0.0762404025302444,0.0075,-0.0808918977864584));
#15819=CARTESIAN_POINT('',(0.0762404025302444,0.0085,-0.0808918977864584));
#15820=CARTESIAN_POINT('',(0.0764418438641564,0.0075,-0.0810534736689815));
#15821=CARTESIAN_POINT('',(0.0764418438641564,0.0085,-0.0810534736689815));
#15822=CARTESIAN_POINT('',(0.0767190899579064,0.0075,-0.0811936067708333));
#15823=CARTESIAN_POINT('',(0.0767190899579064,0.0085,-0.0811936067708333));
#15824=CARTESIAN_POINT('',(0.0761147659561703,0.0075,-0.0807088791232639));
#15825=CARTESIAN_POINT('',(0.0761147659561703,0.0075,-0.0807088791232639));
#15826=CARTESIAN_POINT('',(0.0761147659561703,0.0075,-0.0807088791232639));
#15827=CARTESIAN_POINT('',(0.0763032208172814,0.0075,-0.0809834071180556));
#15828=CARTESIAN_POINT('',(0.0767190899579064,0.0075,-0.0811936067708333));
#15829=CARTESIAN_POINT('',(0.0770100550227377,0.0075,-0.0800998872603366));
#15830=CARTESIAN_POINT('',(0.0759263110950592,0.0075,-0.0800800922309028));
#15831=CARTESIAN_POINT('',(0.0759263110950592,0.0075,-0.0800800922309028));
#15832=CARTESIAN_POINT('',(0.0770100550227377,0.0075,-0.0800998872603366));
#15833=CARTESIAN_POINT('',(0.0763140932131148,0.0075,-0.0792619444444445));
#15834=CARTESIAN_POINT('',(0.0763140932131148,0.0085,-0.0792619444444445));
#15835=CARTESIAN_POINT('',(0.0760555718010777,0.0075,-0.0794546274594908));
#15836=CARTESIAN_POINT('',(0.0760555718010777,0.0085,-0.0794546274594908));
#15837=CARTESIAN_POINT('',(0.0759263110950592,0.0075,-0.0797273433883102));
#15838=CARTESIAN_POINT('',(0.0759263110950592,0.0085,-0.0797273433883102));
#15839=CARTESIAN_POINT('',(0.0759263110950592,0.0075,-0.0800800922309028));
#15840=CARTESIAN_POINT('',(0.0759263110950592,0.0085,-0.0800800922309028));
#15841=CARTESIAN_POINT('',(0.0763140932131148,0.0075,-0.0792619444444445));
#15842=CARTESIAN_POINT('',(0.0763140932131148,0.0075,-0.0792619444444445));
#15843=CARTESIAN_POINT('',(0.0763140932131148,0.0075,-0.0792619444444445));
#15844=CARTESIAN_POINT('',(0.0759263110950592,0.0075,-0.0795509689670139));
#15845=CARTESIAN_POINT('',(0.0759263110950592,0.0075,-0.0800800922309028));
#15846=CARTESIAN_POINT('',(0.0773814000707537,0.0075,-0.078972919921875));
#15847=CARTESIAN_POINT('',(0.0773814000707537,0.0085,-0.078972919921875));
#15848=CARTESIAN_POINT('',(0.0769283835776981,0.0075,-0.078972919921875));
#15849=CARTESIAN_POINT('',(0.0769283835776981,0.0085,-0.078972919921875));
#15850=CARTESIAN_POINT('',(0.0765726146251518,0.0075,-0.0790692614293982));
#15851=CARTESIAN_POINT('',(0.0765726146251518,0.0085,-0.0790692614293982));
#15852=CARTESIAN_POINT('',(0.0763140932131148,0.0075,-0.0792619444444445));
#15853=CARTESIAN_POINT('',(0.0763140932131148,0.0085,-0.0792619444444445));
#15854=CARTESIAN_POINT('',(0.0773814000707537,0.0075,-0.078972919921875));
#15855=CARTESIAN_POINT('',(0.0773814000707537,0.0075,-0.078972919921875));
#15856=CARTESIAN_POINT('',(0.0773814000707537,0.0075,-0.078972919921875));
#15857=CARTESIAN_POINT('',(0.0767018753311703,0.0075,-0.078972919921875));
#15858=CARTESIAN_POINT('',(0.0763140932131148,0.0075,-0.0792619444444445));
#15859=CARTESIAN_POINT('',(0.0784319453181495,0.0075,-0.0792832362196181));
#15860=CARTESIAN_POINT('',(0.0784319453181495,0.0085,-0.0792832362196181));
#15861=CARTESIAN_POINT('',(0.0781658736312282,0.0075,-0.0790763586877894));
#15862=CARTESIAN_POINT('',(0.0781658736312282,0.0085,-0.0790763586877894));
#15863=CARTESIAN_POINT('',(0.0778156918820962,0.0075,-0.078972919921875));
#15864=CARTESIAN_POINT('',(0.0778156918820962,0.0085,-0.078972919921875));
#15865=CARTESIAN_POINT('',(0.0773814000707537,0.0075,-0.078972919921875));
#15866=CARTESIAN_POINT('',(0.0773814000707537,0.0085,-0.078972919921875));
#15867=CARTESIAN_POINT('',(0.0784319453181495,0.0075,-0.0792832362196181));
#15868=CARTESIAN_POINT('',(0.0784319453181495,0.0075,-0.0792832362196181));
#15869=CARTESIAN_POINT('',(0.0784319453181495,0.0075,-0.0792832362196181));
#15870=CARTESIAN_POINT('',(0.0780328377877675,0.0075,-0.078972919921875));
#15871=CARTESIAN_POINT('',(0.0773814000707537,0.0075,-0.078972919921875));
#15872=CARTESIAN_POINT('',(0.0788310528485314,0.0075,-0.0801027430555556));
#15873=CARTESIAN_POINT('',(0.0788310528485314,0.0085,-0.0801027430555556));
#15874=CARTESIAN_POINT('',(0.0788310528485314,0.0075,-0.0797632826967593));
#15875=CARTESIAN_POINT('',(0.0788310528485314,0.0085,-0.0797632826967593));
#15876=CARTESIAN_POINT('',(0.0786980170050708,0.0075,-0.0794901137514468));
#15877=CARTESIAN_POINT('',(0.0786980170050708,0.0085,-0.0794901137514468));
#15878=CARTESIAN_POINT('',(0.0784319453181495,0.0075,-0.0792832362196181));
#15879=CARTESIAN_POINT('',(0.0784319453181495,0.0085,-0.0792832362196181));
#15880=CARTESIAN_POINT('',(0.0788310528485314,0.0075,-0.0801027430555556));
#15881=CARTESIAN_POINT('',(0.0788310528485314,0.0075,-0.0801027430555556));
#15882=CARTESIAN_POINT('',(0.0788310528485314,0.0075,-0.0801027430555556));
#15883=CARTESIAN_POINT('',(0.0788310528485314,0.0075,-0.0795935525173611));
#15884=CARTESIAN_POINT('',(0.0784319453181495,0.0075,-0.0792832362196181));
#15885=CARTESIAN_POINT('',(0.0778637550316467,0.0075,-0.0801030462562765));
#15886=CARTESIAN_POINT('',(0.0786285544761356,0.0075,-0.0806966476779514));
#15887=CARTESIAN_POINT('',(0.0786285544761356,0.0075,-0.0806966476779514));
#15888=CARTESIAN_POINT('',(0.0778637550316467,0.0075,-0.0801030462562765));
#15889=CARTESIAN_POINT('',(0.0779621672148509,0.0075,-0.0812162575954861));
#15890=CARTESIAN_POINT('',(0.0779621672148509,0.0085,-0.0812162575954861));
#15891=CARTESIAN_POINT('',(0.0782714264741102,0.0075,-0.0810501515480324));
#15892=CARTESIAN_POINT('',(0.0782714264741102,0.0085,-0.0810501515480324));
#15893=CARTESIAN_POINT('',(0.0784935555612051,0.0075,-0.0808769482421875));
#15894=CARTESIAN_POINT('',(0.0784935555612051,0.0085,-0.0808769482421875));
#15895=CARTESIAN_POINT('',(0.0786285544761356,0.0075,-0.0806966476779514));
#15896=CARTESIAN_POINT('',(0.0786285544761356,0.0085,-0.0806966476779514));
#15897=CARTESIAN_POINT('',(0.0779621672148509,0.0075,-0.0812162575954861));
#15898=CARTESIAN_POINT('',(0.0779621672148509,0.0075,-0.0812162575954861));
#15899=CARTESIAN_POINT('',(0.0779621672148509,0.0075,-0.0812162575954861));
#15900=CARTESIAN_POINT('',(0.0784260561037398,0.0075,-0.0809670985243056));
#15901=CARTESIAN_POINT('',(0.0786285544761356,0.0075,-0.0806966476779514));
#15902=CARTESIAN_POINT('',(0.0785284378311703,0.0075,-0.0816588547092014));
#15903=CARTESIAN_POINT('',(0.0785284378311703,0.0085,-0.0816588547092014));
#15904=CARTESIAN_POINT('',(0.0784112575649666,0.0075,-0.0814936546947338));
#15905=CARTESIAN_POINT('',(0.0784112575649666,0.0085,-0.0814936546947338));
#15906=CARTESIAN_POINT('',(0.0782225006928602,0.0075,-0.0813461223234954));
#15907=CARTESIAN_POINT('',(0.0782225006928602,0.0085,-0.0813461223234954));
#15908=CARTESIAN_POINT('',(0.0779621672148509,0.0075,-0.0812162575954861));
#15909=CARTESIAN_POINT('',(0.0779621672148509,0.0085,-0.0812162575954861));
#15910=CARTESIAN_POINT('',(0.0785284378311703,0.0075,-0.0816588547092014));
#15911=CARTESIAN_POINT('',(0.0785284378311703,0.0075,-0.0816588547092014));
#15912=CARTESIAN_POINT('',(0.0785284378311703,0.0075,-0.0816588547092014));
#15913=CARTESIAN_POINT('',(0.0783526674318648,0.0075,-0.0814110546875));
#15914=CARTESIAN_POINT('',(0.0779621672148509,0.0075,-0.0812162575954861));
#15915=CARTESIAN_POINT('',(0.077752836968553,0.0075,-0.082208741630382));
#15916=CARTESIAN_POINT('',(0.0787042082304759,0.0075,-0.0822237662760417));
#15917=CARTESIAN_POINT('',(0.0787042082304759,0.0075,-0.0822237662760417));
#15918=CARTESIAN_POINT('',(0.077752836968553,0.0075,-0.082208741630382));
#15919=CARTESIAN_POINT('',(0.0769061857695384,0.0075,-0.0797521082899306));
#15920=CARTESIAN_POINT('',(0.0769061857695384,0.0085,-0.0797521082899306));
#15921=CARTESIAN_POINT('',(0.0770194398928023,0.0075,-0.0796615049913195));
#15922=CARTESIAN_POINT('',(0.0770194398928023,0.0085,-0.0796615049913195));
#15923=CARTESIAN_POINT('',(0.0771742205279296,0.0075,-0.0796162033420139));
#15924=CARTESIAN_POINT('',(0.0771742205279296,0.0085,-0.0796162033420139));
#15925=CARTESIAN_POINT('',(0.0773705276749203,0.0075,-0.0796162033420139));
#15926=CARTESIAN_POINT('',(0.0773705276749203,0.0085,-0.0796162033420139));
#15927=CARTESIAN_POINT('',(0.0769061857695384,0.0085,-0.0797521082899306));
#15928=CARTESIAN_POINT('',(0.0770760669544342,0.0085,-0.0796162033420139));
#15929=CARTESIAN_POINT('',(0.0773705276749203,0.0085,-0.0796162033420139));
#15930=CARTESIAN_POINT('',(0.0769061857695384,0.0075,-0.0797521082899306));
#15931=CARTESIAN_POINT('',(0.0770760669544342,0.0075,-0.0796162033420139));
#15932=CARTESIAN_POINT('',(0.0773705276749203,0.0075,-0.0796162033420139));
#15933=CARTESIAN_POINT('',(0.0783404359865523,0.0075,-0.0829526698133681));
#15934=CARTESIAN_POINT('',(0.0783404359865523,0.0085,-0.0829526698133681));
#15935=CARTESIAN_POINT('',(0.0785829508158347,0.0075,-0.082772369249132));
#15936=CARTESIAN_POINT('',(0.0785829508158347,0.0085,-0.082772369249132));
#15937=CARTESIAN_POINT('',(0.0787042082304759,0.0075,-0.0825294014033565));
#15938=CARTESIAN_POINT('',(0.0787042082304759,0.0085,-0.0825294014033565));
#15939=CARTESIAN_POINT('',(0.0787042082304759,0.0075,-0.0822237662760417));
#15940=CARTESIAN_POINT('',(0.0787042082304759,0.0085,-0.0822237662760417));
#15941=CARTESIAN_POINT('',(0.0783404359865523,0.0075,-0.0829526698133681));
#15942=CARTESIAN_POINT('',(0.0787042082304759,0.0075,-0.0826822189670139));
#15943=CARTESIAN_POINT('',(0.0787042082304759,0.0075,-0.0822237662760417));
#15944=CARTESIAN_POINT('',(0.0770149097278717,0.0075,-0.0824688481987847));
#15945=CARTESIAN_POINT('',(0.0770149097278717,0.0085,-0.0824688481987847));
#15946=CARTESIAN_POINT('',(0.0769234003962745,0.0075,-0.082392439416956));
#15947=CARTESIAN_POINT('',(0.0769234003962745,0.0085,-0.082392439416956));
#15948=CARTESIAN_POINT('',(0.0768776457304759,0.0075,-0.0822899066840278));
#15949=CARTESIAN_POINT('',(0.0768776457304759,0.0085,-0.0822899066840278));
#15950=CARTESIAN_POINT('',(0.0768776457304759,0.0075,-0.08216125));
#15951=CARTESIAN_POINT('',(0.0768776457304759,0.0085,-0.08216125));
#15952=CARTESIAN_POINT('',(0.0770149097278717,0.0085,-0.0824688481987847));
#15953=CARTESIAN_POINT('',(0.0768776457304759,0.0085,-0.0823542350260417));
#15954=CARTESIAN_POINT('',(0.0768776457304759,0.0085,-0.08216125));
#15955=CARTESIAN_POINT('',(0.0770149097278717,0.0075,-0.0824688481987847));
#15956=CARTESIAN_POINT('',(0.0768776457304759,0.0075,-0.0823542350260417));
#15957=CARTESIAN_POINT('',(0.0768776457304759,0.0075,-0.08216125));
#15958=CARTESIAN_POINT('',(0.0639,0.0075,-0.04275));
#15959=CARTESIAN_POINT('',(0.0639,0.0085,-0.04275));
#15960=CARTESIAN_POINT('',(0.0964225303901566,0.0075,-0.0810993793402778));
#15961=CARTESIAN_POINT('',(0.0964225303901566,0.0085,-0.0810993793402778));
#15962=CARTESIAN_POINT('',(0.0964225303901566,0.0075,-0.0805920008680556));
#15963=CARTESIAN_POINT('',(0.0964225303901566,0.0085,-0.0805920008680556));
#15964=CARTESIAN_POINT('',(0.0964663219844853,0.0075,-0.0802283796296297));
#15965=CARTESIAN_POINT('',(0.0964663219844853,0.0085,-0.0802283796296297));
#15966=CARTESIAN_POINT('',(0.0965539051731427,0.0075,-0.080008515625));
#15967=CARTESIAN_POINT('',(0.0965539051731427,0.0085,-0.080008515625));
#15968=CARTESIAN_POINT('',(0.0964225303901566,0.0085,-0.0810993793402778));
#15969=CARTESIAN_POINT('',(0.0964225303901566,0.0085,-0.0803383116319445));
#15970=CARTESIAN_POINT('',(0.0965539051731427,0.0085,-0.080008515625));
#15971=CARTESIAN_POINT('',(0.0964225303901566,0.0085,-0.0810993793402778));
#15972=CARTESIAN_POINT('',(0.0965539051731427,0.0085,-0.080008515625));
#15973=CARTESIAN_POINT('',(0.0964225303901566,0.0075,-0.0810993793402778));
#15974=CARTESIAN_POINT('',(0.0964225303901566,0.0075,-0.0810993793402778));
#15975=CARTESIAN_POINT('',(0.0964225303901566,0.0075,-0.0810993793402778));
#15976=CARTESIAN_POINT('',(0.0964225303901566,0.0075,-0.0803383116319445));
#15977=CARTESIAN_POINT('',(0.0965539051731427,0.0075,-0.080008515625));
#15978=CARTESIAN_POINT('',(0.0965539051731427,0.0075,-0.080008515625));
#15979=CARTESIAN_POINT('',(0.0965539051731427,0.0075,-0.080008515625));
#15980=CARTESIAN_POINT('',(0.0965552642226219,0.0075,-0.0821938671875));
#15981=CARTESIAN_POINT('',(0.0965552642226219,0.0085,-0.0821938671875));
#15982=CARTESIAN_POINT('',(0.0964667750009784,0.0075,-0.0819721911168982));
#15983=CARTESIAN_POINT('',(0.0964667750009784,0.0085,-0.0819721911168982));
#15984=CARTESIAN_POINT('',(0.0964225303901566,0.0075,-0.0816073618344908));
#15985=CARTESIAN_POINT('',(0.0964225303901566,0.0085,-0.0816073618344908));
#15986=CARTESIAN_POINT('',(0.0964225303901566,0.0075,-0.0810993793402778));
#15987=CARTESIAN_POINT('',(0.0964225303901566,0.0085,-0.0810993793402778));
#15988=CARTESIAN_POINT('',(0.0965552642226219,0.0085,-0.0821938671875));
#15989=CARTESIAN_POINT('',(0.0964225303901566,0.0085,-0.0818613530815973));
#15990=CARTESIAN_POINT('',(0.0964225303901566,0.0085,-0.0810993793402778));
#15991=CARTESIAN_POINT('',(0.0965552642226219,0.0085,-0.0821938671875));
#15992=CARTESIAN_POINT('',(0.0965552642226219,0.0075,-0.0821938671875));
#15993=CARTESIAN_POINT('',(0.0965552642226219,0.0075,-0.0821938671875));
#15994=CARTESIAN_POINT('',(0.0965552642226219,0.0075,-0.0821938671875));
#15995=CARTESIAN_POINT('',(0.0964225303901566,0.0075,-0.0818613530815973));
#15996=CARTESIAN_POINT('',(0.0964225303901566,0.0075,-0.0810993793402778));
#15997=CARTESIAN_POINT('',(0.0969969553033511,0.0075,-0.0825263812934028));
#15998=CARTESIAN_POINT('',(0.0969969553033511,0.0085,-0.0825263812934028));
#15999=CARTESIAN_POINT('',(0.0967909838045085,0.0075,-0.0825263812934028));
#16000=CARTESIAN_POINT('',(0.0967909838045085,0.0085,-0.0825263812934028));
#16001=CARTESIAN_POINT('',(0.0966437534442654,0.0075,-0.0824155432581019));
#16002=CARTESIAN_POINT('',(0.0966437534442654,0.0085,-0.0824155432581019));
#16003=CARTESIAN_POINT('',(0.0965552642226219,0.0075,-0.0821938671875));
#16004=CARTESIAN_POINT('',(0.0965552642226219,0.0085,-0.0821938671875));
#16005=CARTESIAN_POINT('',(0.0969969553033511,0.0085,-0.0825263812934028));
#16006=CARTESIAN_POINT('',(0.0966879980550872,0.0085,-0.0825263812934028));
#16007=CARTESIAN_POINT('',(0.0965552642226219,0.0085,-0.0821938671875));
#16008=CARTESIAN_POINT('',(0.0969969553033511,0.0085,-0.0825263812934028));
#16009=CARTESIAN_POINT('',(0.0969969553033511,0.0075,-0.0825263812934028));
#16010=CARTESIAN_POINT('',(0.0969969553033511,0.0075,-0.0825263812934028));
#16011=CARTESIAN_POINT('',(0.0969969553033511,0.0075,-0.0825263812934028));
#16012=CARTESIAN_POINT('',(0.0966879980550872,0.0075,-0.0825263812934028));
#16013=CARTESIAN_POINT('',(0.0965552642226219,0.0075,-0.0821938671875));
#16014=CARTESIAN_POINT('',(0.0974372873346011,0.0075,-0.0821938671875));
#16015=CARTESIAN_POINT('',(0.0974372873346011,0.0085,-0.0821938671875));
#16016=CARTESIAN_POINT('',(0.0973454759920085,0.0075,-0.0824155432581019));
#16017=CARTESIAN_POINT('',(0.0973454759920085,0.0085,-0.0824155432581019));
#16018=CARTESIAN_POINT('',(0.0971986986482585,0.0075,-0.0825263812934028));
#16019=CARTESIAN_POINT('',(0.0971986986482585,0.0085,-0.0825263812934028));
#16020=CARTESIAN_POINT('',(0.0969969553033511,0.0075,-0.0825263812934028));
#16021=CARTESIAN_POINT('',(0.0969969553033511,0.0085,-0.0825263812934028));
#16022=CARTESIAN_POINT('',(0.0974372873346011,0.0085,-0.0821938671875));
#16023=CARTESIAN_POINT('',(0.0972995703207122,0.0085,-0.0825263812934028));
#16024=CARTESIAN_POINT('',(0.0969969553033511,0.0085,-0.0825263812934028));
#16025=CARTESIAN_POINT('',(0.0974372873346011,0.0085,-0.0821938671875));
#16026=CARTESIAN_POINT('',(0.0974372873346011,0.0075,-0.0821938671875));
#16027=CARTESIAN_POINT('',(0.0974372873346011,0.0075,-0.0821938671875));
#16028=CARTESIAN_POINT('',(0.0974372873346011,0.0075,-0.0821938671875));
#16029=CARTESIAN_POINT('',(0.0972995703207122,0.0075,-0.0825263812934028));
#16030=CARTESIAN_POINT('',(0.0969969553033511,0.0075,-0.0825263812934028));
#16031=CARTESIAN_POINT('',(0.09757500434849,0.0075,-0.0810993793402778));
#16032=CARTESIAN_POINT('',(0.09757500434849,0.0085,-0.0810993793402778));
#16033=CARTESIAN_POINT('',(0.09757500434849,0.0075,-0.0816073618344908));
#16034=CARTESIAN_POINT('',(0.09757500434849,0.0085,-0.0816073618344908));
#16035=CARTESIAN_POINT('',(0.0975290986771937,0.0075,-0.0819721911168982));
#16036=CARTESIAN_POINT('',(0.0975290986771937,0.0085,-0.0819721911168982));
#16037=CARTESIAN_POINT('',(0.0974372873346011,0.0075,-0.0821938671875));
#16038=CARTESIAN_POINT('',(0.0974372873346011,0.0085,-0.0821938671875));
#16039=CARTESIAN_POINT('',(0.09757500434849,0.0085,-0.0810993793402778));
#16040=CARTESIAN_POINT('',(0.09757500434849,0.0085,-0.0818613530815973));
#16041=CARTESIAN_POINT('',(0.0974372873346011,0.0085,-0.0821938671875));
#16042=CARTESIAN_POINT('',(0.09757500434849,0.0085,-0.0810993793402778));
#16043=CARTESIAN_POINT('',(0.09757500434849,0.0075,-0.0810993793402778));
#16044=CARTESIAN_POINT('',(0.09757500434849,0.0075,-0.0810993793402778));
#16045=CARTESIAN_POINT('',(0.09757500434849,0.0075,-0.0810993793402778));
#16046=CARTESIAN_POINT('',(0.09757500434849,0.0075,-0.0818613530815973));
#16047=CARTESIAN_POINT('',(0.0974372873346011,0.0075,-0.0821938671875));
#16048=CARTESIAN_POINT('',(0.0974390994005733,0.0075,-0.0800125927734375));
#16049=CARTESIAN_POINT('',(0.0974390994005733,0.0085,-0.0800125927734375));
#16050=CARTESIAN_POINT('',(0.0975297026991844,0.0075,-0.0802351748770255));
#16051=CARTESIAN_POINT('',(0.0975297026991844,0.0085,-0.0802351748770255));
#16052=CARTESIAN_POINT('',(0.09757500434849,0.0075,-0.0805974370659723));
#16053=CARTESIAN_POINT('',(0.09757500434849,0.0085,-0.0805974370659723));
#16054=CARTESIAN_POINT('',(0.09757500434849,0.0075,-0.0810993793402778));
#16055=CARTESIAN_POINT('',(0.09757500434849,0.0085,-0.0810993793402778));
#16056=CARTESIAN_POINT('',(0.0974390994005733,0.0085,-0.0800125927734375));
#16057=CARTESIAN_POINT('',(0.09757500434849,0.0085,-0.0803464659288195));
#16058=CARTESIAN_POINT('',(0.09757500434849,0.0085,-0.0810993793402778));
#16059=CARTESIAN_POINT('',(0.0974390994005733,0.0085,-0.0800125927734375));
#16060=CARTESIAN_POINT('',(0.0974390994005733,0.0075,-0.0800125927734375));
#16061=CARTESIAN_POINT('',(0.0974390994005733,0.0075,-0.0800125927734375));
#16062=CARTESIAN_POINT('',(0.0974390994005733,0.0075,-0.0800125927734375));
#16063=CARTESIAN_POINT('',(0.09757500434849,0.0075,-0.0803464659288195));
#16064=CARTESIAN_POINT('',(0.09757500434849,0.0075,-0.0810993793402778));
#16065=CARTESIAN_POINT('',(0.0969969553033511,0.0075,-0.0796787196180556));
#16066=CARTESIAN_POINT('',(0.0969969553033511,0.0085,-0.0796787196180556));
#16067=CARTESIAN_POINT('',(0.0972011147362214,0.0075,-0.0796787196180556));
#16068=CARTESIAN_POINT('',(0.0972011147362214,0.0085,-0.0796787196180556));
#16069=CARTESIAN_POINT('',(0.0973484961019622,0.0075,-0.0797900106698496));
#16070=CARTESIAN_POINT('',(0.0973484961019622,0.0085,-0.0797900106698496));
#16071=CARTESIAN_POINT('',(0.0974390994005733,0.0075,-0.0800125927734375));
#16072=CARTESIAN_POINT('',(0.0974390994005733,0.0085,-0.0800125927734375));
#16073=CARTESIAN_POINT('',(0.0969969553033511,0.0085,-0.0796787196180556));
#16074=CARTESIAN_POINT('',(0.0973031944526566,0.0085,-0.0796787196180556));
#16075=CARTESIAN_POINT('',(0.0974390994005733,0.0085,-0.0800125927734375));
#16076=CARTESIAN_POINT('',(0.0969969553033511,0.0085,-0.0796787196180556));
#16077=CARTESIAN_POINT('',(0.0969969553033511,0.0075,-0.0796787196180556));
#16078=CARTESIAN_POINT('',(0.0969969553033511,0.0075,-0.0796787196180556));
#16079=CARTESIAN_POINT('',(0.0969969553033511,0.0075,-0.0796787196180556));
#16080=CARTESIAN_POINT('',(0.0973031944526566,0.0075,-0.0796787196180556));
#16081=CARTESIAN_POINT('',(0.0974390994005733,0.0075,-0.0800125927734375));
#16082=CARTESIAN_POINT('',(0.0984466080811289,0.0075,-0.0810993793402778));
#16083=CARTESIAN_POINT('',(0.0984466080811289,0.0085,-0.0810993793402778));
#16084=CARTESIAN_POINT('',(0.0984466080811289,0.0075,-0.0803769690393519));
#16085=CARTESIAN_POINT('',(0.0984466080811289,0.0085,-0.0803769690393519));
#16086=CARTESIAN_POINT('',(0.0983282197709437,0.0075,-0.0798419565610533));
#16087=CARTESIAN_POINT('',(0.0983282197709437,0.0085,-0.0798419565610533));
#16088=CARTESIAN_POINT('',(0.0980914431505733,0.0075,-0.079494341905382));
#16089=CARTESIAN_POINT('',(0.0980914431505733,0.0085,-0.079494341905382));
#16090=CARTESIAN_POINT('',(0.0984466080811289,0.0075,-0.0810993793402778));
#16091=CARTESIAN_POINT('',(0.0984466080811289,0.0075,-0.0810993793402778));
#16092=CARTESIAN_POINT('',(0.0984466080811289,0.0075,-0.0810993793402778));
#16093=CARTESIAN_POINT('',(0.0984466080811289,0.0075,-0.0800157638888889));
#16094=CARTESIAN_POINT('',(0.0980914431505733,0.0075,-0.079494341905382));
#16095=CARTESIAN_POINT('',(0.0980914431505733,0.0075,-0.079494341905382));
#16096=CARTESIAN_POINT('',(0.0980914431505733,0.0075,-0.079494341905382));
#16097=CARTESIAN_POINT('',(0.0980801177382469,0.0075,-0.082691279296875));
#16098=CARTESIAN_POINT('',(0.0980801177382469,0.0085,-0.082691279296875));
#16099=CARTESIAN_POINT('',(0.0983244446335016,0.0075,-0.0823288661024306));
#16100=CARTESIAN_POINT('',(0.0983244446335016,0.0085,-0.0823288661024306));
#16101=CARTESIAN_POINT('',(0.0984466080811289,0.0075,-0.0817982327835649));
#16102=CARTESIAN_POINT('',(0.0984466080811289,0.0085,-0.0817982327835649));
#16103=CARTESIAN_POINT('',(0.0984466080811289,0.0075,-0.0810993793402778));
#16104=CARTESIAN_POINT('',(0.0984466080811289,0.0085,-0.0810993793402778));
#16105=CARTESIAN_POINT('',(0.0980801177382469,0.0075,-0.082691279296875));
#16106=CARTESIAN_POINT('',(0.0980801177382469,0.0075,-0.082691279296875));
#16107=CARTESIAN_POINT('',(0.0980801177382469,0.0075,-0.082691279296875));
#16108=CARTESIAN_POINT('',(0.0984466080811289,0.0075,-0.0821476595052084));
#16109=CARTESIAN_POINT('',(0.0984466080811289,0.0075,-0.0810993793402778));
#16110=CARTESIAN_POINT('',(0.0969969553033511,0.0075,-0.0832348990885417));
#16111=CARTESIAN_POINT('',(0.0969969553033511,0.0085,-0.0832348990885417));
#16112=CARTESIAN_POINT('',(0.097474736698027,0.0075,-0.0832348990885417));
#16113=CARTESIAN_POINT('',(0.097474736698027,0.0085,-0.0832348990885417));
#16114=CARTESIAN_POINT('',(0.0978357908429923,0.0075,-0.0830536924913195));
#16115=CARTESIAN_POINT('',(0.0978357908429923,0.0085,-0.0830536924913195));
#16116=CARTESIAN_POINT('',(0.0980801177382469,0.0075,-0.082691279296875));
#16117=CARTESIAN_POINT('',(0.0980801177382469,0.0085,-0.082691279296875));
#16118=CARTESIAN_POINT('',(0.0969969553033511,0.0075,-0.0832348990885417));
#16119=CARTESIAN_POINT('',(0.0969969553033511,0.0075,-0.0832348990885417));
#16120=CARTESIAN_POINT('',(0.0969969553033511,0.0075,-0.0832348990885417));
#16121=CARTESIAN_POINT('',(0.097713627395365,0.0075,-0.0832348990885417));
#16122=CARTESIAN_POINT('',(0.0980801177382469,0.0075,-0.082691279296875));
#16123=CARTESIAN_POINT('',(0.0959069976210594,0.0075,-0.082715289171007));
#16124=CARTESIAN_POINT('',(0.0959069976210594,0.0085,-0.082715289171007));
#16125=CARTESIAN_POINT('',(0.0961431702194391,0.0075,-0.0830616957826968));
#16126=CARTESIAN_POINT('',(0.0961431702194391,0.0085,-0.0830616957826968));
#16127=CARTESIAN_POINT('',(0.0965064894468696,0.0075,-0.0832348990885417));
#16128=CARTESIAN_POINT('',(0.0965064894468696,0.0085,-0.0832348990885417));
#16129=CARTESIAN_POINT('',(0.0969969553033511,0.0075,-0.0832348990885417));
#16130=CARTESIAN_POINT('',(0.0969969553033511,0.0085,-0.0832348990885417));
#16131=CARTESIAN_POINT('',(0.0959069976210594,0.0075,-0.082715289171007));
#16132=CARTESIAN_POINT('',(0.0959069976210594,0.0075,-0.082715289171007));
#16133=CARTESIAN_POINT('',(0.0959069976210594,0.0075,-0.082715289171007));
#16134=CARTESIAN_POINT('',(0.0962612565186289,0.0075,-0.0832348990885417));
#16135=CARTESIAN_POINT('',(0.0969969553033511,0.0075,-0.0832348990885417));
#16136=CARTESIAN_POINT('',(0.09555273872349,0.0075,-0.0810993793402778));
#16137=CARTESIAN_POINT('',(0.09555273872349,0.0085,-0.0810993793402778));
#16138=CARTESIAN_POINT('',(0.09555273872349,0.0075,-0.0818302459490741));
#16139=CARTESIAN_POINT('',(0.09555273872349,0.0085,-0.0818302459490741));
#16140=CARTESIAN_POINT('',(0.0956708250226798,0.0075,-0.0823688825593172));
#16141=CARTESIAN_POINT('',(0.0956708250226798,0.0085,-0.0823688825593172));
#16142=CARTESIAN_POINT('',(0.0959069976210594,0.0075,-0.082715289171007));
#16143=CARTESIAN_POINT('',(0.0959069976210594,0.0085,-0.082715289171007));
#16144=CARTESIAN_POINT('',(0.09555273872349,0.0075,-0.0810993793402778));
#16145=CARTESIAN_POINT('',(0.09555273872349,0.0075,-0.0810993793402778));
#16146=CARTESIAN_POINT('',(0.09555273872349,0.0075,-0.0810993793402778));
#16147=CARTESIAN_POINT('',(0.09555273872349,0.0075,-0.0821956792534723));
#16148=CARTESIAN_POINT('',(0.0959069976210594,0.0075,-0.082715289171007));
#16149=CARTESIAN_POINT('',(0.0959165109674136,0.0075,-0.079511103515625));
#16150=CARTESIAN_POINT('',(0.0959165109674136,0.0085,-0.079511103515625));
#16151=CARTESIAN_POINT('',(0.0956739961381312,0.0075,-0.079869892578125));
#16152=CARTESIAN_POINT('',(0.0956739961381312,0.0085,-0.079869892578125));
#16153=CARTESIAN_POINT('',(0.09555273872349,0.0075,-0.0803993178530093));
#16154=CARTESIAN_POINT('',(0.09555273872349,0.0085,-0.0803993178530093));
#16155=CARTESIAN_POINT('',(0.09555273872349,0.0075,-0.0810993793402778));
#16156=CARTESIAN_POINT('',(0.09555273872349,0.0085,-0.0810993793402778));
#16157=CARTESIAN_POINT('',(0.0959165109674136,0.0075,-0.079511103515625));
#16158=CARTESIAN_POINT('',(0.0959165109674136,0.0075,-0.079511103515625));
#16159=CARTESIAN_POINT('',(0.0959165109674136,0.0075,-0.079511103515625));
#16160=CARTESIAN_POINT('',(0.09555273872349,0.0075,-0.080049287109375));
#16161=CARTESIAN_POINT('',(0.09555273872349,0.0075,-0.0810993793402778));
#16162=CARTESIAN_POINT('',(0.0969969553033511,0.0075,-0.078972919921875));
#16163=CARTESIAN_POINT('',(0.0969969553033511,0.0085,-0.078972919921875));
#16164=CARTESIAN_POINT('',(0.0965191739086751,0.0075,-0.078972919921875));
#16165=CARTESIAN_POINT('',(0.0965191739086751,0.0085,-0.078972919921875));
#16166=CARTESIAN_POINT('',(0.096159025796696,0.0075,-0.079152314453125));
#16167=CARTESIAN_POINT('',(0.096159025796696,0.0085,-0.079152314453125));
#16168=CARTESIAN_POINT('',(0.0959165109674136,0.0075,-0.079511103515625));
#16169=CARTESIAN_POINT('',(0.0959165109674136,0.0085,-0.079511103515625));
#16170=CARTESIAN_POINT('',(0.0969969553033511,0.0075,-0.078972919921875));
#16171=CARTESIAN_POINT('',(0.0969969553033511,0.0075,-0.078972919921875));
#16172=CARTESIAN_POINT('',(0.0969969553033511,0.0075,-0.078972919921875));
#16173=CARTESIAN_POINT('',(0.0962802832113372,0.0075,-0.078972919921875));
#16174=CARTESIAN_POINT('',(0.0959165109674136,0.0075,-0.079511103515625));
#16175=CARTESIAN_POINT('',(0.0980914431505733,0.0075,-0.079494341905382));
#16176=CARTESIAN_POINT('',(0.0980914431505733,0.0085,-0.079494341905382));
#16177=CARTESIAN_POINT('',(0.0978546665302029,0.0075,-0.0791467272497107));
#16178=CARTESIAN_POINT('',(0.0978546665302029,0.0085,-0.0791467272497107));
#16179=CARTESIAN_POINT('',(0.0974898372477955,0.0075,-0.078972919921875));
#16180=CARTESIAN_POINT('',(0.0974898372477955,0.0085,-0.078972919921875));
#16181=CARTESIAN_POINT('',(0.0969969553033511,0.0075,-0.078972919921875));
#16182=CARTESIAN_POINT('',(0.0969969553033511,0.0085,-0.078972919921875));
#16183=CARTESIAN_POINT('',(0.0980914431505733,0.0075,-0.079494341905382));
#16184=CARTESIAN_POINT('',(0.0977362782200177,0.0075,-0.078972919921875));
#16185=CARTESIAN_POINT('',(0.0969969553033511,0.0075,-0.078972919921875));
#16186=CARTESIAN_POINT('',(0.0965539051731427,0.0075,-0.080008515625));
#16187=CARTESIAN_POINT('',(0.0965539051731427,0.0085,-0.080008515625));
#16188=CARTESIAN_POINT('',(0.0966414883618002,0.0075,-0.0797886516203704));
#16189=CARTESIAN_POINT('',(0.0966414883618002,0.0085,-0.0797886516203704));
#16190=CARTESIAN_POINT('',(0.0967891717385363,0.0075,-0.0796787196180556));
#16191=CARTESIAN_POINT('',(0.0967891717385363,0.0085,-0.0796787196180556));
#16192=CARTESIAN_POINT('',(0.0969969553033511,0.0075,-0.0796787196180556));
#16193=CARTESIAN_POINT('',(0.0969969553033511,0.0085,-0.0796787196180556));
#16194=CARTESIAN_POINT('',(0.0965539051731427,0.0085,-0.080008515625));
#16195=CARTESIAN_POINT('',(0.0966852799561289,0.0085,-0.0796787196180556));
#16196=CARTESIAN_POINT('',(0.0969969553033511,0.0085,-0.0796787196180556));
#16197=CARTESIAN_POINT('',(0.0965539051731427,0.0075,-0.080008515625));
#16198=CARTESIAN_POINT('',(0.0966852799561289,0.0075,-0.0796787196180556));
#16199=CARTESIAN_POINT('',(0.0969969553033511,0.0075,-0.0796787196180556));
#16200=CARTESIAN_POINT('',(0.0639,0.0075,-0.04275));
#16201=CARTESIAN_POINT('',(0.115155934713947,0.0075,-0.07903));
#16202=CARTESIAN_POINT('',(0.116602869392766,0.0075,-0.07903));
#16203=CARTESIAN_POINT('',(0.116602869392766,0.0075,-0.07903));
#16204=CARTESIAN_POINT('',(0.115155934713947,0.0075,-0.07903));
#16205=CARTESIAN_POINT('',(0.113709000035127,0.0075,-0.07903));
#16206=CARTESIAN_POINT('',(0.113709000035127,0.0075,-0.07903));
#16207=CARTESIAN_POINT('',(0.116602869392766,0.0075,-0.079398302408854));
#16208=CARTESIAN_POINT('',(0.116602869392766,0.0075,-0.0797666048177082));
#16209=CARTESIAN_POINT('',(0.116602869392766,0.0075,-0.0797666048177082));
#16210=CARTESIAN_POINT('',(0.116602869392766,0.0075,-0.079398302408854));
#16211=CARTESIAN_POINT('',(0.115700913555092,0.0075,-0.0797666048177082));
#16212=CARTESIAN_POINT('',(0.114798957717419,0.0075,-0.0797666048177082));
#16213=CARTESIAN_POINT('',(0.114798957717419,0.0075,-0.0797666048177082));
#16214=CARTESIAN_POINT('',(0.115700913555092,0.0075,-0.0797666048177082));
#16215=CARTESIAN_POINT('',(0.114798957717419,0.0075,-0.0797860845269096));
#16216=CARTESIAN_POINT('',(0.114798957717419,0.0075,-0.079805564236111));
#16217=CARTESIAN_POINT('',(0.114798957717419,0.0075,-0.079805564236111));
#16218=CARTESIAN_POINT('',(0.114798957717419,0.0075,-0.0797860845269096));
#16219=CARTESIAN_POINT('',(0.115065331415335,0.0075,-0.0800560823567707));
#16220=CARTESIAN_POINT('',(0.115331705113252,0.0075,-0.0803066004774304));
#16221=CARTESIAN_POINT('',(0.115331705113252,0.0075,-0.0803066004774304));
#16222=CARTESIAN_POINT('',(0.115065331415335,0.0075,-0.0800560823567707));
#16223=CARTESIAN_POINT('',(0.116074652161863,0.0075,-0.0810572488064235));
#16224=CARTESIAN_POINT('',(0.116074652161863,0.0085,-0.0810572488064235));
#16225=CARTESIAN_POINT('',(0.115933915038021,0.0075,-0.0808817804181133));
#16226=CARTESIAN_POINT('',(0.115933915038021,0.0085,-0.0808817804181133));
#16227=CARTESIAN_POINT('',(0.115686266021817,0.0075,-0.0806315643084489));
#16228=CARTESIAN_POINT('',(0.115686266021817,0.0085,-0.0806315643084489));
#16229=CARTESIAN_POINT('',(0.115331705113252,0.0075,-0.0803066004774304));
#16230=CARTESIAN_POINT('',(0.115331705113252,0.0085,-0.0803066004774304));
#16231=CARTESIAN_POINT('',(0.116074652161863,0.0075,-0.0810572488064235));
#16232=CARTESIAN_POINT('',(0.116074652161863,0.0075,-0.0810572488064235));
#16233=CARTESIAN_POINT('',(0.116074652161863,0.0075,-0.0810572488064235));
#16234=CARTESIAN_POINT('',(0.115863546476099,0.0075,-0.0807940462239582));
#16235=CARTESIAN_POINT('',(0.115331705113252,0.0075,-0.0803066004774304));
#16236=CARTESIAN_POINT('',(0.114483981154807,0.0075,-0.0823804893658476));
#16237=CARTESIAN_POINT('',(0.116386327509085,0.0075,-0.0815709695095485));
#16238=CARTESIAN_POINT('',(0.116386722290138,0.0075,-0.0815707993795051));
#16239=CARTESIAN_POINT('',(0.114483981154807,0.0075,-0.0823804893658476));
#16240=CARTESIAN_POINT('',(0.11505951575092,0.0075,-0.0820959327527571));
#16241=CARTESIAN_POINT('',(0.116486897170544,0.0075,-0.0821077940538194));
#16242=CARTESIAN_POINT('',(0.116486513669725,0.0075,-0.0821077968974883));
#16243=CARTESIAN_POINT('',(0.11505951575092,0.0075,-0.0820959327527571));
#16244=CARTESIAN_POINT('',(0.115434752842902,0.0075,-0.0821279941442599));
#16245=CARTESIAN_POINT('',(0.116322452183565,0.0075,-0.0826908262803819));
#16246=CARTESIAN_POINT('',(0.116322663407187,0.0075,-0.0826909609006279));
#16247=CARTESIAN_POINT('',(0.115434752842902,0.0075,-0.0821279941442599));
#16248=CARTESIAN_POINT('',(0.115409896639901,0.0075,-0.0820916161340819));
#16249=CARTESIAN_POINT('',(0.115860828377141,0.0075,-0.0830872157118055));
#16250=CARTESIAN_POINT('',(0.115860828377141,0.0075,-0.0830872157118055));
#16251=CARTESIAN_POINT('',(0.115409896639901,0.0075,-0.0820916161340819));
#16252=CARTESIAN_POINT('',(0.115175867439641,0.0075,-0.0832285568576388));
#16253=CARTESIAN_POINT('',(0.115175867439641,0.0085,-0.0832285568576388));
#16254=CARTESIAN_POINT('',(0.115434388851678,0.0075,-0.0832285568576388));
#16255=CARTESIAN_POINT('',(0.115434388851678,0.0085,-0.0832285568576388));
#16256=CARTESIAN_POINT('',(0.115662709164178,0.0075,-0.083181443142361));
#16257=CARTESIAN_POINT('',(0.115662709164178,0.0085,-0.083181443142361));
#16258=CARTESIAN_POINT('',(0.115860828377141,0.0075,-0.0830872157118055));
#16259=CARTESIAN_POINT('',(0.115860828377141,0.0085,-0.0830872157118055));
#16260=CARTESIAN_POINT('',(0.115175867439641,0.0075,-0.0832285568576388));
#16261=CARTESIAN_POINT('',(0.115175867439641,0.0075,-0.0832285568576388));
#16262=CARTESIAN_POINT('',(0.115175867439641,0.0075,-0.0832285568576388));
#16263=CARTESIAN_POINT('',(0.115563649557697,0.0075,-0.0832285568576388));
#16264=CARTESIAN_POINT('',(0.115860828377141,0.0075,-0.0830872157118055));
#16265=CARTESIAN_POINT('',(0.115148381836451,0.0075,-0.0809695373788813));
#16266=CARTESIAN_POINT('',(0.114643573060301,0.0075,-0.0831705707465277));
#16267=CARTESIAN_POINT('',(0.114643538462011,0.0075,-0.083170729639551));
#16268=CARTESIAN_POINT('',(0.115148381836451,0.0075,-0.0809695373788813));
#16269=CARTESIAN_POINT('',(0.115075849780264,0.0075,-0.0813535253380262));
#16270=CARTESIAN_POINT('',(0.11420460007853,0.0075,-0.0830052197265624));
#16271=CARTESIAN_POINT('',(0.11420460007853,0.0075,-0.0830052197265624));
#16272=CARTESIAN_POINT('',(0.115075849780264,0.0075,-0.0813535253380262));
#16273=CARTESIAN_POINT('',(0.113698127639294,0.0075,-0.0826369173177083));
#16274=CARTESIAN_POINT('',(0.113698127639294,0.0085,-0.0826369173177083));
#16275=CARTESIAN_POINT('',(0.113901683050173,0.0075,-0.0828108756510416));
#16276=CARTESIAN_POINT('',(0.113901683050173,0.0085,-0.0828108756510416));
#16277=CARTESIAN_POINT('',(0.114070507196585,0.0075,-0.0829336431206597));
#16278=CARTESIAN_POINT('',(0.114070507196585,0.0085,-0.0829336431206597));
#16279=CARTESIAN_POINT('',(0.11420460007853,0.0075,-0.0830052197265624));
#16280=CARTESIAN_POINT('',(0.11420460007853,0.0085,-0.0830052197265624));
#16281=CARTESIAN_POINT('',(0.113698127639294,0.0075,-0.0826369173177083));
#16282=CARTESIAN_POINT('',(0.113698127639294,0.0075,-0.0826369173177083));
#16283=CARTESIAN_POINT('',(0.113698127639294,0.0075,-0.0826369173177083));
#16284=CARTESIAN_POINT('',(0.114003460755613,0.0075,-0.0828978548177083));
#16285=CARTESIAN_POINT('',(0.11420460007853,0.0075,-0.0830052197265624));
#16286=CARTESIAN_POINT('',(0.113935961298148,0.0075,-0.0823551410590277));
#16287=CARTESIAN_POINT('',(0.114174216616345,0.0075,-0.0820728652344213));
#16288=CARTESIAN_POINT('',(0.114174216616345,0.0075,-0.0820728652344213));
#16289=CARTESIAN_POINT('',(0.113935961298148,0.0075,-0.0823551410590277));
#16290=CARTESIAN_POINT('',(0.115752517063677,0.0075,-0.0802218580220577));
#16291=CARTESIAN_POINT('',(0.114646744175752,0.0075,-0.0823877582465277));
#16292=CARTESIAN_POINT('',(0.114646650798904,0.0075,-0.0823879384007669));
#16293=CARTESIAN_POINT('',(0.115752517063677,0.0075,-0.0802218580220577));
#16294=CARTESIAN_POINT('',(0.115117129238273,0.0075,-0.0814467383911466));
#16295=CARTESIAN_POINT('',(0.115113351163599,0.0075,-0.0824982942708332));
#16296=CARTESIAN_POINT('',(0.115113351163599,0.0075,-0.0824982942708332));
#16297=CARTESIAN_POINT('',(0.115117129238273,0.0075,-0.0814467383911466));
#16298=CARTESIAN_POINT('',(0.115480294522974,0.0075,-0.0823764328342013));
#16299=CARTESIAN_POINT('',(0.115480294522974,0.0085,-0.0823764328342013));
#16300=CARTESIAN_POINT('',(0.115388483180382,0.0075,-0.0824576737919559));
#16301=CARTESIAN_POINT('',(0.115388483180382,0.0085,-0.0824576737919559));
#16302=CARTESIAN_POINT('',(0.115266168727257,0.0075,-0.0824982942708332));
#16303=CARTESIAN_POINT('',(0.115266168727257,0.0085,-0.0824982942708332));
#16304=CARTESIAN_POINT('',(0.115113351163599,0.0075,-0.0824982942708332));
#16305=CARTESIAN_POINT('',(0.115113351163599,0.0085,-0.0824982942708332));
#16306=CARTESIAN_POINT('',(0.115480294522974,0.0075,-0.0823764328342013));
#16307=CARTESIAN_POINT('',(0.115480294522974,0.0075,-0.0823764328342013));
#16308=CARTESIAN_POINT('',(0.115480294522974,0.0075,-0.0823764328342013));
#16309=CARTESIAN_POINT('',(0.115342577509085,0.0075,-0.0824982942708332));
#16310=CARTESIAN_POINT('',(0.115113351163599,0.0075,-0.0824982942708332));
#16311=CARTESIAN_POINT('',(0.115618011536863,0.0075,-0.0820054123263888));
#16312=CARTESIAN_POINT('',(0.115618011536863,0.0085,-0.0820054123263888));
#16313=CARTESIAN_POINT('',(0.115618011536863,0.0075,-0.0821715183738425));
#16314=CARTESIAN_POINT('',(0.115618011536863,0.0085,-0.0821715183738425));
#16315=CARTESIAN_POINT('',(0.115572105865567,0.0075,-0.0822951918764467));
#16316=CARTESIAN_POINT('',(0.115572105865567,0.0085,-0.0822951918764467));
#16317=CARTESIAN_POINT('',(0.115480294522974,0.0075,-0.0823764328342013));
#16318=CARTESIAN_POINT('',(0.115480294522974,0.0085,-0.0823764328342013));
#16319=CARTESIAN_POINT('',(0.115618011536863,0.0075,-0.0820054123263888));
#16320=CARTESIAN_POINT('',(0.115618009538873,0.0075,-0.0820054123243044));
#16321=CARTESIAN_POINT('',(0.115618011536863,0.0075,-0.0820054123263888));
#16322=CARTESIAN_POINT('',(0.115618011536863,0.0075,-0.0822545713975694));
#16323=CARTESIAN_POINT('',(0.115480294522974,0.0075,-0.0823764328342013));
#16324=CARTESIAN_POINT('',(0.114759837054516,0.0075,-0.0820045170619103));
#16325=CARTESIAN_POINT('',(0.115555495260822,0.0075,-0.0816828645833332));
#16326=CARTESIAN_POINT('',(0.115555825621037,0.0075,-0.0816827201131385));
#16327=CARTESIAN_POINT('',(0.114759837054516,0.0075,-0.0820045170619103));
#16328=CARTESIAN_POINT('',(0.114212461012702,0.0075,-0.0822676267437566));
#16329=CARTESIAN_POINT('',(0.115351637838947,0.0075,-0.0813444612630207));
#16330=CARTESIAN_POINT('',(0.115351637838947,0.0075,-0.0813444612630207));
#16331=CARTESIAN_POINT('',(0.114212461012702,0.0075,-0.0822676267437566));
#16332=CARTESIAN_POINT('',(0.114748219870197,0.0075,-0.0806889463975693));
#16333=CARTESIAN_POINT('',(0.114748219870197,0.0085,-0.0806889463975693));
#16334=CARTESIAN_POINT('',(0.115056271085474,0.0075,-0.081004245876736));
#16335=CARTESIAN_POINT('',(0.115056271085474,0.0085,-0.081004245876736));
#16336=CARTESIAN_POINT('',(0.115257410408391,0.0075,-0.0812227508318864));
#16337=CARTESIAN_POINT('',(0.115257410408391,0.0085,-0.0812227508318864));
#16338=CARTESIAN_POINT('',(0.115351637838947,0.0075,-0.0813444612630207));
#16339=CARTESIAN_POINT('',(0.115351637838947,0.0085,-0.0813444612630207));
#16340=CARTESIAN_POINT('',(0.114748219870197,0.0075,-0.0806889463975693));
#16341=CARTESIAN_POINT('',(0.114748219870197,0.0075,-0.0806889463975693));
#16342=CARTESIAN_POINT('',(0.114748219870197,0.0075,-0.0806889463975693));
#16343=CARTESIAN_POINT('',(0.115210296693113,0.0075,-0.0811618956163193));
#16344=CARTESIAN_POINT('',(0.115351637838947,0.0075,-0.0813444612630207));
#16345=CARTESIAN_POINT('',(0.114228609952662,0.0075,-0.0801639002821179));
#16346=CARTESIAN_POINT('',(0.113709000035127,0.0075,-0.0796388541666665));
#16347=CARTESIAN_POINT('',(0.113709000035127,0.0075,-0.0796388541666665));
#16348=CARTESIAN_POINT('',(0.114228609952662,0.0075,-0.0801639002821179));
#16349=CARTESIAN_POINT('',(0.113709000035127,0.0075,-0.0793344270833332));
#16350=CARTESIAN_POINT('',(0.113709000035127,0.0075,-0.0793344270833332));
#16351=CARTESIAN_POINT('',(0.0639,0.0075,-0.04275));
#16352=CARTESIAN_POINT('',(0.0409388711698739,0.0075,-0.0809186257595486));
#16353=CARTESIAN_POINT('',(0.0409388711698739,0.0085,-0.0809186257595486));
#16354=CARTESIAN_POINT('',(0.0409388711698739,0.0085,-0.0805675379774306));
#16355=CARTESIAN_POINT('',(0.0409387241460982,0.0085,-0.0812697150425797));
#16356=CARTESIAN_POINT('',(0.0409388711698739,0.0075,-0.0805675379774306));
#16357=CARTESIAN_POINT('',(0.0409388711698739,0.0075,-0.0805675379774306));
#16358=CARTESIAN_POINT('',(0.0409388711698739,0.0075,-0.0809186257595486));
#16359=CARTESIAN_POINT('',(0.0409387241460982,0.00750000025,-0.0812697150425797));
#16360=CARTESIAN_POINT('',(0.0409388711698739,0.0075,-0.0812697135416667));
#16361=CARTESIAN_POINT('',(0.0404405530275127,0.0075,-0.0805675379774306));
#16362=CARTESIAN_POINT('',(0.0404405530275127,0.0085,-0.0805675379774306));
#16363=CARTESIAN_POINT('',(0.0399422348851516,0.0085,-0.0805675379774306));
#16364=CARTESIAN_POINT('',(0.0399422348851516,0.0075,-0.0805675379774306));
#16365=CARTESIAN_POINT('',(0.0399422348851516,0.0075,-0.0805675379774306));
#16366=CARTESIAN_POINT('',(0.0404405530275127,0.0075,-0.0805675379774306));
#16367=CARTESIAN_POINT('',(0.0403218627063322,0.0075,-0.0811410568576389));
#16368=CARTESIAN_POINT('',(0.0403218627063322,0.0085,-0.0811410568576389));
#16369=CARTESIAN_POINT('',(0.040701463011376,0.0085,-0.0817145941537758));
#16370=CARTESIAN_POINT('',(0.0407014905275127,0.0075,-0.0817145757378473));
#16371=CARTESIAN_POINT('',(0.040701463011376,0.0075,-0.0817145941537758));
#16372=CARTESIAN_POINT('',(0.0403218627063322,0.0075,-0.0811410568576389));
#16373=CARTESIAN_POINT('',(0.0380759080739484,0.0075,-0.0834718187467531));
#16374=CARTESIAN_POINT('',(0.0380759080739484,0.0085,-0.0834718187467531));
#16375=CARTESIAN_POINT('',(0.040953434960697,0.0085,-0.0821675922309028));
#16376=CARTESIAN_POINT('',(0.040953434960697,0.0075,-0.0821675922309028));
#16377=CARTESIAN_POINT('',(0.040953434960697,0.0075,-0.0821675922309028));
#16378=CARTESIAN_POINT('',(0.0380759080739484,0.0075,-0.0834718187467531));
#16379=CARTESIAN_POINT('',(0.040964693109978,0.0075,-0.0821675922309028));
#16380=CARTESIAN_POINT('',(0.040964693109978,0.0085,-0.0821675922309028));
#16381=CARTESIAN_POINT('',(0.0409752652631731,0.0085,-0.0821675922309028));
#16382=CARTESIAN_POINT('',(0.0409752652631731,0.0075,-0.0821675922309028));
#16383=CARTESIAN_POINT('',(0.0409752652631731,0.0075,-0.0821675922309028));
#16384=CARTESIAN_POINT('',(0.040964693109978,0.0075,-0.0821675922309028));
#16385=CARTESIAN_POINT('',(0.0493795178940906,0.0075,-0.0815078121205374));
#16386=CARTESIAN_POINT('',(0.0493795178940906,0.0085,-0.0815078121205374));
#16387=CARTESIAN_POINT('',(0.0409535743954269,0.0085,-0.0817793503158585));
#16388=CARTESIAN_POINT('',(0.0409533676976516,0.0075,-0.0817793570963542));
#16389=CARTESIAN_POINT('',(0.0409535743954269,0.0075,-0.0817793503158585));
#16390=CARTESIAN_POINT('',(0.0493795178940906,0.0075,-0.0815078121205374));
#16391=CARTESIAN_POINT('',(0.0420433253799433,0.0075,-0.0798880132378473));
#16392=CARTESIAN_POINT('',(0.0422924844511238,0.0075,-0.0798880132378473));
#16393=CARTESIAN_POINT('',(0.0422924844511238,0.0075,-0.0798880132378473));
#16394=CARTESIAN_POINT('',(0.0420433253799433,0.0075,-0.0798880132378473));
#16395=CARTESIAN_POINT('',(0.0417941663087627,0.0075,-0.0798880132378473));
#16396=CARTESIAN_POINT('',(0.0417941663087627,0.0075,-0.0798880132378473));
#16397=CARTESIAN_POINT('',(0.0422924844511238,0.0075,-0.0802277756076389));
#16398=CARTESIAN_POINT('',(0.0422924844511238,0.0075,-0.0805675379774306));
#16399=CARTESIAN_POINT('',(0.0422924844511238,0.0075,-0.0805675379774306));
#16400=CARTESIAN_POINT('',(0.0422924844511238,0.0075,-0.0802277756076389));
#16401=CARTESIAN_POINT('',(0.0420433253799433,0.0075,-0.0805675379774306));
#16402=CARTESIAN_POINT('',(0.0417941663087627,0.0075,-0.0805675379774306));
#16403=CARTESIAN_POINT('',(0.0417941663087627,0.0075,-0.0805675379774306));
#16404=CARTESIAN_POINT('',(0.0420433253799433,0.0075,-0.0805675379774306));
#16405=CARTESIAN_POINT('',(0.0417941663087627,0.0075,-0.0818686013454861));
#16406=CARTESIAN_POINT('',(0.0417941663087627,0.0075,-0.0831696647135417));
#16407=CARTESIAN_POINT('',(0.0417941663087627,0.0075,-0.0831696647135417));
#16408=CARTESIAN_POINT('',(0.0417941663087627,0.0075,-0.0818686013454861));
#16409=CARTESIAN_POINT('',(0.0413909816299433,0.0075,-0.0831696647135417));
#16410=CARTESIAN_POINT('',(0.0409877969511238,0.0075,-0.0831696647135417));
#16411=CARTESIAN_POINT('',(0.0409877969511238,0.0075,-0.0831696647135417));
#16412=CARTESIAN_POINT('',(0.0413909816299433,0.0075,-0.0831696647135417));
#16413=CARTESIAN_POINT('',(0.0400799518990405,0.0075,-0.0818332660590278));
#16414=CARTESIAN_POINT('',(0.0391721068469572,0.0075,-0.0804968674045139));
#16415=CARTESIAN_POINT('',(0.0391721068469572,0.0075,-0.0804968674045139));
#16416=CARTESIAN_POINT('',(0.0400799518990405,0.0075,-0.0818332660590278));
#16417=CARTESIAN_POINT('',(0.0391721068469572,0.0075,-0.0801924403211806));
#16418=CARTESIAN_POINT('',(0.0391721068469572,0.0075,-0.0798880132378473));
#16419=CARTESIAN_POINT('',(0.0391721068469572,0.0075,-0.0798880132378473));
#16420=CARTESIAN_POINT('',(0.0391721068469572,0.0075,-0.0801924403211806));
#16421=CARTESIAN_POINT('',(0.0400554890084155,0.0075,-0.0798880132378473));
#16422=CARTESIAN_POINT('',(0.0409388711698739,0.0075,-0.0798880132378473));
#16423=CARTESIAN_POINT('',(0.0409388711698739,0.0075,-0.0798880132378473));
#16424=CARTESIAN_POINT('',(0.0400554890084155,0.0075,-0.0798880132378473));
#16425=CARTESIAN_POINT('',(0.0409388711698739,0.0075,-0.0794590066189237));
#16426=CARTESIAN_POINT('',(0.0409388711698739,0.0075,-0.07903));
#16427=CARTESIAN_POINT('',(0.0409388711698739,0.0075,-0.07903));
#16428=CARTESIAN_POINT('',(0.0409388711698739,0.0075,-0.0794590066189237));
#16429=CARTESIAN_POINT('',(0.0413665187393183,0.0075,-0.07903));
#16430=CARTESIAN_POINT('',(0.0417941663087627,0.0075,-0.07903));
#16431=CARTESIAN_POINT('',(0.0417941663087627,0.0075,-0.07903));
#16432=CARTESIAN_POINT('',(0.0413665187393183,0.0075,-0.07903));
#16433=CARTESIAN_POINT('',(0.0417941663087627,0.0075,-0.0794590066189237));
#16434=CARTESIAN_POINT('',(0.0417941663087627,0.0075,-0.0794590066189237));
#16435=CARTESIAN_POINT('',(0.0541784268877294,0.0075,-0.0811345556694093));
#16436=CARTESIAN_POINT('',(0.0541784268877294,0.0085,-0.0811345556694093));
#16437=CARTESIAN_POINT('',(0.0541784268877294,0.0075,-0.0811345556694093));
#16438=CARTESIAN_POINT('',(0.0639,0.0075,-0.04275));
#16439=CARTESIAN_POINT('',(0.0594455009441794,0.0075,-0.0796723773871528));
#16440=CARTESIAN_POINT('',(0.0594455009441794,0.0085,-0.0796723773871528));
#16441=CARTESIAN_POINT('',(0.0596321437393183,0.0075,-0.0796723773871528));
#16442=CARTESIAN_POINT('',(0.0596321437393183,0.0085,-0.0796723773871528));
#16443=CARTESIAN_POINT('',(0.0597755989621192,0.0075,-0.0797351956741898));
#16444=CARTESIAN_POINT('',(0.0597755989621192,0.0085,-0.0797351956741898));
#16445=CARTESIAN_POINT('',(0.0598758666125822,0.0075,-0.0798608322482639));
#16446=CARTESIAN_POINT('',(0.0598758666125822,0.0085,-0.0798608322482639));
#16447=CARTESIAN_POINT('',(0.0594455009441794,0.0085,-0.0796723773871528));
#16448=CARTESIAN_POINT('',(0.0597254651368877,0.0085,-0.0796723773871528));
#16449=CARTESIAN_POINT('',(0.0598758666125822,0.0085,-0.0798608322482639));
#16450=CARTESIAN_POINT('',(0.0594455009441794,0.0085,-0.0796723773871528));
#16451=CARTESIAN_POINT('',(0.0598758666125822,0.0085,-0.0798608322482639));
#16452=CARTESIAN_POINT('',(0.0594455009441794,0.0075,-0.0796723773871528));
#16453=CARTESIAN_POINT('',(0.0594455009441794,0.0075,-0.0796723773871528));
#16454=CARTESIAN_POINT('',(0.0594455009441794,0.0075,-0.0796723773871528));
#16455=CARTESIAN_POINT('',(0.0597254651368877,0.0075,-0.0796723773871528));
#16456=CARTESIAN_POINT('',(0.0598758666125822,0.0075,-0.0798608322482639));
#16457=CARTESIAN_POINT('',(0.0598758666125822,0.0075,-0.0798608322482639));
#16458=CARTESIAN_POINT('',(0.0598758666125822,0.0075,-0.0798608322482639));
#16459=CARTESIAN_POINT('',(0.0589965615995613,0.0075,-0.0799047748480903));
#16460=CARTESIAN_POINT('',(0.0589965615995613,0.0085,-0.0799047748480903));
#16461=CARTESIAN_POINT('',(0.0591146478987511,0.0075,-0.0797498432074653));
#16462=CARTESIAN_POINT('',(0.0591146478987511,0.0085,-0.0797498432074653));
#16463=CARTESIAN_POINT('',(0.0592642943469571,0.0075,-0.0796723773871528));
#16464=CARTESIAN_POINT('',(0.0592642943469571,0.0085,-0.0796723773871528));
#16465=CARTESIAN_POINT('',(0.0594455009441794,0.0075,-0.0796723773871528));
#16466=CARTESIAN_POINT('',(0.0594455009441794,0.0085,-0.0796723773871528));
#16467=CARTESIAN_POINT('',(0.0589965615995613,0.0085,-0.0799047748480903));
#16468=CARTESIAN_POINT('',(0.059173691048346,0.0085,-0.0796723773871528));
#16469=CARTESIAN_POINT('',(0.0594455009441794,0.0085,-0.0796723773871528));
#16470=CARTESIAN_POINT('',(0.0589965615995613,0.0085,-0.0799047748480903));
#16471=CARTESIAN_POINT('',(0.0589965615995613,0.0075,-0.0799047748480903));
#16472=CARTESIAN_POINT('',(0.0589965615995613,0.0075,-0.0799047748480903));
#16473=CARTESIAN_POINT('',(0.0589965615995613,0.0075,-0.0799047748480903));
#16474=CARTESIAN_POINT('',(0.059173691048346,0.0075,-0.0796723773871528));
#16475=CARTESIAN_POINT('',(0.0594455009441794,0.0075,-0.0796723773871528));
#16476=CARTESIAN_POINT('',(0.0588194321507766,0.0075,-0.0804742165798612));
#16477=CARTESIAN_POINT('',(0.0588194321507766,0.0085,-0.0804742165798612));
#16478=CARTESIAN_POINT('',(0.0588194321507766,0.0075,-0.0802495203993056));
#16479=CARTESIAN_POINT('',(0.0588194321507766,0.0085,-0.0802495203993056));
#16480=CARTESIAN_POINT('',(0.0588784753003715,0.0075,-0.0800597064887153));
#16481=CARTESIAN_POINT('',(0.0588784753003715,0.0085,-0.0800597064887153));
#16482=CARTESIAN_POINT('',(0.0589965615995613,0.0075,-0.0799047748480903));
#16483=CARTESIAN_POINT('',(0.0589965615995613,0.0085,-0.0799047748480903));
#16484=CARTESIAN_POINT('',(0.0588194321507766,0.0085,-0.0804742165798612));
#16485=CARTESIAN_POINT('',(0.0588194321507766,0.0085,-0.0801371723090278));
#16486=CARTESIAN_POINT('',(0.0589965615995613,0.0085,-0.0799047748480903));
#16487=CARTESIAN_POINT('',(0.0588194321507766,0.0085,-0.0804742165798612));
#16488=CARTESIAN_POINT('',(0.0588194321507766,0.0075,-0.0804742165798612));
#16489=CARTESIAN_POINT('',(0.0588194321507766,0.0075,-0.0804742165798612));
#16490=CARTESIAN_POINT('',(0.0588194321507766,0.0075,-0.0804742165798612));
#16491=CARTESIAN_POINT('',(0.0588194321507766,0.0075,-0.0801371723090278));
#16492=CARTESIAN_POINT('',(0.0589965615995613,0.0075,-0.0799047748480903));
#16493=CARTESIAN_POINT('',(0.0590078870118877,0.0075,-0.0808760422092014));
#16494=CARTESIAN_POINT('',(0.0590078870118877,0.0085,-0.0808760422092014));
#16495=CARTESIAN_POINT('',(0.0588822504378136,0.0075,-0.0807609760199653));
#16496=CARTESIAN_POINT('',(0.0588822504378136,0.0085,-0.0807609760199653));
#16497=CARTESIAN_POINT('',(0.0588194321507766,0.0075,-0.0806270341435186));
#16498=CARTESIAN_POINT('',(0.0588194321507766,0.0085,-0.0806270341435186));
#16499=CARTESIAN_POINT('',(0.0588194321507766,0.0075,-0.0804742165798612));
#16500=CARTESIAN_POINT('',(0.0588194321507766,0.0085,-0.0804742165798612));
#16501=CARTESIAN_POINT('',(0.0590078870118877,0.0085,-0.0808760422092014));
#16502=CARTESIAN_POINT('',(0.0588194321507766,0.0085,-0.0807034429253473));
#16503=CARTESIAN_POINT('',(0.0588194321507766,0.0085,-0.0804742165798612));
#16504=CARTESIAN_POINT('',(0.0590078870118877,0.0085,-0.0808760422092014));
#16505=CARTESIAN_POINT('',(0.0590078870118877,0.0075,-0.0808760422092014));
#16506=CARTESIAN_POINT('',(0.0590078870118877,0.0075,-0.0808760422092014));
#16507=CARTESIAN_POINT('',(0.0590078870118877,0.0075,-0.0808760422092014));
#16508=CARTESIAN_POINT('',(0.0588194321507766,0.0075,-0.0807034429253473));
#16509=CARTESIAN_POINT('',(0.0588194321507766,0.0075,-0.0804742165798612));
#16510=CARTESIAN_POINT('',(0.0594476450360102,0.0075,-0.0804000038028506));
#16511=CARTESIAN_POINT('',(0.0594476450360102,0.0085,-0.0804000038028506));
#16512=CARTESIAN_POINT('',(0.0594627155709155,0.0085,-0.0810486414930556));
#16513=CARTESIAN_POINT('',(0.0594627155709155,0.0075,-0.0810486414930556));
#16514=CARTESIAN_POINT('',(0.0594627155709155,0.0075,-0.0810486414930556));
#16515=CARTESIAN_POINT('',(0.0594476450360102,0.0075,-0.0804000038028506));
#16516=CARTESIAN_POINT('',(0.0598858329754294,0.0075,-0.0808746831597223));
#16517=CARTESIAN_POINT('',(0.0598858329754294,0.0085,-0.0808746831597223));
#16518=CARTESIAN_POINT('',(0.0597922095668646,0.0075,-0.0809906553819445));
#16519=CARTESIAN_POINT('',(0.0597922095668646,0.0085,-0.0809906553819445));
#16520=CARTESIAN_POINT('',(0.0596511704320266,0.0075,-0.0810486414930556));
#16521=CARTESIAN_POINT('',(0.0596511704320266,0.0085,-0.0810486414930556));
#16522=CARTESIAN_POINT('',(0.0594627155709155,0.0075,-0.0810486414930556));
#16523=CARTESIAN_POINT('',(0.0594627155709155,0.0085,-0.0810486414930556));
#16524=CARTESIAN_POINT('',(0.0598858329754294,0.0085,-0.0808746831597223));
#16525=CARTESIAN_POINT('',(0.0597453978625822,0.0085,-0.0810486414930556));
#16526=CARTESIAN_POINT('',(0.0594627155709155,0.0085,-0.0810486414930556));
#16527=CARTESIAN_POINT('',(0.0598858329754294,0.0085,-0.0808746831597223));
#16528=CARTESIAN_POINT('',(0.0598858329754294,0.0075,-0.0808746831597223));
#16529=CARTESIAN_POINT('',(0.0598858329754294,0.0075,-0.0808746831597223));
#16530=CARTESIAN_POINT('',(0.0598858329754294,0.0075,-0.0808746831597223));
#16531=CARTESIAN_POINT('',(0.0597453978625822,0.0075,-0.0810486414930556));
#16532=CARTESIAN_POINT('',(0.0594627155709155,0.0075,-0.0810486414930556));
#16533=CARTESIAN_POINT('',(0.0600262680882766,0.0075,-0.0803972037760417));
#16534=CARTESIAN_POINT('',(0.0600262680882766,0.0085,-0.0803972037760417));
#16535=CARTESIAN_POINT('',(0.0600262680882766,0.0075,-0.0805995511429398));
#16536=CARTESIAN_POINT('',(0.0600262680882766,0.0085,-0.0805995511429398));
#16537=CARTESIAN_POINT('',(0.0599794563839942,0.0075,-0.0807587109375));
#16538=CARTESIAN_POINT('',(0.0599794563839942,0.0085,-0.0807587109375));
#16539=CARTESIAN_POINT('',(0.0598858329754294,0.0075,-0.0808746831597223));
#16540=CARTESIAN_POINT('',(0.0598858329754294,0.0085,-0.0808746831597223));
#16541=CARTESIAN_POINT('',(0.0600262680882766,0.0085,-0.0803972037760417));
#16542=CARTESIAN_POINT('',(0.0600262680882766,0.0085,-0.0807007248263889));
#16543=CARTESIAN_POINT('',(0.0598858329754294,0.0085,-0.0808746831597223));
#16544=CARTESIAN_POINT('',(0.0600262680882766,0.0085,-0.0803972037760417));
#16545=CARTESIAN_POINT('',(0.0600262680882766,0.0075,-0.0803972037760417));
#16546=CARTESIAN_POINT('',(0.0600262680882766,0.0075,-0.0803972037760417));
#16547=CARTESIAN_POINT('',(0.0600262680882766,0.0075,-0.0803972037760417));
#16548=CARTESIAN_POINT('',(0.0600262680882766,0.0075,-0.0807007248263889));
#16549=CARTESIAN_POINT('',(0.0598858329754294,0.0075,-0.0808746831597223));
#16550=CARTESIAN_POINT('',(0.057950546517096,0.0075,-0.0807886100260417));
#16551=CARTESIAN_POINT('',(0.057950546517096,0.0085,-0.0807886100260417));
#16552=CARTESIAN_POINT('',(0.057950546517096,0.0075,-0.0816076638454862));
#16553=CARTESIAN_POINT('',(0.057950546517096,0.0085,-0.0816076638454862));
#16554=CARTESIAN_POINT('',(0.0581237498229409,0.0075,-0.0822172730396413));
#16555=CARTESIAN_POINT('',(0.0581237498229409,0.0085,-0.0822172730396413));
#16556=CARTESIAN_POINT('',(0.0584701564346308,0.0075,-0.082617437608507));
#16557=CARTESIAN_POINT('',(0.0584701564346308,0.0085,-0.082617437608507));
#16558=CARTESIAN_POINT('',(0.057950546517096,0.0075,-0.0807886100260417));
#16559=CARTESIAN_POINT('',(0.057950546517096,0.0075,-0.0807886100260417));
#16560=CARTESIAN_POINT('',(0.057950546517096,0.0075,-0.0807886100260417));
#16561=CARTESIAN_POINT('',(0.057950546517096,0.0075,-0.0820171907552084));
#16562=CARTESIAN_POINT('',(0.0584701564346308,0.0075,-0.082617437608507));
#16563=CARTESIAN_POINT('',(0.0584701564346308,0.0075,-0.082617437608507));
#16564=CARTESIAN_POINT('',(0.0584701564346308,0.0075,-0.082617437608507));
#16565=CARTESIAN_POINT('',(0.0581358302627558,0.0075,-0.0798055642361111));
#16566=CARTESIAN_POINT('',(0.0581358302627558,0.0085,-0.0798055642361111));
#16567=CARTESIAN_POINT('',(0.0580123077656493,0.0075,-0.0800773741319444));
#16568=CARTESIAN_POINT('',(0.0580123077656493,0.0085,-0.0800773741319444));
#16569=CARTESIAN_POINT('',(0.057950546517096,0.0075,-0.0804050560619213));
#16570=CARTESIAN_POINT('',(0.057950546517096,0.0085,-0.0804050560619213));
#16571=CARTESIAN_POINT('',(0.057950546517096,0.0075,-0.0807886100260417));
#16572=CARTESIAN_POINT('',(0.057950546517096,0.0085,-0.0807886100260417));
#16573=CARTESIAN_POINT('',(0.0581358302627558,0.0075,-0.0798055642361111));
#16574=CARTESIAN_POINT('',(0.0581358302627558,0.0075,-0.0798055642361111));
#16575=CARTESIAN_POINT('',(0.0581358302627558,0.0075,-0.0798055642361111));
#16576=CARTESIAN_POINT('',(0.057950546517096,0.0075,-0.0802132790798611));
#16577=CARTESIAN_POINT('',(0.057950546517096,0.0075,-0.0807886100260417));
#16578=CARTESIAN_POINT('',(0.0586626884441794,0.0075,-0.0791853846571181));
#16579=CARTESIAN_POINT('',(0.0586626884441794,0.0085,-0.0791853846571181));
#16580=CARTESIAN_POINT('',(0.0584349721536701,0.0075,-0.0793270278139468));
#16581=CARTESIAN_POINT('',(0.0584349721536701,0.0085,-0.0793270278139468));
#16582=CARTESIAN_POINT('',(0.0582593527598623,0.0075,-0.0795337543402778));
#16583=CARTESIAN_POINT('',(0.0582593527598623,0.0085,-0.0795337543402778));
#16584=CARTESIAN_POINT('',(0.0581358302627558,0.0075,-0.0798055642361111));
#16585=CARTESIAN_POINT('',(0.0581358302627558,0.0085,-0.0798055642361111));
#16586=CARTESIAN_POINT('',(0.0586626884441794,0.0075,-0.0791853846571181));
#16587=CARTESIAN_POINT('',(0.0586626884441794,0.0075,-0.0791853846571181));
#16588=CARTESIAN_POINT('',(0.0586626884441794,0.0075,-0.0791853846571181));
#16589=CARTESIAN_POINT('',(0.0583211140084155,0.0075,-0.0793978493923611));
#16590=CARTESIAN_POINT('',(0.0581358302627558,0.0075,-0.0798055642361111));
#16591=CARTESIAN_POINT('',(0.0594627155709155,0.0075,-0.078972919921875));
#16592=CARTESIAN_POINT('',(0.0594627155709155,0.0085,-0.078972919921875));
#16593=CARTESIAN_POINT('',(0.0591570804436007,0.0075,-0.078972919921875));
#16594=CARTESIAN_POINT('',(0.0591570804436007,0.0085,-0.078972919921875));
#16595=CARTESIAN_POINT('',(0.0588904047346887,0.0075,-0.0790437415002894));
#16596=CARTESIAN_POINT('',(0.0588904047346887,0.0085,-0.0790437415002894));
#16597=CARTESIAN_POINT('',(0.0586626884441794,0.0075,-0.0791853846571181));
#16598=CARTESIAN_POINT('',(0.0586626884441794,0.0085,-0.0791853846571181));
#16599=CARTESIAN_POINT('',(0.0594627155709155,0.0075,-0.078972919921875));
#16600=CARTESIAN_POINT('',(0.0594627155709155,0.0075,-0.078972919921875));
#16601=CARTESIAN_POINT('',(0.0594627155709155,0.0075,-0.078972919921875));
#16602=CARTESIAN_POINT('',(0.0590042628799433,0.0075,-0.078972919921875));
#16603=CARTESIAN_POINT('',(0.0586626884441794,0.0075,-0.0791853846571181));
#16604=CARTESIAN_POINT('',(0.0604987642905335,0.0075,-0.0793597960069445));
#16605=CARTESIAN_POINT('',(0.0604987642905335,0.0085,-0.0793597960069445));
#16606=CARTESIAN_POINT('',(0.060249605219353,0.0075,-0.0791018786168982));
#16607=CARTESIAN_POINT('',(0.060249605219353,0.0085,-0.0791018786168982));
#16608=CARTESIAN_POINT('',(0.059904255646147,0.0075,-0.078972919921875));
#16609=CARTESIAN_POINT('',(0.059904255646147,0.0085,-0.078972919921875));
#16610=CARTESIAN_POINT('',(0.0594627155709155,0.0075,-0.078972919921875));
#16611=CARTESIAN_POINT('',(0.0594627155709155,0.0085,-0.078972919921875));
#16612=CARTESIAN_POINT('',(0.0604987642905335,0.0075,-0.0793597960069445));
#16613=CARTESIAN_POINT('',(0.0604987642905335,0.0075,-0.0793597960069445));
#16614=CARTESIAN_POINT('',(0.0604987642905335,0.0075,-0.0793597960069445));
#16615=CARTESIAN_POINT('',(0.0601250256837627,0.0075,-0.078972919921875));
#16616=CARTESIAN_POINT('',(0.0594627155709155,0.0075,-0.078972919921875));
#16617=CARTESIAN_POINT('',(0.0608725028973044,0.0075,-0.0804089822048612));
#16618=CARTESIAN_POINT('',(0.0608725028973044,0.0085,-0.0804089822048612));
#16619=CARTESIAN_POINT('',(0.0608725028973044,0.0075,-0.0799674421296297));
#16620=CARTESIAN_POINT('',(0.0608725028973044,0.0085,-0.0799674421296297));
#16621=CARTESIAN_POINT('',(0.0607479233617141,0.0075,-0.0796177133969908));
#16622=CARTESIAN_POINT('',(0.0607479233617141,0.0085,-0.0796177133969908));
#16623=CARTESIAN_POINT('',(0.0604987642905335,0.0075,-0.0793597960069445));
#16624=CARTESIAN_POINT('',(0.0604987642905335,0.0085,-0.0793597960069445));
#16625=CARTESIAN_POINT('',(0.0608725028973044,0.0075,-0.0804089822048612));
#16626=CARTESIAN_POINT('',(0.0608725028973044,0.0075,-0.0804089822048612));
#16627=CARTESIAN_POINT('',(0.0608725028973044,0.0075,-0.0804089822048612));
#16628=CARTESIAN_POINT('',(0.0608725028973044,0.0075,-0.0797466720920139));
#16629=CARTESIAN_POINT('',(0.0604987642905335,0.0075,-0.0793597960069445));
#16630=CARTESIAN_POINT('',(0.0605581094511238,0.0075,-0.0813716422526042));
#16631=CARTESIAN_POINT('',(0.0605581094511238,0.0085,-0.0813716422526042));
#16632=CARTESIAN_POINT('',(0.0607677050819109,0.0075,-0.0811393957971644));
#16633=CARTESIAN_POINT('',(0.0607677050819109,0.0085,-0.0811393957971644));
#16634=CARTESIAN_POINT('',(0.0608725028973044,0.0075,-0.0808185091145834));
#16635=CARTESIAN_POINT('',(0.0608725028973044,0.0085,-0.0808185091145834));
#16636=CARTESIAN_POINT('',(0.0608725028973044,0.0075,-0.0804089822048612));
#16637=CARTESIAN_POINT('',(0.0608725028973044,0.0085,-0.0804089822048612));
#16638=CARTESIAN_POINT('',(0.0605581094511238,0.0075,-0.0813716422526042));
#16639=CARTESIAN_POINT('',(0.0605581094511238,0.0075,-0.0813716422526042));
#16640=CARTESIAN_POINT('',(0.0605581094511238,0.0075,-0.0813716422526042));
#16641=CARTESIAN_POINT('',(0.0608725028973044,0.0075,-0.0810232725694445));
#16642=CARTESIAN_POINT('',(0.0608725028973044,0.0075,-0.0804089822048612));
#16643=CARTESIAN_POINT('',(0.0596892238174433,0.0075,-0.0817200119357639));
#16644=CARTESIAN_POINT('',(0.0596892238174433,0.0085,-0.0817200119357639));
#16645=CARTESIAN_POINT('',(0.0600588852757766,0.0075,-0.0817200119357639));
#16646=CARTESIAN_POINT('',(0.0600588852757766,0.0085,-0.0817200119357639));
#16647=CARTESIAN_POINT('',(0.0603485138203368,0.0075,-0.081603888708044));
#16648=CARTESIAN_POINT('',(0.0603485138203368,0.0085,-0.081603888708044));
#16649=CARTESIAN_POINT('',(0.0605581094511238,0.0075,-0.0813716422526042));
#16650=CARTESIAN_POINT('',(0.0605581094511238,0.0085,-0.0813716422526042));
#16651=CARTESIAN_POINT('',(0.0596892238174433,0.0075,-0.0817200119357639));
#16652=CARTESIAN_POINT('',(0.0596892238174433,0.0075,-0.0817200119357639));
#16653=CARTESIAN_POINT('',(0.0596892238174433,0.0075,-0.0817200119357639));
#16654=CARTESIAN_POINT('',(0.0602437160049433,0.0075,-0.0817200119357639));
#16655=CARTESIAN_POINT('',(0.0605581094511238,0.0075,-0.0813716422526042));
#16656=CARTESIAN_POINT('',(0.0587913451282072,0.0075,-0.0812389084201389));
#16657=CARTESIAN_POINT('',(0.0587913451282072,0.0085,-0.0812389084201389));
#16658=CARTESIAN_POINT('',(0.0589785919453368,0.0075,-0.0815596440972222));
#16659=CARTESIAN_POINT('',(0.0589785919453368,0.0085,-0.0815596440972222));
#16660=CARTESIAN_POINT('',(0.0592778848417488,0.0075,-0.0817200119357639));
#16661=CARTESIAN_POINT('',(0.0592778848417488,0.0085,-0.0817200119357639));
#16662=CARTESIAN_POINT('',(0.0596892238174433,0.0075,-0.0817200119357639));
#16663=CARTESIAN_POINT('',(0.0596892238174433,0.0085,-0.0817200119357639));
#16664=CARTESIAN_POINT('',(0.0587913451282072,0.0075,-0.0812389084201389));
#16665=CARTESIAN_POINT('',(0.0587913451282072,0.0075,-0.0812389084201389));
#16666=CARTESIAN_POINT('',(0.0587913451282072,0.0075,-0.0812389084201389));
#16667=CARTESIAN_POINT('',(0.0590722153539016,0.0075,-0.0817200119357639));
#16668=CARTESIAN_POINT('',(0.0596892238174433,0.0075,-0.0817200119357639));
#16669=CARTESIAN_POINT('',(0.0587732244684849,0.0075,-0.0812389084201389));
#16670=CARTESIAN_POINT('',(0.0587551038087627,0.0075,-0.0812389084201389));
#16671=CARTESIAN_POINT('',(0.0587551038087627,0.0075,-0.0812389084201389));
#16672=CARTESIAN_POINT('',(0.0587732244684849,0.0075,-0.0812389084201389));
#16673=CARTESIAN_POINT('',(0.0589218138782072,0.0075,-0.0819945399305556));
#16674=CARTESIAN_POINT('',(0.0589218138782072,0.0085,-0.0819945399305556));
#16675=CARTESIAN_POINT('',(0.0588275864476516,0.0075,-0.0818169574652778));
#16676=CARTESIAN_POINT('',(0.0588275864476516,0.0085,-0.0818169574652778));
#16677=CARTESIAN_POINT('',(0.0587720164245034,0.0075,-0.0815650802951389));
#16678=CARTESIAN_POINT('',(0.0587720164245034,0.0085,-0.0815650802951389));
#16679=CARTESIAN_POINT('',(0.0587551038087627,0.0075,-0.0812389084201389));
#16680=CARTESIAN_POINT('',(0.0587551038087627,0.0085,-0.0812389084201389));
#16681=CARTESIAN_POINT('',(0.0589218138782072,0.0075,-0.0819945399305556));
#16682=CARTESIAN_POINT('',(0.0589218138782072,0.0075,-0.0819945399305556));
#16683=CARTESIAN_POINT('',(0.0589218138782072,0.0075,-0.0819945399305556));
#16684=CARTESIAN_POINT('',(0.0587804727323738,0.0075,-0.0817281662326389));
#16685=CARTESIAN_POINT('',(0.0587551038087627,0.0075,-0.0812389084201389));
#16686=CARTESIAN_POINT('',(0.0597263941665769,0.0075,-0.0815675834102309));
#16687=CARTESIAN_POINT('',(0.0593476493816794,0.0075,-0.0823968185763889));
#16688=CARTESIAN_POINT('',(0.0593476493816794,0.0075,-0.0823968185763889));
#16689=CARTESIAN_POINT('',(0.0597263941665769,0.0075,-0.0815675834102309));
#16690=CARTESIAN_POINT('',(0.0600824421334155,0.0075,-0.0825327235243056));
#16691=CARTESIAN_POINT('',(0.0600824421334155,0.0085,-0.0825327235243056));
#16692=CARTESIAN_POINT('',(0.0597822432040174,0.0075,-0.0825327235243056));
#16693=CARTESIAN_POINT('',(0.0597822432040174,0.0085,-0.0825327235243056));
#16694=CARTESIAN_POINT('',(0.059537312286772,0.0075,-0.082487421875));
#16695=CARTESIAN_POINT('',(0.059537312286772,0.0085,-0.082487421875));
#16696=CARTESIAN_POINT('',(0.0593476493816794,0.0075,-0.0823968185763889));
#16697=CARTESIAN_POINT('',(0.0593476493816794,0.0085,-0.0823968185763889));
#16698=CARTESIAN_POINT('',(0.0600824421334155,0.0075,-0.0825327235243056));
#16699=CARTESIAN_POINT('',(0.0600824421334155,0.0075,-0.0825327235243056));
#16700=CARTESIAN_POINT('',(0.0600824421334155,0.0075,-0.0825327235243056));
#16701=CARTESIAN_POINT('',(0.0596321437393183,0.0075,-0.0825327235243056));
#16702=CARTESIAN_POINT('',(0.0593476493816794,0.0075,-0.0823968185763889));
#16703=CARTESIAN_POINT('',(0.0600762069472143,0.0075,-0.0802834129023443));
#16704=CARTESIAN_POINT('',(0.0605807602757766,0.0075,-0.0824755218431));
#16705=CARTESIAN_POINT('',(0.0605807602757766,0.0075,-0.0824756434461806));
#16706=CARTESIAN_POINT('',(0.0600762069472143,0.0075,-0.0802834129023443));
#16707=CARTESIAN_POINT('',(0.0605807602757766,0.0075,-0.0828253721788195));
#16708=CARTESIAN_POINT('',(0.0605807602757766,0.0075,-0.0831751009114584));
#16709=CARTESIAN_POINT('',(0.0605807602757766,0.0075,-0.0831751009114584));
#16710=CARTESIAN_POINT('',(0.0605807602757766,0.0075,-0.0828253721788195));
#16711=CARTESIAN_POINT('',(0.0600262680882766,0.0075,-0.0832176844618056));
#16712=CARTESIAN_POINT('',(0.0600262680882766,0.0085,-0.0832176844618056));
#16713=CARTESIAN_POINT('',(0.0602618366646655,0.0075,-0.0832176844618056));
#16714=CARTESIAN_POINT('',(0.0602618366646655,0.0085,-0.0832176844618056));
#16715=CARTESIAN_POINT('',(0.0604466673938321,0.0075,-0.0832034899450232));
#16716=CARTESIAN_POINT('',(0.0604466673938321,0.0085,-0.0832034899450232));
#16717=CARTESIAN_POINT('',(0.0605807602757766,0.0075,-0.0831751009114584));
#16718=CARTESIAN_POINT('',(0.0605807602757766,0.0085,-0.0831751009114584));
#16719=CARTESIAN_POINT('',(0.0600262680882766,0.0075,-0.0832176844618056));
#16720=CARTESIAN_POINT('',(0.0600262680882766,0.0075,-0.0832176844618056));
#16721=CARTESIAN_POINT('',(0.0600262680882766,0.0075,-0.0832176844618056));
#16722=CARTESIAN_POINT('',(0.0603796209528599,0.0075,-0.0832176844618056));
#16723=CARTESIAN_POINT('',(0.0605807602757766,0.0075,-0.0831751009114584));
#16724=CARTESIAN_POINT('',(0.0584701564346308,0.0075,-0.082617437608507));
#16725=CARTESIAN_POINT('',(0.0584701564346308,0.0085,-0.082617437608507));
#16726=CARTESIAN_POINT('',(0.0588165630463206,0.0075,-0.0830176021773727));
#16727=CARTESIAN_POINT('',(0.0588165630463206,0.0085,-0.0830176021773727));
#16728=CARTESIAN_POINT('',(0.0593352669308692,0.0075,-0.0832176844618056));
#16729=CARTESIAN_POINT('',(0.0593352669308692,0.0085,-0.0832176844618056));
#16730=CARTESIAN_POINT('',(0.0600262680882766,0.0075,-0.0832176844618056));
#16731=CARTESIAN_POINT('',(0.0600262680882766,0.0085,-0.0832176844618056));
#16732=CARTESIAN_POINT('',(0.0584701564346308,0.0075,-0.082617437608507));
#16733=CARTESIAN_POINT('',(0.0589897663521655,0.0075,-0.0832176844618056));
#16734=CARTESIAN_POINT('',(0.0600262680882766,0.0075,-0.0832176844618056));
#16735=CARTESIAN_POINT('',(0.0598758666125822,0.0075,-0.0798608322482639));
#16736=CARTESIAN_POINT('',(0.0598758666125822,0.0085,-0.0798608322482639));
#16737=CARTESIAN_POINT('',(0.0599761342630451,0.0075,-0.079986468822338));
#16738=CARTESIAN_POINT('',(0.0599761342630451,0.0085,-0.079986468822338));
#16739=CARTESIAN_POINT('',(0.0600262680882766,0.0075,-0.0801652593315972));
#16740=CARTESIAN_POINT('',(0.0600262680882766,0.0085,-0.0801652593315972));
#16741=CARTESIAN_POINT('',(0.0600262680882766,0.0075,-0.0803972037760417));
#16742=CARTESIAN_POINT('',(0.0600262680882766,0.0085,-0.0803972037760417));
#16743=CARTESIAN_POINT('',(0.0598758666125822,0.0085,-0.0798608322482639));
#16744=CARTESIAN_POINT('',(0.0600262680882766,0.0085,-0.080049287109375));
#16745=CARTESIAN_POINT('',(0.0600262680882766,0.0085,-0.0803972037760417));
#16746=CARTESIAN_POINT('',(0.0598758666125822,0.0075,-0.0798608322482639));
#16747=CARTESIAN_POINT('',(0.0600262680882766,0.0075,-0.080049287109375));
#16748=CARTESIAN_POINT('',(0.0600262680882766,0.0075,-0.0803972037760417));
#16749=CARTESIAN_POINT('',(0.0639,0.0075,-0.04275));
#16750=CARTESIAN_POINT('',(0.0866700502443648,0.0075,-0.0825155088975695));
#16751=CARTESIAN_POINT('',(0.0866700502443648,0.0085,-0.0825155088975695));
#16752=CARTESIAN_POINT('',(0.0864888436471425,0.0075,-0.0825155088975695));
#16753=CARTESIAN_POINT('',(0.0864888436471425,0.0085,-0.0825155088975695));
#16754=CARTESIAN_POINT('',(0.0863473514958115,0.0075,-0.0824531436270255));
#16755=CARTESIAN_POINT('',(0.0863473514958115,0.0085,-0.0824531436270255));
#16756=CARTESIAN_POINT('',(0.0862455737903717,0.0075,-0.0823284130859375));
#16757=CARTESIAN_POINT('',(0.0862455737903717,0.0085,-0.0823284130859375));
#16758=CARTESIAN_POINT('',(0.0866700502443648,0.0085,-0.0825155088975695));
#16759=CARTESIAN_POINT('',(0.0863982403485314,0.0085,-0.0825155088975695));
#16760=CARTESIAN_POINT('',(0.0862455737903717,0.0085,-0.0823284130859375));
#16761=CARTESIAN_POINT('',(0.0866700502443648,0.0085,-0.0825155088975695));
#16762=CARTESIAN_POINT('',(0.0862455737903717,0.0085,-0.0823284130859375));
#16763=CARTESIAN_POINT('',(0.0866700502443648,0.0075,-0.0825155088975695));
#16764=CARTESIAN_POINT('',(0.0866700502443648,0.0075,-0.0825155088975695));
#16765=CARTESIAN_POINT('',(0.0866700502443648,0.0075,-0.0825155088975695));
#16766=CARTESIAN_POINT('',(0.0863982403485314,0.0075,-0.0825155088975695));
#16767=CARTESIAN_POINT('',(0.0862455737903717,0.0075,-0.0823284130859375));
#16768=CARTESIAN_POINT('',(0.0862455737903717,0.0075,-0.0823284130859375));
#16769=CARTESIAN_POINT('',(0.0862455737903717,0.0075,-0.0823284130859375));
#16770=CARTESIAN_POINT('',(0.0871217076879411,0.0075,-0.082283111436632));
#16771=CARTESIAN_POINT('',(0.0871217076879411,0.0085,-0.082283111436632));
#16772=CARTESIAN_POINT('',(0.0870036213887513,0.0075,-0.082438043077257));
#16773=CARTESIAN_POINT('',(0.0870036213887513,0.0085,-0.082438043077257));
#16774=CARTESIAN_POINT('',(0.0868530689075592,0.0075,-0.0825155088975695));
#16775=CARTESIAN_POINT('',(0.0868530689075592,0.0085,-0.0825155088975695));
#16776=CARTESIAN_POINT('',(0.0866700502443648,0.0075,-0.0825155088975695));
#16777=CARTESIAN_POINT('',(0.0866700502443648,0.0085,-0.0825155088975695));
#16778=CARTESIAN_POINT('',(0.0871217076879411,0.0085,-0.082283111436632));
#16779=CARTESIAN_POINT('',(0.0869445782391564,0.0085,-0.0825155088975695));
#16780=CARTESIAN_POINT('',(0.0866700502443648,0.0085,-0.0825155088975695));
#16781=CARTESIAN_POINT('',(0.0871217076879411,0.0085,-0.082283111436632));
#16782=CARTESIAN_POINT('',(0.0871217076879411,0.0075,-0.082283111436632));
#16783=CARTESIAN_POINT('',(0.0871217076879411,0.0075,-0.082283111436632));
#16784=CARTESIAN_POINT('',(0.0871217076879411,0.0075,-0.082283111436632));
#16785=CARTESIAN_POINT('',(0.0869445782391564,0.0075,-0.0825155088975695));
#16786=CARTESIAN_POINT('',(0.0866700502443648,0.0075,-0.0825155088975695));
#16787=CARTESIAN_POINT('',(0.0872988371367259,0.0075,-0.0817145757378472));
#16788=CARTESIAN_POINT('',(0.0872988371367259,0.0085,-0.0817145757378472));
#16789=CARTESIAN_POINT('',(0.0872988371367259,0.0075,-0.0819386678964121));
#16790=CARTESIAN_POINT('',(0.0872988371367259,0.0085,-0.0819386678964121));
#16791=CARTESIAN_POINT('',(0.087239793987131,0.0075,-0.082128179796007));
#16792=CARTESIAN_POINT('',(0.087239793987131,0.0085,-0.082128179796007));
#16793=CARTESIAN_POINT('',(0.0871217076879411,0.0075,-0.082283111436632));
#16794=CARTESIAN_POINT('',(0.0871217076879411,0.0085,-0.082283111436632));
#16795=CARTESIAN_POINT('',(0.0872988371367259,0.0085,-0.0817145757378472));
#16796=CARTESIAN_POINT('',(0.0872988371367259,0.0085,-0.0820507139756945));
#16797=CARTESIAN_POINT('',(0.0871217076879411,0.0085,-0.082283111436632));
#16798=CARTESIAN_POINT('',(0.0872988371367259,0.0085,-0.0817145757378472));
#16799=CARTESIAN_POINT('',(0.0872988371367259,0.0075,-0.0817145757378472));
#16800=CARTESIAN_POINT('',(0.0872988371367259,0.0075,-0.0817145757378472));
#16801=CARTESIAN_POINT('',(0.0872988371367259,0.0075,-0.0817145757378472));
#16802=CARTESIAN_POINT('',(0.0872988371367259,0.0075,-0.0820507139756945));
#16803=CARTESIAN_POINT('',(0.0871217076879411,0.0075,-0.082283111436632));
#16804=CARTESIAN_POINT('',(0.0871090232261356,0.0075,-0.0813136561414931));
#16805=CARTESIAN_POINT('',(0.0871090232261356,0.0085,-0.0813136561414931));
#16806=CARTESIAN_POINT('',(0.0872355658331958,0.0075,-0.0814299303747107));
#16807=CARTESIAN_POINT('',(0.0872355658331958,0.0085,-0.0814299303747107));
#16808=CARTESIAN_POINT('',(0.0872988371367259,0.0075,-0.0815635702401621));
#16809=CARTESIAN_POINT('',(0.0872988371367259,0.0085,-0.0815635702401621));
#16810=CARTESIAN_POINT('',(0.0872988371367259,0.0075,-0.0817145757378472));
#16811=CARTESIAN_POINT('',(0.0872988371367259,0.0085,-0.0817145757378472));
#16812=CARTESIAN_POINT('',(0.0871090232261356,0.0085,-0.0813136561414931));
#16813=CARTESIAN_POINT('',(0.0872988371367259,0.0085,-0.0814880674913195));
#16814=CARTESIAN_POINT('',(0.0872988371367259,0.0085,-0.0817145757378472));
#16815=CARTESIAN_POINT('',(0.0871090232261356,0.0085,-0.0813136561414931));
#16816=CARTESIAN_POINT('',(0.0871090232261356,0.0075,-0.0813136561414931));
#16817=CARTESIAN_POINT('',(0.0871090232261356,0.0075,-0.0813136561414931));
#16818=CARTESIAN_POINT('',(0.0871090232261356,0.0075,-0.0813136561414931));
#16819=CARTESIAN_POINT('',(0.0872988371367259,0.0075,-0.0814880674913195));
#16820=CARTESIAN_POINT('',(0.0872988371367259,0.0075,-0.0817145757378472));
#16821=CARTESIAN_POINT('',(0.086666767423616,0.0075,-0.0817888006393358));
#16822=CARTESIAN_POINT('',(0.086666767423616,0.0085,-0.0817888006393358));
#16823=CARTESIAN_POINT('',(0.0866528356176287,0.0085,-0.0811392447916667));
#16824=CARTESIAN_POINT('',(0.0866528356176287,0.0075,-0.0811392447916667));
#16825=CARTESIAN_POINT('',(0.0866528356176287,0.0075,-0.0811392447916667));
#16826=CARTESIAN_POINT('',(0.086666767423616,0.0075,-0.0817888006393358));
#16827=CARTESIAN_POINT('',(0.086231530279087,0.0075,-0.0813150151909722));
#16828=CARTESIAN_POINT('',(0.086231530279087,0.0085,-0.0813150151909722));
#16829=CARTESIAN_POINT('',(0.0863239456436703,0.0075,-0.0811978349247685));
#16830=CARTESIAN_POINT('',(0.0863239456436703,0.0085,-0.0811978349247685));
#16831=CARTESIAN_POINT('',(0.0864643807565176,0.0075,-0.0811392447916667));
#16832=CARTESIAN_POINT('',(0.0864643807565176,0.0085,-0.0811392447916667));
#16833=CARTESIAN_POINT('',(0.0866528356176287,0.0075,-0.0811392447916667));
#16834=CARTESIAN_POINT('',(0.0866528356176287,0.0085,-0.0811392447916667));
#16835=CARTESIAN_POINT('',(0.086231530279087,0.0085,-0.0813150151909722));
#16836=CARTESIAN_POINT('',(0.086370153325962,0.0085,-0.0811392447916667));
#16837=CARTESIAN_POINT('',(0.0866528356176287,0.0085,-0.0811392447916667));
#16838=CARTESIAN_POINT('',(0.086231530279087,0.0085,-0.0813150151909722));
#16839=CARTESIAN_POINT('',(0.086231530279087,0.0075,-0.0813150151909722));
#16840=CARTESIAN_POINT('',(0.086231530279087,0.0075,-0.0813150151909722));
#16841=CARTESIAN_POINT('',(0.086231530279087,0.0075,-0.0813150151909722));
#16842=CARTESIAN_POINT('',(0.086370153325962,0.0075,-0.0811392447916667));
#16843=CARTESIAN_POINT('',(0.0866528356176287,0.0075,-0.0811392447916667));
#16844=CARTESIAN_POINT('',(0.086092907232212,0.0075,-0.0817906825086806));
#16845=CARTESIAN_POINT('',(0.086092907232212,0.0085,-0.0817906825086806));
#16846=CARTESIAN_POINT('',(0.086092907232212,0.0075,-0.0815907512297454));
#16847=CARTESIAN_POINT('',(0.086092907232212,0.0085,-0.0815907512297454));
#16848=CARTESIAN_POINT('',(0.0861391149145037,0.0075,-0.0814321954571759));
#16849=CARTESIAN_POINT('',(0.0861391149145037,0.0085,-0.0814321954571759));
#16850=CARTESIAN_POINT('',(0.086231530279087,0.0075,-0.0813150151909722));
#16851=CARTESIAN_POINT('',(0.086231530279087,0.0085,-0.0813150151909722));
#16852=CARTESIAN_POINT('',(0.086092907232212,0.0085,-0.0817906825086806));
#16853=CARTESIAN_POINT('',(0.086092907232212,0.0085,-0.0814907855902778));
#16854=CARTESIAN_POINT('',(0.086231530279087,0.0085,-0.0813150151909722));
#16855=CARTESIAN_POINT('',(0.086092907232212,0.0085,-0.0817906825086806));
#16856=CARTESIAN_POINT('',(0.086092907232212,0.0075,-0.0817906825086806));
#16857=CARTESIAN_POINT('',(0.086092907232212,0.0075,-0.0817906825086806));
#16858=CARTESIAN_POINT('',(0.086092907232212,0.0075,-0.0817906825086806));
#16859=CARTESIAN_POINT('',(0.086092907232212,0.0075,-0.0814907855902778));
#16860=CARTESIAN_POINT('',(0.086231530279087,0.0075,-0.0813150151909722));
#16861=CARTESIAN_POINT('',(0.0881677227704064,0.0075,-0.081402900390625));
#16862=CARTESIAN_POINT('',(0.0881677227704064,0.0085,-0.081402900390625));
#16863=CARTESIAN_POINT('',(0.0881677227704064,0.0075,-0.080587470703125));
#16864=CARTESIAN_POINT('',(0.0881677227704064,0.0085,-0.080587470703125));
#16865=CARTESIAN_POINT('',(0.0879960295195384,0.0075,-0.0799786165364583));
#16866=CARTESIAN_POINT('',(0.0879960295195384,0.0085,-0.0799786165364583));
#16867=CARTESIAN_POINT('',(0.0876526430178023,0.0075,-0.079576337890625));
#16868=CARTESIAN_POINT('',(0.0876526430178023,0.0085,-0.079576337890625));
#16869=CARTESIAN_POINT('',(0.0881677227704064,0.0075,-0.081402900390625));
#16870=CARTESIAN_POINT('',(0.0881677227704064,0.0075,-0.081402900390625));
#16871=CARTESIAN_POINT('',(0.0881677227704064,0.0075,-0.081402900390625));
#16872=CARTESIAN_POINT('',(0.0881677227704064,0.0075,-0.080179755859375));
#16873=CARTESIAN_POINT('',(0.0876526430178023,0.0075,-0.079576337890625));
#16874=CARTESIAN_POINT('',(0.0876526430178023,0.0075,-0.079576337890625));
#16875=CARTESIAN_POINT('',(0.0876526430178023,0.0075,-0.079576337890625));
#16876=CARTESIAN_POINT('',(0.0879837980742259,0.0075,-0.0823782449001736));
#16877=CARTESIAN_POINT('',(0.0879837980742259,0.0085,-0.0823782449001736));
#16878=CARTESIAN_POINT('',(0.0881064145383462,0.0075,-0.0821055289713542));
#16879=CARTESIAN_POINT('',(0.0881064145383462,0.0085,-0.0821055289713542));
#16880=CARTESIAN_POINT('',(0.0881677227704064,0.0075,-0.081780414134838));
#16881=CARTESIAN_POINT('',(0.0881677227704064,0.0085,-0.081780414134838));
#16882=CARTESIAN_POINT('',(0.0881677227704064,0.0075,-0.081402900390625));
#16883=CARTESIAN_POINT('',(0.0881677227704064,0.0085,-0.081402900390625));
#16884=CARTESIAN_POINT('',(0.0879837980742259,0.0075,-0.0823782449001736));
#16885=CARTESIAN_POINT('',(0.0879837980742259,0.0075,-0.0823782449001736));
#16886=CARTESIAN_POINT('',(0.0879837980742259,0.0075,-0.0823782449001736));
#16887=CARTESIAN_POINT('',(0.0881677227704064,0.0075,-0.0819691710069445));
#16888=CARTESIAN_POINT('',(0.0881677227704064,0.0075,-0.081402900390625));
#16889=CARTESIAN_POINT('',(0.0874560338598162,0.0075,-0.0830025016276042));
#16890=CARTESIAN_POINT('',(0.0874560338598162,0.0085,-0.0830025016276042));
#16891=CARTESIAN_POINT('',(0.0876852602053023,0.0075,-0.0828590464048033));
#16892=CARTESIAN_POINT('',(0.0876852602053023,0.0085,-0.0828590464048033));
#16893=CARTESIAN_POINT('',(0.0878611816101055,0.0075,-0.0826509608289931));
#16894=CARTESIAN_POINT('',(0.0878611816101055,0.0085,-0.0826509608289931));
#16895=CARTESIAN_POINT('',(0.0879837980742259,0.0075,-0.0823782449001736));
#16896=CARTESIAN_POINT('',(0.0879837980742259,0.0085,-0.0823782449001736));
#16897=CARTESIAN_POINT('',(0.0874560338598162,0.0075,-0.0830025016276042));
#16898=CARTESIAN_POINT('',(0.0874560338598162,0.0075,-0.0830025016276042));
#16899=CARTESIAN_POINT('',(0.0874560338598162,0.0075,-0.0830025016276042));
#16900=CARTESIAN_POINT('',(0.0877998733780453,0.0075,-0.0827873187934028));
#16901=CARTESIAN_POINT('',(0.0879837980742259,0.0075,-0.0823782449001736));
#16902=CARTESIAN_POINT('',(0.0866528356176287,0.0075,-0.0832176844618056));
#16903=CARTESIAN_POINT('',(0.0866528356176287,0.0085,-0.0832176844618056));
#16904=CARTESIAN_POINT('',(0.0869590747669342,0.0075,-0.0832176844618056));
#16905=CARTESIAN_POINT('',(0.0869590747669342,0.0085,-0.0832176844618056));
#16906=CARTESIAN_POINT('',(0.0872268075143301,0.0075,-0.0831459568504051));
#16907=CARTESIAN_POINT('',(0.0872268075143301,0.0085,-0.0831459568504051));
#16908=CARTESIAN_POINT('',(0.0874560338598162,0.0075,-0.0830025016276042));
#16909=CARTESIAN_POINT('',(0.0874560338598162,0.0085,-0.0830025016276042));
#16910=CARTESIAN_POINT('',(0.0866528356176287,0.0075,-0.0832176844618056));
#16911=CARTESIAN_POINT('',(0.0866528356176287,0.0075,-0.0832176844618056));
#16912=CARTESIAN_POINT('',(0.0866528356176287,0.0075,-0.0832176844618056));
#16913=CARTESIAN_POINT('',(0.087112194341587,0.0075,-0.0832176844618056));
#16914=CARTESIAN_POINT('',(0.0874560338598162,0.0075,-0.0830025016276042));
#16915=CARTESIAN_POINT('',(0.0856240351618995,0.0075,-0.0828312613932292));
#16916=CARTESIAN_POINT('',(0.0856240351618995,0.0085,-0.0828312613932292));
#16917=CARTESIAN_POINT('',(0.0858762143430338,0.0075,-0.0830888767722801));
#16918=CARTESIAN_POINT('',(0.0858762143430338,0.0085,-0.0830888767722801));
#16919=CARTESIAN_POINT('',(0.0862191478282768,0.0075,-0.0832176844618056));
#16920=CARTESIAN_POINT('',(0.0862191478282768,0.0085,-0.0832176844618056));
#16921=CARTESIAN_POINT('',(0.0866528356176287,0.0075,-0.0832176844618056));
#16922=CARTESIAN_POINT('',(0.0866528356176287,0.0085,-0.0832176844618056));
#16923=CARTESIAN_POINT('',(0.0856240351618995,0.0075,-0.0828312613932292));
#16924=CARTESIAN_POINT('',(0.0856240351618995,0.0075,-0.0828312613932292));
#16925=CARTESIAN_POINT('',(0.0856240351618995,0.0075,-0.0828312613932292));
#16926=CARTESIAN_POINT('',(0.0860023039336009,0.0075,-0.0832176844618056));
#16927=CARTESIAN_POINT('',(0.0866528356176287,0.0075,-0.0832176844618056));
#16928=CARTESIAN_POINT('',(0.0852457663901981,0.0075,-0.0817789040798611));
#16929=CARTESIAN_POINT('',(0.0852457663901981,0.0085,-0.0817789040798611));
#16930=CARTESIAN_POINT('',(0.0852457663901981,0.0075,-0.0822228602430556));
#16931=CARTESIAN_POINT('',(0.0852457663901981,0.0085,-0.0822228602430556));
#16932=CARTESIAN_POINT('',(0.0853718559807652,0.0075,-0.0825736460141783));
#16933=CARTESIAN_POINT('',(0.0853718559807652,0.0085,-0.0825736460141783));
#16934=CARTESIAN_POINT('',(0.0856240351618995,0.0075,-0.0828312613932292));
#16935=CARTESIAN_POINT('',(0.0856240351618995,0.0085,-0.0828312613932292));
#16936=CARTESIAN_POINT('',(0.0852457663901981,0.0075,-0.0817789040798611));
#16937=CARTESIAN_POINT('',(0.0852457663901981,0.0075,-0.0817789040798611));
#16938=CARTESIAN_POINT('',(0.0852457663901981,0.0075,-0.0817789040798611));
#16939=CARTESIAN_POINT('',(0.0852457663901981,0.0075,-0.0824448383246528));
#16940=CARTESIAN_POINT('',(0.0856240351618995,0.0075,-0.0828312613932292));
#16941=CARTESIAN_POINT('',(0.0855574417374203,0.0075,-0.080815337999132));
#16942=CARTESIAN_POINT('',(0.0855574417374203,0.0085,-0.080815337999132));
#16943=CARTESIAN_POINT('',(0.0853496581726055,0.0075,-0.0810463764105903));
#16944=CARTESIAN_POINT('',(0.0853496581726055,0.0085,-0.0810463764105903));
#16945=CARTESIAN_POINT('',(0.0852457663901981,0.0075,-0.0813675651041667));
#16946=CARTESIAN_POINT('',(0.0852457663901981,0.0085,-0.0813675651041667));
#16947=CARTESIAN_POINT('',(0.0852457663901981,0.0075,-0.0817789040798611));
#16948=CARTESIAN_POINT('',(0.0852457663901981,0.0085,-0.0817789040798611));
#16949=CARTESIAN_POINT('',(0.0855574417374203,0.0075,-0.080815337999132));
#16950=CARTESIAN_POINT('',(0.0855574417374203,0.0075,-0.080815337999132));
#16951=CARTESIAN_POINT('',(0.0855574417374203,0.0075,-0.080815337999132));
#16952=CARTESIAN_POINT('',(0.0852457663901981,0.0075,-0.0811618956163195));
#16953=CARTESIAN_POINT('',(0.0852457663901981,0.0075,-0.0817789040798611));
#16954=CARTESIAN_POINT('',(0.0864100187773509,0.0075,-0.0804687803819445));
#16955=CARTESIAN_POINT('',(0.0864100187773509,0.0085,-0.0804687803819445));
#16956=CARTESIAN_POINT('',(0.0860494176488786,0.0075,-0.0804687803819445));
#16957=CARTESIAN_POINT('',(0.0860494176488786,0.0085,-0.0804687803819445));
#16958=CARTESIAN_POINT('',(0.0857652253022351,0.0075,-0.0805842995876737));
#16959=CARTESIAN_POINT('',(0.0857652253022351,0.0085,-0.0805842995876737));
#16960=CARTESIAN_POINT('',(0.0855574417374203,0.0075,-0.080815337999132));
#16961=CARTESIAN_POINT('',(0.0855574417374203,0.0085,-0.080815337999132));
#16962=CARTESIAN_POINT('',(0.0864100187773509,0.0075,-0.0804687803819445));
#16963=CARTESIAN_POINT('',(0.0864100187773509,0.0075,-0.0804687803819445));
#16964=CARTESIAN_POINT('',(0.0864100187773509,0.0075,-0.0804687803819445));
#16965=CARTESIAN_POINT('',(0.0858691170846425,0.0075,-0.0804687803819445));
#16966=CARTESIAN_POINT('',(0.0855574417374203,0.0075,-0.080815337999132));
#16967=CARTESIAN_POINT('',(0.0869477493546078,0.0075,-0.0805761452907986));
#16968=CARTESIAN_POINT('',(0.0869477493546078,0.0085,-0.0805761452907986));
#16969=CARTESIAN_POINT('',(0.0868042941318069,0.0075,-0.0805045686848959));
#16970=CARTESIAN_POINT('',(0.0868042941318069,0.0085,-0.0805045686848959));
#16971=CARTESIAN_POINT('',(0.0866250506060546,0.0075,-0.0804687803819445));
#16972=CARTESIAN_POINT('',(0.0866250506060546,0.0085,-0.0804687803819445));
#16973=CARTESIAN_POINT('',(0.0864100187773509,0.0075,-0.0804687803819445));
#16974=CARTESIAN_POINT('',(0.0864100187773509,0.0085,-0.0804687803819445));
#16975=CARTESIAN_POINT('',(0.0869477493546078,0.0075,-0.0805761452907986));
#16976=CARTESIAN_POINT('',(0.0869477493546078,0.0075,-0.0805761452907986));
#16977=CARTESIAN_POINT('',(0.0869477493546078,0.0075,-0.0805761452907986));
#16978=CARTESIAN_POINT('',(0.0867325665204064,0.0075,-0.0804687803819445));
#16979=CARTESIAN_POINT('',(0.0864100187773509,0.0075,-0.0804687803819445));
#16980=CARTESIAN_POINT('',(0.0873269241592953,0.0075,-0.0809498838975695));
#16981=CARTESIAN_POINT('',(0.0873269241592953,0.0085,-0.0809498838975695));
#16982=CARTESIAN_POINT('',(0.0872175961789712,0.0075,-0.0807723014322917));
#16983=CARTESIAN_POINT('',(0.0872175961789712,0.0085,-0.0807723014322917));
#16984=CARTESIAN_POINT('',(0.0870912045774088,0.0075,-0.0806477218967014));
#16985=CARTESIAN_POINT('',(0.0870912045774088,0.0085,-0.0806477218967014));
#16986=CARTESIAN_POINT('',(0.0869477493546078,0.0075,-0.0805761452907986));
#16987=CARTESIAN_POINT('',(0.0869477493546078,0.0085,-0.0805761452907986));
#16988=CARTESIAN_POINT('',(0.0873269241592953,0.0075,-0.0809498838975695));
#16989=CARTESIAN_POINT('',(0.0873269241592953,0.0075,-0.0809498838975695));
#16990=CARTESIAN_POINT('',(0.0873269241592953,0.0075,-0.0809498838975695));
#16991=CARTESIAN_POINT('',(0.0871629321888092,0.0075,-0.0806835101996528));
#16992=CARTESIAN_POINT('',(0.0869477493546078,0.0075,-0.0805761452907986));
#16993=CARTESIAN_POINT('',(0.0873441387860314,0.0075,-0.0809498838975695));
#16994=CARTESIAN_POINT('',(0.0873613534127675,0.0075,-0.0809498838975695));
#16995=CARTESIAN_POINT('',(0.0873613534127675,0.0075,-0.0809498838975695));
#16996=CARTESIAN_POINT('',(0.0873441387860314,0.0075,-0.0809498838975695));
#16997=CARTESIAN_POINT('',(0.0871883011124203,0.0075,-0.0801892692057292));
#16998=CARTESIAN_POINT('',(0.0871883011124203,0.0085,-0.0801892692057292));
#16999=CARTESIAN_POINT('',(0.0872885687628833,0.0075,-0.0803731939019097));
#17000=CARTESIAN_POINT('',(0.0872885687628833,0.0085,-0.0803731939019097));
#17001=CARTESIAN_POINT('',(0.0873462528629991,0.0075,-0.0806267321325232));
#17002=CARTESIAN_POINT('',(0.0873462528629991,0.0085,-0.0806267321325232));
#17003=CARTESIAN_POINT('',(0.0873613534127676,0.0075,-0.0809498838975695));
#17004=CARTESIAN_POINT('',(0.0873613534127676,0.0085,-0.0809498838975695));
#17005=CARTESIAN_POINT('',(0.0871883011124203,0.0075,-0.0801892692057292));
#17006=CARTESIAN_POINT('',(0.0871883011124203,0.0075,-0.0801892692057292));
#17007=CARTESIAN_POINT('',(0.0871883011124203,0.0075,-0.0801892692057292));
#17008=CARTESIAN_POINT('',(0.0873387025881148,0.0075,-0.08046515625));
#17009=CARTESIAN_POINT('',(0.0873613534127676,0.0075,-0.0809498838975695));
#17010=CARTESIAN_POINT('',(0.0863840639290296,0.0075,-0.080616146586942));
#17011=CARTESIAN_POINT('',(0.0867547643285661,0.0075,-0.0797847254774306));
#17012=CARTESIAN_POINT('',(0.0867547643285661,0.0075,-0.0797847254774306));
#17013=CARTESIAN_POINT('',(0.0863840639290296,0.0075,-0.080616146586942));
#17014=CARTESIAN_POINT('',(0.0860331090551287,0.0075,-0.0796560687934028));
#17015=CARTESIAN_POINT('',(0.0860331090551287,0.0085,-0.0796560687934028));
#17016=CARTESIAN_POINT('',(0.0863254556986472,0.0075,-0.0796560687934028));
#17017=CARTESIAN_POINT('',(0.0863254556986472,0.0085,-0.0796560687934028));
#17018=CARTESIAN_POINT('',(0.0865660074564596,0.0075,-0.0796989543547454));
#17019=CARTESIAN_POINT('',(0.0865660074564596,0.0085,-0.0796989543547454));
#17020=CARTESIAN_POINT('',(0.0867547643285661,0.0075,-0.0797847254774306));
#17021=CARTESIAN_POINT('',(0.0867547643285661,0.0085,-0.0797847254774306));
#17022=CARTESIAN_POINT('',(0.0860331090551287,0.0075,-0.0796560687934028));
#17023=CARTESIAN_POINT('',(0.0860331090551287,0.0075,-0.0796560687934028));
#17024=CARTESIAN_POINT('',(0.0860331090551287,0.0075,-0.0796560687934028));
#17025=CARTESIAN_POINT('',(0.0864716290204064,0.0075,-0.0796560687934028));
#17026=CARTESIAN_POINT('',(0.0867547643285661,0.0075,-0.0797847254774306));
#17027=CARTESIAN_POINT('',(0.086023877695994,0.0075,-0.0817262777967215));
#17028=CARTESIAN_POINT('',(0.0855347909127675,0.0075,-0.0797148133213438));
#17029=CARTESIAN_POINT('',(0.0855347909127675,0.0075,-0.0797148133213438));
#17030=CARTESIAN_POINT('',(0.086023877695994,0.0075,-0.0817262777967215));
#17031=CARTESIAN_POINT('',(0.0855347909127675,0.0075,-0.079363873155382));
#17032=CARTESIAN_POINT('',(0.0855347909127675,0.0075,-0.0790127853732639));
#17033=CARTESIAN_POINT('',(0.0855347909127675,0.0075,-0.0790127853732639));
#17034=CARTESIAN_POINT('',(0.0855347909127675,0.0075,-0.079363873155382));
#17035=CARTESIAN_POINT('',(0.086092907232212,0.0075,-0.078972919921875));
#17036=CARTESIAN_POINT('',(0.086092907232212,0.0085,-0.078972919921875));
#17037=CARTESIAN_POINT('',(0.0858470702819805,0.0075,-0.078972919921875));
#17038=CARTESIAN_POINT('',(0.0858470702819805,0.0085,-0.078972919921875));
#17039=CARTESIAN_POINT('',(0.0856610315088324,0.0075,-0.0789862084056713));
#17040=CARTESIAN_POINT('',(0.0856610315088324,0.0085,-0.0789862084056713));
#17041=CARTESIAN_POINT('',(0.0855347909127675,0.0075,-0.0790127853732639));
#17042=CARTESIAN_POINT('',(0.0855347909127675,0.0085,-0.0790127853732639));
#17043=CARTESIAN_POINT('',(0.086092907232212,0.0075,-0.078972919921875));
#17044=CARTESIAN_POINT('',(0.086092907232212,0.0075,-0.078972919921875));
#17045=CARTESIAN_POINT('',(0.086092907232212,0.0075,-0.078972919921875));
#17046=CARTESIAN_POINT('',(0.0857241518068648,0.0075,-0.078972919921875));
#17047=CARTESIAN_POINT('',(0.0855347909127675,0.0075,-0.0790127853732639));
#17048=CARTESIAN_POINT('',(0.0876526430178023,0.0075,-0.079576337890625));
#17049=CARTESIAN_POINT('',(0.0876526430178023,0.0085,-0.079576337890625));
#17050=CARTESIAN_POINT('',(0.0873092565160662,0.0075,-0.0791740592447917));
#17051=CARTESIAN_POINT('',(0.0873092565160662,0.0085,-0.0791740592447917));
#17052=CARTESIAN_POINT('',(0.0867893445875361,0.0075,-0.078972919921875));
#17053=CARTESIAN_POINT('',(0.0867893445875361,0.0085,-0.078972919921875));
#17054=CARTESIAN_POINT('',(0.086092907232212,0.0075,-0.078972919921875));
#17055=CARTESIAN_POINT('',(0.086092907232212,0.0085,-0.078972919921875));
#17056=CARTESIAN_POINT('',(0.0876526430178023,0.0075,-0.079576337890625));
#17057=CARTESIAN_POINT('',(0.0871375632651981,0.0075,-0.078972919921875));
#17058=CARTESIAN_POINT('',(0.086092907232212,0.0075,-0.078972919921875));
#17059=CARTESIAN_POINT('',(0.0862455737903717,0.0075,-0.0823284130859375));
#17060=CARTESIAN_POINT('',(0.0862455737903717,0.0085,-0.0823284130859375));
#17061=CARTESIAN_POINT('',(0.0861437960849319,0.0075,-0.0822036825448496));
#17062=CARTESIAN_POINT('',(0.0861437960849319,0.0085,-0.0822036825448496));
#17063=CARTESIAN_POINT('',(0.086092907232212,0.0075,-0.0820244390190973));
#17064=CARTESIAN_POINT('',(0.086092907232212,0.0085,-0.0820244390190973));
#17065=CARTESIAN_POINT('',(0.086092907232212,0.0075,-0.0817906825086806));
#17066=CARTESIAN_POINT('',(0.086092907232212,0.0085,-0.0817906825086806));
#17067=CARTESIAN_POINT('',(0.0862455737903717,0.0085,-0.0823284130859375));
#17068=CARTESIAN_POINT('',(0.086092907232212,0.0085,-0.0821413172743056));
#17069=CARTESIAN_POINT('',(0.086092907232212,0.0085,-0.0817906825086806));
#17070=CARTESIAN_POINT('',(0.0862455737903717,0.0075,-0.0823284130859375));
#17071=CARTESIAN_POINT('',(0.086092907232212,0.0075,-0.0821413172743056));
#17072=CARTESIAN_POINT('',(0.086092907232212,0.0075,-0.0817906825086806));
#17073=CARTESIAN_POINT('',(0.0639,0.0075,-0.04275));
#17074=CARTESIAN_POINT('',(0.0141907802783777,0.0075,-0.07903));
#17075=CARTESIAN_POINT('',(0.0146283942106694,0.0075,-0.07903));
#17076=CARTESIAN_POINT('',(0.0146283942106694,0.0075,-0.07903));
#17077=CARTESIAN_POINT('',(0.0141907802783777,0.0075,-0.07903));
#17078=CARTESIAN_POINT('',(0.0137531663460861,0.0075,-0.07903));
#17079=CARTESIAN_POINT('',(0.0137531663460861,0.0075,-0.07903));
#17080=CARTESIAN_POINT('',(0.0146283942106694,0.0075,-0.0810998323567708));
#17081=CARTESIAN_POINT('',(0.0146283942106694,0.0075,-0.0831696647135417));
#17082=CARTESIAN_POINT('',(0.0146283942106694,0.0075,-0.0831696647135417));
#17083=CARTESIAN_POINT('',(0.0146283942106694,0.0075,-0.0810998323567708));
#17084=CARTESIAN_POINT('',(0.0142686991151833,0.0075,-0.0831696647135417));
#17085=CARTESIAN_POINT('',(0.0139090040196972,0.0075,-0.0831696647135417));
#17086=CARTESIAN_POINT('',(0.0139090040196972,0.0075,-0.0831696647135417));
#17087=CARTESIAN_POINT('',(0.0142686991151833,0.0075,-0.0831696647135417));
#17088=CARTESIAN_POINT('',(0.0132421637419194,0.0075,-0.0826387293836806));
#17089=CARTESIAN_POINT('',(0.0125753234641416,0.0075,-0.0821077940538195));
#17090=CARTESIAN_POINT('',(0.0125753234641416,0.0075,-0.0821077940538195));
#17091=CARTESIAN_POINT('',(0.0132421637419194,0.0075,-0.0826387293836806));
#17092=CARTESIAN_POINT('',(0.0127864291499055,0.0075,-0.0818445914713542));
#17093=CARTESIAN_POINT('',(0.0129975348356694,0.0075,-0.0815813888888889));
#17094=CARTESIAN_POINT('',(0.0129975348356694,0.0075,-0.0815813888888889));
#17095=CARTESIAN_POINT('',(0.0127864291499055,0.0075,-0.0818445914713542));
#17096=CARTESIAN_POINT('',(0.0132353684945236,0.0075,-0.0817725618489583));
#17097=CARTESIAN_POINT('',(0.0134732021533777,0.0075,-0.0819637348090278));
#17098=CARTESIAN_POINT('',(0.0134734832512372,0.0075,-0.0819634131173706));
#17099=CARTESIAN_POINT('',(0.0132353684945236,0.0075,-0.0817725618489583));
#17100=CARTESIAN_POINT('',(0.0101687760224495,0.0075,-0.0857453584767234));
#17101=CARTESIAN_POINT('',(0.0137758444002575,0.0075,-0.0822499973150309));
#17102=CARTESIAN_POINT('',(0.0137758171707388,0.0075,-0.0822491351996528));
#17103=CARTESIAN_POINT('',(0.0101687760224495,0.0075,-0.0857453584767234));
#17104=CARTESIAN_POINT('',(0.013769021923343,0.0075,-0.0820339523654514));
#17105=CARTESIAN_POINT('',(0.0137622266759472,0.0075,-0.08181876953125));
#17106=CARTESIAN_POINT('',(0.0137622266759472,0.0075,-0.08181876953125));
#17107=CARTESIAN_POINT('',(0.013769021923343,0.0075,-0.0820339523654514));
#17108=CARTESIAN_POINT('',(0.0137576965110166,0.0075,-0.0816221603732639));
#17109=CARTESIAN_POINT('',(0.0137531663460861,0.0075,-0.0814255512152778));
#17110=CARTESIAN_POINT('',(0.0137531663460861,0.0075,-0.0814255512152778));
#17111=CARTESIAN_POINT('',(0.0137576965110166,0.0075,-0.0816221603732639));
#17112=CARTESIAN_POINT('',(0.0137531663460861,0.0075,-0.0802277756076389));
#17113=CARTESIAN_POINT('',(0.0137531663460861,0.0075,-0.0802277756076389));
#17114=CARTESIAN_POINT('',(0.0639,0.0075,-0.04275));
#17115=CARTESIAN_POINT('',(0.0639,0.0085,-0.04275));
#17116=CARTESIAN_POINT('',(0.0639,0.0085,-0.04275));
#17117=CARTESIAN_POINT('',(0.0639,0.0085,-0.04275));
#17118=CARTESIAN_POINT('',(0.0639,0.0085,-0.04275));
#17119=CARTESIAN_POINT('',(0.0639,0.0085,-0.04275));
#17120=CARTESIAN_POINT('',(0.1237,-0.0165,-0.0734));
#17121=CARTESIAN_POINT('',(0.00585,0.0035,-0.02515));
#17122=CARTESIAN_POINT('',(0.00585,0.0035,-0.0309));
#17123=CARTESIAN_POINT('',(0.00585,0.0035,-0.0309));
#17124=CARTESIAN_POINT('',(0.00585,0.0035,-0.02515));
#17125=CARTESIAN_POINT('',(0.00585,0.0035,-0.0194));
#17126=CARTESIAN_POINT('',(0.00585,0.0035,-0.0194));
#17127=CARTESIAN_POINT('',(0.002925,0.0035,-0.0309));
#17128=CARTESIAN_POINT('',(0.002925,0.0035,-0.0309));
#17129=CARTESIAN_POINT('',(0.002925,0.0035,-0.0194));
#17130=CARTESIAN_POINT('',(0.002925,0.0035,-0.0194));
#17131=CARTESIAN_POINT('',(0.0639,0.0035,-0.04275));
#17132=CARTESIAN_POINT('',(0.124875,0.0035,-0.0661));
#17133=CARTESIAN_POINT('',(0.12195,0.0035,-0.0661));
#17134=CARTESIAN_POINT('',(0.12195,0.0035,-0.0661));
#17135=CARTESIAN_POINT('',(0.124875,0.0035,-0.0661));
#17136=CARTESIAN_POINT('',(0.12195,0.0035,-0.06035));
#17137=CARTESIAN_POINT('',(0.12195,0.0035,-0.0546));
#17138=CARTESIAN_POINT('',(0.12195,0.0035,-0.0546));
#17139=CARTESIAN_POINT('',(0.12195,0.0035,-0.06035));
#17140=CARTESIAN_POINT('',(0.124875,0.0035,-0.0546));
#17141=CARTESIAN_POINT('',(0.124875,0.0035,-0.0546));
#17142=CARTESIAN_POINT('',(0.0639,0.0035,-0.04275));
#17143=CARTESIAN_POINT('',(0.0639,0.0035,-0.04275));
#17144=CARTESIAN_POINT('',(0.124875,0.0035,-0.0309));
#17145=CARTESIAN_POINT('',(0.12195,0.0035,-0.0309));
#17146=CARTESIAN_POINT('',(0.12195,0.0035,-0.02515));
#17147=CARTESIAN_POINT('',(0.12195,0.0035,-0.0194));
#17148=CARTESIAN_POINT('',(0.124875,0.0035,-0.0194));
#17149=CARTESIAN_POINT('',(0.124875,0.0035,-0.0309));
#17150=CARTESIAN_POINT('',(0.12195,0.0035,-0.0309));
#17151=CARTESIAN_POINT('',(0.12195,0.0035,-0.02515));
#17152=CARTESIAN_POINT('',(0.12195,0.0035,-0.0194));
#17153=CARTESIAN_POINT('',(0.124875,0.0035,-0.0194));
#17154=CARTESIAN_POINT('',(0.0639,0.0035,-0.04275));
#17155=CARTESIAN_POINT('',(0.00585,0.0035,-0.06035));
#17156=CARTESIAN_POINT('',(0.00585,0.0035,-0.0546));
#17157=CARTESIAN_POINT('',(0.00585,0.0035,-0.0661));
#17158=CARTESIAN_POINT('',(0.002925,0.0035,-0.0661));
#17159=CARTESIAN_POINT('',(0.002925,0.0035,-0.0546));
#17160=CARTESIAN_POINT('',(0.00585,0.0035,-0.06035));
#17161=CARTESIAN_POINT('',(0.00585,0.0035,-0.0661));
#17162=CARTESIAN_POINT('',(0.00585,0.0035,-0.0546));
#17163=CARTESIAN_POINT('',(0.002925,0.0035,-0.0661));
#17164=CARTESIAN_POINT('',(0.002925,0.0035,-0.0546));
#17165=CARTESIAN_POINT('',(0.00770655611902475,0.0075,-0.0532883404046297));
#17166=CARTESIAN_POINT('',(0.00770655611902475,0.0085,-0.0532883404046297));
#17167=CARTESIAN_POINT('',(0.00735043632735808,0.0075,-0.0532883404046297));
#17168=CARTESIAN_POINT('',(0.00735043632735808,0.0085,-0.0532883404046297));
#17169=CARTESIAN_POINT('',(0.00707472018152475,0.0075,-0.0531545513421297));
#17170=CARTESIAN_POINT('',(0.00707472018152475,0.0085,-0.0531545513421297));
#17171=CARTESIAN_POINT('',(0.00687940768152475,0.0075,-0.0528869732171297));
#17172=CARTESIAN_POINT('',(0.00687940768152475,0.0085,-0.0528869732171297));
#17173=CARTESIAN_POINT('',(0.00770655611902475,0.0075,-0.0532883404046297));
#17174=CARTESIAN_POINT('',(0.00770655611902475,0.0075,-0.0532883404046297));
#17175=CARTESIAN_POINT('',(0.00770655611902475,0.0075,-0.0532883404046297));
#17176=CARTESIAN_POINT('',(0.00717237643152475,0.0075,-0.0532883404046297));
#17177=CARTESIAN_POINT('',(0.00687940768152475,0.0075,-0.0528869732171297));
#17178=CARTESIAN_POINT('',(0.00687940768152475,0.0075,-0.0528869732171297));
#17179=CARTESIAN_POINT('',(0.00687940768152475,0.0075,-0.0528869732171297));
#17180=CARTESIAN_POINT('',(0.00769394627801617,0.0075,-0.0517870755531211));
#17181=CARTESIAN_POINT('',(0.00820362643152475,0.0075,-0.0531999614983797));
#17182=CARTESIAN_POINT('',(0.00820357157265656,0.0075,-0.0531998123921018));
#17183=CARTESIAN_POINT('',(0.00769394627801617,0.0075,-0.0517870755531211));
#17184=CARTESIAN_POINT('',(0.00651886932549669,0.0075,-0.048395619177788));
#17185=CARTESIAN_POINT('',(0.0087075159015487,0.0075,-0.0529923995869338));
#17186=CARTESIAN_POINT('',(0.0087075159015487,0.0075,-0.0529923995869338));
#17187=CARTESIAN_POINT('',(0.00651886932549669,0.0075,-0.048395619177788));
#17188=CARTESIAN_POINT('',(0.00885987643152475,0.0075,-0.0533772075921297));
#17189=CARTESIAN_POINT('',(0.00901222018152475,0.0075,-0.0537619732171297));
#17190=CARTESIAN_POINT('',(0.00901222018152475,0.0075,-0.0537619732171297));
#17191=CARTESIAN_POINT('',(0.00885987643152475,0.0075,-0.0533772075921297));
#17192=CARTESIAN_POINT('',(0.00770655611902475,0.0075,-0.0540754497796297));
#17193=CARTESIAN_POINT('',(0.00770655611902475,0.0085,-0.0540754497796297));
#17194=CARTESIAN_POINT('',(0.00813949882735808,0.0075,-0.0540754497796297));
#17195=CARTESIAN_POINT('',(0.00813949882735808,0.0085,-0.0540754497796297));
#17196=CARTESIAN_POINT('',(0.00857472018152475,0.0075,-0.0539709575921297));
#17197=CARTESIAN_POINT('',(0.00857472018152475,0.0085,-0.0539709575921297));
#17198=CARTESIAN_POINT('',(0.00901222018152475,0.0075,-0.0537619732171297));
#17199=CARTESIAN_POINT('',(0.00901222018152475,0.0085,-0.0537619732171297));
#17200=CARTESIAN_POINT('',(0.00770655611902475,0.0075,-0.0540754497796297));
#17201=CARTESIAN_POINT('',(0.00770655611902475,0.0075,-0.0540754497796297));
#17202=CARTESIAN_POINT('',(0.00770655611902475,0.0075,-0.0540754497796297));
#17203=CARTESIAN_POINT('',(0.00835597018152475,0.0075,-0.0540754497796297));
#17204=CARTESIAN_POINT('',(0.00901222018152475,0.0075,-0.0537619732171297));
#17205=CARTESIAN_POINT('',(0.00659425143152475,0.0075,-0.0537966411858797));
#17206=CARTESIAN_POINT('',(0.00659425143152475,0.0085,-0.0537966411858797));
#17207=CARTESIAN_POINT('',(0.00691065768152475,0.0075,-0.053982513581713));
#17208=CARTESIAN_POINT('',(0.00691065768152475,0.0085,-0.053982513581713));
#17209=CARTESIAN_POINT('',(0.00728142591069142,0.0075,-0.0540754497796297));
#17210=CARTESIAN_POINT('',(0.00728142591069142,0.0085,-0.0540754497796297));
#17211=CARTESIAN_POINT('',(0.00770655611902475,0.0075,-0.0540754497796297));
#17212=CARTESIAN_POINT('',(0.00770655611902475,0.0085,-0.0540754497796297));
#17213=CARTESIAN_POINT('',(0.00659425143152475,0.0075,-0.0537966411858797));
#17214=CARTESIAN_POINT('',(0.00659425143152475,0.0075,-0.0537966411858797));
#17215=CARTESIAN_POINT('',(0.00659425143152475,0.0075,-0.0537966411858797));
#17216=CARTESIAN_POINT('',(0.00706886080652475,0.0075,-0.0540754497796297));
#17217=CARTESIAN_POINT('',(0.00770655611902475,0.0075,-0.0540754497796297));
#17218=CARTESIAN_POINT('',(0.00586622408777475,0.0075,-0.0529943950921297));
#17219=CARTESIAN_POINT('',(0.00586622408777475,0.0085,-0.0529943950921297));
#17220=CARTESIAN_POINT('',(0.00603516940027475,0.0075,-0.053343353425463));
#17221=CARTESIAN_POINT('',(0.00603516940027475,0.0085,-0.053343353425463));
#17222=CARTESIAN_POINT('',(0.00627784518152475,0.0075,-0.0536107687900464));
#17223=CARTESIAN_POINT('',(0.00627784518152475,0.0085,-0.0536107687900464));
#17224=CARTESIAN_POINT('',(0.00659425143152475,0.0075,-0.0537966411858797));
#17225=CARTESIAN_POINT('',(0.00659425143152475,0.0085,-0.0537966411858797));
#17226=CARTESIAN_POINT('',(0.00586622408777475,0.0075,-0.0529943950921297));
#17227=CARTESIAN_POINT('',(0.00586622408777475,0.0075,-0.0529943950921297));
#17228=CARTESIAN_POINT('',(0.00586622408777475,0.0075,-0.0529943950921297));
#17229=CARTESIAN_POINT('',(0.00611964205652475,0.0075,-0.0535178325921297));
#17230=CARTESIAN_POINT('',(0.00659425143152475,0.0075,-0.0537966411858797));
#17231=CARTESIAN_POINT('',(0.00561280611902475,0.0075,-0.0517746685296297));
#17232=CARTESIAN_POINT('',(0.00561280611902475,0.0085,-0.0517746685296297));
#17233=CARTESIAN_POINT('',(0.00561280611902475,0.0075,-0.052238861237963));
#17234=CARTESIAN_POINT('',(0.00561280611902475,0.0085,-0.052238861237963));
#17235=CARTESIAN_POINT('',(0.00569727877527475,0.0075,-0.0526454367587964));
#17236=CARTESIAN_POINT('',(0.00569727877527475,0.0085,-0.0526454367587964));
#17237=CARTESIAN_POINT('',(0.00586622408777475,0.0075,-0.0529943950921297));
#17238=CARTESIAN_POINT('',(0.00586622408777475,0.0085,-0.0529943950921297));
#17239=CARTESIAN_POINT('',(0.00561280611902475,0.0075,-0.0517746685296297));
#17240=CARTESIAN_POINT('',(0.00561280611902475,0.0075,-0.0517746685296297));
#17241=CARTESIAN_POINT('',(0.00561280611902475,0.0075,-0.0517746685296297));
#17242=CARTESIAN_POINT('',(0.00561280611902475,0.0075,-0.0524709575921297));
#17243=CARTESIAN_POINT('',(0.00586622408777475,0.0075,-0.0529943950921297));
#17244=CARTESIAN_POINT('',(0.00612843111902475,0.0075,-0.0500793560296297));
#17245=CARTESIAN_POINT('',(0.00612843111902475,0.0085,-0.0500793560296297));
#17246=CARTESIAN_POINT('',(0.00578468111902475,0.0075,-0.050473236237963));
#17247=CARTESIAN_POINT('',(0.00578468111902475,0.0085,-0.050473236237963));
#17248=CARTESIAN_POINT('',(0.00561280611902475,0.0075,-0.0510383404046297));
#17249=CARTESIAN_POINT('',(0.00561280611902475,0.0085,-0.0510383404046297));
#17250=CARTESIAN_POINT('',(0.00561280611902475,0.0075,-0.0517746685296297));
#17251=CARTESIAN_POINT('',(0.00561280611902475,0.0085,-0.0517746685296297));
#17252=CARTESIAN_POINT('',(0.00612843111902475,0.0075,-0.0500793560296297));
#17253=CARTESIAN_POINT('',(0.00612843111902475,0.0075,-0.0500793560296297));
#17254=CARTESIAN_POINT('',(0.00612843111902475,0.0075,-0.0500793560296297));
#17255=CARTESIAN_POINT('',(0.00561280611902475,0.0075,-0.0506701763421297));
#17256=CARTESIAN_POINT('',(0.00561280611902475,0.0075,-0.0517746685296297));
#17257=CARTESIAN_POINT('',(0.00761768893152475,0.0075,-0.0494885357171297));
#17258=CARTESIAN_POINT('',(0.00761768893152475,0.0085,-0.0494885357171297));
#17259=CARTESIAN_POINT('',(0.00696860038985808,0.0075,-0.0494885357171297));
#17260=CARTESIAN_POINT('',(0.00696860038985808,0.0085,-0.0494885357171297));
#17261=CARTESIAN_POINT('',(0.00647218111902475,0.0075,-0.0496854758212964));
#17262=CARTESIAN_POINT('',(0.00647218111902475,0.0085,-0.0496854758212964));
#17263=CARTESIAN_POINT('',(0.00612843111902475,0.0075,-0.0500793560296297));
#17264=CARTESIAN_POINT('',(0.00612843111902475,0.0085,-0.0500793560296297));
#17265=CARTESIAN_POINT('',(0.00761768893152475,0.0075,-0.0494885357171297));
#17266=CARTESIAN_POINT('',(0.00761768893152475,0.0075,-0.0494885357171297));
#17267=CARTESIAN_POINT('',(0.00761768893152475,0.0075,-0.0494885357171297));
#17268=CARTESIAN_POINT('',(0.00664405611902475,0.0075,-0.0494885357171297));
#17269=CARTESIAN_POINT('',(0.00612843111902475,0.0075,-0.0500793560296297));
#17270=CARTESIAN_POINT('',(0.00884425143152475,0.0075,-0.0497180279046297));
#17271=CARTESIAN_POINT('',(0.00884425143152475,0.0085,-0.0497180279046297));
#17272=CARTESIAN_POINT('',(0.00847836601485808,0.0075,-0.049565033112963));
#17273=CARTESIAN_POINT('',(0.00847836601485808,0.0085,-0.049565033112963));
#17274=CARTESIAN_POINT('',(0.00806951184819142,0.0075,-0.0494885357171297));
#17275=CARTESIAN_POINT('',(0.00806951184819142,0.0085,-0.0494885357171297));
#17276=CARTESIAN_POINT('',(0.00761768893152475,0.0075,-0.0494885357171297));
#17277=CARTESIAN_POINT('',(0.00761768893152475,0.0085,-0.0494885357171297));
#17278=CARTESIAN_POINT('',(0.00884425143152475,0.0075,-0.0497180279046297));
#17279=CARTESIAN_POINT('',(0.00884425143152475,0.0075,-0.0497180279046297));
#17280=CARTESIAN_POINT('',(0.00884425143152475,0.0075,-0.0497180279046297));
#17281=CARTESIAN_POINT('',(0.00829542330652475,0.0075,-0.0494885357171297));
#17282=CARTESIAN_POINT('',(0.00761768893152475,0.0075,-0.0494885357171297));
#17283=CARTESIAN_POINT('',(0.00884425143152475,0.0075,-0.0501145122796297));
#17284=CARTESIAN_POINT('',(0.00884425143152475,0.0075,-0.0505109966546297));
#17285=CARTESIAN_POINT('',(0.00884425143152475,0.0075,-0.0505109966546297));
#17286=CARTESIAN_POINT('',(0.00884425143152475,0.0075,-0.0501145122796297));
#17287=CARTESIAN_POINT('',(0.00770655611902475,0.0075,-0.0502766216546297));
#17288=CARTESIAN_POINT('',(0.00770655611902475,0.0085,-0.0502766216546297));
#17289=CARTESIAN_POINT('',(0.00801970716069142,0.0075,-0.0502766216546297));
#17290=CARTESIAN_POINT('',(0.00801970716069142,0.0085,-0.0502766216546297));
#17291=CARTESIAN_POINT('',(0.00839893893152475,0.0075,-0.0503547466546297));
#17292=CARTESIAN_POINT('',(0.00839893893152475,0.0085,-0.0503547466546297));
#17293=CARTESIAN_POINT('',(0.00884425143152475,0.0075,-0.0505109966546297));
#17294=CARTESIAN_POINT('',(0.00884425143152475,0.0085,-0.0505109966546297));
#17295=CARTESIAN_POINT('',(0.00770655611902475,0.0075,-0.0502766216546297));
#17296=CARTESIAN_POINT('',(0.00770655611902475,0.0075,-0.0502766216546297));
#17297=CARTESIAN_POINT('',(0.00770655611902475,0.0075,-0.0502766216546297));
#17298=CARTESIAN_POINT('',(0.00817628268152475,0.0075,-0.0502766216546297));
#17299=CARTESIAN_POINT('',(0.00884425143152475,0.0075,-0.0505109966546297));
#17300=CARTESIAN_POINT('',(0.00658643893152475,0.0075,-0.0517688091546297));
#17301=CARTESIAN_POINT('',(0.00658643893152475,0.0085,-0.0517688091546297));
#17302=CARTESIAN_POINT('',(0.00658643893152475,0.0075,-0.050774017487963));
#17303=CARTESIAN_POINT('',(0.00658643893152475,0.0085,-0.050774017487963));
#17304=CARTESIAN_POINT('',(0.00695981132735808,0.0075,-0.0502766216546297));
#17305=CARTESIAN_POINT('',(0.00695981132735808,0.0085,-0.0502766216546297));
#17306=CARTESIAN_POINT('',(0.00770655611902475,0.0075,-0.0502766216546297));
#17307=CARTESIAN_POINT('',(0.00770655611902475,0.0085,-0.0502766216546297));
#17308=CARTESIAN_POINT('',(0.00658643893152475,0.0075,-0.0517688091546297));
#17309=CARTESIAN_POINT('',(0.00658643893152475,0.0075,-0.0517688091546297));
#17310=CARTESIAN_POINT('',(0.00658643893152475,0.0075,-0.0517688091546297));
#17311=CARTESIAN_POINT('',(0.00658643893152475,0.0075,-0.0502766216546297));
#17312=CARTESIAN_POINT('',(0.00770655611902475,0.0075,-0.0502766216546297));
#17313=CARTESIAN_POINT('',(0.00687940768152475,0.0075,-0.0528869732171297));
#17314=CARTESIAN_POINT('',(0.00687940768152475,0.0085,-0.0528869732171297));
#17315=CARTESIAN_POINT('',(0.00668409518152475,0.0075,-0.0526193950921297));
#17316=CARTESIAN_POINT('',(0.00668409518152475,0.0085,-0.0526193950921297));
#17317=CARTESIAN_POINT('',(0.00658643893152475,0.0075,-0.052246673737963));
#17318=CARTESIAN_POINT('',(0.00658643893152475,0.0085,-0.052246673737963));
#17319=CARTESIAN_POINT('',(0.00658643893152475,0.0075,-0.0517688091546297));
#17320=CARTESIAN_POINT('',(0.00658643893152475,0.0085,-0.0517688091546297));
#17321=CARTESIAN_POINT('',(0.00687940768152475,0.0075,-0.0528869732171297));
#17322=CARTESIAN_POINT('',(0.00658643893152475,0.0075,-0.0524856060296297));
#17323=CARTESIAN_POINT('',(0.00658643893152475,0.0075,-0.0517688091546297));
#17324=CARTESIAN_POINT('',(0.0639,0.0075,-0.04275));
#17325=CARTESIAN_POINT('',(0.00709571627527475,0.0075,-0.0381039258986711));
#17326=CARTESIAN_POINT('',(0.00838038424402475,0.0075,-0.0381039258986711));
#17327=CARTESIAN_POINT('',(0.00838038424402475,0.0075,-0.0381039258986711));
#17328=CARTESIAN_POINT('',(0.00709571627527475,0.0075,-0.0381039258986711));
#17329=CARTESIAN_POINT('',(0.00581104830652475,0.0075,-0.0381039258986711));
#17330=CARTESIAN_POINT('',(0.00581104830652475,0.0075,-0.0381039258986711));
#17331=CARTESIAN_POINT('',(0.00838038424402475,0.0075,-0.0384945508986711));
#17332=CARTESIAN_POINT('',(0.00838038424402475,0.0075,-0.0388851758986711));
#17333=CARTESIAN_POINT('',(0.00838038424402475,0.0075,-0.0388851758986711));
#17334=CARTESIAN_POINT('',(0.00838038424402475,0.0075,-0.0384945508986711));
#17335=CARTESIAN_POINT('',(0.00756886080652475,0.0075,-0.0388851758986711));
#17336=CARTESIAN_POINT('',(0.00675733736902475,0.0075,-0.0388851758986711));
#17337=CARTESIAN_POINT('',(0.00675733736902475,0.0075,-0.0388851758986711));
#17338=CARTESIAN_POINT('',(0.00756886080652475,0.0075,-0.0388851758986711));
#17339=CARTESIAN_POINT('',(0.00675733736902475,0.0075,-0.0394603712111711));
#17340=CARTESIAN_POINT('',(0.00675733736902475,0.0075,-0.0400355665236711));
#17341=CARTESIAN_POINT('',(0.00675733736902475,0.0075,-0.0400355665236711));
#17342=CARTESIAN_POINT('',(0.00675733736902475,0.0075,-0.0394603712111711));
#17343=CARTESIAN_POINT('',(0.00751270846277475,0.0075,-0.0400355665236711));
#17344=CARTESIAN_POINT('',(0.00826807955652475,0.0075,-0.0400355665236711));
#17345=CARTESIAN_POINT('',(0.00826807955652475,0.0075,-0.0400355665236711));
#17346=CARTESIAN_POINT('',(0.00751270846277475,0.0075,-0.0400355665236711));
#17347=CARTESIAN_POINT('',(0.00826807955652475,0.0075,-0.0404232618361711));
#17348=CARTESIAN_POINT('',(0.00826807955652475,0.0075,-0.0408109571486712));
#17349=CARTESIAN_POINT('',(0.00826807955652475,0.0075,-0.0408109571486712));
#17350=CARTESIAN_POINT('',(0.00826807955652475,0.0075,-0.0404232618361711));
#17351=CARTESIAN_POINT('',(0.00751270846277475,0.0075,-0.0408109571486712));
#17352=CARTESIAN_POINT('',(0.00675733736902475,0.0075,-0.0408109571486712));
#17353=CARTESIAN_POINT('',(0.00675733736902475,0.0075,-0.0408109571486712));
#17354=CARTESIAN_POINT('',(0.00751270846277475,0.0075,-0.0408109571486712));
#17355=CARTESIAN_POINT('',(0.00675733736902475,0.0075,-0.0413007032424211));
#17356=CARTESIAN_POINT('',(0.00675733736902475,0.0075,-0.0417904493361711));
#17357=CARTESIAN_POINT('',(0.00675733736902475,0.0075,-0.0417904493361711));
#17358=CARTESIAN_POINT('',(0.00675733736902475,0.0075,-0.0413007032424211));
#17359=CARTESIAN_POINT('',(0.00756886080652475,0.0075,-0.0417904493361711));
#17360=CARTESIAN_POINT('',(0.00838038424402475,0.0075,-0.0417904493361711));
#17361=CARTESIAN_POINT('',(0.00838038424402475,0.0075,-0.0417904493361711));
#17362=CARTESIAN_POINT('',(0.00756886080652475,0.0075,-0.0417904493361711));
#17363=CARTESIAN_POINT('',(0.00838038424402475,0.0075,-0.0421781446486712));
#17364=CARTESIAN_POINT('',(0.00838038424402475,0.0075,-0.0425658399611712));
#17365=CARTESIAN_POINT('',(0.00838038424402475,0.0075,-0.0425658399611712));
#17366=CARTESIAN_POINT('',(0.00838038424402475,0.0075,-0.0421781446486712));
#17367=CARTESIAN_POINT('',(0.00709571627527475,0.0075,-0.0425658399611712));
#17368=CARTESIAN_POINT('',(0.00581104830652475,0.0075,-0.0425658399611712));
#17369=CARTESIAN_POINT('',(0.00581104830652475,0.0075,-0.0425658399611712));
#17370=CARTESIAN_POINT('',(0.00709571627527475,0.0075,-0.0425658399611712));
#17371=CARTESIAN_POINT('',(0.00581104830652475,0.0075,-0.0403348829299211));
#17372=CARTESIAN_POINT('',(0.00581104830652475,0.0075,-0.0403348829299211));
#17373=CARTESIAN_POINT('',(0.0639,0.0075,-0.04275));
#17374=CARTESIAN_POINT('',(0.00627638033777475,0.0075,-0.0317585346251726));
#17375=CARTESIAN_POINT('',(0.00674171236902475,0.0075,-0.0317585346251726));
#17376=CARTESIAN_POINT('',(0.00674171236902475,0.0075,-0.0317585346251726));
#17377=CARTESIAN_POINT('',(0.00627638033777475,0.0075,-0.0317585346251726));
#17378=CARTESIAN_POINT('',(0.00581104830652475,0.0075,-0.0317585346251726));
#17379=CARTESIAN_POINT('',(0.00581104830652475,0.0075,-0.0317585346251726));
#17380=CARTESIAN_POINT('',(0.00674171236902475,0.0075,-0.0326403705626726));
#17381=CARTESIAN_POINT('',(0.00674171236902475,0.0075,-0.0335222065001726));
#17382=CARTESIAN_POINT('',(0.00674171236902475,0.0075,-0.0335222065001726));
#17383=CARTESIAN_POINT('',(0.00674171236902475,0.0075,-0.0326403705626726));
#17384=CARTESIAN_POINT('',(0.00749854830652475,0.0075,-0.0335222065001726));
#17385=CARTESIAN_POINT('',(0.00825538424402475,0.0075,-0.0335222065001726));
#17386=CARTESIAN_POINT('',(0.00825538424402475,0.0075,-0.0335222065001726));
#17387=CARTESIAN_POINT('',(0.00749854830652475,0.0075,-0.0335222065001726));
#17388=CARTESIAN_POINT('',(0.00825538424402475,0.0075,-0.0339084369689226));
#17389=CARTESIAN_POINT('',(0.00825538424402475,0.0075,-0.0342946674376726));
#17390=CARTESIAN_POINT('',(0.00825538424402475,0.0075,-0.0342946674376726));
#17391=CARTESIAN_POINT('',(0.00825538424402475,0.0075,-0.0339084369689226));
#17392=CARTESIAN_POINT('',(0.00749854830652475,0.0075,-0.0342946674376726));
#17393=CARTESIAN_POINT('',(0.00674171236902475,0.0075,-0.0342946674376726));
#17394=CARTESIAN_POINT('',(0.00674171236902475,0.0075,-0.0342946674376726));
#17395=CARTESIAN_POINT('',(0.00749854830652475,0.0075,-0.0342946674376726));
#17396=CARTESIAN_POINT('',(0.00674171236902475,0.0075,-0.0348698627501726));
#17397=CARTESIAN_POINT('',(0.00674171236902475,0.0075,-0.0354450580626726));
#17398=CARTESIAN_POINT('',(0.00674171236902475,0.0075,-0.0354450580626726));
#17399=CARTESIAN_POINT('',(0.00674171236902475,0.0075,-0.0348698627501726));
#17400=CARTESIAN_POINT('',(0.00755518893152475,0.0075,-0.0354450580626726));
#17401=CARTESIAN_POINT('',(0.00836866549402475,0.0075,-0.0354450580626726));
#17402=CARTESIAN_POINT('',(0.00836866549402475,0.0075,-0.0354450580626726));
#17403=CARTESIAN_POINT('',(0.00755518893152475,0.0075,-0.0354450580626726));
#17404=CARTESIAN_POINT('',(0.00836866549402475,0.0075,-0.0358327533751726));
#17405=CARTESIAN_POINT('',(0.00836866549402475,0.0075,-0.0362204486876726));
#17406=CARTESIAN_POINT('',(0.00836866549402475,0.0075,-0.0362204486876726));
#17407=CARTESIAN_POINT('',(0.00836866549402475,0.0075,-0.0358327533751726));
#17408=CARTESIAN_POINT('',(0.00708985690027475,0.0075,-0.0362204486876726));
#17409=CARTESIAN_POINT('',(0.00581104830652475,0.0075,-0.0362204486876726));
#17410=CARTESIAN_POINT('',(0.00581104830652475,0.0075,-0.0362204486876726));
#17411=CARTESIAN_POINT('',(0.00708985690027475,0.0075,-0.0362204486876726));
#17412=CARTESIAN_POINT('',(0.00581104830652475,0.0075,-0.0339894916564226));
#17413=CARTESIAN_POINT('',(0.00581104830652475,0.0075,-0.0339894916564226));
#17414=CARTESIAN_POINT('',(0.0639,0.0075,-0.04275));
#17415=CARTESIAN_POINT('',(0.00838966158777475,0.0075,-0.0166749715916812));
#17416=CARTESIAN_POINT('',(0.00750440768152475,0.0075,-0.0166749715916812));
#17417=CARTESIAN_POINT('',(0.00750440768152475,0.0075,-0.0166749715916812));
#17418=CARTESIAN_POINT('',(0.00838966158777475,0.0075,-0.0166749715916812));
#17419=CARTESIAN_POINT('',(0.00927491549402475,0.0075,-0.0166749715916812));
#17420=CARTESIAN_POINT('',(0.00927491549402475,0.0075,-0.0166749715916812));
#17421=CARTESIAN_POINT('',(0.00750440768152475,0.0075,-0.0162809286229312));
#17422=CARTESIAN_POINT('',(0.00750440768152475,0.0075,-0.0158868856541813));
#17423=CARTESIAN_POINT('',(0.00750440768152475,0.0075,-0.0158868856541813));
#17424=CARTESIAN_POINT('',(0.00750440768152475,0.0075,-0.0162809286229312));
#17425=CARTESIAN_POINT('',(0.00792725924402475,0.0075,-0.0158868856541813));
#17426=CARTESIAN_POINT('',(0.00835011080652475,0.0075,-0.0158868856541813));
#17427=CARTESIAN_POINT('',(0.00835011080652475,0.0075,-0.0158868856541813));
#17428=CARTESIAN_POINT('',(0.00792725924402475,0.0075,-0.0158868856541813));
#17429=CARTESIAN_POINT('',(0.00835011080652475,0.0075,-0.0154215536229313));
#17430=CARTESIAN_POINT('',(0.00835011080652475,0.0075,-0.0149563438868811));
#17431=CARTESIAN_POINT('',(0.00835011080652475,0.0075,-0.0149563438868811));
#17432=CARTESIAN_POINT('',(0.00835011080652475,0.0075,-0.0154215536229313));
#17433=CARTESIAN_POINT('',(0.00774109651296334,0.0075,-0.0179766800954628));
#17434=CARTESIAN_POINT('',(0.00774854830652475,0.0075,-0.0148956747166812));
#17435=CARTESIAN_POINT('',(0.00774854830652475,0.0075,-0.0148956747166812));
#17436=CARTESIAN_POINT('',(0.00774109651296334,0.0075,-0.0179766800954628));
#17437=CARTESIAN_POINT('',(0.00688380221277475,0.0075,-0.0152784872166812));
#17438=CARTESIAN_POINT('',(0.00688380221277475,0.0085,-0.0152784872166812));
#17439=CARTESIAN_POINT('',(0.00708204440027475,0.0075,-0.0150232788833479));
#17440=CARTESIAN_POINT('',(0.00708204440027475,0.0085,-0.0150232788833479));
#17441=CARTESIAN_POINT('',(0.00737029309819142,0.0075,-0.0148956747166812));
#17442=CARTESIAN_POINT('',(0.00737029309819142,0.0085,-0.0148956747166812));
#17443=CARTESIAN_POINT('',(0.00774854830652475,0.0075,-0.0148956747166812));
#17444=CARTESIAN_POINT('',(0.00774854830652475,0.0085,-0.0148956747166812));
#17445=CARTESIAN_POINT('',(0.00688380221277475,0.0075,-0.0152784872166812));
#17446=CARTESIAN_POINT('',(0.00688380221277475,0.0075,-0.0152784872166812));
#17447=CARTESIAN_POINT('',(0.00688380221277475,0.0075,-0.0152784872166812));
#17448=CARTESIAN_POINT('',(0.00718116549402475,0.0075,-0.0148956747166812));
#17449=CARTESIAN_POINT('',(0.00774854830652475,0.0075,-0.0148956747166812));
#17450=CARTESIAN_POINT('',(0.00658643893152475,0.0075,-0.0163878622166812));
#17451=CARTESIAN_POINT('',(0.00658643893152475,0.0085,-0.0163878622166812));
#17452=CARTESIAN_POINT('',(0.00658643893152475,0.0075,-0.0159034872166813));
#17453=CARTESIAN_POINT('',(0.00658643893152475,0.0085,-0.0159034872166813));
#17454=CARTESIAN_POINT('',(0.00668556002527475,0.0075,-0.0155336955500146));
#17455=CARTESIAN_POINT('',(0.00668556002527475,0.0085,-0.0155336955500146));
#17456=CARTESIAN_POINT('',(0.00688380221277475,0.0075,-0.0152784872166812));
#17457=CARTESIAN_POINT('',(0.00688380221277475,0.0085,-0.0152784872166812));
#17458=CARTESIAN_POINT('',(0.00658643893152475,0.0075,-0.0163878622166812));
#17459=CARTESIAN_POINT('',(0.00658643893152475,0.0075,-0.0163878622166812));
#17460=CARTESIAN_POINT('',(0.00658643893152475,0.0075,-0.0163878622166812));
#17461=CARTESIAN_POINT('',(0.00658643893152475,0.0075,-0.0156612997166812));
#17462=CARTESIAN_POINT('',(0.00688380221277475,0.0075,-0.0152784872166812));
#17463=CARTESIAN_POINT('',(0.00695557955652475,0.0075,-0.0174952840916812));
#17464=CARTESIAN_POINT('',(0.00695557955652475,0.0085,-0.0174952840916812));
#17465=CARTESIAN_POINT('',(0.00670948580652475,0.0075,-0.0172205445083479));
#17466=CARTESIAN_POINT('',(0.00670948580652475,0.0085,-0.0172205445083479));
#17467=CARTESIAN_POINT('',(0.00658643893152475,0.0075,-0.0168514038833479));
#17468=CARTESIAN_POINT('',(0.00658643893152475,0.0085,-0.0168514038833479));
#17469=CARTESIAN_POINT('',(0.00658643893152475,0.0075,-0.0163878622166812));
#17470=CARTESIAN_POINT('',(0.00658643893152475,0.0085,-0.0163878622166812));
#17471=CARTESIAN_POINT('',(0.00695557955652475,0.0075,-0.0174952840916812));
#17472=CARTESIAN_POINT('',(0.00695557955652475,0.0075,-0.0174952840916812));
#17473=CARTESIAN_POINT('',(0.00695557955652475,0.0075,-0.0174952840916812));
#17474=CARTESIAN_POINT('',(0.00658643893152475,0.0075,-0.0170831747166812));
#17475=CARTESIAN_POINT('',(0.00658643893152475,0.0075,-0.0163878622166812));
#17476=CARTESIAN_POINT('',(0.00793800143152475,0.0075,-0.0179073934666812));
#17477=CARTESIAN_POINT('',(0.00793800143152475,0.0085,-0.0179073934666812));
#17478=CARTESIAN_POINT('',(0.00752914726485808,0.0075,-0.0179073934666812));
#17479=CARTESIAN_POINT('',(0.00752914726485808,0.0085,-0.0179073934666812));
#17480=CARTESIAN_POINT('',(0.00720167330652475,0.0075,-0.0177700236750146));
#17481=CARTESIAN_POINT('',(0.00720167330652475,0.0085,-0.0177700236750146));
#17482=CARTESIAN_POINT('',(0.00695557955652475,0.0075,-0.0174952840916812));
#17483=CARTESIAN_POINT('',(0.00695557955652475,0.0085,-0.0174952840916812));
#17484=CARTESIAN_POINT('',(0.00793800143152475,0.0075,-0.0179073934666812));
#17485=CARTESIAN_POINT('',(0.00793800143152475,0.0075,-0.0179073934666812));
#17486=CARTESIAN_POINT('',(0.00793800143152475,0.0075,-0.0179073934666812));
#17487=CARTESIAN_POINT('',(0.00732472018152475,0.0075,-0.0179073934666812));
#17488=CARTESIAN_POINT('',(0.00695557955652475,0.0075,-0.0174952840916812));
#17489=CARTESIAN_POINT('',(0.00793517124137042,0.0075,-0.0156635368299767));
#17490=CARTESIAN_POINT('',(0.00895441350732497,0.0075,-0.0176627967789721));
#17491=CARTESIAN_POINT('',(0.00895460299402475,0.0075,-0.0176632528416812));
#17492=CARTESIAN_POINT('',(0.00793517124137042,0.0075,-0.0156635368299767));
#17493=CARTESIAN_POINT('',(0.00911182955652475,0.0075,-0.0180416708104312));
#17494=CARTESIAN_POINT('',(0.00926896488854191,0.0075,-0.0184198692027086));
#17495=CARTESIAN_POINT('',(0.00926896488854191,0.0075,-0.0184198692027086));
#17496=CARTESIAN_POINT('',(0.00911182955652475,0.0075,-0.0180416708104312));
#17497=CARTESIAN_POINT('',(0.00794739390840049,0.0075,-0.0153774269669192));
#17498=CARTESIAN_POINT('',(0.00794386080652475,0.0075,-0.0186945028416812));
#17499=CARTESIAN_POINT('',(0.00794386080654306,0.0075,-0.0186945028244922));
#17500=CARTESIAN_POINT('',(0.00794739390840049,0.0075,-0.0153774269669192));
#17501=CARTESIAN_POINT('',(0.00623097018152475,0.0075,-0.0180904989354312));
#17502=CARTESIAN_POINT('',(0.00623097018152475,0.0085,-0.0180904989354312));
#17503=CARTESIAN_POINT('',(0.00664307955652475,0.0075,-0.0184931682062646));
#17504=CARTESIAN_POINT('',(0.00664307955652475,0.0085,-0.0184931682062646));
#17505=CARTESIAN_POINT('',(0.00721404309819142,0.0075,-0.0186945028416812));
#17506=CARTESIAN_POINT('',(0.00721404309819142,0.0085,-0.0186945028416812));
#17507=CARTESIAN_POINT('',(0.00794386080652475,0.0075,-0.0186945028416812));
#17508=CARTESIAN_POINT('',(0.00794386080652475,0.0085,-0.0186945028416812));
#17509=CARTESIAN_POINT('',(0.00623097018152475,0.0075,-0.0180904989354312));
#17510=CARTESIAN_POINT('',(0.00623097018152475,0.0075,-0.0180904989354312));
#17511=CARTESIAN_POINT('',(0.00623097018152475,0.0075,-0.0180904989354312));
#17512=CARTESIAN_POINT('',(0.00684913424402475,0.0075,-0.0186945028416812));
#17513=CARTESIAN_POINT('',(0.00794386080652475,0.0075,-0.0186945028416812));
#17514=CARTESIAN_POINT('',(0.00561280611902475,0.0075,-0.0164064169041813));
#17515=CARTESIAN_POINT('',(0.00561280611902475,0.0085,-0.0164064169041813));
#17516=CARTESIAN_POINT('',(0.00561280611902475,0.0075,-0.0171264689875146));
#17517=CARTESIAN_POINT('',(0.00561280611902475,0.0085,-0.0171264689875146));
#17518=CARTESIAN_POINT('',(0.00581886080652475,0.0075,-0.0176878296645979));
#17519=CARTESIAN_POINT('',(0.00581886080652475,0.0085,-0.0176878296645979));
#17520=CARTESIAN_POINT('',(0.00623097018152475,0.0075,-0.0180904989354312));
#17521=CARTESIAN_POINT('',(0.00623097018152475,0.0085,-0.0180904989354312));
#17522=CARTESIAN_POINT('',(0.00561280611902475,0.0075,-0.0164064169041813));
#17523=CARTESIAN_POINT('',(0.00561280611902475,0.0075,-0.0164064169041813));
#17524=CARTESIAN_POINT('',(0.00561280611902475,0.0075,-0.0164064169041813));
#17525=CARTESIAN_POINT('',(0.00561280611902475,0.0075,-0.0174864950291812));
#17526=CARTESIAN_POINT('',(0.00623097018152475,0.0075,-0.0180904989354312));
#17527=CARTESIAN_POINT('',(0.00614552096277475,0.0075,-0.0147013387791812));
#17528=CARTESIAN_POINT('',(0.00614552096277475,0.0085,-0.0147013387791812));
#17529=CARTESIAN_POINT('',(0.00579037773360808,0.0075,-0.0150971721125146));
#17530=CARTESIAN_POINT('',(0.00579037773360808,0.0085,-0.0150971721125146));
#17531=CARTESIAN_POINT('',(0.00561280611902475,0.0075,-0.0156655314875146));
#17532=CARTESIAN_POINT('',(0.00561280611902475,0.0085,-0.0156655314875146));
#17533=CARTESIAN_POINT('',(0.00561280611902475,0.0075,-0.0164064169041813));
#17534=CARTESIAN_POINT('',(0.00561280611902475,0.0085,-0.0164064169041813));
#17535=CARTESIAN_POINT('',(0.00614552096277475,0.0075,-0.0147013387791812));
#17536=CARTESIAN_POINT('',(0.00614552096277475,0.0075,-0.0147013387791812));
#17537=CARTESIAN_POINT('',(0.00614552096277475,0.0075,-0.0147013387791812));
#17538=CARTESIAN_POINT('',(0.00561280611902475,0.0075,-0.0152950887791812));
#17539=CARTESIAN_POINT('',(0.00561280611902475,0.0075,-0.0164064169041813));
#17540=CARTESIAN_POINT('',(0.00768800143152475,0.0075,-0.0141075887791812));
#17541=CARTESIAN_POINT('',(0.00768800143152475,0.0085,-0.0141075887791812));
#17542=CARTESIAN_POINT('',(0.00701482434819142,0.0075,-0.0141075887791812));
#17543=CARTESIAN_POINT('',(0.00701482434819142,0.0085,-0.0141075887791812));
#17544=CARTESIAN_POINT('',(0.00650066419194142,0.0075,-0.0143055054458479));
#17545=CARTESIAN_POINT('',(0.00650066419194142,0.0085,-0.0143055054458479));
#17546=CARTESIAN_POINT('',(0.00614552096277475,0.0075,-0.0147013387791812));
#17547=CARTESIAN_POINT('',(0.00614552096277475,0.0085,-0.0147013387791812));
#17548=CARTESIAN_POINT('',(0.00768800143152475,0.0075,-0.0141075887791812));
#17549=CARTESIAN_POINT('',(0.00768800143152475,0.0075,-0.0141075887791812));
#17550=CARTESIAN_POINT('',(0.00768800143152475,0.0075,-0.0141075887791812));
#17551=CARTESIAN_POINT('',(0.00667823580652475,0.0075,-0.0141075887791812));
#17552=CARTESIAN_POINT('',(0.00614552096277475,0.0075,-0.0147013387791812));
#17553=CARTESIAN_POINT('',(0.00769569568439198,0.0075,-0.0193657251342734));
#17554=CARTESIAN_POINT('',(0.00846436861902475,0.0075,-0.0141642294041812));
#17555=CARTESIAN_POINT('',(0.008464407095748,0.0075,-0.0141639826276114));
#17556=CARTESIAN_POINT('',(0.00769569568439198,0.0075,-0.0193657251342734));
#17557=CARTESIAN_POINT('',(0.00768235197908814,0.0075,-0.0191165054604512));
#17558=CARTESIAN_POINT('',(0.00927491549402475,0.0075,-0.0143619982682987));
#17559=CARTESIAN_POINT('',(0.00927491549402475,0.0075,-0.0143619982682987));
#17560=CARTESIAN_POINT('',(0.00768235197908814,0.0075,-0.0191165054604512));
#17561=CARTESIAN_POINT('',(0.00927491549402475,0.0075,-0.0155182333104313));
#17562=CARTESIAN_POINT('',(0.00927491549402475,0.0075,-0.0155182333104313));
#17563=CARTESIAN_POINT('',(0.0639,0.0075,-0.04275));
#17564=CARTESIAN_POINT('',(0.00899561861902475,0.0075,-0.00855001518130296));
#17565=CARTESIAN_POINT('',(0.00946729830652475,0.0075,-0.00855001518130296));
#17566=CARTESIAN_POINT('',(0.00946729830652475,0.0075,-0.00855001518130296));
#17567=CARTESIAN_POINT('',(0.00899561861902475,0.0075,-0.00855001518130296));
#17568=CARTESIAN_POINT('',(0.00852393893152475,0.0075,-0.00855001518130296));
#17569=CARTESIAN_POINT('',(0.00852393893152475,0.0075,-0.00855001518130296));
#17570=CARTESIAN_POINT('',(0.00946729830652475,0.0075,-0.010780972212553));
#17571=CARTESIAN_POINT('',(0.00946729830652475,0.0075,-0.013011929243803));
#17572=CARTESIAN_POINT('',(0.00946729830652475,0.0075,-0.013011929243803));
#17573=CARTESIAN_POINT('',(0.00946729830652475,0.0075,-0.010780972212553));
#17574=CARTESIAN_POINT('',(0.00899561861902475,0.0075,-0.013011929243803));
#17575=CARTESIAN_POINT('',(0.00852393893152475,0.0075,-0.013011929243803));
#17576=CARTESIAN_POINT('',(0.00852393893152475,0.0075,-0.013011929243803));
#17577=CARTESIAN_POINT('',(0.00899561861902475,0.0075,-0.013011929243803));
#17578=CARTESIAN_POINT('',(0.00852393893152475,0.0075,-0.012137417525053));
#17579=CARTESIAN_POINT('',(0.00852393893152475,0.0075,-0.011262905806303));
#17580=CARTESIAN_POINT('',(0.00852393893152475,0.0075,-0.011262905806303));
#17581=CARTESIAN_POINT('',(0.00852393893152475,0.0075,-0.012137417525053));
#17582=CARTESIAN_POINT('',(0.00764063815027475,0.0075,-0.011262905806303));
#17583=CARTESIAN_POINT('',(0.00675733736902475,0.0075,-0.011262905806303));
#17584=CARTESIAN_POINT('',(0.00675733736902475,0.0075,-0.011262905806303));
#17585=CARTESIAN_POINT('',(0.00764063815027475,0.0075,-0.011262905806303));
#17586=CARTESIAN_POINT('',(0.00675733736902475,0.0075,-0.012137417525053));
#17587=CARTESIAN_POINT('',(0.00675733736902475,0.0075,-0.013011929243803));
#17588=CARTESIAN_POINT('',(0.00675733736902475,0.0075,-0.013011929243803));
#17589=CARTESIAN_POINT('',(0.00675733736902475,0.0075,-0.012137417525053));
#17590=CARTESIAN_POINT('',(0.00628419283777475,0.0075,-0.013011929243803));
#17591=CARTESIAN_POINT('',(0.00581104830652475,0.0075,-0.013011929243803));
#17592=CARTESIAN_POINT('',(0.00581104830652475,0.0075,-0.013011929243803));
#17593=CARTESIAN_POINT('',(0.00628419283777475,0.0075,-0.013011929243803));
#17594=CARTESIAN_POINT('',(0.00581104830652475,0.0075,-0.010780972212553));
#17595=CARTESIAN_POINT('',(0.00581104830652475,0.0075,-0.00855001518130296));
#17596=CARTESIAN_POINT('',(0.00581104830652475,0.0075,-0.00855001518130296));
#17597=CARTESIAN_POINT('',(0.00581104830652475,0.0075,-0.010780972212553));
#17598=CARTESIAN_POINT('',(0.00628419283777475,0.0075,-0.00855001518130296));
#17599=CARTESIAN_POINT('',(0.00675733736902475,0.0075,-0.00855001518130296));
#17600=CARTESIAN_POINT('',(0.00675733736902475,0.0075,-0.00855001518130296));
#17601=CARTESIAN_POINT('',(0.00628419283777475,0.0075,-0.00855001518130296));
#17602=CARTESIAN_POINT('',(0.00675733736902475,0.0075,-0.00951290580630296));
#17603=CARTESIAN_POINT('',(0.00675733736902475,0.0075,-0.010475796431303));
#17604=CARTESIAN_POINT('',(0.00675733736902475,0.0075,-0.010475796431303));
#17605=CARTESIAN_POINT('',(0.00675733736902475,0.0075,-0.00951290580630296));
#17606=CARTESIAN_POINT('',(0.00764063815027475,0.0075,-0.010475796431303));
#17607=CARTESIAN_POINT('',(0.00852393893152475,0.0075,-0.010475796431303));
#17608=CARTESIAN_POINT('',(0.00852393893152475,0.0075,-0.010475796431303));
#17609=CARTESIAN_POINT('',(0.00764063815027475,0.0075,-0.010475796431303));
#17610=CARTESIAN_POINT('',(0.00852393893152475,0.0075,-0.00951290580630296));
#17611=CARTESIAN_POINT('',(0.00852393893152475,0.0075,-0.00951290580630296));
#17612=CARTESIAN_POINT('',(0.0639,0.0075,-0.04275));
#17613=CARTESIAN_POINT('',(0.00675733736902475,0.0075,-0.068407353669405));
#17614=CARTESIAN_POINT('',(0.00675733736902475,0.0085,-0.068407353669405));
#17615=CARTESIAN_POINT('',(0.00675733736902475,0.0085,-0.068988896638155));
#17616=CARTESIAN_POINT('',(0.00675733736902475,0.0085,-0.067825810700655));
#17617=CARTESIAN_POINT('',(0.00675733736902475,0.0075,-0.068988896638155));
#17618=CARTESIAN_POINT('',(0.00675733736902475,0.0075,-0.068988896638155));
#17619=CARTESIAN_POINT('',(0.00675733736902475,0.0075,-0.068407353669405));
#17620=CARTESIAN_POINT('',(0.00675733736902475,0.0075,-0.067825810700655));
#17621=CARTESIAN_POINT('',(0.00675733736902475,0.0075,-0.067825810700655));
#17622=CARTESIAN_POINT('',(0.00705030611902475,0.0075,-0.068988896638155));
#17623=CARTESIAN_POINT('',(0.00705030611902475,0.0085,-0.068988896638155));
#17624=CARTESIAN_POINT('',(0.00734327486902475,0.0085,-0.068988896638155));
#17625=CARTESIAN_POINT('',(0.00734327486902475,0.0075,-0.068988896638155));
#17626=CARTESIAN_POINT('',(0.00734327486902475,0.0075,-0.068988896638155));
#17627=CARTESIAN_POINT('',(0.00705030611902475,0.0075,-0.068988896638155));
#17628=CARTESIAN_POINT('',(0.00813624361902475,0.0075,-0.068433232575655));
#17629=CARTESIAN_POINT('',(0.00813624361902475,0.0085,-0.068433232575655));
#17630=CARTESIAN_POINT('',(0.00813624361902475,0.0075,-0.0688036752839883));
#17631=CARTESIAN_POINT('',(0.00813624361902475,0.0085,-0.0688036752839883));
#17632=CARTESIAN_POINT('',(0.00787192070235808,0.0075,-0.068988896638155));
#17633=CARTESIAN_POINT('',(0.00787192070235808,0.0085,-0.068988896638155));
#17634=CARTESIAN_POINT('',(0.00734327486902475,0.0075,-0.068988896638155));
#17635=CARTESIAN_POINT('',(0.00734327486902475,0.0085,-0.068988896638155));
#17636=CARTESIAN_POINT('',(0.00813624361902475,0.0085,-0.068433232575655));
#17637=CARTESIAN_POINT('',(0.00813624361902475,0.0085,-0.068988896638155));
#17638=CARTESIAN_POINT('',(0.00734327486902475,0.0085,-0.068988896638155));
#17639=CARTESIAN_POINT('',(0.00813624361902475,0.0085,-0.068433232575655));
#17640=CARTESIAN_POINT('',(0.00813624361902475,0.0075,-0.068433232575655));
#17641=CARTESIAN_POINT('',(0.00813624361902475,0.0075,-0.068433232575655));
#17642=CARTESIAN_POINT('',(0.00813624361902475,0.0075,-0.068433232575655));
#17643=CARTESIAN_POINT('',(0.00813624361902475,0.0075,-0.068988896638155));
#17644=CARTESIAN_POINT('',(0.00734327486902475,0.0075,-0.068988896638155));
#17645=CARTESIAN_POINT('',(0.00795020846277475,0.0075,-0.067975224763155));
#17646=CARTESIAN_POINT('',(0.00795020846277475,0.0085,-0.067975224763155));
#17647=CARTESIAN_POINT('',(0.00807423190027475,0.0075,-0.068074834138155));
#17648=CARTESIAN_POINT('',(0.00807423190027475,0.0085,-0.068074834138155));
#17649=CARTESIAN_POINT('',(0.00813624361902475,0.0075,-0.0682275034089883));
#17650=CARTESIAN_POINT('',(0.00813624361902475,0.0085,-0.0682275034089883));
#17651=CARTESIAN_POINT('',(0.00813624361902475,0.0075,-0.068433232575655));
#17652=CARTESIAN_POINT('',(0.00813624361902475,0.0085,-0.068433232575655));
#17653=CARTESIAN_POINT('',(0.00795020846277475,0.0085,-0.067975224763155));
#17654=CARTESIAN_POINT('',(0.00813624361902475,0.0085,-0.068124638825655));
#17655=CARTESIAN_POINT('',(0.00813624361902475,0.0085,-0.068433232575655));
#17656=CARTESIAN_POINT('',(0.00795020846277475,0.0085,-0.067975224763155));
#17657=CARTESIAN_POINT('',(0.00795020846277475,0.0075,-0.067975224763155));
#17658=CARTESIAN_POINT('',(0.00795020846277475,0.0075,-0.067975224763155));
#17659=CARTESIAN_POINT('',(0.00795020846277475,0.0075,-0.067975224763155));
#17660=CARTESIAN_POINT('',(0.00813624361902475,0.0075,-0.068124638825655));
#17661=CARTESIAN_POINT('',(0.00813624361902475,0.0075,-0.068433232575655));
#17662=CARTESIAN_POINT('',(0.00737354830652475,0.0075,-0.067825810700655));
#17663=CARTESIAN_POINT('',(0.00737354830652475,0.0085,-0.067825810700655));
#17664=CARTESIAN_POINT('',(0.00763396497319142,0.0075,-0.067825810700655));
#17665=CARTESIAN_POINT('',(0.00763396497319142,0.0085,-0.067825810700655));
#17666=CARTESIAN_POINT('',(0.00782618502527475,0.0075,-0.067875615388155));
#17667=CARTESIAN_POINT('',(0.00782618502527475,0.0085,-0.067875615388155));
#17668=CARTESIAN_POINT('',(0.00795020846277475,0.0075,-0.067975224763155));
#17669=CARTESIAN_POINT('',(0.00795020846277475,0.0085,-0.067975224763155));
#17670=CARTESIAN_POINT('',(0.00737354830652475,0.0085,-0.067825810700655));
#17671=CARTESIAN_POINT('',(0.00776417330652475,0.0085,-0.067825810700655));
#17672=CARTESIAN_POINT('',(0.00795020846277475,0.0085,-0.067975224763155));
#17673=CARTESIAN_POINT('',(0.00737354830652474,0.0085,-0.067825810700655));
#17674=CARTESIAN_POINT('',(0.00737354830652475,0.0075,-0.067825810700655));
#17675=CARTESIAN_POINT('',(0.00737354830652475,0.0075,-0.067825810700655));
#17676=CARTESIAN_POINT('',(0.00737354830652475,0.0075,-0.067825810700655));
#17677=CARTESIAN_POINT('',(0.00776417330652475,0.0075,-0.067825810700655));
#17678=CARTESIAN_POINT('',(0.00795020846277475,0.0075,-0.067975224763155));
#17679=CARTESIAN_POINT('',(0.00703175143152475,0.0075,-0.069738896638155));
#17680=CARTESIAN_POINT('',(0.00703175143152475,0.0085,-0.069738896638155));
#17681=CARTESIAN_POINT('',(0.00675733736902475,0.0085,-0.069738896638155));
#17682=CARTESIAN_POINT('',(0.00730616549402475,0.0085,-0.069738896638155));
#17683=CARTESIAN_POINT('',(0.00675733736902475,0.0075,-0.069738896638155));
#17684=CARTESIAN_POINT('',(0.00675733736902475,0.0075,-0.069738896638155));
#17685=CARTESIAN_POINT('',(0.00703175143152475,0.0075,-0.069738896638155));
#17686=CARTESIAN_POINT('',(0.00730616549402475,0.0075,-0.069738896638155));
#17687=CARTESIAN_POINT('',(0.00730616549402475,0.0075,-0.069738896638155));
#17688=CARTESIAN_POINT('',(0.00675733736902475,0.0075,-0.070234990388155));
#17689=CARTESIAN_POINT('',(0.00675733736902475,0.0085,-0.070234990388155));
#17690=CARTESIAN_POINT('',(0.00675733736902475,0.0085,-0.070731084138155));
#17691=CARTESIAN_POINT('',(0.00675733736902475,0.0075,-0.070731084138155));
#17692=CARTESIAN_POINT('',(0.00675733736902475,0.0075,-0.070731084138155));
#17693=CARTESIAN_POINT('',(0.00675733736902475,0.0075,-0.070234990388155));
#17694=CARTESIAN_POINT('',(0.00700587252527475,0.0075,-0.070731084138155));
#17695=CARTESIAN_POINT('',(0.00700587252527475,0.0085,-0.070731084138155));
#17696=CARTESIAN_POINT('',(0.00725440768152475,0.0085,-0.070731084138155));
#17697=CARTESIAN_POINT('',(0.00725440768152475,0.0075,-0.070731084138155));
#17698=CARTESIAN_POINT('',(0.00725440768152475,0.0075,-0.070731084138155));
#17699=CARTESIAN_POINT('',(0.00700587252527475,0.0075,-0.070731084138155));
#17700=CARTESIAN_POINT('',(0.00784815768152475,0.0075,-0.070619756013155));
#17701=CARTESIAN_POINT('',(0.00784815768152475,0.0085,-0.070619756013155));
#17702=CARTESIAN_POINT('',(0.00772315768152475,0.0075,-0.070693974763155));
#17703=CARTESIAN_POINT('',(0.00772315768152475,0.0085,-0.070693974763155));
#17704=CARTESIAN_POINT('',(0.00752524101485808,0.0075,-0.070731084138155));
#17705=CARTESIAN_POINT('',(0.00752524101485808,0.0085,-0.070731084138155));
#17706=CARTESIAN_POINT('',(0.00725440768152475,0.0075,-0.070731084138155));
#17707=CARTESIAN_POINT('',(0.00725440768152475,0.0085,-0.070731084138155));
#17708=CARTESIAN_POINT('',(0.00784815768152475,0.0085,-0.070619756013155));
#17709=CARTESIAN_POINT('',(0.00766065768152475,0.0085,-0.070731084138155));
#17710=CARTESIAN_POINT('',(0.00725440768152475,0.0085,-0.070731084138155));
#17711=CARTESIAN_POINT('',(0.00784815768152475,0.0085,-0.070619756013155));
#17712=CARTESIAN_POINT('',(0.00784815768152475,0.0075,-0.070619756013155));
#17713=CARTESIAN_POINT('',(0.00784815768152475,0.0075,-0.070619756013155));
#17714=CARTESIAN_POINT('',(0.00784815768152475,0.0075,-0.070619756013155));
#17715=CARTESIAN_POINT('',(0.00766065768152475,0.0075,-0.070731084138155));
#17716=CARTESIAN_POINT('',(0.00725440768152475,0.0075,-0.070731084138155));
#17717=CARTESIAN_POINT('',(0.00803565768152475,0.0075,-0.070251591950655));
#17718=CARTESIAN_POINT('',(0.00803565768152475,0.0085,-0.070251591950655));
#17719=CARTESIAN_POINT('',(0.00803565768152475,0.0075,-0.0704228159089883));
#17720=CARTESIAN_POINT('',(0.00803565768152475,0.0085,-0.0704228159089883));
#17721=CARTESIAN_POINT('',(0.00797315768152475,0.0075,-0.070545537263155));
#17722=CARTESIAN_POINT('',(0.00797315768152475,0.0085,-0.070545537263155));
#17723=CARTESIAN_POINT('',(0.00784815768152475,0.0075,-0.070619756013155));
#17724=CARTESIAN_POINT('',(0.00784815768152475,0.0085,-0.070619756013155));
#17725=CARTESIAN_POINT('',(0.00803565768152475,0.0085,-0.070251591950655));
#17726=CARTESIAN_POINT('',(0.00803565768152475,0.0085,-0.070508427888155));
#17727=CARTESIAN_POINT('',(0.00784815768152475,0.0085,-0.070619756013155));
#17728=CARTESIAN_POINT('',(0.00803565768152475,0.0085,-0.070251591950655));
#17729=CARTESIAN_POINT('',(0.00803565768152475,0.0075,-0.070251591950655));
#17730=CARTESIAN_POINT('',(0.00803565768152475,0.0075,-0.070251591950655));
#17731=CARTESIAN_POINT('',(0.00803565768152475,0.0075,-0.070251591950655));
#17732=CARTESIAN_POINT('',(0.00803565768152475,0.0075,-0.070508427888155));
#17733=CARTESIAN_POINT('',(0.00784815768152475,0.0075,-0.070619756013155));
#17734=CARTESIAN_POINT('',(0.00786329440027475,0.0075,-0.069858037263155));
#17735=CARTESIAN_POINT('',(0.00786329440027475,0.0085,-0.069858037263155));
#17736=CARTESIAN_POINT('',(0.00797820325444142,0.0075,-0.0699374643464883));
#17737=CARTESIAN_POINT('',(0.00797820325444142,0.0085,-0.0699374643464883));
#17738=CARTESIAN_POINT('',(0.00803565768152475,0.0075,-0.0700686492423217));
#17739=CARTESIAN_POINT('',(0.00803565768152475,0.0085,-0.0700686492423217));
#17740=CARTESIAN_POINT('',(0.00803565768152475,0.0075,-0.070251591950655));
#17741=CARTESIAN_POINT('',(0.00803565768152475,0.0085,-0.070251591950655));
#17742=CARTESIAN_POINT('',(0.00786329440027475,0.0085,-0.069858037263155));
#17743=CARTESIAN_POINT('',(0.00803565768152475,0.0085,-0.069977177888155));
#17744=CARTESIAN_POINT('',(0.00803565768152475,0.0085,-0.070251591950655));
#17745=CARTESIAN_POINT('',(0.00786329440027475,0.0085,-0.069858037263155));
#17746=CARTESIAN_POINT('',(0.00786329440027475,0.0075,-0.069858037263155));
#17747=CARTESIAN_POINT('',(0.00786329440027475,0.0075,-0.069858037263155));
#17748=CARTESIAN_POINT('',(0.00786329440027475,0.0075,-0.069858037263155));
#17749=CARTESIAN_POINT('',(0.00803565768152475,0.0075,-0.069977177888155));
#17750=CARTESIAN_POINT('',(0.00803565768152475,0.0075,-0.070251591950655));
#17751=CARTESIAN_POINT('',(0.00650538424402475,0.0075,-0.071506474763155));
#17752=CARTESIAN_POINT('',(0.00581104830652475,0.0075,-0.071506474763155));
#17753=CARTESIAN_POINT('',(0.00581104830652475,0.0075,-0.071506474763155));
#17754=CARTESIAN_POINT('',(0.00650538424402475,0.0075,-0.071506474763155));
#17755=CARTESIAN_POINT('',(0.00719972018152475,0.0075,-0.071506474763155));
#17756=CARTESIAN_POINT('',(0.00719972018152475,0.0075,-0.071506474763155));
#17757=CARTESIAN_POINT('',(0.00581104830652475,0.0075,-0.069275517731905));
#17758=CARTESIAN_POINT('',(0.00581104830652475,0.0075,-0.067044560700655));
#17759=CARTESIAN_POINT('',(0.00581104830652475,0.0075,-0.067044560700655));
#17760=CARTESIAN_POINT('',(0.00581104830652475,0.0075,-0.069275517731905));
#17761=CARTESIAN_POINT('',(0.00664552096277475,0.0075,-0.067044560700655));
#17762=CARTESIAN_POINT('',(0.00747999361902475,0.0075,-0.067044560700655));
#17763=CARTESIAN_POINT('',(0.00747999361902475,0.0075,-0.067044560700655));
#17764=CARTESIAN_POINT('',(0.00664552096277475,0.0075,-0.067044560700655));
#17765=CARTESIAN_POINT('',(0.00867823580652475,0.0075,-0.067386357575655));
#17766=CARTESIAN_POINT('',(0.00867823580652475,0.0085,-0.067386357575655));
#17767=CARTESIAN_POINT('',(0.00838396497319142,0.0075,-0.0671584929923217));
#17768=CARTESIAN_POINT('',(0.00838396497319142,0.0085,-0.0671584929923217));
#17769=CARTESIAN_POINT('',(0.00798455091069142,0.0075,-0.067044560700655));
#17770=CARTESIAN_POINT('',(0.00798455091069142,0.0085,-0.067044560700655));
#17771=CARTESIAN_POINT('',(0.00747999361902475,0.0075,-0.067044560700655));
#17772=CARTESIAN_POINT('',(0.00747999361902475,0.0085,-0.067044560700655));
#17773=CARTESIAN_POINT('',(0.00867823580652475,0.0075,-0.067386357575655));
#17774=CARTESIAN_POINT('',(0.00867823580652475,0.0075,-0.067386357575655));
#17775=CARTESIAN_POINT('',(0.00867823580652475,0.0075,-0.067386357575655));
#17776=CARTESIAN_POINT('',(0.00823682955652475,0.0075,-0.067044560700655));
#17777=CARTESIAN_POINT('',(0.00747999361902475,0.0075,-0.067044560700655));
#17778=CARTESIAN_POINT('',(0.00911964205652475,0.0075,-0.068338506013155));
#17779=CARTESIAN_POINT('',(0.00911964205652475,0.0085,-0.068338506013155));
#17780=CARTESIAN_POINT('',(0.00911964205652475,0.0075,-0.0679316049714883));
#17781=CARTESIAN_POINT('',(0.00911964205652475,0.0085,-0.0679316049714883));
#17782=CARTESIAN_POINT('',(0.00897250663985808,0.0075,-0.0676142221589883));
#17783=CARTESIAN_POINT('',(0.00897250663985808,0.0085,-0.0676142221589883));
#17784=CARTESIAN_POINT('',(0.00867823580652475,0.0075,-0.067386357575655));
#17785=CARTESIAN_POINT('',(0.00867823580652475,0.0085,-0.067386357575655));
#17786=CARTESIAN_POINT('',(0.00911964205652475,0.0075,-0.068338506013155));
#17787=CARTESIAN_POINT('',(0.00911964205652475,0.0075,-0.068338506013155));
#17788=CARTESIAN_POINT('',(0.00911964205652475,0.0075,-0.068338506013155));
#17789=CARTESIAN_POINT('',(0.00911964205652475,0.0075,-0.067728154450655));
#17790=CARTESIAN_POINT('',(0.00867823580652475,0.0075,-0.067386357575655));
#17791=CARTESIAN_POINT('',(0.00893165377527475,0.0075,-0.069028447419405));
#17792=CARTESIAN_POINT('',(0.00893165377527475,0.0085,-0.069028447419405));
#17793=CARTESIAN_POINT('',(0.00905697929610808,0.0075,-0.068855595856905));
#17794=CARTESIAN_POINT('',(0.00905697929610808,0.0085,-0.068855595856905));
#17795=CARTESIAN_POINT('',(0.00911964205652475,0.0075,-0.068625615388155));
#17796=CARTESIAN_POINT('',(0.00911964205652475,0.0085,-0.068625615388155));
#17797=CARTESIAN_POINT('',(0.00911964205652475,0.0075,-0.068338506013155));
#17798=CARTESIAN_POINT('',(0.00911964205652475,0.0085,-0.068338506013155));
#17799=CARTESIAN_POINT('',(0.00893165377527475,0.0075,-0.069028447419405));
#17800=CARTESIAN_POINT('',(0.00893165377527475,0.0075,-0.069028447419405));
#17801=CARTESIAN_POINT('',(0.00893165377527475,0.0075,-0.069028447419405));
#17802=CARTESIAN_POINT('',(0.00911964205652475,0.0075,-0.068769170075655));
#17803=CARTESIAN_POINT('',(0.00911964205652475,0.0075,-0.068338506013155));
#17804=CARTESIAN_POINT('',(0.00831983736902475,0.0075,-0.069382451325655));
#17805=CARTESIAN_POINT('',(0.00831983736902475,0.0085,-0.069382451325655));
#17806=CARTESIAN_POINT('',(0.00860238945235808,0.0075,-0.0693193002839883));
#17807=CARTESIAN_POINT('',(0.00860238945235808,0.0085,-0.0693193002839883));
#17808=CARTESIAN_POINT('',(0.00880632825444142,0.0075,-0.069201298981905));
#17809=CARTESIAN_POINT('',(0.00880632825444142,0.0085,-0.069201298981905));
#17810=CARTESIAN_POINT('',(0.00893165377527475,0.0075,-0.069028447419405));
#17811=CARTESIAN_POINT('',(0.00893165377527475,0.0085,-0.069028447419405));
#17812=CARTESIAN_POINT('',(0.00831983736902475,0.0075,-0.069382451325655));
#17813=CARTESIAN_POINT('',(0.00831983736902475,0.0075,-0.069382451325655));
#17814=CARTESIAN_POINT('',(0.00831983736902475,0.0075,-0.069382451325655));
#17815=CARTESIAN_POINT('',(0.00874366549402475,0.0075,-0.069287724763155));
#17816=CARTESIAN_POINT('',(0.00893165377527475,0.0075,-0.069028447419405));
#17817=CARTESIAN_POINT('',(0.00831983736902475,0.0075,-0.069397588044405));
#17818=CARTESIAN_POINT('',(0.00831983736902475,0.0075,-0.0694130497253924));
#17819=CARTESIAN_POINT('',(0.00831983736902475,0.0075,-0.0694130497253924));
#17820=CARTESIAN_POINT('',(0.00831983736902475,0.0075,-0.069397588044405));
#17821=CARTESIAN_POINT('',(0.00820817524439894,0.0075,-0.0701514380784025));
#17822=CARTESIAN_POINT('',(0.00881886080652475,0.0075,-0.069720830231905));
#17823=CARTESIAN_POINT('',(0.00881886080652475,0.0075,-0.069720830231905));
#17824=CARTESIAN_POINT('',(0.00820817524439894,0.0075,-0.0701514380784025));
#17825=CARTESIAN_POINT('',(0.00900636080652475,0.0075,-0.070377568513155));
#17826=CARTESIAN_POINT('',(0.00900636080652475,0.0085,-0.070377568513155));
#17827=CARTESIAN_POINT('',(0.00900636080652475,0.0075,-0.0701106414298217));
#17828=CARTESIAN_POINT('',(0.00900636080652475,0.0085,-0.0701106414298217));
#17829=CARTESIAN_POINT('',(0.00894386080652475,0.0075,-0.069891728669405));
#17830=CARTESIAN_POINT('',(0.00894386080652475,0.0085,-0.069891728669405));
#17831=CARTESIAN_POINT('',(0.00881886080652475,0.0075,-0.069720830231905));
#17832=CARTESIAN_POINT('',(0.00881886080652475,0.0085,-0.069720830231905));
#17833=CARTESIAN_POINT('',(0.00900636080652475,0.0075,-0.070377568513155));
#17834=CARTESIAN_POINT('',(0.00900636080652475,0.0075,-0.070377568513155));
#17835=CARTESIAN_POINT('',(0.00900636080652475,0.0075,-0.070377568513155));
#17836=CARTESIAN_POINT('',(0.00900636080652475,0.0075,-0.069977177888155));
#17837=CARTESIAN_POINT('',(0.00881886080652475,0.0075,-0.069720830231905));
#17838=CARTESIAN_POINT('',(0.00857764986902475,0.0075,-0.071236455231905));
#17839=CARTESIAN_POINT('',(0.00857764986902475,0.0085,-0.071236455231905));
#17840=CARTESIAN_POINT('',(0.00886345716069142,0.0075,-0.0710564422110717));
#17841=CARTESIAN_POINT('',(0.00886345716069142,0.0085,-0.0710564422110717));
#17842=CARTESIAN_POINT('',(0.00900636080652475,0.0075,-0.070770146638155));
#17843=CARTESIAN_POINT('',(0.00900636080652475,0.0085,-0.070770146638155));
#17844=CARTESIAN_POINT('',(0.00900636080652475,0.0075,-0.070377568513155));
#17845=CARTESIAN_POINT('',(0.00900636080652475,0.0085,-0.070377568513155));
#17846=CARTESIAN_POINT('',(0.00857764986902475,0.0075,-0.071236455231905));
#17847=CARTESIAN_POINT('',(0.00857764986902475,0.0075,-0.071236455231905));
#17848=CARTESIAN_POINT('',(0.00857764986902475,0.0075,-0.071236455231905));
#17849=CARTESIAN_POINT('',(0.00900636080652475,0.0075,-0.070966435700655));
#17850=CARTESIAN_POINT('',(0.00900636080652475,0.0075,-0.070377568513155));
#17851=CARTESIAN_POINT('',(0.00730616549402475,0.0075,-0.069738896638155));
#17852=CARTESIAN_POINT('',(0.00730616549402475,0.0085,-0.069738896638155));
#17853=CARTESIAN_POINT('',(0.00756267591069142,0.0075,-0.069738896638155));
#17854=CARTESIAN_POINT('',(0.00756267591069142,0.0085,-0.069738896638155));
#17855=CARTESIAN_POINT('',(0.00774838554610808,0.0075,-0.0697786101798217));
#17856=CARTESIAN_POINT('',(0.00774838554610808,0.0085,-0.0697786101798217));
#17857=CARTESIAN_POINT('',(0.00786329440027475,0.0075,-0.069858037263155));
#17858=CARTESIAN_POINT('',(0.00786329440027475,0.0085,-0.069858037263155));
#17859=CARTESIAN_POINT('',(0.00730616549402475,0.0085,-0.069738896638155));
#17860=CARTESIAN_POINT('',(0.00769093111902475,0.0085,-0.069738896638155));
#17861=CARTESIAN_POINT('',(0.00786329440027475,0.0085,-0.069858037263155));
#17862=CARTESIAN_POINT('',(0.00730616549402475,0.0075,-0.069738896638155));
#17863=CARTESIAN_POINT('',(0.00769093111902475,0.0075,-0.069738896638155));
#17864=CARTESIAN_POINT('',(0.00786329440027475,0.0075,-0.069858037263155));
#17865=CARTESIAN_POINT('',(0.00719972018152475,0.0075,-0.071506474763155));
#17866=CARTESIAN_POINT('',(0.00719972018152475,0.0085,-0.071506474763155));
#17867=CARTESIAN_POINT('',(0.00783253268152475,0.0075,-0.071506474763155));
#17868=CARTESIAN_POINT('',(0.00783253268152475,0.0085,-0.071506474763155));
#17869=CARTESIAN_POINT('',(0.00829184257735808,0.0075,-0.0714164682527383));
#17870=CARTESIAN_POINT('',(0.00829184257735808,0.0085,-0.0714164682527383));
#17871=CARTESIAN_POINT('',(0.00857764986902475,0.0075,-0.071236455231905));
#17872=CARTESIAN_POINT('',(0.00857764986902475,0.0085,-0.071236455231905));
#17873=CARTESIAN_POINT('',(0.00719972018152475,0.0075,-0.071506474763155));
#17874=CARTESIAN_POINT('',(0.00814893893152475,0.0075,-0.071506474763155));
#17875=CARTESIAN_POINT('',(0.00857764986902475,0.0075,-0.071236455231905));
#17876=CARTESIAN_POINT('',(0.00706544283777475,0.0075,-0.067825810700655));
#17877=CARTESIAN_POINT('',(0.00706544283777475,0.0085,-0.067825810700655));
#17878=CARTESIAN_POINT('',(0.00706544283777475,0.0075,-0.067825810700655));
#17879=CARTESIAN_POINT('',(0.0639,0.0075,-0.04275));
#17880=CARTESIAN_POINT('',(0.0639,0.0085,-0.04275));
#17881=CARTESIAN_POINT('',(0.00852979830652475,0.0075,-0.046073991437032));
#17882=CARTESIAN_POINT('',(0.00852979830652475,0.0085,-0.046073991437032));
#17883=CARTESIAN_POINT('',(0.00852979830652475,0.0075,-0.0470323247703653));
#17884=CARTESIAN_POINT('',(0.00852979830652475,0.0085,-0.0470323247703653));
#17885=CARTESIAN_POINT('',(0.00810662122319142,0.0075,-0.047511491437032));
#17886=CARTESIAN_POINT('',(0.00810662122319142,0.0085,-0.047511491437032));
#17887=CARTESIAN_POINT('',(0.00726026705652475,0.0075,-0.047511491437032));
#17888=CARTESIAN_POINT('',(0.00726026705652475,0.0085,-0.047511491437032));
#17889=CARTESIAN_POINT('',(0.00852979830652475,0.0085,-0.046073991437032));
#17890=CARTESIAN_POINT('',(0.00852979830652475,0.0085,-0.047511491437032));
#17891=CARTESIAN_POINT('',(0.00726026705652475,0.0085,-0.047511491437032));
#17892=CARTESIAN_POINT('',(0.00852979830652475,0.0085,-0.046073991437032));
#17893=CARTESIAN_POINT('',(0.00726026705652475,0.0085,-0.047511491437032));
#17894=CARTESIAN_POINT('',(0.00852979830652475,0.0075,-0.046073991437032));
#17895=CARTESIAN_POINT('',(0.00852979830652475,0.0075,-0.046073991437032));
#17896=CARTESIAN_POINT('',(0.00852979830652475,0.0075,-0.046073991437032));
#17897=CARTESIAN_POINT('',(0.00852979830652475,0.0075,-0.047511491437032));
#17898=CARTESIAN_POINT('',(0.00726026705652475,0.0075,-0.047511491437032));
#17899=CARTESIAN_POINT('',(0.00726026705652475,0.0075,-0.047511491437032));
#17900=CARTESIAN_POINT('',(0.00726026705652475,0.0075,-0.047511491437032));
#17901=CARTESIAN_POINT('',(0.00716261080652475,0.0075,-0.0446062179995321));
#17902=CARTESIAN_POINT('',(0.00716261080652475,0.0085,-0.0446062179995321));
#17903=CARTESIAN_POINT('',(0.00807406913985808,0.0075,-0.0446062179995321));
#17904=CARTESIAN_POINT('',(0.00807406913985808,0.0085,-0.0446062179995321));
#17905=CARTESIAN_POINT('',(0.00852979830652475,0.0075,-0.045095475812032));
#17906=CARTESIAN_POINT('',(0.00852979830652475,0.0085,-0.045095475812032));
#17907=CARTESIAN_POINT('',(0.00852979830652475,0.0075,-0.046073991437032));
#17908=CARTESIAN_POINT('',(0.00852979830652475,0.0085,-0.046073991437032));
#17909=CARTESIAN_POINT('',(0.00716261080652475,0.0085,-0.0446062179995321));
#17910=CARTESIAN_POINT('',(0.00852979830652475,0.0085,-0.0446062179995321));
#17911=CARTESIAN_POINT('',(0.00852979830652475,0.0085,-0.046073991437032));
#17912=CARTESIAN_POINT('',(0.00716261080652475,0.0085,-0.0446062179995321));
#17913=CARTESIAN_POINT('',(0.00716261080652475,0.0075,-0.0446062179995321));
#17914=CARTESIAN_POINT('',(0.00716261080652475,0.0075,-0.0446062179995321));
#17915=CARTESIAN_POINT('',(0.00716261080652475,0.0075,-0.0446062179995321));
#17916=CARTESIAN_POINT('',(0.00852979830652475,0.0075,-0.0446062179995321));
#17917=CARTESIAN_POINT('',(0.00852979830652475,0.0075,-0.046073991437032));
#17918=CARTESIAN_POINT('',(0.00695997408777475,0.0075,-0.0446062179995321));
#17919=CARTESIAN_POINT('',(0.00695997408777475,0.0085,-0.0446062179995321));
#17920=CARTESIAN_POINT('',(0.00675733736902475,0.0085,-0.0446062179995321));
#17921=CARTESIAN_POINT('',(0.00675733736902475,0.0075,-0.0446062179995321));
#17922=CARTESIAN_POINT('',(0.00675733736902475,0.0075,-0.0446062179995321));
#17923=CARTESIAN_POINT('',(0.00695997408777475,0.0075,-0.0446062179995321));
#17924=CARTESIAN_POINT('',(0.00675733736902475,0.0075,-0.046058854718282));
#17925=CARTESIAN_POINT('',(0.00675733736902475,0.0085,-0.046058854718282));
#17926=CARTESIAN_POINT('',(0.00675733736902475,0.0085,-0.047511491437032));
#17927=CARTESIAN_POINT('',(0.00675733736902475,0.0075,-0.047511491437032));
#17928=CARTESIAN_POINT('',(0.00675733736902475,0.0075,-0.047511491437032));
#17929=CARTESIAN_POINT('',(0.00675733736902475,0.0075,-0.046058854718282));
#17930=CARTESIAN_POINT('',(0.00951319674402475,0.0075,-0.046098405499532));
#17931=CARTESIAN_POINT('',(0.00951319674402475,0.0085,-0.046098405499532));
#17932=CARTESIAN_POINT('',(0.00951319674402475,0.0075,-0.045364030499532));
#17933=CARTESIAN_POINT('',(0.00951319674402475,0.0085,-0.045364030499532));
#17934=CARTESIAN_POINT('',(0.00930404960860808,0.0075,-0.044801530499532));
#17935=CARTESIAN_POINT('',(0.00930404960860808,0.0085,-0.044801530499532));
#17936=CARTESIAN_POINT('',(0.00888575533777475,0.0075,-0.044410905499532));
#17937=CARTESIAN_POINT('',(0.00888575533777475,0.0085,-0.044410905499532));
#17938=CARTESIAN_POINT('',(0.00951319674402475,0.0075,-0.046098405499532));
#17939=CARTESIAN_POINT('',(0.00951319674402475,0.0075,-0.046098405499532));
#17940=CARTESIAN_POINT('',(0.00951319674402475,0.0075,-0.046098405499532));
#17941=CARTESIAN_POINT('',(0.00951319674402475,0.0075,-0.044996842999532));
#17942=CARTESIAN_POINT('',(0.00888575533777475,0.0075,-0.044410905499532));
#17943=CARTESIAN_POINT('',(0.00888575533777475,0.0075,-0.044410905499532));
#17944=CARTESIAN_POINT('',(0.00888575533777475,0.0075,-0.044410905499532));
#17945=CARTESIAN_POINT('',(0.00890870455652475,0.0075,-0.047710221905782));
#17946=CARTESIAN_POINT('',(0.00890870455652475,0.0085,-0.047710221905782));
#17947=CARTESIAN_POINT('',(0.00931169934819142,0.0075,-0.0473257818016153));
#17948=CARTESIAN_POINT('',(0.00931169934819142,0.0085,-0.0473257818016153));
#17949=CARTESIAN_POINT('',(0.00951319674402475,0.0075,-0.0467885096661987));
#17950=CARTESIAN_POINT('',(0.00951319674402475,0.0085,-0.0467885096661987));
#17951=CARTESIAN_POINT('',(0.00951319674402475,0.0075,-0.046098405499532));
#17952=CARTESIAN_POINT('',(0.00951319674402475,0.0085,-0.046098405499532));
#17953=CARTESIAN_POINT('',(0.00890870455652475,0.0075,-0.047710221905782));
#17954=CARTESIAN_POINT('',(0.00890870455652475,0.0075,-0.047710221905782));
#17955=CARTESIAN_POINT('',(0.00890870455652475,0.0075,-0.047710221905782));
#17956=CARTESIAN_POINT('',(0.00951319674402475,0.0075,-0.047133561749532));
#17957=CARTESIAN_POINT('',(0.00951319674402475,0.0075,-0.046098405499532));
#17958=CARTESIAN_POINT('',(0.00721143893152475,0.0075,-0.048286882062032));
#17959=CARTESIAN_POINT('',(0.00721143893152475,0.0085,-0.048286882062032));
#17960=CARTESIAN_POINT('',(0.00793995455652475,0.0075,-0.048286882062032));
#17961=CARTESIAN_POINT('',(0.00793995455652475,0.0085,-0.048286882062032));
#17962=CARTESIAN_POINT('',(0.00850570976485808,0.0075,-0.0480946620099487));
#17963=CARTESIAN_POINT('',(0.00850570976485808,0.0085,-0.0480946620099487));
#17964=CARTESIAN_POINT('',(0.00890870455652475,0.0075,-0.047710221905782));
#17965=CARTESIAN_POINT('',(0.00890870455652475,0.0085,-0.047710221905782));
#17966=CARTESIAN_POINT('',(0.00721143893152475,0.0075,-0.048286882062032));
#17967=CARTESIAN_POINT('',(0.00721143893152475,0.0075,-0.048286882062032));
#17968=CARTESIAN_POINT('',(0.00721143893152475,0.0075,-0.048286882062032));
#17969=CARTESIAN_POINT('',(0.00830421236902475,0.0075,-0.048286882062032));
#17970=CARTESIAN_POINT('',(0.00890870455652475,0.0075,-0.047710221905782));
#17971=CARTESIAN_POINT('',(0.00651124361902475,0.0075,-0.048286882062032));
#17972=CARTESIAN_POINT('',(0.00581104830652475,0.0075,-0.048286882062032));
#17973=CARTESIAN_POINT('',(0.00581104830652475,0.0075,-0.048286882062032));
#17974=CARTESIAN_POINT('',(0.00651124361902475,0.0075,-0.048286882062032));
#17975=CARTESIAN_POINT('',(0.00581104830652475,0.0075,-0.046055925030782));
#17976=CARTESIAN_POINT('',(0.00581104830652475,0.0075,-0.043824967999532));
#17977=CARTESIAN_POINT('',(0.00581104830652475,0.0075,-0.043824967999532));
#17978=CARTESIAN_POINT('',(0.00581104830652475,0.0075,-0.046055925030782));
#17979=CARTESIAN_POINT('',(0.00644288424402475,0.0075,-0.043824967999532));
#17980=CARTESIAN_POINT('',(0.00707472018152475,0.0075,-0.043824967999532));
#17981=CARTESIAN_POINT('',(0.00707472018152475,0.0075,-0.043824967999532));
#17982=CARTESIAN_POINT('',(0.00644288424402475,0.0075,-0.043824967999532));
#17983=CARTESIAN_POINT('',(0.00888575533777475,0.0075,-0.044410905499532));
#17984=CARTESIAN_POINT('',(0.00888575533777475,0.0085,-0.044410905499532));
#17985=CARTESIAN_POINT('',(0.00846746106694142,0.0075,-0.044020280499532));
#17986=CARTESIAN_POINT('',(0.00846746106694142,0.0085,-0.044020280499532));
#17987=CARTESIAN_POINT('',(0.00786378268152475,0.0075,-0.043824967999532));
#17988=CARTESIAN_POINT('',(0.00786378268152475,0.0085,-0.043824967999532));
#17989=CARTESIAN_POINT('',(0.00707472018152475,0.0075,-0.043824967999532));
#17990=CARTESIAN_POINT('',(0.00707472018152475,0.0085,-0.043824967999532));
#17991=CARTESIAN_POINT('',(0.00888575533777475,0.0075,-0.044410905499532));
#17992=CARTESIAN_POINT('',(0.00825831393152475,0.0075,-0.043824967999532));
#17993=CARTESIAN_POINT('',(0.00707472018152475,0.0075,-0.043824967999532));
#17994=CARTESIAN_POINT('',(0.00700880221277475,0.0075,-0.047511491437032));
#17995=CARTESIAN_POINT('',(0.00700880221277475,0.0085,-0.047511491437032));
#17996=CARTESIAN_POINT('',(0.00700880221277475,0.0075,-0.047511491437032));
#17997=CARTESIAN_POINT('',(0.0639,0.0075,-0.04275));
#17998=CARTESIAN_POINT('',(0.431958960829363,0.0075,-0.207558946691287));
#17999=CARTESIAN_POINT('',(0.431958960829363,0.0085,-0.207558946691287));
#18000=CARTESIAN_POINT('',(0.00799268893152475,0.0085,-0.0754442431926727));
#18001=CARTESIAN_POINT('',(0.00748776235084085,0.0085,-0.0770770423235705));
#18002=CARTESIAN_POINT('',(0.00799285537253955,0.0075,-0.0754442431926727));
#18003=CARTESIAN_POINT('',(0.00799268893152475,0.0075,-0.0754442431926727));
#18004=CARTESIAN_POINT('',(0.431958960829363,0.0075,-0.207558946691287));
#18005=CARTESIAN_POINT('',(0.00748776234083451,0.00750000025,-0.07707704235607));
#18006=CARTESIAN_POINT('',(0.00748780611902475,0.0075,-0.0770770556926727));
#18007=CARTESIAN_POINT('',(0.00741163424402475,0.0075,-0.0754442431926727));
#18008=CARTESIAN_POINT('',(0.00741163424402475,0.0085,-0.0754442431926727));
#18009=CARTESIAN_POINT('',(0.00683057955652475,0.0085,-0.0754442431926727));
#18010=CARTESIAN_POINT('',(0.00683057955652475,0.0075,-0.0754442431926727));
#18011=CARTESIAN_POINT('',(0.00683057955652475,0.0075,-0.0754442431926727));
#18012=CARTESIAN_POINT('',(0.00741163424402475,0.0075,-0.0754442431926727));
#18013=CARTESIAN_POINT('',(0.00740675143152475,0.0075,-0.0773758838176727));
#18014=CARTESIAN_POINT('',(0.00740675143152475,0.0085,-0.0773758838176727));
#18015=CARTESIAN_POINT('',(0.00733969413985808,0.0075,-0.077115467151006));
#18016=CARTESIAN_POINT('',(0.00733969413985808,0.0085,-0.077115467151006));
#18017=CARTESIAN_POINT('',(0.00714763684819142,0.0075,-0.0764715869426727));
#18018=CARTESIAN_POINT('',(0.00714763684819142,0.0085,-0.0764715869426727));
#18019=CARTESIAN_POINT('',(0.00683057955652475,0.0075,-0.0754442431926727));
#18020=CARTESIAN_POINT('',(0.00683057955652475,0.0085,-0.0754442431926727));
#18021=CARTESIAN_POINT('',(0.00740675143152475,0.0085,-0.0773758838176727));
#18022=CARTESIAN_POINT('',(0.00730616549402475,0.0085,-0.0769852588176727));
#18023=CARTESIAN_POINT('',(0.00683057955652475,0.0085,-0.0754442431926727));
#18024=CARTESIAN_POINT('',(0.00740675143152475,0.0085,-0.0773758838176727));
#18025=CARTESIAN_POINT('',(0.00740675143152475,0.0075,-0.0773758838176727));
#18026=CARTESIAN_POINT('',(0.00740675143152475,0.0075,-0.0773758838176727));
#18027=CARTESIAN_POINT('',(0.00740675143152475,0.0075,-0.0773758838176727));
#18028=CARTESIAN_POINT('',(0.00730616549402475,0.0075,-0.0769852588176727));
#18029=CARTESIAN_POINT('',(0.00683057955652475,0.0075,-0.0754442431926727));
#18030=CARTESIAN_POINT('',(0.00838087252527475,0.0075,-0.0741200244426727));
#18031=CARTESIAN_POINT('',(0.00854249361902475,0.0075,-0.0735887744426727));
#18032=CARTESIAN_POINT('',(0.00854249361902475,0.0075,-0.0735887744426727));
#18033=CARTESIAN_POINT('',(0.00838087252527475,0.0075,-0.0741200244426727));
#18034=CARTESIAN_POINT('',(0.00821925143152475,0.0075,-0.0746512744426727));
#18035=CARTESIAN_POINT('',(0.00821925143152475,0.0075,-0.0746512744426727));
#18036=CARTESIAN_POINT('',(0.00905225924402475,0.0075,-0.0735887744426727));
#18037=CARTESIAN_POINT('',(0.00956202486902475,0.0075,-0.0735887744426727));
#18038=CARTESIAN_POINT('',(0.00956202486902475,0.0075,-0.0735887744426727));
#18039=CARTESIAN_POINT('',(0.00905225924402475,0.0075,-0.0735887744426727));
#18040=CARTESIAN_POINT('',(0.00877149752527475,0.0075,-0.0758290088176727));
#18041=CARTESIAN_POINT('',(0.00798097018152475,0.0075,-0.0780692431926727));
#18042=CARTESIAN_POINT('',(0.00798097018152475,0.0075,-0.0780692431926727));
#18043=CARTESIAN_POINT('',(0.00877149752527475,0.0075,-0.0758290088176727));
#18044=CARTESIAN_POINT('',(0.00740284518152475,0.0075,-0.0780692431926727));
#18045=CARTESIAN_POINT('',(0.00682472018152475,0.0075,-0.0780692431926727));
#18046=CARTESIAN_POINT('',(0.00682472018152475,0.0075,-0.0780692431926727));
#18047=CARTESIAN_POINT('',(0.00740284518152475,0.0075,-0.0780692431926727));
#18048=CARTESIAN_POINT('',(0.00603712252527475,0.0075,-0.0758290088176727));
#18049=CARTESIAN_POINT('',(0.00524952486902475,0.0075,-0.0735887744426727));
#18050=CARTESIAN_POINT('',(0.00524952486902475,0.0075,-0.0735887744426727));
#18051=CARTESIAN_POINT('',(0.00603712252527475,0.0075,-0.0758290088176727));
#18052=CARTESIAN_POINT('',(0.00575929049402475,0.0075,-0.0735887744426727));
#18053=CARTESIAN_POINT('',(0.00626905611902475,0.0075,-0.0735887744426727));
#18054=CARTESIAN_POINT('',(0.00626905611902475,0.0075,-0.0735887744426727));
#18055=CARTESIAN_POINT('',(0.00575929049402475,0.0075,-0.0735887744426727));
#18056=CARTESIAN_POINT('',(0.00643067721277475,0.0075,-0.0741200244426727));
#18057=CARTESIAN_POINT('',(0.00659229830652475,0.0075,-0.0746512744426727));
#18058=CARTESIAN_POINT('',(0.00659229830652475,0.0075,-0.0746512744426727));
#18059=CARTESIAN_POINT('',(0.00643067721277475,0.0075,-0.0741200244426727));
#18060=CARTESIAN_POINT('',(0.00740577486902475,0.0075,-0.0746512744426727));
#18061=CARTESIAN_POINT('',(0.00740577486902475,0.0075,-0.0746512744426727));
#18062=CARTESIAN_POINT('',(0.0120718979139443,0.0075,-0.0784884584898286));
#18063=CARTESIAN_POINT('',(0.0120718979139443,0.0085,-0.0784884584898286));
#18064=CARTESIAN_POINT('',(0.0120718979139443,0.0075,-0.0784884584898286));
#18065=CARTESIAN_POINT('',(0.0639,0.0075,-0.04275));
#18066=CARTESIAN_POINT('',(0.0639,0.0085,-0.04275));
#18067=CARTESIAN_POINT('',(0.0639,0.0085,-0.04275));
#18068=CARTESIAN_POINT('',(0.0639,0.0085,-0.04275));
#18069=MECHANICAL_DESIGN_GEOMETRIC_PRESENTATION_REPRESENTATION('',(#10378),
#18070);
#18070=(
GEOMETRIC_REPRESENTATION_CONTEXT(3)
GLOBAL_UNCERTAINTY_ASSIGNED_CONTEXT((#18071))
GLOBAL_UNIT_ASSIGNED_CONTEXT((#18074,#18073,#18072))
REPRESENTATION_CONTEXT('Part 1','TOP_LEVEL_ASSEMBLY_PART')
);
#18071=UNCERTAINTY_MEASURE_WITH_UNIT(LENGTH_MEASURE(2.E-5),#18074,
'DISTANCE_ACCURACY_VALUE','Maximum Tolerance applied to model');
#18072=(
NAMED_UNIT(*)
SI_UNIT($,.STERADIAN.)
SOLID_ANGLE_UNIT()
);
#18073=(
NAMED_UNIT(*)
PLANE_ANGLE_UNIT()
SI_UNIT($,.RADIAN.)
);
#18074=(
LENGTH_UNIT()
NAMED_UNIT(*)
SI_UNIT($,.METRE.)
);
#18075=PRODUCT_DEFINITION_SHAPE('','',#18076);
#18076=PRODUCT_DEFINITION('','',#18078,#18077);
#18077=PRODUCT_DEFINITION_CONTEXT('',#18084,'design');
#18078=PRODUCT_DEFINITION_FORMATION_WITH_SPECIFIED_SOURCE('','',#18080,
 .NOT_KNOWN.);
#18079=PRODUCT_RELATED_PRODUCT_CATEGORY('','',(#18080));
#18080=PRODUCT('Part 1','Part 1','Part 1',(#18082));
#18081=PRODUCT_CATEGORY('','');
#18082=PRODUCT_CONTEXT('',#18084,'mechanical');
#18083=APPLICATION_PROTOCOL_DEFINITION('international standard',
'ap242_managed_model_based_3d_engineering',2020,#18084);
#18084=APPLICATION_CONTEXT('managed model based 3d engineering');
ENDSEC;
END-ISO-10303-21;
