ISO-10303-21;
HEADER;
/* Generated by software containing ST-Developer
 * from STEP Tools, Inc. (www.steptools.com) 
 */
/* OPTION: using custom renumber hook */

FILE_DESCRIPTION(
/* description */ ('STEP AP242 Edition 2',
'CAx-IF Rec.Pracs.---Representation and Presentation of Product Manufa
cturing Information (PMI)---4.0---2014-10-13',
'CAx-IF Rec.Pracs.---3D Tessellated Geometry---0.4---2014-09-14','2;1',
'CAx-IF Rec.Pracs.---User Defined Attributes---1.5---2016-08-15'),
/* implementation_level */ '2;1');

FILE_NAME(
/* name */ '3018 Mount_REV. 0',
/* time_stamp */ '2026-07-28T14:04:00Z',
/* author */ (''),
/* organization */ (''),
/* preprocessor_version */ 'ST-DEVELOPER v20',
/* originating_system */ 'ONSHAPE BY PTC INC, 1.218',
/* authorisation */ '  ');

FILE_SCHEMA (('AP242_MANAGED_MODEL_BASED_3D_ENGINEERING_MIM_LF { 1 0 10303 442 3 1 4 }'));
ENDSEC;

DATA;
#10=SHAPE_REPRESENTATION_RELATIONSHIP('','',#1514,#11);
#11=ADVANCED_BREP_SHAPE_REPRESENTATION('',(#1512),#2571);
#12=CONICAL_SURFACE('',#1614,0.004,0.78539816339743);
#13=CONICAL_SURFACE('',#1616,0.004,0.785398163397448);
#14=CONICAL_SURFACE('',#1645,0.008,0.785398163397448);
#15=CONICAL_SURFACE('',#1647,0.008,0.785398163397448);
#16=CONICAL_SURFACE('',#1649,0.008,0.785398163397448);
#17=CONICAL_SURFACE('',#1652,0.008,0.785398163397448);
#18=CONICAL_SURFACE('',#1654,0.008,0.785398163397448);
#19=CONICAL_SURFACE('',#1656,0.008,0.785398163397448);
#20=CONICAL_SURFACE('',#1658,0.008,0.785398163397448);
#21=CONICAL_SURFACE('',#1659,0.008,0.785398163397448);
#22=CONICAL_SURFACE('',#1662,0.008,0.785398163397448);
#23=CONICAL_SURFACE('',#1663,0.008,0.785398163397448);
#24=CONICAL_SURFACE('',#1666,0.008,0.785398163397448);
#25=CONICAL_SURFACE('',#1667,0.008,0.785398163397448);
#26=B_SPLINE_CURVE_WITH_KNOTS('',3,(#2428,#2429,#2430,#2431),
 .UNSPECIFIED.,.F.,.F.,(4,4),(0.,0.00144256873379929),.UNSPECIFIED.);
#27=B_SPLINE_CURVE_WITH_KNOTS('',3,(#2437,#2438,#2439,#2440),
 .UNSPECIFIED.,.F.,.F.,(4,4),(0.,0.00144256873379929),.UNSPECIFIED.);
#28=B_SPLINE_CURVE_WITH_KNOTS('',3,(#2489,#2490,#2491,#2492),
 .UNSPECIFIED.,.F.,.F.,(4,4),(0.,0.00204080745263787),.UNSPECIFIED.);
#29=B_SPLINE_CURVE_WITH_KNOTS('',3,(#2500,#2501,#2502,#2503),
 .UNSPECIFIED.,.F.,.F.,(4,4),(0.,0.00204080745263787),.UNSPECIFIED.);
#30=ELLIPSE('',#1563,0.0313248304120423,0.02215);
#31=ELLIPSE('',#1564,0.0313248304153463,0.02215);
#32=ELLIPSE('',#1613,0.0014142135623731,0.001);
#33=ELLIPSE('',#1618,0.00141421356237309,0.001);
#34=ELLIPSE('',#1621,0.0014142135623731,0.001);
#35=ELLIPSE('',#1623,0.00141421356237309,0.001);
#36=CYLINDRICAL_SURFACE('',#1549,0.02215);
#37=CYLINDRICAL_SURFACE('',#1561,0.02215);
#38=CYLINDRICAL_SURFACE('',#1567,0.02215);
#39=CYLINDRICAL_SURFACE('',#1571,0.02215);
#40=CYLINDRICAL_SURFACE('',#1575,0.02215);
#41=CYLINDRICAL_SURFACE('',#1597,0.0175);
#42=CYLINDRICAL_SURFACE('',#1601,0.0175);
#43=CYLINDRICAL_SURFACE('',#1602,0.003);
#44=CYLINDRICAL_SURFACE('',#1604,0.003);
#45=CYLINDRICAL_SURFACE('',#1606,0.003);
#46=CYLINDRICAL_SURFACE('',#1607,0.003);
#47=CYLINDRICAL_SURFACE('',#1608,0.003);
#48=CYLINDRICAL_SURFACE('',#1609,0.003);
#49=CYLINDRICAL_SURFACE('',#1610,0.003);
#50=CYLINDRICAL_SURFACE('',#1611,0.003);
#51=CYLINDRICAL_SURFACE('',#1625,0.001);
#52=CYLINDRICAL_SURFACE('',#1626,0.001);
#53=CYLINDRICAL_SURFACE('',#1627,0.01);
#54=CYLINDRICAL_SURFACE('',#1630,0.01);
#55=CYLINDRICAL_SURFACE('',#1633,0.01);
#56=CYLINDRICAL_SURFACE('',#1636,0.01);
#57=CYLINDRICAL_SURFACE('',#1639,0.01);
#58=CYLINDRICAL_SURFACE('',#1642,0.01);
#59=LINE('',#2128,#203);
#60=LINE('',#2132,#204);
#61=LINE('',#2140,#205);
#62=LINE('',#2144,#206);
#63=LINE('',#2148,#207);
#64=LINE('',#2154,#208);
#65=LINE('',#2156,#209);
#66=LINE('',#2160,#210);
#67=LINE('',#2162,#211);
#68=LINE('',#2166,#212);
#69=LINE('',#2168,#213);
#70=LINE('',#2172,#214);
#71=LINE('',#2174,#215);
#72=LINE('',#2175,#216);
#73=LINE('',#2180,#217);
#74=LINE('',#2191,#218);
#75=LINE('',#2195,#219);
#76=LINE('',#2199,#220);
#77=LINE('',#2203,#221);
#78=LINE('',#2207,#222);
#79=LINE('',#2211,#223);
#80=LINE('',#2217,#224);
#81=LINE('',#2221,#225);
#82=LINE('',#2229,#226);
#83=LINE('',#2233,#227);
#84=LINE('',#2240,#228);
#85=LINE('',#2241,#229);
#86=LINE('',#2243,#230);
#87=LINE('',#2246,#231);
#88=LINE('',#2248,#232);
#89=LINE('',#2250,#233);
#90=LINE('',#2252,#234);
#91=LINE('',#2257,#235);
#92=LINE('',#2259,#236);
#93=LINE('',#2262,#237);
#94=LINE('',#2264,#238);
#95=LINE('',#2268,#239);
#96=LINE('',#2270,#240);
#97=LINE('',#2274,#241);
#98=LINE('',#2278,#242);
#99=LINE('',#2282,#243);
#100=LINE('',#2283,#244);
#101=LINE('',#2285,#245);
#102=LINE('',#2293,#246);
#103=LINE('',#2295,#247);
#104=LINE('',#2297,#248);
#105=LINE('',#2299,#249);
#106=LINE('',#2301,#250);
#107=LINE('',#2305,#251);
#108=LINE('',#2307,#252);
#109=LINE('',#2309,#253);
#110=LINE('',#2311,#254);
#111=LINE('',#2313,#255);
#112=LINE('',#2315,#256);
#113=LINE('',#2319,#257);
#114=LINE('',#2321,#258);
#115=LINE('',#2324,#259);
#116=LINE('',#2327,#260);
#117=LINE('',#2328,#261);
#118=LINE('',#2330,#262);
#119=LINE('',#2332,#263);
#120=LINE('',#2334,#264);
#121=LINE('',#2337,#265);
#122=LINE('',#2339,#266);
#123=LINE('',#2341,#267);
#124=LINE('',#2343,#268);
#125=LINE('',#2346,#269);
#126=LINE('',#2348,#270);
#127=LINE('',#2350,#271);
#128=LINE('',#2352,#272);
#129=LINE('',#2355,#273);
#130=LINE('',#2357,#274);
#131=LINE('',#2359,#275);
#132=LINE('',#2361,#276);
#133=LINE('',#2364,#277);
#134=LINE('',#2366,#278);
#135=LINE('',#2368,#279);
#136=LINE('',#2373,#280);
#137=LINE('',#2376,#281);
#138=LINE('',#2378,#282);
#139=LINE('',#2382,#283);
#140=LINE('',#2386,#284);
#141=LINE('',#2388,#285);
#142=LINE('',#2394,#286);
#143=LINE('',#2396,#287);
#144=LINE('',#2400,#288);
#145=LINE('',#2404,#289);
#146=LINE('',#2406,#290);
#147=LINE('',#2409,#291);
#148=LINE('',#2411,#292);
#149=LINE('',#2413,#293);
#150=LINE('',#2414,#294);
#151=LINE('',#2416,#295);
#152=LINE('',#2419,#296);
#153=LINE('',#2421,#297);
#154=LINE('',#2423,#298);
#155=LINE('',#2424,#299);
#156=LINE('',#2426,#300);
#157=LINE('',#2433,#301);
#158=LINE('',#2435,#302);
#159=LINE('',#2442,#303);
#160=LINE('',#2444,#304);
#161=LINE('',#2446,#305);
#162=LINE('',#2448,#306);
#163=LINE('',#2450,#307);
#164=LINE('',#2451,#308);
#165=LINE('',#2453,#309);
#166=LINE('',#2454,#310);
#167=LINE('',#2456,#311);
#168=LINE('',#2457,#312);
#169=LINE('',#2459,#313);
#170=LINE('',#2460,#314);
#171=LINE('',#2462,#315);
#172=LINE('',#2463,#316);
#173=LINE('',#2465,#317);
#174=LINE('',#2466,#318);
#175=LINE('',#2479,#319);
#176=LINE('',#2481,#320);
#177=LINE('',#2483,#321);
#178=LINE('',#2485,#322);
#179=LINE('',#2493,#323);
#180=LINE('',#2498,#324);
#181=LINE('',#2525,#325);
#182=LINE('',#2527,#326);
#183=LINE('',#2529,#327);
#184=LINE('',#2531,#328);
#185=LINE('',#2533,#329);
#186=LINE('',#2536,#330);
#187=LINE('',#2538,#331);
#188=LINE('',#2540,#332);
#189=LINE('',#2542,#333);
#190=LINE('',#2544,#334);
#191=LINE('',#2547,#335);
#192=LINE('',#2548,#336);
#193=LINE('',#2550,#337);
#194=LINE('',#2552,#338);
#195=LINE('',#2554,#339);
#196=LINE('',#2556,#340);
#197=LINE('',#2558,#341);
#198=LINE('',#2560,#342);
#199=LINE('',#2562,#343);
#200=LINE('',#2564,#344);
#201=LINE('',#2566,#345);
#202=LINE('',#2568,#346);
#203=VECTOR('',#1677,1.);
#204=VECTOR('',#1680,1.);
#205=VECTOR('',#1687,1.);
#206=VECTOR('',#1690,1.);
#207=VECTOR('',#1693,1.);
#208=VECTOR('',#1698,1.);
#209=VECTOR('',#1699,1.);
#210=VECTOR('',#1702,1.);
#211=VECTOR('',#1703,1.);
#212=VECTOR('',#1706,1.);
#213=VECTOR('',#1707,1.);
#214=VECTOR('',#1710,1.);
#215=VECTOR('',#1711,1.);
#216=VECTOR('',#1712,1.);
#217=VECTOR('',#1715,1.);
#218=VECTOR('',#1726,1.);
#219=VECTOR('',#1729,1.);
#220=VECTOR('',#1732,1.);
#221=VECTOR('',#1735,1.);
#222=VECTOR('',#1738,1.);
#223=VECTOR('',#1741,1.);
#224=VECTOR('',#1746,1.);
#225=VECTOR('',#1749,1.);
#226=VECTOR('',#1756,1.);
#227=VECTOR('',#1759,1.);
#228=VECTOR('',#1766,1.);
#229=VECTOR('',#1767,1.);
#230=VECTOR('',#1770,1.);
#231=VECTOR('',#1771,1.);
#232=VECTOR('',#1772,1.);
#233=VECTOR('',#1773,1.);
#234=VECTOR('',#1776,1.);
#235=VECTOR('',#1779,1.);
#236=VECTOR('',#1780,1.);
#237=VECTOR('',#1783,1.);
#238=VECTOR('',#1784,1.);
#239=VECTOR('',#1787,1.);
#240=VECTOR('',#1788,1.);
#241=VECTOR('',#1791,1.);
#242=VECTOR('',#1794,1.);
#243=VECTOR('',#1799,1.);
#244=VECTOR('',#1800,1.);
#245=VECTOR('',#1803,1.);
#246=VECTOR('',#1812,1.);
#247=VECTOR('',#1815,1.);
#248=VECTOR('',#1816,1.);
#249=VECTOR('',#1819,1.);
#250=VECTOR('',#1820,1.);
#251=VECTOR('',#1825,1.);
#252=VECTOR('',#1828,1.);
#253=VECTOR('',#1829,1.);
#254=VECTOR('',#1832,1.);
#255=VECTOR('',#1833,1.);
#256=VECTOR('',#1836,1.);
#257=VECTOR('',#1841,1.);
#258=VECTOR('',#1844,1.);
#259=VECTOR('',#1849,1.);
#260=VECTOR('',#1850,1.);
#261=VECTOR('',#1851,1.);
#262=VECTOR('',#1852,1.);
#263=VECTOR('',#1853,1.);
#264=VECTOR('',#1856,1.);
#265=VECTOR('',#1857,1.);
#266=VECTOR('',#1858,1.);
#267=VECTOR('',#1859,1.);
#268=VECTOR('',#1862,1.);
#269=VECTOR('',#1863,1.);
#270=VECTOR('',#1864,1.);
#271=VECTOR('',#1865,1.);
#272=VECTOR('',#1868,1.);
#273=VECTOR('',#1869,1.);
#274=VECTOR('',#1870,1.);
#275=VECTOR('',#1871,1.);
#276=VECTOR('',#1874,1.);
#277=VECTOR('',#1875,1.);
#278=VECTOR('',#1876,1.);
#279=VECTOR('',#1877,1.);
#280=VECTOR('',#1882,1.);
#281=VECTOR('',#1885,1.);
#282=VECTOR('',#1886,1.);
#283=VECTOR('',#1889,1.);
#284=VECTOR('',#1892,1.);
#285=VECTOR('',#1895,1.);
#286=VECTOR('',#1900,1.);
#287=VECTOR('',#1901,1.);
#288=VECTOR('',#1904,1.);
#289=VECTOR('',#1907,1.);
#290=VECTOR('',#1910,1.);
#291=VECTOR('',#1911,1.);
#292=VECTOR('',#1912,1.);
#293=VECTOR('',#1913,1.);
#294=VECTOR('',#1914,1.);
#295=VECTOR('',#1917,1.);
#296=VECTOR('',#1918,1.);
#297=VECTOR('',#1919,1.);
#298=VECTOR('',#1920,1.);
#299=VECTOR('',#1921,1.);
#300=VECTOR('',#1924,1.);
#301=VECTOR('',#1925,1.);
#302=VECTOR('',#1928,1.);
#303=VECTOR('',#1929,1.);
#304=VECTOR('',#1932,1.);
#305=VECTOR('',#1933,1.);
#306=VECTOR('',#1934,1.);
#307=VECTOR('',#1937,1.);
#308=VECTOR('',#1938,1.);
#309=VECTOR('',#1941,1.);
#310=VECTOR('',#1942,1.);
#311=VECTOR('',#1945,1.);
#312=VECTOR('',#1946,1.);
#313=VECTOR('',#1949,1.);
#314=VECTOR('',#1950,1.);
#315=VECTOR('',#1953,1.);
#316=VECTOR('',#1954,1.);
#317=VECTOR('',#1957,1.);
#318=VECTOR('',#1958,1.);
#319=VECTOR('',#1983,1.);
#320=VECTOR('',#1986,1.);
#321=VECTOR('',#1989,1.);
#322=VECTOR('',#1992,1.);
#323=VECTOR('',#1999,1.);
#324=VECTOR('',#2008,1.);
#325=VECTOR('',#2053,1.);
#326=VECTOR('',#2056,1.);
#327=VECTOR('',#2059,1.);
#328=VECTOR('',#2062,1.);
#329=VECTOR('',#2065,1.);
#330=VECTOR('',#2070,1.);
#331=VECTOR('',#2073,1.);
#332=VECTOR('',#2076,1.);
#333=VECTOR('',#2079,1.);
#334=VECTOR('',#2082,1.);
#335=VECTOR('',#2087,1.);
#336=VECTOR('',#2088,1.);
#337=VECTOR('',#2091,1.);
#338=VECTOR('',#2094,1.);
#339=VECTOR('',#2097,1.);
#340=VECTOR('',#2100,1.);
#341=VECTOR('',#2103,1.);
#342=VECTOR('',#2106,1.);
#343=VECTOR('',#2109,1.);
#344=VECTOR('',#2112,1.);
#345=VECTOR('',#2115,1.);
#346=VECTOR('',#2118,1.);
#347=ORIENTED_EDGE('',*,*,#781,.F.);
#348=ORIENTED_EDGE('',*,*,#782,.T.);
#349=ORIENTED_EDGE('',*,*,#783,.T.);
#350=ORIENTED_EDGE('',*,*,#784,.T.);
#351=ORIENTED_EDGE('',*,*,#785,.T.);
#352=ORIENTED_EDGE('',*,*,#786,.T.);
#353=ORIENTED_EDGE('',*,*,#787,.F.);
#354=ORIENTED_EDGE('',*,*,#788,.T.);
#355=ORIENTED_EDGE('',*,*,#789,.T.);
#356=ORIENTED_EDGE('',*,*,#790,.T.);
#357=ORIENTED_EDGE('',*,*,#791,.T.);
#358=ORIENTED_EDGE('',*,*,#792,.T.);
#359=ORIENTED_EDGE('',*,*,#793,.T.);
#360=ORIENTED_EDGE('',*,*,#794,.T.);
#361=ORIENTED_EDGE('',*,*,#795,.F.);
#362=ORIENTED_EDGE('',*,*,#796,.F.);
#363=ORIENTED_EDGE('',*,*,#797,.T.);
#364=ORIENTED_EDGE('',*,*,#798,.F.);
#365=ORIENTED_EDGE('',*,*,#799,.F.);
#366=ORIENTED_EDGE('',*,*,#800,.T.);
#367=ORIENTED_EDGE('',*,*,#801,.F.);
#368=ORIENTED_EDGE('',*,*,#802,.F.);
#369=ORIENTED_EDGE('',*,*,#803,.T.);
#370=ORIENTED_EDGE('',*,*,#804,.F.);
#371=ORIENTED_EDGE('',*,*,#805,.F.);
#372=ORIENTED_EDGE('',*,*,#806,.T.);
#373=ORIENTED_EDGE('',*,*,#807,.F.);
#374=ORIENTED_EDGE('',*,*,#808,.T.);
#375=ORIENTED_EDGE('',*,*,#809,.T.);
#376=ORIENTED_EDGE('',*,*,#810,.T.);
#377=ORIENTED_EDGE('',*,*,#811,.F.);
#378=ORIENTED_EDGE('',*,*,#812,.T.);
#379=ORIENTED_EDGE('',*,*,#813,.T.);
#380=ORIENTED_EDGE('',*,*,#814,.T.);
#381=ORIENTED_EDGE('',*,*,#815,.T.);
#382=ORIENTED_EDGE('',*,*,#816,.T.);
#383=ORIENTED_EDGE('',*,*,#817,.T.);
#384=ORIENTED_EDGE('',*,*,#818,.T.);
#385=ORIENTED_EDGE('',*,*,#819,.T.);
#386=ORIENTED_EDGE('',*,*,#820,.T.);
#387=ORIENTED_EDGE('',*,*,#821,.T.);
#388=ORIENTED_EDGE('',*,*,#822,.T.);
#389=ORIENTED_EDGE('',*,*,#823,.T.);
#390=ORIENTED_EDGE('',*,*,#824,.T.);
#391=ORIENTED_EDGE('',*,*,#825,.F.);
#392=ORIENTED_EDGE('',*,*,#826,.T.);
#393=ORIENTED_EDGE('',*,*,#827,.T.);
#394=ORIENTED_EDGE('',*,*,#828,.T.);
#395=ORIENTED_EDGE('',*,*,#829,.T.);
#396=ORIENTED_EDGE('',*,*,#830,.T.);
#397=ORIENTED_EDGE('',*,*,#831,.F.);
#398=ORIENTED_EDGE('',*,*,#832,.T.);
#399=ORIENTED_EDGE('',*,*,#833,.T.);
#400=ORIENTED_EDGE('',*,*,#834,.T.);
#401=ORIENTED_EDGE('',*,*,#835,.F.);
#402=ORIENTED_EDGE('',*,*,#836,.T.);
#403=ORIENTED_EDGE('',*,*,#837,.F.);
#404=ORIENTED_EDGE('',*,*,#838,.T.);
#405=ORIENTED_EDGE('',*,*,#787,.T.);
#406=ORIENTED_EDGE('',*,*,#839,.F.);
#407=ORIENTED_EDGE('',*,*,#840,.T.);
#408=ORIENTED_EDGE('',*,*,#841,.T.);
#409=ORIENTED_EDGE('',*,*,#842,.T.);
#410=ORIENTED_EDGE('',*,*,#843,.T.);
#411=ORIENTED_EDGE('',*,*,#844,.T.);
#412=ORIENTED_EDGE('',*,*,#845,.T.);
#413=ORIENTED_EDGE('',*,*,#846,.T.);
#414=ORIENTED_EDGE('',*,*,#847,.T.);
#415=ORIENTED_EDGE('',*,*,#848,.T.);
#416=ORIENTED_EDGE('',*,*,#837,.T.);
#417=ORIENTED_EDGE('',*,*,#849,.F.);
#418=ORIENTED_EDGE('',*,*,#850,.T.);
#419=ORIENTED_EDGE('',*,*,#851,.T.);
#420=ORIENTED_EDGE('',*,*,#852,.F.);
#421=ORIENTED_EDGE('',*,*,#853,.T.);
#422=ORIENTED_EDGE('',*,*,#854,.T.);
#423=ORIENTED_EDGE('',*,*,#855,.T.);
#424=ORIENTED_EDGE('',*,*,#856,.T.);
#425=ORIENTED_EDGE('',*,*,#857,.T.);
#426=ORIENTED_EDGE('',*,*,#858,.T.);
#427=ORIENTED_EDGE('',*,*,#859,.F.);
#428=ORIENTED_EDGE('',*,*,#852,.T.);
#429=ORIENTED_EDGE('',*,*,#860,.T.);
#430=ORIENTED_EDGE('',*,*,#803,.F.);
#431=ORIENTED_EDGE('',*,*,#853,.F.);
#432=ORIENTED_EDGE('',*,*,#859,.T.);
#433=ORIENTED_EDGE('',*,*,#802,.T.);
#434=ORIENTED_EDGE('',*,*,#861,.F.);
#435=ORIENTED_EDGE('',*,*,#862,.F.);
#436=ORIENTED_EDGE('',*,*,#863,.T.);
#437=ORIENTED_EDGE('',*,*,#864,.T.);
#438=ORIENTED_EDGE('',*,*,#854,.F.);
#439=ORIENTED_EDGE('',*,*,#861,.T.);
#440=ORIENTED_EDGE('',*,*,#801,.T.);
#441=ORIENTED_EDGE('',*,*,#865,.F.);
#442=ORIENTED_EDGE('',*,*,#866,.F.);
#443=ORIENTED_EDGE('',*,*,#867,.T.);
#444=ORIENTED_EDGE('',*,*,#865,.T.);
#445=ORIENTED_EDGE('',*,*,#800,.F.);
#446=ORIENTED_EDGE('',*,*,#868,.F.);
#447=ORIENTED_EDGE('',*,*,#866,.T.);
#448=ORIENTED_EDGE('',*,*,#799,.T.);
#449=ORIENTED_EDGE('',*,*,#869,.F.);
#450=ORIENTED_EDGE('',*,*,#870,.F.);
#451=ORIENTED_EDGE('',*,*,#869,.T.);
#452=ORIENTED_EDGE('',*,*,#798,.T.);
#453=ORIENTED_EDGE('',*,*,#871,.F.);
#454=ORIENTED_EDGE('',*,*,#872,.F.);
#455=ORIENTED_EDGE('',*,*,#873,.T.);
#456=ORIENTED_EDGE('',*,*,#871,.T.);
#457=ORIENTED_EDGE('',*,*,#797,.F.);
#458=ORIENTED_EDGE('',*,*,#874,.F.);
#459=ORIENTED_EDGE('',*,*,#872,.T.);
#460=ORIENTED_EDGE('',*,*,#796,.T.);
#461=ORIENTED_EDGE('',*,*,#875,.F.);
#462=ORIENTED_EDGE('',*,*,#795,.T.);
#463=ORIENTED_EDGE('',*,*,#876,.T.);
#464=ORIENTED_EDGE('',*,*,#877,.F.);
#465=ORIENTED_EDGE('',*,*,#875,.T.);
#466=ORIENTED_EDGE('',*,*,#878,.F.);
#467=ORIENTED_EDGE('',*,*,#849,.T.);
#468=ORIENTED_EDGE('',*,*,#839,.T.);
#469=ORIENTED_EDGE('',*,*,#806,.F.);
#470=ORIENTED_EDGE('',*,*,#850,.F.);
#471=ORIENTED_EDGE('',*,*,#878,.T.);
#472=ORIENTED_EDGE('',*,*,#805,.T.);
#473=ORIENTED_EDGE('',*,*,#879,.F.);
#474=ORIENTED_EDGE('',*,*,#851,.F.);
#475=ORIENTED_EDGE('',*,*,#879,.T.);
#476=ORIENTED_EDGE('',*,*,#804,.T.);
#477=ORIENTED_EDGE('',*,*,#860,.F.);
#478=ORIENTED_EDGE('',*,*,#880,.T.);
#479=ORIENTED_EDGE('',*,*,#881,.T.);
#480=ORIENTED_EDGE('',*,*,#882,.T.);
#481=ORIENTED_EDGE('',*,*,#883,.T.);
#482=ORIENTED_EDGE('',*,*,#884,.T.);
#483=ORIENTED_EDGE('',*,*,#885,.T.);
#484=ORIENTED_EDGE('',*,*,#886,.T.);
#485=ORIENTED_EDGE('',*,*,#887,.T.);
#486=ORIENTED_EDGE('',*,*,#888,.T.);
#487=ORIENTED_EDGE('',*,*,#889,.T.);
#488=ORIENTED_EDGE('',*,*,#890,.T.);
#489=ORIENTED_EDGE('',*,*,#891,.T.);
#490=ORIENTED_EDGE('',*,*,#892,.T.);
#491=ORIENTED_EDGE('',*,*,#893,.T.);
#492=ORIENTED_EDGE('',*,*,#894,.T.);
#493=ORIENTED_EDGE('',*,*,#895,.T.);
#494=ORIENTED_EDGE('',*,*,#896,.T.);
#495=ORIENTED_EDGE('',*,*,#897,.T.);
#496=ORIENTED_EDGE('',*,*,#898,.T.);
#497=ORIENTED_EDGE('',*,*,#899,.T.);
#498=ORIENTED_EDGE('',*,*,#900,.T.);
#499=ORIENTED_EDGE('',*,*,#901,.T.);
#500=ORIENTED_EDGE('',*,*,#902,.T.);
#501=ORIENTED_EDGE('',*,*,#862,.T.);
#502=ORIENTED_EDGE('',*,*,#867,.F.);
#503=ORIENTED_EDGE('',*,*,#868,.T.);
#504=ORIENTED_EDGE('',*,*,#870,.T.);
#505=ORIENTED_EDGE('',*,*,#873,.F.);
#506=ORIENTED_EDGE('',*,*,#874,.T.);
#507=ORIENTED_EDGE('',*,*,#877,.T.);
#508=ORIENTED_EDGE('',*,*,#903,.T.);
#509=ORIENTED_EDGE('',*,*,#904,.T.);
#510=ORIENTED_EDGE('',*,*,#905,.T.);
#511=ORIENTED_EDGE('',*,*,#906,.T.);
#512=ORIENTED_EDGE('',*,*,#907,.T.);
#513=ORIENTED_EDGE('',*,*,#908,.T.);
#514=ORIENTED_EDGE('',*,*,#909,.T.);
#515=ORIENTED_EDGE('',*,*,#910,.T.);
#516=ORIENTED_EDGE('',*,*,#911,.T.);
#517=ORIENTED_EDGE('',*,*,#843,.F.);
#518=ORIENTED_EDGE('',*,*,#912,.T.);
#519=ORIENTED_EDGE('',*,*,#913,.F.);
#520=ORIENTED_EDGE('',*,*,#914,.T.);
#521=ORIENTED_EDGE('',*,*,#915,.T.);
#522=ORIENTED_EDGE('',*,*,#916,.F.);
#523=ORIENTED_EDGE('',*,*,#917,.T.);
#524=ORIENTED_EDGE('',*,*,#918,.F.);
#525=ORIENTED_EDGE('',*,*,#919,.T.);
#526=ORIENTED_EDGE('',*,*,#920,.T.);
#527=ORIENTED_EDGE('',*,*,#921,.T.);
#528=ORIENTED_EDGE('',*,*,#922,.T.);
#529=ORIENTED_EDGE('',*,*,#914,.F.);
#530=ORIENTED_EDGE('',*,*,#923,.T.);
#531=ORIENTED_EDGE('',*,*,#924,.T.);
#532=ORIENTED_EDGE('',*,*,#925,.T.);
#533=ORIENTED_EDGE('',*,*,#926,.T.);
#534=ORIENTED_EDGE('',*,*,#927,.F.);
#535=ORIENTED_EDGE('',*,*,#918,.T.);
#536=ORIENTED_EDGE('',*,*,#928,.T.);
#537=ORIENTED_EDGE('',*,*,#929,.T.);
#538=ORIENTED_EDGE('',*,*,#930,.T.);
#539=ORIENTED_EDGE('',*,*,#931,.T.);
#540=ORIENTED_EDGE('',*,*,#923,.F.);
#541=ORIENTED_EDGE('',*,*,#913,.T.);
#542=ORIENTED_EDGE('',*,*,#932,.T.);
#543=ORIENTED_EDGE('',*,*,#933,.T.);
#544=ORIENTED_EDGE('',*,*,#934,.T.);
#545=ORIENTED_EDGE('',*,*,#910,.F.);
#546=ORIENTED_EDGE('',*,*,#927,.T.);
#547=ORIENTED_EDGE('',*,*,#935,.T.);
#548=ORIENTED_EDGE('',*,*,#936,.T.);
#549=ORIENTED_EDGE('',*,*,#937,.T.);
#550=ORIENTED_EDGE('',*,*,#916,.T.);
#551=ORIENTED_EDGE('',*,*,#829,.F.);
#552=ORIENTED_EDGE('',*,*,#938,.T.);
#553=ORIENTED_EDGE('',*,*,#783,.F.);
#554=ORIENTED_EDGE('',*,*,#939,.T.);
#555=ORIENTED_EDGE('',*,*,#781,.T.);
#556=ORIENTED_EDGE('',*,*,#940,.T.);
#557=ORIENTED_EDGE('',*,*,#825,.T.);
#558=ORIENTED_EDGE('',*,*,#941,.T.);
#559=ORIENTED_EDGE('',*,*,#785,.F.);
#560=ORIENTED_EDGE('',*,*,#942,.T.);
#561=ORIENTED_EDGE('',*,*,#827,.F.);
#562=ORIENTED_EDGE('',*,*,#943,.T.);
#563=ORIENTED_EDGE('',*,*,#809,.F.);
#564=ORIENTED_EDGE('',*,*,#944,.T.);
#565=ORIENTED_EDGE('',*,*,#833,.F.);
#566=ORIENTED_EDGE('',*,*,#945,.T.);
#567=ORIENTED_EDGE('',*,*,#835,.T.);
#568=ORIENTED_EDGE('',*,*,#946,.T.);
#569=ORIENTED_EDGE('',*,*,#807,.T.);
#570=ORIENTED_EDGE('',*,*,#947,.T.);
#571=ORIENTED_EDGE('',*,*,#831,.T.);
#572=ORIENTED_EDGE('',*,*,#948,.T.);
#573=ORIENTED_EDGE('',*,*,#811,.T.);
#574=ORIENTED_EDGE('',*,*,#949,.T.);
#575=ORIENTED_EDGE('',*,*,#937,.F.);
#576=ORIENTED_EDGE('',*,*,#950,.T.);
#577=ORIENTED_EDGE('',*,*,#928,.F.);
#578=ORIENTED_EDGE('',*,*,#917,.F.);
#579=ORIENTED_EDGE('',*,*,#922,.F.);
#580=ORIENTED_EDGE('',*,*,#951,.T.);
#581=ORIENTED_EDGE('',*,*,#935,.F.);
#582=ORIENTED_EDGE('',*,*,#915,.F.);
#583=ORIENTED_EDGE('',*,*,#828,.F.);
#584=ORIENTED_EDGE('',*,*,#942,.F.);
#585=ORIENTED_EDGE('',*,*,#784,.F.);
#586=ORIENTED_EDGE('',*,*,#938,.F.);
#587=ORIENTED_EDGE('',*,*,#826,.F.);
#588=ORIENTED_EDGE('',*,*,#940,.F.);
#589=ORIENTED_EDGE('',*,*,#786,.F.);
#590=ORIENTED_EDGE('',*,*,#943,.F.);
#591=ORIENTED_EDGE('',*,*,#834,.F.);
#592=ORIENTED_EDGE('',*,*,#944,.F.);
#593=ORIENTED_EDGE('',*,*,#808,.F.);
#594=ORIENTED_EDGE('',*,*,#946,.F.);
#595=ORIENTED_EDGE('',*,*,#836,.F.);
#596=ORIENTED_EDGE('',*,*,#947,.F.);
#597=ORIENTED_EDGE('',*,*,#812,.F.);
#598=ORIENTED_EDGE('',*,*,#948,.F.);
#599=ORIENTED_EDGE('',*,*,#830,.F.);
#600=ORIENTED_EDGE('',*,*,#939,.F.);
#601=ORIENTED_EDGE('',*,*,#782,.F.);
#602=ORIENTED_EDGE('',*,*,#941,.F.);
#603=ORIENTED_EDGE('',*,*,#832,.F.);
#604=ORIENTED_EDGE('',*,*,#949,.F.);
#605=ORIENTED_EDGE('',*,*,#810,.F.);
#606=ORIENTED_EDGE('',*,*,#945,.F.);
#607=ORIENTED_EDGE('',*,*,#789,.F.);
#608=ORIENTED_EDGE('',*,*,#952,.T.);
#609=ORIENTED_EDGE('',*,*,#924,.F.);
#610=ORIENTED_EDGE('',*,*,#953,.F.);
#611=ORIENTED_EDGE('',*,*,#953,.T.);
#612=ORIENTED_EDGE('',*,*,#950,.F.);
#613=ORIENTED_EDGE('',*,*,#954,.F.);
#614=ORIENTED_EDGE('',*,*,#790,.F.);
#615=ORIENTED_EDGE('',*,*,#954,.T.);
#616=ORIENTED_EDGE('',*,*,#936,.F.);
#617=ORIENTED_EDGE('',*,*,#955,.F.);
#618=ORIENTED_EDGE('',*,*,#791,.F.);
#619=ORIENTED_EDGE('',*,*,#955,.T.);
#620=ORIENTED_EDGE('',*,*,#951,.F.);
#621=ORIENTED_EDGE('',*,*,#956,.F.);
#622=ORIENTED_EDGE('',*,*,#792,.F.);
#623=ORIENTED_EDGE('',*,*,#921,.F.);
#624=ORIENTED_EDGE('',*,*,#957,.T.);
#625=ORIENTED_EDGE('',*,*,#793,.F.);
#626=ORIENTED_EDGE('',*,*,#956,.T.);
#627=ORIENTED_EDGE('',*,*,#846,.F.);
#628=ORIENTED_EDGE('',*,*,#958,.T.);
#629=ORIENTED_EDGE('',*,*,#932,.F.);
#630=ORIENTED_EDGE('',*,*,#959,.F.);
#631=ORIENTED_EDGE('',*,*,#926,.F.);
#632=ORIENTED_EDGE('',*,*,#960,.T.);
#633=ORIENTED_EDGE('',*,*,#847,.F.);
#634=ORIENTED_EDGE('',*,*,#959,.T.);
#635=ORIENTED_EDGE('',*,*,#904,.F.);
#636=ORIENTED_EDGE('',*,*,#961,.T.);
#637=ORIENTED_EDGE('',*,*,#919,.F.);
#638=ORIENTED_EDGE('',*,*,#962,.F.);
#639=ORIENTED_EDGE('',*,*,#931,.F.);
#640=ORIENTED_EDGE('',*,*,#963,.T.);
#641=ORIENTED_EDGE('',*,*,#905,.F.);
#642=ORIENTED_EDGE('',*,*,#962,.T.);
#643=ORIENTED_EDGE('',*,*,#788,.F.);
#644=ORIENTED_EDGE('',*,*,#838,.F.);
#645=ORIENTED_EDGE('',*,*,#848,.F.);
#646=ORIENTED_EDGE('',*,*,#960,.F.);
#647=ORIENTED_EDGE('',*,*,#925,.F.);
#648=ORIENTED_EDGE('',*,*,#952,.F.);
#649=ORIENTED_EDGE('',*,*,#957,.F.);
#650=ORIENTED_EDGE('',*,*,#920,.F.);
#651=ORIENTED_EDGE('',*,*,#961,.F.);
#652=ORIENTED_EDGE('',*,*,#903,.F.);
#653=ORIENTED_EDGE('',*,*,#876,.F.);
#654=ORIENTED_EDGE('',*,*,#794,.F.);
#655=ORIENTED_EDGE('',*,*,#934,.F.);
#656=ORIENTED_EDGE('',*,*,#964,.T.);
#657=ORIENTED_EDGE('',*,*,#893,.F.);
#658=ORIENTED_EDGE('',*,*,#965,.T.);
#659=ORIENTED_EDGE('',*,*,#840,.F.);
#660=ORIENTED_EDGE('',*,*,#911,.F.);
#661=ORIENTED_EDGE('',*,*,#891,.F.);
#662=ORIENTED_EDGE('',*,*,#966,.T.);
#663=ORIENTED_EDGE('',*,*,#929,.F.);
#664=ORIENTED_EDGE('',*,*,#912,.F.);
#665=ORIENTED_EDGE('',*,*,#842,.F.);
#666=ORIENTED_EDGE('',*,*,#967,.T.);
#667=ORIENTED_EDGE('',*,*,#895,.F.);
#668=ORIENTED_EDGE('',*,*,#968,.T.);
#669=ORIENTED_EDGE('',*,*,#897,.F.);
#670=ORIENTED_EDGE('',*,*,#969,.T.);
#671=ORIENTED_EDGE('',*,*,#887,.F.);
#672=ORIENTED_EDGE('',*,*,#970,.T.);
#673=ORIENTED_EDGE('',*,*,#889,.F.);
#674=ORIENTED_EDGE('',*,*,#971,.T.);
#675=ORIENTED_EDGE('',*,*,#899,.F.);
#676=ORIENTED_EDGE('',*,*,#972,.T.);
#677=ORIENTED_EDGE('',*,*,#880,.F.);
#678=ORIENTED_EDGE('',*,*,#973,.T.);
#679=ORIENTED_EDGE('',*,*,#883,.F.);
#680=ORIENTED_EDGE('',*,*,#974,.T.);
#681=ORIENTED_EDGE('',*,*,#885,.F.);
#682=ORIENTED_EDGE('',*,*,#975,.T.);
#683=ORIENTED_EDGE('',*,*,#930,.F.);
#684=ORIENTED_EDGE('',*,*,#966,.F.);
#685=ORIENTED_EDGE('',*,*,#976,.F.);
#686=ORIENTED_EDGE('',*,*,#906,.F.);
#687=ORIENTED_EDGE('',*,*,#963,.F.);
#688=ORIENTED_EDGE('',*,*,#976,.T.);
#689=ORIENTED_EDGE('',*,*,#890,.F.);
#690=ORIENTED_EDGE('',*,*,#977,.F.);
#691=ORIENTED_EDGE('',*,*,#907,.F.);
#692=ORIENTED_EDGE('',*,*,#977,.T.);
#693=ORIENTED_EDGE('',*,*,#970,.F.);
#694=ORIENTED_EDGE('',*,*,#978,.F.);
#695=ORIENTED_EDGE('',*,*,#908,.F.);
#696=ORIENTED_EDGE('',*,*,#978,.T.);
#697=ORIENTED_EDGE('',*,*,#886,.F.);
#698=ORIENTED_EDGE('',*,*,#979,.F.);
#699=ORIENTED_EDGE('',*,*,#909,.F.);
#700=ORIENTED_EDGE('',*,*,#979,.T.);
#701=ORIENTED_EDGE('',*,*,#974,.F.);
#702=ORIENTED_EDGE('',*,*,#980,.F.);
#703=ORIENTED_EDGE('',*,*,#901,.F.);
#704=ORIENTED_EDGE('',*,*,#980,.T.);
#705=ORIENTED_EDGE('',*,*,#882,.F.);
#706=ORIENTED_EDGE('',*,*,#863,.F.);
#707=ORIENTED_EDGE('',*,*,#902,.F.);
#708=ORIENTED_EDGE('',*,*,#864,.F.);
#709=ORIENTED_EDGE('',*,*,#881,.F.);
#710=ORIENTED_EDGE('',*,*,#981,.F.);
#711=ORIENTED_EDGE('',*,*,#855,.F.);
#712=ORIENTED_EDGE('',*,*,#981,.T.);
#713=ORIENTED_EDGE('',*,*,#972,.F.);
#714=ORIENTED_EDGE('',*,*,#982,.F.);
#715=ORIENTED_EDGE('',*,*,#856,.F.);
#716=ORIENTED_EDGE('',*,*,#982,.T.);
#717=ORIENTED_EDGE('',*,*,#898,.F.);
#718=ORIENTED_EDGE('',*,*,#983,.F.);
#719=ORIENTED_EDGE('',*,*,#857,.F.);
#720=ORIENTED_EDGE('',*,*,#983,.T.);
#721=ORIENTED_EDGE('',*,*,#968,.F.);
#722=ORIENTED_EDGE('',*,*,#984,.F.);
#723=ORIENTED_EDGE('',*,*,#858,.F.);
#724=ORIENTED_EDGE('',*,*,#984,.T.);
#725=ORIENTED_EDGE('',*,*,#894,.F.);
#726=ORIENTED_EDGE('',*,*,#985,.F.);
#727=ORIENTED_EDGE('',*,*,#844,.F.);
#728=ORIENTED_EDGE('',*,*,#985,.T.);
#729=ORIENTED_EDGE('',*,*,#964,.F.);
#730=ORIENTED_EDGE('',*,*,#933,.F.);
#731=ORIENTED_EDGE('',*,*,#958,.F.);
#732=ORIENTED_EDGE('',*,*,#845,.F.);
#733=ORIENTED_EDGE('',*,*,#986,.F.);
#734=ORIENTED_EDGE('',*,*,#841,.F.);
#735=ORIENTED_EDGE('',*,*,#987,.F.);
#736=ORIENTED_EDGE('',*,*,#820,.F.);
#737=ORIENTED_EDGE('',*,*,#987,.T.);
#738=ORIENTED_EDGE('',*,*,#965,.F.);
#739=ORIENTED_EDGE('',*,*,#988,.F.);
#740=ORIENTED_EDGE('',*,*,#821,.F.);
#741=ORIENTED_EDGE('',*,*,#986,.T.);
#742=ORIENTED_EDGE('',*,*,#819,.F.);
#743=ORIENTED_EDGE('',*,*,#989,.F.);
#744=ORIENTED_EDGE('',*,*,#967,.F.);
#745=ORIENTED_EDGE('',*,*,#988,.T.);
#746=ORIENTED_EDGE('',*,*,#896,.F.);
#747=ORIENTED_EDGE('',*,*,#990,.F.);
#748=ORIENTED_EDGE('',*,*,#822,.F.);
#749=ORIENTED_EDGE('',*,*,#989,.T.);
#750=ORIENTED_EDGE('',*,*,#818,.F.);
#751=ORIENTED_EDGE('',*,*,#991,.F.);
#752=ORIENTED_EDGE('',*,*,#892,.F.);
#753=ORIENTED_EDGE('',*,*,#990,.T.);
#754=ORIENTED_EDGE('',*,*,#969,.F.);
#755=ORIENTED_EDGE('',*,*,#992,.F.);
#756=ORIENTED_EDGE('',*,*,#823,.F.);
#757=ORIENTED_EDGE('',*,*,#991,.T.);
#758=ORIENTED_EDGE('',*,*,#817,.F.);
#759=ORIENTED_EDGE('',*,*,#993,.F.);
#760=ORIENTED_EDGE('',*,*,#971,.F.);
#761=ORIENTED_EDGE('',*,*,#992,.T.);
#762=ORIENTED_EDGE('',*,*,#900,.F.);
#763=ORIENTED_EDGE('',*,*,#994,.F.);
#764=ORIENTED_EDGE('',*,*,#824,.F.);
#765=ORIENTED_EDGE('',*,*,#993,.T.);
#766=ORIENTED_EDGE('',*,*,#816,.F.);
#767=ORIENTED_EDGE('',*,*,#995,.F.);
#768=ORIENTED_EDGE('',*,*,#888,.F.);
#769=ORIENTED_EDGE('',*,*,#994,.T.);
#770=ORIENTED_EDGE('',*,*,#973,.F.);
#771=ORIENTED_EDGE('',*,*,#996,.F.);
#772=ORIENTED_EDGE('',*,*,#813,.F.);
#773=ORIENTED_EDGE('',*,*,#995,.T.);
#774=ORIENTED_EDGE('',*,*,#815,.F.);
#775=ORIENTED_EDGE('',*,*,#997,.F.);
#776=ORIENTED_EDGE('',*,*,#975,.F.);
#777=ORIENTED_EDGE('',*,*,#996,.T.);
#778=ORIENTED_EDGE('',*,*,#884,.F.);
#779=ORIENTED_EDGE('',*,*,#997,.T.);
#780=ORIENTED_EDGE('',*,*,#814,.F.);
#781=EDGE_CURVE('',#998,#999,#1133,.T.);
#782=EDGE_CURVE('',#998,#1000,#1134,.T.);
#783=EDGE_CURVE('',#1000,#1001,#59,.T.);
#784=EDGE_CURVE('',#1001,#1002,#1135,.T.);
#785=EDGE_CURVE('',#1002,#1003,#60,.T.);
#786=EDGE_CURVE('',#1003,#999,#1136,.T.);
#787=EDGE_CURVE('',#1004,#1005,#1137,.T.);
#788=EDGE_CURVE('',#1004,#1006,#1138,.F.);
#789=EDGE_CURVE('',#1006,#1007,#61,.T.);
#790=EDGE_CURVE('',#1007,#1008,#1139,.T.);
#791=EDGE_CURVE('',#1008,#1009,#62,.T.);
#792=EDGE_CURVE('',#1009,#1010,#1140,.T.);
#793=EDGE_CURVE('',#1010,#1011,#63,.T.);
#794=EDGE_CURVE('',#1011,#1012,#1141,.F.);
#795=EDGE_CURVE('',#1013,#1012,#1142,.T.);
#796=EDGE_CURVE('',#1014,#1013,#64,.T.);
#797=EDGE_CURVE('',#1014,#1015,#65,.T.);
#798=EDGE_CURVE('',#1016,#1015,#1143,.T.);
#799=EDGE_CURVE('',#1017,#1016,#66,.T.);
#800=EDGE_CURVE('',#1017,#1018,#67,.T.);
#801=EDGE_CURVE('',#1019,#1018,#1144,.T.);
#802=EDGE_CURVE('',#1020,#1019,#68,.T.);
#803=EDGE_CURVE('',#1020,#1021,#69,.T.);
#804=EDGE_CURVE('',#1022,#1021,#1145,.T.);
#805=EDGE_CURVE('',#1023,#1022,#70,.T.);
#806=EDGE_CURVE('',#1023,#1005,#71,.T.);
#807=EDGE_CURVE('',#1024,#1025,#72,.T.);
#808=EDGE_CURVE('',#1024,#1026,#1146,.T.);
#809=EDGE_CURVE('',#1026,#1027,#73,.T.);
#810=EDGE_CURVE('',#1027,#1028,#1147,.T.);
#811=EDGE_CURVE('',#1029,#1028,#1148,.T.);
#812=EDGE_CURVE('',#1029,#1025,#1149,.T.);
#813=EDGE_CURVE('',#1030,#1031,#1150,.T.);
#814=EDGE_CURVE('',#1031,#1032,#74,.T.);
#815=EDGE_CURVE('',#1032,#1033,#1151,.T.);
#816=EDGE_CURVE('',#1033,#1034,#75,.T.);
#817=EDGE_CURVE('',#1034,#1035,#1152,.T.);
#818=EDGE_CURVE('',#1035,#1036,#76,.T.);
#819=EDGE_CURVE('',#1036,#1037,#1153,.T.);
#820=EDGE_CURVE('',#1037,#1038,#77,.T.);
#821=EDGE_CURVE('',#1038,#1039,#1154,.T.);
#822=EDGE_CURVE('',#1039,#1040,#78,.T.);
#823=EDGE_CURVE('',#1040,#1041,#1155,.T.);
#824=EDGE_CURVE('',#1041,#1030,#79,.T.);
#825=EDGE_CURVE('',#1042,#1043,#1156,.T.);
#826=EDGE_CURVE('',#1042,#1044,#1157,.F.);
#827=EDGE_CURVE('',#1044,#1045,#80,.T.);
#828=EDGE_CURVE('',#1045,#1046,#1158,.F.);
#829=EDGE_CURVE('',#1046,#1047,#81,.T.);
#830=EDGE_CURVE('',#1047,#1043,#1159,.F.);
#831=EDGE_CURVE('',#1048,#1049,#1160,.T.);
#832=EDGE_CURVE('',#1048,#1050,#1161,.F.);
#833=EDGE_CURVE('',#1050,#1051,#82,.T.);
#834=EDGE_CURVE('',#1051,#1052,#1162,.F.);
#835=EDGE_CURVE('',#1053,#1052,#83,.T.);
#836=EDGE_CURVE('',#1053,#1049,#1163,.F.);
#837=EDGE_CURVE('',#1054,#1055,#1164,.T.);
#838=EDGE_CURVE('',#1054,#1004,#84,.T.);
#839=EDGE_CURVE('',#1055,#1005,#85,.T.);
#840=EDGE_CURVE('',#1056,#1057,#86,.T.);
#841=EDGE_CURVE('',#1057,#1058,#87,.T.);
#842=EDGE_CURVE('',#1058,#1059,#88,.F.);
#843=EDGE_CURVE('',#1059,#1056,#89,.T.);
#844=EDGE_CURVE('',#1060,#1061,#90,.T.);
#845=EDGE_CURVE('',#1061,#1062,#1165,.F.);
#846=EDGE_CURVE('',#1062,#1063,#91,.T.);
#847=EDGE_CURVE('',#1063,#1064,#92,.T.);
#848=EDGE_CURVE('',#1064,#1054,#1166,.T.);
#849=EDGE_CURVE('',#1065,#1055,#93,.T.);
#850=EDGE_CURVE('',#1065,#1066,#94,.T.);
#851=EDGE_CURVE('',#1066,#1067,#1167,.T.);
#852=EDGE_CURVE('',#1068,#1067,#95,.T.);
#853=EDGE_CURVE('',#1068,#1069,#96,.T.);
#854=EDGE_CURVE('',#1069,#1070,#1168,.T.);
#855=EDGE_CURVE('',#1070,#1071,#97,.T.);
#856=EDGE_CURVE('',#1071,#1072,#1169,.F.);
#857=EDGE_CURVE('',#1072,#1073,#98,.T.);
#858=EDGE_CURVE('',#1073,#1060,#1170,.F.);
#859=EDGE_CURVE('',#1068,#1020,#99,.T.);
#860=EDGE_CURVE('',#1067,#1021,#100,.T.);
#861=EDGE_CURVE('',#1069,#1019,#101,.T.);
#862=EDGE_CURVE('',#1074,#1075,#1171,.T.);
#863=EDGE_CURVE('',#1074,#1076,#30,.T.);
#864=EDGE_CURVE('',#1076,#1070,#31,.T.);
#865=EDGE_CURVE('',#1075,#1018,#102,.T.);
#866=EDGE_CURVE('',#1077,#1017,#103,.T.);
#867=EDGE_CURVE('',#1077,#1075,#104,.T.);
#868=EDGE_CURVE('',#1077,#1078,#105,.T.);
#869=EDGE_CURVE('',#1078,#1016,#106,.T.);
#870=EDGE_CURVE('',#1078,#1079,#1172,.T.);
#871=EDGE_CURVE('',#1079,#1015,#107,.T.);
#872=EDGE_CURVE('',#1080,#1014,#108,.T.);
#873=EDGE_CURVE('',#1080,#1079,#109,.T.);
#874=EDGE_CURVE('',#1080,#1081,#110,.T.);
#875=EDGE_CURVE('',#1081,#1013,#111,.T.);
#876=EDGE_CURVE('',#1012,#1082,#112,.F.);
#877=EDGE_CURVE('',#1081,#1082,#1173,.T.);
#878=EDGE_CURVE('',#1065,#1023,#113,.T.);
#879=EDGE_CURVE('',#1066,#1022,#114,.T.);
#880=EDGE_CURVE('',#1083,#1084,#115,.F.);
#881=EDGE_CURVE('',#1084,#1076,#116,.T.);
#882=EDGE_CURVE('',#1076,#1085,#117,.T.);
#883=EDGE_CURVE('',#1085,#1086,#118,.T.);
#884=EDGE_CURVE('',#1086,#1083,#119,.T.);
#885=EDGE_CURVE('',#1087,#1088,#120,.F.);
#886=EDGE_CURVE('',#1088,#1089,#121,.T.);
#887=EDGE_CURVE('',#1089,#1090,#122,.T.);
#888=EDGE_CURVE('',#1090,#1087,#123,.T.);
#889=EDGE_CURVE('',#1091,#1092,#124,.F.);
#890=EDGE_CURVE('',#1092,#1093,#125,.T.);
#891=EDGE_CURVE('',#1093,#1094,#126,.T.);
#892=EDGE_CURVE('',#1094,#1091,#127,.T.);
#893=EDGE_CURVE('',#1095,#1096,#128,.F.);
#894=EDGE_CURVE('',#1096,#1097,#129,.T.);
#895=EDGE_CURVE('',#1097,#1098,#130,.T.);
#896=EDGE_CURVE('',#1098,#1095,#131,.T.);
#897=EDGE_CURVE('',#1099,#1100,#132,.F.);
#898=EDGE_CURVE('',#1100,#1101,#133,.T.);
#899=EDGE_CURVE('',#1101,#1102,#134,.T.);
#900=EDGE_CURVE('',#1102,#1099,#135,.T.);
#901=EDGE_CURVE('',#1103,#1104,#1174,.F.);
#902=EDGE_CURVE('',#1104,#1074,#136,.T.);
#903=EDGE_CURVE('',#1082,#1105,#1175,.T.);
#904=EDGE_CURVE('',#1105,#1106,#137,.T.);
#905=EDGE_CURVE('',#1106,#1107,#138,.T.);
#906=EDGE_CURVE('',#1107,#1108,#1176,.F.);
#907=EDGE_CURVE('',#1108,#1109,#139,.T.);
#908=EDGE_CURVE('',#1109,#1110,#1177,.F.);
#909=EDGE_CURVE('',#1110,#1103,#140,.T.);
#910=EDGE_CURVE('',#1111,#1112,#141,.T.);
#911=EDGE_CURVE('',#1112,#1056,#1178,.F.);
#912=EDGE_CURVE('',#1059,#1113,#1179,.F.);
#913=EDGE_CURVE('',#1114,#1113,#142,.T.);
#914=EDGE_CURVE('',#1114,#1115,#143,.T.);
#915=EDGE_CURVE('',#1115,#1116,#1180,.F.);
#916=EDGE_CURVE('',#1117,#1116,#144,.T.);
#917=EDGE_CURVE('',#1117,#1118,#1181,.F.);
#918=EDGE_CURVE('',#1111,#1118,#145,.T.);
#919=EDGE_CURVE('',#1119,#1120,#146,.T.);
#920=EDGE_CURVE('',#1120,#1121,#147,.T.);
#921=EDGE_CURVE('',#1121,#1122,#148,.T.);
#922=EDGE_CURVE('',#1122,#1115,#149,.F.);
#923=EDGE_CURVE('',#1114,#1119,#150,.T.);
#924=EDGE_CURVE('',#1123,#1124,#151,.T.);
#925=EDGE_CURVE('',#1124,#1125,#152,.T.);
#926=EDGE_CURVE('',#1125,#1126,#153,.T.);
#927=EDGE_CURVE('',#1111,#1126,#154,.T.);
#928=EDGE_CURVE('',#1118,#1123,#155,.T.);
#929=EDGE_CURVE('',#1113,#1127,#156,.T.);
#930=EDGE_CURVE('',#1127,#1128,#26,.T.);
#931=EDGE_CURVE('',#1128,#1119,#157,.T.);
#932=EDGE_CURVE('',#1126,#1129,#158,.T.);
#933=EDGE_CURVE('',#1129,#1130,#27,.T.);
#934=EDGE_CURVE('',#1130,#1112,#159,.T.);
#935=EDGE_CURVE('',#1116,#1131,#160,.T.);
#936=EDGE_CURVE('',#1131,#1132,#161,.T.);
#937=EDGE_CURVE('',#1132,#1117,#162,.F.);
#938=EDGE_CURVE('',#1046,#1001,#163,.T.);
#939=EDGE_CURVE('',#1000,#1047,#164,.F.);
#940=EDGE_CURVE('',#999,#1042,#165,.F.);
#941=EDGE_CURVE('',#1043,#998,#166,.T.);
#942=EDGE_CURVE('',#1002,#1045,#167,.F.);
#943=EDGE_CURVE('',#1044,#1003,#168,.T.);
#944=EDGE_CURVE('',#1026,#1051,#169,.F.);
#945=EDGE_CURVE('',#1050,#1027,#170,.T.);
#946=EDGE_CURVE('',#1052,#1024,#171,.T.);
#947=EDGE_CURVE('',#1025,#1053,#172,.T.);
#948=EDGE_CURVE('',#1049,#1029,#173,.T.);
#949=EDGE_CURVE('',#1028,#1048,#174,.F.);
#950=EDGE_CURVE('',#1132,#1123,#1182,.F.);
#951=EDGE_CURVE('',#1122,#1131,#1183,.F.);
#952=EDGE_CURVE('',#1006,#1124,#32,.T.);
#953=EDGE_CURVE('',#1007,#1123,#175,.T.);
#954=EDGE_CURVE('',#1008,#1132,#176,.T.);
#955=EDGE_CURVE('',#1009,#1131,#177,.T.);
#956=EDGE_CURVE('',#1010,#1122,#178,.T.);
#957=EDGE_CURVE('',#1121,#1011,#33,.F.);
#958=EDGE_CURVE('',#1062,#1129,#28,.T.);
#959=EDGE_CURVE('',#1063,#1126,#179,.T.);
#960=EDGE_CURVE('',#1125,#1064,#34,.F.);
#961=EDGE_CURVE('',#1105,#1120,#35,.T.);
#962=EDGE_CURVE('',#1106,#1119,#180,.T.);
#963=EDGE_CURVE('',#1128,#1107,#29,.T.);
#964=EDGE_CURVE('',#1130,#1096,#1184,.T.);
#965=EDGE_CURVE('',#1095,#1057,#1185,.F.);
#966=EDGE_CURVE('',#1093,#1127,#1186,.T.);
#967=EDGE_CURVE('',#1058,#1094,#1187,.F.);
#968=EDGE_CURVE('',#1097,#1100,#1188,.T.);
#969=EDGE_CURVE('',#1099,#1098,#1189,.F.);
#970=EDGE_CURVE('',#1089,#1092,#1190,.T.);
#971=EDGE_CURVE('',#1091,#1090,#1191,.F.);
#972=EDGE_CURVE('',#1101,#1084,#1192,.T.);
#973=EDGE_CURVE('',#1083,#1102,#1193,.F.);
#974=EDGE_CURVE('',#1085,#1088,#1194,.T.);
#975=EDGE_CURVE('',#1087,#1086,#1195,.F.);
#976=EDGE_CURVE('',#1108,#1093,#181,.T.);
#977=EDGE_CURVE('',#1109,#1092,#182,.T.);
#978=EDGE_CURVE('',#1110,#1089,#183,.T.);
#979=EDGE_CURVE('',#1103,#1088,#184,.T.);
#980=EDGE_CURVE('',#1104,#1085,#185,.T.);
#981=EDGE_CURVE('',#1071,#1084,#186,.T.);
#982=EDGE_CURVE('',#1072,#1101,#187,.T.);
#983=EDGE_CURVE('',#1073,#1100,#188,.T.);
#984=EDGE_CURVE('',#1060,#1097,#189,.T.);
#985=EDGE_CURVE('',#1061,#1096,#190,.T.);
#986=EDGE_CURVE('',#1058,#1037,#191,.T.);
#987=EDGE_CURVE('',#1038,#1057,#192,.T.);
#988=EDGE_CURVE('',#1039,#1095,#193,.T.);
#989=EDGE_CURVE('',#1094,#1036,#194,.T.);
#990=EDGE_CURVE('',#1040,#1098,#195,.T.);
#991=EDGE_CURVE('',#1091,#1035,#196,.T.);
#992=EDGE_CURVE('',#1041,#1099,#197,.T.);
#993=EDGE_CURVE('',#1090,#1034,#198,.T.);
#994=EDGE_CURVE('',#1030,#1102,#199,.T.);
#995=EDGE_CURVE('',#1087,#1033,#200,.T.);
#996=EDGE_CURVE('',#1031,#1083,#201,.T.);
#997=EDGE_CURVE('',#1086,#1032,#202,.T.);
#998=VERTEX_POINT('',#2124);
#999=VERTEX_POINT('',#2125);
#1000=VERTEX_POINT('',#2127);
#1001=VERTEX_POINT('',#2129);
#1002=VERTEX_POINT('',#2131);
#1003=VERTEX_POINT('',#2133);
#1004=VERTEX_POINT('',#2136);
#1005=VERTEX_POINT('',#2137);
#1006=VERTEX_POINT('',#2139);
#1007=VERTEX_POINT('',#2141);
#1008=VERTEX_POINT('',#2143);
#1009=VERTEX_POINT('',#2145);
#1010=VERTEX_POINT('',#2147);
#1011=VERTEX_POINT('',#2149);
#1012=VERTEX_POINT('',#2151);
#1013=VERTEX_POINT('',#2153);
#1014=VERTEX_POINT('',#2155);
#1015=VERTEX_POINT('',#2157);
#1016=VERTEX_POINT('',#2159);
#1017=VERTEX_POINT('',#2161);
#1018=VERTEX_POINT('',#2163);
#1019=VERTEX_POINT('',#2165);
#1020=VERTEX_POINT('',#2167);
#1021=VERTEX_POINT('',#2169);
#1022=VERTEX_POINT('',#2171);
#1023=VERTEX_POINT('',#2173);
#1024=VERTEX_POINT('',#2176);
#1025=VERTEX_POINT('',#2177);
#1026=VERTEX_POINT('',#2179);
#1027=VERTEX_POINT('',#2181);
#1028=VERTEX_POINT('',#2183);
#1029=VERTEX_POINT('',#2185);
#1030=VERTEX_POINT('',#2189);
#1031=VERTEX_POINT('',#2190);
#1032=VERTEX_POINT('',#2192);
#1033=VERTEX_POINT('',#2194);
#1034=VERTEX_POINT('',#2196);
#1035=VERTEX_POINT('',#2198);
#1036=VERTEX_POINT('',#2200);
#1037=VERTEX_POINT('',#2202);
#1038=VERTEX_POINT('',#2204);
#1039=VERTEX_POINT('',#2206);
#1040=VERTEX_POINT('',#2208);
#1041=VERTEX_POINT('',#2210);
#1042=VERTEX_POINT('',#2213);
#1043=VERTEX_POINT('',#2214);
#1044=VERTEX_POINT('',#2216);
#1045=VERTEX_POINT('',#2218);
#1046=VERTEX_POINT('',#2220);
#1047=VERTEX_POINT('',#2222);
#1048=VERTEX_POINT('',#2225);
#1049=VERTEX_POINT('',#2226);
#1050=VERTEX_POINT('',#2228);
#1051=VERTEX_POINT('',#2230);
#1052=VERTEX_POINT('',#2232);
#1053=VERTEX_POINT('',#2234);
#1054=VERTEX_POINT('',#2238);
#1055=VERTEX_POINT('',#2239);
#1056=VERTEX_POINT('',#2244);
#1057=VERTEX_POINT('',#2245);
#1058=VERTEX_POINT('',#2247);
#1059=VERTEX_POINT('',#2249);
#1060=VERTEX_POINT('',#2253);
#1061=VERTEX_POINT('',#2254);
#1062=VERTEX_POINT('',#2256);
#1063=VERTEX_POINT('',#2258);
#1064=VERTEX_POINT('',#2260);
#1065=VERTEX_POINT('',#2263);
#1066=VERTEX_POINT('',#2265);
#1067=VERTEX_POINT('',#2267);
#1068=VERTEX_POINT('',#2269);
#1069=VERTEX_POINT('',#2271);
#1070=VERTEX_POINT('',#2273);
#1071=VERTEX_POINT('',#2275);
#1072=VERTEX_POINT('',#2277);
#1073=VERTEX_POINT('',#2279);
#1074=VERTEX_POINT('',#2288);
#1075=VERTEX_POINT('',#2289);
#1076=VERTEX_POINT('',#2291);
#1077=VERTEX_POINT('',#2296);
#1078=VERTEX_POINT('',#2300);
#1079=VERTEX_POINT('',#2304);
#1080=VERTEX_POINT('',#2308);
#1081=VERTEX_POINT('',#2312);
#1082=VERTEX_POINT('',#2316);
#1083=VERTEX_POINT('',#2325);
#1084=VERTEX_POINT('',#2326);
#1085=VERTEX_POINT('',#2329);
#1086=VERTEX_POINT('',#2331);
#1087=VERTEX_POINT('',#2335);
#1088=VERTEX_POINT('',#2336);
#1089=VERTEX_POINT('',#2338);
#1090=VERTEX_POINT('',#2340);
#1091=VERTEX_POINT('',#2344);
#1092=VERTEX_POINT('',#2345);
#1093=VERTEX_POINT('',#2347);
#1094=VERTEX_POINT('',#2349);
#1095=VERTEX_POINT('',#2353);
#1096=VERTEX_POINT('',#2354);
#1097=VERTEX_POINT('',#2356);
#1098=VERTEX_POINT('',#2358);
#1099=VERTEX_POINT('',#2362);
#1100=VERTEX_POINT('',#2363);
#1101=VERTEX_POINT('',#2365);
#1102=VERTEX_POINT('',#2367);
#1103=VERTEX_POINT('',#2371);
#1104=VERTEX_POINT('',#2372);
#1105=VERTEX_POINT('',#2375);
#1106=VERTEX_POINT('',#2377);
#1107=VERTEX_POINT('',#2379);
#1108=VERTEX_POINT('',#2381);
#1109=VERTEX_POINT('',#2383);
#1110=VERTEX_POINT('',#2385);
#1111=VERTEX_POINT('',#2389);
#1112=VERTEX_POINT('',#2390);
#1113=VERTEX_POINT('',#2393);
#1114=VERTEX_POINT('',#2395);
#1115=VERTEX_POINT('',#2397);
#1116=VERTEX_POINT('',#2399);
#1117=VERTEX_POINT('',#2401);
#1118=VERTEX_POINT('',#2403);
#1119=VERTEX_POINT('',#2407);
#1120=VERTEX_POINT('',#2408);
#1121=VERTEX_POINT('',#2410);
#1122=VERTEX_POINT('',#2412);
#1123=VERTEX_POINT('',#2417);
#1124=VERTEX_POINT('',#2418);
#1125=VERTEX_POINT('',#2420);
#1126=VERTEX_POINT('',#2422);
#1127=VERTEX_POINT('',#2427);
#1128=VERTEX_POINT('',#2432);
#1129=VERTEX_POINT('',#2436);
#1130=VERTEX_POINT('',#2441);
#1131=VERTEX_POINT('',#2445);
#1132=VERTEX_POINT('',#2447);
#1133=CIRCLE('',#1517,0.0175);
#1134=CIRCLE('',#1518,0.003);
#1135=CIRCLE('',#1519,0.003);
#1136=CIRCLE('',#1520,0.003);
#1137=CIRCLE('',#1521,0.02215);
#1138=CIRCLE('',#1522,0.001);
#1139=CIRCLE('',#1523,0.004);
#1140=CIRCLE('',#1524,0.004);
#1141=CIRCLE('',#1525,0.001);
#1142=CIRCLE('',#1526,0.02215);
#1143=CIRCLE('',#1527,0.02215);
#1144=CIRCLE('',#1528,0.02215);
#1145=CIRCLE('',#1529,0.02215);
#1146=CIRCLE('',#1530,0.003);
#1147=CIRCLE('',#1531,0.003);
#1148=CIRCLE('',#1532,0.0175);
#1149=CIRCLE('',#1533,0.003);
#1150=CIRCLE('',#1535,0.008);
#1151=CIRCLE('',#1536,0.008);
#1152=CIRCLE('',#1537,0.008);
#1153=CIRCLE('',#1538,0.008);
#1154=CIRCLE('',#1539,0.008);
#1155=CIRCLE('',#1540,0.008);
#1156=CIRCLE('',#1541,0.0175);
#1157=CIRCLE('',#1542,0.003);
#1158=CIRCLE('',#1543,0.003);
#1159=CIRCLE('',#1544,0.003);
#1160=CIRCLE('',#1545,0.0175);
#1161=CIRCLE('',#1546,0.003);
#1162=CIRCLE('',#1547,0.003);
#1163=CIRCLE('',#1548,0.003);
#1164=CIRCLE('',#1550,0.02215);
#1165=CIRCLE('',#1553,0.008);
#1166=CIRCLE('',#1554,0.001);
#1167=CIRCLE('',#1555,0.02215);
#1168=CIRCLE('',#1556,0.02215);
#1169=CIRCLE('',#1557,0.008);
#1170=CIRCLE('',#1558,0.008);
#1171=CIRCLE('',#1562,0.02215);
#1172=CIRCLE('',#1568,0.02215);
#1173=CIRCLE('',#1572,0.02215);
#1174=CIRCLE('',#1582,0.008);
#1175=CIRCLE('',#1583,0.001);
#1176=CIRCLE('',#1584,0.008);
#1177=CIRCLE('',#1585,0.008);
#1178=CIRCLE('',#1587,0.01);
#1179=CIRCLE('',#1588,0.01);
#1180=CIRCLE('',#1589,0.003);
#1181=CIRCLE('',#1590,0.003);
#1182=CIRCLE('',#1603,0.003);
#1183=CIRCLE('',#1605,0.003);
#1184=CIRCLE('',#1628,0.01);
#1185=CIRCLE('',#1629,0.01);
#1186=CIRCLE('',#1631,0.01);
#1187=CIRCLE('',#1632,0.01);
#1188=CIRCLE('',#1634,0.01);
#1189=CIRCLE('',#1635,0.01);
#1190=CIRCLE('',#1637,0.01);
#1191=CIRCLE('',#1638,0.01);
#1192=CIRCLE('',#1640,0.01);
#1193=CIRCLE('',#1641,0.01);
#1194=CIRCLE('',#1643,0.01);
#1195=CIRCLE('',#1644,0.01);
#1196=EDGE_LOOP('',(#347,#348,#349,#350,#351,#352));
#1197=EDGE_LOOP('',(#353,#354,#355,#356,#357,#358,#359,#360,#361,#362,#363,
#364,#365,#366,#367,#368,#369,#370,#371,#372));
#1198=EDGE_LOOP('',(#373,#374,#375,#376,#377,#378));
#1199=EDGE_LOOP('',(#379,#380,#381,#382,#383,#384,#385,#386,#387,#388,#389,
#390));
#1200=EDGE_LOOP('',(#391,#392,#393,#394,#395,#396));
#1201=EDGE_LOOP('',(#397,#398,#399,#400,#401,#402));
#1202=EDGE_LOOP('',(#403,#404,#405,#406));
#1203=EDGE_LOOP('',(#407,#408,#409,#410));
#1204=EDGE_LOOP('',(#411,#412,#413,#414,#415,#416,#417,#418,#419,#420,#421,
#422,#423,#424,#425,#426));
#1205=EDGE_LOOP('',(#427,#428,#429,#430));
#1206=EDGE_LOOP('',(#431,#432,#433,#434));
#1207=EDGE_LOOP('',(#435,#436,#437,#438,#439,#440,#441));
#1208=EDGE_LOOP('',(#442,#443,#444,#445));
#1209=EDGE_LOOP('',(#446,#447,#448,#449));
#1210=EDGE_LOOP('',(#450,#451,#452,#453));
#1211=EDGE_LOOP('',(#454,#455,#456,#457));
#1212=EDGE_LOOP('',(#458,#459,#460,#461));
#1213=EDGE_LOOP('',(#462,#463,#464,#465));
#1214=EDGE_LOOP('',(#466,#467,#468,#469));
#1215=EDGE_LOOP('',(#470,#471,#472,#473));
#1216=EDGE_LOOP('',(#474,#475,#476,#477));
#1217=EDGE_LOOP('',(#478,#479,#480,#481,#482));
#1218=EDGE_LOOP('',(#483,#484,#485,#486));
#1219=EDGE_LOOP('',(#487,#488,#489,#490));
#1220=EDGE_LOOP('',(#491,#492,#493,#494));
#1221=EDGE_LOOP('',(#495,#496,#497,#498));
#1222=EDGE_LOOP('',(#499,#500,#501,#502,#503,#504,#505,#506,#507,#508,#509,
#510,#511,#512,#513,#514));
#1223=EDGE_LOOP('',(#515,#516,#517,#518,#519,#520,#521,#522,#523,#524));
#1224=EDGE_LOOP('',(#525,#526,#527,#528,#529,#530));
#1225=EDGE_LOOP('',(#531,#532,#533,#534,#535,#536));
#1226=EDGE_LOOP('',(#537,#538,#539,#540,#541));
#1227=EDGE_LOOP('',(#542,#543,#544,#545,#546));
#1228=EDGE_LOOP('',(#547,#548,#549,#550));
#1229=EDGE_LOOP('',(#551,#552,#553,#554));
#1230=EDGE_LOOP('',(#555,#556,#557,#558));
#1231=EDGE_LOOP('',(#559,#560,#561,#562));
#1232=EDGE_LOOP('',(#563,#564,#565,#566));
#1233=EDGE_LOOP('',(#567,#568,#569,#570));
#1234=EDGE_LOOP('',(#571,#572,#573,#574));
#1235=EDGE_LOOP('',(#575,#576,#577,#578));
#1236=EDGE_LOOP('',(#579,#580,#581,#582));
#1237=EDGE_LOOP('',(#583,#584,#585,#586));
#1238=EDGE_LOOP('',(#587,#588,#589,#590));
#1239=EDGE_LOOP('',(#591,#592,#593,#594));
#1240=EDGE_LOOP('',(#595,#596,#597,#598));
#1241=EDGE_LOOP('',(#599,#600,#601,#602));
#1242=EDGE_LOOP('',(#603,#604,#605,#606));
#1243=EDGE_LOOP('',(#607,#608,#609,#610));
#1244=EDGE_LOOP('',(#611,#612,#613,#614));
#1245=EDGE_LOOP('',(#615,#616,#617,#618));
#1246=EDGE_LOOP('',(#619,#620,#621,#622));
#1247=EDGE_LOOP('',(#623,#624,#625,#626));
#1248=EDGE_LOOP('',(#627,#628,#629,#630));
#1249=EDGE_LOOP('',(#631,#632,#633,#634));
#1250=EDGE_LOOP('',(#635,#636,#637,#638));
#1251=EDGE_LOOP('',(#639,#640,#641,#642));
#1252=EDGE_LOOP('',(#643,#644,#645,#646,#647,#648));
#1253=EDGE_LOOP('',(#649,#650,#651,#652,#653,#654));
#1254=EDGE_LOOP('',(#655,#656,#657,#658,#659,#660));
#1255=EDGE_LOOP('',(#661,#662,#663,#664,#665,#666));
#1256=EDGE_LOOP('',(#667,#668,#669,#670));
#1257=EDGE_LOOP('',(#671,#672,#673,#674));
#1258=EDGE_LOOP('',(#675,#676,#677,#678));
#1259=EDGE_LOOP('',(#679,#680,#681,#682));
#1260=EDGE_LOOP('',(#683,#684,#685,#686,#687));
#1261=EDGE_LOOP('',(#688,#689,#690,#691));
#1262=EDGE_LOOP('',(#692,#693,#694,#695));
#1263=EDGE_LOOP('',(#696,#697,#698,#699));
#1264=EDGE_LOOP('',(#700,#701,#702,#703));
#1265=EDGE_LOOP('',(#704,#705,#706,#707));
#1266=EDGE_LOOP('',(#708,#709,#710,#711));
#1267=EDGE_LOOP('',(#712,#713,#714,#715));
#1268=EDGE_LOOP('',(#716,#717,#718,#719));
#1269=EDGE_LOOP('',(#720,#721,#722,#723));
#1270=EDGE_LOOP('',(#724,#725,#726,#727));
#1271=EDGE_LOOP('',(#728,#729,#730,#731,#732));
#1272=EDGE_LOOP('',(#733,#734,#735,#736));
#1273=EDGE_LOOP('',(#737,#738,#739,#740));
#1274=EDGE_LOOP('',(#741,#742,#743,#744));
#1275=EDGE_LOOP('',(#745,#746,#747,#748));
#1276=EDGE_LOOP('',(#749,#750,#751,#752));
#1277=EDGE_LOOP('',(#753,#754,#755,#756));
#1278=EDGE_LOOP('',(#757,#758,#759,#760));
#1279=EDGE_LOOP('',(#761,#762,#763,#764));
#1280=EDGE_LOOP('',(#765,#766,#767,#768));
#1281=EDGE_LOOP('',(#769,#770,#771,#772));
#1282=EDGE_LOOP('',(#773,#774,#775,#776));
#1283=EDGE_LOOP('',(#777,#778,#779,#780));
#1284=FACE_BOUND('',#1196,.T.);
#1285=FACE_BOUND('',#1197,.T.);
#1286=FACE_BOUND('',#1198,.T.);
#1287=FACE_BOUND('',#1199,.T.);
#1288=FACE_BOUND('',#1200,.T.);
#1289=FACE_BOUND('',#1201,.T.);
#1290=FACE_BOUND('',#1202,.T.);
#1291=FACE_BOUND('',#1203,.T.);
#1292=FACE_BOUND('',#1204,.T.);
#1293=FACE_BOUND('',#1205,.T.);
#1294=FACE_BOUND('',#1206,.T.);
#1295=FACE_BOUND('',#1207,.T.);
#1296=FACE_BOUND('',#1208,.T.);
#1297=FACE_BOUND('',#1209,.T.);
#1298=FACE_BOUND('',#1210,.T.);
#1299=FACE_BOUND('',#1211,.T.);
#1300=FACE_BOUND('',#1212,.T.);
#1301=FACE_BOUND('',#1213,.T.);
#1302=FACE_BOUND('',#1214,.T.);
#1303=FACE_BOUND('',#1215,.T.);
#1304=FACE_BOUND('',#1216,.T.);
#1305=FACE_BOUND('',#1217,.T.);
#1306=FACE_BOUND('',#1218,.T.);
#1307=FACE_BOUND('',#1219,.T.);
#1308=FACE_BOUND('',#1220,.T.);
#1309=FACE_BOUND('',#1221,.T.);
#1310=FACE_BOUND('',#1222,.T.);
#1311=FACE_BOUND('',#1223,.T.);
#1312=FACE_BOUND('',#1224,.T.);
#1313=FACE_BOUND('',#1225,.T.);
#1314=FACE_BOUND('',#1226,.T.);
#1315=FACE_BOUND('',#1227,.T.);
#1316=FACE_BOUND('',#1228,.T.);
#1317=FACE_BOUND('',#1229,.T.);
#1318=FACE_BOUND('',#1230,.T.);
#1319=FACE_BOUND('',#1231,.T.);
#1320=FACE_BOUND('',#1232,.T.);
#1321=FACE_BOUND('',#1233,.T.);
#1322=FACE_BOUND('',#1234,.T.);
#1323=FACE_BOUND('',#1235,.T.);
#1324=FACE_BOUND('',#1236,.T.);
#1325=FACE_BOUND('',#1237,.T.);
#1326=FACE_BOUND('',#1238,.T.);
#1327=FACE_BOUND('',#1239,.T.);
#1328=FACE_BOUND('',#1240,.T.);
#1329=FACE_BOUND('',#1241,.T.);
#1330=FACE_BOUND('',#1242,.T.);
#1331=FACE_BOUND('',#1243,.T.);
#1332=FACE_BOUND('',#1244,.T.);
#1333=FACE_BOUND('',#1245,.T.);
#1334=FACE_BOUND('',#1246,.T.);
#1335=FACE_BOUND('',#1247,.T.);
#1336=FACE_BOUND('',#1248,.T.);
#1337=FACE_BOUND('',#1249,.T.);
#1338=FACE_BOUND('',#1250,.T.);
#1339=FACE_BOUND('',#1251,.T.);
#1340=FACE_BOUND('',#1252,.T.);
#1341=FACE_BOUND('',#1253,.T.);
#1342=FACE_BOUND('',#1254,.T.);
#1343=FACE_BOUND('',#1255,.T.);
#1344=FACE_BOUND('',#1256,.T.);
#1345=FACE_BOUND('',#1257,.T.);
#1346=FACE_BOUND('',#1258,.T.);
#1347=FACE_BOUND('',#1259,.T.);
#1348=FACE_BOUND('',#1260,.T.);
#1349=FACE_BOUND('',#1261,.T.);
#1350=FACE_BOUND('',#1262,.T.);
#1351=FACE_BOUND('',#1263,.T.);
#1352=FACE_BOUND('',#1264,.T.);
#1353=FACE_BOUND('',#1265,.T.);
#1354=FACE_BOUND('',#1266,.T.);
#1355=FACE_BOUND('',#1267,.T.);
#1356=FACE_BOUND('',#1268,.T.);
#1357=FACE_BOUND('',#1269,.T.);
#1358=FACE_BOUND('',#1270,.T.);
#1359=FACE_BOUND('',#1271,.T.);
#1360=FACE_BOUND('',#1272,.T.);
#1361=FACE_BOUND('',#1273,.T.);
#1362=FACE_BOUND('',#1274,.T.);
#1363=FACE_BOUND('',#1275,.T.);
#1364=FACE_BOUND('',#1276,.T.);
#1365=FACE_BOUND('',#1277,.T.);
#1366=FACE_BOUND('',#1278,.T.);
#1367=FACE_BOUND('',#1279,.T.);
#1368=FACE_BOUND('',#1280,.T.);
#1369=FACE_BOUND('',#1281,.T.);
#1370=FACE_BOUND('',#1282,.T.);
#1371=FACE_BOUND('',#1283,.T.);
#1372=PLANE('',#1516);
#1373=PLANE('',#1534);
#1374=PLANE('',#1551);
#1375=PLANE('',#1552);
#1376=PLANE('',#1559);
#1377=PLANE('',#1560);
#1378=PLANE('',#1565);
#1379=PLANE('',#1566);
#1380=PLANE('',#1569);
#1381=PLANE('',#1570);
#1382=PLANE('',#1573);
#1383=PLANE('',#1574);
#1384=PLANE('',#1576);
#1385=PLANE('',#1577);
#1386=PLANE('',#1578);
#1387=PLANE('',#1579);
#1388=PLANE('',#1580);
#1389=PLANE('',#1581);
#1390=PLANE('',#1586);
#1391=PLANE('',#1591);
#1392=PLANE('',#1592);
#1393=PLANE('',#1593);
#1394=PLANE('',#1594);
#1395=PLANE('',#1595);
#1396=PLANE('',#1596);
#1397=PLANE('',#1598);
#1398=PLANE('',#1599);
#1399=PLANE('',#1600);
#1400=PLANE('',#1612);
#1401=PLANE('',#1615);
#1402=PLANE('',#1617);
#1403=PLANE('',#1619);
#1404=PLANE('',#1620);
#1405=PLANE('',#1622);
#1406=PLANE('',#1624);
#1407=PLANE('',#1646);
#1408=PLANE('',#1648);
#1409=PLANE('',#1650);
#1410=PLANE('',#1651);
#1411=PLANE('',#1653);
#1412=PLANE('',#1655);
#1413=PLANE('',#1657);
#1414=PLANE('',#1660);
#1415=PLANE('',#1661);
#1416=PLANE('',#1664);
#1417=PLANE('',#1665);
#1418=PLANE('',#1668);
#1419=ADVANCED_FACE('',(#1284,#1285,#1286),#1372,.F.);
#1420=ADVANCED_FACE('',(#1287,#1288,#1289),#1373,.T.);
#1421=ADVANCED_FACE('',(#1290),#36,.T.);
#1422=ADVANCED_FACE('',(#1291),#1374,.F.);
#1423=ADVANCED_FACE('',(#1292),#1375,.F.);
#1424=ADVANCED_FACE('',(#1293),#1376,.T.);
#1425=ADVANCED_FACE('',(#1294),#1377,.F.);
#1426=ADVANCED_FACE('',(#1295),#37,.T.);
#1427=ADVANCED_FACE('',(#1296),#1378,.T.);
#1428=ADVANCED_FACE('',(#1297),#1379,.F.);
#1429=ADVANCED_FACE('',(#1298),#38,.T.);
#1430=ADVANCED_FACE('',(#1299),#1380,.T.);
#1431=ADVANCED_FACE('',(#1300),#1381,.F.);
#1432=ADVANCED_FACE('',(#1301),#39,.T.);
#1433=ADVANCED_FACE('',(#1302),#1382,.T.);
#1434=ADVANCED_FACE('',(#1303),#1383,.F.);
#1435=ADVANCED_FACE('',(#1304),#40,.T.);
#1436=ADVANCED_FACE('',(#1305),#1384,.T.);
#1437=ADVANCED_FACE('',(#1306),#1385,.F.);
#1438=ADVANCED_FACE('',(#1307),#1386,.T.);
#1439=ADVANCED_FACE('',(#1308),#1387,.F.);
#1440=ADVANCED_FACE('',(#1309),#1388,.T.);
#1441=ADVANCED_FACE('',(#1310),#1389,.F.);
#1442=ADVANCED_FACE('',(#1311),#1390,.F.);
#1443=ADVANCED_FACE('',(#1312),#1391,.F.);
#1444=ADVANCED_FACE('',(#1313),#1392,.T.);
#1445=ADVANCED_FACE('',(#1314),#1393,.T.);
#1446=ADVANCED_FACE('',(#1315),#1394,.F.);
#1447=ADVANCED_FACE('',(#1316),#1395,.T.);
#1448=ADVANCED_FACE('',(#1317),#1396,.T.);
#1449=ADVANCED_FACE('',(#1318),#41,.F.);
#1450=ADVANCED_FACE('',(#1319),#1397,.T.);
#1451=ADVANCED_FACE('',(#1320),#1398,.T.);
#1452=ADVANCED_FACE('',(#1321),#1399,.F.);
#1453=ADVANCED_FACE('',(#1322),#42,.F.);
#1454=ADVANCED_FACE('',(#1323),#43,.F.);
#1455=ADVANCED_FACE('',(#1324),#44,.F.);
#1456=ADVANCED_FACE('',(#1325),#45,.F.);
#1457=ADVANCED_FACE('',(#1326),#46,.F.);
#1458=ADVANCED_FACE('',(#1327),#47,.F.);
#1459=ADVANCED_FACE('',(#1328),#48,.F.);
#1460=ADVANCED_FACE('',(#1329),#49,.F.);
#1461=ADVANCED_FACE('',(#1330),#50,.F.);
#1462=ADVANCED_FACE('',(#1331),#1400,.T.);
#1463=ADVANCED_FACE('',(#1332),#12,.F.);
#1464=ADVANCED_FACE('',(#1333),#1401,.T.);
#1465=ADVANCED_FACE('',(#1334),#13,.F.);
#1466=ADVANCED_FACE('',(#1335),#1402,.F.);
#1467=ADVANCED_FACE('',(#1336),#1403,.F.);
#1468=ADVANCED_FACE('',(#1337),#1404,.T.);
#1469=ADVANCED_FACE('',(#1338),#1405,.F.);
#1470=ADVANCED_FACE('',(#1339),#1406,.T.);
#1471=ADVANCED_FACE('',(#1340),#51,.T.);
#1472=ADVANCED_FACE('',(#1341),#52,.T.);
#1473=ADVANCED_FACE('',(#1342),#53,.T.);
#1474=ADVANCED_FACE('',(#1343),#54,.T.);
#1475=ADVANCED_FACE('',(#1344),#55,.T.);
#1476=ADVANCED_FACE('',(#1345),#56,.T.);
#1477=ADVANCED_FACE('',(#1346),#57,.T.);
#1478=ADVANCED_FACE('',(#1347),#58,.T.);
#1479=ADVANCED_FACE('',(#1348),#14,.T.);
#1480=ADVANCED_FACE('',(#1349),#1407,.T.);
#1481=ADVANCED_FACE('',(#1350),#15,.T.);
#1482=ADVANCED_FACE('',(#1351),#1408,.F.);
#1483=ADVANCED_FACE('',(#1352),#16,.T.);
#1484=ADVANCED_FACE('',(#1353),#1409,.T.);
#1485=ADVANCED_FACE('',(#1354),#1410,.T.);
#1486=ADVANCED_FACE('',(#1355),#17,.T.);
#1487=ADVANCED_FACE('',(#1356),#1411,.T.);
#1488=ADVANCED_FACE('',(#1357),#18,.T.);
#1489=ADVANCED_FACE('',(#1358),#1412,.F.);
#1490=ADVANCED_FACE('',(#1359),#19,.T.);
#1491=ADVANCED_FACE('',(#1360),#1413,.T.);
#1492=ADVANCED_FACE('',(#1361),#20,.T.);
#1493=ADVANCED_FACE('',(#1362),#21,.T.);
#1494=ADVANCED_FACE('',(#1363),#1414,.T.);
#1495=ADVANCED_FACE('',(#1364),#1415,.F.);
#1496=ADVANCED_FACE('',(#1365),#22,.T.);
#1497=ADVANCED_FACE('',(#1366),#23,.T.);
#1498=ADVANCED_FACE('',(#1367),#1416,.F.);
#1499=ADVANCED_FACE('',(#1368),#1417,.T.);
#1500=ADVANCED_FACE('',(#1369),#24,.T.);
#1501=ADVANCED_FACE('',(#1370),#25,.T.);
#1502=ADVANCED_FACE('',(#1371),#1418,.F.);
#1503=CLOSED_SHELL('',(#1419,#1420,#1421,#1422,#1423,#1424,#1425,#1426,
#1427,#1428,#1429,#1430,#1431,#1432,#1433,#1434,#1435,#1436,#1437,#1438,
#1439,#1440,#1441,#1442,#1443,#1444,#1445,#1446,#1447,#1448,#1449,#1450,
#1451,#1452,#1453,#1454,#1455,#1456,#1457,#1458,#1459,#1460,#1461,#1462,
#1463,#1464,#1465,#1466,#1467,#1468,#1469,#1470,#1471,#1472,#1473,#1474,
#1475,#1476,#1477,#1478,#1479,#1480,#1481,#1482,#1483,#1484,#1485,#1486,
#1487,#1488,#1489,#1490,#1491,#1492,#1493,#1494,#1495,#1496,#1497,#1498,
#1499,#1500,#1501,#1502));
#1504=STYLED_ITEM('',(#1505),#1512);
#1505=PRESENTATION_STYLE_ASSIGNMENT((#1506));
#1506=SURFACE_STYLE_USAGE(.BOTH.,#1507);
#1507=SURFACE_SIDE_STYLE('',(#1508));
#1508=SURFACE_STYLE_FILL_AREA(#1509);
#1509=FILL_AREA_STYLE('',(#1510));
#1510=FILL_AREA_STYLE_COLOUR('',#1511);
#1511=COLOUR_RGB('',0.615686274509804,0.811764705882353,0.929411764705882);
#1512=MANIFOLD_SOLID_BREP('Part 1',#1503);
#1513=SHAPE_DEFINITION_REPRESENTATION(#2576,#1514);
#1514=SHAPE_REPRESENTATION('Part 1',(#1515),#2571);
#1515=AXIS2_PLACEMENT_3D('',#2121,#1669,#1670);
#1516=AXIS2_PLACEMENT_3D('',#2122,#1671,#1672);
#1517=AXIS2_PLACEMENT_3D('',#2123,#1673,#1674);
#1518=AXIS2_PLACEMENT_3D('',#2126,#1675,#1676);
#1519=AXIS2_PLACEMENT_3D('',#2130,#1678,#1679);
#1520=AXIS2_PLACEMENT_3D('',#2134,#1681,#1682);
#1521=AXIS2_PLACEMENT_3D('',#2135,#1683,#1684);
#1522=AXIS2_PLACEMENT_3D('',#2138,#1685,#1686);
#1523=AXIS2_PLACEMENT_3D('',#2142,#1688,#1689);
#1524=AXIS2_PLACEMENT_3D('',#2146,#1691,#1692);
#1525=AXIS2_PLACEMENT_3D('',#2150,#1694,#1695);
#1526=AXIS2_PLACEMENT_3D('',#2152,#1696,#1697);
#1527=AXIS2_PLACEMENT_3D('',#2158,#1700,#1701);
#1528=AXIS2_PLACEMENT_3D('',#2164,#1704,#1705);
#1529=AXIS2_PLACEMENT_3D('',#2170,#1708,#1709);
#1530=AXIS2_PLACEMENT_3D('',#2178,#1713,#1714);
#1531=AXIS2_PLACEMENT_3D('',#2182,#1716,#1717);
#1532=AXIS2_PLACEMENT_3D('',#2184,#1718,#1719);
#1533=AXIS2_PLACEMENT_3D('',#2186,#1720,#1721);
#1534=AXIS2_PLACEMENT_3D('',#2187,#1722,#1723);
#1535=AXIS2_PLACEMENT_3D('',#2188,#1724,#1725);
#1536=AXIS2_PLACEMENT_3D('',#2193,#1727,#1728);
#1537=AXIS2_PLACEMENT_3D('',#2197,#1730,#1731);
#1538=AXIS2_PLACEMENT_3D('',#2201,#1733,#1734);
#1539=AXIS2_PLACEMENT_3D('',#2205,#1736,#1737);
#1540=AXIS2_PLACEMENT_3D('',#2209,#1739,#1740);
#1541=AXIS2_PLACEMENT_3D('',#2212,#1742,#1743);
#1542=AXIS2_PLACEMENT_3D('',#2215,#1744,#1745);
#1543=AXIS2_PLACEMENT_3D('',#2219,#1747,#1748);
#1544=AXIS2_PLACEMENT_3D('',#2223,#1750,#1751);
#1545=AXIS2_PLACEMENT_3D('',#2224,#1752,#1753);
#1546=AXIS2_PLACEMENT_3D('',#2227,#1754,#1755);
#1547=AXIS2_PLACEMENT_3D('',#2231,#1757,#1758);
#1548=AXIS2_PLACEMENT_3D('',#2235,#1760,#1761);
#1549=AXIS2_PLACEMENT_3D('',#2236,#1762,#1763);
#1550=AXIS2_PLACEMENT_3D('',#2237,#1764,#1765);
#1551=AXIS2_PLACEMENT_3D('',#2242,#1768,#1769);
#1552=AXIS2_PLACEMENT_3D('',#2251,#1774,#1775);
#1553=AXIS2_PLACEMENT_3D('',#2255,#1777,#1778);
#1554=AXIS2_PLACEMENT_3D('',#2261,#1781,#1782);
#1555=AXIS2_PLACEMENT_3D('',#2266,#1785,#1786);
#1556=AXIS2_PLACEMENT_3D('',#2272,#1789,#1790);
#1557=AXIS2_PLACEMENT_3D('',#2276,#1792,#1793);
#1558=AXIS2_PLACEMENT_3D('',#2280,#1795,#1796);
#1559=AXIS2_PLACEMENT_3D('',#2281,#1797,#1798);
#1560=AXIS2_PLACEMENT_3D('',#2284,#1801,#1802);
#1561=AXIS2_PLACEMENT_3D('',#2286,#1804,#1805);
#1562=AXIS2_PLACEMENT_3D('',#2287,#1806,#1807);
#1563=AXIS2_PLACEMENT_3D('',#2290,#1808,#1809);
#1564=AXIS2_PLACEMENT_3D('',#2292,#1810,#1811);
#1565=AXIS2_PLACEMENT_3D('',#2294,#1813,#1814);
#1566=AXIS2_PLACEMENT_3D('',#2298,#1817,#1818);
#1567=AXIS2_PLACEMENT_3D('',#2302,#1821,#1822);
#1568=AXIS2_PLACEMENT_3D('',#2303,#1823,#1824);
#1569=AXIS2_PLACEMENT_3D('',#2306,#1826,#1827);
#1570=AXIS2_PLACEMENT_3D('',#2310,#1830,#1831);
#1571=AXIS2_PLACEMENT_3D('',#2314,#1834,#1835);
#1572=AXIS2_PLACEMENT_3D('',#2317,#1837,#1838);
#1573=AXIS2_PLACEMENT_3D('',#2318,#1839,#1840);
#1574=AXIS2_PLACEMENT_3D('',#2320,#1842,#1843);
#1575=AXIS2_PLACEMENT_3D('',#2322,#1845,#1846);
#1576=AXIS2_PLACEMENT_3D('',#2323,#1847,#1848);
#1577=AXIS2_PLACEMENT_3D('',#2333,#1854,#1855);
#1578=AXIS2_PLACEMENT_3D('',#2342,#1860,#1861);
#1579=AXIS2_PLACEMENT_3D('',#2351,#1866,#1867);
#1580=AXIS2_PLACEMENT_3D('',#2360,#1872,#1873);
#1581=AXIS2_PLACEMENT_3D('',#2369,#1878,#1879);
#1582=AXIS2_PLACEMENT_3D('',#2370,#1880,#1881);
#1583=AXIS2_PLACEMENT_3D('',#2374,#1883,#1884);
#1584=AXIS2_PLACEMENT_3D('',#2380,#1887,#1888);
#1585=AXIS2_PLACEMENT_3D('',#2384,#1890,#1891);
#1586=AXIS2_PLACEMENT_3D('',#2387,#1893,#1894);
#1587=AXIS2_PLACEMENT_3D('',#2391,#1896,#1897);
#1588=AXIS2_PLACEMENT_3D('',#2392,#1898,#1899);
#1589=AXIS2_PLACEMENT_3D('',#2398,#1902,#1903);
#1590=AXIS2_PLACEMENT_3D('',#2402,#1905,#1906);
#1591=AXIS2_PLACEMENT_3D('',#2405,#1908,#1909);
#1592=AXIS2_PLACEMENT_3D('',#2415,#1915,#1916);
#1593=AXIS2_PLACEMENT_3D('',#2425,#1922,#1923);
#1594=AXIS2_PLACEMENT_3D('',#2434,#1926,#1927);
#1595=AXIS2_PLACEMENT_3D('',#2443,#1930,#1931);
#1596=AXIS2_PLACEMENT_3D('',#2449,#1935,#1936);
#1597=AXIS2_PLACEMENT_3D('',#2452,#1939,#1940);
#1598=AXIS2_PLACEMENT_3D('',#2455,#1943,#1944);
#1599=AXIS2_PLACEMENT_3D('',#2458,#1947,#1948);
#1600=AXIS2_PLACEMENT_3D('',#2461,#1951,#1952);
#1601=AXIS2_PLACEMENT_3D('',#2464,#1955,#1956);
#1602=AXIS2_PLACEMENT_3D('',#2467,#1959,#1960);
#1603=AXIS2_PLACEMENT_3D('',#2468,#1961,#1962);
#1604=AXIS2_PLACEMENT_3D('',#2469,#1963,#1964);
#1605=AXIS2_PLACEMENT_3D('',#2470,#1965,#1966);
#1606=AXIS2_PLACEMENT_3D('',#2471,#1967,#1968);
#1607=AXIS2_PLACEMENT_3D('',#2472,#1969,#1970);
#1608=AXIS2_PLACEMENT_3D('',#2473,#1971,#1972);
#1609=AXIS2_PLACEMENT_3D('',#2474,#1973,#1974);
#1610=AXIS2_PLACEMENT_3D('',#2475,#1975,#1976);
#1611=AXIS2_PLACEMENT_3D('',#2476,#1977,#1978);
#1612=AXIS2_PLACEMENT_3D('',#2477,#1979,#1980);
#1613=AXIS2_PLACEMENT_3D('',#2478,#1981,#1982);
#1614=AXIS2_PLACEMENT_3D('',#2480,#1984,#1985);
#1615=AXIS2_PLACEMENT_3D('',#2482,#1987,#1988);
#1616=AXIS2_PLACEMENT_3D('',#2484,#1990,#1991);
#1617=AXIS2_PLACEMENT_3D('',#2486,#1993,#1994);
#1618=AXIS2_PLACEMENT_3D('',#2487,#1995,#1996);
#1619=AXIS2_PLACEMENT_3D('',#2488,#1997,#1998);
#1620=AXIS2_PLACEMENT_3D('',#2494,#2000,#2001);
#1621=AXIS2_PLACEMENT_3D('',#2495,#2002,#2003);
#1622=AXIS2_PLACEMENT_3D('',#2496,#2004,#2005);
#1623=AXIS2_PLACEMENT_3D('',#2497,#2006,#2007);
#1624=AXIS2_PLACEMENT_3D('',#2499,#2009,#2010);
#1625=AXIS2_PLACEMENT_3D('',#2504,#2011,#2012);
#1626=AXIS2_PLACEMENT_3D('',#2505,#2013,#2014);
#1627=AXIS2_PLACEMENT_3D('',#2506,#2015,#2016);
#1628=AXIS2_PLACEMENT_3D('',#2507,#2017,#2018);
#1629=AXIS2_PLACEMENT_3D('',#2508,#2019,#2020);
#1630=AXIS2_PLACEMENT_3D('',#2509,#2021,#2022);
#1631=AXIS2_PLACEMENT_3D('',#2510,#2023,#2024);
#1632=AXIS2_PLACEMENT_3D('',#2511,#2025,#2026);
#1633=AXIS2_PLACEMENT_3D('',#2512,#2027,#2028);
#1634=AXIS2_PLACEMENT_3D('',#2513,#2029,#2030);
#1635=AXIS2_PLACEMENT_3D('',#2514,#2031,#2032);
#1636=AXIS2_PLACEMENT_3D('',#2515,#2033,#2034);
#1637=AXIS2_PLACEMENT_3D('',#2516,#2035,#2036);
#1638=AXIS2_PLACEMENT_3D('',#2517,#2037,#2038);
#1639=AXIS2_PLACEMENT_3D('',#2518,#2039,#2040);
#1640=AXIS2_PLACEMENT_3D('',#2519,#2041,#2042);
#1641=AXIS2_PLACEMENT_3D('',#2520,#2043,#2044);
#1642=AXIS2_PLACEMENT_3D('',#2521,#2045,#2046);
#1643=AXIS2_PLACEMENT_3D('',#2522,#2047,#2048);
#1644=AXIS2_PLACEMENT_3D('',#2523,#2049,#2050);
#1645=AXIS2_PLACEMENT_3D('',#2524,#2051,#2052);
#1646=AXIS2_PLACEMENT_3D('',#2526,#2054,#2055);
#1647=AXIS2_PLACEMENT_3D('',#2528,#2057,#2058);
#1648=AXIS2_PLACEMENT_3D('',#2530,#2060,#2061);
#1649=AXIS2_PLACEMENT_3D('',#2532,#2063,#2064);
#1650=AXIS2_PLACEMENT_3D('',#2534,#2066,#2067);
#1651=AXIS2_PLACEMENT_3D('',#2535,#2068,#2069);
#1652=AXIS2_PLACEMENT_3D('',#2537,#2071,#2072);
#1653=AXIS2_PLACEMENT_3D('',#2539,#2074,#2075);
#1654=AXIS2_PLACEMENT_3D('',#2541,#2077,#2078);
#1655=AXIS2_PLACEMENT_3D('',#2543,#2080,#2081);
#1656=AXIS2_PLACEMENT_3D('',#2545,#2083,#2084);
#1657=AXIS2_PLACEMENT_3D('',#2546,#2085,#2086);
#1658=AXIS2_PLACEMENT_3D('',#2549,#2089,#2090);
#1659=AXIS2_PLACEMENT_3D('',#2551,#2092,#2093);
#1660=AXIS2_PLACEMENT_3D('',#2553,#2095,#2096);
#1661=AXIS2_PLACEMENT_3D('',#2555,#2098,#2099);
#1662=AXIS2_PLACEMENT_3D('',#2557,#2101,#2102);
#1663=AXIS2_PLACEMENT_3D('',#2559,#2104,#2105);
#1664=AXIS2_PLACEMENT_3D('',#2561,#2107,#2108);
#1665=AXIS2_PLACEMENT_3D('',#2563,#2110,#2111);
#1666=AXIS2_PLACEMENT_3D('',#2565,#2113,#2114);
#1667=AXIS2_PLACEMENT_3D('',#2567,#2116,#2117);
#1668=AXIS2_PLACEMENT_3D('',#2569,#2119,#2120);
#1669=DIRECTION('',(0.,0.,1.));
#1670=DIRECTION('',(1.,0.,0.));
#1671=DIRECTION('',(0.,1.,0.));
#1672=DIRECTION('',(1.,0.,0.));
#1673=DIRECTION('',(0.,-1.,0.));
#1674=DIRECTION('',(-1.,0.,0.));
#1675=DIRECTION('',(0.,1.,0.));
#1676=DIRECTION('',(1.,0.,0.));
#1677=DIRECTION('',(0.,0.,1.));
#1678=DIRECTION('',(0.,1.,0.));
#1679=DIRECTION('',(1.,0.,0.));
#1680=DIRECTION('',(1.,0.,0.));
#1681=DIRECTION('',(0.,1.,0.));
#1682=DIRECTION('',(1.,0.,0.));
#1683=DIRECTION('',(0.,1.,0.));
#1684=DIRECTION('',(1.,0.,0.));
#1685=DIRECTION('',(0.,1.,0.));
#1686=DIRECTION('',(1.,0.,0.));
#1687=DIRECTION('',(0.456316647596276,0.,-0.889817462812737));
#1688=DIRECTION('',(0.,1.,0.));
#1689=DIRECTION('',(1.,0.,0.));
#1690=DIRECTION('',(-1.,0.,-2.53351546710783E-16));
#1691=DIRECTION('',(0.,1.,0.));
#1692=DIRECTION('',(1.,0.,0.));
#1693=DIRECTION('',(0.456316647596275,0.,0.889817462812737));
#1694=DIRECTION('',(0.,1.,0.));
#1695=DIRECTION('',(1.,0.,0.));
#1696=DIRECTION('',(0.,1.,0.));
#1697=DIRECTION('',(1.,0.,0.));
#1698=DIRECTION('',(1.,0.,0.));
#1699=DIRECTION('',(0.,0.,-1.));
#1700=DIRECTION('',(0.,1.,0.));
#1701=DIRECTION('',(1.,0.,0.));
#1702=DIRECTION('',(0.,0.,1.));
#1703=DIRECTION('',(1.,0.,0.));
#1704=DIRECTION('',(0.,1.,0.));
#1705=DIRECTION('',(1.,0.,0.));
#1706=DIRECTION('',(-1.,0.,0.));
#1707=DIRECTION('',(0.,0.,1.));
#1708=DIRECTION('',(0.,1.,0.));
#1709=DIRECTION('',(1.,0.,0.));
#1710=DIRECTION('',(0.,0.,-1.));
#1711=DIRECTION('',(-1.,0.,0.));
#1712=DIRECTION('',(-1.,0.,0.));
#1713=DIRECTION('',(0.,1.,0.));
#1714=DIRECTION('',(1.,0.,0.));
#1715=DIRECTION('',(0.,0.,-1.));
#1716=DIRECTION('',(0.,1.,0.));
#1717=DIRECTION('',(1.,0.,0.));
#1718=DIRECTION('',(0.,-1.,0.));
#1719=DIRECTION('',(-1.,0.,0.));
#1720=DIRECTION('',(0.,1.,0.));
#1721=DIRECTION('',(1.,0.,0.));
#1722=DIRECTION('',(0.,1.,0.));
#1723=DIRECTION('',(1.,0.,0.));
#1724=DIRECTION('',(0.,1.,0.));
#1725=DIRECTION('',(1.,0.,0.));
#1726=DIRECTION('',(-1.,0.,2.16840434497101E-16));
#1727=DIRECTION('',(0.,1.,0.));
#1728=DIRECTION('',(1.,0.,0.));
#1729=DIRECTION('',(0.,0.,1.));
#1730=DIRECTION('',(0.,1.,0.));
#1731=DIRECTION('',(1.,0.,0.));
#1732=DIRECTION('',(0.613200149324893,0.,0.789927576976477));
#1733=DIRECTION('',(0.,1.,0.));
#1734=DIRECTION('',(1.,0.,0.));
#1735=DIRECTION('',(1.,0.,1.38777878078145E-15));
#1736=DIRECTION('',(0.,1.,0.));
#1737=DIRECTION('',(1.,0.,0.));
#1738=DIRECTION('',(0.613200149324892,0.,-0.789927576976478));
#1739=DIRECTION('',(0.,1.,0.));
#1740=DIRECTION('',(1.,0.,0.));
#1741=DIRECTION('',(0.,0.,-1.));
#1742=DIRECTION('',(0.,1.,0.));
#1743=DIRECTION('',(1.,0.,0.));
#1744=DIRECTION('',(0.,1.,0.));
#1745=DIRECTION('',(1.,0.,0.));
#1746=DIRECTION('',(-1.,0.,0.));
#1747=DIRECTION('',(0.,1.,0.));
#1748=DIRECTION('',(1.,0.,0.));
#1749=DIRECTION('',(0.,0.,-1.));
#1750=DIRECTION('',(0.,1.,0.));
#1751=DIRECTION('',(1.,0.,0.));
#1752=DIRECTION('',(0.,1.,0.));
#1753=DIRECTION('',(1.,0.,0.));
#1754=DIRECTION('',(0.,1.,0.));
#1755=DIRECTION('',(1.,0.,0.));
#1756=DIRECTION('',(0.,0.,1.));
#1757=DIRECTION('',(0.,1.,0.));
#1758=DIRECTION('',(1.,0.,0.));
#1759=DIRECTION('',(1.,0.,0.));
#1760=DIRECTION('',(0.,1.,0.));
#1761=DIRECTION('',(1.,0.,0.));
#1762=DIRECTION('',(0.,-1.,0.));
#1763=DIRECTION('',(-1.,0.,0.));
#1764=DIRECTION('',(0.,1.,0.));
#1765=DIRECTION('',(1.,0.,0.));
#1766=DIRECTION('',(0.,-1.,0.));
#1767=DIRECTION('',(0.,-1.,0.));
#1768=DIRECTION('',(1.38777878078145E-15,0.,-1.));
#1769=DIRECTION('',(-1.,0.,-1.38777878078145E-15));
#1770=DIRECTION('',(0.,1.,0.));
#1771=DIRECTION('',(-1.,0.,-1.38777878078145E-15));
#1772=DIRECTION('',(0.,1.,0.));
#1773=DIRECTION('',(1.,0.,1.38777878078145E-15));
#1774=DIRECTION('',(0.,1.,0.));
#1775=DIRECTION('',(1.,0.,0.));
#1776=DIRECTION('',(-0.613200149324892,0.,0.789927576976478));
#1777=DIRECTION('',(0.,1.,0.));
#1778=DIRECTION('',(1.,0.,0.));
#1779=DIRECTION('',(4.77065114057481E-16,0.,-1.));
#1780=DIRECTION('',(0.456316647596276,0.,-0.889817462812737));
#1781=DIRECTION('',(0.,1.,0.));
#1782=DIRECTION('',(1.,0.,0.));
#1783=DIRECTION('',(-1.,0.,0.));
#1784=DIRECTION('',(0.,0.,-1.));
#1785=DIRECTION('',(0.,1.,0.));
#1786=DIRECTION('',(1.,0.,0.));
#1787=DIRECTION('',(0.,0.,1.));
#1788=DIRECTION('',(-1.,0.,0.));
#1789=DIRECTION('',(0.,1.,0.));
#1790=DIRECTION('',(1.,0.,0.));
#1791=DIRECTION('',(1.,0.,-2.16840434497101E-16));
#1792=DIRECTION('',(0.,1.,0.));
#1793=DIRECTION('',(1.,0.,0.));
#1794=DIRECTION('',(0.,0.,1.));
#1795=DIRECTION('',(0.,1.,0.));
#1796=DIRECTION('',(1.,0.,0.));
#1797=DIRECTION('',(1.,0.,0.));
#1798=DIRECTION('',(0.,-1.,0.));
#1799=DIRECTION('',(0.,-1.,0.));
#1800=DIRECTION('',(0.,-1.,0.));
#1801=DIRECTION('',(0.,0.,1.));
#1802=DIRECTION('',(0.,-1.,0.));
#1803=DIRECTION('',(0.,-1.,0.));
#1804=DIRECTION('',(0.,-1.,0.));
#1805=DIRECTION('',(-1.,0.,0.));
#1806=DIRECTION('',(0.,1.,0.));
#1807=DIRECTION('',(1.,0.,0.));
#1808=DIRECTION('',(-1.53329341695152E-16,-0.707106781062887,-0.707106781310208));
#1809=DIRECTION('',(1.53329341641523E-16,-0.707106781310208,0.707106781062887));
#1810=DIRECTION('',(-1.53329341711325E-16,-0.707106780988303,-0.707106781384793));
#1811=DIRECTION('',(1.5332934162535E-16,-0.707106781384793,0.707106780988303));
#1812=DIRECTION('',(0.,-1.,0.));
#1813=DIRECTION('',(0.,0.,-1.));
#1814=DIRECTION('',(0.,1.,0.));
#1815=DIRECTION('',(0.,-1.,0.));
#1816=DIRECTION('',(1.,0.,0.));
#1817=DIRECTION('',(1.,0.,0.));
#1818=DIRECTION('',(0.,-1.,0.));
#1819=DIRECTION('',(0.,0.,1.));
#1820=DIRECTION('',(0.,-1.,0.));
#1821=DIRECTION('',(0.,-1.,0.));
#1822=DIRECTION('',(-1.,0.,0.));
#1823=DIRECTION('',(0.,1.,0.));
#1824=DIRECTION('',(1.,0.,0.));
#1825=DIRECTION('',(0.,-1.,0.));
#1826=DIRECTION('',(-1.,0.,0.));
#1827=DIRECTION('',(0.,1.,0.));
#1828=DIRECTION('',(0.,-1.,0.));
#1829=DIRECTION('',(0.,0.,-1.));
#1830=DIRECTION('',(0.,0.,-1.));
#1831=DIRECTION('',(0.,1.,0.));
#1832=DIRECTION('',(1.,0.,0.));
#1833=DIRECTION('',(0.,-1.,0.));
#1834=DIRECTION('',(0.,-1.,0.));
#1835=DIRECTION('',(-1.,0.,0.));
#1836=DIRECTION('',(0.,-1.,0.));
#1837=DIRECTION('',(0.,1.,0.));
#1838=DIRECTION('',(1.,0.,0.));
#1839=DIRECTION('',(0.,0.,1.));
#1840=DIRECTION('',(0.,-1.,0.));
#1841=DIRECTION('',(0.,-1.,0.));
#1842=DIRECTION('',(-1.,0.,0.));
#1843=DIRECTION('',(0.,1.,0.));
#1844=DIRECTION('',(0.,-1.,0.));
#1845=DIRECTION('',(0.,-1.,0.));
#1846=DIRECTION('',(-1.,0.,0.));
#1847=DIRECTION('',(-2.16840434497101E-16,0.,-1.));
#1848=DIRECTION('',(-1.,0.,2.16840434497101E-16));
#1849=DIRECTION('',(0.,1.,0.));
#1850=DIRECTION('',(-1.,0.,2.16840434497101E-16));
#1851=DIRECTION('',(-1.,0.,2.16840434497101E-16));
#1852=DIRECTION('',(0.,1.,0.));
#1853=DIRECTION('',(1.,0.,-2.16840434497101E-16));
#1854=DIRECTION('',(1.,0.,0.));
#1855=DIRECTION('',(0.,-1.,0.));
#1856=DIRECTION('',(0.,1.,0.));
#1857=DIRECTION('',(0.,0.,1.));
#1858=DIRECTION('',(0.,1.,0.));
#1859=DIRECTION('',(0.,0.,-1.));
#1860=DIRECTION('',(-0.789927576976477,0.,0.613200149324893));
#1861=DIRECTION('',(0.613200149324893,0.,0.789927576976477));
#1862=DIRECTION('',(0.,1.,0.));
#1863=DIRECTION('',(0.613200149324893,0.,0.789927576976477));
#1864=DIRECTION('',(0.,1.,0.));
#1865=DIRECTION('',(-0.613200149324893,0.,-0.789927576976477));
#1866=DIRECTION('',(-0.789927576976478,0.,-0.613200149324892));
#1867=DIRECTION('',(-0.613200149324892,0.,0.789927576976478));
#1868=DIRECTION('',(0.,1.,0.));
#1869=DIRECTION('',(0.613200149324892,0.,-0.789927576976478));
#1870=DIRECTION('',(0.,1.,0.));
#1871=DIRECTION('',(-0.613200149324892,0.,0.789927576976478));
#1872=DIRECTION('',(1.,0.,0.));
#1873=DIRECTION('',(0.,-1.,0.));
#1874=DIRECTION('',(0.,1.,0.));
#1875=DIRECTION('',(0.,0.,-1.));
#1876=DIRECTION('',(0.,1.,0.));
#1877=DIRECTION('',(0.,0.,1.));
#1878=DIRECTION('',(0.,1.,0.));
#1879=DIRECTION('',(1.,0.,0.));
#1880=DIRECTION('',(0.,1.,0.));
#1881=DIRECTION('',(1.,0.,0.));
#1882=DIRECTION('',(1.,0.,-2.16840434497101E-16));
#1883=DIRECTION('',(0.,1.,0.));
#1884=DIRECTION('',(1.,0.,0.));
#1885=DIRECTION('',(0.456316647596275,0.,0.889817462812737));
#1886=DIRECTION('',(0.,0.,1.));
#1887=DIRECTION('',(0.,1.,0.));
#1888=DIRECTION('',(1.,0.,0.));
#1889=DIRECTION('',(-0.613200149324893,0.,-0.789927576976477));
#1890=DIRECTION('',(0.,1.,0.));
#1891=DIRECTION('',(1.,0.,0.));
#1892=DIRECTION('',(0.,0.,-1.));
#1893=DIRECTION('',(0.,1.,0.));
#1894=DIRECTION('',(1.,0.,0.));
#1895=DIRECTION('',(-4.77065114057481E-16,0.,1.));
#1896=DIRECTION('',(0.,1.,0.));
#1897=DIRECTION('',(1.,0.,0.));
#1898=DIRECTION('',(0.,1.,0.));
#1899=DIRECTION('',(1.,0.,0.));
#1900=DIRECTION('',(0.,0.,1.));
#1901=DIRECTION('',(-0.456316647596275,0.,-0.889817462812737));
#1902=DIRECTION('',(0.,1.,0.));
#1903=DIRECTION('',(1.,0.,0.));
#1904=DIRECTION('',(-1.,0.,-2.53351546710783E-16));
#1905=DIRECTION('',(0.,1.,0.));
#1906=DIRECTION('',(1.,0.,0.));
#1907=DIRECTION('',(0.456316647596276,0.,-0.889817462812737));
#1908=DIRECTION('',(-0.889817462812737,0.,0.456316647596275));
#1909=DIRECTION('',(0.456316647596275,0.,0.889817462812737));
#1910=DIRECTION('',(-0.456316647596275,0.,-0.889817462812737));
#1911=DIRECTION('',(0.,-1.,0.));
#1912=DIRECTION('',(-0.456316647596275,0.,-0.889817462812737));
#1913=DIRECTION('',(0.,-1.,0.));
#1914=DIRECTION('',(0.,-1.,0.));
#1915=DIRECTION('',(-0.889817462812737,0.,-0.456316647596276));
#1916=DIRECTION('',(-0.456316647596276,0.,0.889817462812737));
#1917=DIRECTION('',(-0.456316647596276,0.,0.889817462812737));
#1918=DIRECTION('',(0.,1.,0.));
#1919=DIRECTION('',(-0.456316647596276,0.,0.889817462812737));
#1920=DIRECTION('',(0.,-1.,0.));
#1921=DIRECTION('',(0.,-1.,0.));
#1922=DIRECTION('',(1.,0.,0.));
#1923=DIRECTION('',(0.,-1.,0.));
#1924=DIRECTION('',(0.,-1.,0.));
#1925=DIRECTION('',(0.,0.,-1.));
#1926=DIRECTION('',(1.,0.,4.77065114057481E-16));
#1927=DIRECTION('',(4.77065114057481E-16,0.,-1.));
#1928=DIRECTION('',(-4.77065114057481E-16,0.,1.));
#1929=DIRECTION('',(0.,1.,0.));
#1930=DIRECTION('',(-2.53351546710783E-16,0.,1.));
#1931=DIRECTION('',(1.,0.,2.53351546710783E-16));
#1932=DIRECTION('',(0.,-1.,0.));
#1933=DIRECTION('',(1.,0.,2.53351546710783E-16));
#1934=DIRECTION('',(0.,-1.,0.));
#1935=DIRECTION('',(1.,0.,0.));
#1936=DIRECTION('',(0.,-1.,0.));
#1937=DIRECTION('',(0.,-1.,0.));
#1938=DIRECTION('',(0.,-1.,0.));
#1939=DIRECTION('',(0.,-1.,0.));
#1940=DIRECTION('',(-1.,0.,0.));
#1941=DIRECTION('',(0.,-1.,0.));
#1942=DIRECTION('',(0.,-1.,0.));
#1943=DIRECTION('',(0.,0.,-1.));
#1944=DIRECTION('',(0.,1.,0.));
#1945=DIRECTION('',(0.,-1.,0.));
#1946=DIRECTION('',(0.,-1.,0.));
#1947=DIRECTION('',(-1.,0.,0.));
#1948=DIRECTION('',(0.,1.,0.));
#1949=DIRECTION('',(0.,-1.,0.));
#1950=DIRECTION('',(0.,-1.,0.));
#1951=DIRECTION('',(0.,0.,1.));
#1952=DIRECTION('',(0.,-1.,0.));
#1953=DIRECTION('',(0.,-1.,0.));
#1954=DIRECTION('',(0.,1.,0.));
#1955=DIRECTION('',(0.,-1.,0.));
#1956=DIRECTION('',(-1.,0.,0.));
#1957=DIRECTION('',(0.,-1.,0.));
#1958=DIRECTION('',(0.,-1.,0.));
#1959=DIRECTION('',(0.,1.,0.));
#1960=DIRECTION('',(1.,0.,0.));
#1961=DIRECTION('',(0.,1.,0.));
#1962=DIRECTION('',(1.,0.,0.));
#1963=DIRECTION('',(0.,-1.,0.));
#1964=DIRECTION('',(-1.,0.,0.));
#1965=DIRECTION('',(0.,1.,0.));
#1966=DIRECTION('',(1.,0.,0.));
#1967=DIRECTION('',(0.,1.,0.));
#1968=DIRECTION('',(1.,0.,0.));
#1969=DIRECTION('',(0.,-1.,0.));
#1970=DIRECTION('',(-1.,0.,0.));
#1971=DIRECTION('',(0.,-1.,0.));
#1972=DIRECTION('',(-1.,0.,0.));
#1973=DIRECTION('',(0.,-1.,0.));
#1974=DIRECTION('',(-1.,0.,0.));
#1975=DIRECTION('',(0.,-1.,0.));
#1976=DIRECTION('',(-1.,0.,0.));
#1977=DIRECTION('',(0.,-1.,0.));
#1978=DIRECTION('',(-1.,0.,0.));
#1979=DIRECTION('',(-0.629195961973095,-0.707106781186547,-0.322664595883638));
#1980=DIRECTION('',(-0.456316647596276,0.,0.889817462812737));
#1981=DIRECTION('',(-0.629195961973095,-0.707106781186547,-0.322664595883638));
#1982=DIRECTION('',(0.629195961973095,-0.707106781186548,0.322664595883638));
#1983=DIRECTION('',(-0.629195961973095,0.707106781186548,-0.322664595883637));
#1984=DIRECTION('',(0.,-1.,0.));
#1985=DIRECTION('',(-1.,0.,0.));
#1986=DIRECTION('',(0.,0.707106781186561,0.707106781186535));
#1987=DIRECTION('',(-1.79146596703295E-16,-0.707106781186547,0.707106781186548));
#1988=DIRECTION('',(1.,0.,2.53351546710783E-16));
#1989=DIRECTION('',(0.,0.707106781186548,0.707106781186547));
#1990=DIRECTION('',(0.,-1.,0.));
#1991=DIRECTION('',(-1.,0.,0.));
#1992=DIRECTION('',(0.629195961973095,0.707106781186548,-0.322664595883638));
#1993=DIRECTION('',(-0.629195961973095,0.707106781186548,0.322664595883638));
#1994=DIRECTION('',(-0.456316647596275,0.,-0.889817462812737));
#1995=DIRECTION('',(-0.629195961973095,0.707106781186548,0.322664595883638));
#1996=DIRECTION('',(-0.629195961973095,-0.707106781186547,0.322664595883638));
#1997=DIRECTION('',(0.707106781186548,0.707106781186548,3.37335977217578E-16));
#1998=DIRECTION('',(4.77065114057481E-16,0.,-1.));
#1999=DIRECTION('',(-0.697020125651749,0.697020125651749,-0.168302967510496));
#2000=DIRECTION('',(-0.629195961973095,-0.707106781186547,-0.322664595883638));
#2001=DIRECTION('',(0.456316647596276,0.,-0.889817462812737));
#2002=DIRECTION('',(-0.629195961973095,-0.707106781186547,-0.322664595883638));
#2003=DIRECTION('',(0.629195961973095,-0.707106781186548,0.322664595883638));
#2004=DIRECTION('',(-0.629195961973095,0.707106781186548,0.322664595883638));
#2005=DIRECTION('',(0.456316647596275,0.,0.889817462812737));
#2006=DIRECTION('',(-0.629195961973095,0.707106781186548,0.322664595883638));
#2007=DIRECTION('',(-0.629195961973095,-0.707106781186548,0.322664595883638));
#2008=DIRECTION('',(0.697020125651749,0.697020125651749,-0.168302967510497));
#2009=DIRECTION('',(0.707106781186548,-0.707106781186548,0.));
#2010=DIRECTION('',(0.,0.,1.));
#2011=DIRECTION('',(0.,-1.,0.));
#2012=DIRECTION('',(-1.,0.,0.));
#2013=DIRECTION('',(0.,-1.,0.));
#2014=DIRECTION('',(-1.,0.,0.));
#2015=DIRECTION('',(0.,1.,0.));
#2016=DIRECTION('',(1.,0.,0.));
#2017=DIRECTION('',(0.,1.,0.));
#2018=DIRECTION('',(1.,0.,0.));
#2019=DIRECTION('',(0.,1.,0.));
#2020=DIRECTION('',(1.,0.,0.));
#2021=DIRECTION('',(0.,-1.,0.));
#2022=DIRECTION('',(-1.,0.,0.));
#2023=DIRECTION('',(0.,1.,0.));
#2024=DIRECTION('',(1.,0.,0.));
#2025=DIRECTION('',(0.,1.,0.));
#2026=DIRECTION('',(1.,0.,0.));
#2027=DIRECTION('',(0.,-1.,0.));
#2028=DIRECTION('',(-1.,0.,0.));
#2029=DIRECTION('',(0.,1.,0.));
#2030=DIRECTION('',(1.,0.,0.));
#2031=DIRECTION('',(0.,1.,0.));
#2032=DIRECTION('',(1.,0.,0.));
#2033=DIRECTION('',(0.,-1.,0.));
#2034=DIRECTION('',(-1.,0.,0.));
#2035=DIRECTION('',(0.,1.,0.));
#2036=DIRECTION('',(1.,0.,0.));
#2037=DIRECTION('',(0.,1.,0.));
#2038=DIRECTION('',(1.,0.,0.));
#2039=DIRECTION('',(0.,1.,0.));
#2040=DIRECTION('',(1.,0.,0.));
#2041=DIRECTION('',(0.,1.,0.));
#2042=DIRECTION('',(1.,0.,0.));
#2043=DIRECTION('',(0.,1.,0.));
#2044=DIRECTION('',(1.,0.,0.));
#2045=DIRECTION('',(0.,-1.,0.));
#2046=DIRECTION('',(-1.,0.,0.));
#2047=DIRECTION('',(0.,1.,0.));
#2048=DIRECTION('',(1.,0.,0.));
#2049=DIRECTION('',(0.,1.,0.));
#2050=DIRECTION('',(1.,0.,0.));
#2051=DIRECTION('',(0.,1.,0.));
#2052=DIRECTION('',(1.,0.,0.));
#2053=DIRECTION('',(-0.558563146326326,0.707106781186548,0.433597983812236));
#2054=DIRECTION('',(-0.558563146326326,-0.707106781186547,0.433597983812236));
#2055=DIRECTION('',(-0.613200149324893,0.,-0.789927576976477));
#2056=DIRECTION('',(-0.558563146326325,0.707106781186549,0.433597983812235));
#2057=DIRECTION('',(0.,1.,0.));
#2058=DIRECTION('',(1.,0.,0.));
#2059=DIRECTION('',(-0.707106781186548,0.707106781186548,0.));
#2060=DIRECTION('',(0.707106781186548,0.707106781186548,0.));
#2061=DIRECTION('',(0.,0.,-1.));
#2062=DIRECTION('',(-0.707106781186548,0.707106781186548,0.));
#2063=DIRECTION('',(0.,1.,0.));
#2064=DIRECTION('',(1.,0.,0.));
#2065=DIRECTION('',(0.,0.707106781186548,-0.707106781186548));
#2066=DIRECTION('',(-1.53329341695152E-16,-0.707106781062887,-0.707106781310208));
#2067=DIRECTION('',(1.,0.,-2.16840434497101E-16));
#2068=DIRECTION('',(-1.53329341711325E-16,-0.707106780988303,-0.707106781384793));
#2069=DIRECTION('',(1.,0.,-2.16840434497101E-16));
#2070=DIRECTION('',(0.,0.707106781384793,-0.707106780988303));
#2071=DIRECTION('',(0.,1.,0.));
#2072=DIRECTION('',(1.,0.,0.));
#2073=DIRECTION('',(0.707106781186548,0.707106781186548,0.));
#2074=DIRECTION('',(0.707106781186548,-0.707106781186548,0.));
#2075=DIRECTION('',(0.,0.,1.));
#2076=DIRECTION('',(0.707106781186548,0.707106781186548,0.));
#2077=DIRECTION('',(0.,1.,0.));
#2078=DIRECTION('',(1.,0.,0.));
#2079=DIRECTION('',(0.558563146326326,0.707106781186548,0.433597983812235));
#2080=DIRECTION('',(-0.558563146326326,0.707106781186547,-0.433597983812235));
#2081=DIRECTION('',(-0.613200149324892,0.,0.789927576976478));
#2082=DIRECTION('',(0.558563146326326,0.707106781186548,0.433597983812235));
#2083=DIRECTION('',(0.,1.,0.));
#2084=DIRECTION('',(1.,0.,0.));
#2085=DIRECTION('',(-9.8130778667736E-16,0.707106781186547,0.707106781186548));
#2086=DIRECTION('',(1.,0.,1.38777878078145E-15));
#2087=DIRECTION('',(9.19976050010024E-16,0.707106781186548,-0.707106781186547));
#2088=DIRECTION('',(-9.19976050010024E-16,-0.707106781186548,0.707106781186548));
#2089=DIRECTION('',(0.,-1.,0.));
#2090=DIRECTION('',(-1.,0.,0.));
#2091=DIRECTION('',(0.558563146326326,-0.707106781186548,0.433597983812236));
#2092=DIRECTION('',(0.,-1.,0.));
#2093=DIRECTION('',(-1.,0.,0.));
#2094=DIRECTION('',(0.558563146326326,0.707106781186548,-0.433597983812236));
#2095=DIRECTION('',(0.558563146326327,0.707106781186547,0.433597983812236));
#2096=DIRECTION('',(0.613200149324892,0.,-0.789927576976478));
#2097=DIRECTION('',(0.558563146326326,-0.707106781186548,0.433597983812235));
#2098=DIRECTION('',(0.558563146326327,-0.707106781186546,-0.433597983812237));
#2099=DIRECTION('',(0.613200149324893,0.,0.789927576976477));
#2100=DIRECTION('',(0.558563146326325,0.707106781186548,-0.433597983812235));
#2101=DIRECTION('',(0.,-1.,0.));
#2102=DIRECTION('',(-1.,0.,0.));
#2103=DIRECTION('',(0.707106781186548,-0.707106781186548,0.));
#2104=DIRECTION('',(0.,-1.,0.));
#2105=DIRECTION('',(-1.,0.,0.));
#2106=DIRECTION('',(0.707106781186548,0.707106781186548,0.));
#2107=DIRECTION('',(-0.707106781186548,-0.707106781186548,0.));
#2108=DIRECTION('',(0.,0.,-1.));
#2109=DIRECTION('',(0.707106781186548,-0.707106781186548,0.));
#2110=DIRECTION('',(-0.707106781186548,0.707106781186548,0.));
#2111=DIRECTION('',(0.,0.,1.));
#2112=DIRECTION('',(0.707106781186548,0.707106781186548,0.));
#2113=DIRECTION('',(0.,-1.,0.));
#2114=DIRECTION('',(-1.,0.,0.));
#2115=DIRECTION('',(0.,-0.707106781186548,-0.707106781186547));
#2116=DIRECTION('',(0.,-1.,0.));
#2117=DIRECTION('',(-1.,0.,0.));
#2118=DIRECTION('',(0.,0.707106781186548,0.707106781186548));
#2119=DIRECTION('',(1.53329341668337E-16,-0.707106781186548,0.707106781186548));
#2120=DIRECTION('',(-1.,0.,2.16840434497101E-16));
#2121=CARTESIAN_POINT('',(0.,0.,0.));
#2122=CARTESIAN_POINT('',(3.46944695195361E-18,0.,-3.46944695195361E-18));
#2123=CARTESIAN_POINT('',(-4.33680868994202E-19,0.,-3.03576608295941E-18));
#2124=CARTESIAN_POINT('',(0.00724137931034482,0.,-0.0159314916339842));
#2125=CARTESIAN_POINT('',(0.0161673467358012,0.,-0.00669827586206898));
#2126=CARTESIAN_POINT('',(0.006,0.,-0.0132003787824441));
#2127=CARTESIAN_POINT('',(0.003,0.,-0.0132003787824441));
#2128=CARTESIAN_POINT('',(0.003,0.,-0.0071131074163862));
#2129=CARTESIAN_POINT('',(0.003,0.,-0.00555));
#2130=CARTESIAN_POINT('',(0.006,0.,-0.00555));
#2131=CARTESIAN_POINT('',(0.006,0.,-0.00255));
#2132=CARTESIAN_POINT('',(0.0101566087470787,0.,-0.00255));
#2133=CARTESIAN_POINT('',(0.0133958015810925,0.,-0.00255));
#2134=CARTESIAN_POINT('',(0.0133958015810925,0.,-0.00555));
#2135=CARTESIAN_POINT('',(-8.67361737988404E-19,0.,-3.46944695195361E-18));
#2136=CARTESIAN_POINT('',(0.0138373523145979,0.,0.0172959585141065));
#2137=CARTESIAN_POINT('',(0.0149218380235144,0.,0.0163695219844686));
#2138=CARTESIAN_POINT('',(0.0132126411491533,0.,0.0165151025992484));
#2139=CARTESIAN_POINT('',(0.012756324501557,0.,0.0174049200620611));
#2140=CARTESIAN_POINT('',(0.018976659615237,0.,0.0052752665903851));
#2141=CARTESIAN_POINT('',(0.018976659615237,0.,0.0052752665903851));
#2142=CARTESIAN_POINT('',(0.0154173897639861,0.,0.00345));
#2143=CARTESIAN_POINT('',(0.0154173897639861,0.,-0.000549999999999966));
#2144=CARTESIAN_POINT('',(-0.0154173897639861,0.,-0.00055000000000001));
#2145=CARTESIAN_POINT('',(-0.0154173897639861,0.,-0.00055000000000001));
#2146=CARTESIAN_POINT('',(-0.0154173897639861,0.,0.00345));
#2147=CARTESIAN_POINT('',(-0.018976659615237,0.,0.00527526659038509));
#2148=CARTESIAN_POINT('',(-0.0171672083369474,0.,0.00880369658304993));
#2149=CARTESIAN_POINT('',(-0.012756324501557,0.,0.0174049200620611));
#2150=CARTESIAN_POINT('',(-0.0132126411491533,0.,0.0165151025992484));
#2151=CARTESIAN_POINT('',(-0.0138373523145979,0.,0.0172959585141065));
#2152=CARTESIAN_POINT('',(-8.67361737988404E-19,0.,-3.46944695195361E-18));
#2153=CARTESIAN_POINT('',(-0.0149218380235144,0.,0.0163695219844686));
#2154=CARTESIAN_POINT('',(-0.0156456800039915,0.,0.0163695219844686));
#2155=CARTESIAN_POINT('',(-0.0163695219844685,0.,0.0163695219844686));
#2156=CARTESIAN_POINT('',(-0.0163695219844685,0.,0.0156456800039915));
#2157=CARTESIAN_POINT('',(-0.0163695219844686,0.,0.0149218380235144));
#2158=CARTESIAN_POINT('',(-5.20417042793042E-18,0.,1.12757025938492E-17));
#2159=CARTESIAN_POINT('',(-0.0163695219844686,0.,-0.0149218380235144));
#2160=CARTESIAN_POINT('',(-0.0163695219844685,0.,-0.0156456800039915));
#2161=CARTESIAN_POINT('',(-0.0163695219844685,0.,-0.0163695219844686));
#2162=CARTESIAN_POINT('',(-0.0156456800039915,0.,-0.0163695219844686));
#2163=CARTESIAN_POINT('',(-0.0149218380235144,0.,-0.0163695219844686));
#2164=CARTESIAN_POINT('',(-1.7347234759768E-18,0.,3.46944695195361E-18));
#2165=CARTESIAN_POINT('',(0.0149218380235144,0.,-0.0163695219844686));
#2166=CARTESIAN_POINT('',(0.0156456800039915,0.,-0.0163695219844686));
#2167=CARTESIAN_POINT('',(0.0163695219844686,0.,-0.0163695219844686));
#2168=CARTESIAN_POINT('',(0.0163695219844685,0.,-0.0156456800039915));
#2169=CARTESIAN_POINT('',(0.0163695219844686,0.,-0.0149218380235144));
#2170=CARTESIAN_POINT('',(-5.20417042793042E-18,0.,-4.33680868994202E-18));
#2171=CARTESIAN_POINT('',(0.0163695219844685,0.,0.0149218380235144));
#2172=CARTESIAN_POINT('',(0.0163695219844685,0.,0.0156456800039915));
#2173=CARTESIAN_POINT('',(0.0163695219844686,0.,0.0163695219844686));
#2174=CARTESIAN_POINT('',(0.0156456800039915,0.,0.0163695219844686));
#2175=CARTESIAN_POINT('',(-0.0101566087470787,0.,-0.00255));
#2176=CARTESIAN_POINT('',(-0.006,0.,-0.00255));
#2177=CARTESIAN_POINT('',(-0.0133958015810925,0.,-0.00255));
#2178=CARTESIAN_POINT('',(-0.006,0.,-0.00555));
#2179=CARTESIAN_POINT('',(-0.003,0.,-0.00555));
#2180=CARTESIAN_POINT('',(-0.003,0.,-0.0144585772411695));
#2181=CARTESIAN_POINT('',(-0.003,0.,-0.0132003787824441));
#2182=CARTESIAN_POINT('',(-0.006,0.,-0.0132003787824441));
#2183=CARTESIAN_POINT('',(-0.00724137931034482,0.,-0.0159314916339842));
#2184=CARTESIAN_POINT('',(6.07153216591882E-18,0.,2.38524477946811E-18));
#2185=CARTESIAN_POINT('',(-0.0161673467358013,0.,-0.00669827586206898));
#2186=CARTESIAN_POINT('',(-0.0133958015810925,0.,-0.00555));
#2187=CARTESIAN_POINT('',(3.46944695195361E-18,0.051,-3.46944695195361E-18));
#2188=CARTESIAN_POINT('',(0.022,0.051,-0.01215));
#2189=CARTESIAN_POINT('',(0.03,0.051,-0.01215));
#2190=CARTESIAN_POINT('',(0.022,0.051,-0.02015));
#2191=CARTESIAN_POINT('',(-8.99887803162968E-19,0.051,-0.02015));
#2192=CARTESIAN_POINT('',(-0.022,0.051,-0.02015));
#2193=CARTESIAN_POINT('',(-0.022,0.051,-0.01215));
#2194=CARTESIAN_POINT('',(-0.03,0.051,-0.01215));
#2195=CARTESIAN_POINT('',(-0.03,0.051,-0.00342583776691515));
#2196=CARTESIAN_POINT('',(-0.03,0.051,-0.00342583776691515));
#2197=CARTESIAN_POINT('',(-0.022,0.051,-0.00342583776691515));
#2198=CARTESIAN_POINT('',(-0.0283194206158118,0.051,0.001479763427684));
#2199=CARTESIAN_POINT('',(-0.0183876833058207,0.051,0.0142738783624007));
#2200=CARTESIAN_POINT('',(-0.0139227710754119,0.051,0.0200256011945991));
#2201=CARTESIAN_POINT('',(-0.0076033504596001,0.051,0.01512));
#2202=CARTESIAN_POINT('',(-0.00760335045960011,0.051,0.02312));
#2203=CARTESIAN_POINT('',(0.00760335045960009,0.051,0.02312));
#2204=CARTESIAN_POINT('',(0.00760335045960009,0.051,0.02312));
#2205=CARTESIAN_POINT('',(0.0076033504596001,0.051,0.01512));
#2206=CARTESIAN_POINT('',(0.0139227710754119,0.051,0.0200256011945991));
#2207=CARTESIAN_POINT('',(0.0283194206158118,0.051,0.00147976342768397));
#2208=CARTESIAN_POINT('',(0.0283194206158118,0.051,0.00147976342768396));
#2209=CARTESIAN_POINT('',(0.022,0.051,-0.00342583776691518));
#2210=CARTESIAN_POINT('',(0.03,0.051,-0.00342583776691518));
#2211=CARTESIAN_POINT('',(0.03,0.051,-3.46944695195361E-18));
#2212=CARTESIAN_POINT('',(-4.33680868994202E-19,0.051,-3.03576608295941E-18));
#2213=CARTESIAN_POINT('',(0.0161673467358012,0.051,-0.00669827586206898));
#2214=CARTESIAN_POINT('',(0.00724137931034482,0.051,-0.0159314916339842));
#2215=CARTESIAN_POINT('',(0.0133958015810925,0.051,-0.00555));
#2216=CARTESIAN_POINT('',(0.0133958015810925,0.051,-0.00255));
#2217=CARTESIAN_POINT('',(3.46944695195361E-18,0.051,-0.00255));
#2218=CARTESIAN_POINT('',(0.006,0.051,-0.00255));
#2219=CARTESIAN_POINT('',(0.006,0.051,-0.00555));
#2220=CARTESIAN_POINT('',(0.003,0.051,-0.00555));
#2221=CARTESIAN_POINT('',(0.003,0.051,-3.46944695195361E-18));
#2222=CARTESIAN_POINT('',(0.003,0.051,-0.0132003787824441));
#2223=CARTESIAN_POINT('',(0.006,0.051,-0.0132003787824441));
#2224=CARTESIAN_POINT('',(6.07153216591882E-18,0.051,2.38524477946811E-18));
#2225=CARTESIAN_POINT('',(-0.00724137931034482,0.051,-0.0159314916339842));
#2226=CARTESIAN_POINT('',(-0.0161673467358013,0.051,-0.00669827586206898));
#2227=CARTESIAN_POINT('',(-0.006,0.051,-0.0132003787824441));
#2228=CARTESIAN_POINT('',(-0.003,0.051,-0.0132003787824441));
#2229=CARTESIAN_POINT('',(-0.003,0.051,-3.46944695195361E-18));
#2230=CARTESIAN_POINT('',(-0.003,0.051,-0.00555));
#2231=CARTESIAN_POINT('',(-0.006,0.051,-0.00555));
#2232=CARTESIAN_POINT('',(-0.006,0.051,-0.00255));
#2233=CARTESIAN_POINT('',(3.46944695195361E-18,0.051,-0.00255));
#2234=CARTESIAN_POINT('',(-0.0133958015810925,0.051,-0.00255));
#2235=CARTESIAN_POINT('',(-0.0133958015810925,0.051,-0.00555));
#2236=CARTESIAN_POINT('',(-8.67361737988404E-19,0.051,-3.46944695195361E-18));
#2237=CARTESIAN_POINT('',(-8.67361737988404E-19,0.036,-3.46944695195361E-18));
#2238=CARTESIAN_POINT('',(0.0138373523145979,0.036,0.0172959585141065));
#2239=CARTESIAN_POINT('',(0.0149218380235144,0.036,0.0163695219844686));
#2240=CARTESIAN_POINT('',(0.0138373523145979,0.051,0.0172959585141065));
#2241=CARTESIAN_POINT('',(0.0149218380235144,0.051,0.0163695219844686));
#2242=CARTESIAN_POINT('',(-0.00625,0.036,0.02512));
#2243=CARTESIAN_POINT('',(0.00760335045960009,0.036,0.02512));
#2244=CARTESIAN_POINT('',(0.00760335045960009,0.046,0.02512));
#2245=CARTESIAN_POINT('',(0.00760335045960009,0.049,0.02512));
#2246=CARTESIAN_POINT('',(-0.00760335045960012,0.049,0.02512));
#2247=CARTESIAN_POINT('',(-0.00760335045960012,0.049,0.02512));
#2248=CARTESIAN_POINT('',(-0.00760335045960012,0.036,0.02512));
#2249=CARTESIAN_POINT('',(-0.00760335045960012,0.046,0.02512));
#2250=CARTESIAN_POINT('',(-0.00625,0.046,0.02512));
#2251=CARTESIAN_POINT('',(5.55111512312578E-17,0.036,0.001485));
#2252=CARTESIAN_POINT('',(0.0176683734992064,0.036,0.0152004969440495));
#2253=CARTESIAN_POINT('',(0.0283194206158118,0.036,0.00147976342768397));
#2254=CARTESIAN_POINT('',(0.0139227710754119,0.036,0.0200256011945991));
#2255=CARTESIAN_POINT('',(0.0076033504596001,0.036,0.01512));
#2256=CARTESIAN_POINT('',(0.0112,0.036,0.0222659157624157));
#2257=CARTESIAN_POINT('',(0.0112,0.036,0.00148500000000001));
#2258=CARTESIAN_POINT('',(0.0112,0.036,0.0204397528400973));
#2259=CARTESIAN_POINT('',(0.0114679925302955,0.036,0.0199171674060212));
#2260=CARTESIAN_POINT('',(0.012756324501557,0.036,0.0174049200620611));
#2261=CARTESIAN_POINT('',(0.0132126411491533,0.036,0.0165151025992484));
#2262=CARTESIAN_POINT('',(0.0156456800039915,0.036,0.0163695219844686));
#2263=CARTESIAN_POINT('',(0.0163695219844686,0.036,0.0163695219844686));
#2264=CARTESIAN_POINT('',(0.0163695219844685,0.036,0.0156456800039915));
#2265=CARTESIAN_POINT('',(0.0163695219844685,0.036,0.0149218380235144));
#2266=CARTESIAN_POINT('',(-5.20417042793042E-18,0.036,-4.33680868994202E-18));
#2267=CARTESIAN_POINT('',(0.0163695219844686,0.036,-0.0149218380235144));
#2268=CARTESIAN_POINT('',(0.0163695219844685,0.036,-0.0156456800039915));
#2269=CARTESIAN_POINT('',(0.0163695219844686,0.036,-0.0163695219844686));
#2270=CARTESIAN_POINT('',(0.0156456800039915,0.036,-0.0163695219844686));
#2271=CARTESIAN_POINT('',(0.0149218380235144,0.036,-0.0163695219844686));
#2272=CARTESIAN_POINT('',(-1.7347234759768E-18,0.036,3.46944695195361E-18));
#2273=CARTESIAN_POINT('',(0.00919782582759675,0.036,-0.0201500000011215));
#2274=CARTESIAN_POINT('',(0.022,0.036,-0.0201500000011215));
#2275=CARTESIAN_POINT('',(0.022,0.036,-0.0201500000011215));
#2276=CARTESIAN_POINT('',(0.022,0.036,-0.01215));
#2277=CARTESIAN_POINT('',(0.03,0.036,-0.01215));
#2278=CARTESIAN_POINT('',(0.03,0.036,-0.00342583776691518));
#2279=CARTESIAN_POINT('',(0.03,0.036,-0.00342583776691518));
#2280=CARTESIAN_POINT('',(0.022,0.036,-0.00342583776691518));
#2281=CARTESIAN_POINT('',(0.0163695219844685,0.051,-0.0156456800039915));
#2282=CARTESIAN_POINT('',(0.0163695219844686,0.051,-0.0163695219844686));
#2283=CARTESIAN_POINT('',(0.0163695219844686,0.051,-0.0149218380235144));
#2284=CARTESIAN_POINT('',(0.0156456800039915,0.051,-0.0163695219844686));
#2285=CARTESIAN_POINT('',(0.0149218380235144,0.051,-0.0163695219844686));
#2286=CARTESIAN_POINT('',(-1.7347234759768E-18,0.051,3.46944695195361E-18));
#2287=CARTESIAN_POINT('',(-1.7347234759768E-18,0.036,3.46944695195361E-18));
#2288=CARTESIAN_POINT('',(-0.00919782582852106,0.036,-0.0201500000006996));
#2289=CARTESIAN_POINT('',(-0.0149218380235144,0.036,-0.0163695219844686));
#2290=CARTESIAN_POINT('',(-1.7347234759768E-18,0.0158499999922527,3.46944695195361E-18));
#2291=CARTESIAN_POINT('',(-9.24303114000639E-13,0.038,-0.02215));
#2292=CARTESIAN_POINT('',(-1.7347234759768E-18,0.01584999998758,3.46944695195361E-18));
#2293=CARTESIAN_POINT('',(-0.0149218380235144,0.051,-0.0163695219844686));
#2294=CARTESIAN_POINT('',(-0.0156456800039915,0.051,-0.0163695219844686));
#2295=CARTESIAN_POINT('',(-0.0163695219844685,0.051,-0.0163695219844686));
#2296=CARTESIAN_POINT('',(-0.0163695219844685,0.036,-0.0163695219844686));
#2297=CARTESIAN_POINT('',(-0.0156456800039915,0.036,-0.0163695219844686));
#2298=CARTESIAN_POINT('',(-0.0163695219844685,0.051,-0.0156456800039915));
#2299=CARTESIAN_POINT('',(-0.0163695219844685,0.036,-0.0156456800039915));
#2300=CARTESIAN_POINT('',(-0.0163695219844686,0.036,-0.0149218380235144));
#2301=CARTESIAN_POINT('',(-0.0163695219844686,0.051,-0.0149218380235144));
#2302=CARTESIAN_POINT('',(-5.20417042793042E-18,0.051,1.12757025938492E-17));
#2303=CARTESIAN_POINT('',(-5.20417042793042E-18,0.036,1.12757025938492E-17));
#2304=CARTESIAN_POINT('',(-0.0163695219844686,0.036,0.0149218380235144));
#2305=CARTESIAN_POINT('',(-0.0163695219844686,0.051,0.0149218380235144));
#2306=CARTESIAN_POINT('',(-0.0163695219844685,0.051,0.0156456800039915));
#2307=CARTESIAN_POINT('',(-0.0163695219844685,0.051,0.0163695219844686));
#2308=CARTESIAN_POINT('',(-0.0163695219844685,0.036,0.0163695219844686));
#2309=CARTESIAN_POINT('',(-0.0163695219844685,0.036,0.0156456800039915));
#2310=CARTESIAN_POINT('',(-0.0156456800039915,0.051,0.0163695219844686));
#2311=CARTESIAN_POINT('',(-0.0156456800039915,0.036,0.0163695219844686));
#2312=CARTESIAN_POINT('',(-0.0149218380235144,0.036,0.0163695219844686));
#2313=CARTESIAN_POINT('',(-0.0149218380235144,0.051,0.0163695219844686));
#2314=CARTESIAN_POINT('',(-8.67361737988404E-19,0.051,-3.46944695195361E-18));
#2315=CARTESIAN_POINT('',(-0.0138373523145979,0.051,0.0172959585141065));
#2316=CARTESIAN_POINT('',(-0.0138373523145979,0.036,0.0172959585141065));
#2317=CARTESIAN_POINT('',(-8.67361737988404E-19,0.036,-3.46944695195361E-18));
#2318=CARTESIAN_POINT('',(0.0156456800039915,0.051,0.0163695219844686));
#2319=CARTESIAN_POINT('',(0.0163695219844686,0.051,0.0163695219844686));
#2320=CARTESIAN_POINT('',(0.0163695219844685,0.051,0.0156456800039915));
#2321=CARTESIAN_POINT('',(0.0163695219844685,0.051,0.0149218380235144));
#2322=CARTESIAN_POINT('',(-5.20417042793042E-18,0.051,-4.33680868994202E-18));
#2323=CARTESIAN_POINT('',(0.016,0.036,-0.02215));
#2324=CARTESIAN_POINT('',(0.022,0.036,-0.02215));
#2325=CARTESIAN_POINT('',(0.022,0.049,-0.02215));
#2326=CARTESIAN_POINT('',(0.022,0.038,-0.02215));
#2327=CARTESIAN_POINT('',(-6.53773910008759E-18,0.038,-0.02215));
#2328=CARTESIAN_POINT('',(-0.022,0.038,-0.02215));
#2329=CARTESIAN_POINT('',(-0.022,0.038,-0.02215));
#2330=CARTESIAN_POINT('',(-0.022,0.051,-0.02215));
#2331=CARTESIAN_POINT('',(-0.022,0.049,-0.02215));
#2332=CARTESIAN_POINT('',(0.016,0.049,-0.02215));
#2333=CARTESIAN_POINT('',(-0.032,0.036,-0.011075));
#2334=CARTESIAN_POINT('',(-0.032,0.036,-0.01215));
#2335=CARTESIAN_POINT('',(-0.032,0.049,-0.01215));
#2336=CARTESIAN_POINT('',(-0.032,0.038,-0.01215));
#2337=CARTESIAN_POINT('',(-0.032,0.038,-0.011075));
#2338=CARTESIAN_POINT('',(-0.032,0.038,-0.00342583776691515));
#2339=CARTESIAN_POINT('',(-0.032,0.051,-0.00342583776691515));
#2340=CARTESIAN_POINT('',(-0.032,0.049,-0.00342583776691515));
#2341=CARTESIAN_POINT('',(-0.032,0.049,-0.01215));
#2342=CARTESIAN_POINT('',(-0.02225,0.036,0.01256));
#2343=CARTESIAN_POINT('',(-0.0298992757697648,0.036,0.00270616372633379));
#2344=CARTESIAN_POINT('',(-0.0298992757697648,0.049,0.00270616372633379));
#2345=CARTESIAN_POINT('',(-0.0298992757697648,0.038,0.00270616372633379));
#2346=CARTESIAN_POINT('',(-0.0155026262293649,0.038,0.0212520014932489));
#2347=CARTESIAN_POINT('',(-0.0155026262293649,0.038,0.0212520014932489));
#2348=CARTESIAN_POINT('',(-0.0155026262293649,0.051,0.0212520014932489));
#2349=CARTESIAN_POINT('',(-0.0155026262293649,0.049,0.0212520014932489));
#2350=CARTESIAN_POINT('',(-0.02225,0.049,0.01256));
#2351=CARTESIAN_POINT('',(0.02225,0.036,0.01256));
#2352=CARTESIAN_POINT('',(0.0155026262293649,0.036,0.0212520014932489));
#2353=CARTESIAN_POINT('',(0.0155026262293649,0.049,0.0212520014932489));
#2354=CARTESIAN_POINT('',(0.0155026262293649,0.038,0.0212520014932489));
#2355=CARTESIAN_POINT('',(0.02225,0.038,0.01256));
#2356=CARTESIAN_POINT('',(0.0298992757697648,0.038,0.00270616372633375));
#2357=CARTESIAN_POINT('',(0.0298992757697648,0.051,0.00270616372633375));
#2358=CARTESIAN_POINT('',(0.0298992757697648,0.049,0.00270616372633375));
#2359=CARTESIAN_POINT('',(0.0155026262293649,0.049,0.0212520014932489));
#2360=CARTESIAN_POINT('',(0.032,0.036,-0.011075));
#2361=CARTESIAN_POINT('',(0.032,0.036,-0.00342583776691518));
#2362=CARTESIAN_POINT('',(0.032,0.049,-0.00342583776691518));
#2363=CARTESIAN_POINT('',(0.032,0.038,-0.00342583776691518));
#2364=CARTESIAN_POINT('',(0.032,0.038,-0.01215));
#2365=CARTESIAN_POINT('',(0.032,0.038,-0.01215));
#2366=CARTESIAN_POINT('',(0.032,0.036,-0.01215));
#2367=CARTESIAN_POINT('',(0.032,0.049,-0.01215));
#2368=CARTESIAN_POINT('',(0.032,0.049,-0.011075));
#2369=CARTESIAN_POINT('',(5.55111512312578E-17,0.036,0.001485));
#2370=CARTESIAN_POINT('',(-0.022,0.036,-0.01215));
#2371=CARTESIAN_POINT('',(-0.03,0.036,-0.01215));
#2372=CARTESIAN_POINT('',(-0.022,0.036,-0.02015));
#2373=CARTESIAN_POINT('',(-6.10405823124508E-18,0.036,-0.0201500000006996));
#2374=CARTESIAN_POINT('',(-0.0132126411491533,0.036,0.0165151025992484));
#2375=CARTESIAN_POINT('',(-0.012756324501557,0.036,0.0174049200620611));
#2376=CARTESIAN_POINT('',(-0.0165642411323664,0.036,0.00997948263198281));
#2377=CARTESIAN_POINT('',(-0.0112,0.036,0.0204397528400973));
#2378=CARTESIAN_POINT('',(-0.0112,0.036,0.02512));
#2379=CARTESIAN_POINT('',(-0.0112,0.036,0.0222659157624157));
#2380=CARTESIAN_POINT('',(-0.0076033504596001,0.036,0.01512));
#2381=CARTESIAN_POINT('',(-0.0139227710754119,0.036,0.0200256011945991));
#2382=CARTESIAN_POINT('',(-0.0283194206158118,0.036,0.00147976342768401));
#2383=CARTESIAN_POINT('',(-0.0283194206158118,0.036,0.001479763427684));
#2384=CARTESIAN_POINT('',(-0.022,0.036,-0.00342583776691515));
#2385=CARTESIAN_POINT('',(-0.03,0.036,-0.00342583776691515));
#2386=CARTESIAN_POINT('',(-0.03,0.036,0.001485));
#2387=CARTESIAN_POINT('',(3.46944695195361E-18,0.046,-3.46944695195361E-18));
#2388=CARTESIAN_POINT('',(0.0102,0.046,0.023834532612984));
#2389=CARTESIAN_POINT('',(0.0102,0.046,0.0201982921400163));
#2390=CARTESIAN_POINT('',(0.0102,0.046,0.0247769876858335));
#2391=CARTESIAN_POINT('',(0.0076033504596001,0.046,0.01512));
#2392=CARTESIAN_POINT('',(-0.0076033504596001,0.046,0.01512));
#2393=CARTESIAN_POINT('',(-0.0102,0.046,0.0247769876858335));
#2394=CARTESIAN_POINT('',(-0.0102,0.046,0.023834532612984));
#2395=CARTESIAN_POINT('',(-0.0102,0.046,0.0201982921400163));
#2396=CARTESIAN_POINT('',(-0.0152636646512862,0.046,0.0103241460700081));
#2397=CARTESIAN_POINT('',(-0.0180868421524243,0.046,0.00481894994278881));
#2398=CARTESIAN_POINT('',(-0.0154173897639861,0.046,0.00345));
#2399=CARTESIAN_POINT('',(-0.0154173897639861,0.046,0.000449999999999991));
#2400=CARTESIAN_POINT('',(-0.0101636646512862,0.046,0.000449999999999992));
#2401=CARTESIAN_POINT('',(0.0154173897639861,0.046,0.00045));
#2402=CARTESIAN_POINT('',(0.0154173897639861,0.046,0.00345));
#2403=CARTESIAN_POINT('',(0.0180868421524243,0.046,0.00481894994278882));
#2404=CARTESIAN_POINT('',(0.0152636646512862,0.046,0.0103241460700081));
#2405=CARTESIAN_POINT('',(-0.0152636646512862,0.254817621135332,0.0103241460700081));
#2406=CARTESIAN_POINT('',(-0.0152636646512862,0.037,0.0103241460700081));
#2407=CARTESIAN_POINT('',(-0.0102,0.037,0.0201982921400163));
#2408=CARTESIAN_POINT('',(-0.0123228236863406,0.037,0.0160587859516521));
#2409=CARTESIAN_POINT('',(-0.0123228236863406,0.254817621135332,0.0160587859516521));
#2410=CARTESIAN_POINT('',(-0.0123228236863406,0.001,0.0160587859516521));
#2411=CARTESIAN_POINT('',(-0.0152636646512862,0.001,0.0103241460700081));
#2412=CARTESIAN_POINT('',(-0.0180868421524243,0.001,0.00481894994278882));
#2413=CARTESIAN_POINT('',(-0.0180868421524243,0.254817621135332,0.00481894994278882));
#2414=CARTESIAN_POINT('',(-0.0102,0.254817621135332,0.0201982921400163));
#2415=CARTESIAN_POINT('',(0.0152636646512862,0.254817621135332,0.0103241460700081));
#2416=CARTESIAN_POINT('',(0.0105781750674827,0.001,0.0194608507584249));
#2417=CARTESIAN_POINT('',(0.0180868421524243,0.001,0.00481894994278883));
#2418=CARTESIAN_POINT('',(0.0123228236863406,0.001,0.0160587859516521));
#2419=CARTESIAN_POINT('',(0.0123228236863406,0.037,0.0160587859516521));
#2420=CARTESIAN_POINT('',(0.0123228236863406,0.037,0.0160587859516521));
#2421=CARTESIAN_POINT('',(0.0102,0.037,0.0201982921400163));
#2422=CARTESIAN_POINT('',(0.0102,0.037,0.0201982921400163));
#2423=CARTESIAN_POINT('',(0.0102,0.254817621135332,0.0201982921400163));
#2424=CARTESIAN_POINT('',(0.0180868421524243,1.11022302462516E-16,0.00481894994278883));
#2425=CARTESIAN_POINT('',(-0.0102,0.254817621135332,0.023834532612984));
#2426=CARTESIAN_POINT('',(-0.0102,0.046,0.0247769876858335));
#2427=CARTESIAN_POINT('',(-0.0102,0.038,0.0247769876858335));
#2428=CARTESIAN_POINT('',(-0.0102,0.038,0.0247769876858335));
#2429=CARTESIAN_POINT('',(-0.0102,0.0376659667147197,0.0244310896727603));
#2430=CARTESIAN_POINT('',(-0.0102,0.0373325524064901,0.0240845963255501));
#2431=CARTESIAN_POINT('',(-0.0102,0.037,0.0237372739984488));
#2432=CARTESIAN_POINT('',(-0.0102,0.037,0.0237372739984488));
#2433=CARTESIAN_POINT('',(-0.0102,0.037,0.0201982921400163));
#2434=CARTESIAN_POINT('',(0.0102,0.254817621135332,0.023834532612984));
#2435=CARTESIAN_POINT('',(0.0102,0.037,0.023834532612984));
#2436=CARTESIAN_POINT('',(0.0102,0.037,0.0237372739984488));
#2437=CARTESIAN_POINT('',(0.0102,0.037,0.0237372739984488));
#2438=CARTESIAN_POINT('',(0.0102,0.0373325524064901,0.0240845963255501));
#2439=CARTESIAN_POINT('',(0.0102,0.0376659667147197,0.0244310896727603));
#2440=CARTESIAN_POINT('',(0.0102,0.038,0.0247769876858335));
#2441=CARTESIAN_POINT('',(0.0102,0.038,0.0247769876858335));
#2442=CARTESIAN_POINT('',(0.0102,0.037,0.0247769876858335));
#2443=CARTESIAN_POINT('',(-0.0101636646512862,0.254817621135332,0.000449999999999992));
#2444=CARTESIAN_POINT('',(-0.0154173897639861,0.254817621135332,0.000449999999999991));
#2445=CARTESIAN_POINT('',(-0.0154173897639861,0.001,0.000449999999999991));
#2446=CARTESIAN_POINT('',(0.0154173897639861,0.001,0.00045));
#2447=CARTESIAN_POINT('',(0.0154173897639861,0.001,0.00045));
#2448=CARTESIAN_POINT('',(0.0154173897639861,0.046,0.00045));
#2449=CARTESIAN_POINT('',(0.003,0.0945163643359537,-0.0071131074163862));
#2450=CARTESIAN_POINT('',(0.003,0.,-0.00555));
#2451=CARTESIAN_POINT('',(0.003,0.0945163643359537,-0.0132003787824441));
#2452=CARTESIAN_POINT('',(-4.33680868994202E-19,0.0945163643359537,-3.03576608295941E-18));
#2453=CARTESIAN_POINT('',(0.0161673467358013,0.0945163643359537,-0.00669827586206898));
#2454=CARTESIAN_POINT('',(0.00724137931034482,0.0945163643359537,-0.0159314916339842));
#2455=CARTESIAN_POINT('',(0.0101566087470787,0.0945163643359537,-0.00255));
#2456=CARTESIAN_POINT('',(0.006,0.051,-0.00255));
#2457=CARTESIAN_POINT('',(0.0133958015810925,0.0945163643359537,-0.00255));
#2458=CARTESIAN_POINT('',(-0.003,0.0945163643359537,-0.0144585772411695));
#2459=CARTESIAN_POINT('',(-0.003,0.0945163643359537,-0.00555));
#2460=CARTESIAN_POINT('',(-0.003,0.0945163643359537,-0.0132003787824441));
#2461=CARTESIAN_POINT('',(-0.0101566087470787,0.0945163643359537,-0.00255));
#2462=CARTESIAN_POINT('',(-0.006,0.0945163643359537,-0.00255));
#2463=CARTESIAN_POINT('',(-0.0133958015810925,0.051,-0.00255));
#2464=CARTESIAN_POINT('',(6.07153216591882E-18,0.0945163643359537,2.38524477946811E-18));
#2465=CARTESIAN_POINT('',(-0.0161673467358013,0.0945163643359537,-0.00669827586206898));
#2466=CARTESIAN_POINT('',(-0.00724137931034482,0.0945163643359537,-0.0159314916339842));
#2467=CARTESIAN_POINT('',(0.0154173897639861,0.254817621135332,0.00345));
#2468=CARTESIAN_POINT('',(0.0154173897639861,0.001,0.00345));
#2469=CARTESIAN_POINT('',(-0.0154173897639861,0.254817621135332,0.00345));
#2470=CARTESIAN_POINT('',(-0.0154173897639861,0.001,0.00345));
#2471=CARTESIAN_POINT('',(0.006,0.0945163643359537,-0.00555));
#2472=CARTESIAN_POINT('',(0.0133958015810925,0.0945163643359537,-0.00555));
#2473=CARTESIAN_POINT('',(-0.006,0.0945163643359537,-0.00555));
#2474=CARTESIAN_POINT('',(-0.0133958015810925,0.0945163643359537,-0.00555));
#2475=CARTESIAN_POINT('',(0.006,0.0945163643359537,-0.0132003787824441));
#2476=CARTESIAN_POINT('',(-0.006,0.0945163643359537,-0.0132003787824441));
#2477=CARTESIAN_POINT('',(0.0171672083369474,0.,0.00880369658304994));
#2478=CARTESIAN_POINT('',(0.0132126411491533,6.93889390390723E-18,0.0165151025992484));
#2479=CARTESIAN_POINT('',(0.018976659615237,0.,0.0052752665903851));
#2480=CARTESIAN_POINT('',(0.0154173897639861,0.,0.00345));
#2481=CARTESIAN_POINT('',(0.0154173897639861,0.,-0.000549999999999966));
#2482=CARTESIAN_POINT('',(3.60879030264454E-18,0.,-0.00055));
#2483=CARTESIAN_POINT('',(-0.0154173897639861,0.,-0.00055000000000001));
#2484=CARTESIAN_POINT('',(-0.0154173897639861,0.,0.00345));
#2485=CARTESIAN_POINT('',(-0.018976659615237,0.,0.00527526659038509));
#2486=CARTESIAN_POINT('',(-0.0152636646512862,0.001,0.0103241460700081));
#2487=CARTESIAN_POINT('',(-0.0132126411491533,0.,0.0165151025992484));
#2488=CARTESIAN_POINT('',(0.0112,0.036,0.00148500000000001));
#2489=CARTESIAN_POINT('',(0.0112,0.036,0.0222659157624157));
#2490=CARTESIAN_POINT('',(0.010883598421231,0.036316401578769,0.0227793836432311));
#2491=CARTESIAN_POINT('',(0.0105488123424678,0.0366511876575322,0.0232678616887446));
#2492=CARTESIAN_POINT('',(0.0102,0.037,0.0237372739984488));
#2493=CARTESIAN_POINT('',(0.00897640741379294,0.038223592586207,0.0199028426175366));
#2494=CARTESIAN_POINT('',(0.0152636646512862,0.037,0.0103241460700081));
#2495=CARTESIAN_POINT('',(0.0132126411491533,0.036,0.0165151025992484));
#2496=CARTESIAN_POINT('',(-0.0165642411323664,0.036,0.00997948263198281));
#2497=CARTESIAN_POINT('',(-0.0132126411491533,0.036,0.0165151025992484));
#2498=CARTESIAN_POINT('',(-0.0125790470076422,0.0346209529923578,0.0207727384960074));
#2499=CARTESIAN_POINT('',(-0.0102,0.037,0.023834532612984));
#2500=CARTESIAN_POINT('',(-0.0102,0.037,0.0237372739984488));
#2501=CARTESIAN_POINT('',(-0.0105488123424678,0.0366511876575322,0.0232678616887446));
#2502=CARTESIAN_POINT('',(-0.010883598421231,0.036316401578769,0.0227793836432311));
#2503=CARTESIAN_POINT('',(-0.0112,0.036,0.0222659157624157));
#2504=CARTESIAN_POINT('',(0.0132126411491533,0.051,0.0165151025992484));
#2505=CARTESIAN_POINT('',(-0.0132126411491533,0.051,0.0165151025992484));
#2506=CARTESIAN_POINT('',(0.0076033504596001,0.036,0.01512));
#2507=CARTESIAN_POINT('',(0.0076033504596001,0.038,0.01512));
#2508=CARTESIAN_POINT('',(0.0076033504596001,0.049,0.01512));
#2509=CARTESIAN_POINT('',(-0.0076033504596001,0.036,0.01512));
#2510=CARTESIAN_POINT('',(-0.0076033504596001,0.038,0.01512));
#2511=CARTESIAN_POINT('',(-0.0076033504596001,0.049,0.01512));
#2512=CARTESIAN_POINT('',(0.022,0.036,-0.00342583776691518));
#2513=CARTESIAN_POINT('',(0.022,0.038,-0.00342583776691518));
#2514=CARTESIAN_POINT('',(0.022,0.049,-0.00342583776691518));
#2515=CARTESIAN_POINT('',(-0.022,0.036,-0.00342583776691515));
#2516=CARTESIAN_POINT('',(-0.022,0.038,-0.00342583776691515));
#2517=CARTESIAN_POINT('',(-0.022,0.049,-0.00342583776691515));
#2518=CARTESIAN_POINT('',(0.022,0.036,-0.01215));
#2519=CARTESIAN_POINT('',(0.022,0.038,-0.01215));
#2520=CARTESIAN_POINT('',(0.022,0.049,-0.01215));
#2521=CARTESIAN_POINT('',(-0.022,0.036,-0.01215));
#2522=CARTESIAN_POINT('',(-0.022,0.038,-0.01215));
#2523=CARTESIAN_POINT('',(-0.022,0.049,-0.01215));
#2524=CARTESIAN_POINT('',(-0.0076033504596001,0.036,0.01512));
#2525=CARTESIAN_POINT('',(-0.0139227710754119,0.036,0.0200256011945991));
#2526=CARTESIAN_POINT('',(-0.02225,0.038,0.01256));
#2527=CARTESIAN_POINT('',(-0.0283194206158118,0.036,0.001479763427684));
#2528=CARTESIAN_POINT('',(-0.022,0.036,-0.00342583776691515));
#2529=CARTESIAN_POINT('',(-0.03,0.036,-0.00342583776691515));
#2530=CARTESIAN_POINT('',(-0.03,0.036,0.001485));
#2531=CARTESIAN_POINT('',(-0.03,0.036,-0.01215));
#2532=CARTESIAN_POINT('',(-0.022,0.036,-0.01215));
#2533=CARTESIAN_POINT('',(-0.022,0.036,-0.02015));
#2534=CARTESIAN_POINT('',(0.016,0.038,-0.02215));
#2535=CARTESIAN_POINT('',(0.016,0.038,-0.02215));
#2536=CARTESIAN_POINT('',(0.022,0.036,-0.0201500000011215));
#2537=CARTESIAN_POINT('',(0.022,0.036,-0.01215));
#2538=CARTESIAN_POINT('',(0.03,0.036,-0.01215));
#2539=CARTESIAN_POINT('',(0.032,0.038,-0.011075));
#2540=CARTESIAN_POINT('',(0.03,0.036,-0.00342583776691518));
#2541=CARTESIAN_POINT('',(0.022,0.036,-0.00342583776691518));
#2542=CARTESIAN_POINT('',(0.0283194206158118,0.036,0.00147976342768397));
#2543=CARTESIAN_POINT('',(0.0176683734992064,0.036,0.0152004969440495));
#2544=CARTESIAN_POINT('',(0.0139227710754119,0.036,0.0200256011945991));
#2545=CARTESIAN_POINT('',(0.0076033504596001,0.036,0.01512));
#2546=CARTESIAN_POINT('',(-0.00625,0.049,0.02512));
#2547=CARTESIAN_POINT('',(-0.00760335045960012,0.049,0.02512));
#2548=CARTESIAN_POINT('',(0.00760335045960009,0.051,0.02312));
#2549=CARTESIAN_POINT('',(0.0076033504596001,0.051,0.01512));
#2550=CARTESIAN_POINT('',(0.0139227710754119,0.051,0.0200256011945991));
#2551=CARTESIAN_POINT('',(-0.0076033504596001,0.051,0.01512));
#2552=CARTESIAN_POINT('',(-0.0155026262293649,0.049,0.0212520014932489));
#2553=CARTESIAN_POINT('',(0.02225,0.049,0.01256));
#2554=CARTESIAN_POINT('',(0.0283194206158118,0.051,0.00147976342768396));
#2555=CARTESIAN_POINT('',(-0.0183876833058207,0.051,0.0142738783624007));
#2556=CARTESIAN_POINT('',(-0.0298992757697648,0.049,0.00270616372633379));
#2557=CARTESIAN_POINT('',(0.022,0.051,-0.00342583776691518));
#2558=CARTESIAN_POINT('',(0.03,0.051,-0.00342583776691518));
#2559=CARTESIAN_POINT('',(-0.022,0.051,-0.00342583776691515));
#2560=CARTESIAN_POINT('',(-0.032,0.049,-0.00342583776691515));
#2561=CARTESIAN_POINT('',(0.03,0.051,-3.46944695195361E-18));
#2562=CARTESIAN_POINT('',(0.03,0.051,-0.01215));
#2563=CARTESIAN_POINT('',(-0.032,0.049,-0.011075));
#2564=CARTESIAN_POINT('',(-0.032,0.049,-0.01215));
#2565=CARTESIAN_POINT('',(0.022,0.051,-0.01215));
#2566=CARTESIAN_POINT('',(0.022,0.051,-0.02015));
#2567=CARTESIAN_POINT('',(-0.022,0.051,-0.01215));
#2568=CARTESIAN_POINT('',(-0.022,0.049,-0.02215));
#2569=CARTESIAN_POINT('',(-8.99887803162968E-19,0.051,-0.02015));
#2570=MECHANICAL_DESIGN_GEOMETRIC_PRESENTATION_REPRESENTATION('',(#1504),
#2571);
#2571=(
GEOMETRIC_REPRESENTATION_CONTEXT(3)
GLOBAL_UNCERTAINTY_ASSIGNED_CONTEXT((#2572))
GLOBAL_UNIT_ASSIGNED_CONTEXT((#2575,#2574,#2573))
REPRESENTATION_CONTEXT('Part 1','TOP_LEVEL_ASSEMBLY_PART')
);
#2572=UNCERTAINTY_MEASURE_WITH_UNIT(LENGTH_MEASURE(2.E-5),#2575,
'DISTANCE_ACCURACY_VALUE','Maximum Tolerance applied to model');
#2573=(
NAMED_UNIT(*)
SI_UNIT($,.STERADIAN.)
SOLID_ANGLE_UNIT()
);
#2574=(
NAMED_UNIT(*)
PLANE_ANGLE_UNIT()
SI_UNIT($,.RADIAN.)
);
#2575=(
LENGTH_UNIT()
NAMED_UNIT(*)
SI_UNIT($,.METRE.)
);
#2576=PRODUCT_DEFINITION_SHAPE('','',#2577);
#2577=PRODUCT_DEFINITION('','',#2579,#2578);
#2578=PRODUCT_DEFINITION_CONTEXT('',#2585,'design');
#2579=PRODUCT_DEFINITION_FORMATION_WITH_SPECIFIED_SOURCE('','',#2581,
 .NOT_KNOWN.);
#2580=PRODUCT_RELATED_PRODUCT_CATEGORY('','',(#2581));
#2581=PRODUCT('Part 1','Part 1','Part 1',(#2583));
#2582=PRODUCT_CATEGORY('','');
#2583=PRODUCT_CONTEXT('',#2585,'mechanical');
#2584=APPLICATION_PROTOCOL_DEFINITION('international standard',
'ap242_managed_model_based_3d_engineering',2020,#2585);
#2585=APPLICATION_CONTEXT('managed model based 3d engineering');
ENDSEC;
END-ISO-10303-21;
