ISO-10303-21;
HEADER;
/* Generated by software containing ST-Developer
 * from STEP Tools, Inc. (www.steptools.com) 
 */
/* OPTION: using custom renumber hook */

FILE_DESCRIPTION(
/* description */ ('STEP AP242 Edition 2',
'CAx-IF Rec.Pracs.---Representation and Presentation of Product Manufa
cturing Information (PMI)---4.0---2014-10-13',
'CAx-IF Rec.Pracs.---3D Tessellated Geometry---0.4---2014-09-14','2;1',
'CAx-IF Rec.Pracs.---User Defined Attributes---1.5---2016-08-15'),
/* implementation_level */ '2;1');

FILE_NAME(
/* name */ 'CubXL - ASMI Wellplate Holder_REV. 1',
/* time_stamp */ '2026-08-26T15:13:02Z',
/* author */ (''),
/* organization */ (''),
/* preprocessor_version */ 'ST-DEVELOPER v20',
/* originating_system */ 'ONSHAPE BY PTC INC, 1.219',
/* authorisation */ '  ');

FILE_SCHEMA (('AP242_MANAGED_MODEL_BASED_3D_ENGINEERING_MIM_LF { 1 0 10303 442 3 1 4 }'));
ENDSEC;

DATA;
#10=SHAPE_REPRESENTATION_RELATIONSHIP('','',#7567,#11);
#11=ADVANCED_BREP_SHAPE_REPRESENTATION('',(#7565),#12800);
#12=TOROIDAL_SURFACE('',#7938,0.004,0.002);
#13=TOROIDAL_SURFACE('',#7942,0.004,0.002);
#14=TOROIDAL_SURFACE('',#7946,0.004,0.002);
#15=TOROIDAL_SURFACE('',#7953,0.004,0.002);
#16=TOROIDAL_SURFACE('',#7957,0.004,0.002);
#17=TOROIDAL_SURFACE('',#7961,0.004,0.002);
#18=SPHERICAL_SURFACE('',#7914,0.002);
#19=B_SPLINE_SURFACE_WITH_KNOTS('',3,1,((#11031,#11032),(#11033,#11034),
(#11035,#11036),(#11037,#11038)),.SURF_OF_LINEAR_EXTRUSION.,.F.,.F.,.F.,
(4,4),(2,2),(0.,1.),(0.,1.),.PIECEWISE_BEZIER_KNOTS.);
#20=B_SPLINE_SURFACE_WITH_KNOTS('',3,1,((#11044,#11045),(#11046,#11047),
(#11048,#11049),(#11050,#11051)),.SURF_OF_LINEAR_EXTRUSION.,.F.,.F.,.F.,
(4,4),(2,2),(0.,1.),(0.,1.),.PIECEWISE_BEZIER_KNOTS.);
#21=B_SPLINE_SURFACE_WITH_KNOTS('',3,1,((#11061,#11062),(#11063,#11064),
(#11065,#11066),(#11067,#11068)),.SURF_OF_LINEAR_EXTRUSION.,.F.,.F.,.F.,
(4,4),(2,2),(0.,1.),(0.,1.),.PIECEWISE_BEZIER_KNOTS.);
#22=B_SPLINE_SURFACE_WITH_KNOTS('',3,1,((#11074,#11075),(#11076,#11077),
(#11078,#11079),(#11080,#11081)),.SURF_OF_LINEAR_EXTRUSION.,.F.,.F.,.F.,
(4,4),(2,2),(0.,1.),(0.,1.),.PIECEWISE_BEZIER_KNOTS.);
#23=B_SPLINE_SURFACE_WITH_KNOTS('',3,1,((#11087,#11088),(#11089,#11090),
(#11091,#11092),(#11093,#11094)),.SURF_OF_LINEAR_EXTRUSION.,.F.,.F.,.F.,
(4,4),(2,2),(0.,1.),(0.,1.),.PIECEWISE_BEZIER_KNOTS.);
#24=B_SPLINE_SURFACE_WITH_KNOTS('',3,1,((#11108,#11109),(#11110,#11111),
(#11112,#11113),(#11114,#11115)),.SURF_OF_LINEAR_EXTRUSION.,.F.,.F.,.F.,
(4,4),(2,2),(0.,1.),(0.,1.),.PIECEWISE_BEZIER_KNOTS.);
#25=B_SPLINE_SURFACE_WITH_KNOTS('',3,1,((#11125,#11126),(#11127,#11128),
(#11129,#11130),(#11131,#11132)),.SURF_OF_LINEAR_EXTRUSION.,.F.,.F.,.F.,
(4,4),(2,2),(0.,1.),(0.,1.),.PIECEWISE_BEZIER_KNOTS.);
#26=B_SPLINE_SURFACE_WITH_KNOTS('',3,1,((#11142,#11143),(#11144,#11145),
(#11146,#11147),(#11148,#11149)),.SURF_OF_LINEAR_EXTRUSION.,.F.,.F.,.F.,
(4,4),(2,2),(0.,1.),(0.,1.),.PIECEWISE_BEZIER_KNOTS.);
#27=B_SPLINE_SURFACE_WITH_KNOTS('',3,1,((#11155,#11156),(#11157,#11158),
(#11159,#11160),(#11161,#11162)),.SURF_OF_LINEAR_EXTRUSION.,.F.,.F.,.F.,
(4,4),(2,2),(0.,1.),(0.,1.),.PIECEWISE_BEZIER_KNOTS.);
#28=B_SPLINE_SURFACE_WITH_KNOTS('',3,1,((#11172,#11173),(#11174,#11175),
(#11176,#11177),(#11178,#11179)),.SURF_OF_LINEAR_EXTRUSION.,.F.,.F.,.F.,
(4,4),(2,2),(0.,1.),(0.,1.),.PIECEWISE_BEZIER_KNOTS.);
#29=B_SPLINE_SURFACE_WITH_KNOTS('',3,1,((#11185,#11186),(#11187,#11188),
(#11189,#11190),(#11191,#11192)),.SURF_OF_LINEAR_EXTRUSION.,.F.,.F.,.F.,
(4,4),(2,2),(0.,1.),(0.,1.),.PIECEWISE_BEZIER_KNOTS.);
#30=B_SPLINE_SURFACE_WITH_KNOTS('',3,1,((#11231,#11232),(#11233,#11234),
(#11235,#11236),(#11237,#11238)),.SURF_OF_LINEAR_EXTRUSION.,.F.,.F.,.F.,
(4,4),(2,2),(0.,1.),(0.,1.),.PIECEWISE_BEZIER_KNOTS.);
#31=B_SPLINE_SURFACE_WITH_KNOTS('',3,1,((#11255,#11256),(#11257,#11258),
(#11259,#11260),(#11261,#11262)),.SURF_OF_LINEAR_EXTRUSION.,.F.,.F.,.F.,
(4,4),(2,2),(0.,1.),(0.,1.),.PIECEWISE_BEZIER_KNOTS.);
#32=B_SPLINE_SURFACE_WITH_KNOTS('',3,1,((#11282,#11283),(#11284,#11285),
(#11286,#11287),(#11288,#11289)),.SURF_OF_LINEAR_EXTRUSION.,.F.,.F.,.F.,
(4,4),(2,2),(0.,1.),(0.,1.),.PIECEWISE_BEZIER_KNOTS.);
#33=B_SPLINE_SURFACE_WITH_KNOTS('',3,1,((#11295,#11296),(#11297,#11298),
(#11299,#11300),(#11301,#11302)),.SURF_OF_LINEAR_EXTRUSION.,.F.,.F.,.F.,
(4,4),(2,2),(0.,1.),(0.,1.),.PIECEWISE_BEZIER_KNOTS.);
#34=B_SPLINE_SURFACE_WITH_KNOTS('',3,1,((#11308,#11309),(#11310,#11311),
(#11312,#11313),(#11314,#11315)),.SURF_OF_LINEAR_EXTRUSION.,.F.,.F.,.F.,
(4,4),(2,2),(0.,1.),(0.,1.),.PIECEWISE_BEZIER_KNOTS.);
#35=B_SPLINE_SURFACE_WITH_KNOTS('',3,1,((#11321,#11322),(#11323,#11324),
(#11325,#11326),(#11327,#11328)),.SURF_OF_LINEAR_EXTRUSION.,.F.,.F.,.F.,
(4,4),(2,2),(0.,1.),(0.,1.),.PIECEWISE_BEZIER_KNOTS.);
#36=B_SPLINE_SURFACE_WITH_KNOTS('',3,1,((#11334,#11335),(#11336,#11337),
(#11338,#11339),(#11340,#11341)),.SURF_OF_LINEAR_EXTRUSION.,.F.,.F.,.F.,
(4,4),(2,2),(0.,1.),(0.,1.),.PIECEWISE_BEZIER_KNOTS.);
#37=B_SPLINE_SURFACE_WITH_KNOTS('',3,1,((#11347,#11348),(#11349,#11350),
(#11351,#11352),(#11353,#11354)),.SURF_OF_LINEAR_EXTRUSION.,.F.,.F.,.F.,
(4,4),(2,2),(0.,1.),(0.,1.),.PIECEWISE_BEZIER_KNOTS.);
#38=B_SPLINE_SURFACE_WITH_KNOTS('',3,1,((#11360,#11361),(#11362,#11363),
(#11364,#11365),(#11366,#11367)),.SURF_OF_LINEAR_EXTRUSION.,.F.,.F.,.F.,
(4,4),(2,2),(0.,1.),(0.,1.),.PIECEWISE_BEZIER_KNOTS.);
#39=B_SPLINE_SURFACE_WITH_KNOTS('',3,1,((#11377,#11378),(#11379,#11380),
(#11381,#11382),(#11383,#11384)),.SURF_OF_LINEAR_EXTRUSION.,.F.,.F.,.F.,
(4,4),(2,2),(0.,1.),(0.,1.),.PIECEWISE_BEZIER_KNOTS.);
#40=B_SPLINE_SURFACE_WITH_KNOTS('',3,1,((#11390,#11391),(#11392,#11393),
(#11394,#11395),(#11396,#11397)),.SURF_OF_LINEAR_EXTRUSION.,.F.,.F.,.F.,
(4,4),(2,2),(0.,1.),(0.,1.),.PIECEWISE_BEZIER_KNOTS.);
#41=B_SPLINE_SURFACE_WITH_KNOTS('',3,1,((#11403,#11404),(#11405,#11406),
(#11407,#11408),(#11409,#11410)),.SURF_OF_LINEAR_EXTRUSION.,.F.,.F.,.F.,
(4,4),(2,2),(0.,1.),(0.,1.),.PIECEWISE_BEZIER_KNOTS.);
#42=B_SPLINE_SURFACE_WITH_KNOTS('',3,1,((#11441,#11442),(#11443,#11444),
(#11445,#11446),(#11447,#11448)),.SURF_OF_LINEAR_EXTRUSION.,.F.,.F.,.F.,
(4,4),(2,2),(0.,1.),(0.,1.),.PIECEWISE_BEZIER_KNOTS.);
#43=B_SPLINE_SURFACE_WITH_KNOTS('',3,1,((#11487,#11488),(#11489,#11490),
(#11491,#11492),(#11493,#11494)),.SURF_OF_LINEAR_EXTRUSION.,.F.,.F.,.F.,
(4,4),(2,2),(0.,1.),(0.,1.),.PIECEWISE_BEZIER_KNOTS.);
#44=B_SPLINE_SURFACE_WITH_KNOTS('',3,1,((#11500,#11501),(#11502,#11503),
(#11504,#11505),(#11506,#11507)),.SURF_OF_LINEAR_EXTRUSION.,.F.,.F.,.F.,
(4,4),(2,2),(0.,1.),(0.,1.),.PIECEWISE_BEZIER_KNOTS.);
#45=B_SPLINE_SURFACE_WITH_KNOTS('',3,1,((#11517,#11518),(#11519,#11520),
(#11521,#11522),(#11523,#11524)),.SURF_OF_LINEAR_EXTRUSION.,.F.,.F.,.F.,
(4,4),(2,2),(0.,1.),(0.,1.),.PIECEWISE_BEZIER_KNOTS.);
#46=B_SPLINE_SURFACE_WITH_KNOTS('',3,1,((#11530,#11531),(#11532,#11533),
(#11534,#11535),(#11536,#11537)),.SURF_OF_LINEAR_EXTRUSION.,.F.,.F.,.F.,
(4,4),(2,2),(0.,1.),(0.,1.),.PIECEWISE_BEZIER_KNOTS.);
#47=B_SPLINE_SURFACE_WITH_KNOTS('',3,1,((#11543,#11544),(#11545,#11546),
(#11547,#11548),(#11549,#11550)),.SURF_OF_LINEAR_EXTRUSION.,.F.,.F.,.F.,
(4,4),(2,2),(0.,1.),(0.,1.),.PIECEWISE_BEZIER_KNOTS.);
#48=B_SPLINE_SURFACE_WITH_KNOTS('',3,1,((#11564,#11565),(#11566,#11567),
(#11568,#11569),(#11570,#11571)),.SURF_OF_LINEAR_EXTRUSION.,.F.,.F.,.F.,
(4,4),(2,2),(0.,1.),(0.,1.),.PIECEWISE_BEZIER_KNOTS.);
#49=B_SPLINE_SURFACE_WITH_KNOTS('',3,1,((#11581,#11582),(#11583,#11584),
(#11585,#11586),(#11587,#11588)),.SURF_OF_LINEAR_EXTRUSION.,.F.,.F.,.F.,
(4,4),(2,2),(0.,1.),(0.,1.),.PIECEWISE_BEZIER_KNOTS.);
#50=B_SPLINE_SURFACE_WITH_KNOTS('',3,1,((#11598,#11599),(#11600,#11601),
(#11602,#11603),(#11604,#11605)),.SURF_OF_LINEAR_EXTRUSION.,.F.,.F.,.F.,
(4,4),(2,2),(0.,1.),(0.,1.),.PIECEWISE_BEZIER_KNOTS.);
#51=B_SPLINE_SURFACE_WITH_KNOTS('',3,1,((#11611,#11612),(#11613,#11614),
(#11615,#11616),(#11617,#11618)),.SURF_OF_LINEAR_EXTRUSION.,.F.,.F.,.F.,
(4,4),(2,2),(0.,1.),(0.,1.),.PIECEWISE_BEZIER_KNOTS.);
#52=B_SPLINE_SURFACE_WITH_KNOTS('',3,1,((#11628,#11629),(#11630,#11631),
(#11632,#11633),(#11634,#11635)),.SURF_OF_LINEAR_EXTRUSION.,.F.,.F.,.F.,
(4,4),(2,2),(0.,1.),(0.,1.),.PIECEWISE_BEZIER_KNOTS.);
#53=B_SPLINE_SURFACE_WITH_KNOTS('',3,1,((#11641,#11642),(#11643,#11644),
(#11645,#11646),(#11647,#11648)),.SURF_OF_LINEAR_EXTRUSION.,.F.,.F.,.F.,
(4,4),(2,2),(0.,1.),(0.,1.),.PIECEWISE_BEZIER_KNOTS.);
#54=B_SPLINE_SURFACE_WITH_KNOTS('',3,1,((#11676,#11677),(#11678,#11679),
(#11680,#11681),(#11682,#11683)),.SURF_OF_LINEAR_EXTRUSION.,.F.,.F.,.F.,
(4,4),(2,2),(0.,1.),(0.,1.),.PIECEWISE_BEZIER_KNOTS.);
#55=B_SPLINE_SURFACE_WITH_KNOTS('',3,1,((#11729,#11730),(#11731,#11732),
(#11733,#11734),(#11735,#11736)),.SURF_OF_LINEAR_EXTRUSION.,.F.,.F.,.F.,
(4,4),(2,2),(0.,1.),(0.,1.),.PIECEWISE_BEZIER_KNOTS.);
#56=B_SPLINE_SURFACE_WITH_KNOTS('',3,1,((#11749,#11750),(#11751,#11752),
(#11753,#11754),(#11755,#11756)),.SURF_OF_LINEAR_EXTRUSION.,.F.,.F.,.F.,
(4,4),(2,2),(0.,1.),(0.,1.),.PIECEWISE_BEZIER_KNOTS.);
#57=B_SPLINE_SURFACE_WITH_KNOTS('',3,1,((#11778,#11779),(#11780,#11781),
(#11782,#11783),(#11784,#11785)),.SURF_OF_LINEAR_EXTRUSION.,.F.,.F.,.F.,
(4,4),(2,2),(0.,1.),(0.,1.),.PIECEWISE_BEZIER_KNOTS.);
#58=B_SPLINE_SURFACE_WITH_KNOTS('',3,1,((#11793,#11794),(#11795,#11796),
(#11797,#11798),(#11799,#11800)),.SURF_OF_LINEAR_EXTRUSION.,.F.,.F.,.F.,
(4,4),(2,2),(0.,1.),(0.,1.),.PIECEWISE_BEZIER_KNOTS.);
#59=B_SPLINE_SURFACE_WITH_KNOTS('',3,1,((#11806,#11807),(#11808,#11809),
(#11810,#11811),(#11812,#11813)),.SURF_OF_LINEAR_EXTRUSION.,.F.,.F.,.F.,
(4,4),(2,2),(0.,1.),(0.,1.),.PIECEWISE_BEZIER_KNOTS.);
#60=B_SPLINE_SURFACE_WITH_KNOTS('',3,1,((#11831,#11832),(#11833,#11834),
(#11835,#11836),(#11837,#11838)),.SURF_OF_LINEAR_EXTRUSION.,.F.,.F.,.F.,
(4,4),(2,2),(0.,1.),(0.,1.),.PIECEWISE_BEZIER_KNOTS.);
#61=B_SPLINE_SURFACE_WITH_KNOTS('',3,1,((#11861,#11862),(#11863,#11864),
(#11865,#11866),(#11867,#11868)),.SURF_OF_LINEAR_EXTRUSION.,.F.,.F.,.F.,
(4,4),(2,2),(0.,1.),(0.,1.),.PIECEWISE_BEZIER_KNOTS.);
#62=B_SPLINE_SURFACE_WITH_KNOTS('',3,1,((#11878,#11879),(#11880,#11881),
(#11882,#11883),(#11884,#11885)),.SURF_OF_LINEAR_EXTRUSION.,.F.,.F.,.F.,
(4,4),(2,2),(0.,1.),(0.,1.),.PIECEWISE_BEZIER_KNOTS.);
#63=B_SPLINE_SURFACE_WITH_KNOTS('',3,1,((#11895,#11896),(#11897,#11898),
(#11899,#11900),(#11901,#11902)),.SURF_OF_LINEAR_EXTRUSION.,.F.,.F.,.F.,
(4,4),(2,2),(0.,1.),(0.,1.),.PIECEWISE_BEZIER_KNOTS.);
#64=B_SPLINE_SURFACE_WITH_KNOTS('',3,1,((#11933,#11934),(#11935,#11936),
(#11937,#11938),(#11939,#11940)),.SURF_OF_LINEAR_EXTRUSION.,.F.,.F.,.F.,
(4,4),(2,2),(0.,1.),(0.,1.),.PIECEWISE_BEZIER_KNOTS.);
#65=B_SPLINE_SURFACE_WITH_KNOTS('',3,1,((#11950,#11951),(#11952,#11953),
(#11954,#11955),(#11956,#11957)),.SURF_OF_LINEAR_EXTRUSION.,.F.,.F.,.F.,
(4,4),(2,2),(0.,1.),(0.,1.),.PIECEWISE_BEZIER_KNOTS.);
#66=B_SPLINE_SURFACE_WITH_KNOTS('',3,1,((#11967,#11968),(#11969,#11970),
(#11971,#11972),(#11973,#11974)),.SURF_OF_LINEAR_EXTRUSION.,.F.,.F.,.F.,
(4,4),(2,2),(0.,1.),(0.,1.),.PIECEWISE_BEZIER_KNOTS.);
#67=B_SPLINE_SURFACE_WITH_KNOTS('',3,1,((#11998,#11999),(#12000,#12001),
(#12002,#12003),(#12004,#12005)),.SURF_OF_LINEAR_EXTRUSION.,.F.,.F.,.F.,
(4,4),(2,2),(0.,1.),(0.,1.),.PIECEWISE_BEZIER_KNOTS.);
#68=B_SPLINE_SURFACE_WITH_KNOTS('',3,1,((#12011,#12012),(#12013,#12014),
(#12015,#12016),(#12017,#12018)),.SURF_OF_LINEAR_EXTRUSION.,.F.,.F.,.F.,
(4,4),(2,2),(0.,1.),(0.,1.),.PIECEWISE_BEZIER_KNOTS.);
#69=B_SPLINE_SURFACE_WITH_KNOTS('',3,1,((#12024,#12025),(#12026,#12027),
(#12028,#12029),(#12030,#12031)),.SURF_OF_LINEAR_EXTRUSION.,.F.,.F.,.F.,
(4,4),(2,2),(0.,1.),(0.,1.),.PIECEWISE_BEZIER_KNOTS.);
#70=B_SPLINE_SURFACE_WITH_KNOTS('',3,1,((#12037,#12038),(#12039,#12040),
(#12041,#12042),(#12043,#12044)),.SURF_OF_LINEAR_EXTRUSION.,.F.,.F.,.F.,
(4,4),(2,2),(0.,1.),(0.,1.),.PIECEWISE_BEZIER_KNOTS.);
#71=B_SPLINE_SURFACE_WITH_KNOTS('',3,1,((#12058,#12059),(#12060,#12061),
(#12062,#12063),(#12064,#12065)),.SURF_OF_LINEAR_EXTRUSION.,.F.,.F.,.F.,
(4,4),(2,2),(0.,1.),(0.,1.),.PIECEWISE_BEZIER_KNOTS.);
#72=B_SPLINE_SURFACE_WITH_KNOTS('',3,1,((#12071,#12072),(#12073,#12074),
(#12075,#12076),(#12077,#12078)),.SURF_OF_LINEAR_EXTRUSION.,.F.,.F.,.F.,
(4,4),(2,2),(0.,1.),(0.,1.),.PIECEWISE_BEZIER_KNOTS.);
#73=B_SPLINE_SURFACE_WITH_KNOTS('',3,1,((#12084,#12085),(#12086,#12087),
(#12088,#12089),(#12090,#12091)),.SURF_OF_LINEAR_EXTRUSION.,.F.,.F.,.F.,
(4,4),(2,2),(0.,1.),(0.,1.),.PIECEWISE_BEZIER_KNOTS.);
#74=B_SPLINE_SURFACE_WITH_KNOTS('',3,1,((#12098,#12099),(#12100,#12101),
(#12102,#12103),(#12104,#12105)),.SURF_OF_LINEAR_EXTRUSION.,.F.,.F.,.F.,
(4,4),(2,2),(0.,1.),(0.,1.),.PIECEWISE_BEZIER_KNOTS.);
#75=B_SPLINE_SURFACE_WITH_KNOTS('',3,1,((#12185,#12186),(#12187,#12188),
(#12189,#12190),(#12191,#12192)),.SURF_OF_LINEAR_EXTRUSION.,.F.,.F.,.F.,
(4,4),(2,2),(0.,1.),(0.,1.),.PIECEWISE_BEZIER_KNOTS.);
#76=B_SPLINE_SURFACE_WITH_KNOTS('',3,1,((#12198,#12199),(#12200,#12201),
(#12202,#12203),(#12204,#12205)),.SURF_OF_LINEAR_EXTRUSION.,.F.,.F.,.F.,
(4,4),(2,2),(0.,1.),(0.,1.),.PIECEWISE_BEZIER_KNOTS.);
#77=B_SPLINE_SURFACE_WITH_KNOTS('',3,1,((#12211,#12212),(#12213,#12214),
(#12215,#12216),(#12217,#12218)),.SURF_OF_LINEAR_EXTRUSION.,.F.,.F.,.F.,
(4,4),(2,2),(0.,1.),(0.,1.),.PIECEWISE_BEZIER_KNOTS.);
#78=B_SPLINE_SURFACE_WITH_KNOTS('',3,1,((#12224,#12225),(#12226,#12227),
(#12228,#12229),(#12230,#12231)),.SURF_OF_LINEAR_EXTRUSION.,.F.,.F.,.F.,
(4,4),(2,2),(0.,1.),(0.,1.),.PIECEWISE_BEZIER_KNOTS.);
#79=B_SPLINE_SURFACE_WITH_KNOTS('',3,1,((#12249,#12250),(#12251,#12252),
(#12253,#12254),(#12255,#12256)),.SURF_OF_LINEAR_EXTRUSION.,.F.,.F.,.F.,
(4,4),(2,2),(0.,1.),(0.,1.),.PIECEWISE_BEZIER_KNOTS.);
#80=B_SPLINE_SURFACE_WITH_KNOTS('',3,1,((#12262,#12263),(#12264,#12265),
(#12266,#12267),(#12268,#12269)),.SURF_OF_LINEAR_EXTRUSION.,.F.,.F.,.F.,
(4,4),(2,2),(0.,1.),(0.,1.),.PIECEWISE_BEZIER_KNOTS.);
#81=B_SPLINE_SURFACE_WITH_KNOTS('',3,1,((#12275,#12276),(#12277,#12278),
(#12279,#12280),(#12281,#12282)),.SURF_OF_LINEAR_EXTRUSION.,.F.,.F.,.F.,
(4,4),(2,2),(0.,1.),(0.,1.),.PIECEWISE_BEZIER_KNOTS.);
#82=B_SPLINE_SURFACE_WITH_KNOTS('',3,1,((#12288,#12289),(#12290,#12291),
(#12292,#12293),(#12294,#12295)),.SURF_OF_LINEAR_EXTRUSION.,.F.,.F.,.F.,
(4,4),(2,2),(0.,1.),(0.,1.),.PIECEWISE_BEZIER_KNOTS.);
#83=B_SPLINE_CURVE_WITH_KNOTS('',2,(#10394,#10395,#10396),.UNSPECIFIED.,
 .F.,.F.,(3,3),(0.,1.),.PIECEWISE_BEZIER_KNOTS.);
#84=B_SPLINE_CURVE_WITH_KNOTS('',2,(#10399,#10400,#10401),.UNSPECIFIED.,
 .F.,.F.,(3,3),(0.,1.),.PIECEWISE_BEZIER_KNOTS.);
#85=B_SPLINE_CURVE_WITH_KNOTS('',2,(#10403,#10404,#10405),.UNSPECIFIED.,
 .F.,.F.,(3,3),(0.,1.),.PIECEWISE_BEZIER_KNOTS.);
#86=B_SPLINE_CURVE_WITH_KNOTS('',2,(#10413,#10414,#10415),.UNSPECIFIED.,
 .F.,.F.,(3,3),(0.,1.),.PIECEWISE_BEZIER_KNOTS.);
#87=B_SPLINE_CURVE_WITH_KNOTS('',2,(#10425,#10426,#10427),.UNSPECIFIED.,
 .F.,.F.,(3,3),(0.,1.),.PIECEWISE_BEZIER_KNOTS.);
#88=B_SPLINE_CURVE_WITH_KNOTS('',2,(#10429,#10430,#10431),.UNSPECIFIED.,
 .F.,.F.,(3,3),(0.,1.),.PIECEWISE_BEZIER_KNOTS.);
#89=B_SPLINE_CURVE_WITH_KNOTS('',2,(#10435,#10436,#10437),.UNSPECIFIED.,
 .F.,.F.,(3,3),(0.,1.),.PIECEWISE_BEZIER_KNOTS.);
#90=B_SPLINE_CURVE_WITH_KNOTS('',2,(#10439,#10440,#10441),.UNSPECIFIED.,
 .F.,.F.,(3,3),(0.,1.),.PIECEWISE_BEZIER_KNOTS.);
#91=B_SPLINE_CURVE_WITH_KNOTS('',2,(#10445,#10446,#10447),.UNSPECIFIED.,
 .F.,.F.,(3,3),(0.,1.),.PIECEWISE_BEZIER_KNOTS.);
#92=B_SPLINE_CURVE_WITH_KNOTS('',2,(#10451,#10452,#10453),.UNSPECIFIED.,
 .F.,.F.,(3,3),(0.,1.),.PIECEWISE_BEZIER_KNOTS.);
#93=B_SPLINE_CURVE_WITH_KNOTS('',2,(#10459,#10460,#10461),.UNSPECIFIED.,
 .F.,.F.,(3,3),(0.,1.),.PIECEWISE_BEZIER_KNOTS.);
#94=B_SPLINE_CURVE_WITH_KNOTS('',2,(#10463,#10464,#10465),.UNSPECIFIED.,
 .F.,.F.,(3,3),(0.,1.),.PIECEWISE_BEZIER_KNOTS.);
#95=B_SPLINE_CURVE_WITH_KNOTS('',2,(#10467,#10468,#10469),.UNSPECIFIED.,
 .F.,.F.,(3,3),(0.,1.),.PIECEWISE_BEZIER_KNOTS.);
#96=B_SPLINE_CURVE_WITH_KNOTS('',2,(#10473,#10474,#10475),.UNSPECIFIED.,
 .F.,.F.,(3,3),(0.,1.),.PIECEWISE_BEZIER_KNOTS.);
#97=B_SPLINE_CURVE_WITH_KNOTS('',2,(#10477,#10478,#10479),.UNSPECIFIED.,
 .F.,.F.,(3,3),(0.,1.),.PIECEWISE_BEZIER_KNOTS.);
#98=B_SPLINE_CURVE_WITH_KNOTS('',2,(#10497,#10498,#10499),.UNSPECIFIED.,
 .F.,.F.,(3,3),(0.,1.),.PIECEWISE_BEZIER_KNOTS.);
#99=B_SPLINE_CURVE_WITH_KNOTS('',2,(#10511,#10512,#10513),.UNSPECIFIED.,
 .F.,.F.,(3,3),(0.,1.),.PIECEWISE_BEZIER_KNOTS.);
#100=B_SPLINE_CURVE_WITH_KNOTS('',2,(#10515,#10516,#10517),
 .UNSPECIFIED.,.F.,.F.,(3,3),(0.,1.),.PIECEWISE_BEZIER_KNOTS.);
#101=B_SPLINE_CURVE_WITH_KNOTS('',2,(#10519,#10520,#10521),
 .UNSPECIFIED.,.F.,.F.,(3,3),(0.,1.),.PIECEWISE_BEZIER_KNOTS.);
#102=B_SPLINE_CURVE_WITH_KNOTS('',2,(#10523,#10524,#10525),
 .UNSPECIFIED.,.F.,.F.,(3,3),(0.,1.),.PIECEWISE_BEZIER_KNOTS.);
#103=B_SPLINE_CURVE_WITH_KNOTS('',2,(#10529,#10530,#10531),
 .UNSPECIFIED.,.F.,.F.,(3,3),(0.,1.),.PIECEWISE_BEZIER_KNOTS.);
#104=B_SPLINE_CURVE_WITH_KNOTS('',2,(#10533,#10534,#10535),
 .UNSPECIFIED.,.F.,.F.,(3,3),(0.,1.),.PIECEWISE_BEZIER_KNOTS.);
#105=B_SPLINE_CURVE_WITH_KNOTS('',2,(#10537,#10538,#10539),
 .UNSPECIFIED.,.F.,.F.,(3,3),(0.,1.),.PIECEWISE_BEZIER_KNOTS.);
#106=B_SPLINE_CURVE_WITH_KNOTS('',2,(#10541,#10542,#10543),
 .UNSPECIFIED.,.F.,.F.,(3,3),(0.,1.),.PIECEWISE_BEZIER_KNOTS.);
#107=B_SPLINE_CURVE_WITH_KNOTS('',2,(#10545,#10546,#10547),
 .UNSPECIFIED.,.F.,.F.,(3,3),(0.,1.),.PIECEWISE_BEZIER_KNOTS.);
#108=B_SPLINE_CURVE_WITH_KNOTS('',2,(#10549,#10550,#10551),
 .UNSPECIFIED.,.F.,.F.,(3,3),(0.,1.),.PIECEWISE_BEZIER_KNOTS.);
#109=B_SPLINE_CURVE_WITH_KNOTS('',2,(#10553,#10554,#10555),
 .UNSPECIFIED.,.F.,.F.,(3,3),(0.,1.),.PIECEWISE_BEZIER_KNOTS.);
#110=B_SPLINE_CURVE_WITH_KNOTS('',2,(#10605,#10606,#10607),
 .UNSPECIFIED.,.F.,.F.,(3,3),(0.,1.),.PIECEWISE_BEZIER_KNOTS.);
#111=B_SPLINE_CURVE_WITH_KNOTS('',2,(#10609,#10610,#10611),
 .UNSPECIFIED.,.F.,.F.,(3,3),(0.,1.),.PIECEWISE_BEZIER_KNOTS.);
#112=B_SPLINE_CURVE_WITH_KNOTS('',2,(#10613,#10614,#10615),
 .UNSPECIFIED.,.F.,.F.,(3,3),(0.,1.),.PIECEWISE_BEZIER_KNOTS.);
#113=B_SPLINE_CURVE_WITH_KNOTS('',2,(#10621,#10622,#10623),
 .UNSPECIFIED.,.F.,.F.,(3,3),(0.,1.),.PIECEWISE_BEZIER_KNOTS.);
#114=B_SPLINE_CURVE_WITH_KNOTS('',2,(#10625,#10626,#10627),
 .UNSPECIFIED.,.F.,.F.,(3,3),(0.,1.),.PIECEWISE_BEZIER_KNOTS.);
#115=B_SPLINE_CURVE_WITH_KNOTS('',2,(#10629,#10630,#10631),
 .UNSPECIFIED.,.F.,.F.,(3,3),(0.,1.),.PIECEWISE_BEZIER_KNOTS.);
#116=B_SPLINE_CURVE_WITH_KNOTS('',2,(#10633,#10634,#10635),
 .UNSPECIFIED.,.F.,.F.,(3,3),(0.,1.),.PIECEWISE_BEZIER_KNOTS.);
#117=B_SPLINE_CURVE_WITH_KNOTS('',2,(#10673,#10674,#10675),
 .UNSPECIFIED.,.F.,.F.,(3,3),(0.,1.),.PIECEWISE_BEZIER_KNOTS.);
#118=B_SPLINE_CURVE_WITH_KNOTS('',2,(#10677,#10678,#10679),
 .UNSPECIFIED.,.F.,.F.,(3,3),(0.,1.),.PIECEWISE_BEZIER_KNOTS.);
#119=B_SPLINE_CURVE_WITH_KNOTS('',2,(#10681,#10682,#10683),
 .UNSPECIFIED.,.F.,.F.,(3,3),(0.,1.),.PIECEWISE_BEZIER_KNOTS.);
#120=B_SPLINE_CURVE_WITH_KNOTS('',2,(#10685,#10686,#10687),
 .UNSPECIFIED.,.F.,.F.,(3,3),(0.,1.),.PIECEWISE_BEZIER_KNOTS.);
#121=B_SPLINE_CURVE_WITH_KNOTS('',2,(#10695,#10696,#10697),
 .UNSPECIFIED.,.F.,.F.,(3,3),(0.,1.),.PIECEWISE_BEZIER_KNOTS.);
#122=B_SPLINE_CURVE_WITH_KNOTS('',2,(#10699,#10700,#10701),
 .UNSPECIFIED.,.F.,.F.,(3,3),(0.,1.),.PIECEWISE_BEZIER_KNOTS.);
#123=B_SPLINE_CURVE_WITH_KNOTS('',2,(#10703,#10704,#10705),
 .UNSPECIFIED.,.F.,.F.,(3,3),(0.,1.),.PIECEWISE_BEZIER_KNOTS.);
#124=B_SPLINE_CURVE_WITH_KNOTS('',2,(#10707,#10708,#10709),
 .UNSPECIFIED.,.F.,.F.,(3,3),(0.,1.),.PIECEWISE_BEZIER_KNOTS.);
#125=B_SPLINE_CURVE_WITH_KNOTS('',2,(#10791,#10792,#10793),
 .UNSPECIFIED.,.F.,.F.,(3,3),(0.,1.),.PIECEWISE_BEZIER_KNOTS.);
#126=B_SPLINE_CURVE_WITH_KNOTS('',2,(#10795,#10796,#10797),
 .UNSPECIFIED.,.F.,.F.,(3,3),(0.,1.),.PIECEWISE_BEZIER_KNOTS.);
#127=B_SPLINE_CURVE_WITH_KNOTS('',2,(#10801,#10802,#10803),
 .UNSPECIFIED.,.F.,.F.,(3,3),(0.,1.),.PIECEWISE_BEZIER_KNOTS.);
#128=B_SPLINE_CURVE_WITH_KNOTS('',2,(#10805,#10806,#10807),
 .UNSPECIFIED.,.F.,.F.,(3,3),(0.,1.),.PIECEWISE_BEZIER_KNOTS.);
#129=B_SPLINE_CURVE_WITH_KNOTS('',2,(#10811,#10812,#10813),
 .UNSPECIFIED.,.F.,.F.,(3,3),(0.,1.),.PIECEWISE_BEZIER_KNOTS.);
#130=B_SPLINE_CURVE_WITH_KNOTS('',2,(#10817,#10818,#10819),
 .UNSPECIFIED.,.F.,.F.,(3,3),(0.,1.),.PIECEWISE_BEZIER_KNOTS.);
#131=B_SPLINE_CURVE_WITH_KNOTS('',2,(#10825,#10826,#10827),
 .UNSPECIFIED.,.F.,.F.,(3,3),(0.,1.),.PIECEWISE_BEZIER_KNOTS.);
#132=B_SPLINE_CURVE_WITH_KNOTS('',2,(#10829,#10830,#10831),
 .UNSPECIFIED.,.F.,.F.,(3,3),(0.,1.),.PIECEWISE_BEZIER_KNOTS.);
#133=B_SPLINE_CURVE_WITH_KNOTS('',2,(#10833,#10834,#10835),
 .UNSPECIFIED.,.F.,.F.,(3,3),(0.,1.),.PIECEWISE_BEZIER_KNOTS.);
#134=B_SPLINE_CURVE_WITH_KNOTS('',2,(#10839,#10840,#10841),
 .UNSPECIFIED.,.F.,.F.,(3,3),(0.,1.),.PIECEWISE_BEZIER_KNOTS.);
#135=B_SPLINE_CURVE_WITH_KNOTS('',2,(#10843,#10844,#10845),
 .UNSPECIFIED.,.F.,.F.,(3,3),(0.,1.),.PIECEWISE_BEZIER_KNOTS.);
#136=B_SPLINE_CURVE_WITH_KNOTS('',2,(#10863,#10864,#10865),
 .UNSPECIFIED.,.F.,.F.,(3,3),(0.,1.),.PIECEWISE_BEZIER_KNOTS.);
#137=B_SPLINE_CURVE_WITH_KNOTS('',2,(#11041,#11042,#11043),
 .UNSPECIFIED.,.F.,.F.,(3,3),(0.,1.),.PIECEWISE_BEZIER_KNOTS.);
#138=B_SPLINE_CURVE_WITH_KNOTS('',2,(#11054,#11055,#11056),
 .UNSPECIFIED.,.F.,.F.,(3,3),(0.,1.),.PIECEWISE_BEZIER_KNOTS.);
#139=B_SPLINE_CURVE_WITH_KNOTS('',2,(#11071,#11072,#11073),
 .UNSPECIFIED.,.F.,.F.,(3,3),(0.,1.),.PIECEWISE_BEZIER_KNOTS.);
#140=B_SPLINE_CURVE_WITH_KNOTS('',2,(#11084,#11085,#11086),
 .UNSPECIFIED.,.F.,.F.,(3,3),(0.,1.),.PIECEWISE_BEZIER_KNOTS.);
#141=B_SPLINE_CURVE_WITH_KNOTS('',2,(#11097,#11098,#11099),
 .UNSPECIFIED.,.F.,.F.,(3,3),(0.,1.),.PIECEWISE_BEZIER_KNOTS.);
#142=B_SPLINE_CURVE_WITH_KNOTS('',2,(#11118,#11119,#11120),
 .UNSPECIFIED.,.F.,.F.,(3,3),(0.,1.),.PIECEWISE_BEZIER_KNOTS.);
#143=B_SPLINE_CURVE_WITH_KNOTS('',2,(#11135,#11136,#11137),
 .UNSPECIFIED.,.F.,.F.,(3,3),(0.,1.),.PIECEWISE_BEZIER_KNOTS.);
#144=B_SPLINE_CURVE_WITH_KNOTS('',2,(#11152,#11153,#11154),
 .UNSPECIFIED.,.F.,.F.,(3,3),(0.,1.),.PIECEWISE_BEZIER_KNOTS.);
#145=B_SPLINE_CURVE_WITH_KNOTS('',2,(#11165,#11166,#11167),
 .UNSPECIFIED.,.F.,.F.,(3,3),(0.,1.),.PIECEWISE_BEZIER_KNOTS.);
#146=B_SPLINE_CURVE_WITH_KNOTS('',2,(#11182,#11183,#11184),
 .UNSPECIFIED.,.F.,.F.,(3,3),(0.,1.),.PIECEWISE_BEZIER_KNOTS.);
#147=B_SPLINE_CURVE_WITH_KNOTS('',2,(#11195,#11196,#11197),
 .UNSPECIFIED.,.F.,.F.,(3,3),(0.,1.),.PIECEWISE_BEZIER_KNOTS.);
#148=B_SPLINE_CURVE_WITH_KNOTS('',2,(#11241,#11242,#11243),
 .UNSPECIFIED.,.F.,.F.,(3,3),(0.,1.),.PIECEWISE_BEZIER_KNOTS.);
#149=B_SPLINE_CURVE_WITH_KNOTS('',2,(#11265,#11266,#11267),
 .UNSPECIFIED.,.F.,.F.,(3,3),(0.,1.),.PIECEWISE_BEZIER_KNOTS.);
#150=B_SPLINE_CURVE_WITH_KNOTS('',2,(#11292,#11293,#11294),
 .UNSPECIFIED.,.F.,.F.,(3,3),(0.,1.),.PIECEWISE_BEZIER_KNOTS.);
#151=B_SPLINE_CURVE_WITH_KNOTS('',2,(#11305,#11306,#11307),
 .UNSPECIFIED.,.F.,.F.,(3,3),(0.,1.),.PIECEWISE_BEZIER_KNOTS.);
#152=B_SPLINE_CURVE_WITH_KNOTS('',2,(#11318,#11319,#11320),
 .UNSPECIFIED.,.F.,.F.,(3,3),(0.,1.),.PIECEWISE_BEZIER_KNOTS.);
#153=B_SPLINE_CURVE_WITH_KNOTS('',2,(#11331,#11332,#11333),
 .UNSPECIFIED.,.F.,.F.,(3,3),(0.,1.),.PIECEWISE_BEZIER_KNOTS.);
#154=B_SPLINE_CURVE_WITH_KNOTS('',2,(#11344,#11345,#11346),
 .UNSPECIFIED.,.F.,.F.,(3,3),(0.,1.),.PIECEWISE_BEZIER_KNOTS.);
#155=B_SPLINE_CURVE_WITH_KNOTS('',2,(#11357,#11358,#11359),
 .UNSPECIFIED.,.F.,.F.,(3,3),(0.,1.),.PIECEWISE_BEZIER_KNOTS.);
#156=B_SPLINE_CURVE_WITH_KNOTS('',2,(#11370,#11371,#11372),
 .UNSPECIFIED.,.F.,.F.,(3,3),(0.,1.),.PIECEWISE_BEZIER_KNOTS.);
#157=B_SPLINE_CURVE_WITH_KNOTS('',2,(#11387,#11388,#11389),
 .UNSPECIFIED.,.F.,.F.,(3,3),(0.,1.),.PIECEWISE_BEZIER_KNOTS.);
#158=B_SPLINE_CURVE_WITH_KNOTS('',2,(#11400,#11401,#11402),
 .UNSPECIFIED.,.F.,.F.,(3,3),(0.,1.),.PIECEWISE_BEZIER_KNOTS.);
#159=B_SPLINE_CURVE_WITH_KNOTS('',2,(#11411,#11412,#11413),
 .UNSPECIFIED.,.F.,.F.,(3,3),(0.,1.),.PIECEWISE_BEZIER_KNOTS.);
#160=B_SPLINE_CURVE_WITH_KNOTS('',2,(#11451,#11452,#11453),
 .UNSPECIFIED.,.F.,.F.,(3,3),(0.,1.),.PIECEWISE_BEZIER_KNOTS.);
#161=B_SPLINE_CURVE_WITH_KNOTS('',2,(#11497,#11498,#11499),
 .UNSPECIFIED.,.F.,.F.,(3,3),(0.,1.),.PIECEWISE_BEZIER_KNOTS.);
#162=B_SPLINE_CURVE_WITH_KNOTS('',2,(#11510,#11511,#11512),
 .UNSPECIFIED.,.F.,.F.,(3,3),(0.,1.),.PIECEWISE_BEZIER_KNOTS.);
#163=B_SPLINE_CURVE_WITH_KNOTS('',2,(#11527,#11528,#11529),
 .UNSPECIFIED.,.F.,.F.,(3,3),(0.,1.),.PIECEWISE_BEZIER_KNOTS.);
#164=B_SPLINE_CURVE_WITH_KNOTS('',2,(#11540,#11541,#11542),
 .UNSPECIFIED.,.F.,.F.,(3,3),(0.,1.),.PIECEWISE_BEZIER_KNOTS.);
#165=B_SPLINE_CURVE_WITH_KNOTS('',2,(#11553,#11554,#11555),
 .UNSPECIFIED.,.F.,.F.,(3,3),(0.,1.),.PIECEWISE_BEZIER_KNOTS.);
#166=B_SPLINE_CURVE_WITH_KNOTS('',2,(#11574,#11575,#11576),
 .UNSPECIFIED.,.F.,.F.,(3,3),(0.,1.),.PIECEWISE_BEZIER_KNOTS.);
#167=B_SPLINE_CURVE_WITH_KNOTS('',2,(#11591,#11592,#11593),
 .UNSPECIFIED.,.F.,.F.,(3,3),(0.,1.),.PIECEWISE_BEZIER_KNOTS.);
#168=B_SPLINE_CURVE_WITH_KNOTS('',2,(#11608,#11609,#11610),
 .UNSPECIFIED.,.F.,.F.,(3,3),(0.,1.),.PIECEWISE_BEZIER_KNOTS.);
#169=B_SPLINE_CURVE_WITH_KNOTS('',2,(#11621,#11622,#11623),
 .UNSPECIFIED.,.F.,.F.,(3,3),(0.,1.),.PIECEWISE_BEZIER_KNOTS.);
#170=B_SPLINE_CURVE_WITH_KNOTS('',2,(#11638,#11639,#11640),
 .UNSPECIFIED.,.F.,.F.,(3,3),(0.,1.),.PIECEWISE_BEZIER_KNOTS.);
#171=B_SPLINE_CURVE_WITH_KNOTS('',2,(#11651,#11652,#11653),
 .UNSPECIFIED.,.F.,.F.,(3,3),(0.,1.),.PIECEWISE_BEZIER_KNOTS.);
#172=B_SPLINE_CURVE_WITH_KNOTS('',2,(#11684,#11685,#11686),
 .UNSPECIFIED.,.F.,.F.,(3,3),(0.,1.),.PIECEWISE_BEZIER_KNOTS.);
#173=B_SPLINE_CURVE_WITH_KNOTS('',2,(#11690,#11691,#11692),
 .UNSPECIFIED.,.F.,.F.,(3,3),(0.,1.),.PIECEWISE_BEZIER_KNOTS.);
#174=B_SPLINE_CURVE_WITH_KNOTS('',2,(#11737,#11738,#11739),
 .UNSPECIFIED.,.F.,.F.,(3,3),(0.,1.),.PIECEWISE_BEZIER_KNOTS.);
#175=B_SPLINE_CURVE_WITH_KNOTS('',2,(#11744,#11745,#11746),
 .UNSPECIFIED.,.F.,.F.,(3,3),(0.,1.),.PIECEWISE_BEZIER_KNOTS.);
#176=B_SPLINE_CURVE_WITH_KNOTS('',2,(#11757,#11758,#11759),
 .UNSPECIFIED.,.F.,.F.,(3,3),(0.,1.),.PIECEWISE_BEZIER_KNOTS.);
#177=B_SPLINE_CURVE_WITH_KNOTS('',2,(#11763,#11764,#11765),
 .UNSPECIFIED.,.F.,.F.,(3,3),(0.,1.),.PIECEWISE_BEZIER_KNOTS.);
#178=B_SPLINE_CURVE_WITH_KNOTS('',2,(#11788,#11789,#11790),
 .UNSPECIFIED.,.F.,.F.,(3,3),(0.,1.),.PIECEWISE_BEZIER_KNOTS.);
#179=B_SPLINE_CURVE_WITH_KNOTS('',2,(#11803,#11804,#11805),
 .UNSPECIFIED.,.F.,.F.,(3,3),(0.,1.),.PIECEWISE_BEZIER_KNOTS.);
#180=B_SPLINE_CURVE_WITH_KNOTS('',2,(#11816,#11817,#11818),
 .UNSPECIFIED.,.F.,.F.,(3,3),(0.,1.),.PIECEWISE_BEZIER_KNOTS.);
#181=B_SPLINE_CURVE_WITH_KNOTS('',2,(#11839,#11840,#11841),
 .UNSPECIFIED.,.F.,.F.,(3,3),(0.,1.),.PIECEWISE_BEZIER_KNOTS.);
#182=B_SPLINE_CURVE_WITH_KNOTS('',2,(#11869,#11870,#11871),
 .UNSPECIFIED.,.F.,.F.,(3,3),(0.,1.),.PIECEWISE_BEZIER_KNOTS.);
#183=B_SPLINE_CURVE_WITH_KNOTS('',2,(#11875,#11876,#11877),
 .UNSPECIFIED.,.F.,.F.,(3,3),(0.,1.),.PIECEWISE_BEZIER_KNOTS.);
#184=B_SPLINE_CURVE_WITH_KNOTS('',2,(#11886,#11887,#11888),
 .UNSPECIFIED.,.F.,.F.,(3,3),(0.,1.),.PIECEWISE_BEZIER_KNOTS.);
#185=B_SPLINE_CURVE_WITH_KNOTS('',2,(#11892,#11893,#11894),
 .UNSPECIFIED.,.F.,.F.,(3,3),(0.,1.),.PIECEWISE_BEZIER_KNOTS.);
#186=B_SPLINE_CURVE_WITH_KNOTS('',2,(#11903,#11904,#11905),
 .UNSPECIFIED.,.F.,.F.,(3,3),(0.,1.),.PIECEWISE_BEZIER_KNOTS.);
#187=B_SPLINE_CURVE_WITH_KNOTS('',2,(#11909,#11910,#11911),
 .UNSPECIFIED.,.F.,.F.,(3,3),(0.,1.),.PIECEWISE_BEZIER_KNOTS.);
#188=B_SPLINE_CURVE_WITH_KNOTS('',2,(#11941,#11942,#11943),
 .UNSPECIFIED.,.F.,.F.,(3,3),(0.,1.),.PIECEWISE_BEZIER_KNOTS.);
#189=B_SPLINE_CURVE_WITH_KNOTS('',2,(#11947,#11948,#11949),
 .UNSPECIFIED.,.F.,.F.,(3,3),(0.,1.),.PIECEWISE_BEZIER_KNOTS.);
#190=B_SPLINE_CURVE_WITH_KNOTS('',2,(#11958,#11959,#11960),
 .UNSPECIFIED.,.F.,.F.,(3,3),(0.,1.),.PIECEWISE_BEZIER_KNOTS.);
#191=B_SPLINE_CURVE_WITH_KNOTS('',2,(#11964,#11965,#11966),
 .UNSPECIFIED.,.F.,.F.,(3,3),(0.,1.),.PIECEWISE_BEZIER_KNOTS.);
#192=B_SPLINE_CURVE_WITH_KNOTS('',2,(#11975,#11976,#11977),
 .UNSPECIFIED.,.F.,.F.,(3,3),(0.,1.),.PIECEWISE_BEZIER_KNOTS.);
#193=B_SPLINE_CURVE_WITH_KNOTS('',2,(#11981,#11982,#11983),
 .UNSPECIFIED.,.F.,.F.,(3,3),(0.,1.),.PIECEWISE_BEZIER_KNOTS.);
#194=B_SPLINE_CURVE_WITH_KNOTS('',2,(#12008,#12009,#12010),
 .UNSPECIFIED.,.F.,.F.,(3,3),(0.,1.),.PIECEWISE_BEZIER_KNOTS.);
#195=B_SPLINE_CURVE_WITH_KNOTS('',2,(#12021,#12022,#12023),
 .UNSPECIFIED.,.F.,.F.,(3,3),(0.,1.),.PIECEWISE_BEZIER_KNOTS.);
#196=B_SPLINE_CURVE_WITH_KNOTS('',2,(#12034,#12035,#12036),
 .UNSPECIFIED.,.F.,.F.,(3,3),(0.,1.),.PIECEWISE_BEZIER_KNOTS.);
#197=B_SPLINE_CURVE_WITH_KNOTS('',2,(#12047,#12048,#12049),
 .UNSPECIFIED.,.F.,.F.,(3,3),(0.,1.),.PIECEWISE_BEZIER_KNOTS.);
#198=B_SPLINE_CURVE_WITH_KNOTS('',2,(#12068,#12069,#12070),
 .UNSPECIFIED.,.F.,.F.,(3,3),(0.,1.),.PIECEWISE_BEZIER_KNOTS.);
#199=B_SPLINE_CURVE_WITH_KNOTS('',2,(#12081,#12082,#12083),
 .UNSPECIFIED.,.F.,.F.,(3,3),(0.,1.),.PIECEWISE_BEZIER_KNOTS.);
#200=B_SPLINE_CURVE_WITH_KNOTS('',2,(#12092,#12093,#12094),
 .UNSPECIFIED.,.F.,.F.,(3,3),(0.,1.),.PIECEWISE_BEZIER_KNOTS.);
#201=B_SPLINE_CURVE_WITH_KNOTS('',2,(#12095,#12096,#12097),
 .UNSPECIFIED.,.F.,.F.,(3,3),(0.,1.),.PIECEWISE_BEZIER_KNOTS.);
#202=B_SPLINE_CURVE_WITH_KNOTS('',2,(#12106,#12107,#12108),
 .UNSPECIFIED.,.F.,.F.,(3,3),(0.,1.),.PIECEWISE_BEZIER_KNOTS.);
#203=B_SPLINE_CURVE_WITH_KNOTS('',2,(#12195,#12196,#12197),
 .UNSPECIFIED.,.F.,.F.,(3,3),(0.,1.),.PIECEWISE_BEZIER_KNOTS.);
#204=B_SPLINE_CURVE_WITH_KNOTS('',2,(#12208,#12209,#12210),
 .UNSPECIFIED.,.F.,.F.,(3,3),(0.,1.),.PIECEWISE_BEZIER_KNOTS.);
#205=B_SPLINE_CURVE_WITH_KNOTS('',2,(#12221,#12222,#12223),
 .UNSPECIFIED.,.F.,.F.,(3,3),(0.,1.),.PIECEWISE_BEZIER_KNOTS.);
#206=B_SPLINE_CURVE_WITH_KNOTS('',2,(#12234,#12235,#12236),
 .UNSPECIFIED.,.F.,.F.,(3,3),(0.,1.),.PIECEWISE_BEZIER_KNOTS.);
#207=B_SPLINE_CURVE_WITH_KNOTS('',2,(#12259,#12260,#12261),
 .UNSPECIFIED.,.F.,.F.,(3,3),(0.,1.),.PIECEWISE_BEZIER_KNOTS.);
#208=B_SPLINE_CURVE_WITH_KNOTS('',2,(#12272,#12273,#12274),
 .UNSPECIFIED.,.F.,.F.,(3,3),(0.,1.),.PIECEWISE_BEZIER_KNOTS.);
#209=B_SPLINE_CURVE_WITH_KNOTS('',2,(#12285,#12286,#12287),
 .UNSPECIFIED.,.F.,.F.,(3,3),(0.,1.),.PIECEWISE_BEZIER_KNOTS.);
#210=B_SPLINE_CURVE_WITH_KNOTS('',2,(#12298,#12299,#12300),
 .UNSPECIFIED.,.F.,.F.,(3,3),(0.,1.),.PIECEWISE_BEZIER_KNOTS.);
#211=CYLINDRICAL_SURFACE('',#7664,0.002);
#212=CYLINDRICAL_SURFACE('',#7667,0.002);
#213=CYLINDRICAL_SURFACE('',#7712,0.01);
#214=CYLINDRICAL_SURFACE('',#7713,0.01);
#215=CYLINDRICAL_SURFACE('',#7714,0.01);
#216=CYLINDRICAL_SURFACE('',#7715,0.01);
#217=CYLINDRICAL_SURFACE('',#7740,0.003);
#218=CYLINDRICAL_SURFACE('',#7741,0.003);
#219=CYLINDRICAL_SURFACE('',#7742,0.003);
#220=CYLINDRICAL_SURFACE('',#7743,0.003);
#221=CYLINDRICAL_SURFACE('',#7750,0.0022983850050621);
#222=CYLINDRICAL_SURFACE('',#7752,0.00363762781313593);
#223=CYLINDRICAL_SURFACE('',#7754,0.00300772365688454);
#224=CYLINDRICAL_SURFACE('',#7757,0.00169383280224098);
#225=CYLINDRICAL_SURFACE('',#7759,0.00138208531274542);
#226=CYLINDRICAL_SURFACE('',#7774,0.00163512276435378);
#227=CYLINDRICAL_SURFACE('',#7776,0.00554377747201768);
#228=CYLINDRICAL_SURFACE('',#7796,0.00229838500505833);
#229=CYLINDRICAL_SURFACE('',#7798,0.003637627813135);
#230=CYLINDRICAL_SURFACE('',#7800,0.00300772365689588);
#231=CYLINDRICAL_SURFACE('',#7803,0.00169383280224243);
#232=CYLINDRICAL_SURFACE('',#7805,0.00138208531274492);
#233=CYLINDRICAL_SURFACE('',#7810,0.483547043325367);
#234=CYLINDRICAL_SURFACE('',#7822,0.00522257430712066);
#235=CYLINDRICAL_SURFACE('',#7842,0.000813164397027525);
#236=CYLINDRICAL_SURFACE('',#7864,0.00335500241677365);
#237=CYLINDRICAL_SURFACE('',#7866,0.00244355380057535);
#238=CYLINDRICAL_SURFACE('',#7869,0.0036119290750467);
#239=CYLINDRICAL_SURFACE('',#7871,0.00572544443917078);
#240=CYLINDRICAL_SURFACE('',#7873,0.00545984103470144);
#241=CYLINDRICAL_SURFACE('',#7907,0.002);
#242=CYLINDRICAL_SURFACE('',#7909,0.002);
#243=CYLINDRICAL_SURFACE('',#7911,0.002);
#244=CYLINDRICAL_SURFACE('',#7912,0.002);
#245=CYLINDRICAL_SURFACE('',#7916,0.002);
#246=CYLINDRICAL_SURFACE('',#7917,0.002);
#247=CYLINDRICAL_SURFACE('',#7919,0.002);
#248=CYLINDRICAL_SURFACE('',#7920,0.002);
#249=CYLINDRICAL_SURFACE('',#7921,0.002);
#250=CYLINDRICAL_SURFACE('',#7922,0.002);
#251=CYLINDRICAL_SURFACE('',#7923,0.002);
#252=CYLINDRICAL_SURFACE('',#7924,0.002);
#253=CYLINDRICAL_SURFACE('',#7925,0.002);
#254=CYLINDRICAL_SURFACE('',#7927,0.002);
#255=CYLINDRICAL_SURFACE('',#7929,0.002);
#256=CYLINDRICAL_SURFACE('',#7931,0.002);
#257=CYLINDRICAL_SURFACE('',#7933,0.002);
#258=CYLINDRICAL_SURFACE('',#7935,0.002);
#259=CYLINDRICAL_SURFACE('',#7936,0.002);
#260=CYLINDRICAL_SURFACE('',#7940,0.002);
#261=CYLINDRICAL_SURFACE('',#7944,0.002);
#262=CYLINDRICAL_SURFACE('',#7948,0.002);
#263=CYLINDRICAL_SURFACE('',#7950,0.002);
#264=CYLINDRICAL_SURFACE('',#7955,0.002);
#265=CYLINDRICAL_SURFACE('',#7959,0.002);
#266=CYLINDRICAL_SURFACE('',#7963,0.002);
#267=CYLINDRICAL_SURFACE('',#7964,0.01);
#268=CYLINDRICAL_SURFACE('',#7965,0.01);
#269=CYLINDRICAL_SURFACE('',#7966,0.01);
#270=CYLINDRICAL_SURFACE('',#7967,0.01);
#271=CYLINDRICAL_SURFACE('',#7970,0.008);
#272=CYLINDRICAL_SURFACE('',#7974,0.008);
#273=CYLINDRICAL_SURFACE('',#7978,0.008);
#274=CYLINDRICAL_SURFACE('',#7986,0.008);
#275=CYLINDRICAL_SURFACE('',#7992,0.001);
#276=CYLINDRICAL_SURFACE('',#7993,0.001);
#277=CYLINDRICAL_SURFACE('',#7994,0.001);
#278=CYLINDRICAL_SURFACE('',#7995,0.001);
#279=CYLINDRICAL_SURFACE('',#7996,0.001);
#280=CYLINDRICAL_SURFACE('',#7997,0.001);
#281=CYLINDRICAL_SURFACE('',#7998,0.001);
#282=CYLINDRICAL_SURFACE('',#7999,0.001);
#283=CYLINDRICAL_SURFACE('',#8000,0.001);
#284=CYLINDRICAL_SURFACE('',#8001,0.001);
#285=CYLINDRICAL_SURFACE('',#8002,0.001);
#286=CYLINDRICAL_SURFACE('',#8003,0.001);
#287=CYLINDRICAL_SURFACE('',#8004,0.001);
#288=CYLINDRICAL_SURFACE('',#8005,0.001);
#289=CYLINDRICAL_SURFACE('',#8006,0.001);
#290=CYLINDRICAL_SURFACE('',#8007,0.001);
#291=CYLINDRICAL_SURFACE('',#8008,0.001);
#292=CYLINDRICAL_SURFACE('',#8009,0.001);
#293=CYLINDRICAL_SURFACE('',#8010,0.001);
#294=CYLINDRICAL_SURFACE('',#8011,0.001);
#295=CYLINDRICAL_SURFACE('',#8012,0.001);
#296=CYLINDRICAL_SURFACE('',#8013,0.001);
#297=ELLIPSE('',#7658,0.00282842712474619,0.002);
#298=ELLIPSE('',#7660,0.00282842712474619,0.002);
#299=ELLIPSE('',#7908,0.00216478440058479,0.002);
#300=ELLIPSE('',#7910,0.00216478440058479,0.002);
#301=CIRCLE('',#7571,0.01);
#302=CIRCLE('',#7572,0.01);
#303=CIRCLE('',#7573,0.01);
#304=CIRCLE('',#7574,0.01);
#305=CIRCLE('',#7575,0.01);
#306=CIRCLE('',#7576,0.01);
#307=CIRCLE('',#7577,0.01);
#308=CIRCLE('',#7578,0.01);
#309=CIRCLE('',#7579,0.001);
#310=CIRCLE('',#7580,0.008);
#311=CIRCLE('',#7581,0.001);
#312=CIRCLE('',#7582,0.001);
#313=CIRCLE('',#7583,0.001);
#314=CIRCLE('',#7584,0.008);
#315=CIRCLE('',#7585,0.001);
#316=CIRCLE('',#7586,0.001);
#317=CIRCLE('',#7587,0.001);
#318=CIRCLE('',#7588,0.001);
#319=CIRCLE('',#7589,0.003);
#320=CIRCLE('',#7590,0.003);
#321=CIRCLE('',#7591,0.003);
#322=CIRCLE('',#7592,0.003);
#323=CIRCLE('',#7593,0.008);
#324=CIRCLE('',#7594,0.001);
#325=CIRCLE('',#7595,0.001);
#326=CIRCLE('',#7596,0.001);
#327=CIRCLE('',#7597,0.001);
#328=CIRCLE('',#7598,0.001);
#329=CIRCLE('',#7599,0.008);
#330=CIRCLE('',#7600,0.001);
#331=CIRCLE('',#7601,0.001);
#332=CIRCLE('',#7602,0.001);
#333=CIRCLE('',#7603,0.001);
#334=CIRCLE('',#7604,0.001);
#335=CIRCLE('',#7605,0.001);
#336=CIRCLE('',#7606,0.001);
#337=CIRCLE('',#7607,0.001);
#338=CIRCLE('',#7608,0.001);
#339=CIRCLE('',#7610,0.008);
#340=CIRCLE('',#7611,0.001);
#341=CIRCLE('',#7612,0.001);
#342=CIRCLE('',#7613,0.001);
#343=CIRCLE('',#7614,0.001);
#344=CIRCLE('',#7615,0.01);
#345=CIRCLE('',#7616,0.01);
#346=CIRCLE('',#7617,0.01);
#347=CIRCLE('',#7618,0.01);
#348=CIRCLE('',#7619,0.01);
#349=CIRCLE('',#7620,0.004);
#350=CIRCLE('',#7621,0.004);
#351=CIRCLE('',#7622,0.004);
#352=CIRCLE('',#7623,0.004);
#353=CIRCLE('',#7624,0.004);
#354=CIRCLE('',#7625,0.004);
#355=CIRCLE('',#7626,0.01);
#356=CIRCLE('',#7627,0.01);
#357=CIRCLE('',#7628,0.01);
#358=CIRCLE('',#7629,0.003);
#359=CIRCLE('',#7630,0.003);
#360=CIRCLE('',#7631,0.003);
#361=CIRCLE('',#7632,0.003);
#362=CIRCLE('',#7633,0.001);
#363=CIRCLE('',#7634,0.008);
#364=CIRCLE('',#7635,0.001);
#365=CIRCLE('',#7636,0.001);
#366=CIRCLE('',#7637,0.001);
#367=CIRCLE('',#7638,0.001);
#368=CIRCLE('',#7639,0.008);
#369=CIRCLE('',#7640,0.001);
#370=CIRCLE('',#7641,0.001);
#371=CIRCLE('',#7642,0.001);
#372=CIRCLE('',#7643,0.001);
#373=CIRCLE('',#7644,0.001);
#374=CIRCLE('',#7645,0.001);
#375=CIRCLE('',#7646,0.008);
#376=CIRCLE('',#7647,0.001);
#377=CIRCLE('',#7648,0.001);
#378=CIRCLE('',#7649,0.001);
#379=CIRCLE('',#7650,0.001);
#380=CIRCLE('',#7651,0.001);
#381=CIRCLE('',#7652,0.001);
#382=CIRCLE('',#7653,0.001);
#383=CIRCLE('',#7655,0.002);
#384=CIRCLE('',#7663,0.002);
#385=CIRCLE('',#7665,0.002);
#386=CIRCLE('',#7666,0.002);
#387=CIRCLE('',#7668,0.002);
#388=CIRCLE('',#7669,0.002);
#389=CIRCLE('',#7672,0.00138208531274492);
#390=CIRCLE('',#7673,0.00169383280224243);
#391=CIRCLE('',#7674,0.00300772365689588);
#392=CIRCLE('',#7675,0.003637627813135);
#393=CIRCLE('',#7676,0.00229838500505833);
#394=CIRCLE('',#7677,0.00163512276435378);
#395=CIRCLE('',#7678,0.00554377747201768);
#396=CIRCLE('',#7679,0.002);
#397=CIRCLE('',#7680,0.002);
#398=CIRCLE('',#7681,0.002);
#399=CIRCLE('',#7682,0.002);
#400=CIRCLE('',#7683,0.002);
#401=CIRCLE('',#7684,0.002);
#402=CIRCLE('',#7685,0.000813164397027525);
#403=CIRCLE('',#7686,0.00545984103470144);
#404=CIRCLE('',#7687,0.00572544443917078);
#405=CIRCLE('',#7688,0.0036119290750467);
#406=CIRCLE('',#7689,0.00244355380057535);
#407=CIRCLE('',#7690,0.00335500241677365);
#408=CIRCLE('',#7692,0.002);
#409=CIRCLE('',#7693,0.002);
#410=CIRCLE('',#7694,0.002);
#411=CIRCLE('',#7695,0.002);
#412=CIRCLE('',#7696,0.002);
#413=CIRCLE('',#7697,0.002);
#414=CIRCLE('',#7698,0.00138208531274542);
#415=CIRCLE('',#7699,0.00169383280224098);
#416=CIRCLE('',#7700,0.00300772365688454);
#417=CIRCLE('',#7701,0.00363762781313593);
#418=CIRCLE('',#7702,0.0022983850050621);
#419=CIRCLE('',#7708,0.002);
#420=CIRCLE('',#7724,0.002);
#421=CIRCLE('',#7725,0.002);
#422=CIRCLE('',#7727,0.002);
#423=CIRCLE('',#7729,0.002);
#424=CIRCLE('',#7730,0.002);
#425=CIRCLE('',#7731,0.002);
#426=CIRCLE('',#7737,0.002);
#427=CIRCLE('',#7738,0.002);
#428=CIRCLE('',#7739,0.002);
#429=CIRCLE('',#7751,0.0022983850050621);
#430=CIRCLE('',#7753,0.00363762781313593);
#431=CIRCLE('',#7755,0.00300772365688454);
#432=CIRCLE('',#7758,0.00169383280224098);
#433=CIRCLE('',#7760,0.00138208531274542);
#434=CIRCLE('',#7775,0.00163512276435378);
#435=CIRCLE('',#7777,0.00554377747201768);
#436=CIRCLE('',#7797,0.00229838500505833);
#437=CIRCLE('',#7799,0.003637627813135);
#438=CIRCLE('',#7801,0.00300772365689588);
#439=CIRCLE('',#7804,0.00169383280224243);
#440=CIRCLE('',#7806,0.00138208531274492);
#441=CIRCLE('',#7811,0.483547043325367);
#442=CIRCLE('',#7812,0.483547043325367);
#443=CIRCLE('',#7823,0.00522257430712066);
#444=CIRCLE('',#7824,0.00522257430712066);
#445=CIRCLE('',#7843,0.000813164397027525);
#446=CIRCLE('',#7865,0.00335500241677365);
#447=CIRCLE('',#7867,0.00244355380057535);
#448=CIRCLE('',#7870,0.0036119290750467);
#449=CIRCLE('',#7872,0.00572544443917078);
#450=CIRCLE('',#7874,0.00545984103470144);
#451=CIRCLE('',#7913,0.002);
#452=CIRCLE('',#7915,0.002);
#453=CIRCLE('',#7918,0.002);
#454=CIRCLE('',#7926,0.002);
#455=CIRCLE('',#7928,0.002);
#456=CIRCLE('',#7930,0.002);
#457=CIRCLE('',#7932,0.002);
#458=CIRCLE('',#7934,0.002);
#459=CIRCLE('',#7937,0.002);
#460=CIRCLE('',#7939,0.002);
#461=CIRCLE('',#7941,0.002);
#462=CIRCLE('',#7943,0.002);
#463=CIRCLE('',#7945,0.002);
#464=CIRCLE('',#7947,0.002);
#465=CIRCLE('',#7949,0.002);
#466=CIRCLE('',#7951,0.002);
#467=CIRCLE('',#7952,0.002);
#468=CIRCLE('',#7954,0.002);
#469=CIRCLE('',#7956,0.002);
#470=CIRCLE('',#7958,0.002);
#471=CIRCLE('',#7960,0.002);
#472=CIRCLE('',#7962,0.002);
#473=ORIENTED_EDGE('',*,*,#2639,.F.);
#474=ORIENTED_EDGE('',*,*,#2640,.T.);
#475=ORIENTED_EDGE('',*,*,#2641,.F.);
#476=ORIENTED_EDGE('',*,*,#2642,.F.);
#477=ORIENTED_EDGE('',*,*,#2643,.T.);
#478=ORIENTED_EDGE('',*,*,#2644,.F.);
#479=ORIENTED_EDGE('',*,*,#2645,.F.);
#480=ORIENTED_EDGE('',*,*,#2646,.T.);
#481=ORIENTED_EDGE('',*,*,#2647,.F.);
#482=ORIENTED_EDGE('',*,*,#2648,.T.);
#483=ORIENTED_EDGE('',*,*,#2649,.T.);
#484=ORIENTED_EDGE('',*,*,#2650,.T.);
#485=ORIENTED_EDGE('',*,*,#2651,.T.);
#486=ORIENTED_EDGE('',*,*,#2652,.T.);
#487=ORIENTED_EDGE('',*,*,#2653,.F.);
#488=ORIENTED_EDGE('',*,*,#2654,.T.);
#489=ORIENTED_EDGE('',*,*,#2655,.F.);
#490=ORIENTED_EDGE('',*,*,#2656,.T.);
#491=ORIENTED_EDGE('',*,*,#2657,.T.);
#492=ORIENTED_EDGE('',*,*,#2658,.T.);
#493=ORIENTED_EDGE('',*,*,#2659,.T.);
#494=ORIENTED_EDGE('',*,*,#2660,.T.);
#495=ORIENTED_EDGE('',*,*,#2661,.F.);
#496=ORIENTED_EDGE('',*,*,#2662,.T.);
#497=ORIENTED_EDGE('',*,*,#2663,.T.);
#498=ORIENTED_EDGE('',*,*,#2664,.T.);
#499=ORIENTED_EDGE('',*,*,#2665,.F.);
#500=ORIENTED_EDGE('',*,*,#2666,.T.);
#501=ORIENTED_EDGE('',*,*,#2667,.T.);
#502=ORIENTED_EDGE('',*,*,#2668,.T.);
#503=ORIENTED_EDGE('',*,*,#2669,.T.);
#504=ORIENTED_EDGE('',*,*,#2670,.T.);
#505=ORIENTED_EDGE('',*,*,#2671,.F.);
#506=ORIENTED_EDGE('',*,*,#2672,.T.);
#507=ORIENTED_EDGE('',*,*,#2673,.F.);
#508=ORIENTED_EDGE('',*,*,#2674,.T.);
#509=ORIENTED_EDGE('',*,*,#2675,.T.);
#510=ORIENTED_EDGE('',*,*,#2676,.T.);
#511=ORIENTED_EDGE('',*,*,#2677,.T.);
#512=ORIENTED_EDGE('',*,*,#2678,.T.);
#513=ORIENTED_EDGE('',*,*,#2679,.F.);
#514=ORIENTED_EDGE('',*,*,#2680,.T.);
#515=ORIENTED_EDGE('',*,*,#2681,.T.);
#516=ORIENTED_EDGE('',*,*,#2682,.T.);
#517=ORIENTED_EDGE('',*,*,#2683,.F.);
#518=ORIENTED_EDGE('',*,*,#2684,.F.);
#519=ORIENTED_EDGE('',*,*,#2685,.F.);
#520=ORIENTED_EDGE('',*,*,#2686,.T.);
#521=ORIENTED_EDGE('',*,*,#2687,.T.);
#522=ORIENTED_EDGE('',*,*,#2688,.T.);
#523=ORIENTED_EDGE('',*,*,#2689,.F.);
#524=ORIENTED_EDGE('',*,*,#2690,.T.);
#525=ORIENTED_EDGE('',*,*,#2691,.F.);
#526=ORIENTED_EDGE('',*,*,#2692,.T.);
#527=ORIENTED_EDGE('',*,*,#2693,.F.);
#528=ORIENTED_EDGE('',*,*,#2694,.T.);
#529=ORIENTED_EDGE('',*,*,#2695,.T.);
#530=ORIENTED_EDGE('',*,*,#2696,.T.);
#531=ORIENTED_EDGE('',*,*,#2697,.T.);
#532=ORIENTED_EDGE('',*,*,#2698,.T.);
#533=ORIENTED_EDGE('',*,*,#2699,.T.);
#534=ORIENTED_EDGE('',*,*,#2700,.T.);
#535=ORIENTED_EDGE('',*,*,#2701,.F.);
#536=ORIENTED_EDGE('',*,*,#2702,.T.);
#537=ORIENTED_EDGE('',*,*,#2703,.T.);
#538=ORIENTED_EDGE('',*,*,#2704,.T.);
#539=ORIENTED_EDGE('',*,*,#2705,.F.);
#540=ORIENTED_EDGE('',*,*,#2706,.T.);
#541=ORIENTED_EDGE('',*,*,#2707,.F.);
#542=ORIENTED_EDGE('',*,*,#2708,.T.);
#543=ORIENTED_EDGE('',*,*,#2709,.T.);
#544=ORIENTED_EDGE('',*,*,#2710,.T.);
#545=ORIENTED_EDGE('',*,*,#2711,.T.);
#546=ORIENTED_EDGE('',*,*,#2712,.T.);
#547=ORIENTED_EDGE('',*,*,#2713,.T.);
#548=ORIENTED_EDGE('',*,*,#2714,.T.);
#549=ORIENTED_EDGE('',*,*,#2715,.F.);
#550=ORIENTED_EDGE('',*,*,#2716,.T.);
#551=ORIENTED_EDGE('',*,*,#2717,.T.);
#552=ORIENTED_EDGE('',*,*,#2718,.F.);
#553=ORIENTED_EDGE('',*,*,#2719,.T.);
#554=ORIENTED_EDGE('',*,*,#2720,.F.);
#555=ORIENTED_EDGE('',*,*,#2721,.T.);
#556=ORIENTED_EDGE('',*,*,#2722,.F.);
#557=ORIENTED_EDGE('',*,*,#2723,.T.);
#558=ORIENTED_EDGE('',*,*,#2724,.T.);
#559=ORIENTED_EDGE('',*,*,#2725,.T.);
#560=ORIENTED_EDGE('',*,*,#2726,.F.);
#561=ORIENTED_EDGE('',*,*,#2727,.T.);
#562=ORIENTED_EDGE('',*,*,#2728,.F.);
#563=ORIENTED_EDGE('',*,*,#2729,.T.);
#564=ORIENTED_EDGE('',*,*,#2730,.T.);
#565=ORIENTED_EDGE('',*,*,#2731,.T.);
#566=ORIENTED_EDGE('',*,*,#2732,.T.);
#567=ORIENTED_EDGE('',*,*,#2733,.T.);
#568=ORIENTED_EDGE('',*,*,#2734,.T.);
#569=ORIENTED_EDGE('',*,*,#2735,.T.);
#570=ORIENTED_EDGE('',*,*,#2736,.T.);
#571=ORIENTED_EDGE('',*,*,#2737,.T.);
#572=ORIENTED_EDGE('',*,*,#2738,.T.);
#573=ORIENTED_EDGE('',*,*,#2739,.T.);
#574=ORIENTED_EDGE('',*,*,#2740,.T.);
#575=ORIENTED_EDGE('',*,*,#2741,.T.);
#576=ORIENTED_EDGE('',*,*,#2742,.T.);
#577=ORIENTED_EDGE('',*,*,#2743,.T.);
#578=ORIENTED_EDGE('',*,*,#2744,.T.);
#579=ORIENTED_EDGE('',*,*,#2745,.T.);
#580=ORIENTED_EDGE('',*,*,#2746,.T.);
#581=ORIENTED_EDGE('',*,*,#2747,.T.);
#582=ORIENTED_EDGE('',*,*,#2748,.T.);
#583=ORIENTED_EDGE('',*,*,#2749,.T.);
#584=ORIENTED_EDGE('',*,*,#2750,.F.);
#585=ORIENTED_EDGE('',*,*,#2751,.F.);
#586=ORIENTED_EDGE('',*,*,#2752,.T.);
#587=ORIENTED_EDGE('',*,*,#2753,.T.);
#588=ORIENTED_EDGE('',*,*,#2754,.T.);
#589=ORIENTED_EDGE('',*,*,#2755,.F.);
#590=ORIENTED_EDGE('',*,*,#2756,.T.);
#591=ORIENTED_EDGE('',*,*,#2757,.F.);
#592=ORIENTED_EDGE('',*,*,#2758,.F.);
#593=ORIENTED_EDGE('',*,*,#2759,.F.);
#594=ORIENTED_EDGE('',*,*,#2760,.T.);
#595=ORIENTED_EDGE('',*,*,#2761,.F.);
#596=ORIENTED_EDGE('',*,*,#2762,.F.);
#597=ORIENTED_EDGE('',*,*,#2763,.F.);
#598=ORIENTED_EDGE('',*,*,#2764,.T.);
#599=ORIENTED_EDGE('',*,*,#2765,.F.);
#600=ORIENTED_EDGE('',*,*,#2766,.F.);
#601=ORIENTED_EDGE('',*,*,#2767,.F.);
#602=ORIENTED_EDGE('',*,*,#2768,.T.);
#603=ORIENTED_EDGE('',*,*,#2769,.T.);
#604=ORIENTED_EDGE('',*,*,#2770,.T.);
#605=ORIENTED_EDGE('',*,*,#2771,.F.);
#606=ORIENTED_EDGE('',*,*,#2772,.T.);
#607=ORIENTED_EDGE('',*,*,#2773,.F.);
#608=ORIENTED_EDGE('',*,*,#2774,.T.);
#609=ORIENTED_EDGE('',*,*,#2775,.T.);
#610=ORIENTED_EDGE('',*,*,#2776,.T.);
#611=ORIENTED_EDGE('',*,*,#2777,.F.);
#612=ORIENTED_EDGE('',*,*,#2778,.T.);
#613=ORIENTED_EDGE('',*,*,#2779,.F.);
#614=ORIENTED_EDGE('',*,*,#2780,.T.);
#615=ORIENTED_EDGE('',*,*,#2781,.F.);
#616=ORIENTED_EDGE('',*,*,#2782,.T.);
#617=ORIENTED_EDGE('',*,*,#2783,.F.);
#618=ORIENTED_EDGE('',*,*,#2784,.T.);
#619=ORIENTED_EDGE('',*,*,#2785,.T.);
#620=ORIENTED_EDGE('',*,*,#2786,.T.);
#621=ORIENTED_EDGE('',*,*,#2787,.T.);
#622=ORIENTED_EDGE('',*,*,#2788,.T.);
#623=ORIENTED_EDGE('',*,*,#2789,.T.);
#624=ORIENTED_EDGE('',*,*,#2790,.T.);
#625=ORIENTED_EDGE('',*,*,#2791,.T.);
#626=ORIENTED_EDGE('',*,*,#2792,.T.);
#627=ORIENTED_EDGE('',*,*,#2793,.T.);
#628=ORIENTED_EDGE('',*,*,#2794,.F.);
#629=ORIENTED_EDGE('',*,*,#2795,.T.);
#630=ORIENTED_EDGE('',*,*,#2796,.T.);
#631=ORIENTED_EDGE('',*,*,#2797,.T.);
#632=ORIENTED_EDGE('',*,*,#2798,.T.);
#633=ORIENTED_EDGE('',*,*,#2799,.T.);
#634=ORIENTED_EDGE('',*,*,#2800,.T.);
#635=ORIENTED_EDGE('',*,*,#2801,.T.);
#636=ORIENTED_EDGE('',*,*,#2802,.T.);
#637=ORIENTED_EDGE('',*,*,#2803,.F.);
#638=ORIENTED_EDGE('',*,*,#2804,.T.);
#639=ORIENTED_EDGE('',*,*,#2805,.T.);
#640=ORIENTED_EDGE('',*,*,#2806,.T.);
#641=ORIENTED_EDGE('',*,*,#2807,.F.);
#642=ORIENTED_EDGE('',*,*,#2808,.T.);
#643=ORIENTED_EDGE('',*,*,#2809,.T.);
#644=ORIENTED_EDGE('',*,*,#2810,.F.);
#645=ORIENTED_EDGE('',*,*,#2811,.F.);
#646=ORIENTED_EDGE('',*,*,#2812,.T.);
#647=ORIENTED_EDGE('',*,*,#2813,.F.);
#648=ORIENTED_EDGE('',*,*,#2814,.T.);
#649=ORIENTED_EDGE('',*,*,#2815,.T.);
#650=ORIENTED_EDGE('',*,*,#2816,.T.);
#651=ORIENTED_EDGE('',*,*,#2817,.T.);
#652=ORIENTED_EDGE('',*,*,#2818,.T.);
#653=ORIENTED_EDGE('',*,*,#2819,.T.);
#654=ORIENTED_EDGE('',*,*,#2820,.T.);
#655=ORIENTED_EDGE('',*,*,#2821,.F.);
#656=ORIENTED_EDGE('',*,*,#2822,.T.);
#657=ORIENTED_EDGE('',*,*,#2823,.T.);
#658=ORIENTED_EDGE('',*,*,#2824,.T.);
#659=ORIENTED_EDGE('',*,*,#2825,.T.);
#660=ORIENTED_EDGE('',*,*,#2826,.T.);
#661=ORIENTED_EDGE('',*,*,#2827,.F.);
#662=ORIENTED_EDGE('',*,*,#2828,.T.);
#663=ORIENTED_EDGE('',*,*,#2829,.F.);
#664=ORIENTED_EDGE('',*,*,#2830,.T.);
#665=ORIENTED_EDGE('',*,*,#2831,.T.);
#666=ORIENTED_EDGE('',*,*,#2832,.T.);
#667=ORIENTED_EDGE('',*,*,#2833,.T.);
#668=ORIENTED_EDGE('',*,*,#2834,.T.);
#669=ORIENTED_EDGE('',*,*,#2835,.F.);
#670=ORIENTED_EDGE('',*,*,#2836,.T.);
#671=ORIENTED_EDGE('',*,*,#2837,.T.);
#672=ORIENTED_EDGE('',*,*,#2838,.T.);
#673=ORIENTED_EDGE('',*,*,#2839,.T.);
#674=ORIENTED_EDGE('',*,*,#2840,.T.);
#675=ORIENTED_EDGE('',*,*,#2841,.F.);
#676=ORIENTED_EDGE('',*,*,#2842,.T.);
#677=ORIENTED_EDGE('',*,*,#2843,.F.);
#678=ORIENTED_EDGE('',*,*,#2844,.T.);
#679=ORIENTED_EDGE('',*,*,#2845,.T.);
#680=ORIENTED_EDGE('',*,*,#2846,.T.);
#681=ORIENTED_EDGE('',*,*,#2847,.F.);
#682=ORIENTED_EDGE('',*,*,#2848,.T.);
#683=ORIENTED_EDGE('',*,*,#2849,.F.);
#684=ORIENTED_EDGE('',*,*,#2850,.F.);
#685=ORIENTED_EDGE('',*,*,#2851,.T.);
#686=ORIENTED_EDGE('',*,*,#2852,.T.);
#687=ORIENTED_EDGE('',*,*,#2853,.T.);
#688=ORIENTED_EDGE('',*,*,#2854,.F.);
#689=ORIENTED_EDGE('',*,*,#2855,.T.);
#690=ORIENTED_EDGE('',*,*,#2640,.F.);
#691=ORIENTED_EDGE('',*,*,#2856,.T.);
#692=ORIENTED_EDGE('',*,*,#2857,.T.);
#693=ORIENTED_EDGE('',*,*,#2858,.T.);
#694=ORIENTED_EDGE('',*,*,#2859,.T.);
#695=ORIENTED_EDGE('',*,*,#2860,.T.);
#696=ORIENTED_EDGE('',*,*,#2861,.F.);
#697=ORIENTED_EDGE('',*,*,#2862,.T.);
#698=ORIENTED_EDGE('',*,*,#2863,.T.);
#699=ORIENTED_EDGE('',*,*,#2864,.T.);
#700=ORIENTED_EDGE('',*,*,#2865,.F.);
#701=ORIENTED_EDGE('',*,*,#2866,.T.);
#702=ORIENTED_EDGE('',*,*,#2867,.T.);
#703=ORIENTED_EDGE('',*,*,#2868,.T.);
#704=ORIENTED_EDGE('',*,*,#2869,.F.);
#705=ORIENTED_EDGE('',*,*,#2870,.T.);
#706=ORIENTED_EDGE('',*,*,#2871,.T.);
#707=ORIENTED_EDGE('',*,*,#2872,.T.);
#708=ORIENTED_EDGE('',*,*,#2873,.T.);
#709=ORIENTED_EDGE('',*,*,#2874,.T.);
#710=ORIENTED_EDGE('',*,*,#2875,.F.);
#711=ORIENTED_EDGE('',*,*,#2876,.T.);
#712=ORIENTED_EDGE('',*,*,#2877,.F.);
#713=ORIENTED_EDGE('',*,*,#2643,.F.);
#714=ORIENTED_EDGE('',*,*,#2878,.T.);
#715=ORIENTED_EDGE('',*,*,#2879,.T.);
#716=ORIENTED_EDGE('',*,*,#2868,.F.);
#717=ORIENTED_EDGE('',*,*,#2880,.T.);
#718=ORIENTED_EDGE('',*,*,#2859,.F.);
#719=ORIENTED_EDGE('',*,*,#2881,.F.);
#720=ORIENTED_EDGE('',*,*,#2882,.F.);
#721=ORIENTED_EDGE('',*,*,#2873,.F.);
#722=ORIENTED_EDGE('',*,*,#2883,.F.);
#723=ORIENTED_EDGE('',*,*,#2884,.F.);
#724=ORIENTED_EDGE('',*,*,#2659,.F.);
#725=ORIENTED_EDGE('',*,*,#2885,.T.);
#726=ORIENTED_EDGE('',*,*,#2807,.T.);
#727=ORIENTED_EDGE('',*,*,#2886,.T.);
#728=ORIENTED_EDGE('',*,*,#2887,.T.);
#729=ORIENTED_EDGE('',*,*,#2888,.T.);
#730=ORIENTED_EDGE('',*,*,#2889,.T.);
#731=ORIENTED_EDGE('',*,*,#2890,.T.);
#732=ORIENTED_EDGE('',*,*,#2891,.T.);
#733=ORIENTED_EDGE('',*,*,#2892,.T.);
#734=ORIENTED_EDGE('',*,*,#2893,.T.);
#735=ORIENTED_EDGE('',*,*,#2894,.T.);
#736=ORIENTED_EDGE('',*,*,#2895,.T.);
#737=ORIENTED_EDGE('',*,*,#2896,.T.);
#738=ORIENTED_EDGE('',*,*,#2897,.T.);
#739=ORIENTED_EDGE('',*,*,#2898,.T.);
#740=ORIENTED_EDGE('',*,*,#2899,.T.);
#741=ORIENTED_EDGE('',*,*,#2900,.T.);
#742=ORIENTED_EDGE('',*,*,#2901,.T.);
#743=ORIENTED_EDGE('',*,*,#2902,.T.);
#744=ORIENTED_EDGE('',*,*,#2903,.T.);
#745=ORIENTED_EDGE('',*,*,#2904,.T.);
#746=ORIENTED_EDGE('',*,*,#2905,.T.);
#747=ORIENTED_EDGE('',*,*,#2906,.T.);
#748=ORIENTED_EDGE('',*,*,#2907,.T.);
#749=ORIENTED_EDGE('',*,*,#2908,.T.);
#750=ORIENTED_EDGE('',*,*,#2909,.T.);
#751=ORIENTED_EDGE('',*,*,#2910,.T.);
#752=ORIENTED_EDGE('',*,*,#2911,.T.);
#753=ORIENTED_EDGE('',*,*,#2912,.T.);
#754=ORIENTED_EDGE('',*,*,#2913,.T.);
#755=ORIENTED_EDGE('',*,*,#2914,.T.);
#756=ORIENTED_EDGE('',*,*,#2915,.T.);
#757=ORIENTED_EDGE('',*,*,#2916,.T.);
#758=ORIENTED_EDGE('',*,*,#2917,.T.);
#759=ORIENTED_EDGE('',*,*,#2918,.T.);
#760=ORIENTED_EDGE('',*,*,#2919,.T.);
#761=ORIENTED_EDGE('',*,*,#2920,.T.);
#762=ORIENTED_EDGE('',*,*,#2921,.T.);
#763=ORIENTED_EDGE('',*,*,#2922,.T.);
#764=ORIENTED_EDGE('',*,*,#2923,.T.);
#765=ORIENTED_EDGE('',*,*,#2924,.T.);
#766=ORIENTED_EDGE('',*,*,#2925,.T.);
#767=ORIENTED_EDGE('',*,*,#2926,.T.);
#768=ORIENTED_EDGE('',*,*,#2927,.T.);
#769=ORIENTED_EDGE('',*,*,#2928,.T.);
#770=ORIENTED_EDGE('',*,*,#2929,.T.);
#771=ORIENTED_EDGE('',*,*,#2930,.T.);
#772=ORIENTED_EDGE('',*,*,#2931,.T.);
#773=ORIENTED_EDGE('',*,*,#2932,.T.);
#774=ORIENTED_EDGE('',*,*,#2933,.T.);
#775=ORIENTED_EDGE('',*,*,#2934,.T.);
#776=ORIENTED_EDGE('',*,*,#2935,.T.);
#777=ORIENTED_EDGE('',*,*,#2936,.T.);
#778=ORIENTED_EDGE('',*,*,#2937,.T.);
#779=ORIENTED_EDGE('',*,*,#2938,.T.);
#780=ORIENTED_EDGE('',*,*,#2939,.T.);
#781=ORIENTED_EDGE('',*,*,#2940,.T.);
#782=ORIENTED_EDGE('',*,*,#2941,.T.);
#783=ORIENTED_EDGE('',*,*,#2942,.T.);
#784=ORIENTED_EDGE('',*,*,#2943,.F.);
#785=ORIENTED_EDGE('',*,*,#2944,.T.);
#786=ORIENTED_EDGE('',*,*,#2945,.T.);
#787=ORIENTED_EDGE('',*,*,#2946,.T.);
#788=ORIENTED_EDGE('',*,*,#2947,.F.);
#789=ORIENTED_EDGE('',*,*,#2948,.T.);
#790=ORIENTED_EDGE('',*,*,#2949,.F.);
#791=ORIENTED_EDGE('',*,*,#2950,.T.);
#792=ORIENTED_EDGE('',*,*,#2951,.F.);
#793=ORIENTED_EDGE('',*,*,#2952,.T.);
#794=ORIENTED_EDGE('',*,*,#2953,.F.);
#795=ORIENTED_EDGE('',*,*,#2954,.T.);
#796=ORIENTED_EDGE('',*,*,#2955,.T.);
#797=ORIENTED_EDGE('',*,*,#2956,.T.);
#798=ORIENTED_EDGE('',*,*,#2957,.T.);
#799=ORIENTED_EDGE('',*,*,#2958,.T.);
#800=ORIENTED_EDGE('',*,*,#2959,.T.);
#801=ORIENTED_EDGE('',*,*,#2960,.T.);
#802=ORIENTED_EDGE('',*,*,#2961,.T.);
#803=ORIENTED_EDGE('',*,*,#2962,.T.);
#804=ORIENTED_EDGE('',*,*,#2963,.T.);
#805=ORIENTED_EDGE('',*,*,#2964,.T.);
#806=ORIENTED_EDGE('',*,*,#2965,.T.);
#807=ORIENTED_EDGE('',*,*,#2966,.T.);
#808=ORIENTED_EDGE('',*,*,#2967,.T.);
#809=ORIENTED_EDGE('',*,*,#2968,.T.);
#810=ORIENTED_EDGE('',*,*,#2969,.T.);
#811=ORIENTED_EDGE('',*,*,#2970,.T.);
#812=ORIENTED_EDGE('',*,*,#2971,.T.);
#813=ORIENTED_EDGE('',*,*,#2972,.T.);
#814=ORIENTED_EDGE('',*,*,#2973,.T.);
#815=ORIENTED_EDGE('',*,*,#2974,.T.);
#816=ORIENTED_EDGE('',*,*,#2975,.T.);
#817=ORIENTED_EDGE('',*,*,#2976,.T.);
#818=ORIENTED_EDGE('',*,*,#2977,.T.);
#819=ORIENTED_EDGE('',*,*,#2978,.T.);
#820=ORIENTED_EDGE('',*,*,#2979,.T.);
#821=ORIENTED_EDGE('',*,*,#2980,.T.);
#822=ORIENTED_EDGE('',*,*,#2981,.T.);
#823=ORIENTED_EDGE('',*,*,#2982,.T.);
#824=ORIENTED_EDGE('',*,*,#2983,.T.);
#825=ORIENTED_EDGE('',*,*,#2984,.T.);
#826=ORIENTED_EDGE('',*,*,#2985,.T.);
#827=ORIENTED_EDGE('',*,*,#2986,.T.);
#828=ORIENTED_EDGE('',*,*,#2987,.T.);
#829=ORIENTED_EDGE('',*,*,#2988,.T.);
#830=ORIENTED_EDGE('',*,*,#2989,.T.);
#831=ORIENTED_EDGE('',*,*,#2990,.T.);
#832=ORIENTED_EDGE('',*,*,#2991,.T.);
#833=ORIENTED_EDGE('',*,*,#2992,.T.);
#834=ORIENTED_EDGE('',*,*,#2993,.T.);
#835=ORIENTED_EDGE('',*,*,#2994,.T.);
#836=ORIENTED_EDGE('',*,*,#2995,.T.);
#837=ORIENTED_EDGE('',*,*,#2996,.T.);
#838=ORIENTED_EDGE('',*,*,#2997,.T.);
#839=ORIENTED_EDGE('',*,*,#2998,.T.);
#840=ORIENTED_EDGE('',*,*,#2999,.T.);
#841=ORIENTED_EDGE('',*,*,#3000,.T.);
#842=ORIENTED_EDGE('',*,*,#3001,.T.);
#843=ORIENTED_EDGE('',*,*,#3002,.T.);
#844=ORIENTED_EDGE('',*,*,#3003,.T.);
#845=ORIENTED_EDGE('',*,*,#3004,.T.);
#846=ORIENTED_EDGE('',*,*,#3005,.T.);
#847=ORIENTED_EDGE('',*,*,#3006,.T.);
#848=ORIENTED_EDGE('',*,*,#3007,.T.);
#849=ORIENTED_EDGE('',*,*,#3008,.T.);
#850=ORIENTED_EDGE('',*,*,#3009,.T.);
#851=ORIENTED_EDGE('',*,*,#3010,.T.);
#852=ORIENTED_EDGE('',*,*,#3011,.T.);
#853=ORIENTED_EDGE('',*,*,#3012,.T.);
#854=ORIENTED_EDGE('',*,*,#3013,.T.);
#855=ORIENTED_EDGE('',*,*,#3014,.T.);
#856=ORIENTED_EDGE('',*,*,#3015,.T.);
#857=ORIENTED_EDGE('',*,*,#3016,.T.);
#858=ORIENTED_EDGE('',*,*,#3017,.T.);
#859=ORIENTED_EDGE('',*,*,#3018,.T.);
#860=ORIENTED_EDGE('',*,*,#3019,.T.);
#861=ORIENTED_EDGE('',*,*,#3020,.T.);
#862=ORIENTED_EDGE('',*,*,#3021,.T.);
#863=ORIENTED_EDGE('',*,*,#3022,.T.);
#864=ORIENTED_EDGE('',*,*,#3023,.T.);
#865=ORIENTED_EDGE('',*,*,#3024,.T.);
#866=ORIENTED_EDGE('',*,*,#3025,.T.);
#867=ORIENTED_EDGE('',*,*,#3026,.T.);
#868=ORIENTED_EDGE('',*,*,#3027,.T.);
#869=ORIENTED_EDGE('',*,*,#3028,.T.);
#870=ORIENTED_EDGE('',*,*,#3029,.T.);
#871=ORIENTED_EDGE('',*,*,#2854,.T.);
#872=ORIENTED_EDGE('',*,*,#3030,.T.);
#873=ORIENTED_EDGE('',*,*,#3031,.T.);
#874=ORIENTED_EDGE('',*,*,#3032,.T.);
#875=ORIENTED_EDGE('',*,*,#3033,.F.);
#876=ORIENTED_EDGE('',*,*,#3034,.T.);
#877=ORIENTED_EDGE('',*,*,#3035,.F.);
#878=ORIENTED_EDGE('',*,*,#3036,.T.);
#879=ORIENTED_EDGE('',*,*,#3037,.T.);
#880=ORIENTED_EDGE('',*,*,#3038,.T.);
#881=ORIENTED_EDGE('',*,*,#3039,.T.);
#882=ORIENTED_EDGE('',*,*,#3040,.T.);
#883=ORIENTED_EDGE('',*,*,#3041,.T.);
#884=ORIENTED_EDGE('',*,*,#3042,.T.);
#885=ORIENTED_EDGE('',*,*,#3043,.T.);
#886=ORIENTED_EDGE('',*,*,#3044,.T.);
#887=ORIENTED_EDGE('',*,*,#3045,.T.);
#888=ORIENTED_EDGE('',*,*,#3046,.T.);
#889=ORIENTED_EDGE('',*,*,#3047,.T.);
#890=ORIENTED_EDGE('',*,*,#3048,.T.);
#891=ORIENTED_EDGE('',*,*,#3049,.T.);
#892=ORIENTED_EDGE('',*,*,#3050,.T.);
#893=ORIENTED_EDGE('',*,*,#3051,.T.);
#894=ORIENTED_EDGE('',*,*,#3052,.T.);
#895=ORIENTED_EDGE('',*,*,#3053,.T.);
#896=ORIENTED_EDGE('',*,*,#3054,.T.);
#897=ORIENTED_EDGE('',*,*,#3055,.T.);
#898=ORIENTED_EDGE('',*,*,#3056,.T.);
#899=ORIENTED_EDGE('',*,*,#3057,.T.);
#900=ORIENTED_EDGE('',*,*,#3058,.T.);
#901=ORIENTED_EDGE('',*,*,#3059,.T.);
#902=ORIENTED_EDGE('',*,*,#3060,.T.);
#903=ORIENTED_EDGE('',*,*,#3061,.T.);
#904=ORIENTED_EDGE('',*,*,#3062,.T.);
#905=ORIENTED_EDGE('',*,*,#3063,.T.);
#906=ORIENTED_EDGE('',*,*,#3064,.T.);
#907=ORIENTED_EDGE('',*,*,#3065,.T.);
#908=ORIENTED_EDGE('',*,*,#3066,.T.);
#909=ORIENTED_EDGE('',*,*,#3067,.T.);
#910=ORIENTED_EDGE('',*,*,#3068,.T.);
#911=ORIENTED_EDGE('',*,*,#3069,.T.);
#912=ORIENTED_EDGE('',*,*,#3070,.T.);
#913=ORIENTED_EDGE('',*,*,#3071,.T.);
#914=ORIENTED_EDGE('',*,*,#3072,.T.);
#915=ORIENTED_EDGE('',*,*,#2871,.F.);
#916=ORIENTED_EDGE('',*,*,#3073,.T.);
#917=ORIENTED_EDGE('',*,*,#2863,.F.);
#918=ORIENTED_EDGE('',*,*,#3074,.T.);
#919=ORIENTED_EDGE('',*,*,#2781,.T.);
#920=ORIENTED_EDGE('',*,*,#3075,.T.);
#921=ORIENTED_EDGE('',*,*,#2651,.F.);
#922=ORIENTED_EDGE('',*,*,#3076,.T.);
#923=ORIENTED_EDGE('',*,*,#2649,.F.);
#924=ORIENTED_EDGE('',*,*,#3077,.T.);
#925=ORIENTED_EDGE('',*,*,#2783,.T.);
#926=ORIENTED_EDGE('',*,*,#3078,.T.);
#927=ORIENTED_EDGE('',*,*,#2647,.T.);
#928=ORIENTED_EDGE('',*,*,#3079,.T.);
#929=ORIENTED_EDGE('',*,*,#2785,.F.);
#930=ORIENTED_EDGE('',*,*,#3080,.T.);
#931=ORIENTED_EDGE('',*,*,#2645,.T.);
#932=ORIENTED_EDGE('',*,*,#3081,.T.);
#933=ORIENTED_EDGE('',*,*,#3082,.T.);
#934=ORIENTED_EDGE('',*,*,#3083,.T.);
#935=ORIENTED_EDGE('',*,*,#3084,.F.);
#936=ORIENTED_EDGE('',*,*,#2884,.T.);
#937=ORIENTED_EDGE('',*,*,#3085,.T.);
#938=ORIENTED_EDGE('',*,*,#2850,.T.);
#939=ORIENTED_EDGE('',*,*,#2803,.T.);
#940=ORIENTED_EDGE('',*,*,#3086,.T.);
#941=ORIENTED_EDGE('',*,*,#2663,.F.);
#942=ORIENTED_EDGE('',*,*,#3087,.T.);
#943=ORIENTED_EDGE('',*,*,#2805,.F.);
#944=ORIENTED_EDGE('',*,*,#3088,.T.);
#945=ORIENTED_EDGE('',*,*,#2661,.T.);
#946=ORIENTED_EDGE('',*,*,#3089,.T.);
#947=ORIENTED_EDGE('',*,*,#2804,.F.);
#948=ORIENTED_EDGE('',*,*,#3087,.F.);
#949=ORIENTED_EDGE('',*,*,#2662,.F.);
#950=ORIENTED_EDGE('',*,*,#3088,.F.);
#951=ORIENTED_EDGE('',*,*,#2806,.F.);
#952=ORIENTED_EDGE('',*,*,#3089,.F.);
#953=ORIENTED_EDGE('',*,*,#2660,.F.);
#954=ORIENTED_EDGE('',*,*,#2886,.F.);
#955=ORIENTED_EDGE('',*,*,#2784,.F.);
#956=ORIENTED_EDGE('',*,*,#3077,.F.);
#957=ORIENTED_EDGE('',*,*,#2648,.F.);
#958=ORIENTED_EDGE('',*,*,#3080,.F.);
#959=ORIENTED_EDGE('',*,*,#2782,.F.);
#960=ORIENTED_EDGE('',*,*,#3076,.F.);
#961=ORIENTED_EDGE('',*,*,#2650,.F.);
#962=ORIENTED_EDGE('',*,*,#3078,.F.);
#963=ORIENTED_EDGE('',*,*,#2802,.F.);
#964=ORIENTED_EDGE('',*,*,#2878,.F.);
#965=ORIENTED_EDGE('',*,*,#2664,.F.);
#966=ORIENTED_EDGE('',*,*,#3086,.F.);
#967=ORIENTED_EDGE('',*,*,#2786,.F.);
#968=ORIENTED_EDGE('',*,*,#3079,.F.);
#969=ORIENTED_EDGE('',*,*,#2646,.F.);
#970=ORIENTED_EDGE('',*,*,#3083,.F.);
#971=ORIENTED_EDGE('',*,*,#3090,.T.);
#972=ORIENTED_EDGE('',*,*,#3091,.T.);
#973=ORIENTED_EDGE('',*,*,#3092,.T.);
#974=ORIENTED_EDGE('',*,*,#3037,.F.);
#975=ORIENTED_EDGE('',*,*,#3093,.T.);
#976=ORIENTED_EDGE('',*,*,#3094,.T.);
#977=ORIENTED_EDGE('',*,*,#3095,.T.);
#978=ORIENTED_EDGE('',*,*,#3028,.F.);
#979=ORIENTED_EDGE('',*,*,#3096,.F.);
#980=ORIENTED_EDGE('',*,*,#2642,.T.);
#981=ORIENTED_EDGE('',*,*,#3097,.T.);
#982=ORIENTED_EDGE('',*,*,#3098,.T.);
#983=ORIENTED_EDGE('',*,*,#3099,.T.);
#984=ORIENTED_EDGE('',*,*,#3100,.T.);
#985=ORIENTED_EDGE('',*,*,#3101,.T.);
#986=ORIENTED_EDGE('',*,*,#2947,.T.);
#987=ORIENTED_EDGE('',*,*,#3102,.T.);
#988=ORIENTED_EDGE('',*,*,#3103,.T.);
#989=ORIENTED_EDGE('',*,*,#3104,.T.);
#990=ORIENTED_EDGE('',*,*,#2949,.T.);
#991=ORIENTED_EDGE('',*,*,#2877,.T.);
#992=ORIENTED_EDGE('',*,*,#3105,.T.);
#993=ORIENTED_EDGE('',*,*,#3106,.T.);
#994=ORIENTED_EDGE('',*,*,#3035,.T.);
#995=ORIENTED_EDGE('',*,*,#3107,.T.);
#996=ORIENTED_EDGE('',*,*,#3108,.F.);
#997=ORIENTED_EDGE('',*,*,#3109,.T.);
#998=ORIENTED_EDGE('',*,*,#2875,.T.);
#999=ORIENTED_EDGE('',*,*,#3110,.F.);
#1000=ORIENTED_EDGE('',*,*,#2866,.F.);
#1001=ORIENTED_EDGE('',*,*,#3111,.T.);
#1002=ORIENTED_EDGE('',*,*,#3112,.F.);
#1003=ORIENTED_EDGE('',*,*,#3113,.T.);
#1004=ORIENTED_EDGE('',*,*,#2951,.T.);
#1005=ORIENTED_EDGE('',*,*,#3114,.T.);
#1006=ORIENTED_EDGE('',*,*,#3115,.T.);
#1007=ORIENTED_EDGE('',*,*,#3081,.F.);
#1008=ORIENTED_EDGE('',*,*,#2644,.T.);
#1009=ORIENTED_EDGE('',*,*,#2861,.T.);
#1010=ORIENTED_EDGE('',*,*,#3116,.T.);
#1011=ORIENTED_EDGE('',*,*,#3117,.T.);
#1012=ORIENTED_EDGE('',*,*,#2945,.F.);
#1013=ORIENTED_EDGE('',*,*,#3118,.T.);
#1014=ORIENTED_EDGE('',*,*,#3119,.T.);
#1015=ORIENTED_EDGE('',*,*,#3120,.T.);
#1016=ORIENTED_EDGE('',*,*,#3119,.F.);
#1017=ORIENTED_EDGE('',*,*,#3121,.T.);
#1018=ORIENTED_EDGE('',*,*,#3122,.T.);
#1019=ORIENTED_EDGE('',*,*,#3123,.T.);
#1020=ORIENTED_EDGE('',*,*,#3124,.T.);
#1021=ORIENTED_EDGE('',*,*,#3125,.T.);
#1022=ORIENTED_EDGE('',*,*,#3112,.T.);
#1023=ORIENTED_EDGE('',*,*,#3126,.T.);
#1024=ORIENTED_EDGE('',*,*,#3127,.T.);
#1025=ORIENTED_EDGE('',*,*,#3128,.T.);
#1026=ORIENTED_EDGE('',*,*,#3124,.F.);
#1027=ORIENTED_EDGE('',*,*,#3129,.T.);
#1028=ORIENTED_EDGE('',*,*,#2953,.T.);
#1029=ORIENTED_EDGE('',*,*,#3130,.T.);
#1030=ORIENTED_EDGE('',*,*,#3122,.F.);
#1031=ORIENTED_EDGE('',*,*,#3131,.T.);
#1032=ORIENTED_EDGE('',*,*,#2943,.T.);
#1033=ORIENTED_EDGE('',*,*,#3132,.T.);
#1034=ORIENTED_EDGE('',*,*,#3031,.F.);
#1035=ORIENTED_EDGE('',*,*,#3133,.T.);
#1036=ORIENTED_EDGE('',*,*,#3134,.T.);
#1037=ORIENTED_EDGE('',*,*,#3135,.T.);
#1038=ORIENTED_EDGE('',*,*,#3033,.T.);
#1039=ORIENTED_EDGE('',*,*,#3136,.T.);
#1040=ORIENTED_EDGE('',*,*,#3137,.F.);
#1041=ORIENTED_EDGE('',*,*,#3138,.T.);
#1042=ORIENTED_EDGE('',*,*,#2852,.F.);
#1043=ORIENTED_EDGE('',*,*,#3139,.T.);
#1044=ORIENTED_EDGE('',*,*,#3140,.T.);
#1045=ORIENTED_EDGE('',*,*,#3108,.T.);
#1046=ORIENTED_EDGE('',*,*,#3141,.T.);
#1047=ORIENTED_EDGE('',*,*,#3137,.T.);
#1048=ORIENTED_EDGE('',*,*,#3142,.T.);
#1049=ORIENTED_EDGE('',*,*,#3134,.F.);
#1050=ORIENTED_EDGE('',*,*,#3143,.T.);
#1051=ORIENTED_EDGE('',*,*,#2810,.T.);
#1052=ORIENTED_EDGE('',*,*,#2682,.F.);
#1053=ORIENTED_EDGE('',*,*,#2809,.F.);
#1054=ORIENTED_EDGE('',*,*,#2683,.T.);
#1055=ORIENTED_EDGE('',*,*,#2811,.T.);
#1056=ORIENTED_EDGE('',*,*,#2681,.F.);
#1057=ORIENTED_EDGE('',*,*,#2812,.F.);
#1058=ORIENTED_EDGE('',*,*,#2684,.T.);
#1059=ORIENTED_EDGE('',*,*,#2865,.T.);
#1060=ORIENTED_EDGE('',*,*,#3144,.T.);
#1061=ORIENTED_EDGE('',*,*,#2869,.T.);
#1062=ORIENTED_EDGE('',*,*,#2881,.T.);
#1063=ORIENTED_EDGE('',*,*,#3040,.F.);
#1064=ORIENTED_EDGE('',*,*,#3145,.F.);
#1065=ORIENTED_EDGE('',*,*,#3146,.T.);
#1066=ORIENTED_EDGE('',*,*,#3147,.T.);
#1067=ORIENTED_EDGE('',*,*,#3039,.F.);
#1068=ORIENTED_EDGE('',*,*,#3148,.F.);
#1069=ORIENTED_EDGE('',*,*,#3149,.T.);
#1070=ORIENTED_EDGE('',*,*,#3145,.T.);
#1071=ORIENTED_EDGE('',*,*,#3062,.F.);
#1072=ORIENTED_EDGE('',*,*,#3150,.F.);
#1073=ORIENTED_EDGE('',*,*,#3151,.T.);
#1074=ORIENTED_EDGE('',*,*,#3148,.T.);
#1075=ORIENTED_EDGE('',*,*,#3061,.F.);
#1076=ORIENTED_EDGE('',*,*,#3152,.F.);
#1077=ORIENTED_EDGE('',*,*,#3153,.T.);
#1078=ORIENTED_EDGE('',*,*,#3150,.T.);
#1079=ORIENTED_EDGE('',*,*,#3060,.F.);
#1080=ORIENTED_EDGE('',*,*,#3154,.F.);
#1081=ORIENTED_EDGE('',*,*,#3155,.T.);
#1082=ORIENTED_EDGE('',*,*,#3152,.T.);
#1083=ORIENTED_EDGE('',*,*,#3059,.F.);
#1084=ORIENTED_EDGE('',*,*,#3156,.F.);
#1085=ORIENTED_EDGE('',*,*,#3157,.T.);
#1086=ORIENTED_EDGE('',*,*,#3154,.T.);
#1087=ORIENTED_EDGE('',*,*,#3058,.F.);
#1088=ORIENTED_EDGE('',*,*,#3158,.F.);
#1089=ORIENTED_EDGE('',*,*,#3159,.T.);
#1090=ORIENTED_EDGE('',*,*,#3156,.T.);
#1091=ORIENTED_EDGE('',*,*,#3057,.F.);
#1092=ORIENTED_EDGE('',*,*,#3160,.F.);
#1093=ORIENTED_EDGE('',*,*,#3161,.T.);
#1094=ORIENTED_EDGE('',*,*,#3158,.T.);
#1095=ORIENTED_EDGE('',*,*,#3056,.F.);
#1096=ORIENTED_EDGE('',*,*,#3162,.F.);
#1097=ORIENTED_EDGE('',*,*,#3163,.T.);
#1098=ORIENTED_EDGE('',*,*,#3160,.T.);
#1099=ORIENTED_EDGE('',*,*,#3055,.F.);
#1100=ORIENTED_EDGE('',*,*,#3164,.F.);
#1101=ORIENTED_EDGE('',*,*,#3165,.T.);
#1102=ORIENTED_EDGE('',*,*,#3162,.T.);
#1103=ORIENTED_EDGE('',*,*,#3054,.F.);
#1104=ORIENTED_EDGE('',*,*,#3166,.F.);
#1105=ORIENTED_EDGE('',*,*,#3167,.T.);
#1106=ORIENTED_EDGE('',*,*,#3164,.T.);
#1107=ORIENTED_EDGE('',*,*,#3053,.F.);
#1108=ORIENTED_EDGE('',*,*,#3168,.F.);
#1109=ORIENTED_EDGE('',*,*,#3169,.T.);
#1110=ORIENTED_EDGE('',*,*,#3166,.T.);
#1111=ORIENTED_EDGE('',*,*,#3052,.F.);
#1112=ORIENTED_EDGE('',*,*,#3170,.F.);
#1113=ORIENTED_EDGE('',*,*,#3171,.T.);
#1114=ORIENTED_EDGE('',*,*,#3168,.T.);
#1115=ORIENTED_EDGE('',*,*,#3051,.F.);
#1116=ORIENTED_EDGE('',*,*,#3172,.F.);
#1117=ORIENTED_EDGE('',*,*,#3173,.T.);
#1118=ORIENTED_EDGE('',*,*,#3170,.T.);
#1119=ORIENTED_EDGE('',*,*,#3050,.F.);
#1120=ORIENTED_EDGE('',*,*,#3174,.F.);
#1121=ORIENTED_EDGE('',*,*,#3175,.T.);
#1122=ORIENTED_EDGE('',*,*,#3172,.T.);
#1123=ORIENTED_EDGE('',*,*,#3049,.F.);
#1124=ORIENTED_EDGE('',*,*,#3176,.F.);
#1125=ORIENTED_EDGE('',*,*,#3177,.T.);
#1126=ORIENTED_EDGE('',*,*,#3174,.T.);
#1127=ORIENTED_EDGE('',*,*,#3048,.F.);
#1128=ORIENTED_EDGE('',*,*,#3178,.F.);
#1129=ORIENTED_EDGE('',*,*,#3179,.T.);
#1130=ORIENTED_EDGE('',*,*,#3176,.T.);
#1131=ORIENTED_EDGE('',*,*,#3047,.F.);
#1132=ORIENTED_EDGE('',*,*,#3180,.F.);
#1133=ORIENTED_EDGE('',*,*,#3181,.T.);
#1134=ORIENTED_EDGE('',*,*,#3178,.T.);
#1135=ORIENTED_EDGE('',*,*,#3046,.F.);
#1136=ORIENTED_EDGE('',*,*,#3182,.F.);
#1137=ORIENTED_EDGE('',*,*,#3183,.T.);
#1138=ORIENTED_EDGE('',*,*,#3180,.T.);
#1139=ORIENTED_EDGE('',*,*,#3045,.F.);
#1140=ORIENTED_EDGE('',*,*,#3184,.F.);
#1141=ORIENTED_EDGE('',*,*,#3185,.T.);
#1142=ORIENTED_EDGE('',*,*,#3182,.T.);
#1143=ORIENTED_EDGE('',*,*,#3044,.F.);
#1144=ORIENTED_EDGE('',*,*,#3186,.F.);
#1145=ORIENTED_EDGE('',*,*,#3187,.T.);
#1146=ORIENTED_EDGE('',*,*,#3184,.T.);
#1147=ORIENTED_EDGE('',*,*,#3043,.F.);
#1148=ORIENTED_EDGE('',*,*,#3188,.F.);
#1149=ORIENTED_EDGE('',*,*,#3189,.T.);
#1150=ORIENTED_EDGE('',*,*,#3186,.T.);
#1151=ORIENTED_EDGE('',*,*,#3042,.F.);
#1152=ORIENTED_EDGE('',*,*,#3190,.F.);
#1153=ORIENTED_EDGE('',*,*,#3191,.T.);
#1154=ORIENTED_EDGE('',*,*,#3188,.T.);
#1155=ORIENTED_EDGE('',*,*,#3041,.F.);
#1156=ORIENTED_EDGE('',*,*,#3147,.F.);
#1157=ORIENTED_EDGE('',*,*,#3192,.T.);
#1158=ORIENTED_EDGE('',*,*,#3190,.T.);
#1159=ORIENTED_EDGE('',*,*,#3146,.F.);
#1160=ORIENTED_EDGE('',*,*,#3149,.F.);
#1161=ORIENTED_EDGE('',*,*,#3151,.F.);
#1162=ORIENTED_EDGE('',*,*,#3153,.F.);
#1163=ORIENTED_EDGE('',*,*,#3155,.F.);
#1164=ORIENTED_EDGE('',*,*,#3157,.F.);
#1165=ORIENTED_EDGE('',*,*,#3159,.F.);
#1166=ORIENTED_EDGE('',*,*,#3161,.F.);
#1167=ORIENTED_EDGE('',*,*,#3163,.F.);
#1168=ORIENTED_EDGE('',*,*,#3165,.F.);
#1169=ORIENTED_EDGE('',*,*,#3167,.F.);
#1170=ORIENTED_EDGE('',*,*,#3169,.F.);
#1171=ORIENTED_EDGE('',*,*,#3171,.F.);
#1172=ORIENTED_EDGE('',*,*,#3173,.F.);
#1173=ORIENTED_EDGE('',*,*,#3175,.F.);
#1174=ORIENTED_EDGE('',*,*,#3177,.F.);
#1175=ORIENTED_EDGE('',*,*,#3179,.F.);
#1176=ORIENTED_EDGE('',*,*,#3181,.F.);
#1177=ORIENTED_EDGE('',*,*,#3183,.F.);
#1178=ORIENTED_EDGE('',*,*,#3185,.F.);
#1179=ORIENTED_EDGE('',*,*,#3187,.F.);
#1180=ORIENTED_EDGE('',*,*,#3189,.F.);
#1181=ORIENTED_EDGE('',*,*,#3191,.F.);
#1182=ORIENTED_EDGE('',*,*,#3192,.F.);
#1183=ORIENTED_EDGE('',*,*,#3064,.F.);
#1184=ORIENTED_EDGE('',*,*,#3193,.F.);
#1185=ORIENTED_EDGE('',*,*,#3194,.T.);
#1186=ORIENTED_EDGE('',*,*,#3195,.T.);
#1187=ORIENTED_EDGE('',*,*,#3063,.F.);
#1188=ORIENTED_EDGE('',*,*,#3196,.F.);
#1189=ORIENTED_EDGE('',*,*,#3197,.T.);
#1190=ORIENTED_EDGE('',*,*,#3193,.T.);
#1191=ORIENTED_EDGE('',*,*,#3072,.F.);
#1192=ORIENTED_EDGE('',*,*,#3198,.F.);
#1193=ORIENTED_EDGE('',*,*,#3199,.T.);
#1194=ORIENTED_EDGE('',*,*,#3196,.T.);
#1195=ORIENTED_EDGE('',*,*,#3071,.F.);
#1196=ORIENTED_EDGE('',*,*,#3200,.F.);
#1197=ORIENTED_EDGE('',*,*,#3201,.T.);
#1198=ORIENTED_EDGE('',*,*,#3198,.T.);
#1199=ORIENTED_EDGE('',*,*,#3070,.F.);
#1200=ORIENTED_EDGE('',*,*,#3202,.F.);
#1201=ORIENTED_EDGE('',*,*,#3203,.T.);
#1202=ORIENTED_EDGE('',*,*,#3200,.T.);
#1203=ORIENTED_EDGE('',*,*,#3069,.F.);
#1204=ORIENTED_EDGE('',*,*,#3204,.F.);
#1205=ORIENTED_EDGE('',*,*,#3205,.T.);
#1206=ORIENTED_EDGE('',*,*,#3202,.T.);
#1207=ORIENTED_EDGE('',*,*,#3068,.F.);
#1208=ORIENTED_EDGE('',*,*,#3206,.F.);
#1209=ORIENTED_EDGE('',*,*,#3207,.T.);
#1210=ORIENTED_EDGE('',*,*,#3204,.T.);
#1211=ORIENTED_EDGE('',*,*,#3067,.F.);
#1212=ORIENTED_EDGE('',*,*,#3208,.F.);
#1213=ORIENTED_EDGE('',*,*,#3209,.T.);
#1214=ORIENTED_EDGE('',*,*,#3206,.T.);
#1215=ORIENTED_EDGE('',*,*,#3066,.F.);
#1216=ORIENTED_EDGE('',*,*,#3210,.F.);
#1217=ORIENTED_EDGE('',*,*,#3211,.T.);
#1218=ORIENTED_EDGE('',*,*,#3208,.T.);
#1219=ORIENTED_EDGE('',*,*,#3065,.F.);
#1220=ORIENTED_EDGE('',*,*,#3195,.F.);
#1221=ORIENTED_EDGE('',*,*,#3212,.T.);
#1222=ORIENTED_EDGE('',*,*,#3210,.T.);
#1223=ORIENTED_EDGE('',*,*,#3194,.F.);
#1224=ORIENTED_EDGE('',*,*,#3197,.F.);
#1225=ORIENTED_EDGE('',*,*,#3199,.F.);
#1226=ORIENTED_EDGE('',*,*,#3201,.F.);
#1227=ORIENTED_EDGE('',*,*,#3203,.F.);
#1228=ORIENTED_EDGE('',*,*,#3205,.F.);
#1229=ORIENTED_EDGE('',*,*,#3207,.F.);
#1230=ORIENTED_EDGE('',*,*,#3209,.F.);
#1231=ORIENTED_EDGE('',*,*,#3211,.F.);
#1232=ORIENTED_EDGE('',*,*,#3212,.F.);
#1233=ORIENTED_EDGE('',*,*,#2929,.F.);
#1234=ORIENTED_EDGE('',*,*,#3213,.F.);
#1235=ORIENTED_EDGE('',*,*,#3214,.T.);
#1236=ORIENTED_EDGE('',*,*,#3215,.T.);
#1237=ORIENTED_EDGE('',*,*,#2928,.F.);
#1238=ORIENTED_EDGE('',*,*,#3216,.F.);
#1239=ORIENTED_EDGE('',*,*,#3217,.T.);
#1240=ORIENTED_EDGE('',*,*,#3213,.T.);
#1241=ORIENTED_EDGE('',*,*,#2942,.F.);
#1242=ORIENTED_EDGE('',*,*,#3218,.F.);
#1243=ORIENTED_EDGE('',*,*,#3219,.T.);
#1244=ORIENTED_EDGE('',*,*,#3216,.T.);
#1245=ORIENTED_EDGE('',*,*,#2941,.F.);
#1246=ORIENTED_EDGE('',*,*,#3220,.F.);
#1247=ORIENTED_EDGE('',*,*,#3221,.T.);
#1248=ORIENTED_EDGE('',*,*,#3218,.T.);
#1249=ORIENTED_EDGE('',*,*,#2940,.F.);
#1250=ORIENTED_EDGE('',*,*,#3222,.F.);
#1251=ORIENTED_EDGE('',*,*,#3223,.T.);
#1252=ORIENTED_EDGE('',*,*,#3220,.T.);
#1253=ORIENTED_EDGE('',*,*,#2939,.F.);
#1254=ORIENTED_EDGE('',*,*,#3224,.F.);
#1255=ORIENTED_EDGE('',*,*,#3225,.T.);
#1256=ORIENTED_EDGE('',*,*,#3222,.T.);
#1257=ORIENTED_EDGE('',*,*,#2938,.F.);
#1258=ORIENTED_EDGE('',*,*,#3226,.F.);
#1259=ORIENTED_EDGE('',*,*,#3227,.T.);
#1260=ORIENTED_EDGE('',*,*,#3224,.T.);
#1261=ORIENTED_EDGE('',*,*,#2937,.F.);
#1262=ORIENTED_EDGE('',*,*,#3228,.F.);
#1263=ORIENTED_EDGE('',*,*,#3229,.T.);
#1264=ORIENTED_EDGE('',*,*,#3226,.T.);
#1265=ORIENTED_EDGE('',*,*,#2936,.F.);
#1266=ORIENTED_EDGE('',*,*,#3230,.F.);
#1267=ORIENTED_EDGE('',*,*,#3231,.T.);
#1268=ORIENTED_EDGE('',*,*,#3228,.T.);
#1269=ORIENTED_EDGE('',*,*,#2935,.F.);
#1270=ORIENTED_EDGE('',*,*,#3232,.F.);
#1271=ORIENTED_EDGE('',*,*,#3233,.T.);
#1272=ORIENTED_EDGE('',*,*,#3230,.T.);
#1273=ORIENTED_EDGE('',*,*,#2934,.F.);
#1274=ORIENTED_EDGE('',*,*,#3234,.F.);
#1275=ORIENTED_EDGE('',*,*,#3235,.T.);
#1276=ORIENTED_EDGE('',*,*,#3232,.T.);
#1277=ORIENTED_EDGE('',*,*,#2933,.F.);
#1278=ORIENTED_EDGE('',*,*,#3236,.F.);
#1279=ORIENTED_EDGE('',*,*,#3237,.T.);
#1280=ORIENTED_EDGE('',*,*,#3234,.T.);
#1281=ORIENTED_EDGE('',*,*,#2932,.F.);
#1282=ORIENTED_EDGE('',*,*,#3238,.F.);
#1283=ORIENTED_EDGE('',*,*,#3239,.T.);
#1284=ORIENTED_EDGE('',*,*,#3236,.T.);
#1285=ORIENTED_EDGE('',*,*,#2931,.F.);
#1286=ORIENTED_EDGE('',*,*,#3240,.F.);
#1287=ORIENTED_EDGE('',*,*,#3241,.T.);
#1288=ORIENTED_EDGE('',*,*,#3238,.T.);
#1289=ORIENTED_EDGE('',*,*,#2930,.F.);
#1290=ORIENTED_EDGE('',*,*,#3215,.F.);
#1291=ORIENTED_EDGE('',*,*,#3242,.T.);
#1292=ORIENTED_EDGE('',*,*,#3240,.T.);
#1293=ORIENTED_EDGE('',*,*,#3214,.F.);
#1294=ORIENTED_EDGE('',*,*,#3217,.F.);
#1295=ORIENTED_EDGE('',*,*,#3219,.F.);
#1296=ORIENTED_EDGE('',*,*,#3221,.F.);
#1297=ORIENTED_EDGE('',*,*,#3223,.F.);
#1298=ORIENTED_EDGE('',*,*,#3225,.F.);
#1299=ORIENTED_EDGE('',*,*,#3227,.F.);
#1300=ORIENTED_EDGE('',*,*,#3229,.F.);
#1301=ORIENTED_EDGE('',*,*,#3231,.F.);
#1302=ORIENTED_EDGE('',*,*,#3233,.F.);
#1303=ORIENTED_EDGE('',*,*,#3235,.F.);
#1304=ORIENTED_EDGE('',*,*,#3237,.F.);
#1305=ORIENTED_EDGE('',*,*,#3239,.F.);
#1306=ORIENTED_EDGE('',*,*,#3241,.F.);
#1307=ORIENTED_EDGE('',*,*,#3242,.F.);
#1308=ORIENTED_EDGE('',*,*,#2919,.F.);
#1309=ORIENTED_EDGE('',*,*,#3243,.F.);
#1310=ORIENTED_EDGE('',*,*,#3244,.T.);
#1311=ORIENTED_EDGE('',*,*,#3245,.T.);
#1312=ORIENTED_EDGE('',*,*,#2918,.F.);
#1313=ORIENTED_EDGE('',*,*,#3246,.F.);
#1314=ORIENTED_EDGE('',*,*,#3247,.T.);
#1315=ORIENTED_EDGE('',*,*,#3243,.T.);
#1316=ORIENTED_EDGE('',*,*,#2927,.F.);
#1317=ORIENTED_EDGE('',*,*,#3248,.F.);
#1318=ORIENTED_EDGE('',*,*,#3249,.T.);
#1319=ORIENTED_EDGE('',*,*,#3246,.T.);
#1320=ORIENTED_EDGE('',*,*,#2926,.F.);
#1321=ORIENTED_EDGE('',*,*,#3250,.F.);
#1322=ORIENTED_EDGE('',*,*,#3251,.T.);
#1323=ORIENTED_EDGE('',*,*,#3248,.T.);
#1324=ORIENTED_EDGE('',*,*,#2925,.F.);
#1325=ORIENTED_EDGE('',*,*,#3252,.F.);
#1326=ORIENTED_EDGE('',*,*,#3253,.T.);
#1327=ORIENTED_EDGE('',*,*,#3250,.T.);
#1328=ORIENTED_EDGE('',*,*,#2924,.F.);
#1329=ORIENTED_EDGE('',*,*,#3254,.F.);
#1330=ORIENTED_EDGE('',*,*,#3255,.T.);
#1331=ORIENTED_EDGE('',*,*,#3252,.T.);
#1332=ORIENTED_EDGE('',*,*,#2923,.F.);
#1333=ORIENTED_EDGE('',*,*,#3256,.F.);
#1334=ORIENTED_EDGE('',*,*,#3257,.T.);
#1335=ORIENTED_EDGE('',*,*,#3254,.T.);
#1336=ORIENTED_EDGE('',*,*,#2922,.F.);
#1337=ORIENTED_EDGE('',*,*,#3258,.F.);
#1338=ORIENTED_EDGE('',*,*,#3259,.T.);
#1339=ORIENTED_EDGE('',*,*,#3256,.T.);
#1340=ORIENTED_EDGE('',*,*,#2921,.F.);
#1341=ORIENTED_EDGE('',*,*,#3260,.F.);
#1342=ORIENTED_EDGE('',*,*,#3261,.T.);
#1343=ORIENTED_EDGE('',*,*,#3258,.T.);
#1344=ORIENTED_EDGE('',*,*,#2920,.F.);
#1345=ORIENTED_EDGE('',*,*,#3245,.F.);
#1346=ORIENTED_EDGE('',*,*,#3262,.T.);
#1347=ORIENTED_EDGE('',*,*,#3260,.T.);
#1348=ORIENTED_EDGE('',*,*,#3244,.F.);
#1349=ORIENTED_EDGE('',*,*,#3247,.F.);
#1350=ORIENTED_EDGE('',*,*,#3249,.F.);
#1351=ORIENTED_EDGE('',*,*,#3251,.F.);
#1352=ORIENTED_EDGE('',*,*,#3253,.F.);
#1353=ORIENTED_EDGE('',*,*,#3255,.F.);
#1354=ORIENTED_EDGE('',*,*,#3257,.F.);
#1355=ORIENTED_EDGE('',*,*,#3259,.F.);
#1356=ORIENTED_EDGE('',*,*,#3261,.F.);
#1357=ORIENTED_EDGE('',*,*,#3262,.F.);
#1358=ORIENTED_EDGE('',*,*,#2895,.F.);
#1359=ORIENTED_EDGE('',*,*,#3263,.F.);
#1360=ORIENTED_EDGE('',*,*,#3264,.T.);
#1361=ORIENTED_EDGE('',*,*,#3265,.T.);
#1362=ORIENTED_EDGE('',*,*,#2894,.F.);
#1363=ORIENTED_EDGE('',*,*,#3266,.F.);
#1364=ORIENTED_EDGE('',*,*,#3267,.T.);
#1365=ORIENTED_EDGE('',*,*,#3263,.T.);
#1366=ORIENTED_EDGE('',*,*,#2917,.F.);
#1367=ORIENTED_EDGE('',*,*,#3268,.F.);
#1368=ORIENTED_EDGE('',*,*,#3269,.T.);
#1369=ORIENTED_EDGE('',*,*,#3266,.T.);
#1370=ORIENTED_EDGE('',*,*,#2916,.F.);
#1371=ORIENTED_EDGE('',*,*,#3270,.F.);
#1372=ORIENTED_EDGE('',*,*,#3271,.T.);
#1373=ORIENTED_EDGE('',*,*,#3268,.T.);
#1374=ORIENTED_EDGE('',*,*,#2915,.F.);
#1375=ORIENTED_EDGE('',*,*,#3272,.F.);
#1376=ORIENTED_EDGE('',*,*,#3273,.T.);
#1377=ORIENTED_EDGE('',*,*,#3270,.T.);
#1378=ORIENTED_EDGE('',*,*,#2914,.F.);
#1379=ORIENTED_EDGE('',*,*,#3274,.F.);
#1380=ORIENTED_EDGE('',*,*,#3275,.T.);
#1381=ORIENTED_EDGE('',*,*,#3272,.T.);
#1382=ORIENTED_EDGE('',*,*,#2913,.F.);
#1383=ORIENTED_EDGE('',*,*,#3276,.F.);
#1384=ORIENTED_EDGE('',*,*,#3277,.T.);
#1385=ORIENTED_EDGE('',*,*,#3274,.T.);
#1386=ORIENTED_EDGE('',*,*,#2912,.F.);
#1387=ORIENTED_EDGE('',*,*,#3278,.F.);
#1388=ORIENTED_EDGE('',*,*,#3279,.T.);
#1389=ORIENTED_EDGE('',*,*,#3276,.T.);
#1390=ORIENTED_EDGE('',*,*,#2911,.F.);
#1391=ORIENTED_EDGE('',*,*,#3280,.F.);
#1392=ORIENTED_EDGE('',*,*,#3281,.T.);
#1393=ORIENTED_EDGE('',*,*,#3278,.T.);
#1394=ORIENTED_EDGE('',*,*,#2910,.F.);
#1395=ORIENTED_EDGE('',*,*,#3282,.F.);
#1396=ORIENTED_EDGE('',*,*,#3283,.T.);
#1397=ORIENTED_EDGE('',*,*,#3280,.T.);
#1398=ORIENTED_EDGE('',*,*,#2909,.F.);
#1399=ORIENTED_EDGE('',*,*,#3284,.F.);
#1400=ORIENTED_EDGE('',*,*,#3285,.T.);
#1401=ORIENTED_EDGE('',*,*,#3282,.T.);
#1402=ORIENTED_EDGE('',*,*,#2908,.F.);
#1403=ORIENTED_EDGE('',*,*,#3286,.F.);
#1404=ORIENTED_EDGE('',*,*,#3287,.T.);
#1405=ORIENTED_EDGE('',*,*,#3284,.T.);
#1406=ORIENTED_EDGE('',*,*,#2907,.F.);
#1407=ORIENTED_EDGE('',*,*,#3288,.F.);
#1408=ORIENTED_EDGE('',*,*,#3289,.T.);
#1409=ORIENTED_EDGE('',*,*,#3286,.T.);
#1410=ORIENTED_EDGE('',*,*,#2906,.F.);
#1411=ORIENTED_EDGE('',*,*,#3290,.F.);
#1412=ORIENTED_EDGE('',*,*,#3291,.T.);
#1413=ORIENTED_EDGE('',*,*,#3288,.T.);
#1414=ORIENTED_EDGE('',*,*,#2905,.F.);
#1415=ORIENTED_EDGE('',*,*,#3292,.F.);
#1416=ORIENTED_EDGE('',*,*,#3293,.T.);
#1417=ORIENTED_EDGE('',*,*,#3290,.T.);
#1418=ORIENTED_EDGE('',*,*,#2904,.F.);
#1419=ORIENTED_EDGE('',*,*,#3294,.F.);
#1420=ORIENTED_EDGE('',*,*,#3295,.T.);
#1421=ORIENTED_EDGE('',*,*,#3292,.T.);
#1422=ORIENTED_EDGE('',*,*,#2903,.F.);
#1423=ORIENTED_EDGE('',*,*,#3296,.F.);
#1424=ORIENTED_EDGE('',*,*,#3297,.T.);
#1425=ORIENTED_EDGE('',*,*,#3294,.T.);
#1426=ORIENTED_EDGE('',*,*,#2902,.F.);
#1427=ORIENTED_EDGE('',*,*,#3298,.F.);
#1428=ORIENTED_EDGE('',*,*,#3299,.T.);
#1429=ORIENTED_EDGE('',*,*,#3296,.T.);
#1430=ORIENTED_EDGE('',*,*,#2901,.F.);
#1431=ORIENTED_EDGE('',*,*,#3300,.F.);
#1432=ORIENTED_EDGE('',*,*,#3301,.T.);
#1433=ORIENTED_EDGE('',*,*,#3298,.T.);
#1434=ORIENTED_EDGE('',*,*,#2900,.F.);
#1435=ORIENTED_EDGE('',*,*,#3302,.F.);
#1436=ORIENTED_EDGE('',*,*,#3303,.T.);
#1437=ORIENTED_EDGE('',*,*,#3300,.T.);
#1438=ORIENTED_EDGE('',*,*,#2899,.F.);
#1439=ORIENTED_EDGE('',*,*,#3304,.F.);
#1440=ORIENTED_EDGE('',*,*,#3305,.T.);
#1441=ORIENTED_EDGE('',*,*,#3302,.T.);
#1442=ORIENTED_EDGE('',*,*,#2898,.F.);
#1443=ORIENTED_EDGE('',*,*,#3306,.F.);
#1444=ORIENTED_EDGE('',*,*,#3307,.T.);
#1445=ORIENTED_EDGE('',*,*,#3304,.T.);
#1446=ORIENTED_EDGE('',*,*,#2897,.F.);
#1447=ORIENTED_EDGE('',*,*,#3308,.F.);
#1448=ORIENTED_EDGE('',*,*,#3309,.T.);
#1449=ORIENTED_EDGE('',*,*,#3306,.T.);
#1450=ORIENTED_EDGE('',*,*,#2896,.F.);
#1451=ORIENTED_EDGE('',*,*,#3265,.F.);
#1452=ORIENTED_EDGE('',*,*,#3310,.T.);
#1453=ORIENTED_EDGE('',*,*,#3308,.T.);
#1454=ORIENTED_EDGE('',*,*,#3264,.F.);
#1455=ORIENTED_EDGE('',*,*,#3267,.F.);
#1456=ORIENTED_EDGE('',*,*,#3269,.F.);
#1457=ORIENTED_EDGE('',*,*,#3271,.F.);
#1458=ORIENTED_EDGE('',*,*,#3273,.F.);
#1459=ORIENTED_EDGE('',*,*,#3275,.F.);
#1460=ORIENTED_EDGE('',*,*,#3277,.F.);
#1461=ORIENTED_EDGE('',*,*,#3279,.F.);
#1462=ORIENTED_EDGE('',*,*,#3281,.F.);
#1463=ORIENTED_EDGE('',*,*,#3283,.F.);
#1464=ORIENTED_EDGE('',*,*,#3285,.F.);
#1465=ORIENTED_EDGE('',*,*,#3287,.F.);
#1466=ORIENTED_EDGE('',*,*,#3289,.F.);
#1467=ORIENTED_EDGE('',*,*,#3291,.F.);
#1468=ORIENTED_EDGE('',*,*,#3293,.F.);
#1469=ORIENTED_EDGE('',*,*,#3295,.F.);
#1470=ORIENTED_EDGE('',*,*,#3297,.F.);
#1471=ORIENTED_EDGE('',*,*,#3299,.F.);
#1472=ORIENTED_EDGE('',*,*,#3301,.F.);
#1473=ORIENTED_EDGE('',*,*,#3303,.F.);
#1474=ORIENTED_EDGE('',*,*,#3305,.F.);
#1475=ORIENTED_EDGE('',*,*,#3307,.F.);
#1476=ORIENTED_EDGE('',*,*,#3309,.F.);
#1477=ORIENTED_EDGE('',*,*,#3310,.F.);
#1478=ORIENTED_EDGE('',*,*,#3311,.F.);
#1479=ORIENTED_EDGE('',*,*,#3312,.F.);
#1480=ORIENTED_EDGE('',*,*,#3313,.T.);
#1481=ORIENTED_EDGE('',*,*,#3314,.T.);
#1482=ORIENTED_EDGE('',*,*,#3315,.F.);
#1483=ORIENTED_EDGE('',*,*,#3316,.F.);
#1484=ORIENTED_EDGE('',*,*,#3317,.T.);
#1485=ORIENTED_EDGE('',*,*,#3312,.T.);
#1486=ORIENTED_EDGE('',*,*,#3318,.F.);
#1487=ORIENTED_EDGE('',*,*,#3319,.F.);
#1488=ORIENTED_EDGE('',*,*,#3320,.T.);
#1489=ORIENTED_EDGE('',*,*,#3316,.T.);
#1490=ORIENTED_EDGE('',*,*,#2956,.F.);
#1491=ORIENTED_EDGE('',*,*,#3321,.F.);
#1492=ORIENTED_EDGE('',*,*,#3322,.T.);
#1493=ORIENTED_EDGE('',*,*,#3323,.T.);
#1494=ORIENTED_EDGE('',*,*,#2955,.F.);
#1495=ORIENTED_EDGE('',*,*,#3324,.F.);
#1496=ORIENTED_EDGE('',*,*,#3325,.T.);
#1497=ORIENTED_EDGE('',*,*,#3321,.T.);
#1498=ORIENTED_EDGE('',*,*,#2962,.F.);
#1499=ORIENTED_EDGE('',*,*,#3326,.F.);
#1500=ORIENTED_EDGE('',*,*,#3327,.T.);
#1501=ORIENTED_EDGE('',*,*,#3324,.T.);
#1502=ORIENTED_EDGE('',*,*,#2961,.F.);
#1503=ORIENTED_EDGE('',*,*,#3328,.F.);
#1504=ORIENTED_EDGE('',*,*,#3329,.T.);
#1505=ORIENTED_EDGE('',*,*,#3326,.T.);
#1506=ORIENTED_EDGE('',*,*,#2960,.F.);
#1507=ORIENTED_EDGE('',*,*,#3330,.F.);
#1508=ORIENTED_EDGE('',*,*,#3331,.T.);
#1509=ORIENTED_EDGE('',*,*,#3328,.T.);
#1510=ORIENTED_EDGE('',*,*,#2959,.F.);
#1511=ORIENTED_EDGE('',*,*,#3332,.F.);
#1512=ORIENTED_EDGE('',*,*,#3333,.T.);
#1513=ORIENTED_EDGE('',*,*,#3330,.T.);
#1514=ORIENTED_EDGE('',*,*,#2958,.F.);
#1515=ORIENTED_EDGE('',*,*,#3334,.F.);
#1516=ORIENTED_EDGE('',*,*,#3335,.T.);
#1517=ORIENTED_EDGE('',*,*,#3332,.T.);
#1518=ORIENTED_EDGE('',*,*,#2957,.F.);
#1519=ORIENTED_EDGE('',*,*,#3323,.F.);
#1520=ORIENTED_EDGE('',*,*,#3336,.T.);
#1521=ORIENTED_EDGE('',*,*,#3334,.T.);
#1522=ORIENTED_EDGE('',*,*,#3337,.F.);
#1523=ORIENTED_EDGE('',*,*,#3314,.F.);
#1524=ORIENTED_EDGE('',*,*,#3338,.T.);
#1525=ORIENTED_EDGE('',*,*,#3319,.T.);
#1526=ORIENTED_EDGE('',*,*,#3322,.F.);
#1527=ORIENTED_EDGE('',*,*,#3325,.F.);
#1528=ORIENTED_EDGE('',*,*,#3327,.F.);
#1529=ORIENTED_EDGE('',*,*,#3329,.F.);
#1530=ORIENTED_EDGE('',*,*,#3331,.F.);
#1531=ORIENTED_EDGE('',*,*,#3333,.F.);
#1532=ORIENTED_EDGE('',*,*,#3335,.F.);
#1533=ORIENTED_EDGE('',*,*,#3336,.F.);
#1534=ORIENTED_EDGE('',*,*,#3313,.F.);
#1535=ORIENTED_EDGE('',*,*,#3317,.F.);
#1536=ORIENTED_EDGE('',*,*,#3320,.F.);
#1537=ORIENTED_EDGE('',*,*,#3338,.F.);
#1538=ORIENTED_EDGE('',*,*,#3339,.F.);
#1539=ORIENTED_EDGE('',*,*,#3340,.F.);
#1540=ORIENTED_EDGE('',*,*,#3341,.T.);
#1541=ORIENTED_EDGE('',*,*,#3342,.T.);
#1542=ORIENTED_EDGE('',*,*,#3343,.F.);
#1543=ORIENTED_EDGE('',*,*,#3344,.F.);
#1544=ORIENTED_EDGE('',*,*,#3345,.T.);
#1545=ORIENTED_EDGE('',*,*,#3340,.T.);
#1546=ORIENTED_EDGE('',*,*,#3346,.F.);
#1547=ORIENTED_EDGE('',*,*,#3347,.F.);
#1548=ORIENTED_EDGE('',*,*,#3348,.T.);
#1549=ORIENTED_EDGE('',*,*,#3344,.T.);
#1550=ORIENTED_EDGE('',*,*,#3349,.F.);
#1551=ORIENTED_EDGE('',*,*,#3350,.F.);
#1552=ORIENTED_EDGE('',*,*,#3351,.T.);
#1553=ORIENTED_EDGE('',*,*,#3347,.T.);
#1554=ORIENTED_EDGE('',*,*,#2888,.F.);
#1555=ORIENTED_EDGE('',*,*,#3352,.F.);
#1556=ORIENTED_EDGE('',*,*,#3353,.T.);
#1557=ORIENTED_EDGE('',*,*,#3354,.T.);
#1558=ORIENTED_EDGE('',*,*,#2887,.F.);
#1559=ORIENTED_EDGE('',*,*,#3355,.F.);
#1560=ORIENTED_EDGE('',*,*,#3356,.T.);
#1561=ORIENTED_EDGE('',*,*,#3352,.T.);
#1562=ORIENTED_EDGE('',*,*,#2893,.F.);
#1563=ORIENTED_EDGE('',*,*,#3357,.F.);
#1564=ORIENTED_EDGE('',*,*,#3358,.T.);
#1565=ORIENTED_EDGE('',*,*,#3355,.T.);
#1566=ORIENTED_EDGE('',*,*,#2892,.F.);
#1567=ORIENTED_EDGE('',*,*,#3359,.F.);
#1568=ORIENTED_EDGE('',*,*,#3360,.T.);
#1569=ORIENTED_EDGE('',*,*,#3357,.T.);
#1570=ORIENTED_EDGE('',*,*,#2891,.F.);
#1571=ORIENTED_EDGE('',*,*,#3361,.F.);
#1572=ORIENTED_EDGE('',*,*,#3362,.T.);
#1573=ORIENTED_EDGE('',*,*,#3359,.T.);
#1574=ORIENTED_EDGE('',*,*,#2890,.F.);
#1575=ORIENTED_EDGE('',*,*,#3363,.F.);
#1576=ORIENTED_EDGE('',*,*,#3364,.T.);
#1577=ORIENTED_EDGE('',*,*,#3361,.T.);
#1578=ORIENTED_EDGE('',*,*,#2889,.F.);
#1579=ORIENTED_EDGE('',*,*,#3354,.F.);
#1580=ORIENTED_EDGE('',*,*,#3365,.T.);
#1581=ORIENTED_EDGE('',*,*,#3363,.T.);
#1582=ORIENTED_EDGE('',*,*,#3366,.F.);
#1583=ORIENTED_EDGE('',*,*,#3342,.F.);
#1584=ORIENTED_EDGE('',*,*,#3367,.T.);
#1585=ORIENTED_EDGE('',*,*,#3350,.T.);
#1586=ORIENTED_EDGE('',*,*,#3353,.F.);
#1587=ORIENTED_EDGE('',*,*,#3356,.F.);
#1588=ORIENTED_EDGE('',*,*,#3358,.F.);
#1589=ORIENTED_EDGE('',*,*,#3360,.F.);
#1590=ORIENTED_EDGE('',*,*,#3362,.F.);
#1591=ORIENTED_EDGE('',*,*,#3364,.F.);
#1592=ORIENTED_EDGE('',*,*,#3365,.F.);
#1593=ORIENTED_EDGE('',*,*,#3341,.F.);
#1594=ORIENTED_EDGE('',*,*,#3345,.F.);
#1595=ORIENTED_EDGE('',*,*,#3348,.F.);
#1596=ORIENTED_EDGE('',*,*,#3351,.F.);
#1597=ORIENTED_EDGE('',*,*,#3367,.F.);
#1598=ORIENTED_EDGE('',*,*,#3368,.F.);
#1599=ORIENTED_EDGE('',*,*,#3369,.F.);
#1600=ORIENTED_EDGE('',*,*,#3370,.T.);
#1601=ORIENTED_EDGE('',*,*,#3371,.T.);
#1602=ORIENTED_EDGE('',*,*,#3372,.F.);
#1603=ORIENTED_EDGE('',*,*,#3373,.F.);
#1604=ORIENTED_EDGE('',*,*,#3374,.T.);
#1605=ORIENTED_EDGE('',*,*,#3369,.T.);
#1606=ORIENTED_EDGE('',*,*,#3375,.F.);
#1607=ORIENTED_EDGE('',*,*,#3376,.F.);
#1608=ORIENTED_EDGE('',*,*,#3377,.T.);
#1609=ORIENTED_EDGE('',*,*,#3373,.T.);
#1610=ORIENTED_EDGE('',*,*,#3378,.F.);
#1611=ORIENTED_EDGE('',*,*,#3379,.F.);
#1612=ORIENTED_EDGE('',*,*,#3380,.T.);
#1613=ORIENTED_EDGE('',*,*,#3376,.T.);
#1614=ORIENTED_EDGE('',*,*,#3381,.F.);
#1615=ORIENTED_EDGE('',*,*,#3382,.F.);
#1616=ORIENTED_EDGE('',*,*,#3383,.T.);
#1617=ORIENTED_EDGE('',*,*,#3379,.T.);
#1618=ORIENTED_EDGE('',*,*,#3384,.F.);
#1619=ORIENTED_EDGE('',*,*,#3385,.F.);
#1620=ORIENTED_EDGE('',*,*,#3386,.T.);
#1621=ORIENTED_EDGE('',*,*,#3387,.T.);
#1622=ORIENTED_EDGE('',*,*,#3388,.F.);
#1623=ORIENTED_EDGE('',*,*,#3389,.F.);
#1624=ORIENTED_EDGE('',*,*,#3390,.T.);
#1625=ORIENTED_EDGE('',*,*,#3385,.T.);
#1626=ORIENTED_EDGE('',*,*,#3391,.F.);
#1627=ORIENTED_EDGE('',*,*,#3392,.F.);
#1628=ORIENTED_EDGE('',*,*,#3393,.T.);
#1629=ORIENTED_EDGE('',*,*,#3389,.T.);
#1630=ORIENTED_EDGE('',*,*,#3394,.F.);
#1631=ORIENTED_EDGE('',*,*,#3395,.F.);
#1632=ORIENTED_EDGE('',*,*,#3396,.T.);
#1633=ORIENTED_EDGE('',*,*,#3392,.T.);
#1634=ORIENTED_EDGE('',*,*,#3397,.F.);
#1635=ORIENTED_EDGE('',*,*,#3398,.F.);
#1636=ORIENTED_EDGE('',*,*,#3399,.T.);
#1637=ORIENTED_EDGE('',*,*,#3395,.T.);
#1638=ORIENTED_EDGE('',*,*,#3400,.F.);
#1639=ORIENTED_EDGE('',*,*,#3401,.F.);
#1640=ORIENTED_EDGE('',*,*,#3402,.T.);
#1641=ORIENTED_EDGE('',*,*,#3398,.T.);
#1642=ORIENTED_EDGE('',*,*,#2964,.F.);
#1643=ORIENTED_EDGE('',*,*,#3403,.F.);
#1644=ORIENTED_EDGE('',*,*,#3404,.T.);
#1645=ORIENTED_EDGE('',*,*,#3405,.T.);
#1646=ORIENTED_EDGE('',*,*,#2963,.F.);
#1647=ORIENTED_EDGE('',*,*,#3406,.F.);
#1648=ORIENTED_EDGE('',*,*,#3407,.T.);
#1649=ORIENTED_EDGE('',*,*,#3403,.T.);
#1650=ORIENTED_EDGE('',*,*,#2974,.F.);
#1651=ORIENTED_EDGE('',*,*,#3408,.F.);
#1652=ORIENTED_EDGE('',*,*,#3409,.T.);
#1653=ORIENTED_EDGE('',*,*,#3406,.T.);
#1654=ORIENTED_EDGE('',*,*,#2973,.F.);
#1655=ORIENTED_EDGE('',*,*,#3410,.F.);
#1656=ORIENTED_EDGE('',*,*,#3411,.T.);
#1657=ORIENTED_EDGE('',*,*,#3408,.T.);
#1658=ORIENTED_EDGE('',*,*,#2972,.F.);
#1659=ORIENTED_EDGE('',*,*,#3412,.F.);
#1660=ORIENTED_EDGE('',*,*,#3413,.T.);
#1661=ORIENTED_EDGE('',*,*,#3410,.T.);
#1662=ORIENTED_EDGE('',*,*,#2971,.F.);
#1663=ORIENTED_EDGE('',*,*,#3414,.F.);
#1664=ORIENTED_EDGE('',*,*,#3415,.T.);
#1665=ORIENTED_EDGE('',*,*,#3412,.T.);
#1666=ORIENTED_EDGE('',*,*,#2970,.F.);
#1667=ORIENTED_EDGE('',*,*,#3416,.F.);
#1668=ORIENTED_EDGE('',*,*,#3417,.T.);
#1669=ORIENTED_EDGE('',*,*,#3414,.T.);
#1670=ORIENTED_EDGE('',*,*,#2969,.F.);
#1671=ORIENTED_EDGE('',*,*,#3418,.F.);
#1672=ORIENTED_EDGE('',*,*,#3419,.T.);
#1673=ORIENTED_EDGE('',*,*,#3416,.T.);
#1674=ORIENTED_EDGE('',*,*,#2968,.F.);
#1675=ORIENTED_EDGE('',*,*,#3420,.F.);
#1676=ORIENTED_EDGE('',*,*,#3421,.T.);
#1677=ORIENTED_EDGE('',*,*,#3418,.T.);
#1678=ORIENTED_EDGE('',*,*,#2967,.F.);
#1679=ORIENTED_EDGE('',*,*,#3422,.F.);
#1680=ORIENTED_EDGE('',*,*,#3423,.T.);
#1681=ORIENTED_EDGE('',*,*,#3420,.T.);
#1682=ORIENTED_EDGE('',*,*,#2966,.F.);
#1683=ORIENTED_EDGE('',*,*,#3424,.F.);
#1684=ORIENTED_EDGE('',*,*,#3425,.T.);
#1685=ORIENTED_EDGE('',*,*,#3422,.T.);
#1686=ORIENTED_EDGE('',*,*,#3426,.F.);
#1687=ORIENTED_EDGE('',*,*,#3387,.F.);
#1688=ORIENTED_EDGE('',*,*,#3427,.T.);
#1689=ORIENTED_EDGE('',*,*,#3401,.T.);
#1690=ORIENTED_EDGE('',*,*,#2965,.F.);
#1691=ORIENTED_EDGE('',*,*,#3405,.F.);
#1692=ORIENTED_EDGE('',*,*,#3428,.T.);
#1693=ORIENTED_EDGE('',*,*,#3424,.T.);
#1694=ORIENTED_EDGE('',*,*,#3429,.F.);
#1695=ORIENTED_EDGE('',*,*,#3371,.F.);
#1696=ORIENTED_EDGE('',*,*,#3430,.T.);
#1697=ORIENTED_EDGE('',*,*,#3382,.T.);
#1698=ORIENTED_EDGE('',*,*,#3404,.F.);
#1699=ORIENTED_EDGE('',*,*,#3407,.F.);
#1700=ORIENTED_EDGE('',*,*,#3409,.F.);
#1701=ORIENTED_EDGE('',*,*,#3411,.F.);
#1702=ORIENTED_EDGE('',*,*,#3413,.F.);
#1703=ORIENTED_EDGE('',*,*,#3415,.F.);
#1704=ORIENTED_EDGE('',*,*,#3417,.F.);
#1705=ORIENTED_EDGE('',*,*,#3419,.F.);
#1706=ORIENTED_EDGE('',*,*,#3421,.F.);
#1707=ORIENTED_EDGE('',*,*,#3423,.F.);
#1708=ORIENTED_EDGE('',*,*,#3425,.F.);
#1709=ORIENTED_EDGE('',*,*,#3428,.F.);
#1710=ORIENTED_EDGE('',*,*,#3386,.F.);
#1711=ORIENTED_EDGE('',*,*,#3390,.F.);
#1712=ORIENTED_EDGE('',*,*,#3393,.F.);
#1713=ORIENTED_EDGE('',*,*,#3396,.F.);
#1714=ORIENTED_EDGE('',*,*,#3399,.F.);
#1715=ORIENTED_EDGE('',*,*,#3402,.F.);
#1716=ORIENTED_EDGE('',*,*,#3427,.F.);
#1717=ORIENTED_EDGE('',*,*,#3370,.F.);
#1718=ORIENTED_EDGE('',*,*,#3374,.F.);
#1719=ORIENTED_EDGE('',*,*,#3377,.F.);
#1720=ORIENTED_EDGE('',*,*,#3380,.F.);
#1721=ORIENTED_EDGE('',*,*,#3383,.F.);
#1722=ORIENTED_EDGE('',*,*,#3430,.F.);
#1723=ORIENTED_EDGE('',*,*,#3388,.T.);
#1724=ORIENTED_EDGE('',*,*,#3384,.T.);
#1725=ORIENTED_EDGE('',*,*,#3426,.T.);
#1726=ORIENTED_EDGE('',*,*,#3400,.T.);
#1727=ORIENTED_EDGE('',*,*,#3397,.T.);
#1728=ORIENTED_EDGE('',*,*,#3394,.T.);
#1729=ORIENTED_EDGE('',*,*,#3391,.T.);
#1730=ORIENTED_EDGE('',*,*,#2976,.F.);
#1731=ORIENTED_EDGE('',*,*,#3431,.F.);
#1732=ORIENTED_EDGE('',*,*,#3432,.T.);
#1733=ORIENTED_EDGE('',*,*,#3433,.T.);
#1734=ORIENTED_EDGE('',*,*,#2975,.F.);
#1735=ORIENTED_EDGE('',*,*,#3434,.F.);
#1736=ORIENTED_EDGE('',*,*,#3435,.T.);
#1737=ORIENTED_EDGE('',*,*,#3431,.T.);
#1738=ORIENTED_EDGE('',*,*,#2986,.F.);
#1739=ORIENTED_EDGE('',*,*,#3436,.F.);
#1740=ORIENTED_EDGE('',*,*,#3437,.T.);
#1741=ORIENTED_EDGE('',*,*,#3434,.T.);
#1742=ORIENTED_EDGE('',*,*,#2985,.F.);
#1743=ORIENTED_EDGE('',*,*,#3438,.F.);
#1744=ORIENTED_EDGE('',*,*,#3439,.T.);
#1745=ORIENTED_EDGE('',*,*,#3436,.T.);
#1746=ORIENTED_EDGE('',*,*,#2984,.F.);
#1747=ORIENTED_EDGE('',*,*,#3440,.F.);
#1748=ORIENTED_EDGE('',*,*,#3441,.T.);
#1749=ORIENTED_EDGE('',*,*,#3438,.T.);
#1750=ORIENTED_EDGE('',*,*,#2983,.F.);
#1751=ORIENTED_EDGE('',*,*,#3442,.F.);
#1752=ORIENTED_EDGE('',*,*,#3443,.T.);
#1753=ORIENTED_EDGE('',*,*,#3440,.T.);
#1754=ORIENTED_EDGE('',*,*,#2982,.F.);
#1755=ORIENTED_EDGE('',*,*,#3444,.F.);
#1756=ORIENTED_EDGE('',*,*,#3445,.T.);
#1757=ORIENTED_EDGE('',*,*,#3442,.T.);
#1758=ORIENTED_EDGE('',*,*,#2981,.F.);
#1759=ORIENTED_EDGE('',*,*,#3446,.F.);
#1760=ORIENTED_EDGE('',*,*,#3447,.T.);
#1761=ORIENTED_EDGE('',*,*,#3444,.T.);
#1762=ORIENTED_EDGE('',*,*,#2980,.F.);
#1763=ORIENTED_EDGE('',*,*,#3448,.F.);
#1764=ORIENTED_EDGE('',*,*,#3449,.T.);
#1765=ORIENTED_EDGE('',*,*,#3446,.T.);
#1766=ORIENTED_EDGE('',*,*,#2979,.F.);
#1767=ORIENTED_EDGE('',*,*,#3450,.F.);
#1768=ORIENTED_EDGE('',*,*,#3451,.T.);
#1769=ORIENTED_EDGE('',*,*,#3448,.T.);
#1770=ORIENTED_EDGE('',*,*,#2978,.F.);
#1771=ORIENTED_EDGE('',*,*,#3452,.F.);
#1772=ORIENTED_EDGE('',*,*,#3453,.T.);
#1773=ORIENTED_EDGE('',*,*,#3450,.T.);
#1774=ORIENTED_EDGE('',*,*,#2977,.F.);
#1775=ORIENTED_EDGE('',*,*,#3433,.F.);
#1776=ORIENTED_EDGE('',*,*,#3454,.T.);
#1777=ORIENTED_EDGE('',*,*,#3452,.T.);
#1778=ORIENTED_EDGE('',*,*,#3432,.F.);
#1779=ORIENTED_EDGE('',*,*,#3435,.F.);
#1780=ORIENTED_EDGE('',*,*,#3437,.F.);
#1781=ORIENTED_EDGE('',*,*,#3439,.F.);
#1782=ORIENTED_EDGE('',*,*,#3441,.F.);
#1783=ORIENTED_EDGE('',*,*,#3443,.F.);
#1784=ORIENTED_EDGE('',*,*,#3445,.F.);
#1785=ORIENTED_EDGE('',*,*,#3447,.F.);
#1786=ORIENTED_EDGE('',*,*,#3449,.F.);
#1787=ORIENTED_EDGE('',*,*,#3451,.F.);
#1788=ORIENTED_EDGE('',*,*,#3453,.F.);
#1789=ORIENTED_EDGE('',*,*,#3454,.F.);
#1790=ORIENTED_EDGE('',*,*,#2988,.F.);
#1791=ORIENTED_EDGE('',*,*,#3455,.F.);
#1792=ORIENTED_EDGE('',*,*,#3456,.T.);
#1793=ORIENTED_EDGE('',*,*,#3457,.T.);
#1794=ORIENTED_EDGE('',*,*,#2987,.F.);
#1795=ORIENTED_EDGE('',*,*,#3458,.F.);
#1796=ORIENTED_EDGE('',*,*,#3459,.T.);
#1797=ORIENTED_EDGE('',*,*,#3455,.T.);
#1798=ORIENTED_EDGE('',*,*,#3005,.F.);
#1799=ORIENTED_EDGE('',*,*,#3460,.F.);
#1800=ORIENTED_EDGE('',*,*,#3461,.T.);
#1801=ORIENTED_EDGE('',*,*,#3458,.T.);
#1802=ORIENTED_EDGE('',*,*,#3004,.F.);
#1803=ORIENTED_EDGE('',*,*,#3462,.F.);
#1804=ORIENTED_EDGE('',*,*,#3463,.T.);
#1805=ORIENTED_EDGE('',*,*,#3460,.T.);
#1806=ORIENTED_EDGE('',*,*,#3003,.F.);
#1807=ORIENTED_EDGE('',*,*,#3464,.F.);
#1808=ORIENTED_EDGE('',*,*,#3465,.T.);
#1809=ORIENTED_EDGE('',*,*,#3462,.T.);
#1810=ORIENTED_EDGE('',*,*,#3002,.F.);
#1811=ORIENTED_EDGE('',*,*,#3466,.F.);
#1812=ORIENTED_EDGE('',*,*,#3467,.T.);
#1813=ORIENTED_EDGE('',*,*,#3464,.T.);
#1814=ORIENTED_EDGE('',*,*,#3001,.F.);
#1815=ORIENTED_EDGE('',*,*,#3468,.F.);
#1816=ORIENTED_EDGE('',*,*,#3469,.T.);
#1817=ORIENTED_EDGE('',*,*,#3466,.T.);
#1818=ORIENTED_EDGE('',*,*,#3000,.F.);
#1819=ORIENTED_EDGE('',*,*,#3470,.F.);
#1820=ORIENTED_EDGE('',*,*,#3471,.T.);
#1821=ORIENTED_EDGE('',*,*,#3468,.T.);
#1822=ORIENTED_EDGE('',*,*,#2999,.F.);
#1823=ORIENTED_EDGE('',*,*,#3472,.F.);
#1824=ORIENTED_EDGE('',*,*,#3473,.T.);
#1825=ORIENTED_EDGE('',*,*,#3470,.T.);
#1826=ORIENTED_EDGE('',*,*,#2998,.F.);
#1827=ORIENTED_EDGE('',*,*,#3474,.F.);
#1828=ORIENTED_EDGE('',*,*,#3475,.T.);
#1829=ORIENTED_EDGE('',*,*,#3472,.T.);
#1830=ORIENTED_EDGE('',*,*,#2997,.F.);
#1831=ORIENTED_EDGE('',*,*,#3476,.F.);
#1832=ORIENTED_EDGE('',*,*,#3477,.T.);
#1833=ORIENTED_EDGE('',*,*,#3474,.T.);
#1834=ORIENTED_EDGE('',*,*,#2996,.F.);
#1835=ORIENTED_EDGE('',*,*,#3478,.F.);
#1836=ORIENTED_EDGE('',*,*,#3479,.T.);
#1837=ORIENTED_EDGE('',*,*,#3476,.T.);
#1838=ORIENTED_EDGE('',*,*,#2995,.F.);
#1839=ORIENTED_EDGE('',*,*,#3480,.F.);
#1840=ORIENTED_EDGE('',*,*,#3481,.T.);
#1841=ORIENTED_EDGE('',*,*,#3478,.T.);
#1842=ORIENTED_EDGE('',*,*,#2994,.F.);
#1843=ORIENTED_EDGE('',*,*,#3482,.F.);
#1844=ORIENTED_EDGE('',*,*,#3483,.T.);
#1845=ORIENTED_EDGE('',*,*,#3480,.T.);
#1846=ORIENTED_EDGE('',*,*,#2993,.F.);
#1847=ORIENTED_EDGE('',*,*,#3484,.F.);
#1848=ORIENTED_EDGE('',*,*,#3485,.T.);
#1849=ORIENTED_EDGE('',*,*,#3482,.T.);
#1850=ORIENTED_EDGE('',*,*,#2992,.F.);
#1851=ORIENTED_EDGE('',*,*,#3486,.F.);
#1852=ORIENTED_EDGE('',*,*,#3487,.T.);
#1853=ORIENTED_EDGE('',*,*,#3484,.T.);
#1854=ORIENTED_EDGE('',*,*,#2991,.F.);
#1855=ORIENTED_EDGE('',*,*,#3488,.F.);
#1856=ORIENTED_EDGE('',*,*,#3489,.T.);
#1857=ORIENTED_EDGE('',*,*,#3486,.T.);
#1858=ORIENTED_EDGE('',*,*,#2990,.F.);
#1859=ORIENTED_EDGE('',*,*,#3490,.F.);
#1860=ORIENTED_EDGE('',*,*,#3491,.T.);
#1861=ORIENTED_EDGE('',*,*,#3488,.T.);
#1862=ORIENTED_EDGE('',*,*,#2989,.F.);
#1863=ORIENTED_EDGE('',*,*,#3457,.F.);
#1864=ORIENTED_EDGE('',*,*,#3492,.T.);
#1865=ORIENTED_EDGE('',*,*,#3490,.T.);
#1866=ORIENTED_EDGE('',*,*,#3456,.F.);
#1867=ORIENTED_EDGE('',*,*,#3459,.F.);
#1868=ORIENTED_EDGE('',*,*,#3461,.F.);
#1869=ORIENTED_EDGE('',*,*,#3463,.F.);
#1870=ORIENTED_EDGE('',*,*,#3465,.F.);
#1871=ORIENTED_EDGE('',*,*,#3467,.F.);
#1872=ORIENTED_EDGE('',*,*,#3469,.F.);
#1873=ORIENTED_EDGE('',*,*,#3471,.F.);
#1874=ORIENTED_EDGE('',*,*,#3473,.F.);
#1875=ORIENTED_EDGE('',*,*,#3475,.F.);
#1876=ORIENTED_EDGE('',*,*,#3477,.F.);
#1877=ORIENTED_EDGE('',*,*,#3479,.F.);
#1878=ORIENTED_EDGE('',*,*,#3481,.F.);
#1879=ORIENTED_EDGE('',*,*,#3483,.F.);
#1880=ORIENTED_EDGE('',*,*,#3485,.F.);
#1881=ORIENTED_EDGE('',*,*,#3487,.F.);
#1882=ORIENTED_EDGE('',*,*,#3489,.F.);
#1883=ORIENTED_EDGE('',*,*,#3491,.F.);
#1884=ORIENTED_EDGE('',*,*,#3492,.F.);
#1885=ORIENTED_EDGE('',*,*,#3007,.F.);
#1886=ORIENTED_EDGE('',*,*,#3493,.F.);
#1887=ORIENTED_EDGE('',*,*,#3494,.T.);
#1888=ORIENTED_EDGE('',*,*,#3495,.T.);
#1889=ORIENTED_EDGE('',*,*,#3006,.F.);
#1890=ORIENTED_EDGE('',*,*,#3496,.F.);
#1891=ORIENTED_EDGE('',*,*,#3497,.T.);
#1892=ORIENTED_EDGE('',*,*,#3493,.T.);
#1893=ORIENTED_EDGE('',*,*,#3015,.F.);
#1894=ORIENTED_EDGE('',*,*,#3498,.F.);
#1895=ORIENTED_EDGE('',*,*,#3499,.T.);
#1896=ORIENTED_EDGE('',*,*,#3496,.T.);
#1897=ORIENTED_EDGE('',*,*,#3014,.F.);
#1898=ORIENTED_EDGE('',*,*,#3500,.F.);
#1899=ORIENTED_EDGE('',*,*,#3501,.T.);
#1900=ORIENTED_EDGE('',*,*,#3498,.T.);
#1901=ORIENTED_EDGE('',*,*,#3013,.F.);
#1902=ORIENTED_EDGE('',*,*,#3502,.F.);
#1903=ORIENTED_EDGE('',*,*,#3503,.T.);
#1904=ORIENTED_EDGE('',*,*,#3500,.T.);
#1905=ORIENTED_EDGE('',*,*,#3012,.F.);
#1906=ORIENTED_EDGE('',*,*,#3504,.F.);
#1907=ORIENTED_EDGE('',*,*,#3505,.T.);
#1908=ORIENTED_EDGE('',*,*,#3502,.T.);
#1909=ORIENTED_EDGE('',*,*,#3011,.F.);
#1910=ORIENTED_EDGE('',*,*,#3506,.F.);
#1911=ORIENTED_EDGE('',*,*,#3507,.T.);
#1912=ORIENTED_EDGE('',*,*,#3504,.T.);
#1913=ORIENTED_EDGE('',*,*,#3010,.F.);
#1914=ORIENTED_EDGE('',*,*,#3508,.F.);
#1915=ORIENTED_EDGE('',*,*,#3509,.T.);
#1916=ORIENTED_EDGE('',*,*,#3506,.T.);
#1917=ORIENTED_EDGE('',*,*,#3009,.F.);
#1918=ORIENTED_EDGE('',*,*,#3510,.F.);
#1919=ORIENTED_EDGE('',*,*,#3511,.T.);
#1920=ORIENTED_EDGE('',*,*,#3508,.T.);
#1921=ORIENTED_EDGE('',*,*,#3008,.F.);
#1922=ORIENTED_EDGE('',*,*,#3495,.F.);
#1923=ORIENTED_EDGE('',*,*,#3512,.T.);
#1924=ORIENTED_EDGE('',*,*,#3510,.T.);
#1925=ORIENTED_EDGE('',*,*,#3494,.F.);
#1926=ORIENTED_EDGE('',*,*,#3497,.F.);
#1927=ORIENTED_EDGE('',*,*,#3499,.F.);
#1928=ORIENTED_EDGE('',*,*,#3501,.F.);
#1929=ORIENTED_EDGE('',*,*,#3503,.F.);
#1930=ORIENTED_EDGE('',*,*,#3505,.F.);
#1931=ORIENTED_EDGE('',*,*,#3507,.F.);
#1932=ORIENTED_EDGE('',*,*,#3509,.F.);
#1933=ORIENTED_EDGE('',*,*,#3511,.F.);
#1934=ORIENTED_EDGE('',*,*,#3512,.F.);
#1935=ORIENTED_EDGE('',*,*,#3017,.F.);
#1936=ORIENTED_EDGE('',*,*,#3513,.F.);
#1937=ORIENTED_EDGE('',*,*,#3514,.T.);
#1938=ORIENTED_EDGE('',*,*,#3515,.T.);
#1939=ORIENTED_EDGE('',*,*,#3016,.F.);
#1940=ORIENTED_EDGE('',*,*,#3516,.F.);
#1941=ORIENTED_EDGE('',*,*,#3517,.T.);
#1942=ORIENTED_EDGE('',*,*,#3513,.T.);
#1943=ORIENTED_EDGE('',*,*,#3027,.F.);
#1944=ORIENTED_EDGE('',*,*,#3518,.F.);
#1945=ORIENTED_EDGE('',*,*,#3519,.T.);
#1946=ORIENTED_EDGE('',*,*,#3516,.T.);
#1947=ORIENTED_EDGE('',*,*,#3026,.F.);
#1948=ORIENTED_EDGE('',*,*,#3520,.F.);
#1949=ORIENTED_EDGE('',*,*,#3521,.T.);
#1950=ORIENTED_EDGE('',*,*,#3518,.T.);
#1951=ORIENTED_EDGE('',*,*,#3025,.F.);
#1952=ORIENTED_EDGE('',*,*,#3522,.F.);
#1953=ORIENTED_EDGE('',*,*,#3523,.T.);
#1954=ORIENTED_EDGE('',*,*,#3520,.T.);
#1955=ORIENTED_EDGE('',*,*,#3024,.F.);
#1956=ORIENTED_EDGE('',*,*,#3524,.F.);
#1957=ORIENTED_EDGE('',*,*,#3525,.T.);
#1958=ORIENTED_EDGE('',*,*,#3522,.T.);
#1959=ORIENTED_EDGE('',*,*,#3023,.F.);
#1960=ORIENTED_EDGE('',*,*,#3526,.F.);
#1961=ORIENTED_EDGE('',*,*,#3527,.T.);
#1962=ORIENTED_EDGE('',*,*,#3524,.T.);
#1963=ORIENTED_EDGE('',*,*,#3022,.F.);
#1964=ORIENTED_EDGE('',*,*,#3528,.F.);
#1965=ORIENTED_EDGE('',*,*,#3529,.T.);
#1966=ORIENTED_EDGE('',*,*,#3526,.T.);
#1967=ORIENTED_EDGE('',*,*,#3021,.F.);
#1968=ORIENTED_EDGE('',*,*,#3530,.F.);
#1969=ORIENTED_EDGE('',*,*,#3531,.T.);
#1970=ORIENTED_EDGE('',*,*,#3528,.T.);
#1971=ORIENTED_EDGE('',*,*,#3020,.F.);
#1972=ORIENTED_EDGE('',*,*,#3532,.F.);
#1973=ORIENTED_EDGE('',*,*,#3533,.T.);
#1974=ORIENTED_EDGE('',*,*,#3530,.T.);
#1975=ORIENTED_EDGE('',*,*,#3019,.F.);
#1976=ORIENTED_EDGE('',*,*,#3534,.F.);
#1977=ORIENTED_EDGE('',*,*,#3535,.T.);
#1978=ORIENTED_EDGE('',*,*,#3532,.T.);
#1979=ORIENTED_EDGE('',*,*,#3018,.F.);
#1980=ORIENTED_EDGE('',*,*,#3515,.F.);
#1981=ORIENTED_EDGE('',*,*,#3536,.T.);
#1982=ORIENTED_EDGE('',*,*,#3534,.T.);
#1983=ORIENTED_EDGE('',*,*,#3514,.F.);
#1984=ORIENTED_EDGE('',*,*,#3517,.F.);
#1985=ORIENTED_EDGE('',*,*,#3519,.F.);
#1986=ORIENTED_EDGE('',*,*,#3521,.F.);
#1987=ORIENTED_EDGE('',*,*,#3523,.F.);
#1988=ORIENTED_EDGE('',*,*,#3525,.F.);
#1989=ORIENTED_EDGE('',*,*,#3527,.F.);
#1990=ORIENTED_EDGE('',*,*,#3529,.F.);
#1991=ORIENTED_EDGE('',*,*,#3531,.F.);
#1992=ORIENTED_EDGE('',*,*,#3533,.F.);
#1993=ORIENTED_EDGE('',*,*,#3535,.F.);
#1994=ORIENTED_EDGE('',*,*,#3536,.F.);
#1995=ORIENTED_EDGE('',*,*,#3315,.T.);
#1996=ORIENTED_EDGE('',*,*,#3311,.T.);
#1997=ORIENTED_EDGE('',*,*,#3337,.T.);
#1998=ORIENTED_EDGE('',*,*,#3318,.T.);
#1999=ORIENTED_EDGE('',*,*,#3343,.T.);
#2000=ORIENTED_EDGE('',*,*,#3339,.T.);
#2001=ORIENTED_EDGE('',*,*,#3366,.T.);
#2002=ORIENTED_EDGE('',*,*,#3349,.T.);
#2003=ORIENTED_EDGE('',*,*,#3346,.T.);
#2004=ORIENTED_EDGE('',*,*,#3372,.T.);
#2005=ORIENTED_EDGE('',*,*,#3368,.T.);
#2006=ORIENTED_EDGE('',*,*,#3429,.T.);
#2007=ORIENTED_EDGE('',*,*,#3381,.T.);
#2008=ORIENTED_EDGE('',*,*,#3378,.T.);
#2009=ORIENTED_EDGE('',*,*,#3375,.T.);
#2010=ORIENTED_EDGE('',*,*,#2777,.T.);
#2011=ORIENTED_EDGE('',*,*,#3537,.T.);
#2012=ORIENTED_EDGE('',*,*,#2655,.T.);
#2013=ORIENTED_EDGE('',*,*,#3538,.T.);
#2014=ORIENTED_EDGE('',*,*,#2775,.F.);
#2015=ORIENTED_EDGE('',*,*,#3539,.T.);
#2016=ORIENTED_EDGE('',*,*,#2657,.F.);
#2017=ORIENTED_EDGE('',*,*,#3540,.T.);
#2018=ORIENTED_EDGE('',*,*,#2779,.T.);
#2019=ORIENTED_EDGE('',*,*,#3541,.T.);
#2020=ORIENTED_EDGE('',*,*,#2653,.T.);
#2021=ORIENTED_EDGE('',*,*,#3542,.T.);
#2022=ORIENTED_EDGE('',*,*,#3111,.F.);
#2023=ORIENTED_EDGE('',*,*,#2872,.F.);
#2024=ORIENTED_EDGE('',*,*,#3543,.F.);
#2025=ORIENTED_EDGE('',*,*,#3126,.F.);
#2026=ORIENTED_EDGE('',*,*,#3120,.F.);
#2027=ORIENTED_EDGE('',*,*,#3128,.F.);
#2028=ORIENTED_EDGE('',*,*,#3544,.F.);
#2029=ORIENTED_EDGE('',*,*,#2862,.F.);
#2030=ORIENTED_EDGE('',*,*,#3543,.T.);
#2031=ORIENTED_EDGE('',*,*,#3074,.F.);
#2032=ORIENTED_EDGE('',*,*,#3544,.T.);
#2033=ORIENTED_EDGE('',*,*,#3127,.F.);
#2034=ORIENTED_EDGE('',*,*,#3109,.F.);
#2035=ORIENTED_EDGE('',*,*,#3140,.F.);
#2036=ORIENTED_EDGE('',*,*,#3545,.F.);
#2037=ORIENTED_EDGE('',*,*,#2876,.F.);
#2038=ORIENTED_EDGE('',*,*,#2883,.T.);
#2039=ORIENTED_EDGE('',*,*,#3545,.T.);
#2040=ORIENTED_EDGE('',*,*,#3546,.F.);
#2041=ORIENTED_EDGE('',*,*,#3546,.T.);
#2042=ORIENTED_EDGE('',*,*,#3139,.F.);
#2043=ORIENTED_EDGE('',*,*,#2851,.F.);
#2044=ORIENTED_EDGE('',*,*,#3085,.F.);
#2045=ORIENTED_EDGE('',*,*,#3095,.F.);
#2046=ORIENTED_EDGE('',*,*,#3547,.T.);
#2047=ORIENTED_EDGE('',*,*,#3097,.F.);
#2048=ORIENTED_EDGE('',*,*,#3548,.T.);
#2049=ORIENTED_EDGE('',*,*,#2855,.F.);
#2050=ORIENTED_EDGE('',*,*,#3029,.F.);
#2051=ORIENTED_EDGE('',*,*,#3030,.F.);
#2052=ORIENTED_EDGE('',*,*,#2853,.F.);
#2053=ORIENTED_EDGE('',*,*,#3143,.F.);
#2054=ORIENTED_EDGE('',*,*,#3133,.F.);
#2055=ORIENTED_EDGE('',*,*,#2944,.F.);
#2056=ORIENTED_EDGE('',*,*,#3131,.F.);
#2057=ORIENTED_EDGE('',*,*,#3121,.F.);
#2058=ORIENTED_EDGE('',*,*,#3118,.F.);
#2059=ORIENTED_EDGE('',*,*,#3032,.F.);
#2060=ORIENTED_EDGE('',*,*,#3135,.F.);
#2061=ORIENTED_EDGE('',*,*,#3142,.F.);
#2062=ORIENTED_EDGE('',*,*,#3136,.F.);
#2063=ORIENTED_EDGE('',*,*,#3034,.F.);
#2064=ORIENTED_EDGE('',*,*,#3138,.F.);
#2065=ORIENTED_EDGE('',*,*,#3141,.F.);
#2066=ORIENTED_EDGE('',*,*,#3107,.F.);
#2067=ORIENTED_EDGE('',*,*,#2954,.F.);
#2068=ORIENTED_EDGE('',*,*,#3129,.F.);
#2069=ORIENTED_EDGE('',*,*,#3123,.F.);
#2070=ORIENTED_EDGE('',*,*,#3132,.F.);
#2071=ORIENTED_EDGE('',*,*,#2952,.F.);
#2072=ORIENTED_EDGE('',*,*,#3113,.F.);
#2073=ORIENTED_EDGE('',*,*,#3125,.F.);
#2074=ORIENTED_EDGE('',*,*,#3130,.F.);
#2075=ORIENTED_EDGE('',*,*,#3092,.F.);
#2076=ORIENTED_EDGE('',*,*,#3549,.T.);
#2077=ORIENTED_EDGE('',*,*,#3093,.F.);
#2078=ORIENTED_EDGE('',*,*,#3038,.F.);
#2079=ORIENTED_EDGE('',*,*,#2858,.F.);
#2080=ORIENTED_EDGE('',*,*,#3550,.T.);
#2081=ORIENTED_EDGE('',*,*,#3099,.F.);
#2082=ORIENTED_EDGE('',*,*,#2946,.F.);
#2083=ORIENTED_EDGE('',*,*,#3117,.F.);
#2084=ORIENTED_EDGE('',*,*,#3551,.F.);
#2085=ORIENTED_EDGE('',*,*,#3106,.F.);
#2086=ORIENTED_EDGE('',*,*,#3552,.T.);
#2087=ORIENTED_EDGE('',*,*,#3090,.F.);
#2088=ORIENTED_EDGE('',*,*,#3036,.F.);
#2089=ORIENTED_EDGE('',*,*,#3101,.F.);
#2090=ORIENTED_EDGE('',*,*,#3553,.T.);
#2091=ORIENTED_EDGE('',*,*,#3102,.F.);
#2092=ORIENTED_EDGE('',*,*,#2948,.F.);
#2093=ORIENTED_EDGE('',*,*,#3104,.F.);
#2094=ORIENTED_EDGE('',*,*,#3554,.T.);
#2095=ORIENTED_EDGE('',*,*,#3114,.F.);
#2096=ORIENTED_EDGE('',*,*,#2950,.F.);
#2097=ORIENTED_EDGE('',*,*,#2864,.F.);
#2098=ORIENTED_EDGE('',*,*,#3073,.F.);
#2099=ORIENTED_EDGE('',*,*,#2870,.F.);
#2100=ORIENTED_EDGE('',*,*,#3144,.F.);
#2101=ORIENTED_EDGE('',*,*,#2879,.F.);
#2102=ORIENTED_EDGE('',*,*,#2801,.F.);
#2103=ORIENTED_EDGE('',*,*,#3555,.F.);
#2104=ORIENTED_EDGE('',*,*,#3105,.F.);
#2105=ORIENTED_EDGE('',*,*,#3555,.T.);
#2106=ORIENTED_EDGE('',*,*,#2800,.F.);
#2107=ORIENTED_EDGE('',*,*,#3556,.F.);
#2108=ORIENTED_EDGE('',*,*,#3552,.F.);
#2109=ORIENTED_EDGE('',*,*,#3556,.T.);
#2110=ORIENTED_EDGE('',*,*,#2799,.F.);
#2111=ORIENTED_EDGE('',*,*,#3557,.F.);
#2112=ORIENTED_EDGE('',*,*,#3091,.F.);
#2113=ORIENTED_EDGE('',*,*,#3557,.T.);
#2114=ORIENTED_EDGE('',*,*,#2798,.F.);
#2115=ORIENTED_EDGE('',*,*,#3558,.F.);
#2116=ORIENTED_EDGE('',*,*,#3549,.F.);
#2117=ORIENTED_EDGE('',*,*,#3558,.T.);
#2118=ORIENTED_EDGE('',*,*,#2797,.F.);
#2119=ORIENTED_EDGE('',*,*,#3559,.F.);
#2120=ORIENTED_EDGE('',*,*,#3094,.F.);
#2121=ORIENTED_EDGE('',*,*,#3559,.T.);
#2122=ORIENTED_EDGE('',*,*,#2796,.F.);
#2123=ORIENTED_EDGE('',*,*,#3560,.F.);
#2124=ORIENTED_EDGE('',*,*,#3547,.F.);
#2125=ORIENTED_EDGE('',*,*,#3560,.T.);
#2126=ORIENTED_EDGE('',*,*,#2795,.F.);
#2127=ORIENTED_EDGE('',*,*,#3561,.F.);
#2128=ORIENTED_EDGE('',*,*,#3098,.F.);
#2129=ORIENTED_EDGE('',*,*,#3562,.F.);
#2130=ORIENTED_EDGE('',*,*,#2793,.F.);
#2131=ORIENTED_EDGE('',*,*,#3563,.F.);
#2132=ORIENTED_EDGE('',*,*,#2857,.F.);
#2133=ORIENTED_EDGE('',*,*,#3563,.T.);
#2134=ORIENTED_EDGE('',*,*,#2792,.F.);
#2135=ORIENTED_EDGE('',*,*,#3564,.F.);
#2136=ORIENTED_EDGE('',*,*,#3550,.F.);
#2137=ORIENTED_EDGE('',*,*,#3564,.T.);
#2138=ORIENTED_EDGE('',*,*,#2791,.F.);
#2139=ORIENTED_EDGE('',*,*,#3565,.F.);
#2140=ORIENTED_EDGE('',*,*,#3100,.F.);
#2141=ORIENTED_EDGE('',*,*,#3565,.T.);
#2142=ORIENTED_EDGE('',*,*,#2790,.F.);
#2143=ORIENTED_EDGE('',*,*,#3566,.F.);
#2144=ORIENTED_EDGE('',*,*,#3553,.F.);
#2145=ORIENTED_EDGE('',*,*,#3566,.T.);
#2146=ORIENTED_EDGE('',*,*,#2789,.F.);
#2147=ORIENTED_EDGE('',*,*,#3567,.F.);
#2148=ORIENTED_EDGE('',*,*,#3103,.F.);
#2149=ORIENTED_EDGE('',*,*,#3567,.T.);
#2150=ORIENTED_EDGE('',*,*,#2788,.F.);
#2151=ORIENTED_EDGE('',*,*,#3568,.F.);
#2152=ORIENTED_EDGE('',*,*,#3554,.F.);
#2153=ORIENTED_EDGE('',*,*,#3082,.F.);
#2154=ORIENTED_EDGE('',*,*,#3115,.F.);
#2155=ORIENTED_EDGE('',*,*,#3568,.T.);
#2156=ORIENTED_EDGE('',*,*,#2787,.F.);
#2157=ORIENTED_EDGE('',*,*,#2658,.F.);
#2158=ORIENTED_EDGE('',*,*,#3539,.F.);
#2159=ORIENTED_EDGE('',*,*,#2808,.F.);
#2160=ORIENTED_EDGE('',*,*,#2885,.F.);
#2161=ORIENTED_EDGE('',*,*,#2656,.F.);
#2162=ORIENTED_EDGE('',*,*,#3537,.F.);
#2163=ORIENTED_EDGE('',*,*,#2776,.F.);
#2164=ORIENTED_EDGE('',*,*,#3540,.F.);
#2165=ORIENTED_EDGE('',*,*,#2654,.F.);
#2166=ORIENTED_EDGE('',*,*,#3541,.F.);
#2167=ORIENTED_EDGE('',*,*,#2778,.F.);
#2168=ORIENTED_EDGE('',*,*,#3538,.F.);
#2169=ORIENTED_EDGE('',*,*,#2652,.F.);
#2170=ORIENTED_EDGE('',*,*,#3075,.F.);
#2171=ORIENTED_EDGE('',*,*,#2780,.F.);
#2172=ORIENTED_EDGE('',*,*,#3542,.F.);
#2173=ORIENTED_EDGE('',*,*,#2867,.F.);
#2174=ORIENTED_EDGE('',*,*,#3110,.T.);
#2175=ORIENTED_EDGE('',*,*,#2874,.F.);
#2176=ORIENTED_EDGE('',*,*,#2882,.T.);
#2177=ORIENTED_EDGE('',*,*,#3084,.T.);
#2178=ORIENTED_EDGE('',*,*,#2849,.T.);
#2179=ORIENTED_EDGE('',*,*,#3569,.T.);
#2180=ORIENTED_EDGE('',*,*,#3116,.F.);
#2181=ORIENTED_EDGE('',*,*,#2860,.F.);
#2182=ORIENTED_EDGE('',*,*,#2880,.F.);
#2183=ORIENTED_EDGE('',*,*,#3548,.F.);
#2184=ORIENTED_EDGE('',*,*,#2641,.T.);
#2185=ORIENTED_EDGE('',*,*,#3551,.T.);
#2186=ORIENTED_EDGE('',*,*,#3569,.F.);
#2187=ORIENTED_EDGE('',*,*,#2815,.F.);
#2188=ORIENTED_EDGE('',*,*,#3570,.T.);
#2189=ORIENTED_EDGE('',*,*,#2685,.T.);
#2190=ORIENTED_EDGE('',*,*,#3571,.T.);
#2191=ORIENTED_EDGE('',*,*,#2813,.T.);
#2192=ORIENTED_EDGE('',*,*,#3572,.T.);
#2193=ORIENTED_EDGE('',*,*,#2687,.F.);
#2194=ORIENTED_EDGE('',*,*,#3573,.T.);
#2195=ORIENTED_EDGE('',*,*,#2689,.T.);
#2196=ORIENTED_EDGE('',*,*,#3574,.T.);
#2197=ORIENTED_EDGE('',*,*,#2819,.F.);
#2198=ORIENTED_EDGE('',*,*,#3575,.T.);
#2199=ORIENTED_EDGE('',*,*,#2817,.F.);
#2200=ORIENTED_EDGE('',*,*,#3576,.T.);
#2201=ORIENTED_EDGE('',*,*,#2691,.T.);
#2202=ORIENTED_EDGE('',*,*,#3577,.T.);
#2203=ORIENTED_EDGE('',*,*,#2823,.F.);
#2204=ORIENTED_EDGE('',*,*,#3578,.T.);
#2205=ORIENTED_EDGE('',*,*,#2673,.T.);
#2206=ORIENTED_EDGE('',*,*,#3579,.T.);
#2207=ORIENTED_EDGE('',*,*,#2675,.F.);
#2208=ORIENTED_EDGE('',*,*,#3580,.T.);
#2209=ORIENTED_EDGE('',*,*,#2821,.T.);
#2210=ORIENTED_EDGE('',*,*,#3581,.T.);
#2211=ORIENTED_EDGE('',*,*,#2827,.T.);
#2212=ORIENTED_EDGE('',*,*,#3582,.T.);
#2213=ORIENTED_EDGE('',*,*,#2677,.F.);
#2214=ORIENTED_EDGE('',*,*,#3583,.T.);
#2215=ORIENTED_EDGE('',*,*,#2825,.F.);
#2216=ORIENTED_EDGE('',*,*,#3584,.T.);
#2217=ORIENTED_EDGE('',*,*,#2679,.T.);
#2218=ORIENTED_EDGE('',*,*,#3585,.T.);
#2219=ORIENTED_EDGE('',*,*,#2695,.F.);
#2220=ORIENTED_EDGE('',*,*,#3586,.T.);
#2221=ORIENTED_EDGE('',*,*,#2767,.T.);
#2222=ORIENTED_EDGE('',*,*,#3587,.T.);
#2223=ORIENTED_EDGE('',*,*,#2773,.T.);
#2224=ORIENTED_EDGE('',*,*,#3588,.T.);
#2225=ORIENTED_EDGE('',*,*,#2697,.F.);
#2226=ORIENTED_EDGE('',*,*,#3589,.T.);
#2227=ORIENTED_EDGE('',*,*,#2771,.T.);
#2228=ORIENTED_EDGE('',*,*,#3590,.T.);
#2229=ORIENTED_EDGE('',*,*,#2699,.F.);
#2230=ORIENTED_EDGE('',*,*,#3591,.T.);
#2231=ORIENTED_EDGE('',*,*,#2693,.T.);
#2232=ORIENTED_EDGE('',*,*,#3592,.T.);
#2233=ORIENTED_EDGE('',*,*,#2769,.F.);
#2234=ORIENTED_EDGE('',*,*,#3593,.T.);
#2235=ORIENTED_EDGE('',*,*,#2831,.F.);
#2236=ORIENTED_EDGE('',*,*,#3594,.T.);
#2237=ORIENTED_EDGE('',*,*,#2701,.T.);
#2238=ORIENTED_EDGE('',*,*,#3595,.T.);
#2239=ORIENTED_EDGE('',*,*,#2703,.F.);
#2240=ORIENTED_EDGE('',*,*,#3596,.T.);
#2241=ORIENTED_EDGE('',*,*,#2829,.T.);
#2242=ORIENTED_EDGE('',*,*,#3597,.T.);
#2243=ORIENTED_EDGE('',*,*,#2705,.T.);
#2244=ORIENTED_EDGE('',*,*,#3598,.T.);
#2245=ORIENTED_EDGE('',*,*,#2833,.F.);
#2246=ORIENTED_EDGE('',*,*,#3599,.T.);
#2247=ORIENTED_EDGE('',*,*,#2837,.F.);
#2248=ORIENTED_EDGE('',*,*,#3600,.T.);
#2249=ORIENTED_EDGE('',*,*,#2665,.T.);
#2250=ORIENTED_EDGE('',*,*,#3601,.T.);
#2251=ORIENTED_EDGE('',*,*,#2667,.F.);
#2252=ORIENTED_EDGE('',*,*,#3602,.T.);
#2253=ORIENTED_EDGE('',*,*,#2835,.T.);
#2254=ORIENTED_EDGE('',*,*,#3603,.T.);
#2255=ORIENTED_EDGE('',*,*,#2669,.F.);
#2256=ORIENTED_EDGE('',*,*,#3604,.T.);
#2257=ORIENTED_EDGE('',*,*,#2841,.T.);
#2258=ORIENTED_EDGE('',*,*,#3605,.T.);
#2259=ORIENTED_EDGE('',*,*,#2671,.T.);
#2260=ORIENTED_EDGE('',*,*,#3606,.T.);
#2261=ORIENTED_EDGE('',*,*,#2839,.F.);
#2262=ORIENTED_EDGE('',*,*,#3607,.T.);
#2263=ORIENTED_EDGE('',*,*,#2845,.F.);
#2264=ORIENTED_EDGE('',*,*,#3608,.T.);
#2265=ORIENTED_EDGE('',*,*,#2707,.T.);
#2266=ORIENTED_EDGE('',*,*,#3609,.T.);
#2267=ORIENTED_EDGE('',*,*,#2843,.T.);
#2268=ORIENTED_EDGE('',*,*,#3610,.T.);
#2269=ORIENTED_EDGE('',*,*,#2709,.F.);
#2270=ORIENTED_EDGE('',*,*,#3611,.T.);
#2271=ORIENTED_EDGE('',*,*,#2711,.F.);
#2272=ORIENTED_EDGE('',*,*,#3612,.T.);
#2273=ORIENTED_EDGE('',*,*,#2847,.T.);
#2274=ORIENTED_EDGE('',*,*,#3613,.T.);
#2275=ORIENTED_EDGE('',*,*,#2700,.F.);
#2276=ORIENTED_EDGE('',*,*,#3590,.F.);
#2277=ORIENTED_EDGE('',*,*,#2770,.F.);
#2278=ORIENTED_EDGE('',*,*,#3592,.F.);
#2279=ORIENTED_EDGE('',*,*,#2698,.F.);
#2280=ORIENTED_EDGE('',*,*,#3588,.F.);
#2281=ORIENTED_EDGE('',*,*,#2772,.F.);
#2282=ORIENTED_EDGE('',*,*,#3591,.F.);
#2283=ORIENTED_EDGE('',*,*,#2694,.F.);
#2284=ORIENTED_EDGE('',*,*,#3593,.F.);
#2285=ORIENTED_EDGE('',*,*,#2768,.F.);
#2286=ORIENTED_EDGE('',*,*,#3586,.F.);
#2287=ORIENTED_EDGE('',*,*,#2696,.F.);
#2288=ORIENTED_EDGE('',*,*,#3587,.F.);
#2289=ORIENTED_EDGE('',*,*,#2774,.F.);
#2290=ORIENTED_EDGE('',*,*,#3589,.F.);
#2291=ORIENTED_EDGE('',*,*,#2702,.F.);
#2292=ORIENTED_EDGE('',*,*,#3594,.F.);
#2293=ORIENTED_EDGE('',*,*,#2830,.F.);
#2294=ORIENTED_EDGE('',*,*,#3596,.F.);
#2295=ORIENTED_EDGE('',*,*,#2704,.F.);
#2296=ORIENTED_EDGE('',*,*,#3597,.F.);
#2297=ORIENTED_EDGE('',*,*,#2834,.F.);
#2298=ORIENTED_EDGE('',*,*,#3598,.F.);
#2299=ORIENTED_EDGE('',*,*,#2706,.F.);
#2300=ORIENTED_EDGE('',*,*,#3599,.F.);
#2301=ORIENTED_EDGE('',*,*,#2832,.F.);
#2302=ORIENTED_EDGE('',*,*,#3595,.F.);
#2303=ORIENTED_EDGE('',*,*,#2674,.F.);
#2304=ORIENTED_EDGE('',*,*,#3578,.F.);
#2305=ORIENTED_EDGE('',*,*,#2822,.F.);
#2306=ORIENTED_EDGE('',*,*,#3580,.F.);
#2307=ORIENTED_EDGE('',*,*,#2680,.F.);
#2308=ORIENTED_EDGE('',*,*,#3584,.F.);
#2309=ORIENTED_EDGE('',*,*,#2824,.F.);
#2310=ORIENTED_EDGE('',*,*,#3579,.F.);
#2311=ORIENTED_EDGE('',*,*,#2678,.F.);
#2312=ORIENTED_EDGE('',*,*,#3582,.F.);
#2313=ORIENTED_EDGE('',*,*,#2826,.F.);
#2314=ORIENTED_EDGE('',*,*,#3585,.F.);
#2315=ORIENTED_EDGE('',*,*,#2676,.F.);
#2316=ORIENTED_EDGE('',*,*,#3581,.F.);
#2317=ORIENTED_EDGE('',*,*,#2828,.F.);
#2318=ORIENTED_EDGE('',*,*,#3583,.F.);
#2319=ORIENTED_EDGE('',*,*,#2666,.F.);
#2320=ORIENTED_EDGE('',*,*,#3600,.F.);
#2321=ORIENTED_EDGE('',*,*,#2836,.F.);
#2322=ORIENTED_EDGE('',*,*,#3602,.F.);
#2323=ORIENTED_EDGE('',*,*,#2668,.F.);
#2324=ORIENTED_EDGE('',*,*,#3603,.F.);
#2325=ORIENTED_EDGE('',*,*,#2842,.F.);
#2326=ORIENTED_EDGE('',*,*,#3604,.F.);
#2327=ORIENTED_EDGE('',*,*,#2670,.F.);
#2328=ORIENTED_EDGE('',*,*,#3605,.F.);
#2329=ORIENTED_EDGE('',*,*,#2840,.F.);
#2330=ORIENTED_EDGE('',*,*,#3606,.F.);
#2331=ORIENTED_EDGE('',*,*,#2672,.F.);
#2332=ORIENTED_EDGE('',*,*,#3607,.F.);
#2333=ORIENTED_EDGE('',*,*,#2838,.F.);
#2334=ORIENTED_EDGE('',*,*,#3601,.F.);
#2335=ORIENTED_EDGE('',*,*,#2710,.F.);
#2336=ORIENTED_EDGE('',*,*,#3610,.F.);
#2337=ORIENTED_EDGE('',*,*,#2848,.F.);
#2338=ORIENTED_EDGE('',*,*,#3612,.F.);
#2339=ORIENTED_EDGE('',*,*,#2708,.F.);
#2340=ORIENTED_EDGE('',*,*,#3608,.F.);
#2341=ORIENTED_EDGE('',*,*,#2844,.F.);
#2342=ORIENTED_EDGE('',*,*,#3611,.F.);
#2343=ORIENTED_EDGE('',*,*,#2712,.F.);
#2344=ORIENTED_EDGE('',*,*,#3613,.F.);
#2345=ORIENTED_EDGE('',*,*,#2846,.F.);
#2346=ORIENTED_EDGE('',*,*,#3609,.F.);
#2347=ORIENTED_EDGE('',*,*,#2688,.F.);
#2348=ORIENTED_EDGE('',*,*,#3572,.F.);
#2349=ORIENTED_EDGE('',*,*,#2820,.F.);
#2350=ORIENTED_EDGE('',*,*,#3574,.F.);
#2351=ORIENTED_EDGE('',*,*,#2686,.F.);
#2352=ORIENTED_EDGE('',*,*,#3570,.F.);
#2353=ORIENTED_EDGE('',*,*,#2814,.F.);
#2354=ORIENTED_EDGE('',*,*,#3573,.F.);
#2355=ORIENTED_EDGE('',*,*,#2692,.F.);
#2356=ORIENTED_EDGE('',*,*,#3576,.F.);
#2357=ORIENTED_EDGE('',*,*,#2816,.F.);
#2358=ORIENTED_EDGE('',*,*,#3571,.F.);
#2359=ORIENTED_EDGE('',*,*,#2690,.F.);
#2360=ORIENTED_EDGE('',*,*,#3575,.F.);
#2361=ORIENTED_EDGE('',*,*,#2818,.F.);
#2362=ORIENTED_EDGE('',*,*,#3577,.F.);
#2363=ORIENTED_EDGE('',*,*,#3614,.F.);
#2364=ORIENTED_EDGE('',*,*,#2765,.T.);
#2365=ORIENTED_EDGE('',*,*,#3615,.T.);
#2366=ORIENTED_EDGE('',*,*,#3616,.T.);
#2367=ORIENTED_EDGE('',*,*,#2764,.F.);
#2368=ORIENTED_EDGE('',*,*,#3617,.T.);
#2369=ORIENTED_EDGE('',*,*,#3618,.F.);
#2370=ORIENTED_EDGE('',*,*,#3615,.F.);
#2371=ORIENTED_EDGE('',*,*,#3617,.F.);
#2372=ORIENTED_EDGE('',*,*,#2763,.T.);
#2373=ORIENTED_EDGE('',*,*,#3619,.T.);
#2374=ORIENTED_EDGE('',*,*,#3620,.T.);
#2375=ORIENTED_EDGE('',*,*,#3619,.F.);
#2376=ORIENTED_EDGE('',*,*,#2766,.T.);
#2377=ORIENTED_EDGE('',*,*,#3614,.T.);
#2378=ORIENTED_EDGE('',*,*,#3621,.T.);
#2379=ORIENTED_EDGE('',*,*,#3622,.F.);
#2380=ORIENTED_EDGE('',*,*,#2761,.T.);
#2381=ORIENTED_EDGE('',*,*,#3623,.T.);
#2382=ORIENTED_EDGE('',*,*,#3624,.T.);
#2383=ORIENTED_EDGE('',*,*,#2760,.F.);
#2384=ORIENTED_EDGE('',*,*,#3625,.T.);
#2385=ORIENTED_EDGE('',*,*,#3626,.F.);
#2386=ORIENTED_EDGE('',*,*,#3623,.F.);
#2387=ORIENTED_EDGE('',*,*,#3625,.F.);
#2388=ORIENTED_EDGE('',*,*,#2759,.T.);
#2389=ORIENTED_EDGE('',*,*,#3627,.T.);
#2390=ORIENTED_EDGE('',*,*,#3628,.T.);
#2391=ORIENTED_EDGE('',*,*,#3627,.F.);
#2392=ORIENTED_EDGE('',*,*,#2762,.T.);
#2393=ORIENTED_EDGE('',*,*,#3622,.T.);
#2394=ORIENTED_EDGE('',*,*,#3629,.T.);
#2395=ORIENTED_EDGE('',*,*,#3630,.F.);
#2396=ORIENTED_EDGE('',*,*,#2757,.T.);
#2397=ORIENTED_EDGE('',*,*,#3631,.T.);
#2398=ORIENTED_EDGE('',*,*,#3632,.T.);
#2399=ORIENTED_EDGE('',*,*,#2756,.F.);
#2400=ORIENTED_EDGE('',*,*,#3633,.T.);
#2401=ORIENTED_EDGE('',*,*,#3634,.F.);
#2402=ORIENTED_EDGE('',*,*,#3631,.F.);
#2403=ORIENTED_EDGE('',*,*,#3633,.F.);
#2404=ORIENTED_EDGE('',*,*,#2755,.T.);
#2405=ORIENTED_EDGE('',*,*,#3635,.T.);
#2406=ORIENTED_EDGE('',*,*,#3636,.T.);
#2407=ORIENTED_EDGE('',*,*,#3635,.F.);
#2408=ORIENTED_EDGE('',*,*,#2758,.T.);
#2409=ORIENTED_EDGE('',*,*,#3630,.T.);
#2410=ORIENTED_EDGE('',*,*,#3637,.T.);
#2411=ORIENTED_EDGE('',*,*,#2754,.F.);
#2412=ORIENTED_EDGE('',*,*,#3638,.T.);
#2413=ORIENTED_EDGE('',*,*,#3639,.F.);
#2414=ORIENTED_EDGE('',*,*,#3640,.F.);
#2415=ORIENTED_EDGE('',*,*,#2753,.F.);
#2416=ORIENTED_EDGE('',*,*,#3641,.T.);
#2417=ORIENTED_EDGE('',*,*,#3642,.F.);
#2418=ORIENTED_EDGE('',*,*,#3638,.F.);
#2419=ORIENTED_EDGE('',*,*,#2752,.F.);
#2420=ORIENTED_EDGE('',*,*,#3640,.T.);
#2421=ORIENTED_EDGE('',*,*,#3643,.F.);
#2422=ORIENTED_EDGE('',*,*,#3641,.F.);
#2423=ORIENTED_EDGE('',*,*,#3644,.F.);
#2424=ORIENTED_EDGE('',*,*,#2751,.T.);
#2425=ORIENTED_EDGE('',*,*,#3645,.T.);
#2426=ORIENTED_EDGE('',*,*,#3646,.T.);
#2427=ORIENTED_EDGE('',*,*,#3645,.F.);
#2428=ORIENTED_EDGE('',*,*,#2750,.T.);
#2429=ORIENTED_EDGE('',*,*,#3647,.T.);
#2430=ORIENTED_EDGE('',*,*,#3648,.T.);
#2431=ORIENTED_EDGE('',*,*,#2749,.F.);
#2432=ORIENTED_EDGE('',*,*,#3644,.T.);
#2433=ORIENTED_EDGE('',*,*,#3649,.F.);
#2434=ORIENTED_EDGE('',*,*,#3647,.F.);
#2435=ORIENTED_EDGE('',*,*,#2748,.F.);
#2436=ORIENTED_EDGE('',*,*,#3650,.T.);
#2437=ORIENTED_EDGE('',*,*,#3651,.F.);
#2438=ORIENTED_EDGE('',*,*,#3652,.F.);
#2439=ORIENTED_EDGE('',*,*,#2747,.F.);
#2440=ORIENTED_EDGE('',*,*,#3653,.T.);
#2441=ORIENTED_EDGE('',*,*,#3654,.F.);
#2442=ORIENTED_EDGE('',*,*,#3650,.F.);
#2443=ORIENTED_EDGE('',*,*,#2746,.F.);
#2444=ORIENTED_EDGE('',*,*,#3655,.T.);
#2445=ORIENTED_EDGE('',*,*,#3656,.F.);
#2446=ORIENTED_EDGE('',*,*,#3653,.F.);
#2447=ORIENTED_EDGE('',*,*,#2745,.F.);
#2448=ORIENTED_EDGE('',*,*,#3652,.T.);
#2449=ORIENTED_EDGE('',*,*,#3657,.F.);
#2450=ORIENTED_EDGE('',*,*,#3655,.F.);
#2451=ORIENTED_EDGE('',*,*,#2744,.F.);
#2452=ORIENTED_EDGE('',*,*,#3658,.T.);
#2453=ORIENTED_EDGE('',*,*,#3659,.F.);
#2454=ORIENTED_EDGE('',*,*,#3660,.F.);
#2455=ORIENTED_EDGE('',*,*,#2743,.F.);
#2456=ORIENTED_EDGE('',*,*,#3661,.T.);
#2457=ORIENTED_EDGE('',*,*,#3662,.F.);
#2458=ORIENTED_EDGE('',*,*,#3658,.F.);
#2459=ORIENTED_EDGE('',*,*,#2742,.F.);
#2460=ORIENTED_EDGE('',*,*,#3663,.T.);
#2461=ORIENTED_EDGE('',*,*,#3664,.F.);
#2462=ORIENTED_EDGE('',*,*,#3661,.F.);
#2463=ORIENTED_EDGE('',*,*,#2741,.F.);
#2464=ORIENTED_EDGE('',*,*,#3660,.T.);
#2465=ORIENTED_EDGE('',*,*,#3665,.F.);
#2466=ORIENTED_EDGE('',*,*,#3663,.F.);
#2467=ORIENTED_EDGE('',*,*,#2740,.F.);
#2468=ORIENTED_EDGE('',*,*,#3666,.T.);
#2469=ORIENTED_EDGE('',*,*,#3667,.F.);
#2470=ORIENTED_EDGE('',*,*,#3668,.F.);
#2471=ORIENTED_EDGE('',*,*,#2739,.F.);
#2472=ORIENTED_EDGE('',*,*,#3669,.T.);
#2473=ORIENTED_EDGE('',*,*,#3670,.F.);
#2474=ORIENTED_EDGE('',*,*,#3666,.F.);
#2475=ORIENTED_EDGE('',*,*,#2738,.F.);
#2476=ORIENTED_EDGE('',*,*,#3671,.T.);
#2477=ORIENTED_EDGE('',*,*,#3672,.F.);
#2478=ORIENTED_EDGE('',*,*,#3669,.F.);
#2479=ORIENTED_EDGE('',*,*,#2737,.F.);
#2480=ORIENTED_EDGE('',*,*,#3668,.T.);
#2481=ORIENTED_EDGE('',*,*,#3673,.F.);
#2482=ORIENTED_EDGE('',*,*,#3671,.F.);
#2483=ORIENTED_EDGE('',*,*,#2736,.F.);
#2484=ORIENTED_EDGE('',*,*,#3674,.T.);
#2485=ORIENTED_EDGE('',*,*,#3675,.F.);
#2486=ORIENTED_EDGE('',*,*,#3676,.F.);
#2487=ORIENTED_EDGE('',*,*,#2735,.F.);
#2488=ORIENTED_EDGE('',*,*,#3677,.T.);
#2489=ORIENTED_EDGE('',*,*,#3678,.F.);
#2490=ORIENTED_EDGE('',*,*,#3674,.F.);
#2491=ORIENTED_EDGE('',*,*,#2734,.F.);
#2492=ORIENTED_EDGE('',*,*,#3679,.T.);
#2493=ORIENTED_EDGE('',*,*,#3680,.F.);
#2494=ORIENTED_EDGE('',*,*,#3677,.F.);
#2495=ORIENTED_EDGE('',*,*,#2733,.F.);
#2496=ORIENTED_EDGE('',*,*,#3676,.T.);
#2497=ORIENTED_EDGE('',*,*,#3681,.F.);
#2498=ORIENTED_EDGE('',*,*,#3679,.F.);
#2499=ORIENTED_EDGE('',*,*,#2732,.F.);
#2500=ORIENTED_EDGE('',*,*,#3682,.T.);
#2501=ORIENTED_EDGE('',*,*,#3683,.F.);
#2502=ORIENTED_EDGE('',*,*,#3684,.F.);
#2503=ORIENTED_EDGE('',*,*,#2731,.F.);
#2504=ORIENTED_EDGE('',*,*,#3685,.T.);
#2505=ORIENTED_EDGE('',*,*,#3686,.F.);
#2506=ORIENTED_EDGE('',*,*,#3682,.F.);
#2507=ORIENTED_EDGE('',*,*,#2730,.F.);
#2508=ORIENTED_EDGE('',*,*,#3687,.T.);
#2509=ORIENTED_EDGE('',*,*,#3688,.F.);
#2510=ORIENTED_EDGE('',*,*,#3685,.F.);
#2511=ORIENTED_EDGE('',*,*,#2729,.F.);
#2512=ORIENTED_EDGE('',*,*,#3684,.T.);
#2513=ORIENTED_EDGE('',*,*,#3689,.F.);
#2514=ORIENTED_EDGE('',*,*,#3687,.F.);
#2515=ORIENTED_EDGE('',*,*,#3690,.F.);
#2516=ORIENTED_EDGE('',*,*,#2728,.T.);
#2517=ORIENTED_EDGE('',*,*,#3691,.T.);
#2518=ORIENTED_EDGE('',*,*,#3692,.T.);
#2519=ORIENTED_EDGE('',*,*,#2727,.F.);
#2520=ORIENTED_EDGE('',*,*,#3693,.T.);
#2521=ORIENTED_EDGE('',*,*,#3694,.F.);
#2522=ORIENTED_EDGE('',*,*,#3691,.F.);
#2523=ORIENTED_EDGE('',*,*,#3693,.F.);
#2524=ORIENTED_EDGE('',*,*,#2726,.T.);
#2525=ORIENTED_EDGE('',*,*,#3695,.T.);
#2526=ORIENTED_EDGE('',*,*,#3696,.T.);
#2527=ORIENTED_EDGE('',*,*,#2725,.F.);
#2528=ORIENTED_EDGE('',*,*,#3690,.T.);
#2529=ORIENTED_EDGE('',*,*,#3697,.F.);
#2530=ORIENTED_EDGE('',*,*,#3695,.F.);
#2531=ORIENTED_EDGE('',*,*,#2724,.F.);
#2532=ORIENTED_EDGE('',*,*,#3698,.T.);
#2533=ORIENTED_EDGE('',*,*,#3699,.F.);
#2534=ORIENTED_EDGE('',*,*,#3700,.F.);
#2535=ORIENTED_EDGE('',*,*,#2723,.F.);
#2536=ORIENTED_EDGE('',*,*,#3701,.T.);
#2537=ORIENTED_EDGE('',*,*,#3702,.F.);
#2538=ORIENTED_EDGE('',*,*,#3698,.F.);
#2539=ORIENTED_EDGE('',*,*,#3701,.F.);
#2540=ORIENTED_EDGE('',*,*,#2722,.T.);
#2541=ORIENTED_EDGE('',*,*,#3703,.T.);
#2542=ORIENTED_EDGE('',*,*,#3704,.T.);
#2543=ORIENTED_EDGE('',*,*,#2721,.F.);
#2544=ORIENTED_EDGE('',*,*,#3700,.T.);
#2545=ORIENTED_EDGE('',*,*,#3705,.F.);
#2546=ORIENTED_EDGE('',*,*,#3703,.F.);
#2547=ORIENTED_EDGE('',*,*,#3706,.F.);
#2548=ORIENTED_EDGE('',*,*,#2720,.T.);
#2549=ORIENTED_EDGE('',*,*,#3707,.T.);
#2550=ORIENTED_EDGE('',*,*,#3708,.T.);
#2551=ORIENTED_EDGE('',*,*,#2719,.F.);
#2552=ORIENTED_EDGE('',*,*,#3709,.T.);
#2553=ORIENTED_EDGE('',*,*,#3710,.F.);
#2554=ORIENTED_EDGE('',*,*,#3707,.F.);
#2555=ORIENTED_EDGE('',*,*,#3709,.F.);
#2556=ORIENTED_EDGE('',*,*,#2718,.T.);
#2557=ORIENTED_EDGE('',*,*,#3711,.T.);
#2558=ORIENTED_EDGE('',*,*,#3712,.T.);
#2559=ORIENTED_EDGE('',*,*,#2717,.F.);
#2560=ORIENTED_EDGE('',*,*,#3706,.T.);
#2561=ORIENTED_EDGE('',*,*,#3713,.F.);
#2562=ORIENTED_EDGE('',*,*,#3711,.F.);
#2563=ORIENTED_EDGE('',*,*,#2716,.F.);
#2564=ORIENTED_EDGE('',*,*,#3714,.T.);
#2565=ORIENTED_EDGE('',*,*,#3715,.F.);
#2566=ORIENTED_EDGE('',*,*,#3716,.F.);
#2567=ORIENTED_EDGE('',*,*,#3714,.F.);
#2568=ORIENTED_EDGE('',*,*,#2715,.T.);
#2569=ORIENTED_EDGE('',*,*,#3717,.T.);
#2570=ORIENTED_EDGE('',*,*,#3718,.T.);
#2571=ORIENTED_EDGE('',*,*,#2714,.F.);
#2572=ORIENTED_EDGE('',*,*,#3719,.T.);
#2573=ORIENTED_EDGE('',*,*,#3720,.F.);
#2574=ORIENTED_EDGE('',*,*,#3717,.F.);
#2575=ORIENTED_EDGE('',*,*,#2713,.F.);
#2576=ORIENTED_EDGE('',*,*,#3716,.T.);
#2577=ORIENTED_EDGE('',*,*,#3721,.F.);
#2578=ORIENTED_EDGE('',*,*,#3719,.F.);
#2579=ORIENTED_EDGE('',*,*,#3643,.T.);
#2580=ORIENTED_EDGE('',*,*,#3639,.T.);
#2581=ORIENTED_EDGE('',*,*,#3642,.T.);
#2582=ORIENTED_EDGE('',*,*,#3649,.T.);
#2583=ORIENTED_EDGE('',*,*,#3646,.F.);
#2584=ORIENTED_EDGE('',*,*,#3648,.F.);
#2585=ORIENTED_EDGE('',*,*,#3657,.T.);
#2586=ORIENTED_EDGE('',*,*,#3651,.T.);
#2587=ORIENTED_EDGE('',*,*,#3654,.T.);
#2588=ORIENTED_EDGE('',*,*,#3656,.T.);
#2589=ORIENTED_EDGE('',*,*,#3665,.T.);
#2590=ORIENTED_EDGE('',*,*,#3659,.T.);
#2591=ORIENTED_EDGE('',*,*,#3662,.T.);
#2592=ORIENTED_EDGE('',*,*,#3664,.T.);
#2593=ORIENTED_EDGE('',*,*,#3673,.T.);
#2594=ORIENTED_EDGE('',*,*,#3667,.T.);
#2595=ORIENTED_EDGE('',*,*,#3670,.T.);
#2596=ORIENTED_EDGE('',*,*,#3672,.T.);
#2597=ORIENTED_EDGE('',*,*,#3681,.T.);
#2598=ORIENTED_EDGE('',*,*,#3675,.T.);
#2599=ORIENTED_EDGE('',*,*,#3678,.T.);
#2600=ORIENTED_EDGE('',*,*,#3680,.T.);
#2601=ORIENTED_EDGE('',*,*,#3689,.T.);
#2602=ORIENTED_EDGE('',*,*,#3683,.T.);
#2603=ORIENTED_EDGE('',*,*,#3686,.T.);
#2604=ORIENTED_EDGE('',*,*,#3688,.T.);
#2605=ORIENTED_EDGE('',*,*,#3697,.T.);
#2606=ORIENTED_EDGE('',*,*,#3692,.F.);
#2607=ORIENTED_EDGE('',*,*,#3694,.T.);
#2608=ORIENTED_EDGE('',*,*,#3696,.F.);
#2609=ORIENTED_EDGE('',*,*,#3705,.T.);
#2610=ORIENTED_EDGE('',*,*,#3699,.T.);
#2611=ORIENTED_EDGE('',*,*,#3702,.T.);
#2612=ORIENTED_EDGE('',*,*,#3704,.F.);
#2613=ORIENTED_EDGE('',*,*,#3636,.F.);
#2614=ORIENTED_EDGE('',*,*,#3637,.F.);
#2615=ORIENTED_EDGE('',*,*,#3632,.F.);
#2616=ORIENTED_EDGE('',*,*,#3634,.T.);
#2617=ORIENTED_EDGE('',*,*,#3628,.F.);
#2618=ORIENTED_EDGE('',*,*,#3629,.F.);
#2619=ORIENTED_EDGE('',*,*,#3624,.F.);
#2620=ORIENTED_EDGE('',*,*,#3626,.T.);
#2621=ORIENTED_EDGE('',*,*,#3713,.T.);
#2622=ORIENTED_EDGE('',*,*,#3708,.F.);
#2623=ORIENTED_EDGE('',*,*,#3710,.T.);
#2624=ORIENTED_EDGE('',*,*,#3712,.F.);
#2625=ORIENTED_EDGE('',*,*,#3620,.F.);
#2626=ORIENTED_EDGE('',*,*,#3621,.F.);
#2627=ORIENTED_EDGE('',*,*,#3616,.F.);
#2628=ORIENTED_EDGE('',*,*,#3618,.T.);
#2629=ORIENTED_EDGE('',*,*,#3721,.T.);
#2630=ORIENTED_EDGE('',*,*,#3715,.T.);
#2631=ORIENTED_EDGE('',*,*,#3718,.F.);
#2632=ORIENTED_EDGE('',*,*,#3720,.T.);
#2633=ORIENTED_EDGE('',*,*,#2639,.T.);
#2634=ORIENTED_EDGE('',*,*,#3096,.T.);
#2635=ORIENTED_EDGE('',*,*,#3561,.T.);
#2636=ORIENTED_EDGE('',*,*,#2794,.T.);
#2637=ORIENTED_EDGE('',*,*,#3562,.T.);
#2638=ORIENTED_EDGE('',*,*,#2856,.F.);
#2639=EDGE_CURVE('',#3722,#3723,#4439,.T.);
#2640=EDGE_CURVE('',#3722,#3724,#4440,.T.);
#2641=EDGE_CURVE('',#3725,#3724,#4441,.T.);
#2642=EDGE_CURVE('',#3723,#3725,#4442,.T.);
#2643=EDGE_CURVE('',#3726,#3727,#4443,.T.);
#2644=EDGE_CURVE('',#3728,#3727,#4444,.T.);
#2645=EDGE_CURVE('',#3729,#3728,#4445,.T.);
#2646=EDGE_CURVE('',#3729,#3730,#4446,.F.);
#2647=EDGE_CURVE('',#3731,#3730,#4447,.T.);
#2648=EDGE_CURVE('',#3731,#3732,#301,.F.);
#2649=EDGE_CURVE('',#3732,#3733,#4448,.T.);
#2650=EDGE_CURVE('',#3733,#3734,#302,.F.);
#2651=EDGE_CURVE('',#3734,#3735,#4449,.T.);
#2652=EDGE_CURVE('',#3735,#3736,#303,.T.);
#2653=EDGE_CURVE('',#3737,#3736,#4450,.T.);
#2654=EDGE_CURVE('',#3737,#3738,#304,.F.);
#2655=EDGE_CURVE('',#3739,#3738,#4451,.T.);
#2656=EDGE_CURVE('',#3739,#3740,#305,.F.);
#2657=EDGE_CURVE('',#3740,#3741,#4452,.T.);
#2658=EDGE_CURVE('',#3741,#3742,#306,.T.);
#2659=EDGE_CURVE('',#3742,#3743,#4453,.T.);
#2660=EDGE_CURVE('',#3743,#3744,#307,.F.);
#2661=EDGE_CURVE('',#3745,#3744,#4454,.T.);
#2662=EDGE_CURVE('',#3745,#3746,#308,.F.);
#2663=EDGE_CURVE('',#3746,#3747,#4455,.T.);
#2664=EDGE_CURVE('',#3747,#3726,#4456,.F.);
#2665=EDGE_CURVE('',#3748,#3749,#4457,.T.);
#2666=EDGE_CURVE('',#3748,#3750,#309,.T.);
#2667=EDGE_CURVE('',#3750,#3751,#310,.F.);
#2668=EDGE_CURVE('',#3751,#3752,#311,.T.);
#2669=EDGE_CURVE('',#3752,#3753,#4458,.T.);
#2670=EDGE_CURVE('',#3753,#3754,#312,.T.);
#2671=EDGE_CURVE('',#3755,#3754,#4459,.T.);
#2672=EDGE_CURVE('',#3755,#3749,#313,.T.);
#2673=EDGE_CURVE('',#3756,#3757,#314,.T.);
#2674=EDGE_CURVE('',#3756,#3758,#315,.T.);
#2675=EDGE_CURVE('',#3758,#3759,#4460,.T.);
#2676=EDGE_CURVE('',#3759,#3760,#316,.T.);
#2677=EDGE_CURVE('',#3760,#3761,#4461,.T.);
#2678=EDGE_CURVE('',#3761,#3762,#317,.T.);
#2679=EDGE_CURVE('',#3763,#3762,#4462,.T.);
#2680=EDGE_CURVE('',#3763,#3757,#318,.T.);
#2681=EDGE_CURVE('',#3764,#3764,#319,.T.);
#2682=EDGE_CURVE('',#3765,#3765,#320,.T.);
#2683=EDGE_CURVE('',#3766,#3766,#321,.F.);
#2684=EDGE_CURVE('',#3767,#3767,#322,.F.);
#2685=EDGE_CURVE('',#3768,#3769,#323,.T.);
#2686=EDGE_CURVE('',#3768,#3770,#324,.T.);
#2687=EDGE_CURVE('',#3770,#3771,#4463,.T.);
#2688=EDGE_CURVE('',#3771,#3772,#325,.T.);
#2689=EDGE_CURVE('',#3773,#3772,#4464,.T.);
#2690=EDGE_CURVE('',#3773,#3774,#326,.T.);
#2691=EDGE_CURVE('',#3775,#3774,#4465,.T.);
#2692=EDGE_CURVE('',#3775,#3769,#327,.T.);
#2693=EDGE_CURVE('',#3776,#3777,#4466,.T.);
#2694=EDGE_CURVE('',#3776,#3778,#328,.T.);
#2695=EDGE_CURVE('',#3778,#3779,#329,.F.);
#2696=EDGE_CURVE('',#3779,#3780,#330,.T.);
#2697=EDGE_CURVE('',#3780,#3781,#4467,.T.);
#2698=EDGE_CURVE('',#3781,#3782,#331,.T.);
#2699=EDGE_CURVE('',#3782,#3783,#4468,.T.);
#2700=EDGE_CURVE('',#3783,#3777,#332,.T.);
#2701=EDGE_CURVE('',#3784,#3785,#4469,.T.);
#2702=EDGE_CURVE('',#3784,#3786,#333,.T.);
#2703=EDGE_CURVE('',#3786,#3787,#4470,.T.);
#2704=EDGE_CURVE('',#3787,#3788,#334,.T.);
#2705=EDGE_CURVE('',#3789,#3788,#4471,.T.);
#2706=EDGE_CURVE('',#3789,#3785,#335,.T.);
#2707=EDGE_CURVE('',#3790,#3791,#4472,.T.);
#2708=EDGE_CURVE('',#3790,#3792,#336,.T.);
#2709=EDGE_CURVE('',#3792,#3793,#4473,.T.);
#2710=EDGE_CURVE('',#3793,#3794,#337,.T.);
#2711=EDGE_CURVE('',#3794,#3795,#4474,.T.);
#2712=EDGE_CURVE('',#3795,#3791,#338,.T.);
#2713=EDGE_CURVE('',#3796,#3797,#4475,.T.);
#2714=EDGE_CURVE('',#3797,#3798,#4476,.T.);
#2715=EDGE_CURVE('',#3799,#3798,#4477,.T.);
#2716=EDGE_CURVE('',#3799,#3796,#4478,.T.);
#2717=EDGE_CURVE('',#3800,#3801,#4479,.T.);
#2718=EDGE_CURVE('',#3802,#3801,#4480,.T.);
#2719=EDGE_CURVE('',#3802,#3803,#4481,.T.);
#2720=EDGE_CURVE('',#3800,#3803,#4482,.T.);
#2721=EDGE_CURVE('',#3804,#3805,#4483,.T.);
#2722=EDGE_CURVE('',#3806,#3805,#4484,.T.);
#2723=EDGE_CURVE('',#3806,#3807,#4485,.T.);
#2724=EDGE_CURVE('',#3807,#3804,#4486,.T.);
#2725=EDGE_CURVE('',#3808,#3809,#4487,.T.);
#2726=EDGE_CURVE('',#3810,#3809,#4488,.T.);
#2727=EDGE_CURVE('',#3810,#3811,#4489,.T.);
#2728=EDGE_CURVE('',#3808,#3811,#4490,.T.);
#2729=EDGE_CURVE('',#3812,#3813,#4491,.T.);
#2730=EDGE_CURVE('',#3813,#3814,#4492,.T.);
#2731=EDGE_CURVE('',#3814,#3815,#4493,.T.);
#2732=EDGE_CURVE('',#3815,#3812,#4494,.T.);
#2733=EDGE_CURVE('',#3816,#3817,#4495,.T.);
#2734=EDGE_CURVE('',#3817,#3818,#4496,.T.);
#2735=EDGE_CURVE('',#3818,#3819,#4497,.T.);
#2736=EDGE_CURVE('',#3819,#3816,#4498,.T.);
#2737=EDGE_CURVE('',#3820,#3821,#4499,.T.);
#2738=EDGE_CURVE('',#3821,#3822,#4500,.T.);
#2739=EDGE_CURVE('',#3822,#3823,#4501,.T.);
#2740=EDGE_CURVE('',#3823,#3820,#4502,.T.);
#2741=EDGE_CURVE('',#3824,#3825,#4503,.T.);
#2742=EDGE_CURVE('',#3825,#3826,#4504,.T.);
#2743=EDGE_CURVE('',#3826,#3827,#4505,.T.);
#2744=EDGE_CURVE('',#3827,#3824,#4506,.T.);
#2745=EDGE_CURVE('',#3828,#3829,#4507,.T.);
#2746=EDGE_CURVE('',#3829,#3830,#4508,.T.);
#2747=EDGE_CURVE('',#3830,#3831,#4509,.T.);
#2748=EDGE_CURVE('',#3831,#3828,#4510,.T.);
#2749=EDGE_CURVE('',#3832,#3833,#4511,.T.);
#2750=EDGE_CURVE('',#3834,#3833,#4512,.T.);
#2751=EDGE_CURVE('',#3832,#3834,#4513,.T.);
#2752=EDGE_CURVE('',#3835,#3836,#4514,.T.);
#2753=EDGE_CURVE('',#3836,#3837,#4515,.T.);
#2754=EDGE_CURVE('',#3837,#3835,#4516,.T.);
#2755=EDGE_CURVE('',#3838,#3839,#4517,.T.);
#2756=EDGE_CURVE('',#3838,#3840,#4518,.T.);
#2757=EDGE_CURVE('',#3841,#3840,#4519,.T.);
#2758=EDGE_CURVE('',#3839,#3841,#4520,.T.);
#2759=EDGE_CURVE('',#3842,#3843,#4521,.T.);
#2760=EDGE_CURVE('',#3842,#3844,#4522,.T.);
#2761=EDGE_CURVE('',#3845,#3844,#4523,.T.);
#2762=EDGE_CURVE('',#3843,#3845,#4524,.T.);
#2763=EDGE_CURVE('',#3846,#3847,#4525,.T.);
#2764=EDGE_CURVE('',#3846,#3848,#4526,.T.);
#2765=EDGE_CURVE('',#3849,#3848,#4527,.T.);
#2766=EDGE_CURVE('',#3847,#3849,#4528,.T.);
#2767=EDGE_CURVE('',#3850,#3851,#339,.T.);
#2768=EDGE_CURVE('',#3850,#3852,#340,.F.);
#2769=EDGE_CURVE('',#3852,#3853,#4529,.T.);
#2770=EDGE_CURVE('',#3853,#3854,#341,.F.);
#2771=EDGE_CURVE('',#3855,#3854,#4530,.T.);
#2772=EDGE_CURVE('',#3855,#3856,#342,.F.);
#2773=EDGE_CURVE('',#3857,#3856,#4531,.T.);
#2774=EDGE_CURVE('',#3857,#3851,#343,.F.);
#2775=EDGE_CURVE('',#3858,#3859,#4532,.T.);
#2776=EDGE_CURVE('',#3859,#3860,#344,.T.);
#2777=EDGE_CURVE('',#3861,#3860,#4533,.T.);
#2778=EDGE_CURVE('',#3861,#3862,#345,.T.);
#2779=EDGE_CURVE('',#3863,#3862,#4534,.T.);
#2780=EDGE_CURVE('',#3863,#3864,#346,.F.);
#2781=EDGE_CURVE('',#3865,#3864,#4535,.T.);
#2782=EDGE_CURVE('',#3865,#3866,#347,.T.);
#2783=EDGE_CURVE('',#3867,#3866,#4536,.T.);
#2784=EDGE_CURVE('',#3867,#3868,#348,.T.);
#2785=EDGE_CURVE('',#3868,#3869,#4537,.T.);
#2786=EDGE_CURVE('',#3869,#3870,#4538,.F.);
#2787=EDGE_CURVE('',#3870,#3871,#4539,.T.);
#2788=EDGE_CURVE('',#3871,#3872,#349,.F.);
#2789=EDGE_CURVE('',#3872,#3873,#4540,.T.);
#2790=EDGE_CURVE('',#3873,#3874,#350,.F.);
#2791=EDGE_CURVE('',#3874,#3875,#4541,.T.);
#2792=EDGE_CURVE('',#3875,#3876,#351,.F.);
#2793=EDGE_CURVE('',#3876,#3877,#4542,.F.);
#2794=EDGE_CURVE('',#3878,#3877,#4543,.T.);
#2795=EDGE_CURVE('',#3878,#3879,#4544,.F.);
#2796=EDGE_CURVE('',#3879,#3880,#352,.F.);
#2797=EDGE_CURVE('',#3880,#3881,#4545,.F.);
#2798=EDGE_CURVE('',#3881,#3882,#353,.F.);
#2799=EDGE_CURVE('',#3882,#3883,#4546,.T.);
#2800=EDGE_CURVE('',#3883,#3884,#354,.F.);
#2801=EDGE_CURVE('',#3884,#3885,#4547,.T.);
#2802=EDGE_CURVE('',#3885,#3886,#4548,.F.);
#2803=EDGE_CURVE('',#3887,#3886,#4549,.T.);
#2804=EDGE_CURVE('',#3887,#3888,#355,.T.);
#2805=EDGE_CURVE('',#3888,#3889,#4550,.T.);
#2806=EDGE_CURVE('',#3889,#3890,#356,.T.);
#2807=EDGE_CURVE('',#3891,#3890,#4551,.T.);
#2808=EDGE_CURVE('',#3891,#3858,#357,.F.);
#2809=EDGE_CURVE('',#3892,#3892,#358,.T.);
#2810=EDGE_CURVE('',#3893,#3893,#359,.T.);
#2811=EDGE_CURVE('',#3894,#3894,#360,.T.);
#2812=EDGE_CURVE('',#3895,#3895,#361,.T.);
#2813=EDGE_CURVE('',#3896,#3897,#4552,.T.);
#2814=EDGE_CURVE('',#3896,#3898,#362,.F.);
#2815=EDGE_CURVE('',#3898,#3899,#363,.T.);
#2816=EDGE_CURVE('',#3899,#3900,#364,.F.);
#2817=EDGE_CURVE('',#3900,#3901,#4553,.T.);
#2818=EDGE_CURVE('',#3901,#3902,#365,.F.);
#2819=EDGE_CURVE('',#3902,#3903,#4554,.T.);
#2820=EDGE_CURVE('',#3903,#3897,#366,.F.);
#2821=EDGE_CURVE('',#3904,#3905,#4555,.T.);
#2822=EDGE_CURVE('',#3904,#3906,#367,.F.);
#2823=EDGE_CURVE('',#3906,#3907,#368,.T.);
#2824=EDGE_CURVE('',#3907,#3908,#369,.F.);
#2825=EDGE_CURVE('',#3908,#3909,#4556,.T.);
#2826=EDGE_CURVE('',#3909,#3910,#370,.F.);
#2827=EDGE_CURVE('',#3911,#3910,#4557,.T.);
#2828=EDGE_CURVE('',#3911,#3905,#371,.F.);
#2829=EDGE_CURVE('',#3912,#3913,#4558,.T.);
#2830=EDGE_CURVE('',#3912,#3914,#372,.F.);
#2831=EDGE_CURVE('',#3914,#3915,#4559,.T.);
#2832=EDGE_CURVE('',#3915,#3916,#373,.F.);
#2833=EDGE_CURVE('',#3916,#3917,#4560,.T.);
#2834=EDGE_CURVE('',#3917,#3913,#374,.F.);
#2835=EDGE_CURVE('',#3918,#3919,#375,.T.);
#2836=EDGE_CURVE('',#3918,#3920,#376,.F.);
#2837=EDGE_CURVE('',#3920,#3921,#4561,.T.);
#2838=EDGE_CURVE('',#3921,#3922,#377,.F.);
#2839=EDGE_CURVE('',#3922,#3923,#4562,.T.);
#2840=EDGE_CURVE('',#3923,#3924,#378,.F.);
#2841=EDGE_CURVE('',#3925,#3924,#4563,.T.);
#2842=EDGE_CURVE('',#3925,#3919,#379,.F.);
#2843=EDGE_CURVE('',#3926,#3927,#4564,.T.);
#2844=EDGE_CURVE('',#3926,#3928,#380,.F.);
#2845=EDGE_CURVE('',#3928,#3929,#4565,.T.);
#2846=EDGE_CURVE('',#3929,#3930,#381,.F.);
#2847=EDGE_CURVE('',#3931,#3930,#4566,.T.);
#2848=EDGE_CURVE('',#3931,#3927,#382,.F.);
#2849=EDGE_CURVE('',#3932,#3933,#4567,.T.);
#2850=EDGE_CURVE('',#3934,#3932,#4568,.T.);
#2851=EDGE_CURVE('',#3934,#3935,#383,.T.);
#2852=EDGE_CURVE('',#3935,#3936,#4569,.T.);
#2853=EDGE_CURVE('',#3936,#3937,#4570,.F.);
#2854=EDGE_CURVE('',#3938,#3937,#4571,.T.);
#2855=EDGE_CURVE('',#3938,#3933,#4572,.T.);
#2856=EDGE_CURVE('',#3722,#3939,#4573,.T.);
#2857=EDGE_CURVE('',#3939,#3940,#4574,.T.);
#2858=EDGE_CURVE('',#3940,#3724,#4575,.F.);
#2859=EDGE_CURVE('',#3941,#3942,#4576,.T.);
#2860=EDGE_CURVE('',#3942,#3943,#4577,.T.);
#2861=EDGE_CURVE('',#3944,#3943,#4578,.T.);
#2862=EDGE_CURVE('',#3944,#3945,#4579,.T.);
#2863=EDGE_CURVE('',#3945,#3946,#4580,.T.);
#2864=EDGE_CURVE('',#3946,#3947,#297,.F.);
#2865=EDGE_CURVE('',#3941,#3947,#4581,.T.);
#2866=EDGE_CURVE('',#3948,#3949,#4582,.T.);
#2867=EDGE_CURVE('',#3949,#3950,#4583,.T.);
#2868=EDGE_CURVE('',#3950,#3951,#4584,.F.);
#2869=EDGE_CURVE('',#3952,#3951,#4585,.T.);
#2870=EDGE_CURVE('',#3952,#3953,#298,.T.);
#2871=EDGE_CURVE('',#3953,#3954,#4586,.T.);
#2872=EDGE_CURVE('',#3954,#3948,#4587,.F.);
#2873=EDGE_CURVE('',#3955,#3956,#4588,.T.);
#2874=EDGE_CURVE('',#3956,#3957,#4589,.T.);
#2875=EDGE_CURVE('',#3958,#3957,#4590,.T.);
#2876=EDGE_CURVE('',#3958,#3955,#4591,.T.);
#2877=EDGE_CURVE('',#3727,#3959,#4592,.T.);
#2878=EDGE_CURVE('',#3726,#3885,#4593,.T.);
#2879=EDGE_CURVE('',#3885,#3959,#384,.F.);
#2880=EDGE_CURVE('',#3950,#3942,#385,.F.);
#2881=EDGE_CURVE('',#3951,#3941,#386,.T.);
#2882=EDGE_CURVE('',#3956,#3960,#387,.F.);
#2883=EDGE_CURVE('',#3961,#3955,#388,.T.);
#2884=EDGE_CURVE('',#3960,#3961,#4594,.F.);
#2885=EDGE_CURVE('',#3742,#3891,#4595,.T.);
#2886=EDGE_CURVE('',#3890,#3743,#4596,.T.);
#2887=EDGE_CURVE('',#3962,#3963,#83,.T.);
#2888=EDGE_CURVE('',#3963,#3964,#84,.T.);
#2889=EDGE_CURVE('',#3964,#3965,#85,.T.);
#2890=EDGE_CURVE('',#3965,#3966,#4597,.T.);
#2891=EDGE_CURVE('',#3966,#3967,#4598,.T.);
#2892=EDGE_CURVE('',#3967,#3968,#4599,.T.);
#2893=EDGE_CURVE('',#3968,#3962,#86,.T.);
#2894=EDGE_CURVE('',#3969,#3970,#4600,.T.);
#2895=EDGE_CURVE('',#3970,#3971,#4601,.T.);
#2896=EDGE_CURVE('',#3971,#3972,#4602,.T.);
#2897=EDGE_CURVE('',#3972,#3973,#4603,.T.);
#2898=EDGE_CURVE('',#3973,#3974,#87,.T.);
#2899=EDGE_CURVE('',#3974,#3975,#88,.T.);
#2900=EDGE_CURVE('',#3975,#3976,#389,.T.);
#2901=EDGE_CURVE('',#3976,#3977,#89,.T.);
#2902=EDGE_CURVE('',#3977,#3978,#90,.T.);
#2903=EDGE_CURVE('',#3978,#3979,#390,.T.);
#2904=EDGE_CURVE('',#3979,#3980,#91,.T.);
#2905=EDGE_CURVE('',#3980,#3981,#4604,.T.);
#2906=EDGE_CURVE('',#3981,#3982,#92,.T.);
#2907=EDGE_CURVE('',#3982,#3983,#391,.F.);
#2908=EDGE_CURVE('',#3983,#3984,#392,.F.);
#2909=EDGE_CURVE('',#3984,#3985,#93,.T.);
#2910=EDGE_CURVE('',#3985,#3986,#94,.T.);
#2911=EDGE_CURVE('',#3986,#3987,#95,.T.);
#2912=EDGE_CURVE('',#3987,#3988,#393,.F.);
#2913=EDGE_CURVE('',#3988,#3989,#96,.T.);
#2914=EDGE_CURVE('',#3989,#3990,#97,.T.);
#2915=EDGE_CURVE('',#3990,#3991,#4605,.T.);
#2916=EDGE_CURVE('',#3991,#3992,#4606,.T.);
#2917=EDGE_CURVE('',#3992,#3969,#4607,.T.);
#2918=EDGE_CURVE('',#3993,#3994,#4608,.T.);
#2919=EDGE_CURVE('',#3994,#3995,#4609,.T.);
#2920=EDGE_CURVE('',#3995,#3996,#4610,.T.);
#2921=EDGE_CURVE('',#3996,#3997,#4611,.T.);
#2922=EDGE_CURVE('',#3997,#3998,#4612,.T.);
#2923=EDGE_CURVE('',#3998,#3999,#98,.T.);
#2924=EDGE_CURVE('',#3999,#4000,#4613,.T.);
#2925=EDGE_CURVE('',#4000,#4001,#4614,.T.);
#2926=EDGE_CURVE('',#4001,#4002,#4615,.T.);
#2927=EDGE_CURVE('',#4002,#3993,#4616,.T.);
#2928=EDGE_CURVE('',#4003,#4004,#394,.T.);
#2929=EDGE_CURVE('',#4004,#4005,#99,.T.);
#2930=EDGE_CURVE('',#4005,#4006,#100,.T.);
#2931=EDGE_CURVE('',#4006,#4007,#101,.T.);
#2932=EDGE_CURVE('',#4007,#4008,#102,.T.);
#2933=EDGE_CURVE('',#4008,#4009,#4617,.T.);
#2934=EDGE_CURVE('',#4009,#4010,#103,.T.);
#2935=EDGE_CURVE('',#4010,#4011,#104,.T.);
#2936=EDGE_CURVE('',#4011,#4012,#105,.T.);
#2937=EDGE_CURVE('',#4012,#4013,#106,.T.);
#2938=EDGE_CURVE('',#4013,#4014,#107,.T.);
#2939=EDGE_CURVE('',#4014,#4015,#108,.T.);
#2940=EDGE_CURVE('',#4015,#4016,#109,.T.);
#2941=EDGE_CURVE('',#4016,#4017,#4618,.T.);
#2942=EDGE_CURVE('',#4017,#4003,#395,.T.);
#2943=EDGE_CURVE('',#4018,#4019,#4619,.T.);
#2944=EDGE_CURVE('',#4018,#4020,#396,.T.);
#2945=EDGE_CURVE('',#4020,#4021,#4620,.T.);
#2946=EDGE_CURVE('',#4021,#4022,#397,.T.);
#2947=EDGE_CURVE('',#4023,#4022,#4621,.T.);
#2948=EDGE_CURVE('',#4023,#4024,#398,.T.);
#2949=EDGE_CURVE('',#4025,#4024,#4622,.T.);
#2950=EDGE_CURVE('',#4025,#4026,#399,.T.);
#2951=EDGE_CURVE('',#4027,#4026,#4623,.T.);
#2952=EDGE_CURVE('',#4027,#4028,#400,.T.);
#2953=EDGE_CURVE('',#4029,#4028,#4624,.T.);
#2954=EDGE_CURVE('',#4029,#4019,#401,.F.);
#2955=EDGE_CURVE('',#4030,#4031,#4625,.T.);
#2956=EDGE_CURVE('',#4031,#4032,#4626,.T.);
#2957=EDGE_CURVE('',#4032,#4033,#4627,.T.);
#2958=EDGE_CURVE('',#4033,#4034,#4628,.T.);
#2959=EDGE_CURVE('',#4034,#4035,#4629,.T.);
#2960=EDGE_CURVE('',#4035,#4036,#4630,.T.);
#2961=EDGE_CURVE('',#4036,#4037,#4631,.T.);
#2962=EDGE_CURVE('',#4037,#4030,#4632,.T.);
#2963=EDGE_CURVE('',#4038,#4039,#4633,.T.);
#2964=EDGE_CURVE('',#4039,#4040,#4634,.T.);
#2965=EDGE_CURVE('',#4040,#4041,#110,.T.);
#2966=EDGE_CURVE('',#4041,#4042,#111,.T.);
#2967=EDGE_CURVE('',#4042,#4043,#112,.T.);
#2968=EDGE_CURVE('',#4043,#4044,#402,.F.);
#2969=EDGE_CURVE('',#4044,#4045,#4635,.T.);
#2970=EDGE_CURVE('',#4045,#4046,#113,.T.);
#2971=EDGE_CURVE('',#4046,#4047,#114,.T.);
#2972=EDGE_CURVE('',#4047,#4048,#115,.T.);
#2973=EDGE_CURVE('',#4048,#4049,#116,.T.);
#2974=EDGE_CURVE('',#4049,#4038,#4636,.T.);
#2975=EDGE_CURVE('',#4050,#4051,#4637,.T.);
#2976=EDGE_CURVE('',#4051,#4052,#4638,.T.);
#2977=EDGE_CURVE('',#4052,#4053,#4639,.T.);
#2978=EDGE_CURVE('',#4053,#4054,#4640,.T.);
#2979=EDGE_CURVE('',#4054,#4055,#4641,.T.);
#2980=EDGE_CURVE('',#4055,#4056,#4642,.T.);
#2981=EDGE_CURVE('',#4056,#4057,#4643,.T.);
#2982=EDGE_CURVE('',#4057,#4058,#4644,.T.);
#2983=EDGE_CURVE('',#4058,#4059,#4645,.T.);
#2984=EDGE_CURVE('',#4059,#4060,#4646,.T.);
#2985=EDGE_CURVE('',#4060,#4061,#4647,.T.);
#2986=EDGE_CURVE('',#4061,#4050,#4648,.T.);
#2987=EDGE_CURVE('',#4062,#4063,#4649,.T.);
#2988=EDGE_CURVE('',#4063,#4064,#4650,.T.);
#2989=EDGE_CURVE('',#4064,#4065,#4651,.T.);
#2990=EDGE_CURVE('',#4065,#4066,#403,.F.);
#2991=EDGE_CURVE('',#4066,#4067,#404,.F.);
#2992=EDGE_CURVE('',#4067,#4068,#117,.T.);
#2993=EDGE_CURVE('',#4068,#4069,#118,.T.);
#2994=EDGE_CURVE('',#4069,#4070,#119,.T.);
#2995=EDGE_CURVE('',#4070,#4071,#120,.T.);
#2996=EDGE_CURVE('',#4071,#4072,#405,.F.);
#2997=EDGE_CURVE('',#4072,#4073,#4652,.T.);
#2998=EDGE_CURVE('',#4073,#4074,#406,.T.);
#2999=EDGE_CURVE('',#4074,#4075,#121,.T.);
#3000=EDGE_CURVE('',#4075,#4076,#122,.T.);
#3001=EDGE_CURVE('',#4076,#4077,#123,.T.);
#3002=EDGE_CURVE('',#4077,#4078,#124,.T.);
#3003=EDGE_CURVE('',#4078,#4079,#407,.T.);
#3004=EDGE_CURVE('',#4079,#4080,#4653,.T.);
#3005=EDGE_CURVE('',#4080,#4062,#4654,.T.);
#3006=EDGE_CURVE('',#4081,#4082,#4655,.T.);
#3007=EDGE_CURVE('',#4082,#4083,#4656,.T.);
#3008=EDGE_CURVE('',#4083,#4084,#4657,.T.);
#3009=EDGE_CURVE('',#4084,#4085,#4658,.T.);
#3010=EDGE_CURVE('',#4085,#4086,#4659,.T.);
#3011=EDGE_CURVE('',#4086,#4087,#4660,.T.);
#3012=EDGE_CURVE('',#4087,#4088,#4661,.T.);
#3013=EDGE_CURVE('',#4088,#4089,#4662,.T.);
#3014=EDGE_CURVE('',#4089,#4090,#4663,.T.);
#3015=EDGE_CURVE('',#4090,#4081,#4664,.T.);
#3016=EDGE_CURVE('',#4091,#4092,#4665,.T.);
#3017=EDGE_CURVE('',#4092,#4093,#4666,.T.);
#3018=EDGE_CURVE('',#4093,#4094,#4667,.T.);
#3019=EDGE_CURVE('',#4094,#4095,#4668,.T.);
#3020=EDGE_CURVE('',#4095,#4096,#4669,.T.);
#3021=EDGE_CURVE('',#4096,#4097,#4670,.T.);
#3022=EDGE_CURVE('',#4097,#4098,#4671,.T.);
#3023=EDGE_CURVE('',#4098,#4099,#4672,.T.);
#3024=EDGE_CURVE('',#4099,#4100,#4673,.T.);
#3025=EDGE_CURVE('',#4100,#4101,#4674,.T.);
#3026=EDGE_CURVE('',#4101,#4102,#4675,.T.);
#3027=EDGE_CURVE('',#4102,#4091,#4676,.T.);
#3028=EDGE_CURVE('',#4103,#4104,#4677,.T.);
#3029=EDGE_CURVE('',#4104,#3938,#408,.T.);
#3030=EDGE_CURVE('',#3937,#4105,#409,.T.);
#3031=EDGE_CURVE('',#4105,#4106,#4678,.T.);
#3032=EDGE_CURVE('',#4106,#4107,#410,.F.);
#3033=EDGE_CURVE('',#4108,#4107,#4679,.T.);
#3034=EDGE_CURVE('',#4108,#4109,#411,.T.);
#3035=EDGE_CURVE('',#4110,#4109,#4680,.T.);
#3036=EDGE_CURVE('',#4110,#4111,#412,.T.);
#3037=EDGE_CURVE('',#4111,#4112,#4681,.T.);
#3038=EDGE_CURVE('',#4112,#4103,#413,.T.);
#3039=EDGE_CURVE('',#4113,#4114,#4682,.T.);
#3040=EDGE_CURVE('',#4114,#4115,#4683,.T.);
#3041=EDGE_CURVE('',#4115,#4116,#4684,.T.);
#3042=EDGE_CURVE('',#4116,#4117,#4685,.T.);
#3043=EDGE_CURVE('',#4117,#4118,#125,.T.);
#3044=EDGE_CURVE('',#4118,#4119,#126,.T.);
#3045=EDGE_CURVE('',#4119,#4120,#414,.T.);
#3046=EDGE_CURVE('',#4120,#4121,#127,.T.);
#3047=EDGE_CURVE('',#4121,#4122,#128,.T.);
#3048=EDGE_CURVE('',#4122,#4123,#415,.T.);
#3049=EDGE_CURVE('',#4123,#4124,#129,.T.);
#3050=EDGE_CURVE('',#4124,#4125,#4686,.T.);
#3051=EDGE_CURVE('',#4125,#4126,#130,.T.);
#3052=EDGE_CURVE('',#4126,#4127,#416,.F.);
#3053=EDGE_CURVE('',#4127,#4128,#417,.F.);
#3054=EDGE_CURVE('',#4128,#4129,#131,.T.);
#3055=EDGE_CURVE('',#4129,#4130,#132,.T.);
#3056=EDGE_CURVE('',#4130,#4131,#133,.T.);
#3057=EDGE_CURVE('',#4131,#4132,#418,.F.);
#3058=EDGE_CURVE('',#4132,#4133,#134,.T.);
#3059=EDGE_CURVE('',#4133,#4134,#135,.T.);
#3060=EDGE_CURVE('',#4134,#4135,#4687,.T.);
#3061=EDGE_CURVE('',#4135,#4136,#4688,.T.);
#3062=EDGE_CURVE('',#4136,#4113,#4689,.T.);
#3063=EDGE_CURVE('',#4137,#4138,#4690,.T.);
#3064=EDGE_CURVE('',#4138,#4139,#4691,.T.);
#3065=EDGE_CURVE('',#4139,#4140,#4692,.T.);
#3066=EDGE_CURVE('',#4140,#4141,#4693,.T.);
#3067=EDGE_CURVE('',#4141,#4142,#4694,.T.);
#3068=EDGE_CURVE('',#4142,#4143,#136,.T.);
#3069=EDGE_CURVE('',#4143,#4144,#4695,.T.);
#3070=EDGE_CURVE('',#4144,#4145,#4696,.T.);
#3071=EDGE_CURVE('',#4145,#4146,#4697,.T.);
#3072=EDGE_CURVE('',#4146,#4137,#4698,.T.);
#3073=EDGE_CURVE('',#3953,#3946,#4699,.F.);
#3074=EDGE_CURVE('',#3945,#3954,#4700,.F.);
#3075=EDGE_CURVE('',#3864,#3735,#4701,.F.);
#3076=EDGE_CURVE('',#3734,#3865,#4702,.F.);
#3077=EDGE_CURVE('',#3732,#3867,#4703,.F.);
#3078=EDGE_CURVE('',#3866,#3733,#4704,.T.);
#3079=EDGE_CURVE('',#3730,#3869,#4705,.T.);
#3080=EDGE_CURVE('',#3868,#3731,#4706,.T.);
#3081=EDGE_CURVE('',#3728,#4147,#4707,.T.);
#3082=EDGE_CURVE('',#4147,#3870,#419,.T.);
#3083=EDGE_CURVE('',#3870,#3729,#4708,.T.);
#3084=EDGE_CURVE('',#3960,#3932,#4709,.T.);
#3085=EDGE_CURVE('',#3961,#3934,#4710,.T.);
#3086=EDGE_CURVE('',#3886,#3747,#4711,.T.);
#3087=EDGE_CURVE('',#3746,#3887,#4712,.F.);
#3088=EDGE_CURVE('',#3888,#3745,#4713,.T.);
#3089=EDGE_CURVE('',#3744,#3889,#4714,.F.);
#3090=EDGE_CURVE('',#4111,#4148,#4715,.T.);
#3091=EDGE_CURVE('',#4148,#4149,#4716,.F.);
#3092=EDGE_CURVE('',#4149,#4112,#4717,.F.);
#3093=EDGE_CURVE('',#4103,#4150,#4718,.T.);
#3094=EDGE_CURVE('',#4150,#4151,#4719,.T.);
#3095=EDGE_CURVE('',#4151,#4104,#4720,.F.);
#3096=EDGE_CURVE('',#3723,#4152,#4721,.T.);
#3097=EDGE_CURVE('',#3725,#4153,#4722,.T.);
#3098=EDGE_CURVE('',#4153,#4152,#4723,.T.);
#3099=EDGE_CURVE('',#4022,#4154,#4724,.T.);
#3100=EDGE_CURVE('',#4154,#4155,#4725,.F.);
#3101=EDGE_CURVE('',#4155,#4023,#4726,.F.);
#3102=EDGE_CURVE('',#4024,#4156,#4727,.T.);
#3103=EDGE_CURVE('',#4156,#4157,#4728,.F.);
#3104=EDGE_CURVE('',#4157,#4025,#4729,.F.);
#3105=EDGE_CURVE('',#3959,#4158,#4730,.F.);
#3106=EDGE_CURVE('',#4158,#4110,#4731,.F.);
#3107=EDGE_CURVE('',#4109,#4159,#4732,.T.);
#3108=EDGE_CURVE('',#4160,#4159,#4733,.T.);
#3109=EDGE_CURVE('',#4160,#3958,#420,.F.);
#3110=EDGE_CURVE('',#3949,#3957,#4734,.T.);
#3111=EDGE_CURVE('',#3948,#4161,#421,.F.);
#3112=EDGE_CURVE('',#4162,#4161,#4735,.T.);
#3113=EDGE_CURVE('',#4162,#4027,#4736,.F.);
#3114=EDGE_CURVE('',#4026,#4163,#4737,.T.);
#3115=EDGE_CURVE('',#4163,#4147,#4738,.F.);
#3116=EDGE_CURVE('',#3943,#4164,#4739,.T.);
#3117=EDGE_CURVE('',#4164,#4021,#4740,.F.);
#3118=EDGE_CURVE('',#4020,#4165,#4741,.T.);
#3119=EDGE_CURVE('',#4165,#4166,#4742,.T.);
#3120=EDGE_CURVE('',#4166,#3944,#422,.T.);
#3121=EDGE_CURVE('',#4165,#4167,#423,.F.);
#3122=EDGE_CURVE('',#4167,#4168,#4743,.T.);
#3123=EDGE_CURVE('',#4168,#4169,#424,.T.);
#3124=EDGE_CURVE('',#4169,#4170,#4744,.T.);
#3125=EDGE_CURVE('',#4170,#4162,#425,.F.);
#3126=EDGE_CURVE('',#4161,#4171,#4745,.T.);
#3127=EDGE_CURVE('',#4171,#4172,#4746,.T.);
#3128=EDGE_CURVE('',#4172,#4166,#4747,.F.);
#3129=EDGE_CURVE('',#4169,#4029,#4748,.F.);
#3130=EDGE_CURVE('',#4028,#4170,#4749,.T.);
#3131=EDGE_CURVE('',#4167,#4018,#4750,.F.);
#3132=EDGE_CURVE('',#4019,#4168,#4751,.T.);
#3133=EDGE_CURVE('',#4105,#4173,#4752,.T.);
#3134=EDGE_CURVE('',#4173,#4174,#4753,.T.);
#3135=EDGE_CURVE('',#4174,#4106,#4754,.F.);
#3136=EDGE_CURVE('',#4107,#4175,#4755,.T.);
#3137=EDGE_CURVE('',#4176,#4175,#4756,.T.);
#3138=EDGE_CURVE('',#4176,#4108,#4757,.F.);
#3139=EDGE_CURVE('',#3935,#4177,#4758,.F.);
#3140=EDGE_CURVE('',#4177,#4160,#4759,.F.);
#3141=EDGE_CURVE('',#4159,#4176,#426,.F.);
#3142=EDGE_CURVE('',#4175,#4174,#427,.T.);
#3143=EDGE_CURVE('',#4173,#3936,#428,.F.);
#3144=EDGE_CURVE('',#3947,#3952,#4760,.T.);
#3145=EDGE_CURVE('',#4178,#4114,#4761,.T.);
#3146=EDGE_CURVE('',#4178,#4179,#4762,.T.);
#3147=EDGE_CURVE('',#4179,#4115,#4763,.T.);
#3148=EDGE_CURVE('',#4180,#4113,#4764,.T.);
#3149=EDGE_CURVE('',#4180,#4178,#4765,.T.);
#3150=EDGE_CURVE('',#4181,#4136,#4766,.T.);
#3151=EDGE_CURVE('',#4181,#4180,#4767,.T.);
#3152=EDGE_CURVE('',#4182,#4135,#4768,.T.);
#3153=EDGE_CURVE('',#4182,#4181,#4769,.T.);
#3154=EDGE_CURVE('',#4183,#4134,#4770,.T.);
#3155=EDGE_CURVE('',#4183,#4182,#4771,.T.);
#3156=EDGE_CURVE('',#4184,#4133,#4772,.T.);
#3157=EDGE_CURVE('',#4184,#4183,#137,.T.);
#3158=EDGE_CURVE('',#4185,#4132,#4773,.T.);
#3159=EDGE_CURVE('',#4185,#4184,#138,.T.);
#3160=EDGE_CURVE('',#4186,#4131,#4774,.T.);
#3161=EDGE_CURVE('',#4186,#4185,#429,.F.);
#3162=EDGE_CURVE('',#4187,#4130,#4775,.T.);
#3163=EDGE_CURVE('',#4187,#4186,#139,.T.);
#3164=EDGE_CURVE('',#4188,#4129,#4776,.T.);
#3165=EDGE_CURVE('',#4188,#4187,#140,.T.);
#3166=EDGE_CURVE('',#4189,#4128,#4777,.T.);
#3167=EDGE_CURVE('',#4189,#4188,#141,.T.);
#3168=EDGE_CURVE('',#4190,#4127,#4778,.T.);
#3169=EDGE_CURVE('',#4190,#4189,#430,.F.);
#3170=EDGE_CURVE('',#4191,#4126,#4779,.T.);
#3171=EDGE_CURVE('',#4191,#4190,#431,.F.);
#3172=EDGE_CURVE('',#4192,#4125,#4780,.T.);
#3173=EDGE_CURVE('',#4192,#4191,#142,.T.);
#3174=EDGE_CURVE('',#4193,#4124,#4781,.T.);
#3175=EDGE_CURVE('',#4193,#4192,#4782,.T.);
#3176=EDGE_CURVE('',#4194,#4123,#4783,.T.);
#3177=EDGE_CURVE('',#4194,#4193,#143,.T.);
#3178=EDGE_CURVE('',#4195,#4122,#4784,.T.);
#3179=EDGE_CURVE('',#4195,#4194,#432,.T.);
#3180=EDGE_CURVE('',#4196,#4121,#4785,.T.);
#3181=EDGE_CURVE('',#4196,#4195,#144,.T.);
#3182=EDGE_CURVE('',#4197,#4120,#4786,.T.);
#3183=EDGE_CURVE('',#4197,#4196,#145,.T.);
#3184=EDGE_CURVE('',#4198,#4119,#4787,.T.);
#3185=EDGE_CURVE('',#4198,#4197,#433,.T.);
#3186=EDGE_CURVE('',#4199,#4118,#4788,.T.);
#3187=EDGE_CURVE('',#4199,#4198,#146,.T.);
#3188=EDGE_CURVE('',#4200,#4117,#4789,.T.);
#3189=EDGE_CURVE('',#4200,#4199,#147,.T.);
#3190=EDGE_CURVE('',#4201,#4116,#4790,.T.);
#3191=EDGE_CURVE('',#4201,#4200,#4791,.T.);
#3192=EDGE_CURVE('',#4179,#4201,#4792,.T.);
#3193=EDGE_CURVE('',#4202,#4138,#4793,.T.);
#3194=EDGE_CURVE('',#4202,#4203,#4794,.T.);
#3195=EDGE_CURVE('',#4203,#4139,#4795,.T.);
#3196=EDGE_CURVE('',#4204,#4137,#4796,.T.);
#3197=EDGE_CURVE('',#4204,#4202,#4797,.T.);
#3198=EDGE_CURVE('',#4205,#4146,#4798,.T.);
#3199=EDGE_CURVE('',#4205,#4204,#4799,.T.);
#3200=EDGE_CURVE('',#4206,#4145,#4800,.T.);
#3201=EDGE_CURVE('',#4206,#4205,#4801,.T.);
#3202=EDGE_CURVE('',#4207,#4144,#4802,.T.);
#3203=EDGE_CURVE('',#4207,#4206,#4803,.T.);
#3204=EDGE_CURVE('',#4208,#4143,#4804,.T.);
#3205=EDGE_CURVE('',#4208,#4207,#4805,.T.);
#3206=EDGE_CURVE('',#4209,#4142,#4806,.T.);
#3207=EDGE_CURVE('',#4209,#4208,#148,.T.);
#3208=EDGE_CURVE('',#4210,#4141,#4807,.T.);
#3209=EDGE_CURVE('',#4210,#4209,#4808,.T.);
#3210=EDGE_CURVE('',#4211,#4140,#4809,.T.);
#3211=EDGE_CURVE('',#4211,#4210,#4810,.T.);
#3212=EDGE_CURVE('',#4203,#4211,#4811,.T.);
#3213=EDGE_CURVE('',#4212,#4004,#4812,.T.);
#3214=EDGE_CURVE('',#4212,#4213,#149,.T.);
#3215=EDGE_CURVE('',#4213,#4005,#4813,.T.);
#3216=EDGE_CURVE('',#4214,#4003,#4814,.T.);
#3217=EDGE_CURVE('',#4214,#4212,#434,.T.);
#3218=EDGE_CURVE('',#4215,#4017,#4815,.T.);
#3219=EDGE_CURVE('',#4215,#4214,#435,.T.);
#3220=EDGE_CURVE('',#4216,#4016,#4816,.T.);
#3221=EDGE_CURVE('',#4216,#4215,#4817,.T.);
#3222=EDGE_CURVE('',#4217,#4015,#4818,.T.);
#3223=EDGE_CURVE('',#4217,#4216,#150,.T.);
#3224=EDGE_CURVE('',#4218,#4014,#4819,.T.);
#3225=EDGE_CURVE('',#4218,#4217,#151,.T.);
#3226=EDGE_CURVE('',#4219,#4013,#4820,.T.);
#3227=EDGE_CURVE('',#4219,#4218,#152,.T.);
#3228=EDGE_CURVE('',#4220,#4012,#4821,.T.);
#3229=EDGE_CURVE('',#4220,#4219,#153,.T.);
#3230=EDGE_CURVE('',#4221,#4011,#4822,.T.);
#3231=EDGE_CURVE('',#4221,#4220,#154,.T.);
#3232=EDGE_CURVE('',#4222,#4010,#4823,.T.);
#3233=EDGE_CURVE('',#4222,#4221,#155,.T.);
#3234=EDGE_CURVE('',#4223,#4009,#4824,.T.);
#3235=EDGE_CURVE('',#4223,#4222,#156,.T.);
#3236=EDGE_CURVE('',#4224,#4008,#4825,.T.);
#3237=EDGE_CURVE('',#4224,#4223,#4826,.T.);
#3238=EDGE_CURVE('',#4225,#4007,#4827,.T.);
#3239=EDGE_CURVE('',#4225,#4224,#157,.T.);
#3240=EDGE_CURVE('',#4226,#4006,#4828,.T.);
#3241=EDGE_CURVE('',#4226,#4225,#158,.T.);
#3242=EDGE_CURVE('',#4213,#4226,#159,.T.);
#3243=EDGE_CURVE('',#4227,#3994,#4829,.T.);
#3244=EDGE_CURVE('',#4227,#4228,#4830,.T.);
#3245=EDGE_CURVE('',#4228,#3995,#4831,.T.);
#3246=EDGE_CURVE('',#4229,#3993,#4832,.T.);
#3247=EDGE_CURVE('',#4229,#4227,#4833,.T.);
#3248=EDGE_CURVE('',#4230,#4002,#4834,.T.);
#3249=EDGE_CURVE('',#4230,#4229,#4835,.T.);
#3250=EDGE_CURVE('',#4231,#4001,#4836,.T.);
#3251=EDGE_CURVE('',#4231,#4230,#4837,.T.);
#3252=EDGE_CURVE('',#4232,#4000,#4838,.T.);
#3253=EDGE_CURVE('',#4232,#4231,#4839,.T.);
#3254=EDGE_CURVE('',#4233,#3999,#4840,.T.);
#3255=EDGE_CURVE('',#4233,#4232,#4841,.T.);
#3256=EDGE_CURVE('',#4234,#3998,#4842,.T.);
#3257=EDGE_CURVE('',#4234,#4233,#160,.T.);
#3258=EDGE_CURVE('',#4235,#3997,#4843,.T.);
#3259=EDGE_CURVE('',#4235,#4234,#4844,.T.);
#3260=EDGE_CURVE('',#4236,#3996,#4845,.T.);
#3261=EDGE_CURVE('',#4236,#4235,#4846,.T.);
#3262=EDGE_CURVE('',#4228,#4236,#4847,.T.);
#3263=EDGE_CURVE('',#4237,#3970,#4848,.T.);
#3264=EDGE_CURVE('',#4237,#4238,#4849,.T.);
#3265=EDGE_CURVE('',#4238,#3971,#4850,.T.);
#3266=EDGE_CURVE('',#4239,#3969,#4851,.T.);
#3267=EDGE_CURVE('',#4239,#4237,#4852,.T.);
#3268=EDGE_CURVE('',#4240,#3992,#4853,.T.);
#3269=EDGE_CURVE('',#4240,#4239,#4854,.T.);
#3270=EDGE_CURVE('',#4241,#3991,#4855,.T.);
#3271=EDGE_CURVE('',#4241,#4240,#4856,.T.);
#3272=EDGE_CURVE('',#4242,#3990,#4857,.T.);
#3273=EDGE_CURVE('',#4242,#4241,#4858,.T.);
#3274=EDGE_CURVE('',#4243,#3989,#4859,.T.);
#3275=EDGE_CURVE('',#4243,#4242,#161,.T.);
#3276=EDGE_CURVE('',#4244,#3988,#4860,.T.);
#3277=EDGE_CURVE('',#4244,#4243,#162,.T.);
#3278=EDGE_CURVE('',#4245,#3987,#4861,.T.);
#3279=EDGE_CURVE('',#4245,#4244,#436,.F.);
#3280=EDGE_CURVE('',#4246,#3986,#4862,.T.);
#3281=EDGE_CURVE('',#4246,#4245,#163,.T.);
#3282=EDGE_CURVE('',#4247,#3985,#4863,.T.);
#3283=EDGE_CURVE('',#4247,#4246,#164,.T.);
#3284=EDGE_CURVE('',#4248,#3984,#4864,.T.);
#3285=EDGE_CURVE('',#4248,#4247,#165,.T.);
#3286=EDGE_CURVE('',#4249,#3983,#4865,.T.);
#3287=EDGE_CURVE('',#4249,#4248,#437,.F.);
#3288=EDGE_CURVE('',#4250,#3982,#4866,.T.);
#3289=EDGE_CURVE('',#4250,#4249,#438,.F.);
#3290=EDGE_CURVE('',#4251,#3981,#4867,.T.);
#3291=EDGE_CURVE('',#4251,#4250,#166,.T.);
#3292=EDGE_CURVE('',#4252,#3980,#4868,.T.);
#3293=EDGE_CURVE('',#4252,#4251,#4869,.T.);
#3294=EDGE_CURVE('',#4253,#3979,#4870,.T.);
#3295=EDGE_CURVE('',#4253,#4252,#167,.T.);
#3296=EDGE_CURVE('',#4254,#3978,#4871,.T.);
#3297=EDGE_CURVE('',#4254,#4253,#439,.T.);
#3298=EDGE_CURVE('',#4255,#3977,#4872,.T.);
#3299=EDGE_CURVE('',#4255,#4254,#168,.T.);
#3300=EDGE_CURVE('',#4256,#3976,#4873,.T.);
#3301=EDGE_CURVE('',#4256,#4255,#169,.T.);
#3302=EDGE_CURVE('',#4257,#3975,#4874,.T.);
#3303=EDGE_CURVE('',#4257,#4256,#440,.T.);
#3304=EDGE_CURVE('',#4258,#3974,#4875,.T.);
#3305=EDGE_CURVE('',#4258,#4257,#170,.T.);
#3306=EDGE_CURVE('',#4259,#3973,#4876,.T.);
#3307=EDGE_CURVE('',#4259,#4258,#171,.T.);
#3308=EDGE_CURVE('',#4260,#3972,#4877,.T.);
#3309=EDGE_CURVE('',#4260,#4259,#4878,.T.);
#3310=EDGE_CURVE('',#4238,#4260,#4879,.T.);
#3311=EDGE_CURVE('',#4261,#4262,#441,.F.);
#3312=EDGE_CURVE('',#4263,#4261,#4880,.T.);
#3313=EDGE_CURVE('',#4263,#4264,#442,.F.);
#3314=EDGE_CURVE('',#4264,#4262,#4881,.T.);
#3315=EDGE_CURVE('',#4265,#4261,#4882,.T.);
#3316=EDGE_CURVE('',#4266,#4265,#4883,.T.);
#3317=EDGE_CURVE('',#4266,#4263,#4884,.T.);
#3318=EDGE_CURVE('',#4267,#4265,#172,.T.);
#3319=EDGE_CURVE('',#4268,#4267,#4885,.T.);
#3320=EDGE_CURVE('',#4268,#4266,#173,.T.);
#3321=EDGE_CURVE('',#4269,#4031,#4886,.T.);
#3322=EDGE_CURVE('',#4269,#4270,#4887,.T.);
#3323=EDGE_CURVE('',#4270,#4032,#4888,.T.);
#3324=EDGE_CURVE('',#4271,#4030,#4889,.T.);
#3325=EDGE_CURVE('',#4271,#4269,#4890,.T.);
#3326=EDGE_CURVE('',#4272,#4037,#4891,.T.);
#3327=EDGE_CURVE('',#4272,#4271,#4892,.T.);
#3328=EDGE_CURVE('',#4273,#4036,#4893,.T.);
#3329=EDGE_CURVE('',#4273,#4272,#4894,.T.);
#3330=EDGE_CURVE('',#4274,#4035,#4895,.T.);
#3331=EDGE_CURVE('',#4274,#4273,#4896,.T.);
#3332=EDGE_CURVE('',#4275,#4034,#4897,.T.);
#3333=EDGE_CURVE('',#4275,#4274,#4898,.T.);
#3334=EDGE_CURVE('',#4276,#4033,#4899,.T.);
#3335=EDGE_CURVE('',#4276,#4275,#4900,.T.);
#3336=EDGE_CURVE('',#4270,#4276,#4901,.T.);
#3337=EDGE_CURVE('',#4262,#4267,#443,.F.);
#3338=EDGE_CURVE('',#4264,#4268,#444,.F.);
#3339=EDGE_CURVE('',#4277,#4278,#174,.T.);
#3340=EDGE_CURVE('',#4279,#4277,#4902,.T.);
#3341=EDGE_CURVE('',#4279,#4280,#175,.T.);
#3342=EDGE_CURVE('',#4280,#4278,#4903,.T.);
#3343=EDGE_CURVE('',#4281,#4277,#176,.T.);
#3344=EDGE_CURVE('',#4282,#4281,#4904,.T.);
#3345=EDGE_CURVE('',#4282,#4279,#177,.T.);
#3346=EDGE_CURVE('',#4283,#4281,#4905,.T.);
#3347=EDGE_CURVE('',#4284,#4283,#4906,.T.);
#3348=EDGE_CURVE('',#4284,#4282,#4907,.T.);
#3349=EDGE_CURVE('',#4285,#4283,#4908,.T.);
#3350=EDGE_CURVE('',#4286,#4285,#4909,.T.);
#3351=EDGE_CURVE('',#4286,#4284,#4910,.T.);
#3352=EDGE_CURVE('',#4287,#3963,#4911,.T.);
#3353=EDGE_CURVE('',#4287,#4288,#178,.T.);
#3354=EDGE_CURVE('',#4288,#3964,#4912,.T.);
#3355=EDGE_CURVE('',#4289,#3962,#4913,.T.);
#3356=EDGE_CURVE('',#4289,#4287,#179,.T.);
#3357=EDGE_CURVE('',#4290,#3968,#4914,.T.);
#3358=EDGE_CURVE('',#4290,#4289,#180,.T.);
#3359=EDGE_CURVE('',#4291,#3967,#4915,.T.);
#3360=EDGE_CURVE('',#4291,#4290,#4916,.T.);
#3361=EDGE_CURVE('',#4292,#3966,#4917,.T.);
#3362=EDGE_CURVE('',#4292,#4291,#4918,.T.);
#3363=EDGE_CURVE('',#4293,#3965,#4919,.T.);
#3364=EDGE_CURVE('',#4293,#4292,#4920,.T.);
#3365=EDGE_CURVE('',#4288,#4293,#181,.T.);
#3366=EDGE_CURVE('',#4278,#4285,#4921,.T.);
#3367=EDGE_CURVE('',#4280,#4286,#4922,.T.);
#3368=EDGE_CURVE('',#4294,#4295,#4923,.T.);
#3369=EDGE_CURVE('',#4296,#4294,#4924,.T.);
#3370=EDGE_CURVE('',#4296,#4297,#4925,.T.);
#3371=EDGE_CURVE('',#4297,#4295,#4926,.T.);
#3372=EDGE_CURVE('',#4298,#4294,#4927,.T.);
#3373=EDGE_CURVE('',#4299,#4298,#4928,.T.);
#3374=EDGE_CURVE('',#4299,#4296,#4929,.T.);
#3375=EDGE_CURVE('',#4300,#4298,#182,.T.);
#3376=EDGE_CURVE('',#4301,#4300,#4930,.T.);
#3377=EDGE_CURVE('',#4301,#4299,#183,.T.);
#3378=EDGE_CURVE('',#4302,#4300,#184,.T.);
#3379=EDGE_CURVE('',#4303,#4302,#4931,.T.);
#3380=EDGE_CURVE('',#4303,#4301,#185,.T.);
#3381=EDGE_CURVE('',#4304,#4302,#186,.T.);
#3382=EDGE_CURVE('',#4305,#4304,#4932,.T.);
#3383=EDGE_CURVE('',#4305,#4303,#187,.T.);
#3384=EDGE_CURVE('',#4306,#4307,#4933,.T.);
#3385=EDGE_CURVE('',#4308,#4306,#4934,.T.);
#3386=EDGE_CURVE('',#4308,#4309,#4935,.T.);
#3387=EDGE_CURVE('',#4309,#4307,#4936,.T.);
#3388=EDGE_CURVE('',#4310,#4306,#4937,.T.);
#3389=EDGE_CURVE('',#4311,#4310,#4938,.T.);
#3390=EDGE_CURVE('',#4311,#4308,#4939,.T.);
#3391=EDGE_CURVE('',#4312,#4310,#4940,.T.);
#3392=EDGE_CURVE('',#4313,#4312,#4941,.T.);
#3393=EDGE_CURVE('',#4313,#4311,#4942,.T.);
#3394=EDGE_CURVE('',#4314,#4312,#188,.T.);
#3395=EDGE_CURVE('',#4315,#4314,#4943,.T.);
#3396=EDGE_CURVE('',#4315,#4313,#189,.T.);
#3397=EDGE_CURVE('',#4316,#4314,#190,.T.);
#3398=EDGE_CURVE('',#4317,#4316,#4944,.T.);
#3399=EDGE_CURVE('',#4317,#4315,#191,.T.);
#3400=EDGE_CURVE('',#4318,#4316,#192,.T.);
#3401=EDGE_CURVE('',#4319,#4318,#4945,.T.);
#3402=EDGE_CURVE('',#4319,#4317,#193,.T.);
#3403=EDGE_CURVE('',#4320,#4039,#4946,.T.);
#3404=EDGE_CURVE('',#4320,#4321,#4947,.T.);
#3405=EDGE_CURVE('',#4321,#4040,#4948,.T.);
#3406=EDGE_CURVE('',#4322,#4038,#4949,.T.);
#3407=EDGE_CURVE('',#4322,#4320,#4950,.T.);
#3408=EDGE_CURVE('',#4323,#4049,#4951,.T.);
#3409=EDGE_CURVE('',#4323,#4322,#4952,.T.);
#3410=EDGE_CURVE('',#4324,#4048,#4953,.T.);
#3411=EDGE_CURVE('',#4324,#4323,#194,.T.);
#3412=EDGE_CURVE('',#4325,#4047,#4954,.T.);
#3413=EDGE_CURVE('',#4325,#4324,#195,.T.);
#3414=EDGE_CURVE('',#4326,#4046,#4955,.T.);
#3415=EDGE_CURVE('',#4326,#4325,#196,.T.);
#3416=EDGE_CURVE('',#4327,#4045,#4956,.T.);
#3417=EDGE_CURVE('',#4327,#4326,#197,.T.);
#3418=EDGE_CURVE('',#4328,#4044,#4957,.T.);
#3419=EDGE_CURVE('',#4328,#4327,#4958,.T.);
#3420=EDGE_CURVE('',#4329,#4043,#4959,.T.);
#3421=EDGE_CURVE('',#4329,#4328,#445,.F.);
#3422=EDGE_CURVE('',#4330,#4042,#4960,.T.);
#3423=EDGE_CURVE('',#4330,#4329,#198,.T.);
#3424=EDGE_CURVE('',#4331,#4041,#4961,.T.);
#3425=EDGE_CURVE('',#4331,#4330,#199,.T.);
#3426=EDGE_CURVE('',#4307,#4318,#200,.T.);
#3427=EDGE_CURVE('',#4309,#4319,#201,.T.);
#3428=EDGE_CURVE('',#4321,#4331,#202,.T.);
#3429=EDGE_CURVE('',#4295,#4304,#4962,.T.);
#3430=EDGE_CURVE('',#4297,#4305,#4963,.T.);
#3431=EDGE_CURVE('',#4332,#4051,#4964,.T.);
#3432=EDGE_CURVE('',#4332,#4333,#4965,.T.);
#3433=EDGE_CURVE('',#4333,#4052,#4966,.T.);
#3434=EDGE_CURVE('',#4334,#4050,#4967,.T.);
#3435=EDGE_CURVE('',#4334,#4332,#4968,.T.);
#3436=EDGE_CURVE('',#4335,#4061,#4969,.T.);
#3437=EDGE_CURVE('',#4335,#4334,#4970,.T.);
#3438=EDGE_CURVE('',#4336,#4060,#4971,.T.);
#3439=EDGE_CURVE('',#4336,#4335,#4972,.T.);
#3440=EDGE_CURVE('',#4337,#4059,#4973,.T.);
#3441=EDGE_CURVE('',#4337,#4336,#4974,.T.);
#3442=EDGE_CURVE('',#4338,#4058,#4975,.T.);
#3443=EDGE_CURVE('',#4338,#4337,#4976,.T.);
#3444=EDGE_CURVE('',#4339,#4057,#4977,.T.);
#3445=EDGE_CURVE('',#4339,#4338,#4978,.T.);
#3446=EDGE_CURVE('',#4340,#4056,#4979,.T.);
#3447=EDGE_CURVE('',#4340,#4339,#4980,.T.);
#3448=EDGE_CURVE('',#4341,#4055,#4981,.T.);
#3449=EDGE_CURVE('',#4341,#4340,#4982,.T.);
#3450=EDGE_CURVE('',#4342,#4054,#4983,.T.);
#3451=EDGE_CURVE('',#4342,#4341,#4984,.T.);
#3452=EDGE_CURVE('',#4343,#4053,#4985,.T.);
#3453=EDGE_CURVE('',#4343,#4342,#4986,.T.);
#3454=EDGE_CURVE('',#4333,#4343,#4987,.T.);
#3455=EDGE_CURVE('',#4344,#4063,#4988,.T.);
#3456=EDGE_CURVE('',#4344,#4345,#4989,.T.);
#3457=EDGE_CURVE('',#4345,#4064,#4990,.T.);
#3458=EDGE_CURVE('',#4346,#4062,#4991,.T.);
#3459=EDGE_CURVE('',#4346,#4344,#4992,.T.);
#3460=EDGE_CURVE('',#4347,#4080,#4993,.T.);
#3461=EDGE_CURVE('',#4347,#4346,#4994,.T.);
#3462=EDGE_CURVE('',#4348,#4079,#4995,.T.);
#3463=EDGE_CURVE('',#4348,#4347,#4996,.T.);
#3464=EDGE_CURVE('',#4349,#4078,#4997,.T.);
#3465=EDGE_CURVE('',#4349,#4348,#446,.T.);
#3466=EDGE_CURVE('',#4350,#4077,#4998,.T.);
#3467=EDGE_CURVE('',#4350,#4349,#203,.T.);
#3468=EDGE_CURVE('',#4351,#4076,#4999,.T.);
#3469=EDGE_CURVE('',#4351,#4350,#204,.T.);
#3470=EDGE_CURVE('',#4352,#4075,#5000,.T.);
#3471=EDGE_CURVE('',#4352,#4351,#205,.T.);
#3472=EDGE_CURVE('',#4353,#4074,#5001,.T.);
#3473=EDGE_CURVE('',#4353,#4352,#206,.T.);
#3474=EDGE_CURVE('',#4354,#4073,#5002,.T.);
#3475=EDGE_CURVE('',#4354,#4353,#447,.T.);
#3476=EDGE_CURVE('',#4355,#4072,#5003,.T.);
#3477=EDGE_CURVE('',#4355,#4354,#5004,.T.);
#3478=EDGE_CURVE('',#4356,#4071,#5005,.T.);
#3479=EDGE_CURVE('',#4356,#4355,#448,.F.);
#3480=EDGE_CURVE('',#4357,#4070,#5006,.T.);
#3481=EDGE_CURVE('',#4357,#4356,#207,.T.);
#3482=EDGE_CURVE('',#4358,#4069,#5007,.T.);
#3483=EDGE_CURVE('',#4358,#4357,#208,.T.);
#3484=EDGE_CURVE('',#4359,#4068,#5008,.T.);
#3485=EDGE_CURVE('',#4359,#4358,#209,.T.);
#3486=EDGE_CURVE('',#4360,#4067,#5009,.T.);
#3487=EDGE_CURVE('',#4360,#4359,#210,.T.);
#3488=EDGE_CURVE('',#4361,#4066,#5010,.T.);
#3489=EDGE_CURVE('',#4361,#4360,#449,.F.);
#3490=EDGE_CURVE('',#4362,#4065,#5011,.T.);
#3491=EDGE_CURVE('',#4362,#4361,#450,.F.);
#3492=EDGE_CURVE('',#4345,#4362,#5012,.T.);
#3493=EDGE_CURVE('',#4363,#4082,#5013,.T.);
#3494=EDGE_CURVE('',#4363,#4364,#5014,.T.);
#3495=EDGE_CURVE('',#4364,#4083,#5015,.T.);
#3496=EDGE_CURVE('',#4365,#4081,#5016,.T.);
#3497=EDGE_CURVE('',#4365,#4363,#5017,.T.);
#3498=EDGE_CURVE('',#4366,#4090,#5018,.T.);
#3499=EDGE_CURVE('',#4366,#4365,#5019,.T.);
#3500=EDGE_CURVE('',#4367,#4089,#5020,.T.);
#3501=EDGE_CURVE('',#4367,#4366,#5021,.T.);
#3502=EDGE_CURVE('',#4368,#4088,#5022,.T.);
#3503=EDGE_CURVE('',#4368,#4367,#5023,.T.);
#3504=EDGE_CURVE('',#4369,#4087,#5024,.T.);
#3505=EDGE_CURVE('',#4369,#4368,#5025,.T.);
#3506=EDGE_CURVE('',#4370,#4086,#5026,.T.);
#3507=EDGE_CURVE('',#4370,#4369,#5027,.T.);
#3508=EDGE_CURVE('',#4371,#4085,#5028,.T.);
#3509=EDGE_CURVE('',#4371,#4370,#5029,.T.);
#3510=EDGE_CURVE('',#4372,#4084,#5030,.T.);
#3511=EDGE_CURVE('',#4372,#4371,#5031,.T.);
#3512=EDGE_CURVE('',#4364,#4372,#5032,.T.);
#3513=EDGE_CURVE('',#4373,#4092,#5033,.T.);
#3514=EDGE_CURVE('',#4373,#4374,#5034,.T.);
#3515=EDGE_CURVE('',#4374,#4093,#5035,.T.);
#3516=EDGE_CURVE('',#4375,#4091,#5036,.T.);
#3517=EDGE_CURVE('',#4375,#4373,#5037,.T.);
#3518=EDGE_CURVE('',#4376,#4102,#5038,.T.);
#3519=EDGE_CURVE('',#4376,#4375,#5039,.T.);
#3520=EDGE_CURVE('',#4377,#4101,#5040,.T.);
#3521=EDGE_CURVE('',#4377,#4376,#5041,.T.);
#3522=EDGE_CURVE('',#4378,#4100,#5042,.T.);
#3523=EDGE_CURVE('',#4378,#4377,#5043,.T.);
#3524=EDGE_CURVE('',#4379,#4099,#5044,.T.);
#3525=EDGE_CURVE('',#4379,#4378,#5045,.T.);
#3526=EDGE_CURVE('',#4380,#4098,#5046,.T.);
#3527=EDGE_CURVE('',#4380,#4379,#5047,.T.);
#3528=EDGE_CURVE('',#4381,#4097,#5048,.T.);
#3529=EDGE_CURVE('',#4381,#4380,#5049,.T.);
#3530=EDGE_CURVE('',#4382,#4096,#5050,.T.);
#3531=EDGE_CURVE('',#4382,#4381,#5051,.T.);
#3532=EDGE_CURVE('',#4383,#4095,#5052,.T.);
#3533=EDGE_CURVE('',#4383,#4382,#5053,.T.);
#3534=EDGE_CURVE('',#4384,#4094,#5054,.T.);
#3535=EDGE_CURVE('',#4384,#4383,#5055,.T.);
#3536=EDGE_CURVE('',#4374,#4384,#5056,.T.);
#3537=EDGE_CURVE('',#3860,#3739,#5057,.F.);
#3538=EDGE_CURVE('',#3738,#3861,#5058,.T.);
#3539=EDGE_CURVE('',#3858,#3741,#5059,.F.);
#3540=EDGE_CURVE('',#3740,#3859,#5060,.T.);
#3541=EDGE_CURVE('',#3862,#3737,#5061,.F.);
#3542=EDGE_CURVE('',#3736,#3863,#5062,.T.);
#3543=EDGE_CURVE('',#4171,#3954,#299,.T.);
#3544=EDGE_CURVE('',#3945,#4172,#300,.F.);
#3545=EDGE_CURVE('',#3955,#4177,#451,.T.);
#3546=EDGE_CURVE('',#3961,#4177,#452,.F.);
#3547=EDGE_CURVE('',#4151,#4153,#453,.T.);
#3548=EDGE_CURVE('',#3725,#3933,#5063,.T.);
#3549=EDGE_CURVE('',#4149,#4150,#454,.T.);
#3550=EDGE_CURVE('',#3940,#4154,#455,.T.);
#3551=EDGE_CURVE('',#3724,#4164,#5064,.F.);
#3552=EDGE_CURVE('',#4158,#4148,#456,.T.);
#3553=EDGE_CURVE('',#4155,#4156,#457,.T.);
#3554=EDGE_CURVE('',#4157,#4163,#458,.T.);
#3555=EDGE_CURVE('',#4158,#3884,#459,.T.);
#3556=EDGE_CURVE('',#4148,#3883,#460,.T.);
#3557=EDGE_CURVE('',#4149,#3882,#461,.T.);
#3558=EDGE_CURVE('',#4150,#3881,#462,.T.);
#3559=EDGE_CURVE('',#4151,#3880,#463,.T.);
#3560=EDGE_CURVE('',#4153,#3879,#464,.T.);
#3561=EDGE_CURVE('',#4152,#3878,#465,.F.);
#3562=EDGE_CURVE('',#3877,#3939,#466,.F.);
#3563=EDGE_CURVE('',#3940,#3876,#467,.T.);
#3564=EDGE_CURVE('',#4154,#3875,#468,.T.);
#3565=EDGE_CURVE('',#4155,#3874,#469,.T.);
#3566=EDGE_CURVE('',#4156,#3873,#470,.T.);
#3567=EDGE_CURVE('',#4157,#3872,#471,.T.);
#3568=EDGE_CURVE('',#4163,#3871,#472,.T.);
#3569=EDGE_CURVE('',#3933,#4164,#5065,.T.);
#3570=EDGE_CURVE('',#3898,#3768,#5066,.F.);
#3571=EDGE_CURVE('',#3769,#3899,#5067,.T.);
#3572=EDGE_CURVE('',#3897,#3771,#5068,.F.);
#3573=EDGE_CURVE('',#3770,#3896,#5069,.T.);
#3574=EDGE_CURVE('',#3772,#3903,#5070,.T.);
#3575=EDGE_CURVE('',#3902,#3773,#5071,.F.);
#3576=EDGE_CURVE('',#3900,#3775,#5072,.T.);
#3577=EDGE_CURVE('',#3774,#3901,#5073,.T.);
#3578=EDGE_CURVE('',#3906,#3756,#5074,.F.);
#3579=EDGE_CURVE('',#3757,#3907,#5075,.T.);
#3580=EDGE_CURVE('',#3758,#3904,#5076,.T.);
#3581=EDGE_CURVE('',#3905,#3759,#5077,.F.);
#3582=EDGE_CURVE('',#3910,#3761,#5078,.F.);
#3583=EDGE_CURVE('',#3760,#3911,#5079,.T.);
#3584=EDGE_CURVE('',#3908,#3763,#5080,.T.);
#3585=EDGE_CURVE('',#3762,#3909,#5081,.T.);
#3586=EDGE_CURVE('',#3778,#3850,#5082,.T.);
#3587=EDGE_CURVE('',#3851,#3779,#5083,.F.);
#3588=EDGE_CURVE('',#3856,#3781,#5084,.F.);
#3589=EDGE_CURVE('',#3780,#3857,#5085,.F.);
#3590=EDGE_CURVE('',#3854,#3783,#5086,.F.);
#3591=EDGE_CURVE('',#3782,#3855,#5087,.T.);
#3592=EDGE_CURVE('',#3777,#3853,#5088,.T.);
#3593=EDGE_CURVE('',#3852,#3776,#5089,.F.);
#3594=EDGE_CURVE('',#3914,#3784,#5090,.F.);
#3595=EDGE_CURVE('',#3785,#3915,#5091,.T.);
#3596=EDGE_CURVE('',#3786,#3912,#5092,.T.);
#3597=EDGE_CURVE('',#3913,#3787,#5093,.F.);
#3598=EDGE_CURVE('',#3788,#3917,#5094,.T.);
#3599=EDGE_CURVE('',#3916,#3789,#5095,.F.);
#3600=EDGE_CURVE('',#3920,#3748,#5096,.F.);
#3601=EDGE_CURVE('',#3749,#3921,#5097,.T.);
#3602=EDGE_CURVE('',#3750,#3918,#5098,.T.);
#3603=EDGE_CURVE('',#3919,#3751,#5099,.F.);
#3604=EDGE_CURVE('',#3752,#3925,#5100,.F.);
#3605=EDGE_CURVE('',#3924,#3753,#5101,.F.);
#3606=EDGE_CURVE('',#3754,#3923,#5102,.T.);
#3607=EDGE_CURVE('',#3922,#3755,#5103,.F.);
#3608=EDGE_CURVE('',#3928,#3790,#5104,.F.);
#3609=EDGE_CURVE('',#3791,#3929,#5105,.T.);
#3610=EDGE_CURVE('',#3927,#3793,#5106,.F.);
#3611=EDGE_CURVE('',#3792,#3926,#5107,.T.);
#3612=EDGE_CURVE('',#3794,#3931,#5108,.T.);
#3613=EDGE_CURVE('',#3930,#3795,#5109,.F.);
#3614=EDGE_CURVE('',#3849,#4385,#5110,.T.);
#3615=EDGE_CURVE('',#3848,#4386,#5111,.T.);
#3616=EDGE_CURVE('',#4386,#4385,#5112,.T.);
#3617=EDGE_CURVE('',#3846,#4387,#5113,.T.);
#3618=EDGE_CURVE('',#4386,#4387,#5114,.T.);
#3619=EDGE_CURVE('',#3847,#4388,#5115,.T.);
#3620=EDGE_CURVE('',#4388,#4387,#5116,.T.);
#3621=EDGE_CURVE('',#4385,#4388,#5117,.T.);
#3622=EDGE_CURVE('',#3845,#4389,#5118,.T.);
#3623=EDGE_CURVE('',#3844,#4390,#5119,.T.);
#3624=EDGE_CURVE('',#4390,#4389,#5120,.T.);
#3625=EDGE_CURVE('',#3842,#4391,#5121,.T.);
#3626=EDGE_CURVE('',#4390,#4391,#5122,.T.);
#3627=EDGE_CURVE('',#3843,#4392,#5123,.T.);
#3628=EDGE_CURVE('',#4392,#4391,#5124,.T.);
#3629=EDGE_CURVE('',#4389,#4392,#5125,.T.);
#3630=EDGE_CURVE('',#3841,#4393,#5126,.T.);
#3631=EDGE_CURVE('',#3840,#4394,#5127,.T.);
#3632=EDGE_CURVE('',#4394,#4393,#5128,.T.);
#3633=EDGE_CURVE('',#3838,#4395,#5129,.T.);
#3634=EDGE_CURVE('',#4394,#4395,#5130,.T.);
#3635=EDGE_CURVE('',#3839,#4396,#5131,.T.);
#3636=EDGE_CURVE('',#4396,#4395,#5132,.T.);
#3637=EDGE_CURVE('',#4393,#4396,#5133,.T.);
#3638=EDGE_CURVE('',#3837,#4397,#5134,.T.);
#3639=EDGE_CURVE('',#4398,#4397,#5135,.T.);
#3640=EDGE_CURVE('',#3835,#4398,#5136,.T.);
#3641=EDGE_CURVE('',#3836,#4399,#5137,.T.);
#3642=EDGE_CURVE('',#4397,#4399,#5138,.T.);
#3643=EDGE_CURVE('',#4399,#4398,#5139,.T.);
#3644=EDGE_CURVE('',#3832,#4400,#5140,.T.);
#3645=EDGE_CURVE('',#3834,#4401,#5141,.T.);
#3646=EDGE_CURVE('',#4401,#4400,#5142,.T.);
#3647=EDGE_CURVE('',#3833,#4402,#5143,.T.);
#3648=EDGE_CURVE('',#4402,#4401,#5144,.T.);
#3649=EDGE_CURVE('',#4402,#4400,#5145,.T.);
#3650=EDGE_CURVE('',#3831,#4403,#5146,.T.);
#3651=EDGE_CURVE('',#4404,#4403,#5147,.T.);
#3652=EDGE_CURVE('',#3828,#4404,#5148,.T.);
#3653=EDGE_CURVE('',#3830,#4405,#5149,.T.);
#3654=EDGE_CURVE('',#4403,#4405,#5150,.T.);
#3655=EDGE_CURVE('',#3829,#4406,#5151,.T.);
#3656=EDGE_CURVE('',#4405,#4406,#5152,.T.);
#3657=EDGE_CURVE('',#4406,#4404,#5153,.T.);
#3658=EDGE_CURVE('',#3827,#4407,#5154,.T.);
#3659=EDGE_CURVE('',#4408,#4407,#5155,.T.);
#3660=EDGE_CURVE('',#3824,#4408,#5156,.T.);
#3661=EDGE_CURVE('',#3826,#4409,#5157,.T.);
#3662=EDGE_CURVE('',#4407,#4409,#5158,.T.);
#3663=EDGE_CURVE('',#3825,#4410,#5159,.T.);
#3664=EDGE_CURVE('',#4409,#4410,#5160,.T.);
#3665=EDGE_CURVE('',#4410,#4408,#5161,.T.);
#3666=EDGE_CURVE('',#3823,#4411,#5162,.T.);
#3667=EDGE_CURVE('',#4412,#4411,#5163,.T.);
#3668=EDGE_CURVE('',#3820,#4412,#5164,.T.);
#3669=EDGE_CURVE('',#3822,#4413,#5165,.T.);
#3670=EDGE_CURVE('',#4411,#4413,#5166,.T.);
#3671=EDGE_CURVE('',#3821,#4414,#5167,.T.);
#3672=EDGE_CURVE('',#4413,#4414,#5168,.T.);
#3673=EDGE_CURVE('',#4414,#4412,#5169,.T.);
#3674=EDGE_CURVE('',#3819,#4415,#5170,.T.);
#3675=EDGE_CURVE('',#4416,#4415,#5171,.T.);
#3676=EDGE_CURVE('',#3816,#4416,#5172,.T.);
#3677=EDGE_CURVE('',#3818,#4417,#5173,.T.);
#3678=EDGE_CURVE('',#4415,#4417,#5174,.T.);
#3679=EDGE_CURVE('',#3817,#4418,#5175,.T.);
#3680=EDGE_CURVE('',#4417,#4418,#5176,.T.);
#3681=EDGE_CURVE('',#4418,#4416,#5177,.T.);
#3682=EDGE_CURVE('',#3815,#4419,#5178,.T.);
#3683=EDGE_CURVE('',#4420,#4419,#5179,.T.);
#3684=EDGE_CURVE('',#3812,#4420,#5180,.T.);
#3685=EDGE_CURVE('',#3814,#4421,#5181,.T.);
#3686=EDGE_CURVE('',#4419,#4421,#5182,.T.);
#3687=EDGE_CURVE('',#3813,#4422,#5183,.T.);
#3688=EDGE_CURVE('',#4421,#4422,#5184,.T.);
#3689=EDGE_CURVE('',#4422,#4420,#5185,.T.);
#3690=EDGE_CURVE('',#3808,#4423,#5186,.T.);
#3691=EDGE_CURVE('',#3811,#4424,#5187,.T.);
#3692=EDGE_CURVE('',#4424,#4423,#5188,.T.);
#3693=EDGE_CURVE('',#3810,#4425,#5189,.T.);
#3694=EDGE_CURVE('',#4424,#4425,#5190,.T.);
#3695=EDGE_CURVE('',#3809,#4426,#5191,.T.);
#3696=EDGE_CURVE('',#4426,#4425,#5192,.T.);
#3697=EDGE_CURVE('',#4426,#4423,#5193,.T.);
#3698=EDGE_CURVE('',#3807,#4427,#5194,.T.);
#3699=EDGE_CURVE('',#4428,#4427,#5195,.T.);
#3700=EDGE_CURVE('',#3804,#4428,#5196,.T.);
#3701=EDGE_CURVE('',#3806,#4429,#5197,.T.);
#3702=EDGE_CURVE('',#4427,#4429,#5198,.T.);
#3703=EDGE_CURVE('',#3805,#4430,#5199,.T.);
#3704=EDGE_CURVE('',#4430,#4429,#5200,.T.);
#3705=EDGE_CURVE('',#4430,#4428,#5201,.T.);
#3706=EDGE_CURVE('',#3800,#4431,#5202,.T.);
#3707=EDGE_CURVE('',#3803,#4432,#5203,.T.);
#3708=EDGE_CURVE('',#4432,#4431,#5204,.T.);
#3709=EDGE_CURVE('',#3802,#4433,#5205,.T.);
#3710=EDGE_CURVE('',#4432,#4433,#5206,.T.);
#3711=EDGE_CURVE('',#3801,#4434,#5207,.T.);
#3712=EDGE_CURVE('',#4434,#4433,#5208,.T.);
#3713=EDGE_CURVE('',#4434,#4431,#5209,.T.);
#3714=EDGE_CURVE('',#3799,#4435,#5210,.T.);
#3715=EDGE_CURVE('',#4436,#4435,#5211,.T.);
#3716=EDGE_CURVE('',#3796,#4436,#5212,.T.);
#3717=EDGE_CURVE('',#3798,#4437,#5213,.T.);
#3718=EDGE_CURVE('',#4437,#4435,#5214,.T.);
#3719=EDGE_CURVE('',#3797,#4438,#5215,.T.);
#3720=EDGE_CURVE('',#4437,#4438,#5216,.T.);
#3721=EDGE_CURVE('',#4438,#4436,#5217,.T.);
#3722=VERTEX_POINT('',#9895);
#3723=VERTEX_POINT('',#9896);
#3724=VERTEX_POINT('',#9898);
#3725=VERTEX_POINT('',#9900);
#3726=VERTEX_POINT('',#9904);
#3727=VERTEX_POINT('',#9905);
#3728=VERTEX_POINT('',#9907);
#3729=VERTEX_POINT('',#9909);
#3730=VERTEX_POINT('',#9911);
#3731=VERTEX_POINT('',#9913);
#3732=VERTEX_POINT('',#9915);
#3733=VERTEX_POINT('',#9917);
#3734=VERTEX_POINT('',#9919);
#3735=VERTEX_POINT('',#9921);
#3736=VERTEX_POINT('',#9923);
#3737=VERTEX_POINT('',#9925);
#3738=VERTEX_POINT('',#9927);
#3739=VERTEX_POINT('',#9929);
#3740=VERTEX_POINT('',#9931);
#3741=VERTEX_POINT('',#9933);
#3742=VERTEX_POINT('',#9935);
#3743=VERTEX_POINT('',#9937);
#3744=VERTEX_POINT('',#9939);
#3745=VERTEX_POINT('',#9941);
#3746=VERTEX_POINT('',#9943);
#3747=VERTEX_POINT('',#9945);
#3748=VERTEX_POINT('',#9948);
#3749=VERTEX_POINT('',#9949);
#3750=VERTEX_POINT('',#9951);
#3751=VERTEX_POINT('',#9953);
#3752=VERTEX_POINT('',#9955);
#3753=VERTEX_POINT('',#9957);
#3754=VERTEX_POINT('',#9959);
#3755=VERTEX_POINT('',#9961);
#3756=VERTEX_POINT('',#9964);
#3757=VERTEX_POINT('',#9965);
#3758=VERTEX_POINT('',#9967);
#3759=VERTEX_POINT('',#9969);
#3760=VERTEX_POINT('',#9971);
#3761=VERTEX_POINT('',#9973);
#3762=VERTEX_POINT('',#9975);
#3763=VERTEX_POINT('',#9977);
#3764=VERTEX_POINT('',#9980);
#3765=VERTEX_POINT('',#9982);
#3766=VERTEX_POINT('',#9984);
#3767=VERTEX_POINT('',#9986);
#3768=VERTEX_POINT('',#9988);
#3769=VERTEX_POINT('',#9989);
#3770=VERTEX_POINT('',#9991);
#3771=VERTEX_POINT('',#9993);
#3772=VERTEX_POINT('',#9995);
#3773=VERTEX_POINT('',#9997);
#3774=VERTEX_POINT('',#9999);
#3775=VERTEX_POINT('',#10001);
#3776=VERTEX_POINT('',#10004);
#3777=VERTEX_POINT('',#10005);
#3778=VERTEX_POINT('',#10007);
#3779=VERTEX_POINT('',#10009);
#3780=VERTEX_POINT('',#10011);
#3781=VERTEX_POINT('',#10013);
#3782=VERTEX_POINT('',#10015);
#3783=VERTEX_POINT('',#10017);
#3784=VERTEX_POINT('',#10020);
#3785=VERTEX_POINT('',#10021);
#3786=VERTEX_POINT('',#10023);
#3787=VERTEX_POINT('',#10025);
#3788=VERTEX_POINT('',#10027);
#3789=VERTEX_POINT('',#10029);
#3790=VERTEX_POINT('',#10032);
#3791=VERTEX_POINT('',#10033);
#3792=VERTEX_POINT('',#10035);
#3793=VERTEX_POINT('',#10037);
#3794=VERTEX_POINT('',#10039);
#3795=VERTEX_POINT('',#10041);
#3796=VERTEX_POINT('',#10044);
#3797=VERTEX_POINT('',#10045);
#3798=VERTEX_POINT('',#10047);
#3799=VERTEX_POINT('',#10049);
#3800=VERTEX_POINT('',#10052);
#3801=VERTEX_POINT('',#10053);
#3802=VERTEX_POINT('',#10055);
#3803=VERTEX_POINT('',#10057);
#3804=VERTEX_POINT('',#10060);
#3805=VERTEX_POINT('',#10061);
#3806=VERTEX_POINT('',#10063);
#3807=VERTEX_POINT('',#10065);
#3808=VERTEX_POINT('',#10068);
#3809=VERTEX_POINT('',#10069);
#3810=VERTEX_POINT('',#10071);
#3811=VERTEX_POINT('',#10073);
#3812=VERTEX_POINT('',#10076);
#3813=VERTEX_POINT('',#10077);
#3814=VERTEX_POINT('',#10079);
#3815=VERTEX_POINT('',#10081);
#3816=VERTEX_POINT('',#10084);
#3817=VERTEX_POINT('',#10085);
#3818=VERTEX_POINT('',#10087);
#3819=VERTEX_POINT('',#10089);
#3820=VERTEX_POINT('',#10092);
#3821=VERTEX_POINT('',#10093);
#3822=VERTEX_POINT('',#10095);
#3823=VERTEX_POINT('',#10097);
#3824=VERTEX_POINT('',#10100);
#3825=VERTEX_POINT('',#10101);
#3826=VERTEX_POINT('',#10103);
#3827=VERTEX_POINT('',#10105);
#3828=VERTEX_POINT('',#10108);
#3829=VERTEX_POINT('',#10109);
#3830=VERTEX_POINT('',#10111);
#3831=VERTEX_POINT('',#10113);
#3832=VERTEX_POINT('',#10116);
#3833=VERTEX_POINT('',#10117);
#3834=VERTEX_POINT('',#10119);
#3835=VERTEX_POINT('',#10122);
#3836=VERTEX_POINT('',#10123);
#3837=VERTEX_POINT('',#10125);
#3838=VERTEX_POINT('',#10128);
#3839=VERTEX_POINT('',#10129);
#3840=VERTEX_POINT('',#10131);
#3841=VERTEX_POINT('',#10133);
#3842=VERTEX_POINT('',#10136);
#3843=VERTEX_POINT('',#10137);
#3844=VERTEX_POINT('',#10139);
#3845=VERTEX_POINT('',#10141);
#3846=VERTEX_POINT('',#10144);
#3847=VERTEX_POINT('',#10145);
#3848=VERTEX_POINT('',#10147);
#3849=VERTEX_POINT('',#10149);
#3850=VERTEX_POINT('',#10153);
#3851=VERTEX_POINT('',#10154);
#3852=VERTEX_POINT('',#10156);
#3853=VERTEX_POINT('',#10158);
#3854=VERTEX_POINT('',#10160);
#3855=VERTEX_POINT('',#10162);
#3856=VERTEX_POINT('',#10164);
#3857=VERTEX_POINT('',#10166);
#3858=VERTEX_POINT('',#10169);
#3859=VERTEX_POINT('',#10170);
#3860=VERTEX_POINT('',#10172);
#3861=VERTEX_POINT('',#10174);
#3862=VERTEX_POINT('',#10176);
#3863=VERTEX_POINT('',#10178);
#3864=VERTEX_POINT('',#10180);
#3865=VERTEX_POINT('',#10182);
#3866=VERTEX_POINT('',#10184);
#3867=VERTEX_POINT('',#10186);
#3868=VERTEX_POINT('',#10188);
#3869=VERTEX_POINT('',#10190);
#3870=VERTEX_POINT('',#10192);
#3871=VERTEX_POINT('',#10194);
#3872=VERTEX_POINT('',#10196);
#3873=VERTEX_POINT('',#10198);
#3874=VERTEX_POINT('',#10200);
#3875=VERTEX_POINT('',#10202);
#3876=VERTEX_POINT('',#10204);
#3877=VERTEX_POINT('',#10206);
#3878=VERTEX_POINT('',#10208);
#3879=VERTEX_POINT('',#10210);
#3880=VERTEX_POINT('',#10212);
#3881=VERTEX_POINT('',#10214);
#3882=VERTEX_POINT('',#10216);
#3883=VERTEX_POINT('',#10218);
#3884=VERTEX_POINT('',#10220);
#3885=VERTEX_POINT('',#10222);
#3886=VERTEX_POINT('',#10224);
#3887=VERTEX_POINT('',#10226);
#3888=VERTEX_POINT('',#10228);
#3889=VERTEX_POINT('',#10230);
#3890=VERTEX_POINT('',#10232);
#3891=VERTEX_POINT('',#10234);
#3892=VERTEX_POINT('',#10237);
#3893=VERTEX_POINT('',#10239);
#3894=VERTEX_POINT('',#10241);
#3895=VERTEX_POINT('',#10243);
#3896=VERTEX_POINT('',#10245);
#3897=VERTEX_POINT('',#10246);
#3898=VERTEX_POINT('',#10248);
#3899=VERTEX_POINT('',#10250);
#3900=VERTEX_POINT('',#10252);
#3901=VERTEX_POINT('',#10254);
#3902=VERTEX_POINT('',#10256);
#3903=VERTEX_POINT('',#10258);
#3904=VERTEX_POINT('',#10261);
#3905=VERTEX_POINT('',#10262);
#3906=VERTEX_POINT('',#10264);
#3907=VERTEX_POINT('',#10266);
#3908=VERTEX_POINT('',#10268);
#3909=VERTEX_POINT('',#10270);
#3910=VERTEX_POINT('',#10272);
#3911=VERTEX_POINT('',#10274);
#3912=VERTEX_POINT('',#10277);
#3913=VERTEX_POINT('',#10278);
#3914=VERTEX_POINT('',#10280);
#3915=VERTEX_POINT('',#10282);
#3916=VERTEX_POINT('',#10284);
#3917=VERTEX_POINT('',#10286);
#3918=VERTEX_POINT('',#10289);
#3919=VERTEX_POINT('',#10290);
#3920=VERTEX_POINT('',#10292);
#3921=VERTEX_POINT('',#10294);
#3922=VERTEX_POINT('',#10296);
#3923=VERTEX_POINT('',#10298);
#3924=VERTEX_POINT('',#10300);
#3925=VERTEX_POINT('',#10302);
#3926=VERTEX_POINT('',#10305);
#3927=VERTEX_POINT('',#10306);
#3928=VERTEX_POINT('',#10308);
#3929=VERTEX_POINT('',#10310);
#3930=VERTEX_POINT('',#10312);
#3931=VERTEX_POINT('',#10314);
#3932=VERTEX_POINT('',#10318);
#3933=VERTEX_POINT('',#10319);
#3934=VERTEX_POINT('',#10321);
#3935=VERTEX_POINT('',#10323);
#3936=VERTEX_POINT('',#10325);
#3937=VERTEX_POINT('',#10327);
#3938=VERTEX_POINT('',#10329);
#3939=VERTEX_POINT('',#10333);
#3940=VERTEX_POINT('',#10335);
#3941=VERTEX_POINT('',#10339);
#3942=VERTEX_POINT('',#10340);
#3943=VERTEX_POINT('',#10342);
#3944=VERTEX_POINT('',#10344);
#3945=VERTEX_POINT('',#10346);
#3946=VERTEX_POINT('',#10348);
#3947=VERTEX_POINT('',#10350);
#3948=VERTEX_POINT('',#10354);
#3949=VERTEX_POINT('',#10355);
#3950=VERTEX_POINT('',#10357);
#3951=VERTEX_POINT('',#10359);
#3952=VERTEX_POINT('',#10361);
#3953=VERTEX_POINT('',#10363);
#3954=VERTEX_POINT('',#10365);
#3955=VERTEX_POINT('',#10369);
#3956=VERTEX_POINT('',#10370);
#3957=VERTEX_POINT('',#10372);
#3958=VERTEX_POINT('',#10374);
#3959=VERTEX_POINT('',#10378);
#3960=VERTEX_POINT('',#10386);
#3961=VERTEX_POINT('',#10388);
#3962=VERTEX_POINT('',#10397);
#3963=VERTEX_POINT('',#10398);
#3964=VERTEX_POINT('',#10402);
#3965=VERTEX_POINT('',#10406);
#3966=VERTEX_POINT('',#10408);
#3967=VERTEX_POINT('',#10410);
#3968=VERTEX_POINT('',#10412);
#3969=VERTEX_POINT('',#10417);
#3970=VERTEX_POINT('',#10418);
#3971=VERTEX_POINT('',#10420);
#3972=VERTEX_POINT('',#10422);
#3973=VERTEX_POINT('',#10424);
#3974=VERTEX_POINT('',#10428);
#3975=VERTEX_POINT('',#10432);
#3976=VERTEX_POINT('',#10434);
#3977=VERTEX_POINT('',#10438);
#3978=VERTEX_POINT('',#10442);
#3979=VERTEX_POINT('',#10444);
#3980=VERTEX_POINT('',#10448);
#3981=VERTEX_POINT('',#10450);
#3982=VERTEX_POINT('',#10454);
#3983=VERTEX_POINT('',#10456);
#3984=VERTEX_POINT('',#10458);
#3985=VERTEX_POINT('',#10462);
#3986=VERTEX_POINT('',#10466);
#3987=VERTEX_POINT('',#10470);
#3988=VERTEX_POINT('',#10472);
#3989=VERTEX_POINT('',#10476);
#3990=VERTEX_POINT('',#10480);
#3991=VERTEX_POINT('',#10482);
#3992=VERTEX_POINT('',#10484);
#3993=VERTEX_POINT('',#10487);
#3994=VERTEX_POINT('',#10488);
#3995=VERTEX_POINT('',#10490);
#3996=VERTEX_POINT('',#10492);
#3997=VERTEX_POINT('',#10494);
#3998=VERTEX_POINT('',#10496);
#3999=VERTEX_POINT('',#10500);
#4000=VERTEX_POINT('',#10502);
#4001=VERTEX_POINT('',#10504);
#4002=VERTEX_POINT('',#10506);
#4003=VERTEX_POINT('',#10509);
#4004=VERTEX_POINT('',#10510);
#4005=VERTEX_POINT('',#10514);
#4006=VERTEX_POINT('',#10518);
#4007=VERTEX_POINT('',#10522);
#4008=VERTEX_POINT('',#10526);
#4009=VERTEX_POINT('',#10528);
#4010=VERTEX_POINT('',#10532);
#4011=VERTEX_POINT('',#10536);
#4012=VERTEX_POINT('',#10540);
#4013=VERTEX_POINT('',#10544);
#4014=VERTEX_POINT('',#10548);
#4015=VERTEX_POINT('',#10552);
#4016=VERTEX_POINT('',#10556);
#4017=VERTEX_POINT('',#10558);
#4018=VERTEX_POINT('',#10561);
#4019=VERTEX_POINT('',#10562);
#4020=VERTEX_POINT('',#10564);
#4021=VERTEX_POINT('',#10566);
#4022=VERTEX_POINT('',#10568);
#4023=VERTEX_POINT('',#10570);
#4024=VERTEX_POINT('',#10572);
#4025=VERTEX_POINT('',#10574);
#4026=VERTEX_POINT('',#10576);
#4027=VERTEX_POINT('',#10578);
#4028=VERTEX_POINT('',#10580);
#4029=VERTEX_POINT('',#10582);
#4030=VERTEX_POINT('',#10585);
#4031=VERTEX_POINT('',#10586);
#4032=VERTEX_POINT('',#10588);
#4033=VERTEX_POINT('',#10590);
#4034=VERTEX_POINT('',#10592);
#4035=VERTEX_POINT('',#10594);
#4036=VERTEX_POINT('',#10596);
#4037=VERTEX_POINT('',#10598);
#4038=VERTEX_POINT('',#10601);
#4039=VERTEX_POINT('',#10602);
#4040=VERTEX_POINT('',#10604);
#4041=VERTEX_POINT('',#10608);
#4042=VERTEX_POINT('',#10612);
#4043=VERTEX_POINT('',#10616);
#4044=VERTEX_POINT('',#10618);
#4045=VERTEX_POINT('',#10620);
#4046=VERTEX_POINT('',#10624);
#4047=VERTEX_POINT('',#10628);
#4048=VERTEX_POINT('',#10632);
#4049=VERTEX_POINT('',#10636);
#4050=VERTEX_POINT('',#10639);
#4051=VERTEX_POINT('',#10640);
#4052=VERTEX_POINT('',#10642);
#4053=VERTEX_POINT('',#10644);
#4054=VERTEX_POINT('',#10646);
#4055=VERTEX_POINT('',#10648);
#4056=VERTEX_POINT('',#10650);
#4057=VERTEX_POINT('',#10652);
#4058=VERTEX_POINT('',#10654);
#4059=VERTEX_POINT('',#10656);
#4060=VERTEX_POINT('',#10658);
#4061=VERTEX_POINT('',#10660);
#4062=VERTEX_POINT('',#10663);
#4063=VERTEX_POINT('',#10664);
#4064=VERTEX_POINT('',#10666);
#4065=VERTEX_POINT('',#10668);
#4066=VERTEX_POINT('',#10670);
#4067=VERTEX_POINT('',#10672);
#4068=VERTEX_POINT('',#10676);
#4069=VERTEX_POINT('',#10680);
#4070=VERTEX_POINT('',#10684);
#4071=VERTEX_POINT('',#10688);
#4072=VERTEX_POINT('',#10690);
#4073=VERTEX_POINT('',#10692);
#4074=VERTEX_POINT('',#10694);
#4075=VERTEX_POINT('',#10698);
#4076=VERTEX_POINT('',#10702);
#4077=VERTEX_POINT('',#10706);
#4078=VERTEX_POINT('',#10710);
#4079=VERTEX_POINT('',#10712);
#4080=VERTEX_POINT('',#10714);
#4081=VERTEX_POINT('',#10717);
#4082=VERTEX_POINT('',#10718);
#4083=VERTEX_POINT('',#10720);
#4084=VERTEX_POINT('',#10722);
#4085=VERTEX_POINT('',#10724);
#4086=VERTEX_POINT('',#10726);
#4087=VERTEX_POINT('',#10728);
#4088=VERTEX_POINT('',#10730);
#4089=VERTEX_POINT('',#10732);
#4090=VERTEX_POINT('',#10734);
#4091=VERTEX_POINT('',#10737);
#4092=VERTEX_POINT('',#10738);
#4093=VERTEX_POINT('',#10740);
#4094=VERTEX_POINT('',#10742);
#4095=VERTEX_POINT('',#10744);
#4096=VERTEX_POINT('',#10746);
#4097=VERTEX_POINT('',#10748);
#4098=VERTEX_POINT('',#10750);
#4099=VERTEX_POINT('',#10752);
#4100=VERTEX_POINT('',#10754);
#4101=VERTEX_POINT('',#10756);
#4102=VERTEX_POINT('',#10758);
#4103=VERTEX_POINT('',#10762);
#4104=VERTEX_POINT('',#10763);
#4105=VERTEX_POINT('',#10766);
#4106=VERTEX_POINT('',#10768);
#4107=VERTEX_POINT('',#10770);
#4108=VERTEX_POINT('',#10772);
#4109=VERTEX_POINT('',#10774);
#4110=VERTEX_POINT('',#10776);
#4111=VERTEX_POINT('',#10778);
#4112=VERTEX_POINT('',#10780);
#4113=VERTEX_POINT('',#10783);
#4114=VERTEX_POINT('',#10784);
#4115=VERTEX_POINT('',#10786);
#4116=VERTEX_POINT('',#10788);
#4117=VERTEX_POINT('',#10790);
#4118=VERTEX_POINT('',#10794);
#4119=VERTEX_POINT('',#10798);
#4120=VERTEX_POINT('',#10800);
#4121=VERTEX_POINT('',#10804);
#4122=VERTEX_POINT('',#10808);
#4123=VERTEX_POINT('',#10810);
#4124=VERTEX_POINT('',#10814);
#4125=VERTEX_POINT('',#10816);
#4126=VERTEX_POINT('',#10820);
#4127=VERTEX_POINT('',#10822);
#4128=VERTEX_POINT('',#10824);
#4129=VERTEX_POINT('',#10828);
#4130=VERTEX_POINT('',#10832);
#4131=VERTEX_POINT('',#10836);
#4132=VERTEX_POINT('',#10838);
#4133=VERTEX_POINT('',#10842);
#4134=VERTEX_POINT('',#10846);
#4135=VERTEX_POINT('',#10848);
#4136=VERTEX_POINT('',#10850);
#4137=VERTEX_POINT('',#10853);
#4138=VERTEX_POINT('',#10854);
#4139=VERTEX_POINT('',#10856);
#4140=VERTEX_POINT('',#10858);
#4141=VERTEX_POINT('',#10860);
#4142=VERTEX_POINT('',#10862);
#4143=VERTEX_POINT('',#10866);
#4144=VERTEX_POINT('',#10868);
#4145=VERTEX_POINT('',#10870);
#4146=VERTEX_POINT('',#10872);
#4147=VERTEX_POINT('',#10888);
#4148=VERTEX_POINT('',#10908);
#4149=VERTEX_POINT('',#10910);
#4150=VERTEX_POINT('',#10914);
#4151=VERTEX_POINT('',#10916);
#4152=VERTEX_POINT('',#10920);
#4153=VERTEX_POINT('',#10922);
#4154=VERTEX_POINT('',#10926);
#4155=VERTEX_POINT('',#10928);
#4156=VERTEX_POINT('',#10932);
#4157=VERTEX_POINT('',#10934);
#4158=VERTEX_POINT('',#10938);
#4159=VERTEX_POINT('',#10941);
#4160=VERTEX_POINT('',#10943);
#4161=VERTEX_POINT('',#10947);
#4162=VERTEX_POINT('',#10949);
#4163=VERTEX_POINT('',#10952);
#4164=VERTEX_POINT('',#10956);
#4165=VERTEX_POINT('',#10959);
#4166=VERTEX_POINT('',#10961);
#4167=VERTEX_POINT('',#10965);
#4168=VERTEX_POINT('',#10967);
#4169=VERTEX_POINT('',#10969);
#4170=VERTEX_POINT('',#10971);
#4171=VERTEX_POINT('',#10974);
#4172=VERTEX_POINT('',#10976);
#4173=VERTEX_POINT('',#10986);
#4174=VERTEX_POINT('',#10988);
#4175=VERTEX_POINT('',#10992);
#4176=VERTEX_POINT('',#10994);
#4177=VERTEX_POINT('',#10998);
#4178=VERTEX_POINT('',#11011);
#4179=VERTEX_POINT('',#11013);
#4180=VERTEX_POINT('',#11017);
#4181=VERTEX_POINT('',#11021);
#4182=VERTEX_POINT('',#11025);
#4183=VERTEX_POINT('',#11029);
#4184=VERTEX_POINT('',#11040);
#4185=VERTEX_POINT('',#11053);
#4186=VERTEX_POINT('',#11059);
#4187=VERTEX_POINT('',#11070);
#4188=VERTEX_POINT('',#11083);
#4189=VERTEX_POINT('',#11096);
#4190=VERTEX_POINT('',#11102);
#4191=VERTEX_POINT('',#11106);
#4192=VERTEX_POINT('',#11117);
#4193=VERTEX_POINT('',#11123);
#4194=VERTEX_POINT('',#11134);
#4195=VERTEX_POINT('',#11140);
#4196=VERTEX_POINT('',#11151);
#4197=VERTEX_POINT('',#11164);
#4198=VERTEX_POINT('',#11170);
#4199=VERTEX_POINT('',#11181);
#4200=VERTEX_POINT('',#11194);
#4201=VERTEX_POINT('',#11200);
#4202=VERTEX_POINT('',#11207);
#4203=VERTEX_POINT('',#11209);
#4204=VERTEX_POINT('',#11213);
#4205=VERTEX_POINT('',#11217);
#4206=VERTEX_POINT('',#11221);
#4207=VERTEX_POINT('',#11225);
#4208=VERTEX_POINT('',#11229);
#4209=VERTEX_POINT('',#11240);
#4210=VERTEX_POINT('',#11246);
#4211=VERTEX_POINT('',#11250);
#4212=VERTEX_POINT('',#11264);
#4213=VERTEX_POINT('',#11268);
#4214=VERTEX_POINT('',#11272);
#4215=VERTEX_POINT('',#11276);
#4216=VERTEX_POINT('',#11280);
#4217=VERTEX_POINT('',#11291);
#4218=VERTEX_POINT('',#11304);
#4219=VERTEX_POINT('',#11317);
#4220=VERTEX_POINT('',#11330);
#4221=VERTEX_POINT('',#11343);
#4222=VERTEX_POINT('',#11356);
#4223=VERTEX_POINT('',#11369);
#4224=VERTEX_POINT('',#11375);
#4225=VERTEX_POINT('',#11386);
#4226=VERTEX_POINT('',#11399);
#4227=VERTEX_POINT('',#11417);
#4228=VERTEX_POINT('',#11419);
#4229=VERTEX_POINT('',#11423);
#4230=VERTEX_POINT('',#11427);
#4231=VERTEX_POINT('',#11431);
#4232=VERTEX_POINT('',#11435);
#4233=VERTEX_POINT('',#11439);
#4234=VERTEX_POINT('',#11450);
#4235=VERTEX_POINT('',#11456);
#4236=VERTEX_POINT('',#11460);
#4237=VERTEX_POINT('',#11467);
#4238=VERTEX_POINT('',#11469);
#4239=VERTEX_POINT('',#11473);
#4240=VERTEX_POINT('',#11477);
#4241=VERTEX_POINT('',#11481);
#4242=VERTEX_POINT('',#11485);
#4243=VERTEX_POINT('',#11496);
#4244=VERTEX_POINT('',#11509);
#4245=VERTEX_POINT('',#11515);
#4246=VERTEX_POINT('',#11526);
#4247=VERTEX_POINT('',#11539);
#4248=VERTEX_POINT('',#11552);
#4249=VERTEX_POINT('',#11558);
#4250=VERTEX_POINT('',#11562);
#4251=VERTEX_POINT('',#11573);
#4252=VERTEX_POINT('',#11579);
#4253=VERTEX_POINT('',#11590);
#4254=VERTEX_POINT('',#11596);
#4255=VERTEX_POINT('',#11607);
#4256=VERTEX_POINT('',#11620);
#4257=VERTEX_POINT('',#11626);
#4258=VERTEX_POINT('',#11637);
#4259=VERTEX_POINT('',#11650);
#4260=VERTEX_POINT('',#11656);
#4261=VERTEX_POINT('',#11663);
#4262=VERTEX_POINT('',#11664);
#4263=VERTEX_POINT('',#11666);
#4264=VERTEX_POINT('',#11668);
#4265=VERTEX_POINT('',#11672);
#4266=VERTEX_POINT('',#11674);
#4267=VERTEX_POINT('',#11687);
#4268=VERTEX_POINT('',#11689);
#4269=VERTEX_POINT('',#11695);
#4270=VERTEX_POINT('',#11697);
#4271=VERTEX_POINT('',#11701);
#4272=VERTEX_POINT('',#11705);
#4273=VERTEX_POINT('',#11709);
#4274=VERTEX_POINT('',#11713);
#4275=VERTEX_POINT('',#11717);
#4276=VERTEX_POINT('',#11721);
#4277=VERTEX_POINT('',#11740);
#4278=VERTEX_POINT('',#11741);
#4279=VERTEX_POINT('',#11743);
#4280=VERTEX_POINT('',#11747);
#4281=VERTEX_POINT('',#11760);
#4282=VERTEX_POINT('',#11762);
#4283=VERTEX_POINT('',#11768);
#4284=VERTEX_POINT('',#11770);
#4285=VERTEX_POINT('',#11774);
#4286=VERTEX_POINT('',#11776);
#4287=VERTEX_POINT('',#11787);
#4288=VERTEX_POINT('',#11791);
#4289=VERTEX_POINT('',#11802);
#4290=VERTEX_POINT('',#11815);
#4291=VERTEX_POINT('',#11821);
#4292=VERTEX_POINT('',#11825);
#4293=VERTEX_POINT('',#11829);
#4294=VERTEX_POINT('',#11848);
#4295=VERTEX_POINT('',#11849);
#4296=VERTEX_POINT('',#11851);
#4297=VERTEX_POINT('',#11853);
#4298=VERTEX_POINT('',#11857);
#4299=VERTEX_POINT('',#11859);
#4300=VERTEX_POINT('',#11872);
#4301=VERTEX_POINT('',#11874);
#4302=VERTEX_POINT('',#11889);
#4303=VERTEX_POINT('',#11891);
#4304=VERTEX_POINT('',#11906);
#4305=VERTEX_POINT('',#11908);
#4306=VERTEX_POINT('',#11914);
#4307=VERTEX_POINT('',#11915);
#4308=VERTEX_POINT('',#11917);
#4309=VERTEX_POINT('',#11919);
#4310=VERTEX_POINT('',#11923);
#4311=VERTEX_POINT('',#11925);
#4312=VERTEX_POINT('',#11929);
#4313=VERTEX_POINT('',#11931);
#4314=VERTEX_POINT('',#11944);
#4315=VERTEX_POINT('',#11946);
#4316=VERTEX_POINT('',#11961);
#4317=VERTEX_POINT('',#11963);
#4318=VERTEX_POINT('',#11978);
#4319=VERTEX_POINT('',#11980);
#4320=VERTEX_POINT('',#11986);
#4321=VERTEX_POINT('',#11988);
#4322=VERTEX_POINT('',#11992);
#4323=VERTEX_POINT('',#11996);
#4324=VERTEX_POINT('',#12007);
#4325=VERTEX_POINT('',#12020);
#4326=VERTEX_POINT('',#12033);
#4327=VERTEX_POINT('',#12046);
#4328=VERTEX_POINT('',#12052);
#4329=VERTEX_POINT('',#12056);
#4330=VERTEX_POINT('',#12067);
#4331=VERTEX_POINT('',#12080);
#4332=VERTEX_POINT('',#12116);
#4333=VERTEX_POINT('',#12118);
#4334=VERTEX_POINT('',#12122);
#4335=VERTEX_POINT('',#12126);
#4336=VERTEX_POINT('',#12130);
#4337=VERTEX_POINT('',#12134);
#4338=VERTEX_POINT('',#12138);
#4339=VERTEX_POINT('',#12142);
#4340=VERTEX_POINT('',#12146);
#4341=VERTEX_POINT('',#12150);
#4342=VERTEX_POINT('',#12154);
#4343=VERTEX_POINT('',#12158);
#4344=VERTEX_POINT('',#12165);
#4345=VERTEX_POINT('',#12167);
#4346=VERTEX_POINT('',#12171);
#4347=VERTEX_POINT('',#12175);
#4348=VERTEX_POINT('',#12179);
#4349=VERTEX_POINT('',#12183);
#4350=VERTEX_POINT('',#12194);
#4351=VERTEX_POINT('',#12207);
#4352=VERTEX_POINT('',#12220);
#4353=VERTEX_POINT('',#12233);
#4354=VERTEX_POINT('',#12239);
#4355=VERTEX_POINT('',#12243);
#4356=VERTEX_POINT('',#12247);
#4357=VERTEX_POINT('',#12258);
#4358=VERTEX_POINT('',#12271);
#4359=VERTEX_POINT('',#12284);
#4360=VERTEX_POINT('',#12297);
#4361=VERTEX_POINT('',#12303);
#4362=VERTEX_POINT('',#12307);
#4363=VERTEX_POINT('',#12314);
#4364=VERTEX_POINT('',#12316);
#4365=VERTEX_POINT('',#12320);
#4366=VERTEX_POINT('',#12324);
#4367=VERTEX_POINT('',#12328);
#4368=VERTEX_POINT('',#12332);
#4369=VERTEX_POINT('',#12336);
#4370=VERTEX_POINT('',#12340);
#4371=VERTEX_POINT('',#12344);
#4372=VERTEX_POINT('',#12348);
#4373=VERTEX_POINT('',#12355);
#4374=VERTEX_POINT('',#12357);
#4375=VERTEX_POINT('',#12361);
#4376=VERTEX_POINT('',#12365);
#4377=VERTEX_POINT('',#12369);
#4378=VERTEX_POINT('',#12373);
#4379=VERTEX_POINT('',#12377);
#4380=VERTEX_POINT('',#12381);
#4381=VERTEX_POINT('',#12385);
#4382=VERTEX_POINT('',#12389);
#4383=VERTEX_POINT('',#12393);
#4384=VERTEX_POINT('',#12397);
#4385=VERTEX_POINT('',#12570);
#4386=VERTEX_POINT('',#12572);
#4387=VERTEX_POINT('',#12576);
#4388=VERTEX_POINT('',#12580);
#4389=VERTEX_POINT('',#12586);
#4390=VERTEX_POINT('',#12588);
#4391=VERTEX_POINT('',#12592);
#4392=VERTEX_POINT('',#12596);
#4393=VERTEX_POINT('',#12602);
#4394=VERTEX_POINT('',#12604);
#4395=VERTEX_POINT('',#12608);
#4396=VERTEX_POINT('',#12612);
#4397=VERTEX_POINT('',#12618);
#4398=VERTEX_POINT('',#12620);
#4399=VERTEX_POINT('',#12624);
#4400=VERTEX_POINT('',#12630);
#4401=VERTEX_POINT('',#12632);
#4402=VERTEX_POINT('',#12636);
#4403=VERTEX_POINT('',#12642);
#4404=VERTEX_POINT('',#12644);
#4405=VERTEX_POINT('',#12648);
#4406=VERTEX_POINT('',#12652);
#4407=VERTEX_POINT('',#12658);
#4408=VERTEX_POINT('',#12660);
#4409=VERTEX_POINT('',#12664);
#4410=VERTEX_POINT('',#12668);
#4411=VERTEX_POINT('',#12674);
#4412=VERTEX_POINT('',#12676);
#4413=VERTEX_POINT('',#12680);
#4414=VERTEX_POINT('',#12684);
#4415=VERTEX_POINT('',#12690);
#4416=VERTEX_POINT('',#12692);
#4417=VERTEX_POINT('',#12696);
#4418=VERTEX_POINT('',#12700);
#4419=VERTEX_POINT('',#12706);
#4420=VERTEX_POINT('',#12708);
#4421=VERTEX_POINT('',#12712);
#4422=VERTEX_POINT('',#12716);
#4423=VERTEX_POINT('',#12722);
#4424=VERTEX_POINT('',#12724);
#4425=VERTEX_POINT('',#12728);
#4426=VERTEX_POINT('',#12732);
#4427=VERTEX_POINT('',#12738);
#4428=VERTEX_POINT('',#12740);
#4429=VERTEX_POINT('',#12744);
#4430=VERTEX_POINT('',#12748);
#4431=VERTEX_POINT('',#12754);
#4432=VERTEX_POINT('',#12756);
#4433=VERTEX_POINT('',#12760);
#4434=VERTEX_POINT('',#12764);
#4435=VERTEX_POINT('',#12770);
#4436=VERTEX_POINT('',#12772);
#4437=VERTEX_POINT('',#12776);
#4438=VERTEX_POINT('',#12780);
#4439=LINE('',#9894,#5218);
#4440=LINE('',#9897,#5219);
#4441=LINE('',#9899,#5220);
#4442=LINE('',#9901,#5221);
#4443=LINE('',#9903,#5222);
#4444=LINE('',#9906,#5223);
#4445=LINE('',#9908,#5224);
#4446=LINE('',#9910,#5225);
#4447=LINE('',#9912,#5226);
#4448=LINE('',#9916,#5227);
#4449=LINE('',#9920,#5228);
#4450=LINE('',#9924,#5229);
#4451=LINE('',#9928,#5230);
#4452=LINE('',#9932,#5231);
#4453=LINE('',#9936,#5232);
#4454=LINE('',#9940,#5233);
#4455=LINE('',#9944,#5234);
#4456=LINE('',#9946,#5235);
#4457=LINE('',#9947,#5236);
#4458=LINE('',#9956,#5237);
#4459=LINE('',#9960,#5238);
#4460=LINE('',#9968,#5239);
#4461=LINE('',#9972,#5240);
#4462=LINE('',#9976,#5241);
#4463=LINE('',#9992,#5242);
#4464=LINE('',#9996,#5243);
#4465=LINE('',#10000,#5244);
#4466=LINE('',#10003,#5245);
#4467=LINE('',#10012,#5246);
#4468=LINE('',#10016,#5247);
#4469=LINE('',#10019,#5248);
#4470=LINE('',#10024,#5249);
#4471=LINE('',#10028,#5250);
#4472=LINE('',#10031,#5251);
#4473=LINE('',#10036,#5252);
#4474=LINE('',#10040,#5253);
#4475=LINE('',#10043,#5254);
#4476=LINE('',#10046,#5255);
#4477=LINE('',#10048,#5256);
#4478=LINE('',#10050,#5257);
#4479=LINE('',#10051,#5258);
#4480=LINE('',#10054,#5259);
#4481=LINE('',#10056,#5260);
#4482=LINE('',#10058,#5261);
#4483=LINE('',#10059,#5262);
#4484=LINE('',#10062,#5263);
#4485=LINE('',#10064,#5264);
#4486=LINE('',#10066,#5265);
#4487=LINE('',#10067,#5266);
#4488=LINE('',#10070,#5267);
#4489=LINE('',#10072,#5268);
#4490=LINE('',#10074,#5269);
#4491=LINE('',#10075,#5270);
#4492=LINE('',#10078,#5271);
#4493=LINE('',#10080,#5272);
#4494=LINE('',#10082,#5273);
#4495=LINE('',#10083,#5274);
#4496=LINE('',#10086,#5275);
#4497=LINE('',#10088,#5276);
#4498=LINE('',#10090,#5277);
#4499=LINE('',#10091,#5278);
#4500=LINE('',#10094,#5279);
#4501=LINE('',#10096,#5280);
#4502=LINE('',#10098,#5281);
#4503=LINE('',#10099,#5282);
#4504=LINE('',#10102,#5283);
#4505=LINE('',#10104,#5284);
#4506=LINE('',#10106,#5285);
#4507=LINE('',#10107,#5286);
#4508=LINE('',#10110,#5287);
#4509=LINE('',#10112,#5288);
#4510=LINE('',#10114,#5289);
#4511=LINE('',#10115,#5290);
#4512=LINE('',#10118,#5291);
#4513=LINE('',#10120,#5292);
#4514=LINE('',#10121,#5293);
#4515=LINE('',#10124,#5294);
#4516=LINE('',#10126,#5295);
#4517=LINE('',#10127,#5296);
#4518=LINE('',#10130,#5297);
#4519=LINE('',#10132,#5298);
#4520=LINE('',#10134,#5299);
#4521=LINE('',#10135,#5300);
#4522=LINE('',#10138,#5301);
#4523=LINE('',#10140,#5302);
#4524=LINE('',#10142,#5303);
#4525=LINE('',#10143,#5304);
#4526=LINE('',#10146,#5305);
#4527=LINE('',#10148,#5306);
#4528=LINE('',#10150,#5307);
#4529=LINE('',#10157,#5308);
#4530=LINE('',#10161,#5309);
#4531=LINE('',#10165,#5310);
#4532=LINE('',#10168,#5311);
#4533=LINE('',#10173,#5312);
#4534=LINE('',#10177,#5313);
#4535=LINE('',#10181,#5314);
#4536=LINE('',#10185,#5315);
#4537=LINE('',#10189,#5316);
#4538=LINE('',#10191,#5317);
#4539=LINE('',#10193,#5318);
#4540=LINE('',#10197,#5319);
#4541=LINE('',#10201,#5320);
#4542=LINE('',#10205,#5321);
#4543=LINE('',#10207,#5322);
#4544=LINE('',#10209,#5323);
#4545=LINE('',#10213,#5324);
#4546=LINE('',#10217,#5325);
#4547=LINE('',#10221,#5326);
#4548=LINE('',#10223,#5327);
#4549=LINE('',#10225,#5328);
#4550=LINE('',#10229,#5329);
#4551=LINE('',#10233,#5330);
#4552=LINE('',#10244,#5331);
#4553=LINE('',#10253,#5332);
#4554=LINE('',#10257,#5333);
#4555=LINE('',#10260,#5334);
#4556=LINE('',#10269,#5335);
#4557=LINE('',#10273,#5336);
#4558=LINE('',#10276,#5337);
#4559=LINE('',#10281,#5338);
#4560=LINE('',#10285,#5339);
#4561=LINE('',#10293,#5340);
#4562=LINE('',#10297,#5341);
#4563=LINE('',#10301,#5342);
#4564=LINE('',#10304,#5343);
#4565=LINE('',#10309,#5344);
#4566=LINE('',#10313,#5345);
#4567=LINE('',#10317,#5346);
#4568=LINE('',#10320,#5347);
#4569=LINE('',#10324,#5348);
#4570=LINE('',#10326,#5349);
#4571=LINE('',#10328,#5350);
#4572=LINE('',#10330,#5351);
#4573=LINE('',#10332,#5352);
#4574=LINE('',#10334,#5353);
#4575=LINE('',#10336,#5354);
#4576=LINE('',#10338,#5355);
#4577=LINE('',#10341,#5356);
#4578=LINE('',#10343,#5357);
#4579=LINE('',#10345,#5358);
#4580=LINE('',#10347,#5359);
#4581=LINE('',#10351,#5360);
#4582=LINE('',#10353,#5361);
#4583=LINE('',#10356,#5362);
#4584=LINE('',#10358,#5363);
#4585=LINE('',#10360,#5364);
#4586=LINE('',#10364,#5365);
#4587=LINE('',#10366,#5366);
#4588=LINE('',#10368,#5367);
#4589=LINE('',#10371,#5368);
#4590=LINE('',#10373,#5369);
#4591=LINE('',#10375,#5370);
#4592=LINE('',#10377,#5371);
#4593=LINE('',#10379,#5372);
#4594=LINE('',#10389,#5373);
#4595=LINE('',#10391,#5374);
#4596=LINE('',#10392,#5375);
#4597=LINE('',#10407,#5376);
#4598=LINE('',#10409,#5377);
#4599=LINE('',#10411,#5378);
#4600=LINE('',#10416,#5379);
#4601=LINE('',#10419,#5380);
#4602=LINE('',#10421,#5381);
#4603=LINE('',#10423,#5382);
#4604=LINE('',#10449,#5383);
#4605=LINE('',#10481,#5384);
#4606=LINE('',#10483,#5385);
#4607=LINE('',#10485,#5386);
#4608=LINE('',#10486,#5387);
#4609=LINE('',#10489,#5388);
#4610=LINE('',#10491,#5389);
#4611=LINE('',#10493,#5390);
#4612=LINE('',#10495,#5391);
#4613=LINE('',#10501,#5392);
#4614=LINE('',#10503,#5393);
#4615=LINE('',#10505,#5394);
#4616=LINE('',#10507,#5395);
#4617=LINE('',#10527,#5396);
#4618=LINE('',#10557,#5397);
#4619=LINE('',#10560,#5398);
#4620=LINE('',#10565,#5399);
#4621=LINE('',#10569,#5400);
#4622=LINE('',#10573,#5401);
#4623=LINE('',#10577,#5402);
#4624=LINE('',#10581,#5403);
#4625=LINE('',#10584,#5404);
#4626=LINE('',#10587,#5405);
#4627=LINE('',#10589,#5406);
#4628=LINE('',#10591,#5407);
#4629=LINE('',#10593,#5408);
#4630=LINE('',#10595,#5409);
#4631=LINE('',#10597,#5410);
#4632=LINE('',#10599,#5411);
#4633=LINE('',#10600,#5412);
#4634=LINE('',#10603,#5413);
#4635=LINE('',#10619,#5414);
#4636=LINE('',#10637,#5415);
#4637=LINE('',#10638,#5416);
#4638=LINE('',#10641,#5417);
#4639=LINE('',#10643,#5418);
#4640=LINE('',#10645,#5419);
#4641=LINE('',#10647,#5420);
#4642=LINE('',#10649,#5421);
#4643=LINE('',#10651,#5422);
#4644=LINE('',#10653,#5423);
#4645=LINE('',#10655,#5424);
#4646=LINE('',#10657,#5425);
#4647=LINE('',#10659,#5426);
#4648=LINE('',#10661,#5427);
#4649=LINE('',#10662,#5428);
#4650=LINE('',#10665,#5429);
#4651=LINE('',#10667,#5430);
#4652=LINE('',#10691,#5431);
#4653=LINE('',#10713,#5432);
#4654=LINE('',#10715,#5433);
#4655=LINE('',#10716,#5434);
#4656=LINE('',#10719,#5435);
#4657=LINE('',#10721,#5436);
#4658=LINE('',#10723,#5437);
#4659=LINE('',#10725,#5438);
#4660=LINE('',#10727,#5439);
#4661=LINE('',#10729,#5440);
#4662=LINE('',#10731,#5441);
#4663=LINE('',#10733,#5442);
#4664=LINE('',#10735,#5443);
#4665=LINE('',#10736,#5444);
#4666=LINE('',#10739,#5445);
#4667=LINE('',#10741,#5446);
#4668=LINE('',#10743,#5447);
#4669=LINE('',#10745,#5448);
#4670=LINE('',#10747,#5449);
#4671=LINE('',#10749,#5450);
#4672=LINE('',#10751,#5451);
#4673=LINE('',#10753,#5452);
#4674=LINE('',#10755,#5453);
#4675=LINE('',#10757,#5454);
#4676=LINE('',#10759,#5455);
#4677=LINE('',#10761,#5456);
#4678=LINE('',#10767,#5457);
#4679=LINE('',#10771,#5458);
#4680=LINE('',#10775,#5459);
#4681=LINE('',#10779,#5460);
#4682=LINE('',#10782,#5461);
#4683=LINE('',#10785,#5462);
#4684=LINE('',#10787,#5463);
#4685=LINE('',#10789,#5464);
#4686=LINE('',#10815,#5465);
#4687=LINE('',#10847,#5466);
#4688=LINE('',#10849,#5467);
#4689=LINE('',#10851,#5468);
#4690=LINE('',#10852,#5469);
#4691=LINE('',#10855,#5470);
#4692=LINE('',#10857,#5471);
#4693=LINE('',#10859,#5472);
#4694=LINE('',#10861,#5473);
#4695=LINE('',#10867,#5474);
#4696=LINE('',#10869,#5475);
#4697=LINE('',#10871,#5476);
#4698=LINE('',#10873,#5477);
#4699=LINE('',#10875,#5478);
#4700=LINE('',#10876,#5479);
#4701=LINE('',#10878,#5480);
#4702=LINE('',#10879,#5481);
#4703=LINE('',#10881,#5482);
#4704=LINE('',#10882,#5483);
#4705=LINE('',#10884,#5484);
#4706=LINE('',#10885,#5485);
#4707=LINE('',#10887,#5486);
#4708=LINE('',#10890,#5487);
#4709=LINE('',#10892,#5488);
#4710=LINE('',#10893,#5489);
#4711=LINE('',#10895,#5490);
#4712=LINE('',#10896,#5491);
#4713=LINE('',#10898,#5492);
#4714=LINE('',#10899,#5493);
#4715=LINE('',#10907,#5494);
#4716=LINE('',#10909,#5495);
#4717=LINE('',#10911,#5496);
#4718=LINE('',#10913,#5497);
#4719=LINE('',#10915,#5498);
#4720=LINE('',#10917,#5499);
#4721=LINE('',#10919,#5500);
#4722=LINE('',#10921,#5501);
#4723=LINE('',#10923,#5502);
#4724=LINE('',#10925,#5503);
#4725=LINE('',#10927,#5504);
#4726=LINE('',#10929,#5505);
#4727=LINE('',#10931,#5506);
#4728=LINE('',#10933,#5507);
#4729=LINE('',#10935,#5508);
#4730=LINE('',#10937,#5509);
#4731=LINE('',#10939,#5510);
#4732=LINE('',#10940,#5511);
#4733=LINE('',#10942,#5512);
#4734=LINE('',#10945,#5513);
#4735=LINE('',#10948,#5514);
#4736=LINE('',#10950,#5515);
#4737=LINE('',#10951,#5516);
#4738=LINE('',#10953,#5517);
#4739=LINE('',#10955,#5518);
#4740=LINE('',#10957,#5519);
#4741=LINE('',#10958,#5520);
#4742=LINE('',#10960,#5521);
#4743=LINE('',#10966,#5522);
#4744=LINE('',#10970,#5523);
#4745=LINE('',#10973,#5524);
#4746=LINE('',#10975,#5525);
#4747=LINE('',#10977,#5526);
#4748=LINE('',#10979,#5527);
#4749=LINE('',#10980,#5528);
#4750=LINE('',#10982,#5529);
#4751=LINE('',#10983,#5530);
#4752=LINE('',#10985,#5531);
#4753=LINE('',#10987,#5532);
#4754=LINE('',#10989,#5533);
#4755=LINE('',#10991,#5534);
#4756=LINE('',#10993,#5535);
#4757=LINE('',#10995,#5536);
#4758=LINE('',#10997,#5537);
#4759=LINE('',#10999,#5538);
#4760=LINE('',#11008,#5539);
#4761=LINE('',#11010,#5540);
#4762=LINE('',#11012,#5541);
#4763=LINE('',#11014,#5542);
#4764=LINE('',#11016,#5543);
#4765=LINE('',#11018,#5544);
#4766=LINE('',#11020,#5545);
#4767=LINE('',#11022,#5546);
#4768=LINE('',#11024,#5547);
#4769=LINE('',#11026,#5548);
#4770=LINE('',#11028,#5549);
#4771=LINE('',#11030,#5550);
#4772=LINE('',#11039,#5551);
#4773=LINE('',#11052,#5552);
#4774=LINE('',#11058,#5553);
#4775=LINE('',#11069,#5554);
#4776=LINE('',#11082,#5555);
#4777=LINE('',#11095,#5556);
#4778=LINE('',#11101,#5557);
#4779=LINE('',#11105,#5558);
#4780=LINE('',#11116,#5559);
#4781=LINE('',#11122,#5560);
#4782=LINE('',#11124,#5561);
#4783=LINE('',#11133,#5562);
#4784=LINE('',#11139,#5563);
#4785=LINE('',#11150,#5564);
#4786=LINE('',#11163,#5565);
#4787=LINE('',#11169,#5566);
#4788=LINE('',#11180,#5567);
#4789=LINE('',#11193,#5568);
#4790=LINE('',#11199,#5569);
#4791=LINE('',#11201,#5570);
#4792=LINE('',#11203,#5571);
#4793=LINE('',#11206,#5572);
#4794=LINE('',#11208,#5573);
#4795=LINE('',#11210,#5574);
#4796=LINE('',#11212,#5575);
#4797=LINE('',#11214,#5576);
#4798=LINE('',#11216,#5577);
#4799=LINE('',#11218,#5578);
#4800=LINE('',#11220,#5579);
#4801=LINE('',#11222,#5580);
#4802=LINE('',#11224,#5581);
#4803=LINE('',#11226,#5582);
#4804=LINE('',#11228,#5583);
#4805=LINE('',#11230,#5584);
#4806=LINE('',#11239,#5585);
#4807=LINE('',#11245,#5586);
#4808=LINE('',#11247,#5587);
#4809=LINE('',#11249,#5588);
#4810=LINE('',#11251,#5589);
#4811=LINE('',#11253,#5590);
#4812=LINE('',#11263,#5591);
#4813=LINE('',#11269,#5592);
#4814=LINE('',#11271,#5593);
#4815=LINE('',#11275,#5594);
#4816=LINE('',#11279,#5595);
#4817=LINE('',#11281,#5596);
#4818=LINE('',#11290,#5597);
#4819=LINE('',#11303,#5598);
#4820=LINE('',#11316,#5599);
#4821=LINE('',#11329,#5600);
#4822=LINE('',#11342,#5601);
#4823=LINE('',#11355,#5602);
#4824=LINE('',#11368,#5603);
#4825=LINE('',#11374,#5604);
#4826=LINE('',#11376,#5605);
#4827=LINE('',#11385,#5606);
#4828=LINE('',#11398,#5607);
#4829=LINE('',#11416,#5608);
#4830=LINE('',#11418,#5609);
#4831=LINE('',#11420,#5610);
#4832=LINE('',#11422,#5611);
#4833=LINE('',#11424,#5612);
#4834=LINE('',#11426,#5613);
#4835=LINE('',#11428,#5614);
#4836=LINE('',#11430,#5615);
#4837=LINE('',#11432,#5616);
#4838=LINE('',#11434,#5617);
#4839=LINE('',#11436,#5618);
#4840=LINE('',#11438,#5619);
#4841=LINE('',#11440,#5620);
#4842=LINE('',#11449,#5621);
#4843=LINE('',#11455,#5622);
#4844=LINE('',#11457,#5623);
#4845=LINE('',#11459,#5624);
#4846=LINE('',#11461,#5625);
#4847=LINE('',#11463,#5626);
#4848=LINE('',#11466,#5627);
#4849=LINE('',#11468,#5628);
#4850=LINE('',#11470,#5629);
#4851=LINE('',#11472,#5630);
#4852=LINE('',#11474,#5631);
#4853=LINE('',#11476,#5632);
#4854=LINE('',#11478,#5633);
#4855=LINE('',#11480,#5634);
#4856=LINE('',#11482,#5635);
#4857=LINE('',#11484,#5636);
#4858=LINE('',#11486,#5637);
#4859=LINE('',#11495,#5638);
#4860=LINE('',#11508,#5639);
#4861=LINE('',#11514,#5640);
#4862=LINE('',#11525,#5641);
#4863=LINE('',#11538,#5642);
#4864=LINE('',#11551,#5643);
#4865=LINE('',#11557,#5644);
#4866=LINE('',#11561,#5645);
#4867=LINE('',#11572,#5646);
#4868=LINE('',#11578,#5647);
#4869=LINE('',#11580,#5648);
#4870=LINE('',#11589,#5649);
#4871=LINE('',#11595,#5650);
#4872=LINE('',#11606,#5651);
#4873=LINE('',#11619,#5652);
#4874=LINE('',#11625,#5653);
#4875=LINE('',#11636,#5654);
#4876=LINE('',#11649,#5655);
#4877=LINE('',#11655,#5656);
#4878=LINE('',#11657,#5657);
#4879=LINE('',#11659,#5658);
#4880=LINE('',#11665,#5659);
#4881=LINE('',#11669,#5660);
#4882=LINE('',#11671,#5661);
#4883=LINE('',#11673,#5662);
#4884=LINE('',#11675,#5663);
#4885=LINE('',#11688,#5664);
#4886=LINE('',#11694,#5665);
#4887=LINE('',#11696,#5666);
#4888=LINE('',#11698,#5667);
#4889=LINE('',#11700,#5668);
#4890=LINE('',#11702,#5669);
#4891=LINE('',#11704,#5670);
#4892=LINE('',#11706,#5671);
#4893=LINE('',#11708,#5672);
#4894=LINE('',#11710,#5673);
#4895=LINE('',#11712,#5674);
#4896=LINE('',#11714,#5675);
#4897=LINE('',#11716,#5676);
#4898=LINE('',#11718,#5677);
#4899=LINE('',#11720,#5678);
#4900=LINE('',#11722,#5679);
#4901=LINE('',#11724,#5680);
#4902=LINE('',#11742,#5681);
#4903=LINE('',#11748,#5682);
#4904=LINE('',#11761,#5683);
#4905=LINE('',#11767,#5684);
#4906=LINE('',#11769,#5685);
#4907=LINE('',#11771,#5686);
#4908=LINE('',#11773,#5687);
#4909=LINE('',#11775,#5688);
#4910=LINE('',#11777,#5689);
#4911=LINE('',#11786,#5690);
#4912=LINE('',#11792,#5691);
#4913=LINE('',#11801,#5692);
#4914=LINE('',#11814,#5693);
#4915=LINE('',#11820,#5694);
#4916=LINE('',#11822,#5695);
#4917=LINE('',#11824,#5696);
#4918=LINE('',#11826,#5697);
#4919=LINE('',#11828,#5698);
#4920=LINE('',#11830,#5699);
#4921=LINE('',#11843,#5700);
#4922=LINE('',#11844,#5701);
#4923=LINE('',#11847,#5702);
#4924=LINE('',#11850,#5703);
#4925=LINE('',#11852,#5704);
#4926=LINE('',#11854,#5705);
#4927=LINE('',#11856,#5706);
#4928=LINE('',#11858,#5707);
#4929=LINE('',#11860,#5708);
#4930=LINE('',#11873,#5709);
#4931=LINE('',#11890,#5710);
#4932=LINE('',#11907,#5711);
#4933=LINE('',#11913,#5712);
#4934=LINE('',#11916,#5713);
#4935=LINE('',#11918,#5714);
#4936=LINE('',#11920,#5715);
#4937=LINE('',#11922,#5716);
#4938=LINE('',#11924,#5717);
#4939=LINE('',#11926,#5718);
#4940=LINE('',#11928,#5719);
#4941=LINE('',#11930,#5720);
#4942=LINE('',#11932,#5721);
#4943=LINE('',#11945,#5722);
#4944=LINE('',#11962,#5723);
#4945=LINE('',#11979,#5724);
#4946=LINE('',#11985,#5725);
#4947=LINE('',#11987,#5726);
#4948=LINE('',#11989,#5727);
#4949=LINE('',#11991,#5728);
#4950=LINE('',#11993,#5729);
#4951=LINE('',#11995,#5730);
#4952=LINE('',#11997,#5731);
#4953=LINE('',#12006,#5732);
#4954=LINE('',#12019,#5733);
#4955=LINE('',#12032,#5734);
#4956=LINE('',#12045,#5735);
#4957=LINE('',#12051,#5736);
#4958=LINE('',#12053,#5737);
#4959=LINE('',#12055,#5738);
#4960=LINE('',#12066,#5739);
#4961=LINE('',#12079,#5740);
#4962=LINE('',#12110,#5741);
#4963=LINE('',#12111,#5742);
#4964=LINE('',#12115,#5743);
#4965=LINE('',#12117,#5744);
#4966=LINE('',#12119,#5745);
#4967=LINE('',#12121,#5746);
#4968=LINE('',#12123,#5747);
#4969=LINE('',#12125,#5748);
#4970=LINE('',#12127,#5749);
#4971=LINE('',#12129,#5750);
#4972=LINE('',#12131,#5751);
#4973=LINE('',#12133,#5752);
#4974=LINE('',#12135,#5753);
#4975=LINE('',#12137,#5754);
#4976=LINE('',#12139,#5755);
#4977=LINE('',#12141,#5756);
#4978=LINE('',#12143,#5757);
#4979=LINE('',#12145,#5758);
#4980=LINE('',#12147,#5759);
#4981=LINE('',#12149,#5760);
#4982=LINE('',#12151,#5761);
#4983=LINE('',#12153,#5762);
#4984=LINE('',#12155,#5763);
#4985=LINE('',#12157,#5764);
#4986=LINE('',#12159,#5765);
#4987=LINE('',#12161,#5766);
#4988=LINE('',#12164,#5767);
#4989=LINE('',#12166,#5768);
#4990=LINE('',#12168,#5769);
#4991=LINE('',#12170,#5770);
#4992=LINE('',#12172,#5771);
#4993=LINE('',#12174,#5772);
#4994=LINE('',#12176,#5773);
#4995=LINE('',#12178,#5774);
#4996=LINE('',#12180,#5775);
#4997=LINE('',#12182,#5776);
#4998=LINE('',#12193,#5777);
#4999=LINE('',#12206,#5778);
#5000=LINE('',#12219,#5779);
#5001=LINE('',#12232,#5780);
#5002=LINE('',#12238,#5781);
#5003=LINE('',#12242,#5782);
#5004=LINE('',#12244,#5783);
#5005=LINE('',#12246,#5784);
#5006=LINE('',#12257,#5785);
#5007=LINE('',#12270,#5786);
#5008=LINE('',#12283,#5787);
#5009=LINE('',#12296,#5788);
#5010=LINE('',#12302,#5789);
#5011=LINE('',#12306,#5790);
#5012=LINE('',#12310,#5791);
#5013=LINE('',#12313,#5792);
#5014=LINE('',#12315,#5793);
#5015=LINE('',#12317,#5794);
#5016=LINE('',#12319,#5795);
#5017=LINE('',#12321,#5796);
#5018=LINE('',#12323,#5797);
#5019=LINE('',#12325,#5798);
#5020=LINE('',#12327,#5799);
#5021=LINE('',#12329,#5800);
#5022=LINE('',#12331,#5801);
#5023=LINE('',#12333,#5802);
#5024=LINE('',#12335,#5803);
#5025=LINE('',#12337,#5804);
#5026=LINE('',#12339,#5805);
#5027=LINE('',#12341,#5806);
#5028=LINE('',#12343,#5807);
#5029=LINE('',#12345,#5808);
#5030=LINE('',#12347,#5809);
#5031=LINE('',#12349,#5810);
#5032=LINE('',#12351,#5811);
#5033=LINE('',#12354,#5812);
#5034=LINE('',#12356,#5813);
#5035=LINE('',#12358,#5814);
#5036=LINE('',#12360,#5815);
#5037=LINE('',#12362,#5816);
#5038=LINE('',#12364,#5817);
#5039=LINE('',#12366,#5818);
#5040=LINE('',#12368,#5819);
#5041=LINE('',#12370,#5820);
#5042=LINE('',#12372,#5821);
#5043=LINE('',#12374,#5822);
#5044=LINE('',#12376,#5823);
#5045=LINE('',#12378,#5824);
#5046=LINE('',#12380,#5825);
#5047=LINE('',#12382,#5826);
#5048=LINE('',#12384,#5827);
#5049=LINE('',#12386,#5828);
#5050=LINE('',#12388,#5829);
#5051=LINE('',#12390,#5830);
#5052=LINE('',#12392,#5831);
#5053=LINE('',#12394,#5832);
#5054=LINE('',#12396,#5833);
#5055=LINE('',#12398,#5834);
#5056=LINE('',#12400,#5835);
#5057=LINE('',#12406,#5836);
#5058=LINE('',#12407,#5837);
#5059=LINE('',#12409,#5838);
#5060=LINE('',#12410,#5839);
#5061=LINE('',#12412,#5840);
#5062=LINE('',#12413,#5841);
#5063=LINE('',#12426,#5842);
#5064=LINE('',#12437,#5843);
#5065=LINE('',#12478,#5844);
#5066=LINE('',#12481,#5845);
#5067=LINE('',#12482,#5846);
#5068=LINE('',#12484,#5847);
#5069=LINE('',#12485,#5848);
#5070=LINE('',#12487,#5849);
#5071=LINE('',#12488,#5850);
#5072=LINE('',#12490,#5851);
#5073=LINE('',#12491,#5852);
#5074=LINE('',#12493,#5853);
#5075=LINE('',#12494,#5854);
#5076=LINE('',#12496,#5855);
#5077=LINE('',#12497,#5856);
#5078=LINE('',#12499,#5857);
#5079=LINE('',#12500,#5858);
#5080=LINE('',#12502,#5859);
#5081=LINE('',#12503,#5860);
#5082=LINE('',#12505,#5861);
#5083=LINE('',#12506,#5862);
#5084=LINE('',#12508,#5863);
#5085=LINE('',#12509,#5864);
#5086=LINE('',#12511,#5865);
#5087=LINE('',#12512,#5866);
#5088=LINE('',#12514,#5867);
#5089=LINE('',#12515,#5868);
#5090=LINE('',#12517,#5869);
#5091=LINE('',#12518,#5870);
#5092=LINE('',#12520,#5871);
#5093=LINE('',#12521,#5872);
#5094=LINE('',#12523,#5873);
#5095=LINE('',#12524,#5874);
#5096=LINE('',#12526,#5875);
#5097=LINE('',#12527,#5876);
#5098=LINE('',#12529,#5877);
#5099=LINE('',#12530,#5878);
#5100=LINE('',#12532,#5879);
#5101=LINE('',#12533,#5880);
#5102=LINE('',#12535,#5881);
#5103=LINE('',#12536,#5882);
#5104=LINE('',#12538,#5883);
#5105=LINE('',#12539,#5884);
#5106=LINE('',#12541,#5885);
#5107=LINE('',#12542,#5886);
#5108=LINE('',#12544,#5887);
#5109=LINE('',#12545,#5888);
#5110=LINE('',#12569,#5889);
#5111=LINE('',#12571,#5890);
#5112=LINE('',#12573,#5891);
#5113=LINE('',#12575,#5892);
#5114=LINE('',#12577,#5893);
#5115=LINE('',#12579,#5894);
#5116=LINE('',#12581,#5895);
#5117=LINE('',#12583,#5896);
#5118=LINE('',#12585,#5897);
#5119=LINE('',#12587,#5898);
#5120=LINE('',#12589,#5899);
#5121=LINE('',#12591,#5900);
#5122=LINE('',#12593,#5901);
#5123=LINE('',#12595,#5902);
#5124=LINE('',#12597,#5903);
#5125=LINE('',#12599,#5904);
#5126=LINE('',#12601,#5905);
#5127=LINE('',#12603,#5906);
#5128=LINE('',#12605,#5907);
#5129=LINE('',#12607,#5908);
#5130=LINE('',#12609,#5909);
#5131=LINE('',#12611,#5910);
#5132=LINE('',#12613,#5911);
#5133=LINE('',#12615,#5912);
#5134=LINE('',#12617,#5913);
#5135=LINE('',#12619,#5914);
#5136=LINE('',#12621,#5915);
#5137=LINE('',#12623,#5916);
#5138=LINE('',#12625,#5917);
#5139=LINE('',#12627,#5918);
#5140=LINE('',#12629,#5919);
#5141=LINE('',#12631,#5920);
#5142=LINE('',#12633,#5921);
#5143=LINE('',#12635,#5922);
#5144=LINE('',#12637,#5923);
#5145=LINE('',#12639,#5924);
#5146=LINE('',#12641,#5925);
#5147=LINE('',#12643,#5926);
#5148=LINE('',#12645,#5927);
#5149=LINE('',#12647,#5928);
#5150=LINE('',#12649,#5929);
#5151=LINE('',#12651,#5930);
#5152=LINE('',#12653,#5931);
#5153=LINE('',#12655,#5932);
#5154=LINE('',#12657,#5933);
#5155=LINE('',#12659,#5934);
#5156=LINE('',#12661,#5935);
#5157=LINE('',#12663,#5936);
#5158=LINE('',#12665,#5937);
#5159=LINE('',#12667,#5938);
#5160=LINE('',#12669,#5939);
#5161=LINE('',#12671,#5940);
#5162=LINE('',#12673,#5941);
#5163=LINE('',#12675,#5942);
#5164=LINE('',#12677,#5943);
#5165=LINE('',#12679,#5944);
#5166=LINE('',#12681,#5945);
#5167=LINE('',#12683,#5946);
#5168=LINE('',#12685,#5947);
#5169=LINE('',#12687,#5948);
#5170=LINE('',#12689,#5949);
#5171=LINE('',#12691,#5950);
#5172=LINE('',#12693,#5951);
#5173=LINE('',#12695,#5952);
#5174=LINE('',#12697,#5953);
#5175=LINE('',#12699,#5954);
#5176=LINE('',#12701,#5955);
#5177=LINE('',#12703,#5956);
#5178=LINE('',#12705,#5957);
#5179=LINE('',#12707,#5958);
#5180=LINE('',#12709,#5959);
#5181=LINE('',#12711,#5960);
#5182=LINE('',#12713,#5961);
#5183=LINE('',#12715,#5962);
#5184=LINE('',#12717,#5963);
#5185=LINE('',#12719,#5964);
#5186=LINE('',#12721,#5965);
#5187=LINE('',#12723,#5966);
#5188=LINE('',#12725,#5967);
#5189=LINE('',#12727,#5968);
#5190=LINE('',#12729,#5969);
#5191=LINE('',#12731,#5970);
#5192=LINE('',#12733,#5971);
#5193=LINE('',#12735,#5972);
#5194=LINE('',#12737,#5973);
#5195=LINE('',#12739,#5974);
#5196=LINE('',#12741,#5975);
#5197=LINE('',#12743,#5976);
#5198=LINE('',#12745,#5977);
#5199=LINE('',#12747,#5978);
#5200=LINE('',#12749,#5979);
#5201=LINE('',#12751,#5980);
#5202=LINE('',#12753,#5981);
#5203=LINE('',#12755,#5982);
#5204=LINE('',#12757,#5983);
#5205=LINE('',#12759,#5984);
#5206=LINE('',#12761,#5985);
#5207=LINE('',#12763,#5986);
#5208=LINE('',#12765,#5987);
#5209=LINE('',#12767,#5988);
#5210=LINE('',#12769,#5989);
#5211=LINE('',#12771,#5990);
#5212=LINE('',#12773,#5991);
#5213=LINE('',#12775,#5992);
#5214=LINE('',#12777,#5993);
#5215=LINE('',#12779,#5994);
#5216=LINE('',#12781,#5995);
#5217=LINE('',#12783,#5996);
#5218=VECTOR('',#8087,1.);
#5219=VECTOR('',#8088,1.);
#5220=VECTOR('',#8089,1.);
#5221=VECTOR('',#8090,1.);
#5222=VECTOR('',#8093,1.);
#5223=VECTOR('',#8094,1.);
#5224=VECTOR('',#8095,1.);
#5225=VECTOR('',#8096,1.);
#5226=VECTOR('',#8097,1.);
#5227=VECTOR('',#8100,1.);
#5228=VECTOR('',#8103,1.);
#5229=VECTOR('',#8106,1.);
#5230=VECTOR('',#8109,1.);
#5231=VECTOR('',#8112,1.);
#5232=VECTOR('',#8115,1.);
#5233=VECTOR('',#8118,1.);
#5234=VECTOR('',#8121,1.);
#5235=VECTOR('',#8122,1.);
#5236=VECTOR('',#8123,1.);
#5237=VECTOR('',#8130,1.);
#5238=VECTOR('',#8133,1.);
#5239=VECTOR('',#8140,1.);
#5240=VECTOR('',#8143,1.);
#5241=VECTOR('',#8146,1.);
#5242=VECTOR('',#8161,1.);
#5243=VECTOR('',#8164,1.);
#5244=VECTOR('',#8167,1.);
#5245=VECTOR('',#8170,1.);
#5246=VECTOR('',#8177,1.);
#5247=VECTOR('',#8180,1.);
#5248=VECTOR('',#8183,1.);
#5249=VECTOR('',#8186,1.);
#5250=VECTOR('',#8189,1.);
#5251=VECTOR('',#8192,1.);
#5252=VECTOR('',#8195,1.);
#5253=VECTOR('',#8198,1.);
#5254=VECTOR('',#8201,1.);
#5255=VECTOR('',#8202,1.);
#5256=VECTOR('',#8203,1.);
#5257=VECTOR('',#8204,1.);
#5258=VECTOR('',#8205,1.);
#5259=VECTOR('',#8206,1.);
#5260=VECTOR('',#8207,1.);
#5261=VECTOR('',#8208,1.);
#5262=VECTOR('',#8209,1.);
#5263=VECTOR('',#8210,1.);
#5264=VECTOR('',#8211,1.);
#5265=VECTOR('',#8212,1.);
#5266=VECTOR('',#8213,1.);
#5267=VECTOR('',#8214,1.);
#5268=VECTOR('',#8215,1.);
#5269=VECTOR('',#8216,1.);
#5270=VECTOR('',#8217,1.);
#5271=VECTOR('',#8218,1.);
#5272=VECTOR('',#8219,1.);
#5273=VECTOR('',#8220,1.);
#5274=VECTOR('',#8221,1.);
#5275=VECTOR('',#8222,1.);
#5276=VECTOR('',#8223,1.);
#5277=VECTOR('',#8224,1.);
#5278=VECTOR('',#8225,1.);
#5279=VECTOR('',#8226,1.);
#5280=VECTOR('',#8227,1.);
#5281=VECTOR('',#8228,1.);
#5282=VECTOR('',#8229,1.);
#5283=VECTOR('',#8230,1.);
#5284=VECTOR('',#8231,1.);
#5285=VECTOR('',#8232,1.);
#5286=VECTOR('',#8233,1.);
#5287=VECTOR('',#8234,1.);
#5288=VECTOR('',#8235,1.);
#5289=VECTOR('',#8236,1.);
#5290=VECTOR('',#8237,1.);
#5291=VECTOR('',#8238,1.);
#5292=VECTOR('',#8239,1.);
#5293=VECTOR('',#8240,1.);
#5294=VECTOR('',#8241,1.);
#5295=VECTOR('',#8242,1.);
#5296=VECTOR('',#8243,1.);
#5297=VECTOR('',#8244,1.);
#5298=VECTOR('',#8245,1.);
#5299=VECTOR('',#8246,1.);
#5300=VECTOR('',#8247,1.);
#5301=VECTOR('',#8248,1.);
#5302=VECTOR('',#8249,1.);
#5303=VECTOR('',#8250,1.);
#5304=VECTOR('',#8251,1.);
#5305=VECTOR('',#8252,1.);
#5306=VECTOR('',#8253,1.);
#5307=VECTOR('',#8254,1.);
#5308=VECTOR('',#8261,1.);
#5309=VECTOR('',#8264,1.);
#5310=VECTOR('',#8267,1.);
#5311=VECTOR('',#8270,1.);
#5312=VECTOR('',#8273,1.);
#5313=VECTOR('',#8276,1.);
#5314=VECTOR('',#8279,1.);
#5315=VECTOR('',#8282,1.);
#5316=VECTOR('',#8285,1.);
#5317=VECTOR('',#8286,1.);
#5318=VECTOR('',#8287,1.);
#5319=VECTOR('',#8290,1.);
#5320=VECTOR('',#8293,1.);
#5321=VECTOR('',#8296,1.);
#5322=VECTOR('',#8297,1.);
#5323=VECTOR('',#8298,1.);
#5324=VECTOR('',#8301,1.);
#5325=VECTOR('',#8304,1.);
#5326=VECTOR('',#8307,1.);
#5327=VECTOR('',#8308,1.);
#5328=VECTOR('',#8309,1.);
#5329=VECTOR('',#8312,1.);
#5330=VECTOR('',#8315,1.);
#5331=VECTOR('',#8326,1.);
#5332=VECTOR('',#8333,1.);
#5333=VECTOR('',#8336,1.);
#5334=VECTOR('',#8339,1.);
#5335=VECTOR('',#8346,1.);
#5336=VECTOR('',#8349,1.);
#5337=VECTOR('',#8352,1.);
#5338=VECTOR('',#8355,1.);
#5339=VECTOR('',#8358,1.);
#5340=VECTOR('',#8365,1.);
#5341=VECTOR('',#8368,1.);
#5342=VECTOR('',#8371,1.);
#5343=VECTOR('',#8374,1.);
#5344=VECTOR('',#8377,1.);
#5345=VECTOR('',#8380,1.);
#5346=VECTOR('',#8385,1.);
#5347=VECTOR('',#8386,1.);
#5348=VECTOR('',#8389,1.);
#5349=VECTOR('',#8390,1.);
#5350=VECTOR('',#8391,1.);
#5351=VECTOR('',#8392,1.);
#5352=VECTOR('',#8395,1.);
#5353=VECTOR('',#8396,1.);
#5354=VECTOR('',#8397,1.);
#5355=VECTOR('',#8400,1.);
#5356=VECTOR('',#8401,1.);
#5357=VECTOR('',#8402,1.);
#5358=VECTOR('',#8403,1.);
#5359=VECTOR('',#8404,1.);
#5360=VECTOR('',#8407,1.);
#5361=VECTOR('',#8410,1.);
#5362=VECTOR('',#8411,1.);
#5363=VECTOR('',#8412,1.);
#5364=VECTOR('',#8413,1.);
#5365=VECTOR('',#8416,1.);
#5366=VECTOR('',#8417,1.);
#5367=VECTOR('',#8420,1.);
#5368=VECTOR('',#8421,1.);
#5369=VECTOR('',#8422,1.);
#5370=VECTOR('',#8423,1.);
#5371=VECTOR('',#8426,1.);
#5372=VECTOR('',#8427,1.);
#5373=VECTOR('',#8442,1.);
#5374=VECTOR('',#8445,1.);
#5375=VECTOR('',#8446,1.);
#5376=VECTOR('',#8449,1.);
#5377=VECTOR('',#8450,1.);
#5378=VECTOR('',#8451,1.);
#5379=VECTOR('',#8452,1.);
#5380=VECTOR('',#8453,1.);
#5381=VECTOR('',#8454,1.);
#5382=VECTOR('',#8455,1.);
#5383=VECTOR('',#8460,1.);
#5384=VECTOR('',#8467,1.);
#5385=VECTOR('',#8468,1.);
#5386=VECTOR('',#8469,1.);
#5387=VECTOR('',#8470,1.);
#5388=VECTOR('',#8471,1.);
#5389=VECTOR('',#8472,1.);
#5390=VECTOR('',#8473,1.);
#5391=VECTOR('',#8474,1.);
#5392=VECTOR('',#8475,1.);
#5393=VECTOR('',#8476,1.);
#5394=VECTOR('',#8477,1.);
#5395=VECTOR('',#8478,1.);
#5396=VECTOR('',#8481,1.);
#5397=VECTOR('',#8482,1.);
#5398=VECTOR('',#8485,1.);
#5399=VECTOR('',#8488,1.);
#5400=VECTOR('',#8491,1.);
#5401=VECTOR('',#8494,1.);
#5402=VECTOR('',#8497,1.);
#5403=VECTOR('',#8500,1.);
#5404=VECTOR('',#8503,1.);
#5405=VECTOR('',#8504,1.);
#5406=VECTOR('',#8505,1.);
#5407=VECTOR('',#8506,1.);
#5408=VECTOR('',#8507,1.);
#5409=VECTOR('',#8508,1.);
#5410=VECTOR('',#8509,1.);
#5411=VECTOR('',#8510,1.);
#5412=VECTOR('',#8511,1.);
#5413=VECTOR('',#8512,1.);
#5414=VECTOR('',#8515,1.);
#5415=VECTOR('',#8516,1.);
#5416=VECTOR('',#8517,1.);
#5417=VECTOR('',#8518,1.);
#5418=VECTOR('',#8519,1.);
#5419=VECTOR('',#8520,1.);
#5420=VECTOR('',#8521,1.);
#5421=VECTOR('',#8522,1.);
#5422=VECTOR('',#8523,1.);
#5423=VECTOR('',#8524,1.);
#5424=VECTOR('',#8525,1.);
#5425=VECTOR('',#8526,1.);
#5426=VECTOR('',#8527,1.);
#5427=VECTOR('',#8528,1.);
#5428=VECTOR('',#8529,1.);
#5429=VECTOR('',#8530,1.);
#5430=VECTOR('',#8531,1.);
#5431=VECTOR('',#8538,1.);
#5432=VECTOR('',#8543,1.);
#5433=VECTOR('',#8544,1.);
#5434=VECTOR('',#8545,1.);
#5435=VECTOR('',#8546,1.);
#5436=VECTOR('',#8547,1.);
#5437=VECTOR('',#8548,1.);
#5438=VECTOR('',#8549,1.);
#5439=VECTOR('',#8550,1.);
#5440=VECTOR('',#8551,1.);
#5441=VECTOR('',#8552,1.);
#5442=VECTOR('',#8553,1.);
#5443=VECTOR('',#8554,1.);
#5444=VECTOR('',#8555,1.);
#5445=VECTOR('',#8556,1.);
#5446=VECTOR('',#8557,1.);
#5447=VECTOR('',#8558,1.);
#5448=VECTOR('',#8559,1.);
#5449=VECTOR('',#8560,1.);
#5450=VECTOR('',#8561,1.);
#5451=VECTOR('',#8562,1.);
#5452=VECTOR('',#8563,1.);
#5453=VECTOR('',#8564,1.);
#5454=VECTOR('',#8565,1.);
#5455=VECTOR('',#8566,1.);
#5456=VECTOR('',#8569,1.);
#5457=VECTOR('',#8574,1.);
#5458=VECTOR('',#8577,1.);
#5459=VECTOR('',#8580,1.);
#5460=VECTOR('',#8583,1.);
#5461=VECTOR('',#8586,1.);
#5462=VECTOR('',#8587,1.);
#5463=VECTOR('',#8588,1.);
#5464=VECTOR('',#8589,1.);
#5465=VECTOR('',#8594,1.);
#5466=VECTOR('',#8601,1.);
#5467=VECTOR('',#8602,1.);
#5468=VECTOR('',#8603,1.);
#5469=VECTOR('',#8604,1.);
#5470=VECTOR('',#8605,1.);
#5471=VECTOR('',#8606,1.);
#5472=VECTOR('',#8607,1.);
#5473=VECTOR('',#8608,1.);
#5474=VECTOR('',#8609,1.);
#5475=VECTOR('',#8610,1.);
#5476=VECTOR('',#8611,1.);
#5477=VECTOR('',#8612,1.);
#5478=VECTOR('',#8615,1.);
#5479=VECTOR('',#8616,1.);
#5480=VECTOR('',#8619,1.);
#5481=VECTOR('',#8620,1.);
#5482=VECTOR('',#8623,1.);
#5483=VECTOR('',#8624,1.);
#5484=VECTOR('',#8627,1.);
#5485=VECTOR('',#8628,1.);
#5486=VECTOR('',#8631,1.);
#5487=VECTOR('',#8634,1.);
#5488=VECTOR('',#8637,1.);
#5489=VECTOR('',#8638,1.);
#5490=VECTOR('',#8641,1.);
#5491=VECTOR('',#8642,1.);
#5492=VECTOR('',#8645,1.);
#5493=VECTOR('',#8646,1.);
#5494=VECTOR('',#8661,1.);
#5495=VECTOR('',#8662,1.);
#5496=VECTOR('',#8663,1.);
#5497=VECTOR('',#8666,1.);
#5498=VECTOR('',#8667,1.);
#5499=VECTOR('',#8668,1.);
#5500=VECTOR('',#8671,1.);
#5501=VECTOR('',#8672,1.);
#5502=VECTOR('',#8673,1.);
#5503=VECTOR('',#8676,1.);
#5504=VECTOR('',#8677,1.);
#5505=VECTOR('',#8678,1.);
#5506=VECTOR('',#8681,1.);
#5507=VECTOR('',#8682,1.);
#5508=VECTOR('',#8683,1.);
#5509=VECTOR('',#8686,1.);
#5510=VECTOR('',#8687,1.);
#5511=VECTOR('',#8688,1.);
#5512=VECTOR('',#8689,1.);
#5513=VECTOR('',#8692,1.);
#5514=VECTOR('',#8695,1.);
#5515=VECTOR('',#8696,1.);
#5516=VECTOR('',#8697,1.);
#5517=VECTOR('',#8698,1.);
#5518=VECTOR('',#8701,1.);
#5519=VECTOR('',#8702,1.);
#5520=VECTOR('',#8703,1.);
#5521=VECTOR('',#8704,1.);
#5522=VECTOR('',#8711,1.);
#5523=VECTOR('',#8714,1.);
#5524=VECTOR('',#8717,1.);
#5525=VECTOR('',#8718,1.);
#5526=VECTOR('',#8719,1.);
#5527=VECTOR('',#8722,1.);
#5528=VECTOR('',#8723,1.);
#5529=VECTOR('',#8726,1.);
#5530=VECTOR('',#8727,1.);
#5531=VECTOR('',#8730,1.);
#5532=VECTOR('',#8731,1.);
#5533=VECTOR('',#8732,1.);
#5534=VECTOR('',#8735,1.);
#5535=VECTOR('',#8736,1.);
#5536=VECTOR('',#8737,1.);
#5537=VECTOR('',#8740,1.);
#5538=VECTOR('',#8741,1.);
#5539=VECTOR('',#8758,1.);
#5540=VECTOR('',#8761,1.);
#5541=VECTOR('',#8762,1.);
#5542=VECTOR('',#8763,1.);
#5543=VECTOR('',#8766,1.);
#5544=VECTOR('',#8767,1.);
#5545=VECTOR('',#8770,1.);
#5546=VECTOR('',#8771,1.);
#5547=VECTOR('',#8774,1.);
#5548=VECTOR('',#8775,1.);
#5549=VECTOR('',#8778,1.);
#5550=VECTOR('',#8779,1.);
#5551=VECTOR('',#8780,1.);
#5552=VECTOR('',#8781,1.);
#5553=VECTOR('',#8784,1.);
#5554=VECTOR('',#8787,1.);
#5555=VECTOR('',#8788,1.);
#5556=VECTOR('',#8789,1.);
#5557=VECTOR('',#8792,1.);
#5558=VECTOR('',#8797,1.);
#5559=VECTOR('',#8800,1.);
#5560=VECTOR('',#8803,1.);
#5561=VECTOR('',#8804,1.);
#5562=VECTOR('',#8805,1.);
#5563=VECTOR('',#8808,1.);
#5564=VECTOR('',#8811,1.);
#5565=VECTOR('',#8812,1.);
#5566=VECTOR('',#8815,1.);
#5567=VECTOR('',#8818,1.);
#5568=VECTOR('',#8819,1.);
#5569=VECTOR('',#8822,1.);
#5570=VECTOR('',#8823,1.);
#5571=VECTOR('',#8826,1.);
#5572=VECTOR('',#8831,1.);
#5573=VECTOR('',#8832,1.);
#5574=VECTOR('',#8833,1.);
#5575=VECTOR('',#8836,1.);
#5576=VECTOR('',#8837,1.);
#5577=VECTOR('',#8840,1.);
#5578=VECTOR('',#8841,1.);
#5579=VECTOR('',#8844,1.);
#5580=VECTOR('',#8845,1.);
#5581=VECTOR('',#8848,1.);
#5582=VECTOR('',#8849,1.);
#5583=VECTOR('',#8852,1.);
#5584=VECTOR('',#8853,1.);
#5585=VECTOR('',#8854,1.);
#5586=VECTOR('',#8857,1.);
#5587=VECTOR('',#8858,1.);
#5588=VECTOR('',#8861,1.);
#5589=VECTOR('',#8862,1.);
#5590=VECTOR('',#8865,1.);
#5591=VECTOR('',#8868,1.);
#5592=VECTOR('',#8869,1.);
#5593=VECTOR('',#8872,1.);
#5594=VECTOR('',#8877,1.);
#5595=VECTOR('',#8882,1.);
#5596=VECTOR('',#8883,1.);
#5597=VECTOR('',#8884,1.);
#5598=VECTOR('',#8885,1.);
#5599=VECTOR('',#8886,1.);
#5600=VECTOR('',#8887,1.);
#5601=VECTOR('',#8888,1.);
#5602=VECTOR('',#8889,1.);
#5603=VECTOR('',#8890,1.);
#5604=VECTOR('',#8893,1.);
#5605=VECTOR('',#8894,1.);
#5606=VECTOR('',#8895,1.);
#5607=VECTOR('',#8896,1.);
#5608=VECTOR('',#8901,1.);
#5609=VECTOR('',#8902,1.);
#5610=VECTOR('',#8903,1.);
#5611=VECTOR('',#8906,1.);
#5612=VECTOR('',#8907,1.);
#5613=VECTOR('',#8910,1.);
#5614=VECTOR('',#8911,1.);
#5615=VECTOR('',#8914,1.);
#5616=VECTOR('',#8915,1.);
#5617=VECTOR('',#8918,1.);
#5618=VECTOR('',#8919,1.);
#5619=VECTOR('',#8922,1.);
#5620=VECTOR('',#8923,1.);
#5621=VECTOR('',#8924,1.);
#5622=VECTOR('',#8927,1.);
#5623=VECTOR('',#8928,1.);
#5624=VECTOR('',#8931,1.);
#5625=VECTOR('',#8932,1.);
#5626=VECTOR('',#8935,1.);
#5627=VECTOR('',#8940,1.);
#5628=VECTOR('',#8941,1.);
#5629=VECTOR('',#8942,1.);
#5630=VECTOR('',#8945,1.);
#5631=VECTOR('',#8946,1.);
#5632=VECTOR('',#8949,1.);
#5633=VECTOR('',#8950,1.);
#5634=VECTOR('',#8953,1.);
#5635=VECTOR('',#8954,1.);
#5636=VECTOR('',#8957,1.);
#5637=VECTOR('',#8958,1.);
#5638=VECTOR('',#8959,1.);
#5639=VECTOR('',#8960,1.);
#5640=VECTOR('',#8963,1.);
#5641=VECTOR('',#8966,1.);
#5642=VECTOR('',#8967,1.);
#5643=VECTOR('',#8968,1.);
#5644=VECTOR('',#8971,1.);
#5645=VECTOR('',#8976,1.);
#5646=VECTOR('',#8979,1.);
#5647=VECTOR('',#8982,1.);
#5648=VECTOR('',#8983,1.);
#5649=VECTOR('',#8984,1.);
#5650=VECTOR('',#8987,1.);
#5651=VECTOR('',#8990,1.);
#5652=VECTOR('',#8991,1.);
#5653=VECTOR('',#8994,1.);
#5654=VECTOR('',#8997,1.);
#5655=VECTOR('',#8998,1.);
#5656=VECTOR('',#9001,1.);
#5657=VECTOR('',#9002,1.);
#5658=VECTOR('',#9005,1.);
#5659=VECTOR('',#9012,1.);
#5660=VECTOR('',#9015,1.);
#5661=VECTOR('',#9018,1.);
#5662=VECTOR('',#9019,1.);
#5663=VECTOR('',#9020,1.);
#5664=VECTOR('',#9021,1.);
#5665=VECTOR('',#9024,1.);
#5666=VECTOR('',#9025,1.);
#5667=VECTOR('',#9026,1.);
#5668=VECTOR('',#9029,1.);
#5669=VECTOR('',#9030,1.);
#5670=VECTOR('',#9033,1.);
#5671=VECTOR('',#9034,1.);
#5672=VECTOR('',#9037,1.);
#5673=VECTOR('',#9038,1.);
#5674=VECTOR('',#9041,1.);
#5675=VECTOR('',#9042,1.);
#5676=VECTOR('',#9045,1.);
#5677=VECTOR('',#9046,1.);
#5678=VECTOR('',#9049,1.);
#5679=VECTOR('',#9050,1.);
#5680=VECTOR('',#9053,1.);
#5681=VECTOR('',#9062,1.);
#5682=VECTOR('',#9063,1.);
#5683=VECTOR('',#9064,1.);
#5684=VECTOR('',#9067,1.);
#5685=VECTOR('',#9068,1.);
#5686=VECTOR('',#9069,1.);
#5687=VECTOR('',#9072,1.);
#5688=VECTOR('',#9073,1.);
#5689=VECTOR('',#9074,1.);
#5690=VECTOR('',#9075,1.);
#5691=VECTOR('',#9076,1.);
#5692=VECTOR('',#9077,1.);
#5693=VECTOR('',#9078,1.);
#5694=VECTOR('',#9081,1.);
#5695=VECTOR('',#9082,1.);
#5696=VECTOR('',#9085,1.);
#5697=VECTOR('',#9086,1.);
#5698=VECTOR('',#9089,1.);
#5699=VECTOR('',#9090,1.);
#5700=VECTOR('',#9093,1.);
#5701=VECTOR('',#9094,1.);
#5702=VECTOR('',#9099,1.);
#5703=VECTOR('',#9100,1.);
#5704=VECTOR('',#9101,1.);
#5705=VECTOR('',#9102,1.);
#5706=VECTOR('',#9105,1.);
#5707=VECTOR('',#9106,1.);
#5708=VECTOR('',#9107,1.);
#5709=VECTOR('',#9108,1.);
#5710=VECTOR('',#9109,1.);
#5711=VECTOR('',#9110,1.);
#5712=VECTOR('',#9113,1.);
#5713=VECTOR('',#9114,1.);
#5714=VECTOR('',#9115,1.);
#5715=VECTOR('',#9116,1.);
#5716=VECTOR('',#9119,1.);
#5717=VECTOR('',#9120,1.);
#5718=VECTOR('',#9121,1.);
#5719=VECTOR('',#9124,1.);
#5720=VECTOR('',#9125,1.);
#5721=VECTOR('',#9126,1.);
#5722=VECTOR('',#9127,1.);
#5723=VECTOR('',#9128,1.);
#5724=VECTOR('',#9129,1.);
#5725=VECTOR('',#9132,1.);
#5726=VECTOR('',#9133,1.);
#5727=VECTOR('',#9134,1.);
#5728=VECTOR('',#9137,1.);
#5729=VECTOR('',#9138,1.);
#5730=VECTOR('',#9141,1.);
#5731=VECTOR('',#9142,1.);
#5732=VECTOR('',#9143,1.);
#5733=VECTOR('',#9144,1.);
#5734=VECTOR('',#9145,1.);
#5735=VECTOR('',#9146,1.);
#5736=VECTOR('',#9149,1.);
#5737=VECTOR('',#9150,1.);
#5738=VECTOR('',#9153,1.);
#5739=VECTOR('',#9156,1.);
#5740=VECTOR('',#9157,1.);
#5741=VECTOR('',#9160,1.);
#5742=VECTOR('',#9161,1.);
#5743=VECTOR('',#9168,1.);
#5744=VECTOR('',#9169,1.);
#5745=VECTOR('',#9170,1.);
#5746=VECTOR('',#9173,1.);
#5747=VECTOR('',#9174,1.);
#5748=VECTOR('',#9177,1.);
#5749=VECTOR('',#9178,1.);
#5750=VECTOR('',#9181,1.);
#5751=VECTOR('',#9182,1.);
#5752=VECTOR('',#9185,1.);
#5753=VECTOR('',#9186,1.);
#5754=VECTOR('',#9189,1.);
#5755=VECTOR('',#9190,1.);
#5756=VECTOR('',#9193,1.);
#5757=VECTOR('',#9194,1.);
#5758=VECTOR('',#9197,1.);
#5759=VECTOR('',#9198,1.);
#5760=VECTOR('',#9201,1.);
#5761=VECTOR('',#9202,1.);
#5762=VECTOR('',#9205,1.);
#5763=VECTOR('',#9206,1.);
#5764=VECTOR('',#9209,1.);
#5765=VECTOR('',#9210,1.);
#5766=VECTOR('',#9213,1.);
#5767=VECTOR('',#9218,1.);
#5768=VECTOR('',#9219,1.);
#5769=VECTOR('',#9220,1.);
#5770=VECTOR('',#9223,1.);
#5771=VECTOR('',#9224,1.);
#5772=VECTOR('',#9227,1.);
#5773=VECTOR('',#9228,1.);
#5774=VECTOR('',#9231,1.);
#5775=VECTOR('',#9232,1.);
#5776=VECTOR('',#9235,1.);
#5777=VECTOR('',#9238,1.);
#5778=VECTOR('',#9239,1.);
#5779=VECTOR('',#9240,1.);
#5780=VECTOR('',#9241,1.);
#5781=VECTOR('',#9244,1.);
#5782=VECTOR('',#9249,1.);
#5783=VECTOR('',#9250,1.);
#5784=VECTOR('',#9253,1.);
#5785=VECTOR('',#9256,1.);
#5786=VECTOR('',#9257,1.);
#5787=VECTOR('',#9258,1.);
#5788=VECTOR('',#9259,1.);
#5789=VECTOR('',#9262,1.);
#5790=VECTOR('',#9267,1.);
#5791=VECTOR('',#9272,1.);
#5792=VECTOR('',#9277,1.);
#5793=VECTOR('',#9278,1.);
#5794=VECTOR('',#9279,1.);
#5795=VECTOR('',#9282,1.);
#5796=VECTOR('',#9283,1.);
#5797=VECTOR('',#9286,1.);
#5798=VECTOR('',#9287,1.);
#5799=VECTOR('',#9290,1.);
#5800=VECTOR('',#9291,1.);
#5801=VECTOR('',#9294,1.);
#5802=VECTOR('',#9295,1.);
#5803=VECTOR('',#9298,1.);
#5804=VECTOR('',#9299,1.);
#5805=VECTOR('',#9302,1.);
#5806=VECTOR('',#9303,1.);
#5807=VECTOR('',#9306,1.);
#5808=VECTOR('',#9307,1.);
#5809=VECTOR('',#9310,1.);
#5810=VECTOR('',#9311,1.);
#5811=VECTOR('',#9314,1.);
#5812=VECTOR('',#9319,1.);
#5813=VECTOR('',#9320,1.);
#5814=VECTOR('',#9321,1.);
#5815=VECTOR('',#9324,1.);
#5816=VECTOR('',#9325,1.);
#5817=VECTOR('',#9328,1.);
#5818=VECTOR('',#9329,1.);
#5819=VECTOR('',#9332,1.);
#5820=VECTOR('',#9333,1.);
#5821=VECTOR('',#9336,1.);
#5822=VECTOR('',#9337,1.);
#5823=VECTOR('',#9340,1.);
#5824=VECTOR('',#9341,1.);
#5825=VECTOR('',#9344,1.);
#5826=VECTOR('',#9345,1.);
#5827=VECTOR('',#9348,1.);
#5828=VECTOR('',#9349,1.);
#5829=VECTOR('',#9352,1.);
#5830=VECTOR('',#9353,1.);
#5831=VECTOR('',#9356,1.);
#5832=VECTOR('',#9357,1.);
#5833=VECTOR('',#9360,1.);
#5834=VECTOR('',#9361,1.);
#5835=VECTOR('',#9364,1.);
#5836=VECTOR('',#9375,1.);
#5837=VECTOR('',#9376,1.);
#5838=VECTOR('',#9379,1.);
#5839=VECTOR('',#9380,1.);
#5840=VECTOR('',#9383,1.);
#5841=VECTOR('',#9384,1.);
#5842=VECTOR('',#9409,1.);
#5843=VECTOR('',#9430,1.);
#5844=VECTOR('',#9511,1.);
#5845=VECTOR('',#9516,1.);
#5846=VECTOR('',#9517,1.);
#5847=VECTOR('',#9520,1.);
#5848=VECTOR('',#9521,1.);
#5849=VECTOR('',#9524,1.);
#5850=VECTOR('',#9525,1.);
#5851=VECTOR('',#9528,1.);
#5852=VECTOR('',#9529,1.);
#5853=VECTOR('',#9532,1.);
#5854=VECTOR('',#9533,1.);
#5855=VECTOR('',#9536,1.);
#5856=VECTOR('',#9537,1.);
#5857=VECTOR('',#9540,1.);
#5858=VECTOR('',#9541,1.);
#5859=VECTOR('',#9544,1.);
#5860=VECTOR('',#9545,1.);
#5861=VECTOR('',#9548,1.);
#5862=VECTOR('',#9549,1.);
#5863=VECTOR('',#9552,1.);
#5864=VECTOR('',#9553,1.);
#5865=VECTOR('',#9556,1.);
#5866=VECTOR('',#9557,1.);
#5867=VECTOR('',#9560,1.);
#5868=VECTOR('',#9561,1.);
#5869=VECTOR('',#9564,1.);
#5870=VECTOR('',#9565,1.);
#5871=VECTOR('',#9568,1.);
#5872=VECTOR('',#9569,1.);
#5873=VECTOR('',#9572,1.);
#5874=VECTOR('',#9573,1.);
#5875=VECTOR('',#9576,1.);
#5876=VECTOR('',#9577,1.);
#5877=VECTOR('',#9580,1.);
#5878=VECTOR('',#9581,1.);
#5879=VECTOR('',#9584,1.);
#5880=VECTOR('',#9585,1.);
#5881=VECTOR('',#9588,1.);
#5882=VECTOR('',#9589,1.);
#5883=VECTOR('',#9592,1.);
#5884=VECTOR('',#9593,1.);
#5885=VECTOR('',#9596,1.);
#5886=VECTOR('',#9597,1.);
#5887=VECTOR('',#9600,1.);
#5888=VECTOR('',#9601,1.);
#5889=VECTOR('',#9648,1.);
#5890=VECTOR('',#9649,1.);
#5891=VECTOR('',#9650,1.);
#5892=VECTOR('',#9653,1.);
#5893=VECTOR('',#9654,1.);
#5894=VECTOR('',#9657,1.);
#5895=VECTOR('',#9658,1.);
#5896=VECTOR('',#9661,1.);
#5897=VECTOR('',#9664,1.);
#5898=VECTOR('',#9665,1.);
#5899=VECTOR('',#9666,1.);
#5900=VECTOR('',#9669,1.);
#5901=VECTOR('',#9670,1.);
#5902=VECTOR('',#9673,1.);
#5903=VECTOR('',#9674,1.);
#5904=VECTOR('',#9677,1.);
#5905=VECTOR('',#9680,1.);
#5906=VECTOR('',#9681,1.);
#5907=VECTOR('',#9682,1.);
#5908=VECTOR('',#9685,1.);
#5909=VECTOR('',#9686,1.);
#5910=VECTOR('',#9689,1.);
#5911=VECTOR('',#9690,1.);
#5912=VECTOR('',#9693,1.);
#5913=VECTOR('',#9696,1.);
#5914=VECTOR('',#9697,1.);
#5915=VECTOR('',#9698,1.);
#5916=VECTOR('',#9701,1.);
#5917=VECTOR('',#9702,1.);
#5918=VECTOR('',#9705,1.);
#5919=VECTOR('',#9708,1.);
#5920=VECTOR('',#9709,1.);
#5921=VECTOR('',#9710,1.);
#5922=VECTOR('',#9713,1.);
#5923=VECTOR('',#9714,1.);
#5924=VECTOR('',#9717,1.);
#5925=VECTOR('',#9720,1.);
#5926=VECTOR('',#9721,1.);
#5927=VECTOR('',#9722,1.);
#5928=VECTOR('',#9725,1.);
#5929=VECTOR('',#9726,1.);
#5930=VECTOR('',#9729,1.);
#5931=VECTOR('',#9730,1.);
#5932=VECTOR('',#9733,1.);
#5933=VECTOR('',#9736,1.);
#5934=VECTOR('',#9737,1.);
#5935=VECTOR('',#9738,1.);
#5936=VECTOR('',#9741,1.);
#5937=VECTOR('',#9742,1.);
#5938=VECTOR('',#9745,1.);
#5939=VECTOR('',#9746,1.);
#5940=VECTOR('',#9749,1.);
#5941=VECTOR('',#9752,1.);
#5942=VECTOR('',#9753,1.);
#5943=VECTOR('',#9754,1.);
#5944=VECTOR('',#9757,1.);
#5945=VECTOR('',#9758,1.);
#5946=VECTOR('',#9761,1.);
#5947=VECTOR('',#9762,1.);
#5948=VECTOR('',#9765,1.);
#5949=VECTOR('',#9768,1.);
#5950=VECTOR('',#9769,1.);
#5951=VECTOR('',#9770,1.);
#5952=VECTOR('',#9773,1.);
#5953=VECTOR('',#9774,1.);
#5954=VECTOR('',#9777,1.);
#5955=VECTOR('',#9778,1.);
#5956=VECTOR('',#9781,1.);
#5957=VECTOR('',#9784,1.);
#5958=VECTOR('',#9785,1.);
#5959=VECTOR('',#9786,1.);
#5960=VECTOR('',#9789,1.);
#5961=VECTOR('',#9790,1.);
#5962=VECTOR('',#9793,1.);
#5963=VECTOR('',#9794,1.);
#5964=VECTOR('',#9797,1.);
#5965=VECTOR('',#9800,1.);
#5966=VECTOR('',#9801,1.);
#5967=VECTOR('',#9802,1.);
#5968=VECTOR('',#9805,1.);
#5969=VECTOR('',#9806,1.);
#5970=VECTOR('',#9809,1.);
#5971=VECTOR('',#9810,1.);
#5972=VECTOR('',#9813,1.);
#5973=VECTOR('',#9816,1.);
#5974=VECTOR('',#9817,1.);
#5975=VECTOR('',#9818,1.);
#5976=VECTOR('',#9821,1.);
#5977=VECTOR('',#9822,1.);
#5978=VECTOR('',#9825,1.);
#5979=VECTOR('',#9826,1.);
#5980=VECTOR('',#9829,1.);
#5981=VECTOR('',#9832,1.);
#5982=VECTOR('',#9833,1.);
#5983=VECTOR('',#9834,1.);
#5984=VECTOR('',#9837,1.);
#5985=VECTOR('',#9838,1.);
#5986=VECTOR('',#9841,1.);
#5987=VECTOR('',#9842,1.);
#5988=VECTOR('',#9845,1.);
#5989=VECTOR('',#9848,1.);
#5990=VECTOR('',#9849,1.);
#5991=VECTOR('',#9850,1.);
#5992=VECTOR('',#9853,1.);
#5993=VECTOR('',#9854,1.);
#5994=VECTOR('',#9857,1.);
#5995=VECTOR('',#9858,1.);
#5996=VECTOR('',#9861,1.);
#5997=EDGE_LOOP('',(#473,#474,#475,#476));
#5998=EDGE_LOOP('',(#477,#478,#479,#480,#481,#482,#483,#484,#485,#486,#487,
#488,#489,#490,#491,#492,#493,#494,#495,#496,#497,#498));
#5999=EDGE_LOOP('',(#499,#500,#501,#502,#503,#504,#505,#506));
#6000=EDGE_LOOP('',(#507,#508,#509,#510,#511,#512,#513,#514));
#6001=EDGE_LOOP('',(#515));
#6002=EDGE_LOOP('',(#516));
#6003=EDGE_LOOP('',(#517));
#6004=EDGE_LOOP('',(#518));
#6005=EDGE_LOOP('',(#519,#520,#521,#522,#523,#524,#525,#526));
#6006=EDGE_LOOP('',(#527,#528,#529,#530,#531,#532,#533,#534));
#6007=EDGE_LOOP('',(#535,#536,#537,#538,#539,#540));
#6008=EDGE_LOOP('',(#541,#542,#543,#544,#545,#546));
#6009=EDGE_LOOP('',(#547,#548,#549,#550));
#6010=EDGE_LOOP('',(#551,#552,#553,#554));
#6011=EDGE_LOOP('',(#555,#556,#557,#558));
#6012=EDGE_LOOP('',(#559,#560,#561,#562));
#6013=EDGE_LOOP('',(#563,#564,#565,#566));
#6014=EDGE_LOOP('',(#567,#568,#569,#570));
#6015=EDGE_LOOP('',(#571,#572,#573,#574));
#6016=EDGE_LOOP('',(#575,#576,#577,#578));
#6017=EDGE_LOOP('',(#579,#580,#581,#582));
#6018=EDGE_LOOP('',(#583,#584,#585));
#6019=EDGE_LOOP('',(#586,#587,#588));
#6020=EDGE_LOOP('',(#589,#590,#591,#592));
#6021=EDGE_LOOP('',(#593,#594,#595,#596));
#6022=EDGE_LOOP('',(#597,#598,#599,#600));
#6023=EDGE_LOOP('',(#601,#602,#603,#604,#605,#606,#607,#608));
#6024=EDGE_LOOP('',(#609,#610,#611,#612,#613,#614,#615,#616,#617,#618,#619,
#620,#621,#622,#623,#624,#625,#626,#627,#628,#629,#630,#631,#632,#633,#634,
#635,#636,#637,#638,#639,#640,#641,#642));
#6025=EDGE_LOOP('',(#643));
#6026=EDGE_LOOP('',(#644));
#6027=EDGE_LOOP('',(#645));
#6028=EDGE_LOOP('',(#646));
#6029=EDGE_LOOP('',(#647,#648,#649,#650,#651,#652,#653,#654));
#6030=EDGE_LOOP('',(#655,#656,#657,#658,#659,#660,#661,#662));
#6031=EDGE_LOOP('',(#663,#664,#665,#666,#667,#668));
#6032=EDGE_LOOP('',(#669,#670,#671,#672,#673,#674,#675,#676));
#6033=EDGE_LOOP('',(#677,#678,#679,#680,#681,#682));
#6034=EDGE_LOOP('',(#683,#684,#685,#686,#687,#688,#689));
#6035=EDGE_LOOP('',(#690,#691,#692,#693));
#6036=EDGE_LOOP('',(#694,#695,#696,#697,#698,#699,#700));
#6037=EDGE_LOOP('',(#701,#702,#703,#704,#705,#706,#707));
#6038=EDGE_LOOP('',(#708,#709,#710,#711));
#6039=EDGE_LOOP('',(#712,#713,#714,#715));
#6040=EDGE_LOOP('',(#716,#717,#718,#719));
#6041=EDGE_LOOP('',(#720,#721,#722,#723));
#6042=EDGE_LOOP('',(#724,#725,#726,#727));
#6043=EDGE_LOOP('',(#728,#729,#730,#731,#732,#733,#734));
#6044=EDGE_LOOP('',(#735,#736,#737,#738,#739,#740,#741,#742,#743,#744,#745,
#746,#747,#748,#749,#750,#751,#752,#753,#754,#755,#756,#757,#758));
#6045=EDGE_LOOP('',(#759,#760,#761,#762,#763,#764,#765,#766,#767,#768));
#6046=EDGE_LOOP('',(#769,#770,#771,#772,#773,#774,#775,#776,#777,#778,#779,
#780,#781,#782,#783));
#6047=EDGE_LOOP('',(#784,#785,#786,#787,#788,#789,#790,#791,#792,#793,#794,
#795));
#6048=EDGE_LOOP('',(#796,#797,#798,#799,#800,#801,#802,#803));
#6049=EDGE_LOOP('',(#804,#805,#806,#807,#808,#809,#810,#811,#812,#813,#814,
#815));
#6050=EDGE_LOOP('',(#816,#817,#818,#819,#820,#821,#822,#823,#824,#825,#826,
#827));
#6051=EDGE_LOOP('',(#828,#829,#830,#831,#832,#833,#834,#835,#836,#837,#838,
#839,#840,#841,#842,#843,#844,#845,#846));
#6052=EDGE_LOOP('',(#847,#848,#849,#850,#851,#852,#853,#854,#855,#856));
#6053=EDGE_LOOP('',(#857,#858,#859,#860,#861,#862,#863,#864,#865,#866,#867,
#868));
#6054=EDGE_LOOP('',(#869,#870,#871,#872,#873,#874,#875,#876,#877,#878,#879,
#880));
#6055=EDGE_LOOP('',(#881,#882,#883,#884,#885,#886,#887,#888,#889,#890,#891,
#892,#893,#894,#895,#896,#897,#898,#899,#900,#901,#902,#903,#904));
#6056=EDGE_LOOP('',(#905,#906,#907,#908,#909,#910,#911,#912,#913,#914));
#6057=EDGE_LOOP('',(#915,#916,#917,#918));
#6058=EDGE_LOOP('',(#919,#920,#921,#922));
#6059=EDGE_LOOP('',(#923,#924,#925,#926));
#6060=EDGE_LOOP('',(#927,#928,#929,#930));
#6061=EDGE_LOOP('',(#931,#932,#933,#934));
#6062=EDGE_LOOP('',(#935,#936,#937,#938));
#6063=EDGE_LOOP('',(#939,#940,#941,#942));
#6064=EDGE_LOOP('',(#943,#944,#945,#946));
#6065=EDGE_LOOP('',(#947,#948,#949,#950));
#6066=EDGE_LOOP('',(#951,#952,#953,#954));
#6067=EDGE_LOOP('',(#955,#956,#957,#958));
#6068=EDGE_LOOP('',(#959,#960,#961,#962));
#6069=EDGE_LOOP('',(#963,#964,#965,#966));
#6070=EDGE_LOOP('',(#967,#968,#969,#970));
#6071=EDGE_LOOP('',(#971,#972,#973,#974));
#6072=EDGE_LOOP('',(#975,#976,#977,#978));
#6073=EDGE_LOOP('',(#979,#980,#981,#982));
#6074=EDGE_LOOP('',(#983,#984,#985,#986));
#6075=EDGE_LOOP('',(#987,#988,#989,#990));
#6076=EDGE_LOOP('',(#991,#992,#993,#994,#995,#996,#997,#998,#999,#1000,
#1001,#1002,#1003,#1004,#1005,#1006,#1007,#1008));
#6077=EDGE_LOOP('',(#1009,#1010,#1011,#1012,#1013,#1014,#1015));
#6078=EDGE_LOOP('',(#1016,#1017,#1018,#1019,#1020,#1021,#1022,#1023,#1024,
#1025));
#6079=EDGE_LOOP('',(#1026,#1027,#1028,#1029));
#6080=EDGE_LOOP('',(#1030,#1031,#1032,#1033));
#6081=EDGE_LOOP('',(#1034,#1035,#1036,#1037));
#6082=EDGE_LOOP('',(#1038,#1039,#1040,#1041));
#6083=EDGE_LOOP('',(#1042,#1043,#1044,#1045,#1046,#1047,#1048,#1049,#1050));
#6084=EDGE_LOOP('',(#1051));
#6085=EDGE_LOOP('',(#1052));
#6086=EDGE_LOOP('',(#1053));
#6087=EDGE_LOOP('',(#1054));
#6088=EDGE_LOOP('',(#1055));
#6089=EDGE_LOOP('',(#1056));
#6090=EDGE_LOOP('',(#1057));
#6091=EDGE_LOOP('',(#1058));
#6092=EDGE_LOOP('',(#1059,#1060,#1061,#1062));
#6093=EDGE_LOOP('',(#1063,#1064,#1065,#1066));
#6094=EDGE_LOOP('',(#1067,#1068,#1069,#1070));
#6095=EDGE_LOOP('',(#1071,#1072,#1073,#1074));
#6096=EDGE_LOOP('',(#1075,#1076,#1077,#1078));
#6097=EDGE_LOOP('',(#1079,#1080,#1081,#1082));
#6098=EDGE_LOOP('',(#1083,#1084,#1085,#1086));
#6099=EDGE_LOOP('',(#1087,#1088,#1089,#1090));
#6100=EDGE_LOOP('',(#1091,#1092,#1093,#1094));
#6101=EDGE_LOOP('',(#1095,#1096,#1097,#1098));
#6102=EDGE_LOOP('',(#1099,#1100,#1101,#1102));
#6103=EDGE_LOOP('',(#1103,#1104,#1105,#1106));
#6104=EDGE_LOOP('',(#1107,#1108,#1109,#1110));
#6105=EDGE_LOOP('',(#1111,#1112,#1113,#1114));
#6106=EDGE_LOOP('',(#1115,#1116,#1117,#1118));
#6107=EDGE_LOOP('',(#1119,#1120,#1121,#1122));
#6108=EDGE_LOOP('',(#1123,#1124,#1125,#1126));
#6109=EDGE_LOOP('',(#1127,#1128,#1129,#1130));
#6110=EDGE_LOOP('',(#1131,#1132,#1133,#1134));
#6111=EDGE_LOOP('',(#1135,#1136,#1137,#1138));
#6112=EDGE_LOOP('',(#1139,#1140,#1141,#1142));
#6113=EDGE_LOOP('',(#1143,#1144,#1145,#1146));
#6114=EDGE_LOOP('',(#1147,#1148,#1149,#1150));
#6115=EDGE_LOOP('',(#1151,#1152,#1153,#1154));
#6116=EDGE_LOOP('',(#1155,#1156,#1157,#1158));
#6117=EDGE_LOOP('',(#1159,#1160,#1161,#1162,#1163,#1164,#1165,#1166,#1167,
#1168,#1169,#1170,#1171,#1172,#1173,#1174,#1175,#1176,#1177,#1178,#1179,
#1180,#1181,#1182));
#6118=EDGE_LOOP('',(#1183,#1184,#1185,#1186));
#6119=EDGE_LOOP('',(#1187,#1188,#1189,#1190));
#6120=EDGE_LOOP('',(#1191,#1192,#1193,#1194));
#6121=EDGE_LOOP('',(#1195,#1196,#1197,#1198));
#6122=EDGE_LOOP('',(#1199,#1200,#1201,#1202));
#6123=EDGE_LOOP('',(#1203,#1204,#1205,#1206));
#6124=EDGE_LOOP('',(#1207,#1208,#1209,#1210));
#6125=EDGE_LOOP('',(#1211,#1212,#1213,#1214));
#6126=EDGE_LOOP('',(#1215,#1216,#1217,#1218));
#6127=EDGE_LOOP('',(#1219,#1220,#1221,#1222));
#6128=EDGE_LOOP('',(#1223,#1224,#1225,#1226,#1227,#1228,#1229,#1230,#1231,
#1232));
#6129=EDGE_LOOP('',(#1233,#1234,#1235,#1236));
#6130=EDGE_LOOP('',(#1237,#1238,#1239,#1240));
#6131=EDGE_LOOP('',(#1241,#1242,#1243,#1244));
#6132=EDGE_LOOP('',(#1245,#1246,#1247,#1248));
#6133=EDGE_LOOP('',(#1249,#1250,#1251,#1252));
#6134=EDGE_LOOP('',(#1253,#1254,#1255,#1256));
#6135=EDGE_LOOP('',(#1257,#1258,#1259,#1260));
#6136=EDGE_LOOP('',(#1261,#1262,#1263,#1264));
#6137=EDGE_LOOP('',(#1265,#1266,#1267,#1268));
#6138=EDGE_LOOP('',(#1269,#1270,#1271,#1272));
#6139=EDGE_LOOP('',(#1273,#1274,#1275,#1276));
#6140=EDGE_LOOP('',(#1277,#1278,#1279,#1280));
#6141=EDGE_LOOP('',(#1281,#1282,#1283,#1284));
#6142=EDGE_LOOP('',(#1285,#1286,#1287,#1288));
#6143=EDGE_LOOP('',(#1289,#1290,#1291,#1292));
#6144=EDGE_LOOP('',(#1293,#1294,#1295,#1296,#1297,#1298,#1299,#1300,#1301,
#1302,#1303,#1304,#1305,#1306,#1307));
#6145=EDGE_LOOP('',(#1308,#1309,#1310,#1311));
#6146=EDGE_LOOP('',(#1312,#1313,#1314,#1315));
#6147=EDGE_LOOP('',(#1316,#1317,#1318,#1319));
#6148=EDGE_LOOP('',(#1320,#1321,#1322,#1323));
#6149=EDGE_LOOP('',(#1324,#1325,#1326,#1327));
#6150=EDGE_LOOP('',(#1328,#1329,#1330,#1331));
#6151=EDGE_LOOP('',(#1332,#1333,#1334,#1335));
#6152=EDGE_LOOP('',(#1336,#1337,#1338,#1339));
#6153=EDGE_LOOP('',(#1340,#1341,#1342,#1343));
#6154=EDGE_LOOP('',(#1344,#1345,#1346,#1347));
#6155=EDGE_LOOP('',(#1348,#1349,#1350,#1351,#1352,#1353,#1354,#1355,#1356,
#1357));
#6156=EDGE_LOOP('',(#1358,#1359,#1360,#1361));
#6157=EDGE_LOOP('',(#1362,#1363,#1364,#1365));
#6158=EDGE_LOOP('',(#1366,#1367,#1368,#1369));
#6159=EDGE_LOOP('',(#1370,#1371,#1372,#1373));
#6160=EDGE_LOOP('',(#1374,#1375,#1376,#1377));
#6161=EDGE_LOOP('',(#1378,#1379,#1380,#1381));
#6162=EDGE_LOOP('',(#1382,#1383,#1384,#1385));
#6163=EDGE_LOOP('',(#1386,#1387,#1388,#1389));
#6164=EDGE_LOOP('',(#1390,#1391,#1392,#1393));
#6165=EDGE_LOOP('',(#1394,#1395,#1396,#1397));
#6166=EDGE_LOOP('',(#1398,#1399,#1400,#1401));
#6167=EDGE_LOOP('',(#1402,#1403,#1404,#1405));
#6168=EDGE_LOOP('',(#1406,#1407,#1408,#1409));
#6169=EDGE_LOOP('',(#1410,#1411,#1412,#1413));
#6170=EDGE_LOOP('',(#1414,#1415,#1416,#1417));
#6171=EDGE_LOOP('',(#1418,#1419,#1420,#1421));
#6172=EDGE_LOOP('',(#1422,#1423,#1424,#1425));
#6173=EDGE_LOOP('',(#1426,#1427,#1428,#1429));
#6174=EDGE_LOOP('',(#1430,#1431,#1432,#1433));
#6175=EDGE_LOOP('',(#1434,#1435,#1436,#1437));
#6176=EDGE_LOOP('',(#1438,#1439,#1440,#1441));
#6177=EDGE_LOOP('',(#1442,#1443,#1444,#1445));
#6178=EDGE_LOOP('',(#1446,#1447,#1448,#1449));
#6179=EDGE_LOOP('',(#1450,#1451,#1452,#1453));
#6180=EDGE_LOOP('',(#1454,#1455,#1456,#1457,#1458,#1459,#1460,#1461,#1462,
#1463,#1464,#1465,#1466,#1467,#1468,#1469,#1470,#1471,#1472,#1473,#1474,
#1475,#1476,#1477));
#6181=EDGE_LOOP('',(#1478,#1479,#1480,#1481));
#6182=EDGE_LOOP('',(#1482,#1483,#1484,#1485));
#6183=EDGE_LOOP('',(#1486,#1487,#1488,#1489));
#6184=EDGE_LOOP('',(#1490,#1491,#1492,#1493));
#6185=EDGE_LOOP('',(#1494,#1495,#1496,#1497));
#6186=EDGE_LOOP('',(#1498,#1499,#1500,#1501));
#6187=EDGE_LOOP('',(#1502,#1503,#1504,#1505));
#6188=EDGE_LOOP('',(#1506,#1507,#1508,#1509));
#6189=EDGE_LOOP('',(#1510,#1511,#1512,#1513));
#6190=EDGE_LOOP('',(#1514,#1515,#1516,#1517));
#6191=EDGE_LOOP('',(#1518,#1519,#1520,#1521));
#6192=EDGE_LOOP('',(#1522,#1523,#1524,#1525));
#6193=EDGE_LOOP('',(#1526,#1527,#1528,#1529,#1530,#1531,#1532,#1533));
#6194=EDGE_LOOP('',(#1534,#1535,#1536,#1537));
#6195=EDGE_LOOP('',(#1538,#1539,#1540,#1541));
#6196=EDGE_LOOP('',(#1542,#1543,#1544,#1545));
#6197=EDGE_LOOP('',(#1546,#1547,#1548,#1549));
#6198=EDGE_LOOP('',(#1550,#1551,#1552,#1553));
#6199=EDGE_LOOP('',(#1554,#1555,#1556,#1557));
#6200=EDGE_LOOP('',(#1558,#1559,#1560,#1561));
#6201=EDGE_LOOP('',(#1562,#1563,#1564,#1565));
#6202=EDGE_LOOP('',(#1566,#1567,#1568,#1569));
#6203=EDGE_LOOP('',(#1570,#1571,#1572,#1573));
#6204=EDGE_LOOP('',(#1574,#1575,#1576,#1577));
#6205=EDGE_LOOP('',(#1578,#1579,#1580,#1581));
#6206=EDGE_LOOP('',(#1582,#1583,#1584,#1585));
#6207=EDGE_LOOP('',(#1586,#1587,#1588,#1589,#1590,#1591,#1592));
#6208=EDGE_LOOP('',(#1593,#1594,#1595,#1596,#1597));
#6209=EDGE_LOOP('',(#1598,#1599,#1600,#1601));
#6210=EDGE_LOOP('',(#1602,#1603,#1604,#1605));
#6211=EDGE_LOOP('',(#1606,#1607,#1608,#1609));
#6212=EDGE_LOOP('',(#1610,#1611,#1612,#1613));
#6213=EDGE_LOOP('',(#1614,#1615,#1616,#1617));
#6214=EDGE_LOOP('',(#1618,#1619,#1620,#1621));
#6215=EDGE_LOOP('',(#1622,#1623,#1624,#1625));
#6216=EDGE_LOOP('',(#1626,#1627,#1628,#1629));
#6217=EDGE_LOOP('',(#1630,#1631,#1632,#1633));
#6218=EDGE_LOOP('',(#1634,#1635,#1636,#1637));
#6219=EDGE_LOOP('',(#1638,#1639,#1640,#1641));
#6220=EDGE_LOOP('',(#1642,#1643,#1644,#1645));
#6221=EDGE_LOOP('',(#1646,#1647,#1648,#1649));
#6222=EDGE_LOOP('',(#1650,#1651,#1652,#1653));
#6223=EDGE_LOOP('',(#1654,#1655,#1656,#1657));
#6224=EDGE_LOOP('',(#1658,#1659,#1660,#1661));
#6225=EDGE_LOOP('',(#1662,#1663,#1664,#1665));
#6226=EDGE_LOOP('',(#1666,#1667,#1668,#1669));
#6227=EDGE_LOOP('',(#1670,#1671,#1672,#1673));
#6228=EDGE_LOOP('',(#1674,#1675,#1676,#1677));
#6229=EDGE_LOOP('',(#1678,#1679,#1680,#1681));
#6230=EDGE_LOOP('',(#1682,#1683,#1684,#1685));
#6231=EDGE_LOOP('',(#1686,#1687,#1688,#1689));
#6232=EDGE_LOOP('',(#1690,#1691,#1692,#1693));
#6233=EDGE_LOOP('',(#1694,#1695,#1696,#1697));
#6234=EDGE_LOOP('',(#1698,#1699,#1700,#1701,#1702,#1703,#1704,#1705,#1706,
#1707,#1708,#1709));
#6235=EDGE_LOOP('',(#1710,#1711,#1712,#1713,#1714,#1715,#1716));
#6236=EDGE_LOOP('',(#1717,#1718,#1719,#1720,#1721,#1722));
#6237=EDGE_LOOP('',(#1723,#1724,#1725,#1726,#1727,#1728,#1729));
#6238=EDGE_LOOP('',(#1730,#1731,#1732,#1733));
#6239=EDGE_LOOP('',(#1734,#1735,#1736,#1737));
#6240=EDGE_LOOP('',(#1738,#1739,#1740,#1741));
#6241=EDGE_LOOP('',(#1742,#1743,#1744,#1745));
#6242=EDGE_LOOP('',(#1746,#1747,#1748,#1749));
#6243=EDGE_LOOP('',(#1750,#1751,#1752,#1753));
#6244=EDGE_LOOP('',(#1754,#1755,#1756,#1757));
#6245=EDGE_LOOP('',(#1758,#1759,#1760,#1761));
#6246=EDGE_LOOP('',(#1762,#1763,#1764,#1765));
#6247=EDGE_LOOP('',(#1766,#1767,#1768,#1769));
#6248=EDGE_LOOP('',(#1770,#1771,#1772,#1773));
#6249=EDGE_LOOP('',(#1774,#1775,#1776,#1777));
#6250=EDGE_LOOP('',(#1778,#1779,#1780,#1781,#1782,#1783,#1784,#1785,#1786,
#1787,#1788,#1789));
#6251=EDGE_LOOP('',(#1790,#1791,#1792,#1793));
#6252=EDGE_LOOP('',(#1794,#1795,#1796,#1797));
#6253=EDGE_LOOP('',(#1798,#1799,#1800,#1801));
#6254=EDGE_LOOP('',(#1802,#1803,#1804,#1805));
#6255=EDGE_LOOP('',(#1806,#1807,#1808,#1809));
#6256=EDGE_LOOP('',(#1810,#1811,#1812,#1813));
#6257=EDGE_LOOP('',(#1814,#1815,#1816,#1817));
#6258=EDGE_LOOP('',(#1818,#1819,#1820,#1821));
#6259=EDGE_LOOP('',(#1822,#1823,#1824,#1825));
#6260=EDGE_LOOP('',(#1826,#1827,#1828,#1829));
#6261=EDGE_LOOP('',(#1830,#1831,#1832,#1833));
#6262=EDGE_LOOP('',(#1834,#1835,#1836,#1837));
#6263=EDGE_LOOP('',(#1838,#1839,#1840,#1841));
#6264=EDGE_LOOP('',(#1842,#1843,#1844,#1845));
#6265=EDGE_LOOP('',(#1846,#1847,#1848,#1849));
#6266=EDGE_LOOP('',(#1850,#1851,#1852,#1853));
#6267=EDGE_LOOP('',(#1854,#1855,#1856,#1857));
#6268=EDGE_LOOP('',(#1858,#1859,#1860,#1861));
#6269=EDGE_LOOP('',(#1862,#1863,#1864,#1865));
#6270=EDGE_LOOP('',(#1866,#1867,#1868,#1869,#1870,#1871,#1872,#1873,#1874,
#1875,#1876,#1877,#1878,#1879,#1880,#1881,#1882,#1883,#1884));
#6271=EDGE_LOOP('',(#1885,#1886,#1887,#1888));
#6272=EDGE_LOOP('',(#1889,#1890,#1891,#1892));
#6273=EDGE_LOOP('',(#1893,#1894,#1895,#1896));
#6274=EDGE_LOOP('',(#1897,#1898,#1899,#1900));
#6275=EDGE_LOOP('',(#1901,#1902,#1903,#1904));
#6276=EDGE_LOOP('',(#1905,#1906,#1907,#1908));
#6277=EDGE_LOOP('',(#1909,#1910,#1911,#1912));
#6278=EDGE_LOOP('',(#1913,#1914,#1915,#1916));
#6279=EDGE_LOOP('',(#1917,#1918,#1919,#1920));
#6280=EDGE_LOOP('',(#1921,#1922,#1923,#1924));
#6281=EDGE_LOOP('',(#1925,#1926,#1927,#1928,#1929,#1930,#1931,#1932,#1933,
#1934));
#6282=EDGE_LOOP('',(#1935,#1936,#1937,#1938));
#6283=EDGE_LOOP('',(#1939,#1940,#1941,#1942));
#6284=EDGE_LOOP('',(#1943,#1944,#1945,#1946));
#6285=EDGE_LOOP('',(#1947,#1948,#1949,#1950));
#6286=EDGE_LOOP('',(#1951,#1952,#1953,#1954));
#6287=EDGE_LOOP('',(#1955,#1956,#1957,#1958));
#6288=EDGE_LOOP('',(#1959,#1960,#1961,#1962));
#6289=EDGE_LOOP('',(#1963,#1964,#1965,#1966));
#6290=EDGE_LOOP('',(#1967,#1968,#1969,#1970));
#6291=EDGE_LOOP('',(#1971,#1972,#1973,#1974));
#6292=EDGE_LOOP('',(#1975,#1976,#1977,#1978));
#6293=EDGE_LOOP('',(#1979,#1980,#1981,#1982));
#6294=EDGE_LOOP('',(#1983,#1984,#1985,#1986,#1987,#1988,#1989,#1990,#1991,
#1992,#1993,#1994));
#6295=EDGE_LOOP('',(#1995,#1996,#1997,#1998));
#6296=EDGE_LOOP('',(#1999,#2000,#2001,#2002,#2003));
#6297=EDGE_LOOP('',(#2004,#2005,#2006,#2007,#2008,#2009));
#6298=EDGE_LOOP('',(#2010,#2011,#2012,#2013));
#6299=EDGE_LOOP('',(#2014,#2015,#2016,#2017));
#6300=EDGE_LOOP('',(#2018,#2019,#2020,#2021));
#6301=EDGE_LOOP('',(#2022,#2023,#2024,#2025));
#6302=EDGE_LOOP('',(#2026,#2027,#2028,#2029));
#6303=EDGE_LOOP('',(#2030,#2031,#2032,#2033));
#6304=EDGE_LOOP('',(#2034,#2035,#2036,#2037));
#6305=EDGE_LOOP('',(#2038,#2039,#2040));
#6306=EDGE_LOOP('',(#2041,#2042,#2043,#2044));
#6307=EDGE_LOOP('',(#2045,#2046,#2047,#2048,#2049,#2050));
#6308=EDGE_LOOP('',(#2051,#2052,#2053,#2054));
#6309=EDGE_LOOP('',(#2055,#2056,#2057,#2058));
#6310=EDGE_LOOP('',(#2059,#2060,#2061,#2062));
#6311=EDGE_LOOP('',(#2063,#2064,#2065,#2066));
#6312=EDGE_LOOP('',(#2067,#2068,#2069,#2070));
#6313=EDGE_LOOP('',(#2071,#2072,#2073,#2074));
#6314=EDGE_LOOP('',(#2075,#2076,#2077,#2078));
#6315=EDGE_LOOP('',(#2079,#2080,#2081,#2082,#2083,#2084));
#6316=EDGE_LOOP('',(#2085,#2086,#2087,#2088));
#6317=EDGE_LOOP('',(#2089,#2090,#2091,#2092));
#6318=EDGE_LOOP('',(#2093,#2094,#2095,#2096));
#6319=EDGE_LOOP('',(#2097,#2098,#2099,#2100));
#6320=EDGE_LOOP('',(#2101,#2102,#2103,#2104));
#6321=EDGE_LOOP('',(#2105,#2106,#2107,#2108));
#6322=EDGE_LOOP('',(#2109,#2110,#2111,#2112));
#6323=EDGE_LOOP('',(#2113,#2114,#2115,#2116));
#6324=EDGE_LOOP('',(#2117,#2118,#2119,#2120));
#6325=EDGE_LOOP('',(#2121,#2122,#2123,#2124));
#6326=EDGE_LOOP('',(#2125,#2126,#2127,#2128));
#6327=EDGE_LOOP('',(#2129,#2130,#2131,#2132));
#6328=EDGE_LOOP('',(#2133,#2134,#2135,#2136));
#6329=EDGE_LOOP('',(#2137,#2138,#2139,#2140));
#6330=EDGE_LOOP('',(#2141,#2142,#2143,#2144));
#6331=EDGE_LOOP('',(#2145,#2146,#2147,#2148));
#6332=EDGE_LOOP('',(#2149,#2150,#2151,#2152));
#6333=EDGE_LOOP('',(#2153,#2154,#2155,#2156));
#6334=EDGE_LOOP('',(#2157,#2158,#2159,#2160));
#6335=EDGE_LOOP('',(#2161,#2162,#2163,#2164));
#6336=EDGE_LOOP('',(#2165,#2166,#2167,#2168));
#6337=EDGE_LOOP('',(#2169,#2170,#2171,#2172));
#6338=EDGE_LOOP('',(#2173,#2174,#2175,#2176,#2177,#2178,#2179,#2180,#2181,
#2182));
#6339=EDGE_LOOP('',(#2183,#2184,#2185,#2186));
#6340=EDGE_LOOP('',(#2187,#2188,#2189,#2190));
#6341=EDGE_LOOP('',(#2191,#2192,#2193,#2194));
#6342=EDGE_LOOP('',(#2195,#2196,#2197,#2198));
#6343=EDGE_LOOP('',(#2199,#2200,#2201,#2202));
#6344=EDGE_LOOP('',(#2203,#2204,#2205,#2206));
#6345=EDGE_LOOP('',(#2207,#2208,#2209,#2210));
#6346=EDGE_LOOP('',(#2211,#2212,#2213,#2214));
#6347=EDGE_LOOP('',(#2215,#2216,#2217,#2218));
#6348=EDGE_LOOP('',(#2219,#2220,#2221,#2222));
#6349=EDGE_LOOP('',(#2223,#2224,#2225,#2226));
#6350=EDGE_LOOP('',(#2227,#2228,#2229,#2230));
#6351=EDGE_LOOP('',(#2231,#2232,#2233,#2234));
#6352=EDGE_LOOP('',(#2235,#2236,#2237,#2238));
#6353=EDGE_LOOP('',(#2239,#2240,#2241,#2242));
#6354=EDGE_LOOP('',(#2243,#2244,#2245,#2246));
#6355=EDGE_LOOP('',(#2247,#2248,#2249,#2250));
#6356=EDGE_LOOP('',(#2251,#2252,#2253,#2254));
#6357=EDGE_LOOP('',(#2255,#2256,#2257,#2258));
#6358=EDGE_LOOP('',(#2259,#2260,#2261,#2262));
#6359=EDGE_LOOP('',(#2263,#2264,#2265,#2266));
#6360=EDGE_LOOP('',(#2267,#2268,#2269,#2270));
#6361=EDGE_LOOP('',(#2271,#2272,#2273,#2274));
#6362=EDGE_LOOP('',(#2275,#2276,#2277,#2278));
#6363=EDGE_LOOP('',(#2279,#2280,#2281,#2282));
#6364=EDGE_LOOP('',(#2283,#2284,#2285,#2286));
#6365=EDGE_LOOP('',(#2287,#2288,#2289,#2290));
#6366=EDGE_LOOP('',(#2291,#2292,#2293,#2294));
#6367=EDGE_LOOP('',(#2295,#2296,#2297,#2298));
#6368=EDGE_LOOP('',(#2299,#2300,#2301,#2302));
#6369=EDGE_LOOP('',(#2303,#2304,#2305,#2306));
#6370=EDGE_LOOP('',(#2307,#2308,#2309,#2310));
#6371=EDGE_LOOP('',(#2311,#2312,#2313,#2314));
#6372=EDGE_LOOP('',(#2315,#2316,#2317,#2318));
#6373=EDGE_LOOP('',(#2319,#2320,#2321,#2322));
#6374=EDGE_LOOP('',(#2323,#2324,#2325,#2326));
#6375=EDGE_LOOP('',(#2327,#2328,#2329,#2330));
#6376=EDGE_LOOP('',(#2331,#2332,#2333,#2334));
#6377=EDGE_LOOP('',(#2335,#2336,#2337,#2338));
#6378=EDGE_LOOP('',(#2339,#2340,#2341,#2342));
#6379=EDGE_LOOP('',(#2343,#2344,#2345,#2346));
#6380=EDGE_LOOP('',(#2347,#2348,#2349,#2350));
#6381=EDGE_LOOP('',(#2351,#2352,#2353,#2354));
#6382=EDGE_LOOP('',(#2355,#2356,#2357,#2358));
#6383=EDGE_LOOP('',(#2359,#2360,#2361,#2362));
#6384=EDGE_LOOP('',(#2363,#2364,#2365,#2366));
#6385=EDGE_LOOP('',(#2367,#2368,#2369,#2370));
#6386=EDGE_LOOP('',(#2371,#2372,#2373,#2374));
#6387=EDGE_LOOP('',(#2375,#2376,#2377,#2378));
#6388=EDGE_LOOP('',(#2379,#2380,#2381,#2382));
#6389=EDGE_LOOP('',(#2383,#2384,#2385,#2386));
#6390=EDGE_LOOP('',(#2387,#2388,#2389,#2390));
#6391=EDGE_LOOP('',(#2391,#2392,#2393,#2394));
#6392=EDGE_LOOP('',(#2395,#2396,#2397,#2398));
#6393=EDGE_LOOP('',(#2399,#2400,#2401,#2402));
#6394=EDGE_LOOP('',(#2403,#2404,#2405,#2406));
#6395=EDGE_LOOP('',(#2407,#2408,#2409,#2410));
#6396=EDGE_LOOP('',(#2411,#2412,#2413,#2414));
#6397=EDGE_LOOP('',(#2415,#2416,#2417,#2418));
#6398=EDGE_LOOP('',(#2419,#2420,#2421,#2422));
#6399=EDGE_LOOP('',(#2423,#2424,#2425,#2426));
#6400=EDGE_LOOP('',(#2427,#2428,#2429,#2430));
#6401=EDGE_LOOP('',(#2431,#2432,#2433,#2434));
#6402=EDGE_LOOP('',(#2435,#2436,#2437,#2438));
#6403=EDGE_LOOP('',(#2439,#2440,#2441,#2442));
#6404=EDGE_LOOP('',(#2443,#2444,#2445,#2446));
#6405=EDGE_LOOP('',(#2447,#2448,#2449,#2450));
#6406=EDGE_LOOP('',(#2451,#2452,#2453,#2454));
#6407=EDGE_LOOP('',(#2455,#2456,#2457,#2458));
#6408=EDGE_LOOP('',(#2459,#2460,#2461,#2462));
#6409=EDGE_LOOP('',(#2463,#2464,#2465,#2466));
#6410=EDGE_LOOP('',(#2467,#2468,#2469,#2470));
#6411=EDGE_LOOP('',(#2471,#2472,#2473,#2474));
#6412=EDGE_LOOP('',(#2475,#2476,#2477,#2478));
#6413=EDGE_LOOP('',(#2479,#2480,#2481,#2482));
#6414=EDGE_LOOP('',(#2483,#2484,#2485,#2486));
#6415=EDGE_LOOP('',(#2487,#2488,#2489,#2490));
#6416=EDGE_LOOP('',(#2491,#2492,#2493,#2494));
#6417=EDGE_LOOP('',(#2495,#2496,#2497,#2498));
#6418=EDGE_LOOP('',(#2499,#2500,#2501,#2502));
#6419=EDGE_LOOP('',(#2503,#2504,#2505,#2506));
#6420=EDGE_LOOP('',(#2507,#2508,#2509,#2510));
#6421=EDGE_LOOP('',(#2511,#2512,#2513,#2514));
#6422=EDGE_LOOP('',(#2515,#2516,#2517,#2518));
#6423=EDGE_LOOP('',(#2519,#2520,#2521,#2522));
#6424=EDGE_LOOP('',(#2523,#2524,#2525,#2526));
#6425=EDGE_LOOP('',(#2527,#2528,#2529,#2530));
#6426=EDGE_LOOP('',(#2531,#2532,#2533,#2534));
#6427=EDGE_LOOP('',(#2535,#2536,#2537,#2538));
#6428=EDGE_LOOP('',(#2539,#2540,#2541,#2542));
#6429=EDGE_LOOP('',(#2543,#2544,#2545,#2546));
#6430=EDGE_LOOP('',(#2547,#2548,#2549,#2550));
#6431=EDGE_LOOP('',(#2551,#2552,#2553,#2554));
#6432=EDGE_LOOP('',(#2555,#2556,#2557,#2558));
#6433=EDGE_LOOP('',(#2559,#2560,#2561,#2562));
#6434=EDGE_LOOP('',(#2563,#2564,#2565,#2566));
#6435=EDGE_LOOP('',(#2567,#2568,#2569,#2570));
#6436=EDGE_LOOP('',(#2571,#2572,#2573,#2574));
#6437=EDGE_LOOP('',(#2575,#2576,#2577,#2578));
#6438=EDGE_LOOP('',(#2579,#2580,#2581));
#6439=EDGE_LOOP('',(#2582,#2583,#2584));
#6440=EDGE_LOOP('',(#2585,#2586,#2587,#2588));
#6441=EDGE_LOOP('',(#2589,#2590,#2591,#2592));
#6442=EDGE_LOOP('',(#2593,#2594,#2595,#2596));
#6443=EDGE_LOOP('',(#2597,#2598,#2599,#2600));
#6444=EDGE_LOOP('',(#2601,#2602,#2603,#2604));
#6445=EDGE_LOOP('',(#2605,#2606,#2607,#2608));
#6446=EDGE_LOOP('',(#2609,#2610,#2611,#2612));
#6447=EDGE_LOOP('',(#2613,#2614,#2615,#2616));
#6448=EDGE_LOOP('',(#2617,#2618,#2619,#2620));
#6449=EDGE_LOOP('',(#2621,#2622,#2623,#2624));
#6450=EDGE_LOOP('',(#2625,#2626,#2627,#2628));
#6451=EDGE_LOOP('',(#2629,#2630,#2631,#2632));
#6452=EDGE_LOOP('',(#2633,#2634,#2635,#2636,#2637,#2638));
#6453=FACE_BOUND('',#5997,.T.);
#6454=FACE_BOUND('',#5998,.T.);
#6455=FACE_BOUND('',#5999,.T.);
#6456=FACE_BOUND('',#6000,.T.);
#6457=FACE_BOUND('',#6001,.T.);
#6458=FACE_BOUND('',#6002,.T.);
#6459=FACE_BOUND('',#6003,.T.);
#6460=FACE_BOUND('',#6004,.T.);
#6461=FACE_BOUND('',#6005,.T.);
#6462=FACE_BOUND('',#6006,.T.);
#6463=FACE_BOUND('',#6007,.T.);
#6464=FACE_BOUND('',#6008,.T.);
#6465=FACE_BOUND('',#6009,.T.);
#6466=FACE_BOUND('',#6010,.T.);
#6467=FACE_BOUND('',#6011,.T.);
#6468=FACE_BOUND('',#6012,.T.);
#6469=FACE_BOUND('',#6013,.T.);
#6470=FACE_BOUND('',#6014,.T.);
#6471=FACE_BOUND('',#6015,.T.);
#6472=FACE_BOUND('',#6016,.T.);
#6473=FACE_BOUND('',#6017,.T.);
#6474=FACE_BOUND('',#6018,.T.);
#6475=FACE_BOUND('',#6019,.T.);
#6476=FACE_BOUND('',#6020,.T.);
#6477=FACE_BOUND('',#6021,.T.);
#6478=FACE_BOUND('',#6022,.T.);
#6479=FACE_BOUND('',#6023,.T.);
#6480=FACE_BOUND('',#6024,.T.);
#6481=FACE_BOUND('',#6025,.T.);
#6482=FACE_BOUND('',#6026,.T.);
#6483=FACE_BOUND('',#6027,.T.);
#6484=FACE_BOUND('',#6028,.T.);
#6485=FACE_BOUND('',#6029,.T.);
#6486=FACE_BOUND('',#6030,.T.);
#6487=FACE_BOUND('',#6031,.T.);
#6488=FACE_BOUND('',#6032,.T.);
#6489=FACE_BOUND('',#6033,.T.);
#6490=FACE_BOUND('',#6034,.T.);
#6491=FACE_BOUND('',#6035,.T.);
#6492=FACE_BOUND('',#6036,.T.);
#6493=FACE_BOUND('',#6037,.T.);
#6494=FACE_BOUND('',#6038,.T.);
#6495=FACE_BOUND('',#6039,.T.);
#6496=FACE_BOUND('',#6040,.T.);
#6497=FACE_BOUND('',#6041,.T.);
#6498=FACE_BOUND('',#6042,.T.);
#6499=FACE_BOUND('',#6043,.T.);
#6500=FACE_BOUND('',#6044,.T.);
#6501=FACE_BOUND('',#6045,.T.);
#6502=FACE_BOUND('',#6046,.T.);
#6503=FACE_BOUND('',#6047,.T.);
#6504=FACE_BOUND('',#6048,.T.);
#6505=FACE_BOUND('',#6049,.T.);
#6506=FACE_BOUND('',#6050,.T.);
#6507=FACE_BOUND('',#6051,.T.);
#6508=FACE_BOUND('',#6052,.T.);
#6509=FACE_BOUND('',#6053,.T.);
#6510=FACE_BOUND('',#6054,.T.);
#6511=FACE_BOUND('',#6055,.T.);
#6512=FACE_BOUND('',#6056,.T.);
#6513=FACE_BOUND('',#6057,.T.);
#6514=FACE_BOUND('',#6058,.T.);
#6515=FACE_BOUND('',#6059,.T.);
#6516=FACE_BOUND('',#6060,.T.);
#6517=FACE_BOUND('',#6061,.T.);
#6518=FACE_BOUND('',#6062,.T.);
#6519=FACE_BOUND('',#6063,.T.);
#6520=FACE_BOUND('',#6064,.T.);
#6521=FACE_BOUND('',#6065,.T.);
#6522=FACE_BOUND('',#6066,.T.);
#6523=FACE_BOUND('',#6067,.T.);
#6524=FACE_BOUND('',#6068,.T.);
#6525=FACE_BOUND('',#6069,.T.);
#6526=FACE_BOUND('',#6070,.T.);
#6527=FACE_BOUND('',#6071,.T.);
#6528=FACE_BOUND('',#6072,.T.);
#6529=FACE_BOUND('',#6073,.T.);
#6530=FACE_BOUND('',#6074,.T.);
#6531=FACE_BOUND('',#6075,.T.);
#6532=FACE_BOUND('',#6076,.T.);
#6533=FACE_BOUND('',#6077,.T.);
#6534=FACE_BOUND('',#6078,.T.);
#6535=FACE_BOUND('',#6079,.T.);
#6536=FACE_BOUND('',#6080,.T.);
#6537=FACE_BOUND('',#6081,.T.);
#6538=FACE_BOUND('',#6082,.T.);
#6539=FACE_BOUND('',#6083,.T.);
#6540=FACE_BOUND('',#6084,.T.);
#6541=FACE_BOUND('',#6085,.T.);
#6542=FACE_BOUND('',#6086,.T.);
#6543=FACE_BOUND('',#6087,.T.);
#6544=FACE_BOUND('',#6088,.T.);
#6545=FACE_BOUND('',#6089,.T.);
#6546=FACE_BOUND('',#6090,.T.);
#6547=FACE_BOUND('',#6091,.T.);
#6548=FACE_BOUND('',#6092,.T.);
#6549=FACE_BOUND('',#6093,.T.);
#6550=FACE_BOUND('',#6094,.T.);
#6551=FACE_BOUND('',#6095,.T.);
#6552=FACE_BOUND('',#6096,.T.);
#6553=FACE_BOUND('',#6097,.T.);
#6554=FACE_BOUND('',#6098,.T.);
#6555=FACE_BOUND('',#6099,.T.);
#6556=FACE_BOUND('',#6100,.T.);
#6557=FACE_BOUND('',#6101,.T.);
#6558=FACE_BOUND('',#6102,.T.);
#6559=FACE_BOUND('',#6103,.T.);
#6560=FACE_BOUND('',#6104,.T.);
#6561=FACE_BOUND('',#6105,.T.);
#6562=FACE_BOUND('',#6106,.T.);
#6563=FACE_BOUND('',#6107,.T.);
#6564=FACE_BOUND('',#6108,.T.);
#6565=FACE_BOUND('',#6109,.T.);
#6566=FACE_BOUND('',#6110,.T.);
#6567=FACE_BOUND('',#6111,.T.);
#6568=FACE_BOUND('',#6112,.T.);
#6569=FACE_BOUND('',#6113,.T.);
#6570=FACE_BOUND('',#6114,.T.);
#6571=FACE_BOUND('',#6115,.T.);
#6572=FACE_BOUND('',#6116,.T.);
#6573=FACE_BOUND('',#6117,.T.);
#6574=FACE_BOUND('',#6118,.T.);
#6575=FACE_BOUND('',#6119,.T.);
#6576=FACE_BOUND('',#6120,.T.);
#6577=FACE_BOUND('',#6121,.T.);
#6578=FACE_BOUND('',#6122,.T.);
#6579=FACE_BOUND('',#6123,.T.);
#6580=FACE_BOUND('',#6124,.T.);
#6581=FACE_BOUND('',#6125,.T.);
#6582=FACE_BOUND('',#6126,.T.);
#6583=FACE_BOUND('',#6127,.T.);
#6584=FACE_BOUND('',#6128,.T.);
#6585=FACE_BOUND('',#6129,.T.);
#6586=FACE_BOUND('',#6130,.T.);
#6587=FACE_BOUND('',#6131,.T.);
#6588=FACE_BOUND('',#6132,.T.);
#6589=FACE_BOUND('',#6133,.T.);
#6590=FACE_BOUND('',#6134,.T.);
#6591=FACE_BOUND('',#6135,.T.);
#6592=FACE_BOUND('',#6136,.T.);
#6593=FACE_BOUND('',#6137,.T.);
#6594=FACE_BOUND('',#6138,.T.);
#6595=FACE_BOUND('',#6139,.T.);
#6596=FACE_BOUND('',#6140,.T.);
#6597=FACE_BOUND('',#6141,.T.);
#6598=FACE_BOUND('',#6142,.T.);
#6599=FACE_BOUND('',#6143,.T.);
#6600=FACE_BOUND('',#6144,.T.);
#6601=FACE_BOUND('',#6145,.T.);
#6602=FACE_BOUND('',#6146,.T.);
#6603=FACE_BOUND('',#6147,.T.);
#6604=FACE_BOUND('',#6148,.T.);
#6605=FACE_BOUND('',#6149,.T.);
#6606=FACE_BOUND('',#6150,.T.);
#6607=FACE_BOUND('',#6151,.T.);
#6608=FACE_BOUND('',#6152,.T.);
#6609=FACE_BOUND('',#6153,.T.);
#6610=FACE_BOUND('',#6154,.T.);
#6611=FACE_BOUND('',#6155,.T.);
#6612=FACE_BOUND('',#6156,.T.);
#6613=FACE_BOUND('',#6157,.T.);
#6614=FACE_BOUND('',#6158,.T.);
#6615=FACE_BOUND('',#6159,.T.);
#6616=FACE_BOUND('',#6160,.T.);
#6617=FACE_BOUND('',#6161,.T.);
#6618=FACE_BOUND('',#6162,.T.);
#6619=FACE_BOUND('',#6163,.T.);
#6620=FACE_BOUND('',#6164,.T.);
#6621=FACE_BOUND('',#6165,.T.);
#6622=FACE_BOUND('',#6166,.T.);
#6623=FACE_BOUND('',#6167,.T.);
#6624=FACE_BOUND('',#6168,.T.);
#6625=FACE_BOUND('',#6169,.T.);
#6626=FACE_BOUND('',#6170,.T.);
#6627=FACE_BOUND('',#6171,.T.);
#6628=FACE_BOUND('',#6172,.T.);
#6629=FACE_BOUND('',#6173,.T.);
#6630=FACE_BOUND('',#6174,.T.);
#6631=FACE_BOUND('',#6175,.T.);
#6632=FACE_BOUND('',#6176,.T.);
#6633=FACE_BOUND('',#6177,.T.);
#6634=FACE_BOUND('',#6178,.T.);
#6635=FACE_BOUND('',#6179,.T.);
#6636=FACE_BOUND('',#6180,.T.);
#6637=FACE_BOUND('',#6181,.T.);
#6638=FACE_BOUND('',#6182,.T.);
#6639=FACE_BOUND('',#6183,.T.);
#6640=FACE_BOUND('',#6184,.T.);
#6641=FACE_BOUND('',#6185,.T.);
#6642=FACE_BOUND('',#6186,.T.);
#6643=FACE_BOUND('',#6187,.T.);
#6644=FACE_BOUND('',#6188,.T.);
#6645=FACE_BOUND('',#6189,.T.);
#6646=FACE_BOUND('',#6190,.T.);
#6647=FACE_BOUND('',#6191,.T.);
#6648=FACE_BOUND('',#6192,.T.);
#6649=FACE_BOUND('',#6193,.T.);
#6650=FACE_BOUND('',#6194,.T.);
#6651=FACE_BOUND('',#6195,.T.);
#6652=FACE_BOUND('',#6196,.T.);
#6653=FACE_BOUND('',#6197,.T.);
#6654=FACE_BOUND('',#6198,.T.);
#6655=FACE_BOUND('',#6199,.T.);
#6656=FACE_BOUND('',#6200,.T.);
#6657=FACE_BOUND('',#6201,.T.);
#6658=FACE_BOUND('',#6202,.T.);
#6659=FACE_BOUND('',#6203,.T.);
#6660=FACE_BOUND('',#6204,.T.);
#6661=FACE_BOUND('',#6205,.T.);
#6662=FACE_BOUND('',#6206,.T.);
#6663=FACE_BOUND('',#6207,.T.);
#6664=FACE_BOUND('',#6208,.T.);
#6665=FACE_BOUND('',#6209,.T.);
#6666=FACE_BOUND('',#6210,.T.);
#6667=FACE_BOUND('',#6211,.T.);
#6668=FACE_BOUND('',#6212,.T.);
#6669=FACE_BOUND('',#6213,.T.);
#6670=FACE_BOUND('',#6214,.T.);
#6671=FACE_BOUND('',#6215,.T.);
#6672=FACE_BOUND('',#6216,.T.);
#6673=FACE_BOUND('',#6217,.T.);
#6674=FACE_BOUND('',#6218,.T.);
#6675=FACE_BOUND('',#6219,.T.);
#6676=FACE_BOUND('',#6220,.T.);
#6677=FACE_BOUND('',#6221,.T.);
#6678=FACE_BOUND('',#6222,.T.);
#6679=FACE_BOUND('',#6223,.T.);
#6680=FACE_BOUND('',#6224,.T.);
#6681=FACE_BOUND('',#6225,.T.);
#6682=FACE_BOUND('',#6226,.T.);
#6683=FACE_BOUND('',#6227,.T.);
#6684=FACE_BOUND('',#6228,.T.);
#6685=FACE_BOUND('',#6229,.T.);
#6686=FACE_BOUND('',#6230,.T.);
#6687=FACE_BOUND('',#6231,.T.);
#6688=FACE_BOUND('',#6232,.T.);
#6689=FACE_BOUND('',#6233,.T.);
#6690=FACE_BOUND('',#6234,.T.);
#6691=FACE_BOUND('',#6235,.T.);
#6692=FACE_BOUND('',#6236,.T.);
#6693=FACE_BOUND('',#6237,.T.);
#6694=FACE_BOUND('',#6238,.T.);
#6695=FACE_BOUND('',#6239,.T.);
#6696=FACE_BOUND('',#6240,.T.);
#6697=FACE_BOUND('',#6241,.T.);
#6698=FACE_BOUND('',#6242,.T.);
#6699=FACE_BOUND('',#6243,.T.);
#6700=FACE_BOUND('',#6244,.T.);
#6701=FACE_BOUND('',#6245,.T.);
#6702=FACE_BOUND('',#6246,.T.);
#6703=FACE_BOUND('',#6247,.T.);
#6704=FACE_BOUND('',#6248,.T.);
#6705=FACE_BOUND('',#6249,.T.);
#6706=FACE_BOUND('',#6250,.T.);
#6707=FACE_BOUND('',#6251,.T.);
#6708=FACE_BOUND('',#6252,.T.);
#6709=FACE_BOUND('',#6253,.T.);
#6710=FACE_BOUND('',#6254,.T.);
#6711=FACE_BOUND('',#6255,.T.);
#6712=FACE_BOUND('',#6256,.T.);
#6713=FACE_BOUND('',#6257,.T.);
#6714=FACE_BOUND('',#6258,.T.);
#6715=FACE_BOUND('',#6259,.T.);
#6716=FACE_BOUND('',#6260,.T.);
#6717=FACE_BOUND('',#6261,.T.);
#6718=FACE_BOUND('',#6262,.T.);
#6719=FACE_BOUND('',#6263,.T.);
#6720=FACE_BOUND('',#6264,.T.);
#6721=FACE_BOUND('',#6265,.T.);
#6722=FACE_BOUND('',#6266,.T.);
#6723=FACE_BOUND('',#6267,.T.);
#6724=FACE_BOUND('',#6268,.T.);
#6725=FACE_BOUND('',#6269,.T.);
#6726=FACE_BOUND('',#6270,.T.);
#6727=FACE_BOUND('',#6271,.T.);
#6728=FACE_BOUND('',#6272,.T.);
#6729=FACE_BOUND('',#6273,.T.);
#6730=FACE_BOUND('',#6274,.T.);
#6731=FACE_BOUND('',#6275,.T.);
#6732=FACE_BOUND('',#6276,.T.);
#6733=FACE_BOUND('',#6277,.T.);
#6734=FACE_BOUND('',#6278,.T.);
#6735=FACE_BOUND('',#6279,.T.);
#6736=FACE_BOUND('',#6280,.T.);
#6737=FACE_BOUND('',#6281,.T.);
#6738=FACE_BOUND('',#6282,.T.);
#6739=FACE_BOUND('',#6283,.T.);
#6740=FACE_BOUND('',#6284,.T.);
#6741=FACE_BOUND('',#6285,.T.);
#6742=FACE_BOUND('',#6286,.T.);
#6743=FACE_BOUND('',#6287,.T.);
#6744=FACE_BOUND('',#6288,.T.);
#6745=FACE_BOUND('',#6289,.T.);
#6746=FACE_BOUND('',#6290,.T.);
#6747=FACE_BOUND('',#6291,.T.);
#6748=FACE_BOUND('',#6292,.T.);
#6749=FACE_BOUND('',#6293,.T.);
#6750=FACE_BOUND('',#6294,.T.);
#6751=FACE_BOUND('',#6295,.T.);
#6752=FACE_BOUND('',#6296,.T.);
#6753=FACE_BOUND('',#6297,.T.);
#6754=FACE_BOUND('',#6298,.T.);
#6755=FACE_BOUND('',#6299,.T.);
#6756=FACE_BOUND('',#6300,.T.);
#6757=FACE_BOUND('',#6301,.T.);
#6758=FACE_BOUND('',#6302,.T.);
#6759=FACE_BOUND('',#6303,.T.);
#6760=FACE_BOUND('',#6304,.T.);
#6761=FACE_BOUND('',#6305,.T.);
#6762=FACE_BOUND('',#6306,.T.);
#6763=FACE_BOUND('',#6307,.T.);
#6764=FACE_BOUND('',#6308,.T.);
#6765=FACE_BOUND('',#6309,.T.);
#6766=FACE_BOUND('',#6310,.T.);
#6767=FACE_BOUND('',#6311,.T.);
#6768=FACE_BOUND('',#6312,.T.);
#6769=FACE_BOUND('',#6313,.T.);
#6770=FACE_BOUND('',#6314,.T.);
#6771=FACE_BOUND('',#6315,.T.);
#6772=FACE_BOUND('',#6316,.T.);
#6773=FACE_BOUND('',#6317,.T.);
#6774=FACE_BOUND('',#6318,.T.);
#6775=FACE_BOUND('',#6319,.T.);
#6776=FACE_BOUND('',#6320,.T.);
#6777=FACE_BOUND('',#6321,.T.);
#6778=FACE_BOUND('',#6322,.T.);
#6779=FACE_BOUND('',#6323,.T.);
#6780=FACE_BOUND('',#6324,.T.);
#6781=FACE_BOUND('',#6325,.T.);
#6782=FACE_BOUND('',#6326,.T.);
#6783=FACE_BOUND('',#6327,.T.);
#6784=FACE_BOUND('',#6328,.T.);
#6785=FACE_BOUND('',#6329,.T.);
#6786=FACE_BOUND('',#6330,.T.);
#6787=FACE_BOUND('',#6331,.T.);
#6788=FACE_BOUND('',#6332,.T.);
#6789=FACE_BOUND('',#6333,.T.);
#6790=FACE_BOUND('',#6334,.T.);
#6791=FACE_BOUND('',#6335,.T.);
#6792=FACE_BOUND('',#6336,.T.);
#6793=FACE_BOUND('',#6337,.T.);
#6794=FACE_BOUND('',#6338,.T.);
#6795=FACE_BOUND('',#6339,.T.);
#6796=FACE_BOUND('',#6340,.T.);
#6797=FACE_BOUND('',#6341,.T.);
#6798=FACE_BOUND('',#6342,.T.);
#6799=FACE_BOUND('',#6343,.T.);
#6800=FACE_BOUND('',#6344,.T.);
#6801=FACE_BOUND('',#6345,.T.);
#6802=FACE_BOUND('',#6346,.T.);
#6803=FACE_BOUND('',#6347,.T.);
#6804=FACE_BOUND('',#6348,.T.);
#6805=FACE_BOUND('',#6349,.T.);
#6806=FACE_BOUND('',#6350,.T.);
#6807=FACE_BOUND('',#6351,.T.);
#6808=FACE_BOUND('',#6352,.T.);
#6809=FACE_BOUND('',#6353,.T.);
#6810=FACE_BOUND('',#6354,.T.);
#6811=FACE_BOUND('',#6355,.T.);
#6812=FACE_BOUND('',#6356,.T.);
#6813=FACE_BOUND('',#6357,.T.);
#6814=FACE_BOUND('',#6358,.T.);
#6815=FACE_BOUND('',#6359,.T.);
#6816=FACE_BOUND('',#6360,.T.);
#6817=FACE_BOUND('',#6361,.T.);
#6818=FACE_BOUND('',#6362,.T.);
#6819=FACE_BOUND('',#6363,.T.);
#6820=FACE_BOUND('',#6364,.T.);
#6821=FACE_BOUND('',#6365,.T.);
#6822=FACE_BOUND('',#6366,.T.);
#6823=FACE_BOUND('',#6367,.T.);
#6824=FACE_BOUND('',#6368,.T.);
#6825=FACE_BOUND('',#6369,.T.);
#6826=FACE_BOUND('',#6370,.T.);
#6827=FACE_BOUND('',#6371,.T.);
#6828=FACE_BOUND('',#6372,.T.);
#6829=FACE_BOUND('',#6373,.T.);
#6830=FACE_BOUND('',#6374,.T.);
#6831=FACE_BOUND('',#6375,.T.);
#6832=FACE_BOUND('',#6376,.T.);
#6833=FACE_BOUND('',#6377,.T.);
#6834=FACE_BOUND('',#6378,.T.);
#6835=FACE_BOUND('',#6379,.T.);
#6836=FACE_BOUND('',#6380,.T.);
#6837=FACE_BOUND('',#6381,.T.);
#6838=FACE_BOUND('',#6382,.T.);
#6839=FACE_BOUND('',#6383,.T.);
#6840=FACE_BOUND('',#6384,.T.);
#6841=FACE_BOUND('',#6385,.T.);
#6842=FACE_BOUND('',#6386,.T.);
#6843=FACE_BOUND('',#6387,.T.);
#6844=FACE_BOUND('',#6388,.T.);
#6845=FACE_BOUND('',#6389,.T.);
#6846=FACE_BOUND('',#6390,.T.);
#6847=FACE_BOUND('',#6391,.T.);
#6848=FACE_BOUND('',#6392,.T.);
#6849=FACE_BOUND('',#6393,.T.);
#6850=FACE_BOUND('',#6394,.T.);
#6851=FACE_BOUND('',#6395,.T.);
#6852=FACE_BOUND('',#6396,.T.);
#6853=FACE_BOUND('',#6397,.T.);
#6854=FACE_BOUND('',#6398,.T.);
#6855=FACE_BOUND('',#6399,.T.);
#6856=FACE_BOUND('',#6400,.T.);
#6857=FACE_BOUND('',#6401,.T.);
#6858=FACE_BOUND('',#6402,.T.);
#6859=FACE_BOUND('',#6403,.T.);
#6860=FACE_BOUND('',#6404,.T.);
#6861=FACE_BOUND('',#6405,.T.);
#6862=FACE_BOUND('',#6406,.T.);
#6863=FACE_BOUND('',#6407,.T.);
#6864=FACE_BOUND('',#6408,.T.);
#6865=FACE_BOUND('',#6409,.T.);
#6866=FACE_BOUND('',#6410,.T.);
#6867=FACE_BOUND('',#6411,.T.);
#6868=FACE_BOUND('',#6412,.T.);
#6869=FACE_BOUND('',#6413,.T.);
#6870=FACE_BOUND('',#6414,.T.);
#6871=FACE_BOUND('',#6415,.T.);
#6872=FACE_BOUND('',#6416,.T.);
#6873=FACE_BOUND('',#6417,.T.);
#6874=FACE_BOUND('',#6418,.T.);
#6875=FACE_BOUND('',#6419,.T.);
#6876=FACE_BOUND('',#6420,.T.);
#6877=FACE_BOUND('',#6421,.T.);
#6878=FACE_BOUND('',#6422,.T.);
#6879=FACE_BOUND('',#6423,.T.);
#6880=FACE_BOUND('',#6424,.T.);
#6881=FACE_BOUND('',#6425,.T.);
#6882=FACE_BOUND('',#6426,.T.);
#6883=FACE_BOUND('',#6427,.T.);
#6884=FACE_BOUND('',#6428,.T.);
#6885=FACE_BOUND('',#6429,.T.);
#6886=FACE_BOUND('',#6430,.T.);
#6887=FACE_BOUND('',#6431,.T.);
#6888=FACE_BOUND('',#6432,.T.);
#6889=FACE_BOUND('',#6433,.T.);
#6890=FACE_BOUND('',#6434,.T.);
#6891=FACE_BOUND('',#6435,.T.);
#6892=FACE_BOUND('',#6436,.T.);
#6893=FACE_BOUND('',#6437,.T.);
#6894=FACE_BOUND('',#6438,.T.);
#6895=FACE_BOUND('',#6439,.T.);
#6896=FACE_BOUND('',#6440,.T.);
#6897=FACE_BOUND('',#6441,.T.);
#6898=FACE_BOUND('',#6442,.T.);
#6899=FACE_BOUND('',#6443,.T.);
#6900=FACE_BOUND('',#6444,.T.);
#6901=FACE_BOUND('',#6445,.T.);
#6902=FACE_BOUND('',#6446,.T.);
#6903=FACE_BOUND('',#6447,.T.);
#6904=FACE_BOUND('',#6448,.T.);
#6905=FACE_BOUND('',#6449,.T.);
#6906=FACE_BOUND('',#6450,.T.);
#6907=FACE_BOUND('',#6451,.T.);
#6908=FACE_BOUND('',#6452,.T.);
#6909=PLANE('',#7569);
#6910=PLANE('',#7570);
#6911=PLANE('',#7609);
#6912=PLANE('',#7654);
#6913=PLANE('',#7656);
#6914=PLANE('',#7657);
#6915=PLANE('',#7659);
#6916=PLANE('',#7661);
#6917=PLANE('',#7662);
#6918=PLANE('',#7670);
#6919=PLANE('',#7671);
#6920=PLANE('',#7691);
#6921=PLANE('',#7703);
#6922=PLANE('',#7704);
#6923=PLANE('',#7705);
#6924=PLANE('',#7706);
#6925=PLANE('',#7707);
#6926=PLANE('',#7709);
#6927=PLANE('',#7710);
#6928=PLANE('',#7711);
#6929=PLANE('',#7716);
#6930=PLANE('',#7717);
#6931=PLANE('',#7718);
#6932=PLANE('',#7719);
#6933=PLANE('',#7720);
#6934=PLANE('',#7721);
#6935=PLANE('',#7722);
#6936=PLANE('',#7723);
#6937=PLANE('',#7726);
#6938=PLANE('',#7728);
#6939=PLANE('',#7732);
#6940=PLANE('',#7733);
#6941=PLANE('',#7734);
#6942=PLANE('',#7735);
#6943=PLANE('',#7736);
#6944=PLANE('',#7744);
#6945=PLANE('',#7745);
#6946=PLANE('',#7746);
#6947=PLANE('',#7747);
#6948=PLANE('',#7748);
#6949=PLANE('',#7749);
#6950=PLANE('',#7756);
#6951=PLANE('',#7761);
#6952=PLANE('',#7762);
#6953=PLANE('',#7763);
#6954=PLANE('',#7764);
#6955=PLANE('',#7765);
#6956=PLANE('',#7766);
#6957=PLANE('',#7767);
#6958=PLANE('',#7768);
#6959=PLANE('',#7769);
#6960=PLANE('',#7770);
#6961=PLANE('',#7771);
#6962=PLANE('',#7772);
#6963=PLANE('',#7773);
#6964=PLANE('',#7778);
#6965=PLANE('',#7779);
#6966=PLANE('',#7780);
#6967=PLANE('',#7781);
#6968=PLANE('',#7782);
#6969=PLANE('',#7783);
#6970=PLANE('',#7784);
#6971=PLANE('',#7785);
#6972=PLANE('',#7786);
#6973=PLANE('',#7787);
#6974=PLANE('',#7788);
#6975=PLANE('',#7789);
#6976=PLANE('',#7790);
#6977=PLANE('',#7791);
#6978=PLANE('',#7792);
#6979=PLANE('',#7793);
#6980=PLANE('',#7794);
#6981=PLANE('',#7795);
#6982=PLANE('',#7802);
#6983=PLANE('',#7807);
#6984=PLANE('',#7808);
#6985=PLANE('',#7809);
#6986=PLANE('',#7813);
#6987=PLANE('',#7814);
#6988=PLANE('',#7815);
#6989=PLANE('',#7816);
#6990=PLANE('',#7817);
#6991=PLANE('',#7818);
#6992=PLANE('',#7819);
#6993=PLANE('',#7820);
#6994=PLANE('',#7821);
#6995=PLANE('',#7825);
#6996=PLANE('',#7826);
#6997=PLANE('',#7827);
#6998=PLANE('',#7828);
#6999=PLANE('',#7829);
#7000=PLANE('',#7830);
#7001=PLANE('',#7831);
#7002=PLANE('',#7832);
#7003=PLANE('',#7833);
#7004=PLANE('',#7834);
#7005=PLANE('',#7835);
#7006=PLANE('',#7836);
#7007=PLANE('',#7837);
#7008=PLANE('',#7838);
#7009=PLANE('',#7839);
#7010=PLANE('',#7840);
#7011=PLANE('',#7841);
#7012=PLANE('',#7844);
#7013=PLANE('',#7845);
#7014=PLANE('',#7846);
#7015=PLANE('',#7847);
#7016=PLANE('',#7848);
#7017=PLANE('',#7849);
#7018=PLANE('',#7850);
#7019=PLANE('',#7851);
#7020=PLANE('',#7852);
#7021=PLANE('',#7853);
#7022=PLANE('',#7854);
#7023=PLANE('',#7855);
#7024=PLANE('',#7856);
#7025=PLANE('',#7857);
#7026=PLANE('',#7858);
#7027=PLANE('',#7859);
#7028=PLANE('',#7860);
#7029=PLANE('',#7861);
#7030=PLANE('',#7862);
#7031=PLANE('',#7863);
#7032=PLANE('',#7868);
#7033=PLANE('',#7875);
#7034=PLANE('',#7876);
#7035=PLANE('',#7877);
#7036=PLANE('',#7878);
#7037=PLANE('',#7879);
#7038=PLANE('',#7880);
#7039=PLANE('',#7881);
#7040=PLANE('',#7882);
#7041=PLANE('',#7883);
#7042=PLANE('',#7884);
#7043=PLANE('',#7885);
#7044=PLANE('',#7886);
#7045=PLANE('',#7887);
#7046=PLANE('',#7888);
#7047=PLANE('',#7889);
#7048=PLANE('',#7890);
#7049=PLANE('',#7891);
#7050=PLANE('',#7892);
#7051=PLANE('',#7893);
#7052=PLANE('',#7894);
#7053=PLANE('',#7895);
#7054=PLANE('',#7896);
#7055=PLANE('',#7897);
#7056=PLANE('',#7898);
#7057=PLANE('',#7899);
#7058=PLANE('',#7900);
#7059=PLANE('',#7901);
#7060=PLANE('',#7902);
#7061=PLANE('',#7903);
#7062=PLANE('',#7904);
#7063=PLANE('',#7905);
#7064=PLANE('',#7906);
#7065=PLANE('',#7968);
#7066=PLANE('',#7969);
#7067=PLANE('',#7971);
#7068=PLANE('',#7972);
#7069=PLANE('',#7973);
#7070=PLANE('',#7975);
#7071=PLANE('',#7976);
#7072=PLANE('',#7977);
#7073=PLANE('',#7979);
#7074=PLANE('',#7980);
#7075=PLANE('',#7981);
#7076=PLANE('',#7982);
#7077=PLANE('',#7983);
#7078=PLANE('',#7984);
#7079=PLANE('',#7985);
#7080=PLANE('',#7987);
#7081=PLANE('',#7988);
#7082=PLANE('',#7989);
#7083=PLANE('',#7990);
#7084=PLANE('',#7991);
#7085=PLANE('',#8014);
#7086=PLANE('',#8015);
#7087=PLANE('',#8016);
#7088=PLANE('',#8017);
#7089=PLANE('',#8018);
#7090=PLANE('',#8019);
#7091=PLANE('',#8020);
#7092=PLANE('',#8021);
#7093=PLANE('',#8022);
#7094=PLANE('',#8023);
#7095=PLANE('',#8024);
#7096=PLANE('',#8025);
#7097=PLANE('',#8026);
#7098=PLANE('',#8027);
#7099=PLANE('',#8028);
#7100=PLANE('',#8029);
#7101=PLANE('',#8030);
#7102=PLANE('',#8031);
#7103=PLANE('',#8032);
#7104=PLANE('',#8033);
#7105=PLANE('',#8034);
#7106=PLANE('',#8035);
#7107=PLANE('',#8036);
#7108=PLANE('',#8037);
#7109=PLANE('',#8038);
#7110=PLANE('',#8039);
#7111=PLANE('',#8040);
#7112=PLANE('',#8041);
#7113=PLANE('',#8042);
#7114=PLANE('',#8043);
#7115=PLANE('',#8044);
#7116=PLANE('',#8045);
#7117=PLANE('',#8046);
#7118=PLANE('',#8047);
#7119=PLANE('',#8048);
#7120=PLANE('',#8049);
#7121=PLANE('',#8050);
#7122=PLANE('',#8051);
#7123=PLANE('',#8052);
#7124=PLANE('',#8053);
#7125=PLANE('',#8054);
#7126=PLANE('',#8055);
#7127=PLANE('',#8056);
#7128=PLANE('',#8057);
#7129=PLANE('',#8058);
#7130=PLANE('',#8059);
#7131=PLANE('',#8060);
#7132=PLANE('',#8061);
#7133=PLANE('',#8062);
#7134=PLANE('',#8063);
#7135=PLANE('',#8064);
#7136=PLANE('',#8065);
#7137=PLANE('',#8066);
#7138=PLANE('',#8067);
#7139=PLANE('',#8068);
#7140=PLANE('',#8069);
#7141=PLANE('',#8070);
#7142=PLANE('',#8071);
#7143=PLANE('',#8072);
#7144=PLANE('',#8073);
#7145=PLANE('',#8074);
#7146=PLANE('',#8075);
#7147=PLANE('',#8076);
#7148=PLANE('',#8077);
#7149=PLANE('',#8078);
#7150=PLANE('',#8079);
#7151=PLANE('',#8080);
#7152=PLANE('',#8081);
#7153=PLANE('',#8082);
#7154=ADVANCED_FACE('',(#6453),#6909,.T.);
#7155=ADVANCED_FACE('',(#6454,#6455,#6456,#6457,#6458,#6459,#6460,#6461,
#6462,#6463,#6464,#6465,#6466,#6467,#6468,#6469,#6470,#6471,#6472,#6473,
#6474,#6475,#6476,#6477,#6478),#6910,.F.);
#7156=ADVANCED_FACE('',(#6479,#6480,#6481,#6482,#6483,#6484,#6485,#6486,
#6487,#6488,#6489),#6911,.T.);
#7157=ADVANCED_FACE('',(#6490),#6912,.F.);
#7158=ADVANCED_FACE('',(#6491),#6913,.F.);
#7159=ADVANCED_FACE('',(#6492),#6914,.T.);
#7160=ADVANCED_FACE('',(#6493),#6915,.F.);
#7161=ADVANCED_FACE('',(#6494),#6916,.T.);
#7162=ADVANCED_FACE('',(#6495),#6917,.T.);
#7163=ADVANCED_FACE('',(#6496),#211,.F.);
#7164=ADVANCED_FACE('',(#6497),#212,.F.);
#7165=ADVANCED_FACE('',(#6498),#6918,.T.);
#7166=ADVANCED_FACE('',(#6499,#6500,#6501,#6502,#6503,#6504,#6505,#6506,
#6507,#6508,#6509),#6919,.T.);
#7167=ADVANCED_FACE('',(#6510,#6511,#6512),#6920,.T.);
#7168=ADVANCED_FACE('',(#6513),#6921,.F.);
#7169=ADVANCED_FACE('',(#6514),#6922,.T.);
#7170=ADVANCED_FACE('',(#6515),#6923,.T.);
#7171=ADVANCED_FACE('',(#6516),#6924,.F.);
#7172=ADVANCED_FACE('',(#6517),#6925,.F.);
#7173=ADVANCED_FACE('',(#6518),#6926,.T.);
#7174=ADVANCED_FACE('',(#6519),#6927,.T.);
#7175=ADVANCED_FACE('',(#6520),#6928,.F.);
#7176=ADVANCED_FACE('',(#6521),#213,.T.);
#7177=ADVANCED_FACE('',(#6522),#214,.T.);
#7178=ADVANCED_FACE('',(#6523),#215,.T.);
#7179=ADVANCED_FACE('',(#6524),#216,.T.);
#7180=ADVANCED_FACE('',(#6525),#6929,.F.);
#7181=ADVANCED_FACE('',(#6526),#6930,.F.);
#7182=ADVANCED_FACE('',(#6527),#6931,.T.);
#7183=ADVANCED_FACE('',(#6528),#6932,.F.);
#7184=ADVANCED_FACE('',(#6529),#6933,.F.);
#7185=ADVANCED_FACE('',(#6530),#6934,.T.);
#7186=ADVANCED_FACE('',(#6531),#6935,.T.);
#7187=ADVANCED_FACE('',(#6532),#6936,.T.);
#7188=ADVANCED_FACE('',(#6533),#6937,.F.);
#7189=ADVANCED_FACE('',(#6534),#6938,.F.);
#7190=ADVANCED_FACE('',(#6535),#6939,.T.);
#7191=ADVANCED_FACE('',(#6536),#6940,.T.);
#7192=ADVANCED_FACE('',(#6537),#6941,.F.);
#7193=ADVANCED_FACE('',(#6538),#6942,.T.);
#7194=ADVANCED_FACE('',(#6539),#6943,.F.);
#7195=ADVANCED_FACE('',(#6540,#6541),#217,.F.);
#7196=ADVANCED_FACE('',(#6542,#6543),#218,.F.);
#7197=ADVANCED_FACE('',(#6544,#6545),#219,.F.);
#7198=ADVANCED_FACE('',(#6546,#6547),#220,.F.);
#7199=ADVANCED_FACE('',(#6548),#6944,.T.);
#7200=ADVANCED_FACE('',(#6549),#6945,.T.);
#7201=ADVANCED_FACE('',(#6550),#6946,.T.);
#7202=ADVANCED_FACE('',(#6551),#6947,.T.);
#7203=ADVANCED_FACE('',(#6552),#6948,.T.);
#7204=ADVANCED_FACE('',(#6553),#6949,.T.);
#7205=ADVANCED_FACE('',(#6554),#19,.T.);
#7206=ADVANCED_FACE('',(#6555),#20,.T.);
#7207=ADVANCED_FACE('',(#6556),#221,.F.);
#7208=ADVANCED_FACE('',(#6557),#21,.T.);
#7209=ADVANCED_FACE('',(#6558),#22,.T.);
#7210=ADVANCED_FACE('',(#6559),#23,.T.);
#7211=ADVANCED_FACE('',(#6560),#222,.F.);
#7212=ADVANCED_FACE('',(#6561),#223,.F.);
#7213=ADVANCED_FACE('',(#6562),#24,.T.);
#7214=ADVANCED_FACE('',(#6563),#6950,.T.);
#7215=ADVANCED_FACE('',(#6564),#25,.T.);
#7216=ADVANCED_FACE('',(#6565),#224,.T.);
#7217=ADVANCED_FACE('',(#6566),#26,.T.);
#7218=ADVANCED_FACE('',(#6567),#27,.T.);
#7219=ADVANCED_FACE('',(#6568),#225,.T.);
#7220=ADVANCED_FACE('',(#6569),#28,.T.);
#7221=ADVANCED_FACE('',(#6570),#29,.T.);
#7222=ADVANCED_FACE('',(#6571),#6951,.T.);
#7223=ADVANCED_FACE('',(#6572),#6952,.T.);
#7224=ADVANCED_FACE('',(#6573),#6953,.T.);
#7225=ADVANCED_FACE('',(#6574),#6954,.T.);
#7226=ADVANCED_FACE('',(#6575),#6955,.T.);
#7227=ADVANCED_FACE('',(#6576),#6956,.T.);
#7228=ADVANCED_FACE('',(#6577),#6957,.T.);
#7229=ADVANCED_FACE('',(#6578),#6958,.T.);
#7230=ADVANCED_FACE('',(#6579),#6959,.T.);
#7231=ADVANCED_FACE('',(#6580),#30,.T.);
#7232=ADVANCED_FACE('',(#6581),#6960,.T.);
#7233=ADVANCED_FACE('',(#6582),#6961,.T.);
#7234=ADVANCED_FACE('',(#6583),#6962,.T.);
#7235=ADVANCED_FACE('',(#6584),#6963,.T.);
#7236=ADVANCED_FACE('',(#6585),#31,.T.);
#7237=ADVANCED_FACE('',(#6586),#226,.T.);
#7238=ADVANCED_FACE('',(#6587),#227,.T.);
#7239=ADVANCED_FACE('',(#6588),#6964,.T.);
#7240=ADVANCED_FACE('',(#6589),#32,.T.);
#7241=ADVANCED_FACE('',(#6590),#33,.T.);
#7242=ADVANCED_FACE('',(#6591),#34,.T.);
#7243=ADVANCED_FACE('',(#6592),#35,.T.);
#7244=ADVANCED_FACE('',(#6593),#36,.T.);
#7245=ADVANCED_FACE('',(#6594),#37,.T.);
#7246=ADVANCED_FACE('',(#6595),#38,.T.);
#7247=ADVANCED_FACE('',(#6596),#6965,.T.);
#7248=ADVANCED_FACE('',(#6597),#39,.T.);
#7249=ADVANCED_FACE('',(#6598),#40,.T.);
#7250=ADVANCED_FACE('',(#6599),#41,.T.);
#7251=ADVANCED_FACE('',(#6600),#6966,.T.);
#7252=ADVANCED_FACE('',(#6601),#6967,.T.);
#7253=ADVANCED_FACE('',(#6602),#6968,.T.);
#7254=ADVANCED_FACE('',(#6603),#6969,.T.);
#7255=ADVANCED_FACE('',(#6604),#6970,.T.);
#7256=ADVANCED_FACE('',(#6605),#6971,.T.);
#7257=ADVANCED_FACE('',(#6606),#6972,.T.);
#7258=ADVANCED_FACE('',(#6607),#42,.T.);
#7259=ADVANCED_FACE('',(#6608),#6973,.T.);
#7260=ADVANCED_FACE('',(#6609),#6974,.T.);
#7261=ADVANCED_FACE('',(#6610),#6975,.T.);
#7262=ADVANCED_FACE('',(#6611),#6976,.T.);
#7263=ADVANCED_FACE('',(#6612),#6977,.T.);
#7264=ADVANCED_FACE('',(#6613),#6978,.T.);
#7265=ADVANCED_FACE('',(#6614),#6979,.T.);
#7266=ADVANCED_FACE('',(#6615),#6980,.T.);
#7267=ADVANCED_FACE('',(#6616),#6981,.T.);
#7268=ADVANCED_FACE('',(#6617),#43,.T.);
#7269=ADVANCED_FACE('',(#6618),#44,.T.);
#7270=ADVANCED_FACE('',(#6619),#228,.F.);
#7271=ADVANCED_FACE('',(#6620),#45,.T.);
#7272=ADVANCED_FACE('',(#6621),#46,.T.);
#7273=ADVANCED_FACE('',(#6622),#47,.T.);
#7274=ADVANCED_FACE('',(#6623),#229,.F.);
#7275=ADVANCED_FACE('',(#6624),#230,.F.);
#7276=ADVANCED_FACE('',(#6625),#48,.T.);
#7277=ADVANCED_FACE('',(#6626),#6982,.T.);
#7278=ADVANCED_FACE('',(#6627),#49,.T.);
#7279=ADVANCED_FACE('',(#6628),#231,.T.);
#7280=ADVANCED_FACE('',(#6629),#50,.T.);
#7281=ADVANCED_FACE('',(#6630),#51,.T.);
#7282=ADVANCED_FACE('',(#6631),#232,.T.);
#7283=ADVANCED_FACE('',(#6632),#52,.T.);
#7284=ADVANCED_FACE('',(#6633),#53,.T.);
#7285=ADVANCED_FACE('',(#6634),#6983,.T.);
#7286=ADVANCED_FACE('',(#6635),#6984,.T.);
#7287=ADVANCED_FACE('',(#6636),#6985,.T.);
#7288=ADVANCED_FACE('',(#6637),#233,.F.);
#7289=ADVANCED_FACE('',(#6638),#6986,.T.);
#7290=ADVANCED_FACE('',(#6639),#54,.T.);
#7291=ADVANCED_FACE('',(#6640),#6987,.T.);
#7292=ADVANCED_FACE('',(#6641),#6988,.T.);
#7293=ADVANCED_FACE('',(#6642),#6989,.T.);
#7294=ADVANCED_FACE('',(#6643),#6990,.T.);
#7295=ADVANCED_FACE('',(#6644),#6991,.T.);
#7296=ADVANCED_FACE('',(#6645),#6992,.T.);
#7297=ADVANCED_FACE('',(#6646),#6993,.T.);
#7298=ADVANCED_FACE('',(#6647),#6994,.T.);
#7299=ADVANCED_FACE('',(#6648),#234,.F.);
#7300=ADVANCED_FACE('',(#6649,#6650),#6995,.T.);
#7301=ADVANCED_FACE('',(#6651),#55,.T.);
#7302=ADVANCED_FACE('',(#6652),#56,.T.);
#7303=ADVANCED_FACE('',(#6653),#6996,.T.);
#7304=ADVANCED_FACE('',(#6654),#6997,.T.);
#7305=ADVANCED_FACE('',(#6655),#57,.T.);
#7306=ADVANCED_FACE('',(#6656),#58,.T.);
#7307=ADVANCED_FACE('',(#6657),#59,.T.);
#7308=ADVANCED_FACE('',(#6658),#6998,.T.);
#7309=ADVANCED_FACE('',(#6659),#6999,.T.);
#7310=ADVANCED_FACE('',(#6660),#7000,.T.);
#7311=ADVANCED_FACE('',(#6661),#60,.T.);
#7312=ADVANCED_FACE('',(#6662),#7001,.T.);
#7313=ADVANCED_FACE('',(#6663,#6664),#7002,.T.);
#7314=ADVANCED_FACE('',(#6665),#7003,.T.);
#7315=ADVANCED_FACE('',(#6666),#7004,.T.);
#7316=ADVANCED_FACE('',(#6667),#61,.T.);
#7317=ADVANCED_FACE('',(#6668),#62,.T.);
#7318=ADVANCED_FACE('',(#6669),#63,.T.);
#7319=ADVANCED_FACE('',(#6670),#7005,.T.);
#7320=ADVANCED_FACE('',(#6671),#7006,.T.);
#7321=ADVANCED_FACE('',(#6672),#7007,.T.);
#7322=ADVANCED_FACE('',(#6673),#64,.T.);
#7323=ADVANCED_FACE('',(#6674),#65,.T.);
#7324=ADVANCED_FACE('',(#6675),#66,.T.);
#7325=ADVANCED_FACE('',(#6676),#7008,.T.);
#7326=ADVANCED_FACE('',(#6677),#7009,.T.);
#7327=ADVANCED_FACE('',(#6678),#7010,.T.);
#7328=ADVANCED_FACE('',(#6679),#67,.T.);
#7329=ADVANCED_FACE('',(#6680),#68,.T.);
#7330=ADVANCED_FACE('',(#6681),#69,.T.);
#7331=ADVANCED_FACE('',(#6682),#70,.T.);
#7332=ADVANCED_FACE('',(#6683),#7011,.T.);
#7333=ADVANCED_FACE('',(#6684),#235,.F.);
#7334=ADVANCED_FACE('',(#6685),#71,.T.);
#7335=ADVANCED_FACE('',(#6686),#72,.T.);
#7336=ADVANCED_FACE('',(#6687),#73,.T.);
#7337=ADVANCED_FACE('',(#6688),#74,.T.);
#7338=ADVANCED_FACE('',(#6689),#7012,.T.);
#7339=ADVANCED_FACE('',(#6690,#6691,#6692),#7013,.T.);
#7340=ADVANCED_FACE('',(#6693),#7014,.T.);
#7341=ADVANCED_FACE('',(#6694),#7015,.T.);
#7342=ADVANCED_FACE('',(#6695),#7016,.T.);
#7343=ADVANCED_FACE('',(#6696),#7017,.T.);
#7344=ADVANCED_FACE('',(#6697),#7018,.T.);
#7345=ADVANCED_FACE('',(#6698),#7019,.T.);
#7346=ADVANCED_FACE('',(#6699),#7020,.T.);
#7347=ADVANCED_FACE('',(#6700),#7021,.T.);
#7348=ADVANCED_FACE('',(#6701),#7022,.T.);
#7349=ADVANCED_FACE('',(#6702),#7023,.T.);
#7350=ADVANCED_FACE('',(#6703),#7024,.T.);
#7351=ADVANCED_FACE('',(#6704),#7025,.T.);
#7352=ADVANCED_FACE('',(#6705),#7026,.T.);
#7353=ADVANCED_FACE('',(#6706),#7027,.T.);
#7354=ADVANCED_FACE('',(#6707),#7028,.T.);
#7355=ADVANCED_FACE('',(#6708),#7029,.T.);
#7356=ADVANCED_FACE('',(#6709),#7030,.T.);
#7357=ADVANCED_FACE('',(#6710),#7031,.T.);
#7358=ADVANCED_FACE('',(#6711),#236,.T.);
#7359=ADVANCED_FACE('',(#6712),#75,.T.);
#7360=ADVANCED_FACE('',(#6713),#76,.T.);
#7361=ADVANCED_FACE('',(#6714),#77,.T.);
#7362=ADVANCED_FACE('',(#6715),#78,.T.);
#7363=ADVANCED_FACE('',(#6716),#237,.T.);
#7364=ADVANCED_FACE('',(#6717),#7032,.T.);
#7365=ADVANCED_FACE('',(#6718),#238,.F.);
#7366=ADVANCED_FACE('',(#6719),#79,.T.);
#7367=ADVANCED_FACE('',(#6720),#80,.T.);
#7368=ADVANCED_FACE('',(#6721),#81,.T.);
#7369=ADVANCED_FACE('',(#6722),#82,.T.);
#7370=ADVANCED_FACE('',(#6723),#239,.F.);
#7371=ADVANCED_FACE('',(#6724),#240,.F.);
#7372=ADVANCED_FACE('',(#6725),#7033,.T.);
#7373=ADVANCED_FACE('',(#6726),#7034,.T.);
#7374=ADVANCED_FACE('',(#6727),#7035,.T.);
#7375=ADVANCED_FACE('',(#6728),#7036,.T.);
#7376=ADVANCED_FACE('',(#6729),#7037,.T.);
#7377=ADVANCED_FACE('',(#6730),#7038,.T.);
#7378=ADVANCED_FACE('',(#6731),#7039,.T.);
#7379=ADVANCED_FACE('',(#6732),#7040,.T.);
#7380=ADVANCED_FACE('',(#6733),#7041,.T.);
#7381=ADVANCED_FACE('',(#6734),#7042,.T.);
#7382=ADVANCED_FACE('',(#6735),#7043,.T.);
#7383=ADVANCED_FACE('',(#6736),#7044,.T.);
#7384=ADVANCED_FACE('',(#6737),#7045,.T.);
#7385=ADVANCED_FACE('',(#6738),#7046,.T.);
#7386=ADVANCED_FACE('',(#6739),#7047,.T.);
#7387=ADVANCED_FACE('',(#6740),#7048,.T.);
#7388=ADVANCED_FACE('',(#6741),#7049,.T.);
#7389=ADVANCED_FACE('',(#6742),#7050,.T.);
#7390=ADVANCED_FACE('',(#6743),#7051,.T.);
#7391=ADVANCED_FACE('',(#6744),#7052,.T.);
#7392=ADVANCED_FACE('',(#6745),#7053,.T.);
#7393=ADVANCED_FACE('',(#6746),#7054,.T.);
#7394=ADVANCED_FACE('',(#6747),#7055,.T.);
#7395=ADVANCED_FACE('',(#6748),#7056,.T.);
#7396=ADVANCED_FACE('',(#6749),#7057,.T.);
#7397=ADVANCED_FACE('',(#6750),#7058,.T.);
#7398=ADVANCED_FACE('',(#6751),#7059,.T.);
#7399=ADVANCED_FACE('',(#6752),#7060,.T.);
#7400=ADVANCED_FACE('',(#6753),#7061,.T.);
#7401=ADVANCED_FACE('',(#6754),#7062,.F.);
#7402=ADVANCED_FACE('',(#6755),#7063,.T.);
#7403=ADVANCED_FACE('',(#6756),#7064,.F.);
#7404=ADVANCED_FACE('',(#6757),#241,.F.);
#7405=ADVANCED_FACE('',(#6758),#242,.F.);
#7406=ADVANCED_FACE('',(#6759),#243,.F.);
#7407=ADVANCED_FACE('',(#6760),#244,.F.);
#7408=ADVANCED_FACE('',(#6761),#18,.F.);
#7409=ADVANCED_FACE('',(#6762),#245,.F.);
#7410=ADVANCED_FACE('',(#6763),#246,.T.);
#7411=ADVANCED_FACE('',(#6764),#247,.T.);
#7412=ADVANCED_FACE('',(#6765),#248,.T.);
#7413=ADVANCED_FACE('',(#6766),#249,.F.);
#7414=ADVANCED_FACE('',(#6767),#250,.T.);
#7415=ADVANCED_FACE('',(#6768),#251,.F.);
#7416=ADVANCED_FACE('',(#6769),#252,.T.);
#7417=ADVANCED_FACE('',(#6770),#253,.T.);
#7418=ADVANCED_FACE('',(#6771),#254,.T.);
#7419=ADVANCED_FACE('',(#6772),#255,.T.);
#7420=ADVANCED_FACE('',(#6773),#256,.T.);
#7421=ADVANCED_FACE('',(#6774),#257,.T.);
#7422=ADVANCED_FACE('',(#6775),#258,.T.);
#7423=ADVANCED_FACE('',(#6776),#259,.F.);
#7424=ADVANCED_FACE('',(#6777),#12,.F.);
#7425=ADVANCED_FACE('',(#6778),#260,.F.);
#7426=ADVANCED_FACE('',(#6779),#13,.F.);
#7427=ADVANCED_FACE('',(#6780),#261,.F.);
#7428=ADVANCED_FACE('',(#6781),#14,.F.);
#7429=ADVANCED_FACE('',(#6782),#262,.F.);
#7430=ADVANCED_FACE('',(#6783),#263,.F.);
#7431=ADVANCED_FACE('',(#6784),#15,.F.);
#7432=ADVANCED_FACE('',(#6785),#264,.F.);
#7433=ADVANCED_FACE('',(#6786),#16,.F.);
#7434=ADVANCED_FACE('',(#6787),#265,.F.);
#7435=ADVANCED_FACE('',(#6788),#17,.F.);
#7436=ADVANCED_FACE('',(#6789),#266,.F.);
#7437=ADVANCED_FACE('',(#6790),#267,.F.);
#7438=ADVANCED_FACE('',(#6791),#268,.T.);
#7439=ADVANCED_FACE('',(#6792),#269,.T.);
#7440=ADVANCED_FACE('',(#6793),#270,.F.);
#7441=ADVANCED_FACE('',(#6794),#7065,.T.);
#7442=ADVANCED_FACE('',(#6795),#7066,.F.);
#7443=ADVANCED_FACE('',(#6796),#271,.T.);
#7444=ADVANCED_FACE('',(#6797),#7067,.F.);
#7445=ADVANCED_FACE('',(#6798),#7068,.T.);
#7446=ADVANCED_FACE('',(#6799),#7069,.T.);
#7447=ADVANCED_FACE('',(#6800),#272,.T.);
#7448=ADVANCED_FACE('',(#6801),#7070,.F.);
#7449=ADVANCED_FACE('',(#6802),#7071,.F.);
#7450=ADVANCED_FACE('',(#6803),#7072,.T.);
#7451=ADVANCED_FACE('',(#6804),#273,.T.);
#7452=ADVANCED_FACE('',(#6805),#7073,.F.);
#7453=ADVANCED_FACE('',(#6806),#7074,.F.);
#7454=ADVANCED_FACE('',(#6807),#7075,.T.);
#7455=ADVANCED_FACE('',(#6808),#7076,.T.);
#7456=ADVANCED_FACE('',(#6809),#7077,.F.);
#7457=ADVANCED_FACE('',(#6810),#7078,.T.);
#7458=ADVANCED_FACE('',(#6811),#7079,.T.);
#7459=ADVANCED_FACE('',(#6812),#274,.T.);
#7460=ADVANCED_FACE('',(#6813),#7080,.F.);
#7461=ADVANCED_FACE('',(#6814),#7081,.T.);
#7462=ADVANCED_FACE('',(#6815),#7082,.T.);
#7463=ADVANCED_FACE('',(#6816),#7083,.F.);
#7464=ADVANCED_FACE('',(#6817),#7084,.F.);
#7465=ADVANCED_FACE('',(#6818),#275,.F.);
#7466=ADVANCED_FACE('',(#6819),#276,.F.);
#7467=ADVANCED_FACE('',(#6820),#277,.F.);
#7468=ADVANCED_FACE('',(#6821),#278,.F.);
#7469=ADVANCED_FACE('',(#6822),#279,.F.);
#7470=ADVANCED_FACE('',(#6823),#280,.F.);
#7471=ADVANCED_FACE('',(#6824),#281,.F.);
#7472=ADVANCED_FACE('',(#6825),#282,.F.);
#7473=ADVANCED_FACE('',(#6826),#283,.F.);
#7474=ADVANCED_FACE('',(#6827),#284,.F.);
#7475=ADVANCED_FACE('',(#6828),#285,.F.);
#7476=ADVANCED_FACE('',(#6829),#286,.F.);
#7477=ADVANCED_FACE('',(#6830),#287,.F.);
#7478=ADVANCED_FACE('',(#6831),#288,.F.);
#7479=ADVANCED_FACE('',(#6832),#289,.F.);
#7480=ADVANCED_FACE('',(#6833),#290,.F.);
#7481=ADVANCED_FACE('',(#6834),#291,.F.);
#7482=ADVANCED_FACE('',(#6835),#292,.F.);
#7483=ADVANCED_FACE('',(#6836),#293,.F.);
#7484=ADVANCED_FACE('',(#6837),#294,.F.);
#7485=ADVANCED_FACE('',(#6838),#295,.F.);
#7486=ADVANCED_FACE('',(#6839),#296,.F.);
#7487=ADVANCED_FACE('',(#6840),#7085,.F.);
#7488=ADVANCED_FACE('',(#6841),#7086,.T.);
#7489=ADVANCED_FACE('',(#6842),#7087,.F.);
#7490=ADVANCED_FACE('',(#6843),#7088,.F.);
#7491=ADVANCED_FACE('',(#6844),#7089,.F.);
#7492=ADVANCED_FACE('',(#6845),#7090,.T.);
#7493=ADVANCED_FACE('',(#6846),#7091,.F.);
#7494=ADVANCED_FACE('',(#6847),#7092,.F.);
#7495=ADVANCED_FACE('',(#6848),#7093,.F.);
#7496=ADVANCED_FACE('',(#6849),#7094,.T.);
#7497=ADVANCED_FACE('',(#6850),#7095,.F.);
#7498=ADVANCED_FACE('',(#6851),#7096,.F.);
#7499=ADVANCED_FACE('',(#6852),#7097,.T.);
#7500=ADVANCED_FACE('',(#6853),#7098,.T.);
#7501=ADVANCED_FACE('',(#6854),#7099,.T.);
#7502=ADVANCED_FACE('',(#6855),#7100,.F.);
#7503=ADVANCED_FACE('',(#6856),#7101,.F.);
#7504=ADVANCED_FACE('',(#6857),#7102,.T.);
#7505=ADVANCED_FACE('',(#6858),#7103,.T.);
#7506=ADVANCED_FACE('',(#6859),#7104,.T.);
#7507=ADVANCED_FACE('',(#6860),#7105,.T.);
#7508=ADVANCED_FACE('',(#6861),#7106,.T.);
#7509=ADVANCED_FACE('',(#6862),#7107,.T.);
#7510=ADVANCED_FACE('',(#6863),#7108,.T.);
#7511=ADVANCED_FACE('',(#6864),#7109,.T.);
#7512=ADVANCED_FACE('',(#6865),#7110,.T.);
#7513=ADVANCED_FACE('',(#6866),#7111,.T.);
#7514=ADVANCED_FACE('',(#6867),#7112,.T.);
#7515=ADVANCED_FACE('',(#6868),#7113,.T.);
#7516=ADVANCED_FACE('',(#6869),#7114,.T.);
#7517=ADVANCED_FACE('',(#6870),#7115,.T.);
#7518=ADVANCED_FACE('',(#6871),#7116,.T.);
#7519=ADVANCED_FACE('',(#6872),#7117,.T.);
#7520=ADVANCED_FACE('',(#6873),#7118,.T.);
#7521=ADVANCED_FACE('',(#6874),#7119,.T.);
#7522=ADVANCED_FACE('',(#6875),#7120,.T.);
#7523=ADVANCED_FACE('',(#6876),#7121,.T.);
#7524=ADVANCED_FACE('',(#6877),#7122,.T.);
#7525=ADVANCED_FACE('',(#6878),#7123,.F.);
#7526=ADVANCED_FACE('',(#6879),#7124,.T.);
#7527=ADVANCED_FACE('',(#6880),#7125,.F.);
#7528=ADVANCED_FACE('',(#6881),#7126,.T.);
#7529=ADVANCED_FACE('',(#6882),#7127,.T.);
#7530=ADVANCED_FACE('',(#6883),#7128,.T.);
#7531=ADVANCED_FACE('',(#6884),#7129,.F.);
#7532=ADVANCED_FACE('',(#6885),#7130,.T.);
#7533=ADVANCED_FACE('',(#6886),#7131,.F.);
#7534=ADVANCED_FACE('',(#6887),#7132,.T.);
#7535=ADVANCED_FACE('',(#6888),#7133,.F.);
#7536=ADVANCED_FACE('',(#6889),#7134,.T.);
#7537=ADVANCED_FACE('',(#6890),#7135,.T.);
#7538=ADVANCED_FACE('',(#6891),#7136,.F.);
#7539=ADVANCED_FACE('',(#6892),#7137,.T.);
#7540=ADVANCED_FACE('',(#6893),#7138,.T.);
#7541=ADVANCED_FACE('',(#6894),#7139,.T.);
#7542=ADVANCED_FACE('',(#6895),#7140,.T.);
#7543=ADVANCED_FACE('',(#6896),#7141,.T.);
#7544=ADVANCED_FACE('',(#6897),#7142,.T.);
#7545=ADVANCED_FACE('',(#6898),#7143,.T.);
#7546=ADVANCED_FACE('',(#6899),#7144,.T.);
#7547=ADVANCED_FACE('',(#6900),#7145,.T.);
#7548=ADVANCED_FACE('',(#6901),#7146,.T.);
#7549=ADVANCED_FACE('',(#6902),#7147,.T.);
#7550=ADVANCED_FACE('',(#6903),#7148,.T.);
#7551=ADVANCED_FACE('',(#6904),#7149,.T.);
#7552=ADVANCED_FACE('',(#6905),#7150,.T.);
#7553=ADVANCED_FACE('',(#6906),#7151,.T.);
#7554=ADVANCED_FACE('',(#6907),#7152,.T.);
#7555=ADVANCED_FACE('',(#6908),#7153,.F.);
#7556=CLOSED_SHELL('',(#7154,#7155,#7156,#7157,#7158,#7159,#7160,#7161,
#7162,#7163,#7164,#7165,#7166,#7167,#7168,#7169,#7170,#7171,#7172,#7173,
#7174,#7175,#7176,#7177,#7178,#7179,#7180,#7181,#7182,#7183,#7184,#7185,
#7186,#7187,#7188,#7189,#7190,#7191,#7192,#7193,#7194,#7195,#7196,#7197,
#7198,#7199,#7200,#7201,#7202,#7203,#7204,#7205,#7206,#7207,#7208,#7209,
#7210,#7211,#7212,#7213,#7214,#7215,#7216,#7217,#7218,#7219,#7220,#7221,
#7222,#7223,#7224,#7225,#7226,#7227,#7228,#7229,#7230,#7231,#7232,#7233,
#7234,#7235,#7236,#7237,#7238,#7239,#7240,#7241,#7242,#7243,#7244,#7245,
#7246,#7247,#7248,#7249,#7250,#7251,#7252,#7253,#7254,#7255,#7256,#7257,
#7258,#7259,#7260,#7261,#7262,#7263,#7264,#7265,#7266,#7267,#7268,#7269,
#7270,#7271,#7272,#7273,#7274,#7275,#7276,#7277,#7278,#7279,#7280,#7281,
#7282,#7283,#7284,#7285,#7286,#7287,#7288,#7289,#7290,#7291,#7292,#7293,
#7294,#7295,#7296,#7297,#7298,#7299,#7300,#7301,#7302,#7303,#7304,#7305,
#7306,#7307,#7308,#7309,#7310,#7311,#7312,#7313,#7314,#7315,#7316,#7317,
#7318,#7319,#7320,#7321,#7322,#7323,#7324,#7325,#7326,#7327,#7328,#7329,
#7330,#7331,#7332,#7333,#7334,#7335,#7336,#7337,#7338,#7339,#7340,#7341,
#7342,#7343,#7344,#7345,#7346,#7347,#7348,#7349,#7350,#7351,#7352,#7353,
#7354,#7355,#7356,#7357,#7358,#7359,#7360,#7361,#7362,#7363,#7364,#7365,
#7366,#7367,#7368,#7369,#7370,#7371,#7372,#7373,#7374,#7375,#7376,#7377,
#7378,#7379,#7380,#7381,#7382,#7383,#7384,#7385,#7386,#7387,#7388,#7389,
#7390,#7391,#7392,#7393,#7394,#7395,#7396,#7397,#7398,#7399,#7400,#7401,
#7402,#7403,#7404,#7405,#7406,#7407,#7408,#7409,#7410,#7411,#7412,#7413,
#7414,#7415,#7416,#7417,#7418,#7419,#7420,#7421,#7422,#7423,#7424,#7425,
#7426,#7427,#7428,#7429,#7430,#7431,#7432,#7433,#7434,#7435,#7436,#7437,
#7438,#7439,#7440,#7441,#7442,#7443,#7444,#7445,#7446,#7447,#7448,#7449,
#7450,#7451,#7452,#7453,#7454,#7455,#7456,#7457,#7458,#7459,#7460,#7461,
#7462,#7463,#7464,#7465,#7466,#7467,#7468,#7469,#7470,#7471,#7472,#7473,
#7474,#7475,#7476,#7477,#7478,#7479,#7480,#7481,#7482,#7483,#7484,#7485,
#7486,#7487,#7488,#7489,#7490,#7491,#7492,#7493,#7494,#7495,#7496,#7497,
#7498,#7499,#7500,#7501,#7502,#7503,#7504,#7505,#7506,#7507,#7508,#7509,
#7510,#7511,#7512,#7513,#7514,#7515,#7516,#7517,#7518,#7519,#7520,#7521,
#7522,#7523,#7524,#7525,#7526,#7527,#7528,#7529,#7530,#7531,#7532,#7533,
#7534,#7535,#7536,#7537,#7538,#7539,#7540,#7541,#7542,#7543,#7544,#7545,
#7546,#7547,#7548,#7549,#7550,#7551,#7552,#7553,#7554,#7555));
#7557=STYLED_ITEM('',(#7558),#7565);
#7558=PRESENTATION_STYLE_ASSIGNMENT((#7559));
#7559=SURFACE_STYLE_USAGE(.BOTH.,#7560);
#7560=SURFACE_SIDE_STYLE('',(#7561));
#7561=SURFACE_STYLE_FILL_AREA(#7562);
#7562=FILL_AREA_STYLE('',(#7563));
#7563=FILL_AREA_STYLE_COLOUR('',#7564);
#7564=COLOUR_RGB('',0.615686274509804,0.811764705882353,0.929411764705882);
#7565=MANIFOLD_SOLID_BREP('Part 1',#7556);
#7566=SHAPE_DEFINITION_REPRESENTATION(#12805,#7567);
#7567=SHAPE_REPRESENTATION('Part 1',(#7568),#12800);
#7568=AXIS2_PLACEMENT_3D('',#9892,#8083,#8084);
#7569=AXIS2_PLACEMENT_3D('',#9893,#8085,#8086);
#7570=AXIS2_PLACEMENT_3D('',#9902,#8091,#8092);
#7571=AXIS2_PLACEMENT_3D('',#9914,#8098,#8099);
#7572=AXIS2_PLACEMENT_3D('',#9918,#8101,#8102);
#7573=AXIS2_PLACEMENT_3D('',#9922,#8104,#8105);
#7574=AXIS2_PLACEMENT_3D('',#9926,#8107,#8108);
#7575=AXIS2_PLACEMENT_3D('',#9930,#8110,#8111);
#7576=AXIS2_PLACEMENT_3D('',#9934,#8113,#8114);
#7577=AXIS2_PLACEMENT_3D('',#9938,#8116,#8117);
#7578=AXIS2_PLACEMENT_3D('',#9942,#8119,#8120);
#7579=AXIS2_PLACEMENT_3D('',#9950,#8124,#8125);
#7580=AXIS2_PLACEMENT_3D('',#9952,#8126,#8127);
#7581=AXIS2_PLACEMENT_3D('',#9954,#8128,#8129);
#7582=AXIS2_PLACEMENT_3D('',#9958,#8131,#8132);
#7583=AXIS2_PLACEMENT_3D('',#9962,#8134,#8135);
#7584=AXIS2_PLACEMENT_3D('',#9963,#8136,#8137);
#7585=AXIS2_PLACEMENT_3D('',#9966,#8138,#8139);
#7586=AXIS2_PLACEMENT_3D('',#9970,#8141,#8142);
#7587=AXIS2_PLACEMENT_3D('',#9974,#8144,#8145);
#7588=AXIS2_PLACEMENT_3D('',#9978,#8147,#8148);
#7589=AXIS2_PLACEMENT_3D('',#9979,#8149,#8150);
#7590=AXIS2_PLACEMENT_3D('',#9981,#8151,#8152);
#7591=AXIS2_PLACEMENT_3D('',#9983,#8153,#8154);
#7592=AXIS2_PLACEMENT_3D('',#9985,#8155,#8156);
#7593=AXIS2_PLACEMENT_3D('',#9987,#8157,#8158);
#7594=AXIS2_PLACEMENT_3D('',#9990,#8159,#8160);
#7595=AXIS2_PLACEMENT_3D('',#9994,#8162,#8163);
#7596=AXIS2_PLACEMENT_3D('',#9998,#8165,#8166);
#7597=AXIS2_PLACEMENT_3D('',#10002,#8168,#8169);
#7598=AXIS2_PLACEMENT_3D('',#10006,#8171,#8172);
#7599=AXIS2_PLACEMENT_3D('',#10008,#8173,#8174);
#7600=AXIS2_PLACEMENT_3D('',#10010,#8175,#8176);
#7601=AXIS2_PLACEMENT_3D('',#10014,#8178,#8179);
#7602=AXIS2_PLACEMENT_3D('',#10018,#8181,#8182);
#7603=AXIS2_PLACEMENT_3D('',#10022,#8184,#8185);
#7604=AXIS2_PLACEMENT_3D('',#10026,#8187,#8188);
#7605=AXIS2_PLACEMENT_3D('',#10030,#8190,#8191);
#7606=AXIS2_PLACEMENT_3D('',#10034,#8193,#8194);
#7607=AXIS2_PLACEMENT_3D('',#10038,#8196,#8197);
#7608=AXIS2_PLACEMENT_3D('',#10042,#8199,#8200);
#7609=AXIS2_PLACEMENT_3D('',#10151,#8255,#8256);
#7610=AXIS2_PLACEMENT_3D('',#10152,#8257,#8258);
#7611=AXIS2_PLACEMENT_3D('',#10155,#8259,#8260);
#7612=AXIS2_PLACEMENT_3D('',#10159,#8262,#8263);
#7613=AXIS2_PLACEMENT_3D('',#10163,#8265,#8266);
#7614=AXIS2_PLACEMENT_3D('',#10167,#8268,#8269);
#7615=AXIS2_PLACEMENT_3D('',#10171,#8271,#8272);
#7616=AXIS2_PLACEMENT_3D('',#10175,#8274,#8275);
#7617=AXIS2_PLACEMENT_3D('',#10179,#8277,#8278);
#7618=AXIS2_PLACEMENT_3D('',#10183,#8280,#8281);
#7619=AXIS2_PLACEMENT_3D('',#10187,#8283,#8284);
#7620=AXIS2_PLACEMENT_3D('',#10195,#8288,#8289);
#7621=AXIS2_PLACEMENT_3D('',#10199,#8291,#8292);
#7622=AXIS2_PLACEMENT_3D('',#10203,#8294,#8295);
#7623=AXIS2_PLACEMENT_3D('',#10211,#8299,#8300);
#7624=AXIS2_PLACEMENT_3D('',#10215,#8302,#8303);
#7625=AXIS2_PLACEMENT_3D('',#10219,#8305,#8306);
#7626=AXIS2_PLACEMENT_3D('',#10227,#8310,#8311);
#7627=AXIS2_PLACEMENT_3D('',#10231,#8313,#8314);
#7628=AXIS2_PLACEMENT_3D('',#10235,#8316,#8317);
#7629=AXIS2_PLACEMENT_3D('',#10236,#8318,#8319);
#7630=AXIS2_PLACEMENT_3D('',#10238,#8320,#8321);
#7631=AXIS2_PLACEMENT_3D('',#10240,#8322,#8323);
#7632=AXIS2_PLACEMENT_3D('',#10242,#8324,#8325);
#7633=AXIS2_PLACEMENT_3D('',#10247,#8327,#8328);
#7634=AXIS2_PLACEMENT_3D('',#10249,#8329,#8330);
#7635=AXIS2_PLACEMENT_3D('',#10251,#8331,#8332);
#7636=AXIS2_PLACEMENT_3D('',#10255,#8334,#8335);
#7637=AXIS2_PLACEMENT_3D('',#10259,#8337,#8338);
#7638=AXIS2_PLACEMENT_3D('',#10263,#8340,#8341);
#7639=AXIS2_PLACEMENT_3D('',#10265,#8342,#8343);
#7640=AXIS2_PLACEMENT_3D('',#10267,#8344,#8345);
#7641=AXIS2_PLACEMENT_3D('',#10271,#8347,#8348);
#7642=AXIS2_PLACEMENT_3D('',#10275,#8350,#8351);
#7643=AXIS2_PLACEMENT_3D('',#10279,#8353,#8354);
#7644=AXIS2_PLACEMENT_3D('',#10283,#8356,#8357);
#7645=AXIS2_PLACEMENT_3D('',#10287,#8359,#8360);
#7646=AXIS2_PLACEMENT_3D('',#10288,#8361,#8362);
#7647=AXIS2_PLACEMENT_3D('',#10291,#8363,#8364);
#7648=AXIS2_PLACEMENT_3D('',#10295,#8366,#8367);
#7649=AXIS2_PLACEMENT_3D('',#10299,#8369,#8370);
#7650=AXIS2_PLACEMENT_3D('',#10303,#8372,#8373);
#7651=AXIS2_PLACEMENT_3D('',#10307,#8375,#8376);
#7652=AXIS2_PLACEMENT_3D('',#10311,#8378,#8379);
#7653=AXIS2_PLACEMENT_3D('',#10315,#8381,#8382);
#7654=AXIS2_PLACEMENT_3D('',#10316,#8383,#8384);
#7655=AXIS2_PLACEMENT_3D('',#10322,#8387,#8388);
#7656=AXIS2_PLACEMENT_3D('',#10331,#8393,#8394);
#7657=AXIS2_PLACEMENT_3D('',#10337,#8398,#8399);
#7658=AXIS2_PLACEMENT_3D('',#10349,#8405,#8406);
#7659=AXIS2_PLACEMENT_3D('',#10352,#8408,#8409);
#7660=AXIS2_PLACEMENT_3D('',#10362,#8414,#8415);
#7661=AXIS2_PLACEMENT_3D('',#10367,#8418,#8419);
#7662=AXIS2_PLACEMENT_3D('',#10376,#8424,#8425);
#7663=AXIS2_PLACEMENT_3D('',#10380,#8428,#8429);
#7664=AXIS2_PLACEMENT_3D('',#10381,#8430,#8431);
#7665=AXIS2_PLACEMENT_3D('',#10382,#8432,#8433);
#7666=AXIS2_PLACEMENT_3D('',#10383,#8434,#8435);
#7667=AXIS2_PLACEMENT_3D('',#10384,#8436,#8437);
#7668=AXIS2_PLACEMENT_3D('',#10385,#8438,#8439);
#7669=AXIS2_PLACEMENT_3D('',#10387,#8440,#8441);
#7670=AXIS2_PLACEMENT_3D('',#10390,#8443,#8444);
#7671=AXIS2_PLACEMENT_3D('',#10393,#8447,#8448);
#7672=AXIS2_PLACEMENT_3D('',#10433,#8456,#8457);
#7673=AXIS2_PLACEMENT_3D('',#10443,#8458,#8459);
#7674=AXIS2_PLACEMENT_3D('',#10455,#8461,#8462);
#7675=AXIS2_PLACEMENT_3D('',#10457,#8463,#8464);
#7676=AXIS2_PLACEMENT_3D('',#10471,#8465,#8466);
#7677=AXIS2_PLACEMENT_3D('',#10508,#8479,#8480);
#7678=AXIS2_PLACEMENT_3D('',#10559,#8483,#8484);
#7679=AXIS2_PLACEMENT_3D('',#10563,#8486,#8487);
#7680=AXIS2_PLACEMENT_3D('',#10567,#8489,#8490);
#7681=AXIS2_PLACEMENT_3D('',#10571,#8492,#8493);
#7682=AXIS2_PLACEMENT_3D('',#10575,#8495,#8496);
#7683=AXIS2_PLACEMENT_3D('',#10579,#8498,#8499);
#7684=AXIS2_PLACEMENT_3D('',#10583,#8501,#8502);
#7685=AXIS2_PLACEMENT_3D('',#10617,#8513,#8514);
#7686=AXIS2_PLACEMENT_3D('',#10669,#8532,#8533);
#7687=AXIS2_PLACEMENT_3D('',#10671,#8534,#8535);
#7688=AXIS2_PLACEMENT_3D('',#10689,#8536,#8537);
#7689=AXIS2_PLACEMENT_3D('',#10693,#8539,#8540);
#7690=AXIS2_PLACEMENT_3D('',#10711,#8541,#8542);
#7691=AXIS2_PLACEMENT_3D('',#10760,#8567,#8568);
#7692=AXIS2_PLACEMENT_3D('',#10764,#8570,#8571);
#7693=AXIS2_PLACEMENT_3D('',#10765,#8572,#8573);
#7694=AXIS2_PLACEMENT_3D('',#10769,#8575,#8576);
#7695=AXIS2_PLACEMENT_3D('',#10773,#8578,#8579);
#7696=AXIS2_PLACEMENT_3D('',#10777,#8581,#8582);
#7697=AXIS2_PLACEMENT_3D('',#10781,#8584,#8585);
#7698=AXIS2_PLACEMENT_3D('',#10799,#8590,#8591);
#7699=AXIS2_PLACEMENT_3D('',#10809,#8592,#8593);
#7700=AXIS2_PLACEMENT_3D('',#10821,#8595,#8596);
#7701=AXIS2_PLACEMENT_3D('',#10823,#8597,#8598);
#7702=AXIS2_PLACEMENT_3D('',#10837,#8599,#8600);
#7703=AXIS2_PLACEMENT_3D('',#10874,#8613,#8614);
#7704=AXIS2_PLACEMENT_3D('',#10877,#8617,#8618);
#7705=AXIS2_PLACEMENT_3D('',#10880,#8621,#8622);
#7706=AXIS2_PLACEMENT_3D('',#10883,#8625,#8626);
#7707=AXIS2_PLACEMENT_3D('',#10886,#8629,#8630);
#7708=AXIS2_PLACEMENT_3D('',#10889,#8632,#8633);
#7709=AXIS2_PLACEMENT_3D('',#10891,#8635,#8636);
#7710=AXIS2_PLACEMENT_3D('',#10894,#8639,#8640);
#7711=AXIS2_PLACEMENT_3D('',#10897,#8643,#8644);
#7712=AXIS2_PLACEMENT_3D('',#10900,#8647,#8648);
#7713=AXIS2_PLACEMENT_3D('',#10901,#8649,#8650);
#7714=AXIS2_PLACEMENT_3D('',#10902,#8651,#8652);
#7715=AXIS2_PLACEMENT_3D('',#10903,#8653,#8654);
#7716=AXIS2_PLACEMENT_3D('',#10904,#8655,#8656);
#7717=AXIS2_PLACEMENT_3D('',#10905,#8657,#8658);
#7718=AXIS2_PLACEMENT_3D('',#10906,#8659,#8660);
#7719=AXIS2_PLACEMENT_3D('',#10912,#8664,#8665);
#7720=AXIS2_PLACEMENT_3D('',#10918,#8669,#8670);
#7721=AXIS2_PLACEMENT_3D('',#10924,#8674,#8675);
#7722=AXIS2_PLACEMENT_3D('',#10930,#8679,#8680);
#7723=AXIS2_PLACEMENT_3D('',#10936,#8684,#8685);
#7724=AXIS2_PLACEMENT_3D('',#10944,#8690,#8691);
#7725=AXIS2_PLACEMENT_3D('',#10946,#8693,#8694);
#7726=AXIS2_PLACEMENT_3D('',#10954,#8699,#8700);
#7727=AXIS2_PLACEMENT_3D('',#10962,#8705,#8706);
#7728=AXIS2_PLACEMENT_3D('',#10963,#8707,#8708);
#7729=AXIS2_PLACEMENT_3D('',#10964,#8709,#8710);
#7730=AXIS2_PLACEMENT_3D('',#10968,#8712,#8713);
#7731=AXIS2_PLACEMENT_3D('',#10972,#8715,#8716);
#7732=AXIS2_PLACEMENT_3D('',#10978,#8720,#8721);
#7733=AXIS2_PLACEMENT_3D('',#10981,#8724,#8725);
#7734=AXIS2_PLACEMENT_3D('',#10984,#8728,#8729);
#7735=AXIS2_PLACEMENT_3D('',#10990,#8733,#8734);
#7736=AXIS2_PLACEMENT_3D('',#10996,#8738,#8739);
#7737=AXIS2_PLACEMENT_3D('',#11000,#8742,#8743);
#7738=AXIS2_PLACEMENT_3D('',#11001,#8744,#8745);
#7739=AXIS2_PLACEMENT_3D('',#11002,#8746,#8747);
#7740=AXIS2_PLACEMENT_3D('',#11003,#8748,#8749);
#7741=AXIS2_PLACEMENT_3D('',#11004,#8750,#8751);
#7742=AXIS2_PLACEMENT_3D('',#11005,#8752,#8753);
#7743=AXIS2_PLACEMENT_3D('',#11006,#8754,#8755);
#7744=AXIS2_PLACEMENT_3D('',#11007,#8756,#8757);
#7745=AXIS2_PLACEMENT_3D('',#11009,#8759,#8760);
#7746=AXIS2_PLACEMENT_3D('',#11015,#8764,#8765);
#7747=AXIS2_PLACEMENT_3D('',#11019,#8768,#8769);
#7748=AXIS2_PLACEMENT_3D('',#11023,#8772,#8773);
#7749=AXIS2_PLACEMENT_3D('',#11027,#8776,#8777);
#7750=AXIS2_PLACEMENT_3D('',#11057,#8782,#8783);
#7751=AXIS2_PLACEMENT_3D('',#11060,#8785,#8786);
#7752=AXIS2_PLACEMENT_3D('',#11100,#8790,#8791);
#7753=AXIS2_PLACEMENT_3D('',#11103,#8793,#8794);
#7754=AXIS2_PLACEMENT_3D('',#11104,#8795,#8796);
#7755=AXIS2_PLACEMENT_3D('',#11107,#8798,#8799);
#7756=AXIS2_PLACEMENT_3D('',#11121,#8801,#8802);
#7757=AXIS2_PLACEMENT_3D('',#11138,#8806,#8807);
#7758=AXIS2_PLACEMENT_3D('',#11141,#8809,#8810);
#7759=AXIS2_PLACEMENT_3D('',#11168,#8813,#8814);
#7760=AXIS2_PLACEMENT_3D('',#11171,#8816,#8817);
#7761=AXIS2_PLACEMENT_3D('',#11198,#8820,#8821);
#7762=AXIS2_PLACEMENT_3D('',#11202,#8824,#8825);
#7763=AXIS2_PLACEMENT_3D('',#11204,#8827,#8828);
#7764=AXIS2_PLACEMENT_3D('',#11205,#8829,#8830);
#7765=AXIS2_PLACEMENT_3D('',#11211,#8834,#8835);
#7766=AXIS2_PLACEMENT_3D('',#11215,#8838,#8839);
#7767=AXIS2_PLACEMENT_3D('',#11219,#8842,#8843);
#7768=AXIS2_PLACEMENT_3D('',#11223,#8846,#8847);
#7769=AXIS2_PLACEMENT_3D('',#11227,#8850,#8851);
#7770=AXIS2_PLACEMENT_3D('',#11244,#8855,#8856);
#7771=AXIS2_PLACEMENT_3D('',#11248,#8859,#8860);
#7772=AXIS2_PLACEMENT_3D('',#11252,#8863,#8864);
#7773=AXIS2_PLACEMENT_3D('',#11254,#8866,#8867);
#7774=AXIS2_PLACEMENT_3D('',#11270,#8870,#8871);
#7775=AXIS2_PLACEMENT_3D('',#11273,#8873,#8874);
#7776=AXIS2_PLACEMENT_3D('',#11274,#8875,#8876);
#7777=AXIS2_PLACEMENT_3D('',#11277,#8878,#8879);
#7778=AXIS2_PLACEMENT_3D('',#11278,#8880,#8881);
#7779=AXIS2_PLACEMENT_3D('',#11373,#8891,#8892);
#7780=AXIS2_PLACEMENT_3D('',#11414,#8897,#8898);
#7781=AXIS2_PLACEMENT_3D('',#11415,#8899,#8900);
#7782=AXIS2_PLACEMENT_3D('',#11421,#8904,#8905);
#7783=AXIS2_PLACEMENT_3D('',#11425,#8908,#8909);
#7784=AXIS2_PLACEMENT_3D('',#11429,#8912,#8913);
#7785=AXIS2_PLACEMENT_3D('',#11433,#8916,#8917);
#7786=AXIS2_PLACEMENT_3D('',#11437,#8920,#8921);
#7787=AXIS2_PLACEMENT_3D('',#11454,#8925,#8926);
#7788=AXIS2_PLACEMENT_3D('',#11458,#8929,#8930);
#7789=AXIS2_PLACEMENT_3D('',#11462,#8933,#8934);
#7790=AXIS2_PLACEMENT_3D('',#11464,#8936,#8937);
#7791=AXIS2_PLACEMENT_3D('',#11465,#8938,#8939);
#7792=AXIS2_PLACEMENT_3D('',#11471,#8943,#8944);
#7793=AXIS2_PLACEMENT_3D('',#11475,#8947,#8948);
#7794=AXIS2_PLACEMENT_3D('',#11479,#8951,#8952);
#7795=AXIS2_PLACEMENT_3D('',#11483,#8955,#8956);
#7796=AXIS2_PLACEMENT_3D('',#11513,#8961,#8962);
#7797=AXIS2_PLACEMENT_3D('',#11516,#8964,#8965);
#7798=AXIS2_PLACEMENT_3D('',#11556,#8969,#8970);
#7799=AXIS2_PLACEMENT_3D('',#11559,#8972,#8973);
#7800=AXIS2_PLACEMENT_3D('',#11560,#8974,#8975);
#7801=AXIS2_PLACEMENT_3D('',#11563,#8977,#8978);
#7802=AXIS2_PLACEMENT_3D('',#11577,#8980,#8981);
#7803=AXIS2_PLACEMENT_3D('',#11594,#8985,#8986);
#7804=AXIS2_PLACEMENT_3D('',#11597,#8988,#8989);
#7805=AXIS2_PLACEMENT_3D('',#11624,#8992,#8993);
#7806=AXIS2_PLACEMENT_3D('',#11627,#8995,#8996);
#7807=AXIS2_PLACEMENT_3D('',#11654,#8999,#9000);
#7808=AXIS2_PLACEMENT_3D('',#11658,#9003,#9004);
#7809=AXIS2_PLACEMENT_3D('',#11660,#9006,#9007);
#7810=AXIS2_PLACEMENT_3D('',#11661,#9008,#9009);
#7811=AXIS2_PLACEMENT_3D('',#11662,#9010,#9011);
#7812=AXIS2_PLACEMENT_3D('',#11667,#9013,#9014);
#7813=AXIS2_PLACEMENT_3D('',#11670,#9016,#9017);
#7814=AXIS2_PLACEMENT_3D('',#11693,#9022,#9023);
#7815=AXIS2_PLACEMENT_3D('',#11699,#9027,#9028);
#7816=AXIS2_PLACEMENT_3D('',#11703,#9031,#9032);
#7817=AXIS2_PLACEMENT_3D('',#11707,#9035,#9036);
#7818=AXIS2_PLACEMENT_3D('',#11711,#9039,#9040);
#7819=AXIS2_PLACEMENT_3D('',#11715,#9043,#9044);
#7820=AXIS2_PLACEMENT_3D('',#11719,#9047,#9048);
#7821=AXIS2_PLACEMENT_3D('',#11723,#9051,#9052);
#7822=AXIS2_PLACEMENT_3D('',#11725,#9054,#9055);
#7823=AXIS2_PLACEMENT_3D('',#11726,#9056,#9057);
#7824=AXIS2_PLACEMENT_3D('',#11727,#9058,#9059);
#7825=AXIS2_PLACEMENT_3D('',#11728,#9060,#9061);
#7826=AXIS2_PLACEMENT_3D('',#11766,#9065,#9066);
#7827=AXIS2_PLACEMENT_3D('',#11772,#9070,#9071);
#7828=AXIS2_PLACEMENT_3D('',#11819,#9079,#9080);
#7829=AXIS2_PLACEMENT_3D('',#11823,#9083,#9084);
#7830=AXIS2_PLACEMENT_3D('',#11827,#9087,#9088);
#7831=AXIS2_PLACEMENT_3D('',#11842,#9091,#9092);
#7832=AXIS2_PLACEMENT_3D('',#11845,#9095,#9096);
#7833=AXIS2_PLACEMENT_3D('',#11846,#9097,#9098);
#7834=AXIS2_PLACEMENT_3D('',#11855,#9103,#9104);
#7835=AXIS2_PLACEMENT_3D('',#11912,#9111,#9112);
#7836=AXIS2_PLACEMENT_3D('',#11921,#9117,#9118);
#7837=AXIS2_PLACEMENT_3D('',#11927,#9122,#9123);
#7838=AXIS2_PLACEMENT_3D('',#11984,#9130,#9131);
#7839=AXIS2_PLACEMENT_3D('',#11990,#9135,#9136);
#7840=AXIS2_PLACEMENT_3D('',#11994,#9139,#9140);
#7841=AXIS2_PLACEMENT_3D('',#12050,#9147,#9148);
#7842=AXIS2_PLACEMENT_3D('',#12054,#9151,#9152);
#7843=AXIS2_PLACEMENT_3D('',#12057,#9154,#9155);
#7844=AXIS2_PLACEMENT_3D('',#12109,#9158,#9159);
#7845=AXIS2_PLACEMENT_3D('',#12112,#9162,#9163);
#7846=AXIS2_PLACEMENT_3D('',#12113,#9164,#9165);
#7847=AXIS2_PLACEMENT_3D('',#12114,#9166,#9167);
#7848=AXIS2_PLACEMENT_3D('',#12120,#9171,#9172);
#7849=AXIS2_PLACEMENT_3D('',#12124,#9175,#9176);
#7850=AXIS2_PLACEMENT_3D('',#12128,#9179,#9180);
#7851=AXIS2_PLACEMENT_3D('',#12132,#9183,#9184);
#7852=AXIS2_PLACEMENT_3D('',#12136,#9187,#9188);
#7853=AXIS2_PLACEMENT_3D('',#12140,#9191,#9192);
#7854=AXIS2_PLACEMENT_3D('',#12144,#9195,#9196);
#7855=AXIS2_PLACEMENT_3D('',#12148,#9199,#9200);
#7856=AXIS2_PLACEMENT_3D('',#12152,#9203,#9204);
#7857=AXIS2_PLACEMENT_3D('',#12156,#9207,#9208);
#7858=AXIS2_PLACEMENT_3D('',#12160,#9211,#9212);
#7859=AXIS2_PLACEMENT_3D('',#12162,#9214,#9215);
#7860=AXIS2_PLACEMENT_3D('',#12163,#9216,#9217);
#7861=AXIS2_PLACEMENT_3D('',#12169,#9221,#9222);
#7862=AXIS2_PLACEMENT_3D('',#12173,#9225,#9226);
#7863=AXIS2_PLACEMENT_3D('',#12177,#9229,#9230);
#7864=AXIS2_PLACEMENT_3D('',#12181,#9233,#9234);
#7865=AXIS2_PLACEMENT_3D('',#12184,#9236,#9237);
#7866=AXIS2_PLACEMENT_3D('',#12237,#9242,#9243);
#7867=AXIS2_PLACEMENT_3D('',#12240,#9245,#9246);
#7868=AXIS2_PLACEMENT_3D('',#12241,#9247,#9248);
#7869=AXIS2_PLACEMENT_3D('',#12245,#9251,#9252);
#7870=AXIS2_PLACEMENT_3D('',#12248,#9254,#9255);
#7871=AXIS2_PLACEMENT_3D('',#12301,#9260,#9261);
#7872=AXIS2_PLACEMENT_3D('',#12304,#9263,#9264);
#7873=AXIS2_PLACEMENT_3D('',#12305,#9265,#9266);
#7874=AXIS2_PLACEMENT_3D('',#12308,#9268,#9269);
#7875=AXIS2_PLACEMENT_3D('',#12309,#9270,#9271);
#7876=AXIS2_PLACEMENT_3D('',#12311,#9273,#9274);
#7877=AXIS2_PLACEMENT_3D('',#12312,#9275,#9276);
#7878=AXIS2_PLACEMENT_3D('',#12318,#9280,#9281);
#7879=AXIS2_PLACEMENT_3D('',#12322,#9284,#9285);
#7880=AXIS2_PLACEMENT_3D('',#12326,#9288,#9289);
#7881=AXIS2_PLACEMENT_3D('',#12330,#9292,#9293);
#7882=AXIS2_PLACEMENT_3D('',#12334,#9296,#9297);
#7883=AXIS2_PLACEMENT_3D('',#12338,#9300,#9301);
#7884=AXIS2_PLACEMENT_3D('',#12342,#9304,#9305);
#7885=AXIS2_PLACEMENT_3D('',#12346,#9308,#9309);
#7886=AXIS2_PLACEMENT_3D('',#12350,#9312,#9313);
#7887=AXIS2_PLACEMENT_3D('',#12352,#9315,#9316);
#7888=AXIS2_PLACEMENT_3D('',#12353,#9317,#9318);
#7889=AXIS2_PLACEMENT_3D('',#12359,#9322,#9323);
#7890=AXIS2_PLACEMENT_3D('',#12363,#9326,#9327);
#7891=AXIS2_PLACEMENT_3D('',#12367,#9330,#9331);
#7892=AXIS2_PLACEMENT_3D('',#12371,#9334,#9335);
#7893=AXIS2_PLACEMENT_3D('',#12375,#9338,#9339);
#7894=AXIS2_PLACEMENT_3D('',#12379,#9342,#9343);
#7895=AXIS2_PLACEMENT_3D('',#12383,#9346,#9347);
#7896=AXIS2_PLACEMENT_3D('',#12387,#9350,#9351);
#7897=AXIS2_PLACEMENT_3D('',#12391,#9354,#9355);
#7898=AXIS2_PLACEMENT_3D('',#12395,#9358,#9359);
#7899=AXIS2_PLACEMENT_3D('',#12399,#9362,#9363);
#7900=AXIS2_PLACEMENT_3D('',#12401,#9365,#9366);
#7901=AXIS2_PLACEMENT_3D('',#12402,#9367,#9368);
#7902=AXIS2_PLACEMENT_3D('',#12403,#9369,#9370);
#7903=AXIS2_PLACEMENT_3D('',#12404,#9371,#9372);
#7904=AXIS2_PLACEMENT_3D('',#12405,#9373,#9374);
#7905=AXIS2_PLACEMENT_3D('',#12408,#9377,#9378);
#7906=AXIS2_PLACEMENT_3D('',#12411,#9381,#9382);
#7907=AXIS2_PLACEMENT_3D('',#12414,#9385,#9386);
#7908=AXIS2_PLACEMENT_3D('',#12415,#9387,#9388);
#7909=AXIS2_PLACEMENT_3D('',#12416,#9389,#9390);
#7910=AXIS2_PLACEMENT_3D('',#12417,#9391,#9392);
#7911=AXIS2_PLACEMENT_3D('',#12418,#9393,#9394);
#7912=AXIS2_PLACEMENT_3D('',#12419,#9395,#9396);
#7913=AXIS2_PLACEMENT_3D('',#12420,#9397,#9398);
#7914=AXIS2_PLACEMENT_3D('',#12421,#9399,#9400);
#7915=AXIS2_PLACEMENT_3D('',#12422,#9401,#9402);
#7916=AXIS2_PLACEMENT_3D('',#12423,#9403,#9404);
#7917=AXIS2_PLACEMENT_3D('',#12424,#9405,#9406);
#7918=AXIS2_PLACEMENT_3D('',#12425,#9407,#9408);
#7919=AXIS2_PLACEMENT_3D('',#12427,#9410,#9411);
#7920=AXIS2_PLACEMENT_3D('',#12428,#9412,#9413);
#7921=AXIS2_PLACEMENT_3D('',#12429,#9414,#9415);
#7922=AXIS2_PLACEMENT_3D('',#12430,#9416,#9417);
#7923=AXIS2_PLACEMENT_3D('',#12431,#9418,#9419);
#7924=AXIS2_PLACEMENT_3D('',#12432,#9420,#9421);
#7925=AXIS2_PLACEMENT_3D('',#12433,#9422,#9423);
#7926=AXIS2_PLACEMENT_3D('',#12434,#9424,#9425);
#7927=AXIS2_PLACEMENT_3D('',#12435,#9426,#9427);
#7928=AXIS2_PLACEMENT_3D('',#12436,#9428,#9429);
#7929=AXIS2_PLACEMENT_3D('',#12438,#9431,#9432);
#7930=AXIS2_PLACEMENT_3D('',#12439,#9433,#9434);
#7931=AXIS2_PLACEMENT_3D('',#12440,#9435,#9436);
#7932=AXIS2_PLACEMENT_3D('',#12441,#9437,#9438);
#7933=AXIS2_PLACEMENT_3D('',#12442,#9439,#9440);
#7934=AXIS2_PLACEMENT_3D('',#12443,#9441,#9442);
#7935=AXIS2_PLACEMENT_3D('',#12444,#9443,#9444);
#7936=AXIS2_PLACEMENT_3D('',#12445,#9445,#9446);
#7937=AXIS2_PLACEMENT_3D('',#12446,#9447,#9448);
#7938=AXIS2_PLACEMENT_3D('',#12447,#9449,#9450);
#7939=AXIS2_PLACEMENT_3D('',#12448,#9451,#9452);
#7940=AXIS2_PLACEMENT_3D('',#12449,#9453,#9454);
#7941=AXIS2_PLACEMENT_3D('',#12450,#9455,#9456);
#7942=AXIS2_PLACEMENT_3D('',#12451,#9457,#9458);
#7943=AXIS2_PLACEMENT_3D('',#12452,#9459,#9460);
#7944=AXIS2_PLACEMENT_3D('',#12453,#9461,#9462);
#7945=AXIS2_PLACEMENT_3D('',#12454,#9463,#9464);
#7946=AXIS2_PLACEMENT_3D('',#12455,#9465,#9466);
#7947=AXIS2_PLACEMENT_3D('',#12456,#9467,#9468);
#7948=AXIS2_PLACEMENT_3D('',#12457,#9469,#9470);
#7949=AXIS2_PLACEMENT_3D('',#12458,#9471,#9472);
#7950=AXIS2_PLACEMENT_3D('',#12459,#9473,#9474);
#7951=AXIS2_PLACEMENT_3D('',#12460,#9475,#9476);
#7952=AXIS2_PLACEMENT_3D('',#12461,#9477,#9478);
#7953=AXIS2_PLACEMENT_3D('',#12462,#9479,#9480);
#7954=AXIS2_PLACEMENT_3D('',#12463,#9481,#9482);
#7955=AXIS2_PLACEMENT_3D('',#12464,#9483,#9484);
#7956=AXIS2_PLACEMENT_3D('',#12465,#9485,#9486);
#7957=AXIS2_PLACEMENT_3D('',#12466,#9487,#9488);
#7958=AXIS2_PLACEMENT_3D('',#12467,#9489,#9490);
#7959=AXIS2_PLACEMENT_3D('',#12468,#9491,#9492);
#7960=AXIS2_PLACEMENT_3D('',#12469,#9493,#9494);
#7961=AXIS2_PLACEMENT_3D('',#12470,#9495,#9496);
#7962=AXIS2_PLACEMENT_3D('',#12471,#9497,#9498);
#7963=AXIS2_PLACEMENT_3D('',#12472,#9499,#9500);
#7964=AXIS2_PLACEMENT_3D('',#12473,#9501,#9502);
#7965=AXIS2_PLACEMENT_3D('',#12474,#9503,#9504);
#7966=AXIS2_PLACEMENT_3D('',#12475,#9505,#9506);
#7967=AXIS2_PLACEMENT_3D('',#12476,#9507,#9508);
#7968=AXIS2_PLACEMENT_3D('',#12477,#9509,#9510);
#7969=AXIS2_PLACEMENT_3D('',#12479,#9512,#9513);
#7970=AXIS2_PLACEMENT_3D('',#12480,#9514,#9515);
#7971=AXIS2_PLACEMENT_3D('',#12483,#9518,#9519);
#7972=AXIS2_PLACEMENT_3D('',#12486,#9522,#9523);
#7973=AXIS2_PLACEMENT_3D('',#12489,#9526,#9527);
#7974=AXIS2_PLACEMENT_3D('',#12492,#9530,#9531);
#7975=AXIS2_PLACEMENT_3D('',#12495,#9534,#9535);
#7976=AXIS2_PLACEMENT_3D('',#12498,#9538,#9539);
#7977=AXIS2_PLACEMENT_3D('',#12501,#9542,#9543);
#7978=AXIS2_PLACEMENT_3D('',#12504,#9546,#9547);
#7979=AXIS2_PLACEMENT_3D('',#12507,#9550,#9551);
#7980=AXIS2_PLACEMENT_3D('',#12510,#9554,#9555);
#7981=AXIS2_PLACEMENT_3D('',#12513,#9558,#9559);
#7982=AXIS2_PLACEMENT_3D('',#12516,#9562,#9563);
#7983=AXIS2_PLACEMENT_3D('',#12519,#9566,#9567);
#7984=AXIS2_PLACEMENT_3D('',#12522,#9570,#9571);
#7985=AXIS2_PLACEMENT_3D('',#12525,#9574,#9575);
#7986=AXIS2_PLACEMENT_3D('',#12528,#9578,#9579);
#7987=AXIS2_PLACEMENT_3D('',#12531,#9582,#9583);
#7988=AXIS2_PLACEMENT_3D('',#12534,#9586,#9587);
#7989=AXIS2_PLACEMENT_3D('',#12537,#9590,#9591);
#7990=AXIS2_PLACEMENT_3D('',#12540,#9594,#9595);
#7991=AXIS2_PLACEMENT_3D('',#12543,#9598,#9599);
#7992=AXIS2_PLACEMENT_3D('',#12546,#9602,#9603);
#7993=AXIS2_PLACEMENT_3D('',#12547,#9604,#9605);
#7994=AXIS2_PLACEMENT_3D('',#12548,#9606,#9607);
#7995=AXIS2_PLACEMENT_3D('',#12549,#9608,#9609);
#7996=AXIS2_PLACEMENT_3D('',#12550,#9610,#9611);
#7997=AXIS2_PLACEMENT_3D('',#12551,#9612,#9613);
#7998=AXIS2_PLACEMENT_3D('',#12552,#9614,#9615);
#7999=AXIS2_PLACEMENT_3D('',#12553,#9616,#9617);
#8000=AXIS2_PLACEMENT_3D('',#12554,#9618,#9619);
#8001=AXIS2_PLACEMENT_3D('',#12555,#9620,#9621);
#8002=AXIS2_PLACEMENT_3D('',#12556,#9622,#9623);
#8003=AXIS2_PLACEMENT_3D('',#12557,#9624,#9625);
#8004=AXIS2_PLACEMENT_3D('',#12558,#9626,#9627);
#8005=AXIS2_PLACEMENT_3D('',#12559,#9628,#9629);
#8006=AXIS2_PLACEMENT_3D('',#12560,#9630,#9631);
#8007=AXIS2_PLACEMENT_3D('',#12561,#9632,#9633);
#8008=AXIS2_PLACEMENT_3D('',#12562,#9634,#9635);
#8009=AXIS2_PLACEMENT_3D('',#12563,#9636,#9637);
#8010=AXIS2_PLACEMENT_3D('',#12564,#9638,#9639);
#8011=AXIS2_PLACEMENT_3D('',#12565,#9640,#9641);
#8012=AXIS2_PLACEMENT_3D('',#12566,#9642,#9643);
#8013=AXIS2_PLACEMENT_3D('',#12567,#9644,#9645);
#8014=AXIS2_PLACEMENT_3D('',#12568,#9646,#9647);
#8015=AXIS2_PLACEMENT_3D('',#12574,#9651,#9652);
#8016=AXIS2_PLACEMENT_3D('',#12578,#9655,#9656);
#8017=AXIS2_PLACEMENT_3D('',#12582,#9659,#9660);
#8018=AXIS2_PLACEMENT_3D('',#12584,#9662,#9663);
#8019=AXIS2_PLACEMENT_3D('',#12590,#9667,#9668);
#8020=AXIS2_PLACEMENT_3D('',#12594,#9671,#9672);
#8021=AXIS2_PLACEMENT_3D('',#12598,#9675,#9676);
#8022=AXIS2_PLACEMENT_3D('',#12600,#9678,#9679);
#8023=AXIS2_PLACEMENT_3D('',#12606,#9683,#9684);
#8024=AXIS2_PLACEMENT_3D('',#12610,#9687,#9688);
#8025=AXIS2_PLACEMENT_3D('',#12614,#9691,#9692);
#8026=AXIS2_PLACEMENT_3D('',#12616,#9694,#9695);
#8027=AXIS2_PLACEMENT_3D('',#12622,#9699,#9700);
#8028=AXIS2_PLACEMENT_3D('',#12626,#9703,#9704);
#8029=AXIS2_PLACEMENT_3D('',#12628,#9706,#9707);
#8030=AXIS2_PLACEMENT_3D('',#12634,#9711,#9712);
#8031=AXIS2_PLACEMENT_3D('',#12638,#9715,#9716);
#8032=AXIS2_PLACEMENT_3D('',#12640,#9718,#9719);
#8033=AXIS2_PLACEMENT_3D('',#12646,#9723,#9724);
#8034=AXIS2_PLACEMENT_3D('',#12650,#9727,#9728);
#8035=AXIS2_PLACEMENT_3D('',#12654,#9731,#9732);
#8036=AXIS2_PLACEMENT_3D('',#12656,#9734,#9735);
#8037=AXIS2_PLACEMENT_3D('',#12662,#9739,#9740);
#8038=AXIS2_PLACEMENT_3D('',#12666,#9743,#9744);
#8039=AXIS2_PLACEMENT_3D('',#12670,#9747,#9748);
#8040=AXIS2_PLACEMENT_3D('',#12672,#9750,#9751);
#8041=AXIS2_PLACEMENT_3D('',#12678,#9755,#9756);
#8042=AXIS2_PLACEMENT_3D('',#12682,#9759,#9760);
#8043=AXIS2_PLACEMENT_3D('',#12686,#9763,#9764);
#8044=AXIS2_PLACEMENT_3D('',#12688,#9766,#9767);
#8045=AXIS2_PLACEMENT_3D('',#12694,#9771,#9772);
#8046=AXIS2_PLACEMENT_3D('',#12698,#9775,#9776);
#8047=AXIS2_PLACEMENT_3D('',#12702,#9779,#9780);
#8048=AXIS2_PLACEMENT_3D('',#12704,#9782,#9783);
#8049=AXIS2_PLACEMENT_3D('',#12710,#9787,#9788);
#8050=AXIS2_PLACEMENT_3D('',#12714,#9791,#9792);
#8051=AXIS2_PLACEMENT_3D('',#12718,#9795,#9796);
#8052=AXIS2_PLACEMENT_3D('',#12720,#9798,#9799);
#8053=AXIS2_PLACEMENT_3D('',#12726,#9803,#9804);
#8054=AXIS2_PLACEMENT_3D('',#12730,#9807,#9808);
#8055=AXIS2_PLACEMENT_3D('',#12734,#9811,#9812);
#8056=AXIS2_PLACEMENT_3D('',#12736,#9814,#9815);
#8057=AXIS2_PLACEMENT_3D('',#12742,#9819,#9820);
#8058=AXIS2_PLACEMENT_3D('',#12746,#9823,#9824);
#8059=AXIS2_PLACEMENT_3D('',#12750,#9827,#9828);
#8060=AXIS2_PLACEMENT_3D('',#12752,#9830,#9831);
#8061=AXIS2_PLACEMENT_3D('',#12758,#9835,#9836);
#8062=AXIS2_PLACEMENT_3D('',#12762,#9839,#9840);
#8063=AXIS2_PLACEMENT_3D('',#12766,#9843,#9844);
#8064=AXIS2_PLACEMENT_3D('',#12768,#9846,#9847);
#8065=AXIS2_PLACEMENT_3D('',#12774,#9851,#9852);
#8066=AXIS2_PLACEMENT_3D('',#12778,#9855,#9856);
#8067=AXIS2_PLACEMENT_3D('',#12782,#9859,#9860);
#8068=AXIS2_PLACEMENT_3D('',#12784,#9862,#9863);
#8069=AXIS2_PLACEMENT_3D('',#12785,#9864,#9865);
#8070=AXIS2_PLACEMENT_3D('',#12786,#9866,#9867);
#8071=AXIS2_PLACEMENT_3D('',#12787,#9868,#9869);
#8072=AXIS2_PLACEMENT_3D('',#12788,#9870,#9871);
#8073=AXIS2_PLACEMENT_3D('',#12789,#9872,#9873);
#8074=AXIS2_PLACEMENT_3D('',#12790,#9874,#9875);
#8075=AXIS2_PLACEMENT_3D('',#12791,#9876,#9877);
#8076=AXIS2_PLACEMENT_3D('',#12792,#9878,#9879);
#8077=AXIS2_PLACEMENT_3D('',#12793,#9880,#9881);
#8078=AXIS2_PLACEMENT_3D('',#12794,#9882,#9883);
#8079=AXIS2_PLACEMENT_3D('',#12795,#9884,#9885);
#8080=AXIS2_PLACEMENT_3D('',#12796,#9886,#9887);
#8081=AXIS2_PLACEMENT_3D('',#12797,#9888,#9889);
#8082=AXIS2_PLACEMENT_3D('',#12798,#9890,#9891);
#8083=DIRECTION('',(0.,0.,1.));
#8084=DIRECTION('',(1.,0.,0.));
#8085=DIRECTION('',(0.,-1.,0.));
#8086=DIRECTION('',(-1.,0.,0.));
#8087=DIRECTION('',(1.,0.,0.));
#8088=DIRECTION('',(0.,0.,-1.));
#8089=DIRECTION('',(-1.,0.,0.));
#8090=DIRECTION('',(0.,0.,-1.));
#8091=DIRECTION('',(0.,1.,0.));
#8092=DIRECTION('',(1.,0.,0.));
#8093=DIRECTION('',(-2.83220159343152E-16,0.,-1.));
#8094=DIRECTION('',(1.,0.,0.));
#8095=DIRECTION('',(0.,0.,-1.));
#8096=DIRECTION('',(0.707106781186548,0.,-0.707106781186548));
#8097=DIRECTION('',(1.,0.,0.));
#8098=DIRECTION('',(0.,1.,0.));
#8099=DIRECTION('',(1.,0.,0.));
#8100=DIRECTION('',(0.,0.,-1.));
#8101=DIRECTION('',(0.,1.,0.));
#8102=DIRECTION('',(1.,0.,0.));
#8103=DIRECTION('',(1.,0.,0.));
#8104=DIRECTION('',(0.,1.,0.));
#8105=DIRECTION('',(1.,0.,0.));
#8106=DIRECTION('',(-0.832050294337844,0.,0.554700196225229));
#8107=DIRECTION('',(0.,1.,0.));
#8108=DIRECTION('',(1.,0.,0.));
#8109=DIRECTION('',(-1.,0.,0.));
#8110=DIRECTION('',(0.,1.,0.));
#8111=DIRECTION('',(1.,0.,0.));
#8112=DIRECTION('',(0.832050294337844,0.,0.554700196225229));
#8113=DIRECTION('',(0.,1.,0.));
#8114=DIRECTION('',(1.,0.,0.));
#8115=DIRECTION('',(1.,0.,0.));
#8116=DIRECTION('',(0.,1.,0.));
#8117=DIRECTION('',(1.,0.,0.));
#8118=DIRECTION('',(0.,0.,-1.));
#8119=DIRECTION('',(0.,1.,0.));
#8120=DIRECTION('',(1.,0.,0.));
#8121=DIRECTION('',(-1.,0.,0.));
#8122=DIRECTION('',(0.707106781186548,0.,0.707106781186548));
#8123=DIRECTION('',(0.46298233926592,0.,-0.886367504778834));
#8124=DIRECTION('',(0.,1.,0.));
#8125=DIRECTION('',(1.,0.,0.));
#8126=DIRECTION('',(0.,1.,0.));
#8127=DIRECTION('',(1.,0.,0.));
#8128=DIRECTION('',(0.,1.,0.));
#8129=DIRECTION('',(1.,0.,0.));
#8130=DIRECTION('',(1.,0.,0.));
#8131=DIRECTION('',(0.,1.,0.));
#8132=DIRECTION('',(1.,0.,0.));
#8133=DIRECTION('',(0.,0.,1.));
#8134=DIRECTION('',(0.,1.,0.));
#8135=DIRECTION('',(1.,0.,0.));
#8136=DIRECTION('',(0.,1.,0.));
#8137=DIRECTION('',(1.,0.,0.));
#8138=DIRECTION('',(0.,1.,0.));
#8139=DIRECTION('',(1.,0.,0.));
#8140=DIRECTION('',(-0.46298233926592,0.,-0.886367504778834));
#8141=DIRECTION('',(0.,1.,0.));
#8142=DIRECTION('',(1.,0.,0.));
#8143=DIRECTION('',(0.,0.,1.));
#8144=DIRECTION('',(0.,1.,0.));
#8145=DIRECTION('',(1.,0.,0.));
#8146=DIRECTION('',(-1.,0.,0.));
#8147=DIRECTION('',(0.,1.,0.));
#8148=DIRECTION('',(1.,0.,0.));
#8149=DIRECTION('',(0.,1.,0.));
#8150=DIRECTION('',(1.,0.,0.));
#8151=DIRECTION('',(0.,1.,0.));
#8152=DIRECTION('',(1.,0.,0.));
#8153=DIRECTION('',(0.,1.,0.));
#8154=DIRECTION('',(1.,0.,0.));
#8155=DIRECTION('',(0.,1.,0.));
#8156=DIRECTION('',(1.,0.,0.));
#8157=DIRECTION('',(0.,1.,0.));
#8158=DIRECTION('',(1.,0.,0.));
#8159=DIRECTION('',(0.,1.,0.));
#8160=DIRECTION('',(1.,0.,0.));
#8161=DIRECTION('',(0.46298233926592,0.,0.886367504778834));
#8162=DIRECTION('',(0.,1.,0.));
#8163=DIRECTION('',(1.,0.,0.));
#8164=DIRECTION('',(0.,0.,1.));
#8165=DIRECTION('',(0.,1.,0.));
#8166=DIRECTION('',(1.,0.,0.));
#8167=DIRECTION('',(1.,0.,0.));
#8168=DIRECTION('',(0.,1.,0.));
#8169=DIRECTION('',(1.,0.,0.));
#8170=DIRECTION('',(-0.46298233926592,0.,0.886367504778834));
#8171=DIRECTION('',(0.,1.,0.));
#8172=DIRECTION('',(1.,0.,0.));
#8173=DIRECTION('',(0.,1.,0.));
#8174=DIRECTION('',(1.,0.,0.));
#8175=DIRECTION('',(0.,1.,0.));
#8176=DIRECTION('',(1.,0.,0.));
#8177=DIRECTION('',(-1.,0.,0.));
#8178=DIRECTION('',(0.,1.,0.));
#8179=DIRECTION('',(1.,0.,0.));
#8180=DIRECTION('',(0.,0.,1.));
#8181=DIRECTION('',(0.,1.,0.));
#8182=DIRECTION('',(1.,0.,0.));
#8183=DIRECTION('',(0.,0.,1.));
#8184=DIRECTION('',(0.,1.,0.));
#8185=DIRECTION('',(1.,0.,0.));
#8186=DIRECTION('',(-0.46298233926592,0.,0.886367504778834));
#8187=DIRECTION('',(0.,1.,0.));
#8188=DIRECTION('',(1.,0.,0.));
#8189=DIRECTION('',(-0.46298233926592,0.,-0.886367504778834));
#8190=DIRECTION('',(0.,1.,0.));
#8191=DIRECTION('',(1.,0.,0.));
#8192=DIRECTION('',(0.46298233926592,0.,0.886367504778834));
#8193=DIRECTION('',(0.,1.,0.));
#8194=DIRECTION('',(1.,0.,0.));
#8195=DIRECTION('',(0.,0.,1.));
#8196=DIRECTION('',(0.,1.,0.));
#8197=DIRECTION('',(1.,0.,0.));
#8198=DIRECTION('',(0.46298233926592,0.,-0.886367504778834));
#8199=DIRECTION('',(0.,1.,0.));
#8200=DIRECTION('',(1.,0.,0.));
#8201=DIRECTION('',(-0.824449432045115,0.,0.565935627081816));
#8202=DIRECTION('',(0.,0.,1.));
#8203=DIRECTION('',(-0.824449432045114,0.,0.565935627081816));
#8204=DIRECTION('',(-1.,0.,0.));
#8205=DIRECTION('',(-0.824449432045115,0.,0.565935627081815));
#8206=DIRECTION('',(-1.,0.,0.));
#8207=DIRECTION('',(0.824449432045115,0.,-0.565935627081816));
#8208=DIRECTION('',(0.,0.,1.));
#8209=DIRECTION('',(-0.824449432045114,0.,0.565935627081816));
#8210=DIRECTION('',(-1.,0.,0.));
#8211=DIRECTION('',(0.824449432045115,0.,-0.565935627081815));
#8212=DIRECTION('',(0.,0.,-1.));
#8213=DIRECTION('',(0.824449432045115,0.,-0.565935627081816));
#8214=DIRECTION('',(0.,0.,1.));
#8215=DIRECTION('',(-0.824449432045115,0.,0.565935627081816));
#8216=DIRECTION('',(-1.,0.,0.));
#8217=DIRECTION('',(0.,0.,1.));
#8218=DIRECTION('',(0.824449432045115,0.,-0.565935627081815));
#8219=DIRECTION('',(-1.,0.,0.));
#8220=DIRECTION('',(-0.824449432045115,0.,0.565935627081815));
#8221=DIRECTION('',(0.,0.,1.));
#8222=DIRECTION('',(0.824449432045115,0.,-0.565935627081815));
#8223=DIRECTION('',(-1.,0.,0.));
#8224=DIRECTION('',(-0.824449432045116,0.,0.565935627081814));
#8225=DIRECTION('',(0.,0.,1.));
#8226=DIRECTION('',(0.824449432045116,0.,-0.565935627081814));
#8227=DIRECTION('',(-1.,0.,0.));
#8228=DIRECTION('',(-0.824449432045115,0.,0.565935627081815));
#8229=DIRECTION('',(0.,0.,1.));
#8230=DIRECTION('',(0.824449432045116,0.,-0.565935627081814));
#8231=DIRECTION('',(-1.,0.,0.));
#8232=DIRECTION('',(-0.824449432045115,0.,0.565935627081815));
#8233=DIRECTION('',(0.,0.,1.));
#8234=DIRECTION('',(0.824449432045115,0.,-0.565935627081815));
#8235=DIRECTION('',(-1.,0.,0.));
#8236=DIRECTION('',(-0.824449432045114,0.,0.565935627081816));
#8237=DIRECTION('',(-0.824449432045115,0.,0.565935627081816));
#8238=DIRECTION('',(-1.,0.,0.));
#8239=DIRECTION('',(0.,0.,1.));
#8240=DIRECTION('',(0.824449432045115,0.,-0.565935627081815));
#8241=DIRECTION('',(-1.,0.,0.));
#8242=DIRECTION('',(0.,0.,1.));
#8243=DIRECTION('',(-1.,0.,0.));
#8244=DIRECTION('',(0.824449432045115,0.,-0.565935627081816));
#8245=DIRECTION('',(0.,0.,1.));
#8246=DIRECTION('',(0.824449432045115,0.,-0.565935627081815));
#8247=DIRECTION('',(-1.,0.,0.));
#8248=DIRECTION('',(0.824449432045114,0.,-0.565935627081816));
#8249=DIRECTION('',(0.,0.,1.));
#8250=DIRECTION('',(0.824449432045116,0.,-0.565935627081814));
#8251=DIRECTION('',(-1.,0.,0.));
#8252=DIRECTION('',(0.824449432045115,0.,-0.565935627081816));
#8253=DIRECTION('',(4.5766137104781E-15,0.,1.));
#8254=DIRECTION('',(0.824449432045114,0.,-0.565935627081816));
#8255=DIRECTION('',(0.,1.,0.));
#8256=DIRECTION('',(1.,0.,0.));
#8257=DIRECTION('',(0.,-1.,0.));
#8258=DIRECTION('',(1.,0.,0.));
#8259=DIRECTION('',(0.,1.,0.));
#8260=DIRECTION('',(1.,0.,0.));
#8261=DIRECTION('',(-0.46298233926592,0.,0.886367504778834));
#8262=DIRECTION('',(0.,1.,0.));
#8263=DIRECTION('',(1.,0.,0.));
#8264=DIRECTION('',(0.,0.,1.));
#8265=DIRECTION('',(0.,1.,0.));
#8266=DIRECTION('',(1.,0.,0.));
#8267=DIRECTION('',(-1.,0.,0.));
#8268=DIRECTION('',(0.,1.,0.));
#8269=DIRECTION('',(1.,0.,0.));
#8270=DIRECTION('',(-0.832050294337844,0.,-0.554700196225229));
#8271=DIRECTION('',(0.,1.,0.));
#8272=DIRECTION('',(1.,0.,0.));
#8273=DIRECTION('',(1.,0.,0.));
#8274=DIRECTION('',(0.,1.,0.));
#8275=DIRECTION('',(1.,0.,0.));
#8276=DIRECTION('',(0.832050294337844,0.,-0.554700196225229));
#8277=DIRECTION('',(0.,1.,0.));
#8278=DIRECTION('',(1.,0.,0.));
#8279=DIRECTION('',(1.,0.,0.));
#8280=DIRECTION('',(0.,1.,0.));
#8281=DIRECTION('',(1.,0.,0.));
#8282=DIRECTION('',(0.,0.,-1.));
#8283=DIRECTION('',(0.,1.,0.));
#8284=DIRECTION('',(1.,0.,0.));
#8285=DIRECTION('',(1.,0.,0.));
#8286=DIRECTION('',(-0.707106781186548,0.,0.707106781186548));
#8287=DIRECTION('',(-1.,0.,0.));
#8288=DIRECTION('',(0.,1.,0.));
#8289=DIRECTION('',(1.,0.,0.));
#8290=DIRECTION('',(0.,0.,-1.));
#8291=DIRECTION('',(0.,1.,0.));
#8292=DIRECTION('',(1.,0.,0.));
#8293=DIRECTION('',(1.,0.,0.));
#8294=DIRECTION('',(0.,1.,0.));
#8295=DIRECTION('',(1.,0.,0.));
#8296=DIRECTION('',(0.,0.,-1.));
#8297=DIRECTION('',(-1.,0.,0.));
#8298=DIRECTION('',(0.,0.,1.));
#8299=DIRECTION('',(0.,1.,0.));
#8300=DIRECTION('',(1.,0.,0.));
#8301=DIRECTION('',(-1.,0.,0.));
#8302=DIRECTION('',(0.,1.,0.));
#8303=DIRECTION('',(1.,0.,0.));
#8304=DIRECTION('',(0.,0.,1.));
#8305=DIRECTION('',(0.,1.,0.));
#8306=DIRECTION('',(1.,0.,0.));
#8307=DIRECTION('',(-1.,0.,0.));
#8308=DIRECTION('',(-0.707106781186548,0.,-0.707106781186548));
#8309=DIRECTION('',(-1.,0.,0.));
#8310=DIRECTION('',(0.,1.,0.));
#8311=DIRECTION('',(1.,0.,0.));
#8312=DIRECTION('',(0.,0.,-1.));
#8313=DIRECTION('',(0.,1.,0.));
#8314=DIRECTION('',(1.,0.,0.));
#8315=DIRECTION('',(1.,0.,0.));
#8316=DIRECTION('',(0.,1.,0.));
#8317=DIRECTION('',(1.,0.,0.));
#8318=DIRECTION('',(0.,-1.,0.));
#8319=DIRECTION('',(1.,0.,0.));
#8320=DIRECTION('',(0.,1.,0.));
#8321=DIRECTION('',(1.,0.,0.));
#8322=DIRECTION('',(0.,1.,0.));
#8323=DIRECTION('',(1.,0.,0.));
#8324=DIRECTION('',(0.,-1.,0.));
#8325=DIRECTION('',(1.,0.,0.));
#8326=DIRECTION('',(0.46298233926592,0.,0.886367504778834));
#8327=DIRECTION('',(0.,1.,0.));
#8328=DIRECTION('',(1.,0.,0.));
#8329=DIRECTION('',(0.,1.,0.));
#8330=DIRECTION('',(1.,0.,0.));
#8331=DIRECTION('',(0.,1.,0.));
#8332=DIRECTION('',(1.,0.,0.));
#8333=DIRECTION('',(1.,0.,0.));
#8334=DIRECTION('',(0.,1.,0.));
#8335=DIRECTION('',(1.,0.,0.));
#8336=DIRECTION('',(0.,0.,1.));
#8337=DIRECTION('',(0.,1.,0.));
#8338=DIRECTION('',(1.,0.,0.));
#8339=DIRECTION('',(-0.46298233926592,0.,-0.886367504778834));
#8340=DIRECTION('',(0.,1.,0.));
#8341=DIRECTION('',(1.,0.,0.));
#8342=DIRECTION('',(0.,1.,0.));
#8343=DIRECTION('',(1.,0.,0.));
#8344=DIRECTION('',(0.,1.,0.));
#8345=DIRECTION('',(1.,0.,0.));
#8346=DIRECTION('',(-1.,0.,0.));
#8347=DIRECTION('',(0.,1.,0.));
#8348=DIRECTION('',(1.,0.,0.));
#8349=DIRECTION('',(0.,0.,1.));
#8350=DIRECTION('',(0.,1.,0.));
#8351=DIRECTION('',(1.,0.,0.));
#8352=DIRECTION('',(-0.46298233926592,0.,0.886367504778834));
#8353=DIRECTION('',(0.,1.,0.));
#8354=DIRECTION('',(1.,0.,0.));
#8355=DIRECTION('',(0.,0.,1.));
#8356=DIRECTION('',(0.,1.,0.));
#8357=DIRECTION('',(1.,0.,0.));
#8358=DIRECTION('',(-0.46298233926592,0.,-0.886367504778834));
#8359=DIRECTION('',(0.,1.,0.));
#8360=DIRECTION('',(1.,0.,0.));
#8361=DIRECTION('',(0.,-1.,0.));
#8362=DIRECTION('',(1.,0.,0.));
#8363=DIRECTION('',(0.,1.,0.));
#8364=DIRECTION('',(1.,0.,0.));
#8365=DIRECTION('',(0.46298233926592,0.,-0.886367504778834));
#8366=DIRECTION('',(0.,1.,0.));
#8367=DIRECTION('',(1.,0.,0.));
#8368=DIRECTION('',(0.,0.,1.));
#8369=DIRECTION('',(0.,1.,0.));
#8370=DIRECTION('',(1.,0.,0.));
#8371=DIRECTION('',(1.,0.,0.));
#8372=DIRECTION('',(0.,1.,0.));
#8373=DIRECTION('',(1.,0.,0.));
#8374=DIRECTION('',(0.,0.,1.));
#8375=DIRECTION('',(0.,1.,0.));
#8376=DIRECTION('',(1.,0.,0.));
#8377=DIRECTION('',(0.46298233926592,0.,0.886367504778834));
#8378=DIRECTION('',(0.,1.,0.));
#8379=DIRECTION('',(1.,0.,0.));
#8380=DIRECTION('',(0.46298233926592,0.,-0.886367504778834));
#8381=DIRECTION('',(0.,1.,0.));
#8382=DIRECTION('',(1.,0.,0.));
#8383=DIRECTION('',(1.,0.,0.));
#8384=DIRECTION('',(0.,-1.,0.));
#8385=DIRECTION('',(0.,0.,-1.));
#8386=DIRECTION('',(0.,-1.,0.));
#8387=DIRECTION('',(1.,0.,0.));
#8388=DIRECTION('',(0.,-1.,0.));
#8389=DIRECTION('',(0.,0.,1.));
#8390=DIRECTION('',(0.,-1.,0.));
#8391=DIRECTION('',(0.,0.,1.));
#8392=DIRECTION('',(0.,-1.,0.));
#8393=DIRECTION('',(-1.,0.,0.));
#8394=DIRECTION('',(0.,1.,0.));
#8395=DIRECTION('',(0.,-1.,0.));
#8396=DIRECTION('',(0.,0.,-1.));
#8397=DIRECTION('',(0.,-1.,0.));
#8398=DIRECTION('',(0.,0.,1.));
#8399=DIRECTION('',(0.,-1.,0.));
#8400=DIRECTION('',(0.,-1.,0.));
#8401=DIRECTION('',(1.,0.,0.));
#8402=DIRECTION('',(0.,-1.,0.));
#8403=DIRECTION('',(-1.,0.,0.));
#8404=DIRECTION('',(0.,-1.,0.));
#8405=DIRECTION('',(0.,0.,1.));
#8406=DIRECTION('',(1.,0.,0.));
#8407=DIRECTION('',(1.,0.,0.));
#8408=DIRECTION('',(-1.,0.,0.));
#8409=DIRECTION('',(0.,1.,0.));
#8410=DIRECTION('',(0.,-1.,0.));
#8411=DIRECTION('',(0.,0.,-1.));
#8412=DIRECTION('',(0.,-1.,0.));
#8413=DIRECTION('',(0.,0.,-1.));
#8414=DIRECTION('',(-1.,0.,0.));
#8415=DIRECTION('',(0.,0.,-1.));
#8416=DIRECTION('',(0.,1.,0.));
#8417=DIRECTION('',(0.,0.,-1.));
#8418=DIRECTION('',(-1.,0.,2.83220159343152E-16));
#8419=DIRECTION('',(2.83220159343152E-16,0.,1.));
#8420=DIRECTION('',(0.,-1.,0.));
#8421=DIRECTION('',(2.83220159343152E-16,0.,1.));
#8422=DIRECTION('',(0.,-1.,0.));
#8423=DIRECTION('',(-2.83220159343152E-16,0.,-1.));
#8424=DIRECTION('',(-1.,0.,2.83220159343152E-16));
#8425=DIRECTION('',(2.83220159343152E-16,0.,1.));
#8426=DIRECTION('',(0.,1.,0.));
#8427=DIRECTION('',(0.,1.,0.));
#8428=DIRECTION('',(-1.,0.,2.83220159343152E-16));
#8429=DIRECTION('',(2.83220159343152E-16,0.,1.));
#8430=DIRECTION('',(0.,-1.,0.));
#8431=DIRECTION('',(-1.,0.,0.));
#8432=DIRECTION('',(0.,1.,0.));
#8433=DIRECTION('',(1.,0.,0.));
#8434=DIRECTION('',(0.,-1.,0.));
#8435=DIRECTION('',(-1.,0.,0.));
#8436=DIRECTION('',(0.,1.,0.));
#8437=DIRECTION('',(1.,0.,0.));
#8438=DIRECTION('',(0.,-1.,0.));
#8439=DIRECTION('',(-1.,0.,0.));
#8440=DIRECTION('',(0.,-1.,0.));
#8441=DIRECTION('',(-1.,0.,0.));
#8442=DIRECTION('',(0.,-1.,0.));
#8443=DIRECTION('',(0.,0.,-1.));
#8444=DIRECTION('',(0.,1.,0.));
#8445=DIRECTION('',(0.,1.,0.));
#8446=DIRECTION('',(0.,-1.,0.));
#8447=DIRECTION('',(0.,1.,0.));
#8448=DIRECTION('',(1.,0.,0.));
#8449=DIRECTION('',(-1.,0.,0.));
#8450=DIRECTION('',(0.,0.,-1.));
#8451=DIRECTION('',(1.,0.,0.));
#8452=DIRECTION('',(0.00676616516369171,0.,0.999977109242495));
#8453=DIRECTION('',(-0.999977109242495,0.,0.00676616516369589));
#8454=DIRECTION('',(-0.00676616516368821,0.,-0.999977109242495));
#8455=DIRECTION('',(0.698592268346194,0.,-0.715519980578404));
#8456=DIRECTION('',(0.,1.,0.));
#8457=DIRECTION('',(0.,0.,1.));
#8458=DIRECTION('',(0.,1.,0.));
#8459=DIRECTION('',(0.,0.,1.));
#8460=DIRECTION('',(-0.650161280977594,0.,-0.759796228417577));
#8461=DIRECTION('',(0.,1.,0.));
#8462=DIRECTION('',(0.,0.,1.));
#8463=DIRECTION('',(0.,1.,0.));
#8464=DIRECTION('',(0.,0.,1.));
#8465=DIRECTION('',(0.,1.,0.));
#8466=DIRECTION('',(0.,0.,1.));
#8467=DIRECTION('',(-0.723802400535955,0.,0.690007307916654));
#8468=DIRECTION('',(0.0067661651635905,0.,0.999977109242496));
#8469=DIRECTION('',(0.999977109242495,0.,-0.00676616516369247));
#8470=DIRECTION('',(0.00676616516369547,0.,0.999977109242495));
#8471=DIRECTION('',(-0.999977109242495,0.,0.00676616516369059));
#8472=DIRECTION('',(-0.00676616516369405,0.,-0.999977109242495));
#8473=DIRECTION('',(0.0162704635547086,0.,-0.999867627246585));
#8474=DIRECTION('',(0.0247996969201278,0.,-0.999692440219826));
#8475=DIRECTION('',(-0.775161444066521,0.,0.631763195851662));
#8476=DIRECTION('',(-0.630940826353629,0.,-0.775830956871534));
#8477=DIRECTION('',(0.778086103926634,0.,-0.628157635372102));
#8478=DIRECTION('',(0.999977109242495,0.,-0.00676616516368856));
#8479=DIRECTION('',(0.,1.,0.));
#8480=DIRECTION('',(0.,0.,1.));
#8481=DIRECTION('',(0.,0.,1.));
#8482=DIRECTION('',(-0.368133456473178,0.,0.929772960579684));
#8483=DIRECTION('',(0.,1.,0.));
#8484=DIRECTION('',(0.,0.,1.));
#8485=DIRECTION('',(-1.,0.,0.));
#8486=DIRECTION('',(0.,1.,0.));
#8487=DIRECTION('',(1.,0.,0.));
#8488=DIRECTION('',(0.,0.,-1.));
#8489=DIRECTION('',(0.,1.,0.));
#8490=DIRECTION('',(1.,0.,0.));
#8491=DIRECTION('',(1.,0.,0.));
#8492=DIRECTION('',(0.,1.,0.));
#8493=DIRECTION('',(1.,0.,0.));
#8494=DIRECTION('',(0.,0.,-1.));
#8495=DIRECTION('',(0.,1.,0.));
#8496=DIRECTION('',(1.,0.,0.));
#8497=DIRECTION('',(-1.,0.,0.));
#8498=DIRECTION('',(0.,1.,0.));
#8499=DIRECTION('',(1.,0.,0.));
#8500=DIRECTION('',(1.61369625672261E-16,0.,1.));
#8501=DIRECTION('',(0.,1.,0.));
#8502=DIRECTION('',(1.,0.,0.));
#8503=DIRECTION('',(-1.,0.,0.));
#8504=DIRECTION('',(-0.291056642682018,0.,-0.956705822471397));
#8505=DIRECTION('',(-1.,0.,0.));
#8506=DIRECTION('',(-0.291056642682018,0.,0.956705822471397));
#8507=DIRECTION('',(-1.,0.,0.));
#8508=DIRECTION('',(0.331669016823167,0.,-0.943395814745621));
#8509=DIRECTION('',(1.,0.,0.));
#8510=DIRECTION('',(0.332766361047277,0.,0.94300930480847));
#8511=DIRECTION('',(0.,0.,-1.));
#8512=DIRECTION('',(1.,0.,0.));
#8513=DIRECTION('',(0.,1.,0.));
#8514=DIRECTION('',(0.,0.,1.));
#8515=DIRECTION('',(0.,0.,1.));
#8516=DIRECTION('',(-1.,0.,0.));
#8517=DIRECTION('',(0.,0.,1.));
#8518=DIRECTION('',(-1.,0.,0.));
#8519=DIRECTION('',(0.,0.,-1.));
#8520=DIRECTION('',(-1.,0.,0.));
#8521=DIRECTION('',(0.,0.,1.));
#8522=DIRECTION('',(-1.,0.,0.));
#8523=DIRECTION('',(0.,0.,-1.));
#8524=DIRECTION('',(1.,0.,0.));
#8525=DIRECTION('',(0.,0.,1.));
#8526=DIRECTION('',(1.,0.,0.));
#8527=DIRECTION('',(0.,0.,-1.));
#8528=DIRECTION('',(1.,0.,0.));
#8529=DIRECTION('',(0.,0.,-1.));
#8530=DIRECTION('',(1.,0.,0.));
#8531=DIRECTION('',(0.,0.,1.));
#8532=DIRECTION('',(0.,1.,0.));
#8533=DIRECTION('',(0.,0.,1.));
#8534=DIRECTION('',(0.,1.,0.));
#8535=DIRECTION('',(0.,0.,1.));
#8536=DIRECTION('',(0.,1.,0.));
#8537=DIRECTION('',(0.,0.,1.));
#8538=DIRECTION('',(-0.383684497921869,0.,0.923464241892692));
#8539=DIRECTION('',(0.,1.,0.));
#8540=DIRECTION('',(0.,0.,1.));
#8541=DIRECTION('',(0.,1.,0.));
#8542=DIRECTION('',(0.,0.,1.));
#8543=DIRECTION('',(0.,0.,-1.));
#8544=DIRECTION('',(-1.,0.,0.));
#8545=DIRECTION('',(0.,0.,1.));
#8546=DIRECTION('',(-1.,0.,0.));
#8547=DIRECTION('',(0.,0.,-1.));
#8548=DIRECTION('',(1.,0.,0.));
#8549=DIRECTION('',(0.,0.,1.));
#8550=DIRECTION('',(-1.,0.,0.));
#8551=DIRECTION('',(0.,0.,1.));
#8552=DIRECTION('',(1.,0.,0.));
#8553=DIRECTION('',(0.,0.,1.));
#8554=DIRECTION('',(-1.,0.,0.));
#8555=DIRECTION('',(0.,0.,1.));
#8556=DIRECTION('',(-1.,0.,0.));
#8557=DIRECTION('',(0.,0.,-1.));
#8558=DIRECTION('',(1.,0.,0.));
#8559=DIRECTION('',(0.,0.,1.));
#8560=DIRECTION('',(-1.,0.,0.));
#8561=DIRECTION('',(0.,0.,1.));
#8562=DIRECTION('',(1.,0.,0.));
#8563=DIRECTION('',(0.,0.,1.));
#8564=DIRECTION('',(-1.,0.,0.));
#8565=DIRECTION('',(0.,0.,1.));
#8566=DIRECTION('',(1.,0.,0.));
#8567=DIRECTION('',(0.,1.,0.));
#8568=DIRECTION('',(1.,0.,0.));
#8569=DIRECTION('',(-1.,0.,0.));
#8570=DIRECTION('',(0.,1.,0.));
#8571=DIRECTION('',(1.,0.,0.));
#8572=DIRECTION('',(0.,1.,0.));
#8573=DIRECTION('',(1.,0.,0.));
#8574=DIRECTION('',(1.,0.,0.));
#8575=DIRECTION('',(0.,1.,0.));
#8576=DIRECTION('',(1.,0.,0.));
#8577=DIRECTION('',(0.,0.,-1.));
#8578=DIRECTION('',(0.,1.,0.));
#8579=DIRECTION('',(1.,0.,0.));
#8580=DIRECTION('',(-1.,0.,0.));
#8581=DIRECTION('',(0.,1.,0.));
#8582=DIRECTION('',(1.,0.,0.));
#8583=DIRECTION('',(0.,0.,-1.));
#8584=DIRECTION('',(0.,1.,0.));
#8585=DIRECTION('',(1.,0.,0.));
#8586=DIRECTION('',(0.0067661651637151,0.,0.999977109242495));
#8587=DIRECTION('',(-0.999977109242495,0.,0.00676616516369589));
#8588=DIRECTION('',(-0.00676616516368821,0.,-0.999977109242495));
#8589=DIRECTION('',(0.698592268346193,0.,-0.715519980578405));
#8590=DIRECTION('',(0.,1.,0.));
#8591=DIRECTION('',(0.,0.,1.));
#8592=DIRECTION('',(0.,1.,0.));
#8593=DIRECTION('',(0.,0.,1.));
#8594=DIRECTION('',(-0.650161280977601,0.,-0.759796228417571));
#8595=DIRECTION('',(0.,1.,0.));
#8596=DIRECTION('',(0.,0.,1.));
#8597=DIRECTION('',(0.,1.,0.));
#8598=DIRECTION('',(0.,0.,1.));
#8599=DIRECTION('',(0.,1.,0.));
#8600=DIRECTION('',(0.,0.,1.));
#8601=DIRECTION('',(-0.723802400535941,0.,0.690007307916669));
#8602=DIRECTION('',(0.00676616516403284,0.,0.999977109242493));
#8603=DIRECTION('',(0.999977109242495,0.,-0.00676616516369254));
#8604=DIRECTION('',(0.00676616516369755,0.,0.999977109242495));
#8605=DIRECTION('',(-0.999977109242495,0.,0.00676616516369066));
#8606=DIRECTION('',(-0.00676616516369045,0.,-0.999977109242495));
#8607=DIRECTION('',(0.0162704635547305,0.,-0.999867627246584));
#8608=DIRECTION('',(0.0247996969201478,0.,-0.999692440219825));
#8609=DIRECTION('',(-0.775161444066528,0.,0.631763195851654));
#8610=DIRECTION('',(-0.630940826353635,0.,-0.775830956871529));
#8611=DIRECTION('',(0.778086103926636,0.,-0.6281576353721));
#8612=DIRECTION('',(0.999977109242495,0.,-0.00676616516368872));
#8613=DIRECTION('',(-0.707106781186548,0.,-0.707106781186548));
#8614=DIRECTION('',(0.,-1.,0.));
#8615=DIRECTION('',(-0.707106781186548,0.,0.707106781186548));
#8616=DIRECTION('',(0.707106781186548,0.,-0.707106781186548));
#8617=DIRECTION('',(0.,0.,-1.));
#8618=DIRECTION('',(0.,1.,0.));
#8619=DIRECTION('',(0.,1.,0.));
#8620=DIRECTION('',(0.,-1.,0.));
#8621=DIRECTION('',(-1.,0.,0.));
#8622=DIRECTION('',(0.,1.,0.));
#8623=DIRECTION('',(0.,-1.,0.));
#8624=DIRECTION('',(0.,-1.,0.));
#8625=DIRECTION('',(0.,0.,-1.));
#8626=DIRECTION('',(0.,1.,0.));
#8627=DIRECTION('',(0.,1.,0.));
#8628=DIRECTION('',(0.,-1.,0.));
#8629=DIRECTION('',(-1.,0.,0.));
#8630=DIRECTION('',(0.,1.,0.));
#8631=DIRECTION('',(0.,1.,0.));
#8632=DIRECTION('',(-1.,0.,0.));
#8633=DIRECTION('',(0.,1.,0.));
#8634=DIRECTION('',(0.,-1.,0.));
#8635=DIRECTION('',(0.,0.,1.));
#8636=DIRECTION('',(0.,-1.,0.));
#8637=DIRECTION('',(-1.,0.,0.));
#8638=DIRECTION('',(-1.,0.,0.));
#8639=DIRECTION('',(0.,0.,1.));
#8640=DIRECTION('',(0.,-1.,0.));
#8641=DIRECTION('',(0.,-1.,0.));
#8642=DIRECTION('',(0.,-1.,0.));
#8643=DIRECTION('',(-1.,0.,0.));
#8644=DIRECTION('',(0.,1.,0.));
#8645=DIRECTION('',(0.,-1.,0.));
#8646=DIRECTION('',(0.,-1.,0.));
#8647=DIRECTION('',(0.,1.,0.));
#8648=DIRECTION('',(1.,0.,0.));
#8649=DIRECTION('',(0.,1.,0.));
#8650=DIRECTION('',(1.,0.,0.));
#8651=DIRECTION('',(0.,1.,0.));
#8652=DIRECTION('',(1.,0.,0.));
#8653=DIRECTION('',(0.,-1.,0.));
#8654=DIRECTION('',(-1.,0.,0.));
#8655=DIRECTION('',(0.707106781186548,0.,-0.707106781186548));
#8656=DIRECTION('',(0.,-1.,0.));
#8657=DIRECTION('',(-0.707106781186548,0.,-0.707106781186548));
#8658=DIRECTION('',(0.,-1.,0.));
#8659=DIRECTION('',(1.,0.,0.));
#8660=DIRECTION('',(0.,-1.,0.));
#8661=DIRECTION('',(0.,-1.,0.));
#8662=DIRECTION('',(0.,0.,1.));
#8663=DIRECTION('',(0.,-1.,0.));
#8664=DIRECTION('',(0.,0.,1.));
#8665=DIRECTION('',(0.,-1.,0.));
#8666=DIRECTION('',(0.,-1.,0.));
#8667=DIRECTION('',(-1.,0.,0.));
#8668=DIRECTION('',(0.,-1.,0.));
#8669=DIRECTION('',(1.,0.,0.));
#8670=DIRECTION('',(0.,-1.,0.));
#8671=DIRECTION('',(0.,-1.,0.));
#8672=DIRECTION('',(0.,-1.,0.));
#8673=DIRECTION('',(0.,0.,1.));
#8674=DIRECTION('',(0.,0.,-1.));
#8675=DIRECTION('',(0.,1.,0.));
#8676=DIRECTION('',(0.,-1.,0.));
#8677=DIRECTION('',(1.,0.,0.));
#8678=DIRECTION('',(0.,-1.,0.));
#8679=DIRECTION('',(-1.,0.,0.));
#8680=DIRECTION('',(0.,1.,0.));
#8681=DIRECTION('',(0.,-1.,0.));
#8682=DIRECTION('',(0.,0.,-1.));
#8683=DIRECTION('',(0.,-1.,0.));
#8684=DIRECTION('',(0.,0.,1.));
#8685=DIRECTION('',(0.,-1.,0.));
#8686=DIRECTION('',(-1.,0.,0.));
#8687=DIRECTION('',(0.,-1.,0.));
#8688=DIRECTION('',(0.,-1.,0.));
#8689=DIRECTION('',(-1.,0.,0.));
#8690=DIRECTION('',(0.,0.,1.));
#8691=DIRECTION('',(0.,-1.,0.));
#8692=DIRECTION('',(1.,0.,0.));
#8693=DIRECTION('',(0.,0.,1.));
#8694=DIRECTION('',(0.,-1.,0.));
#8695=DIRECTION('',(-1.,0.,0.));
#8696=DIRECTION('',(0.,-1.,0.));
#8697=DIRECTION('',(0.,-1.,0.));
#8698=DIRECTION('',(-1.,0.,0.));
#8699=DIRECTION('',(-1.,0.,0.));
#8700=DIRECTION('',(0.,1.,0.));
#8701=DIRECTION('',(0.,0.,-1.));
#8702=DIRECTION('',(0.,-1.,0.));
#8703=DIRECTION('',(0.,-1.,0.));
#8704=DIRECTION('',(0.,0.,-1.));
#8705=DIRECTION('',(-1.,0.,0.));
#8706=DIRECTION('',(0.,1.,0.));
#8707=DIRECTION('',(0.,1.,0.));
#8708=DIRECTION('',(1.,0.,0.));
#8709=DIRECTION('',(0.,1.,0.));
#8710=DIRECTION('',(1.,0.,0.));
#8711=DIRECTION('',(-1.,0.,0.));
#8712=DIRECTION('',(0.,1.,0.));
#8713=DIRECTION('',(1.,0.,0.));
#8714=DIRECTION('',(1.61369625672261E-16,0.,1.));
#8715=DIRECTION('',(0.,1.,0.));
#8716=DIRECTION('',(1.,0.,0.));
#8717=DIRECTION('',(0.,0.,-1.));
#8718=DIRECTION('',(0.707106781186548,0.,-0.707106781186548));
#8719=DIRECTION('',(-1.,0.,0.));
#8720=DIRECTION('',(1.,0.,-1.61369625672261E-16));
#8721=DIRECTION('',(-1.61369625672261E-16,0.,-1.));
#8722=DIRECTION('',(0.,-1.,0.));
#8723=DIRECTION('',(0.,-1.,0.));
#8724=DIRECTION('',(0.,0.,1.));
#8725=DIRECTION('',(0.,-1.,0.));
#8726=DIRECTION('',(0.,-1.,0.));
#8727=DIRECTION('',(0.,-1.,0.));
#8728=DIRECTION('',(0.,0.,-1.));
#8729=DIRECTION('',(0.,1.,0.));
#8730=DIRECTION('',(0.,-1.,0.));
#8731=DIRECTION('',(1.,0.,0.));
#8732=DIRECTION('',(0.,-1.,0.));
#8733=DIRECTION('',(-1.,0.,0.));
#8734=DIRECTION('',(0.,1.,0.));
#8735=DIRECTION('',(0.,-1.,0.));
#8736=DIRECTION('',(0.,0.,-1.));
#8737=DIRECTION('',(0.,-1.,0.));
#8738=DIRECTION('',(0.,1.,0.));
#8739=DIRECTION('',(1.,0.,0.));
#8740=DIRECTION('',(-1.,0.,0.));
#8741=DIRECTION('',(-2.83220159343152E-16,0.,-1.));
#8742=DIRECTION('',(0.,1.,0.));
#8743=DIRECTION('',(1.,0.,0.));
#8744=DIRECTION('',(0.,1.,0.));
#8745=DIRECTION('',(1.,0.,0.));
#8746=DIRECTION('',(0.,1.,0.));
#8747=DIRECTION('',(1.,0.,0.));
#8748=DIRECTION('',(0.,1.,0.));
#8749=DIRECTION('',(1.,0.,0.));
#8750=DIRECTION('',(0.,1.,0.));
#8751=DIRECTION('',(1.,0.,0.));
#8752=DIRECTION('',(0.,1.,0.));
#8753=DIRECTION('',(1.,0.,0.));
#8754=DIRECTION('',(0.,1.,0.));
#8755=DIRECTION('',(1.,0.,0.));
#8756=DIRECTION('',(0.,-1.,0.));
#8757=DIRECTION('',(1.,0.,0.));
#8758=DIRECTION('',(-0.707106781186548,0.,0.707106781186548));
#8759=DIRECTION('',(-0.00676616516369589,0.,-0.999977109242495));
#8760=DIRECTION('',(-0.999977109242495,0.,0.00676616516369589));
#8761=DIRECTION('',(0.,1.,0.));
#8762=DIRECTION('',(-0.999977109242495,0.,0.00676616516369589));
#8763=DIRECTION('',(0.,1.,0.));
#8764=DIRECTION('',(-0.999977109242495,0.,0.0067661651637151));
#8765=DIRECTION('',(0.0067661651637151,0.,0.999977109242495));
#8766=DIRECTION('',(0.,1.,0.));
#8767=DIRECTION('',(0.0067661651637151,0.,0.999977109242495));
#8768=DIRECTION('',(0.00676616516369254,0.,0.999977109242495));
#8769=DIRECTION('',(0.999977109242495,0.,-0.00676616516369254));
#8770=DIRECTION('',(0.,1.,0.));
#8771=DIRECTION('',(0.999977109242495,0.,-0.00676616516369254));
#8772=DIRECTION('',(-0.999977109242493,0.,0.00676616516403284));
#8773=DIRECTION('',(0.00676616516403284,0.,0.999977109242493));
#8774=DIRECTION('',(0.,1.,0.));
#8775=DIRECTION('',(0.00676616516403284,0.,0.999977109242493));
#8776=DIRECTION('',(-0.690007307916669,0.,-0.723802400535941));
#8777=DIRECTION('',(-0.723802400535941,0.,0.690007307916669));
#8778=DIRECTION('',(0.,1.,0.));
#8779=DIRECTION('',(-0.723802400535941,0.,0.690007307916669));
#8780=DIRECTION('',(0.,1.,0.));
#8781=DIRECTION('',(0.,1.,0.));
#8782=DIRECTION('',(0.,1.,0.));
#8783=DIRECTION('',(0.983779653765614,0.,0.179381138464469));
#8784=DIRECTION('',(0.,1.,0.));
#8785=DIRECTION('',(0.,1.,0.));
#8786=DIRECTION('',(0.,0.,1.));
#8787=DIRECTION('',(0.,1.,0.));
#8788=DIRECTION('',(0.,1.,0.));
#8789=DIRECTION('',(0.,1.,0.));
#8790=DIRECTION('',(0.,1.,0.));
#8791=DIRECTION('',(-0.118651177888861,0.,-0.992935998937286));
#8792=DIRECTION('',(0.,1.,0.));
#8793=DIRECTION('',(0.,1.,0.));
#8794=DIRECTION('',(0.,0.,1.));
#8795=DIRECTION('',(0.,1.,0.));
#8796=DIRECTION('',(-0.360220593963349,0.,-0.932867152216591));
#8797=DIRECTION('',(0.,1.,0.));
#8798=DIRECTION('',(0.,1.,0.));
#8799=DIRECTION('',(0.,0.,1.));
#8800=DIRECTION('',(0.,1.,0.));
#8801=DIRECTION('',(0.759796228417571,0.,-0.650161280977601));
#8802=DIRECTION('',(-0.650161280977601,0.,-0.759796228417571));
#8803=DIRECTION('',(0.,1.,0.));
#8804=DIRECTION('',(-0.650161280977601,0.,-0.759796228417571));
#8805=DIRECTION('',(0.,1.,0.));
#8806=DIRECTION('',(0.,1.,0.));
#8807=DIRECTION('',(-0.235221381246593,0.,-0.971941820174667));
#8808=DIRECTION('',(0.,1.,0.));
#8809=DIRECTION('',(0.,1.,0.));
#8810=DIRECTION('',(0.,0.,1.));
#8811=DIRECTION('',(0.,1.,0.));
#8812=DIRECTION('',(0.,1.,0.));
#8813=DIRECTION('',(0.,1.,0.));
#8814=DIRECTION('',(0.983038187174423,0.,0.183400988429244));
#8815=DIRECTION('',(0.,1.,0.));
#8816=DIRECTION('',(0.,1.,0.));
#8817=DIRECTION('',(0.,0.,1.));
#8818=DIRECTION('',(0.,1.,0.));
#8819=DIRECTION('',(0.,1.,0.));
#8820=DIRECTION('',(0.715519980578405,0.,0.698592268346193));
#8821=DIRECTION('',(0.698592268346193,0.,-0.715519980578405));
#8822=DIRECTION('',(0.,1.,0.));
#8823=DIRECTION('',(0.698592268346193,0.,-0.715519980578405));
#8824=DIRECTION('',(0.999977109242495,0.,-0.00676616516368822));
#8825=DIRECTION('',(-0.00676616516368822,0.,-0.999977109242495));
#8826=DIRECTION('',(-0.00676616516368821,0.,-0.999977109242495));
#8827=DIRECTION('',(0.,1.,0.));
#8828=DIRECTION('',(1.,0.,0.));
#8829=DIRECTION('',(-0.00676616516369066,0.,-0.999977109242495));
#8830=DIRECTION('',(-0.999977109242495,0.,0.00676616516369066));
#8831=DIRECTION('',(0.,1.,0.));
#8832=DIRECTION('',(-0.999977109242495,0.,0.00676616516369066));
#8833=DIRECTION('',(0.,1.,0.));
#8834=DIRECTION('',(-0.999977109242495,0.,0.00676616516369755));
#8835=DIRECTION('',(0.00676616516369755,0.,0.999977109242495));
#8836=DIRECTION('',(0.,1.,0.));
#8837=DIRECTION('',(0.00676616516369755,0.,0.999977109242495));
#8838=DIRECTION('',(0.00676616516368873,0.,0.999977109242495));
#8839=DIRECTION('',(0.999977109242495,0.,-0.00676616516368873));
#8840=DIRECTION('',(0.,1.,0.));
#8841=DIRECTION('',(0.999977109242495,0.,-0.00676616516368872));
#8842=DIRECTION('',(0.6281576353721,0.,0.778086103926636));
#8843=DIRECTION('',(0.778086103926636,0.,-0.6281576353721));
#8844=DIRECTION('',(0.,1.,0.));
#8845=DIRECTION('',(0.778086103926636,0.,-0.6281576353721));
#8846=DIRECTION('',(0.775830956871529,0.,-0.630940826353635));
#8847=DIRECTION('',(-0.630940826353635,0.,-0.775830956871529));
#8848=DIRECTION('',(0.,1.,0.));
#8849=DIRECTION('',(-0.630940826353635,0.,-0.775830956871529));
#8850=DIRECTION('',(-0.631763195851654,0.,-0.775161444066528));
#8851=DIRECTION('',(-0.775161444066528,0.,0.631763195851654));
#8852=DIRECTION('',(0.,1.,0.));
#8853=DIRECTION('',(-0.775161444066528,0.,0.631763195851654));
#8854=DIRECTION('',(0.,1.,0.));
#8855=DIRECTION('',(0.999692440219825,0.,0.0247996969201478));
#8856=DIRECTION('',(0.0247996969201478,0.,-0.999692440219825));
#8857=DIRECTION('',(0.,1.,0.));
#8858=DIRECTION('',(0.0247996969201478,0.,-0.999692440219825));
#8859=DIRECTION('',(0.999867627246584,0.,0.0162704635547305));
#8860=DIRECTION('',(0.0162704635547305,0.,-0.999867627246584));
#8861=DIRECTION('',(0.,1.,0.));
#8862=DIRECTION('',(0.0162704635547305,0.,-0.999867627246584));
#8863=DIRECTION('',(0.999977109242495,0.,-0.00676616516369045));
#8864=DIRECTION('',(-0.00676616516369045,0.,-0.999977109242495));
#8865=DIRECTION('',(-0.00676616516369045,0.,-0.999977109242495));
#8866=DIRECTION('',(0.,1.,0.));
#8867=DIRECTION('',(1.,0.,0.));
#8868=DIRECTION('',(0.,1.,0.));
#8869=DIRECTION('',(0.,1.,0.));
#8870=DIRECTION('',(0.,1.,0.));
#8871=DIRECTION('',(0.172440396401027,0.,-0.98501995395477));
#8872=DIRECTION('',(0.,1.,0.));
#8873=DIRECTION('',(0.,1.,0.));
#8874=DIRECTION('',(0.,0.,1.));
#8875=DIRECTION('',(0.,1.,0.));
#8876=DIRECTION('',(0.380497520901404,0.,-0.924781940020395));
#8877=DIRECTION('',(0.,1.,0.));
#8878=DIRECTION('',(0.,1.,0.));
#8879=DIRECTION('',(0.,0.,1.));
#8880=DIRECTION('',(-0.929772960579684,0.,-0.368133456473178));
#8881=DIRECTION('',(-0.368133456473178,0.,0.929772960579684));
#8882=DIRECTION('',(0.,1.,0.));
#8883=DIRECTION('',(-0.368133456473178,0.,0.929772960579684));
#8884=DIRECTION('',(0.,1.,0.));
#8885=DIRECTION('',(0.,1.,0.));
#8886=DIRECTION('',(0.,1.,0.));
#8887=DIRECTION('',(0.,1.,0.));
#8888=DIRECTION('',(0.,1.,0.));
#8889=DIRECTION('',(0.,1.,0.));
#8890=DIRECTION('',(0.,1.,0.));
#8891=DIRECTION('',(-1.,0.,0.));
#8892=DIRECTION('',(0.,1.,0.));
#8893=DIRECTION('',(0.,1.,0.));
#8894=DIRECTION('',(0.,0.,1.));
#8895=DIRECTION('',(0.,1.,0.));
#8896=DIRECTION('',(0.,1.,0.));
#8897=DIRECTION('',(0.,1.,0.));
#8898=DIRECTION('',(1.,0.,0.));
#8899=DIRECTION('',(-0.00676616516369059,0.,-0.999977109242495));
#8900=DIRECTION('',(-0.999977109242495,0.,0.00676616516369059));
#8901=DIRECTION('',(0.,1.,0.));
#8902=DIRECTION('',(-0.999977109242495,0.,0.00676616516369059));
#8903=DIRECTION('',(0.,1.,0.));
#8904=DIRECTION('',(-0.999977109242495,0.,0.00676616516369547));
#8905=DIRECTION('',(0.00676616516369547,0.,0.999977109242495));
#8906=DIRECTION('',(0.,1.,0.));
#8907=DIRECTION('',(0.00676616516369547,0.,0.999977109242495));
#8908=DIRECTION('',(0.00676616516368856,0.,0.999977109242495));
#8909=DIRECTION('',(0.999977109242495,0.,-0.00676616516368856));
#8910=DIRECTION('',(0.,1.,0.));
#8911=DIRECTION('',(0.999977109242495,0.,-0.00676616516368856));
#8912=DIRECTION('',(0.628157635372102,0.,0.778086103926634));
#8913=DIRECTION('',(0.778086103926634,0.,-0.628157635372102));
#8914=DIRECTION('',(0.,1.,0.));
#8915=DIRECTION('',(0.778086103926634,0.,-0.628157635372102));
#8916=DIRECTION('',(0.775830956871534,0.,-0.630940826353629));
#8917=DIRECTION('',(-0.630940826353629,0.,-0.775830956871534));
#8918=DIRECTION('',(0.,1.,0.));
#8919=DIRECTION('',(-0.630940826353629,0.,-0.775830956871534));
#8920=DIRECTION('',(-0.631763195851662,0.,-0.775161444066521));
#8921=DIRECTION('',(-0.775161444066521,0.,0.631763195851662));
#8922=DIRECTION('',(0.,1.,0.));
#8923=DIRECTION('',(-0.775161444066521,0.,0.631763195851662));
#8924=DIRECTION('',(0.,1.,0.));
#8925=DIRECTION('',(0.999692440219826,0.,0.0247996969201278));
#8926=DIRECTION('',(0.0247996969201278,0.,-0.999692440219826));
#8927=DIRECTION('',(0.,1.,0.));
#8928=DIRECTION('',(0.0247996969201278,0.,-0.999692440219826));
#8929=DIRECTION('',(0.999867627246585,0.,0.0162704635547086));
#8930=DIRECTION('',(0.0162704635547086,0.,-0.999867627246585));
#8931=DIRECTION('',(0.,1.,0.));
#8932=DIRECTION('',(0.0162704635547086,0.,-0.999867627246585));
#8933=DIRECTION('',(0.999977109242495,0.,-0.00676616516369405));
#8934=DIRECTION('',(-0.00676616516369405,0.,-0.999977109242495));
#8935=DIRECTION('',(-0.00676616516369405,0.,-0.999977109242495));
#8936=DIRECTION('',(0.,1.,0.));
#8937=DIRECTION('',(1.,0.,0.));
#8938=DIRECTION('',(-0.00676616516369589,0.,-0.999977109242495));
#8939=DIRECTION('',(-0.999977109242495,0.,0.00676616516369589));
#8940=DIRECTION('',(0.,1.,0.));
#8941=DIRECTION('',(-0.999977109242495,0.,0.00676616516369589));
#8942=DIRECTION('',(0.,1.,0.));
#8943=DIRECTION('',(-0.999977109242495,0.,0.00676616516369171));
#8944=DIRECTION('',(0.00676616516369171,0.,0.999977109242495));
#8945=DIRECTION('',(0.,1.,0.));
#8946=DIRECTION('',(0.00676616516369171,0.,0.999977109242495));
#8947=DIRECTION('',(0.00676616516369247,0.,0.999977109242495));
#8948=DIRECTION('',(0.999977109242495,0.,-0.00676616516369247));
#8949=DIRECTION('',(0.,1.,0.));
#8950=DIRECTION('',(0.999977109242495,0.,-0.00676616516369247));
#8951=DIRECTION('',(-0.999977109242496,0.,0.0067661651635905));
#8952=DIRECTION('',(0.0067661651635905,0.,0.999977109242496));
#8953=DIRECTION('',(0.,1.,0.));
#8954=DIRECTION('',(0.0067661651635905,0.,0.999977109242496));
#8955=DIRECTION('',(-0.690007307916654,0.,-0.723802400535955));
#8956=DIRECTION('',(-0.723802400535955,0.,0.690007307916654));
#8957=DIRECTION('',(0.,1.,0.));
#8958=DIRECTION('',(-0.723802400535955,0.,0.690007307916654));
#8959=DIRECTION('',(0.,1.,0.));
#8960=DIRECTION('',(0.,1.,0.));
#8961=DIRECTION('',(0.,1.,0.));
#8962=DIRECTION('',(0.98377965376567,0.,0.179381138464159));
#8963=DIRECTION('',(0.,1.,0.));
#8964=DIRECTION('',(0.,1.,0.));
#8965=DIRECTION('',(0.,0.,1.));
#8966=DIRECTION('',(0.,1.,0.));
#8967=DIRECTION('',(0.,1.,0.));
#8968=DIRECTION('',(0.,1.,0.));
#8969=DIRECTION('',(0.,1.,0.));
#8970=DIRECTION('',(-0.11865117788888,0.,-0.992935998937284));
#8971=DIRECTION('',(0.,1.,0.));
#8972=DIRECTION('',(0.,1.,0.));
#8973=DIRECTION('',(0.,0.,1.));
#8974=DIRECTION('',(0.,1.,0.));
#8975=DIRECTION('',(-0.360220593963366,0.,-0.932867152216584));
#8976=DIRECTION('',(0.,1.,0.));
#8977=DIRECTION('',(0.,1.,0.));
#8978=DIRECTION('',(0.,0.,1.));
#8979=DIRECTION('',(0.,1.,0.));
#8980=DIRECTION('',(0.759796228417577,0.,-0.650161280977594));
#8981=DIRECTION('',(-0.650161280977594,0.,-0.759796228417577));
#8982=DIRECTION('',(0.,1.,0.));
#8983=DIRECTION('',(-0.650161280977594,0.,-0.759796228417577));
#8984=DIRECTION('',(0.,1.,0.));
#8985=DIRECTION('',(0.,1.,0.));
#8986=DIRECTION('',(-0.23522138124681,0.,-0.971941820174615));
#8987=DIRECTION('',(0.,1.,0.));
#8988=DIRECTION('',(0.,1.,0.));
#8989=DIRECTION('',(0.,0.,1.));
#8990=DIRECTION('',(0.,1.,0.));
#8991=DIRECTION('',(0.,1.,0.));
#8992=DIRECTION('',(0.,1.,0.));
#8993=DIRECTION('',(0.983038187174355,0.,0.18340098842961));
#8994=DIRECTION('',(0.,1.,0.));
#8995=DIRECTION('',(0.,1.,0.));
#8996=DIRECTION('',(0.,0.,1.));
#8997=DIRECTION('',(0.,1.,0.));
#8998=DIRECTION('',(0.,1.,0.));
#8999=DIRECTION('',(0.715519980578404,0.,0.698592268346194));
#9000=DIRECTION('',(0.698592268346194,0.,-0.715519980578404));
#9001=DIRECTION('',(0.,1.,0.));
#9002=DIRECTION('',(0.698592268346194,0.,-0.715519980578404));
#9003=DIRECTION('',(0.999977109242495,0.,-0.00676616516368822));
#9004=DIRECTION('',(-0.00676616516368822,0.,-0.999977109242495));
#9005=DIRECTION('',(-0.00676616516368821,0.,-0.999977109242495));
#9006=DIRECTION('',(0.,1.,0.));
#9007=DIRECTION('',(1.,0.,0.));
#9008=DIRECTION('',(0.,1.,0.));
#9009=DIRECTION('',(-0.955509053153278,0.,0.294961776069591));
#9010=DIRECTION('',(0.,1.,0.));
#9011=DIRECTION('',(0.,0.,1.));
#9012=DIRECTION('',(0.,1.,0.));
#9013=DIRECTION('',(0.,1.,0.));
#9014=DIRECTION('',(0.,0.,1.));
#9015=DIRECTION('',(0.,1.,0.));
#9016=DIRECTION('',(0.,0.,1.));
#9017=DIRECTION('',(0.,-1.,0.));
#9018=DIRECTION('',(1.,0.,0.));
#9019=DIRECTION('',(0.,1.,0.));
#9020=DIRECTION('',(1.,0.,0.));
#9021=DIRECTION('',(0.,1.,0.));
#9022=DIRECTION('',(0.956705822471397,0.,-0.291056642682018));
#9023=DIRECTION('',(-0.291056642682018,0.,-0.956705822471397));
#9024=DIRECTION('',(0.,1.,0.));
#9025=DIRECTION('',(-0.291056642682018,0.,-0.956705822471397));
#9026=DIRECTION('',(0.,1.,0.));
#9027=DIRECTION('',(0.,0.,-1.));
#9028=DIRECTION('',(0.,1.,0.));
#9029=DIRECTION('',(0.,1.,0.));
#9030=DIRECTION('',(-1.,0.,0.));
#9031=DIRECTION('',(-0.94300930480847,0.,0.332766361047277));
#9032=DIRECTION('',(0.332766361047277,0.,0.94300930480847));
#9033=DIRECTION('',(0.,1.,0.));
#9034=DIRECTION('',(0.332766361047277,0.,0.94300930480847));
#9035=DIRECTION('',(0.,0.,1.));
#9036=DIRECTION('',(0.,-1.,0.));
#9037=DIRECTION('',(0.,1.,0.));
#9038=DIRECTION('',(1.,0.,0.));
#9039=DIRECTION('',(0.943395814745621,0.,0.331669016823167));
#9040=DIRECTION('',(0.331669016823167,0.,-0.943395814745621));
#9041=DIRECTION('',(0.,1.,0.));
#9042=DIRECTION('',(0.331669016823167,0.,-0.943395814745621));
#9043=DIRECTION('',(0.,0.,-1.));
#9044=DIRECTION('',(0.,1.,0.));
#9045=DIRECTION('',(0.,1.,0.));
#9046=DIRECTION('',(-1.,0.,0.));
#9047=DIRECTION('',(-0.956705822471397,0.,-0.291056642682018));
#9048=DIRECTION('',(-0.291056642682018,0.,0.956705822471397));
#9049=DIRECTION('',(0.,1.,0.));
#9050=DIRECTION('',(-0.291056642682018,0.,0.956705822471397));
#9051=DIRECTION('',(0.,0.,-1.));
#9052=DIRECTION('',(0.,1.,0.));
#9053=DIRECTION('',(-1.,0.,0.));
#9054=DIRECTION('',(0.,1.,0.));
#9055=DIRECTION('',(-0.965892069454974,0.,0.258944994475636));
#9056=DIRECTION('',(0.,1.,0.));
#9057=DIRECTION('',(0.,0.,1.));
#9058=DIRECTION('',(0.,1.,0.));
#9059=DIRECTION('',(0.,0.,1.));
#9060=DIRECTION('',(0.,1.,0.));
#9061=DIRECTION('',(1.,0.,0.));
#9062=DIRECTION('',(0.,1.,0.));
#9063=DIRECTION('',(0.,1.,0.));
#9064=DIRECTION('',(0.,1.,0.));
#9065=DIRECTION('',(0.,0.,1.));
#9066=DIRECTION('',(0.,-1.,0.));
#9067=DIRECTION('',(1.,0.,0.));
#9068=DIRECTION('',(0.,1.,0.));
#9069=DIRECTION('',(1.,0.,0.));
#9070=DIRECTION('',(-1.,0.,0.));
#9071=DIRECTION('',(0.,1.,0.));
#9072=DIRECTION('',(0.,0.,1.));
#9073=DIRECTION('',(0.,1.,0.));
#9074=DIRECTION('',(0.,0.,1.));
#9075=DIRECTION('',(0.,1.,0.));
#9076=DIRECTION('',(0.,1.,0.));
#9077=DIRECTION('',(0.,1.,0.));
#9078=DIRECTION('',(0.,1.,0.));
#9079=DIRECTION('',(0.,0.,1.));
#9080=DIRECTION('',(0.,-1.,0.));
#9081=DIRECTION('',(0.,1.,0.));
#9082=DIRECTION('',(1.,0.,0.));
#9083=DIRECTION('',(1.,0.,0.));
#9084=DIRECTION('',(0.,-1.,0.));
#9085=DIRECTION('',(0.,1.,0.));
#9086=DIRECTION('',(0.,0.,-1.));
#9087=DIRECTION('',(0.,0.,-1.));
#9088=DIRECTION('',(0.,1.,0.));
#9089=DIRECTION('',(0.,1.,0.));
#9090=DIRECTION('',(-1.,0.,0.));
#9091=DIRECTION('',(0.,0.,-1.));
#9092=DIRECTION('',(0.,1.,0.));
#9093=DIRECTION('',(-1.,0.,0.));
#9094=DIRECTION('',(-1.,0.,0.));
#9095=DIRECTION('',(0.,1.,0.));
#9096=DIRECTION('',(1.,0.,0.));
#9097=DIRECTION('',(-1.,0.,0.));
#9098=DIRECTION('',(0.,1.,0.));
#9099=DIRECTION('',(0.,0.,1.));
#9100=DIRECTION('',(0.,1.,0.));
#9101=DIRECTION('',(0.,0.,1.));
#9102=DIRECTION('',(0.,1.,0.));
#9103=DIRECTION('',(0.,0.,-1.));
#9104=DIRECTION('',(0.,1.,0.));
#9105=DIRECTION('',(-1.,0.,0.));
#9106=DIRECTION('',(0.,1.,0.));
#9107=DIRECTION('',(-1.,0.,0.));
#9108=DIRECTION('',(0.,1.,0.));
#9109=DIRECTION('',(0.,1.,0.));
#9110=DIRECTION('',(0.,1.,0.));
#9111=DIRECTION('',(0.,0.,1.));
#9112=DIRECTION('',(0.,-1.,0.));
#9113=DIRECTION('',(1.,0.,0.));
#9114=DIRECTION('',(0.,1.,0.));
#9115=DIRECTION('',(1.,0.,0.));
#9116=DIRECTION('',(0.,1.,0.));
#9117=DIRECTION('',(-1.,0.,0.));
#9118=DIRECTION('',(0.,1.,0.));
#9119=DIRECTION('',(0.,0.,1.));
#9120=DIRECTION('',(0.,1.,0.));
#9121=DIRECTION('',(0.,0.,1.));
#9122=DIRECTION('',(0.,0.,-1.));
#9123=DIRECTION('',(0.,1.,0.));
#9124=DIRECTION('',(-1.,0.,0.));
#9125=DIRECTION('',(0.,1.,0.));
#9126=DIRECTION('',(-1.,0.,0.));
#9127=DIRECTION('',(0.,1.,0.));
#9128=DIRECTION('',(0.,1.,0.));
#9129=DIRECTION('',(0.,1.,0.));
#9130=DIRECTION('',(0.,0.,1.));
#9131=DIRECTION('',(0.,-1.,0.));
#9132=DIRECTION('',(0.,1.,0.));
#9133=DIRECTION('',(1.,0.,0.));
#9134=DIRECTION('',(0.,1.,0.));
#9135=DIRECTION('',(1.,0.,0.));
#9136=DIRECTION('',(0.,-1.,0.));
#9137=DIRECTION('',(0.,1.,0.));
#9138=DIRECTION('',(0.,0.,-1.));
#9139=DIRECTION('',(0.,0.,-1.));
#9140=DIRECTION('',(0.,1.,0.));
#9141=DIRECTION('',(0.,1.,0.));
#9142=DIRECTION('',(-1.,0.,0.));
#9143=DIRECTION('',(0.,1.,0.));
#9144=DIRECTION('',(0.,1.,0.));
#9145=DIRECTION('',(0.,1.,0.));
#9146=DIRECTION('',(0.,1.,0.));
#9147=DIRECTION('',(-1.,0.,0.));
#9148=DIRECTION('',(0.,1.,0.));
#9149=DIRECTION('',(0.,1.,0.));
#9150=DIRECTION('',(0.,0.,1.));
#9151=DIRECTION('',(0.,1.,0.));
#9152=DIRECTION('',(0.524983817418789,0.,0.851112208494506));
#9153=DIRECTION('',(0.,1.,0.));
#9154=DIRECTION('',(0.,1.,0.));
#9155=DIRECTION('',(0.,0.,1.));
#9156=DIRECTION('',(0.,1.,0.));
#9157=DIRECTION('',(0.,1.,0.));
#9158=DIRECTION('',(0.,0.,1.));
#9159=DIRECTION('',(0.,-1.,0.));
#9160=DIRECTION('',(1.,0.,0.));
#9161=DIRECTION('',(1.,0.,0.));
#9162=DIRECTION('',(0.,1.,0.));
#9163=DIRECTION('',(1.,0.,0.));
#9164=DIRECTION('',(0.,1.,0.));
#9165=DIRECTION('',(1.,0.,0.));
#9166=DIRECTION('',(0.,0.,-1.));
#9167=DIRECTION('',(0.,1.,0.));
#9168=DIRECTION('',(0.,1.,0.));
#9169=DIRECTION('',(-1.,0.,0.));
#9170=DIRECTION('',(0.,1.,0.));
#9171=DIRECTION('',(-1.,0.,0.));
#9172=DIRECTION('',(0.,1.,0.));
#9173=DIRECTION('',(0.,1.,0.));
#9174=DIRECTION('',(0.,0.,1.));
#9175=DIRECTION('',(0.,0.,1.));
#9176=DIRECTION('',(0.,-1.,0.));
#9177=DIRECTION('',(0.,1.,0.));
#9178=DIRECTION('',(1.,0.,0.));
#9179=DIRECTION('',(1.,0.,0.));
#9180=DIRECTION('',(0.,-1.,0.));
#9181=DIRECTION('',(0.,1.,0.));
#9182=DIRECTION('',(0.,0.,-1.));
#9183=DIRECTION('',(0.,0.,1.));
#9184=DIRECTION('',(0.,-1.,0.));
#9185=DIRECTION('',(0.,1.,0.));
#9186=DIRECTION('',(1.,0.,0.));
#9187=DIRECTION('',(-1.,0.,0.));
#9188=DIRECTION('',(0.,1.,0.));
#9189=DIRECTION('',(0.,1.,0.));
#9190=DIRECTION('',(0.,0.,1.));
#9191=DIRECTION('',(0.,0.,1.));
#9192=DIRECTION('',(0.,-1.,0.));
#9193=DIRECTION('',(0.,1.,0.));
#9194=DIRECTION('',(1.,0.,0.));
#9195=DIRECTION('',(1.,0.,0.));
#9196=DIRECTION('',(0.,-1.,0.));
#9197=DIRECTION('',(0.,1.,0.));
#9198=DIRECTION('',(0.,0.,-1.));
#9199=DIRECTION('',(0.,0.,-1.));
#9200=DIRECTION('',(0.,1.,0.));
#9201=DIRECTION('',(0.,1.,0.));
#9202=DIRECTION('',(-1.,0.,0.));
#9203=DIRECTION('',(-1.,0.,0.));
#9204=DIRECTION('',(0.,1.,0.));
#9205=DIRECTION('',(0.,1.,0.));
#9206=DIRECTION('',(0.,0.,1.));
#9207=DIRECTION('',(0.,0.,-1.));
#9208=DIRECTION('',(0.,1.,0.));
#9209=DIRECTION('',(0.,1.,0.));
#9210=DIRECTION('',(-1.,0.,0.));
#9211=DIRECTION('',(1.,0.,0.));
#9212=DIRECTION('',(0.,-1.,0.));
#9213=DIRECTION('',(0.,0.,-1.));
#9214=DIRECTION('',(0.,1.,0.));
#9215=DIRECTION('',(1.,0.,0.));
#9216=DIRECTION('',(0.,0.,1.));
#9217=DIRECTION('',(0.,-1.,0.));
#9218=DIRECTION('',(0.,1.,0.));
#9219=DIRECTION('',(1.,0.,0.));
#9220=DIRECTION('',(0.,1.,0.));
#9221=DIRECTION('',(1.,0.,0.));
#9222=DIRECTION('',(0.,-1.,0.));
#9223=DIRECTION('',(0.,1.,0.));
#9224=DIRECTION('',(0.,0.,-1.));
#9225=DIRECTION('',(0.,0.,-1.));
#9226=DIRECTION('',(0.,1.,0.));
#9227=DIRECTION('',(0.,1.,0.));
#9228=DIRECTION('',(-1.,0.,0.));
#9229=DIRECTION('',(1.,0.,0.));
#9230=DIRECTION('',(0.,-1.,0.));
#9231=DIRECTION('',(0.,1.,0.));
#9232=DIRECTION('',(0.,0.,-1.));
#9233=DIRECTION('',(0.,1.,0.));
#9234=DIRECTION('',(0.0994050831539044,0.,0.995047048859081));
#9235=DIRECTION('',(0.,1.,0.));
#9236=DIRECTION('',(0.,1.,0.));
#9237=DIRECTION('',(0.,0.,1.));
#9238=DIRECTION('',(0.,1.,0.));
#9239=DIRECTION('',(0.,1.,0.));
#9240=DIRECTION('',(0.,1.,0.));
#9241=DIRECTION('',(0.,1.,0.));
#9242=DIRECTION('',(0.,1.,0.));
#9243=DIRECTION('',(0.232219852004568,0.,-0.972663323218767));
#9244=DIRECTION('',(0.,1.,0.));
#9245=DIRECTION('',(0.,1.,0.));
#9246=DIRECTION('',(0.,0.,1.));
#9247=DIRECTION('',(-0.923464241892692,0.,-0.383684497921869));
#9248=DIRECTION('',(-0.383684497921869,0.,0.923464241892692));
#9249=DIRECTION('',(0.,1.,0.));
#9250=DIRECTION('',(-0.383684497921869,0.,0.923464241892692));
#9251=DIRECTION('',(0.,1.,0.));
#9252=DIRECTION('',(0.202437350588576,0.,-0.97929521549259));
#9253=DIRECTION('',(0.,1.,0.));
#9254=DIRECTION('',(0.,1.,0.));
#9255=DIRECTION('',(0.,0.,1.));
#9256=DIRECTION('',(0.,1.,0.));
#9257=DIRECTION('',(0.,1.,0.));
#9258=DIRECTION('',(0.,1.,0.));
#9259=DIRECTION('',(0.,1.,0.));
#9260=DIRECTION('',(0.,1.,0.));
#9261=DIRECTION('',(0.0731523526333448,0.,0.997320777535597));
#9262=DIRECTION('',(0.,1.,0.));
#9263=DIRECTION('',(0.,1.,0.));
#9264=DIRECTION('',(0.,0.,1.));
#9265=DIRECTION('',(0.,1.,0.));
#9266=DIRECTION('',(0.234255629683147,0.,0.972175035660633));
#9267=DIRECTION('',(0.,1.,0.));
#9268=DIRECTION('',(0.,1.,0.));
#9269=DIRECTION('',(0.,0.,1.));
#9270=DIRECTION('',(-1.,0.,0.));
#9271=DIRECTION('',(0.,1.,0.));
#9272=DIRECTION('',(0.,0.,1.));
#9273=DIRECTION('',(0.,1.,0.));
#9274=DIRECTION('',(1.,0.,0.));
#9275=DIRECTION('',(0.,0.,-1.));
#9276=DIRECTION('',(0.,1.,0.));
#9277=DIRECTION('',(0.,1.,0.));
#9278=DIRECTION('',(-1.,0.,0.));
#9279=DIRECTION('',(0.,1.,0.));
#9280=DIRECTION('',(-1.,0.,0.));
#9281=DIRECTION('',(0.,1.,0.));
#9282=DIRECTION('',(0.,1.,0.));
#9283=DIRECTION('',(0.,0.,1.));
#9284=DIRECTION('',(0.,0.,-1.));
#9285=DIRECTION('',(0.,1.,0.));
#9286=DIRECTION('',(0.,1.,0.));
#9287=DIRECTION('',(-1.,0.,0.));
#9288=DIRECTION('',(-1.,0.,0.));
#9289=DIRECTION('',(0.,1.,0.));
#9290=DIRECTION('',(0.,1.,0.));
#9291=DIRECTION('',(0.,0.,1.));
#9292=DIRECTION('',(0.,0.,1.));
#9293=DIRECTION('',(0.,-1.,0.));
#9294=DIRECTION('',(0.,1.,0.));
#9295=DIRECTION('',(1.,0.,0.));
#9296=DIRECTION('',(-1.,0.,0.));
#9297=DIRECTION('',(0.,1.,0.));
#9298=DIRECTION('',(0.,1.,0.));
#9299=DIRECTION('',(0.,0.,1.));
#9300=DIRECTION('',(0.,0.,-1.));
#9301=DIRECTION('',(0.,1.,0.));
#9302=DIRECTION('',(0.,1.,0.));
#9303=DIRECTION('',(-1.,0.,0.));
#9304=DIRECTION('',(-1.,0.,0.));
#9305=DIRECTION('',(0.,1.,0.));
#9306=DIRECTION('',(0.,1.,0.));
#9307=DIRECTION('',(0.,0.,1.));
#9308=DIRECTION('',(0.,0.,1.));
#9309=DIRECTION('',(0.,-1.,0.));
#9310=DIRECTION('',(0.,1.,0.));
#9311=DIRECTION('',(1.,0.,0.));
#9312=DIRECTION('',(1.,0.,0.));
#9313=DIRECTION('',(0.,-1.,0.));
#9314=DIRECTION('',(0.,0.,-1.));
#9315=DIRECTION('',(0.,1.,0.));
#9316=DIRECTION('',(1.,0.,0.));
#9317=DIRECTION('',(0.,0.,-1.));
#9318=DIRECTION('',(0.,1.,0.));
#9319=DIRECTION('',(0.,1.,0.));
#9320=DIRECTION('',(-1.,0.,0.));
#9321=DIRECTION('',(0.,1.,0.));
#9322=DIRECTION('',(-1.,0.,0.));
#9323=DIRECTION('',(0.,1.,0.));
#9324=DIRECTION('',(0.,1.,0.));
#9325=DIRECTION('',(0.,0.,1.));
#9326=DIRECTION('',(0.,0.,1.));
#9327=DIRECTION('',(0.,-1.,0.));
#9328=DIRECTION('',(0.,1.,0.));
#9329=DIRECTION('',(1.,0.,0.));
#9330=DIRECTION('',(-1.,0.,0.));
#9331=DIRECTION('',(0.,1.,0.));
#9332=DIRECTION('',(0.,1.,0.));
#9333=DIRECTION('',(0.,0.,1.));
#9334=DIRECTION('',(0.,0.,-1.));
#9335=DIRECTION('',(0.,1.,0.));
#9336=DIRECTION('',(0.,1.,0.));
#9337=DIRECTION('',(-1.,0.,0.));
#9338=DIRECTION('',(-1.,0.,0.));
#9339=DIRECTION('',(0.,1.,0.));
#9340=DIRECTION('',(0.,1.,0.));
#9341=DIRECTION('',(0.,0.,1.));
#9342=DIRECTION('',(0.,0.,1.));
#9343=DIRECTION('',(0.,-1.,0.));
#9344=DIRECTION('',(0.,1.,0.));
#9345=DIRECTION('',(1.,0.,0.));
#9346=DIRECTION('',(-1.,0.,0.));
#9347=DIRECTION('',(0.,1.,0.));
#9348=DIRECTION('',(0.,1.,0.));
#9349=DIRECTION('',(0.,0.,1.));
#9350=DIRECTION('',(0.,0.,-1.));
#9351=DIRECTION('',(0.,1.,0.));
#9352=DIRECTION('',(0.,1.,0.));
#9353=DIRECTION('',(-1.,0.,0.));
#9354=DIRECTION('',(-1.,0.,0.));
#9355=DIRECTION('',(0.,1.,0.));
#9356=DIRECTION('',(0.,1.,0.));
#9357=DIRECTION('',(0.,0.,1.));
#9358=DIRECTION('',(0.,0.,1.));
#9359=DIRECTION('',(0.,-1.,0.));
#9360=DIRECTION('',(0.,1.,0.));
#9361=DIRECTION('',(1.,0.,0.));
#9362=DIRECTION('',(1.,0.,0.));
#9363=DIRECTION('',(0.,-1.,0.));
#9364=DIRECTION('',(0.,0.,-1.));
#9365=DIRECTION('',(0.,1.,0.));
#9366=DIRECTION('',(1.,0.,0.));
#9367=DIRECTION('',(0.,1.,0.));
#9368=DIRECTION('',(1.,0.,0.));
#9369=DIRECTION('',(0.,1.,0.));
#9370=DIRECTION('',(1.,0.,0.));
#9371=DIRECTION('',(0.,1.,0.));
#9372=DIRECTION('',(1.,0.,0.));
#9373=DIRECTION('',(0.,0.,1.));
#9374=DIRECTION('',(0.,-1.,0.));
#9375=DIRECTION('',(0.,1.,0.));
#9376=DIRECTION('',(0.,1.,0.));
#9377=DIRECTION('',(0.554700196225229,0.,-0.832050294337844));
#9378=DIRECTION('',(-0.832050294337844,0.,-0.554700196225229));
#9379=DIRECTION('',(0.,1.,0.));
#9380=DIRECTION('',(0.,1.,0.));
#9381=DIRECTION('',(0.554700196225229,0.,0.832050294337844));
#9382=DIRECTION('',(0.832050294337844,0.,-0.554700196225229));
#9383=DIRECTION('',(0.,1.,0.));
#9384=DIRECTION('',(0.,1.,0.));
#9385=DIRECTION('',(0.,0.,1.));
#9386=DIRECTION('',(0.,-1.,0.));
#9387=DIRECTION('',(-0.38268343236509,0.,0.923879532511287));
#9388=DIRECTION('',(-0.923879532511287,0.,-0.38268343236509));
#9389=DIRECTION('',(-1.,0.,0.));
#9390=DIRECTION('',(0.,1.,0.));
#9391=DIRECTION('',(-0.923879532511287,0.,0.38268343236509));
#9392=DIRECTION('',(0.38268343236509,0.,0.923879532511287));
#9393=DIRECTION('',(-0.707106781186548,0.,0.707106781186548));
#9394=DIRECTION('',(0.707106781186548,0.,0.707106781186548));
#9395=DIRECTION('',(-2.83220159343152E-16,0.,-1.));
#9396=DIRECTION('',(-1.,0.,2.83220159343152E-16));
#9397=DIRECTION('',(0.,0.,1.));
#9398=DIRECTION('',(0.,-1.,0.));
#9399=DIRECTION('',(1.,0.,0.));
#9400=DIRECTION('',(0.,-1.,0.));
#9401=DIRECTION('',(-1.,0.,-1.38777878078144E-14));
#9402=DIRECTION('',(-1.38777878078144E-14,0.,1.));
#9403=DIRECTION('',(-1.,0.,0.));
#9404=DIRECTION('',(0.,1.,0.));
#9405=DIRECTION('',(0.,-1.,0.));
#9406=DIRECTION('',(-1.,0.,0.));
#9407=DIRECTION('',(0.,1.,0.));
#9408=DIRECTION('',(1.,0.,0.));
#9409=DIRECTION('',(0.,1.,0.));
#9410=DIRECTION('',(0.,-1.,0.));
#9411=DIRECTION('',(-1.,0.,0.));
#9412=DIRECTION('',(0.,1.,0.));
#9413=DIRECTION('',(1.,0.,0.));
#9414=DIRECTION('',(0.,-1.,0.));
#9415=DIRECTION('',(-1.,0.,0.));
#9416=DIRECTION('',(0.,-1.,0.));
#9417=DIRECTION('',(-1.,0.,0.));
#9418=DIRECTION('',(0.,1.,0.));
#9419=DIRECTION('',(1.,0.,0.));
#9420=DIRECTION('',(0.,-1.,0.));
#9421=DIRECTION('',(-1.,0.,0.));
#9422=DIRECTION('',(0.,1.,0.));
#9423=DIRECTION('',(1.,0.,0.));
#9424=DIRECTION('',(0.,1.,0.));
#9425=DIRECTION('',(1.,0.,0.));
#9426=DIRECTION('',(0.,1.,0.));
#9427=DIRECTION('',(1.,0.,0.));
#9428=DIRECTION('',(0.,1.,0.));
#9429=DIRECTION('',(1.,0.,0.));
#9430=DIRECTION('',(0.,-1.,0.));
#9431=DIRECTION('',(0.,-1.,0.));
#9432=DIRECTION('',(-1.,0.,0.));
#9433=DIRECTION('',(0.,1.,0.));
#9434=DIRECTION('',(1.,0.,0.));
#9435=DIRECTION('',(0.,-1.,0.));
#9436=DIRECTION('',(-1.,0.,0.));
#9437=DIRECTION('',(0.,1.,0.));
#9438=DIRECTION('',(1.,0.,0.));
#9439=DIRECTION('',(0.,-1.,0.));
#9440=DIRECTION('',(-1.,0.,0.));
#9441=DIRECTION('',(0.,1.,0.));
#9442=DIRECTION('',(1.,0.,0.));
#9443=DIRECTION('',(0.707106781186548,0.,-0.707106781186548));
#9444=DIRECTION('',(-0.707106781186548,0.,-0.707106781186548));
#9445=DIRECTION('',(1.,0.,0.));
#9446=DIRECTION('',(0.,-1.,0.));
#9447=DIRECTION('',(-1.,0.,0.));
#9448=DIRECTION('',(0.,1.,0.));
#9449=DIRECTION('',(0.,1.,0.));
#9450=DIRECTION('',(1.,0.,0.));
#9451=DIRECTION('',(0.,0.,1.));
#9452=DIRECTION('',(0.,-1.,0.));
#9453=DIRECTION('',(0.,0.,-1.));
#9454=DIRECTION('',(0.,1.,0.));
#9455=DIRECTION('',(0.,0.,1.));
#9456=DIRECTION('',(0.,-1.,0.));
#9457=DIRECTION('',(0.,1.,0.));
#9458=DIRECTION('',(1.,0.,0.));
#9459=DIRECTION('',(1.,0.,0.));
#9460=DIRECTION('',(0.,-1.,0.));
#9461=DIRECTION('',(-1.,0.,0.));
#9462=DIRECTION('',(0.,1.,0.));
#9463=DIRECTION('',(1.,0.,0.));
#9464=DIRECTION('',(0.,-1.,0.));
#9465=DIRECTION('',(0.,1.,0.));
#9466=DIRECTION('',(1.,0.,0.));
#9467=DIRECTION('',(0.,0.,-1.));
#9468=DIRECTION('',(0.,1.,0.));
#9469=DIRECTION('',(0.,0.,1.));
#9470=DIRECTION('',(0.,-1.,0.));
#9471=DIRECTION('',(0.,0.,1.));
#9472=DIRECTION('',(0.,-1.,0.));
#9473=DIRECTION('',(0.,0.,-1.));
#9474=DIRECTION('',(0.,1.,0.));
#9475=DIRECTION('',(0.,0.,1.));
#9476=DIRECTION('',(0.,-1.,0.));
#9477=DIRECTION('',(0.,0.,1.));
#9478=DIRECTION('',(0.,-1.,0.));
#9479=DIRECTION('',(0.,1.,0.));
#9480=DIRECTION('',(1.,0.,0.));
#9481=DIRECTION('',(1.,0.,0.));
#9482=DIRECTION('',(0.,-1.,0.));
#9483=DIRECTION('',(-1.,0.,0.));
#9484=DIRECTION('',(0.,1.,0.));
#9485=DIRECTION('',(1.,0.,0.));
#9486=DIRECTION('',(0.,-1.,0.));
#9487=DIRECTION('',(0.,1.,0.));
#9488=DIRECTION('',(1.,0.,0.));
#9489=DIRECTION('',(0.,0.,-1.));
#9490=DIRECTION('',(0.,1.,0.));
#9491=DIRECTION('',(0.,0.,1.));
#9492=DIRECTION('',(0.,-1.,0.));
#9493=DIRECTION('',(0.,-8.67361737988403E-16,-1.));
#9494=DIRECTION('',(0.,1.,-8.67361737988403E-16));
#9495=DIRECTION('',(0.,1.,0.));
#9496=DIRECTION('',(1.,0.,0.));
#9497=DIRECTION('',(-1.,0.,0.));
#9498=DIRECTION('',(0.,1.,0.));
#9499=DIRECTION('',(1.,0.,0.));
#9500=DIRECTION('',(0.,-1.,0.));
#9501=DIRECTION('',(0.,-1.,0.));
#9502=DIRECTION('',(-1.,0.,0.));
#9503=DIRECTION('',(0.,-1.,0.));
#9504=DIRECTION('',(-1.,0.,0.));
#9505=DIRECTION('',(0.,1.,0.));
#9506=DIRECTION('',(1.,0.,0.));
#9507=DIRECTION('',(0.,1.,0.));
#9508=DIRECTION('',(1.,0.,0.));
#9509=DIRECTION('',(0.,1.,0.));
#9510=DIRECTION('',(1.,0.,0.));
#9511=DIRECTION('',(-1.,0.,0.));
#9512=DIRECTION('',(0.,0.,1.));
#9513=DIRECTION('',(0.,-1.,0.));
#9514=DIRECTION('',(0.,1.,0.));
#9515=DIRECTION('',(1.,0.,0.));
#9516=DIRECTION('',(0.,1.,0.));
#9517=DIRECTION('',(0.,1.,0.));
#9518=DIRECTION('',(-0.886367504778834,0.,0.46298233926592));
#9519=DIRECTION('',(0.46298233926592,0.,0.886367504778834));
#9520=DIRECTION('',(0.,1.,0.));
#9521=DIRECTION('',(0.,1.,0.));
#9522=DIRECTION('',(-1.,0.,0.));
#9523=DIRECTION('',(0.,1.,0.));
#9524=DIRECTION('',(0.,1.,0.));
#9525=DIRECTION('',(0.,1.,0.));
#9526=DIRECTION('',(0.,0.,1.));
#9527=DIRECTION('',(0.,-1.,0.));
#9528=DIRECTION('',(0.,-1.,0.));
#9529=DIRECTION('',(0.,1.,0.));
#9530=DIRECTION('',(0.,1.,0.));
#9531=DIRECTION('',(1.,0.,0.));
#9532=DIRECTION('',(0.,1.,0.));
#9533=DIRECTION('',(0.,1.,0.));
#9534=DIRECTION('',(0.886367504778834,0.,-0.46298233926592));
#9535=DIRECTION('',(-0.46298233926592,0.,-0.886367504778834));
#9536=DIRECTION('',(0.,1.,0.));
#9537=DIRECTION('',(0.,1.,0.));
#9538=DIRECTION('',(-1.,0.,0.));
#9539=DIRECTION('',(0.,1.,0.));
#9540=DIRECTION('',(0.,1.,0.));
#9541=DIRECTION('',(0.,1.,0.));
#9542=DIRECTION('',(0.,0.,-1.));
#9543=DIRECTION('',(0.,1.,0.));
#9544=DIRECTION('',(0.,-1.,0.));
#9545=DIRECTION('',(0.,1.,0.));
#9546=DIRECTION('',(0.,1.,0.));
#9547=DIRECTION('',(1.,0.,0.));
#9548=DIRECTION('',(0.,1.,0.));
#9549=DIRECTION('',(0.,1.,0.));
#9550=DIRECTION('',(0.,0.,-1.));
#9551=DIRECTION('',(0.,1.,0.));
#9552=DIRECTION('',(0.,1.,0.));
#9553=DIRECTION('',(0.,-1.,0.));
#9554=DIRECTION('',(-1.,0.,0.));
#9555=DIRECTION('',(0.,1.,0.));
#9556=DIRECTION('',(0.,1.,0.));
#9557=DIRECTION('',(0.,1.,0.));
#9558=DIRECTION('',(-0.886367504778834,0.,-0.46298233926592));
#9559=DIRECTION('',(-0.46298233926592,0.,0.886367504778834));
#9560=DIRECTION('',(0.,1.,0.));
#9561=DIRECTION('',(0.,1.,0.));
#9562=DIRECTION('',(-1.,0.,0.));
#9563=DIRECTION('',(0.,1.,0.));
#9564=DIRECTION('',(0.,1.,0.));
#9565=DIRECTION('',(0.,1.,0.));
#9566=DIRECTION('',(-0.886367504778834,0.,-0.46298233926592));
#9567=DIRECTION('',(-0.46298233926592,0.,0.886367504778834));
#9568=DIRECTION('',(0.,1.,0.));
#9569=DIRECTION('',(0.,1.,0.));
#9570=DIRECTION('',(0.886367504778834,0.,-0.46298233926592));
#9571=DIRECTION('',(-0.46298233926592,0.,-0.886367504778834));
#9572=DIRECTION('',(0.,1.,0.));
#9573=DIRECTION('',(0.,1.,0.));
#9574=DIRECTION('',(0.886367504778834,0.,0.46298233926592));
#9575=DIRECTION('',(0.46298233926592,0.,-0.886367504778834));
#9576=DIRECTION('',(0.,1.,0.));
#9577=DIRECTION('',(0.,1.,0.));
#9578=DIRECTION('',(0.,1.,0.));
#9579=DIRECTION('',(1.,0.,0.));
#9580=DIRECTION('',(0.,1.,0.));
#9581=DIRECTION('',(0.,1.,0.));
#9582=DIRECTION('',(0.,0.,1.));
#9583=DIRECTION('',(0.,-1.,0.));
#9584=DIRECTION('',(0.,-1.,0.));
#9585=DIRECTION('',(0.,1.,0.));
#9586=DIRECTION('',(-1.,0.,0.));
#9587=DIRECTION('',(0.,1.,0.));
#9588=DIRECTION('',(0.,1.,0.));
#9589=DIRECTION('',(0.,1.,0.));
#9590=DIRECTION('',(-0.886367504778834,0.,0.46298233926592));
#9591=DIRECTION('',(0.46298233926592,0.,0.886367504778834));
#9592=DIRECTION('',(0.,1.,0.));
#9593=DIRECTION('',(0.,1.,0.));
#9594=DIRECTION('',(-1.,0.,0.));
#9595=DIRECTION('',(0.,1.,0.));
#9596=DIRECTION('',(0.,1.,0.));
#9597=DIRECTION('',(0.,1.,0.));
#9598=DIRECTION('',(0.886367504778834,0.,0.46298233926592));
#9599=DIRECTION('',(0.46298233926592,0.,-0.886367504778834));
#9600=DIRECTION('',(0.,1.,0.));
#9601=DIRECTION('',(0.,1.,0.));
#9602=DIRECTION('',(0.,1.,0.));
#9603=DIRECTION('',(1.,0.,0.));
#9604=DIRECTION('',(0.,-1.,0.));
#9605=DIRECTION('',(-1.,0.,0.));
#9606=DIRECTION('',(0.,1.,0.));
#9607=DIRECTION('',(1.,0.,0.));
#9608=DIRECTION('',(0.,1.,0.));
#9609=DIRECTION('',(1.,0.,0.));
#9610=DIRECTION('',(0.,1.,0.));
#9611=DIRECTION('',(1.,0.,0.));
#9612=DIRECTION('',(0.,1.,0.));
#9613=DIRECTION('',(1.,0.,0.));
#9614=DIRECTION('',(0.,-1.,0.));
#9615=DIRECTION('',(-1.,0.,0.));
#9616=DIRECTION('',(0.,1.,0.));
#9617=DIRECTION('',(1.,0.,0.));
#9618=DIRECTION('',(0.,1.,0.));
#9619=DIRECTION('',(1.,0.,0.));
#9620=DIRECTION('',(0.,1.,0.));
#9621=DIRECTION('',(1.,0.,0.));
#9622=DIRECTION('',(0.,-1.,0.));
#9623=DIRECTION('',(-1.,0.,0.));
#9624=DIRECTION('',(0.,1.,0.));
#9625=DIRECTION('',(1.,0.,0.));
#9626=DIRECTION('',(0.,1.,0.));
#9627=DIRECTION('',(1.,0.,0.));
#9628=DIRECTION('',(0.,1.,0.));
#9629=DIRECTION('',(1.,0.,0.));
#9630=DIRECTION('',(0.,-1.,0.));
#9631=DIRECTION('',(-1.,0.,0.));
#9632=DIRECTION('',(0.,-1.,0.));
#9633=DIRECTION('',(-1.,0.,0.));
#9634=DIRECTION('',(0.,1.,0.));
#9635=DIRECTION('',(1.,0.,0.));
#9636=DIRECTION('',(0.,1.,0.));
#9637=DIRECTION('',(1.,0.,0.));
#9638=DIRECTION('',(0.,1.,0.));
#9639=DIRECTION('',(1.,0.,0.));
#9640=DIRECTION('',(0.,1.,0.));
#9641=DIRECTION('',(1.,0.,0.));
#9642=DIRECTION('',(0.,1.,0.));
#9643=DIRECTION('',(1.,0.,0.));
#9644=DIRECTION('',(0.,-1.,0.));
#9645=DIRECTION('',(-1.,0.,0.));
#9646=DIRECTION('',(1.,0.,-4.5766137104781E-15));
#9647=DIRECTION('',(-4.5766137104781E-15,0.,-1.));
#9648=DIRECTION('',(0.,1.,0.));
#9649=DIRECTION('',(0.,1.,0.));
#9650=DIRECTION('',(-4.5766137104781E-15,0.,-1.));
#9651=DIRECTION('',(-0.565935627081816,0.,-0.824449432045115));
#9652=DIRECTION('',(-0.824449432045115,0.,0.565935627081816));
#9653=DIRECTION('',(0.,1.,0.));
#9654=DIRECTION('',(-0.824449432045115,0.,0.565935627081816));
#9655=DIRECTION('',(0.,0.,1.));
#9656=DIRECTION('',(0.,-1.,0.));
#9657=DIRECTION('',(0.,1.,0.));
#9658=DIRECTION('',(1.,0.,0.));
#9659=DIRECTION('',(-0.565935627081816,0.,-0.824449432045114));
#9660=DIRECTION('',(-0.824449432045114,0.,0.565935627081816));
#9661=DIRECTION('',(-0.824449432045114,0.,0.565935627081816));
#9662=DIRECTION('',(1.,0.,0.));
#9663=DIRECTION('',(0.,-1.,0.));
#9664=DIRECTION('',(0.,1.,0.));
#9665=DIRECTION('',(0.,1.,0.));
#9666=DIRECTION('',(0.,0.,-1.));
#9667=DIRECTION('',(-0.565935627081816,0.,-0.824449432045114));
#9668=DIRECTION('',(-0.824449432045114,0.,0.565935627081816));
#9669=DIRECTION('',(0.,1.,0.));
#9670=DIRECTION('',(-0.824449432045114,0.,0.565935627081816));
#9671=DIRECTION('',(0.,0.,1.));
#9672=DIRECTION('',(0.,-1.,0.));
#9673=DIRECTION('',(0.,1.,0.));
#9674=DIRECTION('',(1.,0.,0.));
#9675=DIRECTION('',(-0.565935627081814,0.,-0.824449432045116));
#9676=DIRECTION('',(-0.824449432045116,0.,0.565935627081814));
#9677=DIRECTION('',(-0.824449432045116,0.,0.565935627081814));
#9678=DIRECTION('',(1.,0.,0.));
#9679=DIRECTION('',(0.,-1.,0.));
#9680=DIRECTION('',(0.,1.,0.));
#9681=DIRECTION('',(0.,1.,0.));
#9682=DIRECTION('',(0.,0.,-1.));
#9683=DIRECTION('',(-0.565935627081816,0.,-0.824449432045115));
#9684=DIRECTION('',(-0.824449432045115,0.,0.565935627081816));
#9685=DIRECTION('',(0.,1.,0.));
#9686=DIRECTION('',(-0.824449432045115,0.,0.565935627081816));
#9687=DIRECTION('',(0.,0.,1.));
#9688=DIRECTION('',(0.,-1.,0.));
#9689=DIRECTION('',(0.,1.,0.));
#9690=DIRECTION('',(1.,0.,0.));
#9691=DIRECTION('',(-0.565935627081815,0.,-0.824449432045115));
#9692=DIRECTION('',(-0.824449432045115,0.,0.565935627081815));
#9693=DIRECTION('',(-0.824449432045115,0.,0.565935627081816));
#9694=DIRECTION('',(1.,0.,0.));
#9695=DIRECTION('',(0.,-1.,0.));
#9696=DIRECTION('',(0.,1.,0.));
#9697=DIRECTION('',(0.,0.,-1.));
#9698=DIRECTION('',(0.,1.,0.));
#9699=DIRECTION('',(0.,0.,1.));
#9700=DIRECTION('',(0.,-1.,0.));
#9701=DIRECTION('',(0.,1.,0.));
#9702=DIRECTION('',(1.,0.,0.));
#9703=DIRECTION('',(-0.565935627081815,0.,-0.824449432045115));
#9704=DIRECTION('',(-0.824449432045115,0.,0.565935627081815));
#9705=DIRECTION('',(-0.824449432045115,0.,0.565935627081815));
#9706=DIRECTION('',(1.,0.,0.));
#9707=DIRECTION('',(0.,-1.,0.));
#9708=DIRECTION('',(0.,1.,0.));
#9709=DIRECTION('',(0.,1.,0.));
#9710=DIRECTION('',(0.,0.,-1.));
#9711=DIRECTION('',(0.,0.,1.));
#9712=DIRECTION('',(0.,-1.,0.));
#9713=DIRECTION('',(0.,1.,0.));
#9714=DIRECTION('',(1.,0.,0.));
#9715=DIRECTION('',(0.565935627081816,0.,0.824449432045115));
#9716=DIRECTION('',(0.824449432045115,0.,-0.565935627081816));
#9717=DIRECTION('',(0.824449432045115,0.,-0.565935627081816));
#9718=DIRECTION('',(0.565935627081816,0.,0.824449432045114));
#9719=DIRECTION('',(0.824449432045114,0.,-0.565935627081816));
#9720=DIRECTION('',(0.,1.,0.));
#9721=DIRECTION('',(0.824449432045114,0.,-0.565935627081816));
#9722=DIRECTION('',(0.,1.,0.));
#9723=DIRECTION('',(0.,0.,1.));
#9724=DIRECTION('',(0.,-1.,0.));
#9725=DIRECTION('',(0.,1.,0.));
#9726=DIRECTION('',(1.,0.,0.));
#9727=DIRECTION('',(-0.565935627081815,0.,-0.824449432045115));
#9728=DIRECTION('',(-0.824449432045115,0.,0.565935627081815));
#9729=DIRECTION('',(0.,1.,0.));
#9730=DIRECTION('',(-0.824449432045115,0.,0.565935627081815));
#9731=DIRECTION('',(1.,0.,0.));
#9732=DIRECTION('',(0.,-1.,0.));
#9733=DIRECTION('',(0.,0.,-1.));
#9734=DIRECTION('',(0.565935627081815,0.,0.824449432045115));
#9735=DIRECTION('',(0.824449432045115,0.,-0.565935627081815));
#9736=DIRECTION('',(0.,1.,0.));
#9737=DIRECTION('',(0.824449432045115,0.,-0.565935627081815));
#9738=DIRECTION('',(0.,1.,0.));
#9739=DIRECTION('',(0.,0.,1.));
#9740=DIRECTION('',(0.,-1.,0.));
#9741=DIRECTION('',(0.,1.,0.));
#9742=DIRECTION('',(1.,0.,0.));
#9743=DIRECTION('',(-0.565935627081814,0.,-0.824449432045116));
#9744=DIRECTION('',(-0.824449432045116,0.,0.565935627081814));
#9745=DIRECTION('',(0.,1.,0.));
#9746=DIRECTION('',(-0.824449432045116,0.,0.565935627081814));
#9747=DIRECTION('',(1.,0.,0.));
#9748=DIRECTION('',(0.,-1.,0.));
#9749=DIRECTION('',(0.,0.,-1.));
#9750=DIRECTION('',(0.565935627081815,0.,0.824449432045115));
#9751=DIRECTION('',(0.824449432045115,0.,-0.565935627081815));
#9752=DIRECTION('',(0.,1.,0.));
#9753=DIRECTION('',(0.824449432045115,0.,-0.565935627081816));
#9754=DIRECTION('',(0.,1.,0.));
#9755=DIRECTION('',(0.,0.,1.));
#9756=DIRECTION('',(0.,-1.,0.));
#9757=DIRECTION('',(0.,1.,0.));
#9758=DIRECTION('',(1.,0.,0.));
#9759=DIRECTION('',(-0.565935627081814,0.,-0.824449432045116));
#9760=DIRECTION('',(-0.824449432045116,0.,0.565935627081814));
#9761=DIRECTION('',(0.,1.,0.));
#9762=DIRECTION('',(-0.824449432045116,0.,0.565935627081814));
#9763=DIRECTION('',(1.,0.,0.));
#9764=DIRECTION('',(0.,-1.,0.));
#9765=DIRECTION('',(0.,0.,-1.));
#9766=DIRECTION('',(0.565935627081814,0.,0.824449432045116));
#9767=DIRECTION('',(0.824449432045116,0.,-0.565935627081814));
#9768=DIRECTION('',(0.,1.,0.));
#9769=DIRECTION('',(0.824449432045116,0.,-0.565935627081814));
#9770=DIRECTION('',(0.,1.,0.));
#9771=DIRECTION('',(0.,0.,1.));
#9772=DIRECTION('',(0.,-1.,0.));
#9773=DIRECTION('',(0.,1.,0.));
#9774=DIRECTION('',(1.,0.,0.));
#9775=DIRECTION('',(-0.565935627081815,0.,-0.824449432045115));
#9776=DIRECTION('',(-0.824449432045115,0.,0.565935627081815));
#9777=DIRECTION('',(0.,1.,0.));
#9778=DIRECTION('',(-0.824449432045115,0.,0.565935627081815));
#9779=DIRECTION('',(1.,0.,0.));
#9780=DIRECTION('',(0.,-1.,0.));
#9781=DIRECTION('',(0.,0.,-1.));
#9782=DIRECTION('',(0.565935627081815,0.,0.824449432045115));
#9783=DIRECTION('',(0.824449432045115,0.,-0.565935627081815));
#9784=DIRECTION('',(0.,1.,0.));
#9785=DIRECTION('',(0.824449432045115,0.,-0.565935627081815));
#9786=DIRECTION('',(0.,1.,0.));
#9787=DIRECTION('',(0.,0.,1.));
#9788=DIRECTION('',(0.,-1.,0.));
#9789=DIRECTION('',(0.,1.,0.));
#9790=DIRECTION('',(1.,0.,0.));
#9791=DIRECTION('',(-0.565935627081815,0.,-0.824449432045115));
#9792=DIRECTION('',(-0.824449432045115,0.,0.565935627081815));
#9793=DIRECTION('',(0.,1.,0.));
#9794=DIRECTION('',(-0.824449432045115,0.,0.565935627081815));
#9795=DIRECTION('',(1.,0.,0.));
#9796=DIRECTION('',(0.,-1.,0.));
#9797=DIRECTION('',(0.,0.,-1.));
#9798=DIRECTION('',(0.,0.,1.));
#9799=DIRECTION('',(0.,-1.,0.));
#9800=DIRECTION('',(0.,1.,0.));
#9801=DIRECTION('',(0.,1.,0.));
#9802=DIRECTION('',(1.,0.,0.));
#9803=DIRECTION('',(0.565935627081816,0.,0.824449432045115));
#9804=DIRECTION('',(0.824449432045115,0.,-0.565935627081816));
#9805=DIRECTION('',(0.,1.,0.));
#9806=DIRECTION('',(0.824449432045115,0.,-0.565935627081816));
#9807=DIRECTION('',(1.,0.,0.));
#9808=DIRECTION('',(0.,-1.,0.));
#9809=DIRECTION('',(0.,1.,0.));
#9810=DIRECTION('',(0.,0.,-1.));
#9811=DIRECTION('',(-0.565935627081816,0.,-0.824449432045115));
#9812=DIRECTION('',(-0.824449432045115,0.,0.565935627081816));
#9813=DIRECTION('',(-0.824449432045115,0.,0.565935627081816));
#9814=DIRECTION('',(-1.,0.,0.));
#9815=DIRECTION('',(0.,1.,0.));
#9816=DIRECTION('',(0.,1.,0.));
#9817=DIRECTION('',(0.,0.,1.));
#9818=DIRECTION('',(0.,1.,0.));
#9819=DIRECTION('',(-0.565935627081815,0.,-0.824449432045115));
#9820=DIRECTION('',(-0.824449432045115,0.,0.565935627081815));
#9821=DIRECTION('',(0.,1.,0.));
#9822=DIRECTION('',(-0.824449432045115,0.,0.565935627081815));
#9823=DIRECTION('',(0.,0.,1.));
#9824=DIRECTION('',(0.,-1.,0.));
#9825=DIRECTION('',(0.,1.,0.));
#9826=DIRECTION('',(1.,0.,0.));
#9827=DIRECTION('',(0.565935627081816,0.,0.824449432045114));
#9828=DIRECTION('',(0.824449432045114,0.,-0.565935627081816));
#9829=DIRECTION('',(0.824449432045114,0.,-0.565935627081816));
#9830=DIRECTION('',(1.,0.,0.));
#9831=DIRECTION('',(0.,-1.,0.));
#9832=DIRECTION('',(0.,1.,0.));
#9833=DIRECTION('',(0.,1.,0.));
#9834=DIRECTION('',(0.,0.,-1.));
#9835=DIRECTION('',(-0.565935627081816,0.,-0.824449432045115));
#9836=DIRECTION('',(-0.824449432045115,0.,0.565935627081816));
#9837=DIRECTION('',(0.,1.,0.));
#9838=DIRECTION('',(-0.824449432045115,0.,0.565935627081816));
#9839=DIRECTION('',(0.,0.,1.));
#9840=DIRECTION('',(0.,-1.,0.));
#9841=DIRECTION('',(0.,1.,0.));
#9842=DIRECTION('',(1.,0.,0.));
#9843=DIRECTION('',(0.565935627081815,0.,0.824449432045115));
#9844=DIRECTION('',(0.824449432045115,0.,-0.565935627081815));
#9845=DIRECTION('',(0.824449432045115,0.,-0.565935627081816));
#9846=DIRECTION('',(0.,0.,1.));
#9847=DIRECTION('',(0.,-1.,0.));
#9848=DIRECTION('',(0.,1.,0.));
#9849=DIRECTION('',(1.,0.,0.));
#9850=DIRECTION('',(0.,1.,0.));
#9851=DIRECTION('',(0.565935627081816,0.,0.824449432045114));
#9852=DIRECTION('',(0.824449432045114,0.,-0.565935627081816));
#9853=DIRECTION('',(0.,1.,0.));
#9854=DIRECTION('',(0.824449432045114,0.,-0.565935627081816));
#9855=DIRECTION('',(1.,0.,0.));
#9856=DIRECTION('',(0.,-1.,0.));
#9857=DIRECTION('',(0.,1.,0.));
#9858=DIRECTION('',(0.,0.,-1.));
#9859=DIRECTION('',(0.565935627081816,0.,0.824449432045115));
#9860=DIRECTION('',(0.824449432045115,0.,-0.565935627081816));
#9861=DIRECTION('',(0.824449432045114,0.,-0.565935627081816));
#9862=DIRECTION('',(0.,-1.,0.));
#9863=DIRECTION('',(-1.,0.,0.));
#9864=DIRECTION('',(0.,-1.,0.));
#9865=DIRECTION('',(-1.,0.,0.));
#9866=DIRECTION('',(0.,-1.,0.));
#9867=DIRECTION('',(-1.,0.,0.));
#9868=DIRECTION('',(0.,-1.,0.));
#9869=DIRECTION('',(-1.,0.,0.));
#9870=DIRECTION('',(0.,-1.,0.));
#9871=DIRECTION('',(-1.,0.,0.));
#9872=DIRECTION('',(0.,-1.,0.));
#9873=DIRECTION('',(-1.,0.,0.));
#9874=DIRECTION('',(0.,-1.,0.));
#9875=DIRECTION('',(-1.,0.,0.));
#9876=DIRECTION('',(0.,-1.,0.));
#9877=DIRECTION('',(-1.,0.,0.));
#9878=DIRECTION('',(0.,-1.,0.));
#9879=DIRECTION('',(-1.,0.,0.));
#9880=DIRECTION('',(0.,-1.,0.));
#9881=DIRECTION('',(-1.,0.,0.));
#9882=DIRECTION('',(0.,-1.,0.));
#9883=DIRECTION('',(-1.,0.,0.));
#9884=DIRECTION('',(0.,-1.,0.));
#9885=DIRECTION('',(-1.,0.,0.));
#9886=DIRECTION('',(0.,-1.,0.));
#9887=DIRECTION('',(-1.,0.,0.));
#9888=DIRECTION('',(0.,-1.,0.));
#9889=DIRECTION('',(-1.,0.,0.));
#9890=DIRECTION('',(0.,0.,1.));
#9891=DIRECTION('',(0.,-1.,0.));
#9892=CARTESIAN_POINT('',(0.,0.,0.));
#9893=CARTESIAN_POINT('',(0.0530038941800594,0.0875,-0.006998));
#9894=CARTESIAN_POINT('',(0.1035,0.0875,-0.098));
#9895=CARTESIAN_POINT('',(0.068,0.0875,-0.098));
#9896=CARTESIAN_POINT('',(0.139,0.0875,-0.098));
#9897=CARTESIAN_POINT('',(0.068,0.0875,-0.006998));
#9898=CARTESIAN_POINT('',(0.068,0.0875,-0.101));
#9899=CARTESIAN_POINT('',(0.139002,0.0875,-0.101));
#9900=CARTESIAN_POINT('',(0.139,0.0875,-0.101));
#9901=CARTESIAN_POINT('',(0.139,0.0875,-0.006998));
#9902=CARTESIAN_POINT('',(0.1035,0.,-0.0545));
#9903=CARTESIAN_POINT('',(0.1675,0.,-0.049));
#9904=CARTESIAN_POINT('',(0.1675,0.,-0.005));
#9905=CARTESIAN_POINT('',(0.1675,0.,-0.007));
#9906=CARTESIAN_POINT('',(0.0530038941800594,0.,-0.007));
#9907=CARTESIAN_POINT('',(0.0395,0.,-0.007));
#9908=CARTESIAN_POINT('',(0.0395,0.,-0.049));
#9909=CARTESIAN_POINT('',(0.0395,0.,-0.005));
#9910=CARTESIAN_POINT('',(0.0395,0.,-0.005));
#9911=CARTESIAN_POINT('',(0.0345,0.,0.));
#9912=CARTESIAN_POINT('',(0.01975,0.,0.));
#9913=CARTESIAN_POINT('',(0.01,0.,0.));
#9914=CARTESIAN_POINT('',(0.01,0.,-0.01));
#9915=CARTESIAN_POINT('',(0.,0.,-0.01));
#9916=CARTESIAN_POINT('',(0.,0.,-0.0545));
#9917=CARTESIAN_POINT('',(0.,0.,-0.099));
#9918=CARTESIAN_POINT('',(0.01,0.,-0.099));
#9919=CARTESIAN_POINT('',(0.01,0.,-0.109));
#9920=CARTESIAN_POINT('',(0.034,0.,-0.109));
#9921=CARTESIAN_POINT('',(0.0479722436226801,0.,-0.109));
#9922=CARTESIAN_POINT('',(0.0479722436226801,0.,-0.119));
#9923=CARTESIAN_POINT('',(0.0535192455849324,0.,-0.110679497056622));
#9924=CARTESIAN_POINT('',(0.0585,0.,-0.114));
#9925=CARTESIAN_POINT('',(0.0634807544150677,0.,-0.117320502943378));
#9926=CARTESIAN_POINT('',(0.06902775637732,0.,-0.109));
#9927=CARTESIAN_POINT('',(0.06902775637732,0.,-0.119));
#9928=CARTESIAN_POINT('',(0.1035,0.,-0.119));
#9929=CARTESIAN_POINT('',(0.13797224362268,0.,-0.119));
#9930=CARTESIAN_POINT('',(0.13797224362268,0.,-0.109));
#9931=CARTESIAN_POINT('',(0.143519245584932,0.,-0.117320502943378));
#9932=CARTESIAN_POINT('',(0.1485,0.,-0.114));
#9933=CARTESIAN_POINT('',(0.153480754415068,0.,-0.110679497056622));
#9934=CARTESIAN_POINT('',(0.15902775637732,0.,-0.119));
#9935=CARTESIAN_POINT('',(0.15902775637732,0.,-0.109));
#9936=CARTESIAN_POINT('',(0.034,0.,-0.109));
#9937=CARTESIAN_POINT('',(0.197,0.,-0.109));
#9938=CARTESIAN_POINT('',(0.197,0.,-0.099));
#9939=CARTESIAN_POINT('',(0.207,0.,-0.099));
#9940=CARTESIAN_POINT('',(0.207,0.,-0.0545));
#9941=CARTESIAN_POINT('',(0.207,0.,-0.01));
#9942=CARTESIAN_POINT('',(0.197,0.,-0.01));
#9943=CARTESIAN_POINT('',(0.197,0.,0.));
#9944=CARTESIAN_POINT('',(0.18725,0.,0.));
#9945=CARTESIAN_POINT('',(0.1725,0.,0.));
#9946=CARTESIAN_POINT('',(0.1725,0.,0.));
#9947=CARTESIAN_POINT('',(0.0462119061442359,0.,-0.084423677890296));
#9948=CARTESIAN_POINT('',(0.0115987107387122,0.,-0.0181576261599841));
#9949=CARTESIAN_POINT('',(0.0256136324952211,0.,-0.0449888250490902));
#9950=CARTESIAN_POINT('',(0.012485078243491,0.,-0.0176946438207182));
#9951=CARTESIAN_POINT('',(0.012042291771992,0.,-0.0167980167295273));
#9952=CARTESIAN_POINT('',(0.0085,0.,-0.009625));
#9953=CARTESIAN_POINT('',(0.0164504639199993,0.,-0.0105138888888889));
#9954=CARTESIAN_POINT('',(0.0174442719099992,0.,-0.010625));
#9955=CARTESIAN_POINT('',(0.0174442719099992,0.,-0.009625));
#9956=CARTESIAN_POINT('',(0.1035,0.,-0.009625));
#9957=CARTESIAN_POINT('',(0.0265,0.,-0.009625));
#9958=CARTESIAN_POINT('',(0.0265,0.,-0.010625));
#9959=CARTESIAN_POINT('',(0.0275,0.,-0.010625));
#9960=CARTESIAN_POINT('',(0.0275,0.,-0.0545));
#9961=CARTESIAN_POINT('',(0.0275,0.,-0.0445258427098243));
#9962=CARTESIAN_POINT('',(0.0265,0.,-0.0445258427098243));
#9963=CARTESIAN_POINT('',(0.1985,0.,-0.009625));
#9964=CARTESIAN_POINT('',(0.194957708228008,0.,-0.0167980167295273));
#9965=CARTESIAN_POINT('',(0.19054953608,0.,-0.0105138888888889));
#9966=CARTESIAN_POINT('',(0.194514921756509,0.,-0.0176946438207182));
#9967=CARTESIAN_POINT('',(0.195401289261288,0.,-0.0181576261599841));
#9968=CARTESIAN_POINT('',(0.160788093855764,0.,-0.084423677890296));
#9969=CARTESIAN_POINT('',(0.181386367504779,0.,-0.0449888250490902));
#9970=CARTESIAN_POINT('',(0.1805,0.,-0.0445258427098243));
#9971=CARTESIAN_POINT('',(0.1795,0.,-0.0445258427098243));
#9972=CARTESIAN_POINT('',(0.1795,0.,-0.0545));
#9973=CARTESIAN_POINT('',(0.1795,0.,-0.010625));
#9974=CARTESIAN_POINT('',(0.1805,0.,-0.010625));
#9975=CARTESIAN_POINT('',(0.1805,0.,-0.009625));
#9976=CARTESIAN_POINT('',(0.1035,0.,-0.009625));
#9977=CARTESIAN_POINT('',(0.189555728090001,0.,-0.009625));
#9978=CARTESIAN_POINT('',(0.189555728090001,0.,-0.010625));
#9979=CARTESIAN_POINT('',(0.1985,0.,-0.099375));
#9980=CARTESIAN_POINT('',(0.2015,0.,-0.099375));
#9981=CARTESIAN_POINT('',(0.0085,0.,-0.009625));
#9982=CARTESIAN_POINT('',(0.0115,0.,-0.009625));
#9983=CARTESIAN_POINT('',(0.0085,0.,-0.099375));
#9984=CARTESIAN_POINT('',(0.0115,0.,-0.099375));
#9985=CARTESIAN_POINT('',(0.1985,0.,-0.009625));
#9986=CARTESIAN_POINT('',(0.2015,0.,-0.009625));
#9987=CARTESIAN_POINT('',(0.0085,0.,-0.099375));
#9988=CARTESIAN_POINT('',(0.012042291771992,0.,-0.0922019832704727));
#9989=CARTESIAN_POINT('',(0.0164504639199993,0.,-0.0984861111111111));
#9990=CARTESIAN_POINT('',(0.012485078243491,0.,-0.0913053561792818));
#9991=CARTESIAN_POINT('',(0.0115987107387121,0.,-0.0908423738400159));
#9992=CARTESIAN_POINT('',(0.0462119061442359,0.,-0.024576322109704));
#9993=CARTESIAN_POINT('',(0.0256136324952211,0.,-0.0640111749509098));
#9994=CARTESIAN_POINT('',(0.0265,0.,-0.0644741572901758));
#9995=CARTESIAN_POINT('',(0.0275,0.,-0.0644741572901758));
#9996=CARTESIAN_POINT('',(0.0275,0.,-0.0545));
#9997=CARTESIAN_POINT('',(0.0275,0.,-0.098375));
#9998=CARTESIAN_POINT('',(0.0265,0.,-0.098375));
#9999=CARTESIAN_POINT('',(0.0265,0.,-0.099375));
#10000=CARTESIAN_POINT('',(0.1035,0.,-0.099375));
#10001=CARTESIAN_POINT('',(0.0174442719099992,0.,-0.099375));
#10002=CARTESIAN_POINT('',(0.0174442719099992,0.,-0.098375));
#10003=CARTESIAN_POINT('',(0.160788093855764,0.,-0.024576322109704));
#10004=CARTESIAN_POINT('',(0.195401289261288,0.,-0.0908423738400159));
#10005=CARTESIAN_POINT('',(0.181386367504779,0.,-0.0640111749509098));
#10006=CARTESIAN_POINT('',(0.194514921756509,0.,-0.0913053561792818));
#10007=CARTESIAN_POINT('',(0.194957708228008,0.,-0.0922019832704727));
#10008=CARTESIAN_POINT('',(0.1985,0.,-0.099375));
#10009=CARTESIAN_POINT('',(0.19054953608,0.,-0.0984861111111111));
#10010=CARTESIAN_POINT('',(0.189555728090001,0.,-0.098375));
#10011=CARTESIAN_POINT('',(0.189555728090001,0.,-0.099375));
#10012=CARTESIAN_POINT('',(0.1035,0.,-0.099375));
#10013=CARTESIAN_POINT('',(0.1805,0.,-0.099375));
#10014=CARTESIAN_POINT('',(0.1805,0.,-0.098375));
#10015=CARTESIAN_POINT('',(0.1795,0.,-0.098375));
#10016=CARTESIAN_POINT('',(0.1795,0.,-0.0545));
#10017=CARTESIAN_POINT('',(0.1795,0.,-0.0644741572901757));
#10018=CARTESIAN_POINT('',(0.1805,0.,-0.0644741572901757));
#10019=CARTESIAN_POINT('',(0.1985,0.,-0.0545));
#10020=CARTESIAN_POINT('',(0.1985,0.,-0.0819008427098242));
#10021=CARTESIAN_POINT('',(0.1985,0.,-0.0270991572901758));
#10022=CARTESIAN_POINT('',(0.1975,0.,-0.0819008427098242));
#10023=CARTESIAN_POINT('',(0.196613632495221,0.,-0.0823638250490902));
#10024=CARTESIAN_POINT('',(0.165219931379659,0.,-0.0222614104133744));
#10025=CARTESIAN_POINT('',(0.182301164825485,0.,-0.0549629823392659));
#10026=CARTESIAN_POINT('',(0.183187532330263,0.,-0.0545));
#10027=CARTESIAN_POINT('',(0.182301164825485,0.,-0.0540370176607341));
#10028=CARTESIAN_POINT('',(0.165219931379659,0.,-0.0867385895866256));
#10029=CARTESIAN_POINT('',(0.196613632495221,0.,-0.0266361749509098));
#10030=CARTESIAN_POINT('',(0.1975,0.,-0.0270991572901758));
#10031=CARTESIAN_POINT('',(0.0417800686203417,0.,-0.0222614104133744));
#10032=CARTESIAN_POINT('',(0.0103863675047788,0.,-0.0823638250490901));
#10033=CARTESIAN_POINT('',(0.0246988351745152,0.,-0.0549629823392659));
#10034=CARTESIAN_POINT('',(0.0095,0.,-0.0819008427098242));
#10035=CARTESIAN_POINT('',(0.0085,0.,-0.0819008427098242));
#10036=CARTESIAN_POINT('',(0.0085,0.,-0.0545));
#10037=CARTESIAN_POINT('',(0.0085,0.,-0.0270991572901758));
#10038=CARTESIAN_POINT('',(0.0095,0.,-0.0270991572901758));
#10039=CARTESIAN_POINT('',(0.0103863675047788,0.,-0.0266361749509098));
#10040=CARTESIAN_POINT('',(0.0417800686203417,0.,-0.0867385895866256));
#10041=CARTESIAN_POINT('',(0.0246988351745152,0.,-0.0540370176607341));
#10042=CARTESIAN_POINT('',(0.0238124676697364,0.,-0.0545));
#10043=CARTESIAN_POINT('',(0.123854599733031,0.,-0.075569205247353));
#10044=CARTESIAN_POINT('',(0.14924760937269,0.,-0.093));
#10045=CARTESIAN_POINT('',(0.0445,0.,-0.0210969800068826));
#10046=CARTESIAN_POINT('',(0.0445,0.,-0.0180646533379217));
#10047=CARTESIAN_POINT('',(0.0445,0.,-0.0150323266689608));
#10048=CARTESIAN_POINT('',(0.101291268228782,0.,-0.0540161633344804));
#10049=CARTESIAN_POINT('',(0.158082536457563,0.,-0.093));
#10050=CARTESIAN_POINT('',(0.153665072915127,0.,-0.093));
#10051=CARTESIAN_POINT('',(0.145026132075488,0.,-0.0294556728828744));
#10052=CARTESIAN_POINT('',(0.1625,0.,-0.0414504466276662));
#10053=CARTESIAN_POINT('',(0.119596880221424,0.,-0.012));
#10054=CARTESIAN_POINT('',(0.124014343763861,0.,-0.012));
#10055=CARTESIAN_POINT('',(0.128431807306298,0.,-0.012));
#10056=CARTESIAN_POINT('',(0.138143808758598,0.,-0.0186667128613244));
#10057=CARTESIAN_POINT('',(0.1625,0.,-0.0353857932897445));
#10058=CARTESIAN_POINT('',(0.1625,0.,-0.0384181199587054));
#10059=CARTESIAN_POINT('',(0.105708731771218,0.,-0.0509838366655196));
#10060=CARTESIAN_POINT('',(0.1625,0.,-0.0899676733310392));
#10061=CARTESIAN_POINT('',(0.0489174635424367,0.,-0.012));
#10062=CARTESIAN_POINT('',(0.0533349270848734,0.,-0.012));
#10063=CARTESIAN_POINT('',(0.0577523906273101,0.,-0.012));
#10064=CARTESIAN_POINT('',(0.0827484539152119,0.,-0.0291583146298308));
#10065=CARTESIAN_POINT('',(0.1625,0.,-0.0839030199931175));
#10066=CARTESIAN_POINT('',(0.1625,0.,-0.0869353466620784));
#10067=CARTESIAN_POINT('',(0.106077664355777,0.,-0.0209138203093797));
#10068=CARTESIAN_POINT('',(0.0930920989668041,0.,-0.012));
#10069=CARTESIAN_POINT('',(0.1625,0.,-0.0596444066414311));
#10070=CARTESIAN_POINT('',(0.1625,0.,-0.0626767333103919));
#10071=CARTESIAN_POINT('',(0.1625,0.,-0.0657090599793527));
#10072=CARTESIAN_POINT('',(0.13936677580467,0.,-0.0498294738791688));
#10073=CARTESIAN_POINT('',(0.0842571718819306,0.,-0.012));
#10074=CARTESIAN_POINT('',(0.0886746354243673,0.,-0.012));
#10075=CARTESIAN_POINT('',(0.0445,0.,-0.030193960013765));
#10076=CARTESIAN_POINT('',(0.0445,0.,-0.0332262866827258));
#10077=CARTESIAN_POINT('',(0.0445,0.,-0.0271616333448042));
#10078=CARTESIAN_POINT('',(0.0700659559789817,0.,-0.0447111454998679));
#10079=CARTESIAN_POINT('',(0.140412682287816,0.,-0.093));
#10080=CARTESIAN_POINT('',(0.13599521874538,0.,-0.093));
#10081=CARTESIAN_POINT('',(0.131577755202943,0.,-0.093));
#10082=CARTESIAN_POINT('',(0.112189994512749,0.,-0.0796914524075786));
#10083=CARTESIAN_POINT('',(0.0445,0.,-0.0423232666896083));
#10084=CARTESIAN_POINT('',(0.0445,0.,-0.0453555933585691));
#10085=CARTESIAN_POINT('',(0.0445,0.,-0.0392909400206475));
#10086=CARTESIAN_POINT('',(0.0672362778435727,0.,-0.0548980459980151));
#10087=CARTESIAN_POINT('',(0.122742828118069,0.,-0.093));
#10088=CARTESIAN_POINT('',(0.118325364575633,0.,-0.093));
#10089=CARTESIAN_POINT('',(0.113907901033196,0.,-0.093));
#10090=CARTESIAN_POINT('',(0.100525389292466,0.,-0.0838136995678042));
#10091=CARTESIAN_POINT('',(0.0445,0.,-0.0544525733654515));
#10092=CARTESIAN_POINT('',(0.0445,0.,-0.0574849000344124));
#10093=CARTESIAN_POINT('',(0.0445,0.,-0.0514202466964908));
#10094=CARTESIAN_POINT('',(0.0644065997081636,0.,-0.0650849464961623));
#10095=CARTESIAN_POINT('',(0.105072973948322,0.,-0.093));
#10096=CARTESIAN_POINT('',(0.100655510405886,0.,-0.093));
#10097=CARTESIAN_POINT('',(0.0962380468634488,0.,-0.093));
#10098=CARTESIAN_POINT('',(0.0888607840721835,0.,-0.0879359467280297));
#10099=CARTESIAN_POINT('',(0.0445,0.,-0.0665818800412948));
#10100=CARTESIAN_POINT('',(0.0445,0.,-0.0696142067102556));
#10101=CARTESIAN_POINT('',(0.0445,0.,-0.063549553372334));
#10102=CARTESIAN_POINT('',(0.0615769215727545,0.,-0.0752718469943095));
#10103=CARTESIAN_POINT('',(0.0874031197785753,0.,-0.093));
#10104=CARTESIAN_POINT('',(0.0829856562361386,0.,-0.093));
#10105=CARTESIAN_POINT('',(0.0785681926937018,0.,-0.093));
#10106=CARTESIAN_POINT('',(0.0771961788519009,0.,-0.0920581938882553));
#10107=CARTESIAN_POINT('',(0.0445,0.,-0.0787111867171381));
#10108=CARTESIAN_POINT('',(0.0445,0.,-0.0817435133860989));
#10109=CARTESIAN_POINT('',(0.0445,0.,-0.0756788600481772));
#10110=CARTESIAN_POINT('',(0.0509162021848204,0.,-0.080083202225893));
#10111=CARTESIAN_POINT('',(0.0697332656088283,0.,-0.093));
#10112=CARTESIAN_POINT('',(0.0653158020663915,0.,-0.093));
#10113=CARTESIAN_POINT('',(0.0608983385239548,0.,-0.093));
#10114=CARTESIAN_POINT('',(0.0577005323790933,0.,-0.0908048957819171));
#10115=CARTESIAN_POINT('',(0.159422422308563,0.,-0.0150792587589758));
#10116=CARTESIAN_POINT('',(0.1625,0.,-0.0171918332759796));
#10117=CARTESIAN_POINT('',(0.154936588560918,0.,-0.012));
#10118=CARTESIAN_POINT('',(0.158718294280459,0.,-0.012));
#10119=CARTESIAN_POINT('',(0.1625,0.,-0.012));
#10120=CARTESIAN_POINT('',(0.1625,0.,-0.0145959166379898));
#10121=CARTESIAN_POINT('',(0.0480865240494114,0.,-0.0902701027240402));
#10122=CARTESIAN_POINT('',(0.0445,0.,-0.0878081667240205));
#10123=CARTESIAN_POINT('',(0.0520634114390813,0.,-0.093));
#10124=CARTESIAN_POINT('',(0.0482817057195406,0.,-0.093));
#10125=CARTESIAN_POINT('',(0.0445,0.,-0.093));
#10126=CARTESIAN_POINT('',(0.0445,0.,-0.0904040833620103));
#10127=CARTESIAN_POINT('',(0.0710047812546203,0.,-0.012));
#10128=CARTESIAN_POINT('',(0.0754222447970571,0.,-0.012));
#10129=CARTESIAN_POINT('',(0.0665873177121836,0.,-0.012));
#10130=CARTESIAN_POINT('',(0.0944130591354944,0.,-0.0250360674696052));
#10131=CARTESIAN_POINT('',(0.1625,0.,-0.0717737133172743));
#10132=CARTESIAN_POINT('',(0.1625,0.,-0.0748060399862351));
#10133=CARTESIAN_POINT('',(0.1625,0.,-0.0778383666551959));
#10134=CARTESIAN_POINT('',(0.0885807565253531,0.,-0.027097191049718));
#10135=CARTESIAN_POINT('',(0.106344489594114,0.,-0.012));
#10136=CARTESIAN_POINT('',(0.110761953136551,0.,-0.012));
#10137=CARTESIAN_POINT('',(0.101927026051677,0.,-0.012));
#10138=CARTESIAN_POINT('',(0.11774226957606,0.,-0.0167915731491541));
#10139=CARTESIAN_POINT('',(0.1625,0.,-0.0475150999655878));
#10140=CARTESIAN_POINT('',(0.1625,0.,-0.0505474266345486));
#10141=CARTESIAN_POINT('',(0.1625,0.,-0.0535797533035094));
#10142=CARTESIAN_POINT('',(0.111909966965918,0.,-0.0188526967292669));
#10143=CARTESIAN_POINT('',(0.141684197933608,0.,-0.012));
#10144=CARTESIAN_POINT('',(0.146101661476045,0.,-0.012));
#10145=CARTESIAN_POINT('',(0.137266734391172,0.,-0.012));
#10146=CARTESIAN_POINT('',(0.14980841397888,0.,-0.0145444657010988));
#10147=CARTESIAN_POINT('',(0.1625,0.,-0.0232564866139013));
#10148=CARTESIAN_POINT('',(0.1625,0.,-0.0262888132828621));
#10149=CARTESIAN_POINT('',(0.1625,0.,-0.0293211399518229));
#10150=CARTESIAN_POINT('',(0.143976111368739,0.,-0.0166055892812116));
#10151=CARTESIAN_POINT('',(0.1035,0.003,-0.0545));
#10152=CARTESIAN_POINT('',(0.1985,0.003,-0.099375));
#10153=CARTESIAN_POINT('',(0.194957708228008,0.003,-0.0922019832704727));
#10154=CARTESIAN_POINT('',(0.19054953608,0.003,-0.0984861111111111));
#10155=CARTESIAN_POINT('',(0.194514921756509,0.003,-0.0913053561792818));
#10156=CARTESIAN_POINT('',(0.195401289261288,0.003,-0.0908423738400159));
#10157=CARTESIAN_POINT('',(0.187702689745091,0.003,-0.0761036076609812));
#10158=CARTESIAN_POINT('',(0.181386367504779,0.003,-0.0640111749509098));
#10159=CARTESIAN_POINT('',(0.1805,0.003,-0.0644741572901757));
#10160=CARTESIAN_POINT('',(0.1795,0.003,-0.0644741572901757));
#10161=CARTESIAN_POINT('',(0.1795,0.003,-0.0798873870021304));
#10162=CARTESIAN_POINT('',(0.1795,0.003,-0.098375));
#10163=CARTESIAN_POINT('',(0.1805,0.003,-0.098375));
#10164=CARTESIAN_POINT('',(0.1805,0.003,-0.099375));
#10165=CARTESIAN_POINT('',(0.185,0.003,-0.099375));
#10166=CARTESIAN_POINT('',(0.189555728090001,0.003,-0.099375));
#10167=CARTESIAN_POINT('',(0.189555728090001,0.003,-0.098375));
#10168=CARTESIAN_POINT('',(0.1485,0.003,-0.114));
#10169=CARTESIAN_POINT('',(0.153480754415068,0.003,-0.110679497056622));
#10170=CARTESIAN_POINT('',(0.143519245584932,0.003,-0.117320502943378));
#10171=CARTESIAN_POINT('',(0.13797224362268,0.003,-0.109));
#10172=CARTESIAN_POINT('',(0.13797224362268,0.003,-0.119));
#10173=CARTESIAN_POINT('',(0.1035,0.003,-0.119));
#10174=CARTESIAN_POINT('',(0.06902775637732,0.003,-0.119));
#10175=CARTESIAN_POINT('',(0.06902775637732,0.003,-0.109));
#10176=CARTESIAN_POINT('',(0.0634807544150677,0.003,-0.117320502943378));
#10177=CARTESIAN_POINT('',(0.0585,0.003,-0.114));
#10178=CARTESIAN_POINT('',(0.0535192455849324,0.003,-0.110679497056622));
#10179=CARTESIAN_POINT('',(0.0479722436226801,0.003,-0.119));
#10180=CARTESIAN_POINT('',(0.0479722436226801,0.003,-0.109));
#10181=CARTESIAN_POINT('',(0.034,0.003,-0.109));
#10182=CARTESIAN_POINT('',(0.01,0.003,-0.109));
#10183=CARTESIAN_POINT('',(0.01,0.003,-0.099));
#10184=CARTESIAN_POINT('',(0.,0.003,-0.099));
#10185=CARTESIAN_POINT('',(0.,0.003,-0.0545));
#10186=CARTESIAN_POINT('',(0.,0.003,-0.01));
#10187=CARTESIAN_POINT('',(0.01,0.003,-0.01));
#10188=CARTESIAN_POINT('',(0.01,0.003,0.));
#10189=CARTESIAN_POINT('',(0.01975,0.003,0.));
#10190=CARTESIAN_POINT('',(0.0345,0.003,0.));
#10191=CARTESIAN_POINT('',(0.09625,0.003,-0.06175));
#10192=CARTESIAN_POINT('',(0.0395,0.003,-0.005));
#10193=CARTESIAN_POINT('',(0.0365,0.003,-0.005));
#10194=CARTESIAN_POINT('',(0.0365,0.003,-0.005));
#10195=CARTESIAN_POINT('',(0.0365,0.003,-0.009));
#10196=CARTESIAN_POINT('',(0.0325,0.003,-0.009));
#10197=CARTESIAN_POINT('',(0.0325,0.003,-0.101));
#10198=CARTESIAN_POINT('',(0.0325,0.003,-0.101));
#10199=CARTESIAN_POINT('',(0.0365,0.003,-0.101));
#10200=CARTESIAN_POINT('',(0.0365,0.003,-0.105));
#10201=CARTESIAN_POINT('',(0.066,0.003,-0.105));
#10202=CARTESIAN_POINT('',(0.066,0.003,-0.105));
#10203=CARTESIAN_POINT('',(0.066,0.003,-0.101));
#10204=CARTESIAN_POINT('',(0.07,0.003,-0.101));
#10205=CARTESIAN_POINT('',(0.07,0.003,-0.0545));
#10206=CARTESIAN_POINT('',(0.07,0.003,-0.098));
#10207=CARTESIAN_POINT('',(0.0535,0.003,-0.098));
#10208=CARTESIAN_POINT('',(0.137,0.003,-0.098));
#10209=CARTESIAN_POINT('',(0.137,0.003,-0.0545));
#10210=CARTESIAN_POINT('',(0.137,0.003,-0.101));
#10211=CARTESIAN_POINT('',(0.141,0.003,-0.101));
#10212=CARTESIAN_POINT('',(0.141,0.003,-0.105));
#10213=CARTESIAN_POINT('',(0.1035,0.003,-0.105));
#10214=CARTESIAN_POINT('',(0.1705,0.003,-0.105));
#10215=CARTESIAN_POINT('',(0.1705,0.003,-0.101));
#10216=CARTESIAN_POINT('',(0.1745,0.003,-0.101));
#10217=CARTESIAN_POINT('',(0.1745,0.003,-0.009));
#10218=CARTESIAN_POINT('',(0.1745,0.003,-0.009));
#10219=CARTESIAN_POINT('',(0.1705,0.003,-0.009));
#10220=CARTESIAN_POINT('',(0.1705,0.003,-0.005));
#10221=CARTESIAN_POINT('',(0.1675,0.003,-0.005));
#10222=CARTESIAN_POINT('',(0.1675,0.003,-0.005));
#10223=CARTESIAN_POINT('',(0.11075,0.003,-0.06175));
#10224=CARTESIAN_POINT('',(0.1725,0.003,0.));
#10225=CARTESIAN_POINT('',(0.18725,0.003,0.));
#10226=CARTESIAN_POINT('',(0.197,0.003,0.));
#10227=CARTESIAN_POINT('',(0.197,0.003,-0.01));
#10228=CARTESIAN_POINT('',(0.207,0.003,-0.01));
#10229=CARTESIAN_POINT('',(0.207,0.003,-0.0545));
#10230=CARTESIAN_POINT('',(0.207,0.003,-0.099));
#10231=CARTESIAN_POINT('',(0.197,0.003,-0.099));
#10232=CARTESIAN_POINT('',(0.197,0.003,-0.109));
#10233=CARTESIAN_POINT('',(0.034,0.003,-0.109));
#10234=CARTESIAN_POINT('',(0.15902775637732,0.003,-0.109));
#10235=CARTESIAN_POINT('',(0.15902775637732,0.003,-0.119));
#10236=CARTESIAN_POINT('',(0.0085,0.003,-0.099375));
#10237=CARTESIAN_POINT('',(0.0115,0.003,-0.099375));
#10238=CARTESIAN_POINT('',(0.0085,0.003,-0.009625));
#10239=CARTESIAN_POINT('',(0.0115,0.003,-0.009625));
#10240=CARTESIAN_POINT('',(0.1985,0.003,-0.099375));
#10241=CARTESIAN_POINT('',(0.2015,0.003,-0.099375));
#10242=CARTESIAN_POINT('',(0.1985,0.003,-0.009625));
#10243=CARTESIAN_POINT('',(0.2015,0.003,-0.009625));
#10244=CARTESIAN_POINT('',(0.019297310254909,0.003,-0.0761036076609812));
#10245=CARTESIAN_POINT('',(0.0115987107387122,0.003,-0.0908423738400159));
#10246=CARTESIAN_POINT('',(0.0256136324952211,0.003,-0.0640111749509098));
#10247=CARTESIAN_POINT('',(0.012485078243491,0.003,-0.0913053561792818));
#10248=CARTESIAN_POINT('',(0.012042291771992,0.003,-0.0922019832704727));
#10249=CARTESIAN_POINT('',(0.0085,0.003,-0.099375));
#10250=CARTESIAN_POINT('',(0.0164504639199993,0.003,-0.0984861111111111));
#10251=CARTESIAN_POINT('',(0.0174442719099992,0.003,-0.098375));
#10252=CARTESIAN_POINT('',(0.0174442719099992,0.003,-0.099375));
#10253=CARTESIAN_POINT('',(0.022,0.003,-0.099375));
#10254=CARTESIAN_POINT('',(0.0265,0.003,-0.099375));
#10255=CARTESIAN_POINT('',(0.0265,0.003,-0.098375));
#10256=CARTESIAN_POINT('',(0.0275,0.003,-0.098375));
#10257=CARTESIAN_POINT('',(0.0275,0.003,-0.0798873870021304));
#10258=CARTESIAN_POINT('',(0.0275,0.003,-0.0644741572901758));
#10259=CARTESIAN_POINT('',(0.0265,0.003,-0.0644741572901758));
#10260=CARTESIAN_POINT('',(0.187702689745091,0.003,-0.0328963923390189));
#10261=CARTESIAN_POINT('',(0.195401289261288,0.003,-0.0181576261599842));
#10262=CARTESIAN_POINT('',(0.181386367504779,0.003,-0.0449888250490902));
#10263=CARTESIAN_POINT('',(0.194514921756509,0.003,-0.0176946438207182));
#10264=CARTESIAN_POINT('',(0.194957708228008,0.003,-0.0167980167295273));
#10265=CARTESIAN_POINT('',(0.1985,0.003,-0.009625));
#10266=CARTESIAN_POINT('',(0.19054953608,0.003,-0.0105138888888889));
#10267=CARTESIAN_POINT('',(0.189555728090001,0.003,-0.010625));
#10268=CARTESIAN_POINT('',(0.189555728090001,0.003,-0.009625));
#10269=CARTESIAN_POINT('',(0.185,0.003,-0.009625));
#10270=CARTESIAN_POINT('',(0.1805,0.003,-0.009625));
#10271=CARTESIAN_POINT('',(0.1805,0.003,-0.010625));
#10272=CARTESIAN_POINT('',(0.1795,0.003,-0.010625));
#10273=CARTESIAN_POINT('',(0.1795,0.003,-0.0291126129978696));
#10274=CARTESIAN_POINT('',(0.1795,0.003,-0.0445258427098243));
#10275=CARTESIAN_POINT('',(0.1805,0.003,-0.0445258427098243));
#10276=CARTESIAN_POINT('',(0.190279666062968,0.003,-0.0702376129978695));
#10277=CARTESIAN_POINT('',(0.196613632495221,0.003,-0.0823638250490902));
#10278=CARTESIAN_POINT('',(0.182301164825485,0.003,-0.0549629823392659));
#10279=CARTESIAN_POINT('',(0.1975,0.003,-0.0819008427098242));
#10280=CARTESIAN_POINT('',(0.1985,0.003,-0.0819008427098242));
#10281=CARTESIAN_POINT('',(0.1985,0.003,-0.0545));
#10282=CARTESIAN_POINT('',(0.1985,0.003,-0.0270991572901758));
#10283=CARTESIAN_POINT('',(0.1975,0.003,-0.0270991572901758));
#10284=CARTESIAN_POINT('',(0.196613632495221,0.003,-0.0266361749509098));
#10285=CARTESIAN_POINT('',(0.190279666062968,0.003,-0.0387623870021305));
#10286=CARTESIAN_POINT('',(0.182301164825485,0.003,-0.0540370176607341));
#10287=CARTESIAN_POINT('',(0.183187532330263,0.003,-0.0545));
#10288=CARTESIAN_POINT('',(0.0085,0.003,-0.009625));
#10289=CARTESIAN_POINT('',(0.012042291771992,0.003,-0.0167980167295273));
#10290=CARTESIAN_POINT('',(0.0164504639199993,0.003,-0.0105138888888889));
#10291=CARTESIAN_POINT('',(0.012485078243491,0.003,-0.0176946438207182));
#10292=CARTESIAN_POINT('',(0.0115987107387122,0.003,-0.0181576261599842));
#10293=CARTESIAN_POINT('',(0.019297310254909,0.003,-0.0328963923390189));
#10294=CARTESIAN_POINT('',(0.0256136324952211,0.003,-0.0449888250490902));
#10295=CARTESIAN_POINT('',(0.0265,0.003,-0.0445258427098243));
#10296=CARTESIAN_POINT('',(0.0275,0.003,-0.0445258427098243));
#10297=CARTESIAN_POINT('',(0.0275,0.003,-0.0291126129978696));
#10298=CARTESIAN_POINT('',(0.0275,0.003,-0.010625));
#10299=CARTESIAN_POINT('',(0.0265,0.003,-0.010625));
#10300=CARTESIAN_POINT('',(0.0265,0.003,-0.009625));
#10301=CARTESIAN_POINT('',(0.022,0.003,-0.009625));
#10302=CARTESIAN_POINT('',(0.0174442719099992,0.003,-0.009625));
#10303=CARTESIAN_POINT('',(0.0174442719099992,0.003,-0.010625));
#10304=CARTESIAN_POINT('',(0.0085,0.003,-0.0545));
#10305=CARTESIAN_POINT('',(0.0085,0.003,-0.0819008427098242));
#10306=CARTESIAN_POINT('',(0.0085,0.003,-0.0270991572901758));
#10307=CARTESIAN_POINT('',(0.0095,0.003,-0.0819008427098242));
#10308=CARTESIAN_POINT('',(0.0103863675047789,0.003,-0.0823638250490901));
#10309=CARTESIAN_POINT('',(0.0167203339370315,0.003,-0.0702376129978695));
#10310=CARTESIAN_POINT('',(0.0246988351745152,0.003,-0.0549629823392659));
#10311=CARTESIAN_POINT('',(0.0238124676697364,0.003,-0.0545));
#10312=CARTESIAN_POINT('',(0.0246988351745152,0.003,-0.0540370176607341));
#10313=CARTESIAN_POINT('',(0.0167203339370315,0.003,-0.0387623870021305));
#10314=CARTESIAN_POINT('',(0.0103863675047789,0.003,-0.0266361749509099));
#10315=CARTESIAN_POINT('',(0.0095,0.003,-0.0270991572901758));
#10316=CARTESIAN_POINT('',(0.139,0.1055,-0.1005));
#10317=CARTESIAN_POINT('',(0.139,0.0905,-0.054));
#10318=CARTESIAN_POINT('',(0.139,0.0905,-0.098));
#10319=CARTESIAN_POINT('',(0.139,0.0905,-0.101));
#10320=CARTESIAN_POINT('',(0.139,0.1055,-0.098));
#10321=CARTESIAN_POINT('',(0.139,0.1035,-0.098));
#10322=CARTESIAN_POINT('',(0.139,0.1035,-0.096));
#10323=CARTESIAN_POINT('',(0.139,0.1055,-0.096));
#10324=CARTESIAN_POINT('',(0.139,0.1055,-0.098));
#10325=CARTESIAN_POINT('',(0.139,0.1055,-0.095));
#10326=CARTESIAN_POINT('',(0.139,0.1055,-0.095));
#10327=CARTESIAN_POINT('',(0.139,0.1095,-0.095));
#10328=CARTESIAN_POINT('',(0.139,0.1095,-0.098));
#10329=CARTESIAN_POINT('',(0.139,0.1095,-0.101));
#10330=CARTESIAN_POINT('',(0.139,0.1055,-0.101));
#10331=CARTESIAN_POINT('',(0.068,0.1055,-0.1005));
#10332=CARTESIAN_POINT('',(0.068,0.1055,-0.098));
#10333=CARTESIAN_POINT('',(0.068,0.005,-0.098));
#10334=CARTESIAN_POINT('',(0.068,0.005,-0.1005));
#10335=CARTESIAN_POINT('',(0.068,0.005,-0.101));
#10336=CARTESIAN_POINT('',(0.068,0.1095,-0.101));
#10337=CARTESIAN_POINT('',(0.0535,0.003,-0.098));
#10338=CARTESIAN_POINT('',(0.0415,0.003,-0.098));
#10339=CARTESIAN_POINT('',(0.0415,0.093,-0.098));
#10340=CARTESIAN_POINT('',(0.0415,0.0905,-0.098));
#10341=CARTESIAN_POINT('',(0.0529613588154316,0.0905,-0.098));
#10342=CARTESIAN_POINT('',(0.068,0.0905,-0.098));
#10343=CARTESIAN_POINT('',(0.068,0.1055,-0.098));
#10344=CARTESIAN_POINT('',(0.068,0.1035,-0.098));
#10345=CARTESIAN_POINT('',(0.0535,0.1035,-0.098));
#10346=CARTESIAN_POINT('',(0.0465,0.1035,-0.098));
#10347=CARTESIAN_POINT('',(0.0465,0.003,-0.098));
#10348=CARTESIAN_POINT('',(0.0465,0.095,-0.098));
#10349=CARTESIAN_POINT('',(0.0436715728752539,0.095,-0.098));
#10350=CARTESIAN_POINT('',(0.0436715728752539,0.093,-0.098));
#10351=CARTESIAN_POINT('',(0.043,0.093,-0.098));
#10352=CARTESIAN_POINT('',(0.0395,0.003,-0.049));
#10353=CARTESIAN_POINT('',(0.0395,0.1055,-0.007));
#10354=CARTESIAN_POINT('',(0.0395,0.1035,-0.007));
#10355=CARTESIAN_POINT('',(0.0395,0.0905,-0.007));
#10356=CARTESIAN_POINT('',(0.0395,0.0905,-0.049));
#10357=CARTESIAN_POINT('',(0.0395,0.0905,-0.096));
#10358=CARTESIAN_POINT('',(0.0395,0.003,-0.096));
#10359=CARTESIAN_POINT('',(0.0395,0.093,-0.096));
#10360=CARTESIAN_POINT('',(0.0395,0.093,-0.0945));
#10361=CARTESIAN_POINT('',(0.0395,0.093,-0.0938284271247461));
#10362=CARTESIAN_POINT('',(0.0395,0.095,-0.0938284271247462));
#10363=CARTESIAN_POINT('',(0.0395,0.095,-0.091));
#10364=CARTESIAN_POINT('',(0.0395,0.003,-0.091));
#10365=CARTESIAN_POINT('',(0.0395,0.1035,-0.091));
#10366=CARTESIAN_POINT('',(0.0395,0.1035,-0.007));
#10367=CARTESIAN_POINT('',(0.1675,0.003,-0.049));
#10368=CARTESIAN_POINT('',(0.1675,0.,-0.096));
#10369=CARTESIAN_POINT('',(0.1675,0.1035,-0.096));
#10370=CARTESIAN_POINT('',(0.1675,0.0905,-0.096));
#10371=CARTESIAN_POINT('',(0.1675,0.0905,-0.049));
#10372=CARTESIAN_POINT('',(0.1675,0.0905,-0.007));
#10373=CARTESIAN_POINT('',(0.1675,0.1055,-0.007));
#10374=CARTESIAN_POINT('',(0.1675,0.1035,-0.007));
#10375=CARTESIAN_POINT('',(0.1675,0.1035,-0.049));
#10376=CARTESIAN_POINT('',(0.1675,0.003,-0.049));
#10377=CARTESIAN_POINT('',(0.1675,-2.000000000002E-6,-0.007));
#10378=CARTESIAN_POINT('',(0.1675,0.005,-0.007));
#10379=CARTESIAN_POINT('',(0.1675,0.003,-0.005));
#10380=CARTESIAN_POINT('',(0.1675,0.005,-0.005));
#10381=CARTESIAN_POINT('',(0.0415,0.003,-0.096));
#10382=CARTESIAN_POINT('',(0.0415,0.0905,-0.096));
#10383=CARTESIAN_POINT('',(0.0415,0.093,-0.096));
#10384=CARTESIAN_POINT('',(0.1655,0.003,-0.096));
#10385=CARTESIAN_POINT('',(0.1655,0.0905,-0.096));
#10386=CARTESIAN_POINT('',(0.1655,0.0905,-0.098));
#10387=CARTESIAN_POINT('',(0.1655,0.1035,-0.096));
#10388=CARTESIAN_POINT('',(0.1655,0.1035,-0.098));
#10389=CARTESIAN_POINT('',(0.1655,0.1055,-0.098));
#10390=CARTESIAN_POINT('',(0.034,0.003,-0.109));
#10391=CARTESIAN_POINT('',(0.15902775637732,0.003,-0.109));
#10392=CARTESIAN_POINT('',(0.197,0.,-0.109));
#10393=CARTESIAN_POINT('',(0.1035,0.1095,-0.055));
#10394=CARTESIAN_POINT('',(0.0424844401041667,0.1095,-0.0625639431423609));
#10395=CARTESIAN_POINT('',(0.0431426649305556,0.1095,-0.0619360243055553));
#10396=CARTESIAN_POINT('',(0.0431426649305556,0.1095,-0.0608088541666664));
#10397=CARTESIAN_POINT('',(0.0424844401041667,0.1095,-0.0625639431423609));
#10398=CARTESIAN_POINT('',(0.0431426649305556,0.1095,-0.0608088541666664));
#10399=CARTESIAN_POINT('',(0.0431426649305556,0.1095,-0.0608088541666664));
#10400=CARTESIAN_POINT('',(0.0431426649305556,0.1095,-0.0596093749999998));
#10401=CARTESIAN_POINT('',(0.0424594509548612,0.1095,-0.0589713541666664));
#10402=CARTESIAN_POINT('',(0.0424594509548612,0.1095,-0.0589713541666664));
#10403=CARTESIAN_POINT('',(0.0424594509548612,0.1095,-0.0589713541666664));
#10404=CARTESIAN_POINT('',(0.0417762369791667,0.1095,-0.0583333333333331));
#10405=CARTESIAN_POINT('',(0.0404874348958333,0.1095,-0.0583333333333331));
#10406=CARTESIAN_POINT('',(0.0404874348958333,0.1095,-0.0583333333333331));
#10407=CARTESIAN_POINT('',(0.0397994357638889,0.1095,-0.0583333333333331));
#10408=CARTESIAN_POINT('',(0.0391114366319444,0.1095,-0.0583333333333331));
#10409=CARTESIAN_POINT('',(0.0391114366319444,0.1095,-0.0607625976562498));
#10410=CARTESIAN_POINT('',(0.0391114366319444,0.1095,-0.0631918619791665));
#10411=CARTESIAN_POINT('',(0.0398738715277778,0.1095,-0.0631918619791665));
#10412=CARTESIAN_POINT('',(0.0406363064236112,0.1095,-0.0631918619791665));
#10413=CARTESIAN_POINT('',(0.0406363064236112,0.1095,-0.0631918619791665));
#10414=CARTESIAN_POINT('',(0.0418262152777778,0.1095,-0.0631918619791665));
#10415=CARTESIAN_POINT('',(0.0424844401041667,0.1095,-0.0625639431423609));
#10416=CARTESIAN_POINT('',(0.0652587873587913,0.1095,-0.0949724146268664));
#10417=CARTESIAN_POINT('',(0.0652547739980772,0.1095,-0.0955655525045449));
#10418=CARTESIAN_POINT('',(0.0652628007195054,0.1095,-0.094379276749188));
#10419=CARTESIAN_POINT('',(0.062932564088134,0.1095,-0.0943635096223482));
#10420=CARTESIAN_POINT('',(0.0606023274567626,0.1095,-0.0943477424955084));
#10421=CARTESIAN_POINT('',(0.0605990101401576,0.1095,-0.0948380114423717));
#10422=CARTESIAN_POINT('',(0.0605956928235526,0.1095,-0.0953282803892351));
#10423=CARTESIAN_POINT('',(0.0614267846570453,0.1095,-0.0961795105552478));
#10424=CARTESIAN_POINT('',(0.062257876490538,0.1095,-0.0970307407212606));
#10425=CARTESIAN_POINT('',(0.062257876490538,0.1095,-0.0970307407212606));
#10426=CARTESIAN_POINT('',(0.0629968810251585,0.1095,-0.0977974437621273));
#10427=CARTESIAN_POINT('',(0.0632225164906787,0.1095,-0.0980929993995777));
#10428=CARTESIAN_POINT('',(0.0632225164906787,0.1095,-0.0980929993995777));
#10429=CARTESIAN_POINT('',(0.0632225164906787,0.1095,-0.0980929993995777));
#10430=CARTESIAN_POINT('',(0.0634481519561989,0.1095,-0.0983885550370282));
#10431=CARTESIAN_POINT('',(0.0635471340361915,0.1095,-0.0986402072802015));
#10432=CARTESIAN_POINT('',(0.0635471340361915,0.1095,-0.0986402072802015));
#10433=CARTESIAN_POINT('',(0.0622622498869456,0.1095,-0.0991495468897082));
#10434=CARTESIAN_POINT('',(0.0636442962727545,0.1095,-0.0991603401120047));
#10435=CARTESIAN_POINT('',(0.0636442994904242,0.1095,-0.0991603401371334));
#10436=CARTESIAN_POINT('',(0.0636415844247504,0.1095,-0.0995616019240007));
#10437=CARTESIAN_POINT('',(0.063418468177707,0.1095,-0.099756354725278));
#10438=CARTESIAN_POINT('',(0.063418468177707,0.1095,-0.099756354725278));
#10439=CARTESIAN_POINT('',(0.063418468177707,0.1095,-0.099756354725278));
#10440=CARTESIAN_POINT('',(0.0631953519306635,0.1095,-0.0999511075265552));
#10441=CARTESIAN_POINT('',(0.0628261910867456,0.1095,-0.0999486096661354));
#10442=CARTESIAN_POINT('',(0.0628261910867456,0.1095,-0.0999486096661354));
#10443=CARTESIAN_POINT('',(0.0628437342580495,0.1095,-0.0982551576414749));
#10444=CARTESIAN_POINT('',(0.0620759416968384,0.1095,-0.0997655107686089));
#10445=CARTESIAN_POINT('',(0.0620759416968384,0.1095,-0.0997655107686089));
#10446=CARTESIAN_POINT('',(0.0617123627560942,0.1095,-0.0995850282070953));
#10447=CARTESIAN_POINT('',(0.0613176997879076,0.1095,-0.0992540376619738));
#10448=CARTESIAN_POINT('',(0.0613176997879076,0.1095,-0.0992540376619738));
#10449=CARTESIAN_POINT('',(0.0609316066807178,0.1095,-0.0997052366109788));
#10450=CARTESIAN_POINT('',(0.0605455135735279,0.1095,-0.100156435559984));
#10451=CARTESIAN_POINT('',(0.0605455135735279,0.1095,-0.100156435559984));
#10452=CARTESIAN_POINT('',(0.0610343982399288,0.1095,-0.100579993275438));
#10453=CARTESIAN_POINT('',(0.0613571559904823,0.1095,-0.100755092425705));
#10454=CARTESIAN_POINT('',(0.0613571559904823,0.1095,-0.100755092425705));
#10455=CARTESIAN_POINT('',(0.0627782708998694,0.1095,-0.0981045915291591));
#10456=CARTESIAN_POINT('',(0.0620622454111296,0.1095,-0.101026422907409));
#10457=CARTESIAN_POINT('',(0.062899265471147,0.1095,-0.0974869830086482));
#10458=CARTESIAN_POINT('',(0.0629189137062395,0.1095,-0.101125352719759));
#10459=CARTESIAN_POINT('',(0.0629189137062395,0.1095,-0.101125352719759));
#10460=CARTESIAN_POINT('',(0.0635434229599821,0.1095,-0.101129578349244));
#10461=CARTESIAN_POINT('',(0.0640235590193915,0.1095,-0.100905191813934));
#10462=CARTESIAN_POINT('',(0.0640235590193915,0.1095,-0.100905191813934));
#10463=CARTESIAN_POINT('',(0.0640235590193915,0.1095,-0.100905191813934));
#10464=CARTESIAN_POINT('',(0.0645036950788009,0.1095,-0.100680805278624));
#10465=CARTESIAN_POINT('',(0.0647713070980866,0.1095,-0.100271851065593));
#10466=CARTESIAN_POINT('',(0.0647713070980866,0.1095,-0.100271851065593));
#10467=CARTESIAN_POINT('',(0.0647713070980866,0.1095,-0.100271851065593));
#10468=CARTESIAN_POINT('',(0.0650389191173724,0.1095,-0.0998628968525628));
#10469=CARTESIAN_POINT('',(0.0650424931310956,0.1095,-0.0993346904276683));
#10470=CARTESIAN_POINT('',(0.0650424931310956,0.1095,-0.0993346904276683));
#10471=CARTESIAN_POINT('',(0.0627438755770386,0.1095,-0.099300034169264));
#10472=CARTESIAN_POINT('',(0.0648863790149844,0.1095,-0.098469057769455));
#10473=CARTESIAN_POINT('',(0.0648863790149844,0.1095,-0.098469057769455));
#10474=CARTESIAN_POINT('',(0.0647271450415899,0.1095,-0.0980645113826964));
#10475=CARTESIAN_POINT('',(0.0643900349697285,0.1095,-0.0976383326212893));
#10476=CARTESIAN_POINT('',(0.0643900349697285,0.1095,-0.0976383326212893));
#10477=CARTESIAN_POINT('',(0.0643900349697285,0.1095,-0.0976383326212893));
#10478=CARTESIAN_POINT('',(0.0640529248978672,0.1095,-0.0972121538598823));
#10479=CARTESIAN_POINT('',(0.0632017250303812,0.1095,-0.0964213444603001));
#10480=CARTESIAN_POINT('',(0.0632017250303812,0.1095,-0.0964213444603001));
#10481=CARTESIAN_POINT('',(0.0627754695769986,0.1095,-0.0960149913207477));
#10482=CARTESIAN_POINT('',(0.062349214123616,0.1095,-0.0956086381811954));
#10483=CARTESIAN_POINT('',(0.0623494263923869,0.1095,-0.0955772668051312));
#10484=CARTESIAN_POINT('',(0.0623496386611577,0.1095,-0.0955458954290671));
#10485=CARTESIAN_POINT('',(0.0638022063296175,0.1095,-0.095555723966806));
#10486=CARTESIAN_POINT('',(0.0538808895257096,0.1095,-0.0976358068067458));
#10487=CARTESIAN_POINT('',(0.0538583347346855,0.1095,-0.100969197905286));
#10488=CARTESIAN_POINT('',(0.0539034443167338,0.1095,-0.0943024157082061));
#10489=CARTESIAN_POINT('',(0.0531986827056177,0.1095,-0.0942976470655864));
#10490=CARTESIAN_POINT('',(0.0524939210945016,0.1095,-0.0942928784229668));
#10491=CARTESIAN_POINT('',(0.0524808690333355,0.1095,-0.0962218532674708));
#10492=CARTESIAN_POINT('',(0.0524678169721695,0.1095,-0.0981508281119748));
#10493=CARTESIAN_POINT('',(0.0524729702073809,0.1095,-0.0984675095049879));
#10494=CARTESIAN_POINT('',(0.0524781234425923,0.1095,-0.0987841908980009));
#10495=CARTESIAN_POINT('',(0.052486722116425,0.1095,-0.0991308092157229));
#10496=CARTESIAN_POINT('',(0.0524953207902577,0.1095,-0.0994774275334449));
#10497=CARTESIAN_POINT('',(0.0524953207902577,0.1095,-0.0994774275334449));
#10498=CARTESIAN_POINT('',(0.052147498197216,0.1095,-0.0991248659166817));
#10499=CARTESIAN_POINT('',(0.0520110800952523,0.1095,-0.0990145028250876));
#10500=CARTESIAN_POINT('',(0.0520110800952523,0.1095,-0.0990145028250876));
#10501=CARTESIAN_POINT('',(0.0516301406763596,0.1095,-0.0987040339459299));
#10502=CARTESIAN_POINT('',(0.0512492012574668,0.1095,-0.0983935650667723));
#10503=CARTESIAN_POINT('',(0.0509063549923093,0.1095,-0.0988151430259831));
#10504=CARTESIAN_POINT('',(0.0505635087271518,0.1095,-0.0992367209851939));
#10505=CARTESIAN_POINT('',(0.0516316456240593,0.1095,-0.100099039877703));
#10506=CARTESIAN_POINT('',(0.0526997825209667,0.1095,-0.100961358770213));
#10507=CARTESIAN_POINT('',(0.0532790586278261,0.1095,-0.100965278337749));
#10508=CARTESIAN_POINT('',(0.0411617033120127,0.1095,-0.0700247511894662));
#10509=CARTESIAN_POINT('',(0.0417166286328433,0.1095,-0.0715630646363575));
#10510=CARTESIAN_POINT('',(0.0411754340277778,0.1095,-0.0716594618055554));
#10511=CARTESIAN_POINT('',(0.0411754340277778,0.1095,-0.0716594618055554));
#10512=CARTESIAN_POINT('',(0.0405937717013889,0.1095,-0.0716594618055554));
#10513=CARTESIAN_POINT('',(0.0402747612847223,0.1095,-0.0712224175347221));
#10514=CARTESIAN_POINT('',(0.0402747612847223,0.1095,-0.0712224175347221));
#10515=CARTESIAN_POINT('',(0.0402747612847223,0.1095,-0.0712224175347221));
#10516=CARTESIAN_POINT('',(0.0399557508680555,0.1095,-0.0707853732638887));
#10517=CARTESIAN_POINT('',(0.0399557508680555,0.1095,-0.070004861111111));
#10518=CARTESIAN_POINT('',(0.0399557508680555,0.1095,-0.070004861111111));
#10519=CARTESIAN_POINT('',(0.0399557508680555,0.1095,-0.070004861111111));
#10520=CARTESIAN_POINT('',(0.0399557508680555,0.1095,-0.0683800347222221));
#10521=CARTESIAN_POINT('',(0.0411754340277778,0.1095,-0.0683800347222221));
#10522=CARTESIAN_POINT('',(0.0411754340277778,0.1095,-0.0683800347222221));
#10523=CARTESIAN_POINT('',(0.0411754340277778,0.1095,-0.0683800347222221));
#10524=CARTESIAN_POINT('',(0.0416869140625,0.1095,-0.0683800347222221));
#10525=CARTESIAN_POINT('',(0.0424142578125001,0.1095,-0.0686352430555554));
#10526=CARTESIAN_POINT('',(0.0424142578125001,0.1095,-0.0686352430555554));
#10527=CARTESIAN_POINT('',(0.0424142578125001,0.1095,-0.0682035156249998));
#10528=CARTESIAN_POINT('',(0.0424142578125001,0.1095,-0.0677717881944443));
#10529=CARTESIAN_POINT('',(0.0424142578125001,0.1095,-0.0677717881944443));
#10530=CARTESIAN_POINT('',(0.0418166449652778,0.1095,-0.0675218967013887));
#10531=CARTESIAN_POINT('',(0.0410786675347223,0.1095,-0.0675218967013887));
#10532=CARTESIAN_POINT('',(0.0410786675347223,0.1095,-0.0675218967013887));
#10533=CARTESIAN_POINT('',(0.0410786675347223,0.1095,-0.0675218967013887));
#10534=CARTESIAN_POINT('',(0.0400184895833333,0.1095,-0.0675218967013887));
#10535=CARTESIAN_POINT('',(0.03945703125,0.1095,-0.0681652343749998));
#10536=CARTESIAN_POINT('',(0.03945703125,0.1095,-0.0681652343749998));
#10537=CARTESIAN_POINT('',(0.03945703125,0.1095,-0.0681652343749998));
#10538=CARTESIAN_POINT('',(0.0388955729166666,0.1095,-0.068808572048611));
#10539=CARTESIAN_POINT('',(0.0388955729166666,0.1095,-0.0700112413194443));
#10540=CARTESIAN_POINT('',(0.0388955729166666,0.1095,-0.0700112413194443));
#10541=CARTESIAN_POINT('',(0.0388955729166666,0.1095,-0.0700112413194443));
#10542=CARTESIAN_POINT('',(0.0388955729166666,0.1095,-0.0707694227430554));
#10543=CARTESIAN_POINT('',(0.0391715169270834,0.1095,-0.0713393880208332));
#10544=CARTESIAN_POINT('',(0.0391715169270834,0.1095,-0.0713393880208332));
#10545=CARTESIAN_POINT('',(0.0391715169270834,0.1095,-0.0713393880208332));
#10546=CARTESIAN_POINT('',(0.0394474609375,0.1095,-0.071909353298611));
#10547=CARTESIAN_POINT('',(0.0399642578125,0.1095,-0.0722129448784721));
#10548=CARTESIAN_POINT('',(0.0399642578125,0.1095,-0.0722129448784721));
#10549=CARTESIAN_POINT('',(0.0399642578125,0.1095,-0.0722129448784721));
#10550=CARTESIAN_POINT('',(0.0404810546875,0.1095,-0.0725165364583332));
#10551=CARTESIAN_POINT('',(0.0411754340277778,0.1095,-0.0725165364583332));
#10552=CARTESIAN_POINT('',(0.0411754340277778,0.1095,-0.0725165364583332));
#10553=CARTESIAN_POINT('',(0.0411754340277778,0.1095,-0.0725165364583332));
#10554=CARTESIAN_POINT('',(0.0418825737847223,0.1095,-0.0725165364583332));
#10555=CARTESIAN_POINT('',(0.0425971571180556,0.1095,-0.0721751953124999));
#10556=CARTESIAN_POINT('',(0.0425971571180556,0.1095,-0.0721751953124999));
#10557=CARTESIAN_POINT('',(0.042431271701389,0.1095,-0.071756228298611));
#10558=CARTESIAN_POINT('',(0.0422653680131921,0.1095,-0.071337215137396));
#10559=CARTESIAN_POINT('',(0.0398821750755795,0.1095,-0.0663318320270472));
#10560=CARTESIAN_POINT('',(0.05775,0.1095,-0.093));
#10561=CARTESIAN_POINT('',(0.066,0.1095,-0.093));
#10562=CARTESIAN_POINT('',(0.0495,0.1095,-0.093));
#10563=CARTESIAN_POINT('',(0.066,0.1095,-0.095));
#10564=CARTESIAN_POINT('',(0.068,0.1095,-0.095));
#10565=CARTESIAN_POINT('',(0.068,0.1095,-0.1005));
#10566=CARTESIAN_POINT('',(0.068,0.1095,-0.101));
#10567=CARTESIAN_POINT('',(0.066,0.1095,-0.101));
#10568=CARTESIAN_POINT('',(0.066,0.1095,-0.103));
#10569=CARTESIAN_POINT('',(0.05125,0.1095,-0.103));
#10570=CARTESIAN_POINT('',(0.0365,0.1095,-0.103));
#10571=CARTESIAN_POINT('',(0.0365,0.1095,-0.101));
#10572=CARTESIAN_POINT('',(0.0345,0.1095,-0.101));
#10573=CARTESIAN_POINT('',(0.0345,0.1095,-0.02925));
#10574=CARTESIAN_POINT('',(0.0345,0.1095,-0.009));
#10575=CARTESIAN_POINT('',(0.0365,0.1095,-0.009));
#10576=CARTESIAN_POINT('',(0.0365,0.1095,-0.007));
#10577=CARTESIAN_POINT('',(0.037,0.1095,-0.007));
#10578=CARTESIAN_POINT('',(0.0455,0.1095,-0.007));
#10579=CARTESIAN_POINT('',(0.0455,0.1095,-0.009));
#10580=CARTESIAN_POINT('',(0.0475,0.1095,-0.009));
#10581=CARTESIAN_POINT('',(0.0475,0.1095,-0.05));
#10582=CARTESIAN_POINT('',(0.0475,0.1095,-0.091));
#10583=CARTESIAN_POINT('',(0.0495,0.1095,-0.091));
#10584=CARTESIAN_POINT('',(0.0426407552083333,0.1095,-0.0861));
#10585=CARTESIAN_POINT('',(0.0431958333333333,0.1095,-0.0861));
#10586=CARTESIAN_POINT('',(0.0420856770833333,0.1095,-0.0861));
#10587=CARTESIAN_POINT('',(0.0419096896701389,0.1095,-0.0866784722222222));
#10588=CARTESIAN_POINT('',(0.0417337022569444,0.1095,-0.0872569444444444));
#10589=CARTESIAN_POINT('',(0.0408479166666667,0.1095,-0.0872569444444444));
#10590=CARTESIAN_POINT('',(0.0399621310763889,0.1095,-0.0872569444444444));
#10591=CARTESIAN_POINT('',(0.0397861436631944,0.1095,-0.0866784722222222));
#10592=CARTESIAN_POINT('',(0.03961015625,0.1095,-0.0861));
#10593=CARTESIAN_POINT('',(0.039055078125,0.1095,-0.0861));
#10594=CARTESIAN_POINT('',(0.0385,0.1095,-0.0861));
#10595=CARTESIAN_POINT('',(0.0393576063368056,0.1095,-0.0885393663194445));
#10596=CARTESIAN_POINT('',(0.0402152126736112,0.1095,-0.0909787326388889));
#10597=CARTESIAN_POINT('',(0.0408447265625,0.1095,-0.0909787326388889));
#10598=CARTESIAN_POINT('',(0.0414742404513889,0.1095,-0.0909787326388889));
#10599=CARTESIAN_POINT('',(0.0423350368923612,0.1095,-0.0885393663194445));
#10600=CARTESIAN_POINT('',(0.0391114366319444,0.1095,-0.079273708767361));
#10601=CARTESIAN_POINT('',(0.0391114366319444,0.1095,-0.0768444444444443));
#10602=CARTESIAN_POINT('',(0.0391114366319444,0.1095,-0.0817029730902777));
#10603=CARTESIAN_POINT('',(0.0398674913194445,0.1095,-0.0817029730902777));
#10604=CARTESIAN_POINT('',(0.0406235460069445,0.1095,-0.0817029730902777));
#10605=CARTESIAN_POINT('',(0.0406235460069445,0.1095,-0.0817029730902777));
#10606=CARTESIAN_POINT('',(0.0416571397569444,0.1095,-0.0817029730902777));
#10607=CARTESIAN_POINT('',(0.0421239583333334,0.1095,-0.0814089518229166));
#10608=CARTESIAN_POINT('',(0.0421239583333334,0.1095,-0.0814089518229166));
#10609=CARTESIAN_POINT('',(0.0421239583333334,0.1095,-0.0814089518229166));
#10610=CARTESIAN_POINT('',(0.0425907769097223,0.1095,-0.0811149305555555));
#10611=CARTESIAN_POINT('',(0.0425907769097223,0.1095,-0.0804737196180555));
#10612=CARTESIAN_POINT('',(0.0425907769097223,0.1095,-0.0804737196180555));
#10613=CARTESIAN_POINT('',(0.0425907769097223,0.1095,-0.0804737196180555));
#10614=CARTESIAN_POINT('',(0.0425907769097223,0.1095,-0.0800377387152777));
#10615=CARTESIAN_POINT('',(0.0423866102430556,0.1095,-0.0797586046006944));
#10616=CARTESIAN_POINT('',(0.0423866102430556,0.1095,-0.0797586046006944));
#10617=CARTESIAN_POINT('',(0.041721641519858,0.1095,-0.0802274887002039));
#10618=CARTESIAN_POINT('',(0.0418432291666667,0.1095,-0.0794234658269369));
#10619=CARTESIAN_POINT('',(0.0418432291666667,0.1095,-0.0794066297743055));
#10620=CARTESIAN_POINT('',(0.0418432291666667,0.1095,-0.0793901475694444));
#10621=CARTESIAN_POINT('',(0.0418432291666667,0.1095,-0.0793901475694444));
#10622=CARTESIAN_POINT('',(0.0423047309027778,0.1095,-0.0792870008680555));
#10623=CARTESIAN_POINT('',(0.0425094292534722,0.1095,-0.0790046766493055));
#10624=CARTESIAN_POINT('',(0.0425094292534722,0.1095,-0.0790046766493055));
#10625=CARTESIAN_POINT('',(0.0425094292534722,0.1095,-0.0790046766493055));
#10626=CARTESIAN_POINT('',(0.0427141276041667,0.1095,-0.0787223524305555));
#10627=CARTESIAN_POINT('',(0.0427141276041667,0.1095,-0.0782534071180555));
#10628=CARTESIAN_POINT('',(0.0427141276041667,0.1095,-0.0782534071180555));
#10629=CARTESIAN_POINT('',(0.0427141276041667,0.1095,-0.0782534071180555));
#10630=CARTESIAN_POINT('',(0.0427141276041667,0.1095,-0.0775888020833332));
#10631=CARTESIAN_POINT('',(0.0422334852430556,0.1095,-0.0772166232638888));
#10632=CARTESIAN_POINT('',(0.0422334852430556,0.1095,-0.0772166232638888));
#10633=CARTESIAN_POINT('',(0.0422334852430556,0.1095,-0.0772166232638888));
#10634=CARTESIAN_POINT('',(0.0417528428819445,0.1095,-0.0768444444444443));
#10635=CARTESIAN_POINT('',(0.0409287326388889,0.1095,-0.0768444444444443));
#10636=CARTESIAN_POINT('',(0.0409287326388889,0.1095,-0.0768444444444443));
#10637=CARTESIAN_POINT('',(0.0400200846354167,0.1095,-0.0768444444444443));
#10638=CARTESIAN_POINT('',(0.0430926866319445,0.1095,-0.0237403754340272));
#10639=CARTESIAN_POINT('',(0.0430926866319445,0.1095,-0.0261696397569439));
#10640=CARTESIAN_POINT('',(0.0430926866319445,0.1095,-0.0213111111111105));
#10641=CARTESIAN_POINT('',(0.0425790798611112,0.1095,-0.0213111111111105));
#10642=CARTESIAN_POINT('',(0.0420654730902778,0.1095,-0.0213111111111105));
#10643=CARTESIAN_POINT('',(0.0420654730902778,0.1095,-0.0223595920138883));
#10644=CARTESIAN_POINT('',(0.0420654730902778,0.1095,-0.0234080729166661));
#10645=CARTESIAN_POINT('',(0.0411036566840278,0.1095,-0.0234080729166661));
#10646=CARTESIAN_POINT('',(0.0401418402777778,0.1095,-0.0234080729166661));
#10647=CARTESIAN_POINT('',(0.0401418402777778,0.1095,-0.0223595920138883));
#10648=CARTESIAN_POINT('',(0.0401418402777778,0.1095,-0.0213111111111105));
#10649=CARTESIAN_POINT('',(0.0396266384548611,0.1095,-0.0213111111111105));
#10650=CARTESIAN_POINT('',(0.0391114366319444,0.1095,-0.0213111111111105));
#10651=CARTESIAN_POINT('',(0.0391114366319444,0.1095,-0.0237403754340272));
#10652=CARTESIAN_POINT('',(0.0391114366319444,0.1095,-0.0261696397569439));
#10653=CARTESIAN_POINT('',(0.0396266384548611,0.1095,-0.0261696397569439));
#10654=CARTESIAN_POINT('',(0.0401418402777778,0.1095,-0.0261696397569439));
#10655=CARTESIAN_POINT('',(0.0401418402777778,0.1095,-0.0252173936631939));
#10656=CARTESIAN_POINT('',(0.0401418402777778,0.1095,-0.0242651475694439));
#10657=CARTESIAN_POINT('',(0.0411036566840278,0.1095,-0.0242651475694439));
#10658=CARTESIAN_POINT('',(0.0420654730902778,0.1095,-0.0242651475694439));
#10659=CARTESIAN_POINT('',(0.0420654730902778,0.1095,-0.0252173936631939));
#10660=CARTESIAN_POINT('',(0.0420654730902778,0.1095,-0.0261696397569439));
#10661=CARTESIAN_POINT('',(0.0425790798611112,0.1095,-0.0261696397569439));
#10662=CARTESIAN_POINT('',(0.0409553168402778,0.1095,-0.0328662000868051));
#10663=CARTESIAN_POINT('',(0.0409553168402778,0.1095,-0.0324371310763884));
#10664=CARTESIAN_POINT('',(0.0409553168402778,0.1095,-0.0332952690972218));
#10665=CARTESIAN_POINT('',(0.0419192599826389,0.1095,-0.0332952690972218));
#10666=CARTESIAN_POINT('',(0.0428832031250001,0.1095,-0.0332952690972218));
#10667=CARTESIAN_POINT('',(0.0428832031250001,0.1095,-0.0320357096354162));
#10668=CARTESIAN_POINT('',(0.0428832031250001,0.1095,-0.030776698145094));
#10669=CARTESIAN_POINT('',(0.0411490784087366,0.1095,-0.035953828198768));
#10670=CARTESIAN_POINT('',(0.0420006495357653,0.1095,-0.0305610811141234));
#10671=CARTESIAN_POINT('',(0.0411636082211777,0.1095,-0.0362252007324855));
#10672=CARTESIAN_POINT('',(0.0411552300347223,0.1095,-0.0304996744791661));
#10673=CARTESIAN_POINT('',(0.0411552300347223,0.1095,-0.0304996744791661));
#10674=CARTESIAN_POINT('',(0.0400557074652778,0.1095,-0.0304996744791661));
#10675=CARTESIAN_POINT('',(0.0394756401909723,0.1095,-0.031146202256944));
#10676=CARTESIAN_POINT('',(0.0394756401909723,0.1095,-0.031146202256944));
#10677=CARTESIAN_POINT('',(0.0394756401909723,0.1095,-0.031146202256944));
#10678=CARTESIAN_POINT('',(0.0388955729166666,0.1095,-0.0317927300347218));
#10679=CARTESIAN_POINT('',(0.0388955729166666,0.1095,-0.033002842881944));
#10680=CARTESIAN_POINT('',(0.0388955729166666,0.1095,-0.033002842881944));
#10681=CARTESIAN_POINT('',(0.0388955729166666,0.1095,-0.033002842881944));
#10682=CARTESIAN_POINT('',(0.0388955729166666,0.1095,-0.0341789279513884));
#10683=CARTESIAN_POINT('',(0.0395686848958333,0.1095,-0.0348366210937495));
#10684=CARTESIAN_POINT('',(0.0395686848958333,0.1095,-0.0348366210937495));
#10685=CARTESIAN_POINT('',(0.0395686848958333,0.1095,-0.0348366210937495));
#10686=CARTESIAN_POINT('',(0.040241796875,0.1095,-0.0354943142361107));
#10687=CARTESIAN_POINT('',(0.0414338324652778,0.1095,-0.0354943142361107));
#10688=CARTESIAN_POINT('',(0.0414338324652977,0.1095,-0.0354943142173937));
#10689=CARTESIAN_POINT('',(0.0414376796206536,0.1095,-0.0318823871724809));
#10690=CARTESIAN_POINT('',(0.0428767235768076,0.1095,-0.0351952687181182));
#10691=CARTESIAN_POINT('',(0.0427056206597222,0.1095,-0.0347834526909718));
#10692=CARTESIAN_POINT('',(0.0425344184027778,0.1095,-0.034371397569444));
#10693=CARTESIAN_POINT('',(0.041424370494332,0.1095,-0.0321939290233654));
#10694=CARTESIAN_POINT('',(0.0414274522569444,0.1095,-0.0346372395833328));
#10695=CARTESIAN_POINT('',(0.0414274522569444,0.1095,-0.0346372395833328));
#10696=CARTESIAN_POINT('',(0.0407596571180556,0.1095,-0.0346372395833328));
#10697=CARTESIAN_POINT('',(0.0403577039930555,0.1095,-0.0341884982638885));
#10698=CARTESIAN_POINT('',(0.0403577039930555,0.1095,-0.0341884982638885));
#10699=CARTESIAN_POINT('',(0.0403577039930555,0.1095,-0.0341884982638885));
#10700=CARTESIAN_POINT('',(0.0399557508680555,0.1095,-0.0337397569444439));
#10701=CARTESIAN_POINT('',(0.0399557508680555,0.1095,-0.0329826388888884));
#10702=CARTESIAN_POINT('',(0.0399557508680555,0.1095,-0.0329826388888884));
#10703=CARTESIAN_POINT('',(0.0399557508680555,0.1095,-0.0329826388888884));
#10704=CARTESIAN_POINT('',(0.0399557508680555,0.1095,-0.032191493055555));
#10705=CARTESIAN_POINT('',(0.0402795464409723,0.1095,-0.0317746527777773));
#10706=CARTESIAN_POINT('',(0.0402795464409723,0.1095,-0.0317746527777773));
#10707=CARTESIAN_POINT('',(0.0402795464409723,0.1095,-0.0317746527777773));
#10708=CARTESIAN_POINT('',(0.0406033420138889,0.1095,-0.0313578124999995));
#10709=CARTESIAN_POINT('',(0.0412211588541667,0.1095,-0.0313578124999995));
#10710=CARTESIAN_POINT('',(0.0412211588541667,0.1095,-0.0313578124999995));
#10711=CARTESIAN_POINT('',(0.0412130446789554,0.1095,-0.0347126850235609));
#10712=CARTESIAN_POINT('',(0.0418761935763889,0.1095,-0.0314238744853283));
#10713=CARTESIAN_POINT('',(0.0418761935763889,0.1095,-0.0319304361979162));
#10714=CARTESIAN_POINT('',(0.0418761935763889,0.1095,-0.0324371310763884));
#10715=CARTESIAN_POINT('',(0.0414157552083333,0.1095,-0.0324371310763884));
#10716=CARTESIAN_POINT('',(0.0401248263888889,0.1095,-0.0407824435763885));
#10717=CARTESIAN_POINT('',(0.0401248263888889,0.1095,-0.0417426649305551));
#10718=CARTESIAN_POINT('',(0.0401248263888889,0.1095,-0.0398222222222218));
#10719=CARTESIAN_POINT('',(0.0396181315104167,0.1095,-0.0398222222222218));
#10720=CARTESIAN_POINT('',(0.0391114366319444,0.1095,-0.0398222222222218));
#10721=CARTESIAN_POINT('',(0.0391114366319444,0.1095,-0.0422514865451385));
#10722=CARTESIAN_POINT('',(0.0391114366319444,0.1095,-0.0446807508680552));
#10723=CARTESIAN_POINT('',(0.0405039171006945,0.1095,-0.0446807508680552));
#10724=CARTESIAN_POINT('',(0.0418963975694445,0.1095,-0.0446807508680552));
#10725=CARTESIAN_POINT('',(0.0418963975694445,0.1095,-0.0442585937499996));
#10726=CARTESIAN_POINT('',(0.0418963975694445,0.1095,-0.0438364366319441));
#10727=CARTESIAN_POINT('',(0.0410106119791667,0.1095,-0.0438364366319441));
#10728=CARTESIAN_POINT('',(0.0401248263888889,0.1095,-0.0438364366319441));
#10729=CARTESIAN_POINT('',(0.0401248263888889,0.1095,-0.0432101128472219));
#10730=CARTESIAN_POINT('',(0.0401248263888889,0.1095,-0.0425837890624996));
#10731=CARTESIAN_POINT('',(0.0409489366319444,0.1095,-0.0425837890624996));
#10732=CARTESIAN_POINT('',(0.041773046875,0.1095,-0.0425837890624996));
#10733=CARTESIAN_POINT('',(0.041773046875,0.1095,-0.0421632269965274));
#10734=CARTESIAN_POINT('',(0.041773046875,0.1095,-0.0417426649305551));
#10735=CARTESIAN_POINT('',(0.0409489366319444,0.1095,-0.0417426649305551));
#10736=CARTESIAN_POINT('',(0.0419091579861112,0.1095,-0.0495031249999997));
#10737=CARTESIAN_POINT('',(0.0419091579861112,0.1095,-0.0499284722222219));
#10738=CARTESIAN_POINT('',(0.0419091579861112,0.1095,-0.0490777777777774));
#10739=CARTESIAN_POINT('',(0.0405102973090278,0.1095,-0.0490777777777774));
#10740=CARTESIAN_POINT('',(0.0391114366319444,0.1095,-0.0490777777777774));
#10741=CARTESIAN_POINT('',(0.0391114366319444,0.1095,-0.0515070421006941));
#10742=CARTESIAN_POINT('',(0.0391114366319444,0.1095,-0.0539363064236108));
#10743=CARTESIAN_POINT('',(0.0405102973090278,0.1095,-0.0539363064236108));
#10744=CARTESIAN_POINT('',(0.0419091579861112,0.1095,-0.0539363064236108));
#10745=CARTESIAN_POINT('',(0.0419091579861112,0.1095,-0.0535141493055553));
#10746=CARTESIAN_POINT('',(0.0419091579861112,0.1095,-0.0530919921874997));
#10747=CARTESIAN_POINT('',(0.0410254991319444,0.1095,-0.0530919921874997));
#10748=CARTESIAN_POINT('',(0.0401418402777778,0.1095,-0.0530919921874997));
#10749=CARTESIAN_POINT('',(0.0401418402777778,0.1095,-0.0525587131076386));
#10750=CARTESIAN_POINT('',(0.0401418402777778,0.1095,-0.0520254340277775));
#10751=CARTESIAN_POINT('',(0.04096435546875,0.1095,-0.0520254340277775));
#10752=CARTESIAN_POINT('',(0.0417868706597222,0.1095,-0.0520254340277775));
#10753=CARTESIAN_POINT('',(0.0417868706597222,0.1095,-0.0516032769097219));
#10754=CARTESIAN_POINT('',(0.0417868706597222,0.1095,-0.0511811197916664));
#10755=CARTESIAN_POINT('',(0.04096435546875,0.1095,-0.0511811197916664));
#10756=CARTESIAN_POINT('',(0.0401418402777778,0.1095,-0.0511811197916664));
#10757=CARTESIAN_POINT('',(0.0401418402777778,0.1095,-0.0505547960069441));
#10758=CARTESIAN_POINT('',(0.0401418402777778,0.1095,-0.0499284722222219));
#10759=CARTESIAN_POINT('',(0.0410254991319444,0.1095,-0.0499284722222219));
#10760=CARTESIAN_POINT('',(0.1035,0.1095,-0.055));
#10761=CARTESIAN_POINT('',(0.15575,0.1095,-0.103));
#10762=CARTESIAN_POINT('',(0.1705,0.1095,-0.103));
#10763=CARTESIAN_POINT('',(0.141,0.1095,-0.103));
#10764=CARTESIAN_POINT('',(0.141,0.1095,-0.101));
#10765=CARTESIAN_POINT('',(0.141,0.1095,-0.095));
#10766=CARTESIAN_POINT('',(0.141,0.1095,-0.093));
#10767=CARTESIAN_POINT('',(0.14925,0.1095,-0.093));
#10768=CARTESIAN_POINT('',(0.1575,0.1095,-0.093));
#10769=CARTESIAN_POINT('',(0.1575,0.1095,-0.091));
#10770=CARTESIAN_POINT('',(0.1595,0.1095,-0.091));
#10771=CARTESIAN_POINT('',(0.1595,0.1095,-0.05));
#10772=CARTESIAN_POINT('',(0.1595,0.1095,-0.009));
#10773=CARTESIAN_POINT('',(0.1615,0.1095,-0.009));
#10774=CARTESIAN_POINT('',(0.1615,0.1095,-0.007));
#10775=CARTESIAN_POINT('',(0.166,0.1095,-0.007));
#10776=CARTESIAN_POINT('',(0.1705,0.1095,-0.007));
#10777=CARTESIAN_POINT('',(0.1705,0.1095,-0.009));
#10778=CARTESIAN_POINT('',(0.1725,0.1095,-0.009));
#10779=CARTESIAN_POINT('',(0.1725,0.1095,-0.055));
#10780=CARTESIAN_POINT('',(0.1725,0.1095,-0.101));
#10781=CARTESIAN_POINT('',(0.1705,0.1095,-0.101));
#10782=CARTESIAN_POINT('',(0.157862712098919,0.1095,-0.0955990024195337));
#10783=CARTESIAN_POINT('',(0.157858698738205,0.1095,-0.0961921402972122));
#10784=CARTESIAN_POINT('',(0.157866725459633,0.1095,-0.0950058645418553));
#10785=CARTESIAN_POINT('',(0.155536488828263,0.1095,-0.0949900974150154));
#10786=CARTESIAN_POINT('',(0.153206252196891,0.1095,-0.0949743302881756));
#10787=CARTESIAN_POINT('',(0.153202934880286,0.1095,-0.095464599235039));
#10788=CARTESIAN_POINT('',(0.153199617563681,0.1095,-0.0959548681819024));
#10789=CARTESIAN_POINT('',(0.154030709397174,0.1095,-0.0968060983479151));
#10790=CARTESIAN_POINT('',(0.154861801230667,0.1095,-0.0976573285139278));
#10791=CARTESIAN_POINT('',(0.154861801230667,0.1095,-0.0976573285139278));
#10792=CARTESIAN_POINT('',(0.155600805765287,0.1095,-0.0984240315547946));
#10793=CARTESIAN_POINT('',(0.155826441230807,0.1095,-0.098719587192245));
#10794=CARTESIAN_POINT('',(0.155826441230807,0.1095,-0.098719587192245));
#10795=CARTESIAN_POINT('',(0.155826441230807,0.1095,-0.098719587192245));
#10796=CARTESIAN_POINT('',(0.156052076696327,0.1095,-0.0990151428296955));
#10797=CARTESIAN_POINT('',(0.15615105877632,0.1095,-0.0992667950728688));
#10798=CARTESIAN_POINT('',(0.15615105877632,0.1095,-0.0992667950728688));
#10799=CARTESIAN_POINT('',(0.154866174627073,0.1095,-0.0997761346823751));
#10800=CARTESIAN_POINT('',(0.156248221012883,0.1095,-0.0997869279046719));
#10801=CARTESIAN_POINT('',(0.156248224230553,0.1095,-0.0997869279298006));
#10802=CARTESIAN_POINT('',(0.156245509164879,0.1095,-0.100188189716668));
#10803=CARTESIAN_POINT('',(0.156022392917836,0.1095,-0.100382942517945));
#10804=CARTESIAN_POINT('',(0.156022392917836,0.1095,-0.100382942517945));
#10805=CARTESIAN_POINT('',(0.156022392917836,0.1095,-0.100382942517945));
#10806=CARTESIAN_POINT('',(0.155799276670792,0.1095,-0.100577695319222));
#10807=CARTESIAN_POINT('',(0.155430115826874,0.1095,-0.100575197458803));
#10808=CARTESIAN_POINT('',(0.155430115826874,0.1095,-0.100575197458803));
#10809=CARTESIAN_POINT('',(0.155447658998177,0.1095,-0.0988817454341435));
#10810=CARTESIAN_POINT('',(0.154679866436967,0.1095,-0.100392098561276));
#10811=CARTESIAN_POINT('',(0.154679866436967,0.1095,-0.100392098561276));
#10812=CARTESIAN_POINT('',(0.154316287496223,0.1095,-0.100211615999762));
#10813=CARTESIAN_POINT('',(0.153921624528036,0.1095,-0.0998806254546411));
#10814=CARTESIAN_POINT('',(0.153921624528036,0.1095,-0.0998806254546411));
#10815=CARTESIAN_POINT('',(0.153535531420846,0.1095,-0.100331824403646));
#10816=CARTESIAN_POINT('',(0.153149438313656,0.1095,-0.100783023352651));
#10817=CARTESIAN_POINT('',(0.153149438313656,0.1095,-0.100783023352651));
#10818=CARTESIAN_POINT('',(0.153638322980057,0.1095,-0.101206581068105));
#10819=CARTESIAN_POINT('',(0.15396108073061,0.1095,-0.101381680218372));
#10820=CARTESIAN_POINT('',(0.15396108073061,0.1095,-0.101381680218372));
#10821=CARTESIAN_POINT('',(0.155382195639993,0.1095,-0.0987311793218369));
#10822=CARTESIAN_POINT('',(0.154666170151258,0.1095,-0.101653010700076));
#10823=CARTESIAN_POINT('',(0.155503190211275,0.1095,-0.0981135708013144));
#10824=CARTESIAN_POINT('',(0.155522838446368,0.1095,-0.101751940512426));
#10825=CARTESIAN_POINT('',(0.155522838446368,0.1095,-0.101751940512426));
#10826=CARTESIAN_POINT('',(0.15614734770011,0.1095,-0.101756166141911));
#10827=CARTESIAN_POINT('',(0.156627483759519,0.1095,-0.101531779606601));
#10828=CARTESIAN_POINT('',(0.156627483759519,0.1095,-0.101531779606601));
#10829=CARTESIAN_POINT('',(0.156627483759519,0.1095,-0.101531779606601));
#10830=CARTESIAN_POINT('',(0.157107619818929,0.1095,-0.101307393071291));
#10831=CARTESIAN_POINT('',(0.157375231838215,0.1095,-0.10089843885826));
#10832=CARTESIAN_POINT('',(0.157375231838215,0.1095,-0.10089843885826));
#10833=CARTESIAN_POINT('',(0.157375231838215,0.1095,-0.10089843885826));
#10834=CARTESIAN_POINT('',(0.1576428438575,0.1095,-0.10048948464523));
#10835=CARTESIAN_POINT('',(0.157646417871224,0.1095,-0.0999612782203356));
#10836=CARTESIAN_POINT('',(0.157646417871224,0.1095,-0.0999612782203356));
#10837=CARTESIAN_POINT('',(0.155347800317163,0.1095,-0.0999266219619327));
#10838=CARTESIAN_POINT('',(0.157490303755112,0.1095,-0.0990956455621222));
#10839=CARTESIAN_POINT('',(0.157490303755112,0.1095,-0.0990956455621222));
#10840=CARTESIAN_POINT('',(0.157331069781718,0.1095,-0.0986910991753637));
#10841=CARTESIAN_POINT('',(0.156993959709857,0.1095,-0.0982649204139566));
#10842=CARTESIAN_POINT('',(0.156993959709857,0.1095,-0.0982649204139566));
#10843=CARTESIAN_POINT('',(0.156993959709857,0.1095,-0.0982649204139566));
#10844=CARTESIAN_POINT('',(0.156656849637996,0.1095,-0.0978387416525496));
#10845=CARTESIAN_POINT('',(0.155805649770509,0.1095,-0.0970479322529674));
#10846=CARTESIAN_POINT('',(0.155805649770509,0.1095,-0.0970479322529674));
#10847=CARTESIAN_POINT('',(0.155379394317127,0.1095,-0.096641579113415));
#10848=CARTESIAN_POINT('',(0.154953138863745,0.1095,-0.0962352259738627));
#10849=CARTESIAN_POINT('',(0.154953351132515,0.1095,-0.0962038545977985));
#10850=CARTESIAN_POINT('',(0.154953563401286,0.1095,-0.0961724832217343));
#10851=CARTESIAN_POINT('',(0.156406131069746,0.1095,-0.0961823117594732));
#10852=CARTESIAN_POINT('',(0.151337893186277,0.1095,-0.0982952320846162));
#10853=CARTESIAN_POINT('',(0.151315338395253,0.1095,-0.101628623183156));
#10854=CARTESIAN_POINT('',(0.151360447977301,0.1095,-0.0949618409860765));
#10855=CARTESIAN_POINT('',(0.150655686366185,0.1095,-0.0949570723434568));
#10856=CARTESIAN_POINT('',(0.149950924755069,0.1095,-0.0949523037008371));
#10857=CARTESIAN_POINT('',(0.149937872693903,0.1095,-0.0968812785453411));
#10858=CARTESIAN_POINT('',(0.149924820632737,0.1095,-0.0988102533898452));
#10859=CARTESIAN_POINT('',(0.149929973867948,0.1095,-0.0991269347828582));
#10860=CARTESIAN_POINT('',(0.14993512710316,0.1095,-0.0994436161758712));
#10861=CARTESIAN_POINT('',(0.149943725776992,0.1095,-0.0997902344935932));
#10862=CARTESIAN_POINT('',(0.149952324450825,0.1095,-0.100136852811315));
#10863=CARTESIAN_POINT('',(0.149952324450825,0.1095,-0.100136852811315));
#10864=CARTESIAN_POINT('',(0.149604501857783,0.1095,-0.0997842911945521));
#10865=CARTESIAN_POINT('',(0.14946808375582,0.1095,-0.099673928102958));
#10866=CARTESIAN_POINT('',(0.14946808375582,0.1095,-0.099673928102958));
#10867=CARTESIAN_POINT('',(0.149087144336927,0.1095,-0.0993634592238003));
#10868=CARTESIAN_POINT('',(0.148706204918034,0.1095,-0.0990529903446426));
#10869=CARTESIAN_POINT('',(0.148363358652877,0.1095,-0.0994745683038534));
#10870=CARTESIAN_POINT('',(0.148020512387719,0.1095,-0.0998961462630643));
#10871=CARTESIAN_POINT('',(0.149088649284627,0.1095,-0.100758465155574));
#10872=CARTESIAN_POINT('',(0.150156786181534,0.1095,-0.101620784048083));
#10873=CARTESIAN_POINT('',(0.150736062288393,0.1095,-0.10162470361562));
#10874=CARTESIAN_POINT('',(0.0465,0.003,-0.098));
#10875=CARTESIAN_POINT('',(0.0465,0.095,-0.098));
#10876=CARTESIAN_POINT('',(0.0395,0.1035,-0.091));
#10877=CARTESIAN_POINT('',(0.034,0.003,-0.109));
#10878=CARTESIAN_POINT('',(0.0479722436226801,0.003,-0.109));
#10879=CARTESIAN_POINT('',(0.01,0.003,-0.109));
#10880=CARTESIAN_POINT('',(0.,0.003,-0.0545));
#10881=CARTESIAN_POINT('',(0.,0.003,-0.01));
#10882=CARTESIAN_POINT('',(0.,0.003,-0.099));
#10883=CARTESIAN_POINT('',(0.01975,0.003,0.));
#10884=CARTESIAN_POINT('',(0.0345,0.003,0.));
#10885=CARTESIAN_POINT('',(0.01,0.,0.));
#10886=CARTESIAN_POINT('',(0.0395,0.003,-0.049));
#10887=CARTESIAN_POINT('',(0.0395,-2.000000000002E-6,-0.007));
#10888=CARTESIAN_POINT('',(0.0395,0.005,-0.007));
#10889=CARTESIAN_POINT('',(0.0395,0.005,-0.005));
#10890=CARTESIAN_POINT('',(0.0395,0.003,-0.005));
#10891=CARTESIAN_POINT('',(0.0535,0.003,-0.098));
#10892=CARTESIAN_POINT('',(0.154038641184569,0.0905,-0.098));
#10893=CARTESIAN_POINT('',(0.0535,0.1035,-0.098));
#10894=CARTESIAN_POINT('',(0.18725,0.003,0.));
#10895=CARTESIAN_POINT('',(0.1725,0.003,0.));
#10896=CARTESIAN_POINT('',(0.197,0.003,0.));
#10897=CARTESIAN_POINT('',(0.207,0.003,-0.0545));
#10898=CARTESIAN_POINT('',(0.207,0.,-0.01));
#10899=CARTESIAN_POINT('',(0.207,0.003,-0.099));
#10900=CARTESIAN_POINT('',(0.197,0.003,-0.01));
#10901=CARTESIAN_POINT('',(0.197,0.003,-0.099));
#10902=CARTESIAN_POINT('',(0.01,0.003,-0.01));
#10903=CARTESIAN_POINT('',(0.01,0.003,-0.099));
#10904=CARTESIAN_POINT('',(0.1725,0.003,0.));
#10905=CARTESIAN_POINT('',(0.0395,0.003,-0.005));
#10906=CARTESIAN_POINT('',(0.1725,0.1055,-0.07725));
#10907=CARTESIAN_POINT('',(0.1725,0.1055,-0.009));
#10908=CARTESIAN_POINT('',(0.1725,0.005,-0.009));
#10909=CARTESIAN_POINT('',(0.1725,0.005,-0.101));
#10910=CARTESIAN_POINT('',(0.1725,0.005,-0.101));
#10911=CARTESIAN_POINT('',(0.1725,0.1095,-0.101));
#10912=CARTESIAN_POINT('',(0.15575,0.1055,-0.103));
#10913=CARTESIAN_POINT('',(0.1705,0.003,-0.103));
#10914=CARTESIAN_POINT('',(0.1705,0.005,-0.103));
#10915=CARTESIAN_POINT('',(0.15575,0.005,-0.103));
#10916=CARTESIAN_POINT('',(0.141,0.005,-0.103));
#10917=CARTESIAN_POINT('',(0.141,0.1055,-0.103));
#10918=CARTESIAN_POINT('',(0.139,0.1055,-0.1005));
#10919=CARTESIAN_POINT('',(0.139,0.1055,-0.098));
#10920=CARTESIAN_POINT('',(0.139,0.005,-0.098));
#10921=CARTESIAN_POINT('',(0.139,0.1055,-0.101));
#10922=CARTESIAN_POINT('',(0.139,0.005,-0.101));
#10923=CARTESIAN_POINT('',(0.139,0.005,-0.1005));
#10924=CARTESIAN_POINT('',(0.05125,0.1055,-0.103));
#10925=CARTESIAN_POINT('',(0.066,0.003,-0.103));
#10926=CARTESIAN_POINT('',(0.066,0.005,-0.103));
#10927=CARTESIAN_POINT('',(0.0365,0.005,-0.103));
#10928=CARTESIAN_POINT('',(0.0365,0.005,-0.103));
#10929=CARTESIAN_POINT('',(0.0365,0.1055,-0.103));
#10930=CARTESIAN_POINT('',(0.0345,0.1055,-0.02925));
#10931=CARTESIAN_POINT('',(0.0345,0.1055,-0.101));
#10932=CARTESIAN_POINT('',(0.0345,0.005,-0.101));
#10933=CARTESIAN_POINT('',(0.0345,0.005,-0.009));
#10934=CARTESIAN_POINT('',(0.0345,0.005,-0.009));
#10935=CARTESIAN_POINT('',(0.0345,0.1055,-0.009));
#10936=CARTESIAN_POINT('',(0.037,0.1055,-0.007));
#10937=CARTESIAN_POINT('',(0.1705,0.005,-0.007));
#10938=CARTESIAN_POINT('',(0.1705,0.005,-0.007));
#10939=CARTESIAN_POINT('',(0.1705,0.1055,-0.007));
#10940=CARTESIAN_POINT('',(0.1615,0.1055,-0.007));
#10941=CARTESIAN_POINT('',(0.1615,0.1055,-0.007));
#10942=CARTESIAN_POINT('',(0.166,0.1055,-0.007));
#10943=CARTESIAN_POINT('',(0.1655,0.1055,-0.007));
#10944=CARTESIAN_POINT('',(0.1655,0.1035,-0.007));
#10945=CARTESIAN_POINT('',(0.0529613588154316,0.0905,-0.007));
#10946=CARTESIAN_POINT('',(0.0415,0.1035,-0.007));
#10947=CARTESIAN_POINT('',(0.0415,0.1055,-0.007));
#10948=CARTESIAN_POINT('',(0.037,0.1055,-0.007));
#10949=CARTESIAN_POINT('',(0.0455,0.1055,-0.007));
#10950=CARTESIAN_POINT('',(0.0455,0.1055,-0.007));
#10951=CARTESIAN_POINT('',(0.0365,0.1055,-0.007));
#10952=CARTESIAN_POINT('',(0.0365,0.005,-0.007));
#10953=CARTESIAN_POINT('',(0.0395,0.005,-0.007));
#10954=CARTESIAN_POINT('',(0.068,0.1055,-0.1005));
#10955=CARTESIAN_POINT('',(0.068,0.0905,-0.054));
#10956=CARTESIAN_POINT('',(0.068,0.0905,-0.101));
#10957=CARTESIAN_POINT('',(0.068,0.1095,-0.101));
#10958=CARTESIAN_POINT('',(0.068,0.1055,-0.095));
#10959=CARTESIAN_POINT('',(0.068,0.1055,-0.095));
#10960=CARTESIAN_POINT('',(0.068,0.1055,-0.1005));
#10961=CARTESIAN_POINT('',(0.068,0.1055,-0.096));
#10962=CARTESIAN_POINT('',(0.068,0.1035,-0.096));
#10963=CARTESIAN_POINT('',(0.1035,0.1055,-0.055));
#10964=CARTESIAN_POINT('',(0.066,0.1055,-0.095));
#10965=CARTESIAN_POINT('',(0.066,0.1055,-0.093));
#10966=CARTESIAN_POINT('',(0.05775,0.1055,-0.093));
#10967=CARTESIAN_POINT('',(0.0495,0.1055,-0.093));
#10968=CARTESIAN_POINT('',(0.0495,0.1055,-0.091));
#10969=CARTESIAN_POINT('',(0.0475,0.1055,-0.091));
#10970=CARTESIAN_POINT('',(0.0475,0.1055,-0.05));
#10971=CARTESIAN_POINT('',(0.0475,0.1055,-0.009));
#10972=CARTESIAN_POINT('',(0.0455,0.1055,-0.009));
#10973=CARTESIAN_POINT('',(0.0415,0.1055,-0.091));
#10974=CARTESIAN_POINT('',(0.0415,0.1055,-0.0901715728752538));
#10975=CARTESIAN_POINT('',(0.0479142135623731,0.1055,-0.0965857864376269));
#10976=CARTESIAN_POINT('',(0.0473284271247462,0.1055,-0.096));
#10977=CARTESIAN_POINT('',(0.1035,0.1055,-0.096));
#10978=CARTESIAN_POINT('',(0.0475,0.1095,-0.05));
#10979=CARTESIAN_POINT('',(0.0475,0.1095,-0.091));
#10980=CARTESIAN_POINT('',(0.0475,0.1095,-0.009));
#10981=CARTESIAN_POINT('',(0.05775,0.1095,-0.093));
#10982=CARTESIAN_POINT('',(0.066,0.1095,-0.093));
#10983=CARTESIAN_POINT('',(0.0495,0.1055,-0.093));
#10984=CARTESIAN_POINT('',(0.14925,0.1095,-0.093));
#10985=CARTESIAN_POINT('',(0.141,0.1095,-0.093));
#10986=CARTESIAN_POINT('',(0.141,0.1055,-0.093));
#10987=CARTESIAN_POINT('',(0.14925,0.1055,-0.093));
#10988=CARTESIAN_POINT('',(0.1575,0.1055,-0.093));
#10989=CARTESIAN_POINT('',(0.1575,0.1095,-0.093));
#10990=CARTESIAN_POINT('',(0.1595,0.1095,-0.05));
#10991=CARTESIAN_POINT('',(0.1595,0.1095,-0.091));
#10992=CARTESIAN_POINT('',(0.1595,0.1055,-0.091));
#10993=CARTESIAN_POINT('',(0.1595,0.1055,-0.05));
#10994=CARTESIAN_POINT('',(0.1595,0.1055,-0.009));
#10995=CARTESIAN_POINT('',(0.1595,0.1095,-0.009));
#10996=CARTESIAN_POINT('',(0.1035,0.1055,-0.055));
#10997=CARTESIAN_POINT('',(0.1035,0.1055,-0.096));
#10998=CARTESIAN_POINT('',(0.1655,0.1055,-0.096));
#10999=CARTESIAN_POINT('',(0.1655,0.1055,-0.055));
#11000=CARTESIAN_POINT('',(0.1615,0.1055,-0.009));
#11001=CARTESIAN_POINT('',(0.1575,0.1055,-0.091));
#11002=CARTESIAN_POINT('',(0.141,0.1055,-0.095));
#11003=CARTESIAN_POINT('',(0.0085,-0.022,-0.009625));
#11004=CARTESIAN_POINT('',(0.0085,-0.022,-0.099375));
#11005=CARTESIAN_POINT('',(0.1985,-0.022,-0.099375));
#11006=CARTESIAN_POINT('',(0.1985,-0.022,-0.009625));
#11007=CARTESIAN_POINT('',(0.1035,0.093,-0.0545));
#11008=CARTESIAN_POINT('',(0.0380857864376269,0.093,-0.0924142135623731));
#11009=CARTESIAN_POINT('',(0.155536488828263,0.109,-0.0949900974150154));
#11010=CARTESIAN_POINT('',(0.157866725459633,0.109,-0.0950058645418553));
#11011=CARTESIAN_POINT('',(0.157866725459633,0.109,-0.0950058645418553));
#11012=CARTESIAN_POINT('',(0.155536488828263,0.109,-0.0949900974150154));
#11013=CARTESIAN_POINT('',(0.153206252196891,0.109,-0.0949743302881756));
#11014=CARTESIAN_POINT('',(0.153206252196891,0.109,-0.0949743302881756));
#11015=CARTESIAN_POINT('',(0.157862712098919,0.109,-0.0955990024195337));
#11016=CARTESIAN_POINT('',(0.157858698738205,0.109,-0.0961921402972122));
#11017=CARTESIAN_POINT('',(0.157858698738205,0.109,-0.0961921402972122));
#11018=CARTESIAN_POINT('',(0.157862712098919,0.109,-0.0955990024195337));
#11019=CARTESIAN_POINT('',(0.156406131069746,0.109,-0.0961823117594732));
#11020=CARTESIAN_POINT('',(0.154953563401286,0.109,-0.0961724832217343));
#11021=CARTESIAN_POINT('',(0.154953563401286,0.109,-0.0961724832217343));
#11022=CARTESIAN_POINT('',(0.156406131069746,0.109,-0.0961823117594732));
#11023=CARTESIAN_POINT('',(0.154953351132515,0.109,-0.0962038545977985));
#11024=CARTESIAN_POINT('',(0.154953138863745,0.109,-0.0962352259738627));
#11025=CARTESIAN_POINT('',(0.154953138863745,0.109,-0.0962352259738627));
#11026=CARTESIAN_POINT('',(0.154953351132515,0.109,-0.0962038545977985));
#11027=CARTESIAN_POINT('',(0.155379394317127,0.109,-0.096641579113415));
#11028=CARTESIAN_POINT('',(0.155805649770509,0.109,-0.0970479322529674));
#11029=CARTESIAN_POINT('',(0.155805649770509,0.109,-0.0970479322529674));
#11030=CARTESIAN_POINT('',(0.155379394317127,0.109,-0.096641579113415));
#11031=CARTESIAN_POINT('',(0.156993959709857,0.109,-0.0982649204139566));
#11032=CARTESIAN_POINT('',(0.156993959709857,0.1095,-0.0982649204139566));
#11033=CARTESIAN_POINT('',(0.156769219661949,0.109,-0.0979808012396853));
#11034=CARTESIAN_POINT('',(0.156769219661949,0.1095,-0.0979808012396853));
#11035=CARTESIAN_POINT('',(0.156373116348833,0.109,-0.0975751385193556));
#11036=CARTESIAN_POINT('',(0.156373116348833,0.1095,-0.0975751385193556));
#11037=CARTESIAN_POINT('',(0.155805649770509,0.109,-0.0970479322529674));
#11038=CARTESIAN_POINT('',(0.155805649770509,0.1095,-0.0970479322529674));
#11039=CARTESIAN_POINT('',(0.156993959709857,0.109,-0.0982649204139566));
#11040=CARTESIAN_POINT('',(0.156993959709857,0.109,-0.0982649204139566));
#11041=CARTESIAN_POINT('',(0.156993959709857,0.109,-0.0982649204139566));
#11042=CARTESIAN_POINT('',(0.156656849637996,0.109,-0.0978387416525496));
#11043=CARTESIAN_POINT('',(0.155805649770509,0.109,-0.0970479322529674));
#11044=CARTESIAN_POINT('',(0.157490303755112,0.109,-0.0990956455621222));
#11045=CARTESIAN_POINT('',(0.157490303755112,0.1095,-0.0990956455621222));
#11046=CARTESIAN_POINT('',(0.157384147772849,0.109,-0.0988259479709499));
#11047=CARTESIAN_POINT('',(0.157384147772849,0.1095,-0.0988259479709499));
#11048=CARTESIAN_POINT('',(0.157218699757764,0.109,-0.098549039588228));
#11049=CARTESIAN_POINT('',(0.157218699757764,0.1095,-0.098549039588228));
#11050=CARTESIAN_POINT('',(0.156993959709857,0.109,-0.0982649204139566));
#11051=CARTESIAN_POINT('',(0.156993959709857,0.1095,-0.0982649204139566));
#11052=CARTESIAN_POINT('',(0.157490303755112,0.109,-0.0990956455621222));
#11053=CARTESIAN_POINT('',(0.157490303755112,0.109,-0.0990956455621222));
#11054=CARTESIAN_POINT('',(0.157490303755112,0.109,-0.0990956455621222));
#11055=CARTESIAN_POINT('',(0.157331069781718,0.109,-0.0986910991753637));
#11056=CARTESIAN_POINT('',(0.156993959709857,0.109,-0.0982649204139566));
#11057=CARTESIAN_POINT('',(0.155347800317163,0.109,-0.0999266219619327));
#11058=CARTESIAN_POINT('',(0.157646417871224,0.109,-0.0999612782203356));
#11059=CARTESIAN_POINT('',(0.157646417871224,0.109,-0.0999612782203356));
#11060=CARTESIAN_POINT('',(0.155347800317163,0.109,-0.0999266219619327));
#11061=CARTESIAN_POINT('',(0.157375231838215,0.109,-0.10089843885826));
#11062=CARTESIAN_POINT('',(0.157375231838215,0.1095,-0.10089843885826));
#11063=CARTESIAN_POINT('',(0.157553639851072,0.109,-0.10062580271624));
#11064=CARTESIAN_POINT('',(0.157553639851072,0.1095,-0.10062580271624));
#11065=CARTESIAN_POINT('',(0.157644035195408,0.109,-0.100313415836932));
#11066=CARTESIAN_POINT('',(0.157644035195408,0.1095,-0.100313415836932));
#11067=CARTESIAN_POINT('',(0.157646417871224,0.109,-0.0999612782203356));
#11068=CARTESIAN_POINT('',(0.157646417871224,0.1095,-0.0999612782203356));
#11069=CARTESIAN_POINT('',(0.157375231838215,0.109,-0.10089843885826));
#11070=CARTESIAN_POINT('',(0.157375231838215,0.109,-0.10089843885826));
#11071=CARTESIAN_POINT('',(0.157375231838215,0.109,-0.10089843885826));
#11072=CARTESIAN_POINT('',(0.1576428438575,0.109,-0.10048948464523));
#11073=CARTESIAN_POINT('',(0.157646417871224,0.109,-0.0999612782203356));
#11074=CARTESIAN_POINT('',(0.156627483759519,0.109,-0.101531779606601));
#11075=CARTESIAN_POINT('',(0.156627483759519,0.1095,-0.101531779606601));
#11076=CARTESIAN_POINT('',(0.156947574465792,0.109,-0.101382188583061));
#11077=CARTESIAN_POINT('',(0.156947574465792,0.1095,-0.101382188583061));
#11078=CARTESIAN_POINT('',(0.157196823825358,0.109,-0.101171075000281));
#11079=CARTESIAN_POINT('',(0.157196823825358,0.1095,-0.101171075000281));
#11080=CARTESIAN_POINT('',(0.157375231838215,0.109,-0.10089843885826));
#11081=CARTESIAN_POINT('',(0.157375231838215,0.1095,-0.10089843885826));
#11082=CARTESIAN_POINT('',(0.156627483759519,0.109,-0.101531779606601));
#11083=CARTESIAN_POINT('',(0.156627483759519,0.109,-0.101531779606601));
#11084=CARTESIAN_POINT('',(0.156627483759519,0.109,-0.101531779606601));
#11085=CARTESIAN_POINT('',(0.157107619818929,0.109,-0.101307393071291));
#11086=CARTESIAN_POINT('',(0.157375231838215,0.109,-0.10089843885826));
#11087=CARTESIAN_POINT('',(0.155522838446368,0.109,-0.101751940512426));
#11088=CARTESIAN_POINT('',(0.155522838446368,0.1095,-0.101751940512426));
#11089=CARTESIAN_POINT('',(0.155939177948863,0.109,-0.10175475759875));
#11090=CARTESIAN_POINT('',(0.155939177948863,0.1095,-0.10175475759875));
#11091=CARTESIAN_POINT('',(0.156307393053247,0.109,-0.101681370630141));
#11092=CARTESIAN_POINT('',(0.156307393053247,0.1095,-0.101681370630141));
#11093=CARTESIAN_POINT('',(0.156627483759519,0.109,-0.101531779606601));
#11094=CARTESIAN_POINT('',(0.156627483759519,0.1095,-0.101531779606601));
#11095=CARTESIAN_POINT('',(0.155522838446368,0.109,-0.101751940512426));
#11096=CARTESIAN_POINT('',(0.155522838446368,0.109,-0.101751940512426));
#11097=CARTESIAN_POINT('',(0.155522838446368,0.109,-0.101751940512426));
#11098=CARTESIAN_POINT('',(0.15614734770011,0.109,-0.101756166141911));
#11099=CARTESIAN_POINT('',(0.156627483759519,0.109,-0.101531779606601));
#11100=CARTESIAN_POINT('',(0.155503190211275,0.109,-0.0981135708013144));
#11101=CARTESIAN_POINT('',(0.154666229226072,0.109,-0.101652755583543));
#11102=CARTESIAN_POINT('',(0.154666170151258,0.109,-0.101653010700076));
#11103=CARTESIAN_POINT('',(0.155503190211275,0.109,-0.0981135708013144));
#11104=CARTESIAN_POINT('',(0.155382195639993,0.109,-0.0987311793218369));
#11105=CARTESIAN_POINT('',(0.15396108073061,0.109,-0.101381680218372));
#11106=CARTESIAN_POINT('',(0.15396108073061,0.109,-0.101381680218372));
#11107=CARTESIAN_POINT('',(0.155382195639993,0.109,-0.0987311793218369));
#11108=CARTESIAN_POINT('',(0.153149438313656,0.109,-0.100783023352651));
#11109=CARTESIAN_POINT('',(0.153149438313656,0.1095,-0.100783023352651));
#11110=CARTESIAN_POINT('',(0.15347536142459,0.109,-0.101065395162954));
#11111=CARTESIAN_POINT('',(0.15347536142459,0.1095,-0.101065395162954));
#11112=CARTESIAN_POINT('',(0.153745908896908,0.109,-0.101264947451527));
#11113=CARTESIAN_POINT('',(0.153745908896908,0.1095,-0.101264947451527));
#11114=CARTESIAN_POINT('',(0.15396108073061,0.109,-0.101381680218372));
#11115=CARTESIAN_POINT('',(0.15396108073061,0.1095,-0.101381680218372));
#11116=CARTESIAN_POINT('',(0.153149438313656,0.109,-0.100783023352651));
#11117=CARTESIAN_POINT('',(0.153149438313656,0.109,-0.100783023352651));
#11118=CARTESIAN_POINT('',(0.153149438313656,0.109,-0.100783023352651));
#11119=CARTESIAN_POINT('',(0.153638322980057,0.109,-0.101206581068105));
#11120=CARTESIAN_POINT('',(0.15396108073061,0.109,-0.101381680218372));
#11121=CARTESIAN_POINT('',(0.153535531420846,0.109,-0.100331824403646));
#11122=CARTESIAN_POINT('',(0.153921624528036,0.109,-0.0998806254546411));
#11123=CARTESIAN_POINT('',(0.153921624528036,0.109,-0.0998806254546411));
#11124=CARTESIAN_POINT('',(0.153535531420846,0.109,-0.100331824403646));
#11125=CARTESIAN_POINT('',(0.154679866436967,0.109,-0.100392098561276));
#11126=CARTESIAN_POINT('',(0.154679866436967,0.1095,-0.100392098561276));
#11127=CARTESIAN_POINT('',(0.154437480476471,0.109,-0.1002717768536));
#11128=CARTESIAN_POINT('',(0.154437480476471,0.1095,-0.1002717768536));
#11129=CARTESIAN_POINT('',(0.154184733173494,0.109,-0.100101285818055));
#11130=CARTESIAN_POINT('',(0.154184733173494,0.1095,-0.100101285818055));
#11131=CARTESIAN_POINT('',(0.153921624528036,0.109,-0.0998806254546411));
#11132=CARTESIAN_POINT('',(0.153921624528036,0.1095,-0.0998806254546411));
#11133=CARTESIAN_POINT('',(0.154679866436967,0.109,-0.100392098561276));
#11134=CARTESIAN_POINT('',(0.154679866436967,0.109,-0.100392098561276));
#11135=CARTESIAN_POINT('',(0.154679866436967,0.109,-0.100392098561276));
#11136=CARTESIAN_POINT('',(0.154316287496223,0.109,-0.100211615999762));
#11137=CARTESIAN_POINT('',(0.153921624528036,0.109,-0.0998806254546411));
#11138=CARTESIAN_POINT('',(0.155447658998177,0.109,-0.0988817454341435));
#11139=CARTESIAN_POINT('',(0.155430115826874,0.109,-0.100575197458803));
#11140=CARTESIAN_POINT('',(0.155430115826874,0.109,-0.100575197458803));
#11141=CARTESIAN_POINT('',(0.155447658998177,0.109,-0.0988817454341435));
#11142=CARTESIAN_POINT('',(0.156022392917836,0.109,-0.100382942517945));
#11143=CARTESIAN_POINT('',(0.156022392917836,0.1095,-0.100382942517945));
#11144=CARTESIAN_POINT('',(0.15587364875314,0.109,-0.100512777718797));
#11145=CARTESIAN_POINT('',(0.15587364875314,0.1095,-0.100512777718797));
#11146=CARTESIAN_POINT('',(0.155676223056153,0.109,-0.100576862699082));
#11147=CARTESIAN_POINT('',(0.155676223056153,0.1095,-0.100576862699082));
#11148=CARTESIAN_POINT('',(0.155430115826874,0.109,-0.100575197458803));
#11149=CARTESIAN_POINT('',(0.155430115826874,0.1095,-0.100575197458803));
#11150=CARTESIAN_POINT('',(0.156022392917836,0.109,-0.100382942517945));
#11151=CARTESIAN_POINT('',(0.156022392917836,0.109,-0.100382942517945));
#11152=CARTESIAN_POINT('',(0.156022392917836,0.109,-0.100382942517945));
#11153=CARTESIAN_POINT('',(0.155799276670792,0.109,-0.100577695319222));
#11154=CARTESIAN_POINT('',(0.155430115826874,0.109,-0.100575197458803));
#11155=CARTESIAN_POINT('',(0.156248224230553,0.109,-0.0997869279298006));
#11156=CARTESIAN_POINT('',(0.156248224230553,0.1095,-0.0997869279298006));
#11157=CARTESIAN_POINT('',(0.15624641418677,0.109,-0.100054435787712));
#11158=CARTESIAN_POINT('',(0.15624641418677,0.1095,-0.100054435787712));
#11159=CARTESIAN_POINT('',(0.156171137082531,0.109,-0.100253107317094));
#11160=CARTESIAN_POINT('',(0.156171137082531,0.1095,-0.100253107317094));
#11161=CARTESIAN_POINT('',(0.156022392917836,0.109,-0.100382942517945));
#11162=CARTESIAN_POINT('',(0.156022392917836,0.1095,-0.100382942517945));
#11163=CARTESIAN_POINT('',(0.156248224230553,0.109,-0.0997869279298006));
#11164=CARTESIAN_POINT('',(0.156248221012883,0.109,-0.0997869279046719));
#11165=CARTESIAN_POINT('',(0.156248224230553,0.109,-0.0997869279298006));
#11166=CARTESIAN_POINT('',(0.156245509164879,0.109,-0.100188189716668));
#11167=CARTESIAN_POINT('',(0.156022392917836,0.109,-0.100382942517945));
#11168=CARTESIAN_POINT('',(0.154866174627073,0.109,-0.0997761346823751));
#11169=CARTESIAN_POINT('',(0.15615105877632,0.109,-0.0992667950728688));
#11170=CARTESIAN_POINT('',(0.15615105877632,0.109,-0.0992667950728688));
#11171=CARTESIAN_POINT('',(0.154866174627073,0.109,-0.0997761346823751));
#11172=CARTESIAN_POINT('',(0.155826441230807,0.109,-0.098719587192245));
#11173=CARTESIAN_POINT('',(0.155826441230807,0.1095,-0.098719587192245));
#11174=CARTESIAN_POINT('',(0.155976864874487,0.109,-0.0989166242838787));
#11175=CARTESIAN_POINT('',(0.155976864874487,0.1095,-0.0989166242838787));
#11176=CARTESIAN_POINT('',(0.156085070722991,0.109,-0.0990990269107533));
#11177=CARTESIAN_POINT('',(0.156085070722991,0.1095,-0.0990990269107533));
#11178=CARTESIAN_POINT('',(0.15615105877632,0.109,-0.0992667950728688));
#11179=CARTESIAN_POINT('',(0.15615105877632,0.1095,-0.0992667950728688));
#11180=CARTESIAN_POINT('',(0.155826441230807,0.109,-0.098719587192245));
#11181=CARTESIAN_POINT('',(0.155826441230807,0.109,-0.098719587192245));
#11182=CARTESIAN_POINT('',(0.155826441230807,0.109,-0.098719587192245));
#11183=CARTESIAN_POINT('',(0.156052076696327,0.109,-0.0990151428296955));
#11184=CARTESIAN_POINT('',(0.15615105877632,0.109,-0.0992667950728688));
#11185=CARTESIAN_POINT('',(0.154861801230667,0.109,-0.0976573285139278));
#11186=CARTESIAN_POINT('',(0.154861801230667,0.1095,-0.0976573285139278));
#11187=CARTESIAN_POINT('',(0.155354470920414,0.109,-0.0981684638745057));
#11188=CARTESIAN_POINT('',(0.155354470920414,0.1095,-0.0981684638745057));
#11189=CARTESIAN_POINT('',(0.155676017587127,0.109,-0.0985225501006114));
#11190=CARTESIAN_POINT('',(0.155676017587127,0.1095,-0.0985225501006114));
#11191=CARTESIAN_POINT('',(0.155826441230807,0.109,-0.098719587192245));
#11192=CARTESIAN_POINT('',(0.155826441230807,0.1095,-0.098719587192245));
#11193=CARTESIAN_POINT('',(0.154861801230667,0.109,-0.0976573285139278));
#11194=CARTESIAN_POINT('',(0.154861801230667,0.109,-0.0976573285139278));
#11195=CARTESIAN_POINT('',(0.154861801230667,0.109,-0.0976573285139278));
#11196=CARTESIAN_POINT('',(0.155600805765287,0.109,-0.0984240315547946));
#11197=CARTESIAN_POINT('',(0.155826441230807,0.109,-0.098719587192245));
#11198=CARTESIAN_POINT('',(0.154030709397174,0.109,-0.0968060983479151));
#11199=CARTESIAN_POINT('',(0.153199617563681,0.109,-0.0959548681819024));
#11200=CARTESIAN_POINT('',(0.153199617563681,0.109,-0.0959548681819024));
#11201=CARTESIAN_POINT('',(0.154030709397174,0.109,-0.0968060983479151));
#11202=CARTESIAN_POINT('',(0.153202934880286,0.109,-0.095464599235039));
#11203=CARTESIAN_POINT('',(0.153202934880286,0.109,-0.095464599235039));
#11204=CARTESIAN_POINT('',(0.0964861329871804,0.109,-0.055));
#11205=CARTESIAN_POINT('',(0.150655686366185,0.109,-0.0949570723434568));
#11206=CARTESIAN_POINT('',(0.151360447977301,0.109,-0.0949618409860765));
#11207=CARTESIAN_POINT('',(0.151360447977301,0.109,-0.0949618409860765));
#11208=CARTESIAN_POINT('',(0.150655686366185,0.109,-0.0949570723434568));
#11209=CARTESIAN_POINT('',(0.149950924755069,0.109,-0.0949523037008371));
#11210=CARTESIAN_POINT('',(0.149950924755069,0.109,-0.0949523037008371));
#11211=CARTESIAN_POINT('',(0.151337893186277,0.109,-0.0982952320846162));
#11212=CARTESIAN_POINT('',(0.151315338395253,0.109,-0.101628623183156));
#11213=CARTESIAN_POINT('',(0.151315338395253,0.109,-0.101628623183156));
#11214=CARTESIAN_POINT('',(0.151337893186277,0.109,-0.0982952320846162));
#11215=CARTESIAN_POINT('',(0.150736062288393,0.109,-0.10162470361562));
#11216=CARTESIAN_POINT('',(0.150156786181534,0.109,-0.101620784048083));
#11217=CARTESIAN_POINT('',(0.150156786181534,0.109,-0.101620784048083));
#11218=CARTESIAN_POINT('',(0.150736062288393,0.109,-0.10162470361562));
#11219=CARTESIAN_POINT('',(0.149088649284627,0.109,-0.100758465155574));
#11220=CARTESIAN_POINT('',(0.148020512387719,0.109,-0.0998961462630643));
#11221=CARTESIAN_POINT('',(0.148020512387719,0.109,-0.0998961462630643));
#11222=CARTESIAN_POINT('',(0.149088649284627,0.109,-0.100758465155574));
#11223=CARTESIAN_POINT('',(0.148363358652877,0.109,-0.0994745683038534));
#11224=CARTESIAN_POINT('',(0.148706204918034,0.109,-0.0990529903446426));
#11225=CARTESIAN_POINT('',(0.148706204918034,0.109,-0.0990529903446426));
#11226=CARTESIAN_POINT('',(0.148363358652877,0.109,-0.0994745683038534));
#11227=CARTESIAN_POINT('',(0.149087144336927,0.109,-0.0993634592238003));
#11228=CARTESIAN_POINT('',(0.14946808375582,0.109,-0.099673928102958));
#11229=CARTESIAN_POINT('',(0.14946808375582,0.109,-0.099673928102958));
#11230=CARTESIAN_POINT('',(0.149087144336927,0.109,-0.0993634592238003));
#11231=CARTESIAN_POINT('',(0.149952324450825,0.109,-0.100136852811315));
#11232=CARTESIAN_POINT('',(0.149952324450825,0.1095,-0.100136852811315));
#11233=CARTESIAN_POINT('',(0.149720442722131,0.109,-0.0999018117334731));
#11234=CARTESIAN_POINT('',(0.149720442722131,0.1095,-0.0999018117334731));
#11235=CARTESIAN_POINT('',(0.149559029157129,0.109,-0.0997475034973541));
#11236=CARTESIAN_POINT('',(0.149559029157129,0.1095,-0.0997475034973541));
#11237=CARTESIAN_POINT('',(0.14946808375582,0.109,-0.099673928102958));
#11238=CARTESIAN_POINT('',(0.14946808375582,0.1095,-0.099673928102958));
#11239=CARTESIAN_POINT('',(0.149952324450825,0.109,-0.100136852811315));
#11240=CARTESIAN_POINT('',(0.149952324450825,0.109,-0.100136852811315));
#11241=CARTESIAN_POINT('',(0.149952324450825,0.109,-0.100136852811315));
#11242=CARTESIAN_POINT('',(0.149604501857783,0.109,-0.0997842911945521));
#11243=CARTESIAN_POINT('',(0.14946808375582,0.109,-0.099673928102958));
#11244=CARTESIAN_POINT('',(0.149943725776992,0.109,-0.0997902344935932));
#11245=CARTESIAN_POINT('',(0.14993512710316,0.109,-0.0994436161758712));
#11246=CARTESIAN_POINT('',(0.14993512710316,0.109,-0.0994436161758712));
#11247=CARTESIAN_POINT('',(0.149943725776992,0.109,-0.0997902344935932));
#11248=CARTESIAN_POINT('',(0.149929973867948,0.109,-0.0991269347828582));
#11249=CARTESIAN_POINT('',(0.149924820632737,0.109,-0.0988102533898452));
#11250=CARTESIAN_POINT('',(0.149924820632737,0.109,-0.0988102533898452));
#11251=CARTESIAN_POINT('',(0.149929973867948,0.109,-0.0991269347828582));
#11252=CARTESIAN_POINT('',(0.149937872693903,0.109,-0.0968812785453411));
#11253=CARTESIAN_POINT('',(0.149937872693903,0.109,-0.0968812785453411));
#11254=CARTESIAN_POINT('',(0.0964861329871804,0.109,-0.055));
#11255=CARTESIAN_POINT('',(0.0411754340277778,0.109,-0.0716594618055554));
#11256=CARTESIAN_POINT('',(0.0411754340277778,0.1095,-0.0716594618055554));
#11257=CARTESIAN_POINT('',(0.0407876591435185,0.109,-0.0716594618055554));
#11258=CARTESIAN_POINT('',(0.0407876591435185,0.1095,-0.0716594618055554));
#11259=CARTESIAN_POINT('',(0.0404874348958334,0.109,-0.0715137803819443));
#11260=CARTESIAN_POINT('',(0.0404874348958334,0.1095,-0.0715137803819443));
#11261=CARTESIAN_POINT('',(0.0402747612847223,0.109,-0.0712224175347221));
#11262=CARTESIAN_POINT('',(0.0402747612847223,0.1095,-0.0712224175347221));
#11263=CARTESIAN_POINT('',(0.0411754340277778,0.109,-0.0716594618055554));
#11264=CARTESIAN_POINT('',(0.0411754340277778,0.109,-0.0716594618055554));
#11265=CARTESIAN_POINT('',(0.0411754340277778,0.109,-0.0716594618055554));
#11266=CARTESIAN_POINT('',(0.0405937717013889,0.109,-0.0716594618055554));
#11267=CARTESIAN_POINT('',(0.0402747612847223,0.109,-0.0712224175347221));
#11268=CARTESIAN_POINT('',(0.0402747612847223,0.109,-0.0712224175347221));
#11269=CARTESIAN_POINT('',(0.0402747612847223,0.109,-0.0712224175347221));
#11270=CARTESIAN_POINT('',(0.0411617033120127,0.109,-0.0700247511894662));
#11271=CARTESIAN_POINT('',(0.0417166883680556,0.109,-0.0715632269965276));
#11272=CARTESIAN_POINT('',(0.0417166286328433,0.109,-0.0715630646363575));
#11273=CARTESIAN_POINT('',(0.0411617033120127,0.109,-0.0700247511894662));
#11274=CARTESIAN_POINT('',(0.0398821750755795,0.109000000000002,-0.0663318320270472));
#11275=CARTESIAN_POINT('',(0.0422653680131921,0.109,-0.071337215137396));
#11276=CARTESIAN_POINT('',(0.0422653680131921,0.109,-0.071337215137396));
#11277=CARTESIAN_POINT('',(0.0398821750755795,0.109,-0.0663318320270472));
#11278=CARTESIAN_POINT('',(0.042431271701389,0.109,-0.071756228298611));
#11279=CARTESIAN_POINT('',(0.0425971571180556,0.109,-0.0721751953124999));
#11280=CARTESIAN_POINT('',(0.0425971571180556,0.109,-0.0721751953124999));
#11281=CARTESIAN_POINT('',(0.042431271701389,0.109,-0.071756228298611));
#11282=CARTESIAN_POINT('',(0.0411754340277778,0.109,-0.0725165364583332));
#11283=CARTESIAN_POINT('',(0.0411754340277778,0.1095,-0.0725165364583332));
#11284=CARTESIAN_POINT('',(0.0416468605324074,0.109,-0.0725165364583332));
#11285=CARTESIAN_POINT('',(0.0416468605324074,0.1095,-0.0725165364583332));
#11286=CARTESIAN_POINT('',(0.0421207682291667,0.109,-0.0724027560763888));
#11287=CARTESIAN_POINT('',(0.0421207682291667,0.1095,-0.0724027560763888));
#11288=CARTESIAN_POINT('',(0.0425971571180556,0.109,-0.0721751953124999));
#11289=CARTESIAN_POINT('',(0.0425971571180556,0.1095,-0.0721751953124999));
#11290=CARTESIAN_POINT('',(0.0411754340277778,0.109,-0.0725165364583332));
#11291=CARTESIAN_POINT('',(0.0411754340277778,0.109,-0.0725165364583332));
#11292=CARTESIAN_POINT('',(0.0411754340277778,0.109,-0.0725165364583332));
#11293=CARTESIAN_POINT('',(0.0418825737847223,0.109,-0.0725165364583332));
#11294=CARTESIAN_POINT('',(0.0425971571180556,0.109,-0.0721751953124999));
#11295=CARTESIAN_POINT('',(0.0399642578125,0.109,-0.0722129448784721));
#11296=CARTESIAN_POINT('',(0.0399642578125,0.1095,-0.0722129448784721));
#11297=CARTESIAN_POINT('',(0.0403087890625,0.109,-0.0724153392650462));
#11298=CARTESIAN_POINT('',(0.0403087890625,0.1095,-0.0724153392650462));
#11299=CARTESIAN_POINT('',(0.0407125144675926,0.109,-0.0725165364583332));
#11300=CARTESIAN_POINT('',(0.0407125144675926,0.1095,-0.0725165364583332));
#11301=CARTESIAN_POINT('',(0.0411754340277778,0.109,-0.0725165364583332));
#11302=CARTESIAN_POINT('',(0.0411754340277778,0.1095,-0.0725165364583332));
#11303=CARTESIAN_POINT('',(0.0399642578125,0.109,-0.0722129448784721));
#11304=CARTESIAN_POINT('',(0.0399642578125,0.109,-0.0722129448784721));
#11305=CARTESIAN_POINT('',(0.0399642578125,0.109,-0.0722129448784721));
#11306=CARTESIAN_POINT('',(0.0404810546875,0.109,-0.0725165364583332));
#11307=CARTESIAN_POINT('',(0.0411754340277778,0.109,-0.0725165364583332));
#11308=CARTESIAN_POINT('',(0.0391715169270834,0.109,-0.0713393880208332));
#11309=CARTESIAN_POINT('',(0.0391715169270834,0.1095,-0.0713393880208332));
#11310=CARTESIAN_POINT('',(0.0393554796006945,0.109,-0.0717193648726851));
#11311=CARTESIAN_POINT('',(0.0393554796006945,0.1095,-0.0717193648726851));
#11312=CARTESIAN_POINT('',(0.0396197265625,0.109,-0.072010550491898));
#11313=CARTESIAN_POINT('',(0.0396197265625,0.1095,-0.072010550491898));
#11314=CARTESIAN_POINT('',(0.0399642578125,0.109,-0.0722129448784721));
#11315=CARTESIAN_POINT('',(0.0399642578125,0.1095,-0.0722129448784721));
#11316=CARTESIAN_POINT('',(0.0391715169270834,0.109,-0.0713393880208332));
#11317=CARTESIAN_POINT('',(0.0391715169270834,0.109,-0.0713393880208332));
#11318=CARTESIAN_POINT('',(0.0391715169270834,0.109,-0.0713393880208332));
#11319=CARTESIAN_POINT('',(0.0394474609375,0.109,-0.071909353298611));
#11320=CARTESIAN_POINT('',(0.0399642578125,0.109,-0.0722129448784721));
#11321=CARTESIAN_POINT('',(0.0388955729166666,0.109,-0.0700112413194443));
#11322=CARTESIAN_POINT('',(0.0388955729166666,0.1095,-0.0700112413194443));
#11323=CARTESIAN_POINT('',(0.0388955729166666,0.109,-0.0705166956018517));
#11324=CARTESIAN_POINT('',(0.0388955729166666,0.1095,-0.0705166956018517));
#11325=CARTESIAN_POINT('',(0.0389875542534722,0.109,-0.0709594111689813));
#11326=CARTESIAN_POINT('',(0.0389875542534722,0.1095,-0.0709594111689813));
#11327=CARTESIAN_POINT('',(0.0391715169270834,0.109,-0.0713393880208332));
#11328=CARTESIAN_POINT('',(0.0391715169270834,0.1095,-0.0713393880208332));
#11329=CARTESIAN_POINT('',(0.0388955729166666,0.109,-0.0700112413194443));
#11330=CARTESIAN_POINT('',(0.0388955729166666,0.109,-0.0700112413194443));
#11331=CARTESIAN_POINT('',(0.0388955729166666,0.109,-0.0700112413194443));
#11332=CARTESIAN_POINT('',(0.0388955729166666,0.109,-0.0707694227430554));
#11333=CARTESIAN_POINT('',(0.0391715169270834,0.109,-0.0713393880208332));
#11334=CARTESIAN_POINT('',(0.03945703125,0.109,-0.0681652343749998));
#11335=CARTESIAN_POINT('',(0.03945703125,0.1095,-0.0681652343749998));
#11336=CARTESIAN_POINT('',(0.0390827256944444,0.109,-0.0685941261574073));
#11337=CARTESIAN_POINT('',(0.0390827256944444,0.1095,-0.0685941261574073));
#11338=CARTESIAN_POINT('',(0.0388955729166666,0.109,-0.0692094618055554));
#11339=CARTESIAN_POINT('',(0.0388955729166666,0.1095,-0.0692094618055554));
#11340=CARTESIAN_POINT('',(0.0388955729166666,0.109,-0.0700112413194443));
#11341=CARTESIAN_POINT('',(0.0388955729166666,0.1095,-0.0700112413194443));
#11342=CARTESIAN_POINT('',(0.03945703125,0.109,-0.0681652343749998));
#11343=CARTESIAN_POINT('',(0.03945703125,0.109,-0.0681652343749998));
#11344=CARTESIAN_POINT('',(0.03945703125,0.109,-0.0681652343749998));
#11345=CARTESIAN_POINT('',(0.0388955729166666,0.109,-0.068808572048611));
#11346=CARTESIAN_POINT('',(0.0388955729166666,0.109,-0.0700112413194443));
#11347=CARTESIAN_POINT('',(0.0410786675347223,0.109,-0.0675218967013887));
#11348=CARTESIAN_POINT('',(0.0410786675347223,0.1095,-0.0675218967013887));
#11349=CARTESIAN_POINT('',(0.0403718822337963,0.109,-0.0675218967013887));
#11350=CARTESIAN_POINT('',(0.0403718822337963,0.1095,-0.0675218967013887));
#11351=CARTESIAN_POINT('',(0.0398313368055556,0.109,-0.0677363425925924));
#11352=CARTESIAN_POINT('',(0.0398313368055556,0.1095,-0.0677363425925924));
#11353=CARTESIAN_POINT('',(0.03945703125,0.109,-0.0681652343749998));
#11354=CARTESIAN_POINT('',(0.03945703125,0.1095,-0.0681652343749998));
#11355=CARTESIAN_POINT('',(0.0410786675347223,0.109,-0.0675218967013887));
#11356=CARTESIAN_POINT('',(0.0410786675347223,0.109,-0.0675218967013887));
#11357=CARTESIAN_POINT('',(0.0410786675347223,0.109,-0.0675218967013887));
#11358=CARTESIAN_POINT('',(0.0400184895833333,0.109,-0.0675218967013887));
#11359=CARTESIAN_POINT('',(0.03945703125,0.109,-0.0681652343749998));
#11360=CARTESIAN_POINT('',(0.0424142578125001,0.109,-0.0677717881944443));
#11361=CARTESIAN_POINT('',(0.0424142578125001,0.1095,-0.0677717881944443));
#11362=CARTESIAN_POINT('',(0.0420158492476852,0.109,-0.0676051938657406));
#11363=CARTESIAN_POINT('',(0.0420158492476852,0.1095,-0.0676051938657406));
#11364=CARTESIAN_POINT('',(0.0415706524884259,0.109,-0.0675218967013887));
#11365=CARTESIAN_POINT('',(0.0415706524884259,0.1095,-0.0675218967013887));
#11366=CARTESIAN_POINT('',(0.0410786675347223,0.109,-0.0675218967013887));
#11367=CARTESIAN_POINT('',(0.0410786675347223,0.1095,-0.0675218967013887));
#11368=CARTESIAN_POINT('',(0.0424142578125001,0.109,-0.0677717881944443));
#11369=CARTESIAN_POINT('',(0.0424142578125001,0.109,-0.0677717881944443));
#11370=CARTESIAN_POINT('',(0.0424142578125001,0.109,-0.0677717881944443));
#11371=CARTESIAN_POINT('',(0.0418166449652778,0.109,-0.0675218967013887));
#11372=CARTESIAN_POINT('',(0.0410786675347223,0.109,-0.0675218967013887));
#11373=CARTESIAN_POINT('',(0.0424142578125001,0.109,-0.0682035156249998));
#11374=CARTESIAN_POINT('',(0.0424142578125001,0.109,-0.0686352430555554));
#11375=CARTESIAN_POINT('',(0.0424142578125001,0.109,-0.0686352430555554));
#11376=CARTESIAN_POINT('',(0.0424142578125001,0.109,-0.0682035156249998));
#11377=CARTESIAN_POINT('',(0.0411754340277778,0.109,-0.0683800347222221));
#11378=CARTESIAN_POINT('',(0.0411754340277778,0.1095,-0.0683800347222221));
#11379=CARTESIAN_POINT('',(0.0415164207175926,0.109,-0.0683800347222221));
#11380=CARTESIAN_POINT('',(0.0415164207175926,0.1095,-0.0683800347222221));
#11381=CARTESIAN_POINT('',(0.0419293619791667,0.109,-0.0684651041666665));
#11382=CARTESIAN_POINT('',(0.0419293619791667,0.1095,-0.0684651041666665));
#11383=CARTESIAN_POINT('',(0.0424142578125001,0.109,-0.0686352430555554));
#11384=CARTESIAN_POINT('',(0.0424142578125001,0.1095,-0.0686352430555554));
#11385=CARTESIAN_POINT('',(0.0411754340277778,0.109,-0.0683800347222221));
#11386=CARTESIAN_POINT('',(0.0411754340277778,0.109,-0.0683800347222221));
#11387=CARTESIAN_POINT('',(0.0411754340277778,0.109,-0.0683800347222221));
#11388=CARTESIAN_POINT('',(0.0416869140625,0.109,-0.0683800347222221));
#11389=CARTESIAN_POINT('',(0.0424142578125001,0.109,-0.0686352430555554));
#11390=CARTESIAN_POINT('',(0.0399557508680555,0.109,-0.070004861111111));
#11391=CARTESIAN_POINT('',(0.0399557508680555,0.1095,-0.070004861111111));
#11392=CARTESIAN_POINT('',(0.0399557508680555,0.109,-0.0689216435185184));
#11393=CARTESIAN_POINT('',(0.0399557508680555,0.1095,-0.0689216435185184));
#11394=CARTESIAN_POINT('',(0.0403623119212963,0.109,-0.0683800347222221));
#11395=CARTESIAN_POINT('',(0.0403623119212963,0.1095,-0.0683800347222221));
#11396=CARTESIAN_POINT('',(0.0411754340277778,0.109,-0.0683800347222221));
#11397=CARTESIAN_POINT('',(0.0411754340277778,0.1095,-0.0683800347222221));
#11398=CARTESIAN_POINT('',(0.0399557508680555,0.109,-0.070004861111111));
#11399=CARTESIAN_POINT('',(0.0399557508680555,0.109,-0.070004861111111));
#11400=CARTESIAN_POINT('',(0.0399557508680555,0.109,-0.070004861111111));
#11401=CARTESIAN_POINT('',(0.0399557508680555,0.109,-0.0683800347222221));
#11402=CARTESIAN_POINT('',(0.0411754340277778,0.109,-0.0683800347222221));
#11403=CARTESIAN_POINT('',(0.0402747612847223,0.109,-0.0712224175347221));
#11404=CARTESIAN_POINT('',(0.0402747612847223,0.1095,-0.0712224175347221));
#11405=CARTESIAN_POINT('',(0.0400620876736111,0.109,-0.0709310546874998));
#11406=CARTESIAN_POINT('',(0.0400620876736111,0.1095,-0.0709310546874998));
#11407=CARTESIAN_POINT('',(0.0399557508680555,0.109,-0.0705252025462961));
#11408=CARTESIAN_POINT('',(0.0399557508680555,0.1095,-0.0705252025462961));
#11409=CARTESIAN_POINT('',(0.0399557508680555,0.109,-0.070004861111111));
#11410=CARTESIAN_POINT('',(0.0399557508680555,0.1095,-0.070004861111111));
#11411=CARTESIAN_POINT('',(0.0402747612847223,0.109,-0.0712224175347221));
#11412=CARTESIAN_POINT('',(0.0399557508680555,0.109,-0.0707853732638887));
#11413=CARTESIAN_POINT('',(0.0399557508680555,0.109,-0.070004861111111));
#11414=CARTESIAN_POINT('',(0.0462620146721602,0.109,-0.055));
#11415=CARTESIAN_POINT('',(0.0531986827056177,0.109,-0.0942976470655864));
#11416=CARTESIAN_POINT('',(0.0539034443167338,0.109,-0.0943024157082061));
#11417=CARTESIAN_POINT('',(0.0539034443167338,0.109,-0.0943024157082061));
#11418=CARTESIAN_POINT('',(0.0531986827056177,0.109,-0.0942976470655864));
#11419=CARTESIAN_POINT('',(0.0524939210945016,0.109,-0.0942928784229668));
#11420=CARTESIAN_POINT('',(0.0524939210945016,0.109,-0.0942928784229668));
#11421=CARTESIAN_POINT('',(0.0538808895257096,0.109,-0.0976358068067458));
#11422=CARTESIAN_POINT('',(0.0538583347346855,0.109,-0.100969197905286));
#11423=CARTESIAN_POINT('',(0.0538583347346855,0.109,-0.100969197905286));
#11424=CARTESIAN_POINT('',(0.0538808895257096,0.109,-0.0976358068067458));
#11425=CARTESIAN_POINT('',(0.0532790586278261,0.109,-0.100965278337749));
#11426=CARTESIAN_POINT('',(0.0526997825209667,0.109,-0.100961358770213));
#11427=CARTESIAN_POINT('',(0.0526997825209667,0.109,-0.100961358770213));
#11428=CARTESIAN_POINT('',(0.0532790586278261,0.109,-0.100965278337749));
#11429=CARTESIAN_POINT('',(0.0516316456240593,0.109,-0.100099039877703));
#11430=CARTESIAN_POINT('',(0.0505635087271518,0.109,-0.0992367209851939));
#11431=CARTESIAN_POINT('',(0.0505635087271518,0.109,-0.0992367209851939));
#11432=CARTESIAN_POINT('',(0.0516316456240593,0.109,-0.100099039877703));
#11433=CARTESIAN_POINT('',(0.0509063549923093,0.109,-0.0988151430259831));
#11434=CARTESIAN_POINT('',(0.0512492012574668,0.109,-0.0983935650667723));
#11435=CARTESIAN_POINT('',(0.0512492012574668,0.109,-0.0983935650667723));
#11436=CARTESIAN_POINT('',(0.0509063549923093,0.109,-0.0988151430259831));
#11437=CARTESIAN_POINT('',(0.0516301406763596,0.109,-0.0987040339459299));
#11438=CARTESIAN_POINT('',(0.0520110800952523,0.109,-0.0990145028250876));
#11439=CARTESIAN_POINT('',(0.0520110800952523,0.109,-0.0990145028250876));
#11440=CARTESIAN_POINT('',(0.0516301406763596,0.109,-0.0987040339459299));
#11441=CARTESIAN_POINT('',(0.0524953207902577,0.109,-0.0994774275334449));
#11442=CARTESIAN_POINT('',(0.0524953207902577,0.1095,-0.0994774275334449));
#11443=CARTESIAN_POINT('',(0.0522634390615632,0.109,-0.0992423864556028));
#11444=CARTESIAN_POINT('',(0.0522634390615632,0.1095,-0.0992423864556028));
#11445=CARTESIAN_POINT('',(0.0521020254965614,0.109,-0.0990880782194837));
#11446=CARTESIAN_POINT('',(0.0521020254965614,0.1095,-0.0990880782194837));
#11447=CARTESIAN_POINT('',(0.0520110800952523,0.109,-0.0990145028250876));
#11448=CARTESIAN_POINT('',(0.0520110800952523,0.1095,-0.0990145028250876));
#11449=CARTESIAN_POINT('',(0.0524953207902577,0.109,-0.0994774275334449));
#11450=CARTESIAN_POINT('',(0.0524953207902577,0.109,-0.0994774275334449));
#11451=CARTESIAN_POINT('',(0.0524953207902577,0.109,-0.0994774275334449));
#11452=CARTESIAN_POINT('',(0.052147498197216,0.109,-0.0991248659166817));
#11453=CARTESIAN_POINT('',(0.0520110800952523,0.109,-0.0990145028250876));
#11454=CARTESIAN_POINT('',(0.052486722116425,0.109,-0.0991308092157229));
#11455=CARTESIAN_POINT('',(0.0524781234425923,0.109,-0.0987841908980009));
#11456=CARTESIAN_POINT('',(0.0524781234425923,0.109,-0.0987841908980009));
#11457=CARTESIAN_POINT('',(0.052486722116425,0.109,-0.0991308092157229));
#11458=CARTESIAN_POINT('',(0.0524729702073809,0.109,-0.0984675095049879));
#11459=CARTESIAN_POINT('',(0.0524678169721694,0.109,-0.0981508281119748));
#11460=CARTESIAN_POINT('',(0.0524678169721694,0.109,-0.0981508281119748));
#11461=CARTESIAN_POINT('',(0.0524729702073809,0.109,-0.0984675095049879));
#11462=CARTESIAN_POINT('',(0.0524808690333355,0.109,-0.0962218532674708));
#11463=CARTESIAN_POINT('',(0.0524808690333355,0.109,-0.0962218532674708));
#11464=CARTESIAN_POINT('',(0.0964861329871804,0.109,-0.055));
#11465=CARTESIAN_POINT('',(0.062932564088134,0.109,-0.0943635096223482));
#11466=CARTESIAN_POINT('',(0.0652628007195054,0.109,-0.094379276749188));
#11467=CARTESIAN_POINT('',(0.0652628007195054,0.109,-0.094379276749188));
#11468=CARTESIAN_POINT('',(0.062932564088134,0.109,-0.0943635096223482));
#11469=CARTESIAN_POINT('',(0.0606023274567626,0.109,-0.0943477424955084));
#11470=CARTESIAN_POINT('',(0.0606023274567626,0.109,-0.0943477424955084));
#11471=CARTESIAN_POINT('',(0.0652587873587913,0.109,-0.0949724146268664));
#11472=CARTESIAN_POINT('',(0.0652547739980772,0.109,-0.0955655525045449));
#11473=CARTESIAN_POINT('',(0.0652547739980772,0.109,-0.0955655525045449));
#11474=CARTESIAN_POINT('',(0.0652587873587913,0.109,-0.0949724146268664));
#11475=CARTESIAN_POINT('',(0.0638022063296175,0.109,-0.095555723966806));
#11476=CARTESIAN_POINT('',(0.0623496386611577,0.109,-0.0955458954290671));
#11477=CARTESIAN_POINT('',(0.0623496386611577,0.109,-0.0955458954290671));
#11478=CARTESIAN_POINT('',(0.0638022063296175,0.109,-0.095555723966806));
#11479=CARTESIAN_POINT('',(0.0623494263923869,0.109,-0.0955772668051312));
#11480=CARTESIAN_POINT('',(0.062349214123616,0.109,-0.0956086381811954));
#11481=CARTESIAN_POINT('',(0.062349214123616,0.109,-0.0956086381811954));
#11482=CARTESIAN_POINT('',(0.0623494263923869,0.109,-0.0955772668051312));
#11483=CARTESIAN_POINT('',(0.0627754695769986,0.109,-0.0960149913207477));
#11484=CARTESIAN_POINT('',(0.0632017250303812,0.109,-0.0964213444603001));
#11485=CARTESIAN_POINT('',(0.0632017250303812,0.109,-0.0964213444603001));
#11486=CARTESIAN_POINT('',(0.0627754695769986,0.109,-0.0960149913207477));
#11487=CARTESIAN_POINT('',(0.0643900349697285,0.109,-0.0976383326212893));
#11488=CARTESIAN_POINT('',(0.0643900349697285,0.1095,-0.0976383326212893));
#11489=CARTESIAN_POINT('',(0.064165294921821,0.109,-0.097354213447018));
#11490=CARTESIAN_POINT('',(0.064165294921821,0.1095,-0.097354213447018));
#11491=CARTESIAN_POINT('',(0.0637691916087052,0.109,-0.0969485507266882));
#11492=CARTESIAN_POINT('',(0.0637691916087052,0.1095,-0.0969485507266882));
#11493=CARTESIAN_POINT('',(0.0632017250303812,0.109,-0.0964213444603001));
#11494=CARTESIAN_POINT('',(0.0632017250303812,0.1095,-0.0964213444603001));
#11495=CARTESIAN_POINT('',(0.0643900349697285,0.109,-0.0976383326212893));
#11496=CARTESIAN_POINT('',(0.0643900349697285,0.109,-0.0976383326212893));
#11497=CARTESIAN_POINT('',(0.0643900349697285,0.109,-0.0976383326212893));
#11498=CARTESIAN_POINT('',(0.0640529248978672,0.109,-0.0972121538598823));
#11499=CARTESIAN_POINT('',(0.0632017250303812,0.109,-0.0964213444603001));
#11500=CARTESIAN_POINT('',(0.0648863790149844,0.109,-0.098469057769455));
#11501=CARTESIAN_POINT('',(0.0648863790149844,0.1095,-0.098469057769455));
#11502=CARTESIAN_POINT('',(0.0647802230327214,0.109,-0.0981993601782826));
#11503=CARTESIAN_POINT('',(0.0647802230327214,0.1095,-0.0981993601782826));
#11504=CARTESIAN_POINT('',(0.0646147750176361,0.109,-0.0979224517955607));
#11505=CARTESIAN_POINT('',(0.0646147750176361,0.1095,-0.0979224517955607));
#11506=CARTESIAN_POINT('',(0.0643900349697285,0.109,-0.0976383326212893));
#11507=CARTESIAN_POINT('',(0.0643900349697285,0.1095,-0.0976383326212893));
#11508=CARTESIAN_POINT('',(0.0648863790149844,0.109,-0.098469057769455));
#11509=CARTESIAN_POINT('',(0.0648863790149844,0.109,-0.098469057769455));
#11510=CARTESIAN_POINT('',(0.0648863790149844,0.109,-0.098469057769455));
#11511=CARTESIAN_POINT('',(0.0647271450415899,0.109,-0.0980645113826964));
#11512=CARTESIAN_POINT('',(0.0643900349697285,0.109,-0.0976383326212893));
#11513=CARTESIAN_POINT('',(0.0627438755770386,0.109,-0.099300034169264));
#11514=CARTESIAN_POINT('',(0.0650424931310956,0.109,-0.0993346904276683));
#11515=CARTESIAN_POINT('',(0.0650424931310956,0.109,-0.0993346904276683));
#11516=CARTESIAN_POINT('',(0.0627438755770386,0.109,-0.099300034169264));
#11517=CARTESIAN_POINT('',(0.0647713070980866,0.109,-0.100271851065593));
#11518=CARTESIAN_POINT('',(0.0647713070980866,0.1095,-0.100271851065593));
#11519=CARTESIAN_POINT('',(0.0649497151109438,0.109,-0.0999992149235729));
#11520=CARTESIAN_POINT('',(0.0649497151109438,0.1095,-0.0999992149235729));
#11521=CARTESIAN_POINT('',(0.0650401104552801,0.109,-0.0996868280442646));
#11522=CARTESIAN_POINT('',(0.0650401104552801,0.1095,-0.0996868280442646));
#11523=CARTESIAN_POINT('',(0.0650424931310956,0.109,-0.0993346904276683));
#11524=CARTESIAN_POINT('',(0.0650424931310956,0.1095,-0.0993346904276683));
#11525=CARTESIAN_POINT('',(0.0647713070980866,0.109,-0.100271851065593));
#11526=CARTESIAN_POINT('',(0.0647713070980866,0.109,-0.100271851065593));
#11527=CARTESIAN_POINT('',(0.0647713070980866,0.109,-0.100271851065593));
#11528=CARTESIAN_POINT('',(0.0650389191173724,0.109,-0.0998628968525628));
#11529=CARTESIAN_POINT('',(0.0650424931310956,0.109,-0.0993346904276683));
#11530=CARTESIAN_POINT('',(0.0640235590193915,0.109,-0.100905191813934));
#11531=CARTESIAN_POINT('',(0.0640235590193915,0.1095,-0.100905191813934));
#11532=CARTESIAN_POINT('',(0.0643436497256644,0.109,-0.100755600790394));
#11533=CARTESIAN_POINT('',(0.0643436497256644,0.1095,-0.100755600790394));
#11534=CARTESIAN_POINT('',(0.0645928990852295,0.109,-0.100544487207613));
#11535=CARTESIAN_POINT('',(0.0645928990852295,0.1095,-0.100544487207613));
#11536=CARTESIAN_POINT('',(0.0647713070980866,0.109,-0.100271851065593));
#11537=CARTESIAN_POINT('',(0.0647713070980866,0.1095,-0.100271851065593));
#11538=CARTESIAN_POINT('',(0.0640235590193915,0.109,-0.100905191813934));
#11539=CARTESIAN_POINT('',(0.0640235590193915,0.109,-0.100905191813934));
#11540=CARTESIAN_POINT('',(0.0640235590193915,0.109,-0.100905191813934));
#11541=CARTESIAN_POINT('',(0.0645036950788009,0.109,-0.100680805278624));
#11542=CARTESIAN_POINT('',(0.0647713070980866,0.109,-0.100271851065593));
#11543=CARTESIAN_POINT('',(0.0629189137062395,0.109,-0.101125352719759));
#11544=CARTESIAN_POINT('',(0.0629189137062395,0.1095,-0.101125352719759));
#11545=CARTESIAN_POINT('',(0.0633352532087346,0.109,-0.101128169806083));
#11546=CARTESIAN_POINT('',(0.0633352532087346,0.1095,-0.101128169806083));
#11547=CARTESIAN_POINT('',(0.0637034683131186,0.109,-0.101054782837474));
#11548=CARTESIAN_POINT('',(0.0637034683131186,0.1095,-0.101054782837474));
#11549=CARTESIAN_POINT('',(0.0640235590193915,0.109,-0.100905191813934));
#11550=CARTESIAN_POINT('',(0.0640235590193915,0.1095,-0.100905191813934));
#11551=CARTESIAN_POINT('',(0.0629189137062395,0.109,-0.101125352719759));
#11552=CARTESIAN_POINT('',(0.0629189137062395,0.109,-0.101125352719759));
#11553=CARTESIAN_POINT('',(0.0629189137062395,0.109,-0.101125352719759));
#11554=CARTESIAN_POINT('',(0.0635434229599821,0.109,-0.101129578349244));
#11555=CARTESIAN_POINT('',(0.0640235590193915,0.109,-0.100905191813934));
#11556=CARTESIAN_POINT('',(0.062899265471147,0.109,-0.0974869830086482));
#11557=CARTESIAN_POINT('',(0.0620623044859433,0.109,-0.101026167790876));
#11558=CARTESIAN_POINT('',(0.0620622454111296,0.109,-0.101026422907409));
#11559=CARTESIAN_POINT('',(0.062899265471147,0.109,-0.0974869830086482));
#11560=CARTESIAN_POINT('',(0.0627782708998694,0.109,-0.0981045915291591));
#11561=CARTESIAN_POINT('',(0.0613571559904823,0.109,-0.100755092425705));
#11562=CARTESIAN_POINT('',(0.0613571559904823,0.109,-0.100755092425705));
#11563=CARTESIAN_POINT('',(0.0627782708998694,0.109,-0.0981045915291591));
#11564=CARTESIAN_POINT('',(0.0605455135735279,0.109,-0.100156435559984));
#11565=CARTESIAN_POINT('',(0.0605455135735279,0.1095,-0.100156435559984));
#11566=CARTESIAN_POINT('',(0.0608714366844618,0.109,-0.100438807370287));
#11567=CARTESIAN_POINT('',(0.0608714366844618,0.1095,-0.100438807370287));
#11568=CARTESIAN_POINT('',(0.06114198415678,0.109,-0.10063835965886));
#11569=CARTESIAN_POINT('',(0.06114198415678,0.1095,-0.10063835965886));
#11570=CARTESIAN_POINT('',(0.0613571559904823,0.109,-0.100755092425705));
#11571=CARTESIAN_POINT('',(0.0613571559904823,0.1095,-0.100755092425705));
#11572=CARTESIAN_POINT('',(0.0605455135735279,0.109,-0.100156435559984));
#11573=CARTESIAN_POINT('',(0.0605455135735279,0.109,-0.100156435559984));
#11574=CARTESIAN_POINT('',(0.0605455135735279,0.109,-0.100156435559984));
#11575=CARTESIAN_POINT('',(0.0610343982399288,0.109,-0.100579993275438));
#11576=CARTESIAN_POINT('',(0.0613571559904823,0.109,-0.100755092425705));
#11577=CARTESIAN_POINT('',(0.0609316066807178,0.109,-0.0997052366109788));
#11578=CARTESIAN_POINT('',(0.0613176997879076,0.109,-0.0992540376619738));
#11579=CARTESIAN_POINT('',(0.0613176997879076,0.109,-0.0992540376619738));
#11580=CARTESIAN_POINT('',(0.0609316066807178,0.109,-0.0997052366109788));
#11581=CARTESIAN_POINT('',(0.0620759416968384,0.109,-0.0997655107686089));
#11582=CARTESIAN_POINT('',(0.0620759416968384,0.1095,-0.0997655107686089));
#11583=CARTESIAN_POINT('',(0.0618335557363423,0.109,-0.0996451890609332));
#11584=CARTESIAN_POINT('',(0.0618335557363423,0.1095,-0.0996451890609332));
#11585=CARTESIAN_POINT('',(0.0615808084333653,0.109,-0.0994746980253881));
#11586=CARTESIAN_POINT('',(0.0615808084333653,0.1095,-0.0994746980253881));
#11587=CARTESIAN_POINT('',(0.0613176997879076,0.109,-0.0992540376619738));
#11588=CARTESIAN_POINT('',(0.0613176997879076,0.1095,-0.0992540376619738));
#11589=CARTESIAN_POINT('',(0.0620759416968384,0.109,-0.0997655107686089));
#11590=CARTESIAN_POINT('',(0.0620759416968384,0.109,-0.0997655107686089));
#11591=CARTESIAN_POINT('',(0.0620759416968384,0.109,-0.0997655107686089));
#11592=CARTESIAN_POINT('',(0.0617123627560942,0.109,-0.0995850282070953));
#11593=CARTESIAN_POINT('',(0.0613176997879076,0.109,-0.0992540376619738));
#11594=CARTESIAN_POINT('',(0.0628437342580495,0.109,-0.0982551576414749));
#11595=CARTESIAN_POINT('',(0.0628261910867456,0.109,-0.0999486096661354));
#11596=CARTESIAN_POINT('',(0.0628261910867456,0.109,-0.0999486096661354));
#11597=CARTESIAN_POINT('',(0.0628437342580495,0.109,-0.0982551576414749));
#11598=CARTESIAN_POINT('',(0.063418468177707,0.109,-0.099756354725278));
#11599=CARTESIAN_POINT('',(0.063418468177707,0.1095,-0.099756354725278));
#11600=CARTESIAN_POINT('',(0.0632697240130113,0.109,-0.0998861899261295));
#11601=CARTESIAN_POINT('',(0.0632697240130113,0.1095,-0.0998861899261295));
#11602=CARTESIAN_POINT('',(0.0630722983160242,0.109,-0.0999502749064153));
#11603=CARTESIAN_POINT('',(0.0630722983160242,0.1095,-0.0999502749064153));
#11604=CARTESIAN_POINT('',(0.0628261910867456,0.109,-0.0999486096661354));
#11605=CARTESIAN_POINT('',(0.0628261910867456,0.1095,-0.0999486096661354));
#11606=CARTESIAN_POINT('',(0.063418468177707,0.109,-0.099756354725278));
#11607=CARTESIAN_POINT('',(0.063418468177707,0.109,-0.099756354725278));
#11608=CARTESIAN_POINT('',(0.063418468177707,0.109,-0.099756354725278));
#11609=CARTESIAN_POINT('',(0.0631953519306635,0.109,-0.0999511075265552));
#11610=CARTESIAN_POINT('',(0.0628261910867456,0.109,-0.0999486096661354));
#11611=CARTESIAN_POINT('',(0.0636442994904242,0.109,-0.0991603401371334));
#11612=CARTESIAN_POINT('',(0.0636442994904242,0.1095,-0.0991603401371334));
#11613=CARTESIAN_POINT('',(0.0636424894466417,0.109,-0.0994278479950449));
#11614=CARTESIAN_POINT('',(0.0636424894466417,0.1095,-0.0994278479950449));
#11615=CARTESIAN_POINT('',(0.0635672123424026,0.109,-0.0996265195244265));
#11616=CARTESIAN_POINT('',(0.0635672123424026,0.1095,-0.0996265195244265));
#11617=CARTESIAN_POINT('',(0.063418468177707,0.109,-0.099756354725278));
#11618=CARTESIAN_POINT('',(0.063418468177707,0.1095,-0.099756354725278));
#11619=CARTESIAN_POINT('',(0.0636442994904242,0.109,-0.0991603401371334));
#11620=CARTESIAN_POINT('',(0.0636442962727545,0.109,-0.0991603401120047));
#11621=CARTESIAN_POINT('',(0.0636442994904242,0.109,-0.0991603401371334));
#11622=CARTESIAN_POINT('',(0.0636415844247504,0.109,-0.0995616019240007));
#11623=CARTESIAN_POINT('',(0.063418468177707,0.109,-0.099756354725278));
#11624=CARTESIAN_POINT('',(0.0622622498869456,0.109,-0.0991495468897082));
#11625=CARTESIAN_POINT('',(0.0635471340361915,0.109,-0.0986402072802015));
#11626=CARTESIAN_POINT('',(0.0635471340361915,0.109,-0.0986402072802015));
#11627=CARTESIAN_POINT('',(0.0622622498869456,0.109,-0.0991495468897082));
#11628=CARTESIAN_POINT('',(0.0632225164906787,0.109,-0.0980929993995777));
#11629=CARTESIAN_POINT('',(0.0632225164906787,0.1095,-0.0980929993995777));
#11630=CARTESIAN_POINT('',(0.0633729401343588,0.109,-0.0982900364912114));
#11631=CARTESIAN_POINT('',(0.0633729401343588,0.1095,-0.0982900364912114));
#11632=CARTESIAN_POINT('',(0.0634811459828631,0.109,-0.098472439118086));
#11633=CARTESIAN_POINT('',(0.0634811459828631,0.1095,-0.098472439118086));
#11634=CARTESIAN_POINT('',(0.0635471340361915,0.109,-0.0986402072802015));
#11635=CARTESIAN_POINT('',(0.0635471340361915,0.1095,-0.0986402072802015));
#11636=CARTESIAN_POINT('',(0.0632225164906787,0.109,-0.0980929993995777));
#11637=CARTESIAN_POINT('',(0.0632225164906787,0.109,-0.0980929993995777));
#11638=CARTESIAN_POINT('',(0.0632225164906787,0.109,-0.0980929993995777));
#11639=CARTESIAN_POINT('',(0.0634481519561989,0.109,-0.0983885550370282));
#11640=CARTESIAN_POINT('',(0.0635471340361915,0.109,-0.0986402072802015));
#11641=CARTESIAN_POINT('',(0.062257876490538,0.109,-0.0970307407212606));
#11642=CARTESIAN_POINT('',(0.062257876490538,0.1095,-0.0970307407212606));
#11643=CARTESIAN_POINT('',(0.062750546180285,0.109,-0.0975418760818384));
#11644=CARTESIAN_POINT('',(0.062750546180285,0.1095,-0.0975418760818384));
#11645=CARTESIAN_POINT('',(0.0630720928469986,0.109,-0.0978959623079441));
#11646=CARTESIAN_POINT('',(0.0630720928469986,0.1095,-0.0978959623079441));
#11647=CARTESIAN_POINT('',(0.0632225164906787,0.109,-0.0980929993995777));
#11648=CARTESIAN_POINT('',(0.0632225164906787,0.1095,-0.0980929993995777));
#11649=CARTESIAN_POINT('',(0.062257876490538,0.109,-0.0970307407212606));
#11650=CARTESIAN_POINT('',(0.062257876490538,0.109,-0.0970307407212606));
#11651=CARTESIAN_POINT('',(0.062257876490538,0.109,-0.0970307407212606));
#11652=CARTESIAN_POINT('',(0.0629968810251585,0.109,-0.0977974437621273));
#11653=CARTESIAN_POINT('',(0.0632225164906787,0.109,-0.0980929993995777));
#11654=CARTESIAN_POINT('',(0.0614267846570453,0.109,-0.0961795105552478));
#11655=CARTESIAN_POINT('',(0.0605956928235526,0.109,-0.0953282803892351));
#11656=CARTESIAN_POINT('',(0.0605956928235526,0.109,-0.0953282803892351));
#11657=CARTESIAN_POINT('',(0.0614267846570453,0.109,-0.0961795105552478));
#11658=CARTESIAN_POINT('',(0.0605990101401576,0.109,-0.0948380114423717));
#11659=CARTESIAN_POINT('',(0.0605990101401576,0.109,-0.0948380114423717));
#11660=CARTESIAN_POINT('',(0.0964861329871804,0.109,-0.055));
#11661=CARTESIAN_POINT('',(0.503139163574652,0.109,-0.231978631995818));
#11662=CARTESIAN_POINT('',(0.503139163574652,0.1095,-0.231978631995818));
#11663=CARTESIAN_POINT('',(0.0414870008680556,0.1095,-0.0881203993055556));
#11664=CARTESIAN_POINT('',(0.0409371919246442,0.1095,-0.0898983361369777));
#11665=CARTESIAN_POINT('',(0.0414871821038273,0.109,-0.0881203993055556));
#11666=CARTESIAN_POINT('',(0.0414870008680556,0.109,-0.0881203993055556));
#11667=CARTESIAN_POINT('',(0.503139163574652,0.109,-0.231978631995818));
#11668=CARTESIAN_POINT('',(0.0409371919137484,0.10900000025,-0.0898983361723661));
#11669=CARTESIAN_POINT('',(0.0409372395833333,0.109,-0.0898983506944445));
#11670=CARTESIAN_POINT('',(0.040854296875,0.109,-0.0881203993055556));
#11671=CARTESIAN_POINT('',(0.040854296875,0.1095,-0.0881203993055556));
#11672=CARTESIAN_POINT('',(0.0402215928819444,0.1095,-0.0881203993055556));
#11673=CARTESIAN_POINT('',(0.0402215928819444,0.109,-0.0881203993055556));
#11674=CARTESIAN_POINT('',(0.0402215928819444,0.109,-0.0881203993055556));
#11675=CARTESIAN_POINT('',(0.040854296875,0.109,-0.0881203993055556));
#11676=CARTESIAN_POINT('',(0.0408489800347223,0.109,-0.0902237413194445));
#11677=CARTESIAN_POINT('',(0.0408489800347223,0.1095,-0.0902237413194445));
#11678=CARTESIAN_POINT('',(0.0407759620949074,0.109,-0.0899401765046296));
#11679=CARTESIAN_POINT('',(0.0407759620949074,0.1095,-0.0899401765046296));
#11680=CARTESIAN_POINT('',(0.0405668330439815,0.109,-0.0892390625));
#11681=CARTESIAN_POINT('',(0.0405668330439815,0.1095,-0.0892390625));
#11682=CARTESIAN_POINT('',(0.0402215928819444,0.109,-0.0881203993055556));
#11683=CARTESIAN_POINT('',(0.0402215928819444,0.1095,-0.0881203993055556));
#11684=CARTESIAN_POINT('',(0.0408489800347223,0.1095,-0.0902237413194445));
#11685=CARTESIAN_POINT('',(0.040739453125,0.1095,-0.0897983940972222));
#11686=CARTESIAN_POINT('',(0.0402215928819444,0.1095,-0.0881203993055556));
#11687=CARTESIAN_POINT('',(0.0408489800347223,0.1095,-0.0902237413194445));
#11688=CARTESIAN_POINT('',(0.0408489800347223,0.109,-0.0902237413194445));
#11689=CARTESIAN_POINT('',(0.0408489800347223,0.109,-0.0902237413194445));
#11690=CARTESIAN_POINT('',(0.0408489800347223,0.109,-0.0902237413194445));
#11691=CARTESIAN_POINT('',(0.040739453125,0.109,-0.0897983940972222));
#11692=CARTESIAN_POINT('',(0.0402215928819444,0.109,-0.0881203993055556));
#11693=CARTESIAN_POINT('',(0.0419096896701389,0.109,-0.0866784722222222));
#11694=CARTESIAN_POINT('',(0.0420856770833333,0.109,-0.0861));
#11695=CARTESIAN_POINT('',(0.0420856770833333,0.109,-0.0861));
#11696=CARTESIAN_POINT('',(0.0419096896701389,0.109,-0.0866784722222222));
#11697=CARTESIAN_POINT('',(0.0417337022569444,0.109,-0.0872569444444444));
#11698=CARTESIAN_POINT('',(0.0417337022569444,0.109,-0.0872569444444444));
#11699=CARTESIAN_POINT('',(0.0426407552083333,0.109,-0.0861));
#11700=CARTESIAN_POINT('',(0.0431958333333333,0.109,-0.0861));
#11701=CARTESIAN_POINT('',(0.0431958333333333,0.109,-0.0861));
#11702=CARTESIAN_POINT('',(0.0426407552083333,0.109,-0.0861));
#11703=CARTESIAN_POINT('',(0.0423350368923612,0.109,-0.0885393663194445));
#11704=CARTESIAN_POINT('',(0.0414742404513889,0.109,-0.0909787326388889));
#11705=CARTESIAN_POINT('',(0.0414742404513889,0.109,-0.0909787326388889));
#11706=CARTESIAN_POINT('',(0.0423350368923612,0.109,-0.0885393663194445));
#11707=CARTESIAN_POINT('',(0.0408447265625,0.109,-0.0909787326388889));
#11708=CARTESIAN_POINT('',(0.0402152126736112,0.109,-0.0909787326388889));
#11709=CARTESIAN_POINT('',(0.0402152126736112,0.109,-0.0909787326388889));
#11710=CARTESIAN_POINT('',(0.0408447265625,0.109,-0.0909787326388889));
#11711=CARTESIAN_POINT('',(0.0393576063368056,0.109,-0.0885393663194445));
#11712=CARTESIAN_POINT('',(0.0385,0.109,-0.0861));
#11713=CARTESIAN_POINT('',(0.0385,0.109,-0.0861));
#11714=CARTESIAN_POINT('',(0.0393576063368056,0.109,-0.0885393663194445));
#11715=CARTESIAN_POINT('',(0.039055078125,0.109,-0.0861));
#11716=CARTESIAN_POINT('',(0.03961015625,0.109,-0.0861));
#11717=CARTESIAN_POINT('',(0.03961015625,0.109,-0.0861));
#11718=CARTESIAN_POINT('',(0.039055078125,0.109,-0.0861));
#11719=CARTESIAN_POINT('',(0.0397861436631944,0.109,-0.0866784722222222));
#11720=CARTESIAN_POINT('',(0.0399621310763889,0.109,-0.0872569444444444));
#11721=CARTESIAN_POINT('',(0.0399621310763889,0.109,-0.0872569444444444));
#11722=CARTESIAN_POINT('',(0.0397861436631944,0.109,-0.0866784722222222));
#11723=CARTESIAN_POINT('',(0.0408479166666667,0.109,-0.0872569444444444));
#11724=CARTESIAN_POINT('',(0.0408479166666667,0.109,-0.0872569444444444));
#11725=CARTESIAN_POINT('',(0.0459288062044633,0.109000000000007,-0.0914352115180127));
#11726=CARTESIAN_POINT('',(0.0459288062044633,0.1095,-0.0914352115180127));
#11727=CARTESIAN_POINT('',(0.0459288062044633,0.109,-0.0914352115180127));
#11728=CARTESIAN_POINT('',(0.0462620146721602,0.109,-0.055));
#11729=CARTESIAN_POINT('',(0.0420718532986111,0.109,-0.0607822699652775));
#11730=CARTESIAN_POINT('',(0.0420718532986111,0.1095,-0.0607822699652775));
#11731=CARTESIAN_POINT('',(0.0420718532986111,0.109,-0.061825788483796));
#11732=CARTESIAN_POINT('',(0.0420718532986111,0.1095,-0.061825788483796));
#11733=CARTESIAN_POINT('',(0.0416110604745371,0.109,-0.0623475477430553));
#11734=CARTESIAN_POINT('',(0.0416110604745371,0.1095,-0.0623475477430553));
#11735=CARTESIAN_POINT('',(0.0406894748263889,0.109,-0.0623475477430553));
#11736=CARTESIAN_POINT('',(0.0406894748263889,0.1095,-0.0623475477430553));
#11737=CARTESIAN_POINT('',(0.0420718532986111,0.1095,-0.0607822699652775));
#11738=CARTESIAN_POINT('',(0.0420718532986111,0.1095,-0.0623475477430553));
#11739=CARTESIAN_POINT('',(0.0406894748263889,0.1095,-0.0623475477430553));
#11740=CARTESIAN_POINT('',(0.0420718532986111,0.1095,-0.0607822699652775));
#11741=CARTESIAN_POINT('',(0.0406894748263889,0.1095,-0.0623475477430553));
#11742=CARTESIAN_POINT('',(0.0420718532986111,0.109,-0.0607822699652775));
#11743=CARTESIAN_POINT('',(0.0420718532986111,0.109,-0.0607822699652775));
#11744=CARTESIAN_POINT('',(0.0420718532986111,0.109,-0.0607822699652775));
#11745=CARTESIAN_POINT('',(0.0420718532986111,0.109,-0.0623475477430553));
#11746=CARTESIAN_POINT('',(0.0406894748263889,0.109,-0.0623475477430553));
#11747=CARTESIAN_POINT('',(0.0406894748263889,0.109,-0.0623475477430553));
#11748=CARTESIAN_POINT('',(0.0406894748263889,0.109,-0.0623475477430553));
#11749=CARTESIAN_POINT('',(0.0405831380208333,0.109,-0.0591840277777775));
#11750=CARTESIAN_POINT('',(0.0405831380208333,0.1095,-0.0591840277777775));
#11751=CARTESIAN_POINT('',(0.0415756148726852,0.109,-0.0591840277777775));
#11752=CARTESIAN_POINT('',(0.0415756148726852,0.1095,-0.0591840277777775));
#11753=CARTESIAN_POINT('',(0.0420718532986111,0.109,-0.0597167751736108));
#11754=CARTESIAN_POINT('',(0.0420718532986111,0.1095,-0.0597167751736108));
#11755=CARTESIAN_POINT('',(0.0420718532986111,0.109,-0.0607822699652775));
#11756=CARTESIAN_POINT('',(0.0420718532986111,0.1095,-0.0607822699652775));
#11757=CARTESIAN_POINT('',(0.0405831380208333,0.1095,-0.0591840277777775));
#11758=CARTESIAN_POINT('',(0.0420718532986111,0.1095,-0.0591840277777775));
#11759=CARTESIAN_POINT('',(0.0420718532986111,0.1095,-0.0607822699652775));
#11760=CARTESIAN_POINT('',(0.0405831380208333,0.1095,-0.0591840277777775));
#11761=CARTESIAN_POINT('',(0.0405831380208333,0.109,-0.0591840277777775));
#11762=CARTESIAN_POINT('',(0.0405831380208333,0.109,-0.0591840277777775));
#11763=CARTESIAN_POINT('',(0.0405831380208333,0.109,-0.0591840277777775));
#11764=CARTESIAN_POINT('',(0.0420718532986111,0.109,-0.0591840277777775));
#11765=CARTESIAN_POINT('',(0.0420718532986111,0.109,-0.0607822699652775));
#11766=CARTESIAN_POINT('',(0.0403624891493056,0.109,-0.0591840277777775));
#11767=CARTESIAN_POINT('',(0.0403624891493056,0.1095,-0.0591840277777775));
#11768=CARTESIAN_POINT('',(0.0401418402777778,0.1095,-0.0591840277777775));
#11769=CARTESIAN_POINT('',(0.0401418402777778,0.109,-0.0591840277777775));
#11770=CARTESIAN_POINT('',(0.0401418402777778,0.109,-0.0591840277777775));
#11771=CARTESIAN_POINT('',(0.0403624891493056,0.109,-0.0591840277777775));
#11772=CARTESIAN_POINT('',(0.0401418402777778,0.109,-0.0607657877604164));
#11773=CARTESIAN_POINT('',(0.0401418402777778,0.1095,-0.0607657877604164));
#11774=CARTESIAN_POINT('',(0.0401418402777778,0.1095,-0.0623475477430553));
#11775=CARTESIAN_POINT('',(0.0401418402777778,0.109,-0.0623475477430553));
#11776=CARTESIAN_POINT('',(0.0401418402777778,0.109,-0.0623475477430553));
#11777=CARTESIAN_POINT('',(0.0401418402777778,0.109,-0.0607657877604164));
#11778=CARTESIAN_POINT('',(0.0431426649305556,0.109,-0.0608088541666664));
#11779=CARTESIAN_POINT('',(0.0431426649305556,0.1095,-0.0608088541666664));
#11780=CARTESIAN_POINT('',(0.0431426649305556,0.109,-0.0600092013888887));
#11781=CARTESIAN_POINT('',(0.0431426649305556,0.1095,-0.0600092013888887));
#11782=CARTESIAN_POINT('',(0.0429149269386574,0.109,-0.0593967013888887));
#11783=CARTESIAN_POINT('',(0.0429149269386574,0.1095,-0.0593967013888887));
#11784=CARTESIAN_POINT('',(0.0424594509548612,0.109,-0.0589713541666664));
#11785=CARTESIAN_POINT('',(0.0424594509548612,0.1095,-0.0589713541666664));
#11786=CARTESIAN_POINT('',(0.0431426649305556,0.109,-0.0608088541666664));
#11787=CARTESIAN_POINT('',(0.0431426649305556,0.109,-0.0608088541666664));
#11788=CARTESIAN_POINT('',(0.0431426649305556,0.109,-0.0608088541666664));
#11789=CARTESIAN_POINT('',(0.0431426649305556,0.109,-0.0596093749999998));
#11790=CARTESIAN_POINT('',(0.0424594509548612,0.109,-0.0589713541666664));
#11791=CARTESIAN_POINT('',(0.0424594509548612,0.109,-0.0589713541666664));
#11792=CARTESIAN_POINT('',(0.0424594509548612,0.109,-0.0589713541666664));
#11793=CARTESIAN_POINT('',(0.0424844401041667,0.109,-0.0625639431423609));
#11794=CARTESIAN_POINT('',(0.0424844401041667,0.1095,-0.0625639431423609));
#11795=CARTESIAN_POINT('',(0.0429232566550926,0.109,-0.0621453305844905));
#11796=CARTESIAN_POINT('',(0.0429232566550926,0.1095,-0.0621453305844905));
#11797=CARTESIAN_POINT('',(0.0431426649305556,0.109,-0.0615603009259257));
#11798=CARTESIAN_POINT('',(0.0431426649305556,0.1095,-0.0615603009259257));
#11799=CARTESIAN_POINT('',(0.0431426649305556,0.109,-0.0608088541666664));
#11800=CARTESIAN_POINT('',(0.0431426649305556,0.1095,-0.0608088541666664));
#11801=CARTESIAN_POINT('',(0.0424844401041667,0.109,-0.0625639431423609));
#11802=CARTESIAN_POINT('',(0.0424844401041667,0.109,-0.0625639431423609));
#11803=CARTESIAN_POINT('',(0.0424844401041667,0.109,-0.0625639431423609));
#11804=CARTESIAN_POINT('',(0.0431426649305556,0.109,-0.0619360243055553));
#11805=CARTESIAN_POINT('',(0.0431426649305556,0.109,-0.0608088541666664));
#11806=CARTESIAN_POINT('',(0.0406363064236112,0.109,-0.0631918619791665));
#11807=CARTESIAN_POINT('',(0.0406363064236112,0.1095,-0.0631918619791665));
#11808=CARTESIAN_POINT('',(0.0414295789930556,0.109,-0.0631918619791665));
#11809=CARTESIAN_POINT('',(0.0414295789930556,0.1095,-0.0631918619791665));
#11810=CARTESIAN_POINT('',(0.0420456235532408,0.109,-0.0629825557002313));
#11811=CARTESIAN_POINT('',(0.0420456235532408,0.1095,-0.0629825557002313));
#11812=CARTESIAN_POINT('',(0.0424844401041667,0.109,-0.0625639431423609));
#11813=CARTESIAN_POINT('',(0.0424844401041667,0.1095,-0.0625639431423609));
#11814=CARTESIAN_POINT('',(0.0406363064236112,0.109,-0.0631918619791665));
#11815=CARTESIAN_POINT('',(0.0406363064236112,0.109,-0.0631918619791665));
#11816=CARTESIAN_POINT('',(0.0406363064236112,0.109,-0.0631918619791665));
#11817=CARTESIAN_POINT('',(0.0418262152777778,0.109,-0.0631918619791665));
#11818=CARTESIAN_POINT('',(0.0424844401041667,0.109,-0.0625639431423609));
#11819=CARTESIAN_POINT('',(0.0398738715277778,0.109,-0.0631918619791665));
#11820=CARTESIAN_POINT('',(0.0391114366319444,0.109,-0.0631918619791665));
#11821=CARTESIAN_POINT('',(0.0391114366319444,0.109,-0.0631918619791665));
#11822=CARTESIAN_POINT('',(0.0398738715277778,0.109,-0.0631918619791665));
#11823=CARTESIAN_POINT('',(0.0391114366319444,0.109,-0.0607625976562498));
#11824=CARTESIAN_POINT('',(0.0391114366319444,0.109,-0.0583333333333331));
#11825=CARTESIAN_POINT('',(0.0391114366319444,0.109,-0.0583333333333331));
#11826=CARTESIAN_POINT('',(0.0391114366319444,0.109,-0.0607625976562498));
#11827=CARTESIAN_POINT('',(0.0397994357638889,0.109,-0.0583333333333331));
#11828=CARTESIAN_POINT('',(0.0404874348958333,0.109,-0.0583333333333331));
#11829=CARTESIAN_POINT('',(0.0404874348958333,0.109,-0.0583333333333331));
#11830=CARTESIAN_POINT('',(0.0397994357638889,0.109,-0.0583333333333331));
#11831=CARTESIAN_POINT('',(0.0424594509548612,0.109,-0.0589713541666664));
#11832=CARTESIAN_POINT('',(0.0424594509548612,0.1095,-0.0589713541666664));
#11833=CARTESIAN_POINT('',(0.0420039749710649,0.109,-0.0585460069444442));
#11834=CARTESIAN_POINT('',(0.0420039749710649,0.1095,-0.0585460069444442));
#11835=CARTESIAN_POINT('',(0.0413466362847223,0.109,-0.0583333333333331));
#11836=CARTESIAN_POINT('',(0.0413466362847223,0.1095,-0.0583333333333331));
#11837=CARTESIAN_POINT('',(0.0404874348958333,0.109,-0.0583333333333331));
#11838=CARTESIAN_POINT('',(0.0404874348958333,0.1095,-0.0583333333333331));
#11839=CARTESIAN_POINT('',(0.0424594509548612,0.109,-0.0589713541666664));
#11840=CARTESIAN_POINT('',(0.0417762369791667,0.109,-0.0583333333333331));
#11841=CARTESIAN_POINT('',(0.0404874348958333,0.109,-0.0583333333333331));
#11842=CARTESIAN_POINT('',(0.0404156575520834,0.109,-0.0623475477430553));
#11843=CARTESIAN_POINT('',(0.0404156575520834,0.1095,-0.0623475477430553));
#11844=CARTESIAN_POINT('',(0.0404156575520834,0.109,-0.0623475477430553));
#11845=CARTESIAN_POINT('',(0.0462620146721602,0.109,-0.055));
#11846=CARTESIAN_POINT('',(0.0401418402777778,0.109,-0.0783283745659721));
#11847=CARTESIAN_POINT('',(0.0401418402777778,0.1095,-0.0783283745659721));
#11848=CARTESIAN_POINT('',(0.0401418402777778,0.1095,-0.0789616102430555));
#11849=CARTESIAN_POINT('',(0.0401418402777778,0.1095,-0.0776951388888888));
#11850=CARTESIAN_POINT('',(0.0401418402777778,0.109,-0.0789616102430555));
#11851=CARTESIAN_POINT('',(0.0401418402777778,0.109,-0.0789616102430555));
#11852=CARTESIAN_POINT('',(0.0401418402777778,0.109,-0.0783283745659721));
#11853=CARTESIAN_POINT('',(0.0401418402777778,0.109,-0.0776951388888888));
#11854=CARTESIAN_POINT('',(0.0401418402777778,0.109,-0.0776951388888888));
#11855=CARTESIAN_POINT('',(0.0404608506944445,0.109,-0.0789616102430555));
#11856=CARTESIAN_POINT('',(0.0404608506944445,0.1095,-0.0789616102430555));
#11857=CARTESIAN_POINT('',(0.0407798611111111,0.1095,-0.0789616102430555));
#11858=CARTESIAN_POINT('',(0.0407798611111111,0.109,-0.0789616102430555));
#11859=CARTESIAN_POINT('',(0.0407798611111111,0.109,-0.0789616102430555));
#11860=CARTESIAN_POINT('',(0.0404608506944445,0.109,-0.0789616102430555));
#11861=CARTESIAN_POINT('',(0.0416433159722222,0.109,-0.0783565538194444));
#11862=CARTESIAN_POINT('',(0.0416433159722222,0.1095,-0.0783565538194444));
#11863=CARTESIAN_POINT('',(0.0416433159722222,0.109,-0.0787599247685185));
#11864=CARTESIAN_POINT('',(0.0416433159722222,0.1095,-0.0787599247685185));
#11865=CARTESIAN_POINT('',(0.0413554976851852,0.109,-0.0789616102430555));
#11866=CARTESIAN_POINT('',(0.0413554976851852,0.1095,-0.0789616102430555));
#11867=CARTESIAN_POINT('',(0.0407798611111111,0.109,-0.0789616102430555));
#11868=CARTESIAN_POINT('',(0.0407798611111111,0.1095,-0.0789616102430555));
#11869=CARTESIAN_POINT('',(0.0416433159722222,0.1095,-0.0783565538194444));
#11870=CARTESIAN_POINT('',(0.0416433159722222,0.1095,-0.0789616102430555));
#11871=CARTESIAN_POINT('',(0.0407798611111111,0.1095,-0.0789616102430555));
#11872=CARTESIAN_POINT('',(0.0416433159722222,0.1095,-0.0783565538194444));
#11873=CARTESIAN_POINT('',(0.0416433159722222,0.109,-0.0783565538194444));
#11874=CARTESIAN_POINT('',(0.0416433159722222,0.109,-0.0783565538194444));
#11875=CARTESIAN_POINT('',(0.0416433159722222,0.109,-0.0783565538194444));
#11876=CARTESIAN_POINT('',(0.0416433159722222,0.109,-0.0789616102430555));
#11877=CARTESIAN_POINT('',(0.0407798611111111,0.109,-0.0789616102430555));
#11878=CARTESIAN_POINT('',(0.0414407443576389,0.109,-0.0778578342013888));
#11879=CARTESIAN_POINT('',(0.0414407443576389,0.1095,-0.0778578342013888));
#11880=CARTESIAN_POINT('',(0.0415757921006945,0.109,-0.0779662977430555));
#11881=CARTESIAN_POINT('',(0.0415757921006945,0.1095,-0.0779662977430555));
#11882=CARTESIAN_POINT('',(0.0416433159722222,0.109,-0.0781325376157407));
#11883=CARTESIAN_POINT('',(0.0416433159722222,0.1095,-0.0781325376157407));
#11884=CARTESIAN_POINT('',(0.0416433159722222,0.109,-0.0783565538194444));
#11885=CARTESIAN_POINT('',(0.0416433159722222,0.1095,-0.0783565538194444));
#11886=CARTESIAN_POINT('',(0.0414407443576389,0.1095,-0.0778578342013888));
#11887=CARTESIAN_POINT('',(0.0416433159722222,0.1095,-0.0780205295138888));
#11888=CARTESIAN_POINT('',(0.0416433159722222,0.1095,-0.0783565538194444));
#11889=CARTESIAN_POINT('',(0.0414407443576389,0.1095,-0.0778578342013888));
#11890=CARTESIAN_POINT('',(0.0414407443576389,0.109,-0.0778578342013888));
#11891=CARTESIAN_POINT('',(0.0414407443576389,0.109,-0.0778578342013888));
#11892=CARTESIAN_POINT('',(0.0414407443576389,0.109,-0.0778578342013888));
#11893=CARTESIAN_POINT('',(0.0416433159722222,0.109,-0.0780205295138888));
#11894=CARTESIAN_POINT('',(0.0416433159722222,0.109,-0.0783565538194444));
#11895=CARTESIAN_POINT('',(0.0408128255208333,0.109,-0.0776951388888888));
#11896=CARTESIAN_POINT('',(0.0408128255208333,0.1095,-0.0776951388888888));
#11897=CARTESIAN_POINT('',(0.0410963903356482,0.109,-0.0776951388888888));
#11898=CARTESIAN_POINT('',(0.0410963903356482,0.1095,-0.0776951388888888));
#11899=CARTESIAN_POINT('',(0.0413056966145834,0.109,-0.0777493706597221));
#11900=CARTESIAN_POINT('',(0.0413056966145834,0.1095,-0.0777493706597221));
#11901=CARTESIAN_POINT('',(0.0414407443576389,0.109,-0.0778578342013888));
#11902=CARTESIAN_POINT('',(0.0414407443576389,0.1095,-0.0778578342013888));
#11903=CARTESIAN_POINT('',(0.0408128255208333,0.1095,-0.0776951388888888));
#11904=CARTESIAN_POINT('',(0.0412381727430556,0.1095,-0.0776951388888888));
#11905=CARTESIAN_POINT('',(0.0414407443576389,0.1095,-0.0778578342013888));
#11906=CARTESIAN_POINT('',(0.0408128255208333,0.1095,-0.0776951388888888));
#11907=CARTESIAN_POINT('',(0.0408128255208333,0.109,-0.0776951388888888));
#11908=CARTESIAN_POINT('',(0.0408128255208333,0.109,-0.0776951388888888));
#11909=CARTESIAN_POINT('',(0.0408128255208333,0.109,-0.0776951388888888));
#11910=CARTESIAN_POINT('',(0.0412381727430556,0.109,-0.0776951388888888));
#11911=CARTESIAN_POINT('',(0.0414407443576389,0.109,-0.0778578342013888));
#11912=CARTESIAN_POINT('',(0.0404406467013889,0.109,-0.0797782769097222));
#11913=CARTESIAN_POINT('',(0.0404406467013889,0.1095,-0.0797782769097222));
#11914=CARTESIAN_POINT('',(0.0401418402777778,0.1095,-0.0797782769097222));
#11915=CARTESIAN_POINT('',(0.040739453125,0.1095,-0.0797782769097222));
#11916=CARTESIAN_POINT('',(0.0401418402777778,0.109,-0.0797782769097222));
#11917=CARTESIAN_POINT('',(0.0401418402777778,0.109,-0.0797782769097222));
#11918=CARTESIAN_POINT('',(0.0404406467013889,0.109,-0.0797782769097222));
#11919=CARTESIAN_POINT('',(0.040739453125,0.109,-0.0797782769097222));
#11920=CARTESIAN_POINT('',(0.040739453125,0.109,-0.0797782769097222));
#11921=CARTESIAN_POINT('',(0.0401418402777778,0.109,-0.0803184678819444));
#11922=CARTESIAN_POINT('',(0.0401418402777778,0.1095,-0.0803184678819444));
#11923=CARTESIAN_POINT('',(0.0401418402777778,0.1095,-0.0808586588541666));
#11924=CARTESIAN_POINT('',(0.0401418402777778,0.109,-0.0808586588541666));
#11925=CARTESIAN_POINT('',(0.0401418402777778,0.109,-0.0808586588541666));
#11926=CARTESIAN_POINT('',(0.0401418402777778,0.109,-0.0803184678819444));
#11927=CARTESIAN_POINT('',(0.0404124674479167,0.109,-0.0808586588541666));
#11928=CARTESIAN_POINT('',(0.0404124674479167,0.1095,-0.0808586588541666));
#11929=CARTESIAN_POINT('',(0.0406830946180556,0.1095,-0.0808586588541666));
#11930=CARTESIAN_POINT('',(0.0406830946180556,0.109,-0.0808586588541666));
#11931=CARTESIAN_POINT('',(0.0406830946180556,0.109,-0.0808586588541666));
#11932=CARTESIAN_POINT('',(0.0404124674479167,0.109,-0.0808586588541666));
#11933=CARTESIAN_POINT('',(0.0413296223958333,0.109,-0.0807374348958333));
#11934=CARTESIAN_POINT('',(0.0413296223958333,0.1095,-0.0807374348958333));
#11935=CARTESIAN_POINT('',(0.0411935112847222,0.109,-0.0808182508680555));
#11936=CARTESIAN_POINT('',(0.0411935112847222,0.1095,-0.0808182508680555));
#11937=CARTESIAN_POINT('',(0.040978002025463,0.109,-0.0808586588541666));
#11938=CARTESIAN_POINT('',(0.040978002025463,0.1095,-0.0808586588541666));
#11939=CARTESIAN_POINT('',(0.0406830946180556,0.109,-0.0808586588541666));
#11940=CARTESIAN_POINT('',(0.0406830946180556,0.1095,-0.0808586588541666));
#11941=CARTESIAN_POINT('',(0.0413296223958333,0.1095,-0.0807374348958333));
#11942=CARTESIAN_POINT('',(0.0411254557291667,0.1095,-0.0808586588541666));
#11943=CARTESIAN_POINT('',(0.0406830946180556,0.1095,-0.0808586588541666));
#11944=CARTESIAN_POINT('',(0.0413296223958333,0.1095,-0.0807374348958333));
#11945=CARTESIAN_POINT('',(0.0413296223958333,0.109,-0.0807374348958333));
#11946=CARTESIAN_POINT('',(0.0413296223958333,0.109,-0.0807374348958333));
#11947=CARTESIAN_POINT('',(0.0413296223958333,0.109,-0.0807374348958333));
#11948=CARTESIAN_POINT('',(0.0411254557291667,0.109,-0.0808586588541666));
#11949=CARTESIAN_POINT('',(0.0406830946180556,0.109,-0.0808586588541666));
#11950=CARTESIAN_POINT('',(0.0415337890625,0.109,-0.0803365451388888));
#11951=CARTESIAN_POINT('',(0.0415337890625,0.1095,-0.0803365451388888));
#11952=CARTESIAN_POINT('',(0.0415337890625,0.109,-0.0805229890046295));
#11953=CARTESIAN_POINT('',(0.0415337890625,0.1095,-0.0805229890046295));
#11954=CARTESIAN_POINT('',(0.0414657335069445,0.109,-0.080656618923611));
#11955=CARTESIAN_POINT('',(0.0414657335069445,0.1095,-0.080656618923611));
#11956=CARTESIAN_POINT('',(0.0413296223958333,0.109,-0.0807374348958333));
#11957=CARTESIAN_POINT('',(0.0413296223958333,0.1095,-0.0807374348958333));
#11958=CARTESIAN_POINT('',(0.0415337890625,0.1095,-0.0803365451388888));
#11959=CARTESIAN_POINT('',(0.0415337890625,0.1095,-0.0806162109374999));
#11960=CARTESIAN_POINT('',(0.0413296223958333,0.1095,-0.0807374348958333));
#11961=CARTESIAN_POINT('',(0.0415337890625,0.1095,-0.0803365451388888));
#11962=CARTESIAN_POINT('',(0.0415337890625,0.109,-0.0803365451388888));
#11963=CARTESIAN_POINT('',(0.0415337890625,0.109,-0.0803365451388888));
#11964=CARTESIAN_POINT('',(0.0415337890625,0.109,-0.0803365451388888));
#11965=CARTESIAN_POINT('',(0.0415337890625,0.109,-0.0806162109374999));
#11966=CARTESIAN_POINT('',(0.0413296223958333,0.109,-0.0807374348958333));
#11967=CARTESIAN_POINT('',(0.0413461046006945,0.109,-0.0799080078124999));
#11968=CARTESIAN_POINT('',(0.0413461046006945,0.1095,-0.0799080078124999));
#11969=CARTESIAN_POINT('',(0.0414712275752315,0.109,-0.0799944950810184));
#11970=CARTESIAN_POINT('',(0.0414712275752315,0.1095,-0.0799944950810184));
#11971=CARTESIAN_POINT('',(0.0415337890625,0.109,-0.0801373408564814));
#11972=CARTESIAN_POINT('',(0.0415337890625,0.1095,-0.0801373408564814));
#11973=CARTESIAN_POINT('',(0.0415337890625,0.109,-0.0803365451388888));
#11974=CARTESIAN_POINT('',(0.0415337890625,0.1095,-0.0803365451388888));
#11975=CARTESIAN_POINT('',(0.0413461046006945,0.1095,-0.0799080078124999));
#11976=CARTESIAN_POINT('',(0.0415337890625,0.1095,-0.0800377387152777));
#11977=CARTESIAN_POINT('',(0.0415337890625,0.1095,-0.0803365451388888));
#11978=CARTESIAN_POINT('',(0.0413461046006945,0.1095,-0.0799080078124999));
#11979=CARTESIAN_POINT('',(0.0413461046006945,0.109,-0.0799080078124999));
#11980=CARTESIAN_POINT('',(0.0413461046006945,0.109,-0.0799080078124999));
#11981=CARTESIAN_POINT('',(0.0413461046006945,0.109,-0.0799080078124999));
#11982=CARTESIAN_POINT('',(0.0415337890625,0.109,-0.0800377387152777));
#11983=CARTESIAN_POINT('',(0.0415337890625,0.109,-0.0803365451388888));
#11984=CARTESIAN_POINT('',(0.0398674913194445,0.109,-0.0817029730902777));
#11985=CARTESIAN_POINT('',(0.0391114366319444,0.109,-0.0817029730902777));
#11986=CARTESIAN_POINT('',(0.0391114366319444,0.109,-0.0817029730902777));
#11987=CARTESIAN_POINT('',(0.0398674913194445,0.109,-0.0817029730902777));
#11988=CARTESIAN_POINT('',(0.0406235460069445,0.109,-0.0817029730902777));
#11989=CARTESIAN_POINT('',(0.0406235460069445,0.109,-0.0817029730902777));
#11990=CARTESIAN_POINT('',(0.0391114366319444,0.109,-0.079273708767361));
#11991=CARTESIAN_POINT('',(0.0391114366319444,0.109,-0.0768444444444443));
#11992=CARTESIAN_POINT('',(0.0391114366319444,0.109,-0.0768444444444443));
#11993=CARTESIAN_POINT('',(0.0391114366319444,0.109,-0.079273708767361));
#11994=CARTESIAN_POINT('',(0.0400200846354167,0.109,-0.0768444444444443));
#11995=CARTESIAN_POINT('',(0.0409287326388889,0.109,-0.0768444444444443));
#11996=CARTESIAN_POINT('',(0.0409287326388889,0.109,-0.0768444444444443));
#11997=CARTESIAN_POINT('',(0.0400200846354167,0.109,-0.0768444444444443));
#11998=CARTESIAN_POINT('',(0.0422334852430556,0.109,-0.0772166232638888));
#11999=CARTESIAN_POINT('',(0.0422334852430556,0.1095,-0.0772166232638888));
#12000=CARTESIAN_POINT('',(0.0419130570023149,0.109,-0.0769685040509258));
#12001=CARTESIAN_POINT('',(0.0419130570023149,0.1095,-0.0769685040509258));
#12002=CARTESIAN_POINT('',(0.0414781394675926,0.109,-0.0768444444444443));
#12003=CARTESIAN_POINT('',(0.0414781394675926,0.1095,-0.0768444444444443));
#12004=CARTESIAN_POINT('',(0.0409287326388889,0.109,-0.0768444444444443));
#12005=CARTESIAN_POINT('',(0.0409287326388889,0.1095,-0.0768444444444443));
#12006=CARTESIAN_POINT('',(0.0422334852430556,0.109,-0.0772166232638888));
#12007=CARTESIAN_POINT('',(0.0422334852430556,0.109,-0.0772166232638888));
#12008=CARTESIAN_POINT('',(0.0422334852430556,0.109,-0.0772166232638888));
#12009=CARTESIAN_POINT('',(0.0417528428819445,0.109,-0.0768444444444443));
#12010=CARTESIAN_POINT('',(0.0409287326388889,0.109,-0.0768444444444443));
#12011=CARTESIAN_POINT('',(0.0427141276041667,0.109,-0.0782534071180555));
#12012=CARTESIAN_POINT('',(0.0427141276041667,0.1095,-0.0782534071180555));
#12013=CARTESIAN_POINT('',(0.0427141276041667,0.109,-0.0778103370949073));
#12014=CARTESIAN_POINT('',(0.0427141276041667,0.1095,-0.0778103370949073));
#12015=CARTESIAN_POINT('',(0.0425539134837963,0.109,-0.0774647424768517));
#12016=CARTESIAN_POINT('',(0.0425539134837963,0.1095,-0.0774647424768517));
#12017=CARTESIAN_POINT('',(0.0422334852430556,0.109,-0.0772166232638888));
#12018=CARTESIAN_POINT('',(0.0422334852430556,0.1095,-0.0772166232638888));
#12019=CARTESIAN_POINT('',(0.0427141276041667,0.109,-0.0782534071180555));
#12020=CARTESIAN_POINT('',(0.0427141276041667,0.109,-0.0782534071180555));
#12021=CARTESIAN_POINT('',(0.0427141276041667,0.109,-0.0782534071180555));
#12022=CARTESIAN_POINT('',(0.0427141276041667,0.109,-0.0775888020833332));
#12023=CARTESIAN_POINT('',(0.0422334852430556,0.109,-0.0772166232638888));
#12024=CARTESIAN_POINT('',(0.0425094292534722,0.109,-0.0790046766493055));
#12025=CARTESIAN_POINT('',(0.0425094292534722,0.1095,-0.0790046766493055));
#12026=CARTESIAN_POINT('',(0.0426458948206019,0.109,-0.0788164605034722));
#12027=CARTESIAN_POINT('',(0.0426458948206019,0.1095,-0.0788164605034722));
#12028=CARTESIAN_POINT('',(0.0427141276041667,0.109,-0.0785660373263888));
#12029=CARTESIAN_POINT('',(0.0427141276041667,0.1095,-0.0785660373263888));
#12030=CARTESIAN_POINT('',(0.0427141276041667,0.109,-0.0782534071180555));
#12031=CARTESIAN_POINT('',(0.0427141276041667,0.1095,-0.0782534071180555));
#12032=CARTESIAN_POINT('',(0.0425094292534722,0.109,-0.0790046766493055));
#12033=CARTESIAN_POINT('',(0.0425094292534722,0.109,-0.0790046766493055));
#12034=CARTESIAN_POINT('',(0.0425094292534722,0.109,-0.0790046766493055));
#12035=CARTESIAN_POINT('',(0.0427141276041667,0.109,-0.0787223524305555));
#12036=CARTESIAN_POINT('',(0.0427141276041667,0.109,-0.0782534071180555));
#12037=CARTESIAN_POINT('',(0.0418432291666667,0.109,-0.0793901475694444));
#12038=CARTESIAN_POINT('',(0.0418432291666667,0.1095,-0.0793901475694444));
#12039=CARTESIAN_POINT('',(0.0421508969907408,0.109,-0.0793213831018518));
#12040=CARTESIAN_POINT('',(0.0421508969907408,0.1095,-0.0793213831018518));
#12041=CARTESIAN_POINT('',(0.0423729636863426,0.109,-0.0791928927951388));
#12042=CARTESIAN_POINT('',(0.0423729636863426,0.1095,-0.0791928927951388));
#12043=CARTESIAN_POINT('',(0.0425094292534722,0.109,-0.0790046766493055));
#12044=CARTESIAN_POINT('',(0.0425094292534722,0.1095,-0.0790046766493055));
#12045=CARTESIAN_POINT('',(0.0418432291666667,0.109,-0.0793901475694444));
#12046=CARTESIAN_POINT('',(0.0418432291666667,0.109,-0.0793901475694444));
#12047=CARTESIAN_POINT('',(0.0418432291666667,0.109,-0.0793901475694444));
#12048=CARTESIAN_POINT('',(0.0423047309027778,0.109,-0.0792870008680555));
#12049=CARTESIAN_POINT('',(0.0425094292534722,0.109,-0.0790046766493055));
#12050=CARTESIAN_POINT('',(0.0418432291666667,0.109,-0.0794066297743055));
#12051=CARTESIAN_POINT('',(0.0418432291666667,0.109,-0.0794234658269369));
#12052=CARTESIAN_POINT('',(0.0418432291666667,0.109,-0.0794234658269369));
#12053=CARTESIAN_POINT('',(0.0418432291666667,0.109,-0.0794066297743055));
#12054=CARTESIAN_POINT('',(0.041721641519858,0.109,-0.0802274887002039));
#12055=CARTESIAN_POINT('',(0.0423866102430556,0.109,-0.0797586046006944));
#12056=CARTESIAN_POINT('',(0.0423866102430556,0.109,-0.0797586046006944));
#12057=CARTESIAN_POINT('',(0.041721641519858,0.109,-0.0802274887002039));
#12058=CARTESIAN_POINT('',(0.0425907769097223,0.109,-0.0804737196180555));
#12059=CARTESIAN_POINT('',(0.0425907769097223,0.1095,-0.0804737196180555));
#12060=CARTESIAN_POINT('',(0.0425907769097223,0.109,-0.0801830656828703));
#12061=CARTESIAN_POINT('',(0.0425907769097223,0.1095,-0.0801830656828703));
#12062=CARTESIAN_POINT('',(0.0425227213541667,0.109,-0.0799446940104166));
#12063=CARTESIAN_POINT('',(0.0425227213541667,0.1095,-0.0799446940104166));
#12064=CARTESIAN_POINT('',(0.0423866102430556,0.109,-0.0797586046006944));
#12065=CARTESIAN_POINT('',(0.0423866102430556,0.1095,-0.0797586046006944));
#12066=CARTESIAN_POINT('',(0.0425907769097223,0.109,-0.0804737196180555));
#12067=CARTESIAN_POINT('',(0.0425907769097223,0.109,-0.0804737196180555));
#12068=CARTESIAN_POINT('',(0.0425907769097223,0.109,-0.0804737196180555));
#12069=CARTESIAN_POINT('',(0.0425907769097223,0.109,-0.0800377387152777));
#12070=CARTESIAN_POINT('',(0.0423866102430556,0.109,-0.0797586046006944));
#12071=CARTESIAN_POINT('',(0.0421239583333334,0.109,-0.0814089518229166));
#12072=CARTESIAN_POINT('',(0.0421239583333334,0.1095,-0.0814089518229166));
#12073=CARTESIAN_POINT('',(0.0424351707175926,0.109,-0.0812129376446759));
#12074=CARTESIAN_POINT('',(0.0424351707175926,0.1095,-0.0812129376446759));
#12075=CARTESIAN_POINT('',(0.0425907769097223,0.109,-0.0809011935763888));
#12076=CARTESIAN_POINT('',(0.0425907769097223,0.1095,-0.0809011935763888));
#12077=CARTESIAN_POINT('',(0.0425907769097223,0.109,-0.0804737196180555));
#12078=CARTESIAN_POINT('',(0.0425907769097223,0.1095,-0.0804737196180555));
#12079=CARTESIAN_POINT('',(0.0421239583333334,0.109,-0.0814089518229166));
#12080=CARTESIAN_POINT('',(0.0421239583333334,0.109,-0.0814089518229166));
#12081=CARTESIAN_POINT('',(0.0421239583333334,0.109,-0.0814089518229166));
#12082=CARTESIAN_POINT('',(0.0425907769097223,0.109,-0.0811149305555555));
#12083=CARTESIAN_POINT('',(0.0425907769097223,0.109,-0.0804737196180555));
#12084=CARTESIAN_POINT('',(0.040739453125,0.109,-0.0797782769097222));
#12085=CARTESIAN_POINT('',(0.040739453125,0.1095,-0.0797782769097222));
#12086=CARTESIAN_POINT('',(0.0410187644675926,0.109,-0.0797782769097222));
#12087=CARTESIAN_POINT('',(0.0410187644675926,0.1095,-0.0797782769097222));
#12088=CARTESIAN_POINT('',(0.0412209816261574,0.109,-0.0798215205439814));
#12089=CARTESIAN_POINT('',(0.0412209816261574,0.1095,-0.0798215205439814));
#12090=CARTESIAN_POINT('',(0.0413461046006945,0.109,-0.0799080078124999));
#12091=CARTESIAN_POINT('',(0.0413461046006945,0.1095,-0.0799080078124999));
#12092=CARTESIAN_POINT('',(0.040739453125,0.1095,-0.0797782769097222));
#12093=CARTESIAN_POINT('',(0.0411584201388889,0.1095,-0.0797782769097222));
#12094=CARTESIAN_POINT('',(0.0413461046006945,0.1095,-0.0799080078124999));
#12095=CARTESIAN_POINT('',(0.040739453125,0.109,-0.0797782769097222));
#12096=CARTESIAN_POINT('',(0.0411584201388889,0.109,-0.0797782769097222));
#12097=CARTESIAN_POINT('',(0.0413461046006945,0.109,-0.0799080078124999));
#12098=CARTESIAN_POINT('',(0.0406235460069445,0.109,-0.0817029730902777));
#12099=CARTESIAN_POINT('',(0.0406235460069445,0.1095,-0.0817029730902777));
#12100=CARTESIAN_POINT('',(0.0413126085069445,0.109,-0.0817029730902777));
#12101=CARTESIAN_POINT('',(0.0413126085069445,0.1095,-0.0817029730902777));
#12102=CARTESIAN_POINT('',(0.0418127459490741,0.109,-0.0816049660011573));
#12103=CARTESIAN_POINT('',(0.0418127459490741,0.1095,-0.0816049660011573));
#12104=CARTESIAN_POINT('',(0.0421239583333334,0.109,-0.0814089518229166));
#12105=CARTESIAN_POINT('',(0.0421239583333334,0.1095,-0.0814089518229166));
#12106=CARTESIAN_POINT('',(0.0406235460069445,0.109,-0.0817029730902777));
#12107=CARTESIAN_POINT('',(0.0416571397569444,0.109,-0.0817029730902777));
#12108=CARTESIAN_POINT('',(0.0421239583333334,0.109,-0.0814089518229166));
#12109=CARTESIAN_POINT('',(0.0404773328993056,0.109,-0.0776951388888888));
#12110=CARTESIAN_POINT('',(0.0404773328993056,0.1095,-0.0776951388888888));
#12111=CARTESIAN_POINT('',(0.0404773328993056,0.109,-0.0776951388888888));
#12112=CARTESIAN_POINT('',(0.0462620146721602,0.109,-0.055));
#12113=CARTESIAN_POINT('',(0.1035,0.1095,-0.055));
#12114=CARTESIAN_POINT('',(0.0425790798611112,0.109,-0.0213111111111105));
#12115=CARTESIAN_POINT('',(0.0430926866319445,0.109,-0.0213111111111105));
#12116=CARTESIAN_POINT('',(0.0430926866319445,0.109,-0.0213111111111105));
#12117=CARTESIAN_POINT('',(0.0425790798611112,0.109,-0.0213111111111105));
#12118=CARTESIAN_POINT('',(0.0420654730902778,0.109,-0.0213111111111105));
#12119=CARTESIAN_POINT('',(0.0420654730902778,0.109,-0.0213111111111105));
#12120=CARTESIAN_POINT('',(0.0430926866319445,0.109,-0.0237403754340272));
#12121=CARTESIAN_POINT('',(0.0430926866319445,0.109,-0.0261696397569439));
#12122=CARTESIAN_POINT('',(0.0430926866319445,0.109,-0.0261696397569439));
#12123=CARTESIAN_POINT('',(0.0430926866319445,0.109,-0.0237403754340272));
#12124=CARTESIAN_POINT('',(0.0425790798611112,0.109,-0.0261696397569439));
#12125=CARTESIAN_POINT('',(0.0420654730902778,0.109,-0.0261696397569439));
#12126=CARTESIAN_POINT('',(0.0420654730902778,0.109,-0.0261696397569439));
#12127=CARTESIAN_POINT('',(0.0425790798611112,0.109,-0.0261696397569439));
#12128=CARTESIAN_POINT('',(0.0420654730902778,0.109,-0.0252173936631939));
#12129=CARTESIAN_POINT('',(0.0420654730902778,0.109,-0.0242651475694439));
#12130=CARTESIAN_POINT('',(0.0420654730902778,0.109,-0.0242651475694439));
#12131=CARTESIAN_POINT('',(0.0420654730902778,0.109,-0.0252173936631939));
#12132=CARTESIAN_POINT('',(0.0411036566840278,0.109,-0.0242651475694439));
#12133=CARTESIAN_POINT('',(0.0401418402777778,0.109,-0.0242651475694439));
#12134=CARTESIAN_POINT('',(0.0401418402777778,0.109,-0.0242651475694439));
#12135=CARTESIAN_POINT('',(0.0411036566840278,0.109,-0.0242651475694439));
#12136=CARTESIAN_POINT('',(0.0401418402777778,0.109,-0.0252173936631939));
#12137=CARTESIAN_POINT('',(0.0401418402777778,0.109,-0.0261696397569439));
#12138=CARTESIAN_POINT('',(0.0401418402777778,0.109,-0.0261696397569439));
#12139=CARTESIAN_POINT('',(0.0401418402777778,0.109,-0.0252173936631939));
#12140=CARTESIAN_POINT('',(0.0396266384548611,0.109,-0.0261696397569439));
#12141=CARTESIAN_POINT('',(0.0391114366319444,0.109,-0.0261696397569439));
#12142=CARTESIAN_POINT('',(0.0391114366319444,0.109,-0.0261696397569439));
#12143=CARTESIAN_POINT('',(0.0396266384548611,0.109,-0.0261696397569439));
#12144=CARTESIAN_POINT('',(0.0391114366319444,0.109,-0.0237403754340272));
#12145=CARTESIAN_POINT('',(0.0391114366319444,0.109,-0.0213111111111105));
#12146=CARTESIAN_POINT('',(0.0391114366319444,0.109,-0.0213111111111105));
#12147=CARTESIAN_POINT('',(0.0391114366319444,0.109,-0.0237403754340272));
#12148=CARTESIAN_POINT('',(0.0396266384548611,0.109,-0.0213111111111105));
#12149=CARTESIAN_POINT('',(0.0401418402777778,0.109,-0.0213111111111105));
#12150=CARTESIAN_POINT('',(0.0401418402777778,0.109,-0.0213111111111105));
#12151=CARTESIAN_POINT('',(0.0396266384548611,0.109,-0.0213111111111105));
#12152=CARTESIAN_POINT('',(0.0401418402777778,0.109,-0.0223595920138883));
#12153=CARTESIAN_POINT('',(0.0401418402777778,0.109,-0.0234080729166661));
#12154=CARTESIAN_POINT('',(0.0401418402777778,0.109,-0.0234080729166661));
#12155=CARTESIAN_POINT('',(0.0401418402777778,0.109,-0.0223595920138883));
#12156=CARTESIAN_POINT('',(0.0411036566840278,0.109,-0.0234080729166661));
#12157=CARTESIAN_POINT('',(0.0420654730902778,0.109,-0.0234080729166661));
#12158=CARTESIAN_POINT('',(0.0420654730902778,0.109,-0.0234080729166661));
#12159=CARTESIAN_POINT('',(0.0411036566840278,0.109,-0.0234080729166661));
#12160=CARTESIAN_POINT('',(0.0420654730902778,0.109,-0.0223595920138883));
#12161=CARTESIAN_POINT('',(0.0420654730902778,0.109,-0.0223595920138883));
#12162=CARTESIAN_POINT('',(0.0462620146721602,0.109,-0.055));
#12163=CARTESIAN_POINT('',(0.0419192599826389,0.109,-0.0332952690972218));
#12164=CARTESIAN_POINT('',(0.0409553168402778,0.109,-0.0332952690972218));
#12165=CARTESIAN_POINT('',(0.0409553168402778,0.109,-0.0332952690972218));
#12166=CARTESIAN_POINT('',(0.0419192599826389,0.109,-0.0332952690972218));
#12167=CARTESIAN_POINT('',(0.0428832031250001,0.109,-0.0332952690972218));
#12168=CARTESIAN_POINT('',(0.0428832031250001,0.109,-0.0332952690972218));
#12169=CARTESIAN_POINT('',(0.0409553168402778,0.109,-0.0328662000868051));
#12170=CARTESIAN_POINT('',(0.0409553168402778,0.109,-0.0324371310763884));
#12171=CARTESIAN_POINT('',(0.0409553168402778,0.109,-0.0324371310763884));
#12172=CARTESIAN_POINT('',(0.0409553168402778,0.109,-0.0328662000868051));
#12173=CARTESIAN_POINT('',(0.0414157552083333,0.109,-0.0324371310763884));
#12174=CARTESIAN_POINT('',(0.0418761935763889,0.109,-0.0324371310763884));
#12175=CARTESIAN_POINT('',(0.0418761935763889,0.109,-0.0324371310763884));
#12176=CARTESIAN_POINT('',(0.0414157552083333,0.109,-0.0324371310763884));
#12177=CARTESIAN_POINT('',(0.0418761935763889,0.109,-0.0319304361979162));
#12178=CARTESIAN_POINT('',(0.0418761935763889,0.109,-0.0314238744853283));
#12179=CARTESIAN_POINT('',(0.0418761935763889,0.109,-0.0314238744853283));
#12180=CARTESIAN_POINT('',(0.0418761935763889,0.109,-0.0319304361979162));
#12181=CARTESIAN_POINT('',(0.0412130446789554,0.109000000000001,-0.0347126850235609));
#12182=CARTESIAN_POINT('',(0.0412211588541667,0.109,-0.0313578124999995));
#12183=CARTESIAN_POINT('',(0.0412211588541667,0.109,-0.0313578124999995));
#12184=CARTESIAN_POINT('',(0.0412130446789554,0.109,-0.0347126850235609));
#12185=CARTESIAN_POINT('',(0.0402795464409723,0.109,-0.0317746527777773));
#12186=CARTESIAN_POINT('',(0.0402795464409723,0.1095,-0.0317746527777773));
#12187=CARTESIAN_POINT('',(0.04049541015625,0.109,-0.0314967592592588));
#12188=CARTESIAN_POINT('',(0.04049541015625,0.1095,-0.0314967592592588));
#12189=CARTESIAN_POINT('',(0.0408092809606482,0.109,-0.0313578124999995));
#12190=CARTESIAN_POINT('',(0.0408092809606482,0.1095,-0.0313578124999995));
#12191=CARTESIAN_POINT('',(0.0412211588541667,0.109,-0.0313578124999995));
#12192=CARTESIAN_POINT('',(0.0412211588541667,0.1095,-0.0313578124999995));
#12193=CARTESIAN_POINT('',(0.0402795464409723,0.109,-0.0317746527777773));
#12194=CARTESIAN_POINT('',(0.0402795464409723,0.109,-0.0317746527777773));
#12195=CARTESIAN_POINT('',(0.0402795464409723,0.109,-0.0317746527777773));
#12196=CARTESIAN_POINT('',(0.0406033420138889,0.109,-0.0313578124999995));
#12197=CARTESIAN_POINT('',(0.0412211588541667,0.109,-0.0313578124999995));
#12198=CARTESIAN_POINT('',(0.0399557508680555,0.109,-0.0329826388888884));
#12199=CARTESIAN_POINT('',(0.0399557508680555,0.1095,-0.0329826388888884));
#12200=CARTESIAN_POINT('',(0.0399557508680555,0.109,-0.0324552083333328));
#12201=CARTESIAN_POINT('',(0.0399557508680555,0.1095,-0.0324552083333328));
#12202=CARTESIAN_POINT('',(0.0400636827256944,0.109,-0.0320525462962958));
#12203=CARTESIAN_POINT('',(0.0400636827256944,0.1095,-0.0320525462962958));
#12204=CARTESIAN_POINT('',(0.0402795464409723,0.109,-0.0317746527777773));
#12205=CARTESIAN_POINT('',(0.0402795464409723,0.1095,-0.0317746527777773));
#12206=CARTESIAN_POINT('',(0.0399557508680555,0.109,-0.0329826388888884));
#12207=CARTESIAN_POINT('',(0.0399557508680555,0.109,-0.0329826388888884));
#12208=CARTESIAN_POINT('',(0.0399557508680555,0.109,-0.0329826388888884));
#12209=CARTESIAN_POINT('',(0.0399557508680555,0.109,-0.032191493055555));
#12210=CARTESIAN_POINT('',(0.0402795464409723,0.109,-0.0317746527777773));
#12211=CARTESIAN_POINT('',(0.0403577039930555,0.109,-0.0341884982638885));
#12212=CARTESIAN_POINT('',(0.0403577039930555,0.1095,-0.0341884982638885));
#12213=CARTESIAN_POINT('',(0.0400897352430555,0.109,-0.0338893373842588));
#12214=CARTESIAN_POINT('',(0.0400897352430555,0.1095,-0.0338893373842588));
#12215=CARTESIAN_POINT('',(0.0399557508680555,0.109,-0.0334873842592588));
#12216=CARTESIAN_POINT('',(0.0399557508680555,0.1095,-0.0334873842592588));
#12217=CARTESIAN_POINT('',(0.0399557508680555,0.109,-0.0329826388888884));
#12218=CARTESIAN_POINT('',(0.0399557508680555,0.1095,-0.0329826388888884));
#12219=CARTESIAN_POINT('',(0.0403577039930555,0.109,-0.0341884982638885));
#12220=CARTESIAN_POINT('',(0.0403577039930555,0.109,-0.0341884982638885));
#12221=CARTESIAN_POINT('',(0.0403577039930555,0.109,-0.0341884982638885));
#12222=CARTESIAN_POINT('',(0.0399557508680555,0.109,-0.0337397569444439));
#12223=CARTESIAN_POINT('',(0.0399557508680555,0.109,-0.0329826388888884));
#12224=CARTESIAN_POINT('',(0.0414274522569444,0.109,-0.0346372395833328));
#12225=CARTESIAN_POINT('',(0.0414274522569444,0.1095,-0.0346372395833328));
#12226=CARTESIAN_POINT('',(0.0409822554976852,0.109,-0.0346372395833328));
#12227=CARTESIAN_POINT('',(0.0409822554976852,0.1095,-0.0346372395833328));
#12228=CARTESIAN_POINT('',(0.0406256727430556,0.109,-0.034487659143518));
#12229=CARTESIAN_POINT('',(0.0406256727430556,0.1095,-0.034487659143518));
#12230=CARTESIAN_POINT('',(0.0403577039930555,0.109,-0.0341884982638885));
#12231=CARTESIAN_POINT('',(0.0403577039930555,0.1095,-0.0341884982638885));
#12232=CARTESIAN_POINT('',(0.0414274522569444,0.109,-0.0346372395833328));
#12233=CARTESIAN_POINT('',(0.0414274522569444,0.109,-0.0346372395833328));
#12234=CARTESIAN_POINT('',(0.0414274522569444,0.109,-0.0346372395833328));
#12235=CARTESIAN_POINT('',(0.0407596571180556,0.109,-0.0346372395833328));
#12236=CARTESIAN_POINT('',(0.0403577039930555,0.109,-0.0341884982638885));
#12237=CARTESIAN_POINT('',(0.041424370494332,0.109,-0.0321939290233654));
#12238=CARTESIAN_POINT('',(0.0425342120728158,0.109,-0.0343709009678274));
#12239=CARTESIAN_POINT('',(0.0425344184027778,0.109,-0.034371397569444));
#12240=CARTESIAN_POINT('',(0.041424370494332,0.109,-0.0321939290233654));
#12241=CARTESIAN_POINT('',(0.0427056206597222,0.109,-0.0347834526909718));
#12242=CARTESIAN_POINT('',(0.0428767235768076,0.109,-0.0351952687181182));
#12243=CARTESIAN_POINT('',(0.0428767235768076,0.109,-0.0351952687181182));
#12244=CARTESIAN_POINT('',(0.0427056206597222,0.109,-0.0347834526909718));
#12245=CARTESIAN_POINT('',(0.0414376796206536,0.109,-0.0318823871724809));
#12246=CARTESIAN_POINT('',(0.0414338324652778,0.109,-0.0354943142361107));
#12247=CARTESIAN_POINT('',(0.0414338324652977,0.109,-0.0354943142173937));
#12248=CARTESIAN_POINT('',(0.0414376796206536,0.109,-0.0318823871724809));
#12249=CARTESIAN_POINT('',(0.0395686848958333,0.109,-0.0348366210937495));
#12250=CARTESIAN_POINT('',(0.0395686848958333,0.1095,-0.0348366210937495));
#12251=CARTESIAN_POINT('',(0.0400174262152778,0.109,-0.0352750831886569));
#12252=CARTESIAN_POINT('',(0.0400174262152778,0.1095,-0.0352750831886569));
#12253=CARTESIAN_POINT('',(0.0406391420717593,0.109,-0.0354943142361107));
#12254=CARTESIAN_POINT('',(0.0406391420717593,0.1095,-0.0354943142361107));
#12255=CARTESIAN_POINT('',(0.0414338324652778,0.109,-0.0354943142361107));
#12256=CARTESIAN_POINT('',(0.0414338324652778,0.1095,-0.0354943142361107));
#12257=CARTESIAN_POINT('',(0.0395686848958333,0.109,-0.0348366210937495));
#12258=CARTESIAN_POINT('',(0.0395686848958333,0.109,-0.0348366210937495));
#12259=CARTESIAN_POINT('',(0.0395686848958333,0.109,-0.0348366210937495));
#12260=CARTESIAN_POINT('',(0.040241796875,0.109,-0.0354943142361107));
#12261=CARTESIAN_POINT('',(0.0414338324652778,0.109,-0.0354943142361107));
#12262=CARTESIAN_POINT('',(0.0388955729166666,0.109,-0.033002842881944));
#12263=CARTESIAN_POINT('',(0.0388955729166666,0.1095,-0.033002842881944));
#12264=CARTESIAN_POINT('',(0.0388955729166666,0.109,-0.0337868995949069));
#12265=CARTESIAN_POINT('',(0.0388955729166666,0.1095,-0.0337868995949069));
#12266=CARTESIAN_POINT('',(0.0391199435763889,0.109,-0.0343981589988421));
#12267=CARTESIAN_POINT('',(0.0391199435763889,0.1095,-0.0343981589988421));
#12268=CARTESIAN_POINT('',(0.0395686848958333,0.109,-0.0348366210937495));
#12269=CARTESIAN_POINT('',(0.0395686848958333,0.1095,-0.0348366210937495));
#12270=CARTESIAN_POINT('',(0.0388955729166666,0.109,-0.033002842881944));
#12271=CARTESIAN_POINT('',(0.0388955729166666,0.109,-0.033002842881944));
#12272=CARTESIAN_POINT('',(0.0388955729166666,0.109,-0.033002842881944));
#12273=CARTESIAN_POINT('',(0.0388955729166666,0.109,-0.0341789279513884));
#12274=CARTESIAN_POINT('',(0.0395686848958333,0.109,-0.0348366210937495));
#12275=CARTESIAN_POINT('',(0.0394756401909723,0.109,-0.031146202256944));
#12276=CARTESIAN_POINT('',(0.0394756401909723,0.1095,-0.031146202256944));
#12277=CARTESIAN_POINT('',(0.0390889286747685,0.109,-0.0315772207754625));
#12278=CARTESIAN_POINT('',(0.0390889286747685,0.1095,-0.0315772207754625));
#12279=CARTESIAN_POINT('',(0.0388955729166666,0.109,-0.0321961009837958));
#12280=CARTESIAN_POINT('',(0.0388955729166666,0.1095,-0.0321961009837958));
#12281=CARTESIAN_POINT('',(0.0388955729166666,0.109,-0.033002842881944));
#12282=CARTESIAN_POINT('',(0.0388955729166666,0.1095,-0.033002842881944));
#12283=CARTESIAN_POINT('',(0.0394756401909723,0.109,-0.031146202256944));
#12284=CARTESIAN_POINT('',(0.0394756401909723,0.109,-0.031146202256944));
#12285=CARTESIAN_POINT('',(0.0394756401909723,0.109,-0.031146202256944));
#12286=CARTESIAN_POINT('',(0.0388955729166666,0.109,-0.0317927300347218));
#12287=CARTESIAN_POINT('',(0.0388955729166666,0.109,-0.033002842881944));
#12288=CARTESIAN_POINT('',(0.0411552300347223,0.109,-0.0304996744791661));
#12289=CARTESIAN_POINT('',(0.0411552300347223,0.1095,-0.0304996744791661));
#12290=CARTESIAN_POINT('',(0.040422214988426,0.109,-0.0304996744791661));
#12291=CARTESIAN_POINT('',(0.040422214988426,0.1095,-0.0304996744791661));
#12292=CARTESIAN_POINT('',(0.039862351707176,0.109,-0.0307151837384254));
#12293=CARTESIAN_POINT('',(0.039862351707176,0.1095,-0.0307151837384254));
#12294=CARTESIAN_POINT('',(0.0394756401909723,0.109,-0.031146202256944));
#12295=CARTESIAN_POINT('',(0.0394756401909723,0.1095,-0.031146202256944));
#12296=CARTESIAN_POINT('',(0.0411552300347223,0.109,-0.0304996744791661));
#12297=CARTESIAN_POINT('',(0.0411552300347223,0.109,-0.0304996744791661));
#12298=CARTESIAN_POINT('',(0.0411552300347223,0.109,-0.0304996744791661));
#12299=CARTESIAN_POINT('',(0.0400557074652778,0.109,-0.0304996744791661));
#12300=CARTESIAN_POINT('',(0.0394756401909723,0.109,-0.031146202256944));
#12301=CARTESIAN_POINT('',(0.0411636082211777,0.109000000000001,-0.0362252007324855));
#12302=CARTESIAN_POINT('',(0.0420006076388889,0.109,-0.0305613498263884));
#12303=CARTESIAN_POINT('',(0.0420006495357653,0.109,-0.0305610811141234));
#12304=CARTESIAN_POINT('',(0.0411636082211777,0.109,-0.0362252007324855));
#12305=CARTESIAN_POINT('',(0.0411490784087366,0.109000000000001,-0.035953828198768));
#12306=CARTESIAN_POINT('',(0.0428832031250001,0.109,-0.030776698145094));
#12307=CARTESIAN_POINT('',(0.0428832031250001,0.109,-0.030776698145094));
#12308=CARTESIAN_POINT('',(0.0411490784087366,0.109,-0.035953828198768));
#12309=CARTESIAN_POINT('',(0.0428832031250001,0.109,-0.0320357096354162));
#12310=CARTESIAN_POINT('',(0.0428832031250001,0.109,-0.0320357096354162));
#12311=CARTESIAN_POINT('',(0.0462620146721602,0.109,-0.055));
#12312=CARTESIAN_POINT('',(0.0396181315104167,0.109,-0.0398222222222218));
#12313=CARTESIAN_POINT('',(0.0401248263888889,0.109,-0.0398222222222218));
#12314=CARTESIAN_POINT('',(0.0401248263888889,0.109,-0.0398222222222218));
#12315=CARTESIAN_POINT('',(0.0396181315104167,0.109,-0.0398222222222218));
#12316=CARTESIAN_POINT('',(0.0391114366319444,0.109,-0.0398222222222218));
#12317=CARTESIAN_POINT('',(0.0391114366319444,0.109,-0.0398222222222218));
#12318=CARTESIAN_POINT('',(0.0401248263888889,0.109,-0.0407824435763885));
#12319=CARTESIAN_POINT('',(0.0401248263888889,0.109,-0.0417426649305551));
#12320=CARTESIAN_POINT('',(0.0401248263888889,0.109,-0.0417426649305551));
#12321=CARTESIAN_POINT('',(0.0401248263888889,0.109,-0.0407824435763885));
#12322=CARTESIAN_POINT('',(0.0409489366319444,0.109,-0.0417426649305551));
#12323=CARTESIAN_POINT('',(0.041773046875,0.109,-0.0417426649305551));
#12324=CARTESIAN_POINT('',(0.041773046875,0.109,-0.0417426649305551));
#12325=CARTESIAN_POINT('',(0.0409489366319444,0.109,-0.0417426649305551));
#12326=CARTESIAN_POINT('',(0.041773046875,0.109,-0.0421632269965274));
#12327=CARTESIAN_POINT('',(0.041773046875,0.109,-0.0425837890624996));
#12328=CARTESIAN_POINT('',(0.041773046875,0.109,-0.0425837890624996));
#12329=CARTESIAN_POINT('',(0.041773046875,0.109,-0.0421632269965274));
#12330=CARTESIAN_POINT('',(0.0409489366319444,0.109,-0.0425837890624996));
#12331=CARTESIAN_POINT('',(0.0401248263888889,0.109,-0.0425837890624996));
#12332=CARTESIAN_POINT('',(0.0401248263888889,0.109,-0.0425837890624996));
#12333=CARTESIAN_POINT('',(0.0409489366319444,0.109,-0.0425837890624996));
#12334=CARTESIAN_POINT('',(0.0401248263888889,0.109,-0.0432101128472219));
#12335=CARTESIAN_POINT('',(0.0401248263888889,0.109,-0.0438364366319441));
#12336=CARTESIAN_POINT('',(0.0401248263888889,0.109,-0.0438364366319441));
#12337=CARTESIAN_POINT('',(0.0401248263888889,0.109,-0.0432101128472219));
#12338=CARTESIAN_POINT('',(0.0410106119791667,0.109,-0.0438364366319441));
#12339=CARTESIAN_POINT('',(0.0418963975694445,0.109,-0.0438364366319441));
#12340=CARTESIAN_POINT('',(0.0418963975694445,0.109,-0.0438364366319441));
#12341=CARTESIAN_POINT('',(0.0410106119791667,0.109,-0.0438364366319441));
#12342=CARTESIAN_POINT('',(0.0418963975694445,0.109,-0.0442585937499996));
#12343=CARTESIAN_POINT('',(0.0418963975694445,0.109,-0.0446807508680552));
#12344=CARTESIAN_POINT('',(0.0418963975694445,0.109,-0.0446807508680552));
#12345=CARTESIAN_POINT('',(0.0418963975694445,0.109,-0.0442585937499996));
#12346=CARTESIAN_POINT('',(0.0405039171006945,0.109,-0.0446807508680552));
#12347=CARTESIAN_POINT('',(0.0391114366319444,0.109,-0.0446807508680552));
#12348=CARTESIAN_POINT('',(0.0391114366319444,0.109,-0.0446807508680552));
#12349=CARTESIAN_POINT('',(0.0405039171006945,0.109,-0.0446807508680552));
#12350=CARTESIAN_POINT('',(0.0391114366319444,0.109,-0.0422514865451385));
#12351=CARTESIAN_POINT('',(0.0391114366319444,0.109,-0.0422514865451385));
#12352=CARTESIAN_POINT('',(0.0462620146721602,0.109,-0.055));
#12353=CARTESIAN_POINT('',(0.0405102973090278,0.109,-0.0490777777777774));
#12354=CARTESIAN_POINT('',(0.0419091579861112,0.109,-0.0490777777777774));
#12355=CARTESIAN_POINT('',(0.0419091579861112,0.109,-0.0490777777777774));
#12356=CARTESIAN_POINT('',(0.0405102973090278,0.109,-0.0490777777777774));
#12357=CARTESIAN_POINT('',(0.0391114366319444,0.109,-0.0490777777777774));
#12358=CARTESIAN_POINT('',(0.0391114366319444,0.109,-0.0490777777777774));
#12359=CARTESIAN_POINT('',(0.0419091579861112,0.109,-0.0495031249999997));
#12360=CARTESIAN_POINT('',(0.0419091579861112,0.109,-0.0499284722222219));
#12361=CARTESIAN_POINT('',(0.0419091579861112,0.109,-0.0499284722222219));
#12362=CARTESIAN_POINT('',(0.0419091579861112,0.109,-0.0495031249999997));
#12363=CARTESIAN_POINT('',(0.0410254991319444,0.109,-0.0499284722222219));
#12364=CARTESIAN_POINT('',(0.0401418402777778,0.109,-0.0499284722222219));
#12365=CARTESIAN_POINT('',(0.0401418402777778,0.109,-0.0499284722222219));
#12366=CARTESIAN_POINT('',(0.0410254991319444,0.109,-0.0499284722222219));
#12367=CARTESIAN_POINT('',(0.0401418402777778,0.109,-0.0505547960069441));
#12368=CARTESIAN_POINT('',(0.0401418402777778,0.109,-0.0511811197916664));
#12369=CARTESIAN_POINT('',(0.0401418402777778,0.109,-0.0511811197916664));
#12370=CARTESIAN_POINT('',(0.0401418402777778,0.109,-0.0505547960069441));
#12371=CARTESIAN_POINT('',(0.04096435546875,0.109,-0.0511811197916664));
#12372=CARTESIAN_POINT('',(0.0417868706597222,0.109,-0.0511811197916664));
#12373=CARTESIAN_POINT('',(0.0417868706597222,0.109,-0.0511811197916664));
#12374=CARTESIAN_POINT('',(0.04096435546875,0.109,-0.0511811197916664));
#12375=CARTESIAN_POINT('',(0.0417868706597222,0.109,-0.0516032769097219));
#12376=CARTESIAN_POINT('',(0.0417868706597222,0.109,-0.0520254340277775));
#12377=CARTESIAN_POINT('',(0.0417868706597222,0.109,-0.0520254340277775));
#12378=CARTESIAN_POINT('',(0.0417868706597222,0.109,-0.0516032769097219));
#12379=CARTESIAN_POINT('',(0.04096435546875,0.109,-0.0520254340277775));
#12380=CARTESIAN_POINT('',(0.0401418402777778,0.109,-0.0520254340277775));
#12381=CARTESIAN_POINT('',(0.0401418402777778,0.109,-0.0520254340277775));
#12382=CARTESIAN_POINT('',(0.04096435546875,0.109,-0.0520254340277775));
#12383=CARTESIAN_POINT('',(0.0401418402777778,0.109,-0.0525587131076386));
#12384=CARTESIAN_POINT('',(0.0401418402777778,0.109,-0.0530919921874997));
#12385=CARTESIAN_POINT('',(0.0401418402777778,0.109,-0.0530919921874997));
#12386=CARTESIAN_POINT('',(0.0401418402777778,0.109,-0.0525587131076386));
#12387=CARTESIAN_POINT('',(0.0410254991319444,0.109,-0.0530919921874997));
#12388=CARTESIAN_POINT('',(0.0419091579861112,0.109,-0.0530919921874997));
#12389=CARTESIAN_POINT('',(0.0419091579861112,0.109,-0.0530919921874997));
#12390=CARTESIAN_POINT('',(0.0410254991319444,0.109,-0.0530919921874997));
#12391=CARTESIAN_POINT('',(0.0419091579861112,0.109,-0.0535141493055553));
#12392=CARTESIAN_POINT('',(0.0419091579861112,0.109,-0.0539363064236108));
#12393=CARTESIAN_POINT('',(0.0419091579861112,0.109,-0.0539363064236108));
#12394=CARTESIAN_POINT('',(0.0419091579861112,0.109,-0.0535141493055553));
#12395=CARTESIAN_POINT('',(0.0405102973090278,0.109,-0.0539363064236108));
#12396=CARTESIAN_POINT('',(0.0391114366319444,0.109,-0.0539363064236108));
#12397=CARTESIAN_POINT('',(0.0391114366319444,0.109,-0.0539363064236108));
#12398=CARTESIAN_POINT('',(0.0405102973090278,0.109,-0.0539363064236108));
#12399=CARTESIAN_POINT('',(0.0391114366319444,0.109,-0.0515070421006941));
#12400=CARTESIAN_POINT('',(0.0391114366319444,0.109,-0.0515070421006941));
#12401=CARTESIAN_POINT('',(0.0462620146721602,0.109,-0.055));
#12402=CARTESIAN_POINT('',(0.1035,0.1095,-0.055));
#12403=CARTESIAN_POINT('',(0.1035,0.1095,-0.055));
#12404=CARTESIAN_POINT('',(0.1035,0.1095,-0.055));
#12405=CARTESIAN_POINT('',(0.1035,-1.99999999999983E-6,-0.119));
#12406=CARTESIAN_POINT('',(0.13797224362268,0.,-0.119));
#12407=CARTESIAN_POINT('',(0.06902775637732,-1.99999999999983E-6,-0.119));
#12408=CARTESIAN_POINT('',(0.1485,-1.99999999999983E-6,-0.114));
#12409=CARTESIAN_POINT('',(0.153480754415068,0.,-0.110679497056622));
#12410=CARTESIAN_POINT('',(0.143519245584932,0.003,-0.117320502943378));
#12411=CARTESIAN_POINT('',(0.0585,-1.99999999999983E-6,-0.114));
#12412=CARTESIAN_POINT('',(0.0634807544150677,-1.99999999999983E-6,-0.117320502943378));
#12413=CARTESIAN_POINT('',(0.0535192455849324,-1.99999999999983E-6,-0.110679497056622));
#12414=CARTESIAN_POINT('',(0.0415,0.1035,-0.055));
#12415=CARTESIAN_POINT('',(0.0415,0.1035,-0.0901715728752538));
#12416=CARTESIAN_POINT('',(0.0535,0.1035,-0.096));
#12417=CARTESIAN_POINT('',(0.0473284271247462,0.1035,-0.096));
#12418=CARTESIAN_POINT('',(0.0549142135623731,0.1035,-0.103585786437627));
#12419=CARTESIAN_POINT('',(0.1655,0.1035,-0.049));
#12420=CARTESIAN_POINT('',(0.1655,0.1035,-0.096));
#12421=CARTESIAN_POINT('',(0.1655,0.1035,-0.096));
#12422=CARTESIAN_POINT('',(0.1655,0.1035,-0.096));
#12423=CARTESIAN_POINT('',(0.0535,0.1035,-0.096));
#12424=CARTESIAN_POINT('',(0.141,0.1055,-0.101));
#12425=CARTESIAN_POINT('',(0.141,0.005,-0.101));
#12426=CARTESIAN_POINT('',(0.139,0.1095,-0.101));
#12427=CARTESIAN_POINT('',(0.141,0.1095,-0.095));
#12428=CARTESIAN_POINT('',(0.066,0.1055,-0.095));
#12429=CARTESIAN_POINT('',(0.1575,0.1095,-0.091));
#12430=CARTESIAN_POINT('',(0.1615,0.1055,-0.009));
#12431=CARTESIAN_POINT('',(0.0495,0.1095,-0.091));
#12432=CARTESIAN_POINT('',(0.0455,0.1095,-0.009));
#12433=CARTESIAN_POINT('',(0.1705,0.1055,-0.101));
#12434=CARTESIAN_POINT('',(0.1705,0.005,-0.101));
#12435=CARTESIAN_POINT('',(0.066,0.1055,-0.101));
#12436=CARTESIAN_POINT('',(0.066,0.005,-0.101));
#12437=CARTESIAN_POINT('',(0.068,0.1095,-0.101));
#12438=CARTESIAN_POINT('',(0.1705,0.1055,-0.009));
#12439=CARTESIAN_POINT('',(0.1705,0.005,-0.009));
#12440=CARTESIAN_POINT('',(0.0365,0.1055,-0.101));
#12441=CARTESIAN_POINT('',(0.0365,0.005,-0.101));
#12442=CARTESIAN_POINT('',(0.0365,0.1055,-0.009));
#12443=CARTESIAN_POINT('',(0.0365,0.005,-0.009));
#12444=CARTESIAN_POINT('',(0.0518357864376269,0.095,-0.106164213562373));
#12445=CARTESIAN_POINT('',(0.1035,0.005,-0.005));
#12446=CARTESIAN_POINT('',(0.1705,0.005,-0.005));
#12447=CARTESIAN_POINT('',(0.1705,0.005,-0.009));
#12448=CARTESIAN_POINT('',(0.1745,0.005,-0.009));
#12449=CARTESIAN_POINT('',(0.1745,0.005,-0.0545));
#12450=CARTESIAN_POINT('',(0.1745,0.005,-0.101));
#12451=CARTESIAN_POINT('',(0.1705,0.005,-0.101));
#12452=CARTESIAN_POINT('',(0.1705,0.005,-0.105));
#12453=CARTESIAN_POINT('',(0.15575,0.005,-0.105));
#12454=CARTESIAN_POINT('',(0.141,0.005,-0.105));
#12455=CARTESIAN_POINT('',(0.141,0.005,-0.101));
#12456=CARTESIAN_POINT('',(0.137,0.005,-0.101));
#12457=CARTESIAN_POINT('',(0.137,0.005,-0.1005));
#12458=CARTESIAN_POINT('',(0.137,0.005,-0.098));
#12459=CARTESIAN_POINT('',(0.07,0.005,-0.1005));
#12460=CARTESIAN_POINT('',(0.07,0.005,-0.098));
#12461=CARTESIAN_POINT('',(0.07,0.005,-0.101));
#12462=CARTESIAN_POINT('',(0.066,0.005,-0.101));
#12463=CARTESIAN_POINT('',(0.066,0.005,-0.105));
#12464=CARTESIAN_POINT('',(0.1035,0.005,-0.105));
#12465=CARTESIAN_POINT('',(0.0365,0.005,-0.105));
#12466=CARTESIAN_POINT('',(0.0365,0.005,-0.101));
#12467=CARTESIAN_POINT('',(0.0325,0.005,-0.101));
#12468=CARTESIAN_POINT('',(0.0325,0.005,-0.0545));
#12469=CARTESIAN_POINT('',(0.0325,0.005,-0.009));
#12470=CARTESIAN_POINT('',(0.0365,0.005,-0.009));
#12471=CARTESIAN_POINT('',(0.0365,0.005,-0.005));
#12472=CARTESIAN_POINT('',(0.1035,0.005,-0.005));
#12473=CARTESIAN_POINT('',(0.15902775637732,0.003,-0.119));
#12474=CARTESIAN_POINT('',(0.13797224362268,-1.99999999999983E-6,-0.109));
#12475=CARTESIAN_POINT('',(0.06902775637732,-1.99999999999983E-6,-0.109));
#12476=CARTESIAN_POINT('',(0.0479722436226801,-1.99999999999983E-6,-0.119));
#12477=CARTESIAN_POINT('',(0.0529613588154316,0.0905,-0.006998));
#12478=CARTESIAN_POINT('',(0.139002,0.0905,-0.101));
#12479=CARTESIAN_POINT('',(0.139002,0.1095,-0.101));
#12480=CARTESIAN_POINT('',(0.0085,-0.022,-0.099375));
#12481=CARTESIAN_POINT('',(0.012042291771992,-0.022,-0.0922019832704727));
#12482=CARTESIAN_POINT('',(0.0164504639199993,-0.022,-0.0984861111111111));
#12483=CARTESIAN_POINT('',(0.019297310254909,-0.022,-0.0761036076609812));
#12484=CARTESIAN_POINT('',(0.0256136324952211,-0.022,-0.0640111749509098));
#12485=CARTESIAN_POINT('',(0.0115987107387122,-0.022,-0.0908423738400159));
#12486=CARTESIAN_POINT('',(0.0275,-0.022,-0.0798873870021304));
#12487=CARTESIAN_POINT('',(0.0275,-0.022,-0.0644741572901758));
#12488=CARTESIAN_POINT('',(0.0275,0.,-0.098375));
#12489=CARTESIAN_POINT('',(0.022,-0.022,-0.099375));
#12490=CARTESIAN_POINT('',(0.0174442719099992,0.,-0.099375));
#12491=CARTESIAN_POINT('',(0.0265,0.003,-0.099375));
#12492=CARTESIAN_POINT('',(0.1985,-0.022,-0.009625));
#12493=CARTESIAN_POINT('',(0.194957708228008,-0.022,-0.0167980167295273));
#12494=CARTESIAN_POINT('',(0.19054953608,-0.022,-0.0105138888888889));
#12495=CARTESIAN_POINT('',(0.187702689745091,-0.022,-0.0328963923390189));
#12496=CARTESIAN_POINT('',(0.195401289261288,-0.022,-0.0181576261599842));
#12497=CARTESIAN_POINT('',(0.181386367504779,-6.93889390390723E-18,-0.0449888250490902));
#12498=CARTESIAN_POINT('',(0.1795,-0.022,-0.0291126129978696));
#12499=CARTESIAN_POINT('',(0.1795,-0.022,-0.010625));
#12500=CARTESIAN_POINT('',(0.1795,0.003,-0.0445258427098243));
#12501=CARTESIAN_POINT('',(0.185,-0.022,-0.009625));
#12502=CARTESIAN_POINT('',(0.189555728090001,0.,-0.009625));
#12503=CARTESIAN_POINT('',(0.1805,-0.022,-0.009625));
#12504=CARTESIAN_POINT('',(0.1985,-0.022,-0.099375));
#12505=CARTESIAN_POINT('',(0.194957708228008,-0.022,-0.0922019832704727));
#12506=CARTESIAN_POINT('',(0.19054953608,-0.022,-0.0984861111111111));
#12507=CARTESIAN_POINT('',(0.185,-0.022,-0.099375));
#12508=CARTESIAN_POINT('',(0.1805,0.,-0.099375));
#12509=CARTESIAN_POINT('',(0.189555728090001,0.003,-0.099375));
#12510=CARTESIAN_POINT('',(0.1795,-0.022,-0.0798873870021304));
#12511=CARTESIAN_POINT('',(0.1795,-0.022,-0.0644741572901757));
#12512=CARTESIAN_POINT('',(0.1795,0.003,-0.098375));
#12513=CARTESIAN_POINT('',(0.187702689745091,-0.022,-0.0761036076609812));
#12514=CARTESIAN_POINT('',(0.181386367504779,-0.022,-0.0640111749509098));
#12515=CARTESIAN_POINT('',(0.195401289261288,-0.022,-0.0908423738400159));
#12516=CARTESIAN_POINT('',(0.1985,-0.022,-0.0545));
#12517=CARTESIAN_POINT('',(0.1985,-0.022,-0.0819008427098242));
#12518=CARTESIAN_POINT('',(0.1985,0.003,-0.0270991572901758));
#12519=CARTESIAN_POINT('',(0.190279666062968,-0.022,-0.0702376129978695));
#12520=CARTESIAN_POINT('',(0.196613632495221,-0.022,-0.0823638250490902));
#12521=CARTESIAN_POINT('',(0.182301164825485,-0.022,-0.0549629823392659));
#12522=CARTESIAN_POINT('',(0.190279666062968,-0.022,-0.0387623870021305));
#12523=CARTESIAN_POINT('',(0.182301164825485,-0.022,-0.0540370176607341));
#12524=CARTESIAN_POINT('',(0.196613632495221,0.,-0.0266361749509098));
#12525=CARTESIAN_POINT('',(0.019297310254909,-0.022,-0.0328963923390189));
#12526=CARTESIAN_POINT('',(0.0115987107387122,-0.022,-0.0181576261599842));
#12527=CARTESIAN_POINT('',(0.0256136324952211,0.003,-0.0449888250490902));
#12528=CARTESIAN_POINT('',(0.0085,-0.022,-0.009625));
#12529=CARTESIAN_POINT('',(0.012042291771992,-0.022,-0.0167980167295273));
#12530=CARTESIAN_POINT('',(0.0164504639199993,-0.022,-0.0105138888888889));
#12531=CARTESIAN_POINT('',(0.022,-0.022,-0.009625));
#12532=CARTESIAN_POINT('',(0.0174442719099992,0.003,-0.009625));
#12533=CARTESIAN_POINT('',(0.0265,-0.022,-0.009625));
#12534=CARTESIAN_POINT('',(0.0275,-0.022,-0.0291126129978696));
#12535=CARTESIAN_POINT('',(0.0275,-0.022,-0.010625));
#12536=CARTESIAN_POINT('',(0.0275,-6.93889390390723E-18,-0.0445258427098243));
#12537=CARTESIAN_POINT('',(0.0167203339370315,-0.022,-0.0702376129978695));
#12538=CARTESIAN_POINT('',(0.0103863675047789,-0.022,-0.0823638250490901));
#12539=CARTESIAN_POINT('',(0.0246988351745152,-0.022,-0.0549629823392659));
#12540=CARTESIAN_POINT('',(0.0085,-0.022,-0.0545));
#12541=CARTESIAN_POINT('',(0.0085,-6.93889390390723E-18,-0.0270991572901758));
#12542=CARTESIAN_POINT('',(0.0085,-0.022,-0.0819008427098242));
#12543=CARTESIAN_POINT('',(0.0167203339370315,-0.022,-0.0387623870021305));
#12544=CARTESIAN_POINT('',(0.0103863675047789,0.003,-0.0266361749509099));
#12545=CARTESIAN_POINT('',(0.0246988351745152,-0.022,-0.0540370176607341));
#12546=CARTESIAN_POINT('',(0.1805,-0.022,-0.0644741572901757));
#12547=CARTESIAN_POINT('',(0.1805,-0.022,-0.098375));
#12548=CARTESIAN_POINT('',(0.194514921756509,-0.022,-0.0913053561792818));
#12549=CARTESIAN_POINT('',(0.189555728090001,-0.022,-0.098375));
#12550=CARTESIAN_POINT('',(0.1975,-0.022,-0.0819008427098242));
#12551=CARTESIAN_POINT('',(0.183187532330263,-0.022,-0.0545));
#12552=CARTESIAN_POINT('',(0.1975,-0.022,-0.0270991572901758));
#12553=CARTESIAN_POINT('',(0.194514921756509,-0.022,-0.0176946438207182));
#12554=CARTESIAN_POINT('',(0.189555728090001,-0.022,-0.010625));
#12555=CARTESIAN_POINT('',(0.1805,-0.022,-0.010625));
#12556=CARTESIAN_POINT('',(0.1805,-0.022,-0.0445258427098243));
#12557=CARTESIAN_POINT('',(0.012485078243491,-0.022,-0.0176946438207182));
#12558=CARTESIAN_POINT('',(0.0174442719099992,-0.022,-0.010625));
#12559=CARTESIAN_POINT('',(0.0265,-0.022,-0.010625));
#12560=CARTESIAN_POINT('',(0.0265,-0.022,-0.0445258427098243));
#12561=CARTESIAN_POINT('',(0.0095,-0.022,-0.0270991572901758));
#12562=CARTESIAN_POINT('',(0.0095,-0.022,-0.0819008427098242));
#12563=CARTESIAN_POINT('',(0.0238124676697364,-0.022,-0.0545));
#12564=CARTESIAN_POINT('',(0.0265,-0.022,-0.0644741572901758));
#12565=CARTESIAN_POINT('',(0.012485078243491,-0.022,-0.0913053561792818));
#12566=CARTESIAN_POINT('',(0.0174442719099992,-0.022,-0.098375));
#12567=CARTESIAN_POINT('',(0.0265,-0.022,-0.098375));
#12568=CARTESIAN_POINT('',(0.1625,-2.000000000002E-6,-0.0262888132828621));
#12569=CARTESIAN_POINT('',(0.1625,-2.000000000002E-6,-0.0293211399518229));
#12570=CARTESIAN_POINT('',(0.1625,0.0875,-0.0293211399518229));
#12571=CARTESIAN_POINT('',(0.1625,-2.000000000002E-6,-0.0232564866139013));
#12572=CARTESIAN_POINT('',(0.1625,0.0875,-0.0232564866139013));
#12573=CARTESIAN_POINT('',(0.1625,0.0875,-0.0262888132828621));
#12574=CARTESIAN_POINT('',(0.14980841397888,-2.000000000002E-6,-0.0145444657010988));
#12575=CARTESIAN_POINT('',(0.146101661476045,-2.000000000002E-6,-0.012));
#12576=CARTESIAN_POINT('',(0.146101661476045,0.0875,-0.012));
#12577=CARTESIAN_POINT('',(0.14980841397888,0.0875,-0.0145444657010988));
#12578=CARTESIAN_POINT('',(0.141684197933608,-2.000000000002E-6,-0.012));
#12579=CARTESIAN_POINT('',(0.137266734391172,-2.000000000002E-6,-0.012));
#12580=CARTESIAN_POINT('',(0.137266734391172,0.0875,-0.012));
#12581=CARTESIAN_POINT('',(0.141684197933608,0.0875,-0.012));
#12582=CARTESIAN_POINT('',(0.143976111368739,-2.000000000002E-6,-0.0166055892812116));
#12583=CARTESIAN_POINT('',(0.143976111368739,0.0875,-0.0166055892812116));
#12584=CARTESIAN_POINT('',(0.1625,-2.000000000002E-6,-0.0505474266345486));
#12585=CARTESIAN_POINT('',(0.1625,-2.000000000002E-6,-0.0535797533035094));
#12586=CARTESIAN_POINT('',(0.1625,0.0875,-0.0535797533035094));
#12587=CARTESIAN_POINT('',(0.1625,-2.000000000002E-6,-0.0475150999655878));
#12588=CARTESIAN_POINT('',(0.1625,0.0875,-0.0475150999655878));
#12589=CARTESIAN_POINT('',(0.1625,0.0875,-0.0505474266345486));
#12590=CARTESIAN_POINT('',(0.11774226957606,-2.000000000002E-6,-0.0167915731491541));
#12591=CARTESIAN_POINT('',(0.110761953136551,-2.000000000002E-6,-0.012));
#12592=CARTESIAN_POINT('',(0.110761953136551,0.0875,-0.012));
#12593=CARTESIAN_POINT('',(0.11774226957606,0.0875,-0.0167915731491541));
#12594=CARTESIAN_POINT('',(0.106344489594114,-2.000000000002E-6,-0.012));
#12595=CARTESIAN_POINT('',(0.101927026051677,-2.000000000002E-6,-0.012));
#12596=CARTESIAN_POINT('',(0.101927026051677,0.0875,-0.012));
#12597=CARTESIAN_POINT('',(0.106344489594114,0.0875,-0.012));
#12598=CARTESIAN_POINT('',(0.111909966965918,-2.000000000002E-6,-0.0188526967292669));
#12599=CARTESIAN_POINT('',(0.111909966965918,0.0875,-0.0188526967292669));
#12600=CARTESIAN_POINT('',(0.1625,-2.000000000002E-6,-0.0748060399862351));
#12601=CARTESIAN_POINT('',(0.1625,-2.000000000002E-6,-0.0778383666551959));
#12602=CARTESIAN_POINT('',(0.1625,0.0875,-0.0778383666551959));
#12603=CARTESIAN_POINT('',(0.1625,-2.000000000002E-6,-0.0717737133172743));
#12604=CARTESIAN_POINT('',(0.1625,0.0875,-0.0717737133172743));
#12605=CARTESIAN_POINT('',(0.1625,0.0875,-0.0748060399862351));
#12606=CARTESIAN_POINT('',(0.0944130591354944,-2.000000000002E-6,-0.0250360674696052));
#12607=CARTESIAN_POINT('',(0.0754222447970571,-2.000000000002E-6,-0.012));
#12608=CARTESIAN_POINT('',(0.0754222447970571,0.0875,-0.012));
#12609=CARTESIAN_POINT('',(0.0944130591354944,0.0875,-0.0250360674696052));
#12610=CARTESIAN_POINT('',(0.0710047812546203,-2.000000000002E-6,-0.012));
#12611=CARTESIAN_POINT('',(0.0665873177121836,-2.000000000002E-6,-0.012));
#12612=CARTESIAN_POINT('',(0.0665873177121836,0.0875,-0.012));
#12613=CARTESIAN_POINT('',(0.0710047812546203,0.0875,-0.012));
#12614=CARTESIAN_POINT('',(0.0885807565253531,-2.000000000002E-6,-0.027097191049718));
#12615=CARTESIAN_POINT('',(0.0885807565253531,0.0875,-0.027097191049718));
#12616=CARTESIAN_POINT('',(0.0445,-2.000000000002E-6,-0.0904040833620103));
#12617=CARTESIAN_POINT('',(0.0445,-2.000000000002E-6,-0.093));
#12618=CARTESIAN_POINT('',(0.0445,0.0875,-0.093));
#12619=CARTESIAN_POINT('',(0.0445,0.0875,-0.0904040833620103));
#12620=CARTESIAN_POINT('',(0.0445,0.0875,-0.0878081667240205));
#12621=CARTESIAN_POINT('',(0.0445,-2.000000000002E-6,-0.0878081667240205));
#12622=CARTESIAN_POINT('',(0.0482817057195406,-2.000000000002E-6,-0.093));
#12623=CARTESIAN_POINT('',(0.0520634114390813,-2.000000000002E-6,-0.093));
#12624=CARTESIAN_POINT('',(0.0520634114390813,0.0875,-0.093));
#12625=CARTESIAN_POINT('',(0.0482817057195406,0.0875,-0.093));
#12626=CARTESIAN_POINT('',(0.0480865240494114,-2.000000000002E-6,-0.0902701027240402));
#12627=CARTESIAN_POINT('',(0.0480865240494114,0.0875,-0.0902701027240402));
#12628=CARTESIAN_POINT('',(0.1625,-2.000000000002E-6,-0.0145959166379898));
#12629=CARTESIAN_POINT('',(0.1625,-2.000000000002E-6,-0.0171918332759796));
#12630=CARTESIAN_POINT('',(0.1625,0.0875,-0.0171918332759796));
#12631=CARTESIAN_POINT('',(0.1625,-2.000000000002E-6,-0.012));
#12632=CARTESIAN_POINT('',(0.1625,0.0875,-0.012));
#12633=CARTESIAN_POINT('',(0.1625,0.0875,-0.0145959166379898));
#12634=CARTESIAN_POINT('',(0.158718294280459,-2.000000000002E-6,-0.012));
#12635=CARTESIAN_POINT('',(0.154936588560918,-2.000000000002E-6,-0.012));
#12636=CARTESIAN_POINT('',(0.154936588560918,0.0875,-0.012));
#12637=CARTESIAN_POINT('',(0.158718294280459,0.0875,-0.012));
#12638=CARTESIAN_POINT('',(0.159422422308563,-2.000000000002E-6,-0.0150792587589758));
#12639=CARTESIAN_POINT('',(0.159422422308563,0.0875,-0.0150792587589758));
#12640=CARTESIAN_POINT('',(0.0577005323790933,-2.000000000002E-6,-0.0908048957819171));
#12641=CARTESIAN_POINT('',(0.0608983385239548,-2.000000000002E-6,-0.093));
#12642=CARTESIAN_POINT('',(0.0608983385239548,0.0875,-0.093));
#12643=CARTESIAN_POINT('',(0.0577005323790933,0.0875,-0.0908048957819171));
#12644=CARTESIAN_POINT('',(0.0445,0.0875,-0.0817435133860989));
#12645=CARTESIAN_POINT('',(0.0445,-2.000000000002E-6,-0.0817435133860989));
#12646=CARTESIAN_POINT('',(0.0653158020663915,-2.000000000002E-6,-0.093));
#12647=CARTESIAN_POINT('',(0.0697332656088283,-2.000000000002E-6,-0.093));
#12648=CARTESIAN_POINT('',(0.0697332656088283,0.0875,-0.093));
#12649=CARTESIAN_POINT('',(0.0653158020663915,0.0875,-0.093));
#12650=CARTESIAN_POINT('',(0.0509162021848204,-2.000000000002E-6,-0.080083202225893));
#12651=CARTESIAN_POINT('',(0.0445,-2.000000000002E-6,-0.0756788600481772));
#12652=CARTESIAN_POINT('',(0.0445,0.0875,-0.0756788600481772));
#12653=CARTESIAN_POINT('',(0.0509162021848204,0.0875,-0.080083202225893));
#12654=CARTESIAN_POINT('',(0.0445,-2.000000000002E-6,-0.0787111867171381));
#12655=CARTESIAN_POINT('',(0.0445,0.0875,-0.0787111867171381));
#12656=CARTESIAN_POINT('',(0.0771961788519009,-2.000000000002E-6,-0.0920581938882553));
#12657=CARTESIAN_POINT('',(0.0785681926937018,-2.000000000002E-6,-0.093));
#12658=CARTESIAN_POINT('',(0.0785681926937018,0.0875,-0.093));
#12659=CARTESIAN_POINT('',(0.0771961788519009,0.0875,-0.0920581938882553));
#12660=CARTESIAN_POINT('',(0.0445,0.0875,-0.0696142067102556));
#12661=CARTESIAN_POINT('',(0.0445,-2.000000000002E-6,-0.0696142067102556));
#12662=CARTESIAN_POINT('',(0.0829856562361386,-2.000000000002E-6,-0.093));
#12663=CARTESIAN_POINT('',(0.0874031197785753,-2.000000000002E-6,-0.093));
#12664=CARTESIAN_POINT('',(0.0874031197785753,0.0875,-0.093));
#12665=CARTESIAN_POINT('',(0.0829856562361386,0.0875,-0.093));
#12666=CARTESIAN_POINT('',(0.0615769215727545,-2.000000000002E-6,-0.0752718469943095));
#12667=CARTESIAN_POINT('',(0.0445,-2.000000000002E-6,-0.063549553372334));
#12668=CARTESIAN_POINT('',(0.0445,0.0875,-0.063549553372334));
#12669=CARTESIAN_POINT('',(0.0615769215727545,0.0875,-0.0752718469943095));
#12670=CARTESIAN_POINT('',(0.0445,-2.000000000002E-6,-0.0665818800412948));
#12671=CARTESIAN_POINT('',(0.0445,0.0875,-0.0665818800412948));
#12672=CARTESIAN_POINT('',(0.0888607840721835,-2.000000000002E-6,-0.0879359467280297));
#12673=CARTESIAN_POINT('',(0.0962380468634488,-2.000000000002E-6,-0.093));
#12674=CARTESIAN_POINT('',(0.0962380468634488,0.0875,-0.093));
#12675=CARTESIAN_POINT('',(0.0888607840721835,0.0875,-0.0879359467280297));
#12676=CARTESIAN_POINT('',(0.0445,0.0875,-0.0574849000344124));
#12677=CARTESIAN_POINT('',(0.0445,-2.000000000002E-6,-0.0574849000344124));
#12678=CARTESIAN_POINT('',(0.100655510405886,-2.000000000002E-6,-0.093));
#12679=CARTESIAN_POINT('',(0.105072973948322,-2.000000000002E-6,-0.093));
#12680=CARTESIAN_POINT('',(0.105072973948322,0.0875,-0.093));
#12681=CARTESIAN_POINT('',(0.100655510405886,0.0875,-0.093));
#12682=CARTESIAN_POINT('',(0.0644065997081636,-2.000000000002E-6,-0.0650849464961623));
#12683=CARTESIAN_POINT('',(0.0445,-2.000000000002E-6,-0.0514202466964908));
#12684=CARTESIAN_POINT('',(0.0445,0.0875,-0.0514202466964908));
#12685=CARTESIAN_POINT('',(0.0644065997081636,0.0875,-0.0650849464961623));
#12686=CARTESIAN_POINT('',(0.0445,-2.000000000002E-6,-0.0544525733654515));
#12687=CARTESIAN_POINT('',(0.0445,0.0875,-0.0544525733654515));
#12688=CARTESIAN_POINT('',(0.100525389292466,-2.000000000002E-6,-0.0838136995678042));
#12689=CARTESIAN_POINT('',(0.113907901033196,-2.000000000002E-6,-0.093));
#12690=CARTESIAN_POINT('',(0.113907901033196,0.0875,-0.093));
#12691=CARTESIAN_POINT('',(0.100525389292466,0.0875,-0.0838136995678042));
#12692=CARTESIAN_POINT('',(0.0445,0.0875,-0.0453555933585691));
#12693=CARTESIAN_POINT('',(0.0445,-2.000000000002E-6,-0.0453555933585691));
#12694=CARTESIAN_POINT('',(0.118325364575633,-2.000000000002E-6,-0.093));
#12695=CARTESIAN_POINT('',(0.122742828118069,-2.000000000002E-6,-0.093));
#12696=CARTESIAN_POINT('',(0.122742828118069,0.0875,-0.093));
#12697=CARTESIAN_POINT('',(0.118325364575633,0.0875,-0.093));
#12698=CARTESIAN_POINT('',(0.0672362778435727,-2.000000000002E-6,-0.0548980459980151));
#12699=CARTESIAN_POINT('',(0.0445,-2.000000000002E-6,-0.0392909400206475));
#12700=CARTESIAN_POINT('',(0.0445,0.0875,-0.0392909400206475));
#12701=CARTESIAN_POINT('',(0.0672362778435727,0.0875,-0.0548980459980151));
#12702=CARTESIAN_POINT('',(0.0445,-2.000000000002E-6,-0.0423232666896083));
#12703=CARTESIAN_POINT('',(0.0445,0.0875,-0.0423232666896083));
#12704=CARTESIAN_POINT('',(0.112189994512749,-2.000000000002E-6,-0.0796914524075786));
#12705=CARTESIAN_POINT('',(0.131577755202943,-2.000000000002E-6,-0.093));
#12706=CARTESIAN_POINT('',(0.131577755202943,0.0875,-0.093));
#12707=CARTESIAN_POINT('',(0.112189994512749,0.0875,-0.0796914524075786));
#12708=CARTESIAN_POINT('',(0.0445,0.0875,-0.0332262866827258));
#12709=CARTESIAN_POINT('',(0.0445,-2.000000000002E-6,-0.0332262866827258));
#12710=CARTESIAN_POINT('',(0.13599521874538,-2.000000000002E-6,-0.093));
#12711=CARTESIAN_POINT('',(0.140412682287816,-2.000000000002E-6,-0.093));
#12712=CARTESIAN_POINT('',(0.140412682287816,0.0875,-0.093));
#12713=CARTESIAN_POINT('',(0.13599521874538,0.0875,-0.093));
#12714=CARTESIAN_POINT('',(0.0700659559789817,-2.000000000002E-6,-0.0447111454998679));
#12715=CARTESIAN_POINT('',(0.0445,-2.000000000002E-6,-0.0271616333448042));
#12716=CARTESIAN_POINT('',(0.0445,0.0875,-0.0271616333448042));
#12717=CARTESIAN_POINT('',(0.0700659559789817,0.0875,-0.0447111454998679));
#12718=CARTESIAN_POINT('',(0.0445,-2.000000000002E-6,-0.030193960013765));
#12719=CARTESIAN_POINT('',(0.0445,0.0875,-0.030193960013765));
#12720=CARTESIAN_POINT('',(0.0886746354243673,-2.000000000002E-6,-0.012));
#12721=CARTESIAN_POINT('',(0.0930920989668041,-2.000000000002E-6,-0.012));
#12722=CARTESIAN_POINT('',(0.0930920989668041,0.0875,-0.012));
#12723=CARTESIAN_POINT('',(0.0842571718819306,-2.000000000002E-6,-0.012));
#12724=CARTESIAN_POINT('',(0.0842571718819306,0.0875,-0.012));
#12725=CARTESIAN_POINT('',(0.0886746354243673,0.0875,-0.012));
#12726=CARTESIAN_POINT('',(0.13936677580467,-2.000000000002E-6,-0.0498294738791688));
#12727=CARTESIAN_POINT('',(0.1625,-2.000000000002E-6,-0.0657090599793527));
#12728=CARTESIAN_POINT('',(0.1625,0.0875,-0.0657090599793527));
#12729=CARTESIAN_POINT('',(0.13936677580467,0.0875,-0.0498294738791688));
#12730=CARTESIAN_POINT('',(0.1625,-2.000000000002E-6,-0.0626767333103919));
#12731=CARTESIAN_POINT('',(0.1625,-2.000000000002E-6,-0.0596444066414311));
#12732=CARTESIAN_POINT('',(0.1625,0.0875,-0.0596444066414311));
#12733=CARTESIAN_POINT('',(0.1625,0.0875,-0.0626767333103919));
#12734=CARTESIAN_POINT('',(0.106077664355777,-2.000000000002E-6,-0.0209138203093797));
#12735=CARTESIAN_POINT('',(0.106077664355777,0.0875,-0.0209138203093797));
#12736=CARTESIAN_POINT('',(0.1625,-2.000000000002E-6,-0.0869353466620784));
#12737=CARTESIAN_POINT('',(0.1625,-2.000000000002E-6,-0.0839030199931175));
#12738=CARTESIAN_POINT('',(0.1625,0.0875,-0.0839030199931175));
#12739=CARTESIAN_POINT('',(0.1625,0.0875,-0.0869353466620784));
#12740=CARTESIAN_POINT('',(0.1625,0.0875,-0.0899676733310392));
#12741=CARTESIAN_POINT('',(0.1625,-2.000000000002E-6,-0.0899676733310392));
#12742=CARTESIAN_POINT('',(0.0827484539152119,-2.000000000002E-6,-0.0291583146298308));
#12743=CARTESIAN_POINT('',(0.0577523906273101,-2.000000000002E-6,-0.012));
#12744=CARTESIAN_POINT('',(0.0577523906273101,0.0875,-0.012));
#12745=CARTESIAN_POINT('',(0.0827484539152119,0.0875,-0.0291583146298308));
#12746=CARTESIAN_POINT('',(0.0533349270848734,-2.000000000002E-6,-0.012));
#12747=CARTESIAN_POINT('',(0.0489174635424367,-2.000000000002E-6,-0.012));
#12748=CARTESIAN_POINT('',(0.0489174635424367,0.0875,-0.012));
#12749=CARTESIAN_POINT('',(0.0533349270848734,0.0875,-0.012));
#12750=CARTESIAN_POINT('',(0.105708731771218,-2.000000000002E-6,-0.0509838366655196));
#12751=CARTESIAN_POINT('',(0.105708731771218,0.0875,-0.0509838366655196));
#12752=CARTESIAN_POINT('',(0.1625,-2.000000000002E-6,-0.0384181199587054));
#12753=CARTESIAN_POINT('',(0.1625,-2.000000000002E-6,-0.0414504466276662));
#12754=CARTESIAN_POINT('',(0.1625,0.0875,-0.0414504466276662));
#12755=CARTESIAN_POINT('',(0.1625,-2.000000000002E-6,-0.0353857932897445));
#12756=CARTESIAN_POINT('',(0.1625,0.0875,-0.0353857932897445));
#12757=CARTESIAN_POINT('',(0.1625,0.0875,-0.0384181199587054));
#12758=CARTESIAN_POINT('',(0.138143808758598,-2.000000000002E-6,-0.0186667128613244));
#12759=CARTESIAN_POINT('',(0.128431807306298,-2.000000000002E-6,-0.012));
#12760=CARTESIAN_POINT('',(0.128431807306298,0.0875,-0.012));
#12761=CARTESIAN_POINT('',(0.138143808758598,0.0875,-0.0186667128613244));
#12762=CARTESIAN_POINT('',(0.124014343763861,-2.000000000002E-6,-0.012));
#12763=CARTESIAN_POINT('',(0.119596880221424,-2.000000000002E-6,-0.012));
#12764=CARTESIAN_POINT('',(0.119596880221424,0.0875,-0.012));
#12765=CARTESIAN_POINT('',(0.124014343763861,0.0875,-0.012));
#12766=CARTESIAN_POINT('',(0.145026132075488,-2.000000000002E-6,-0.0294556728828744));
#12767=CARTESIAN_POINT('',(0.145026132075488,0.0875,-0.0294556728828744));
#12768=CARTESIAN_POINT('',(0.153665072915127,-2.000000000002E-6,-0.093));
#12769=CARTESIAN_POINT('',(0.158082536457563,-2.000000000002E-6,-0.093));
#12770=CARTESIAN_POINT('',(0.158082536457563,0.0875,-0.093));
#12771=CARTESIAN_POINT('',(0.153665072915127,0.0875,-0.093));
#12772=CARTESIAN_POINT('',(0.14924760937269,0.0875,-0.093));
#12773=CARTESIAN_POINT('',(0.14924760937269,-2.000000000002E-6,-0.093));
#12774=CARTESIAN_POINT('',(0.101291268228782,-2.000000000002E-6,-0.0540161633344804));
#12775=CARTESIAN_POINT('',(0.0445,-2.000000000002E-6,-0.0150323266689608));
#12776=CARTESIAN_POINT('',(0.0445,0.0875,-0.0150323266689608));
#12777=CARTESIAN_POINT('',(0.101291268228782,0.0875,-0.0540161633344804));
#12778=CARTESIAN_POINT('',(0.0445,-2.000000000002E-6,-0.0180646533379217));
#12779=CARTESIAN_POINT('',(0.0445,-2.000000000002E-6,-0.0210969800068826));
#12780=CARTESIAN_POINT('',(0.0445,0.0875,-0.0210969800068826));
#12781=CARTESIAN_POINT('',(0.0445,0.0875,-0.0180646533379217));
#12782=CARTESIAN_POINT('',(0.123854599733031,-2.000000000002E-6,-0.075569205247353));
#12783=CARTESIAN_POINT('',(0.123854599733031,0.0875,-0.075569205247353));
#12784=CARTESIAN_POINT('',(0.0530038941800594,0.0875,-0.006998));
#12785=CARTESIAN_POINT('',(0.0530038941800594,0.0875,-0.006998));
#12786=CARTESIAN_POINT('',(0.0530038941800594,0.0875,-0.006998));
#12787=CARTESIAN_POINT('',(0.0530038941800594,0.0875,-0.006998));
#12788=CARTESIAN_POINT('',(0.0530038941800594,0.0875,-0.006998));
#12789=CARTESIAN_POINT('',(0.0530038941800594,0.0875,-0.006998));
#12790=CARTESIAN_POINT('',(0.0530038941800594,0.0875,-0.006998));
#12791=CARTESIAN_POINT('',(0.0530038941800594,0.0875,-0.006998));
#12792=CARTESIAN_POINT('',(0.0530038941800594,0.0875,-0.006998));
#12793=CARTESIAN_POINT('',(0.0530038941800594,0.0875,-0.006998));
#12794=CARTESIAN_POINT('',(0.0530038941800594,0.0875,-0.006998));
#12795=CARTESIAN_POINT('',(0.0530038941800594,0.0875,-0.006998));
#12796=CARTESIAN_POINT('',(0.0530038941800594,0.0875,-0.006998));
#12797=CARTESIAN_POINT('',(0.0530038941800594,0.0875,-0.006998));
#12798=CARTESIAN_POINT('',(0.1035,-2.000000000002E-6,-0.098));
#12799=MECHANICAL_DESIGN_GEOMETRIC_PRESENTATION_REPRESENTATION('',(#7557),
#12800);
#12800=(
GEOMETRIC_REPRESENTATION_CONTEXT(3)
GLOBAL_UNCERTAINTY_ASSIGNED_CONTEXT((#12801))
GLOBAL_UNIT_ASSIGNED_CONTEXT((#12804,#12803,#12802))
REPRESENTATION_CONTEXT('Part 1','TOP_LEVEL_ASSEMBLY_PART')
);
#12801=UNCERTAINTY_MEASURE_WITH_UNIT(LENGTH_MEASURE(2.E-5),#12804,
'DISTANCE_ACCURACY_VALUE','Maximum Tolerance applied to model');
#12802=(
NAMED_UNIT(*)
SI_UNIT($,.STERADIAN.)
SOLID_ANGLE_UNIT()
);
#12803=(
NAMED_UNIT(*)
PLANE_ANGLE_UNIT()
SI_UNIT($,.RADIAN.)
);
#12804=(
LENGTH_UNIT()
NAMED_UNIT(*)
SI_UNIT($,.METRE.)
);
#12805=PRODUCT_DEFINITION_SHAPE('','',#12806);
#12806=PRODUCT_DEFINITION('','',#12808,#12807);
#12807=PRODUCT_DEFINITION_CONTEXT('',#12814,'design');
#12808=PRODUCT_DEFINITION_FORMATION_WITH_SPECIFIED_SOURCE('','',#12810,
 .NOT_KNOWN.);
#12809=PRODUCT_RELATED_PRODUCT_CATEGORY('','',(#12810));
#12810=PRODUCT('Part 1','Part 1','Part 1',(#12812));
#12811=PRODUCT_CATEGORY('','');
#12812=PRODUCT_CONTEXT('',#12814,'mechanical');
#12813=APPLICATION_PROTOCOL_DEFINITION('international standard',
'ap242_managed_model_based_3d_engineering',2020,#12814);
#12814=APPLICATION_CONTEXT('managed model based 3d engineering');
ENDSEC;
END-ISO-10303-21;
