ISO-10303-21;
HEADER;
/* Generated by software containing ST-Developer
 * from STEP Tools, Inc. (www.steptools.com) 
 */
/* OPTION: using custom renumber hook */

FILE_DESCRIPTION(
/* description */ ('STEP AP242 Edition 2',
'CAx-IF Rec.Pracs.---Representation and Presentation of Product Manufa
cturing Information (PMI)---4.0---2014-10-13',
'CAx-IF Rec.Pracs.---3D Tessellated Geometry---0.4---2014-09-14','2;1',
'CAx-IF Rec.Pracs.---User Defined Attributes---1.5---2016-08-15'),
/* implementation_level */ '2;1');

FILE_NAME(
/* name */ 'CubXL - ASMI Wellplate Holder_REV. 0',
/* time_stamp */ '2026-08-26T15:13:01Z',
/* author */ (''),
/* organization */ (''),
/* preprocessor_version */ 'ST-DEVELOPER v20',
/* originating_system */ 'ONSHAPE BY PTC INC, 1.219',
/* authorisation */ '  ');

FILE_SCHEMA (('AP242_MANAGED_MODEL_BASED_3D_ENGINEERING_MIM_LF { 1 0 10303 442 3 1 4 }'));
ENDSEC;

DATA;
#10=SHAPE_REPRESENTATION_RELATIONSHIP('','',#5309,#11);
#11=ADVANCED_BREP_SHAPE_REPRESENTATION('',(#5307),#9122);
#12=TOROIDAL_SURFACE('',#5625,0.004,0.002);
#13=TOROIDAL_SURFACE('',#5629,0.004,0.002);
#14=TOROIDAL_SURFACE('',#5633,0.004,0.002);
#15=TOROIDAL_SURFACE('',#5638,0.004,0.002);
#16=TOROIDAL_SURFACE('',#5642,0.004,0.002);
#17=TOROIDAL_SURFACE('',#5646,0.004,0.002);
#18=SPHERICAL_SURFACE('',#5601,0.002);
#19=B_SPLINE_SURFACE_WITH_KNOTS('',3,1,((#7676,#7677),(#7678,#7679),(#7680,
#7681),(#7682,#7683)),.SURF_OF_LINEAR_EXTRUSION.,.F.,.F.,.F.,(4,4),(2,2),
(0.,1.),(0.,1.),.PIECEWISE_BEZIER_KNOTS.);
#20=B_SPLINE_SURFACE_WITH_KNOTS('',3,1,((#7689,#7690),(#7691,#7692),(#7693,
#7694),(#7695,#7696)),.SURF_OF_LINEAR_EXTRUSION.,.F.,.F.,.F.,(4,4),(2,2),
(0.,1.),(0.,1.),.PIECEWISE_BEZIER_KNOTS.);
#21=B_SPLINE_SURFACE_WITH_KNOTS('',3,1,((#7706,#7707),(#7708,#7709),(#7710,
#7711),(#7712,#7713)),.SURF_OF_LINEAR_EXTRUSION.,.F.,.F.,.F.,(4,4),(2,2),
(0.,1.),(0.,1.),.PIECEWISE_BEZIER_KNOTS.);
#22=B_SPLINE_SURFACE_WITH_KNOTS('',3,1,((#7719,#7720),(#7721,#7722),(#7723,
#7724),(#7725,#7726)),.SURF_OF_LINEAR_EXTRUSION.,.F.,.F.,.F.,(4,4),(2,2),
(0.,1.),(0.,1.),.PIECEWISE_BEZIER_KNOTS.);
#23=B_SPLINE_SURFACE_WITH_KNOTS('',3,1,((#7732,#7733),(#7734,#7735),(#7736,
#7737),(#7738,#7739)),.SURF_OF_LINEAR_EXTRUSION.,.F.,.F.,.F.,(4,4),(2,2),
(0.,1.),(0.,1.),.PIECEWISE_BEZIER_KNOTS.);
#24=B_SPLINE_SURFACE_WITH_KNOTS('',3,1,((#7753,#7754),(#7755,#7756),(#7757,
#7758),(#7759,#7760)),.SURF_OF_LINEAR_EXTRUSION.,.F.,.F.,.F.,(4,4),(2,2),
(0.,1.),(0.,1.),.PIECEWISE_BEZIER_KNOTS.);
#25=B_SPLINE_SURFACE_WITH_KNOTS('',3,1,((#7770,#7771),(#7772,#7773),(#7774,
#7775),(#7776,#7777)),.SURF_OF_LINEAR_EXTRUSION.,.F.,.F.,.F.,(4,4),(2,2),
(0.,1.),(0.,1.),.PIECEWISE_BEZIER_KNOTS.);
#26=B_SPLINE_SURFACE_WITH_KNOTS('',3,1,((#7787,#7788),(#7789,#7790),(#7791,
#7792),(#7793,#7794)),.SURF_OF_LINEAR_EXTRUSION.,.F.,.F.,.F.,(4,4),(2,2),
(0.,1.),(0.,1.),.PIECEWISE_BEZIER_KNOTS.);
#27=B_SPLINE_SURFACE_WITH_KNOTS('',3,1,((#7800,#7801),(#7802,#7803),(#7804,
#7805),(#7806,#7807)),.SURF_OF_LINEAR_EXTRUSION.,.F.,.F.,.F.,(4,4),(2,2),
(0.,1.),(0.,1.),.PIECEWISE_BEZIER_KNOTS.);
#28=B_SPLINE_SURFACE_WITH_KNOTS('',3,1,((#7817,#7818),(#7819,#7820),(#7821,
#7822),(#7823,#7824)),.SURF_OF_LINEAR_EXTRUSION.,.F.,.F.,.F.,(4,4),(2,2),
(0.,1.),(0.,1.),.PIECEWISE_BEZIER_KNOTS.);
#29=B_SPLINE_SURFACE_WITH_KNOTS('',3,1,((#7830,#7831),(#7832,#7833),(#7834,
#7835),(#7836,#7837)),.SURF_OF_LINEAR_EXTRUSION.,.F.,.F.,.F.,(4,4),(2,2),
(0.,1.),(0.,1.),.PIECEWISE_BEZIER_KNOTS.);
#30=B_SPLINE_SURFACE_WITH_KNOTS('',3,1,((#7876,#7877),(#7878,#7879),(#7880,
#7881),(#7882,#7883)),.SURF_OF_LINEAR_EXTRUSION.,.F.,.F.,.F.,(4,4),(2,2),
(0.,1.),(0.,1.),.PIECEWISE_BEZIER_KNOTS.);
#31=B_SPLINE_SURFACE_WITH_KNOTS('',3,1,((#7900,#7901),(#7902,#7903),(#7904,
#7905),(#7906,#7907)),.SURF_OF_LINEAR_EXTRUSION.,.F.,.F.,.F.,(4,4),(2,2),
(0.,1.),(0.,1.),.PIECEWISE_BEZIER_KNOTS.);
#32=B_SPLINE_SURFACE_WITH_KNOTS('',3,1,((#7927,#7928),(#7929,#7930),(#7931,
#7932),(#7933,#7934)),.SURF_OF_LINEAR_EXTRUSION.,.F.,.F.,.F.,(4,4),(2,2),
(0.,1.),(0.,1.),.PIECEWISE_BEZIER_KNOTS.);
#33=B_SPLINE_SURFACE_WITH_KNOTS('',3,1,((#7940,#7941),(#7942,#7943),(#7944,
#7945),(#7946,#7947)),.SURF_OF_LINEAR_EXTRUSION.,.F.,.F.,.F.,(4,4),(2,2),
(0.,1.),(0.,1.),.PIECEWISE_BEZIER_KNOTS.);
#34=B_SPLINE_SURFACE_WITH_KNOTS('',3,1,((#7953,#7954),(#7955,#7956),(#7957,
#7958),(#7959,#7960)),.SURF_OF_LINEAR_EXTRUSION.,.F.,.F.,.F.,(4,4),(2,2),
(0.,1.),(0.,1.),.PIECEWISE_BEZIER_KNOTS.);
#35=B_SPLINE_SURFACE_WITH_KNOTS('',3,1,((#7966,#7967),(#7968,#7969),(#7970,
#7971),(#7972,#7973)),.SURF_OF_LINEAR_EXTRUSION.,.F.,.F.,.F.,(4,4),(2,2),
(0.,1.),(0.,1.),.PIECEWISE_BEZIER_KNOTS.);
#36=B_SPLINE_SURFACE_WITH_KNOTS('',3,1,((#7979,#7980),(#7981,#7982),(#7983,
#7984),(#7985,#7986)),.SURF_OF_LINEAR_EXTRUSION.,.F.,.F.,.F.,(4,4),(2,2),
(0.,1.),(0.,1.),.PIECEWISE_BEZIER_KNOTS.);
#37=B_SPLINE_SURFACE_WITH_KNOTS('',3,1,((#7992,#7993),(#7994,#7995),(#7996,
#7997),(#7998,#7999)),.SURF_OF_LINEAR_EXTRUSION.,.F.,.F.,.F.,(4,4),(2,2),
(0.,1.),(0.,1.),.PIECEWISE_BEZIER_KNOTS.);
#38=B_SPLINE_SURFACE_WITH_KNOTS('',3,1,((#8005,#8006),(#8007,#8008),(#8009,
#8010),(#8011,#8012)),.SURF_OF_LINEAR_EXTRUSION.,.F.,.F.,.F.,(4,4),(2,2),
(0.,1.),(0.,1.),.PIECEWISE_BEZIER_KNOTS.);
#39=B_SPLINE_SURFACE_WITH_KNOTS('',3,1,((#8022,#8023),(#8024,#8025),(#8026,
#8027),(#8028,#8029)),.SURF_OF_LINEAR_EXTRUSION.,.F.,.F.,.F.,(4,4),(2,2),
(0.,1.),(0.,1.),.PIECEWISE_BEZIER_KNOTS.);
#40=B_SPLINE_SURFACE_WITH_KNOTS('',3,1,((#8035,#8036),(#8037,#8038),(#8039,
#8040),(#8041,#8042)),.SURF_OF_LINEAR_EXTRUSION.,.F.,.F.,.F.,(4,4),(2,2),
(0.,1.),(0.,1.),.PIECEWISE_BEZIER_KNOTS.);
#41=B_SPLINE_SURFACE_WITH_KNOTS('',3,1,((#8048,#8049),(#8050,#8051),(#8052,
#8053),(#8054,#8055)),.SURF_OF_LINEAR_EXTRUSION.,.F.,.F.,.F.,(4,4),(2,2),
(0.,1.),(0.,1.),.PIECEWISE_BEZIER_KNOTS.);
#42=B_SPLINE_SURFACE_WITH_KNOTS('',3,1,((#8086,#8087),(#8088,#8089),(#8090,
#8091),(#8092,#8093)),.SURF_OF_LINEAR_EXTRUSION.,.F.,.F.,.F.,(4,4),(2,2),
(0.,1.),(0.,1.),.PIECEWISE_BEZIER_KNOTS.);
#43=B_SPLINE_SURFACE_WITH_KNOTS('',3,1,((#8132,#8133),(#8134,#8135),(#8136,
#8137),(#8138,#8139)),.SURF_OF_LINEAR_EXTRUSION.,.F.,.F.,.F.,(4,4),(2,2),
(0.,1.),(0.,1.),.PIECEWISE_BEZIER_KNOTS.);
#44=B_SPLINE_SURFACE_WITH_KNOTS('',3,1,((#8145,#8146),(#8147,#8148),(#8149,
#8150),(#8151,#8152)),.SURF_OF_LINEAR_EXTRUSION.,.F.,.F.,.F.,(4,4),(2,2),
(0.,1.),(0.,1.),.PIECEWISE_BEZIER_KNOTS.);
#45=B_SPLINE_SURFACE_WITH_KNOTS('',3,1,((#8162,#8163),(#8164,#8165),(#8166,
#8167),(#8168,#8169)),.SURF_OF_LINEAR_EXTRUSION.,.F.,.F.,.F.,(4,4),(2,2),
(0.,1.),(0.,1.),.PIECEWISE_BEZIER_KNOTS.);
#46=B_SPLINE_SURFACE_WITH_KNOTS('',3,1,((#8175,#8176),(#8177,#8178),(#8179,
#8180),(#8181,#8182)),.SURF_OF_LINEAR_EXTRUSION.,.F.,.F.,.F.,(4,4),(2,2),
(0.,1.),(0.,1.),.PIECEWISE_BEZIER_KNOTS.);
#47=B_SPLINE_SURFACE_WITH_KNOTS('',3,1,((#8188,#8189),(#8190,#8191),(#8192,
#8193),(#8194,#8195)),.SURF_OF_LINEAR_EXTRUSION.,.F.,.F.,.F.,(4,4),(2,2),
(0.,1.),(0.,1.),.PIECEWISE_BEZIER_KNOTS.);
#48=B_SPLINE_SURFACE_WITH_KNOTS('',3,1,((#8209,#8210),(#8211,#8212),(#8213,
#8214),(#8215,#8216)),.SURF_OF_LINEAR_EXTRUSION.,.F.,.F.,.F.,(4,4),(2,2),
(0.,1.),(0.,1.),.PIECEWISE_BEZIER_KNOTS.);
#49=B_SPLINE_SURFACE_WITH_KNOTS('',3,1,((#8226,#8227),(#8228,#8229),(#8230,
#8231),(#8232,#8233)),.SURF_OF_LINEAR_EXTRUSION.,.F.,.F.,.F.,(4,4),(2,2),
(0.,1.),(0.,1.),.PIECEWISE_BEZIER_KNOTS.);
#50=B_SPLINE_SURFACE_WITH_KNOTS('',3,1,((#8243,#8244),(#8245,#8246),(#8247,
#8248),(#8249,#8250)),.SURF_OF_LINEAR_EXTRUSION.,.F.,.F.,.F.,(4,4),(2,2),
(0.,1.),(0.,1.),.PIECEWISE_BEZIER_KNOTS.);
#51=B_SPLINE_SURFACE_WITH_KNOTS('',3,1,((#8256,#8257),(#8258,#8259),(#8260,
#8261),(#8262,#8263)),.SURF_OF_LINEAR_EXTRUSION.,.F.,.F.,.F.,(4,4),(2,2),
(0.,1.),(0.,1.),.PIECEWISE_BEZIER_KNOTS.);
#52=B_SPLINE_SURFACE_WITH_KNOTS('',3,1,((#8273,#8274),(#8275,#8276),(#8277,
#8278),(#8279,#8280)),.SURF_OF_LINEAR_EXTRUSION.,.F.,.F.,.F.,(4,4),(2,2),
(0.,1.),(0.,1.),.PIECEWISE_BEZIER_KNOTS.);
#53=B_SPLINE_SURFACE_WITH_KNOTS('',3,1,((#8286,#8287),(#8288,#8289),(#8290,
#8291),(#8292,#8293)),.SURF_OF_LINEAR_EXTRUSION.,.F.,.F.,.F.,(4,4),(2,2),
(0.,1.),(0.,1.),.PIECEWISE_BEZIER_KNOTS.);
#54=B_SPLINE_SURFACE_WITH_KNOTS('',3,1,((#8321,#8322),(#8323,#8324),(#8325,
#8326),(#8327,#8328)),.SURF_OF_LINEAR_EXTRUSION.,.F.,.F.,.F.,(4,4),(2,2),
(0.,1.),(0.,1.),.PIECEWISE_BEZIER_KNOTS.);
#55=B_SPLINE_SURFACE_WITH_KNOTS('',3,1,((#8374,#8375),(#8376,#8377),(#8378,
#8379),(#8380,#8381)),.SURF_OF_LINEAR_EXTRUSION.,.F.,.F.,.F.,(4,4),(2,2),
(0.,1.),(0.,1.),.PIECEWISE_BEZIER_KNOTS.);
#56=B_SPLINE_SURFACE_WITH_KNOTS('',3,1,((#8394,#8395),(#8396,#8397),(#8398,
#8399),(#8400,#8401)),.SURF_OF_LINEAR_EXTRUSION.,.F.,.F.,.F.,(4,4),(2,2),
(0.,1.),(0.,1.),.PIECEWISE_BEZIER_KNOTS.);
#57=B_SPLINE_SURFACE_WITH_KNOTS('',3,1,((#8423,#8424),(#8425,#8426),(#8427,
#8428),(#8429,#8430)),.SURF_OF_LINEAR_EXTRUSION.,.F.,.F.,.F.,(4,4),(2,2),
(0.,1.),(0.,1.),.PIECEWISE_BEZIER_KNOTS.);
#58=B_SPLINE_SURFACE_WITH_KNOTS('',3,1,((#8438,#8439),(#8440,#8441),(#8442,
#8443),(#8444,#8445)),.SURF_OF_LINEAR_EXTRUSION.,.F.,.F.,.F.,(4,4),(2,2),
(0.,1.),(0.,1.),.PIECEWISE_BEZIER_KNOTS.);
#59=B_SPLINE_SURFACE_WITH_KNOTS('',3,1,((#8451,#8452),(#8453,#8454),(#8455,
#8456),(#8457,#8458)),.SURF_OF_LINEAR_EXTRUSION.,.F.,.F.,.F.,(4,4),(2,2),
(0.,1.),(0.,1.),.PIECEWISE_BEZIER_KNOTS.);
#60=B_SPLINE_SURFACE_WITH_KNOTS('',3,1,((#8476,#8477),(#8478,#8479),(#8480,
#8481),(#8482,#8483)),.SURF_OF_LINEAR_EXTRUSION.,.F.,.F.,.F.,(4,4),(2,2),
(0.,1.),(0.,1.),.PIECEWISE_BEZIER_KNOTS.);
#61=B_SPLINE_SURFACE_WITH_KNOTS('',3,1,((#8506,#8507),(#8508,#8509),(#8510,
#8511),(#8512,#8513)),.SURF_OF_LINEAR_EXTRUSION.,.F.,.F.,.F.,(4,4),(2,2),
(0.,1.),(0.,1.),.PIECEWISE_BEZIER_KNOTS.);
#62=B_SPLINE_SURFACE_WITH_KNOTS('',3,1,((#8523,#8524),(#8525,#8526),(#8527,
#8528),(#8529,#8530)),.SURF_OF_LINEAR_EXTRUSION.,.F.,.F.,.F.,(4,4),(2,2),
(0.,1.),(0.,1.),.PIECEWISE_BEZIER_KNOTS.);
#63=B_SPLINE_SURFACE_WITH_KNOTS('',3,1,((#8540,#8541),(#8542,#8543),(#8544,
#8545),(#8546,#8547)),.SURF_OF_LINEAR_EXTRUSION.,.F.,.F.,.F.,(4,4),(2,2),
(0.,1.),(0.,1.),.PIECEWISE_BEZIER_KNOTS.);
#64=B_SPLINE_SURFACE_WITH_KNOTS('',3,1,((#8578,#8579),(#8580,#8581),(#8582,
#8583),(#8584,#8585)),.SURF_OF_LINEAR_EXTRUSION.,.F.,.F.,.F.,(4,4),(2,2),
(0.,1.),(0.,1.),.PIECEWISE_BEZIER_KNOTS.);
#65=B_SPLINE_SURFACE_WITH_KNOTS('',3,1,((#8595,#8596),(#8597,#8598),(#8599,
#8600),(#8601,#8602)),.SURF_OF_LINEAR_EXTRUSION.,.F.,.F.,.F.,(4,4),(2,2),
(0.,1.),(0.,1.),.PIECEWISE_BEZIER_KNOTS.);
#66=B_SPLINE_SURFACE_WITH_KNOTS('',3,1,((#8612,#8613),(#8614,#8615),(#8616,
#8617),(#8618,#8619)),.SURF_OF_LINEAR_EXTRUSION.,.F.,.F.,.F.,(4,4),(2,2),
(0.,1.),(0.,1.),.PIECEWISE_BEZIER_KNOTS.);
#67=B_SPLINE_SURFACE_WITH_KNOTS('',3,1,((#8643,#8644),(#8645,#8646),(#8647,
#8648),(#8649,#8650)),.SURF_OF_LINEAR_EXTRUSION.,.F.,.F.,.F.,(4,4),(2,2),
(0.,1.),(0.,1.),.PIECEWISE_BEZIER_KNOTS.);
#68=B_SPLINE_SURFACE_WITH_KNOTS('',3,1,((#8656,#8657),(#8658,#8659),(#8660,
#8661),(#8662,#8663)),.SURF_OF_LINEAR_EXTRUSION.,.F.,.F.,.F.,(4,4),(2,2),
(0.,1.),(0.,1.),.PIECEWISE_BEZIER_KNOTS.);
#69=B_SPLINE_SURFACE_WITH_KNOTS('',3,1,((#8669,#8670),(#8671,#8672),(#8673,
#8674),(#8675,#8676)),.SURF_OF_LINEAR_EXTRUSION.,.F.,.F.,.F.,(4,4),(2,2),
(0.,1.),(0.,1.),.PIECEWISE_BEZIER_KNOTS.);
#70=B_SPLINE_SURFACE_WITH_KNOTS('',3,1,((#8682,#8683),(#8684,#8685),(#8686,
#8687),(#8688,#8689)),.SURF_OF_LINEAR_EXTRUSION.,.F.,.F.,.F.,(4,4),(2,2),
(0.,1.),(0.,1.),.PIECEWISE_BEZIER_KNOTS.);
#71=B_SPLINE_SURFACE_WITH_KNOTS('',3,1,((#8703,#8704),(#8705,#8706),(#8707,
#8708),(#8709,#8710)),.SURF_OF_LINEAR_EXTRUSION.,.F.,.F.,.F.,(4,4),(2,2),
(0.,1.),(0.,1.),.PIECEWISE_BEZIER_KNOTS.);
#72=B_SPLINE_SURFACE_WITH_KNOTS('',3,1,((#8716,#8717),(#8718,#8719),(#8720,
#8721),(#8722,#8723)),.SURF_OF_LINEAR_EXTRUSION.,.F.,.F.,.F.,(4,4),(2,2),
(0.,1.),(0.,1.),.PIECEWISE_BEZIER_KNOTS.);
#73=B_SPLINE_SURFACE_WITH_KNOTS('',3,1,((#8729,#8730),(#8731,#8732),(#8733,
#8734),(#8735,#8736)),.SURF_OF_LINEAR_EXTRUSION.,.F.,.F.,.F.,(4,4),(2,2),
(0.,1.),(0.,1.),.PIECEWISE_BEZIER_KNOTS.);
#74=B_SPLINE_SURFACE_WITH_KNOTS('',3,1,((#8743,#8744),(#8745,#8746),(#8747,
#8748),(#8749,#8750)),.SURF_OF_LINEAR_EXTRUSION.,.F.,.F.,.F.,(4,4),(2,2),
(0.,1.),(0.,1.),.PIECEWISE_BEZIER_KNOTS.);
#75=B_SPLINE_SURFACE_WITH_KNOTS('',3,1,((#8830,#8831),(#8832,#8833),(#8834,
#8835),(#8836,#8837)),.SURF_OF_LINEAR_EXTRUSION.,.F.,.F.,.F.,(4,4),(2,2),
(0.,1.),(0.,1.),.PIECEWISE_BEZIER_KNOTS.);
#76=B_SPLINE_SURFACE_WITH_KNOTS('',3,1,((#8843,#8844),(#8845,#8846),(#8847,
#8848),(#8849,#8850)),.SURF_OF_LINEAR_EXTRUSION.,.F.,.F.,.F.,(4,4),(2,2),
(0.,1.),(0.,1.),.PIECEWISE_BEZIER_KNOTS.);
#77=B_SPLINE_SURFACE_WITH_KNOTS('',3,1,((#8856,#8857),(#8858,#8859),(#8860,
#8861),(#8862,#8863)),.SURF_OF_LINEAR_EXTRUSION.,.F.,.F.,.F.,(4,4),(2,2),
(0.,1.),(0.,1.),.PIECEWISE_BEZIER_KNOTS.);
#78=B_SPLINE_SURFACE_WITH_KNOTS('',3,1,((#8869,#8870),(#8871,#8872),(#8873,
#8874),(#8875,#8876)),.SURF_OF_LINEAR_EXTRUSION.,.F.,.F.,.F.,(4,4),(2,2),
(0.,1.),(0.,1.),.PIECEWISE_BEZIER_KNOTS.);
#79=B_SPLINE_SURFACE_WITH_KNOTS('',3,1,((#8894,#8895),(#8896,#8897),(#8898,
#8899),(#8900,#8901)),.SURF_OF_LINEAR_EXTRUSION.,.F.,.F.,.F.,(4,4),(2,2),
(0.,1.),(0.,1.),.PIECEWISE_BEZIER_KNOTS.);
#80=B_SPLINE_SURFACE_WITH_KNOTS('',3,1,((#8907,#8908),(#8909,#8910),(#8911,
#8912),(#8913,#8914)),.SURF_OF_LINEAR_EXTRUSION.,.F.,.F.,.F.,(4,4),(2,2),
(0.,1.),(0.,1.),.PIECEWISE_BEZIER_KNOTS.);
#81=B_SPLINE_SURFACE_WITH_KNOTS('',3,1,((#8920,#8921),(#8922,#8923),(#8924,
#8925),(#8926,#8927)),.SURF_OF_LINEAR_EXTRUSION.,.F.,.F.,.F.,(4,4),(2,2),
(0.,1.),(0.,1.),.PIECEWISE_BEZIER_KNOTS.);
#82=B_SPLINE_SURFACE_WITH_KNOTS('',3,1,((#8933,#8934),(#8935,#8936),(#8937,
#8938),(#8939,#8940)),.SURF_OF_LINEAR_EXTRUSION.,.F.,.F.,.F.,(4,4),(2,2),
(0.,1.),(0.,1.),.PIECEWISE_BEZIER_KNOTS.);
#83=CYLINDRICAL_SURFACE('',#5393,0.01);
#84=CYLINDRICAL_SURFACE('',#5394,0.01);
#85=CYLINDRICAL_SURFACE('',#5395,0.01);
#86=CYLINDRICAL_SURFACE('',#5396,0.01);
#87=CYLINDRICAL_SURFACE('',#5423,0.003);
#88=CYLINDRICAL_SURFACE('',#5424,0.003);
#89=CYLINDRICAL_SURFACE('',#5425,0.003);
#90=CYLINDRICAL_SURFACE('',#5426,0.003);
#91=CYLINDRICAL_SURFACE('',#5434,0.0022983850050621);
#92=CYLINDRICAL_SURFACE('',#5436,0.00363762781313592);
#93=CYLINDRICAL_SURFACE('',#5438,0.00300772365688456);
#94=CYLINDRICAL_SURFACE('',#5441,0.00169383280224098);
#95=CYLINDRICAL_SURFACE('',#5443,0.00138208531274542);
#96=CYLINDRICAL_SURFACE('',#5458,0.00163512276435378);
#97=CYLINDRICAL_SURFACE('',#5460,0.00554377747398907);
#98=CYLINDRICAL_SURFACE('',#5480,0.00229838500505833);
#99=CYLINDRICAL_SURFACE('',#5482,0.003637627813135);
#100=CYLINDRICAL_SURFACE('',#5484,0.00300772365689526);
#101=CYLINDRICAL_SURFACE('',#5487,0.00169383280224243);
#102=CYLINDRICAL_SURFACE('',#5489,0.00138208531274492);
#103=CYLINDRICAL_SURFACE('',#5494,0.483547043325367);
#104=CYLINDRICAL_SURFACE('',#5506,0.00522257430712066);
#105=CYLINDRICAL_SURFACE('',#5526,0.000813164397026317);
#106=CYLINDRICAL_SURFACE('',#5548,0.00335500241677365);
#107=CYLINDRICAL_SURFACE('',#5550,0.00244355380057536);
#108=CYLINDRICAL_SURFACE('',#5553,0.0036119290750467);
#109=CYLINDRICAL_SURFACE('',#5555,0.00572544443917079);
#110=CYLINDRICAL_SURFACE('',#5557,0.00545984103470331);
#111=CYLINDRICAL_SURFACE('',#5591,0.002);
#112=CYLINDRICAL_SURFACE('',#5592,0.002);
#113=CYLINDRICAL_SURFACE('',#5594,0.002);
#114=CYLINDRICAL_SURFACE('',#5596,0.002);
#115=CYLINDRICAL_SURFACE('',#5597,0.002);
#116=CYLINDRICAL_SURFACE('',#5599,0.002);
#117=CYLINDRICAL_SURFACE('',#5603,0.002);
#118=CYLINDRICAL_SURFACE('',#5604,0.002);
#119=CYLINDRICAL_SURFACE('',#5606,0.002);
#120=CYLINDRICAL_SURFACE('',#5607,0.002);
#121=CYLINDRICAL_SURFACE('',#5608,0.002);
#122=CYLINDRICAL_SURFACE('',#5609,0.002);
#123=CYLINDRICAL_SURFACE('',#5610,0.002);
#124=CYLINDRICAL_SURFACE('',#5611,0.002);
#125=CYLINDRICAL_SURFACE('',#5612,0.002);
#126=CYLINDRICAL_SURFACE('',#5614,0.002);
#127=CYLINDRICAL_SURFACE('',#5616,0.002);
#128=CYLINDRICAL_SURFACE('',#5618,0.002);
#129=CYLINDRICAL_SURFACE('',#5620,0.002);
#130=CYLINDRICAL_SURFACE('',#5622,0.002);
#131=CYLINDRICAL_SURFACE('',#5623,0.002);
#132=CYLINDRICAL_SURFACE('',#5627,0.002);
#133=CYLINDRICAL_SURFACE('',#5631,0.002);
#134=CYLINDRICAL_SURFACE('',#5635,0.002);
#135=CYLINDRICAL_SURFACE('',#5636,0.002);
#136=CYLINDRICAL_SURFACE('',#5640,0.002);
#137=CYLINDRICAL_SURFACE('',#5644,0.002);
#138=CYLINDRICAL_SURFACE('',#5648,0.002);
#139=CYLINDRICAL_SURFACE('',#5649,0.01);
#140=CYLINDRICAL_SURFACE('',#5650,0.01);
#141=CYLINDRICAL_SURFACE('',#5651,0.01);
#142=CYLINDRICAL_SURFACE('',#5652,0.01);
#143=ELLIPSE('',#5383,0.00282842712474619,0.002);
#144=ELLIPSE('',#5388,0.00282842712474619,0.002);
#145=ELLIPSE('',#5593,0.00216478440058479,0.002);
#146=ELLIPSE('',#5595,0.00216478440058479,0.002);
#147=CIRCLE('',#5313,0.00138208531274492);
#148=CIRCLE('',#5314,0.00169383280224243);
#149=CIRCLE('',#5315,0.00300772365689526);
#150=CIRCLE('',#5316,0.003637627813135);
#151=CIRCLE('',#5317,0.00229838500505833);
#152=CIRCLE('',#5318,0.00163512276435378);
#153=CIRCLE('',#5319,0.00554377747398907);
#154=CIRCLE('',#5320,0.002);
#155=CIRCLE('',#5321,0.002);
#156=CIRCLE('',#5322,0.002);
#157=CIRCLE('',#5323,0.002);
#158=CIRCLE('',#5324,0.002);
#159=CIRCLE('',#5325,0.002);
#160=CIRCLE('',#5326,0.000813164397026317);
#161=CIRCLE('',#5327,0.00545984103470331);
#162=CIRCLE('',#5328,0.00572544443917079);
#163=CIRCLE('',#5329,0.0036119290750467);
#164=CIRCLE('',#5330,0.00244355380057536);
#165=CIRCLE('',#5331,0.00335500241677365);
#166=CIRCLE('',#5333,0.002);
#167=CIRCLE('',#5334,0.002);
#168=CIRCLE('',#5335,0.002);
#169=CIRCLE('',#5336,0.002);
#170=CIRCLE('',#5337,0.002);
#171=CIRCLE('',#5338,0.002);
#172=CIRCLE('',#5339,0.00138208531274542);
#173=CIRCLE('',#5340,0.00169383280224098);
#174=CIRCLE('',#5341,0.00300772365688456);
#175=CIRCLE('',#5342,0.00363762781313592);
#176=CIRCLE('',#5343,0.0022983850050621);
#177=CIRCLE('',#5345,0.003);
#178=CIRCLE('',#5346,0.003);
#179=CIRCLE('',#5347,0.003);
#180=CIRCLE('',#5348,0.003);
#181=CIRCLE('',#5349,0.01);
#182=CIRCLE('',#5350,0.01);
#183=CIRCLE('',#5351,0.01);
#184=CIRCLE('',#5352,0.01);
#185=CIRCLE('',#5353,0.002);
#186=CIRCLE('',#5354,0.002);
#187=CIRCLE('',#5355,0.01);
#188=CIRCLE('',#5356,0.01);
#189=CIRCLE('',#5357,0.01);
#190=CIRCLE('',#5358,0.01);
#191=CIRCLE('',#5361,0.01);
#192=CIRCLE('',#5362,0.01);
#193=CIRCLE('',#5363,0.01);
#194=CIRCLE('',#5364,0.01);
#195=CIRCLE('',#5365,0.01);
#196=CIRCLE('',#5366,0.004);
#197=CIRCLE('',#5367,0.004);
#198=CIRCLE('',#5368,0.004);
#199=CIRCLE('',#5369,0.004);
#200=CIRCLE('',#5370,0.004);
#201=CIRCLE('',#5371,0.004);
#202=CIRCLE('',#5372,0.01);
#203=CIRCLE('',#5373,0.01);
#204=CIRCLE('',#5374,0.01);
#205=CIRCLE('',#5375,0.003);
#206=CIRCLE('',#5376,0.003);
#207=CIRCLE('',#5377,0.003);
#208=CIRCLE('',#5378,0.003);
#209=CIRCLE('',#5384,0.002);
#210=CIRCLE('',#5386,0.002);
#211=CIRCLE('',#5387,0.002);
#212=CIRCLE('',#5390,0.002);
#213=CIRCLE('',#5400,0.002);
#214=CIRCLE('',#5404,0.002);
#215=CIRCLE('',#5408,0.002);
#216=CIRCLE('',#5410,0.002);
#217=CIRCLE('',#5412,0.002);
#218=CIRCLE('',#5413,0.002);
#219=CIRCLE('',#5414,0.002);
#220=CIRCLE('',#5420,0.002);
#221=CIRCLE('',#5421,0.002);
#222=CIRCLE('',#5422,0.002);
#223=CIRCLE('',#5428,0.002);
#224=CIRCLE('',#5435,0.0022983850050621);
#225=CIRCLE('',#5437,0.00363762781313592);
#226=CIRCLE('',#5439,0.00300772365688456);
#227=CIRCLE('',#5442,0.00169383280224098);
#228=CIRCLE('',#5444,0.00138208531274542);
#229=CIRCLE('',#5459,0.00163512276435378);
#230=CIRCLE('',#5461,0.00554377747398907);
#231=CIRCLE('',#5481,0.00229838500505833);
#232=CIRCLE('',#5483,0.003637627813135);
#233=CIRCLE('',#5485,0.00300772365689526);
#234=CIRCLE('',#5488,0.00169383280224243);
#235=CIRCLE('',#5490,0.00138208531274492);
#236=CIRCLE('',#5495,0.483547043325367);
#237=CIRCLE('',#5496,0.483547043325367);
#238=CIRCLE('',#5507,0.00522257430712066);
#239=CIRCLE('',#5508,0.00522257430712066);
#240=CIRCLE('',#5527,0.000813164397026317);
#241=CIRCLE('',#5549,0.00335500241677365);
#242=CIRCLE('',#5551,0.00244355380057536);
#243=CIRCLE('',#5554,0.0036119290750467);
#244=CIRCLE('',#5556,0.00572544443917079);
#245=CIRCLE('',#5558,0.00545984103470331);
#246=CIRCLE('',#5598,0.002);
#247=CIRCLE('',#5600,0.002);
#248=CIRCLE('',#5602,0.002);
#249=CIRCLE('',#5605,0.002);
#250=CIRCLE('',#5613,0.002);
#251=CIRCLE('',#5615,0.002);
#252=CIRCLE('',#5617,0.002);
#253=CIRCLE('',#5619,0.002);
#254=CIRCLE('',#5621,0.002);
#255=CIRCLE('',#5624,0.002);
#256=CIRCLE('',#5626,0.002);
#257=CIRCLE('',#5628,0.002);
#258=CIRCLE('',#5630,0.002);
#259=CIRCLE('',#5632,0.002);
#260=CIRCLE('',#5634,0.002);
#261=CIRCLE('',#5637,0.002);
#262=CIRCLE('',#5639,0.002);
#263=CIRCLE('',#5641,0.002);
#264=CIRCLE('',#5643,0.002);
#265=CIRCLE('',#5645,0.002);
#266=CIRCLE('',#5647,0.002);
#267=B_SPLINE_CURVE_WITH_KNOTS('',2,(#6867,#6868,#6869),.UNSPECIFIED.,.F.,
 .F.,(3,3),(0.,1.),.PIECEWISE_BEZIER_KNOTS.);
#268=B_SPLINE_CURVE_WITH_KNOTS('',2,(#6872,#6873,#6874),.UNSPECIFIED.,.F.,
 .F.,(3,3),(0.,1.),.PIECEWISE_BEZIER_KNOTS.);
#269=B_SPLINE_CURVE_WITH_KNOTS('',2,(#6876,#6877,#6878),.UNSPECIFIED.,.F.,
 .F.,(3,3),(0.,1.),.PIECEWISE_BEZIER_KNOTS.);
#270=B_SPLINE_CURVE_WITH_KNOTS('',2,(#6886,#6887,#6888),.UNSPECIFIED.,.F.,
 .F.,(3,3),(0.,1.),.PIECEWISE_BEZIER_KNOTS.);
#271=B_SPLINE_CURVE_WITH_KNOTS('',2,(#6898,#6899,#6900),.UNSPECIFIED.,.F.,
 .F.,(3,3),(0.,1.),.PIECEWISE_BEZIER_KNOTS.);
#272=B_SPLINE_CURVE_WITH_KNOTS('',2,(#6902,#6903,#6904),.UNSPECIFIED.,.F.,
 .F.,(3,3),(0.,1.),.PIECEWISE_BEZIER_KNOTS.);
#273=B_SPLINE_CURVE_WITH_KNOTS('',2,(#6908,#6909,#6910),.UNSPECIFIED.,.F.,
 .F.,(3,3),(0.,1.),.PIECEWISE_BEZIER_KNOTS.);
#274=B_SPLINE_CURVE_WITH_KNOTS('',2,(#6912,#6913,#6914),.UNSPECIFIED.,.F.,
 .F.,(3,3),(0.,1.),.PIECEWISE_BEZIER_KNOTS.);
#275=B_SPLINE_CURVE_WITH_KNOTS('',2,(#6918,#6919,#6920),.UNSPECIFIED.,.F.,
 .F.,(3,3),(0.,1.),.PIECEWISE_BEZIER_KNOTS.);
#276=B_SPLINE_CURVE_WITH_KNOTS('',2,(#6924,#6925,#6926),.UNSPECIFIED.,.F.,
 .F.,(3,3),(0.,1.),.PIECEWISE_BEZIER_KNOTS.);
#277=B_SPLINE_CURVE_WITH_KNOTS('',2,(#6932,#6933,#6934),.UNSPECIFIED.,.F.,
 .F.,(3,3),(0.,1.),.PIECEWISE_BEZIER_KNOTS.);
#278=B_SPLINE_CURVE_WITH_KNOTS('',2,(#6936,#6937,#6938),.UNSPECIFIED.,.F.,
 .F.,(3,3),(0.,1.),.PIECEWISE_BEZIER_KNOTS.);
#279=B_SPLINE_CURVE_WITH_KNOTS('',2,(#6940,#6941,#6942),.UNSPECIFIED.,.F.,
 .F.,(3,3),(0.,1.),.PIECEWISE_BEZIER_KNOTS.);
#280=B_SPLINE_CURVE_WITH_KNOTS('',2,(#6946,#6947,#6948),.UNSPECIFIED.,.F.,
 .F.,(3,3),(0.,1.),.PIECEWISE_BEZIER_KNOTS.);
#281=B_SPLINE_CURVE_WITH_KNOTS('',2,(#6950,#6951,#6952),.UNSPECIFIED.,.F.,
 .F.,(3,3),(0.,1.),.PIECEWISE_BEZIER_KNOTS.);
#282=B_SPLINE_CURVE_WITH_KNOTS('',2,(#6970,#6971,#6972),.UNSPECIFIED.,.F.,
 .F.,(3,3),(0.,1.),.PIECEWISE_BEZIER_KNOTS.);
#283=B_SPLINE_CURVE_WITH_KNOTS('',2,(#6984,#6985,#6986),.UNSPECIFIED.,.F.,
 .F.,(3,3),(0.,1.),.PIECEWISE_BEZIER_KNOTS.);
#284=B_SPLINE_CURVE_WITH_KNOTS('',2,(#6988,#6989,#6990),.UNSPECIFIED.,.F.,
 .F.,(3,3),(0.,1.),.PIECEWISE_BEZIER_KNOTS.);
#285=B_SPLINE_CURVE_WITH_KNOTS('',2,(#6992,#6993,#6994),.UNSPECIFIED.,.F.,
 .F.,(3,3),(0.,1.),.PIECEWISE_BEZIER_KNOTS.);
#286=B_SPLINE_CURVE_WITH_KNOTS('',2,(#6996,#6997,#6998),.UNSPECIFIED.,.F.,
 .F.,(3,3),(0.,1.),.PIECEWISE_BEZIER_KNOTS.);
#287=B_SPLINE_CURVE_WITH_KNOTS('',2,(#7002,#7003,#7004),.UNSPECIFIED.,.F.,
 .F.,(3,3),(0.,1.),.PIECEWISE_BEZIER_KNOTS.);
#288=B_SPLINE_CURVE_WITH_KNOTS('',2,(#7006,#7007,#7008),.UNSPECIFIED.,.F.,
 .F.,(3,3),(0.,1.),.PIECEWISE_BEZIER_KNOTS.);
#289=B_SPLINE_CURVE_WITH_KNOTS('',2,(#7010,#7011,#7012),.UNSPECIFIED.,.F.,
 .F.,(3,3),(0.,1.),.PIECEWISE_BEZIER_KNOTS.);
#290=B_SPLINE_CURVE_WITH_KNOTS('',2,(#7014,#7015,#7016),.UNSPECIFIED.,.F.,
 .F.,(3,3),(0.,1.),.PIECEWISE_BEZIER_KNOTS.);
#291=B_SPLINE_CURVE_WITH_KNOTS('',2,(#7018,#7019,#7020),.UNSPECIFIED.,.F.,
 .F.,(3,3),(0.,1.),.PIECEWISE_BEZIER_KNOTS.);
#292=B_SPLINE_CURVE_WITH_KNOTS('',2,(#7022,#7023,#7024),.UNSPECIFIED.,.F.,
 .F.,(3,3),(0.,1.),.PIECEWISE_BEZIER_KNOTS.);
#293=B_SPLINE_CURVE_WITH_KNOTS('',2,(#7026,#7027,#7028),.UNSPECIFIED.,.F.,
 .F.,(3,3),(0.,1.),.PIECEWISE_BEZIER_KNOTS.);
#294=B_SPLINE_CURVE_WITH_KNOTS('',2,(#7078,#7079,#7080),.UNSPECIFIED.,.F.,
 .F.,(3,3),(0.,1.),.PIECEWISE_BEZIER_KNOTS.);
#295=B_SPLINE_CURVE_WITH_KNOTS('',2,(#7082,#7083,#7084),.UNSPECIFIED.,.F.,
 .F.,(3,3),(0.,1.),.PIECEWISE_BEZIER_KNOTS.);
#296=B_SPLINE_CURVE_WITH_KNOTS('',2,(#7086,#7087,#7088),.UNSPECIFIED.,.F.,
 .F.,(3,3),(0.,1.),.PIECEWISE_BEZIER_KNOTS.);
#297=B_SPLINE_CURVE_WITH_KNOTS('',2,(#7094,#7095,#7096),.UNSPECIFIED.,.F.,
 .F.,(3,3),(0.,1.),.PIECEWISE_BEZIER_KNOTS.);
#298=B_SPLINE_CURVE_WITH_KNOTS('',2,(#7098,#7099,#7100),.UNSPECIFIED.,.F.,
 .F.,(3,3),(0.,1.),.PIECEWISE_BEZIER_KNOTS.);
#299=B_SPLINE_CURVE_WITH_KNOTS('',2,(#7102,#7103,#7104),.UNSPECIFIED.,.F.,
 .F.,(3,3),(0.,1.),.PIECEWISE_BEZIER_KNOTS.);
#300=B_SPLINE_CURVE_WITH_KNOTS('',2,(#7106,#7107,#7108),.UNSPECIFIED.,.F.,
 .F.,(3,3),(0.,1.),.PIECEWISE_BEZIER_KNOTS.);
#301=B_SPLINE_CURVE_WITH_KNOTS('',2,(#7146,#7147,#7148),.UNSPECIFIED.,.F.,
 .F.,(3,3),(0.,1.),.PIECEWISE_BEZIER_KNOTS.);
#302=B_SPLINE_CURVE_WITH_KNOTS('',2,(#7150,#7151,#7152),.UNSPECIFIED.,.F.,
 .F.,(3,3),(0.,1.),.PIECEWISE_BEZIER_KNOTS.);
#303=B_SPLINE_CURVE_WITH_KNOTS('',2,(#7154,#7155,#7156),.UNSPECIFIED.,.F.,
 .F.,(3,3),(0.,1.),.PIECEWISE_BEZIER_KNOTS.);
#304=B_SPLINE_CURVE_WITH_KNOTS('',2,(#7158,#7159,#7160),.UNSPECIFIED.,.F.,
 .F.,(3,3),(0.,1.),.PIECEWISE_BEZIER_KNOTS.);
#305=B_SPLINE_CURVE_WITH_KNOTS('',2,(#7168,#7169,#7170),.UNSPECIFIED.,.F.,
 .F.,(3,3),(0.,1.),.PIECEWISE_BEZIER_KNOTS.);
#306=B_SPLINE_CURVE_WITH_KNOTS('',2,(#7172,#7173,#7174),.UNSPECIFIED.,.F.,
 .F.,(3,3),(0.,1.),.PIECEWISE_BEZIER_KNOTS.);
#307=B_SPLINE_CURVE_WITH_KNOTS('',2,(#7176,#7177,#7178),.UNSPECIFIED.,.F.,
 .F.,(3,3),(0.,1.),.PIECEWISE_BEZIER_KNOTS.);
#308=B_SPLINE_CURVE_WITH_KNOTS('',2,(#7180,#7181,#7182),.UNSPECIFIED.,.F.,
 .F.,(3,3),(0.,1.),.PIECEWISE_BEZIER_KNOTS.);
#309=B_SPLINE_CURVE_WITH_KNOTS('',2,(#7267,#7268,#7269),.UNSPECIFIED.,.F.,
 .F.,(3,3),(0.,1.),.PIECEWISE_BEZIER_KNOTS.);
#310=B_SPLINE_CURVE_WITH_KNOTS('',2,(#7271,#7272,#7273),.UNSPECIFIED.,.F.,
 .F.,(3,3),(0.,1.),.PIECEWISE_BEZIER_KNOTS.);
#311=B_SPLINE_CURVE_WITH_KNOTS('',2,(#7277,#7278,#7279),.UNSPECIFIED.,.F.,
 .F.,(3,3),(0.,1.),.PIECEWISE_BEZIER_KNOTS.);
#312=B_SPLINE_CURVE_WITH_KNOTS('',2,(#7281,#7282,#7283),.UNSPECIFIED.,.F.,
 .F.,(3,3),(0.,1.),.PIECEWISE_BEZIER_KNOTS.);
#313=B_SPLINE_CURVE_WITH_KNOTS('',2,(#7287,#7288,#7289),.UNSPECIFIED.,.F.,
 .F.,(3,3),(0.,1.),.PIECEWISE_BEZIER_KNOTS.);
#314=B_SPLINE_CURVE_WITH_KNOTS('',2,(#7293,#7294,#7295),.UNSPECIFIED.,.F.,
 .F.,(3,3),(0.,1.),.PIECEWISE_BEZIER_KNOTS.);
#315=B_SPLINE_CURVE_WITH_KNOTS('',2,(#7301,#7302,#7303),.UNSPECIFIED.,.F.,
 .F.,(3,3),(0.,1.),.PIECEWISE_BEZIER_KNOTS.);
#316=B_SPLINE_CURVE_WITH_KNOTS('',2,(#7305,#7306,#7307),.UNSPECIFIED.,.F.,
 .F.,(3,3),(0.,1.),.PIECEWISE_BEZIER_KNOTS.);
#317=B_SPLINE_CURVE_WITH_KNOTS('',2,(#7309,#7310,#7311),.UNSPECIFIED.,.F.,
 .F.,(3,3),(0.,1.),.PIECEWISE_BEZIER_KNOTS.);
#318=B_SPLINE_CURVE_WITH_KNOTS('',2,(#7315,#7316,#7317),.UNSPECIFIED.,.F.,
 .F.,(3,3),(0.,1.),.PIECEWISE_BEZIER_KNOTS.);
#319=B_SPLINE_CURVE_WITH_KNOTS('',2,(#7319,#7320,#7321),.UNSPECIFIED.,.F.,
 .F.,(3,3),(0.,1.),.PIECEWISE_BEZIER_KNOTS.);
#320=B_SPLINE_CURVE_WITH_KNOTS('',2,(#7339,#7340,#7341),.UNSPECIFIED.,.F.,
 .F.,(3,3),(0.,1.),.PIECEWISE_BEZIER_KNOTS.);
#321=B_SPLINE_CURVE_WITH_KNOTS('',2,(#7686,#7687,#7688),.UNSPECIFIED.,.F.,
 .F.,(3,3),(0.,1.),.PIECEWISE_BEZIER_KNOTS.);
#322=B_SPLINE_CURVE_WITH_KNOTS('',2,(#7699,#7700,#7701),.UNSPECIFIED.,.F.,
 .F.,(3,3),(0.,1.),.PIECEWISE_BEZIER_KNOTS.);
#323=B_SPLINE_CURVE_WITH_KNOTS('',2,(#7716,#7717,#7718),.UNSPECIFIED.,.F.,
 .F.,(3,3),(0.,1.),.PIECEWISE_BEZIER_KNOTS.);
#324=B_SPLINE_CURVE_WITH_KNOTS('',2,(#7729,#7730,#7731),.UNSPECIFIED.,.F.,
 .F.,(3,3),(0.,1.),.PIECEWISE_BEZIER_KNOTS.);
#325=B_SPLINE_CURVE_WITH_KNOTS('',2,(#7742,#7743,#7744),.UNSPECIFIED.,.F.,
 .F.,(3,3),(0.,1.),.PIECEWISE_BEZIER_KNOTS.);
#326=B_SPLINE_CURVE_WITH_KNOTS('',2,(#7763,#7764,#7765),.UNSPECIFIED.,.F.,
 .F.,(3,3),(0.,1.),.PIECEWISE_BEZIER_KNOTS.);
#327=B_SPLINE_CURVE_WITH_KNOTS('',2,(#7780,#7781,#7782),.UNSPECIFIED.,.F.,
 .F.,(3,3),(0.,1.),.PIECEWISE_BEZIER_KNOTS.);
#328=B_SPLINE_CURVE_WITH_KNOTS('',2,(#7797,#7798,#7799),.UNSPECIFIED.,.F.,
 .F.,(3,3),(0.,1.),.PIECEWISE_BEZIER_KNOTS.);
#329=B_SPLINE_CURVE_WITH_KNOTS('',2,(#7810,#7811,#7812),.UNSPECIFIED.,.F.,
 .F.,(3,3),(0.,1.),.PIECEWISE_BEZIER_KNOTS.);
#330=B_SPLINE_CURVE_WITH_KNOTS('',2,(#7827,#7828,#7829),.UNSPECIFIED.,.F.,
 .F.,(3,3),(0.,1.),.PIECEWISE_BEZIER_KNOTS.);
#331=B_SPLINE_CURVE_WITH_KNOTS('',2,(#7840,#7841,#7842),.UNSPECIFIED.,.F.,
 .F.,(3,3),(0.,1.),.PIECEWISE_BEZIER_KNOTS.);
#332=B_SPLINE_CURVE_WITH_KNOTS('',2,(#7886,#7887,#7888),.UNSPECIFIED.,.F.,
 .F.,(3,3),(0.,1.),.PIECEWISE_BEZIER_KNOTS.);
#333=B_SPLINE_CURVE_WITH_KNOTS('',2,(#7910,#7911,#7912),.UNSPECIFIED.,.F.,
 .F.,(3,3),(0.,1.),.PIECEWISE_BEZIER_KNOTS.);
#334=B_SPLINE_CURVE_WITH_KNOTS('',2,(#7937,#7938,#7939),.UNSPECIFIED.,.F.,
 .F.,(3,3),(0.,1.),.PIECEWISE_BEZIER_KNOTS.);
#335=B_SPLINE_CURVE_WITH_KNOTS('',2,(#7950,#7951,#7952),.UNSPECIFIED.,.F.,
 .F.,(3,3),(0.,1.),.PIECEWISE_BEZIER_KNOTS.);
#336=B_SPLINE_CURVE_WITH_KNOTS('',2,(#7963,#7964,#7965),.UNSPECIFIED.,.F.,
 .F.,(3,3),(0.,1.),.PIECEWISE_BEZIER_KNOTS.);
#337=B_SPLINE_CURVE_WITH_KNOTS('',2,(#7976,#7977,#7978),.UNSPECIFIED.,.F.,
 .F.,(3,3),(0.,1.),.PIECEWISE_BEZIER_KNOTS.);
#338=B_SPLINE_CURVE_WITH_KNOTS('',2,(#7989,#7990,#7991),.UNSPECIFIED.,.F.,
 .F.,(3,3),(0.,1.),.PIECEWISE_BEZIER_KNOTS.);
#339=B_SPLINE_CURVE_WITH_KNOTS('',2,(#8002,#8003,#8004),.UNSPECIFIED.,.F.,
 .F.,(3,3),(0.,1.),.PIECEWISE_BEZIER_KNOTS.);
#340=B_SPLINE_CURVE_WITH_KNOTS('',2,(#8015,#8016,#8017),.UNSPECIFIED.,.F.,
 .F.,(3,3),(0.,1.),.PIECEWISE_BEZIER_KNOTS.);
#341=B_SPLINE_CURVE_WITH_KNOTS('',2,(#8032,#8033,#8034),.UNSPECIFIED.,.F.,
 .F.,(3,3),(0.,1.),.PIECEWISE_BEZIER_KNOTS.);
#342=B_SPLINE_CURVE_WITH_KNOTS('',2,(#8045,#8046,#8047),.UNSPECIFIED.,.F.,
 .F.,(3,3),(0.,1.),.PIECEWISE_BEZIER_KNOTS.);
#343=B_SPLINE_CURVE_WITH_KNOTS('',2,(#8056,#8057,#8058),.UNSPECIFIED.,.F.,
 .F.,(3,3),(0.,1.),.PIECEWISE_BEZIER_KNOTS.);
#344=B_SPLINE_CURVE_WITH_KNOTS('',2,(#8096,#8097,#8098),.UNSPECIFIED.,.F.,
 .F.,(3,3),(0.,1.),.PIECEWISE_BEZIER_KNOTS.);
#345=B_SPLINE_CURVE_WITH_KNOTS('',2,(#8142,#8143,#8144),.UNSPECIFIED.,.F.,
 .F.,(3,3),(0.,1.),.PIECEWISE_BEZIER_KNOTS.);
#346=B_SPLINE_CURVE_WITH_KNOTS('',2,(#8155,#8156,#8157),.UNSPECIFIED.,.F.,
 .F.,(3,3),(0.,1.),.PIECEWISE_BEZIER_KNOTS.);
#347=B_SPLINE_CURVE_WITH_KNOTS('',2,(#8172,#8173,#8174),.UNSPECIFIED.,.F.,
 .F.,(3,3),(0.,1.),.PIECEWISE_BEZIER_KNOTS.);
#348=B_SPLINE_CURVE_WITH_KNOTS('',2,(#8185,#8186,#8187),.UNSPECIFIED.,.F.,
 .F.,(3,3),(0.,1.),.PIECEWISE_BEZIER_KNOTS.);
#349=B_SPLINE_CURVE_WITH_KNOTS('',2,(#8198,#8199,#8200),.UNSPECIFIED.,.F.,
 .F.,(3,3),(0.,1.),.PIECEWISE_BEZIER_KNOTS.);
#350=B_SPLINE_CURVE_WITH_KNOTS('',2,(#8219,#8220,#8221),.UNSPECIFIED.,.F.,
 .F.,(3,3),(0.,1.),.PIECEWISE_BEZIER_KNOTS.);
#351=B_SPLINE_CURVE_WITH_KNOTS('',2,(#8236,#8237,#8238),.UNSPECIFIED.,.F.,
 .F.,(3,3),(0.,1.),.PIECEWISE_BEZIER_KNOTS.);
#352=B_SPLINE_CURVE_WITH_KNOTS('',2,(#8253,#8254,#8255),.UNSPECIFIED.,.F.,
 .F.,(3,3),(0.,1.),.PIECEWISE_BEZIER_KNOTS.);
#353=B_SPLINE_CURVE_WITH_KNOTS('',2,(#8266,#8267,#8268),.UNSPECIFIED.,.F.,
 .F.,(3,3),(0.,1.),.PIECEWISE_BEZIER_KNOTS.);
#354=B_SPLINE_CURVE_WITH_KNOTS('',2,(#8283,#8284,#8285),.UNSPECIFIED.,.F.,
 .F.,(3,3),(0.,1.),.PIECEWISE_BEZIER_KNOTS.);
#355=B_SPLINE_CURVE_WITH_KNOTS('',2,(#8296,#8297,#8298),.UNSPECIFIED.,.F.,
 .F.,(3,3),(0.,1.),.PIECEWISE_BEZIER_KNOTS.);
#356=B_SPLINE_CURVE_WITH_KNOTS('',2,(#8329,#8330,#8331),.UNSPECIFIED.,.F.,
 .F.,(3,3),(0.,1.),.PIECEWISE_BEZIER_KNOTS.);
#357=B_SPLINE_CURVE_WITH_KNOTS('',2,(#8335,#8336,#8337),.UNSPECIFIED.,.F.,
 .F.,(3,3),(0.,1.),.PIECEWISE_BEZIER_KNOTS.);
#358=B_SPLINE_CURVE_WITH_KNOTS('',2,(#8382,#8383,#8384),.UNSPECIFIED.,.F.,
 .F.,(3,3),(0.,1.),.PIECEWISE_BEZIER_KNOTS.);
#359=B_SPLINE_CURVE_WITH_KNOTS('',2,(#8389,#8390,#8391),.UNSPECIFIED.,.F.,
 .F.,(3,3),(0.,1.),.PIECEWISE_BEZIER_KNOTS.);
#360=B_SPLINE_CURVE_WITH_KNOTS('',2,(#8402,#8403,#8404),.UNSPECIFIED.,.F.,
 .F.,(3,3),(0.,1.),.PIECEWISE_BEZIER_KNOTS.);
#361=B_SPLINE_CURVE_WITH_KNOTS('',2,(#8408,#8409,#8410),.UNSPECIFIED.,.F.,
 .F.,(3,3),(0.,1.),.PIECEWISE_BEZIER_KNOTS.);
#362=B_SPLINE_CURVE_WITH_KNOTS('',2,(#8433,#8434,#8435),.UNSPECIFIED.,.F.,
 .F.,(3,3),(0.,1.),.PIECEWISE_BEZIER_KNOTS.);
#363=B_SPLINE_CURVE_WITH_KNOTS('',2,(#8448,#8449,#8450),.UNSPECIFIED.,.F.,
 .F.,(3,3),(0.,1.),.PIECEWISE_BEZIER_KNOTS.);
#364=B_SPLINE_CURVE_WITH_KNOTS('',2,(#8461,#8462,#8463),.UNSPECIFIED.,.F.,
 .F.,(3,3),(0.,1.),.PIECEWISE_BEZIER_KNOTS.);
#365=B_SPLINE_CURVE_WITH_KNOTS('',2,(#8484,#8485,#8486),.UNSPECIFIED.,.F.,
 .F.,(3,3),(0.,1.),.PIECEWISE_BEZIER_KNOTS.);
#366=B_SPLINE_CURVE_WITH_KNOTS('',2,(#8514,#8515,#8516),.UNSPECIFIED.,.F.,
 .F.,(3,3),(0.,1.),.PIECEWISE_BEZIER_KNOTS.);
#367=B_SPLINE_CURVE_WITH_KNOTS('',2,(#8520,#8521,#8522),.UNSPECIFIED.,.F.,
 .F.,(3,3),(0.,1.),.PIECEWISE_BEZIER_KNOTS.);
#368=B_SPLINE_CURVE_WITH_KNOTS('',2,(#8531,#8532,#8533),.UNSPECIFIED.,.F.,
 .F.,(3,3),(0.,1.),.PIECEWISE_BEZIER_KNOTS.);
#369=B_SPLINE_CURVE_WITH_KNOTS('',2,(#8537,#8538,#8539),.UNSPECIFIED.,.F.,
 .F.,(3,3),(0.,1.),.PIECEWISE_BEZIER_KNOTS.);
#370=B_SPLINE_CURVE_WITH_KNOTS('',2,(#8548,#8549,#8550),.UNSPECIFIED.,.F.,
 .F.,(3,3),(0.,1.),.PIECEWISE_BEZIER_KNOTS.);
#371=B_SPLINE_CURVE_WITH_KNOTS('',2,(#8554,#8555,#8556),.UNSPECIFIED.,.F.,
 .F.,(3,3),(0.,1.),.PIECEWISE_BEZIER_KNOTS.);
#372=B_SPLINE_CURVE_WITH_KNOTS('',2,(#8586,#8587,#8588),.UNSPECIFIED.,.F.,
 .F.,(3,3),(0.,1.),.PIECEWISE_BEZIER_KNOTS.);
#373=B_SPLINE_CURVE_WITH_KNOTS('',2,(#8592,#8593,#8594),.UNSPECIFIED.,.F.,
 .F.,(3,3),(0.,1.),.PIECEWISE_BEZIER_KNOTS.);
#374=B_SPLINE_CURVE_WITH_KNOTS('',2,(#8603,#8604,#8605),.UNSPECIFIED.,.F.,
 .F.,(3,3),(0.,1.),.PIECEWISE_BEZIER_KNOTS.);
#375=B_SPLINE_CURVE_WITH_KNOTS('',2,(#8609,#8610,#8611),.UNSPECIFIED.,.F.,
 .F.,(3,3),(0.,1.),.PIECEWISE_BEZIER_KNOTS.);
#376=B_SPLINE_CURVE_WITH_KNOTS('',2,(#8620,#8621,#8622),.UNSPECIFIED.,.F.,
 .F.,(3,3),(0.,1.),.PIECEWISE_BEZIER_KNOTS.);
#377=B_SPLINE_CURVE_WITH_KNOTS('',2,(#8626,#8627,#8628),.UNSPECIFIED.,.F.,
 .F.,(3,3),(0.,1.),.PIECEWISE_BEZIER_KNOTS.);
#378=B_SPLINE_CURVE_WITH_KNOTS('',2,(#8653,#8654,#8655),.UNSPECIFIED.,.F.,
 .F.,(3,3),(0.,1.),.PIECEWISE_BEZIER_KNOTS.);
#379=B_SPLINE_CURVE_WITH_KNOTS('',2,(#8666,#8667,#8668),.UNSPECIFIED.,.F.,
 .F.,(3,3),(0.,1.),.PIECEWISE_BEZIER_KNOTS.);
#380=B_SPLINE_CURVE_WITH_KNOTS('',2,(#8679,#8680,#8681),.UNSPECIFIED.,.F.,
 .F.,(3,3),(0.,1.),.PIECEWISE_BEZIER_KNOTS.);
#381=B_SPLINE_CURVE_WITH_KNOTS('',2,(#8692,#8693,#8694),.UNSPECIFIED.,.F.,
 .F.,(3,3),(0.,1.),.PIECEWISE_BEZIER_KNOTS.);
#382=B_SPLINE_CURVE_WITH_KNOTS('',2,(#8713,#8714,#8715),.UNSPECIFIED.,.F.,
 .F.,(3,3),(0.,1.),.PIECEWISE_BEZIER_KNOTS.);
#383=B_SPLINE_CURVE_WITH_KNOTS('',2,(#8726,#8727,#8728),.UNSPECIFIED.,.F.,
 .F.,(3,3),(0.,1.),.PIECEWISE_BEZIER_KNOTS.);
#384=B_SPLINE_CURVE_WITH_KNOTS('',2,(#8737,#8738,#8739),.UNSPECIFIED.,.F.,
 .F.,(3,3),(0.,1.),.PIECEWISE_BEZIER_KNOTS.);
#385=B_SPLINE_CURVE_WITH_KNOTS('',2,(#8740,#8741,#8742),.UNSPECIFIED.,.F.,
 .F.,(3,3),(0.,1.),.PIECEWISE_BEZIER_KNOTS.);
#386=B_SPLINE_CURVE_WITH_KNOTS('',2,(#8751,#8752,#8753),.UNSPECIFIED.,.F.,
 .F.,(3,3),(0.,1.),.PIECEWISE_BEZIER_KNOTS.);
#387=B_SPLINE_CURVE_WITH_KNOTS('',2,(#8840,#8841,#8842),.UNSPECIFIED.,.F.,
 .F.,(3,3),(0.,1.),.PIECEWISE_BEZIER_KNOTS.);
#388=B_SPLINE_CURVE_WITH_KNOTS('',2,(#8853,#8854,#8855),.UNSPECIFIED.,.F.,
 .F.,(3,3),(0.,1.),.PIECEWISE_BEZIER_KNOTS.);
#389=B_SPLINE_CURVE_WITH_KNOTS('',2,(#8866,#8867,#8868),.UNSPECIFIED.,.F.,
 .F.,(3,3),(0.,1.),.PIECEWISE_BEZIER_KNOTS.);
#390=B_SPLINE_CURVE_WITH_KNOTS('',2,(#8879,#8880,#8881),.UNSPECIFIED.,.F.,
 .F.,(3,3),(0.,1.),.PIECEWISE_BEZIER_KNOTS.);
#391=B_SPLINE_CURVE_WITH_KNOTS('',2,(#8904,#8905,#8906),.UNSPECIFIED.,.F.,
 .F.,(3,3),(0.,1.),.PIECEWISE_BEZIER_KNOTS.);
#392=B_SPLINE_CURVE_WITH_KNOTS('',2,(#8917,#8918,#8919),.UNSPECIFIED.,.F.,
 .F.,(3,3),(0.,1.),.PIECEWISE_BEZIER_KNOTS.);
#393=B_SPLINE_CURVE_WITH_KNOTS('',2,(#8930,#8931,#8932),.UNSPECIFIED.,.F.,
 .F.,(3,3),(0.,1.),.PIECEWISE_BEZIER_KNOTS.);
#394=B_SPLINE_CURVE_WITH_KNOTS('',2,(#8943,#8944,#8945),.UNSPECIFIED.,.F.,
 .F.,(3,3),(0.,1.),.PIECEWISE_BEZIER_KNOTS.);
#395=ORIENTED_EDGE('',*,*,#1933,.F.);
#396=ORIENTED_EDGE('',*,*,#1934,.T.);
#397=ORIENTED_EDGE('',*,*,#1935,.T.);
#398=ORIENTED_EDGE('',*,*,#1936,.T.);
#399=ORIENTED_EDGE('',*,*,#1937,.T.);
#400=ORIENTED_EDGE('',*,*,#1938,.T.);
#401=ORIENTED_EDGE('',*,*,#1939,.T.);
#402=ORIENTED_EDGE('',*,*,#1940,.T.);
#403=ORIENTED_EDGE('',*,*,#1941,.T.);
#404=ORIENTED_EDGE('',*,*,#1942,.T.);
#405=ORIENTED_EDGE('',*,*,#1943,.T.);
#406=ORIENTED_EDGE('',*,*,#1944,.T.);
#407=ORIENTED_EDGE('',*,*,#1945,.T.);
#408=ORIENTED_EDGE('',*,*,#1946,.T.);
#409=ORIENTED_EDGE('',*,*,#1947,.T.);
#410=ORIENTED_EDGE('',*,*,#1948,.T.);
#411=ORIENTED_EDGE('',*,*,#1949,.T.);
#412=ORIENTED_EDGE('',*,*,#1950,.T.);
#413=ORIENTED_EDGE('',*,*,#1951,.T.);
#414=ORIENTED_EDGE('',*,*,#1952,.T.);
#415=ORIENTED_EDGE('',*,*,#1953,.T.);
#416=ORIENTED_EDGE('',*,*,#1954,.T.);
#417=ORIENTED_EDGE('',*,*,#1955,.T.);
#418=ORIENTED_EDGE('',*,*,#1956,.T.);
#419=ORIENTED_EDGE('',*,*,#1957,.T.);
#420=ORIENTED_EDGE('',*,*,#1958,.T.);
#421=ORIENTED_EDGE('',*,*,#1959,.T.);
#422=ORIENTED_EDGE('',*,*,#1960,.T.);
#423=ORIENTED_EDGE('',*,*,#1961,.T.);
#424=ORIENTED_EDGE('',*,*,#1962,.T.);
#425=ORIENTED_EDGE('',*,*,#1963,.T.);
#426=ORIENTED_EDGE('',*,*,#1964,.T.);
#427=ORIENTED_EDGE('',*,*,#1965,.T.);
#428=ORIENTED_EDGE('',*,*,#1966,.T.);
#429=ORIENTED_EDGE('',*,*,#1967,.T.);
#430=ORIENTED_EDGE('',*,*,#1968,.T.);
#431=ORIENTED_EDGE('',*,*,#1969,.T.);
#432=ORIENTED_EDGE('',*,*,#1970,.T.);
#433=ORIENTED_EDGE('',*,*,#1971,.T.);
#434=ORIENTED_EDGE('',*,*,#1972,.T.);
#435=ORIENTED_EDGE('',*,*,#1973,.T.);
#436=ORIENTED_EDGE('',*,*,#1974,.T.);
#437=ORIENTED_EDGE('',*,*,#1975,.T.);
#438=ORIENTED_EDGE('',*,*,#1976,.T.);
#439=ORIENTED_EDGE('',*,*,#1977,.T.);
#440=ORIENTED_EDGE('',*,*,#1978,.T.);
#441=ORIENTED_EDGE('',*,*,#1979,.T.);
#442=ORIENTED_EDGE('',*,*,#1980,.T.);
#443=ORIENTED_EDGE('',*,*,#1981,.T.);
#444=ORIENTED_EDGE('',*,*,#1982,.T.);
#445=ORIENTED_EDGE('',*,*,#1983,.T.);
#446=ORIENTED_EDGE('',*,*,#1984,.T.);
#447=ORIENTED_EDGE('',*,*,#1985,.T.);
#448=ORIENTED_EDGE('',*,*,#1986,.T.);
#449=ORIENTED_EDGE('',*,*,#1987,.T.);
#450=ORIENTED_EDGE('',*,*,#1988,.T.);
#451=ORIENTED_EDGE('',*,*,#1989,.T.);
#452=ORIENTED_EDGE('',*,*,#1990,.T.);
#453=ORIENTED_EDGE('',*,*,#1991,.T.);
#454=ORIENTED_EDGE('',*,*,#1992,.T.);
#455=ORIENTED_EDGE('',*,*,#1993,.F.);
#456=ORIENTED_EDGE('',*,*,#1994,.T.);
#457=ORIENTED_EDGE('',*,*,#1995,.T.);
#458=ORIENTED_EDGE('',*,*,#1996,.T.);
#459=ORIENTED_EDGE('',*,*,#1997,.F.);
#460=ORIENTED_EDGE('',*,*,#1998,.T.);
#461=ORIENTED_EDGE('',*,*,#1999,.F.);
#462=ORIENTED_EDGE('',*,*,#2000,.T.);
#463=ORIENTED_EDGE('',*,*,#2001,.F.);
#464=ORIENTED_EDGE('',*,*,#2002,.T.);
#465=ORIENTED_EDGE('',*,*,#2003,.F.);
#466=ORIENTED_EDGE('',*,*,#2004,.T.);
#467=ORIENTED_EDGE('',*,*,#2005,.T.);
#468=ORIENTED_EDGE('',*,*,#2006,.T.);
#469=ORIENTED_EDGE('',*,*,#2007,.T.);
#470=ORIENTED_EDGE('',*,*,#2008,.T.);
#471=ORIENTED_EDGE('',*,*,#2009,.T.);
#472=ORIENTED_EDGE('',*,*,#2010,.T.);
#473=ORIENTED_EDGE('',*,*,#2011,.T.);
#474=ORIENTED_EDGE('',*,*,#2012,.T.);
#475=ORIENTED_EDGE('',*,*,#2013,.T.);
#476=ORIENTED_EDGE('',*,*,#2014,.T.);
#477=ORIENTED_EDGE('',*,*,#2015,.T.);
#478=ORIENTED_EDGE('',*,*,#2016,.T.);
#479=ORIENTED_EDGE('',*,*,#2017,.T.);
#480=ORIENTED_EDGE('',*,*,#2018,.T.);
#481=ORIENTED_EDGE('',*,*,#2019,.T.);
#482=ORIENTED_EDGE('',*,*,#2020,.T.);
#483=ORIENTED_EDGE('',*,*,#2021,.T.);
#484=ORIENTED_EDGE('',*,*,#2022,.T.);
#485=ORIENTED_EDGE('',*,*,#2023,.T.);
#486=ORIENTED_EDGE('',*,*,#2024,.T.);
#487=ORIENTED_EDGE('',*,*,#2025,.T.);
#488=ORIENTED_EDGE('',*,*,#2026,.T.);
#489=ORIENTED_EDGE('',*,*,#2027,.T.);
#490=ORIENTED_EDGE('',*,*,#2028,.T.);
#491=ORIENTED_EDGE('',*,*,#2029,.T.);
#492=ORIENTED_EDGE('',*,*,#2030,.T.);
#493=ORIENTED_EDGE('',*,*,#2031,.T.);
#494=ORIENTED_EDGE('',*,*,#2032,.T.);
#495=ORIENTED_EDGE('',*,*,#2033,.T.);
#496=ORIENTED_EDGE('',*,*,#2034,.T.);
#497=ORIENTED_EDGE('',*,*,#2035,.T.);
#498=ORIENTED_EDGE('',*,*,#2036,.T.);
#499=ORIENTED_EDGE('',*,*,#2037,.T.);
#500=ORIENTED_EDGE('',*,*,#2038,.T.);
#501=ORIENTED_EDGE('',*,*,#2039,.T.);
#502=ORIENTED_EDGE('',*,*,#2040,.T.);
#503=ORIENTED_EDGE('',*,*,#2041,.T.);
#504=ORIENTED_EDGE('',*,*,#2042,.T.);
#505=ORIENTED_EDGE('',*,*,#2043,.T.);
#506=ORIENTED_EDGE('',*,*,#2044,.T.);
#507=ORIENTED_EDGE('',*,*,#2045,.T.);
#508=ORIENTED_EDGE('',*,*,#2046,.T.);
#509=ORIENTED_EDGE('',*,*,#2047,.T.);
#510=ORIENTED_EDGE('',*,*,#2048,.T.);
#511=ORIENTED_EDGE('',*,*,#2049,.T.);
#512=ORIENTED_EDGE('',*,*,#2050,.T.);
#513=ORIENTED_EDGE('',*,*,#2051,.T.);
#514=ORIENTED_EDGE('',*,*,#2052,.T.);
#515=ORIENTED_EDGE('',*,*,#2053,.T.);
#516=ORIENTED_EDGE('',*,*,#2054,.T.);
#517=ORIENTED_EDGE('',*,*,#2055,.T.);
#518=ORIENTED_EDGE('',*,*,#2056,.T.);
#519=ORIENTED_EDGE('',*,*,#2057,.T.);
#520=ORIENTED_EDGE('',*,*,#2058,.T.);
#521=ORIENTED_EDGE('',*,*,#2059,.T.);
#522=ORIENTED_EDGE('',*,*,#2060,.T.);
#523=ORIENTED_EDGE('',*,*,#2061,.T.);
#524=ORIENTED_EDGE('',*,*,#2062,.T.);
#525=ORIENTED_EDGE('',*,*,#2063,.T.);
#526=ORIENTED_EDGE('',*,*,#2064,.T.);
#527=ORIENTED_EDGE('',*,*,#2065,.T.);
#528=ORIENTED_EDGE('',*,*,#2066,.T.);
#529=ORIENTED_EDGE('',*,*,#2067,.T.);
#530=ORIENTED_EDGE('',*,*,#2068,.T.);
#531=ORIENTED_EDGE('',*,*,#2069,.T.);
#532=ORIENTED_EDGE('',*,*,#2070,.T.);
#533=ORIENTED_EDGE('',*,*,#2071,.T.);
#534=ORIENTED_EDGE('',*,*,#2072,.T.);
#535=ORIENTED_EDGE('',*,*,#2073,.T.);
#536=ORIENTED_EDGE('',*,*,#2074,.T.);
#537=ORIENTED_EDGE('',*,*,#2075,.T.);
#538=ORIENTED_EDGE('',*,*,#2076,.T.);
#539=ORIENTED_EDGE('',*,*,#2077,.T.);
#540=ORIENTED_EDGE('',*,*,#2078,.T.);
#541=ORIENTED_EDGE('',*,*,#2079,.T.);
#542=ORIENTED_EDGE('',*,*,#2080,.T.);
#543=ORIENTED_EDGE('',*,*,#2081,.T.);
#544=ORIENTED_EDGE('',*,*,#2082,.T.);
#545=ORIENTED_EDGE('',*,*,#2083,.T.);
#546=ORIENTED_EDGE('',*,*,#2084,.F.);
#547=ORIENTED_EDGE('',*,*,#2085,.T.);
#548=ORIENTED_EDGE('',*,*,#2086,.F.);
#549=ORIENTED_EDGE('',*,*,#2087,.T.);
#550=ORIENTED_EDGE('',*,*,#2088,.T.);
#551=ORIENTED_EDGE('',*,*,#2089,.T.);
#552=ORIENTED_EDGE('',*,*,#2090,.T.);
#553=ORIENTED_EDGE('',*,*,#2091,.T.);
#554=ORIENTED_EDGE('',*,*,#2092,.T.);
#555=ORIENTED_EDGE('',*,*,#2093,.T.);
#556=ORIENTED_EDGE('',*,*,#2094,.T.);
#557=ORIENTED_EDGE('',*,*,#2095,.T.);
#558=ORIENTED_EDGE('',*,*,#2096,.T.);
#559=ORIENTED_EDGE('',*,*,#2097,.T.);
#560=ORIENTED_EDGE('',*,*,#2098,.T.);
#561=ORIENTED_EDGE('',*,*,#2099,.T.);
#562=ORIENTED_EDGE('',*,*,#2100,.T.);
#563=ORIENTED_EDGE('',*,*,#2101,.T.);
#564=ORIENTED_EDGE('',*,*,#2102,.T.);
#565=ORIENTED_EDGE('',*,*,#2103,.T.);
#566=ORIENTED_EDGE('',*,*,#2104,.T.);
#567=ORIENTED_EDGE('',*,*,#2105,.T.);
#568=ORIENTED_EDGE('',*,*,#2106,.T.);
#569=ORIENTED_EDGE('',*,*,#2107,.T.);
#570=ORIENTED_EDGE('',*,*,#2108,.T.);
#571=ORIENTED_EDGE('',*,*,#2109,.T.);
#572=ORIENTED_EDGE('',*,*,#2110,.T.);
#573=ORIENTED_EDGE('',*,*,#2111,.T.);
#574=ORIENTED_EDGE('',*,*,#2112,.T.);
#575=ORIENTED_EDGE('',*,*,#2113,.T.);
#576=ORIENTED_EDGE('',*,*,#2114,.T.);
#577=ORIENTED_EDGE('',*,*,#2115,.T.);
#578=ORIENTED_EDGE('',*,*,#2116,.T.);
#579=ORIENTED_EDGE('',*,*,#2117,.T.);
#580=ORIENTED_EDGE('',*,*,#2118,.T.);
#581=ORIENTED_EDGE('',*,*,#2119,.T.);
#582=ORIENTED_EDGE('',*,*,#2120,.T.);
#583=ORIENTED_EDGE('',*,*,#2121,.T.);
#584=ORIENTED_EDGE('',*,*,#2122,.T.);
#585=ORIENTED_EDGE('',*,*,#2123,.T.);
#586=ORIENTED_EDGE('',*,*,#2124,.F.);
#587=ORIENTED_EDGE('',*,*,#2125,.F.);
#588=ORIENTED_EDGE('',*,*,#2126,.T.);
#589=ORIENTED_EDGE('',*,*,#2127,.T.);
#590=ORIENTED_EDGE('',*,*,#2128,.F.);
#591=ORIENTED_EDGE('',*,*,#2129,.T.);
#592=ORIENTED_EDGE('',*,*,#2130,.T.);
#593=ORIENTED_EDGE('',*,*,#2131,.T.);
#594=ORIENTED_EDGE('',*,*,#1933,.T.);
#595=ORIENTED_EDGE('',*,*,#2132,.T.);
#596=ORIENTED_EDGE('',*,*,#2133,.F.);
#597=ORIENTED_EDGE('',*,*,#2134,.T.);
#598=ORIENTED_EDGE('',*,*,#2135,.T.);
#599=ORIENTED_EDGE('',*,*,#2136,.T.);
#600=ORIENTED_EDGE('',*,*,#2137,.T.);
#601=ORIENTED_EDGE('',*,*,#2138,.T.);
#602=ORIENTED_EDGE('',*,*,#2139,.T.);
#603=ORIENTED_EDGE('',*,*,#2140,.T.);
#604=ORIENTED_EDGE('',*,*,#2141,.F.);
#605=ORIENTED_EDGE('',*,*,#2142,.T.);
#606=ORIENTED_EDGE('',*,*,#2143,.F.);
#607=ORIENTED_EDGE('',*,*,#2144,.T.);
#608=ORIENTED_EDGE('',*,*,#2145,.T.);
#609=ORIENTED_EDGE('',*,*,#2146,.T.);
#610=ORIENTED_EDGE('',*,*,#2147,.T.);
#611=ORIENTED_EDGE('',*,*,#2148,.T.);
#612=ORIENTED_EDGE('',*,*,#2149,.F.);
#613=ORIENTED_EDGE('',*,*,#2150,.T.);
#614=ORIENTED_EDGE('',*,*,#2151,.F.);
#615=ORIENTED_EDGE('',*,*,#2152,.T.);
#616=ORIENTED_EDGE('',*,*,#2153,.F.);
#617=ORIENTED_EDGE('',*,*,#2154,.T.);
#618=ORIENTED_EDGE('',*,*,#2155,.T.);
#619=ORIENTED_EDGE('',*,*,#2156,.T.);
#620=ORIENTED_EDGE('',*,*,#2157,.F.);
#621=ORIENTED_EDGE('',*,*,#2158,.T.);
#622=ORIENTED_EDGE('',*,*,#2159,.F.);
#623=ORIENTED_EDGE('',*,*,#2160,.T.);
#624=ORIENTED_EDGE('',*,*,#2161,.F.);
#625=ORIENTED_EDGE('',*,*,#2162,.T.);
#626=ORIENTED_EDGE('',*,*,#2163,.F.);
#627=ORIENTED_EDGE('',*,*,#2164,.T.);
#628=ORIENTED_EDGE('',*,*,#2165,.T.);
#629=ORIENTED_EDGE('',*,*,#2166,.T.);
#630=ORIENTED_EDGE('',*,*,#2167,.T.);
#631=ORIENTED_EDGE('',*,*,#2168,.T.);
#632=ORIENTED_EDGE('',*,*,#2169,.T.);
#633=ORIENTED_EDGE('',*,*,#2170,.T.);
#634=ORIENTED_EDGE('',*,*,#2171,.T.);
#635=ORIENTED_EDGE('',*,*,#2172,.T.);
#636=ORIENTED_EDGE('',*,*,#2173,.T.);
#637=ORIENTED_EDGE('',*,*,#2174,.F.);
#638=ORIENTED_EDGE('',*,*,#2175,.T.);
#639=ORIENTED_EDGE('',*,*,#2176,.T.);
#640=ORIENTED_EDGE('',*,*,#2177,.T.);
#641=ORIENTED_EDGE('',*,*,#2178,.T.);
#642=ORIENTED_EDGE('',*,*,#2179,.T.);
#643=ORIENTED_EDGE('',*,*,#2180,.T.);
#644=ORIENTED_EDGE('',*,*,#2181,.T.);
#645=ORIENTED_EDGE('',*,*,#2182,.T.);
#646=ORIENTED_EDGE('',*,*,#2183,.F.);
#647=ORIENTED_EDGE('',*,*,#2184,.T.);
#648=ORIENTED_EDGE('',*,*,#2185,.T.);
#649=ORIENTED_EDGE('',*,*,#2186,.T.);
#650=ORIENTED_EDGE('',*,*,#1935,.F.);
#651=ORIENTED_EDGE('',*,*,#2187,.T.);
#652=ORIENTED_EDGE('',*,*,#2188,.T.);
#653=ORIENTED_EDGE('',*,*,#2189,.F.);
#654=ORIENTED_EDGE('',*,*,#2190,.F.);
#655=ORIENTED_EDGE('',*,*,#2191,.T.);
#656=ORIENTED_EDGE('',*,*,#2161,.T.);
#657=ORIENTED_EDGE('',*,*,#2192,.T.);
#658=ORIENTED_EDGE('',*,*,#2147,.F.);
#659=ORIENTED_EDGE('',*,*,#2193,.T.);
#660=ORIENTED_EDGE('',*,*,#2145,.F.);
#661=ORIENTED_EDGE('',*,*,#2194,.T.);
#662=ORIENTED_EDGE('',*,*,#2163,.T.);
#663=ORIENTED_EDGE('',*,*,#2195,.T.);
#664=ORIENTED_EDGE('',*,*,#2143,.T.);
#665=ORIENTED_EDGE('',*,*,#2196,.T.);
#666=ORIENTED_EDGE('',*,*,#2165,.F.);
#667=ORIENTED_EDGE('',*,*,#2197,.T.);
#668=ORIENTED_EDGE('',*,*,#2141,.T.);
#669=ORIENTED_EDGE('',*,*,#2198,.T.);
#670=ORIENTED_EDGE('',*,*,#2199,.F.);
#671=ORIENTED_EDGE('',*,*,#2200,.T.);
#672=ORIENTED_EDGE('',*,*,#2151,.T.);
#673=ORIENTED_EDGE('',*,*,#2201,.T.);
#674=ORIENTED_EDGE('',*,*,#2202,.T.);
#675=ORIENTED_EDGE('',*,*,#2203,.T.);
#676=ORIENTED_EDGE('',*,*,#2204,.T.);
#677=ORIENTED_EDGE('',*,*,#2205,.F.);
#678=ORIENTED_EDGE('',*,*,#2206,.T.);
#679=ORIENTED_EDGE('',*,*,#2139,.F.);
#680=ORIENTED_EDGE('',*,*,#2207,.T.);
#681=ORIENTED_EDGE('',*,*,#2208,.T.);
#682=ORIENTED_EDGE('',*,*,#2209,.T.);
#683=ORIENTED_EDGE('',*,*,#2210,.T.);
#684=ORIENTED_EDGE('',*,*,#2174,.T.);
#685=ORIENTED_EDGE('',*,*,#2211,.T.);
#686=ORIENTED_EDGE('',*,*,#2212,.F.);
#687=ORIENTED_EDGE('',*,*,#2213,.T.);
#688=ORIENTED_EDGE('',*,*,#2153,.T.);
#689=ORIENTED_EDGE('',*,*,#2214,.T.);
#690=ORIENTED_EDGE('',*,*,#2215,.F.);
#691=ORIENTED_EDGE('',*,*,#2216,.T.);
#692=ORIENTED_EDGE('',*,*,#2217,.T.);
#693=ORIENTED_EDGE('',*,*,#2137,.F.);
#694=ORIENTED_EDGE('',*,*,#2218,.T.);
#695=ORIENTED_EDGE('',*,*,#2219,.T.);
#696=ORIENTED_EDGE('',*,*,#2183,.T.);
#697=ORIENTED_EDGE('',*,*,#2220,.T.);
#698=ORIENTED_EDGE('',*,*,#2135,.F.);
#699=ORIENTED_EDGE('',*,*,#2221,.T.);
#700=ORIENTED_EDGE('',*,*,#2185,.F.);
#701=ORIENTED_EDGE('',*,*,#2222,.T.);
#702=ORIENTED_EDGE('',*,*,#2133,.T.);
#703=ORIENTED_EDGE('',*,*,#2223,.T.);
#704=ORIENTED_EDGE('',*,*,#2184,.F.);
#705=ORIENTED_EDGE('',*,*,#2221,.F.);
#706=ORIENTED_EDGE('',*,*,#2134,.F.);
#707=ORIENTED_EDGE('',*,*,#2222,.F.);
#708=ORIENTED_EDGE('',*,*,#2186,.F.);
#709=ORIENTED_EDGE('',*,*,#2223,.F.);
#710=ORIENTED_EDGE('',*,*,#2132,.F.);
#711=ORIENTED_EDGE('',*,*,#1936,.F.);
#712=ORIENTED_EDGE('',*,*,#2164,.F.);
#713=ORIENTED_EDGE('',*,*,#2194,.F.);
#714=ORIENTED_EDGE('',*,*,#2144,.F.);
#715=ORIENTED_EDGE('',*,*,#2197,.F.);
#716=ORIENTED_EDGE('',*,*,#2162,.F.);
#717=ORIENTED_EDGE('',*,*,#2193,.F.);
#718=ORIENTED_EDGE('',*,*,#2146,.F.);
#719=ORIENTED_EDGE('',*,*,#2195,.F.);
#720=ORIENTED_EDGE('',*,*,#2182,.F.);
#721=ORIENTED_EDGE('',*,*,#2218,.F.);
#722=ORIENTED_EDGE('',*,*,#2136,.F.);
#723=ORIENTED_EDGE('',*,*,#2220,.F.);
#724=ORIENTED_EDGE('',*,*,#2166,.F.);
#725=ORIENTED_EDGE('',*,*,#2196,.F.);
#726=ORIENTED_EDGE('',*,*,#2142,.F.);
#727=ORIENTED_EDGE('',*,*,#2204,.F.);
#728=ORIENTED_EDGE('',*,*,#2215,.T.);
#729=ORIENTED_EDGE('',*,*,#2224,.T.);
#730=ORIENTED_EDGE('',*,*,#2225,.T.);
#731=ORIENTED_EDGE('',*,*,#2086,.T.);
#732=ORIENTED_EDGE('',*,*,#2226,.T.);
#733=ORIENTED_EDGE('',*,*,#2227,.F.);
#734=ORIENTED_EDGE('',*,*,#2228,.T.);
#735=ORIENTED_EDGE('',*,*,#2229,.T.);
#736=ORIENTED_EDGE('',*,*,#2230,.T.);
#737=ORIENTED_EDGE('',*,*,#2231,.T.);
#738=ORIENTED_EDGE('',*,*,#2088,.F.);
#739=ORIENTED_EDGE('',*,*,#2232,.T.);
#740=ORIENTED_EDGE('',*,*,#2233,.T.);
#741=ORIENTED_EDGE('',*,*,#2234,.T.);
#742=ORIENTED_EDGE('',*,*,#2078,.F.);
#743=ORIENTED_EDGE('',*,*,#2235,.T.);
#744=ORIENTED_EDGE('',*,*,#2236,.T.);
#745=ORIENTED_EDGE('',*,*,#2209,.F.);
#746=ORIENTED_EDGE('',*,*,#2237,.T.);
#747=ORIENTED_EDGE('',*,*,#2238,.T.);
#748=ORIENTED_EDGE('',*,*,#2239,.T.);
#749=ORIENTED_EDGE('',*,*,#2080,.F.);
#750=ORIENTED_EDGE('',*,*,#2240,.T.);
#751=ORIENTED_EDGE('',*,*,#2241,.T.);
#752=ORIENTED_EDGE('',*,*,#2242,.T.);
#753=ORIENTED_EDGE('',*,*,#1997,.T.);
#754=ORIENTED_EDGE('',*,*,#2243,.T.);
#755=ORIENTED_EDGE('',*,*,#2244,.T.);
#756=ORIENTED_EDGE('',*,*,#2245,.T.);
#757=ORIENTED_EDGE('',*,*,#1999,.T.);
#758=ORIENTED_EDGE('',*,*,#2246,.T.);
#759=ORIENTED_EDGE('',*,*,#2247,.T.);
#760=ORIENTED_EDGE('',*,*,#2202,.F.);
#761=ORIENTED_EDGE('',*,*,#2248,.T.);
#762=ORIENTED_EDGE('',*,*,#2249,.F.);
#763=ORIENTED_EDGE('',*,*,#2250,.T.);
#764=ORIENTED_EDGE('',*,*,#2001,.T.);
#765=ORIENTED_EDGE('',*,*,#2212,.T.);
#766=ORIENTED_EDGE('',*,*,#2251,.T.);
#767=ORIENTED_EDGE('',*,*,#2252,.T.);
#768=ORIENTED_EDGE('',*,*,#1995,.F.);
#769=ORIENTED_EDGE('',*,*,#2253,.T.);
#770=ORIENTED_EDGE('',*,*,#2254,.T.);
#771=ORIENTED_EDGE('',*,*,#2255,.T.);
#772=ORIENTED_EDGE('',*,*,#2254,.F.);
#773=ORIENTED_EDGE('',*,*,#2256,.T.);
#774=ORIENTED_EDGE('',*,*,#2257,.T.);
#775=ORIENTED_EDGE('',*,*,#2258,.T.);
#776=ORIENTED_EDGE('',*,*,#2259,.T.);
#777=ORIENTED_EDGE('',*,*,#2260,.T.);
#778=ORIENTED_EDGE('',*,*,#2249,.T.);
#779=ORIENTED_EDGE('',*,*,#2261,.T.);
#780=ORIENTED_EDGE('',*,*,#2262,.T.);
#781=ORIENTED_EDGE('',*,*,#2263,.T.);
#782=ORIENTED_EDGE('',*,*,#2259,.F.);
#783=ORIENTED_EDGE('',*,*,#2264,.T.);
#784=ORIENTED_EDGE('',*,*,#2003,.T.);
#785=ORIENTED_EDGE('',*,*,#2265,.T.);
#786=ORIENTED_EDGE('',*,*,#2257,.F.);
#787=ORIENTED_EDGE('',*,*,#2266,.T.);
#788=ORIENTED_EDGE('',*,*,#1993,.T.);
#789=ORIENTED_EDGE('',*,*,#2267,.T.);
#790=ORIENTED_EDGE('',*,*,#2082,.F.);
#791=ORIENTED_EDGE('',*,*,#2268,.T.);
#792=ORIENTED_EDGE('',*,*,#2269,.T.);
#793=ORIENTED_EDGE('',*,*,#2270,.T.);
#794=ORIENTED_EDGE('',*,*,#2084,.T.);
#795=ORIENTED_EDGE('',*,*,#2271,.T.);
#796=ORIENTED_EDGE('',*,*,#2272,.F.);
#797=ORIENTED_EDGE('',*,*,#2273,.T.);
#798=ORIENTED_EDGE('',*,*,#2238,.F.);
#799=ORIENTED_EDGE('',*,*,#2274,.T.);
#800=ORIENTED_EDGE('',*,*,#2275,.T.);
#801=ORIENTED_EDGE('',*,*,#2227,.T.);
#802=ORIENTED_EDGE('',*,*,#2276,.T.);
#803=ORIENTED_EDGE('',*,*,#2272,.T.);
#804=ORIENTED_EDGE('',*,*,#2277,.T.);
#805=ORIENTED_EDGE('',*,*,#2269,.F.);
#806=ORIENTED_EDGE('',*,*,#2278,.T.);
#807=ORIENTED_EDGE('',*,*,#2189,.T.);
#808=ORIENTED_EDGE('',*,*,#2126,.F.);
#809=ORIENTED_EDGE('',*,*,#2188,.F.);
#810=ORIENTED_EDGE('',*,*,#2125,.T.);
#811=ORIENTED_EDGE('',*,*,#2190,.T.);
#812=ORIENTED_EDGE('',*,*,#2127,.F.);
#813=ORIENTED_EDGE('',*,*,#2191,.F.);
#814=ORIENTED_EDGE('',*,*,#2124,.T.);
#815=ORIENTED_EDGE('',*,*,#2205,.T.);
#816=ORIENTED_EDGE('',*,*,#2279,.T.);
#817=ORIENTED_EDGE('',*,*,#2199,.T.);
#818=ORIENTED_EDGE('',*,*,#2280,.T.);
#819=ORIENTED_EDGE('',*,*,#2091,.F.);
#820=ORIENTED_EDGE('',*,*,#2281,.F.);
#821=ORIENTED_EDGE('',*,*,#2282,.T.);
#822=ORIENTED_EDGE('',*,*,#2283,.T.);
#823=ORIENTED_EDGE('',*,*,#2090,.F.);
#824=ORIENTED_EDGE('',*,*,#2284,.F.);
#825=ORIENTED_EDGE('',*,*,#2285,.T.);
#826=ORIENTED_EDGE('',*,*,#2281,.T.);
#827=ORIENTED_EDGE('',*,*,#2113,.F.);
#828=ORIENTED_EDGE('',*,*,#2286,.F.);
#829=ORIENTED_EDGE('',*,*,#2287,.T.);
#830=ORIENTED_EDGE('',*,*,#2284,.T.);
#831=ORIENTED_EDGE('',*,*,#2112,.F.);
#832=ORIENTED_EDGE('',*,*,#2288,.F.);
#833=ORIENTED_EDGE('',*,*,#2289,.T.);
#834=ORIENTED_EDGE('',*,*,#2286,.T.);
#835=ORIENTED_EDGE('',*,*,#2111,.F.);
#836=ORIENTED_EDGE('',*,*,#2290,.F.);
#837=ORIENTED_EDGE('',*,*,#2291,.T.);
#838=ORIENTED_EDGE('',*,*,#2288,.T.);
#839=ORIENTED_EDGE('',*,*,#2110,.F.);
#840=ORIENTED_EDGE('',*,*,#2292,.F.);
#841=ORIENTED_EDGE('',*,*,#2293,.T.);
#842=ORIENTED_EDGE('',*,*,#2290,.T.);
#843=ORIENTED_EDGE('',*,*,#2109,.F.);
#844=ORIENTED_EDGE('',*,*,#2294,.F.);
#845=ORIENTED_EDGE('',*,*,#2295,.T.);
#846=ORIENTED_EDGE('',*,*,#2292,.T.);
#847=ORIENTED_EDGE('',*,*,#2108,.F.);
#848=ORIENTED_EDGE('',*,*,#2296,.F.);
#849=ORIENTED_EDGE('',*,*,#2297,.T.);
#850=ORIENTED_EDGE('',*,*,#2294,.T.);
#851=ORIENTED_EDGE('',*,*,#2107,.F.);
#852=ORIENTED_EDGE('',*,*,#2298,.F.);
#853=ORIENTED_EDGE('',*,*,#2299,.T.);
#854=ORIENTED_EDGE('',*,*,#2296,.T.);
#855=ORIENTED_EDGE('',*,*,#2106,.F.);
#856=ORIENTED_EDGE('',*,*,#2300,.F.);
#857=ORIENTED_EDGE('',*,*,#2301,.T.);
#858=ORIENTED_EDGE('',*,*,#2298,.T.);
#859=ORIENTED_EDGE('',*,*,#2105,.F.);
#860=ORIENTED_EDGE('',*,*,#2302,.F.);
#861=ORIENTED_EDGE('',*,*,#2303,.T.);
#862=ORIENTED_EDGE('',*,*,#2300,.T.);
#863=ORIENTED_EDGE('',*,*,#2104,.F.);
#864=ORIENTED_EDGE('',*,*,#2304,.F.);
#865=ORIENTED_EDGE('',*,*,#2305,.T.);
#866=ORIENTED_EDGE('',*,*,#2302,.T.);
#867=ORIENTED_EDGE('',*,*,#2103,.F.);
#868=ORIENTED_EDGE('',*,*,#2306,.F.);
#869=ORIENTED_EDGE('',*,*,#2307,.T.);
#870=ORIENTED_EDGE('',*,*,#2304,.T.);
#871=ORIENTED_EDGE('',*,*,#2102,.F.);
#872=ORIENTED_EDGE('',*,*,#2308,.F.);
#873=ORIENTED_EDGE('',*,*,#2309,.T.);
#874=ORIENTED_EDGE('',*,*,#2306,.T.);
#875=ORIENTED_EDGE('',*,*,#2101,.F.);
#876=ORIENTED_EDGE('',*,*,#2310,.F.);
#877=ORIENTED_EDGE('',*,*,#2311,.T.);
#878=ORIENTED_EDGE('',*,*,#2308,.T.);
#879=ORIENTED_EDGE('',*,*,#2100,.F.);
#880=ORIENTED_EDGE('',*,*,#2312,.F.);
#881=ORIENTED_EDGE('',*,*,#2313,.T.);
#882=ORIENTED_EDGE('',*,*,#2310,.T.);
#883=ORIENTED_EDGE('',*,*,#2099,.F.);
#884=ORIENTED_EDGE('',*,*,#2314,.F.);
#885=ORIENTED_EDGE('',*,*,#2315,.T.);
#886=ORIENTED_EDGE('',*,*,#2312,.T.);
#887=ORIENTED_EDGE('',*,*,#2098,.F.);
#888=ORIENTED_EDGE('',*,*,#2316,.F.);
#889=ORIENTED_EDGE('',*,*,#2317,.T.);
#890=ORIENTED_EDGE('',*,*,#2314,.T.);
#891=ORIENTED_EDGE('',*,*,#2097,.F.);
#892=ORIENTED_EDGE('',*,*,#2318,.F.);
#893=ORIENTED_EDGE('',*,*,#2319,.T.);
#894=ORIENTED_EDGE('',*,*,#2316,.T.);
#895=ORIENTED_EDGE('',*,*,#2096,.F.);
#896=ORIENTED_EDGE('',*,*,#2320,.F.);
#897=ORIENTED_EDGE('',*,*,#2321,.T.);
#898=ORIENTED_EDGE('',*,*,#2318,.T.);
#899=ORIENTED_EDGE('',*,*,#2095,.F.);
#900=ORIENTED_EDGE('',*,*,#2322,.F.);
#901=ORIENTED_EDGE('',*,*,#2323,.T.);
#902=ORIENTED_EDGE('',*,*,#2320,.T.);
#903=ORIENTED_EDGE('',*,*,#2094,.F.);
#904=ORIENTED_EDGE('',*,*,#2324,.F.);
#905=ORIENTED_EDGE('',*,*,#2325,.T.);
#906=ORIENTED_EDGE('',*,*,#2322,.T.);
#907=ORIENTED_EDGE('',*,*,#2093,.F.);
#908=ORIENTED_EDGE('',*,*,#2326,.F.);
#909=ORIENTED_EDGE('',*,*,#2327,.T.);
#910=ORIENTED_EDGE('',*,*,#2324,.T.);
#911=ORIENTED_EDGE('',*,*,#2092,.F.);
#912=ORIENTED_EDGE('',*,*,#2283,.F.);
#913=ORIENTED_EDGE('',*,*,#2328,.T.);
#914=ORIENTED_EDGE('',*,*,#2326,.T.);
#915=ORIENTED_EDGE('',*,*,#2282,.F.);
#916=ORIENTED_EDGE('',*,*,#2285,.F.);
#917=ORIENTED_EDGE('',*,*,#2287,.F.);
#918=ORIENTED_EDGE('',*,*,#2289,.F.);
#919=ORIENTED_EDGE('',*,*,#2291,.F.);
#920=ORIENTED_EDGE('',*,*,#2293,.F.);
#921=ORIENTED_EDGE('',*,*,#2295,.F.);
#922=ORIENTED_EDGE('',*,*,#2297,.F.);
#923=ORIENTED_EDGE('',*,*,#2299,.F.);
#924=ORIENTED_EDGE('',*,*,#2301,.F.);
#925=ORIENTED_EDGE('',*,*,#2303,.F.);
#926=ORIENTED_EDGE('',*,*,#2305,.F.);
#927=ORIENTED_EDGE('',*,*,#2307,.F.);
#928=ORIENTED_EDGE('',*,*,#2309,.F.);
#929=ORIENTED_EDGE('',*,*,#2311,.F.);
#930=ORIENTED_EDGE('',*,*,#2313,.F.);
#931=ORIENTED_EDGE('',*,*,#2315,.F.);
#932=ORIENTED_EDGE('',*,*,#2317,.F.);
#933=ORIENTED_EDGE('',*,*,#2319,.F.);
#934=ORIENTED_EDGE('',*,*,#2321,.F.);
#935=ORIENTED_EDGE('',*,*,#2323,.F.);
#936=ORIENTED_EDGE('',*,*,#2325,.F.);
#937=ORIENTED_EDGE('',*,*,#2327,.F.);
#938=ORIENTED_EDGE('',*,*,#2328,.F.);
#939=ORIENTED_EDGE('',*,*,#2115,.F.);
#940=ORIENTED_EDGE('',*,*,#2329,.F.);
#941=ORIENTED_EDGE('',*,*,#2330,.T.);
#942=ORIENTED_EDGE('',*,*,#2331,.T.);
#943=ORIENTED_EDGE('',*,*,#2114,.F.);
#944=ORIENTED_EDGE('',*,*,#2332,.F.);
#945=ORIENTED_EDGE('',*,*,#2333,.T.);
#946=ORIENTED_EDGE('',*,*,#2329,.T.);
#947=ORIENTED_EDGE('',*,*,#2123,.F.);
#948=ORIENTED_EDGE('',*,*,#2334,.F.);
#949=ORIENTED_EDGE('',*,*,#2335,.T.);
#950=ORIENTED_EDGE('',*,*,#2332,.T.);
#951=ORIENTED_EDGE('',*,*,#2122,.F.);
#952=ORIENTED_EDGE('',*,*,#2336,.F.);
#953=ORIENTED_EDGE('',*,*,#2337,.T.);
#954=ORIENTED_EDGE('',*,*,#2334,.T.);
#955=ORIENTED_EDGE('',*,*,#2121,.F.);
#956=ORIENTED_EDGE('',*,*,#2338,.F.);
#957=ORIENTED_EDGE('',*,*,#2339,.T.);
#958=ORIENTED_EDGE('',*,*,#2336,.T.);
#959=ORIENTED_EDGE('',*,*,#2120,.F.);
#960=ORIENTED_EDGE('',*,*,#2340,.F.);
#961=ORIENTED_EDGE('',*,*,#2341,.T.);
#962=ORIENTED_EDGE('',*,*,#2338,.T.);
#963=ORIENTED_EDGE('',*,*,#2119,.F.);
#964=ORIENTED_EDGE('',*,*,#2342,.F.);
#965=ORIENTED_EDGE('',*,*,#2343,.T.);
#966=ORIENTED_EDGE('',*,*,#2340,.T.);
#967=ORIENTED_EDGE('',*,*,#2118,.F.);
#968=ORIENTED_EDGE('',*,*,#2344,.F.);
#969=ORIENTED_EDGE('',*,*,#2345,.T.);
#970=ORIENTED_EDGE('',*,*,#2342,.T.);
#971=ORIENTED_EDGE('',*,*,#2117,.F.);
#972=ORIENTED_EDGE('',*,*,#2346,.F.);
#973=ORIENTED_EDGE('',*,*,#2347,.T.);
#974=ORIENTED_EDGE('',*,*,#2344,.T.);
#975=ORIENTED_EDGE('',*,*,#2116,.F.);
#976=ORIENTED_EDGE('',*,*,#2331,.F.);
#977=ORIENTED_EDGE('',*,*,#2348,.T.);
#978=ORIENTED_EDGE('',*,*,#2346,.T.);
#979=ORIENTED_EDGE('',*,*,#2330,.F.);
#980=ORIENTED_EDGE('',*,*,#2333,.F.);
#981=ORIENTED_EDGE('',*,*,#2335,.F.);
#982=ORIENTED_EDGE('',*,*,#2337,.F.);
#983=ORIENTED_EDGE('',*,*,#2339,.F.);
#984=ORIENTED_EDGE('',*,*,#2341,.F.);
#985=ORIENTED_EDGE('',*,*,#2343,.F.);
#986=ORIENTED_EDGE('',*,*,#2345,.F.);
#987=ORIENTED_EDGE('',*,*,#2347,.F.);
#988=ORIENTED_EDGE('',*,*,#2348,.F.);
#989=ORIENTED_EDGE('',*,*,#1979,.F.);
#990=ORIENTED_EDGE('',*,*,#2349,.F.);
#991=ORIENTED_EDGE('',*,*,#2350,.T.);
#992=ORIENTED_EDGE('',*,*,#2351,.T.);
#993=ORIENTED_EDGE('',*,*,#1978,.F.);
#994=ORIENTED_EDGE('',*,*,#2352,.F.);
#995=ORIENTED_EDGE('',*,*,#2353,.T.);
#996=ORIENTED_EDGE('',*,*,#2349,.T.);
#997=ORIENTED_EDGE('',*,*,#1992,.F.);
#998=ORIENTED_EDGE('',*,*,#2354,.F.);
#999=ORIENTED_EDGE('',*,*,#2355,.T.);
#1000=ORIENTED_EDGE('',*,*,#2352,.T.);
#1001=ORIENTED_EDGE('',*,*,#1991,.F.);
#1002=ORIENTED_EDGE('',*,*,#2356,.F.);
#1003=ORIENTED_EDGE('',*,*,#2357,.T.);
#1004=ORIENTED_EDGE('',*,*,#2354,.T.);
#1005=ORIENTED_EDGE('',*,*,#1990,.F.);
#1006=ORIENTED_EDGE('',*,*,#2358,.F.);
#1007=ORIENTED_EDGE('',*,*,#2359,.T.);
#1008=ORIENTED_EDGE('',*,*,#2356,.T.);
#1009=ORIENTED_EDGE('',*,*,#1989,.F.);
#1010=ORIENTED_EDGE('',*,*,#2360,.F.);
#1011=ORIENTED_EDGE('',*,*,#2361,.T.);
#1012=ORIENTED_EDGE('',*,*,#2358,.T.);
#1013=ORIENTED_EDGE('',*,*,#1988,.F.);
#1014=ORIENTED_EDGE('',*,*,#2362,.F.);
#1015=ORIENTED_EDGE('',*,*,#2363,.T.);
#1016=ORIENTED_EDGE('',*,*,#2360,.T.);
#1017=ORIENTED_EDGE('',*,*,#1987,.F.);
#1018=ORIENTED_EDGE('',*,*,#2364,.F.);
#1019=ORIENTED_EDGE('',*,*,#2365,.T.);
#1020=ORIENTED_EDGE('',*,*,#2362,.T.);
#1021=ORIENTED_EDGE('',*,*,#1986,.F.);
#1022=ORIENTED_EDGE('',*,*,#2366,.F.);
#1023=ORIENTED_EDGE('',*,*,#2367,.T.);
#1024=ORIENTED_EDGE('',*,*,#2364,.T.);
#1025=ORIENTED_EDGE('',*,*,#1985,.F.);
#1026=ORIENTED_EDGE('',*,*,#2368,.F.);
#1027=ORIENTED_EDGE('',*,*,#2369,.T.);
#1028=ORIENTED_EDGE('',*,*,#2366,.T.);
#1029=ORIENTED_EDGE('',*,*,#1984,.F.);
#1030=ORIENTED_EDGE('',*,*,#2370,.F.);
#1031=ORIENTED_EDGE('',*,*,#2371,.T.);
#1032=ORIENTED_EDGE('',*,*,#2368,.T.);
#1033=ORIENTED_EDGE('',*,*,#1983,.F.);
#1034=ORIENTED_EDGE('',*,*,#2372,.F.);
#1035=ORIENTED_EDGE('',*,*,#2373,.T.);
#1036=ORIENTED_EDGE('',*,*,#2370,.T.);
#1037=ORIENTED_EDGE('',*,*,#1982,.F.);
#1038=ORIENTED_EDGE('',*,*,#2374,.F.);
#1039=ORIENTED_EDGE('',*,*,#2375,.T.);
#1040=ORIENTED_EDGE('',*,*,#2372,.T.);
#1041=ORIENTED_EDGE('',*,*,#1981,.F.);
#1042=ORIENTED_EDGE('',*,*,#2376,.F.);
#1043=ORIENTED_EDGE('',*,*,#2377,.T.);
#1044=ORIENTED_EDGE('',*,*,#2374,.T.);
#1045=ORIENTED_EDGE('',*,*,#1980,.F.);
#1046=ORIENTED_EDGE('',*,*,#2351,.F.);
#1047=ORIENTED_EDGE('',*,*,#2378,.T.);
#1048=ORIENTED_EDGE('',*,*,#2376,.T.);
#1049=ORIENTED_EDGE('',*,*,#2350,.F.);
#1050=ORIENTED_EDGE('',*,*,#2353,.F.);
#1051=ORIENTED_EDGE('',*,*,#2355,.F.);
#1052=ORIENTED_EDGE('',*,*,#2357,.F.);
#1053=ORIENTED_EDGE('',*,*,#2359,.F.);
#1054=ORIENTED_EDGE('',*,*,#2361,.F.);
#1055=ORIENTED_EDGE('',*,*,#2363,.F.);
#1056=ORIENTED_EDGE('',*,*,#2365,.F.);
#1057=ORIENTED_EDGE('',*,*,#2367,.F.);
#1058=ORIENTED_EDGE('',*,*,#2369,.F.);
#1059=ORIENTED_EDGE('',*,*,#2371,.F.);
#1060=ORIENTED_EDGE('',*,*,#2373,.F.);
#1061=ORIENTED_EDGE('',*,*,#2375,.F.);
#1062=ORIENTED_EDGE('',*,*,#2377,.F.);
#1063=ORIENTED_EDGE('',*,*,#2378,.F.);
#1064=ORIENTED_EDGE('',*,*,#1969,.F.);
#1065=ORIENTED_EDGE('',*,*,#2379,.F.);
#1066=ORIENTED_EDGE('',*,*,#2380,.T.);
#1067=ORIENTED_EDGE('',*,*,#2381,.T.);
#1068=ORIENTED_EDGE('',*,*,#1968,.F.);
#1069=ORIENTED_EDGE('',*,*,#2382,.F.);
#1070=ORIENTED_EDGE('',*,*,#2383,.T.);
#1071=ORIENTED_EDGE('',*,*,#2379,.T.);
#1072=ORIENTED_EDGE('',*,*,#1977,.F.);
#1073=ORIENTED_EDGE('',*,*,#2384,.F.);
#1074=ORIENTED_EDGE('',*,*,#2385,.T.);
#1075=ORIENTED_EDGE('',*,*,#2382,.T.);
#1076=ORIENTED_EDGE('',*,*,#1976,.F.);
#1077=ORIENTED_EDGE('',*,*,#2386,.F.);
#1078=ORIENTED_EDGE('',*,*,#2387,.T.);
#1079=ORIENTED_EDGE('',*,*,#2384,.T.);
#1080=ORIENTED_EDGE('',*,*,#1975,.F.);
#1081=ORIENTED_EDGE('',*,*,#2388,.F.);
#1082=ORIENTED_EDGE('',*,*,#2389,.T.);
#1083=ORIENTED_EDGE('',*,*,#2386,.T.);
#1084=ORIENTED_EDGE('',*,*,#1974,.F.);
#1085=ORIENTED_EDGE('',*,*,#2390,.F.);
#1086=ORIENTED_EDGE('',*,*,#2391,.T.);
#1087=ORIENTED_EDGE('',*,*,#2388,.T.);
#1088=ORIENTED_EDGE('',*,*,#1973,.F.);
#1089=ORIENTED_EDGE('',*,*,#2392,.F.);
#1090=ORIENTED_EDGE('',*,*,#2393,.T.);
#1091=ORIENTED_EDGE('',*,*,#2390,.T.);
#1092=ORIENTED_EDGE('',*,*,#1972,.F.);
#1093=ORIENTED_EDGE('',*,*,#2394,.F.);
#1094=ORIENTED_EDGE('',*,*,#2395,.T.);
#1095=ORIENTED_EDGE('',*,*,#2392,.T.);
#1096=ORIENTED_EDGE('',*,*,#1971,.F.);
#1097=ORIENTED_EDGE('',*,*,#2396,.F.);
#1098=ORIENTED_EDGE('',*,*,#2397,.T.);
#1099=ORIENTED_EDGE('',*,*,#2394,.T.);
#1100=ORIENTED_EDGE('',*,*,#1970,.F.);
#1101=ORIENTED_EDGE('',*,*,#2381,.F.);
#1102=ORIENTED_EDGE('',*,*,#2398,.T.);
#1103=ORIENTED_EDGE('',*,*,#2396,.T.);
#1104=ORIENTED_EDGE('',*,*,#2380,.F.);
#1105=ORIENTED_EDGE('',*,*,#2383,.F.);
#1106=ORIENTED_EDGE('',*,*,#2385,.F.);
#1107=ORIENTED_EDGE('',*,*,#2387,.F.);
#1108=ORIENTED_EDGE('',*,*,#2389,.F.);
#1109=ORIENTED_EDGE('',*,*,#2391,.F.);
#1110=ORIENTED_EDGE('',*,*,#2393,.F.);
#1111=ORIENTED_EDGE('',*,*,#2395,.F.);
#1112=ORIENTED_EDGE('',*,*,#2397,.F.);
#1113=ORIENTED_EDGE('',*,*,#2398,.F.);
#1114=ORIENTED_EDGE('',*,*,#1945,.F.);
#1115=ORIENTED_EDGE('',*,*,#2399,.F.);
#1116=ORIENTED_EDGE('',*,*,#2400,.T.);
#1117=ORIENTED_EDGE('',*,*,#2401,.T.);
#1118=ORIENTED_EDGE('',*,*,#1944,.F.);
#1119=ORIENTED_EDGE('',*,*,#2402,.F.);
#1120=ORIENTED_EDGE('',*,*,#2403,.T.);
#1121=ORIENTED_EDGE('',*,*,#2399,.T.);
#1122=ORIENTED_EDGE('',*,*,#1967,.F.);
#1123=ORIENTED_EDGE('',*,*,#2404,.F.);
#1124=ORIENTED_EDGE('',*,*,#2405,.T.);
#1125=ORIENTED_EDGE('',*,*,#2402,.T.);
#1126=ORIENTED_EDGE('',*,*,#1966,.F.);
#1127=ORIENTED_EDGE('',*,*,#2406,.F.);
#1128=ORIENTED_EDGE('',*,*,#2407,.T.);
#1129=ORIENTED_EDGE('',*,*,#2404,.T.);
#1130=ORIENTED_EDGE('',*,*,#1965,.F.);
#1131=ORIENTED_EDGE('',*,*,#2408,.F.);
#1132=ORIENTED_EDGE('',*,*,#2409,.T.);
#1133=ORIENTED_EDGE('',*,*,#2406,.T.);
#1134=ORIENTED_EDGE('',*,*,#1964,.F.);
#1135=ORIENTED_EDGE('',*,*,#2410,.F.);
#1136=ORIENTED_EDGE('',*,*,#2411,.T.);
#1137=ORIENTED_EDGE('',*,*,#2408,.T.);
#1138=ORIENTED_EDGE('',*,*,#1963,.F.);
#1139=ORIENTED_EDGE('',*,*,#2412,.F.);
#1140=ORIENTED_EDGE('',*,*,#2413,.T.);
#1141=ORIENTED_EDGE('',*,*,#2410,.T.);
#1142=ORIENTED_EDGE('',*,*,#1962,.F.);
#1143=ORIENTED_EDGE('',*,*,#2414,.F.);
#1144=ORIENTED_EDGE('',*,*,#2415,.T.);
#1145=ORIENTED_EDGE('',*,*,#2412,.T.);
#1146=ORIENTED_EDGE('',*,*,#1961,.F.);
#1147=ORIENTED_EDGE('',*,*,#2416,.F.);
#1148=ORIENTED_EDGE('',*,*,#2417,.T.);
#1149=ORIENTED_EDGE('',*,*,#2414,.T.);
#1150=ORIENTED_EDGE('',*,*,#1960,.F.);
#1151=ORIENTED_EDGE('',*,*,#2418,.F.);
#1152=ORIENTED_EDGE('',*,*,#2419,.T.);
#1153=ORIENTED_EDGE('',*,*,#2416,.T.);
#1154=ORIENTED_EDGE('',*,*,#1959,.F.);
#1155=ORIENTED_EDGE('',*,*,#2420,.F.);
#1156=ORIENTED_EDGE('',*,*,#2421,.T.);
#1157=ORIENTED_EDGE('',*,*,#2418,.T.);
#1158=ORIENTED_EDGE('',*,*,#1958,.F.);
#1159=ORIENTED_EDGE('',*,*,#2422,.F.);
#1160=ORIENTED_EDGE('',*,*,#2423,.T.);
#1161=ORIENTED_EDGE('',*,*,#2420,.T.);
#1162=ORIENTED_EDGE('',*,*,#1957,.F.);
#1163=ORIENTED_EDGE('',*,*,#2424,.F.);
#1164=ORIENTED_EDGE('',*,*,#2425,.T.);
#1165=ORIENTED_EDGE('',*,*,#2422,.T.);
#1166=ORIENTED_EDGE('',*,*,#1956,.F.);
#1167=ORIENTED_EDGE('',*,*,#2426,.F.);
#1168=ORIENTED_EDGE('',*,*,#2427,.T.);
#1169=ORIENTED_EDGE('',*,*,#2424,.T.);
#1170=ORIENTED_EDGE('',*,*,#1955,.F.);
#1171=ORIENTED_EDGE('',*,*,#2428,.F.);
#1172=ORIENTED_EDGE('',*,*,#2429,.T.);
#1173=ORIENTED_EDGE('',*,*,#2426,.T.);
#1174=ORIENTED_EDGE('',*,*,#1954,.F.);
#1175=ORIENTED_EDGE('',*,*,#2430,.F.);
#1176=ORIENTED_EDGE('',*,*,#2431,.T.);
#1177=ORIENTED_EDGE('',*,*,#2428,.T.);
#1178=ORIENTED_EDGE('',*,*,#1953,.F.);
#1179=ORIENTED_EDGE('',*,*,#2432,.F.);
#1180=ORIENTED_EDGE('',*,*,#2433,.T.);
#1181=ORIENTED_EDGE('',*,*,#2430,.T.);
#1182=ORIENTED_EDGE('',*,*,#1952,.F.);
#1183=ORIENTED_EDGE('',*,*,#2434,.F.);
#1184=ORIENTED_EDGE('',*,*,#2435,.T.);
#1185=ORIENTED_EDGE('',*,*,#2432,.T.);
#1186=ORIENTED_EDGE('',*,*,#1951,.F.);
#1187=ORIENTED_EDGE('',*,*,#2436,.F.);
#1188=ORIENTED_EDGE('',*,*,#2437,.T.);
#1189=ORIENTED_EDGE('',*,*,#2434,.T.);
#1190=ORIENTED_EDGE('',*,*,#1950,.F.);
#1191=ORIENTED_EDGE('',*,*,#2438,.F.);
#1192=ORIENTED_EDGE('',*,*,#2439,.T.);
#1193=ORIENTED_EDGE('',*,*,#2436,.T.);
#1194=ORIENTED_EDGE('',*,*,#1949,.F.);
#1195=ORIENTED_EDGE('',*,*,#2440,.F.);
#1196=ORIENTED_EDGE('',*,*,#2441,.T.);
#1197=ORIENTED_EDGE('',*,*,#2438,.T.);
#1198=ORIENTED_EDGE('',*,*,#1948,.F.);
#1199=ORIENTED_EDGE('',*,*,#2442,.F.);
#1200=ORIENTED_EDGE('',*,*,#2443,.T.);
#1201=ORIENTED_EDGE('',*,*,#2440,.T.);
#1202=ORIENTED_EDGE('',*,*,#1947,.F.);
#1203=ORIENTED_EDGE('',*,*,#2444,.F.);
#1204=ORIENTED_EDGE('',*,*,#2445,.T.);
#1205=ORIENTED_EDGE('',*,*,#2442,.T.);
#1206=ORIENTED_EDGE('',*,*,#1946,.F.);
#1207=ORIENTED_EDGE('',*,*,#2401,.F.);
#1208=ORIENTED_EDGE('',*,*,#2446,.T.);
#1209=ORIENTED_EDGE('',*,*,#2444,.T.);
#1210=ORIENTED_EDGE('',*,*,#2400,.F.);
#1211=ORIENTED_EDGE('',*,*,#2403,.F.);
#1212=ORIENTED_EDGE('',*,*,#2405,.F.);
#1213=ORIENTED_EDGE('',*,*,#2407,.F.);
#1214=ORIENTED_EDGE('',*,*,#2409,.F.);
#1215=ORIENTED_EDGE('',*,*,#2411,.F.);
#1216=ORIENTED_EDGE('',*,*,#2413,.F.);
#1217=ORIENTED_EDGE('',*,*,#2415,.F.);
#1218=ORIENTED_EDGE('',*,*,#2417,.F.);
#1219=ORIENTED_EDGE('',*,*,#2419,.F.);
#1220=ORIENTED_EDGE('',*,*,#2421,.F.);
#1221=ORIENTED_EDGE('',*,*,#2423,.F.);
#1222=ORIENTED_EDGE('',*,*,#2425,.F.);
#1223=ORIENTED_EDGE('',*,*,#2427,.F.);
#1224=ORIENTED_EDGE('',*,*,#2429,.F.);
#1225=ORIENTED_EDGE('',*,*,#2431,.F.);
#1226=ORIENTED_EDGE('',*,*,#2433,.F.);
#1227=ORIENTED_EDGE('',*,*,#2435,.F.);
#1228=ORIENTED_EDGE('',*,*,#2437,.F.);
#1229=ORIENTED_EDGE('',*,*,#2439,.F.);
#1230=ORIENTED_EDGE('',*,*,#2441,.F.);
#1231=ORIENTED_EDGE('',*,*,#2443,.F.);
#1232=ORIENTED_EDGE('',*,*,#2445,.F.);
#1233=ORIENTED_EDGE('',*,*,#2446,.F.);
#1234=ORIENTED_EDGE('',*,*,#2447,.F.);
#1235=ORIENTED_EDGE('',*,*,#2448,.F.);
#1236=ORIENTED_EDGE('',*,*,#2449,.T.);
#1237=ORIENTED_EDGE('',*,*,#2450,.T.);
#1238=ORIENTED_EDGE('',*,*,#2451,.F.);
#1239=ORIENTED_EDGE('',*,*,#2452,.F.);
#1240=ORIENTED_EDGE('',*,*,#2453,.T.);
#1241=ORIENTED_EDGE('',*,*,#2448,.T.);
#1242=ORIENTED_EDGE('',*,*,#2454,.F.);
#1243=ORIENTED_EDGE('',*,*,#2455,.F.);
#1244=ORIENTED_EDGE('',*,*,#2456,.T.);
#1245=ORIENTED_EDGE('',*,*,#2452,.T.);
#1246=ORIENTED_EDGE('',*,*,#2006,.F.);
#1247=ORIENTED_EDGE('',*,*,#2457,.F.);
#1248=ORIENTED_EDGE('',*,*,#2458,.T.);
#1249=ORIENTED_EDGE('',*,*,#2459,.T.);
#1250=ORIENTED_EDGE('',*,*,#2005,.F.);
#1251=ORIENTED_EDGE('',*,*,#2460,.F.);
#1252=ORIENTED_EDGE('',*,*,#2461,.T.);
#1253=ORIENTED_EDGE('',*,*,#2457,.T.);
#1254=ORIENTED_EDGE('',*,*,#2012,.F.);
#1255=ORIENTED_EDGE('',*,*,#2462,.F.);
#1256=ORIENTED_EDGE('',*,*,#2463,.T.);
#1257=ORIENTED_EDGE('',*,*,#2460,.T.);
#1258=ORIENTED_EDGE('',*,*,#2011,.F.);
#1259=ORIENTED_EDGE('',*,*,#2464,.F.);
#1260=ORIENTED_EDGE('',*,*,#2465,.T.);
#1261=ORIENTED_EDGE('',*,*,#2462,.T.);
#1262=ORIENTED_EDGE('',*,*,#2010,.F.);
#1263=ORIENTED_EDGE('',*,*,#2466,.F.);
#1264=ORIENTED_EDGE('',*,*,#2467,.T.);
#1265=ORIENTED_EDGE('',*,*,#2464,.T.);
#1266=ORIENTED_EDGE('',*,*,#2009,.F.);
#1267=ORIENTED_EDGE('',*,*,#2468,.F.);
#1268=ORIENTED_EDGE('',*,*,#2469,.T.);
#1269=ORIENTED_EDGE('',*,*,#2466,.T.);
#1270=ORIENTED_EDGE('',*,*,#2008,.F.);
#1271=ORIENTED_EDGE('',*,*,#2470,.F.);
#1272=ORIENTED_EDGE('',*,*,#2471,.T.);
#1273=ORIENTED_EDGE('',*,*,#2468,.T.);
#1274=ORIENTED_EDGE('',*,*,#2007,.F.);
#1275=ORIENTED_EDGE('',*,*,#2459,.F.);
#1276=ORIENTED_EDGE('',*,*,#2472,.T.);
#1277=ORIENTED_EDGE('',*,*,#2470,.T.);
#1278=ORIENTED_EDGE('',*,*,#2473,.F.);
#1279=ORIENTED_EDGE('',*,*,#2450,.F.);
#1280=ORIENTED_EDGE('',*,*,#2474,.T.);
#1281=ORIENTED_EDGE('',*,*,#2455,.T.);
#1282=ORIENTED_EDGE('',*,*,#2458,.F.);
#1283=ORIENTED_EDGE('',*,*,#2461,.F.);
#1284=ORIENTED_EDGE('',*,*,#2463,.F.);
#1285=ORIENTED_EDGE('',*,*,#2465,.F.);
#1286=ORIENTED_EDGE('',*,*,#2467,.F.);
#1287=ORIENTED_EDGE('',*,*,#2469,.F.);
#1288=ORIENTED_EDGE('',*,*,#2471,.F.);
#1289=ORIENTED_EDGE('',*,*,#2472,.F.);
#1290=ORIENTED_EDGE('',*,*,#2449,.F.);
#1291=ORIENTED_EDGE('',*,*,#2453,.F.);
#1292=ORIENTED_EDGE('',*,*,#2456,.F.);
#1293=ORIENTED_EDGE('',*,*,#2474,.F.);
#1294=ORIENTED_EDGE('',*,*,#2475,.F.);
#1295=ORIENTED_EDGE('',*,*,#2476,.F.);
#1296=ORIENTED_EDGE('',*,*,#2477,.T.);
#1297=ORIENTED_EDGE('',*,*,#2478,.T.);
#1298=ORIENTED_EDGE('',*,*,#2479,.F.);
#1299=ORIENTED_EDGE('',*,*,#2480,.F.);
#1300=ORIENTED_EDGE('',*,*,#2481,.T.);
#1301=ORIENTED_EDGE('',*,*,#2476,.T.);
#1302=ORIENTED_EDGE('',*,*,#2482,.F.);
#1303=ORIENTED_EDGE('',*,*,#2483,.F.);
#1304=ORIENTED_EDGE('',*,*,#2484,.T.);
#1305=ORIENTED_EDGE('',*,*,#2480,.T.);
#1306=ORIENTED_EDGE('',*,*,#2485,.F.);
#1307=ORIENTED_EDGE('',*,*,#2486,.F.);
#1308=ORIENTED_EDGE('',*,*,#2487,.T.);
#1309=ORIENTED_EDGE('',*,*,#2483,.T.);
#1310=ORIENTED_EDGE('',*,*,#1938,.F.);
#1311=ORIENTED_EDGE('',*,*,#2488,.F.);
#1312=ORIENTED_EDGE('',*,*,#2489,.T.);
#1313=ORIENTED_EDGE('',*,*,#2490,.T.);
#1314=ORIENTED_EDGE('',*,*,#1937,.F.);
#1315=ORIENTED_EDGE('',*,*,#2491,.F.);
#1316=ORIENTED_EDGE('',*,*,#2492,.T.);
#1317=ORIENTED_EDGE('',*,*,#2488,.T.);
#1318=ORIENTED_EDGE('',*,*,#1943,.F.);
#1319=ORIENTED_EDGE('',*,*,#2493,.F.);
#1320=ORIENTED_EDGE('',*,*,#2494,.T.);
#1321=ORIENTED_EDGE('',*,*,#2491,.T.);
#1322=ORIENTED_EDGE('',*,*,#1942,.F.);
#1323=ORIENTED_EDGE('',*,*,#2495,.F.);
#1324=ORIENTED_EDGE('',*,*,#2496,.T.);
#1325=ORIENTED_EDGE('',*,*,#2493,.T.);
#1326=ORIENTED_EDGE('',*,*,#1941,.F.);
#1327=ORIENTED_EDGE('',*,*,#2497,.F.);
#1328=ORIENTED_EDGE('',*,*,#2498,.T.);
#1329=ORIENTED_EDGE('',*,*,#2495,.T.);
#1330=ORIENTED_EDGE('',*,*,#1940,.F.);
#1331=ORIENTED_EDGE('',*,*,#2499,.F.);
#1332=ORIENTED_EDGE('',*,*,#2500,.T.);
#1333=ORIENTED_EDGE('',*,*,#2497,.T.);
#1334=ORIENTED_EDGE('',*,*,#1939,.F.);
#1335=ORIENTED_EDGE('',*,*,#2490,.F.);
#1336=ORIENTED_EDGE('',*,*,#2501,.T.);
#1337=ORIENTED_EDGE('',*,*,#2499,.T.);
#1338=ORIENTED_EDGE('',*,*,#2502,.F.);
#1339=ORIENTED_EDGE('',*,*,#2478,.F.);
#1340=ORIENTED_EDGE('',*,*,#2503,.T.);
#1341=ORIENTED_EDGE('',*,*,#2486,.T.);
#1342=ORIENTED_EDGE('',*,*,#2489,.F.);
#1343=ORIENTED_EDGE('',*,*,#2492,.F.);
#1344=ORIENTED_EDGE('',*,*,#2494,.F.);
#1345=ORIENTED_EDGE('',*,*,#2496,.F.);
#1346=ORIENTED_EDGE('',*,*,#2498,.F.);
#1347=ORIENTED_EDGE('',*,*,#2500,.F.);
#1348=ORIENTED_EDGE('',*,*,#2501,.F.);
#1349=ORIENTED_EDGE('',*,*,#2477,.F.);
#1350=ORIENTED_EDGE('',*,*,#2481,.F.);
#1351=ORIENTED_EDGE('',*,*,#2484,.F.);
#1352=ORIENTED_EDGE('',*,*,#2487,.F.);
#1353=ORIENTED_EDGE('',*,*,#2503,.F.);
#1354=ORIENTED_EDGE('',*,*,#2504,.F.);
#1355=ORIENTED_EDGE('',*,*,#2505,.F.);
#1356=ORIENTED_EDGE('',*,*,#2506,.T.);
#1357=ORIENTED_EDGE('',*,*,#2507,.T.);
#1358=ORIENTED_EDGE('',*,*,#2508,.F.);
#1359=ORIENTED_EDGE('',*,*,#2509,.F.);
#1360=ORIENTED_EDGE('',*,*,#2510,.T.);
#1361=ORIENTED_EDGE('',*,*,#2505,.T.);
#1362=ORIENTED_EDGE('',*,*,#2511,.F.);
#1363=ORIENTED_EDGE('',*,*,#2512,.F.);
#1364=ORIENTED_EDGE('',*,*,#2513,.T.);
#1365=ORIENTED_EDGE('',*,*,#2509,.T.);
#1366=ORIENTED_EDGE('',*,*,#2514,.F.);
#1367=ORIENTED_EDGE('',*,*,#2515,.F.);
#1368=ORIENTED_EDGE('',*,*,#2516,.T.);
#1369=ORIENTED_EDGE('',*,*,#2512,.T.);
#1370=ORIENTED_EDGE('',*,*,#2517,.F.);
#1371=ORIENTED_EDGE('',*,*,#2518,.F.);
#1372=ORIENTED_EDGE('',*,*,#2519,.T.);
#1373=ORIENTED_EDGE('',*,*,#2515,.T.);
#1374=ORIENTED_EDGE('',*,*,#2520,.F.);
#1375=ORIENTED_EDGE('',*,*,#2521,.F.);
#1376=ORIENTED_EDGE('',*,*,#2522,.T.);
#1377=ORIENTED_EDGE('',*,*,#2523,.T.);
#1378=ORIENTED_EDGE('',*,*,#2524,.F.);
#1379=ORIENTED_EDGE('',*,*,#2525,.F.);
#1380=ORIENTED_EDGE('',*,*,#2526,.T.);
#1381=ORIENTED_EDGE('',*,*,#2521,.T.);
#1382=ORIENTED_EDGE('',*,*,#2527,.F.);
#1383=ORIENTED_EDGE('',*,*,#2528,.F.);
#1384=ORIENTED_EDGE('',*,*,#2529,.T.);
#1385=ORIENTED_EDGE('',*,*,#2525,.T.);
#1386=ORIENTED_EDGE('',*,*,#2530,.F.);
#1387=ORIENTED_EDGE('',*,*,#2531,.F.);
#1388=ORIENTED_EDGE('',*,*,#2532,.T.);
#1389=ORIENTED_EDGE('',*,*,#2528,.T.);
#1390=ORIENTED_EDGE('',*,*,#2533,.F.);
#1391=ORIENTED_EDGE('',*,*,#2534,.F.);
#1392=ORIENTED_EDGE('',*,*,#2535,.T.);
#1393=ORIENTED_EDGE('',*,*,#2531,.T.);
#1394=ORIENTED_EDGE('',*,*,#2536,.F.);
#1395=ORIENTED_EDGE('',*,*,#2537,.F.);
#1396=ORIENTED_EDGE('',*,*,#2538,.T.);
#1397=ORIENTED_EDGE('',*,*,#2534,.T.);
#1398=ORIENTED_EDGE('',*,*,#2014,.F.);
#1399=ORIENTED_EDGE('',*,*,#2539,.F.);
#1400=ORIENTED_EDGE('',*,*,#2540,.T.);
#1401=ORIENTED_EDGE('',*,*,#2541,.T.);
#1402=ORIENTED_EDGE('',*,*,#2013,.F.);
#1403=ORIENTED_EDGE('',*,*,#2542,.F.);
#1404=ORIENTED_EDGE('',*,*,#2543,.T.);
#1405=ORIENTED_EDGE('',*,*,#2539,.T.);
#1406=ORIENTED_EDGE('',*,*,#2024,.F.);
#1407=ORIENTED_EDGE('',*,*,#2544,.F.);
#1408=ORIENTED_EDGE('',*,*,#2545,.T.);
#1409=ORIENTED_EDGE('',*,*,#2542,.T.);
#1410=ORIENTED_EDGE('',*,*,#2023,.F.);
#1411=ORIENTED_EDGE('',*,*,#2546,.F.);
#1412=ORIENTED_EDGE('',*,*,#2547,.T.);
#1413=ORIENTED_EDGE('',*,*,#2544,.T.);
#1414=ORIENTED_EDGE('',*,*,#2022,.F.);
#1415=ORIENTED_EDGE('',*,*,#2548,.F.);
#1416=ORIENTED_EDGE('',*,*,#2549,.T.);
#1417=ORIENTED_EDGE('',*,*,#2546,.T.);
#1418=ORIENTED_EDGE('',*,*,#2021,.F.);
#1419=ORIENTED_EDGE('',*,*,#2550,.F.);
#1420=ORIENTED_EDGE('',*,*,#2551,.T.);
#1421=ORIENTED_EDGE('',*,*,#2548,.T.);
#1422=ORIENTED_EDGE('',*,*,#2020,.F.);
#1423=ORIENTED_EDGE('',*,*,#2552,.F.);
#1424=ORIENTED_EDGE('',*,*,#2553,.T.);
#1425=ORIENTED_EDGE('',*,*,#2550,.T.);
#1426=ORIENTED_EDGE('',*,*,#2019,.F.);
#1427=ORIENTED_EDGE('',*,*,#2554,.F.);
#1428=ORIENTED_EDGE('',*,*,#2555,.T.);
#1429=ORIENTED_EDGE('',*,*,#2552,.T.);
#1430=ORIENTED_EDGE('',*,*,#2018,.F.);
#1431=ORIENTED_EDGE('',*,*,#2556,.F.);
#1432=ORIENTED_EDGE('',*,*,#2557,.T.);
#1433=ORIENTED_EDGE('',*,*,#2554,.T.);
#1434=ORIENTED_EDGE('',*,*,#2017,.F.);
#1435=ORIENTED_EDGE('',*,*,#2558,.F.);
#1436=ORIENTED_EDGE('',*,*,#2559,.T.);
#1437=ORIENTED_EDGE('',*,*,#2556,.T.);
#1438=ORIENTED_EDGE('',*,*,#2016,.F.);
#1439=ORIENTED_EDGE('',*,*,#2560,.F.);
#1440=ORIENTED_EDGE('',*,*,#2561,.T.);
#1441=ORIENTED_EDGE('',*,*,#2558,.T.);
#1442=ORIENTED_EDGE('',*,*,#2562,.F.);
#1443=ORIENTED_EDGE('',*,*,#2523,.F.);
#1444=ORIENTED_EDGE('',*,*,#2563,.T.);
#1445=ORIENTED_EDGE('',*,*,#2537,.T.);
#1446=ORIENTED_EDGE('',*,*,#2015,.F.);
#1447=ORIENTED_EDGE('',*,*,#2541,.F.);
#1448=ORIENTED_EDGE('',*,*,#2564,.T.);
#1449=ORIENTED_EDGE('',*,*,#2560,.T.);
#1450=ORIENTED_EDGE('',*,*,#2565,.F.);
#1451=ORIENTED_EDGE('',*,*,#2507,.F.);
#1452=ORIENTED_EDGE('',*,*,#2566,.T.);
#1453=ORIENTED_EDGE('',*,*,#2518,.T.);
#1454=ORIENTED_EDGE('',*,*,#2540,.F.);
#1455=ORIENTED_EDGE('',*,*,#2543,.F.);
#1456=ORIENTED_EDGE('',*,*,#2545,.F.);
#1457=ORIENTED_EDGE('',*,*,#2547,.F.);
#1458=ORIENTED_EDGE('',*,*,#2549,.F.);
#1459=ORIENTED_EDGE('',*,*,#2551,.F.);
#1460=ORIENTED_EDGE('',*,*,#2553,.F.);
#1461=ORIENTED_EDGE('',*,*,#2555,.F.);
#1462=ORIENTED_EDGE('',*,*,#2557,.F.);
#1463=ORIENTED_EDGE('',*,*,#2559,.F.);
#1464=ORIENTED_EDGE('',*,*,#2561,.F.);
#1465=ORIENTED_EDGE('',*,*,#2564,.F.);
#1466=ORIENTED_EDGE('',*,*,#2522,.F.);
#1467=ORIENTED_EDGE('',*,*,#2526,.F.);
#1468=ORIENTED_EDGE('',*,*,#2529,.F.);
#1469=ORIENTED_EDGE('',*,*,#2532,.F.);
#1470=ORIENTED_EDGE('',*,*,#2535,.F.);
#1471=ORIENTED_EDGE('',*,*,#2538,.F.);
#1472=ORIENTED_EDGE('',*,*,#2563,.F.);
#1473=ORIENTED_EDGE('',*,*,#2506,.F.);
#1474=ORIENTED_EDGE('',*,*,#2510,.F.);
#1475=ORIENTED_EDGE('',*,*,#2513,.F.);
#1476=ORIENTED_EDGE('',*,*,#2516,.F.);
#1477=ORIENTED_EDGE('',*,*,#2519,.F.);
#1478=ORIENTED_EDGE('',*,*,#2566,.F.);
#1479=ORIENTED_EDGE('',*,*,#2524,.T.);
#1480=ORIENTED_EDGE('',*,*,#2520,.T.);
#1481=ORIENTED_EDGE('',*,*,#2562,.T.);
#1482=ORIENTED_EDGE('',*,*,#2536,.T.);
#1483=ORIENTED_EDGE('',*,*,#2533,.T.);
#1484=ORIENTED_EDGE('',*,*,#2530,.T.);
#1485=ORIENTED_EDGE('',*,*,#2527,.T.);
#1486=ORIENTED_EDGE('',*,*,#2026,.F.);
#1487=ORIENTED_EDGE('',*,*,#2567,.F.);
#1488=ORIENTED_EDGE('',*,*,#2568,.T.);
#1489=ORIENTED_EDGE('',*,*,#2569,.T.);
#1490=ORIENTED_EDGE('',*,*,#2025,.F.);
#1491=ORIENTED_EDGE('',*,*,#2570,.F.);
#1492=ORIENTED_EDGE('',*,*,#2571,.T.);
#1493=ORIENTED_EDGE('',*,*,#2567,.T.);
#1494=ORIENTED_EDGE('',*,*,#2036,.F.);
#1495=ORIENTED_EDGE('',*,*,#2572,.F.);
#1496=ORIENTED_EDGE('',*,*,#2573,.T.);
#1497=ORIENTED_EDGE('',*,*,#2570,.T.);
#1498=ORIENTED_EDGE('',*,*,#2035,.F.);
#1499=ORIENTED_EDGE('',*,*,#2574,.F.);
#1500=ORIENTED_EDGE('',*,*,#2575,.T.);
#1501=ORIENTED_EDGE('',*,*,#2572,.T.);
#1502=ORIENTED_EDGE('',*,*,#2034,.F.);
#1503=ORIENTED_EDGE('',*,*,#2576,.F.);
#1504=ORIENTED_EDGE('',*,*,#2577,.T.);
#1505=ORIENTED_EDGE('',*,*,#2574,.T.);
#1506=ORIENTED_EDGE('',*,*,#2033,.F.);
#1507=ORIENTED_EDGE('',*,*,#2578,.F.);
#1508=ORIENTED_EDGE('',*,*,#2579,.T.);
#1509=ORIENTED_EDGE('',*,*,#2576,.T.);
#1510=ORIENTED_EDGE('',*,*,#2032,.F.);
#1511=ORIENTED_EDGE('',*,*,#2580,.F.);
#1512=ORIENTED_EDGE('',*,*,#2581,.T.);
#1513=ORIENTED_EDGE('',*,*,#2578,.T.);
#1514=ORIENTED_EDGE('',*,*,#2031,.F.);
#1515=ORIENTED_EDGE('',*,*,#2582,.F.);
#1516=ORIENTED_EDGE('',*,*,#2583,.T.);
#1517=ORIENTED_EDGE('',*,*,#2580,.T.);
#1518=ORIENTED_EDGE('',*,*,#2030,.F.);
#1519=ORIENTED_EDGE('',*,*,#2584,.F.);
#1520=ORIENTED_EDGE('',*,*,#2585,.T.);
#1521=ORIENTED_EDGE('',*,*,#2582,.T.);
#1522=ORIENTED_EDGE('',*,*,#2029,.F.);
#1523=ORIENTED_EDGE('',*,*,#2586,.F.);
#1524=ORIENTED_EDGE('',*,*,#2587,.T.);
#1525=ORIENTED_EDGE('',*,*,#2584,.T.);
#1526=ORIENTED_EDGE('',*,*,#2028,.F.);
#1527=ORIENTED_EDGE('',*,*,#2588,.F.);
#1528=ORIENTED_EDGE('',*,*,#2589,.T.);
#1529=ORIENTED_EDGE('',*,*,#2586,.T.);
#1530=ORIENTED_EDGE('',*,*,#2027,.F.);
#1531=ORIENTED_EDGE('',*,*,#2569,.F.);
#1532=ORIENTED_EDGE('',*,*,#2590,.T.);
#1533=ORIENTED_EDGE('',*,*,#2588,.T.);
#1534=ORIENTED_EDGE('',*,*,#2568,.F.);
#1535=ORIENTED_EDGE('',*,*,#2571,.F.);
#1536=ORIENTED_EDGE('',*,*,#2573,.F.);
#1537=ORIENTED_EDGE('',*,*,#2575,.F.);
#1538=ORIENTED_EDGE('',*,*,#2577,.F.);
#1539=ORIENTED_EDGE('',*,*,#2579,.F.);
#1540=ORIENTED_EDGE('',*,*,#2581,.F.);
#1541=ORIENTED_EDGE('',*,*,#2583,.F.);
#1542=ORIENTED_EDGE('',*,*,#2585,.F.);
#1543=ORIENTED_EDGE('',*,*,#2587,.F.);
#1544=ORIENTED_EDGE('',*,*,#2589,.F.);
#1545=ORIENTED_EDGE('',*,*,#2590,.F.);
#1546=ORIENTED_EDGE('',*,*,#2038,.F.);
#1547=ORIENTED_EDGE('',*,*,#2591,.F.);
#1548=ORIENTED_EDGE('',*,*,#2592,.T.);
#1549=ORIENTED_EDGE('',*,*,#2593,.T.);
#1550=ORIENTED_EDGE('',*,*,#2037,.F.);
#1551=ORIENTED_EDGE('',*,*,#2594,.F.);
#1552=ORIENTED_EDGE('',*,*,#2595,.T.);
#1553=ORIENTED_EDGE('',*,*,#2591,.T.);
#1554=ORIENTED_EDGE('',*,*,#2055,.F.);
#1555=ORIENTED_EDGE('',*,*,#2596,.F.);
#1556=ORIENTED_EDGE('',*,*,#2597,.T.);
#1557=ORIENTED_EDGE('',*,*,#2594,.T.);
#1558=ORIENTED_EDGE('',*,*,#2054,.F.);
#1559=ORIENTED_EDGE('',*,*,#2598,.F.);
#1560=ORIENTED_EDGE('',*,*,#2599,.T.);
#1561=ORIENTED_EDGE('',*,*,#2596,.T.);
#1562=ORIENTED_EDGE('',*,*,#2053,.F.);
#1563=ORIENTED_EDGE('',*,*,#2600,.F.);
#1564=ORIENTED_EDGE('',*,*,#2601,.T.);
#1565=ORIENTED_EDGE('',*,*,#2598,.T.);
#1566=ORIENTED_EDGE('',*,*,#2052,.F.);
#1567=ORIENTED_EDGE('',*,*,#2602,.F.);
#1568=ORIENTED_EDGE('',*,*,#2603,.T.);
#1569=ORIENTED_EDGE('',*,*,#2600,.T.);
#1570=ORIENTED_EDGE('',*,*,#2051,.F.);
#1571=ORIENTED_EDGE('',*,*,#2604,.F.);
#1572=ORIENTED_EDGE('',*,*,#2605,.T.);
#1573=ORIENTED_EDGE('',*,*,#2602,.T.);
#1574=ORIENTED_EDGE('',*,*,#2050,.F.);
#1575=ORIENTED_EDGE('',*,*,#2606,.F.);
#1576=ORIENTED_EDGE('',*,*,#2607,.T.);
#1577=ORIENTED_EDGE('',*,*,#2604,.T.);
#1578=ORIENTED_EDGE('',*,*,#2049,.F.);
#1579=ORIENTED_EDGE('',*,*,#2608,.F.);
#1580=ORIENTED_EDGE('',*,*,#2609,.T.);
#1581=ORIENTED_EDGE('',*,*,#2606,.T.);
#1582=ORIENTED_EDGE('',*,*,#2048,.F.);
#1583=ORIENTED_EDGE('',*,*,#2610,.F.);
#1584=ORIENTED_EDGE('',*,*,#2611,.T.);
#1585=ORIENTED_EDGE('',*,*,#2608,.T.);
#1586=ORIENTED_EDGE('',*,*,#2047,.F.);
#1587=ORIENTED_EDGE('',*,*,#2612,.F.);
#1588=ORIENTED_EDGE('',*,*,#2613,.T.);
#1589=ORIENTED_EDGE('',*,*,#2610,.T.);
#1590=ORIENTED_EDGE('',*,*,#2046,.F.);
#1591=ORIENTED_EDGE('',*,*,#2614,.F.);
#1592=ORIENTED_EDGE('',*,*,#2615,.T.);
#1593=ORIENTED_EDGE('',*,*,#2612,.T.);
#1594=ORIENTED_EDGE('',*,*,#2045,.F.);
#1595=ORIENTED_EDGE('',*,*,#2616,.F.);
#1596=ORIENTED_EDGE('',*,*,#2617,.T.);
#1597=ORIENTED_EDGE('',*,*,#2614,.T.);
#1598=ORIENTED_EDGE('',*,*,#2044,.F.);
#1599=ORIENTED_EDGE('',*,*,#2618,.F.);
#1600=ORIENTED_EDGE('',*,*,#2619,.T.);
#1601=ORIENTED_EDGE('',*,*,#2616,.T.);
#1602=ORIENTED_EDGE('',*,*,#2043,.F.);
#1603=ORIENTED_EDGE('',*,*,#2620,.F.);
#1604=ORIENTED_EDGE('',*,*,#2621,.T.);
#1605=ORIENTED_EDGE('',*,*,#2618,.T.);
#1606=ORIENTED_EDGE('',*,*,#2042,.F.);
#1607=ORIENTED_EDGE('',*,*,#2622,.F.);
#1608=ORIENTED_EDGE('',*,*,#2623,.T.);
#1609=ORIENTED_EDGE('',*,*,#2620,.T.);
#1610=ORIENTED_EDGE('',*,*,#2041,.F.);
#1611=ORIENTED_EDGE('',*,*,#2624,.F.);
#1612=ORIENTED_EDGE('',*,*,#2625,.T.);
#1613=ORIENTED_EDGE('',*,*,#2622,.T.);
#1614=ORIENTED_EDGE('',*,*,#2040,.F.);
#1615=ORIENTED_EDGE('',*,*,#2626,.F.);
#1616=ORIENTED_EDGE('',*,*,#2627,.T.);
#1617=ORIENTED_EDGE('',*,*,#2624,.T.);
#1618=ORIENTED_EDGE('',*,*,#2039,.F.);
#1619=ORIENTED_EDGE('',*,*,#2593,.F.);
#1620=ORIENTED_EDGE('',*,*,#2628,.T.);
#1621=ORIENTED_EDGE('',*,*,#2626,.T.);
#1622=ORIENTED_EDGE('',*,*,#2592,.F.);
#1623=ORIENTED_EDGE('',*,*,#2595,.F.);
#1624=ORIENTED_EDGE('',*,*,#2597,.F.);
#1625=ORIENTED_EDGE('',*,*,#2599,.F.);
#1626=ORIENTED_EDGE('',*,*,#2601,.F.);
#1627=ORIENTED_EDGE('',*,*,#2603,.F.);
#1628=ORIENTED_EDGE('',*,*,#2605,.F.);
#1629=ORIENTED_EDGE('',*,*,#2607,.F.);
#1630=ORIENTED_EDGE('',*,*,#2609,.F.);
#1631=ORIENTED_EDGE('',*,*,#2611,.F.);
#1632=ORIENTED_EDGE('',*,*,#2613,.F.);
#1633=ORIENTED_EDGE('',*,*,#2615,.F.);
#1634=ORIENTED_EDGE('',*,*,#2617,.F.);
#1635=ORIENTED_EDGE('',*,*,#2619,.F.);
#1636=ORIENTED_EDGE('',*,*,#2621,.F.);
#1637=ORIENTED_EDGE('',*,*,#2623,.F.);
#1638=ORIENTED_EDGE('',*,*,#2625,.F.);
#1639=ORIENTED_EDGE('',*,*,#2627,.F.);
#1640=ORIENTED_EDGE('',*,*,#2628,.F.);
#1641=ORIENTED_EDGE('',*,*,#2057,.F.);
#1642=ORIENTED_EDGE('',*,*,#2629,.F.);
#1643=ORIENTED_EDGE('',*,*,#2630,.T.);
#1644=ORIENTED_EDGE('',*,*,#2631,.T.);
#1645=ORIENTED_EDGE('',*,*,#2056,.F.);
#1646=ORIENTED_EDGE('',*,*,#2632,.F.);
#1647=ORIENTED_EDGE('',*,*,#2633,.T.);
#1648=ORIENTED_EDGE('',*,*,#2629,.T.);
#1649=ORIENTED_EDGE('',*,*,#2065,.F.);
#1650=ORIENTED_EDGE('',*,*,#2634,.F.);
#1651=ORIENTED_EDGE('',*,*,#2635,.T.);
#1652=ORIENTED_EDGE('',*,*,#2632,.T.);
#1653=ORIENTED_EDGE('',*,*,#2064,.F.);
#1654=ORIENTED_EDGE('',*,*,#2636,.F.);
#1655=ORIENTED_EDGE('',*,*,#2637,.T.);
#1656=ORIENTED_EDGE('',*,*,#2634,.T.);
#1657=ORIENTED_EDGE('',*,*,#2063,.F.);
#1658=ORIENTED_EDGE('',*,*,#2638,.F.);
#1659=ORIENTED_EDGE('',*,*,#2639,.T.);
#1660=ORIENTED_EDGE('',*,*,#2636,.T.);
#1661=ORIENTED_EDGE('',*,*,#2062,.F.);
#1662=ORIENTED_EDGE('',*,*,#2640,.F.);
#1663=ORIENTED_EDGE('',*,*,#2641,.T.);
#1664=ORIENTED_EDGE('',*,*,#2638,.T.);
#1665=ORIENTED_EDGE('',*,*,#2061,.F.);
#1666=ORIENTED_EDGE('',*,*,#2642,.F.);
#1667=ORIENTED_EDGE('',*,*,#2643,.T.);
#1668=ORIENTED_EDGE('',*,*,#2640,.T.);
#1669=ORIENTED_EDGE('',*,*,#2060,.F.);
#1670=ORIENTED_EDGE('',*,*,#2644,.F.);
#1671=ORIENTED_EDGE('',*,*,#2645,.T.);
#1672=ORIENTED_EDGE('',*,*,#2642,.T.);
#1673=ORIENTED_EDGE('',*,*,#2059,.F.);
#1674=ORIENTED_EDGE('',*,*,#2646,.F.);
#1675=ORIENTED_EDGE('',*,*,#2647,.T.);
#1676=ORIENTED_EDGE('',*,*,#2644,.T.);
#1677=ORIENTED_EDGE('',*,*,#2058,.F.);
#1678=ORIENTED_EDGE('',*,*,#2631,.F.);
#1679=ORIENTED_EDGE('',*,*,#2648,.T.);
#1680=ORIENTED_EDGE('',*,*,#2646,.T.);
#1681=ORIENTED_EDGE('',*,*,#2630,.F.);
#1682=ORIENTED_EDGE('',*,*,#2633,.F.);
#1683=ORIENTED_EDGE('',*,*,#2635,.F.);
#1684=ORIENTED_EDGE('',*,*,#2637,.F.);
#1685=ORIENTED_EDGE('',*,*,#2639,.F.);
#1686=ORIENTED_EDGE('',*,*,#2641,.F.);
#1687=ORIENTED_EDGE('',*,*,#2643,.F.);
#1688=ORIENTED_EDGE('',*,*,#2645,.F.);
#1689=ORIENTED_EDGE('',*,*,#2647,.F.);
#1690=ORIENTED_EDGE('',*,*,#2648,.F.);
#1691=ORIENTED_EDGE('',*,*,#2067,.F.);
#1692=ORIENTED_EDGE('',*,*,#2649,.F.);
#1693=ORIENTED_EDGE('',*,*,#2650,.T.);
#1694=ORIENTED_EDGE('',*,*,#2651,.T.);
#1695=ORIENTED_EDGE('',*,*,#2066,.F.);
#1696=ORIENTED_EDGE('',*,*,#2652,.F.);
#1697=ORIENTED_EDGE('',*,*,#2653,.T.);
#1698=ORIENTED_EDGE('',*,*,#2649,.T.);
#1699=ORIENTED_EDGE('',*,*,#2077,.F.);
#1700=ORIENTED_EDGE('',*,*,#2654,.F.);
#1701=ORIENTED_EDGE('',*,*,#2655,.T.);
#1702=ORIENTED_EDGE('',*,*,#2652,.T.);
#1703=ORIENTED_EDGE('',*,*,#2076,.F.);
#1704=ORIENTED_EDGE('',*,*,#2656,.F.);
#1705=ORIENTED_EDGE('',*,*,#2657,.T.);
#1706=ORIENTED_EDGE('',*,*,#2654,.T.);
#1707=ORIENTED_EDGE('',*,*,#2075,.F.);
#1708=ORIENTED_EDGE('',*,*,#2658,.F.);
#1709=ORIENTED_EDGE('',*,*,#2659,.T.);
#1710=ORIENTED_EDGE('',*,*,#2656,.T.);
#1711=ORIENTED_EDGE('',*,*,#2074,.F.);
#1712=ORIENTED_EDGE('',*,*,#2660,.F.);
#1713=ORIENTED_EDGE('',*,*,#2661,.T.);
#1714=ORIENTED_EDGE('',*,*,#2658,.T.);
#1715=ORIENTED_EDGE('',*,*,#2073,.F.);
#1716=ORIENTED_EDGE('',*,*,#2662,.F.);
#1717=ORIENTED_EDGE('',*,*,#2663,.T.);
#1718=ORIENTED_EDGE('',*,*,#2660,.T.);
#1719=ORIENTED_EDGE('',*,*,#2072,.F.);
#1720=ORIENTED_EDGE('',*,*,#2664,.F.);
#1721=ORIENTED_EDGE('',*,*,#2665,.T.);
#1722=ORIENTED_EDGE('',*,*,#2662,.T.);
#1723=ORIENTED_EDGE('',*,*,#2071,.F.);
#1724=ORIENTED_EDGE('',*,*,#2666,.F.);
#1725=ORIENTED_EDGE('',*,*,#2667,.T.);
#1726=ORIENTED_EDGE('',*,*,#2664,.T.);
#1727=ORIENTED_EDGE('',*,*,#2070,.F.);
#1728=ORIENTED_EDGE('',*,*,#2668,.F.);
#1729=ORIENTED_EDGE('',*,*,#2669,.T.);
#1730=ORIENTED_EDGE('',*,*,#2666,.T.);
#1731=ORIENTED_EDGE('',*,*,#2069,.F.);
#1732=ORIENTED_EDGE('',*,*,#2670,.F.);
#1733=ORIENTED_EDGE('',*,*,#2671,.T.);
#1734=ORIENTED_EDGE('',*,*,#2668,.T.);
#1735=ORIENTED_EDGE('',*,*,#2068,.F.);
#1736=ORIENTED_EDGE('',*,*,#2651,.F.);
#1737=ORIENTED_EDGE('',*,*,#2672,.T.);
#1738=ORIENTED_EDGE('',*,*,#2670,.T.);
#1739=ORIENTED_EDGE('',*,*,#2650,.F.);
#1740=ORIENTED_EDGE('',*,*,#2653,.F.);
#1741=ORIENTED_EDGE('',*,*,#2655,.F.);
#1742=ORIENTED_EDGE('',*,*,#2657,.F.);
#1743=ORIENTED_EDGE('',*,*,#2659,.F.);
#1744=ORIENTED_EDGE('',*,*,#2661,.F.);
#1745=ORIENTED_EDGE('',*,*,#2663,.F.);
#1746=ORIENTED_EDGE('',*,*,#2665,.F.);
#1747=ORIENTED_EDGE('',*,*,#2667,.F.);
#1748=ORIENTED_EDGE('',*,*,#2669,.F.);
#1749=ORIENTED_EDGE('',*,*,#2671,.F.);
#1750=ORIENTED_EDGE('',*,*,#2672,.F.);
#1751=ORIENTED_EDGE('',*,*,#2451,.T.);
#1752=ORIENTED_EDGE('',*,*,#2447,.T.);
#1753=ORIENTED_EDGE('',*,*,#2473,.T.);
#1754=ORIENTED_EDGE('',*,*,#2454,.T.);
#1755=ORIENTED_EDGE('',*,*,#2479,.T.);
#1756=ORIENTED_EDGE('',*,*,#2475,.T.);
#1757=ORIENTED_EDGE('',*,*,#2502,.T.);
#1758=ORIENTED_EDGE('',*,*,#2485,.T.);
#1759=ORIENTED_EDGE('',*,*,#2482,.T.);
#1760=ORIENTED_EDGE('',*,*,#2508,.T.);
#1761=ORIENTED_EDGE('',*,*,#2504,.T.);
#1762=ORIENTED_EDGE('',*,*,#2565,.T.);
#1763=ORIENTED_EDGE('',*,*,#2517,.T.);
#1764=ORIENTED_EDGE('',*,*,#2514,.T.);
#1765=ORIENTED_EDGE('',*,*,#2511,.T.);
#1766=ORIENTED_EDGE('',*,*,#2157,.T.);
#1767=ORIENTED_EDGE('',*,*,#2673,.T.);
#1768=ORIENTED_EDGE('',*,*,#2128,.T.);
#1769=ORIENTED_EDGE('',*,*,#2674,.T.);
#1770=ORIENTED_EDGE('',*,*,#2155,.F.);
#1771=ORIENTED_EDGE('',*,*,#2675,.T.);
#1772=ORIENTED_EDGE('',*,*,#2130,.F.);
#1773=ORIENTED_EDGE('',*,*,#2676,.T.);
#1774=ORIENTED_EDGE('',*,*,#2159,.T.);
#1775=ORIENTED_EDGE('',*,*,#2677,.T.);
#1776=ORIENTED_EDGE('',*,*,#2149,.T.);
#1777=ORIENTED_EDGE('',*,*,#2678,.T.);
#1778=ORIENTED_EDGE('',*,*,#2280,.F.);
#1779=ORIENTED_EDGE('',*,*,#2198,.F.);
#1780=ORIENTED_EDGE('',*,*,#2140,.F.);
#1781=ORIENTED_EDGE('',*,*,#2206,.F.);
#1782=ORIENTED_EDGE('',*,*,#2248,.F.);
#1783=ORIENTED_EDGE('',*,*,#2201,.F.);
#1784=ORIENTED_EDGE('',*,*,#2679,.F.);
#1785=ORIENTED_EDGE('',*,*,#2261,.F.);
#1786=ORIENTED_EDGE('',*,*,#2255,.F.);
#1787=ORIENTED_EDGE('',*,*,#2263,.F.);
#1788=ORIENTED_EDGE('',*,*,#2680,.F.);
#1789=ORIENTED_EDGE('',*,*,#2213,.F.);
#1790=ORIENTED_EDGE('',*,*,#2679,.T.);
#1791=ORIENTED_EDGE('',*,*,#2154,.F.);
#1792=ORIENTED_EDGE('',*,*,#2680,.T.);
#1793=ORIENTED_EDGE('',*,*,#2262,.F.);
#1794=ORIENTED_EDGE('',*,*,#2228,.F.);
#1795=ORIENTED_EDGE('',*,*,#2275,.F.);
#1796=ORIENTED_EDGE('',*,*,#2681,.F.);
#1797=ORIENTED_EDGE('',*,*,#2216,.F.);
#1798=ORIENTED_EDGE('',*,*,#2138,.F.);
#1799=ORIENTED_EDGE('',*,*,#2217,.F.);
#1800=ORIENTED_EDGE('',*,*,#2682,.F.);
#1801=ORIENTED_EDGE('',*,*,#2207,.F.);
#1802=ORIENTED_EDGE('',*,*,#2682,.T.);
#1803=ORIENTED_EDGE('',*,*,#2681,.T.);
#1804=ORIENTED_EDGE('',*,*,#2683,.F.);
#1805=ORIENTED_EDGE('',*,*,#2683,.T.);
#1806=ORIENTED_EDGE('',*,*,#2274,.F.);
#1807=ORIENTED_EDGE('',*,*,#2237,.F.);
#1808=ORIENTED_EDGE('',*,*,#2208,.F.);
#1809=ORIENTED_EDGE('',*,*,#2234,.F.);
#1810=ORIENTED_EDGE('',*,*,#2684,.T.);
#1811=ORIENTED_EDGE('',*,*,#2235,.F.);
#1812=ORIENTED_EDGE('',*,*,#2079,.F.);
#1813=ORIENTED_EDGE('',*,*,#2081,.F.);
#1814=ORIENTED_EDGE('',*,*,#2239,.F.);
#1815=ORIENTED_EDGE('',*,*,#2278,.F.);
#1816=ORIENTED_EDGE('',*,*,#2268,.F.);
#1817=ORIENTED_EDGE('',*,*,#1994,.F.);
#1818=ORIENTED_EDGE('',*,*,#2266,.F.);
#1819=ORIENTED_EDGE('',*,*,#2256,.F.);
#1820=ORIENTED_EDGE('',*,*,#2253,.F.);
#1821=ORIENTED_EDGE('',*,*,#2083,.F.);
#1822=ORIENTED_EDGE('',*,*,#2270,.F.);
#1823=ORIENTED_EDGE('',*,*,#2277,.F.);
#1824=ORIENTED_EDGE('',*,*,#2271,.F.);
#1825=ORIENTED_EDGE('',*,*,#2085,.F.);
#1826=ORIENTED_EDGE('',*,*,#2273,.F.);
#1827=ORIENTED_EDGE('',*,*,#2276,.F.);
#1828=ORIENTED_EDGE('',*,*,#2226,.F.);
#1829=ORIENTED_EDGE('',*,*,#2004,.F.);
#1830=ORIENTED_EDGE('',*,*,#2264,.F.);
#1831=ORIENTED_EDGE('',*,*,#2258,.F.);
#1832=ORIENTED_EDGE('',*,*,#2267,.F.);
#1833=ORIENTED_EDGE('',*,*,#2002,.F.);
#1834=ORIENTED_EDGE('',*,*,#2250,.F.);
#1835=ORIENTED_EDGE('',*,*,#2260,.F.);
#1836=ORIENTED_EDGE('',*,*,#2265,.F.);
#1837=ORIENTED_EDGE('',*,*,#2231,.F.);
#1838=ORIENTED_EDGE('',*,*,#2685,.T.);
#1839=ORIENTED_EDGE('',*,*,#2232,.F.);
#1840=ORIENTED_EDGE('',*,*,#2089,.F.);
#1841=ORIENTED_EDGE('',*,*,#2252,.F.);
#1842=ORIENTED_EDGE('',*,*,#2686,.T.);
#1843=ORIENTED_EDGE('',*,*,#2240,.F.);
#1844=ORIENTED_EDGE('',*,*,#1996,.F.);
#1845=ORIENTED_EDGE('',*,*,#2225,.F.);
#1846=ORIENTED_EDGE('',*,*,#2687,.T.);
#1847=ORIENTED_EDGE('',*,*,#2229,.F.);
#1848=ORIENTED_EDGE('',*,*,#2087,.F.);
#1849=ORIENTED_EDGE('',*,*,#2242,.F.);
#1850=ORIENTED_EDGE('',*,*,#2688,.T.);
#1851=ORIENTED_EDGE('',*,*,#2243,.F.);
#1852=ORIENTED_EDGE('',*,*,#1998,.F.);
#1853=ORIENTED_EDGE('',*,*,#2245,.F.);
#1854=ORIENTED_EDGE('',*,*,#2689,.T.);
#1855=ORIENTED_EDGE('',*,*,#2246,.F.);
#1856=ORIENTED_EDGE('',*,*,#2000,.F.);
#1857=ORIENTED_EDGE('',*,*,#2214,.F.);
#1858=ORIENTED_EDGE('',*,*,#2152,.F.);
#1859=ORIENTED_EDGE('',*,*,#2200,.F.);
#1860=ORIENTED_EDGE('',*,*,#2279,.F.);
#1861=ORIENTED_EDGE('',*,*,#2219,.F.);
#1862=ORIENTED_EDGE('',*,*,#2181,.F.);
#1863=ORIENTED_EDGE('',*,*,#2690,.F.);
#1864=ORIENTED_EDGE('',*,*,#2224,.F.);
#1865=ORIENTED_EDGE('',*,*,#2690,.T.);
#1866=ORIENTED_EDGE('',*,*,#2180,.F.);
#1867=ORIENTED_EDGE('',*,*,#2691,.F.);
#1868=ORIENTED_EDGE('',*,*,#2687,.F.);
#1869=ORIENTED_EDGE('',*,*,#2691,.T.);
#1870=ORIENTED_EDGE('',*,*,#2179,.F.);
#1871=ORIENTED_EDGE('',*,*,#2692,.F.);
#1872=ORIENTED_EDGE('',*,*,#2230,.F.);
#1873=ORIENTED_EDGE('',*,*,#2692,.T.);
#1874=ORIENTED_EDGE('',*,*,#2178,.F.);
#1875=ORIENTED_EDGE('',*,*,#2693,.F.);
#1876=ORIENTED_EDGE('',*,*,#2685,.F.);
#1877=ORIENTED_EDGE('',*,*,#2693,.T.);
#1878=ORIENTED_EDGE('',*,*,#2177,.F.);
#1879=ORIENTED_EDGE('',*,*,#2694,.F.);
#1880=ORIENTED_EDGE('',*,*,#2233,.F.);
#1881=ORIENTED_EDGE('',*,*,#2694,.T.);
#1882=ORIENTED_EDGE('',*,*,#2176,.F.);
#1883=ORIENTED_EDGE('',*,*,#2695,.F.);
#1884=ORIENTED_EDGE('',*,*,#2684,.F.);
#1885=ORIENTED_EDGE('',*,*,#2695,.T.);
#1886=ORIENTED_EDGE('',*,*,#2175,.F.);
#1887=ORIENTED_EDGE('',*,*,#2210,.F.);
#1888=ORIENTED_EDGE('',*,*,#2236,.F.);
#1889=ORIENTED_EDGE('',*,*,#2211,.F.);
#1890=ORIENTED_EDGE('',*,*,#2173,.F.);
#1891=ORIENTED_EDGE('',*,*,#2696,.F.);
#1892=ORIENTED_EDGE('',*,*,#2251,.F.);
#1893=ORIENTED_EDGE('',*,*,#2696,.T.);
#1894=ORIENTED_EDGE('',*,*,#2172,.F.);
#1895=ORIENTED_EDGE('',*,*,#2697,.F.);
#1896=ORIENTED_EDGE('',*,*,#2686,.F.);
#1897=ORIENTED_EDGE('',*,*,#2697,.T.);
#1898=ORIENTED_EDGE('',*,*,#2171,.F.);
#1899=ORIENTED_EDGE('',*,*,#2698,.F.);
#1900=ORIENTED_EDGE('',*,*,#2241,.F.);
#1901=ORIENTED_EDGE('',*,*,#2698,.T.);
#1902=ORIENTED_EDGE('',*,*,#2170,.F.);
#1903=ORIENTED_EDGE('',*,*,#2699,.F.);
#1904=ORIENTED_EDGE('',*,*,#2688,.F.);
#1905=ORIENTED_EDGE('',*,*,#2699,.T.);
#1906=ORIENTED_EDGE('',*,*,#2169,.F.);
#1907=ORIENTED_EDGE('',*,*,#2700,.F.);
#1908=ORIENTED_EDGE('',*,*,#2244,.F.);
#1909=ORIENTED_EDGE('',*,*,#2700,.T.);
#1910=ORIENTED_EDGE('',*,*,#2168,.F.);
#1911=ORIENTED_EDGE('',*,*,#2701,.F.);
#1912=ORIENTED_EDGE('',*,*,#2689,.F.);
#1913=ORIENTED_EDGE('',*,*,#2203,.F.);
#1914=ORIENTED_EDGE('',*,*,#2247,.F.);
#1915=ORIENTED_EDGE('',*,*,#2701,.T.);
#1916=ORIENTED_EDGE('',*,*,#2167,.F.);
#1917=ORIENTED_EDGE('',*,*,#2131,.F.);
#1918=ORIENTED_EDGE('',*,*,#2675,.F.);
#1919=ORIENTED_EDGE('',*,*,#2187,.F.);
#1920=ORIENTED_EDGE('',*,*,#1934,.F.);
#1921=ORIENTED_EDGE('',*,*,#2129,.F.);
#1922=ORIENTED_EDGE('',*,*,#2673,.F.);
#1923=ORIENTED_EDGE('',*,*,#2156,.F.);
#1924=ORIENTED_EDGE('',*,*,#2676,.F.);
#1925=ORIENTED_EDGE('',*,*,#2150,.F.);
#1926=ORIENTED_EDGE('',*,*,#2677,.F.);
#1927=ORIENTED_EDGE('',*,*,#2158,.F.);
#1928=ORIENTED_EDGE('',*,*,#2674,.F.);
#1929=ORIENTED_EDGE('',*,*,#2148,.F.);
#1930=ORIENTED_EDGE('',*,*,#2192,.F.);
#1931=ORIENTED_EDGE('',*,*,#2160,.F.);
#1932=ORIENTED_EDGE('',*,*,#2678,.F.);
#1933=EDGE_CURVE('',#2702,#2703,#3211,.T.);
#1934=EDGE_CURVE('',#2702,#2704,#3212,.T.);
#1935=EDGE_CURVE('',#2704,#2705,#3213,.T.);
#1936=EDGE_CURVE('',#2705,#2703,#3214,.T.);
#1937=EDGE_CURVE('',#2706,#2707,#267,.T.);
#1938=EDGE_CURVE('',#2707,#2708,#268,.T.);
#1939=EDGE_CURVE('',#2708,#2709,#269,.T.);
#1940=EDGE_CURVE('',#2709,#2710,#3215,.T.);
#1941=EDGE_CURVE('',#2710,#2711,#3216,.T.);
#1942=EDGE_CURVE('',#2711,#2712,#3217,.T.);
#1943=EDGE_CURVE('',#2712,#2706,#270,.T.);
#1944=EDGE_CURVE('',#2713,#2714,#3218,.T.);
#1945=EDGE_CURVE('',#2714,#2715,#3219,.T.);
#1946=EDGE_CURVE('',#2715,#2716,#3220,.T.);
#1947=EDGE_CURVE('',#2716,#2717,#3221,.T.);
#1948=EDGE_CURVE('',#2717,#2718,#271,.T.);
#1949=EDGE_CURVE('',#2718,#2719,#272,.T.);
#1950=EDGE_CURVE('',#2719,#2720,#147,.T.);
#1951=EDGE_CURVE('',#2720,#2721,#273,.T.);
#1952=EDGE_CURVE('',#2721,#2722,#274,.T.);
#1953=EDGE_CURVE('',#2722,#2723,#148,.T.);
#1954=EDGE_CURVE('',#2723,#2724,#275,.T.);
#1955=EDGE_CURVE('',#2724,#2725,#3222,.T.);
#1956=EDGE_CURVE('',#2725,#2726,#276,.T.);
#1957=EDGE_CURVE('',#2726,#2727,#149,.F.);
#1958=EDGE_CURVE('',#2727,#2728,#150,.F.);
#1959=EDGE_CURVE('',#2728,#2729,#277,.T.);
#1960=EDGE_CURVE('',#2729,#2730,#278,.T.);
#1961=EDGE_CURVE('',#2730,#2731,#279,.T.);
#1962=EDGE_CURVE('',#2731,#2732,#151,.F.);
#1963=EDGE_CURVE('',#2732,#2733,#280,.T.);
#1964=EDGE_CURVE('',#2733,#2734,#281,.T.);
#1965=EDGE_CURVE('',#2734,#2735,#3223,.T.);
#1966=EDGE_CURVE('',#2735,#2736,#3224,.T.);
#1967=EDGE_CURVE('',#2736,#2713,#3225,.T.);
#1968=EDGE_CURVE('',#2737,#2738,#3226,.T.);
#1969=EDGE_CURVE('',#2738,#2739,#3227,.T.);
#1970=EDGE_CURVE('',#2739,#2740,#3228,.T.);
#1971=EDGE_CURVE('',#2740,#2741,#3229,.T.);
#1972=EDGE_CURVE('',#2741,#2742,#3230,.T.);
#1973=EDGE_CURVE('',#2742,#2743,#282,.T.);
#1974=EDGE_CURVE('',#2743,#2744,#3231,.T.);
#1975=EDGE_CURVE('',#2744,#2745,#3232,.T.);
#1976=EDGE_CURVE('',#2745,#2746,#3233,.T.);
#1977=EDGE_CURVE('',#2746,#2737,#3234,.T.);
#1978=EDGE_CURVE('',#2747,#2748,#152,.T.);
#1979=EDGE_CURVE('',#2748,#2749,#283,.T.);
#1980=EDGE_CURVE('',#2749,#2750,#284,.T.);
#1981=EDGE_CURVE('',#2750,#2751,#285,.T.);
#1982=EDGE_CURVE('',#2751,#2752,#286,.T.);
#1983=EDGE_CURVE('',#2752,#2753,#3235,.T.);
#1984=EDGE_CURVE('',#2753,#2754,#287,.T.);
#1985=EDGE_CURVE('',#2754,#2755,#288,.T.);
#1986=EDGE_CURVE('',#2755,#2756,#289,.T.);
#1987=EDGE_CURVE('',#2756,#2757,#290,.T.);
#1988=EDGE_CURVE('',#2757,#2758,#291,.T.);
#1989=EDGE_CURVE('',#2758,#2759,#292,.T.);
#1990=EDGE_CURVE('',#2759,#2760,#293,.T.);
#1991=EDGE_CURVE('',#2760,#2761,#3236,.T.);
#1992=EDGE_CURVE('',#2761,#2747,#153,.T.);
#1993=EDGE_CURVE('',#2762,#2763,#3237,.T.);
#1994=EDGE_CURVE('',#2762,#2764,#154,.T.);
#1995=EDGE_CURVE('',#2764,#2765,#3238,.T.);
#1996=EDGE_CURVE('',#2765,#2766,#155,.T.);
#1997=EDGE_CURVE('',#2767,#2766,#3239,.T.);
#1998=EDGE_CURVE('',#2767,#2768,#156,.T.);
#1999=EDGE_CURVE('',#2769,#2768,#3240,.T.);
#2000=EDGE_CURVE('',#2769,#2770,#157,.T.);
#2001=EDGE_CURVE('',#2771,#2770,#3241,.T.);
#2002=EDGE_CURVE('',#2771,#2772,#158,.T.);
#2003=EDGE_CURVE('',#2773,#2772,#3242,.T.);
#2004=EDGE_CURVE('',#2773,#2763,#159,.F.);
#2005=EDGE_CURVE('',#2774,#2775,#3243,.T.);
#2006=EDGE_CURVE('',#2775,#2776,#3244,.T.);
#2007=EDGE_CURVE('',#2776,#2777,#3245,.T.);
#2008=EDGE_CURVE('',#2777,#2778,#3246,.T.);
#2009=EDGE_CURVE('',#2778,#2779,#3247,.T.);
#2010=EDGE_CURVE('',#2779,#2780,#3248,.T.);
#2011=EDGE_CURVE('',#2780,#2781,#3249,.T.);
#2012=EDGE_CURVE('',#2781,#2774,#3250,.T.);
#2013=EDGE_CURVE('',#2782,#2783,#3251,.T.);
#2014=EDGE_CURVE('',#2783,#2784,#3252,.T.);
#2015=EDGE_CURVE('',#2784,#2785,#294,.T.);
#2016=EDGE_CURVE('',#2785,#2786,#295,.T.);
#2017=EDGE_CURVE('',#2786,#2787,#296,.T.);
#2018=EDGE_CURVE('',#2787,#2788,#160,.F.);
#2019=EDGE_CURVE('',#2788,#2789,#3253,.T.);
#2020=EDGE_CURVE('',#2789,#2790,#297,.T.);
#2021=EDGE_CURVE('',#2790,#2791,#298,.T.);
#2022=EDGE_CURVE('',#2791,#2792,#299,.T.);
#2023=EDGE_CURVE('',#2792,#2793,#300,.T.);
#2024=EDGE_CURVE('',#2793,#2782,#3254,.T.);
#2025=EDGE_CURVE('',#2794,#2795,#3255,.T.);
#2026=EDGE_CURVE('',#2795,#2796,#3256,.T.);
#2027=EDGE_CURVE('',#2796,#2797,#3257,.T.);
#2028=EDGE_CURVE('',#2797,#2798,#3258,.T.);
#2029=EDGE_CURVE('',#2798,#2799,#3259,.T.);
#2030=EDGE_CURVE('',#2799,#2800,#3260,.T.);
#2031=EDGE_CURVE('',#2800,#2801,#3261,.T.);
#2032=EDGE_CURVE('',#2801,#2802,#3262,.T.);
#2033=EDGE_CURVE('',#2802,#2803,#3263,.T.);
#2034=EDGE_CURVE('',#2803,#2804,#3264,.T.);
#2035=EDGE_CURVE('',#2804,#2805,#3265,.T.);
#2036=EDGE_CURVE('',#2805,#2794,#3266,.T.);
#2037=EDGE_CURVE('',#2806,#2807,#3267,.T.);
#2038=EDGE_CURVE('',#2807,#2808,#3268,.T.);
#2039=EDGE_CURVE('',#2808,#2809,#3269,.T.);
#2040=EDGE_CURVE('',#2809,#2810,#161,.F.);
#2041=EDGE_CURVE('',#2810,#2811,#162,.F.);
#2042=EDGE_CURVE('',#2811,#2812,#301,.T.);
#2043=EDGE_CURVE('',#2812,#2813,#302,.T.);
#2044=EDGE_CURVE('',#2813,#2814,#303,.T.);
#2045=EDGE_CURVE('',#2814,#2815,#304,.T.);
#2046=EDGE_CURVE('',#2815,#2816,#163,.F.);
#2047=EDGE_CURVE('',#2816,#2817,#3270,.T.);
#2048=EDGE_CURVE('',#2817,#2818,#164,.T.);
#2049=EDGE_CURVE('',#2818,#2819,#305,.T.);
#2050=EDGE_CURVE('',#2819,#2820,#306,.T.);
#2051=EDGE_CURVE('',#2820,#2821,#307,.T.);
#2052=EDGE_CURVE('',#2821,#2822,#308,.T.);
#2053=EDGE_CURVE('',#2822,#2823,#165,.T.);
#2054=EDGE_CURVE('',#2823,#2824,#3271,.T.);
#2055=EDGE_CURVE('',#2824,#2806,#3272,.T.);
#2056=EDGE_CURVE('',#2825,#2826,#3273,.T.);
#2057=EDGE_CURVE('',#2826,#2827,#3274,.T.);
#2058=EDGE_CURVE('',#2827,#2828,#3275,.T.);
#2059=EDGE_CURVE('',#2828,#2829,#3276,.T.);
#2060=EDGE_CURVE('',#2829,#2830,#3277,.T.);
#2061=EDGE_CURVE('',#2830,#2831,#3278,.T.);
#2062=EDGE_CURVE('',#2831,#2832,#3279,.T.);
#2063=EDGE_CURVE('',#2832,#2833,#3280,.T.);
#2064=EDGE_CURVE('',#2833,#2834,#3281,.T.);
#2065=EDGE_CURVE('',#2834,#2825,#3282,.T.);
#2066=EDGE_CURVE('',#2835,#2836,#3283,.T.);
#2067=EDGE_CURVE('',#2836,#2837,#3284,.T.);
#2068=EDGE_CURVE('',#2837,#2838,#3285,.T.);
#2069=EDGE_CURVE('',#2838,#2839,#3286,.T.);
#2070=EDGE_CURVE('',#2839,#2840,#3287,.T.);
#2071=EDGE_CURVE('',#2840,#2841,#3288,.T.);
#2072=EDGE_CURVE('',#2841,#2842,#3289,.T.);
#2073=EDGE_CURVE('',#2842,#2843,#3290,.T.);
#2074=EDGE_CURVE('',#2843,#2844,#3291,.T.);
#2075=EDGE_CURVE('',#2844,#2845,#3292,.T.);
#2076=EDGE_CURVE('',#2845,#2846,#3293,.T.);
#2077=EDGE_CURVE('',#2846,#2835,#3294,.T.);
#2078=EDGE_CURVE('',#2847,#2848,#3295,.T.);
#2079=EDGE_CURVE('',#2848,#2849,#166,.T.);
#2080=EDGE_CURVE('',#2849,#2850,#3296,.T.);
#2081=EDGE_CURVE('',#2850,#2851,#167,.T.);
#2082=EDGE_CURVE('',#2851,#2852,#3297,.T.);
#2083=EDGE_CURVE('',#2852,#2853,#168,.F.);
#2084=EDGE_CURVE('',#2854,#2853,#3298,.T.);
#2085=EDGE_CURVE('',#2854,#2855,#169,.T.);
#2086=EDGE_CURVE('',#2856,#2855,#3299,.T.);
#2087=EDGE_CURVE('',#2856,#2857,#170,.T.);
#2088=EDGE_CURVE('',#2857,#2858,#3300,.T.);
#2089=EDGE_CURVE('',#2858,#2847,#171,.T.);
#2090=EDGE_CURVE('',#2859,#2860,#3301,.T.);
#2091=EDGE_CURVE('',#2860,#2861,#3302,.T.);
#2092=EDGE_CURVE('',#2861,#2862,#3303,.T.);
#2093=EDGE_CURVE('',#2862,#2863,#3304,.T.);
#2094=EDGE_CURVE('',#2863,#2864,#309,.T.);
#2095=EDGE_CURVE('',#2864,#2865,#310,.T.);
#2096=EDGE_CURVE('',#2865,#2866,#172,.T.);
#2097=EDGE_CURVE('',#2866,#2867,#311,.T.);
#2098=EDGE_CURVE('',#2867,#2868,#312,.T.);
#2099=EDGE_CURVE('',#2868,#2869,#173,.T.);
#2100=EDGE_CURVE('',#2869,#2870,#313,.T.);
#2101=EDGE_CURVE('',#2870,#2871,#3305,.T.);
#2102=EDGE_CURVE('',#2871,#2872,#314,.T.);
#2103=EDGE_CURVE('',#2872,#2873,#174,.F.);
#2104=EDGE_CURVE('',#2873,#2874,#175,.F.);
#2105=EDGE_CURVE('',#2874,#2875,#315,.T.);
#2106=EDGE_CURVE('',#2875,#2876,#316,.T.);
#2107=EDGE_CURVE('',#2876,#2877,#317,.T.);
#2108=EDGE_CURVE('',#2877,#2878,#176,.F.);
#2109=EDGE_CURVE('',#2878,#2879,#318,.T.);
#2110=EDGE_CURVE('',#2879,#2880,#319,.T.);
#2111=EDGE_CURVE('',#2880,#2881,#3306,.T.);
#2112=EDGE_CURVE('',#2881,#2882,#3307,.T.);
#2113=EDGE_CURVE('',#2882,#2859,#3308,.T.);
#2114=EDGE_CURVE('',#2883,#2884,#3309,.T.);
#2115=EDGE_CURVE('',#2884,#2885,#3310,.T.);
#2116=EDGE_CURVE('',#2885,#2886,#3311,.T.);
#2117=EDGE_CURVE('',#2886,#2887,#3312,.T.);
#2118=EDGE_CURVE('',#2887,#2888,#3313,.T.);
#2119=EDGE_CURVE('',#2888,#2889,#320,.T.);
#2120=EDGE_CURVE('',#2889,#2890,#3314,.T.);
#2121=EDGE_CURVE('',#2890,#2891,#3315,.T.);
#2122=EDGE_CURVE('',#2891,#2892,#3316,.T.);
#2123=EDGE_CURVE('',#2892,#2883,#3317,.T.);
#2124=EDGE_CURVE('',#2893,#2893,#177,.F.);
#2125=EDGE_CURVE('',#2894,#2894,#178,.F.);
#2126=EDGE_CURVE('',#2895,#2895,#179,.T.);
#2127=EDGE_CURVE('',#2896,#2896,#180,.T.);
#2128=EDGE_CURVE('',#2897,#2898,#3318,.T.);
#2129=EDGE_CURVE('',#2897,#2899,#181,.F.);
#2130=EDGE_CURVE('',#2899,#2900,#3319,.T.);
#2131=EDGE_CURVE('',#2900,#2702,#182,.T.);
#2132=EDGE_CURVE('',#2703,#2901,#183,.F.);
#2133=EDGE_CURVE('',#2902,#2901,#3320,.T.);
#2134=EDGE_CURVE('',#2902,#2903,#184,.F.);
#2135=EDGE_CURVE('',#2903,#2904,#3321,.T.);
#2136=EDGE_CURVE('',#2904,#2905,#3322,.F.);
#2137=EDGE_CURVE('',#2905,#2906,#3323,.T.);
#2138=EDGE_CURVE('',#2906,#2907,#185,.T.);
#2139=EDGE_CURVE('',#2907,#2908,#3324,.T.);
#2140=EDGE_CURVE('',#2908,#2909,#186,.T.);
#2141=EDGE_CURVE('',#2910,#2909,#3325,.T.);
#2142=EDGE_CURVE('',#2910,#2911,#3326,.F.);
#2143=EDGE_CURVE('',#2912,#2911,#3327,.T.);
#2144=EDGE_CURVE('',#2912,#2913,#187,.F.);
#2145=EDGE_CURVE('',#2913,#2914,#3328,.T.);
#2146=EDGE_CURVE('',#2914,#2915,#188,.F.);
#2147=EDGE_CURVE('',#2915,#2916,#3329,.T.);
#2148=EDGE_CURVE('',#2916,#2917,#189,.T.);
#2149=EDGE_CURVE('',#2918,#2917,#3330,.T.);
#2150=EDGE_CURVE('',#2918,#2898,#190,.F.);
#2151=EDGE_CURVE('',#2919,#2920,#3331,.T.);
#2152=EDGE_CURVE('',#2919,#2921,#3332,.F.);
#2153=EDGE_CURVE('',#2922,#2921,#3333,.T.);
#2154=EDGE_CURVE('',#2922,#2920,#3334,.F.);
#2155=EDGE_CURVE('',#2923,#2924,#3335,.T.);
#2156=EDGE_CURVE('',#2924,#2925,#191,.T.);
#2157=EDGE_CURVE('',#2926,#2925,#3336,.T.);
#2158=EDGE_CURVE('',#2926,#2927,#192,.T.);
#2159=EDGE_CURVE('',#2928,#2927,#3337,.T.);
#2160=EDGE_CURVE('',#2928,#2929,#193,.F.);
#2161=EDGE_CURVE('',#2930,#2929,#3338,.T.);
#2162=EDGE_CURVE('',#2930,#2931,#194,.T.);
#2163=EDGE_CURVE('',#2932,#2931,#3339,.T.);
#2164=EDGE_CURVE('',#2932,#2933,#195,.T.);
#2165=EDGE_CURVE('',#2933,#2934,#3340,.T.);
#2166=EDGE_CURVE('',#2934,#2935,#3341,.F.);
#2167=EDGE_CURVE('',#2935,#2936,#3342,.T.);
#2168=EDGE_CURVE('',#2936,#2937,#196,.F.);
#2169=EDGE_CURVE('',#2937,#2938,#3343,.T.);
#2170=EDGE_CURVE('',#2938,#2939,#197,.F.);
#2171=EDGE_CURVE('',#2939,#2940,#3344,.T.);
#2172=EDGE_CURVE('',#2940,#2941,#198,.F.);
#2173=EDGE_CURVE('',#2941,#2942,#3345,.F.);
#2174=EDGE_CURVE('',#2943,#2942,#3346,.T.);
#2175=EDGE_CURVE('',#2943,#2944,#3347,.F.);
#2176=EDGE_CURVE('',#2944,#2945,#199,.F.);
#2177=EDGE_CURVE('',#2945,#2946,#3348,.F.);
#2178=EDGE_CURVE('',#2946,#2947,#200,.F.);
#2179=EDGE_CURVE('',#2947,#2948,#3349,.T.);
#2180=EDGE_CURVE('',#2948,#2949,#201,.F.);
#2181=EDGE_CURVE('',#2949,#2950,#3350,.T.);
#2182=EDGE_CURVE('',#2950,#2951,#3351,.F.);
#2183=EDGE_CURVE('',#2952,#2951,#3352,.T.);
#2184=EDGE_CURVE('',#2952,#2953,#202,.T.);
#2185=EDGE_CURVE('',#2953,#2954,#3353,.T.);
#2186=EDGE_CURVE('',#2954,#2705,#203,.T.);
#2187=EDGE_CURVE('',#2704,#2923,#204,.F.);
#2188=EDGE_CURVE('',#2955,#2955,#205,.T.);
#2189=EDGE_CURVE('',#2956,#2956,#206,.T.);
#2190=EDGE_CURVE('',#2957,#2957,#207,.T.);
#2191=EDGE_CURVE('',#2958,#2958,#208,.T.);
#2192=EDGE_CURVE('',#2929,#2916,#3354,.F.);
#2193=EDGE_CURVE('',#2915,#2930,#3355,.F.);
#2194=EDGE_CURVE('',#2913,#2932,#3356,.F.);
#2195=EDGE_CURVE('',#2931,#2914,#3357,.T.);
#2196=EDGE_CURVE('',#2911,#2934,#3358,.T.);
#2197=EDGE_CURVE('',#2933,#2912,#3359,.T.);
#2198=EDGE_CURVE('',#2909,#2959,#3360,.F.);
#2199=EDGE_CURVE('',#2960,#2959,#3361,.T.);
#2200=EDGE_CURVE('',#2960,#2919,#143,.T.);
#2201=EDGE_CURVE('',#2920,#2961,#3362,.F.);
#2202=EDGE_CURVE('',#2961,#2962,#3363,.T.);
#2203=EDGE_CURVE('',#2962,#2935,#209,.T.);
#2204=EDGE_CURVE('',#2935,#2910,#3364,.T.);
#2205=EDGE_CURVE('',#2963,#2964,#3365,.T.);
#2206=EDGE_CURVE('',#2963,#2908,#3366,.T.);
#2207=EDGE_CURVE('',#2907,#2965,#3367,.F.);
#2208=EDGE_CURVE('',#2965,#2966,#3368,.T.);
#2209=EDGE_CURVE('',#2966,#2967,#3369,.T.);
#2210=EDGE_CURVE('',#2967,#2943,#210,.F.);
#2211=EDGE_CURVE('',#2942,#2968,#211,.F.);
#2212=EDGE_CURVE('',#2969,#2968,#3370,.T.);
#2213=EDGE_CURVE('',#2969,#2922,#3371,.T.);
#2214=EDGE_CURVE('',#2921,#2964,#144,.F.);
#2215=EDGE_CURVE('',#2970,#2971,#3372,.T.);
#2216=EDGE_CURVE('',#2970,#2972,#3373,.T.);
#2217=EDGE_CURVE('',#2972,#2906,#3374,.T.);
#2218=EDGE_CURVE('',#2905,#2950,#3375,.T.);
#2219=EDGE_CURVE('',#2950,#2971,#212,.F.);
#2220=EDGE_CURVE('',#2951,#2904,#3376,.T.);
#2221=EDGE_CURVE('',#2903,#2952,#3377,.F.);
#2222=EDGE_CURVE('',#2953,#2902,#3378,.T.);
#2223=EDGE_CURVE('',#2901,#2954,#3379,.F.);
#2224=EDGE_CURVE('',#2971,#2973,#3380,.F.);
#2225=EDGE_CURVE('',#2973,#2856,#3381,.F.);
#2226=EDGE_CURVE('',#2855,#2974,#3382,.T.);
#2227=EDGE_CURVE('',#2975,#2974,#3383,.T.);
#2228=EDGE_CURVE('',#2975,#2970,#213,.F.);
#2229=EDGE_CURVE('',#2857,#2976,#3384,.T.);
#2230=EDGE_CURVE('',#2976,#2977,#3385,.F.);
#2231=EDGE_CURVE('',#2977,#2858,#3386,.F.);
#2232=EDGE_CURVE('',#2847,#2978,#3387,.T.);
#2233=EDGE_CURVE('',#2978,#2979,#3388,.T.);
#2234=EDGE_CURVE('',#2979,#2848,#3389,.F.);
#2235=EDGE_CURVE('',#2849,#2980,#3390,.T.);
#2236=EDGE_CURVE('',#2980,#2967,#3391,.T.);
#2237=EDGE_CURVE('',#2966,#2981,#214,.T.);
#2238=EDGE_CURVE('',#2981,#2982,#3392,.T.);
#2239=EDGE_CURVE('',#2982,#2850,#3393,.F.);
#2240=EDGE_CURVE('',#2766,#2983,#3394,.T.);
#2241=EDGE_CURVE('',#2983,#2984,#3395,.F.);
#2242=EDGE_CURVE('',#2984,#2767,#3396,.F.);
#2243=EDGE_CURVE('',#2768,#2985,#3397,.T.);
#2244=EDGE_CURVE('',#2985,#2986,#3398,.F.);
#2245=EDGE_CURVE('',#2986,#2769,#3399,.F.);
#2246=EDGE_CURVE('',#2770,#2987,#3400,.T.);
#2247=EDGE_CURVE('',#2987,#2962,#3401,.F.);
#2248=EDGE_CURVE('',#2961,#2988,#215,.F.);
#2249=EDGE_CURVE('',#2989,#2988,#3402,.T.);
#2250=EDGE_CURVE('',#2989,#2771,#3403,.F.);
#2251=EDGE_CURVE('',#2968,#2990,#3404,.T.);
#2252=EDGE_CURVE('',#2990,#2765,#3405,.F.);
#2253=EDGE_CURVE('',#2764,#2991,#3406,.T.);
#2254=EDGE_CURVE('',#2991,#2992,#3407,.T.);
#2255=EDGE_CURVE('',#2992,#2969,#216,.T.);
#2256=EDGE_CURVE('',#2991,#2993,#217,.F.);
#2257=EDGE_CURVE('',#2993,#2994,#3408,.T.);
#2258=EDGE_CURVE('',#2994,#2995,#218,.T.);
#2259=EDGE_CURVE('',#2995,#2996,#3409,.T.);
#2260=EDGE_CURVE('',#2996,#2989,#219,.F.);
#2261=EDGE_CURVE('',#2988,#2997,#3410,.T.);
#2262=EDGE_CURVE('',#2997,#2998,#3411,.T.);
#2263=EDGE_CURVE('',#2998,#2992,#3412,.F.);
#2264=EDGE_CURVE('',#2995,#2773,#3413,.F.);
#2265=EDGE_CURVE('',#2772,#2996,#3414,.T.);
#2266=EDGE_CURVE('',#2993,#2762,#3415,.F.);
#2267=EDGE_CURVE('',#2763,#2994,#3416,.T.);
#2268=EDGE_CURVE('',#2851,#2999,#3417,.T.);
#2269=EDGE_CURVE('',#2999,#3000,#3418,.T.);
#2270=EDGE_CURVE('',#3000,#2852,#3419,.F.);
#2271=EDGE_CURVE('',#2853,#3001,#3420,.T.);
#2272=EDGE_CURVE('',#3002,#3001,#3421,.T.);
#2273=EDGE_CURVE('',#3002,#2854,#3422,.F.);
#2274=EDGE_CURVE('',#2981,#3003,#3423,.F.);
#2275=EDGE_CURVE('',#3003,#2975,#3424,.F.);
#2276=EDGE_CURVE('',#2974,#3002,#220,.F.);
#2277=EDGE_CURVE('',#3001,#3000,#221,.T.);
#2278=EDGE_CURVE('',#2999,#2982,#222,.F.);
#2279=EDGE_CURVE('',#2964,#2960,#3425,.T.);
#2280=EDGE_CURVE('',#2959,#2963,#223,.T.);
#2281=EDGE_CURVE('',#3004,#2860,#3426,.T.);
#2282=EDGE_CURVE('',#3004,#3005,#3427,.T.);
#2283=EDGE_CURVE('',#3005,#2861,#3428,.T.);
#2284=EDGE_CURVE('',#3006,#2859,#3429,.T.);
#2285=EDGE_CURVE('',#3006,#3004,#3430,.T.);
#2286=EDGE_CURVE('',#3007,#2882,#3431,.T.);
#2287=EDGE_CURVE('',#3007,#3006,#3432,.T.);
#2288=EDGE_CURVE('',#3008,#2881,#3433,.T.);
#2289=EDGE_CURVE('',#3008,#3007,#3434,.T.);
#2290=EDGE_CURVE('',#3009,#2880,#3435,.T.);
#2291=EDGE_CURVE('',#3009,#3008,#3436,.T.);
#2292=EDGE_CURVE('',#3010,#2879,#3437,.T.);
#2293=EDGE_CURVE('',#3010,#3009,#321,.T.);
#2294=EDGE_CURVE('',#3011,#2878,#3438,.T.);
#2295=EDGE_CURVE('',#3011,#3010,#322,.T.);
#2296=EDGE_CURVE('',#3012,#2877,#3439,.T.);
#2297=EDGE_CURVE('',#3012,#3011,#224,.F.);
#2298=EDGE_CURVE('',#3013,#2876,#3440,.T.);
#2299=EDGE_CURVE('',#3013,#3012,#323,.T.);
#2300=EDGE_CURVE('',#3014,#2875,#3441,.T.);
#2301=EDGE_CURVE('',#3014,#3013,#324,.T.);
#2302=EDGE_CURVE('',#3015,#2874,#3442,.T.);
#2303=EDGE_CURVE('',#3015,#3014,#325,.T.);
#2304=EDGE_CURVE('',#3016,#2873,#3443,.T.);
#2305=EDGE_CURVE('',#3016,#3015,#225,.F.);
#2306=EDGE_CURVE('',#3017,#2872,#3444,.T.);
#2307=EDGE_CURVE('',#3017,#3016,#226,.F.);
#2308=EDGE_CURVE('',#3018,#2871,#3445,.T.);
#2309=EDGE_CURVE('',#3018,#3017,#326,.T.);
#2310=EDGE_CURVE('',#3019,#2870,#3446,.T.);
#2311=EDGE_CURVE('',#3019,#3018,#3447,.T.);
#2312=EDGE_CURVE('',#3020,#2869,#3448,.T.);
#2313=EDGE_CURVE('',#3020,#3019,#327,.T.);
#2314=EDGE_CURVE('',#3021,#2868,#3449,.T.);
#2315=EDGE_CURVE('',#3021,#3020,#227,.T.);
#2316=EDGE_CURVE('',#3022,#2867,#3450,.T.);
#2317=EDGE_CURVE('',#3022,#3021,#328,.T.);
#2318=EDGE_CURVE('',#3023,#2866,#3451,.T.);
#2319=EDGE_CURVE('',#3023,#3022,#329,.T.);
#2320=EDGE_CURVE('',#3024,#2865,#3452,.T.);
#2321=EDGE_CURVE('',#3024,#3023,#228,.T.);
#2322=EDGE_CURVE('',#3025,#2864,#3453,.T.);
#2323=EDGE_CURVE('',#3025,#3024,#330,.T.);
#2324=EDGE_CURVE('',#3026,#2863,#3454,.T.);
#2325=EDGE_CURVE('',#3026,#3025,#331,.T.);
#2326=EDGE_CURVE('',#3027,#2862,#3455,.T.);
#2327=EDGE_CURVE('',#3027,#3026,#3456,.T.);
#2328=EDGE_CURVE('',#3005,#3027,#3457,.T.);
#2329=EDGE_CURVE('',#3028,#2884,#3458,.T.);
#2330=EDGE_CURVE('',#3028,#3029,#3459,.T.);
#2331=EDGE_CURVE('',#3029,#2885,#3460,.T.);
#2332=EDGE_CURVE('',#3030,#2883,#3461,.T.);
#2333=EDGE_CURVE('',#3030,#3028,#3462,.T.);
#2334=EDGE_CURVE('',#3031,#2892,#3463,.T.);
#2335=EDGE_CURVE('',#3031,#3030,#3464,.T.);
#2336=EDGE_CURVE('',#3032,#2891,#3465,.T.);
#2337=EDGE_CURVE('',#3032,#3031,#3466,.T.);
#2338=EDGE_CURVE('',#3033,#2890,#3467,.T.);
#2339=EDGE_CURVE('',#3033,#3032,#3468,.T.);
#2340=EDGE_CURVE('',#3034,#2889,#3469,.T.);
#2341=EDGE_CURVE('',#3034,#3033,#3470,.T.);
#2342=EDGE_CURVE('',#3035,#2888,#3471,.T.);
#2343=EDGE_CURVE('',#3035,#3034,#332,.T.);
#2344=EDGE_CURVE('',#3036,#2887,#3472,.T.);
#2345=EDGE_CURVE('',#3036,#3035,#3473,.T.);
#2346=EDGE_CURVE('',#3037,#2886,#3474,.T.);
#2347=EDGE_CURVE('',#3037,#3036,#3475,.T.);
#2348=EDGE_CURVE('',#3029,#3037,#3476,.T.);
#2349=EDGE_CURVE('',#3038,#2748,#3477,.T.);
#2350=EDGE_CURVE('',#3038,#3039,#333,.T.);
#2351=EDGE_CURVE('',#3039,#2749,#3478,.T.);
#2352=EDGE_CURVE('',#3040,#2747,#3479,.T.);
#2353=EDGE_CURVE('',#3040,#3038,#229,.T.);
#2354=EDGE_CURVE('',#3041,#2761,#3480,.T.);
#2355=EDGE_CURVE('',#3041,#3040,#230,.T.);
#2356=EDGE_CURVE('',#3042,#2760,#3481,.T.);
#2357=EDGE_CURVE('',#3042,#3041,#3482,.T.);
#2358=EDGE_CURVE('',#3043,#2759,#3483,.T.);
#2359=EDGE_CURVE('',#3043,#3042,#334,.T.);
#2360=EDGE_CURVE('',#3044,#2758,#3484,.T.);
#2361=EDGE_CURVE('',#3044,#3043,#335,.T.);
#2362=EDGE_CURVE('',#3045,#2757,#3485,.T.);
#2363=EDGE_CURVE('',#3045,#3044,#336,.T.);
#2364=EDGE_CURVE('',#3046,#2756,#3486,.T.);
#2365=EDGE_CURVE('',#3046,#3045,#337,.T.);
#2366=EDGE_CURVE('',#3047,#2755,#3487,.T.);
#2367=EDGE_CURVE('',#3047,#3046,#338,.T.);
#2368=EDGE_CURVE('',#3048,#2754,#3488,.T.);
#2369=EDGE_CURVE('',#3048,#3047,#339,.T.);
#2370=EDGE_CURVE('',#3049,#2753,#3489,.T.);
#2371=EDGE_CURVE('',#3049,#3048,#340,.T.);
#2372=EDGE_CURVE('',#3050,#2752,#3490,.T.);
#2373=EDGE_CURVE('',#3050,#3049,#3491,.T.);
#2374=EDGE_CURVE('',#3051,#2751,#3492,.T.);
#2375=EDGE_CURVE('',#3051,#3050,#341,.T.);
#2376=EDGE_CURVE('',#3052,#2750,#3493,.T.);
#2377=EDGE_CURVE('',#3052,#3051,#342,.T.);
#2378=EDGE_CURVE('',#3039,#3052,#343,.T.);
#2379=EDGE_CURVE('',#3053,#2738,#3494,.T.);
#2380=EDGE_CURVE('',#3053,#3054,#3495,.T.);
#2381=EDGE_CURVE('',#3054,#2739,#3496,.T.);
#2382=EDGE_CURVE('',#3055,#2737,#3497,.T.);
#2383=EDGE_CURVE('',#3055,#3053,#3498,.T.);
#2384=EDGE_CURVE('',#3056,#2746,#3499,.T.);
#2385=EDGE_CURVE('',#3056,#3055,#3500,.T.);
#2386=EDGE_CURVE('',#3057,#2745,#3501,.T.);
#2387=EDGE_CURVE('',#3057,#3056,#3502,.T.);
#2388=EDGE_CURVE('',#3058,#2744,#3503,.T.);
#2389=EDGE_CURVE('',#3058,#3057,#3504,.T.);
#2390=EDGE_CURVE('',#3059,#2743,#3505,.T.);
#2391=EDGE_CURVE('',#3059,#3058,#3506,.T.);
#2392=EDGE_CURVE('',#3060,#2742,#3507,.T.);
#2393=EDGE_CURVE('',#3060,#3059,#344,.T.);
#2394=EDGE_CURVE('',#3061,#2741,#3508,.T.);
#2395=EDGE_CURVE('',#3061,#3060,#3509,.T.);
#2396=EDGE_CURVE('',#3062,#2740,#3510,.T.);
#2397=EDGE_CURVE('',#3062,#3061,#3511,.T.);
#2398=EDGE_CURVE('',#3054,#3062,#3512,.T.);
#2399=EDGE_CURVE('',#3063,#2714,#3513,.T.);
#2400=EDGE_CURVE('',#3063,#3064,#3514,.T.);
#2401=EDGE_CURVE('',#3064,#2715,#3515,.T.);
#2402=EDGE_CURVE('',#3065,#2713,#3516,.T.);
#2403=EDGE_CURVE('',#3065,#3063,#3517,.T.);
#2404=EDGE_CURVE('',#3066,#2736,#3518,.T.);
#2405=EDGE_CURVE('',#3066,#3065,#3519,.T.);
#2406=EDGE_CURVE('',#3067,#2735,#3520,.T.);
#2407=EDGE_CURVE('',#3067,#3066,#3521,.T.);
#2408=EDGE_CURVE('',#3068,#2734,#3522,.T.);
#2409=EDGE_CURVE('',#3068,#3067,#3523,.T.);
#2410=EDGE_CURVE('',#3069,#2733,#3524,.T.);
#2411=EDGE_CURVE('',#3069,#3068,#345,.T.);
#2412=EDGE_CURVE('',#3070,#2732,#3525,.T.);
#2413=EDGE_CURVE('',#3070,#3069,#346,.T.);
#2414=EDGE_CURVE('',#3071,#2731,#3526,.T.);
#2415=EDGE_CURVE('',#3071,#3070,#231,.F.);
#2416=EDGE_CURVE('',#3072,#2730,#3527,.T.);
#2417=EDGE_CURVE('',#3072,#3071,#347,.T.);
#2418=EDGE_CURVE('',#3073,#2729,#3528,.T.);
#2419=EDGE_CURVE('',#3073,#3072,#348,.T.);
#2420=EDGE_CURVE('',#3074,#2728,#3529,.T.);
#2421=EDGE_CURVE('',#3074,#3073,#349,.T.);
#2422=EDGE_CURVE('',#3075,#2727,#3530,.T.);
#2423=EDGE_CURVE('',#3075,#3074,#232,.F.);
#2424=EDGE_CURVE('',#3076,#2726,#3531,.T.);
#2425=EDGE_CURVE('',#3076,#3075,#233,.F.);
#2426=EDGE_CURVE('',#3077,#2725,#3532,.T.);
#2427=EDGE_CURVE('',#3077,#3076,#350,.T.);
#2428=EDGE_CURVE('',#3078,#2724,#3533,.T.);
#2429=EDGE_CURVE('',#3078,#3077,#3534,.T.);
#2430=EDGE_CURVE('',#3079,#2723,#3535,.T.);
#2431=EDGE_CURVE('',#3079,#3078,#351,.T.);
#2432=EDGE_CURVE('',#3080,#2722,#3536,.T.);
#2433=EDGE_CURVE('',#3080,#3079,#234,.T.);
#2434=EDGE_CURVE('',#3081,#2721,#3537,.T.);
#2435=EDGE_CURVE('',#3081,#3080,#352,.T.);
#2436=EDGE_CURVE('',#3082,#2720,#3538,.T.);
#2437=EDGE_CURVE('',#3082,#3081,#353,.T.);
#2438=EDGE_CURVE('',#3083,#2719,#3539,.T.);
#2439=EDGE_CURVE('',#3083,#3082,#235,.T.);
#2440=EDGE_CURVE('',#3084,#2718,#3540,.T.);
#2441=EDGE_CURVE('',#3084,#3083,#354,.T.);
#2442=EDGE_CURVE('',#3085,#2717,#3541,.T.);
#2443=EDGE_CURVE('',#3085,#3084,#355,.T.);
#2444=EDGE_CURVE('',#3086,#2716,#3542,.T.);
#2445=EDGE_CURVE('',#3086,#3085,#3543,.T.);
#2446=EDGE_CURVE('',#3064,#3086,#3544,.T.);
#2447=EDGE_CURVE('',#3087,#3088,#236,.F.);
#2448=EDGE_CURVE('',#3089,#3087,#3545,.T.);
#2449=EDGE_CURVE('',#3089,#3090,#237,.F.);
#2450=EDGE_CURVE('',#3090,#3088,#3546,.T.);
#2451=EDGE_CURVE('',#3091,#3087,#3547,.T.);
#2452=EDGE_CURVE('',#3092,#3091,#3548,.T.);
#2453=EDGE_CURVE('',#3092,#3089,#3549,.T.);
#2454=EDGE_CURVE('',#3093,#3091,#356,.T.);
#2455=EDGE_CURVE('',#3094,#3093,#3550,.T.);
#2456=EDGE_CURVE('',#3094,#3092,#357,.T.);
#2457=EDGE_CURVE('',#3095,#2775,#3551,.T.);
#2458=EDGE_CURVE('',#3095,#3096,#3552,.T.);
#2459=EDGE_CURVE('',#3096,#2776,#3553,.T.);
#2460=EDGE_CURVE('',#3097,#2774,#3554,.T.);
#2461=EDGE_CURVE('',#3097,#3095,#3555,.T.);
#2462=EDGE_CURVE('',#3098,#2781,#3556,.T.);
#2463=EDGE_CURVE('',#3098,#3097,#3557,.T.);
#2464=EDGE_CURVE('',#3099,#2780,#3558,.T.);
#2465=EDGE_CURVE('',#3099,#3098,#3559,.T.);
#2466=EDGE_CURVE('',#3100,#2779,#3560,.T.);
#2467=EDGE_CURVE('',#3100,#3099,#3561,.T.);
#2468=EDGE_CURVE('',#3101,#2778,#3562,.T.);
#2469=EDGE_CURVE('',#3101,#3100,#3563,.T.);
#2470=EDGE_CURVE('',#3102,#2777,#3564,.T.);
#2471=EDGE_CURVE('',#3102,#3101,#3565,.T.);
#2472=EDGE_CURVE('',#3096,#3102,#3566,.T.);
#2473=EDGE_CURVE('',#3088,#3093,#238,.F.);
#2474=EDGE_CURVE('',#3090,#3094,#239,.F.);
#2475=EDGE_CURVE('',#3103,#3104,#358,.T.);
#2476=EDGE_CURVE('',#3105,#3103,#3567,.T.);
#2477=EDGE_CURVE('',#3105,#3106,#359,.T.);
#2478=EDGE_CURVE('',#3106,#3104,#3568,.T.);
#2479=EDGE_CURVE('',#3107,#3103,#360,.T.);
#2480=EDGE_CURVE('',#3108,#3107,#3569,.T.);
#2481=EDGE_CURVE('',#3108,#3105,#361,.T.);
#2482=EDGE_CURVE('',#3109,#3107,#3570,.T.);
#2483=EDGE_CURVE('',#3110,#3109,#3571,.T.);
#2484=EDGE_CURVE('',#3110,#3108,#3572,.T.);
#2485=EDGE_CURVE('',#3111,#3109,#3573,.T.);
#2486=EDGE_CURVE('',#3112,#3111,#3574,.T.);
#2487=EDGE_CURVE('',#3112,#3110,#3575,.T.);
#2488=EDGE_CURVE('',#3113,#2707,#3576,.T.);
#2489=EDGE_CURVE('',#3113,#3114,#362,.T.);
#2490=EDGE_CURVE('',#3114,#2708,#3577,.T.);
#2491=EDGE_CURVE('',#3115,#2706,#3578,.T.);
#2492=EDGE_CURVE('',#3115,#3113,#363,.T.);
#2493=EDGE_CURVE('',#3116,#2712,#3579,.T.);
#2494=EDGE_CURVE('',#3116,#3115,#364,.T.);
#2495=EDGE_CURVE('',#3117,#2711,#3580,.T.);
#2496=EDGE_CURVE('',#3117,#3116,#3581,.T.);
#2497=EDGE_CURVE('',#3118,#2710,#3582,.T.);
#2498=EDGE_CURVE('',#3118,#3117,#3583,.T.);
#2499=EDGE_CURVE('',#3119,#2709,#3584,.T.);
#2500=EDGE_CURVE('',#3119,#3118,#3585,.T.);
#2501=EDGE_CURVE('',#3114,#3119,#365,.T.);
#2502=EDGE_CURVE('',#3104,#3111,#3586,.T.);
#2503=EDGE_CURVE('',#3106,#3112,#3587,.T.);
#2504=EDGE_CURVE('',#3120,#3121,#3588,.T.);
#2505=EDGE_CURVE('',#3122,#3120,#3589,.T.);
#2506=EDGE_CURVE('',#3122,#3123,#3590,.T.);
#2507=EDGE_CURVE('',#3123,#3121,#3591,.T.);
#2508=EDGE_CURVE('',#3124,#3120,#3592,.T.);
#2509=EDGE_CURVE('',#3125,#3124,#3593,.T.);
#2510=EDGE_CURVE('',#3125,#3122,#3594,.T.);
#2511=EDGE_CURVE('',#3126,#3124,#366,.T.);
#2512=EDGE_CURVE('',#3127,#3126,#3595,.T.);
#2513=EDGE_CURVE('',#3127,#3125,#367,.T.);
#2514=EDGE_CURVE('',#3128,#3126,#368,.T.);
#2515=EDGE_CURVE('',#3129,#3128,#3596,.T.);
#2516=EDGE_CURVE('',#3129,#3127,#369,.T.);
#2517=EDGE_CURVE('',#3130,#3128,#370,.T.);
#2518=EDGE_CURVE('',#3131,#3130,#3597,.T.);
#2519=EDGE_CURVE('',#3131,#3129,#371,.T.);
#2520=EDGE_CURVE('',#3132,#3133,#3598,.T.);
#2521=EDGE_CURVE('',#3134,#3132,#3599,.T.);
#2522=EDGE_CURVE('',#3134,#3135,#3600,.T.);
#2523=EDGE_CURVE('',#3135,#3133,#3601,.T.);
#2524=EDGE_CURVE('',#3136,#3132,#3602,.T.);
#2525=EDGE_CURVE('',#3137,#3136,#3603,.T.);
#2526=EDGE_CURVE('',#3137,#3134,#3604,.T.);
#2527=EDGE_CURVE('',#3138,#3136,#3605,.T.);
#2528=EDGE_CURVE('',#3139,#3138,#3606,.T.);
#2529=EDGE_CURVE('',#3139,#3137,#3607,.T.);
#2530=EDGE_CURVE('',#3140,#3138,#372,.T.);
#2531=EDGE_CURVE('',#3141,#3140,#3608,.T.);
#2532=EDGE_CURVE('',#3141,#3139,#373,.T.);
#2533=EDGE_CURVE('',#3142,#3140,#374,.T.);
#2534=EDGE_CURVE('',#3143,#3142,#3609,.T.);
#2535=EDGE_CURVE('',#3143,#3141,#375,.T.);
#2536=EDGE_CURVE('',#3144,#3142,#376,.T.);
#2537=EDGE_CURVE('',#3145,#3144,#3610,.T.);
#2538=EDGE_CURVE('',#3145,#3143,#377,.T.);
#2539=EDGE_CURVE('',#3146,#2783,#3611,.T.);
#2540=EDGE_CURVE('',#3146,#3147,#3612,.T.);
#2541=EDGE_CURVE('',#3147,#2784,#3613,.T.);
#2542=EDGE_CURVE('',#3148,#2782,#3614,.T.);
#2543=EDGE_CURVE('',#3148,#3146,#3615,.T.);
#2544=EDGE_CURVE('',#3149,#2793,#3616,.T.);
#2545=EDGE_CURVE('',#3149,#3148,#3617,.T.);
#2546=EDGE_CURVE('',#3150,#2792,#3618,.T.);
#2547=EDGE_CURVE('',#3150,#3149,#378,.T.);
#2548=EDGE_CURVE('',#3151,#2791,#3619,.T.);
#2549=EDGE_CURVE('',#3151,#3150,#379,.T.);
#2550=EDGE_CURVE('',#3152,#2790,#3620,.T.);
#2551=EDGE_CURVE('',#3152,#3151,#380,.T.);
#2552=EDGE_CURVE('',#3153,#2789,#3621,.T.);
#2553=EDGE_CURVE('',#3153,#3152,#381,.T.);
#2554=EDGE_CURVE('',#3154,#2788,#3622,.T.);
#2555=EDGE_CURVE('',#3154,#3153,#3623,.T.);
#2556=EDGE_CURVE('',#3155,#2787,#3624,.T.);
#2557=EDGE_CURVE('',#3155,#3154,#240,.F.);
#2558=EDGE_CURVE('',#3156,#2786,#3625,.T.);
#2559=EDGE_CURVE('',#3156,#3155,#382,.T.);
#2560=EDGE_CURVE('',#3157,#2785,#3626,.T.);
#2561=EDGE_CURVE('',#3157,#3156,#383,.T.);
#2562=EDGE_CURVE('',#3133,#3144,#384,.T.);
#2563=EDGE_CURVE('',#3135,#3145,#385,.T.);
#2564=EDGE_CURVE('',#3147,#3157,#386,.T.);
#2565=EDGE_CURVE('',#3121,#3130,#3627,.T.);
#2566=EDGE_CURVE('',#3123,#3131,#3628,.T.);
#2567=EDGE_CURVE('',#3158,#2795,#3629,.T.);
#2568=EDGE_CURVE('',#3158,#3159,#3630,.T.);
#2569=EDGE_CURVE('',#3159,#2796,#3631,.T.);
#2570=EDGE_CURVE('',#3160,#2794,#3632,.T.);
#2571=EDGE_CURVE('',#3160,#3158,#3633,.T.);
#2572=EDGE_CURVE('',#3161,#2805,#3634,.T.);
#2573=EDGE_CURVE('',#3161,#3160,#3635,.T.);
#2574=EDGE_CURVE('',#3162,#2804,#3636,.T.);
#2575=EDGE_CURVE('',#3162,#3161,#3637,.T.);
#2576=EDGE_CURVE('',#3163,#2803,#3638,.T.);
#2577=EDGE_CURVE('',#3163,#3162,#3639,.T.);
#2578=EDGE_CURVE('',#3164,#2802,#3640,.T.);
#2579=EDGE_CURVE('',#3164,#3163,#3641,.T.);
#2580=EDGE_CURVE('',#3165,#2801,#3642,.T.);
#2581=EDGE_CURVE('',#3165,#3164,#3643,.T.);
#2582=EDGE_CURVE('',#3166,#2800,#3644,.T.);
#2583=EDGE_CURVE('',#3166,#3165,#3645,.T.);
#2584=EDGE_CURVE('',#3167,#2799,#3646,.T.);
#2585=EDGE_CURVE('',#3167,#3166,#3647,.T.);
#2586=EDGE_CURVE('',#3168,#2798,#3648,.T.);
#2587=EDGE_CURVE('',#3168,#3167,#3649,.T.);
#2588=EDGE_CURVE('',#3169,#2797,#3650,.T.);
#2589=EDGE_CURVE('',#3169,#3168,#3651,.T.);
#2590=EDGE_CURVE('',#3159,#3169,#3652,.T.);
#2591=EDGE_CURVE('',#3170,#2807,#3653,.T.);
#2592=EDGE_CURVE('',#3170,#3171,#3654,.T.);
#2593=EDGE_CURVE('',#3171,#2808,#3655,.T.);
#2594=EDGE_CURVE('',#3172,#2806,#3656,.T.);
#2595=EDGE_CURVE('',#3172,#3170,#3657,.T.);
#2596=EDGE_CURVE('',#3173,#2824,#3658,.T.);
#2597=EDGE_CURVE('',#3173,#3172,#3659,.T.);
#2598=EDGE_CURVE('',#3174,#2823,#3660,.T.);
#2599=EDGE_CURVE('',#3174,#3173,#3661,.T.);
#2600=EDGE_CURVE('',#3175,#2822,#3662,.T.);
#2601=EDGE_CURVE('',#3175,#3174,#241,.T.);
#2602=EDGE_CURVE('',#3176,#2821,#3663,.T.);
#2603=EDGE_CURVE('',#3176,#3175,#387,.T.);
#2604=EDGE_CURVE('',#3177,#2820,#3664,.T.);
#2605=EDGE_CURVE('',#3177,#3176,#388,.T.);
#2606=EDGE_CURVE('',#3178,#2819,#3665,.T.);
#2607=EDGE_CURVE('',#3178,#3177,#389,.T.);
#2608=EDGE_CURVE('',#3179,#2818,#3666,.T.);
#2609=EDGE_CURVE('',#3179,#3178,#390,.T.);
#2610=EDGE_CURVE('',#3180,#2817,#3667,.T.);
#2611=EDGE_CURVE('',#3180,#3179,#242,.T.);
#2612=EDGE_CURVE('',#3181,#2816,#3668,.T.);
#2613=EDGE_CURVE('',#3181,#3180,#3669,.T.);
#2614=EDGE_CURVE('',#3182,#2815,#3670,.T.);
#2615=EDGE_CURVE('',#3182,#3181,#243,.F.);
#2616=EDGE_CURVE('',#3183,#2814,#3671,.T.);
#2617=EDGE_CURVE('',#3183,#3182,#391,.T.);
#2618=EDGE_CURVE('',#3184,#2813,#3672,.T.);
#2619=EDGE_CURVE('',#3184,#3183,#392,.T.);
#2620=EDGE_CURVE('',#3185,#2812,#3673,.T.);
#2621=EDGE_CURVE('',#3185,#3184,#393,.T.);
#2622=EDGE_CURVE('',#3186,#2811,#3674,.T.);
#2623=EDGE_CURVE('',#3186,#3185,#394,.T.);
#2624=EDGE_CURVE('',#3187,#2810,#3675,.T.);
#2625=EDGE_CURVE('',#3187,#3186,#244,.F.);
#2626=EDGE_CURVE('',#3188,#2809,#3676,.T.);
#2627=EDGE_CURVE('',#3188,#3187,#245,.F.);
#2628=EDGE_CURVE('',#3171,#3188,#3677,.T.);
#2629=EDGE_CURVE('',#3189,#2826,#3678,.T.);
#2630=EDGE_CURVE('',#3189,#3190,#3679,.T.);
#2631=EDGE_CURVE('',#3190,#2827,#3680,.T.);
#2632=EDGE_CURVE('',#3191,#2825,#3681,.T.);
#2633=EDGE_CURVE('',#3191,#3189,#3682,.T.);
#2634=EDGE_CURVE('',#3192,#2834,#3683,.T.);
#2635=EDGE_CURVE('',#3192,#3191,#3684,.T.);
#2636=EDGE_CURVE('',#3193,#2833,#3685,.T.);
#2637=EDGE_CURVE('',#3193,#3192,#3686,.T.);
#2638=EDGE_CURVE('',#3194,#2832,#3687,.T.);
#2639=EDGE_CURVE('',#3194,#3193,#3688,.T.);
#2640=EDGE_CURVE('',#3195,#2831,#3689,.T.);
#2641=EDGE_CURVE('',#3195,#3194,#3690,.T.);
#2642=EDGE_CURVE('',#3196,#2830,#3691,.T.);
#2643=EDGE_CURVE('',#3196,#3195,#3692,.T.);
#2644=EDGE_CURVE('',#3197,#2829,#3693,.T.);
#2645=EDGE_CURVE('',#3197,#3196,#3694,.T.);
#2646=EDGE_CURVE('',#3198,#2828,#3695,.T.);
#2647=EDGE_CURVE('',#3198,#3197,#3696,.T.);
#2648=EDGE_CURVE('',#3190,#3198,#3697,.T.);
#2649=EDGE_CURVE('',#3199,#2836,#3698,.T.);
#2650=EDGE_CURVE('',#3199,#3200,#3699,.T.);
#2651=EDGE_CURVE('',#3200,#2837,#3700,.T.);
#2652=EDGE_CURVE('',#3201,#2835,#3701,.T.);
#2653=EDGE_CURVE('',#3201,#3199,#3702,.T.);
#2654=EDGE_CURVE('',#3202,#2846,#3703,.T.);
#2655=EDGE_CURVE('',#3202,#3201,#3704,.T.);
#2656=EDGE_CURVE('',#3203,#2845,#3705,.T.);
#2657=EDGE_CURVE('',#3203,#3202,#3706,.T.);
#2658=EDGE_CURVE('',#3204,#2844,#3707,.T.);
#2659=EDGE_CURVE('',#3204,#3203,#3708,.T.);
#2660=EDGE_CURVE('',#3205,#2843,#3709,.T.);
#2661=EDGE_CURVE('',#3205,#3204,#3710,.T.);
#2662=EDGE_CURVE('',#3206,#2842,#3711,.T.);
#2663=EDGE_CURVE('',#3206,#3205,#3712,.T.);
#2664=EDGE_CURVE('',#3207,#2841,#3713,.T.);
#2665=EDGE_CURVE('',#3207,#3206,#3714,.T.);
#2666=EDGE_CURVE('',#3208,#2840,#3715,.T.);
#2667=EDGE_CURVE('',#3208,#3207,#3716,.T.);
#2668=EDGE_CURVE('',#3209,#2839,#3717,.T.);
#2669=EDGE_CURVE('',#3209,#3208,#3718,.T.);
#2670=EDGE_CURVE('',#3210,#2838,#3719,.T.);
#2671=EDGE_CURVE('',#3210,#3209,#3720,.T.);
#2672=EDGE_CURVE('',#3200,#3210,#3721,.T.);
#2673=EDGE_CURVE('',#2925,#2897,#3722,.F.);
#2674=EDGE_CURVE('',#2898,#2926,#3723,.T.);
#2675=EDGE_CURVE('',#2923,#2900,#3724,.F.);
#2676=EDGE_CURVE('',#2899,#2924,#3725,.T.);
#2677=EDGE_CURVE('',#2927,#2918,#3726,.F.);
#2678=EDGE_CURVE('',#2917,#2928,#3727,.T.);
#2679=EDGE_CURVE('',#2997,#2920,#145,.T.);
#2680=EDGE_CURVE('',#2922,#2998,#146,.F.);
#2681=EDGE_CURVE('',#2972,#3003,#246,.T.);
#2682=EDGE_CURVE('',#2965,#2972,#247,.T.);
#2683=EDGE_CURVE('',#2965,#3003,#248,.F.);
#2684=EDGE_CURVE('',#2979,#2980,#249,.T.);
#2685=EDGE_CURVE('',#2977,#2978,#250,.T.);
#2686=EDGE_CURVE('',#2990,#2983,#251,.T.);
#2687=EDGE_CURVE('',#2973,#2976,#252,.T.);
#2688=EDGE_CURVE('',#2984,#2985,#253,.T.);
#2689=EDGE_CURVE('',#2986,#2987,#254,.T.);
#2690=EDGE_CURVE('',#2973,#2949,#255,.T.);
#2691=EDGE_CURVE('',#2976,#2948,#256,.T.);
#2692=EDGE_CURVE('',#2977,#2947,#257,.T.);
#2693=EDGE_CURVE('',#2978,#2946,#258,.T.);
#2694=EDGE_CURVE('',#2979,#2945,#259,.T.);
#2695=EDGE_CURVE('',#2980,#2944,#260,.T.);
#2696=EDGE_CURVE('',#2990,#2941,#261,.T.);
#2697=EDGE_CURVE('',#2983,#2940,#262,.T.);
#2698=EDGE_CURVE('',#2984,#2939,#263,.T.);
#2699=EDGE_CURVE('',#2985,#2938,#264,.T.);
#2700=EDGE_CURVE('',#2986,#2937,#265,.T.);
#2701=EDGE_CURVE('',#2987,#2936,#266,.T.);
#2702=VERTEX_POINT('',#6859);
#2703=VERTEX_POINT('',#6860);
#2704=VERTEX_POINT('',#6862);
#2705=VERTEX_POINT('',#6864);
#2706=VERTEX_POINT('',#6870);
#2707=VERTEX_POINT('',#6871);
#2708=VERTEX_POINT('',#6875);
#2709=VERTEX_POINT('',#6879);
#2710=VERTEX_POINT('',#6881);
#2711=VERTEX_POINT('',#6883);
#2712=VERTEX_POINT('',#6885);
#2713=VERTEX_POINT('',#6890);
#2714=VERTEX_POINT('',#6891);
#2715=VERTEX_POINT('',#6893);
#2716=VERTEX_POINT('',#6895);
#2717=VERTEX_POINT('',#6897);
#2718=VERTEX_POINT('',#6901);
#2719=VERTEX_POINT('',#6905);
#2720=VERTEX_POINT('',#6907);
#2721=VERTEX_POINT('',#6911);
#2722=VERTEX_POINT('',#6915);
#2723=VERTEX_POINT('',#6917);
#2724=VERTEX_POINT('',#6921);
#2725=VERTEX_POINT('',#6923);
#2726=VERTEX_POINT('',#6927);
#2727=VERTEX_POINT('',#6929);
#2728=VERTEX_POINT('',#6931);
#2729=VERTEX_POINT('',#6935);
#2730=VERTEX_POINT('',#6939);
#2731=VERTEX_POINT('',#6943);
#2732=VERTEX_POINT('',#6945);
#2733=VERTEX_POINT('',#6949);
#2734=VERTEX_POINT('',#6953);
#2735=VERTEX_POINT('',#6955);
#2736=VERTEX_POINT('',#6957);
#2737=VERTEX_POINT('',#6960);
#2738=VERTEX_POINT('',#6961);
#2739=VERTEX_POINT('',#6963);
#2740=VERTEX_POINT('',#6965);
#2741=VERTEX_POINT('',#6967);
#2742=VERTEX_POINT('',#6969);
#2743=VERTEX_POINT('',#6973);
#2744=VERTEX_POINT('',#6975);
#2745=VERTEX_POINT('',#6977);
#2746=VERTEX_POINT('',#6979);
#2747=VERTEX_POINT('',#6982);
#2748=VERTEX_POINT('',#6983);
#2749=VERTEX_POINT('',#6987);
#2750=VERTEX_POINT('',#6991);
#2751=VERTEX_POINT('',#6995);
#2752=VERTEX_POINT('',#6999);
#2753=VERTEX_POINT('',#7001);
#2754=VERTEX_POINT('',#7005);
#2755=VERTEX_POINT('',#7009);
#2756=VERTEX_POINT('',#7013);
#2757=VERTEX_POINT('',#7017);
#2758=VERTEX_POINT('',#7021);
#2759=VERTEX_POINT('',#7025);
#2760=VERTEX_POINT('',#7029);
#2761=VERTEX_POINT('',#7031);
#2762=VERTEX_POINT('',#7034);
#2763=VERTEX_POINT('',#7035);
#2764=VERTEX_POINT('',#7037);
#2765=VERTEX_POINT('',#7039);
#2766=VERTEX_POINT('',#7041);
#2767=VERTEX_POINT('',#7043);
#2768=VERTEX_POINT('',#7045);
#2769=VERTEX_POINT('',#7047);
#2770=VERTEX_POINT('',#7049);
#2771=VERTEX_POINT('',#7051);
#2772=VERTEX_POINT('',#7053);
#2773=VERTEX_POINT('',#7055);
#2774=VERTEX_POINT('',#7058);
#2775=VERTEX_POINT('',#7059);
#2776=VERTEX_POINT('',#7061);
#2777=VERTEX_POINT('',#7063);
#2778=VERTEX_POINT('',#7065);
#2779=VERTEX_POINT('',#7067);
#2780=VERTEX_POINT('',#7069);
#2781=VERTEX_POINT('',#7071);
#2782=VERTEX_POINT('',#7074);
#2783=VERTEX_POINT('',#7075);
#2784=VERTEX_POINT('',#7077);
#2785=VERTEX_POINT('',#7081);
#2786=VERTEX_POINT('',#7085);
#2787=VERTEX_POINT('',#7089);
#2788=VERTEX_POINT('',#7091);
#2789=VERTEX_POINT('',#7093);
#2790=VERTEX_POINT('',#7097);
#2791=VERTEX_POINT('',#7101);
#2792=VERTEX_POINT('',#7105);
#2793=VERTEX_POINT('',#7109);
#2794=VERTEX_POINT('',#7112);
#2795=VERTEX_POINT('',#7113);
#2796=VERTEX_POINT('',#7115);
#2797=VERTEX_POINT('',#7117);
#2798=VERTEX_POINT('',#7119);
#2799=VERTEX_POINT('',#7121);
#2800=VERTEX_POINT('',#7123);
#2801=VERTEX_POINT('',#7125);
#2802=VERTEX_POINT('',#7127);
#2803=VERTEX_POINT('',#7129);
#2804=VERTEX_POINT('',#7131);
#2805=VERTEX_POINT('',#7133);
#2806=VERTEX_POINT('',#7136);
#2807=VERTEX_POINT('',#7137);
#2808=VERTEX_POINT('',#7139);
#2809=VERTEX_POINT('',#7141);
#2810=VERTEX_POINT('',#7143);
#2811=VERTEX_POINT('',#7145);
#2812=VERTEX_POINT('',#7149);
#2813=VERTEX_POINT('',#7153);
#2814=VERTEX_POINT('',#7157);
#2815=VERTEX_POINT('',#7161);
#2816=VERTEX_POINT('',#7163);
#2817=VERTEX_POINT('',#7165);
#2818=VERTEX_POINT('',#7167);
#2819=VERTEX_POINT('',#7171);
#2820=VERTEX_POINT('',#7175);
#2821=VERTEX_POINT('',#7179);
#2822=VERTEX_POINT('',#7183);
#2823=VERTEX_POINT('',#7185);
#2824=VERTEX_POINT('',#7187);
#2825=VERTEX_POINT('',#7190);
#2826=VERTEX_POINT('',#7191);
#2827=VERTEX_POINT('',#7193);
#2828=VERTEX_POINT('',#7195);
#2829=VERTEX_POINT('',#7197);
#2830=VERTEX_POINT('',#7199);
#2831=VERTEX_POINT('',#7201);
#2832=VERTEX_POINT('',#7203);
#2833=VERTEX_POINT('',#7205);
#2834=VERTEX_POINT('',#7207);
#2835=VERTEX_POINT('',#7210);
#2836=VERTEX_POINT('',#7211);
#2837=VERTEX_POINT('',#7213);
#2838=VERTEX_POINT('',#7215);
#2839=VERTEX_POINT('',#7217);
#2840=VERTEX_POINT('',#7219);
#2841=VERTEX_POINT('',#7221);
#2842=VERTEX_POINT('',#7223);
#2843=VERTEX_POINT('',#7225);
#2844=VERTEX_POINT('',#7227);
#2845=VERTEX_POINT('',#7229);
#2846=VERTEX_POINT('',#7231);
#2847=VERTEX_POINT('',#7235);
#2848=VERTEX_POINT('',#7236);
#2849=VERTEX_POINT('',#7238);
#2850=VERTEX_POINT('',#7240);
#2851=VERTEX_POINT('',#7242);
#2852=VERTEX_POINT('',#7244);
#2853=VERTEX_POINT('',#7246);
#2854=VERTEX_POINT('',#7248);
#2855=VERTEX_POINT('',#7250);
#2856=VERTEX_POINT('',#7252);
#2857=VERTEX_POINT('',#7254);
#2858=VERTEX_POINT('',#7256);
#2859=VERTEX_POINT('',#7259);
#2860=VERTEX_POINT('',#7260);
#2861=VERTEX_POINT('',#7262);
#2862=VERTEX_POINT('',#7264);
#2863=VERTEX_POINT('',#7266);
#2864=VERTEX_POINT('',#7270);
#2865=VERTEX_POINT('',#7274);
#2866=VERTEX_POINT('',#7276);
#2867=VERTEX_POINT('',#7280);
#2868=VERTEX_POINT('',#7284);
#2869=VERTEX_POINT('',#7286);
#2870=VERTEX_POINT('',#7290);
#2871=VERTEX_POINT('',#7292);
#2872=VERTEX_POINT('',#7296);
#2873=VERTEX_POINT('',#7298);
#2874=VERTEX_POINT('',#7300);
#2875=VERTEX_POINT('',#7304);
#2876=VERTEX_POINT('',#7308);
#2877=VERTEX_POINT('',#7312);
#2878=VERTEX_POINT('',#7314);
#2879=VERTEX_POINT('',#7318);
#2880=VERTEX_POINT('',#7322);
#2881=VERTEX_POINT('',#7324);
#2882=VERTEX_POINT('',#7326);
#2883=VERTEX_POINT('',#7329);
#2884=VERTEX_POINT('',#7330);
#2885=VERTEX_POINT('',#7332);
#2886=VERTEX_POINT('',#7334);
#2887=VERTEX_POINT('',#7336);
#2888=VERTEX_POINT('',#7338);
#2889=VERTEX_POINT('',#7342);
#2890=VERTEX_POINT('',#7344);
#2891=VERTEX_POINT('',#7346);
#2892=VERTEX_POINT('',#7348);
#2893=VERTEX_POINT('',#7352);
#2894=VERTEX_POINT('',#7354);
#2895=VERTEX_POINT('',#7356);
#2896=VERTEX_POINT('',#7358);
#2897=VERTEX_POINT('',#7360);
#2898=VERTEX_POINT('',#7361);
#2899=VERTEX_POINT('',#7363);
#2900=VERTEX_POINT('',#7365);
#2901=VERTEX_POINT('',#7368);
#2902=VERTEX_POINT('',#7370);
#2903=VERTEX_POINT('',#7372);
#2904=VERTEX_POINT('',#7374);
#2905=VERTEX_POINT('',#7376);
#2906=VERTEX_POINT('',#7378);
#2907=VERTEX_POINT('',#7380);
#2908=VERTEX_POINT('',#7382);
#2909=VERTEX_POINT('',#7384);
#2910=VERTEX_POINT('',#7386);
#2911=VERTEX_POINT('',#7388);
#2912=VERTEX_POINT('',#7390);
#2913=VERTEX_POINT('',#7392);
#2914=VERTEX_POINT('',#7394);
#2915=VERTEX_POINT('',#7396);
#2916=VERTEX_POINT('',#7398);
#2917=VERTEX_POINT('',#7400);
#2918=VERTEX_POINT('',#7402);
#2919=VERTEX_POINT('',#7406);
#2920=VERTEX_POINT('',#7407);
#2921=VERTEX_POINT('',#7409);
#2922=VERTEX_POINT('',#7411);
#2923=VERTEX_POINT('',#7415);
#2924=VERTEX_POINT('',#7416);
#2925=VERTEX_POINT('',#7418);
#2926=VERTEX_POINT('',#7420);
#2927=VERTEX_POINT('',#7422);
#2928=VERTEX_POINT('',#7424);
#2929=VERTEX_POINT('',#7426);
#2930=VERTEX_POINT('',#7428);
#2931=VERTEX_POINT('',#7430);
#2932=VERTEX_POINT('',#7432);
#2933=VERTEX_POINT('',#7434);
#2934=VERTEX_POINT('',#7436);
#2935=VERTEX_POINT('',#7438);
#2936=VERTEX_POINT('',#7440);
#2937=VERTEX_POINT('',#7442);
#2938=VERTEX_POINT('',#7444);
#2939=VERTEX_POINT('',#7446);
#2940=VERTEX_POINT('',#7448);
#2941=VERTEX_POINT('',#7450);
#2942=VERTEX_POINT('',#7452);
#2943=VERTEX_POINT('',#7454);
#2944=VERTEX_POINT('',#7456);
#2945=VERTEX_POINT('',#7458);
#2946=VERTEX_POINT('',#7460);
#2947=VERTEX_POINT('',#7462);
#2948=VERTEX_POINT('',#7464);
#2949=VERTEX_POINT('',#7466);
#2950=VERTEX_POINT('',#7468);
#2951=VERTEX_POINT('',#7470);
#2952=VERTEX_POINT('',#7472);
#2953=VERTEX_POINT('',#7474);
#2954=VERTEX_POINT('',#7476);
#2955=VERTEX_POINT('',#7480);
#2956=VERTEX_POINT('',#7482);
#2957=VERTEX_POINT('',#7484);
#2958=VERTEX_POINT('',#7486);
#2959=VERTEX_POINT('',#7498);
#2960=VERTEX_POINT('',#7500);
#2961=VERTEX_POINT('',#7503);
#2962=VERTEX_POINT('',#7505);
#2963=VERTEX_POINT('',#7510);
#2964=VERTEX_POINT('',#7511);
#2965=VERTEX_POINT('',#7514);
#2966=VERTEX_POINT('',#7516);
#2967=VERTEX_POINT('',#7518);
#2968=VERTEX_POINT('',#7521);
#2969=VERTEX_POINT('',#7523);
#2970=VERTEX_POINT('',#7528);
#2971=VERTEX_POINT('',#7529);
#2972=VERTEX_POINT('',#7531);
#2973=VERTEX_POINT('',#7549);
#2974=VERTEX_POINT('',#7552);
#2975=VERTEX_POINT('',#7554);
#2976=VERTEX_POINT('',#7558);
#2977=VERTEX_POINT('',#7560);
#2978=VERTEX_POINT('',#7564);
#2979=VERTEX_POINT('',#7566);
#2980=VERTEX_POINT('',#7570);
#2981=VERTEX_POINT('',#7573);
#2982=VERTEX_POINT('',#7575);
#2983=VERTEX_POINT('',#7579);
#2984=VERTEX_POINT('',#7581);
#2985=VERTEX_POINT('',#7585);
#2986=VERTEX_POINT('',#7587);
#2987=VERTEX_POINT('',#7591);
#2988=VERTEX_POINT('',#7594);
#2989=VERTEX_POINT('',#7596);
#2990=VERTEX_POINT('',#7600);
#2991=VERTEX_POINT('',#7603);
#2992=VERTEX_POINT('',#7605);
#2993=VERTEX_POINT('',#7609);
#2994=VERTEX_POINT('',#7611);
#2995=VERTEX_POINT('',#7613);
#2996=VERTEX_POINT('',#7615);
#2997=VERTEX_POINT('',#7618);
#2998=VERTEX_POINT('',#7620);
#2999=VERTEX_POINT('',#7630);
#3000=VERTEX_POINT('',#7632);
#3001=VERTEX_POINT('',#7636);
#3002=VERTEX_POINT('',#7638);
#3003=VERTEX_POINT('',#7642);
#3004=VERTEX_POINT('',#7656);
#3005=VERTEX_POINT('',#7658);
#3006=VERTEX_POINT('',#7662);
#3007=VERTEX_POINT('',#7666);
#3008=VERTEX_POINT('',#7670);
#3009=VERTEX_POINT('',#7674);
#3010=VERTEX_POINT('',#7685);
#3011=VERTEX_POINT('',#7698);
#3012=VERTEX_POINT('',#7704);
#3013=VERTEX_POINT('',#7715);
#3014=VERTEX_POINT('',#7728);
#3015=VERTEX_POINT('',#7741);
#3016=VERTEX_POINT('',#7747);
#3017=VERTEX_POINT('',#7751);
#3018=VERTEX_POINT('',#7762);
#3019=VERTEX_POINT('',#7768);
#3020=VERTEX_POINT('',#7779);
#3021=VERTEX_POINT('',#7785);
#3022=VERTEX_POINT('',#7796);
#3023=VERTEX_POINT('',#7809);
#3024=VERTEX_POINT('',#7815);
#3025=VERTEX_POINT('',#7826);
#3026=VERTEX_POINT('',#7839);
#3027=VERTEX_POINT('',#7845);
#3028=VERTEX_POINT('',#7852);
#3029=VERTEX_POINT('',#7854);
#3030=VERTEX_POINT('',#7858);
#3031=VERTEX_POINT('',#7862);
#3032=VERTEX_POINT('',#7866);
#3033=VERTEX_POINT('',#7870);
#3034=VERTEX_POINT('',#7874);
#3035=VERTEX_POINT('',#7885);
#3036=VERTEX_POINT('',#7891);
#3037=VERTEX_POINT('',#7895);
#3038=VERTEX_POINT('',#7909);
#3039=VERTEX_POINT('',#7913);
#3040=VERTEX_POINT('',#7917);
#3041=VERTEX_POINT('',#7921);
#3042=VERTEX_POINT('',#7925);
#3043=VERTEX_POINT('',#7936);
#3044=VERTEX_POINT('',#7949);
#3045=VERTEX_POINT('',#7962);
#3046=VERTEX_POINT('',#7975);
#3047=VERTEX_POINT('',#7988);
#3048=VERTEX_POINT('',#8001);
#3049=VERTEX_POINT('',#8014);
#3050=VERTEX_POINT('',#8020);
#3051=VERTEX_POINT('',#8031);
#3052=VERTEX_POINT('',#8044);
#3053=VERTEX_POINT('',#8062);
#3054=VERTEX_POINT('',#8064);
#3055=VERTEX_POINT('',#8068);
#3056=VERTEX_POINT('',#8072);
#3057=VERTEX_POINT('',#8076);
#3058=VERTEX_POINT('',#8080);
#3059=VERTEX_POINT('',#8084);
#3060=VERTEX_POINT('',#8095);
#3061=VERTEX_POINT('',#8101);
#3062=VERTEX_POINT('',#8105);
#3063=VERTEX_POINT('',#8112);
#3064=VERTEX_POINT('',#8114);
#3065=VERTEX_POINT('',#8118);
#3066=VERTEX_POINT('',#8122);
#3067=VERTEX_POINT('',#8126);
#3068=VERTEX_POINT('',#8130);
#3069=VERTEX_POINT('',#8141);
#3070=VERTEX_POINT('',#8154);
#3071=VERTEX_POINT('',#8160);
#3072=VERTEX_POINT('',#8171);
#3073=VERTEX_POINT('',#8184);
#3074=VERTEX_POINT('',#8197);
#3075=VERTEX_POINT('',#8203);
#3076=VERTEX_POINT('',#8207);
#3077=VERTEX_POINT('',#8218);
#3078=VERTEX_POINT('',#8224);
#3079=VERTEX_POINT('',#8235);
#3080=VERTEX_POINT('',#8241);
#3081=VERTEX_POINT('',#8252);
#3082=VERTEX_POINT('',#8265);
#3083=VERTEX_POINT('',#8271);
#3084=VERTEX_POINT('',#8282);
#3085=VERTEX_POINT('',#8295);
#3086=VERTEX_POINT('',#8301);
#3087=VERTEX_POINT('',#8308);
#3088=VERTEX_POINT('',#8309);
#3089=VERTEX_POINT('',#8311);
#3090=VERTEX_POINT('',#8313);
#3091=VERTEX_POINT('',#8317);
#3092=VERTEX_POINT('',#8319);
#3093=VERTEX_POINT('',#8332);
#3094=VERTEX_POINT('',#8334);
#3095=VERTEX_POINT('',#8340);
#3096=VERTEX_POINT('',#8342);
#3097=VERTEX_POINT('',#8346);
#3098=VERTEX_POINT('',#8350);
#3099=VERTEX_POINT('',#8354);
#3100=VERTEX_POINT('',#8358);
#3101=VERTEX_POINT('',#8362);
#3102=VERTEX_POINT('',#8366);
#3103=VERTEX_POINT('',#8385);
#3104=VERTEX_POINT('',#8386);
#3105=VERTEX_POINT('',#8388);
#3106=VERTEX_POINT('',#8392);
#3107=VERTEX_POINT('',#8405);
#3108=VERTEX_POINT('',#8407);
#3109=VERTEX_POINT('',#8413);
#3110=VERTEX_POINT('',#8415);
#3111=VERTEX_POINT('',#8419);
#3112=VERTEX_POINT('',#8421);
#3113=VERTEX_POINT('',#8432);
#3114=VERTEX_POINT('',#8436);
#3115=VERTEX_POINT('',#8447);
#3116=VERTEX_POINT('',#8460);
#3117=VERTEX_POINT('',#8466);
#3118=VERTEX_POINT('',#8470);
#3119=VERTEX_POINT('',#8474);
#3120=VERTEX_POINT('',#8493);
#3121=VERTEX_POINT('',#8494);
#3122=VERTEX_POINT('',#8496);
#3123=VERTEX_POINT('',#8498);
#3124=VERTEX_POINT('',#8502);
#3125=VERTEX_POINT('',#8504);
#3126=VERTEX_POINT('',#8517);
#3127=VERTEX_POINT('',#8519);
#3128=VERTEX_POINT('',#8534);
#3129=VERTEX_POINT('',#8536);
#3130=VERTEX_POINT('',#8551);
#3131=VERTEX_POINT('',#8553);
#3132=VERTEX_POINT('',#8559);
#3133=VERTEX_POINT('',#8560);
#3134=VERTEX_POINT('',#8562);
#3135=VERTEX_POINT('',#8564);
#3136=VERTEX_POINT('',#8568);
#3137=VERTEX_POINT('',#8570);
#3138=VERTEX_POINT('',#8574);
#3139=VERTEX_POINT('',#8576);
#3140=VERTEX_POINT('',#8589);
#3141=VERTEX_POINT('',#8591);
#3142=VERTEX_POINT('',#8606);
#3143=VERTEX_POINT('',#8608);
#3144=VERTEX_POINT('',#8623);
#3145=VERTEX_POINT('',#8625);
#3146=VERTEX_POINT('',#8631);
#3147=VERTEX_POINT('',#8633);
#3148=VERTEX_POINT('',#8637);
#3149=VERTEX_POINT('',#8641);
#3150=VERTEX_POINT('',#8652);
#3151=VERTEX_POINT('',#8665);
#3152=VERTEX_POINT('',#8678);
#3153=VERTEX_POINT('',#8691);
#3154=VERTEX_POINT('',#8697);
#3155=VERTEX_POINT('',#8701);
#3156=VERTEX_POINT('',#8712);
#3157=VERTEX_POINT('',#8725);
#3158=VERTEX_POINT('',#8761);
#3159=VERTEX_POINT('',#8763);
#3160=VERTEX_POINT('',#8767);
#3161=VERTEX_POINT('',#8771);
#3162=VERTEX_POINT('',#8775);
#3163=VERTEX_POINT('',#8779);
#3164=VERTEX_POINT('',#8783);
#3165=VERTEX_POINT('',#8787);
#3166=VERTEX_POINT('',#8791);
#3167=VERTEX_POINT('',#8795);
#3168=VERTEX_POINT('',#8799);
#3169=VERTEX_POINT('',#8803);
#3170=VERTEX_POINT('',#8810);
#3171=VERTEX_POINT('',#8812);
#3172=VERTEX_POINT('',#8816);
#3173=VERTEX_POINT('',#8820);
#3174=VERTEX_POINT('',#8824);
#3175=VERTEX_POINT('',#8828);
#3176=VERTEX_POINT('',#8839);
#3177=VERTEX_POINT('',#8852);
#3178=VERTEX_POINT('',#8865);
#3179=VERTEX_POINT('',#8878);
#3180=VERTEX_POINT('',#8884);
#3181=VERTEX_POINT('',#8888);
#3182=VERTEX_POINT('',#8892);
#3183=VERTEX_POINT('',#8903);
#3184=VERTEX_POINT('',#8916);
#3185=VERTEX_POINT('',#8929);
#3186=VERTEX_POINT('',#8942);
#3187=VERTEX_POINT('',#8948);
#3188=VERTEX_POINT('',#8952);
#3189=VERTEX_POINT('',#8959);
#3190=VERTEX_POINT('',#8961);
#3191=VERTEX_POINT('',#8965);
#3192=VERTEX_POINT('',#8969);
#3193=VERTEX_POINT('',#8973);
#3194=VERTEX_POINT('',#8977);
#3195=VERTEX_POINT('',#8981);
#3196=VERTEX_POINT('',#8985);
#3197=VERTEX_POINT('',#8989);
#3198=VERTEX_POINT('',#8993);
#3199=VERTEX_POINT('',#9000);
#3200=VERTEX_POINT('',#9002);
#3201=VERTEX_POINT('',#9006);
#3202=VERTEX_POINT('',#9010);
#3203=VERTEX_POINT('',#9014);
#3204=VERTEX_POINT('',#9018);
#3205=VERTEX_POINT('',#9022);
#3206=VERTEX_POINT('',#9026);
#3207=VERTEX_POINT('',#9030);
#3208=VERTEX_POINT('',#9034);
#3209=VERTEX_POINT('',#9038);
#3210=VERTEX_POINT('',#9042);
#3211=LINE('',#6858,#3728);
#3212=LINE('',#6861,#3729);
#3213=LINE('',#6863,#3730);
#3214=LINE('',#6865,#3731);
#3215=LINE('',#6880,#3732);
#3216=LINE('',#6882,#3733);
#3217=LINE('',#6884,#3734);
#3218=LINE('',#6889,#3735);
#3219=LINE('',#6892,#3736);
#3220=LINE('',#6894,#3737);
#3221=LINE('',#6896,#3738);
#3222=LINE('',#6922,#3739);
#3223=LINE('',#6954,#3740);
#3224=LINE('',#6956,#3741);
#3225=LINE('',#6958,#3742);
#3226=LINE('',#6959,#3743);
#3227=LINE('',#6962,#3744);
#3228=LINE('',#6964,#3745);
#3229=LINE('',#6966,#3746);
#3230=LINE('',#6968,#3747);
#3231=LINE('',#6974,#3748);
#3232=LINE('',#6976,#3749);
#3233=LINE('',#6978,#3750);
#3234=LINE('',#6980,#3751);
#3235=LINE('',#7000,#3752);
#3236=LINE('',#7030,#3753);
#3237=LINE('',#7033,#3754);
#3238=LINE('',#7038,#3755);
#3239=LINE('',#7042,#3756);
#3240=LINE('',#7046,#3757);
#3241=LINE('',#7050,#3758);
#3242=LINE('',#7054,#3759);
#3243=LINE('',#7057,#3760);
#3244=LINE('',#7060,#3761);
#3245=LINE('',#7062,#3762);
#3246=LINE('',#7064,#3763);
#3247=LINE('',#7066,#3764);
#3248=LINE('',#7068,#3765);
#3249=LINE('',#7070,#3766);
#3250=LINE('',#7072,#3767);
#3251=LINE('',#7073,#3768);
#3252=LINE('',#7076,#3769);
#3253=LINE('',#7092,#3770);
#3254=LINE('',#7110,#3771);
#3255=LINE('',#7111,#3772);
#3256=LINE('',#7114,#3773);
#3257=LINE('',#7116,#3774);
#3258=LINE('',#7118,#3775);
#3259=LINE('',#7120,#3776);
#3260=LINE('',#7122,#3777);
#3261=LINE('',#7124,#3778);
#3262=LINE('',#7126,#3779);
#3263=LINE('',#7128,#3780);
#3264=LINE('',#7130,#3781);
#3265=LINE('',#7132,#3782);
#3266=LINE('',#7134,#3783);
#3267=LINE('',#7135,#3784);
#3268=LINE('',#7138,#3785);
#3269=LINE('',#7140,#3786);
#3270=LINE('',#7164,#3787);
#3271=LINE('',#7186,#3788);
#3272=LINE('',#7188,#3789);
#3273=LINE('',#7189,#3790);
#3274=LINE('',#7192,#3791);
#3275=LINE('',#7194,#3792);
#3276=LINE('',#7196,#3793);
#3277=LINE('',#7198,#3794);
#3278=LINE('',#7200,#3795);
#3279=LINE('',#7202,#3796);
#3280=LINE('',#7204,#3797);
#3281=LINE('',#7206,#3798);
#3282=LINE('',#7208,#3799);
#3283=LINE('',#7209,#3800);
#3284=LINE('',#7212,#3801);
#3285=LINE('',#7214,#3802);
#3286=LINE('',#7216,#3803);
#3287=LINE('',#7218,#3804);
#3288=LINE('',#7220,#3805);
#3289=LINE('',#7222,#3806);
#3290=LINE('',#7224,#3807);
#3291=LINE('',#7226,#3808);
#3292=LINE('',#7228,#3809);
#3293=LINE('',#7230,#3810);
#3294=LINE('',#7232,#3811);
#3295=LINE('',#7234,#3812);
#3296=LINE('',#7239,#3813);
#3297=LINE('',#7243,#3814);
#3298=LINE('',#7247,#3815);
#3299=LINE('',#7251,#3816);
#3300=LINE('',#7255,#3817);
#3301=LINE('',#7258,#3818);
#3302=LINE('',#7261,#3819);
#3303=LINE('',#7263,#3820);
#3304=LINE('',#7265,#3821);
#3305=LINE('',#7291,#3822);
#3306=LINE('',#7323,#3823);
#3307=LINE('',#7325,#3824);
#3308=LINE('',#7327,#3825);
#3309=LINE('',#7328,#3826);
#3310=LINE('',#7331,#3827);
#3311=LINE('',#7333,#3828);
#3312=LINE('',#7335,#3829);
#3313=LINE('',#7337,#3830);
#3314=LINE('',#7343,#3831);
#3315=LINE('',#7345,#3832);
#3316=LINE('',#7347,#3833);
#3317=LINE('',#7349,#3834);
#3318=LINE('',#7359,#3835);
#3319=LINE('',#7364,#3836);
#3320=LINE('',#7369,#3837);
#3321=LINE('',#7373,#3838);
#3322=LINE('',#7375,#3839);
#3323=LINE('',#7377,#3840);
#3324=LINE('',#7381,#3841);
#3325=LINE('',#7385,#3842);
#3326=LINE('',#7387,#3843);
#3327=LINE('',#7389,#3844);
#3328=LINE('',#7393,#3845);
#3329=LINE('',#7397,#3846);
#3330=LINE('',#7401,#3847);
#3331=LINE('',#7405,#3848);
#3332=LINE('',#7408,#3849);
#3333=LINE('',#7410,#3850);
#3334=LINE('',#7412,#3851);
#3335=LINE('',#7414,#3852);
#3336=LINE('',#7419,#3853);
#3337=LINE('',#7423,#3854);
#3338=LINE('',#7427,#3855);
#3339=LINE('',#7431,#3856);
#3340=LINE('',#7435,#3857);
#3341=LINE('',#7437,#3858);
#3342=LINE('',#7439,#3859);
#3343=LINE('',#7443,#3860);
#3344=LINE('',#7447,#3861);
#3345=LINE('',#7451,#3862);
#3346=LINE('',#7453,#3863);
#3347=LINE('',#7455,#3864);
#3348=LINE('',#7459,#3865);
#3349=LINE('',#7463,#3866);
#3350=LINE('',#7467,#3867);
#3351=LINE('',#7469,#3868);
#3352=LINE('',#7471,#3869);
#3353=LINE('',#7475,#3870);
#3354=LINE('',#7488,#3871);
#3355=LINE('',#7489,#3872);
#3356=LINE('',#7491,#3873);
#3357=LINE('',#7492,#3874);
#3358=LINE('',#7494,#3875);
#3359=LINE('',#7495,#3876);
#3360=LINE('',#7497,#3877);
#3361=LINE('',#7499,#3878);
#3362=LINE('',#7502,#3879);
#3363=LINE('',#7504,#3880);
#3364=LINE('',#7507,#3881);
#3365=LINE('',#7509,#3882);
#3366=LINE('',#7512,#3883);
#3367=LINE('',#7513,#3884);
#3368=LINE('',#7515,#3885);
#3369=LINE('',#7517,#3886);
#3370=LINE('',#7522,#3887);
#3371=LINE('',#7524,#3888);
#3372=LINE('',#7527,#3889);
#3373=LINE('',#7530,#3890);
#3374=LINE('',#7532,#3891);
#3375=LINE('',#7533,#3892);
#3376=LINE('',#7536,#3893);
#3377=LINE('',#7537,#3894);
#3378=LINE('',#7539,#3895);
#3379=LINE('',#7540,#3896);
#3380=LINE('',#7548,#3897);
#3381=LINE('',#7550,#3898);
#3382=LINE('',#7551,#3899);
#3383=LINE('',#7553,#3900);
#3384=LINE('',#7557,#3901);
#3385=LINE('',#7559,#3902);
#3386=LINE('',#7561,#3903);
#3387=LINE('',#7563,#3904);
#3388=LINE('',#7565,#3905);
#3389=LINE('',#7567,#3906);
#3390=LINE('',#7569,#3907);
#3391=LINE('',#7571,#3908);
#3392=LINE('',#7574,#3909);
#3393=LINE('',#7576,#3910);
#3394=LINE('',#7578,#3911);
#3395=LINE('',#7580,#3912);
#3396=LINE('',#7582,#3913);
#3397=LINE('',#7584,#3914);
#3398=LINE('',#7586,#3915);
#3399=LINE('',#7588,#3916);
#3400=LINE('',#7590,#3917);
#3401=LINE('',#7592,#3918);
#3402=LINE('',#7595,#3919);
#3403=LINE('',#7597,#3920);
#3404=LINE('',#7599,#3921);
#3405=LINE('',#7601,#3922);
#3406=LINE('',#7602,#3923);
#3407=LINE('',#7604,#3924);
#3408=LINE('',#7610,#3925);
#3409=LINE('',#7614,#3926);
#3410=LINE('',#7617,#3927);
#3411=LINE('',#7619,#3928);
#3412=LINE('',#7621,#3929);
#3413=LINE('',#7623,#3930);
#3414=LINE('',#7624,#3931);
#3415=LINE('',#7626,#3932);
#3416=LINE('',#7627,#3933);
#3417=LINE('',#7629,#3934);
#3418=LINE('',#7631,#3935);
#3419=LINE('',#7633,#3936);
#3420=LINE('',#7635,#3937);
#3421=LINE('',#7637,#3938);
#3422=LINE('',#7639,#3939);
#3423=LINE('',#7641,#3940);
#3424=LINE('',#7643,#3941);
#3425=LINE('',#7652,#3942);
#3426=LINE('',#7655,#3943);
#3427=LINE('',#7657,#3944);
#3428=LINE('',#7659,#3945);
#3429=LINE('',#7661,#3946);
#3430=LINE('',#7663,#3947);
#3431=LINE('',#7665,#3948);
#3432=LINE('',#7667,#3949);
#3433=LINE('',#7669,#3950);
#3434=LINE('',#7671,#3951);
#3435=LINE('',#7673,#3952);
#3436=LINE('',#7675,#3953);
#3437=LINE('',#7684,#3954);
#3438=LINE('',#7697,#3955);
#3439=LINE('',#7703,#3956);
#3440=LINE('',#7714,#3957);
#3441=LINE('',#7727,#3958);
#3442=LINE('',#7740,#3959);
#3443=LINE('',#7746,#3960);
#3444=LINE('',#7750,#3961);
#3445=LINE('',#7761,#3962);
#3446=LINE('',#7767,#3963);
#3447=LINE('',#7769,#3964);
#3448=LINE('',#7778,#3965);
#3449=LINE('',#7784,#3966);
#3450=LINE('',#7795,#3967);
#3451=LINE('',#7808,#3968);
#3452=LINE('',#7814,#3969);
#3453=LINE('',#7825,#3970);
#3454=LINE('',#7838,#3971);
#3455=LINE('',#7844,#3972);
#3456=LINE('',#7846,#3973);
#3457=LINE('',#7848,#3974);
#3458=LINE('',#7851,#3975);
#3459=LINE('',#7853,#3976);
#3460=LINE('',#7855,#3977);
#3461=LINE('',#7857,#3978);
#3462=LINE('',#7859,#3979);
#3463=LINE('',#7861,#3980);
#3464=LINE('',#7863,#3981);
#3465=LINE('',#7865,#3982);
#3466=LINE('',#7867,#3983);
#3467=LINE('',#7869,#3984);
#3468=LINE('',#7871,#3985);
#3469=LINE('',#7873,#3986);
#3470=LINE('',#7875,#3987);
#3471=LINE('',#7884,#3988);
#3472=LINE('',#7890,#3989);
#3473=LINE('',#7892,#3990);
#3474=LINE('',#7894,#3991);
#3475=LINE('',#7896,#3992);
#3476=LINE('',#7898,#3993);
#3477=LINE('',#7908,#3994);
#3478=LINE('',#7914,#3995);
#3479=LINE('',#7916,#3996);
#3480=LINE('',#7920,#3997);
#3481=LINE('',#7924,#3998);
#3482=LINE('',#7926,#3999);
#3483=LINE('',#7935,#4000);
#3484=LINE('',#7948,#4001);
#3485=LINE('',#7961,#4002);
#3486=LINE('',#7974,#4003);
#3487=LINE('',#7987,#4004);
#3488=LINE('',#8000,#4005);
#3489=LINE('',#8013,#4006);
#3490=LINE('',#8019,#4007);
#3491=LINE('',#8021,#4008);
#3492=LINE('',#8030,#4009);
#3493=LINE('',#8043,#4010);
#3494=LINE('',#8061,#4011);
#3495=LINE('',#8063,#4012);
#3496=LINE('',#8065,#4013);
#3497=LINE('',#8067,#4014);
#3498=LINE('',#8069,#4015);
#3499=LINE('',#8071,#4016);
#3500=LINE('',#8073,#4017);
#3501=LINE('',#8075,#4018);
#3502=LINE('',#8077,#4019);
#3503=LINE('',#8079,#4020);
#3504=LINE('',#8081,#4021);
#3505=LINE('',#8083,#4022);
#3506=LINE('',#8085,#4023);
#3507=LINE('',#8094,#4024);
#3508=LINE('',#8100,#4025);
#3509=LINE('',#8102,#4026);
#3510=LINE('',#8104,#4027);
#3511=LINE('',#8106,#4028);
#3512=LINE('',#8108,#4029);
#3513=LINE('',#8111,#4030);
#3514=LINE('',#8113,#4031);
#3515=LINE('',#8115,#4032);
#3516=LINE('',#8117,#4033);
#3517=LINE('',#8119,#4034);
#3518=LINE('',#8121,#4035);
#3519=LINE('',#8123,#4036);
#3520=LINE('',#8125,#4037);
#3521=LINE('',#8127,#4038);
#3522=LINE('',#8129,#4039);
#3523=LINE('',#8131,#4040);
#3524=LINE('',#8140,#4041);
#3525=LINE('',#8153,#4042);
#3526=LINE('',#8159,#4043);
#3527=LINE('',#8170,#4044);
#3528=LINE('',#8183,#4045);
#3529=LINE('',#8196,#4046);
#3530=LINE('',#8202,#4047);
#3531=LINE('',#8206,#4048);
#3532=LINE('',#8217,#4049);
#3533=LINE('',#8223,#4050);
#3534=LINE('',#8225,#4051);
#3535=LINE('',#8234,#4052);
#3536=LINE('',#8240,#4053);
#3537=LINE('',#8251,#4054);
#3538=LINE('',#8264,#4055);
#3539=LINE('',#8270,#4056);
#3540=LINE('',#8281,#4057);
#3541=LINE('',#8294,#4058);
#3542=LINE('',#8300,#4059);
#3543=LINE('',#8302,#4060);
#3544=LINE('',#8304,#4061);
#3545=LINE('',#8310,#4062);
#3546=LINE('',#8314,#4063);
#3547=LINE('',#8316,#4064);
#3548=LINE('',#8318,#4065);
#3549=LINE('',#8320,#4066);
#3550=LINE('',#8333,#4067);
#3551=LINE('',#8339,#4068);
#3552=LINE('',#8341,#4069);
#3553=LINE('',#8343,#4070);
#3554=LINE('',#8345,#4071);
#3555=LINE('',#8347,#4072);
#3556=LINE('',#8349,#4073);
#3557=LINE('',#8351,#4074);
#3558=LINE('',#8353,#4075);
#3559=LINE('',#8355,#4076);
#3560=LINE('',#8357,#4077);
#3561=LINE('',#8359,#4078);
#3562=LINE('',#8361,#4079);
#3563=LINE('',#8363,#4080);
#3564=LINE('',#8365,#4081);
#3565=LINE('',#8367,#4082);
#3566=LINE('',#8369,#4083);
#3567=LINE('',#8387,#4084);
#3568=LINE('',#8393,#4085);
#3569=LINE('',#8406,#4086);
#3570=LINE('',#8412,#4087);
#3571=LINE('',#8414,#4088);
#3572=LINE('',#8416,#4089);
#3573=LINE('',#8418,#4090);
#3574=LINE('',#8420,#4091);
#3575=LINE('',#8422,#4092);
#3576=LINE('',#8431,#4093);
#3577=LINE('',#8437,#4094);
#3578=LINE('',#8446,#4095);
#3579=LINE('',#8459,#4096);
#3580=LINE('',#8465,#4097);
#3581=LINE('',#8467,#4098);
#3582=LINE('',#8469,#4099);
#3583=LINE('',#8471,#4100);
#3584=LINE('',#8473,#4101);
#3585=LINE('',#8475,#4102);
#3586=LINE('',#8488,#4103);
#3587=LINE('',#8489,#4104);
#3588=LINE('',#8492,#4105);
#3589=LINE('',#8495,#4106);
#3590=LINE('',#8497,#4107);
#3591=LINE('',#8499,#4108);
#3592=LINE('',#8501,#4109);
#3593=LINE('',#8503,#4110);
#3594=LINE('',#8505,#4111);
#3595=LINE('',#8518,#4112);
#3596=LINE('',#8535,#4113);
#3597=LINE('',#8552,#4114);
#3598=LINE('',#8558,#4115);
#3599=LINE('',#8561,#4116);
#3600=LINE('',#8563,#4117);
#3601=LINE('',#8565,#4118);
#3602=LINE('',#8567,#4119);
#3603=LINE('',#8569,#4120);
#3604=LINE('',#8571,#4121);
#3605=LINE('',#8573,#4122);
#3606=LINE('',#8575,#4123);
#3607=LINE('',#8577,#4124);
#3608=LINE('',#8590,#4125);
#3609=LINE('',#8607,#4126);
#3610=LINE('',#8624,#4127);
#3611=LINE('',#8630,#4128);
#3612=LINE('',#8632,#4129);
#3613=LINE('',#8634,#4130);
#3614=LINE('',#8636,#4131);
#3615=LINE('',#8638,#4132);
#3616=LINE('',#8640,#4133);
#3617=LINE('',#8642,#4134);
#3618=LINE('',#8651,#4135);
#3619=LINE('',#8664,#4136);
#3620=LINE('',#8677,#4137);
#3621=LINE('',#8690,#4138);
#3622=LINE('',#8696,#4139);
#3623=LINE('',#8698,#4140);
#3624=LINE('',#8700,#4141);
#3625=LINE('',#8711,#4142);
#3626=LINE('',#8724,#4143);
#3627=LINE('',#8755,#4144);
#3628=LINE('',#8756,#4145);
#3629=LINE('',#8760,#4146);
#3630=LINE('',#8762,#4147);
#3631=LINE('',#8764,#4148);
#3632=LINE('',#8766,#4149);
#3633=LINE('',#8768,#4150);
#3634=LINE('',#8770,#4151);
#3635=LINE('',#8772,#4152);
#3636=LINE('',#8774,#4153);
#3637=LINE('',#8776,#4154);
#3638=LINE('',#8778,#4155);
#3639=LINE('',#8780,#4156);
#3640=LINE('',#8782,#4157);
#3641=LINE('',#8784,#4158);
#3642=LINE('',#8786,#4159);
#3643=LINE('',#8788,#4160);
#3644=LINE('',#8790,#4161);
#3645=LINE('',#8792,#4162);
#3646=LINE('',#8794,#4163);
#3647=LINE('',#8796,#4164);
#3648=LINE('',#8798,#4165);
#3649=LINE('',#8800,#4166);
#3650=LINE('',#8802,#4167);
#3651=LINE('',#8804,#4168);
#3652=LINE('',#8806,#4169);
#3653=LINE('',#8809,#4170);
#3654=LINE('',#8811,#4171);
#3655=LINE('',#8813,#4172);
#3656=LINE('',#8815,#4173);
#3657=LINE('',#8817,#4174);
#3658=LINE('',#8819,#4175);
#3659=LINE('',#8821,#4176);
#3660=LINE('',#8823,#4177);
#3661=LINE('',#8825,#4178);
#3662=LINE('',#8827,#4179);
#3663=LINE('',#8838,#4180);
#3664=LINE('',#8851,#4181);
#3665=LINE('',#8864,#4182);
#3666=LINE('',#8877,#4183);
#3667=LINE('',#8883,#4184);
#3668=LINE('',#8887,#4185);
#3669=LINE('',#8889,#4186);
#3670=LINE('',#8891,#4187);
#3671=LINE('',#8902,#4188);
#3672=LINE('',#8915,#4189);
#3673=LINE('',#8928,#4190);
#3674=LINE('',#8941,#4191);
#3675=LINE('',#8947,#4192);
#3676=LINE('',#8951,#4193);
#3677=LINE('',#8955,#4194);
#3678=LINE('',#8958,#4195);
#3679=LINE('',#8960,#4196);
#3680=LINE('',#8962,#4197);
#3681=LINE('',#8964,#4198);
#3682=LINE('',#8966,#4199);
#3683=LINE('',#8968,#4200);
#3684=LINE('',#8970,#4201);
#3685=LINE('',#8972,#4202);
#3686=LINE('',#8974,#4203);
#3687=LINE('',#8976,#4204);
#3688=LINE('',#8978,#4205);
#3689=LINE('',#8980,#4206);
#3690=LINE('',#8982,#4207);
#3691=LINE('',#8984,#4208);
#3692=LINE('',#8986,#4209);
#3693=LINE('',#8988,#4210);
#3694=LINE('',#8990,#4211);
#3695=LINE('',#8992,#4212);
#3696=LINE('',#8994,#4213);
#3697=LINE('',#8996,#4214);
#3698=LINE('',#8999,#4215);
#3699=LINE('',#9001,#4216);
#3700=LINE('',#9003,#4217);
#3701=LINE('',#9005,#4218);
#3702=LINE('',#9007,#4219);
#3703=LINE('',#9009,#4220);
#3704=LINE('',#9011,#4221);
#3705=LINE('',#9013,#4222);
#3706=LINE('',#9015,#4223);
#3707=LINE('',#9017,#4224);
#3708=LINE('',#9019,#4225);
#3709=LINE('',#9021,#4226);
#3710=LINE('',#9023,#4227);
#3711=LINE('',#9025,#4228);
#3712=LINE('',#9027,#4229);
#3713=LINE('',#9029,#4230);
#3714=LINE('',#9031,#4231);
#3715=LINE('',#9033,#4232);
#3716=LINE('',#9035,#4233);
#3717=LINE('',#9037,#4234);
#3718=LINE('',#9039,#4235);
#3719=LINE('',#9041,#4236);
#3720=LINE('',#9043,#4237);
#3721=LINE('',#9045,#4238);
#3722=LINE('',#9051,#4239);
#3723=LINE('',#9052,#4240);
#3724=LINE('',#9054,#4241);
#3725=LINE('',#9055,#4242);
#3726=LINE('',#9057,#4243);
#3727=LINE('',#9058,#4244);
#3728=VECTOR('',#5657,1.);
#3729=VECTOR('',#5658,1.);
#3730=VECTOR('',#5659,1.);
#3731=VECTOR('',#5660,1.);
#3732=VECTOR('',#5663,1.);
#3733=VECTOR('',#5664,1.);
#3734=VECTOR('',#5665,1.);
#3735=VECTOR('',#5666,1.);
#3736=VECTOR('',#5667,1.);
#3737=VECTOR('',#5668,1.);
#3738=VECTOR('',#5669,1.);
#3739=VECTOR('',#5674,1.);
#3740=VECTOR('',#5681,1.);
#3741=VECTOR('',#5682,1.);
#3742=VECTOR('',#5683,1.);
#3743=VECTOR('',#5684,1.);
#3744=VECTOR('',#5685,1.);
#3745=VECTOR('',#5686,1.);
#3746=VECTOR('',#5687,1.);
#3747=VECTOR('',#5688,1.);
#3748=VECTOR('',#5689,1.);
#3749=VECTOR('',#5690,1.);
#3750=VECTOR('',#5691,1.);
#3751=VECTOR('',#5692,1.);
#3752=VECTOR('',#5695,1.);
#3753=VECTOR('',#5696,1.);
#3754=VECTOR('',#5699,1.);
#3755=VECTOR('',#5702,1.);
#3756=VECTOR('',#5705,1.);
#3757=VECTOR('',#5708,1.);
#3758=VECTOR('',#5711,1.);
#3759=VECTOR('',#5714,1.);
#3760=VECTOR('',#5717,1.);
#3761=VECTOR('',#5718,1.);
#3762=VECTOR('',#5719,1.);
#3763=VECTOR('',#5720,1.);
#3764=VECTOR('',#5721,1.);
#3765=VECTOR('',#5722,1.);
#3766=VECTOR('',#5723,1.);
#3767=VECTOR('',#5724,1.);
#3768=VECTOR('',#5725,1.);
#3769=VECTOR('',#5726,1.);
#3770=VECTOR('',#5729,1.);
#3771=VECTOR('',#5730,1.);
#3772=VECTOR('',#5731,1.);
#3773=VECTOR('',#5732,1.);
#3774=VECTOR('',#5733,1.);
#3775=VECTOR('',#5734,1.);
#3776=VECTOR('',#5735,1.);
#3777=VECTOR('',#5736,1.);
#3778=VECTOR('',#5737,1.);
#3779=VECTOR('',#5738,1.);
#3780=VECTOR('',#5739,1.);
#3781=VECTOR('',#5740,1.);
#3782=VECTOR('',#5741,1.);
#3783=VECTOR('',#5742,1.);
#3784=VECTOR('',#5743,1.);
#3785=VECTOR('',#5744,1.);
#3786=VECTOR('',#5745,1.);
#3787=VECTOR('',#5752,1.);
#3788=VECTOR('',#5757,1.);
#3789=VECTOR('',#5758,1.);
#3790=VECTOR('',#5759,1.);
#3791=VECTOR('',#5760,1.);
#3792=VECTOR('',#5761,1.);
#3793=VECTOR('',#5762,1.);
#3794=VECTOR('',#5763,1.);
#3795=VECTOR('',#5764,1.);
#3796=VECTOR('',#5765,1.);
#3797=VECTOR('',#5766,1.);
#3798=VECTOR('',#5767,1.);
#3799=VECTOR('',#5768,1.);
#3800=VECTOR('',#5769,1.);
#3801=VECTOR('',#5770,1.);
#3802=VECTOR('',#5771,1.);
#3803=VECTOR('',#5772,1.);
#3804=VECTOR('',#5773,1.);
#3805=VECTOR('',#5774,1.);
#3806=VECTOR('',#5775,1.);
#3807=VECTOR('',#5776,1.);
#3808=VECTOR('',#5777,1.);
#3809=VECTOR('',#5778,1.);
#3810=VECTOR('',#5779,1.);
#3811=VECTOR('',#5780,1.);
#3812=VECTOR('',#5783,1.);
#3813=VECTOR('',#5786,1.);
#3814=VECTOR('',#5789,1.);
#3815=VECTOR('',#5792,1.);
#3816=VECTOR('',#5795,1.);
#3817=VECTOR('',#5798,1.);
#3818=VECTOR('',#5801,1.);
#3819=VECTOR('',#5802,1.);
#3820=VECTOR('',#5803,1.);
#3821=VECTOR('',#5804,1.);
#3822=VECTOR('',#5809,1.);
#3823=VECTOR('',#5816,1.);
#3824=VECTOR('',#5817,1.);
#3825=VECTOR('',#5818,1.);
#3826=VECTOR('',#5819,1.);
#3827=VECTOR('',#5820,1.);
#3828=VECTOR('',#5821,1.);
#3829=VECTOR('',#5822,1.);
#3830=VECTOR('',#5823,1.);
#3831=VECTOR('',#5824,1.);
#3832=VECTOR('',#5825,1.);
#3833=VECTOR('',#5826,1.);
#3834=VECTOR('',#5827,1.);
#3835=VECTOR('',#5838,1.);
#3836=VECTOR('',#5841,1.);
#3837=VECTOR('',#5846,1.);
#3838=VECTOR('',#5849,1.);
#3839=VECTOR('',#5850,1.);
#3840=VECTOR('',#5851,1.);
#3841=VECTOR('',#5854,1.);
#3842=VECTOR('',#5857,1.);
#3843=VECTOR('',#5858,1.);
#3844=VECTOR('',#5859,1.);
#3845=VECTOR('',#5862,1.);
#3846=VECTOR('',#5865,1.);
#3847=VECTOR('',#5868,1.);
#3848=VECTOR('',#5873,1.);
#3849=VECTOR('',#5874,1.);
#3850=VECTOR('',#5875,1.);
#3851=VECTOR('',#5876,1.);
#3852=VECTOR('',#5879,1.);
#3853=VECTOR('',#5882,1.);
#3854=VECTOR('',#5885,1.);
#3855=VECTOR('',#5888,1.);
#3856=VECTOR('',#5891,1.);
#3857=VECTOR('',#5894,1.);
#3858=VECTOR('',#5895,1.);
#3859=VECTOR('',#5896,1.);
#3860=VECTOR('',#5899,1.);
#3861=VECTOR('',#5902,1.);
#3862=VECTOR('',#5905,1.);
#3863=VECTOR('',#5906,1.);
#3864=VECTOR('',#5907,1.);
#3865=VECTOR('',#5910,1.);
#3866=VECTOR('',#5913,1.);
#3867=VECTOR('',#5916,1.);
#3868=VECTOR('',#5917,1.);
#3869=VECTOR('',#5918,1.);
#3870=VECTOR('',#5921,1.);
#3871=VECTOR('',#5936,1.);
#3872=VECTOR('',#5937,1.);
#3873=VECTOR('',#5940,1.);
#3874=VECTOR('',#5941,1.);
#3875=VECTOR('',#5944,1.);
#3876=VECTOR('',#5945,1.);
#3877=VECTOR('',#5948,1.);
#3878=VECTOR('',#5949,1.);
#3879=VECTOR('',#5952,1.);
#3880=VECTOR('',#5953,1.);
#3881=VECTOR('',#5956,1.);
#3882=VECTOR('',#5959,1.);
#3883=VECTOR('',#5960,1.);
#3884=VECTOR('',#5961,1.);
#3885=VECTOR('',#5962,1.);
#3886=VECTOR('',#5963,1.);
#3887=VECTOR('',#5968,1.);
#3888=VECTOR('',#5969,1.);
#3889=VECTOR('',#5974,1.);
#3890=VECTOR('',#5975,1.);
#3891=VECTOR('',#5976,1.);
#3892=VECTOR('',#5977,1.);
#3893=VECTOR('',#5982,1.);
#3894=VECTOR('',#5983,1.);
#3895=VECTOR('',#5986,1.);
#3896=VECTOR('',#5987,1.);
#3897=VECTOR('',#6002,1.);
#3898=VECTOR('',#6003,1.);
#3899=VECTOR('',#6004,1.);
#3900=VECTOR('',#6005,1.);
#3901=VECTOR('',#6010,1.);
#3902=VECTOR('',#6011,1.);
#3903=VECTOR('',#6012,1.);
#3904=VECTOR('',#6015,1.);
#3905=VECTOR('',#6016,1.);
#3906=VECTOR('',#6017,1.);
#3907=VECTOR('',#6020,1.);
#3908=VECTOR('',#6021,1.);
#3909=VECTOR('',#6024,1.);
#3910=VECTOR('',#6025,1.);
#3911=VECTOR('',#6028,1.);
#3912=VECTOR('',#6029,1.);
#3913=VECTOR('',#6030,1.);
#3914=VECTOR('',#6033,1.);
#3915=VECTOR('',#6034,1.);
#3916=VECTOR('',#6035,1.);
#3917=VECTOR('',#6038,1.);
#3918=VECTOR('',#6039,1.);
#3919=VECTOR('',#6042,1.);
#3920=VECTOR('',#6043,1.);
#3921=VECTOR('',#6046,1.);
#3922=VECTOR('',#6047,1.);
#3923=VECTOR('',#6048,1.);
#3924=VECTOR('',#6049,1.);
#3925=VECTOR('',#6056,1.);
#3926=VECTOR('',#6059,1.);
#3927=VECTOR('',#6062,1.);
#3928=VECTOR('',#6063,1.);
#3929=VECTOR('',#6064,1.);
#3930=VECTOR('',#6067,1.);
#3931=VECTOR('',#6068,1.);
#3932=VECTOR('',#6071,1.);
#3933=VECTOR('',#6072,1.);
#3934=VECTOR('',#6075,1.);
#3935=VECTOR('',#6076,1.);
#3936=VECTOR('',#6077,1.);
#3937=VECTOR('',#6080,1.);
#3938=VECTOR('',#6081,1.);
#3939=VECTOR('',#6082,1.);
#3940=VECTOR('',#6085,1.);
#3941=VECTOR('',#6086,1.);
#3942=VECTOR('',#6103,1.);
#3943=VECTOR('',#6108,1.);
#3944=VECTOR('',#6109,1.);
#3945=VECTOR('',#6110,1.);
#3946=VECTOR('',#6113,1.);
#3947=VECTOR('',#6114,1.);
#3948=VECTOR('',#6117,1.);
#3949=VECTOR('',#6118,1.);
#3950=VECTOR('',#6121,1.);
#3951=VECTOR('',#6122,1.);
#3952=VECTOR('',#6125,1.);
#3953=VECTOR('',#6126,1.);
#3954=VECTOR('',#6127,1.);
#3955=VECTOR('',#6128,1.);
#3956=VECTOR('',#6131,1.);
#3957=VECTOR('',#6134,1.);
#3958=VECTOR('',#6135,1.);
#3959=VECTOR('',#6136,1.);
#3960=VECTOR('',#6139,1.);
#3961=VECTOR('',#6144,1.);
#3962=VECTOR('',#6147,1.);
#3963=VECTOR('',#6150,1.);
#3964=VECTOR('',#6151,1.);
#3965=VECTOR('',#6152,1.);
#3966=VECTOR('',#6155,1.);
#3967=VECTOR('',#6158,1.);
#3968=VECTOR('',#6159,1.);
#3969=VECTOR('',#6162,1.);
#3970=VECTOR('',#6165,1.);
#3971=VECTOR('',#6166,1.);
#3972=VECTOR('',#6169,1.);
#3973=VECTOR('',#6170,1.);
#3974=VECTOR('',#6173,1.);
#3975=VECTOR('',#6178,1.);
#3976=VECTOR('',#6179,1.);
#3977=VECTOR('',#6180,1.);
#3978=VECTOR('',#6183,1.);
#3979=VECTOR('',#6184,1.);
#3980=VECTOR('',#6187,1.);
#3981=VECTOR('',#6188,1.);
#3982=VECTOR('',#6191,1.);
#3983=VECTOR('',#6192,1.);
#3984=VECTOR('',#6195,1.);
#3985=VECTOR('',#6196,1.);
#3986=VECTOR('',#6199,1.);
#3987=VECTOR('',#6200,1.);
#3988=VECTOR('',#6201,1.);
#3989=VECTOR('',#6204,1.);
#3990=VECTOR('',#6205,1.);
#3991=VECTOR('',#6208,1.);
#3992=VECTOR('',#6209,1.);
#3993=VECTOR('',#6212,1.);
#3994=VECTOR('',#6215,1.);
#3995=VECTOR('',#6216,1.);
#3996=VECTOR('',#6219,1.);
#3997=VECTOR('',#6224,1.);
#3998=VECTOR('',#6229,1.);
#3999=VECTOR('',#6230,1.);
#4000=VECTOR('',#6231,1.);
#4001=VECTOR('',#6232,1.);
#4002=VECTOR('',#6233,1.);
#4003=VECTOR('',#6234,1.);
#4004=VECTOR('',#6235,1.);
#4005=VECTOR('',#6236,1.);
#4006=VECTOR('',#6237,1.);
#4007=VECTOR('',#6240,1.);
#4008=VECTOR('',#6241,1.);
#4009=VECTOR('',#6242,1.);
#4010=VECTOR('',#6243,1.);
#4011=VECTOR('',#6248,1.);
#4012=VECTOR('',#6249,1.);
#4013=VECTOR('',#6250,1.);
#4014=VECTOR('',#6253,1.);
#4015=VECTOR('',#6254,1.);
#4016=VECTOR('',#6257,1.);
#4017=VECTOR('',#6258,1.);
#4018=VECTOR('',#6261,1.);
#4019=VECTOR('',#6262,1.);
#4020=VECTOR('',#6265,1.);
#4021=VECTOR('',#6266,1.);
#4022=VECTOR('',#6269,1.);
#4023=VECTOR('',#6270,1.);
#4024=VECTOR('',#6271,1.);
#4025=VECTOR('',#6274,1.);
#4026=VECTOR('',#6275,1.);
#4027=VECTOR('',#6278,1.);
#4028=VECTOR('',#6279,1.);
#4029=VECTOR('',#6282,1.);
#4030=VECTOR('',#6287,1.);
#4031=VECTOR('',#6288,1.);
#4032=VECTOR('',#6289,1.);
#4033=VECTOR('',#6292,1.);
#4034=VECTOR('',#6293,1.);
#4035=VECTOR('',#6296,1.);
#4036=VECTOR('',#6297,1.);
#4037=VECTOR('',#6300,1.);
#4038=VECTOR('',#6301,1.);
#4039=VECTOR('',#6304,1.);
#4040=VECTOR('',#6305,1.);
#4041=VECTOR('',#6306,1.);
#4042=VECTOR('',#6307,1.);
#4043=VECTOR('',#6310,1.);
#4044=VECTOR('',#6313,1.);
#4045=VECTOR('',#6314,1.);
#4046=VECTOR('',#6315,1.);
#4047=VECTOR('',#6318,1.);
#4048=VECTOR('',#6323,1.);
#4049=VECTOR('',#6326,1.);
#4050=VECTOR('',#6329,1.);
#4051=VECTOR('',#6330,1.);
#4052=VECTOR('',#6331,1.);
#4053=VECTOR('',#6334,1.);
#4054=VECTOR('',#6337,1.);
#4055=VECTOR('',#6338,1.);
#4056=VECTOR('',#6341,1.);
#4057=VECTOR('',#6344,1.);
#4058=VECTOR('',#6345,1.);
#4059=VECTOR('',#6348,1.);
#4060=VECTOR('',#6349,1.);
#4061=VECTOR('',#6352,1.);
#4062=VECTOR('',#6359,1.);
#4063=VECTOR('',#6362,1.);
#4064=VECTOR('',#6365,1.);
#4065=VECTOR('',#6366,1.);
#4066=VECTOR('',#6367,1.);
#4067=VECTOR('',#6368,1.);
#4068=VECTOR('',#6371,1.);
#4069=VECTOR('',#6372,1.);
#4070=VECTOR('',#6373,1.);
#4071=VECTOR('',#6376,1.);
#4072=VECTOR('',#6377,1.);
#4073=VECTOR('',#6380,1.);
#4074=VECTOR('',#6381,1.);
#4075=VECTOR('',#6384,1.);
#4076=VECTOR('',#6385,1.);
#4077=VECTOR('',#6388,1.);
#4078=VECTOR('',#6389,1.);
#4079=VECTOR('',#6392,1.);
#4080=VECTOR('',#6393,1.);
#4081=VECTOR('',#6396,1.);
#4082=VECTOR('',#6397,1.);
#4083=VECTOR('',#6400,1.);
#4084=VECTOR('',#6409,1.);
#4085=VECTOR('',#6410,1.);
#4086=VECTOR('',#6411,1.);
#4087=VECTOR('',#6414,1.);
#4088=VECTOR('',#6415,1.);
#4089=VECTOR('',#6416,1.);
#4090=VECTOR('',#6419,1.);
#4091=VECTOR('',#6420,1.);
#4092=VECTOR('',#6421,1.);
#4093=VECTOR('',#6422,1.);
#4094=VECTOR('',#6423,1.);
#4095=VECTOR('',#6424,1.);
#4096=VECTOR('',#6425,1.);
#4097=VECTOR('',#6428,1.);
#4098=VECTOR('',#6429,1.);
#4099=VECTOR('',#6432,1.);
#4100=VECTOR('',#6433,1.);
#4101=VECTOR('',#6436,1.);
#4102=VECTOR('',#6437,1.);
#4103=VECTOR('',#6440,1.);
#4104=VECTOR('',#6441,1.);
#4105=VECTOR('',#6446,1.);
#4106=VECTOR('',#6447,1.);
#4107=VECTOR('',#6448,1.);
#4108=VECTOR('',#6449,1.);
#4109=VECTOR('',#6452,1.);
#4110=VECTOR('',#6453,1.);
#4111=VECTOR('',#6454,1.);
#4112=VECTOR('',#6455,1.);
#4113=VECTOR('',#6456,1.);
#4114=VECTOR('',#6457,1.);
#4115=VECTOR('',#6460,1.);
#4116=VECTOR('',#6461,1.);
#4117=VECTOR('',#6462,1.);
#4118=VECTOR('',#6463,1.);
#4119=VECTOR('',#6466,1.);
#4120=VECTOR('',#6467,1.);
#4121=VECTOR('',#6468,1.);
#4122=VECTOR('',#6471,1.);
#4123=VECTOR('',#6472,1.);
#4124=VECTOR('',#6473,1.);
#4125=VECTOR('',#6474,1.);
#4126=VECTOR('',#6475,1.);
#4127=VECTOR('',#6476,1.);
#4128=VECTOR('',#6479,1.);
#4129=VECTOR('',#6480,1.);
#4130=VECTOR('',#6481,1.);
#4131=VECTOR('',#6484,1.);
#4132=VECTOR('',#6485,1.);
#4133=VECTOR('',#6488,1.);
#4134=VECTOR('',#6489,1.);
#4135=VECTOR('',#6490,1.);
#4136=VECTOR('',#6491,1.);
#4137=VECTOR('',#6492,1.);
#4138=VECTOR('',#6493,1.);
#4139=VECTOR('',#6496,1.);
#4140=VECTOR('',#6497,1.);
#4141=VECTOR('',#6500,1.);
#4142=VECTOR('',#6503,1.);
#4143=VECTOR('',#6504,1.);
#4144=VECTOR('',#6507,1.);
#4145=VECTOR('',#6508,1.);
#4146=VECTOR('',#6515,1.);
#4147=VECTOR('',#6516,1.);
#4148=VECTOR('',#6517,1.);
#4149=VECTOR('',#6520,1.);
#4150=VECTOR('',#6521,1.);
#4151=VECTOR('',#6524,1.);
#4152=VECTOR('',#6525,1.);
#4153=VECTOR('',#6528,1.);
#4154=VECTOR('',#6529,1.);
#4155=VECTOR('',#6532,1.);
#4156=VECTOR('',#6533,1.);
#4157=VECTOR('',#6536,1.);
#4158=VECTOR('',#6537,1.);
#4159=VECTOR('',#6540,1.);
#4160=VECTOR('',#6541,1.);
#4161=VECTOR('',#6544,1.);
#4162=VECTOR('',#6545,1.);
#4163=VECTOR('',#6548,1.);
#4164=VECTOR('',#6549,1.);
#4165=VECTOR('',#6552,1.);
#4166=VECTOR('',#6553,1.);
#4167=VECTOR('',#6556,1.);
#4168=VECTOR('',#6557,1.);
#4169=VECTOR('',#6560,1.);
#4170=VECTOR('',#6565,1.);
#4171=VECTOR('',#6566,1.);
#4172=VECTOR('',#6567,1.);
#4173=VECTOR('',#6570,1.);
#4174=VECTOR('',#6571,1.);
#4175=VECTOR('',#6574,1.);
#4176=VECTOR('',#6575,1.);
#4177=VECTOR('',#6578,1.);
#4178=VECTOR('',#6579,1.);
#4179=VECTOR('',#6582,1.);
#4180=VECTOR('',#6585,1.);
#4181=VECTOR('',#6586,1.);
#4182=VECTOR('',#6587,1.);
#4183=VECTOR('',#6588,1.);
#4184=VECTOR('',#6591,1.);
#4185=VECTOR('',#6596,1.);
#4186=VECTOR('',#6597,1.);
#4187=VECTOR('',#6600,1.);
#4188=VECTOR('',#6603,1.);
#4189=VECTOR('',#6604,1.);
#4190=VECTOR('',#6605,1.);
#4191=VECTOR('',#6606,1.);
#4192=VECTOR('',#6609,1.);
#4193=VECTOR('',#6614,1.);
#4194=VECTOR('',#6619,1.);
#4195=VECTOR('',#6624,1.);
#4196=VECTOR('',#6625,1.);
#4197=VECTOR('',#6626,1.);
#4198=VECTOR('',#6629,1.);
#4199=VECTOR('',#6630,1.);
#4200=VECTOR('',#6633,1.);
#4201=VECTOR('',#6634,1.);
#4202=VECTOR('',#6637,1.);
#4203=VECTOR('',#6638,1.);
#4204=VECTOR('',#6641,1.);
#4205=VECTOR('',#6642,1.);
#4206=VECTOR('',#6645,1.);
#4207=VECTOR('',#6646,1.);
#4208=VECTOR('',#6649,1.);
#4209=VECTOR('',#6650,1.);
#4210=VECTOR('',#6653,1.);
#4211=VECTOR('',#6654,1.);
#4212=VECTOR('',#6657,1.);
#4213=VECTOR('',#6658,1.);
#4214=VECTOR('',#6661,1.);
#4215=VECTOR('',#6666,1.);
#4216=VECTOR('',#6667,1.);
#4217=VECTOR('',#6668,1.);
#4218=VECTOR('',#6671,1.);
#4219=VECTOR('',#6672,1.);
#4220=VECTOR('',#6675,1.);
#4221=VECTOR('',#6676,1.);
#4222=VECTOR('',#6679,1.);
#4223=VECTOR('',#6680,1.);
#4224=VECTOR('',#6683,1.);
#4225=VECTOR('',#6684,1.);
#4226=VECTOR('',#6687,1.);
#4227=VECTOR('',#6688,1.);
#4228=VECTOR('',#6691,1.);
#4229=VECTOR('',#6692,1.);
#4230=VECTOR('',#6695,1.);
#4231=VECTOR('',#6696,1.);
#4232=VECTOR('',#6699,1.);
#4233=VECTOR('',#6700,1.);
#4234=VECTOR('',#6703,1.);
#4235=VECTOR('',#6704,1.);
#4236=VECTOR('',#6707,1.);
#4237=VECTOR('',#6708,1.);
#4238=VECTOR('',#6711,1.);
#4239=VECTOR('',#6722,1.);
#4240=VECTOR('',#6723,1.);
#4241=VECTOR('',#6726,1.);
#4242=VECTOR('',#6727,1.);
#4243=VECTOR('',#6730,1.);
#4244=VECTOR('',#6731,1.);
#4245=EDGE_LOOP('',(#395,#396,#397,#398));
#4246=EDGE_LOOP('',(#399,#400,#401,#402,#403,#404,#405));
#4247=EDGE_LOOP('',(#406,#407,#408,#409,#410,#411,#412,#413,#414,#415,#416,
#417,#418,#419,#420,#421,#422,#423,#424,#425,#426,#427,#428,#429));
#4248=EDGE_LOOP('',(#430,#431,#432,#433,#434,#435,#436,#437,#438,#439));
#4249=EDGE_LOOP('',(#440,#441,#442,#443,#444,#445,#446,#447,#448,#449,#450,
#451,#452,#453,#454));
#4250=EDGE_LOOP('',(#455,#456,#457,#458,#459,#460,#461,#462,#463,#464,#465,
#466));
#4251=EDGE_LOOP('',(#467,#468,#469,#470,#471,#472,#473,#474));
#4252=EDGE_LOOP('',(#475,#476,#477,#478,#479,#480,#481,#482,#483,#484,#485,
#486));
#4253=EDGE_LOOP('',(#487,#488,#489,#490,#491,#492,#493,#494,#495,#496,#497,
#498));
#4254=EDGE_LOOP('',(#499,#500,#501,#502,#503,#504,#505,#506,#507,#508,#509,
#510,#511,#512,#513,#514,#515,#516,#517));
#4255=EDGE_LOOP('',(#518,#519,#520,#521,#522,#523,#524,#525,#526,#527));
#4256=EDGE_LOOP('',(#528,#529,#530,#531,#532,#533,#534,#535,#536,#537,#538,
#539));
#4257=EDGE_LOOP('',(#540,#541,#542,#543,#544,#545,#546,#547,#548,#549,#550,
#551));
#4258=EDGE_LOOP('',(#552,#553,#554,#555,#556,#557,#558,#559,#560,#561,#562,
#563,#564,#565,#566,#567,#568,#569,#570,#571,#572,#573,#574,#575));
#4259=EDGE_LOOP('',(#576,#577,#578,#579,#580,#581,#582,#583,#584,#585));
#4260=EDGE_LOOP('',(#586));
#4261=EDGE_LOOP('',(#587));
#4262=EDGE_LOOP('',(#588));
#4263=EDGE_LOOP('',(#589));
#4264=EDGE_LOOP('',(#590,#591,#592,#593,#594,#595,#596,#597,#598,#599,#600,
#601,#602,#603,#604,#605,#606,#607,#608,#609,#610,#611,#612,#613));
#4265=EDGE_LOOP('',(#614,#615,#616,#617));
#4266=EDGE_LOOP('',(#618,#619,#620,#621,#622,#623,#624,#625,#626,#627,#628,
#629,#630,#631,#632,#633,#634,#635,#636,#637,#638,#639,#640,#641,#642,#643,
#644,#645,#646,#647,#648,#649,#650,#651));
#4267=EDGE_LOOP('',(#652));
#4268=EDGE_LOOP('',(#653));
#4269=EDGE_LOOP('',(#654));
#4270=EDGE_LOOP('',(#655));
#4271=EDGE_LOOP('',(#656,#657,#658,#659));
#4272=EDGE_LOOP('',(#660,#661,#662,#663));
#4273=EDGE_LOOP('',(#664,#665,#666,#667));
#4274=EDGE_LOOP('',(#668,#669,#670,#671,#672,#673,#674,#675,#676));
#4275=EDGE_LOOP('',(#677,#678,#679,#680,#681,#682,#683,#684,#685,#686,#687,
#688,#689));
#4276=EDGE_LOOP('',(#690,#691,#692,#693,#694,#695));
#4277=EDGE_LOOP('',(#696,#697,#698,#699));
#4278=EDGE_LOOP('',(#700,#701,#702,#703));
#4279=EDGE_LOOP('',(#704,#705,#706,#707));
#4280=EDGE_LOOP('',(#708,#709,#710,#711));
#4281=EDGE_LOOP('',(#712,#713,#714,#715));
#4282=EDGE_LOOP('',(#716,#717,#718,#719));
#4283=EDGE_LOOP('',(#720,#721,#722,#723));
#4284=EDGE_LOOP('',(#724,#725,#726,#727));
#4285=EDGE_LOOP('',(#728,#729,#730,#731,#732,#733,#734));
#4286=EDGE_LOOP('',(#735,#736,#737,#738));
#4287=EDGE_LOOP('',(#739,#740,#741,#742));
#4288=EDGE_LOOP('',(#743,#744,#745,#746,#747,#748,#749));
#4289=EDGE_LOOP('',(#750,#751,#752,#753));
#4290=EDGE_LOOP('',(#754,#755,#756,#757));
#4291=EDGE_LOOP('',(#758,#759,#760,#761,#762,#763,#764));
#4292=EDGE_LOOP('',(#765,#766,#767,#768,#769,#770,#771));
#4293=EDGE_LOOP('',(#772,#773,#774,#775,#776,#777,#778,#779,#780,#781));
#4294=EDGE_LOOP('',(#782,#783,#784,#785));
#4295=EDGE_LOOP('',(#786,#787,#788,#789));
#4296=EDGE_LOOP('',(#790,#791,#792,#793));
#4297=EDGE_LOOP('',(#794,#795,#796,#797));
#4298=EDGE_LOOP('',(#798,#799,#800,#801,#802,#803,#804,#805,#806));
#4299=EDGE_LOOP('',(#807));
#4300=EDGE_LOOP('',(#808));
#4301=EDGE_LOOP('',(#809));
#4302=EDGE_LOOP('',(#810));
#4303=EDGE_LOOP('',(#811));
#4304=EDGE_LOOP('',(#812));
#4305=EDGE_LOOP('',(#813));
#4306=EDGE_LOOP('',(#814));
#4307=EDGE_LOOP('',(#815,#816,#817,#818));
#4308=EDGE_LOOP('',(#819,#820,#821,#822));
#4309=EDGE_LOOP('',(#823,#824,#825,#826));
#4310=EDGE_LOOP('',(#827,#828,#829,#830));
#4311=EDGE_LOOP('',(#831,#832,#833,#834));
#4312=EDGE_LOOP('',(#835,#836,#837,#838));
#4313=EDGE_LOOP('',(#839,#840,#841,#842));
#4314=EDGE_LOOP('',(#843,#844,#845,#846));
#4315=EDGE_LOOP('',(#847,#848,#849,#850));
#4316=EDGE_LOOP('',(#851,#852,#853,#854));
#4317=EDGE_LOOP('',(#855,#856,#857,#858));
#4318=EDGE_LOOP('',(#859,#860,#861,#862));
#4319=EDGE_LOOP('',(#863,#864,#865,#866));
#4320=EDGE_LOOP('',(#867,#868,#869,#870));
#4321=EDGE_LOOP('',(#871,#872,#873,#874));
#4322=EDGE_LOOP('',(#875,#876,#877,#878));
#4323=EDGE_LOOP('',(#879,#880,#881,#882));
#4324=EDGE_LOOP('',(#883,#884,#885,#886));
#4325=EDGE_LOOP('',(#887,#888,#889,#890));
#4326=EDGE_LOOP('',(#891,#892,#893,#894));
#4327=EDGE_LOOP('',(#895,#896,#897,#898));
#4328=EDGE_LOOP('',(#899,#900,#901,#902));
#4329=EDGE_LOOP('',(#903,#904,#905,#906));
#4330=EDGE_LOOP('',(#907,#908,#909,#910));
#4331=EDGE_LOOP('',(#911,#912,#913,#914));
#4332=EDGE_LOOP('',(#915,#916,#917,#918,#919,#920,#921,#922,#923,#924,#925,
#926,#927,#928,#929,#930,#931,#932,#933,#934,#935,#936,#937,#938));
#4333=EDGE_LOOP('',(#939,#940,#941,#942));
#4334=EDGE_LOOP('',(#943,#944,#945,#946));
#4335=EDGE_LOOP('',(#947,#948,#949,#950));
#4336=EDGE_LOOP('',(#951,#952,#953,#954));
#4337=EDGE_LOOP('',(#955,#956,#957,#958));
#4338=EDGE_LOOP('',(#959,#960,#961,#962));
#4339=EDGE_LOOP('',(#963,#964,#965,#966));
#4340=EDGE_LOOP('',(#967,#968,#969,#970));
#4341=EDGE_LOOP('',(#971,#972,#973,#974));
#4342=EDGE_LOOP('',(#975,#976,#977,#978));
#4343=EDGE_LOOP('',(#979,#980,#981,#982,#983,#984,#985,#986,#987,#988));
#4344=EDGE_LOOP('',(#989,#990,#991,#992));
#4345=EDGE_LOOP('',(#993,#994,#995,#996));
#4346=EDGE_LOOP('',(#997,#998,#999,#1000));
#4347=EDGE_LOOP('',(#1001,#1002,#1003,#1004));
#4348=EDGE_LOOP('',(#1005,#1006,#1007,#1008));
#4349=EDGE_LOOP('',(#1009,#1010,#1011,#1012));
#4350=EDGE_LOOP('',(#1013,#1014,#1015,#1016));
#4351=EDGE_LOOP('',(#1017,#1018,#1019,#1020));
#4352=EDGE_LOOP('',(#1021,#1022,#1023,#1024));
#4353=EDGE_LOOP('',(#1025,#1026,#1027,#1028));
#4354=EDGE_LOOP('',(#1029,#1030,#1031,#1032));
#4355=EDGE_LOOP('',(#1033,#1034,#1035,#1036));
#4356=EDGE_LOOP('',(#1037,#1038,#1039,#1040));
#4357=EDGE_LOOP('',(#1041,#1042,#1043,#1044));
#4358=EDGE_LOOP('',(#1045,#1046,#1047,#1048));
#4359=EDGE_LOOP('',(#1049,#1050,#1051,#1052,#1053,#1054,#1055,#1056,#1057,
#1058,#1059,#1060,#1061,#1062,#1063));
#4360=EDGE_LOOP('',(#1064,#1065,#1066,#1067));
#4361=EDGE_LOOP('',(#1068,#1069,#1070,#1071));
#4362=EDGE_LOOP('',(#1072,#1073,#1074,#1075));
#4363=EDGE_LOOP('',(#1076,#1077,#1078,#1079));
#4364=EDGE_LOOP('',(#1080,#1081,#1082,#1083));
#4365=EDGE_LOOP('',(#1084,#1085,#1086,#1087));
#4366=EDGE_LOOP('',(#1088,#1089,#1090,#1091));
#4367=EDGE_LOOP('',(#1092,#1093,#1094,#1095));
#4368=EDGE_LOOP('',(#1096,#1097,#1098,#1099));
#4369=EDGE_LOOP('',(#1100,#1101,#1102,#1103));
#4370=EDGE_LOOP('',(#1104,#1105,#1106,#1107,#1108,#1109,#1110,#1111,#1112,
#1113));
#4371=EDGE_LOOP('',(#1114,#1115,#1116,#1117));
#4372=EDGE_LOOP('',(#1118,#1119,#1120,#1121));
#4373=EDGE_LOOP('',(#1122,#1123,#1124,#1125));
#4374=EDGE_LOOP('',(#1126,#1127,#1128,#1129));
#4375=EDGE_LOOP('',(#1130,#1131,#1132,#1133));
#4376=EDGE_LOOP('',(#1134,#1135,#1136,#1137));
#4377=EDGE_LOOP('',(#1138,#1139,#1140,#1141));
#4378=EDGE_LOOP('',(#1142,#1143,#1144,#1145));
#4379=EDGE_LOOP('',(#1146,#1147,#1148,#1149));
#4380=EDGE_LOOP('',(#1150,#1151,#1152,#1153));
#4381=EDGE_LOOP('',(#1154,#1155,#1156,#1157));
#4382=EDGE_LOOP('',(#1158,#1159,#1160,#1161));
#4383=EDGE_LOOP('',(#1162,#1163,#1164,#1165));
#4384=EDGE_LOOP('',(#1166,#1167,#1168,#1169));
#4385=EDGE_LOOP('',(#1170,#1171,#1172,#1173));
#4386=EDGE_LOOP('',(#1174,#1175,#1176,#1177));
#4387=EDGE_LOOP('',(#1178,#1179,#1180,#1181));
#4388=EDGE_LOOP('',(#1182,#1183,#1184,#1185));
#4389=EDGE_LOOP('',(#1186,#1187,#1188,#1189));
#4390=EDGE_LOOP('',(#1190,#1191,#1192,#1193));
#4391=EDGE_LOOP('',(#1194,#1195,#1196,#1197));
#4392=EDGE_LOOP('',(#1198,#1199,#1200,#1201));
#4393=EDGE_LOOP('',(#1202,#1203,#1204,#1205));
#4394=EDGE_LOOP('',(#1206,#1207,#1208,#1209));
#4395=EDGE_LOOP('',(#1210,#1211,#1212,#1213,#1214,#1215,#1216,#1217,#1218,
#1219,#1220,#1221,#1222,#1223,#1224,#1225,#1226,#1227,#1228,#1229,#1230,
#1231,#1232,#1233));
#4396=EDGE_LOOP('',(#1234,#1235,#1236,#1237));
#4397=EDGE_LOOP('',(#1238,#1239,#1240,#1241));
#4398=EDGE_LOOP('',(#1242,#1243,#1244,#1245));
#4399=EDGE_LOOP('',(#1246,#1247,#1248,#1249));
#4400=EDGE_LOOP('',(#1250,#1251,#1252,#1253));
#4401=EDGE_LOOP('',(#1254,#1255,#1256,#1257));
#4402=EDGE_LOOP('',(#1258,#1259,#1260,#1261));
#4403=EDGE_LOOP('',(#1262,#1263,#1264,#1265));
#4404=EDGE_LOOP('',(#1266,#1267,#1268,#1269));
#4405=EDGE_LOOP('',(#1270,#1271,#1272,#1273));
#4406=EDGE_LOOP('',(#1274,#1275,#1276,#1277));
#4407=EDGE_LOOP('',(#1278,#1279,#1280,#1281));
#4408=EDGE_LOOP('',(#1282,#1283,#1284,#1285,#1286,#1287,#1288,#1289));
#4409=EDGE_LOOP('',(#1290,#1291,#1292,#1293));
#4410=EDGE_LOOP('',(#1294,#1295,#1296,#1297));
#4411=EDGE_LOOP('',(#1298,#1299,#1300,#1301));
#4412=EDGE_LOOP('',(#1302,#1303,#1304,#1305));
#4413=EDGE_LOOP('',(#1306,#1307,#1308,#1309));
#4414=EDGE_LOOP('',(#1310,#1311,#1312,#1313));
#4415=EDGE_LOOP('',(#1314,#1315,#1316,#1317));
#4416=EDGE_LOOP('',(#1318,#1319,#1320,#1321));
#4417=EDGE_LOOP('',(#1322,#1323,#1324,#1325));
#4418=EDGE_LOOP('',(#1326,#1327,#1328,#1329));
#4419=EDGE_LOOP('',(#1330,#1331,#1332,#1333));
#4420=EDGE_LOOP('',(#1334,#1335,#1336,#1337));
#4421=EDGE_LOOP('',(#1338,#1339,#1340,#1341));
#4422=EDGE_LOOP('',(#1342,#1343,#1344,#1345,#1346,#1347,#1348));
#4423=EDGE_LOOP('',(#1349,#1350,#1351,#1352,#1353));
#4424=EDGE_LOOP('',(#1354,#1355,#1356,#1357));
#4425=EDGE_LOOP('',(#1358,#1359,#1360,#1361));
#4426=EDGE_LOOP('',(#1362,#1363,#1364,#1365));
#4427=EDGE_LOOP('',(#1366,#1367,#1368,#1369));
#4428=EDGE_LOOP('',(#1370,#1371,#1372,#1373));
#4429=EDGE_LOOP('',(#1374,#1375,#1376,#1377));
#4430=EDGE_LOOP('',(#1378,#1379,#1380,#1381));
#4431=EDGE_LOOP('',(#1382,#1383,#1384,#1385));
#4432=EDGE_LOOP('',(#1386,#1387,#1388,#1389));
#4433=EDGE_LOOP('',(#1390,#1391,#1392,#1393));
#4434=EDGE_LOOP('',(#1394,#1395,#1396,#1397));
#4435=EDGE_LOOP('',(#1398,#1399,#1400,#1401));
#4436=EDGE_LOOP('',(#1402,#1403,#1404,#1405));
#4437=EDGE_LOOP('',(#1406,#1407,#1408,#1409));
#4438=EDGE_LOOP('',(#1410,#1411,#1412,#1413));
#4439=EDGE_LOOP('',(#1414,#1415,#1416,#1417));
#4440=EDGE_LOOP('',(#1418,#1419,#1420,#1421));
#4441=EDGE_LOOP('',(#1422,#1423,#1424,#1425));
#4442=EDGE_LOOP('',(#1426,#1427,#1428,#1429));
#4443=EDGE_LOOP('',(#1430,#1431,#1432,#1433));
#4444=EDGE_LOOP('',(#1434,#1435,#1436,#1437));
#4445=EDGE_LOOP('',(#1438,#1439,#1440,#1441));
#4446=EDGE_LOOP('',(#1442,#1443,#1444,#1445));
#4447=EDGE_LOOP('',(#1446,#1447,#1448,#1449));
#4448=EDGE_LOOP('',(#1450,#1451,#1452,#1453));
#4449=EDGE_LOOP('',(#1454,#1455,#1456,#1457,#1458,#1459,#1460,#1461,#1462,
#1463,#1464,#1465));
#4450=EDGE_LOOP('',(#1466,#1467,#1468,#1469,#1470,#1471,#1472));
#4451=EDGE_LOOP('',(#1473,#1474,#1475,#1476,#1477,#1478));
#4452=EDGE_LOOP('',(#1479,#1480,#1481,#1482,#1483,#1484,#1485));
#4453=EDGE_LOOP('',(#1486,#1487,#1488,#1489));
#4454=EDGE_LOOP('',(#1490,#1491,#1492,#1493));
#4455=EDGE_LOOP('',(#1494,#1495,#1496,#1497));
#4456=EDGE_LOOP('',(#1498,#1499,#1500,#1501));
#4457=EDGE_LOOP('',(#1502,#1503,#1504,#1505));
#4458=EDGE_LOOP('',(#1506,#1507,#1508,#1509));
#4459=EDGE_LOOP('',(#1510,#1511,#1512,#1513));
#4460=EDGE_LOOP('',(#1514,#1515,#1516,#1517));
#4461=EDGE_LOOP('',(#1518,#1519,#1520,#1521));
#4462=EDGE_LOOP('',(#1522,#1523,#1524,#1525));
#4463=EDGE_LOOP('',(#1526,#1527,#1528,#1529));
#4464=EDGE_LOOP('',(#1530,#1531,#1532,#1533));
#4465=EDGE_LOOP('',(#1534,#1535,#1536,#1537,#1538,#1539,#1540,#1541,#1542,
#1543,#1544,#1545));
#4466=EDGE_LOOP('',(#1546,#1547,#1548,#1549));
#4467=EDGE_LOOP('',(#1550,#1551,#1552,#1553));
#4468=EDGE_LOOP('',(#1554,#1555,#1556,#1557));
#4469=EDGE_LOOP('',(#1558,#1559,#1560,#1561));
#4470=EDGE_LOOP('',(#1562,#1563,#1564,#1565));
#4471=EDGE_LOOP('',(#1566,#1567,#1568,#1569));
#4472=EDGE_LOOP('',(#1570,#1571,#1572,#1573));
#4473=EDGE_LOOP('',(#1574,#1575,#1576,#1577));
#4474=EDGE_LOOP('',(#1578,#1579,#1580,#1581));
#4475=EDGE_LOOP('',(#1582,#1583,#1584,#1585));
#4476=EDGE_LOOP('',(#1586,#1587,#1588,#1589));
#4477=EDGE_LOOP('',(#1590,#1591,#1592,#1593));
#4478=EDGE_LOOP('',(#1594,#1595,#1596,#1597));
#4479=EDGE_LOOP('',(#1598,#1599,#1600,#1601));
#4480=EDGE_LOOP('',(#1602,#1603,#1604,#1605));
#4481=EDGE_LOOP('',(#1606,#1607,#1608,#1609));
#4482=EDGE_LOOP('',(#1610,#1611,#1612,#1613));
#4483=EDGE_LOOP('',(#1614,#1615,#1616,#1617));
#4484=EDGE_LOOP('',(#1618,#1619,#1620,#1621));
#4485=EDGE_LOOP('',(#1622,#1623,#1624,#1625,#1626,#1627,#1628,#1629,#1630,
#1631,#1632,#1633,#1634,#1635,#1636,#1637,#1638,#1639,#1640));
#4486=EDGE_LOOP('',(#1641,#1642,#1643,#1644));
#4487=EDGE_LOOP('',(#1645,#1646,#1647,#1648));
#4488=EDGE_LOOP('',(#1649,#1650,#1651,#1652));
#4489=EDGE_LOOP('',(#1653,#1654,#1655,#1656));
#4490=EDGE_LOOP('',(#1657,#1658,#1659,#1660));
#4491=EDGE_LOOP('',(#1661,#1662,#1663,#1664));
#4492=EDGE_LOOP('',(#1665,#1666,#1667,#1668));
#4493=EDGE_LOOP('',(#1669,#1670,#1671,#1672));
#4494=EDGE_LOOP('',(#1673,#1674,#1675,#1676));
#4495=EDGE_LOOP('',(#1677,#1678,#1679,#1680));
#4496=EDGE_LOOP('',(#1681,#1682,#1683,#1684,#1685,#1686,#1687,#1688,#1689,
#1690));
#4497=EDGE_LOOP('',(#1691,#1692,#1693,#1694));
#4498=EDGE_LOOP('',(#1695,#1696,#1697,#1698));
#4499=EDGE_LOOP('',(#1699,#1700,#1701,#1702));
#4500=EDGE_LOOP('',(#1703,#1704,#1705,#1706));
#4501=EDGE_LOOP('',(#1707,#1708,#1709,#1710));
#4502=EDGE_LOOP('',(#1711,#1712,#1713,#1714));
#4503=EDGE_LOOP('',(#1715,#1716,#1717,#1718));
#4504=EDGE_LOOP('',(#1719,#1720,#1721,#1722));
#4505=EDGE_LOOP('',(#1723,#1724,#1725,#1726));
#4506=EDGE_LOOP('',(#1727,#1728,#1729,#1730));
#4507=EDGE_LOOP('',(#1731,#1732,#1733,#1734));
#4508=EDGE_LOOP('',(#1735,#1736,#1737,#1738));
#4509=EDGE_LOOP('',(#1739,#1740,#1741,#1742,#1743,#1744,#1745,#1746,#1747,
#1748,#1749,#1750));
#4510=EDGE_LOOP('',(#1751,#1752,#1753,#1754));
#4511=EDGE_LOOP('',(#1755,#1756,#1757,#1758,#1759));
#4512=EDGE_LOOP('',(#1760,#1761,#1762,#1763,#1764,#1765));
#4513=EDGE_LOOP('',(#1766,#1767,#1768,#1769));
#4514=EDGE_LOOP('',(#1770,#1771,#1772,#1773));
#4515=EDGE_LOOP('',(#1774,#1775,#1776,#1777));
#4516=EDGE_LOOP('',(#1778,#1779,#1780,#1781));
#4517=EDGE_LOOP('',(#1782,#1783,#1784,#1785));
#4518=EDGE_LOOP('',(#1786,#1787,#1788,#1789));
#4519=EDGE_LOOP('',(#1790,#1791,#1792,#1793));
#4520=EDGE_LOOP('',(#1794,#1795,#1796,#1797));
#4521=EDGE_LOOP('',(#1798,#1799,#1800,#1801));
#4522=EDGE_LOOP('',(#1802,#1803,#1804));
#4523=EDGE_LOOP('',(#1805,#1806,#1807,#1808));
#4524=EDGE_LOOP('',(#1809,#1810,#1811,#1812));
#4525=EDGE_LOOP('',(#1813,#1814,#1815,#1816));
#4526=EDGE_LOOP('',(#1817,#1818,#1819,#1820));
#4527=EDGE_LOOP('',(#1821,#1822,#1823,#1824));
#4528=EDGE_LOOP('',(#1825,#1826,#1827,#1828));
#4529=EDGE_LOOP('',(#1829,#1830,#1831,#1832));
#4530=EDGE_LOOP('',(#1833,#1834,#1835,#1836));
#4531=EDGE_LOOP('',(#1837,#1838,#1839,#1840));
#4532=EDGE_LOOP('',(#1841,#1842,#1843,#1844));
#4533=EDGE_LOOP('',(#1845,#1846,#1847,#1848));
#4534=EDGE_LOOP('',(#1849,#1850,#1851,#1852));
#4535=EDGE_LOOP('',(#1853,#1854,#1855,#1856));
#4536=EDGE_LOOP('',(#1857,#1858,#1859,#1860));
#4537=EDGE_LOOP('',(#1861,#1862,#1863,#1864));
#4538=EDGE_LOOP('',(#1865,#1866,#1867,#1868));
#4539=EDGE_LOOP('',(#1869,#1870,#1871,#1872));
#4540=EDGE_LOOP('',(#1873,#1874,#1875,#1876));
#4541=EDGE_LOOP('',(#1877,#1878,#1879,#1880));
#4542=EDGE_LOOP('',(#1881,#1882,#1883,#1884));
#4543=EDGE_LOOP('',(#1885,#1886,#1887,#1888));
#4544=EDGE_LOOP('',(#1889,#1890,#1891,#1892));
#4545=EDGE_LOOP('',(#1893,#1894,#1895,#1896));
#4546=EDGE_LOOP('',(#1897,#1898,#1899,#1900));
#4547=EDGE_LOOP('',(#1901,#1902,#1903,#1904));
#4548=EDGE_LOOP('',(#1905,#1906,#1907,#1908));
#4549=EDGE_LOOP('',(#1909,#1910,#1911,#1912));
#4550=EDGE_LOOP('',(#1913,#1914,#1915,#1916));
#4551=EDGE_LOOP('',(#1917,#1918,#1919,#1920));
#4552=EDGE_LOOP('',(#1921,#1922,#1923,#1924));
#4553=EDGE_LOOP('',(#1925,#1926,#1927,#1928));
#4554=EDGE_LOOP('',(#1929,#1930,#1931,#1932));
#4555=FACE_BOUND('',#4245,.T.);
#4556=FACE_BOUND('',#4246,.T.);
#4557=FACE_BOUND('',#4247,.T.);
#4558=FACE_BOUND('',#4248,.T.);
#4559=FACE_BOUND('',#4249,.T.);
#4560=FACE_BOUND('',#4250,.T.);
#4561=FACE_BOUND('',#4251,.T.);
#4562=FACE_BOUND('',#4252,.T.);
#4563=FACE_BOUND('',#4253,.T.);
#4564=FACE_BOUND('',#4254,.T.);
#4565=FACE_BOUND('',#4255,.T.);
#4566=FACE_BOUND('',#4256,.T.);
#4567=FACE_BOUND('',#4257,.T.);
#4568=FACE_BOUND('',#4258,.T.);
#4569=FACE_BOUND('',#4259,.T.);
#4570=FACE_BOUND('',#4260,.T.);
#4571=FACE_BOUND('',#4261,.T.);
#4572=FACE_BOUND('',#4262,.T.);
#4573=FACE_BOUND('',#4263,.T.);
#4574=FACE_BOUND('',#4264,.T.);
#4575=FACE_BOUND('',#4265,.T.);
#4576=FACE_BOUND('',#4266,.T.);
#4577=FACE_BOUND('',#4267,.T.);
#4578=FACE_BOUND('',#4268,.T.);
#4579=FACE_BOUND('',#4269,.T.);
#4580=FACE_BOUND('',#4270,.T.);
#4581=FACE_BOUND('',#4271,.T.);
#4582=FACE_BOUND('',#4272,.T.);
#4583=FACE_BOUND('',#4273,.T.);
#4584=FACE_BOUND('',#4274,.T.);
#4585=FACE_BOUND('',#4275,.T.);
#4586=FACE_BOUND('',#4276,.T.);
#4587=FACE_BOUND('',#4277,.T.);
#4588=FACE_BOUND('',#4278,.T.);
#4589=FACE_BOUND('',#4279,.T.);
#4590=FACE_BOUND('',#4280,.T.);
#4591=FACE_BOUND('',#4281,.T.);
#4592=FACE_BOUND('',#4282,.T.);
#4593=FACE_BOUND('',#4283,.T.);
#4594=FACE_BOUND('',#4284,.T.);
#4595=FACE_BOUND('',#4285,.T.);
#4596=FACE_BOUND('',#4286,.T.);
#4597=FACE_BOUND('',#4287,.T.);
#4598=FACE_BOUND('',#4288,.T.);
#4599=FACE_BOUND('',#4289,.T.);
#4600=FACE_BOUND('',#4290,.T.);
#4601=FACE_BOUND('',#4291,.T.);
#4602=FACE_BOUND('',#4292,.T.);
#4603=FACE_BOUND('',#4293,.T.);
#4604=FACE_BOUND('',#4294,.T.);
#4605=FACE_BOUND('',#4295,.T.);
#4606=FACE_BOUND('',#4296,.T.);
#4607=FACE_BOUND('',#4297,.T.);
#4608=FACE_BOUND('',#4298,.T.);
#4609=FACE_BOUND('',#4299,.T.);
#4610=FACE_BOUND('',#4300,.T.);
#4611=FACE_BOUND('',#4301,.T.);
#4612=FACE_BOUND('',#4302,.T.);
#4613=FACE_BOUND('',#4303,.T.);
#4614=FACE_BOUND('',#4304,.T.);
#4615=FACE_BOUND('',#4305,.T.);
#4616=FACE_BOUND('',#4306,.T.);
#4617=FACE_BOUND('',#4307,.T.);
#4618=FACE_BOUND('',#4308,.T.);
#4619=FACE_BOUND('',#4309,.T.);
#4620=FACE_BOUND('',#4310,.T.);
#4621=FACE_BOUND('',#4311,.T.);
#4622=FACE_BOUND('',#4312,.T.);
#4623=FACE_BOUND('',#4313,.T.);
#4624=FACE_BOUND('',#4314,.T.);
#4625=FACE_BOUND('',#4315,.T.);
#4626=FACE_BOUND('',#4316,.T.);
#4627=FACE_BOUND('',#4317,.T.);
#4628=FACE_BOUND('',#4318,.T.);
#4629=FACE_BOUND('',#4319,.T.);
#4630=FACE_BOUND('',#4320,.T.);
#4631=FACE_BOUND('',#4321,.T.);
#4632=FACE_BOUND('',#4322,.T.);
#4633=FACE_BOUND('',#4323,.T.);
#4634=FACE_BOUND('',#4324,.T.);
#4635=FACE_BOUND('',#4325,.T.);
#4636=FACE_BOUND('',#4326,.T.);
#4637=FACE_BOUND('',#4327,.T.);
#4638=FACE_BOUND('',#4328,.T.);
#4639=FACE_BOUND('',#4329,.T.);
#4640=FACE_BOUND('',#4330,.T.);
#4641=FACE_BOUND('',#4331,.T.);
#4642=FACE_BOUND('',#4332,.T.);
#4643=FACE_BOUND('',#4333,.T.);
#4644=FACE_BOUND('',#4334,.T.);
#4645=FACE_BOUND('',#4335,.T.);
#4646=FACE_BOUND('',#4336,.T.);
#4647=FACE_BOUND('',#4337,.T.);
#4648=FACE_BOUND('',#4338,.T.);
#4649=FACE_BOUND('',#4339,.T.);
#4650=FACE_BOUND('',#4340,.T.);
#4651=FACE_BOUND('',#4341,.T.);
#4652=FACE_BOUND('',#4342,.T.);
#4653=FACE_BOUND('',#4343,.T.);
#4654=FACE_BOUND('',#4344,.T.);
#4655=FACE_BOUND('',#4345,.T.);
#4656=FACE_BOUND('',#4346,.T.);
#4657=FACE_BOUND('',#4347,.T.);
#4658=FACE_BOUND('',#4348,.T.);
#4659=FACE_BOUND('',#4349,.T.);
#4660=FACE_BOUND('',#4350,.T.);
#4661=FACE_BOUND('',#4351,.T.);
#4662=FACE_BOUND('',#4352,.T.);
#4663=FACE_BOUND('',#4353,.T.);
#4664=FACE_BOUND('',#4354,.T.);
#4665=FACE_BOUND('',#4355,.T.);
#4666=FACE_BOUND('',#4356,.T.);
#4667=FACE_BOUND('',#4357,.T.);
#4668=FACE_BOUND('',#4358,.T.);
#4669=FACE_BOUND('',#4359,.T.);
#4670=FACE_BOUND('',#4360,.T.);
#4671=FACE_BOUND('',#4361,.T.);
#4672=FACE_BOUND('',#4362,.T.);
#4673=FACE_BOUND('',#4363,.T.);
#4674=FACE_BOUND('',#4364,.T.);
#4675=FACE_BOUND('',#4365,.T.);
#4676=FACE_BOUND('',#4366,.T.);
#4677=FACE_BOUND('',#4367,.T.);
#4678=FACE_BOUND('',#4368,.T.);
#4679=FACE_BOUND('',#4369,.T.);
#4680=FACE_BOUND('',#4370,.T.);
#4681=FACE_BOUND('',#4371,.T.);
#4682=FACE_BOUND('',#4372,.T.);
#4683=FACE_BOUND('',#4373,.T.);
#4684=FACE_BOUND('',#4374,.T.);
#4685=FACE_BOUND('',#4375,.T.);
#4686=FACE_BOUND('',#4376,.T.);
#4687=FACE_BOUND('',#4377,.T.);
#4688=FACE_BOUND('',#4378,.T.);
#4689=FACE_BOUND('',#4379,.T.);
#4690=FACE_BOUND('',#4380,.T.);
#4691=FACE_BOUND('',#4381,.T.);
#4692=FACE_BOUND('',#4382,.T.);
#4693=FACE_BOUND('',#4383,.T.);
#4694=FACE_BOUND('',#4384,.T.);
#4695=FACE_BOUND('',#4385,.T.);
#4696=FACE_BOUND('',#4386,.T.);
#4697=FACE_BOUND('',#4387,.T.);
#4698=FACE_BOUND('',#4388,.T.);
#4699=FACE_BOUND('',#4389,.T.);
#4700=FACE_BOUND('',#4390,.T.);
#4701=FACE_BOUND('',#4391,.T.);
#4702=FACE_BOUND('',#4392,.T.);
#4703=FACE_BOUND('',#4393,.T.);
#4704=FACE_BOUND('',#4394,.T.);
#4705=FACE_BOUND('',#4395,.T.);
#4706=FACE_BOUND('',#4396,.T.);
#4707=FACE_BOUND('',#4397,.T.);
#4708=FACE_BOUND('',#4398,.T.);
#4709=FACE_BOUND('',#4399,.T.);
#4710=FACE_BOUND('',#4400,.T.);
#4711=FACE_BOUND('',#4401,.T.);
#4712=FACE_BOUND('',#4402,.T.);
#4713=FACE_BOUND('',#4403,.T.);
#4714=FACE_BOUND('',#4404,.T.);
#4715=FACE_BOUND('',#4405,.T.);
#4716=FACE_BOUND('',#4406,.T.);
#4717=FACE_BOUND('',#4407,.T.);
#4718=FACE_BOUND('',#4408,.T.);
#4719=FACE_BOUND('',#4409,.T.);
#4720=FACE_BOUND('',#4410,.T.);
#4721=FACE_BOUND('',#4411,.T.);
#4722=FACE_BOUND('',#4412,.T.);
#4723=FACE_BOUND('',#4413,.T.);
#4724=FACE_BOUND('',#4414,.T.);
#4725=FACE_BOUND('',#4415,.T.);
#4726=FACE_BOUND('',#4416,.T.);
#4727=FACE_BOUND('',#4417,.T.);
#4728=FACE_BOUND('',#4418,.T.);
#4729=FACE_BOUND('',#4419,.T.);
#4730=FACE_BOUND('',#4420,.T.);
#4731=FACE_BOUND('',#4421,.T.);
#4732=FACE_BOUND('',#4422,.T.);
#4733=FACE_BOUND('',#4423,.T.);
#4734=FACE_BOUND('',#4424,.T.);
#4735=FACE_BOUND('',#4425,.T.);
#4736=FACE_BOUND('',#4426,.T.);
#4737=FACE_BOUND('',#4427,.T.);
#4738=FACE_BOUND('',#4428,.T.);
#4739=FACE_BOUND('',#4429,.T.);
#4740=FACE_BOUND('',#4430,.T.);
#4741=FACE_BOUND('',#4431,.T.);
#4742=FACE_BOUND('',#4432,.T.);
#4743=FACE_BOUND('',#4433,.T.);
#4744=FACE_BOUND('',#4434,.T.);
#4745=FACE_BOUND('',#4435,.T.);
#4746=FACE_BOUND('',#4436,.T.);
#4747=FACE_BOUND('',#4437,.T.);
#4748=FACE_BOUND('',#4438,.T.);
#4749=FACE_BOUND('',#4439,.T.);
#4750=FACE_BOUND('',#4440,.T.);
#4751=FACE_BOUND('',#4441,.T.);
#4752=FACE_BOUND('',#4442,.T.);
#4753=FACE_BOUND('',#4443,.T.);
#4754=FACE_BOUND('',#4444,.T.);
#4755=FACE_BOUND('',#4445,.T.);
#4756=FACE_BOUND('',#4446,.T.);
#4757=FACE_BOUND('',#4447,.T.);
#4758=FACE_BOUND('',#4448,.T.);
#4759=FACE_BOUND('',#4449,.T.);
#4760=FACE_BOUND('',#4450,.T.);
#4761=FACE_BOUND('',#4451,.T.);
#4762=FACE_BOUND('',#4452,.T.);
#4763=FACE_BOUND('',#4453,.T.);
#4764=FACE_BOUND('',#4454,.T.);
#4765=FACE_BOUND('',#4455,.T.);
#4766=FACE_BOUND('',#4456,.T.);
#4767=FACE_BOUND('',#4457,.T.);
#4768=FACE_BOUND('',#4458,.T.);
#4769=FACE_BOUND('',#4459,.T.);
#4770=FACE_BOUND('',#4460,.T.);
#4771=FACE_BOUND('',#4461,.T.);
#4772=FACE_BOUND('',#4462,.T.);
#4773=FACE_BOUND('',#4463,.T.);
#4774=FACE_BOUND('',#4464,.T.);
#4775=FACE_BOUND('',#4465,.T.);
#4776=FACE_BOUND('',#4466,.T.);
#4777=FACE_BOUND('',#4467,.T.);
#4778=FACE_BOUND('',#4468,.T.);
#4779=FACE_BOUND('',#4469,.T.);
#4780=FACE_BOUND('',#4470,.T.);
#4781=FACE_BOUND('',#4471,.T.);
#4782=FACE_BOUND('',#4472,.T.);
#4783=FACE_BOUND('',#4473,.T.);
#4784=FACE_BOUND('',#4474,.T.);
#4785=FACE_BOUND('',#4475,.T.);
#4786=FACE_BOUND('',#4476,.T.);
#4787=FACE_BOUND('',#4477,.T.);
#4788=FACE_BOUND('',#4478,.T.);
#4789=FACE_BOUND('',#4479,.T.);
#4790=FACE_BOUND('',#4480,.T.);
#4791=FACE_BOUND('',#4481,.T.);
#4792=FACE_BOUND('',#4482,.T.);
#4793=FACE_BOUND('',#4483,.T.);
#4794=FACE_BOUND('',#4484,.T.);
#4795=FACE_BOUND('',#4485,.T.);
#4796=FACE_BOUND('',#4486,.T.);
#4797=FACE_BOUND('',#4487,.T.);
#4798=FACE_BOUND('',#4488,.T.);
#4799=FACE_BOUND('',#4489,.T.);
#4800=FACE_BOUND('',#4490,.T.);
#4801=FACE_BOUND('',#4491,.T.);
#4802=FACE_BOUND('',#4492,.T.);
#4803=FACE_BOUND('',#4493,.T.);
#4804=FACE_BOUND('',#4494,.T.);
#4805=FACE_BOUND('',#4495,.T.);
#4806=FACE_BOUND('',#4496,.T.);
#4807=FACE_BOUND('',#4497,.T.);
#4808=FACE_BOUND('',#4498,.T.);
#4809=FACE_BOUND('',#4499,.T.);
#4810=FACE_BOUND('',#4500,.T.);
#4811=FACE_BOUND('',#4501,.T.);
#4812=FACE_BOUND('',#4502,.T.);
#4813=FACE_BOUND('',#4503,.T.);
#4814=FACE_BOUND('',#4504,.T.);
#4815=FACE_BOUND('',#4505,.T.);
#4816=FACE_BOUND('',#4506,.T.);
#4817=FACE_BOUND('',#4507,.T.);
#4818=FACE_BOUND('',#4508,.T.);
#4819=FACE_BOUND('',#4509,.T.);
#4820=FACE_BOUND('',#4510,.T.);
#4821=FACE_BOUND('',#4511,.T.);
#4822=FACE_BOUND('',#4512,.T.);
#4823=FACE_BOUND('',#4513,.T.);
#4824=FACE_BOUND('',#4514,.T.);
#4825=FACE_BOUND('',#4515,.T.);
#4826=FACE_BOUND('',#4516,.T.);
#4827=FACE_BOUND('',#4517,.T.);
#4828=FACE_BOUND('',#4518,.T.);
#4829=FACE_BOUND('',#4519,.T.);
#4830=FACE_BOUND('',#4520,.T.);
#4831=FACE_BOUND('',#4521,.T.);
#4832=FACE_BOUND('',#4522,.T.);
#4833=FACE_BOUND('',#4523,.T.);
#4834=FACE_BOUND('',#4524,.T.);
#4835=FACE_BOUND('',#4525,.T.);
#4836=FACE_BOUND('',#4526,.T.);
#4837=FACE_BOUND('',#4527,.T.);
#4838=FACE_BOUND('',#4528,.T.);
#4839=FACE_BOUND('',#4529,.T.);
#4840=FACE_BOUND('',#4530,.T.);
#4841=FACE_BOUND('',#4531,.T.);
#4842=FACE_BOUND('',#4532,.T.);
#4843=FACE_BOUND('',#4533,.T.);
#4844=FACE_BOUND('',#4534,.T.);
#4845=FACE_BOUND('',#4535,.T.);
#4846=FACE_BOUND('',#4536,.T.);
#4847=FACE_BOUND('',#4537,.T.);
#4848=FACE_BOUND('',#4538,.T.);
#4849=FACE_BOUND('',#4539,.T.);
#4850=FACE_BOUND('',#4540,.T.);
#4851=FACE_BOUND('',#4541,.T.);
#4852=FACE_BOUND('',#4542,.T.);
#4853=FACE_BOUND('',#4543,.T.);
#4854=FACE_BOUND('',#4544,.T.);
#4855=FACE_BOUND('',#4545,.T.);
#4856=FACE_BOUND('',#4546,.T.);
#4857=FACE_BOUND('',#4547,.T.);
#4858=FACE_BOUND('',#4548,.T.);
#4859=FACE_BOUND('',#4549,.T.);
#4860=FACE_BOUND('',#4550,.T.);
#4861=FACE_BOUND('',#4551,.T.);
#4862=FACE_BOUND('',#4552,.T.);
#4863=FACE_BOUND('',#4553,.T.);
#4864=FACE_BOUND('',#4554,.T.);
#4865=PLANE('',#5311);
#4866=PLANE('',#5312);
#4867=PLANE('',#5332);
#4868=PLANE('',#5344);
#4869=PLANE('',#5359);
#4870=PLANE('',#5360);
#4871=PLANE('',#5379);
#4872=PLANE('',#5380);
#4873=PLANE('',#5381);
#4874=PLANE('',#5382);
#4875=PLANE('',#5385);
#4876=PLANE('',#5389);
#4877=PLANE('',#5391);
#4878=PLANE('',#5392);
#4879=PLANE('',#5397);
#4880=PLANE('',#5398);
#4881=PLANE('',#5399);
#4882=PLANE('',#5401);
#4883=PLANE('',#5402);
#4884=PLANE('',#5403);
#4885=PLANE('',#5405);
#4886=PLANE('',#5406);
#4887=PLANE('',#5407);
#4888=PLANE('',#5409);
#4889=PLANE('',#5411);
#4890=PLANE('',#5415);
#4891=PLANE('',#5416);
#4892=PLANE('',#5417);
#4893=PLANE('',#5418);
#4894=PLANE('',#5419);
#4895=PLANE('',#5427);
#4896=PLANE('',#5429);
#4897=PLANE('',#5430);
#4898=PLANE('',#5431);
#4899=PLANE('',#5432);
#4900=PLANE('',#5433);
#4901=PLANE('',#5440);
#4902=PLANE('',#5445);
#4903=PLANE('',#5446);
#4904=PLANE('',#5447);
#4905=PLANE('',#5448);
#4906=PLANE('',#5449);
#4907=PLANE('',#5450);
#4908=PLANE('',#5451);
#4909=PLANE('',#5452);
#4910=PLANE('',#5453);
#4911=PLANE('',#5454);
#4912=PLANE('',#5455);
#4913=PLANE('',#5456);
#4914=PLANE('',#5457);
#4915=PLANE('',#5462);
#4916=PLANE('',#5463);
#4917=PLANE('',#5464);
#4918=PLANE('',#5465);
#4919=PLANE('',#5466);
#4920=PLANE('',#5467);
#4921=PLANE('',#5468);
#4922=PLANE('',#5469);
#4923=PLANE('',#5470);
#4924=PLANE('',#5471);
#4925=PLANE('',#5472);
#4926=PLANE('',#5473);
#4927=PLANE('',#5474);
#4928=PLANE('',#5475);
#4929=PLANE('',#5476);
#4930=PLANE('',#5477);
#4931=PLANE('',#5478);
#4932=PLANE('',#5479);
#4933=PLANE('',#5486);
#4934=PLANE('',#5491);
#4935=PLANE('',#5492);
#4936=PLANE('',#5493);
#4937=PLANE('',#5497);
#4938=PLANE('',#5498);
#4939=PLANE('',#5499);
#4940=PLANE('',#5500);
#4941=PLANE('',#5501);
#4942=PLANE('',#5502);
#4943=PLANE('',#5503);
#4944=PLANE('',#5504);
#4945=PLANE('',#5505);
#4946=PLANE('',#5509);
#4947=PLANE('',#5510);
#4948=PLANE('',#5511);
#4949=PLANE('',#5512);
#4950=PLANE('',#5513);
#4951=PLANE('',#5514);
#4952=PLANE('',#5515);
#4953=PLANE('',#5516);
#4954=PLANE('',#5517);
#4955=PLANE('',#5518);
#4956=PLANE('',#5519);
#4957=PLANE('',#5520);
#4958=PLANE('',#5521);
#4959=PLANE('',#5522);
#4960=PLANE('',#5523);
#4961=PLANE('',#5524);
#4962=PLANE('',#5525);
#4963=PLANE('',#5528);
#4964=PLANE('',#5529);
#4965=PLANE('',#5530);
#4966=PLANE('',#5531);
#4967=PLANE('',#5532);
#4968=PLANE('',#5533);
#4969=PLANE('',#5534);
#4970=PLANE('',#5535);
#4971=PLANE('',#5536);
#4972=PLANE('',#5537);
#4973=PLANE('',#5538);
#4974=PLANE('',#5539);
#4975=PLANE('',#5540);
#4976=PLANE('',#5541);
#4977=PLANE('',#5542);
#4978=PLANE('',#5543);
#4979=PLANE('',#5544);
#4980=PLANE('',#5545);
#4981=PLANE('',#5546);
#4982=PLANE('',#5547);
#4983=PLANE('',#5552);
#4984=PLANE('',#5559);
#4985=PLANE('',#5560);
#4986=PLANE('',#5561);
#4987=PLANE('',#5562);
#4988=PLANE('',#5563);
#4989=PLANE('',#5564);
#4990=PLANE('',#5565);
#4991=PLANE('',#5566);
#4992=PLANE('',#5567);
#4993=PLANE('',#5568);
#4994=PLANE('',#5569);
#4995=PLANE('',#5570);
#4996=PLANE('',#5571);
#4997=PLANE('',#5572);
#4998=PLANE('',#5573);
#4999=PLANE('',#5574);
#5000=PLANE('',#5575);
#5001=PLANE('',#5576);
#5002=PLANE('',#5577);
#5003=PLANE('',#5578);
#5004=PLANE('',#5579);
#5005=PLANE('',#5580);
#5006=PLANE('',#5581);
#5007=PLANE('',#5582);
#5008=PLANE('',#5583);
#5009=PLANE('',#5584);
#5010=PLANE('',#5585);
#5011=PLANE('',#5586);
#5012=PLANE('',#5587);
#5013=PLANE('',#5588);
#5014=PLANE('',#5589);
#5015=PLANE('',#5590);
#5016=ADVANCED_FACE('',(#4555),#4865,.T.);
#5017=ADVANCED_FACE('',(#4556,#4557,#4558,#4559,#4560,#4561,#4562,#4563,
#4564,#4565,#4566),#4866,.T.);
#5018=ADVANCED_FACE('',(#4567,#4568,#4569),#4867,.T.);
#5019=ADVANCED_FACE('',(#4570,#4571,#4572,#4573,#4574),#4868,.F.);
#5020=ADVANCED_FACE('',(#4575),#4869,.F.);
#5021=ADVANCED_FACE('',(#4576,#4577,#4578,#4579,#4580),#4870,.T.);
#5022=ADVANCED_FACE('',(#4581),#4871,.T.);
#5023=ADVANCED_FACE('',(#4582),#4872,.T.);
#5024=ADVANCED_FACE('',(#4583),#4873,.F.);
#5025=ADVANCED_FACE('',(#4584),#4874,.F.);
#5026=ADVANCED_FACE('',(#4585),#4875,.T.);
#5027=ADVANCED_FACE('',(#4586),#4876,.T.);
#5028=ADVANCED_FACE('',(#4587),#4877,.T.);
#5029=ADVANCED_FACE('',(#4588),#4878,.F.);
#5030=ADVANCED_FACE('',(#4589),#83,.T.);
#5031=ADVANCED_FACE('',(#4590),#84,.T.);
#5032=ADVANCED_FACE('',(#4591),#85,.T.);
#5033=ADVANCED_FACE('',(#4592),#86,.T.);
#5034=ADVANCED_FACE('',(#4593),#4879,.F.);
#5035=ADVANCED_FACE('',(#4594),#4880,.F.);
#5036=ADVANCED_FACE('',(#4595),#4881,.T.);
#5037=ADVANCED_FACE('',(#4596),#4882,.T.);
#5038=ADVANCED_FACE('',(#4597),#4883,.F.);
#5039=ADVANCED_FACE('',(#4598),#4884,.F.);
#5040=ADVANCED_FACE('',(#4599),#4885,.T.);
#5041=ADVANCED_FACE('',(#4600),#4886,.T.);
#5042=ADVANCED_FACE('',(#4601),#4887,.T.);
#5043=ADVANCED_FACE('',(#4602),#4888,.F.);
#5044=ADVANCED_FACE('',(#4603),#4889,.F.);
#5045=ADVANCED_FACE('',(#4604),#4890,.T.);
#5046=ADVANCED_FACE('',(#4605),#4891,.T.);
#5047=ADVANCED_FACE('',(#4606),#4892,.F.);
#5048=ADVANCED_FACE('',(#4607),#4893,.T.);
#5049=ADVANCED_FACE('',(#4608),#4894,.F.);
#5050=ADVANCED_FACE('',(#4609,#4610),#87,.F.);
#5051=ADVANCED_FACE('',(#4611,#4612),#88,.F.);
#5052=ADVANCED_FACE('',(#4613,#4614),#89,.F.);
#5053=ADVANCED_FACE('',(#4615,#4616),#90,.F.);
#5054=ADVANCED_FACE('',(#4617),#4895,.T.);
#5055=ADVANCED_FACE('',(#4618),#4896,.T.);
#5056=ADVANCED_FACE('',(#4619),#4897,.T.);
#5057=ADVANCED_FACE('',(#4620),#4898,.T.);
#5058=ADVANCED_FACE('',(#4621),#4899,.T.);
#5059=ADVANCED_FACE('',(#4622),#4900,.T.);
#5060=ADVANCED_FACE('',(#4623),#19,.T.);
#5061=ADVANCED_FACE('',(#4624),#20,.T.);
#5062=ADVANCED_FACE('',(#4625),#91,.F.);
#5063=ADVANCED_FACE('',(#4626),#21,.T.);
#5064=ADVANCED_FACE('',(#4627),#22,.T.);
#5065=ADVANCED_FACE('',(#4628),#23,.T.);
#5066=ADVANCED_FACE('',(#4629),#92,.F.);
#5067=ADVANCED_FACE('',(#4630),#93,.F.);
#5068=ADVANCED_FACE('',(#4631),#24,.T.);
#5069=ADVANCED_FACE('',(#4632),#4901,.T.);
#5070=ADVANCED_FACE('',(#4633),#25,.T.);
#5071=ADVANCED_FACE('',(#4634),#94,.T.);
#5072=ADVANCED_FACE('',(#4635),#26,.T.);
#5073=ADVANCED_FACE('',(#4636),#27,.T.);
#5074=ADVANCED_FACE('',(#4637),#95,.T.);
#5075=ADVANCED_FACE('',(#4638),#28,.T.);
#5076=ADVANCED_FACE('',(#4639),#29,.T.);
#5077=ADVANCED_FACE('',(#4640),#4902,.T.);
#5078=ADVANCED_FACE('',(#4641),#4903,.T.);
#5079=ADVANCED_FACE('',(#4642),#4904,.T.);
#5080=ADVANCED_FACE('',(#4643),#4905,.T.);
#5081=ADVANCED_FACE('',(#4644),#4906,.T.);
#5082=ADVANCED_FACE('',(#4645),#4907,.T.);
#5083=ADVANCED_FACE('',(#4646),#4908,.T.);
#5084=ADVANCED_FACE('',(#4647),#4909,.T.);
#5085=ADVANCED_FACE('',(#4648),#4910,.T.);
#5086=ADVANCED_FACE('',(#4649),#30,.T.);
#5087=ADVANCED_FACE('',(#4650),#4911,.T.);
#5088=ADVANCED_FACE('',(#4651),#4912,.T.);
#5089=ADVANCED_FACE('',(#4652),#4913,.T.);
#5090=ADVANCED_FACE('',(#4653),#4914,.T.);
#5091=ADVANCED_FACE('',(#4654),#31,.T.);
#5092=ADVANCED_FACE('',(#4655),#96,.T.);
#5093=ADVANCED_FACE('',(#4656),#97,.T.);
#5094=ADVANCED_FACE('',(#4657),#4915,.T.);
#5095=ADVANCED_FACE('',(#4658),#32,.T.);
#5096=ADVANCED_FACE('',(#4659),#33,.T.);
#5097=ADVANCED_FACE('',(#4660),#34,.T.);
#5098=ADVANCED_FACE('',(#4661),#35,.T.);
#5099=ADVANCED_FACE('',(#4662),#36,.T.);
#5100=ADVANCED_FACE('',(#4663),#37,.T.);
#5101=ADVANCED_FACE('',(#4664),#38,.T.);
#5102=ADVANCED_FACE('',(#4665),#4916,.T.);
#5103=ADVANCED_FACE('',(#4666),#39,.T.);
#5104=ADVANCED_FACE('',(#4667),#40,.T.);
#5105=ADVANCED_FACE('',(#4668),#41,.T.);
#5106=ADVANCED_FACE('',(#4669),#4917,.T.);
#5107=ADVANCED_FACE('',(#4670),#4918,.T.);
#5108=ADVANCED_FACE('',(#4671),#4919,.T.);
#5109=ADVANCED_FACE('',(#4672),#4920,.T.);
#5110=ADVANCED_FACE('',(#4673),#4921,.T.);
#5111=ADVANCED_FACE('',(#4674),#4922,.T.);
#5112=ADVANCED_FACE('',(#4675),#4923,.T.);
#5113=ADVANCED_FACE('',(#4676),#42,.T.);
#5114=ADVANCED_FACE('',(#4677),#4924,.T.);
#5115=ADVANCED_FACE('',(#4678),#4925,.T.);
#5116=ADVANCED_FACE('',(#4679),#4926,.T.);
#5117=ADVANCED_FACE('',(#4680),#4927,.T.);
#5118=ADVANCED_FACE('',(#4681),#4928,.T.);
#5119=ADVANCED_FACE('',(#4682),#4929,.T.);
#5120=ADVANCED_FACE('',(#4683),#4930,.T.);
#5121=ADVANCED_FACE('',(#4684),#4931,.T.);
#5122=ADVANCED_FACE('',(#4685),#4932,.T.);
#5123=ADVANCED_FACE('',(#4686),#43,.T.);
#5124=ADVANCED_FACE('',(#4687),#44,.T.);
#5125=ADVANCED_FACE('',(#4688),#98,.F.);
#5126=ADVANCED_FACE('',(#4689),#45,.T.);
#5127=ADVANCED_FACE('',(#4690),#46,.T.);
#5128=ADVANCED_FACE('',(#4691),#47,.T.);
#5129=ADVANCED_FACE('',(#4692),#99,.F.);
#5130=ADVANCED_FACE('',(#4693),#100,.F.);
#5131=ADVANCED_FACE('',(#4694),#48,.T.);
#5132=ADVANCED_FACE('',(#4695),#4933,.T.);
#5133=ADVANCED_FACE('',(#4696),#49,.T.);
#5134=ADVANCED_FACE('',(#4697),#101,.T.);
#5135=ADVANCED_FACE('',(#4698),#50,.T.);
#5136=ADVANCED_FACE('',(#4699),#51,.T.);
#5137=ADVANCED_FACE('',(#4700),#102,.T.);
#5138=ADVANCED_FACE('',(#4701),#52,.T.);
#5139=ADVANCED_FACE('',(#4702),#53,.T.);
#5140=ADVANCED_FACE('',(#4703),#4934,.T.);
#5141=ADVANCED_FACE('',(#4704),#4935,.T.);
#5142=ADVANCED_FACE('',(#4705),#4936,.T.);
#5143=ADVANCED_FACE('',(#4706),#103,.F.);
#5144=ADVANCED_FACE('',(#4707),#4937,.T.);
#5145=ADVANCED_FACE('',(#4708),#54,.T.);
#5146=ADVANCED_FACE('',(#4709),#4938,.T.);
#5147=ADVANCED_FACE('',(#4710),#4939,.T.);
#5148=ADVANCED_FACE('',(#4711),#4940,.T.);
#5149=ADVANCED_FACE('',(#4712),#4941,.T.);
#5150=ADVANCED_FACE('',(#4713),#4942,.T.);
#5151=ADVANCED_FACE('',(#4714),#4943,.T.);
#5152=ADVANCED_FACE('',(#4715),#4944,.T.);
#5153=ADVANCED_FACE('',(#4716),#4945,.T.);
#5154=ADVANCED_FACE('',(#4717),#104,.F.);
#5155=ADVANCED_FACE('',(#4718,#4719),#4946,.T.);
#5156=ADVANCED_FACE('',(#4720),#55,.T.);
#5157=ADVANCED_FACE('',(#4721),#56,.T.);
#5158=ADVANCED_FACE('',(#4722),#4947,.T.);
#5159=ADVANCED_FACE('',(#4723),#4948,.T.);
#5160=ADVANCED_FACE('',(#4724),#57,.T.);
#5161=ADVANCED_FACE('',(#4725),#58,.T.);
#5162=ADVANCED_FACE('',(#4726),#59,.T.);
#5163=ADVANCED_FACE('',(#4727),#4949,.T.);
#5164=ADVANCED_FACE('',(#4728),#4950,.T.);
#5165=ADVANCED_FACE('',(#4729),#4951,.T.);
#5166=ADVANCED_FACE('',(#4730),#60,.T.);
#5167=ADVANCED_FACE('',(#4731),#4952,.T.);
#5168=ADVANCED_FACE('',(#4732,#4733),#4953,.T.);
#5169=ADVANCED_FACE('',(#4734),#4954,.T.);
#5170=ADVANCED_FACE('',(#4735),#4955,.T.);
#5171=ADVANCED_FACE('',(#4736),#61,.T.);
#5172=ADVANCED_FACE('',(#4737),#62,.T.);
#5173=ADVANCED_FACE('',(#4738),#63,.T.);
#5174=ADVANCED_FACE('',(#4739),#4956,.T.);
#5175=ADVANCED_FACE('',(#4740),#4957,.T.);
#5176=ADVANCED_FACE('',(#4741),#4958,.T.);
#5177=ADVANCED_FACE('',(#4742),#64,.T.);
#5178=ADVANCED_FACE('',(#4743),#65,.T.);
#5179=ADVANCED_FACE('',(#4744),#66,.T.);
#5180=ADVANCED_FACE('',(#4745),#4959,.T.);
#5181=ADVANCED_FACE('',(#4746),#4960,.T.);
#5182=ADVANCED_FACE('',(#4747),#4961,.T.);
#5183=ADVANCED_FACE('',(#4748),#67,.T.);
#5184=ADVANCED_FACE('',(#4749),#68,.T.);
#5185=ADVANCED_FACE('',(#4750),#69,.T.);
#5186=ADVANCED_FACE('',(#4751),#70,.T.);
#5187=ADVANCED_FACE('',(#4752),#4962,.T.);
#5188=ADVANCED_FACE('',(#4753),#105,.F.);
#5189=ADVANCED_FACE('',(#4754),#71,.T.);
#5190=ADVANCED_FACE('',(#4755),#72,.T.);
#5191=ADVANCED_FACE('',(#4756),#73,.T.);
#5192=ADVANCED_FACE('',(#4757),#74,.T.);
#5193=ADVANCED_FACE('',(#4758),#4963,.T.);
#5194=ADVANCED_FACE('',(#4759,#4760,#4761),#4964,.T.);
#5195=ADVANCED_FACE('',(#4762),#4965,.T.);
#5196=ADVANCED_FACE('',(#4763),#4966,.T.);
#5197=ADVANCED_FACE('',(#4764),#4967,.T.);
#5198=ADVANCED_FACE('',(#4765),#4968,.T.);
#5199=ADVANCED_FACE('',(#4766),#4969,.T.);
#5200=ADVANCED_FACE('',(#4767),#4970,.T.);
#5201=ADVANCED_FACE('',(#4768),#4971,.T.);
#5202=ADVANCED_FACE('',(#4769),#4972,.T.);
#5203=ADVANCED_FACE('',(#4770),#4973,.T.);
#5204=ADVANCED_FACE('',(#4771),#4974,.T.);
#5205=ADVANCED_FACE('',(#4772),#4975,.T.);
#5206=ADVANCED_FACE('',(#4773),#4976,.T.);
#5207=ADVANCED_FACE('',(#4774),#4977,.T.);
#5208=ADVANCED_FACE('',(#4775),#4978,.T.);
#5209=ADVANCED_FACE('',(#4776),#4979,.T.);
#5210=ADVANCED_FACE('',(#4777),#4980,.T.);
#5211=ADVANCED_FACE('',(#4778),#4981,.T.);
#5212=ADVANCED_FACE('',(#4779),#4982,.T.);
#5213=ADVANCED_FACE('',(#4780),#106,.T.);
#5214=ADVANCED_FACE('',(#4781),#75,.T.);
#5215=ADVANCED_FACE('',(#4782),#76,.T.);
#5216=ADVANCED_FACE('',(#4783),#77,.T.);
#5217=ADVANCED_FACE('',(#4784),#78,.T.);
#5218=ADVANCED_FACE('',(#4785),#107,.T.);
#5219=ADVANCED_FACE('',(#4786),#4983,.T.);
#5220=ADVANCED_FACE('',(#4787),#108,.F.);
#5221=ADVANCED_FACE('',(#4788),#79,.T.);
#5222=ADVANCED_FACE('',(#4789),#80,.T.);
#5223=ADVANCED_FACE('',(#4790),#81,.T.);
#5224=ADVANCED_FACE('',(#4791),#82,.T.);
#5225=ADVANCED_FACE('',(#4792),#109,.F.);
#5226=ADVANCED_FACE('',(#4793),#110,.F.);
#5227=ADVANCED_FACE('',(#4794),#4984,.T.);
#5228=ADVANCED_FACE('',(#4795),#4985,.T.);
#5229=ADVANCED_FACE('',(#4796),#4986,.T.);
#5230=ADVANCED_FACE('',(#4797),#4987,.T.);
#5231=ADVANCED_FACE('',(#4798),#4988,.T.);
#5232=ADVANCED_FACE('',(#4799),#4989,.T.);
#5233=ADVANCED_FACE('',(#4800),#4990,.T.);
#5234=ADVANCED_FACE('',(#4801),#4991,.T.);
#5235=ADVANCED_FACE('',(#4802),#4992,.T.);
#5236=ADVANCED_FACE('',(#4803),#4993,.T.);
#5237=ADVANCED_FACE('',(#4804),#4994,.T.);
#5238=ADVANCED_FACE('',(#4805),#4995,.T.);
#5239=ADVANCED_FACE('',(#4806),#4996,.T.);
#5240=ADVANCED_FACE('',(#4807),#4997,.T.);
#5241=ADVANCED_FACE('',(#4808),#4998,.T.);
#5242=ADVANCED_FACE('',(#4809),#4999,.T.);
#5243=ADVANCED_FACE('',(#4810),#5000,.T.);
#5244=ADVANCED_FACE('',(#4811),#5001,.T.);
#5245=ADVANCED_FACE('',(#4812),#5002,.T.);
#5246=ADVANCED_FACE('',(#4813),#5003,.T.);
#5247=ADVANCED_FACE('',(#4814),#5004,.T.);
#5248=ADVANCED_FACE('',(#4815),#5005,.T.);
#5249=ADVANCED_FACE('',(#4816),#5006,.T.);
#5250=ADVANCED_FACE('',(#4817),#5007,.T.);
#5251=ADVANCED_FACE('',(#4818),#5008,.T.);
#5252=ADVANCED_FACE('',(#4819),#5009,.T.);
#5253=ADVANCED_FACE('',(#4820),#5010,.T.);
#5254=ADVANCED_FACE('',(#4821),#5011,.T.);
#5255=ADVANCED_FACE('',(#4822),#5012,.T.);
#5256=ADVANCED_FACE('',(#4823),#5013,.F.);
#5257=ADVANCED_FACE('',(#4824),#5014,.T.);
#5258=ADVANCED_FACE('',(#4825),#5015,.F.);
#5259=ADVANCED_FACE('',(#4826),#111,.F.);
#5260=ADVANCED_FACE('',(#4827),#112,.F.);
#5261=ADVANCED_FACE('',(#4828),#113,.F.);
#5262=ADVANCED_FACE('',(#4829),#114,.F.);
#5263=ADVANCED_FACE('',(#4830),#115,.F.);
#5264=ADVANCED_FACE('',(#4831),#116,.F.);
#5265=ADVANCED_FACE('',(#4832),#18,.F.);
#5266=ADVANCED_FACE('',(#4833),#117,.F.);
#5267=ADVANCED_FACE('',(#4834),#118,.T.);
#5268=ADVANCED_FACE('',(#4835),#119,.T.);
#5269=ADVANCED_FACE('',(#4836),#120,.T.);
#5270=ADVANCED_FACE('',(#4837),#121,.F.);
#5271=ADVANCED_FACE('',(#4838),#122,.T.);
#5272=ADVANCED_FACE('',(#4839),#123,.F.);
#5273=ADVANCED_FACE('',(#4840),#124,.T.);
#5274=ADVANCED_FACE('',(#4841),#125,.T.);
#5275=ADVANCED_FACE('',(#4842),#126,.T.);
#5276=ADVANCED_FACE('',(#4843),#127,.T.);
#5277=ADVANCED_FACE('',(#4844),#128,.T.);
#5278=ADVANCED_FACE('',(#4845),#129,.T.);
#5279=ADVANCED_FACE('',(#4846),#130,.T.);
#5280=ADVANCED_FACE('',(#4847),#131,.F.);
#5281=ADVANCED_FACE('',(#4848),#12,.F.);
#5282=ADVANCED_FACE('',(#4849),#132,.F.);
#5283=ADVANCED_FACE('',(#4850),#13,.F.);
#5284=ADVANCED_FACE('',(#4851),#133,.F.);
#5285=ADVANCED_FACE('',(#4852),#14,.F.);
#5286=ADVANCED_FACE('',(#4853),#134,.F.);
#5287=ADVANCED_FACE('',(#4854),#135,.F.);
#5288=ADVANCED_FACE('',(#4855),#15,.F.);
#5289=ADVANCED_FACE('',(#4856),#136,.F.);
#5290=ADVANCED_FACE('',(#4857),#16,.F.);
#5291=ADVANCED_FACE('',(#4858),#137,.F.);
#5292=ADVANCED_FACE('',(#4859),#17,.F.);
#5293=ADVANCED_FACE('',(#4860),#138,.F.);
#5294=ADVANCED_FACE('',(#4861),#139,.F.);
#5295=ADVANCED_FACE('',(#4862),#140,.T.);
#5296=ADVANCED_FACE('',(#4863),#141,.T.);
#5297=ADVANCED_FACE('',(#4864),#142,.F.);
#5298=CLOSED_SHELL('',(#5016,#5017,#5018,#5019,#5020,#5021,#5022,#5023,
#5024,#5025,#5026,#5027,#5028,#5029,#5030,#5031,#5032,#5033,#5034,#5035,
#5036,#5037,#5038,#5039,#5040,#5041,#5042,#5043,#5044,#5045,#5046,#5047,
#5048,#5049,#5050,#5051,#5052,#5053,#5054,#5055,#5056,#5057,#5058,#5059,
#5060,#5061,#5062,#5063,#5064,#5065,#5066,#5067,#5068,#5069,#5070,#5071,
#5072,#5073,#5074,#5075,#5076,#5077,#5078,#5079,#5080,#5081,#5082,#5083,
#5084,#5085,#5086,#5087,#5088,#5089,#5090,#5091,#5092,#5093,#5094,#5095,
#5096,#5097,#5098,#5099,#5100,#5101,#5102,#5103,#5104,#5105,#5106,#5107,
#5108,#5109,#5110,#5111,#5112,#5113,#5114,#5115,#5116,#5117,#5118,#5119,
#5120,#5121,#5122,#5123,#5124,#5125,#5126,#5127,#5128,#5129,#5130,#5131,
#5132,#5133,#5134,#5135,#5136,#5137,#5138,#5139,#5140,#5141,#5142,#5143,
#5144,#5145,#5146,#5147,#5148,#5149,#5150,#5151,#5152,#5153,#5154,#5155,
#5156,#5157,#5158,#5159,#5160,#5161,#5162,#5163,#5164,#5165,#5166,#5167,
#5168,#5169,#5170,#5171,#5172,#5173,#5174,#5175,#5176,#5177,#5178,#5179,
#5180,#5181,#5182,#5183,#5184,#5185,#5186,#5187,#5188,#5189,#5190,#5191,
#5192,#5193,#5194,#5195,#5196,#5197,#5198,#5199,#5200,#5201,#5202,#5203,
#5204,#5205,#5206,#5207,#5208,#5209,#5210,#5211,#5212,#5213,#5214,#5215,
#5216,#5217,#5218,#5219,#5220,#5221,#5222,#5223,#5224,#5225,#5226,#5227,
#5228,#5229,#5230,#5231,#5232,#5233,#5234,#5235,#5236,#5237,#5238,#5239,
#5240,#5241,#5242,#5243,#5244,#5245,#5246,#5247,#5248,#5249,#5250,#5251,
#5252,#5253,#5254,#5255,#5256,#5257,#5258,#5259,#5260,#5261,#5262,#5263,
#5264,#5265,#5266,#5267,#5268,#5269,#5270,#5271,#5272,#5273,#5274,#5275,
#5276,#5277,#5278,#5279,#5280,#5281,#5282,#5283,#5284,#5285,#5286,#5287,
#5288,#5289,#5290,#5291,#5292,#5293,#5294,#5295,#5296,#5297));
#5299=STYLED_ITEM('',(#5300),#5307);
#5300=PRESENTATION_STYLE_ASSIGNMENT((#5301));
#5301=SURFACE_STYLE_USAGE(.BOTH.,#5302);
#5302=SURFACE_SIDE_STYLE('',(#5303));
#5303=SURFACE_STYLE_FILL_AREA(#5304);
#5304=FILL_AREA_STYLE('',(#5305));
#5305=FILL_AREA_STYLE_COLOUR('',#5306);
#5306=COLOUR_RGB('',0.615686274509804,0.811764705882353,0.929411764705882);
#5307=MANIFOLD_SOLID_BREP('Part 1',#5298);
#5308=SHAPE_DEFINITION_REPRESENTATION(#9127,#5309);
#5309=SHAPE_REPRESENTATION('Part 1',(#5310),#9122);
#5310=AXIS2_PLACEMENT_3D('',#6856,#5653,#5654);
#5311=AXIS2_PLACEMENT_3D('',#6857,#5655,#5656);
#5312=AXIS2_PLACEMENT_3D('',#6866,#5661,#5662);
#5313=AXIS2_PLACEMENT_3D('',#6906,#5670,#5671);
#5314=AXIS2_PLACEMENT_3D('',#6916,#5672,#5673);
#5315=AXIS2_PLACEMENT_3D('',#6928,#5675,#5676);
#5316=AXIS2_PLACEMENT_3D('',#6930,#5677,#5678);
#5317=AXIS2_PLACEMENT_3D('',#6944,#5679,#5680);
#5318=AXIS2_PLACEMENT_3D('',#6981,#5693,#5694);
#5319=AXIS2_PLACEMENT_3D('',#7032,#5697,#5698);
#5320=AXIS2_PLACEMENT_3D('',#7036,#5700,#5701);
#5321=AXIS2_PLACEMENT_3D('',#7040,#5703,#5704);
#5322=AXIS2_PLACEMENT_3D('',#7044,#5706,#5707);
#5323=AXIS2_PLACEMENT_3D('',#7048,#5709,#5710);
#5324=AXIS2_PLACEMENT_3D('',#7052,#5712,#5713);
#5325=AXIS2_PLACEMENT_3D('',#7056,#5715,#5716);
#5326=AXIS2_PLACEMENT_3D('',#7090,#5727,#5728);
#5327=AXIS2_PLACEMENT_3D('',#7142,#5746,#5747);
#5328=AXIS2_PLACEMENT_3D('',#7144,#5748,#5749);
#5329=AXIS2_PLACEMENT_3D('',#7162,#5750,#5751);
#5330=AXIS2_PLACEMENT_3D('',#7166,#5753,#5754);
#5331=AXIS2_PLACEMENT_3D('',#7184,#5755,#5756);
#5332=AXIS2_PLACEMENT_3D('',#7233,#5781,#5782);
#5333=AXIS2_PLACEMENT_3D('',#7237,#5784,#5785);
#5334=AXIS2_PLACEMENT_3D('',#7241,#5787,#5788);
#5335=AXIS2_PLACEMENT_3D('',#7245,#5790,#5791);
#5336=AXIS2_PLACEMENT_3D('',#7249,#5793,#5794);
#5337=AXIS2_PLACEMENT_3D('',#7253,#5796,#5797);
#5338=AXIS2_PLACEMENT_3D('',#7257,#5799,#5800);
#5339=AXIS2_PLACEMENT_3D('',#7275,#5805,#5806);
#5340=AXIS2_PLACEMENT_3D('',#7285,#5807,#5808);
#5341=AXIS2_PLACEMENT_3D('',#7297,#5810,#5811);
#5342=AXIS2_PLACEMENT_3D('',#7299,#5812,#5813);
#5343=AXIS2_PLACEMENT_3D('',#7313,#5814,#5815);
#5344=AXIS2_PLACEMENT_3D('',#7350,#5828,#5829);
#5345=AXIS2_PLACEMENT_3D('',#7351,#5830,#5831);
#5346=AXIS2_PLACEMENT_3D('',#7353,#5832,#5833);
#5347=AXIS2_PLACEMENT_3D('',#7355,#5834,#5835);
#5348=AXIS2_PLACEMENT_3D('',#7357,#5836,#5837);
#5349=AXIS2_PLACEMENT_3D('',#7362,#5839,#5840);
#5350=AXIS2_PLACEMENT_3D('',#7366,#5842,#5843);
#5351=AXIS2_PLACEMENT_3D('',#7367,#5844,#5845);
#5352=AXIS2_PLACEMENT_3D('',#7371,#5847,#5848);
#5353=AXIS2_PLACEMENT_3D('',#7379,#5852,#5853);
#5354=AXIS2_PLACEMENT_3D('',#7383,#5855,#5856);
#5355=AXIS2_PLACEMENT_3D('',#7391,#5860,#5861);
#5356=AXIS2_PLACEMENT_3D('',#7395,#5863,#5864);
#5357=AXIS2_PLACEMENT_3D('',#7399,#5866,#5867);
#5358=AXIS2_PLACEMENT_3D('',#7403,#5869,#5870);
#5359=AXIS2_PLACEMENT_3D('',#7404,#5871,#5872);
#5360=AXIS2_PLACEMENT_3D('',#7413,#5877,#5878);
#5361=AXIS2_PLACEMENT_3D('',#7417,#5880,#5881);
#5362=AXIS2_PLACEMENT_3D('',#7421,#5883,#5884);
#5363=AXIS2_PLACEMENT_3D('',#7425,#5886,#5887);
#5364=AXIS2_PLACEMENT_3D('',#7429,#5889,#5890);
#5365=AXIS2_PLACEMENT_3D('',#7433,#5892,#5893);
#5366=AXIS2_PLACEMENT_3D('',#7441,#5897,#5898);
#5367=AXIS2_PLACEMENT_3D('',#7445,#5900,#5901);
#5368=AXIS2_PLACEMENT_3D('',#7449,#5903,#5904);
#5369=AXIS2_PLACEMENT_3D('',#7457,#5908,#5909);
#5370=AXIS2_PLACEMENT_3D('',#7461,#5911,#5912);
#5371=AXIS2_PLACEMENT_3D('',#7465,#5914,#5915);
#5372=AXIS2_PLACEMENT_3D('',#7473,#5919,#5920);
#5373=AXIS2_PLACEMENT_3D('',#7477,#5922,#5923);
#5374=AXIS2_PLACEMENT_3D('',#7478,#5924,#5925);
#5375=AXIS2_PLACEMENT_3D('',#7479,#5926,#5927);
#5376=AXIS2_PLACEMENT_3D('',#7481,#5928,#5929);
#5377=AXIS2_PLACEMENT_3D('',#7483,#5930,#5931);
#5378=AXIS2_PLACEMENT_3D('',#7485,#5932,#5933);
#5379=AXIS2_PLACEMENT_3D('',#7487,#5934,#5935);
#5380=AXIS2_PLACEMENT_3D('',#7490,#5938,#5939);
#5381=AXIS2_PLACEMENT_3D('',#7493,#5942,#5943);
#5382=AXIS2_PLACEMENT_3D('',#7496,#5946,#5947);
#5383=AXIS2_PLACEMENT_3D('',#7501,#5950,#5951);
#5384=AXIS2_PLACEMENT_3D('',#7506,#5954,#5955);
#5385=AXIS2_PLACEMENT_3D('',#7508,#5957,#5958);
#5386=AXIS2_PLACEMENT_3D('',#7519,#5964,#5965);
#5387=AXIS2_PLACEMENT_3D('',#7520,#5966,#5967);
#5388=AXIS2_PLACEMENT_3D('',#7525,#5970,#5971);
#5389=AXIS2_PLACEMENT_3D('',#7526,#5972,#5973);
#5390=AXIS2_PLACEMENT_3D('',#7534,#5978,#5979);
#5391=AXIS2_PLACEMENT_3D('',#7535,#5980,#5981);
#5392=AXIS2_PLACEMENT_3D('',#7538,#5984,#5985);
#5393=AXIS2_PLACEMENT_3D('',#7541,#5988,#5989);
#5394=AXIS2_PLACEMENT_3D('',#7542,#5990,#5991);
#5395=AXIS2_PLACEMENT_3D('',#7543,#5992,#5993);
#5396=AXIS2_PLACEMENT_3D('',#7544,#5994,#5995);
#5397=AXIS2_PLACEMENT_3D('',#7545,#5996,#5997);
#5398=AXIS2_PLACEMENT_3D('',#7546,#5998,#5999);
#5399=AXIS2_PLACEMENT_3D('',#7547,#6000,#6001);
#5400=AXIS2_PLACEMENT_3D('',#7555,#6006,#6007);
#5401=AXIS2_PLACEMENT_3D('',#7556,#6008,#6009);
#5402=AXIS2_PLACEMENT_3D('',#7562,#6013,#6014);
#5403=AXIS2_PLACEMENT_3D('',#7568,#6018,#6019);
#5404=AXIS2_PLACEMENT_3D('',#7572,#6022,#6023);
#5405=AXIS2_PLACEMENT_3D('',#7577,#6026,#6027);
#5406=AXIS2_PLACEMENT_3D('',#7583,#6031,#6032);
#5407=AXIS2_PLACEMENT_3D('',#7589,#6036,#6037);
#5408=AXIS2_PLACEMENT_3D('',#7593,#6040,#6041);
#5409=AXIS2_PLACEMENT_3D('',#7598,#6044,#6045);
#5410=AXIS2_PLACEMENT_3D('',#7606,#6050,#6051);
#5411=AXIS2_PLACEMENT_3D('',#7607,#6052,#6053);
#5412=AXIS2_PLACEMENT_3D('',#7608,#6054,#6055);
#5413=AXIS2_PLACEMENT_3D('',#7612,#6057,#6058);
#5414=AXIS2_PLACEMENT_3D('',#7616,#6060,#6061);
#5415=AXIS2_PLACEMENT_3D('',#7622,#6065,#6066);
#5416=AXIS2_PLACEMENT_3D('',#7625,#6069,#6070);
#5417=AXIS2_PLACEMENT_3D('',#7628,#6073,#6074);
#5418=AXIS2_PLACEMENT_3D('',#7634,#6078,#6079);
#5419=AXIS2_PLACEMENT_3D('',#7640,#6083,#6084);
#5420=AXIS2_PLACEMENT_3D('',#7644,#6087,#6088);
#5421=AXIS2_PLACEMENT_3D('',#7645,#6089,#6090);
#5422=AXIS2_PLACEMENT_3D('',#7646,#6091,#6092);
#5423=AXIS2_PLACEMENT_3D('',#7647,#6093,#6094);
#5424=AXIS2_PLACEMENT_3D('',#7648,#6095,#6096);
#5425=AXIS2_PLACEMENT_3D('',#7649,#6097,#6098);
#5426=AXIS2_PLACEMENT_3D('',#7650,#6099,#6100);
#5427=AXIS2_PLACEMENT_3D('',#7651,#6101,#6102);
#5428=AXIS2_PLACEMENT_3D('',#7653,#6104,#6105);
#5429=AXIS2_PLACEMENT_3D('',#7654,#6106,#6107);
#5430=AXIS2_PLACEMENT_3D('',#7660,#6111,#6112);
#5431=AXIS2_PLACEMENT_3D('',#7664,#6115,#6116);
#5432=AXIS2_PLACEMENT_3D('',#7668,#6119,#6120);
#5433=AXIS2_PLACEMENT_3D('',#7672,#6123,#6124);
#5434=AXIS2_PLACEMENT_3D('',#7702,#6129,#6130);
#5435=AXIS2_PLACEMENT_3D('',#7705,#6132,#6133);
#5436=AXIS2_PLACEMENT_3D('',#7745,#6137,#6138);
#5437=AXIS2_PLACEMENT_3D('',#7748,#6140,#6141);
#5438=AXIS2_PLACEMENT_3D('',#7749,#6142,#6143);
#5439=AXIS2_PLACEMENT_3D('',#7752,#6145,#6146);
#5440=AXIS2_PLACEMENT_3D('',#7766,#6148,#6149);
#5441=AXIS2_PLACEMENT_3D('',#7783,#6153,#6154);
#5442=AXIS2_PLACEMENT_3D('',#7786,#6156,#6157);
#5443=AXIS2_PLACEMENT_3D('',#7813,#6160,#6161);
#5444=AXIS2_PLACEMENT_3D('',#7816,#6163,#6164);
#5445=AXIS2_PLACEMENT_3D('',#7843,#6167,#6168);
#5446=AXIS2_PLACEMENT_3D('',#7847,#6171,#6172);
#5447=AXIS2_PLACEMENT_3D('',#7849,#6174,#6175);
#5448=AXIS2_PLACEMENT_3D('',#7850,#6176,#6177);
#5449=AXIS2_PLACEMENT_3D('',#7856,#6181,#6182);
#5450=AXIS2_PLACEMENT_3D('',#7860,#6185,#6186);
#5451=AXIS2_PLACEMENT_3D('',#7864,#6189,#6190);
#5452=AXIS2_PLACEMENT_3D('',#7868,#6193,#6194);
#5453=AXIS2_PLACEMENT_3D('',#7872,#6197,#6198);
#5454=AXIS2_PLACEMENT_3D('',#7889,#6202,#6203);
#5455=AXIS2_PLACEMENT_3D('',#7893,#6206,#6207);
#5456=AXIS2_PLACEMENT_3D('',#7897,#6210,#6211);
#5457=AXIS2_PLACEMENT_3D('',#7899,#6213,#6214);
#5458=AXIS2_PLACEMENT_3D('',#7915,#6217,#6218);
#5459=AXIS2_PLACEMENT_3D('',#7918,#6220,#6221);
#5460=AXIS2_PLACEMENT_3D('',#7919,#6222,#6223);
#5461=AXIS2_PLACEMENT_3D('',#7922,#6225,#6226);
#5462=AXIS2_PLACEMENT_3D('',#7923,#6227,#6228);
#5463=AXIS2_PLACEMENT_3D('',#8018,#6238,#6239);
#5464=AXIS2_PLACEMENT_3D('',#8059,#6244,#6245);
#5465=AXIS2_PLACEMENT_3D('',#8060,#6246,#6247);
#5466=AXIS2_PLACEMENT_3D('',#8066,#6251,#6252);
#5467=AXIS2_PLACEMENT_3D('',#8070,#6255,#6256);
#5468=AXIS2_PLACEMENT_3D('',#8074,#6259,#6260);
#5469=AXIS2_PLACEMENT_3D('',#8078,#6263,#6264);
#5470=AXIS2_PLACEMENT_3D('',#8082,#6267,#6268);
#5471=AXIS2_PLACEMENT_3D('',#8099,#6272,#6273);
#5472=AXIS2_PLACEMENT_3D('',#8103,#6276,#6277);
#5473=AXIS2_PLACEMENT_3D('',#8107,#6280,#6281);
#5474=AXIS2_PLACEMENT_3D('',#8109,#6283,#6284);
#5475=AXIS2_PLACEMENT_3D('',#8110,#6285,#6286);
#5476=AXIS2_PLACEMENT_3D('',#8116,#6290,#6291);
#5477=AXIS2_PLACEMENT_3D('',#8120,#6294,#6295);
#5478=AXIS2_PLACEMENT_3D('',#8124,#6298,#6299);
#5479=AXIS2_PLACEMENT_3D('',#8128,#6302,#6303);
#5480=AXIS2_PLACEMENT_3D('',#8158,#6308,#6309);
#5481=AXIS2_PLACEMENT_3D('',#8161,#6311,#6312);
#5482=AXIS2_PLACEMENT_3D('',#8201,#6316,#6317);
#5483=AXIS2_PLACEMENT_3D('',#8204,#6319,#6320);
#5484=AXIS2_PLACEMENT_3D('',#8205,#6321,#6322);
#5485=AXIS2_PLACEMENT_3D('',#8208,#6324,#6325);
#5486=AXIS2_PLACEMENT_3D('',#8222,#6327,#6328);
#5487=AXIS2_PLACEMENT_3D('',#8239,#6332,#6333);
#5488=AXIS2_PLACEMENT_3D('',#8242,#6335,#6336);
#5489=AXIS2_PLACEMENT_3D('',#8269,#6339,#6340);
#5490=AXIS2_PLACEMENT_3D('',#8272,#6342,#6343);
#5491=AXIS2_PLACEMENT_3D('',#8299,#6346,#6347);
#5492=AXIS2_PLACEMENT_3D('',#8303,#6350,#6351);
#5493=AXIS2_PLACEMENT_3D('',#8305,#6353,#6354);
#5494=AXIS2_PLACEMENT_3D('',#8306,#6355,#6356);
#5495=AXIS2_PLACEMENT_3D('',#8307,#6357,#6358);
#5496=AXIS2_PLACEMENT_3D('',#8312,#6360,#6361);
#5497=AXIS2_PLACEMENT_3D('',#8315,#6363,#6364);
#5498=AXIS2_PLACEMENT_3D('',#8338,#6369,#6370);
#5499=AXIS2_PLACEMENT_3D('',#8344,#6374,#6375);
#5500=AXIS2_PLACEMENT_3D('',#8348,#6378,#6379);
#5501=AXIS2_PLACEMENT_3D('',#8352,#6382,#6383);
#5502=AXIS2_PLACEMENT_3D('',#8356,#6386,#6387);
#5503=AXIS2_PLACEMENT_3D('',#8360,#6390,#6391);
#5504=AXIS2_PLACEMENT_3D('',#8364,#6394,#6395);
#5505=AXIS2_PLACEMENT_3D('',#8368,#6398,#6399);
#5506=AXIS2_PLACEMENT_3D('',#8370,#6401,#6402);
#5507=AXIS2_PLACEMENT_3D('',#8371,#6403,#6404);
#5508=AXIS2_PLACEMENT_3D('',#8372,#6405,#6406);
#5509=AXIS2_PLACEMENT_3D('',#8373,#6407,#6408);
#5510=AXIS2_PLACEMENT_3D('',#8411,#6412,#6413);
#5511=AXIS2_PLACEMENT_3D('',#8417,#6417,#6418);
#5512=AXIS2_PLACEMENT_3D('',#8464,#6426,#6427);
#5513=AXIS2_PLACEMENT_3D('',#8468,#6430,#6431);
#5514=AXIS2_PLACEMENT_3D('',#8472,#6434,#6435);
#5515=AXIS2_PLACEMENT_3D('',#8487,#6438,#6439);
#5516=AXIS2_PLACEMENT_3D('',#8490,#6442,#6443);
#5517=AXIS2_PLACEMENT_3D('',#8491,#6444,#6445);
#5518=AXIS2_PLACEMENT_3D('',#8500,#6450,#6451);
#5519=AXIS2_PLACEMENT_3D('',#8557,#6458,#6459);
#5520=AXIS2_PLACEMENT_3D('',#8566,#6464,#6465);
#5521=AXIS2_PLACEMENT_3D('',#8572,#6469,#6470);
#5522=AXIS2_PLACEMENT_3D('',#8629,#6477,#6478);
#5523=AXIS2_PLACEMENT_3D('',#8635,#6482,#6483);
#5524=AXIS2_PLACEMENT_3D('',#8639,#6486,#6487);
#5525=AXIS2_PLACEMENT_3D('',#8695,#6494,#6495);
#5526=AXIS2_PLACEMENT_3D('',#8699,#6498,#6499);
#5527=AXIS2_PLACEMENT_3D('',#8702,#6501,#6502);
#5528=AXIS2_PLACEMENT_3D('',#8754,#6505,#6506);
#5529=AXIS2_PLACEMENT_3D('',#8757,#6509,#6510);
#5530=AXIS2_PLACEMENT_3D('',#8758,#6511,#6512);
#5531=AXIS2_PLACEMENT_3D('',#8759,#6513,#6514);
#5532=AXIS2_PLACEMENT_3D('',#8765,#6518,#6519);
#5533=AXIS2_PLACEMENT_3D('',#8769,#6522,#6523);
#5534=AXIS2_PLACEMENT_3D('',#8773,#6526,#6527);
#5535=AXIS2_PLACEMENT_3D('',#8777,#6530,#6531);
#5536=AXIS2_PLACEMENT_3D('',#8781,#6534,#6535);
#5537=AXIS2_PLACEMENT_3D('',#8785,#6538,#6539);
#5538=AXIS2_PLACEMENT_3D('',#8789,#6542,#6543);
#5539=AXIS2_PLACEMENT_3D('',#8793,#6546,#6547);
#5540=AXIS2_PLACEMENT_3D('',#8797,#6550,#6551);
#5541=AXIS2_PLACEMENT_3D('',#8801,#6554,#6555);
#5542=AXIS2_PLACEMENT_3D('',#8805,#6558,#6559);
#5543=AXIS2_PLACEMENT_3D('',#8807,#6561,#6562);
#5544=AXIS2_PLACEMENT_3D('',#8808,#6563,#6564);
#5545=AXIS2_PLACEMENT_3D('',#8814,#6568,#6569);
#5546=AXIS2_PLACEMENT_3D('',#8818,#6572,#6573);
#5547=AXIS2_PLACEMENT_3D('',#8822,#6576,#6577);
#5548=AXIS2_PLACEMENT_3D('',#8826,#6580,#6581);
#5549=AXIS2_PLACEMENT_3D('',#8829,#6583,#6584);
#5550=AXIS2_PLACEMENT_3D('',#8882,#6589,#6590);
#5551=AXIS2_PLACEMENT_3D('',#8885,#6592,#6593);
#5552=AXIS2_PLACEMENT_3D('',#8886,#6594,#6595);
#5553=AXIS2_PLACEMENT_3D('',#8890,#6598,#6599);
#5554=AXIS2_PLACEMENT_3D('',#8893,#6601,#6602);
#5555=AXIS2_PLACEMENT_3D('',#8946,#6607,#6608);
#5556=AXIS2_PLACEMENT_3D('',#8949,#6610,#6611);
#5557=AXIS2_PLACEMENT_3D('',#8950,#6612,#6613);
#5558=AXIS2_PLACEMENT_3D('',#8953,#6615,#6616);
#5559=AXIS2_PLACEMENT_3D('',#8954,#6617,#6618);
#5560=AXIS2_PLACEMENT_3D('',#8956,#6620,#6621);
#5561=AXIS2_PLACEMENT_3D('',#8957,#6622,#6623);
#5562=AXIS2_PLACEMENT_3D('',#8963,#6627,#6628);
#5563=AXIS2_PLACEMENT_3D('',#8967,#6631,#6632);
#5564=AXIS2_PLACEMENT_3D('',#8971,#6635,#6636);
#5565=AXIS2_PLACEMENT_3D('',#8975,#6639,#6640);
#5566=AXIS2_PLACEMENT_3D('',#8979,#6643,#6644);
#5567=AXIS2_PLACEMENT_3D('',#8983,#6647,#6648);
#5568=AXIS2_PLACEMENT_3D('',#8987,#6651,#6652);
#5569=AXIS2_PLACEMENT_3D('',#8991,#6655,#6656);
#5570=AXIS2_PLACEMENT_3D('',#8995,#6659,#6660);
#5571=AXIS2_PLACEMENT_3D('',#8997,#6662,#6663);
#5572=AXIS2_PLACEMENT_3D('',#8998,#6664,#6665);
#5573=AXIS2_PLACEMENT_3D('',#9004,#6669,#6670);
#5574=AXIS2_PLACEMENT_3D('',#9008,#6673,#6674);
#5575=AXIS2_PLACEMENT_3D('',#9012,#6677,#6678);
#5576=AXIS2_PLACEMENT_3D('',#9016,#6681,#6682);
#5577=AXIS2_PLACEMENT_3D('',#9020,#6685,#6686);
#5578=AXIS2_PLACEMENT_3D('',#9024,#6689,#6690);
#5579=AXIS2_PLACEMENT_3D('',#9028,#6693,#6694);
#5580=AXIS2_PLACEMENT_3D('',#9032,#6697,#6698);
#5581=AXIS2_PLACEMENT_3D('',#9036,#6701,#6702);
#5582=AXIS2_PLACEMENT_3D('',#9040,#6705,#6706);
#5583=AXIS2_PLACEMENT_3D('',#9044,#6709,#6710);
#5584=AXIS2_PLACEMENT_3D('',#9046,#6712,#6713);
#5585=AXIS2_PLACEMENT_3D('',#9047,#6714,#6715);
#5586=AXIS2_PLACEMENT_3D('',#9048,#6716,#6717);
#5587=AXIS2_PLACEMENT_3D('',#9049,#6718,#6719);
#5588=AXIS2_PLACEMENT_3D('',#9050,#6720,#6721);
#5589=AXIS2_PLACEMENT_3D('',#9053,#6724,#6725);
#5590=AXIS2_PLACEMENT_3D('',#9056,#6728,#6729);
#5591=AXIS2_PLACEMENT_3D('',#9059,#6732,#6733);
#5592=AXIS2_PLACEMENT_3D('',#9060,#6734,#6735);
#5593=AXIS2_PLACEMENT_3D('',#9061,#6736,#6737);
#5594=AXIS2_PLACEMENT_3D('',#9062,#6738,#6739);
#5595=AXIS2_PLACEMENT_3D('',#9063,#6740,#6741);
#5596=AXIS2_PLACEMENT_3D('',#9064,#6742,#6743);
#5597=AXIS2_PLACEMENT_3D('',#9065,#6744,#6745);
#5598=AXIS2_PLACEMENT_3D('',#9066,#6746,#6747);
#5599=AXIS2_PLACEMENT_3D('',#9067,#6748,#6749);
#5600=AXIS2_PLACEMENT_3D('',#9068,#6750,#6751);
#5601=AXIS2_PLACEMENT_3D('',#9069,#6752,#6753);
#5602=AXIS2_PLACEMENT_3D('',#9070,#6754,#6755);
#5603=AXIS2_PLACEMENT_3D('',#9071,#6756,#6757);
#5604=AXIS2_PLACEMENT_3D('',#9072,#6758,#6759);
#5605=AXIS2_PLACEMENT_3D('',#9073,#6760,#6761);
#5606=AXIS2_PLACEMENT_3D('',#9074,#6762,#6763);
#5607=AXIS2_PLACEMENT_3D('',#9075,#6764,#6765);
#5608=AXIS2_PLACEMENT_3D('',#9076,#6766,#6767);
#5609=AXIS2_PLACEMENT_3D('',#9077,#6768,#6769);
#5610=AXIS2_PLACEMENT_3D('',#9078,#6770,#6771);
#5611=AXIS2_PLACEMENT_3D('',#9079,#6772,#6773);
#5612=AXIS2_PLACEMENT_3D('',#9080,#6774,#6775);
#5613=AXIS2_PLACEMENT_3D('',#9081,#6776,#6777);
#5614=AXIS2_PLACEMENT_3D('',#9082,#6778,#6779);
#5615=AXIS2_PLACEMENT_3D('',#9083,#6780,#6781);
#5616=AXIS2_PLACEMENT_3D('',#9084,#6782,#6783);
#5617=AXIS2_PLACEMENT_3D('',#9085,#6784,#6785);
#5618=AXIS2_PLACEMENT_3D('',#9086,#6786,#6787);
#5619=AXIS2_PLACEMENT_3D('',#9087,#6788,#6789);
#5620=AXIS2_PLACEMENT_3D('',#9088,#6790,#6791);
#5621=AXIS2_PLACEMENT_3D('',#9089,#6792,#6793);
#5622=AXIS2_PLACEMENT_3D('',#9090,#6794,#6795);
#5623=AXIS2_PLACEMENT_3D('',#9091,#6796,#6797);
#5624=AXIS2_PLACEMENT_3D('',#9092,#6798,#6799);
#5625=AXIS2_PLACEMENT_3D('',#9093,#6800,#6801);
#5626=AXIS2_PLACEMENT_3D('',#9094,#6802,#6803);
#5627=AXIS2_PLACEMENT_3D('',#9095,#6804,#6805);
#5628=AXIS2_PLACEMENT_3D('',#9096,#6806,#6807);
#5629=AXIS2_PLACEMENT_3D('',#9097,#6808,#6809);
#5630=AXIS2_PLACEMENT_3D('',#9098,#6810,#6811);
#5631=AXIS2_PLACEMENT_3D('',#9099,#6812,#6813);
#5632=AXIS2_PLACEMENT_3D('',#9100,#6814,#6815);
#5633=AXIS2_PLACEMENT_3D('',#9101,#6816,#6817);
#5634=AXIS2_PLACEMENT_3D('',#9102,#6818,#6819);
#5635=AXIS2_PLACEMENT_3D('',#9103,#6820,#6821);
#5636=AXIS2_PLACEMENT_3D('',#9104,#6822,#6823);
#5637=AXIS2_PLACEMENT_3D('',#9105,#6824,#6825);
#5638=AXIS2_PLACEMENT_3D('',#9106,#6826,#6827);
#5639=AXIS2_PLACEMENT_3D('',#9107,#6828,#6829);
#5640=AXIS2_PLACEMENT_3D('',#9108,#6830,#6831);
#5641=AXIS2_PLACEMENT_3D('',#9109,#6832,#6833);
#5642=AXIS2_PLACEMENT_3D('',#9110,#6834,#6835);
#5643=AXIS2_PLACEMENT_3D('',#9111,#6836,#6837);
#5644=AXIS2_PLACEMENT_3D('',#9112,#6838,#6839);
#5645=AXIS2_PLACEMENT_3D('',#9113,#6840,#6841);
#5646=AXIS2_PLACEMENT_3D('',#9114,#6842,#6843);
#5647=AXIS2_PLACEMENT_3D('',#9115,#6844,#6845);
#5648=AXIS2_PLACEMENT_3D('',#9116,#6846,#6847);
#5649=AXIS2_PLACEMENT_3D('',#9117,#6848,#6849);
#5650=AXIS2_PLACEMENT_3D('',#9118,#6850,#6851);
#5651=AXIS2_PLACEMENT_3D('',#9119,#6852,#6853);
#5652=AXIS2_PLACEMENT_3D('',#9120,#6854,#6855);
#5653=DIRECTION('',(0.,0.,1.));
#5654=DIRECTION('',(1.,0.,0.));
#5655=DIRECTION('',(0.,0.,-1.));
#5656=DIRECTION('',(0.,1.,0.));
#5657=DIRECTION('',(1.,0.,0.));
#5658=DIRECTION('',(0.,1.,0.));
#5659=DIRECTION('',(1.,0.,0.));
#5660=DIRECTION('',(0.,-1.,0.));
#5661=DIRECTION('',(0.,1.,0.));
#5662=DIRECTION('',(1.,0.,0.));
#5663=DIRECTION('',(-1.,0.,0.));
#5664=DIRECTION('',(0.,0.,-1.));
#5665=DIRECTION('',(1.,0.,0.));
#5666=DIRECTION('',(0.00676616516369171,0.,0.999977109242495));
#5667=DIRECTION('',(-0.999977109242495,0.,0.00676616516369589));
#5668=DIRECTION('',(-0.00676616516368821,0.,-0.999977109242495));
#5669=DIRECTION('',(0.698592268346194,0.,-0.715519980578404));
#5670=DIRECTION('',(0.,1.,0.));
#5671=DIRECTION('',(0.,0.,1.));
#5672=DIRECTION('',(0.,1.,0.));
#5673=DIRECTION('',(0.,0.,1.));
#5674=DIRECTION('',(-0.650161280977594,0.,-0.759796228417577));
#5675=DIRECTION('',(0.,1.,0.));
#5676=DIRECTION('',(0.,0.,1.));
#5677=DIRECTION('',(0.,1.,0.));
#5678=DIRECTION('',(0.,0.,1.));
#5679=DIRECTION('',(0.,1.,0.));
#5680=DIRECTION('',(0.,0.,1.));
#5681=DIRECTION('',(-0.723802400535955,0.,0.690007307916654));
#5682=DIRECTION('',(0.0067661651635905,0.,0.999977109242496));
#5683=DIRECTION('',(0.999977109242495,0.,-0.00676616516369247));
#5684=DIRECTION('',(0.00676616516369547,0.,0.999977109242495));
#5685=DIRECTION('',(-0.999977109242495,0.,0.00676616516369059));
#5686=DIRECTION('',(-0.00676616516369405,0.,-0.999977109242495));
#5687=DIRECTION('',(0.0162704635547086,0.,-0.999867627246585));
#5688=DIRECTION('',(0.0247996969201278,0.,-0.999692440219826));
#5689=DIRECTION('',(-0.775161444066521,0.,0.631763195851662));
#5690=DIRECTION('',(-0.630940826353629,0.,-0.775830956871534));
#5691=DIRECTION('',(0.778086103926634,0.,-0.628157635372102));
#5692=DIRECTION('',(0.999977109242495,0.,-0.00676616516368856));
#5693=DIRECTION('',(0.,1.,0.));
#5694=DIRECTION('',(0.,0.,1.));
#5695=DIRECTION('',(0.,0.,1.));
#5696=DIRECTION('',(-0.368133456473178,0.,0.929772960579684));
#5697=DIRECTION('',(0.,1.,0.));
#5698=DIRECTION('',(0.,0.,1.));
#5699=DIRECTION('',(-1.,0.,0.));
#5700=DIRECTION('',(0.,1.,0.));
#5701=DIRECTION('',(1.,0.,0.));
#5702=DIRECTION('',(0.,0.,-1.));
#5703=DIRECTION('',(0.,1.,0.));
#5704=DIRECTION('',(1.,0.,0.));
#5705=DIRECTION('',(1.,0.,0.));
#5706=DIRECTION('',(0.,1.,0.));
#5707=DIRECTION('',(1.,0.,0.));
#5708=DIRECTION('',(0.,0.,-1.));
#5709=DIRECTION('',(0.,1.,0.));
#5710=DIRECTION('',(1.,0.,0.));
#5711=DIRECTION('',(-1.,0.,0.));
#5712=DIRECTION('',(0.,1.,0.));
#5713=DIRECTION('',(1.,0.,0.));
#5714=DIRECTION('',(1.61369625672261E-16,0.,1.));
#5715=DIRECTION('',(0.,1.,0.));
#5716=DIRECTION('',(1.,0.,0.));
#5717=DIRECTION('',(-1.,0.,0.));
#5718=DIRECTION('',(-0.291056642682018,0.,-0.956705822471397));
#5719=DIRECTION('',(-1.,0.,0.));
#5720=DIRECTION('',(-0.291056642682018,0.,0.956705822471397));
#5721=DIRECTION('',(-1.,0.,0.));
#5722=DIRECTION('',(0.331669016823167,0.,-0.943395814745621));
#5723=DIRECTION('',(1.,0.,0.));
#5724=DIRECTION('',(0.332766361047277,0.,0.94300930480847));
#5725=DIRECTION('',(0.,0.,-1.));
#5726=DIRECTION('',(1.,0.,0.));
#5727=DIRECTION('',(0.,1.,0.));
#5728=DIRECTION('',(0.,0.,1.));
#5729=DIRECTION('',(0.,0.,1.));
#5730=DIRECTION('',(-1.,0.,0.));
#5731=DIRECTION('',(0.,0.,1.));
#5732=DIRECTION('',(-1.,0.,0.));
#5733=DIRECTION('',(0.,0.,-1.));
#5734=DIRECTION('',(-1.,0.,0.));
#5735=DIRECTION('',(0.,0.,1.));
#5736=DIRECTION('',(-1.,0.,0.));
#5737=DIRECTION('',(0.,0.,-1.));
#5738=DIRECTION('',(1.,0.,0.));
#5739=DIRECTION('',(0.,0.,1.));
#5740=DIRECTION('',(1.,0.,0.));
#5741=DIRECTION('',(0.,0.,-1.));
#5742=DIRECTION('',(1.,0.,0.));
#5743=DIRECTION('',(0.,0.,-1.));
#5744=DIRECTION('',(1.,0.,0.));
#5745=DIRECTION('',(0.,0.,1.));
#5746=DIRECTION('',(0.,1.,0.));
#5747=DIRECTION('',(0.,0.,1.));
#5748=DIRECTION('',(0.,1.,0.));
#5749=DIRECTION('',(0.,0.,1.));
#5750=DIRECTION('',(0.,1.,0.));
#5751=DIRECTION('',(0.,0.,1.));
#5752=DIRECTION('',(-0.383684497921869,0.,0.923464241892692));
#5753=DIRECTION('',(0.,1.,0.));
#5754=DIRECTION('',(0.,0.,1.));
#5755=DIRECTION('',(0.,1.,0.));
#5756=DIRECTION('',(0.,0.,1.));
#5757=DIRECTION('',(0.,0.,-1.));
#5758=DIRECTION('',(-1.,0.,0.));
#5759=DIRECTION('',(0.,0.,1.));
#5760=DIRECTION('',(-1.,0.,0.));
#5761=DIRECTION('',(0.,0.,-1.));
#5762=DIRECTION('',(1.,0.,0.));
#5763=DIRECTION('',(0.,0.,1.));
#5764=DIRECTION('',(-1.,0.,0.));
#5765=DIRECTION('',(0.,0.,1.));
#5766=DIRECTION('',(1.,0.,0.));
#5767=DIRECTION('',(0.,0.,1.));
#5768=DIRECTION('',(-1.,0.,0.));
#5769=DIRECTION('',(0.,0.,1.));
#5770=DIRECTION('',(-1.,0.,0.));
#5771=DIRECTION('',(0.,0.,-1.));
#5772=DIRECTION('',(1.,0.,0.));
#5773=DIRECTION('',(0.,0.,1.));
#5774=DIRECTION('',(-1.,0.,0.));
#5775=DIRECTION('',(0.,0.,1.));
#5776=DIRECTION('',(1.,0.,0.));
#5777=DIRECTION('',(0.,0.,1.));
#5778=DIRECTION('',(-1.,0.,0.));
#5779=DIRECTION('',(0.,0.,1.));
#5780=DIRECTION('',(1.,0.,0.));
#5781=DIRECTION('',(0.,1.,0.));
#5782=DIRECTION('',(1.,0.,0.));
#5783=DIRECTION('',(-1.,0.,0.));
#5784=DIRECTION('',(0.,1.,0.));
#5785=DIRECTION('',(1.,0.,0.));
#5786=DIRECTION('',(0.,0.,1.));
#5787=DIRECTION('',(0.,1.,0.));
#5788=DIRECTION('',(1.,0.,0.));
#5789=DIRECTION('',(1.,0.,0.));
#5790=DIRECTION('',(0.,1.,0.));
#5791=DIRECTION('',(1.,0.,0.));
#5792=DIRECTION('',(0.,0.,-1.));
#5793=DIRECTION('',(0.,1.,0.));
#5794=DIRECTION('',(1.,0.,0.));
#5795=DIRECTION('',(-1.,0.,0.));
#5796=DIRECTION('',(0.,1.,0.));
#5797=DIRECTION('',(1.,0.,0.));
#5798=DIRECTION('',(0.,0.,-1.));
#5799=DIRECTION('',(0.,1.,0.));
#5800=DIRECTION('',(1.,0.,0.));
#5801=DIRECTION('',(0.0067661651637151,0.,0.999977109242495));
#5802=DIRECTION('',(-0.999977109242495,0.,0.00676616516369589));
#5803=DIRECTION('',(-0.00676616516368821,0.,-0.999977109242495));
#5804=DIRECTION('',(0.698592268346193,0.,-0.715519980578405));
#5805=DIRECTION('',(0.,1.,0.));
#5806=DIRECTION('',(0.,0.,1.));
#5807=DIRECTION('',(0.,1.,0.));
#5808=DIRECTION('',(0.,0.,1.));
#5809=DIRECTION('',(-0.650161280977601,0.,-0.759796228417571));
#5810=DIRECTION('',(0.,1.,0.));
#5811=DIRECTION('',(0.,0.,1.));
#5812=DIRECTION('',(0.,1.,0.));
#5813=DIRECTION('',(0.,0.,1.));
#5814=DIRECTION('',(0.,1.,0.));
#5815=DIRECTION('',(0.,0.,1.));
#5816=DIRECTION('',(-0.723802400535941,0.,0.690007307916669));
#5817=DIRECTION('',(0.00676616516403284,0.,0.999977109242493));
#5818=DIRECTION('',(0.999977109242495,0.,-0.00676616516369254));
#5819=DIRECTION('',(0.00676616516369755,0.,0.999977109242495));
#5820=DIRECTION('',(-0.999977109242495,0.,0.00676616516369066));
#5821=DIRECTION('',(-0.00676616516369045,0.,-0.999977109242495));
#5822=DIRECTION('',(0.0162704635547305,0.,-0.999867627246584));
#5823=DIRECTION('',(0.0247996969201478,0.,-0.999692440219825));
#5824=DIRECTION('',(-0.775161444066528,0.,0.631763195851654));
#5825=DIRECTION('',(-0.630940826353635,0.,-0.775830956871529));
#5826=DIRECTION('',(0.778086103926636,0.,-0.6281576353721));
#5827=DIRECTION('',(0.999977109242495,0.,-0.00676616516368872));
#5828=DIRECTION('',(0.,1.,0.));
#5829=DIRECTION('',(1.,0.,0.));
#5830=DIRECTION('',(0.,1.,0.));
#5831=DIRECTION('',(1.,0.,0.));
#5832=DIRECTION('',(0.,1.,0.));
#5833=DIRECTION('',(1.,0.,0.));
#5834=DIRECTION('',(0.,1.,0.));
#5835=DIRECTION('',(1.,0.,0.));
#5836=DIRECTION('',(0.,1.,0.));
#5837=DIRECTION('',(1.,0.,0.));
#5838=DIRECTION('',(-1.,0.,0.));
#5839=DIRECTION('',(0.,1.,0.));
#5840=DIRECTION('',(1.,0.,0.));
#5841=DIRECTION('',(0.832050294337844,0.,0.554700196225229));
#5842=DIRECTION('',(0.,1.,0.));
#5843=DIRECTION('',(1.,0.,0.));
#5844=DIRECTION('',(0.,1.,0.));
#5845=DIRECTION('',(1.,0.,0.));
#5846=DIRECTION('',(0.,0.,-1.));
#5847=DIRECTION('',(0.,1.,0.));
#5848=DIRECTION('',(1.,0.,0.));
#5849=DIRECTION('',(-1.,0.,0.));
#5850=DIRECTION('',(0.707106781186548,0.,0.707106781186548));
#5851=DIRECTION('',(-2.83220159343152E-16,0.,-1.));
#5852=DIRECTION('',(0.,1.,0.));
#5853=DIRECTION('',(1.,0.,0.));
#5854=DIRECTION('',(-1.,0.,0.));
#5855=DIRECTION('',(0.,1.,0.));
#5856=DIRECTION('',(1.,0.,0.));
#5857=DIRECTION('',(0.,0.,-1.));
#5858=DIRECTION('',(0.707106781186548,0.,-0.707106781186548));
#5859=DIRECTION('',(1.,0.,0.));
#5860=DIRECTION('',(0.,1.,0.));
#5861=DIRECTION('',(1.,0.,0.));
#5862=DIRECTION('',(0.,0.,-1.));
#5863=DIRECTION('',(0.,1.,0.));
#5864=DIRECTION('',(1.,0.,0.));
#5865=DIRECTION('',(1.,0.,0.));
#5866=DIRECTION('',(0.,1.,0.));
#5867=DIRECTION('',(1.,0.,0.));
#5868=DIRECTION('',(-0.832050294337844,0.,0.554700196225229));
#5869=DIRECTION('',(0.,1.,0.));
#5870=DIRECTION('',(1.,0.,0.));
#5871=DIRECTION('',(-0.707106781186548,0.,-0.707106781186548));
#5872=DIRECTION('',(0.,-1.,0.));
#5873=DIRECTION('',(0.,1.,0.));
#5874=DIRECTION('',(-0.707106781186548,0.,0.707106781186548));
#5875=DIRECTION('',(0.,-1.,0.));
#5876=DIRECTION('',(0.707106781186548,0.,-0.707106781186548));
#5877=DIRECTION('',(0.,1.,0.));
#5878=DIRECTION('',(1.,0.,0.));
#5879=DIRECTION('',(-0.832050294337844,0.,-0.554700196225229));
#5880=DIRECTION('',(0.,1.,0.));
#5881=DIRECTION('',(1.,0.,0.));
#5882=DIRECTION('',(1.,0.,0.));
#5883=DIRECTION('',(0.,1.,0.));
#5884=DIRECTION('',(1.,0.,0.));
#5885=DIRECTION('',(0.832050294337844,0.,-0.554700196225229));
#5886=DIRECTION('',(0.,1.,0.));
#5887=DIRECTION('',(1.,0.,0.));
#5888=DIRECTION('',(1.,0.,0.));
#5889=DIRECTION('',(0.,1.,0.));
#5890=DIRECTION('',(1.,0.,0.));
#5891=DIRECTION('',(0.,0.,-1.));
#5892=DIRECTION('',(0.,1.,0.));
#5893=DIRECTION('',(1.,0.,0.));
#5894=DIRECTION('',(1.,0.,0.));
#5895=DIRECTION('',(-0.707106781186548,0.,0.707106781186548));
#5896=DIRECTION('',(-1.,0.,0.));
#5897=DIRECTION('',(0.,1.,0.));
#5898=DIRECTION('',(1.,0.,0.));
#5899=DIRECTION('',(0.,0.,-1.));
#5900=DIRECTION('',(0.,1.,0.));
#5901=DIRECTION('',(1.,0.,0.));
#5902=DIRECTION('',(1.,0.,0.));
#5903=DIRECTION('',(0.,1.,0.));
#5904=DIRECTION('',(1.,0.,0.));
#5905=DIRECTION('',(0.,0.,-1.));
#5906=DIRECTION('',(-1.,0.,0.));
#5907=DIRECTION('',(0.,0.,1.));
#5908=DIRECTION('',(0.,1.,0.));
#5909=DIRECTION('',(1.,0.,0.));
#5910=DIRECTION('',(-1.,0.,0.));
#5911=DIRECTION('',(0.,1.,0.));
#5912=DIRECTION('',(1.,0.,0.));
#5913=DIRECTION('',(0.,0.,1.));
#5914=DIRECTION('',(0.,1.,0.));
#5915=DIRECTION('',(1.,0.,0.));
#5916=DIRECTION('',(-1.,0.,0.));
#5917=DIRECTION('',(-0.707106781186548,0.,-0.707106781186548));
#5918=DIRECTION('',(-1.,0.,0.));
#5919=DIRECTION('',(0.,1.,0.));
#5920=DIRECTION('',(1.,0.,0.));
#5921=DIRECTION('',(0.,0.,-1.));
#5922=DIRECTION('',(0.,1.,0.));
#5923=DIRECTION('',(1.,0.,0.));
#5924=DIRECTION('',(0.,1.,0.));
#5925=DIRECTION('',(1.,0.,0.));
#5926=DIRECTION('',(0.,-1.,0.));
#5927=DIRECTION('',(1.,0.,0.));
#5928=DIRECTION('',(0.,1.,0.));
#5929=DIRECTION('',(1.,0.,0.));
#5930=DIRECTION('',(0.,1.,0.));
#5931=DIRECTION('',(1.,0.,0.));
#5932=DIRECTION('',(0.,-1.,0.));
#5933=DIRECTION('',(1.,0.,0.));
#5934=DIRECTION('',(0.,0.,-1.));
#5935=DIRECTION('',(0.,1.,0.));
#5936=DIRECTION('',(0.,1.,0.));
#5937=DIRECTION('',(0.,-1.,0.));
#5938=DIRECTION('',(-1.,0.,0.));
#5939=DIRECTION('',(0.,1.,0.));
#5940=DIRECTION('',(0.,-1.,0.));
#5941=DIRECTION('',(0.,-1.,0.));
#5942=DIRECTION('',(0.,0.,-1.));
#5943=DIRECTION('',(0.,1.,0.));
#5944=DIRECTION('',(0.,1.,0.));
#5945=DIRECTION('',(0.,-1.,0.));
#5946=DIRECTION('',(-1.,0.,0.));
#5947=DIRECTION('',(0.,1.,0.));
#5948=DIRECTION('',(0.,-1.,0.));
#5949=DIRECTION('',(0.,0.,-1.));
#5950=DIRECTION('',(-1.,0.,0.));
#5951=DIRECTION('',(0.,0.,-1.));
#5952=DIRECTION('',(0.,0.,-1.));
#5953=DIRECTION('',(0.,-1.,0.));
#5954=DIRECTION('',(-1.,0.,0.));
#5955=DIRECTION('',(0.,1.,0.));
#5956=DIRECTION('',(0.,-1.,0.));
#5957=DIRECTION('',(0.,0.,1.));
#5958=DIRECTION('',(0.,-1.,0.));
#5959=DIRECTION('',(1.,0.,0.));
#5960=DIRECTION('',(0.,-1.,0.));
#5961=DIRECTION('',(0.,-1.,0.));
#5962=DIRECTION('',(-1.,0.,0.));
#5963=DIRECTION('',(0.,-1.,0.));
#5964=DIRECTION('',(0.,0.,1.));
#5965=DIRECTION('',(0.,-1.,0.));
#5966=DIRECTION('',(0.,0.,1.));
#5967=DIRECTION('',(0.,-1.,0.));
#5968=DIRECTION('',(0.,-1.,0.));
#5969=DIRECTION('',(-1.,0.,0.));
#5970=DIRECTION('',(0.,0.,1.));
#5971=DIRECTION('',(1.,0.,0.));
#5972=DIRECTION('',(-1.,0.,2.83220159343152E-16));
#5973=DIRECTION('',(2.83220159343152E-16,0.,1.));
#5974=DIRECTION('',(0.,-1.,0.));
#5975=DIRECTION('',(-2.83220159343152E-16,0.,-1.));
#5976=DIRECTION('',(0.,-1.,0.));
#5977=DIRECTION('',(0.,1.,0.));
#5978=DIRECTION('',(-1.,0.,2.83220159343152E-16));
#5979=DIRECTION('',(2.83220159343152E-16,0.,1.));
#5980=DIRECTION('',(0.,0.,1.));
#5981=DIRECTION('',(0.,-1.,0.));
#5982=DIRECTION('',(0.,-1.,0.));
#5983=DIRECTION('',(0.,-1.,0.));
#5984=DIRECTION('',(-1.,0.,0.));
#5985=DIRECTION('',(0.,1.,0.));
#5986=DIRECTION('',(0.,-1.,0.));
#5987=DIRECTION('',(0.,-1.,0.));
#5988=DIRECTION('',(0.,1.,0.));
#5989=DIRECTION('',(1.,0.,0.));
#5990=DIRECTION('',(0.,1.,0.));
#5991=DIRECTION('',(1.,0.,0.));
#5992=DIRECTION('',(0.,1.,0.));
#5993=DIRECTION('',(1.,0.,0.));
#5994=DIRECTION('',(0.,-1.,0.));
#5995=DIRECTION('',(-1.,0.,0.));
#5996=DIRECTION('',(0.707106781186548,0.,-0.707106781186548));
#5997=DIRECTION('',(0.,-1.,0.));
#5998=DIRECTION('',(-0.707106781186548,0.,-0.707106781186548));
#5999=DIRECTION('',(0.,-1.,0.));
#6000=DIRECTION('',(0.,0.,1.));
#6001=DIRECTION('',(0.,-1.,0.));
#6002=DIRECTION('',(-1.,0.,0.));
#6003=DIRECTION('',(0.,-1.,0.));
#6004=DIRECTION('',(0.,-1.,0.));
#6005=DIRECTION('',(-1.,0.,0.));
#6006=DIRECTION('',(0.,0.,1.));
#6007=DIRECTION('',(0.,-1.,0.));
#6008=DIRECTION('',(1.,0.,0.));
#6009=DIRECTION('',(0.,-1.,0.));
#6010=DIRECTION('',(0.,-1.,0.));
#6011=DIRECTION('',(0.,0.,1.));
#6012=DIRECTION('',(0.,-1.,0.));
#6013=DIRECTION('',(0.,0.,1.));
#6014=DIRECTION('',(0.,-1.,0.));
#6015=DIRECTION('',(0.,-1.,0.));
#6016=DIRECTION('',(-1.,0.,0.));
#6017=DIRECTION('',(0.,-1.,0.));
#6018=DIRECTION('',(1.,0.,0.));
#6019=DIRECTION('',(0.,-1.,0.));
#6020=DIRECTION('',(0.,-1.,0.));
#6021=DIRECTION('',(0.,0.,1.));
#6022=DIRECTION('',(1.,0.,0.));
#6023=DIRECTION('',(0.,-1.,0.));
#6024=DIRECTION('',(0.,0.,1.));
#6025=DIRECTION('',(0.,-1.,0.));
#6026=DIRECTION('',(0.,0.,-1.));
#6027=DIRECTION('',(0.,1.,0.));
#6028=DIRECTION('',(0.,-1.,0.));
#6029=DIRECTION('',(1.,0.,0.));
#6030=DIRECTION('',(0.,-1.,0.));
#6031=DIRECTION('',(-1.,0.,0.));
#6032=DIRECTION('',(0.,1.,0.));
#6033=DIRECTION('',(0.,-1.,0.));
#6034=DIRECTION('',(0.,0.,-1.));
#6035=DIRECTION('',(0.,-1.,0.));
#6036=DIRECTION('',(0.,0.,1.));
#6037=DIRECTION('',(0.,-1.,0.));
#6038=DIRECTION('',(0.,-1.,0.));
#6039=DIRECTION('',(-1.,0.,0.));
#6040=DIRECTION('',(0.,0.,1.));
#6041=DIRECTION('',(0.,-1.,0.));
#6042=DIRECTION('',(-1.,0.,0.));
#6043=DIRECTION('',(0.,-1.,0.));
#6044=DIRECTION('',(-1.,0.,0.));
#6045=DIRECTION('',(0.,1.,0.));
#6046=DIRECTION('',(0.,0.,-1.));
#6047=DIRECTION('',(0.,-1.,0.));
#6048=DIRECTION('',(0.,-1.,0.));
#6049=DIRECTION('',(0.,0.,-1.));
#6050=DIRECTION('',(-1.,0.,0.));
#6051=DIRECTION('',(0.,1.,0.));
#6052=DIRECTION('',(0.,1.,0.));
#6053=DIRECTION('',(1.,0.,0.));
#6054=DIRECTION('',(0.,1.,0.));
#6055=DIRECTION('',(1.,0.,0.));
#6056=DIRECTION('',(-1.,0.,0.));
#6057=DIRECTION('',(0.,1.,0.));
#6058=DIRECTION('',(1.,0.,0.));
#6059=DIRECTION('',(1.61369625672261E-16,0.,1.));
#6060=DIRECTION('',(0.,1.,0.));
#6061=DIRECTION('',(1.,0.,0.));
#6062=DIRECTION('',(0.,0.,-1.));
#6063=DIRECTION('',(0.707106781186548,0.,-0.707106781186548));
#6064=DIRECTION('',(-1.,0.,0.));
#6065=DIRECTION('',(1.,0.,-1.61369625672261E-16));
#6066=DIRECTION('',(-1.61369625672261E-16,0.,-1.));
#6067=DIRECTION('',(0.,-1.,0.));
#6068=DIRECTION('',(0.,-1.,0.));
#6069=DIRECTION('',(0.,0.,1.));
#6070=DIRECTION('',(0.,-1.,0.));
#6071=DIRECTION('',(0.,-1.,0.));
#6072=DIRECTION('',(0.,-1.,0.));
#6073=DIRECTION('',(0.,0.,-1.));
#6074=DIRECTION('',(0.,1.,0.));
#6075=DIRECTION('',(0.,-1.,0.));
#6076=DIRECTION('',(1.,0.,0.));
#6077=DIRECTION('',(0.,-1.,0.));
#6078=DIRECTION('',(-1.,0.,0.));
#6079=DIRECTION('',(0.,1.,0.));
#6080=DIRECTION('',(0.,-1.,0.));
#6081=DIRECTION('',(0.,0.,-1.));
#6082=DIRECTION('',(0.,-1.,0.));
#6083=DIRECTION('',(0.,1.,0.));
#6084=DIRECTION('',(1.,0.,0.));
#6085=DIRECTION('',(-1.,0.,0.));
#6086=DIRECTION('',(-2.83220159343152E-16,0.,-1.));
#6087=DIRECTION('',(0.,1.,0.));
#6088=DIRECTION('',(1.,0.,0.));
#6089=DIRECTION('',(0.,1.,0.));
#6090=DIRECTION('',(1.,0.,0.));
#6091=DIRECTION('',(0.,1.,0.));
#6092=DIRECTION('',(1.,0.,0.));
#6093=DIRECTION('',(0.,1.,0.));
#6094=DIRECTION('',(1.,0.,0.));
#6095=DIRECTION('',(0.,1.,0.));
#6096=DIRECTION('',(1.,0.,0.));
#6097=DIRECTION('',(0.,1.,0.));
#6098=DIRECTION('',(1.,0.,0.));
#6099=DIRECTION('',(0.,1.,0.));
#6100=DIRECTION('',(1.,0.,0.));
#6101=DIRECTION('',(0.,-1.,0.));
#6102=DIRECTION('',(1.,0.,0.));
#6103=DIRECTION('',(-0.707106781186548,0.,0.707106781186548));
#6104=DIRECTION('',(0.,-1.,0.));
#6105=DIRECTION('',(-1.,0.,0.));
#6106=DIRECTION('',(-0.00676616516369589,0.,-0.999977109242495));
#6107=DIRECTION('',(-0.999977109242495,0.,0.00676616516369589));
#6108=DIRECTION('',(0.,1.,0.));
#6109=DIRECTION('',(-0.999977109242495,0.,0.00676616516369589));
#6110=DIRECTION('',(0.,1.,0.));
#6111=DIRECTION('',(-0.999977109242495,0.,0.0067661651637151));
#6112=DIRECTION('',(0.0067661651637151,0.,0.999977109242495));
#6113=DIRECTION('',(0.,1.,0.));
#6114=DIRECTION('',(0.0067661651637151,0.,0.999977109242495));
#6115=DIRECTION('',(0.00676616516369254,0.,0.999977109242495));
#6116=DIRECTION('',(0.999977109242495,0.,-0.00676616516369254));
#6117=DIRECTION('',(0.,1.,0.));
#6118=DIRECTION('',(0.999977109242495,0.,-0.00676616516369254));
#6119=DIRECTION('',(-0.999977109242493,0.,0.00676616516403284));
#6120=DIRECTION('',(0.00676616516403284,0.,0.999977109242493));
#6121=DIRECTION('',(0.,1.,0.));
#6122=DIRECTION('',(0.00676616516403284,0.,0.999977109242493));
#6123=DIRECTION('',(-0.690007307916669,0.,-0.723802400535941));
#6124=DIRECTION('',(-0.723802400535941,0.,0.690007307916669));
#6125=DIRECTION('',(0.,1.,0.));
#6126=DIRECTION('',(-0.723802400535941,0.,0.690007307916669));
#6127=DIRECTION('',(0.,1.,0.));
#6128=DIRECTION('',(0.,1.,0.));
#6129=DIRECTION('',(0.,1.,0.));
#6130=DIRECTION('',(0.983779653765614,0.,0.179381138464469));
#6131=DIRECTION('',(0.,1.,0.));
#6132=DIRECTION('',(0.,1.,0.));
#6133=DIRECTION('',(0.,0.,1.));
#6134=DIRECTION('',(0.,1.,0.));
#6135=DIRECTION('',(0.,1.,0.));
#6136=DIRECTION('',(0.,1.,0.));
#6137=DIRECTION('',(0.,1.,0.));
#6138=DIRECTION('',(-0.118651177888861,0.,-0.992935998937286));
#6139=DIRECTION('',(0.,1.,0.));
#6140=DIRECTION('',(0.,1.,0.));
#6141=DIRECTION('',(0.,0.,1.));
#6142=DIRECTION('',(0.,1.,0.));
#6143=DIRECTION('',(-0.360220593963347,0.,-0.932867152216592));
#6144=DIRECTION('',(0.,1.,0.));
#6145=DIRECTION('',(0.,1.,0.));
#6146=DIRECTION('',(0.,0.,1.));
#6147=DIRECTION('',(0.,1.,0.));
#6148=DIRECTION('',(0.759796228417571,0.,-0.650161280977601));
#6149=DIRECTION('',(-0.650161280977601,0.,-0.759796228417571));
#6150=DIRECTION('',(0.,1.,0.));
#6151=DIRECTION('',(-0.650161280977601,0.,-0.759796228417571));
#6152=DIRECTION('',(0.,1.,0.));
#6153=DIRECTION('',(0.,1.,0.));
#6154=DIRECTION('',(-0.235221381246593,0.,-0.971941820174667));
#6155=DIRECTION('',(0.,1.,0.));
#6156=DIRECTION('',(0.,1.,0.));
#6157=DIRECTION('',(0.,0.,1.));
#6158=DIRECTION('',(0.,1.,0.));
#6159=DIRECTION('',(0.,1.,0.));
#6160=DIRECTION('',(0.,1.,0.));
#6161=DIRECTION('',(0.983038187174423,0.,0.183400988429244));
#6162=DIRECTION('',(0.,1.,0.));
#6163=DIRECTION('',(0.,1.,0.));
#6164=DIRECTION('',(0.,0.,1.));
#6165=DIRECTION('',(0.,1.,0.));
#6166=DIRECTION('',(0.,1.,0.));
#6167=DIRECTION('',(0.715519980578405,0.,0.698592268346193));
#6168=DIRECTION('',(0.698592268346193,0.,-0.715519980578405));
#6169=DIRECTION('',(0.,1.,0.));
#6170=DIRECTION('',(0.698592268346193,0.,-0.715519980578405));
#6171=DIRECTION('',(0.999977109242495,0.,-0.00676616516368822));
#6172=DIRECTION('',(-0.00676616516368822,0.,-0.999977109242495));
#6173=DIRECTION('',(-0.00676616516368821,0.,-0.999977109242495));
#6174=DIRECTION('',(0.,1.,0.));
#6175=DIRECTION('',(1.,0.,0.));
#6176=DIRECTION('',(-0.00676616516369066,0.,-0.999977109242495));
#6177=DIRECTION('',(-0.999977109242495,0.,0.00676616516369066));
#6178=DIRECTION('',(0.,1.,0.));
#6179=DIRECTION('',(-0.999977109242495,0.,0.00676616516369066));
#6180=DIRECTION('',(0.,1.,0.));
#6181=DIRECTION('',(-0.999977109242495,0.,0.00676616516369755));
#6182=DIRECTION('',(0.00676616516369755,0.,0.999977109242495));
#6183=DIRECTION('',(0.,1.,0.));
#6184=DIRECTION('',(0.00676616516369755,0.,0.999977109242495));
#6185=DIRECTION('',(0.00676616516368873,0.,0.999977109242495));
#6186=DIRECTION('',(0.999977109242495,0.,-0.00676616516368873));
#6187=DIRECTION('',(0.,1.,0.));
#6188=DIRECTION('',(0.999977109242495,0.,-0.00676616516368872));
#6189=DIRECTION('',(0.6281576353721,0.,0.778086103926636));
#6190=DIRECTION('',(0.778086103926636,0.,-0.6281576353721));
#6191=DIRECTION('',(0.,1.,0.));
#6192=DIRECTION('',(0.778086103926636,0.,-0.6281576353721));
#6193=DIRECTION('',(0.775830956871529,0.,-0.630940826353635));
#6194=DIRECTION('',(-0.630940826353635,0.,-0.775830956871529));
#6195=DIRECTION('',(0.,1.,0.));
#6196=DIRECTION('',(-0.630940826353635,0.,-0.775830956871529));
#6197=DIRECTION('',(-0.631763195851654,0.,-0.775161444066528));
#6198=DIRECTION('',(-0.775161444066528,0.,0.631763195851654));
#6199=DIRECTION('',(0.,1.,0.));
#6200=DIRECTION('',(-0.775161444066528,0.,0.631763195851654));
#6201=DIRECTION('',(0.,1.,0.));
#6202=DIRECTION('',(0.999692440219825,0.,0.0247996969201478));
#6203=DIRECTION('',(0.0247996969201478,0.,-0.999692440219825));
#6204=DIRECTION('',(0.,1.,0.));
#6205=DIRECTION('',(0.0247996969201478,0.,-0.999692440219825));
#6206=DIRECTION('',(0.999867627246584,0.,0.0162704635547305));
#6207=DIRECTION('',(0.0162704635547305,0.,-0.999867627246584));
#6208=DIRECTION('',(0.,1.,0.));
#6209=DIRECTION('',(0.0162704635547305,0.,-0.999867627246584));
#6210=DIRECTION('',(0.999977109242495,0.,-0.00676616516369045));
#6211=DIRECTION('',(-0.00676616516369045,0.,-0.999977109242495));
#6212=DIRECTION('',(-0.00676616516369045,0.,-0.999977109242495));
#6213=DIRECTION('',(0.,1.,0.));
#6214=DIRECTION('',(1.,0.,0.));
#6215=DIRECTION('',(0.,1.,0.));
#6216=DIRECTION('',(0.,1.,0.));
#6217=DIRECTION('',(0.,1.,0.));
#6218=DIRECTION('',(0.172440396401027,0.,-0.98501995395477));
#6219=DIRECTION('',(0.,1.,0.));
#6220=DIRECTION('',(0.,1.,0.));
#6221=DIRECTION('',(0.,0.,1.));
#6222=DIRECTION('',(0.,1.,0.));
#6223=DIRECTION('',(0.380497520901523,0.,-0.924781940020346));
#6224=DIRECTION('',(0.,1.,0.));
#6225=DIRECTION('',(0.,1.,0.));
#6226=DIRECTION('',(0.,0.,1.));
#6227=DIRECTION('',(-0.929772960579684,0.,-0.368133456473178));
#6228=DIRECTION('',(-0.368133456473178,0.,0.929772960579684));
#6229=DIRECTION('',(0.,1.,0.));
#6230=DIRECTION('',(-0.368133456473178,0.,0.929772960579684));
#6231=DIRECTION('',(0.,1.,0.));
#6232=DIRECTION('',(0.,1.,0.));
#6233=DIRECTION('',(0.,1.,0.));
#6234=DIRECTION('',(0.,1.,0.));
#6235=DIRECTION('',(0.,1.,0.));
#6236=DIRECTION('',(0.,1.,0.));
#6237=DIRECTION('',(0.,1.,0.));
#6238=DIRECTION('',(-1.,0.,0.));
#6239=DIRECTION('',(0.,1.,0.));
#6240=DIRECTION('',(0.,1.,0.));
#6241=DIRECTION('',(0.,0.,1.));
#6242=DIRECTION('',(0.,1.,0.));
#6243=DIRECTION('',(0.,1.,0.));
#6244=DIRECTION('',(0.,1.,0.));
#6245=DIRECTION('',(1.,0.,0.));
#6246=DIRECTION('',(-0.00676616516369059,0.,-0.999977109242495));
#6247=DIRECTION('',(-0.999977109242495,0.,0.00676616516369059));
#6248=DIRECTION('',(0.,1.,0.));
#6249=DIRECTION('',(-0.999977109242495,0.,0.00676616516369059));
#6250=DIRECTION('',(0.,1.,0.));
#6251=DIRECTION('',(-0.999977109242495,0.,0.00676616516369547));
#6252=DIRECTION('',(0.00676616516369547,0.,0.999977109242495));
#6253=DIRECTION('',(0.,1.,0.));
#6254=DIRECTION('',(0.00676616516369547,0.,0.999977109242495));
#6255=DIRECTION('',(0.00676616516368856,0.,0.999977109242495));
#6256=DIRECTION('',(0.999977109242495,0.,-0.00676616516368856));
#6257=DIRECTION('',(0.,1.,0.));
#6258=DIRECTION('',(0.999977109242495,0.,-0.00676616516368856));
#6259=DIRECTION('',(0.628157635372102,0.,0.778086103926634));
#6260=DIRECTION('',(0.778086103926634,0.,-0.628157635372102));
#6261=DIRECTION('',(0.,1.,0.));
#6262=DIRECTION('',(0.778086103926634,0.,-0.628157635372102));
#6263=DIRECTION('',(0.775830956871534,0.,-0.630940826353629));
#6264=DIRECTION('',(-0.630940826353629,0.,-0.775830956871534));
#6265=DIRECTION('',(0.,1.,0.));
#6266=DIRECTION('',(-0.630940826353629,0.,-0.775830956871534));
#6267=DIRECTION('',(-0.631763195851662,0.,-0.775161444066521));
#6268=DIRECTION('',(-0.775161444066521,0.,0.631763195851662));
#6269=DIRECTION('',(0.,1.,0.));
#6270=DIRECTION('',(-0.775161444066521,0.,0.631763195851662));
#6271=DIRECTION('',(0.,1.,0.));
#6272=DIRECTION('',(0.999692440219826,0.,0.0247996969201278));
#6273=DIRECTION('',(0.0247996969201278,0.,-0.999692440219826));
#6274=DIRECTION('',(0.,1.,0.));
#6275=DIRECTION('',(0.0247996969201278,0.,-0.999692440219826));
#6276=DIRECTION('',(0.999867627246585,0.,0.0162704635547086));
#6277=DIRECTION('',(0.0162704635547086,0.,-0.999867627246585));
#6278=DIRECTION('',(0.,1.,0.));
#6279=DIRECTION('',(0.0162704635547086,0.,-0.999867627246585));
#6280=DIRECTION('',(0.999977109242495,0.,-0.00676616516369405));
#6281=DIRECTION('',(-0.00676616516369405,0.,-0.999977109242495));
#6282=DIRECTION('',(-0.00676616516369405,0.,-0.999977109242495));
#6283=DIRECTION('',(0.,1.,0.));
#6284=DIRECTION('',(1.,0.,0.));
#6285=DIRECTION('',(-0.00676616516369589,0.,-0.999977109242495));
#6286=DIRECTION('',(-0.999977109242495,0.,0.00676616516369589));
#6287=DIRECTION('',(0.,1.,0.));
#6288=DIRECTION('',(-0.999977109242495,0.,0.00676616516369589));
#6289=DIRECTION('',(0.,1.,0.));
#6290=DIRECTION('',(-0.999977109242495,0.,0.00676616516369171));
#6291=DIRECTION('',(0.00676616516369171,0.,0.999977109242495));
#6292=DIRECTION('',(0.,1.,0.));
#6293=DIRECTION('',(0.00676616516369171,0.,0.999977109242495));
#6294=DIRECTION('',(0.00676616516369247,0.,0.999977109242495));
#6295=DIRECTION('',(0.999977109242495,0.,-0.00676616516369247));
#6296=DIRECTION('',(0.,1.,0.));
#6297=DIRECTION('',(0.999977109242495,0.,-0.00676616516369247));
#6298=DIRECTION('',(-0.999977109242496,0.,0.0067661651635905));
#6299=DIRECTION('',(0.0067661651635905,0.,0.999977109242496));
#6300=DIRECTION('',(0.,1.,0.));
#6301=DIRECTION('',(0.0067661651635905,0.,0.999977109242496));
#6302=DIRECTION('',(-0.690007307916654,0.,-0.723802400535955));
#6303=DIRECTION('',(-0.723802400535955,0.,0.690007307916654));
#6304=DIRECTION('',(0.,1.,0.));
#6305=DIRECTION('',(-0.723802400535955,0.,0.690007307916654));
#6306=DIRECTION('',(0.,1.,0.));
#6307=DIRECTION('',(0.,1.,0.));
#6308=DIRECTION('',(0.,1.,0.));
#6309=DIRECTION('',(0.98377965376567,0.,0.179381138464159));
#6310=DIRECTION('',(0.,1.,0.));
#6311=DIRECTION('',(0.,1.,0.));
#6312=DIRECTION('',(0.,0.,1.));
#6313=DIRECTION('',(0.,1.,0.));
#6314=DIRECTION('',(0.,1.,0.));
#6315=DIRECTION('',(0.,1.,0.));
#6316=DIRECTION('',(0.,1.,0.));
#6317=DIRECTION('',(-0.11865117788888,0.,-0.992935998937284));
#6318=DIRECTION('',(0.,1.,0.));
#6319=DIRECTION('',(0.,1.,0.));
#6320=DIRECTION('',(0.,0.,1.));
#6321=DIRECTION('',(0.,1.,0.));
#6322=DIRECTION('',(-0.360220593963352,0.,-0.93286715221659));
#6323=DIRECTION('',(0.,1.,0.));
#6324=DIRECTION('',(0.,1.,0.));
#6325=DIRECTION('',(0.,0.,1.));
#6326=DIRECTION('',(0.,1.,0.));
#6327=DIRECTION('',(0.759796228417577,0.,-0.650161280977594));
#6328=DIRECTION('',(-0.650161280977594,0.,-0.759796228417577));
#6329=DIRECTION('',(0.,1.,0.));
#6330=DIRECTION('',(-0.650161280977594,0.,-0.759796228417577));
#6331=DIRECTION('',(0.,1.,0.));
#6332=DIRECTION('',(0.,1.,0.));
#6333=DIRECTION('',(-0.23522138124681,0.,-0.971941820174615));
#6334=DIRECTION('',(0.,1.,0.));
#6335=DIRECTION('',(0.,1.,0.));
#6336=DIRECTION('',(0.,0.,1.));
#6337=DIRECTION('',(0.,1.,0.));
#6338=DIRECTION('',(0.,1.,0.));
#6339=DIRECTION('',(0.,1.,0.));
#6340=DIRECTION('',(0.983038187174355,0.,0.18340098842961));
#6341=DIRECTION('',(0.,1.,0.));
#6342=DIRECTION('',(0.,1.,0.));
#6343=DIRECTION('',(0.,0.,1.));
#6344=DIRECTION('',(0.,1.,0.));
#6345=DIRECTION('',(0.,1.,0.));
#6346=DIRECTION('',(0.715519980578404,0.,0.698592268346194));
#6347=DIRECTION('',(0.698592268346194,0.,-0.715519980578404));
#6348=DIRECTION('',(0.,1.,0.));
#6349=DIRECTION('',(0.698592268346194,0.,-0.715519980578404));
#6350=DIRECTION('',(0.999977109242495,0.,-0.00676616516368822));
#6351=DIRECTION('',(-0.00676616516368822,0.,-0.999977109242495));
#6352=DIRECTION('',(-0.00676616516368821,0.,-0.999977109242495));
#6353=DIRECTION('',(0.,1.,0.));
#6354=DIRECTION('',(1.,0.,0.));
#6355=DIRECTION('',(0.,1.,0.));
#6356=DIRECTION('',(-0.955509053153278,0.,0.294961776069591));
#6357=DIRECTION('',(0.,1.,0.));
#6358=DIRECTION('',(0.,0.,1.));
#6359=DIRECTION('',(0.,1.,0.));
#6360=DIRECTION('',(0.,1.,0.));
#6361=DIRECTION('',(0.,0.,1.));
#6362=DIRECTION('',(0.,1.,0.));
#6363=DIRECTION('',(0.,0.,1.));
#6364=DIRECTION('',(0.,-1.,0.));
#6365=DIRECTION('',(1.,0.,0.));
#6366=DIRECTION('',(0.,1.,0.));
#6367=DIRECTION('',(1.,0.,0.));
#6368=DIRECTION('',(0.,1.,0.));
#6369=DIRECTION('',(0.956705822471397,0.,-0.291056642682018));
#6370=DIRECTION('',(-0.291056642682018,0.,-0.956705822471397));
#6371=DIRECTION('',(0.,1.,0.));
#6372=DIRECTION('',(-0.291056642682018,0.,-0.956705822471397));
#6373=DIRECTION('',(0.,1.,0.));
#6374=DIRECTION('',(0.,0.,-1.));
#6375=DIRECTION('',(0.,1.,0.));
#6376=DIRECTION('',(0.,1.,0.));
#6377=DIRECTION('',(-1.,0.,0.));
#6378=DIRECTION('',(-0.94300930480847,0.,0.332766361047277));
#6379=DIRECTION('',(0.332766361047277,0.,0.94300930480847));
#6380=DIRECTION('',(0.,1.,0.));
#6381=DIRECTION('',(0.332766361047277,0.,0.94300930480847));
#6382=DIRECTION('',(0.,0.,1.));
#6383=DIRECTION('',(0.,-1.,0.));
#6384=DIRECTION('',(0.,1.,0.));
#6385=DIRECTION('',(1.,0.,0.));
#6386=DIRECTION('',(0.943395814745621,0.,0.331669016823167));
#6387=DIRECTION('',(0.331669016823167,0.,-0.943395814745621));
#6388=DIRECTION('',(0.,1.,0.));
#6389=DIRECTION('',(0.331669016823167,0.,-0.943395814745621));
#6390=DIRECTION('',(0.,0.,-1.));
#6391=DIRECTION('',(0.,1.,0.));
#6392=DIRECTION('',(0.,1.,0.));
#6393=DIRECTION('',(-1.,0.,0.));
#6394=DIRECTION('',(-0.956705822471397,0.,-0.291056642682018));
#6395=DIRECTION('',(-0.291056642682018,0.,0.956705822471397));
#6396=DIRECTION('',(0.,1.,0.));
#6397=DIRECTION('',(-0.291056642682018,0.,0.956705822471397));
#6398=DIRECTION('',(0.,0.,-1.));
#6399=DIRECTION('',(0.,1.,0.));
#6400=DIRECTION('',(-1.,0.,0.));
#6401=DIRECTION('',(0.,1.,0.));
#6402=DIRECTION('',(-0.965892069454974,0.,0.258944994475636));
#6403=DIRECTION('',(0.,1.,0.));
#6404=DIRECTION('',(0.,0.,1.));
#6405=DIRECTION('',(0.,1.,0.));
#6406=DIRECTION('',(0.,0.,1.));
#6407=DIRECTION('',(0.,1.,0.));
#6408=DIRECTION('',(1.,0.,0.));
#6409=DIRECTION('',(0.,1.,0.));
#6410=DIRECTION('',(0.,1.,0.));
#6411=DIRECTION('',(0.,1.,0.));
#6412=DIRECTION('',(0.,0.,1.));
#6413=DIRECTION('',(0.,-1.,0.));
#6414=DIRECTION('',(1.,0.,0.));
#6415=DIRECTION('',(0.,1.,0.));
#6416=DIRECTION('',(1.,0.,0.));
#6417=DIRECTION('',(-1.,0.,0.));
#6418=DIRECTION('',(0.,1.,0.));
#6419=DIRECTION('',(0.,0.,1.));
#6420=DIRECTION('',(0.,1.,0.));
#6421=DIRECTION('',(0.,0.,1.));
#6422=DIRECTION('',(0.,1.,0.));
#6423=DIRECTION('',(0.,1.,0.));
#6424=DIRECTION('',(0.,1.,0.));
#6425=DIRECTION('',(0.,1.,0.));
#6426=DIRECTION('',(0.,0.,1.));
#6427=DIRECTION('',(0.,-1.,0.));
#6428=DIRECTION('',(0.,1.,0.));
#6429=DIRECTION('',(1.,0.,0.));
#6430=DIRECTION('',(1.,0.,0.));
#6431=DIRECTION('',(0.,-1.,0.));
#6432=DIRECTION('',(0.,1.,0.));
#6433=DIRECTION('',(0.,0.,-1.));
#6434=DIRECTION('',(0.,0.,-1.));
#6435=DIRECTION('',(0.,1.,0.));
#6436=DIRECTION('',(0.,1.,0.));
#6437=DIRECTION('',(-1.,0.,0.));
#6438=DIRECTION('',(0.,0.,-1.));
#6439=DIRECTION('',(0.,1.,0.));
#6440=DIRECTION('',(-1.,0.,0.));
#6441=DIRECTION('',(-1.,0.,0.));
#6442=DIRECTION('',(0.,1.,0.));
#6443=DIRECTION('',(1.,0.,0.));
#6444=DIRECTION('',(-1.,0.,0.));
#6445=DIRECTION('',(0.,1.,0.));
#6446=DIRECTION('',(0.,0.,1.));
#6447=DIRECTION('',(0.,1.,0.));
#6448=DIRECTION('',(0.,0.,1.));
#6449=DIRECTION('',(0.,1.,0.));
#6450=DIRECTION('',(0.,0.,-1.));
#6451=DIRECTION('',(0.,1.,0.));
#6452=DIRECTION('',(-1.,0.,0.));
#6453=DIRECTION('',(0.,1.,0.));
#6454=DIRECTION('',(-1.,0.,0.));
#6455=DIRECTION('',(0.,1.,0.));
#6456=DIRECTION('',(0.,1.,0.));
#6457=DIRECTION('',(0.,1.,0.));
#6458=DIRECTION('',(0.,0.,1.));
#6459=DIRECTION('',(0.,-1.,0.));
#6460=DIRECTION('',(1.,0.,0.));
#6461=DIRECTION('',(0.,1.,0.));
#6462=DIRECTION('',(1.,0.,0.));
#6463=DIRECTION('',(0.,1.,0.));
#6464=DIRECTION('',(-1.,0.,0.));
#6465=DIRECTION('',(0.,1.,0.));
#6466=DIRECTION('',(0.,0.,1.));
#6467=DIRECTION('',(0.,1.,0.));
#6468=DIRECTION('',(0.,0.,1.));
#6469=DIRECTION('',(0.,0.,-1.));
#6470=DIRECTION('',(0.,1.,0.));
#6471=DIRECTION('',(-1.,0.,0.));
#6472=DIRECTION('',(0.,1.,0.));
#6473=DIRECTION('',(-1.,0.,0.));
#6474=DIRECTION('',(0.,1.,0.));
#6475=DIRECTION('',(0.,1.,0.));
#6476=DIRECTION('',(0.,1.,0.));
#6477=DIRECTION('',(0.,0.,1.));
#6478=DIRECTION('',(0.,-1.,0.));
#6479=DIRECTION('',(0.,1.,0.));
#6480=DIRECTION('',(1.,0.,0.));
#6481=DIRECTION('',(0.,1.,0.));
#6482=DIRECTION('',(1.,0.,0.));
#6483=DIRECTION('',(0.,-1.,0.));
#6484=DIRECTION('',(0.,1.,0.));
#6485=DIRECTION('',(0.,0.,-1.));
#6486=DIRECTION('',(0.,0.,-1.));
#6487=DIRECTION('',(0.,1.,0.));
#6488=DIRECTION('',(0.,1.,0.));
#6489=DIRECTION('',(-1.,0.,0.));
#6490=DIRECTION('',(0.,1.,0.));
#6491=DIRECTION('',(0.,1.,0.));
#6492=DIRECTION('',(0.,1.,0.));
#6493=DIRECTION('',(0.,1.,0.));
#6494=DIRECTION('',(-1.,0.,0.));
#6495=DIRECTION('',(0.,1.,0.));
#6496=DIRECTION('',(0.,1.,0.));
#6497=DIRECTION('',(0.,0.,1.));
#6498=DIRECTION('',(0.,1.,0.));
#6499=DIRECTION('',(0.524983817418991,0.,0.851112208494382));
#6500=DIRECTION('',(0.,1.,0.));
#6501=DIRECTION('',(0.,1.,0.));
#6502=DIRECTION('',(0.,0.,1.));
#6503=DIRECTION('',(0.,1.,0.));
#6504=DIRECTION('',(0.,1.,0.));
#6505=DIRECTION('',(0.,0.,1.));
#6506=DIRECTION('',(0.,-1.,0.));
#6507=DIRECTION('',(1.,0.,0.));
#6508=DIRECTION('',(1.,0.,0.));
#6509=DIRECTION('',(0.,1.,0.));
#6510=DIRECTION('',(1.,0.,0.));
#6511=DIRECTION('',(0.,1.,0.));
#6512=DIRECTION('',(1.,0.,0.));
#6513=DIRECTION('',(0.,0.,-1.));
#6514=DIRECTION('',(0.,1.,0.));
#6515=DIRECTION('',(0.,1.,0.));
#6516=DIRECTION('',(-1.,0.,0.));
#6517=DIRECTION('',(0.,1.,0.));
#6518=DIRECTION('',(-1.,0.,0.));
#6519=DIRECTION('',(0.,1.,0.));
#6520=DIRECTION('',(0.,1.,0.));
#6521=DIRECTION('',(0.,0.,1.));
#6522=DIRECTION('',(0.,0.,1.));
#6523=DIRECTION('',(0.,-1.,0.));
#6524=DIRECTION('',(0.,1.,0.));
#6525=DIRECTION('',(1.,0.,0.));
#6526=DIRECTION('',(1.,0.,0.));
#6527=DIRECTION('',(0.,-1.,0.));
#6528=DIRECTION('',(0.,1.,0.));
#6529=DIRECTION('',(0.,0.,-1.));
#6530=DIRECTION('',(0.,0.,1.));
#6531=DIRECTION('',(0.,-1.,0.));
#6532=DIRECTION('',(0.,1.,0.));
#6533=DIRECTION('',(1.,0.,0.));
#6534=DIRECTION('',(-1.,0.,0.));
#6535=DIRECTION('',(0.,1.,0.));
#6536=DIRECTION('',(0.,1.,0.));
#6537=DIRECTION('',(0.,0.,1.));
#6538=DIRECTION('',(0.,0.,1.));
#6539=DIRECTION('',(0.,-1.,0.));
#6540=DIRECTION('',(0.,1.,0.));
#6541=DIRECTION('',(1.,0.,0.));
#6542=DIRECTION('',(1.,0.,0.));
#6543=DIRECTION('',(0.,-1.,0.));
#6544=DIRECTION('',(0.,1.,0.));
#6545=DIRECTION('',(0.,0.,-1.));
#6546=DIRECTION('',(0.,0.,-1.));
#6547=DIRECTION('',(0.,1.,0.));
#6548=DIRECTION('',(0.,1.,0.));
#6549=DIRECTION('',(-1.,0.,0.));
#6550=DIRECTION('',(-1.,0.,0.));
#6551=DIRECTION('',(0.,1.,0.));
#6552=DIRECTION('',(0.,1.,0.));
#6553=DIRECTION('',(0.,0.,1.));
#6554=DIRECTION('',(0.,0.,-1.));
#6555=DIRECTION('',(0.,1.,0.));
#6556=DIRECTION('',(0.,1.,0.));
#6557=DIRECTION('',(-1.,0.,0.));
#6558=DIRECTION('',(1.,0.,0.));
#6559=DIRECTION('',(0.,-1.,0.));
#6560=DIRECTION('',(0.,0.,-1.));
#6561=DIRECTION('',(0.,1.,0.));
#6562=DIRECTION('',(1.,0.,0.));
#6563=DIRECTION('',(0.,0.,1.));
#6564=DIRECTION('',(0.,-1.,0.));
#6565=DIRECTION('',(0.,1.,0.));
#6566=DIRECTION('',(1.,0.,0.));
#6567=DIRECTION('',(0.,1.,0.));
#6568=DIRECTION('',(1.,0.,0.));
#6569=DIRECTION('',(0.,-1.,0.));
#6570=DIRECTION('',(0.,1.,0.));
#6571=DIRECTION('',(0.,0.,-1.));
#6572=DIRECTION('',(0.,0.,-1.));
#6573=DIRECTION('',(0.,1.,0.));
#6574=DIRECTION('',(0.,1.,0.));
#6575=DIRECTION('',(-1.,0.,0.));
#6576=DIRECTION('',(1.,0.,0.));
#6577=DIRECTION('',(0.,-1.,0.));
#6578=DIRECTION('',(0.,1.,0.));
#6579=DIRECTION('',(0.,0.,-1.));
#6580=DIRECTION('',(0.,1.,0.));
#6581=DIRECTION('',(0.0994050831539023,0.,0.995047048859081));
#6582=DIRECTION('',(0.,1.,0.));
#6583=DIRECTION('',(0.,1.,0.));
#6584=DIRECTION('',(0.,0.,1.));
#6585=DIRECTION('',(0.,1.,0.));
#6586=DIRECTION('',(0.,1.,0.));
#6587=DIRECTION('',(0.,1.,0.));
#6588=DIRECTION('',(0.,1.,0.));
#6589=DIRECTION('',(0.,1.,0.));
#6590=DIRECTION('',(0.232219852004567,0.,-0.972663323218768));
#6591=DIRECTION('',(0.,1.,0.));
#6592=DIRECTION('',(0.,1.,0.));
#6593=DIRECTION('',(0.,0.,1.));
#6594=DIRECTION('',(-0.923464241892692,0.,-0.383684497921869));
#6595=DIRECTION('',(-0.383684497921869,0.,0.923464241892692));
#6596=DIRECTION('',(0.,1.,0.));
#6597=DIRECTION('',(-0.383684497921869,0.,0.923464241892692));
#6598=DIRECTION('',(0.,1.,0.));
#6599=DIRECTION('',(0.202437350588576,0.,-0.97929521549259));
#6600=DIRECTION('',(0.,1.,0.));
#6601=DIRECTION('',(0.,1.,0.));
#6602=DIRECTION('',(0.,0.,1.));
#6603=DIRECTION('',(0.,1.,0.));
#6604=DIRECTION('',(0.,1.,0.));
#6605=DIRECTION('',(0.,1.,0.));
#6606=DIRECTION('',(0.,1.,0.));
#6607=DIRECTION('',(0.,1.,0.));
#6608=DIRECTION('',(0.0731523526333446,0.,0.997320777535596));
#6609=DIRECTION('',(0.,1.,0.));
#6610=DIRECTION('',(0.,1.,0.));
#6611=DIRECTION('',(0.,0.,1.));
#6612=DIRECTION('',(0.,1.,0.));
#6613=DIRECTION('',(0.234255629683129,0.,0.972175035660637));
#6614=DIRECTION('',(0.,1.,0.));
#6615=DIRECTION('',(0.,1.,0.));
#6616=DIRECTION('',(0.,0.,1.));
#6617=DIRECTION('',(-1.,0.,0.));
#6618=DIRECTION('',(0.,1.,0.));
#6619=DIRECTION('',(0.,0.,1.));
#6620=DIRECTION('',(0.,1.,0.));
#6621=DIRECTION('',(1.,0.,0.));
#6622=DIRECTION('',(0.,0.,-1.));
#6623=DIRECTION('',(0.,1.,0.));
#6624=DIRECTION('',(0.,1.,0.));
#6625=DIRECTION('',(-1.,0.,0.));
#6626=DIRECTION('',(0.,1.,0.));
#6627=DIRECTION('',(-1.,0.,0.));
#6628=DIRECTION('',(0.,1.,0.));
#6629=DIRECTION('',(0.,1.,0.));
#6630=DIRECTION('',(0.,0.,1.));
#6631=DIRECTION('',(0.,0.,-1.));
#6632=DIRECTION('',(0.,1.,0.));
#6633=DIRECTION('',(0.,1.,0.));
#6634=DIRECTION('',(-1.,0.,0.));
#6635=DIRECTION('',(-1.,0.,0.));
#6636=DIRECTION('',(0.,1.,0.));
#6637=DIRECTION('',(0.,1.,0.));
#6638=DIRECTION('',(0.,0.,1.));
#6639=DIRECTION('',(0.,0.,1.));
#6640=DIRECTION('',(0.,-1.,0.));
#6641=DIRECTION('',(0.,1.,0.));
#6642=DIRECTION('',(1.,0.,0.));
#6643=DIRECTION('',(-1.,0.,0.));
#6644=DIRECTION('',(0.,1.,0.));
#6645=DIRECTION('',(0.,1.,0.));
#6646=DIRECTION('',(0.,0.,1.));
#6647=DIRECTION('',(0.,0.,-1.));
#6648=DIRECTION('',(0.,1.,0.));
#6649=DIRECTION('',(0.,1.,0.));
#6650=DIRECTION('',(-1.,0.,0.));
#6651=DIRECTION('',(-1.,0.,0.));
#6652=DIRECTION('',(0.,1.,0.));
#6653=DIRECTION('',(0.,1.,0.));
#6654=DIRECTION('',(0.,0.,1.));
#6655=DIRECTION('',(0.,0.,1.));
#6656=DIRECTION('',(0.,-1.,0.));
#6657=DIRECTION('',(0.,1.,0.));
#6658=DIRECTION('',(1.,0.,0.));
#6659=DIRECTION('',(1.,0.,0.));
#6660=DIRECTION('',(0.,-1.,0.));
#6661=DIRECTION('',(0.,0.,-1.));
#6662=DIRECTION('',(0.,1.,0.));
#6663=DIRECTION('',(1.,0.,0.));
#6664=DIRECTION('',(0.,0.,-1.));
#6665=DIRECTION('',(0.,1.,0.));
#6666=DIRECTION('',(0.,1.,0.));
#6667=DIRECTION('',(-1.,0.,0.));
#6668=DIRECTION('',(0.,1.,0.));
#6669=DIRECTION('',(-1.,0.,0.));
#6670=DIRECTION('',(0.,1.,0.));
#6671=DIRECTION('',(0.,1.,0.));
#6672=DIRECTION('',(0.,0.,1.));
#6673=DIRECTION('',(0.,0.,1.));
#6674=DIRECTION('',(0.,-1.,0.));
#6675=DIRECTION('',(0.,1.,0.));
#6676=DIRECTION('',(1.,0.,0.));
#6677=DIRECTION('',(-1.,0.,0.));
#6678=DIRECTION('',(0.,1.,0.));
#6679=DIRECTION('',(0.,1.,0.));
#6680=DIRECTION('',(0.,0.,1.));
#6681=DIRECTION('',(0.,0.,-1.));
#6682=DIRECTION('',(0.,1.,0.));
#6683=DIRECTION('',(0.,1.,0.));
#6684=DIRECTION('',(-1.,0.,0.));
#6685=DIRECTION('',(-1.,0.,0.));
#6686=DIRECTION('',(0.,1.,0.));
#6687=DIRECTION('',(0.,1.,0.));
#6688=DIRECTION('',(0.,0.,1.));
#6689=DIRECTION('',(0.,0.,1.));
#6690=DIRECTION('',(0.,-1.,0.));
#6691=DIRECTION('',(0.,1.,0.));
#6692=DIRECTION('',(1.,0.,0.));
#6693=DIRECTION('',(-1.,0.,0.));
#6694=DIRECTION('',(0.,1.,0.));
#6695=DIRECTION('',(0.,1.,0.));
#6696=DIRECTION('',(0.,0.,1.));
#6697=DIRECTION('',(0.,0.,-1.));
#6698=DIRECTION('',(0.,1.,0.));
#6699=DIRECTION('',(0.,1.,0.));
#6700=DIRECTION('',(-1.,0.,0.));
#6701=DIRECTION('',(-1.,0.,0.));
#6702=DIRECTION('',(0.,1.,0.));
#6703=DIRECTION('',(0.,1.,0.));
#6704=DIRECTION('',(0.,0.,1.));
#6705=DIRECTION('',(0.,0.,1.));
#6706=DIRECTION('',(0.,-1.,0.));
#6707=DIRECTION('',(0.,1.,0.));
#6708=DIRECTION('',(1.,0.,0.));
#6709=DIRECTION('',(1.,0.,0.));
#6710=DIRECTION('',(0.,-1.,0.));
#6711=DIRECTION('',(0.,0.,-1.));
#6712=DIRECTION('',(0.,1.,0.));
#6713=DIRECTION('',(1.,0.,0.));
#6714=DIRECTION('',(0.,1.,0.));
#6715=DIRECTION('',(1.,0.,0.));
#6716=DIRECTION('',(0.,1.,0.));
#6717=DIRECTION('',(1.,0.,0.));
#6718=DIRECTION('',(0.,1.,0.));
#6719=DIRECTION('',(1.,0.,0.));
#6720=DIRECTION('',(0.,0.,1.));
#6721=DIRECTION('',(0.,-1.,0.));
#6722=DIRECTION('',(0.,1.,0.));
#6723=DIRECTION('',(0.,1.,0.));
#6724=DIRECTION('',(0.554700196225229,0.,-0.832050294337844));
#6725=DIRECTION('',(-0.832050294337844,0.,-0.554700196225229));
#6726=DIRECTION('',(0.,1.,0.));
#6727=DIRECTION('',(0.,1.,0.));
#6728=DIRECTION('',(0.554700196225229,0.,0.832050294337844));
#6729=DIRECTION('',(0.832050294337844,0.,-0.554700196225229));
#6730=DIRECTION('',(0.,1.,0.));
#6731=DIRECTION('',(0.,1.,0.));
#6732=DIRECTION('',(0.,-1.,0.));
#6733=DIRECTION('',(-1.,0.,0.));
#6734=DIRECTION('',(0.,0.,1.));
#6735=DIRECTION('',(0.,-1.,0.));
#6736=DIRECTION('',(-0.38268343236509,0.,0.923879532511287));
#6737=DIRECTION('',(-0.923879532511287,0.,-0.38268343236509));
#6738=DIRECTION('',(-1.,0.,0.));
#6739=DIRECTION('',(0.,1.,0.));
#6740=DIRECTION('',(-0.923879532511287,0.,0.38268343236509));
#6741=DIRECTION('',(0.38268343236509,0.,0.923879532511287));
#6742=DIRECTION('',(-0.707106781186548,0.,0.707106781186548));
#6743=DIRECTION('',(0.707106781186548,0.,0.707106781186548));
#6744=DIRECTION('',(-2.83220159343152E-16,0.,-1.));
#6745=DIRECTION('',(-1.,0.,2.83220159343152E-16));
#6746=DIRECTION('',(0.,0.,1.));
#6747=DIRECTION('',(0.,-1.,0.));
#6748=DIRECTION('',(0.,1.,0.));
#6749=DIRECTION('',(1.,0.,0.));
#6750=DIRECTION('',(0.,-1.,0.));
#6751=DIRECTION('',(-1.,0.,0.));
#6752=DIRECTION('',(1.,-8.67361737988403E-16,0.));
#6753=DIRECTION('',(-8.67361737988403E-16,-1.,0.));
#6754=DIRECTION('',(-1.,0.,-1.38777878078144E-14));
#6755=DIRECTION('',(-1.38777878078144E-14,0.,1.));
#6756=DIRECTION('',(-1.,0.,0.));
#6757=DIRECTION('',(0.,1.,0.));
#6758=DIRECTION('',(0.,-1.,0.));
#6759=DIRECTION('',(-1.,0.,0.));
#6760=DIRECTION('',(0.,1.,0.));
#6761=DIRECTION('',(1.,0.,0.));
#6762=DIRECTION('',(0.,-1.,0.));
#6763=DIRECTION('',(-1.,0.,0.));
#6764=DIRECTION('',(0.,1.,0.));
#6765=DIRECTION('',(1.,0.,0.));
#6766=DIRECTION('',(0.,-1.,0.));
#6767=DIRECTION('',(-1.,0.,0.));
#6768=DIRECTION('',(0.,-1.,0.));
#6769=DIRECTION('',(-1.,0.,0.));
#6770=DIRECTION('',(0.,1.,0.));
#6771=DIRECTION('',(1.,0.,0.));
#6772=DIRECTION('',(0.,-1.,0.));
#6773=DIRECTION('',(-1.,0.,0.));
#6774=DIRECTION('',(0.,1.,0.));
#6775=DIRECTION('',(1.,0.,0.));
#6776=DIRECTION('',(0.,1.,0.));
#6777=DIRECTION('',(1.,0.,0.));
#6778=DIRECTION('',(0.,1.,0.));
#6779=DIRECTION('',(1.,0.,0.));
#6780=DIRECTION('',(0.,1.,0.));
#6781=DIRECTION('',(1.,0.,0.));
#6782=DIRECTION('',(0.,-1.,0.));
#6783=DIRECTION('',(-1.,0.,0.));
#6784=DIRECTION('',(0.,1.,0.));
#6785=DIRECTION('',(1.,0.,0.));
#6786=DIRECTION('',(0.,-1.,0.));
#6787=DIRECTION('',(-1.,0.,0.));
#6788=DIRECTION('',(0.,1.,0.));
#6789=DIRECTION('',(1.,0.,0.));
#6790=DIRECTION('',(0.,-1.,0.));
#6791=DIRECTION('',(-1.,0.,0.));
#6792=DIRECTION('',(0.,1.,0.));
#6793=DIRECTION('',(1.,0.,0.));
#6794=DIRECTION('',(0.707106781186548,0.,-0.707106781186548));
#6795=DIRECTION('',(-0.707106781186548,0.,-0.707106781186548));
#6796=DIRECTION('',(1.,0.,0.));
#6797=DIRECTION('',(0.,-1.,0.));
#6798=DIRECTION('',(-1.,0.,0.));
#6799=DIRECTION('',(0.,1.,0.));
#6800=DIRECTION('',(0.,1.,0.));
#6801=DIRECTION('',(1.,0.,0.));
#6802=DIRECTION('',(0.,0.,1.));
#6803=DIRECTION('',(0.,-1.,0.));
#6804=DIRECTION('',(0.,0.,-1.));
#6805=DIRECTION('',(0.,1.,0.));
#6806=DIRECTION('',(0.,0.,1.));
#6807=DIRECTION('',(0.,-1.,0.));
#6808=DIRECTION('',(0.,1.,0.));
#6809=DIRECTION('',(1.,0.,0.));
#6810=DIRECTION('',(1.,0.,0.));
#6811=DIRECTION('',(0.,-1.,0.));
#6812=DIRECTION('',(-1.,0.,0.));
#6813=DIRECTION('',(0.,1.,0.));
#6814=DIRECTION('',(1.,0.,0.));
#6815=DIRECTION('',(0.,-1.,0.));
#6816=DIRECTION('',(0.,1.,0.));
#6817=DIRECTION('',(1.,0.,0.));
#6818=DIRECTION('',(0.,0.,-1.));
#6819=DIRECTION('',(0.,1.,0.));
#6820=DIRECTION('',(0.,0.,1.));
#6821=DIRECTION('',(0.,-1.,0.));
#6822=DIRECTION('',(0.,0.,-1.));
#6823=DIRECTION('',(0.,1.,0.));
#6824=DIRECTION('',(0.,0.,1.));
#6825=DIRECTION('',(0.,-1.,0.));
#6826=DIRECTION('',(0.,1.,0.));
#6827=DIRECTION('',(1.,0.,0.));
#6828=DIRECTION('',(1.,0.,0.));
#6829=DIRECTION('',(0.,-1.,0.));
#6830=DIRECTION('',(-1.,0.,0.));
#6831=DIRECTION('',(0.,1.,0.));
#6832=DIRECTION('',(1.,0.,0.));
#6833=DIRECTION('',(0.,-1.,0.));
#6834=DIRECTION('',(0.,1.,0.));
#6835=DIRECTION('',(1.,0.,0.));
#6836=DIRECTION('',(0.,0.,-1.));
#6837=DIRECTION('',(0.,1.,0.));
#6838=DIRECTION('',(0.,0.,1.));
#6839=DIRECTION('',(0.,-1.,0.));
#6840=DIRECTION('',(0.,-8.67361737988403E-16,-1.));
#6841=DIRECTION('',(0.,1.,-8.67361737988403E-16));
#6842=DIRECTION('',(0.,1.,0.));
#6843=DIRECTION('',(1.,0.,0.));
#6844=DIRECTION('',(-1.,0.,0.));
#6845=DIRECTION('',(0.,1.,0.));
#6846=DIRECTION('',(1.,0.,0.));
#6847=DIRECTION('',(0.,-1.,0.));
#6848=DIRECTION('',(0.,-1.,0.));
#6849=DIRECTION('',(-1.,0.,0.));
#6850=DIRECTION('',(0.,-1.,0.));
#6851=DIRECTION('',(-1.,0.,0.));
#6852=DIRECTION('',(0.,1.,0.));
#6853=DIRECTION('',(1.,0.,0.));
#6854=DIRECTION('',(0.,1.,0.));
#6855=DIRECTION('',(1.,0.,0.));
#6856=CARTESIAN_POINT('',(0.,0.,0.));
#6857=CARTESIAN_POINT('',(0.034,0.003,-0.109));
#6858=CARTESIAN_POINT('',(0.034,0.,-0.109));
#6859=CARTESIAN_POINT('',(0.15902775637732,0.,-0.109));
#6860=CARTESIAN_POINT('',(0.197,0.,-0.109));
#6861=CARTESIAN_POINT('',(0.15902775637732,0.003,-0.109));
#6862=CARTESIAN_POINT('',(0.15902775637732,0.003,-0.109));
#6863=CARTESIAN_POINT('',(0.034,0.003,-0.109));
#6864=CARTESIAN_POINT('',(0.197,0.003,-0.109));
#6865=CARTESIAN_POINT('',(0.197,0.,-0.109));
#6866=CARTESIAN_POINT('',(0.1035,0.0195,-0.055));
#6867=CARTESIAN_POINT('',(0.0424844401041667,0.0195,-0.0625639431423609));
#6868=CARTESIAN_POINT('',(0.0431426649305556,0.0195,-0.0619360243055553));
#6869=CARTESIAN_POINT('',(0.0431426649305556,0.0195,-0.0608088541666664));
#6870=CARTESIAN_POINT('',(0.0424844401041667,0.0195,-0.0625639431423609));
#6871=CARTESIAN_POINT('',(0.0431426649305556,0.0195,-0.0608088541666664));
#6872=CARTESIAN_POINT('',(0.0431426649305556,0.0195,-0.0608088541666664));
#6873=CARTESIAN_POINT('',(0.0431426649305556,0.0195,-0.0596093749999998));
#6874=CARTESIAN_POINT('',(0.0424594509548612,0.0195,-0.0589713541666664));
#6875=CARTESIAN_POINT('',(0.0424594509548612,0.0195,-0.0589713541666664));
#6876=CARTESIAN_POINT('',(0.0424594509548612,0.0195,-0.0589713541666664));
#6877=CARTESIAN_POINT('',(0.0417762369791667,0.0195,-0.0583333333333331));
#6878=CARTESIAN_POINT('',(0.0404874348958333,0.0195,-0.0583333333333331));
#6879=CARTESIAN_POINT('',(0.0404874348958333,0.0195,-0.0583333333333331));
#6880=CARTESIAN_POINT('',(0.0397994357638889,0.0195,-0.0583333333333331));
#6881=CARTESIAN_POINT('',(0.0391114366319444,0.0195,-0.0583333333333331));
#6882=CARTESIAN_POINT('',(0.0391114366319444,0.0195,-0.0607625976562498));
#6883=CARTESIAN_POINT('',(0.0391114366319444,0.0195,-0.0631918619791665));
#6884=CARTESIAN_POINT('',(0.0398738715277778,0.0195,-0.0631918619791665));
#6885=CARTESIAN_POINT('',(0.0406363064236112,0.0195,-0.0631918619791665));
#6886=CARTESIAN_POINT('',(0.0406363064236112,0.0195,-0.0631918619791665));
#6887=CARTESIAN_POINT('',(0.0418262152777778,0.0195,-0.0631918619791665));
#6888=CARTESIAN_POINT('',(0.0424844401041667,0.0195,-0.0625639431423609));
#6889=CARTESIAN_POINT('',(0.0652587873587913,0.0195,-0.0949724146268664));
#6890=CARTESIAN_POINT('',(0.0652547739980772,0.0195,-0.0955655525045449));
#6891=CARTESIAN_POINT('',(0.0652628007195054,0.0195,-0.094379276749188));
#6892=CARTESIAN_POINT('',(0.062932564088134,0.0195,-0.0943635096223482));
#6893=CARTESIAN_POINT('',(0.0606023274567626,0.0195,-0.0943477424955084));
#6894=CARTESIAN_POINT('',(0.0605990101401576,0.0195,-0.0948380114423717));
#6895=CARTESIAN_POINT('',(0.0605956928235526,0.0195,-0.0953282803892351));
#6896=CARTESIAN_POINT('',(0.0614267846570453,0.0195,-0.0961795105552478));
#6897=CARTESIAN_POINT('',(0.062257876490538,0.0195,-0.0970307407212606));
#6898=CARTESIAN_POINT('',(0.062257876490538,0.0195,-0.0970307407212606));
#6899=CARTESIAN_POINT('',(0.0629968810251585,0.0195,-0.0977974437621273));
#6900=CARTESIAN_POINT('',(0.0632225164906787,0.0195,-0.0980929993995777));
#6901=CARTESIAN_POINT('',(0.0632225164906787,0.0195,-0.0980929993995777));
#6902=CARTESIAN_POINT('',(0.0632225164906787,0.0195,-0.0980929993995777));
#6903=CARTESIAN_POINT('',(0.0634481519561989,0.0195,-0.0983885550370282));
#6904=CARTESIAN_POINT('',(0.0635471340361915,0.0195,-0.0986402072802015));
#6905=CARTESIAN_POINT('',(0.0635471340361915,0.0195,-0.0986402072802015));
#6906=CARTESIAN_POINT('',(0.0622622498869456,0.0195,-0.0991495468897082));
#6907=CARTESIAN_POINT('',(0.0636442962727545,0.0195,-0.0991603401120047));
#6908=CARTESIAN_POINT('',(0.0636442994904242,0.0195,-0.0991603401371334));
#6909=CARTESIAN_POINT('',(0.0636415844247504,0.0195,-0.0995616019240007));
#6910=CARTESIAN_POINT('',(0.063418468177707,0.0195,-0.099756354725278));
#6911=CARTESIAN_POINT('',(0.063418468177707,0.0195,-0.099756354725278));
#6912=CARTESIAN_POINT('',(0.063418468177707,0.0195,-0.099756354725278));
#6913=CARTESIAN_POINT('',(0.0631953519306635,0.0195,-0.0999511075265552));
#6914=CARTESIAN_POINT('',(0.0628261910867456,0.0195,-0.0999486096661354));
#6915=CARTESIAN_POINT('',(0.0628261910867456,0.0195,-0.0999486096661354));
#6916=CARTESIAN_POINT('',(0.0628437342580495,0.0195,-0.0982551576414749));
#6917=CARTESIAN_POINT('',(0.0620759416968384,0.0195,-0.0997655107686089));
#6918=CARTESIAN_POINT('',(0.0620759416968384,0.0195,-0.0997655107686089));
#6919=CARTESIAN_POINT('',(0.0617123627560942,0.0195,-0.0995850282070953));
#6920=CARTESIAN_POINT('',(0.0613176997879076,0.0195,-0.0992540376619738));
#6921=CARTESIAN_POINT('',(0.0613176997879076,0.0195,-0.0992540376619738));
#6922=CARTESIAN_POINT('',(0.0609316066807178,0.0195,-0.0997052366109788));
#6923=CARTESIAN_POINT('',(0.0605455135735279,0.0195,-0.100156435559984));
#6924=CARTESIAN_POINT('',(0.0605455135735279,0.0195,-0.100156435559984));
#6925=CARTESIAN_POINT('',(0.0610343982399288,0.0195,-0.100579993275438));
#6926=CARTESIAN_POINT('',(0.0613571559904823,0.0195,-0.100755092425705));
#6927=CARTESIAN_POINT('',(0.0613571559904823,0.0195,-0.100755092425705));
#6928=CARTESIAN_POINT('',(0.0627782708998692,0.0195,-0.0981045915291597));
#6929=CARTESIAN_POINT('',(0.0620622454111296,0.0195,-0.101026422907409));
#6930=CARTESIAN_POINT('',(0.062899265471147,0.0195,-0.0974869830086482));
#6931=CARTESIAN_POINT('',(0.0629189137062395,0.0195,-0.101125352719759));
#6932=CARTESIAN_POINT('',(0.0629189137062395,0.0195,-0.101125352719759));
#6933=CARTESIAN_POINT('',(0.0635434229599821,0.0195,-0.101129578349244));
#6934=CARTESIAN_POINT('',(0.0640235590193915,0.0195,-0.100905191813934));
#6935=CARTESIAN_POINT('',(0.0640235590193915,0.0195,-0.100905191813934));
#6936=CARTESIAN_POINT('',(0.0640235590193915,0.0195,-0.100905191813934));
#6937=CARTESIAN_POINT('',(0.0645036950788009,0.0195,-0.100680805278624));
#6938=CARTESIAN_POINT('',(0.0647713070980866,0.0195,-0.100271851065593));
#6939=CARTESIAN_POINT('',(0.0647713070980866,0.0195,-0.100271851065593));
#6940=CARTESIAN_POINT('',(0.0647713070980866,0.0195,-0.100271851065593));
#6941=CARTESIAN_POINT('',(0.0650389191173724,0.0195,-0.0998628968525628));
#6942=CARTESIAN_POINT('',(0.0650424931310956,0.0195,-0.0993346904276683));
#6943=CARTESIAN_POINT('',(0.0650424931310956,0.0195,-0.0993346904276683));
#6944=CARTESIAN_POINT('',(0.0627438755770386,0.0195,-0.099300034169264));
#6945=CARTESIAN_POINT('',(0.0648863790149844,0.0195,-0.098469057769455));
#6946=CARTESIAN_POINT('',(0.0648863790149844,0.0195,-0.098469057769455));
#6947=CARTESIAN_POINT('',(0.0647271450415899,0.0195,-0.0980645113826964));
#6948=CARTESIAN_POINT('',(0.0643900349697285,0.0195,-0.0976383326212893));
#6949=CARTESIAN_POINT('',(0.0643900349697285,0.0195,-0.0976383326212893));
#6950=CARTESIAN_POINT('',(0.0643900349697285,0.0195,-0.0976383326212893));
#6951=CARTESIAN_POINT('',(0.0640529248978672,0.0195,-0.0972121538598823));
#6952=CARTESIAN_POINT('',(0.0632017250303812,0.0195,-0.0964213444603001));
#6953=CARTESIAN_POINT('',(0.0632017250303812,0.0195,-0.0964213444603001));
#6954=CARTESIAN_POINT('',(0.0627754695769986,0.0195,-0.0960149913207477));
#6955=CARTESIAN_POINT('',(0.062349214123616,0.0195,-0.0956086381811954));
#6956=CARTESIAN_POINT('',(0.0623494263923869,0.0195,-0.0955772668051312));
#6957=CARTESIAN_POINT('',(0.0623496386611577,0.0195,-0.0955458954290671));
#6958=CARTESIAN_POINT('',(0.0638022063296175,0.0195,-0.095555723966806));
#6959=CARTESIAN_POINT('',(0.0538808895257096,0.0195,-0.0976358068067458));
#6960=CARTESIAN_POINT('',(0.0538583347346855,0.0195,-0.100969197905286));
#6961=CARTESIAN_POINT('',(0.0539034443167338,0.0195,-0.0943024157082061));
#6962=CARTESIAN_POINT('',(0.0531986827056177,0.0195,-0.0942976470655864));
#6963=CARTESIAN_POINT('',(0.0524939210945016,0.0195,-0.0942928784229668));
#6964=CARTESIAN_POINT('',(0.0524808690333355,0.0195,-0.0962218532674708));
#6965=CARTESIAN_POINT('',(0.0524678169721695,0.0195,-0.0981508281119748));
#6966=CARTESIAN_POINT('',(0.0524729702073809,0.0195,-0.0984675095049879));
#6967=CARTESIAN_POINT('',(0.0524781234425923,0.0195,-0.0987841908980009));
#6968=CARTESIAN_POINT('',(0.052486722116425,0.0195,-0.0991308092157229));
#6969=CARTESIAN_POINT('',(0.0524953207902577,0.0195,-0.0994774275334449));
#6970=CARTESIAN_POINT('',(0.0524953207902577,0.0195,-0.0994774275334449));
#6971=CARTESIAN_POINT('',(0.052147498197216,0.0195,-0.0991248659166817));
#6972=CARTESIAN_POINT('',(0.0520110800952523,0.0195,-0.0990145028250876));
#6973=CARTESIAN_POINT('',(0.0520110800952523,0.0195,-0.0990145028250876));
#6974=CARTESIAN_POINT('',(0.0516301406763596,0.0195,-0.0987040339459299));
#6975=CARTESIAN_POINT('',(0.0512492012574668,0.0195,-0.0983935650667723));
#6976=CARTESIAN_POINT('',(0.0509063549923093,0.0195,-0.0988151430259831));
#6977=CARTESIAN_POINT('',(0.0505635087271518,0.0195,-0.0992367209851939));
#6978=CARTESIAN_POINT('',(0.0516316456240593,0.0195,-0.100099039877703));
#6979=CARTESIAN_POINT('',(0.0526997825209667,0.0195,-0.100961358770213));
#6980=CARTESIAN_POINT('',(0.0532790586278261,0.0195,-0.100965278337749));
#6981=CARTESIAN_POINT('',(0.0411617033120127,0.0195,-0.0700247511894662));
#6982=CARTESIAN_POINT('',(0.0417166286328436,0.0195,-0.0715630646363583));
#6983=CARTESIAN_POINT('',(0.0411754340277778,0.0195,-0.0716594618055554));
#6984=CARTESIAN_POINT('',(0.0411754340277778,0.0195,-0.0716594618055554));
#6985=CARTESIAN_POINT('',(0.0405937717013889,0.0195,-0.0716594618055554));
#6986=CARTESIAN_POINT('',(0.0402747612847223,0.0195,-0.0712224175347221));
#6987=CARTESIAN_POINT('',(0.0402747612847223,0.0195,-0.0712224175347221));
#6988=CARTESIAN_POINT('',(0.0402747612847223,0.0195,-0.0712224175347221));
#6989=CARTESIAN_POINT('',(0.0399557508680555,0.0195,-0.0707853732638887));
#6990=CARTESIAN_POINT('',(0.0399557508680555,0.0195,-0.070004861111111));
#6991=CARTESIAN_POINT('',(0.0399557508680555,0.0195,-0.070004861111111));
#6992=CARTESIAN_POINT('',(0.0399557508680555,0.0195,-0.070004861111111));
#6993=CARTESIAN_POINT('',(0.0399557508680555,0.0195,-0.0683800347222221));
#6994=CARTESIAN_POINT('',(0.0411754340277778,0.0195,-0.0683800347222221));
#6995=CARTESIAN_POINT('',(0.0411754340277778,0.0195,-0.0683800347222221));
#6996=CARTESIAN_POINT('',(0.0411754340277778,0.0195,-0.0683800347222221));
#6997=CARTESIAN_POINT('',(0.0416869140625,0.0195,-0.0683800347222221));
#6998=CARTESIAN_POINT('',(0.0424142578125001,0.0195,-0.0686352430555554));
#6999=CARTESIAN_POINT('',(0.0424142578125001,0.0195,-0.0686352430555554));
#7000=CARTESIAN_POINT('',(0.0424142578125001,0.0195,-0.0682035156249998));
#7001=CARTESIAN_POINT('',(0.0424142578125001,0.0195,-0.0677717881944443));
#7002=CARTESIAN_POINT('',(0.0424142578125001,0.0195,-0.0677717881944443));
#7003=CARTESIAN_POINT('',(0.0418166449652778,0.0195,-0.0675218967013887));
#7004=CARTESIAN_POINT('',(0.0410786675347223,0.0195,-0.0675218967013887));
#7005=CARTESIAN_POINT('',(0.0410786675347223,0.0195,-0.0675218967013887));
#7006=CARTESIAN_POINT('',(0.0410786675347223,0.0195,-0.0675218967013887));
#7007=CARTESIAN_POINT('',(0.0400184895833333,0.0195,-0.0675218967013887));
#7008=CARTESIAN_POINT('',(0.03945703125,0.0195,-0.0681652343749998));
#7009=CARTESIAN_POINT('',(0.03945703125,0.0195,-0.0681652343749998));
#7010=CARTESIAN_POINT('',(0.03945703125,0.0195,-0.0681652343749998));
#7011=CARTESIAN_POINT('',(0.0388955729166666,0.0195,-0.068808572048611));
#7012=CARTESIAN_POINT('',(0.0388955729166666,0.0195,-0.0700112413194443));
#7013=CARTESIAN_POINT('',(0.0388955729166666,0.0195,-0.0700112413194443));
#7014=CARTESIAN_POINT('',(0.0388955729166666,0.0195,-0.0700112413194443));
#7015=CARTESIAN_POINT('',(0.0388955729166666,0.0195,-0.0707694227430554));
#7016=CARTESIAN_POINT('',(0.0391715169270834,0.0195,-0.0713393880208332));
#7017=CARTESIAN_POINT('',(0.0391715169270834,0.0195,-0.0713393880208332));
#7018=CARTESIAN_POINT('',(0.0391715169270834,0.0195,-0.0713393880208332));
#7019=CARTESIAN_POINT('',(0.0394474609375,0.0195,-0.071909353298611));
#7020=CARTESIAN_POINT('',(0.0399642578125,0.0195,-0.0722129448784721));
#7021=CARTESIAN_POINT('',(0.0399642578125,0.0195,-0.0722129448784721));
#7022=CARTESIAN_POINT('',(0.0399642578125,0.0195,-0.0722129448784721));
#7023=CARTESIAN_POINT('',(0.0404810546875,0.0195,-0.0725165364583332));
#7024=CARTESIAN_POINT('',(0.0411754340277778,0.0195,-0.0725165364583332));
#7025=CARTESIAN_POINT('',(0.0411754340277778,0.0195,-0.0725165364583332));
#7026=CARTESIAN_POINT('',(0.0411754340277778,0.0195,-0.0725165364583332));
#7027=CARTESIAN_POINT('',(0.0418825737847223,0.0195,-0.0725165364583332));
#7028=CARTESIAN_POINT('',(0.0425971571180556,0.0195,-0.0721751953124999));
#7029=CARTESIAN_POINT('',(0.0425971571180556,0.0195,-0.0721751953124999));
#7030=CARTESIAN_POINT('',(0.042431271701389,0.0195,-0.071756228298611));
#7031=CARTESIAN_POINT('',(0.0422653680132258,0.0195,-0.0713372151374106));
#7032=CARTESIAN_POINT('',(0.0398821750748284,0.0195,-0.0663318320252235));
#7033=CARTESIAN_POINT('',(0.05775,0.0195,-0.093));
#7034=CARTESIAN_POINT('',(0.066,0.0195,-0.093));
#7035=CARTESIAN_POINT('',(0.0495,0.0195,-0.093));
#7036=CARTESIAN_POINT('',(0.066,0.0195,-0.095));
#7037=CARTESIAN_POINT('',(0.068,0.0195,-0.095));
#7038=CARTESIAN_POINT('',(0.068,0.0195,-0.1005));
#7039=CARTESIAN_POINT('',(0.068,0.0195,-0.101));
#7040=CARTESIAN_POINT('',(0.066,0.0195,-0.101));
#7041=CARTESIAN_POINT('',(0.066,0.0195,-0.103));
#7042=CARTESIAN_POINT('',(0.05125,0.0195,-0.103));
#7043=CARTESIAN_POINT('',(0.0365,0.0195,-0.103));
#7044=CARTESIAN_POINT('',(0.0365,0.0195,-0.101));
#7045=CARTESIAN_POINT('',(0.0345,0.0195,-0.101));
#7046=CARTESIAN_POINT('',(0.0345,0.0195,-0.02925));
#7047=CARTESIAN_POINT('',(0.0345,0.0195,-0.009));
#7048=CARTESIAN_POINT('',(0.0365,0.0195,-0.009));
#7049=CARTESIAN_POINT('',(0.0365,0.0195,-0.007));
#7050=CARTESIAN_POINT('',(0.037,0.0195,-0.007));
#7051=CARTESIAN_POINT('',(0.0455,0.0195,-0.007));
#7052=CARTESIAN_POINT('',(0.0455,0.0195,-0.009));
#7053=CARTESIAN_POINT('',(0.0475,0.0195,-0.009));
#7054=CARTESIAN_POINT('',(0.0475,0.0195,-0.05));
#7055=CARTESIAN_POINT('',(0.0475,0.0195,-0.091));
#7056=CARTESIAN_POINT('',(0.0495,0.0195,-0.091));
#7057=CARTESIAN_POINT('',(0.0426407552083333,0.0195,-0.0861));
#7058=CARTESIAN_POINT('',(0.0431958333333333,0.0195,-0.0861));
#7059=CARTESIAN_POINT('',(0.0420856770833333,0.0195,-0.0861));
#7060=CARTESIAN_POINT('',(0.0419096896701389,0.0195,-0.0866784722222222));
#7061=CARTESIAN_POINT('',(0.0417337022569444,0.0195,-0.0872569444444444));
#7062=CARTESIAN_POINT('',(0.0408479166666667,0.0195,-0.0872569444444444));
#7063=CARTESIAN_POINT('',(0.0399621310763889,0.0195,-0.0872569444444444));
#7064=CARTESIAN_POINT('',(0.0397861436631944,0.0195,-0.0866784722222222));
#7065=CARTESIAN_POINT('',(0.03961015625,0.0195,-0.0861));
#7066=CARTESIAN_POINT('',(0.039055078125,0.0195,-0.0861));
#7067=CARTESIAN_POINT('',(0.0385,0.0195,-0.0861));
#7068=CARTESIAN_POINT('',(0.0393576063368056,0.0195,-0.0885393663194445));
#7069=CARTESIAN_POINT('',(0.0402152126736112,0.0195,-0.0909787326388889));
#7070=CARTESIAN_POINT('',(0.0408447265625,0.0195,-0.0909787326388889));
#7071=CARTESIAN_POINT('',(0.0414742404513889,0.0195,-0.0909787326388889));
#7072=CARTESIAN_POINT('',(0.0423350368923612,0.0195,-0.0885393663194445));
#7073=CARTESIAN_POINT('',(0.0391114366319444,0.0195,-0.079273708767361));
#7074=CARTESIAN_POINT('',(0.0391114366319444,0.0195,-0.0768444444444443));
#7075=CARTESIAN_POINT('',(0.0391114366319444,0.0195,-0.0817029730902777));
#7076=CARTESIAN_POINT('',(0.0398674913194445,0.0195,-0.0817029730902777));
#7077=CARTESIAN_POINT('',(0.0406235460069445,0.0195,-0.0817029730902777));
#7078=CARTESIAN_POINT('',(0.0406235460069445,0.0195,-0.0817029730902777));
#7079=CARTESIAN_POINT('',(0.0416571397569444,0.0195,-0.0817029730902777));
#7080=CARTESIAN_POINT('',(0.0421239583333334,0.0195,-0.0814089518229166));
#7081=CARTESIAN_POINT('',(0.0421239583333334,0.0195,-0.0814089518229166));
#7082=CARTESIAN_POINT('',(0.0421239583333334,0.0195,-0.0814089518229166));
#7083=CARTESIAN_POINT('',(0.0425907769097223,0.0195,-0.0811149305555555));
#7084=CARTESIAN_POINT('',(0.0425907769097223,0.0195,-0.0804737196180555));
#7085=CARTESIAN_POINT('',(0.0425907769097223,0.0195,-0.0804737196180555));
#7086=CARTESIAN_POINT('',(0.0425907769097223,0.0195,-0.0804737196180555));
#7087=CARTESIAN_POINT('',(0.0425907769097223,0.0195,-0.0800377387152777));
#7088=CARTESIAN_POINT('',(0.0423866102430556,0.0195,-0.0797586046006944));
#7089=CARTESIAN_POINT('',(0.0423866102430556,0.0195,-0.0797586046006944));
#7090=CARTESIAN_POINT('',(0.0417216415198585,0.0195,-0.0802274887002028));
#7091=CARTESIAN_POINT('',(0.0418432291666667,0.0195,-0.0794234658269368));
#7092=CARTESIAN_POINT('',(0.0418432291666667,0.0195,-0.0794066297743055));
#7093=CARTESIAN_POINT('',(0.0418432291666667,0.0195,-0.0793901475694444));
#7094=CARTESIAN_POINT('',(0.0418432291666667,0.0195,-0.0793901475694444));
#7095=CARTESIAN_POINT('',(0.0423047309027778,0.0195,-0.0792870008680555));
#7096=CARTESIAN_POINT('',(0.0425094292534722,0.0195,-0.0790046766493055));
#7097=CARTESIAN_POINT('',(0.0425094292534722,0.0195,-0.0790046766493055));
#7098=CARTESIAN_POINT('',(0.0425094292534722,0.0195,-0.0790046766493055));
#7099=CARTESIAN_POINT('',(0.0427141276041667,0.0195,-0.0787223524305555));
#7100=CARTESIAN_POINT('',(0.0427141276041667,0.0195,-0.0782534071180555));
#7101=CARTESIAN_POINT('',(0.0427141276041667,0.0195,-0.0782534071180555));
#7102=CARTESIAN_POINT('',(0.0427141276041667,0.0195,-0.0782534071180555));
#7103=CARTESIAN_POINT('',(0.0427141276041667,0.0195,-0.0775888020833332));
#7104=CARTESIAN_POINT('',(0.0422334852430556,0.0195,-0.0772166232638888));
#7105=CARTESIAN_POINT('',(0.0422334852430556,0.0195,-0.0772166232638888));
#7106=CARTESIAN_POINT('',(0.0422334852430556,0.0195,-0.0772166232638888));
#7107=CARTESIAN_POINT('',(0.0417528428819445,0.0195,-0.0768444444444443));
#7108=CARTESIAN_POINT('',(0.0409287326388889,0.0195,-0.0768444444444443));
#7109=CARTESIAN_POINT('',(0.0409287326388889,0.0195,-0.0768444444444443));
#7110=CARTESIAN_POINT('',(0.0400200846354167,0.0195,-0.0768444444444443));
#7111=CARTESIAN_POINT('',(0.0430926866319445,0.0195,-0.0237403754340272));
#7112=CARTESIAN_POINT('',(0.0430926866319445,0.0195,-0.0261696397569439));
#7113=CARTESIAN_POINT('',(0.0430926866319445,0.0195,-0.0213111111111105));
#7114=CARTESIAN_POINT('',(0.0425790798611112,0.0195,-0.0213111111111105));
#7115=CARTESIAN_POINT('',(0.0420654730902778,0.0195,-0.0213111111111105));
#7116=CARTESIAN_POINT('',(0.0420654730902778,0.0195,-0.0223595920138883));
#7117=CARTESIAN_POINT('',(0.0420654730902778,0.0195,-0.0234080729166661));
#7118=CARTESIAN_POINT('',(0.0411036566840278,0.0195,-0.0234080729166661));
#7119=CARTESIAN_POINT('',(0.0401418402777778,0.0195,-0.0234080729166661));
#7120=CARTESIAN_POINT('',(0.0401418402777778,0.0195,-0.0223595920138883));
#7121=CARTESIAN_POINT('',(0.0401418402777778,0.0195,-0.0213111111111105));
#7122=CARTESIAN_POINT('',(0.0396266384548611,0.0195,-0.0213111111111105));
#7123=CARTESIAN_POINT('',(0.0391114366319444,0.0195,-0.0213111111111105));
#7124=CARTESIAN_POINT('',(0.0391114366319444,0.0195,-0.0237403754340272));
#7125=CARTESIAN_POINT('',(0.0391114366319444,0.0195,-0.0261696397569439));
#7126=CARTESIAN_POINT('',(0.0396266384548611,0.0195,-0.0261696397569439));
#7127=CARTESIAN_POINT('',(0.0401418402777778,0.0195,-0.0261696397569439));
#7128=CARTESIAN_POINT('',(0.0401418402777778,0.0195,-0.0252173936631939));
#7129=CARTESIAN_POINT('',(0.0401418402777778,0.0195,-0.0242651475694439));
#7130=CARTESIAN_POINT('',(0.0411036566840278,0.0195,-0.0242651475694439));
#7131=CARTESIAN_POINT('',(0.0420654730902778,0.0195,-0.0242651475694439));
#7132=CARTESIAN_POINT('',(0.0420654730902778,0.0195,-0.0252173936631939));
#7133=CARTESIAN_POINT('',(0.0420654730902778,0.0195,-0.0261696397569439));
#7134=CARTESIAN_POINT('',(0.0425790798611112,0.0195,-0.0261696397569439));
#7135=CARTESIAN_POINT('',(0.0409553168402778,0.0195,-0.0328662000868051));
#7136=CARTESIAN_POINT('',(0.0409553168402778,0.0195,-0.0324371310763884));
#7137=CARTESIAN_POINT('',(0.0409553168402778,0.0195,-0.0332952690972218));
#7138=CARTESIAN_POINT('',(0.0419192599826389,0.0195,-0.0332952690972218));
#7139=CARTESIAN_POINT('',(0.0428832031250001,0.0195,-0.0332952690972218));
#7140=CARTESIAN_POINT('',(0.0428832031250001,0.0195,-0.0320357096354162));
#7141=CARTESIAN_POINT('',(0.0428832031250001,0.0195,-0.030776698145094));
#7142=CARTESIAN_POINT('',(0.0411490784087362,0.0195,-0.0359538281987698));
#7143=CARTESIAN_POINT('',(0.0420006495357653,0.0195,-0.0305610811141234));
#7144=CARTESIAN_POINT('',(0.0411636082211777,0.0195,-0.0362252007324855));
#7145=CARTESIAN_POINT('',(0.0411552300347223,0.0195,-0.0304996744791661));
#7146=CARTESIAN_POINT('',(0.0411552300347223,0.0195,-0.0304996744791661));
#7147=CARTESIAN_POINT('',(0.0400557074652778,0.0195,-0.0304996744791661));
#7148=CARTESIAN_POINT('',(0.0394756401909723,0.0195,-0.031146202256944));
#7149=CARTESIAN_POINT('',(0.0394756401909723,0.0195,-0.031146202256944));
#7150=CARTESIAN_POINT('',(0.0394756401909723,0.0195,-0.031146202256944));
#7151=CARTESIAN_POINT('',(0.0388955729166666,0.0195,-0.0317927300347218));
#7152=CARTESIAN_POINT('',(0.0388955729166666,0.0195,-0.033002842881944));
#7153=CARTESIAN_POINT('',(0.0388955729166666,0.0195,-0.033002842881944));
#7154=CARTESIAN_POINT('',(0.0388955729166666,0.0195,-0.033002842881944));
#7155=CARTESIAN_POINT('',(0.0388955729166666,0.0195,-0.0341789279513884));
#7156=CARTESIAN_POINT('',(0.0395686848958333,0.0195,-0.0348366210937495));
#7157=CARTESIAN_POINT('',(0.0395686848958333,0.0195,-0.0348366210937495));
#7158=CARTESIAN_POINT('',(0.0395686848958333,0.0195,-0.0348366210937495));
#7159=CARTESIAN_POINT('',(0.040241796875,0.0195,-0.0354943142361107));
#7160=CARTESIAN_POINT('',(0.0414338324652778,0.0195,-0.0354943142361107));
#7161=CARTESIAN_POINT('',(0.0414338324652977,0.0195,-0.0354943142173937));
#7162=CARTESIAN_POINT('',(0.0414376796206536,0.0195,-0.0318823871724809));
#7163=CARTESIAN_POINT('',(0.0428767235768076,0.0195,-0.0351952687181182));
#7164=CARTESIAN_POINT('',(0.0427056206597222,0.0195,-0.0347834526909718));
#7165=CARTESIAN_POINT('',(0.0425344184027778,0.0195,-0.034371397569444));
#7166=CARTESIAN_POINT('',(0.041424370494332,0.0195,-0.0321939290233654));
#7167=CARTESIAN_POINT('',(0.0414274522569444,0.0195,-0.0346372395833328));
#7168=CARTESIAN_POINT('',(0.0414274522569444,0.0195,-0.0346372395833328));
#7169=CARTESIAN_POINT('',(0.0407596571180556,0.0195,-0.0346372395833328));
#7170=CARTESIAN_POINT('',(0.0403577039930555,0.0195,-0.0341884982638885));
#7171=CARTESIAN_POINT('',(0.0403577039930555,0.0195,-0.0341884982638885));
#7172=CARTESIAN_POINT('',(0.0403577039930555,0.0195,-0.0341884982638885));
#7173=CARTESIAN_POINT('',(0.0399557508680555,0.0195,-0.0337397569444439));
#7174=CARTESIAN_POINT('',(0.0399557508680555,0.0195,-0.0329826388888884));
#7175=CARTESIAN_POINT('',(0.0399557508680555,0.0195,-0.0329826388888884));
#7176=CARTESIAN_POINT('',(0.0399557508680555,0.0195,-0.0329826388888884));
#7177=CARTESIAN_POINT('',(0.0399557508680555,0.0195,-0.032191493055555));
#7178=CARTESIAN_POINT('',(0.0402795464409723,0.0195,-0.0317746527777773));
#7179=CARTESIAN_POINT('',(0.0402795464409723,0.0195,-0.0317746527777773));
#7180=CARTESIAN_POINT('',(0.0402795464409723,0.0195,-0.0317746527777773));
#7181=CARTESIAN_POINT('',(0.0406033420138889,0.0195,-0.0313578124999995));
#7182=CARTESIAN_POINT('',(0.0412211588541667,0.0195,-0.0313578124999995));
#7183=CARTESIAN_POINT('',(0.0412211588541667,0.0195,-0.0313578124999995));
#7184=CARTESIAN_POINT('',(0.0412130446789554,0.0195,-0.0347126850235609));
#7185=CARTESIAN_POINT('',(0.0418761935763889,0.0195,-0.0314238744853283));
#7186=CARTESIAN_POINT('',(0.0418761935763889,0.0195,-0.0319304361979162));
#7187=CARTESIAN_POINT('',(0.0418761935763889,0.0195,-0.0324371310763884));
#7188=CARTESIAN_POINT('',(0.0414157552083333,0.0195,-0.0324371310763884));
#7189=CARTESIAN_POINT('',(0.0401248263888889,0.0195,-0.0407824435763885));
#7190=CARTESIAN_POINT('',(0.0401248263888889,0.0195,-0.0417426649305551));
#7191=CARTESIAN_POINT('',(0.0401248263888889,0.0195,-0.0398222222222218));
#7192=CARTESIAN_POINT('',(0.0396181315104167,0.0195,-0.0398222222222218));
#7193=CARTESIAN_POINT('',(0.0391114366319444,0.0195,-0.0398222222222218));
#7194=CARTESIAN_POINT('',(0.0391114366319444,0.0195,-0.0422514865451385));
#7195=CARTESIAN_POINT('',(0.0391114366319444,0.0195,-0.0446807508680552));
#7196=CARTESIAN_POINT('',(0.0405039171006945,0.0195,-0.0446807508680552));
#7197=CARTESIAN_POINT('',(0.0418963975694445,0.0195,-0.0446807508680552));
#7198=CARTESIAN_POINT('',(0.0418963975694445,0.0195,-0.0442585937499996));
#7199=CARTESIAN_POINT('',(0.0418963975694445,0.0195,-0.0438364366319441));
#7200=CARTESIAN_POINT('',(0.0410106119791667,0.0195,-0.0438364366319441));
#7201=CARTESIAN_POINT('',(0.0401248263888889,0.0195,-0.0438364366319441));
#7202=CARTESIAN_POINT('',(0.0401248263888889,0.0195,-0.0432101128472219));
#7203=CARTESIAN_POINT('',(0.0401248263888889,0.0195,-0.0425837890624996));
#7204=CARTESIAN_POINT('',(0.0409489366319444,0.0195,-0.0425837890624996));
#7205=CARTESIAN_POINT('',(0.041773046875,0.0195,-0.0425837890624996));
#7206=CARTESIAN_POINT('',(0.041773046875,0.0195,-0.0421632269965274));
#7207=CARTESIAN_POINT('',(0.041773046875,0.0195,-0.0417426649305551));
#7208=CARTESIAN_POINT('',(0.0409489366319444,0.0195,-0.0417426649305551));
#7209=CARTESIAN_POINT('',(0.0419091579861112,0.0195,-0.0495031249999997));
#7210=CARTESIAN_POINT('',(0.0419091579861112,0.0195,-0.0499284722222219));
#7211=CARTESIAN_POINT('',(0.0419091579861112,0.0195,-0.0490777777777774));
#7212=CARTESIAN_POINT('',(0.0405102973090278,0.0195,-0.0490777777777774));
#7213=CARTESIAN_POINT('',(0.0391114366319444,0.0195,-0.0490777777777774));
#7214=CARTESIAN_POINT('',(0.0391114366319444,0.0195,-0.0515070421006941));
#7215=CARTESIAN_POINT('',(0.0391114366319444,0.0195,-0.0539363064236108));
#7216=CARTESIAN_POINT('',(0.0405102973090278,0.0195,-0.0539363064236108));
#7217=CARTESIAN_POINT('',(0.0419091579861112,0.0195,-0.0539363064236108));
#7218=CARTESIAN_POINT('',(0.0419091579861112,0.0195,-0.0535141493055553));
#7219=CARTESIAN_POINT('',(0.0419091579861112,0.0195,-0.0530919921874997));
#7220=CARTESIAN_POINT('',(0.0410254991319444,0.0195,-0.0530919921874997));
#7221=CARTESIAN_POINT('',(0.0401418402777778,0.0195,-0.0530919921874997));
#7222=CARTESIAN_POINT('',(0.0401418402777778,0.0195,-0.0525587131076386));
#7223=CARTESIAN_POINT('',(0.0401418402777778,0.0195,-0.0520254340277775));
#7224=CARTESIAN_POINT('',(0.04096435546875,0.0195,-0.0520254340277775));
#7225=CARTESIAN_POINT('',(0.0417868706597222,0.0195,-0.0520254340277775));
#7226=CARTESIAN_POINT('',(0.0417868706597222,0.0195,-0.0516032769097219));
#7227=CARTESIAN_POINT('',(0.0417868706597222,0.0195,-0.0511811197916664));
#7228=CARTESIAN_POINT('',(0.04096435546875,0.0195,-0.0511811197916664));
#7229=CARTESIAN_POINT('',(0.0401418402777778,0.0195,-0.0511811197916664));
#7230=CARTESIAN_POINT('',(0.0401418402777778,0.0195,-0.0505547960069441));
#7231=CARTESIAN_POINT('',(0.0401418402777778,0.0195,-0.0499284722222219));
#7232=CARTESIAN_POINT('',(0.0410254991319444,0.0195,-0.0499284722222219));
#7233=CARTESIAN_POINT('',(0.1035,0.0195,-0.055));
#7234=CARTESIAN_POINT('',(0.15575,0.0195,-0.103));
#7235=CARTESIAN_POINT('',(0.1705,0.0195,-0.103));
#7236=CARTESIAN_POINT('',(0.141,0.0195,-0.103));
#7237=CARTESIAN_POINT('',(0.141,0.0195,-0.101));
#7238=CARTESIAN_POINT('',(0.139,0.0195,-0.101));
#7239=CARTESIAN_POINT('',(0.139,0.0195,-0.098));
#7240=CARTESIAN_POINT('',(0.139,0.0195,-0.095));
#7241=CARTESIAN_POINT('',(0.141,0.0195,-0.095));
#7242=CARTESIAN_POINT('',(0.141,0.0195,-0.093));
#7243=CARTESIAN_POINT('',(0.14925,0.0195,-0.093));
#7244=CARTESIAN_POINT('',(0.1575,0.0195,-0.093));
#7245=CARTESIAN_POINT('',(0.1575,0.0195,-0.091));
#7246=CARTESIAN_POINT('',(0.1595,0.0195,-0.091));
#7247=CARTESIAN_POINT('',(0.1595,0.0195,-0.05));
#7248=CARTESIAN_POINT('',(0.1595,0.0195,-0.009));
#7249=CARTESIAN_POINT('',(0.1615,0.0195,-0.009));
#7250=CARTESIAN_POINT('',(0.1615,0.0195,-0.007));
#7251=CARTESIAN_POINT('',(0.166,0.0195,-0.007));
#7252=CARTESIAN_POINT('',(0.1705,0.0195,-0.007));
#7253=CARTESIAN_POINT('',(0.1705,0.0195,-0.009));
#7254=CARTESIAN_POINT('',(0.1725,0.0195,-0.009));
#7255=CARTESIAN_POINT('',(0.1725,0.0195,-0.055));
#7256=CARTESIAN_POINT('',(0.1725,0.0195,-0.101));
#7257=CARTESIAN_POINT('',(0.1705,0.0195,-0.101));
#7258=CARTESIAN_POINT('',(0.157862712098919,0.0195,-0.0955990024195337));
#7259=CARTESIAN_POINT('',(0.157858698738205,0.0195,-0.0961921402972122));
#7260=CARTESIAN_POINT('',(0.157866725459633,0.0195,-0.0950058645418553));
#7261=CARTESIAN_POINT('',(0.155536488828263,0.0195,-0.0949900974150154));
#7262=CARTESIAN_POINT('',(0.153206252196891,0.0195,-0.0949743302881756));
#7263=CARTESIAN_POINT('',(0.153202934880286,0.0195,-0.095464599235039));
#7264=CARTESIAN_POINT('',(0.153199617563681,0.0195,-0.0959548681819024));
#7265=CARTESIAN_POINT('',(0.154030709397174,0.0195,-0.0968060983479151));
#7266=CARTESIAN_POINT('',(0.154861801230667,0.0195,-0.0976573285139278));
#7267=CARTESIAN_POINT('',(0.154861801230667,0.0195,-0.0976573285139278));
#7268=CARTESIAN_POINT('',(0.155600805765287,0.0195,-0.0984240315547946));
#7269=CARTESIAN_POINT('',(0.155826441230807,0.0195,-0.098719587192245));
#7270=CARTESIAN_POINT('',(0.155826441230807,0.0195,-0.098719587192245));
#7271=CARTESIAN_POINT('',(0.155826441230807,0.0195,-0.098719587192245));
#7272=CARTESIAN_POINT('',(0.156052076696327,0.0195,-0.0990151428296955));
#7273=CARTESIAN_POINT('',(0.15615105877632,0.0195,-0.0992667950728688));
#7274=CARTESIAN_POINT('',(0.15615105877632,0.0195,-0.0992667950728688));
#7275=CARTESIAN_POINT('',(0.154866174627073,0.0195,-0.0997761346823751));
#7276=CARTESIAN_POINT('',(0.156248221012883,0.0195,-0.0997869279046719));
#7277=CARTESIAN_POINT('',(0.156248224230553,0.0195,-0.0997869279298006));
#7278=CARTESIAN_POINT('',(0.156245509164879,0.0195,-0.100188189716668));
#7279=CARTESIAN_POINT('',(0.156022392917836,0.0195,-0.100382942517945));
#7280=CARTESIAN_POINT('',(0.156022392917836,0.0195,-0.100382942517945));
#7281=CARTESIAN_POINT('',(0.156022392917836,0.0195,-0.100382942517945));
#7282=CARTESIAN_POINT('',(0.155799276670792,0.0195,-0.100577695319222));
#7283=CARTESIAN_POINT('',(0.155430115826874,0.0195,-0.100575197458803));
#7284=CARTESIAN_POINT('',(0.155430115826874,0.0195,-0.100575197458803));
#7285=CARTESIAN_POINT('',(0.155447658998177,0.0195,-0.0988817454341435));
#7286=CARTESIAN_POINT('',(0.154679866436967,0.0195,-0.100392098561276));
#7287=CARTESIAN_POINT('',(0.154679866436967,0.0195,-0.100392098561276));
#7288=CARTESIAN_POINT('',(0.154316287496223,0.0195,-0.100211615999762));
#7289=CARTESIAN_POINT('',(0.153921624528036,0.0195,-0.0998806254546411));
#7290=CARTESIAN_POINT('',(0.153921624528036,0.0195,-0.0998806254546411));
#7291=CARTESIAN_POINT('',(0.153535531420846,0.0195,-0.100331824403646));
#7292=CARTESIAN_POINT('',(0.153149438313656,0.0195,-0.100783023352651));
#7293=CARTESIAN_POINT('',(0.153149438313656,0.0195,-0.100783023352651));
#7294=CARTESIAN_POINT('',(0.153638322980057,0.0195,-0.101206581068105));
#7295=CARTESIAN_POINT('',(0.15396108073061,0.0195,-0.101381680218372));
#7296=CARTESIAN_POINT('',(0.15396108073061,0.0195,-0.101381680218372));
#7297=CARTESIAN_POINT('',(0.155382195639993,0.0195,-0.0987311793218369));
#7298=CARTESIAN_POINT('',(0.154666170151258,0.0195,-0.101653010700076));
#7299=CARTESIAN_POINT('',(0.155503190211275,0.0195,-0.0981135708013144));
#7300=CARTESIAN_POINT('',(0.155522838446368,0.0195,-0.101751940512426));
#7301=CARTESIAN_POINT('',(0.155522838446368,0.0195,-0.101751940512426));
#7302=CARTESIAN_POINT('',(0.15614734770011,0.0195,-0.101756166141911));
#7303=CARTESIAN_POINT('',(0.156627483759519,0.0195,-0.101531779606601));
#7304=CARTESIAN_POINT('',(0.156627483759519,0.0195,-0.101531779606601));
#7305=CARTESIAN_POINT('',(0.156627483759519,0.0195,-0.101531779606601));
#7306=CARTESIAN_POINT('',(0.157107619818929,0.0195,-0.101307393071291));
#7307=CARTESIAN_POINT('',(0.157375231838215,0.0195,-0.10089843885826));
#7308=CARTESIAN_POINT('',(0.157375231838215,0.0195,-0.10089843885826));
#7309=CARTESIAN_POINT('',(0.157375231838215,0.0195,-0.10089843885826));
#7310=CARTESIAN_POINT('',(0.1576428438575,0.0195,-0.10048948464523));
#7311=CARTESIAN_POINT('',(0.157646417871224,0.0195,-0.0999612782203356));
#7312=CARTESIAN_POINT('',(0.157646417871224,0.0195,-0.0999612782203356));
#7313=CARTESIAN_POINT('',(0.155347800317163,0.0195,-0.0999266219619327));
#7314=CARTESIAN_POINT('',(0.157490303755112,0.0195,-0.0990956455621222));
#7315=CARTESIAN_POINT('',(0.157490303755112,0.0195,-0.0990956455621222));
#7316=CARTESIAN_POINT('',(0.157331069781718,0.0195,-0.0986910991753637));
#7317=CARTESIAN_POINT('',(0.156993959709857,0.0195,-0.0982649204139566));
#7318=CARTESIAN_POINT('',(0.156993959709857,0.0195,-0.0982649204139566));
#7319=CARTESIAN_POINT('',(0.156993959709857,0.0195,-0.0982649204139566));
#7320=CARTESIAN_POINT('',(0.156656849637996,0.0195,-0.0978387416525496));
#7321=CARTESIAN_POINT('',(0.155805649770509,0.0195,-0.0970479322529674));
#7322=CARTESIAN_POINT('',(0.155805649770509,0.0195,-0.0970479322529674));
#7323=CARTESIAN_POINT('',(0.155379394317127,0.0195,-0.096641579113415));
#7324=CARTESIAN_POINT('',(0.154953138863745,0.0195,-0.0962352259738627));
#7325=CARTESIAN_POINT('',(0.154953351132515,0.0195,-0.0962038545977985));
#7326=CARTESIAN_POINT('',(0.154953563401286,0.0195,-0.0961724832217343));
#7327=CARTESIAN_POINT('',(0.156406131069746,0.0195,-0.0961823117594732));
#7328=CARTESIAN_POINT('',(0.151337893186277,0.0195,-0.0982952320846162));
#7329=CARTESIAN_POINT('',(0.151315338395253,0.0195,-0.101628623183156));
#7330=CARTESIAN_POINT('',(0.151360447977301,0.0195,-0.0949618409860765));
#7331=CARTESIAN_POINT('',(0.150655686366185,0.0195,-0.0949570723434568));
#7332=CARTESIAN_POINT('',(0.149950924755069,0.0195,-0.0949523037008371));
#7333=CARTESIAN_POINT('',(0.149937872693903,0.0195,-0.0968812785453411));
#7334=CARTESIAN_POINT('',(0.149924820632737,0.0195,-0.0988102533898452));
#7335=CARTESIAN_POINT('',(0.149929973867948,0.0195,-0.0991269347828582));
#7336=CARTESIAN_POINT('',(0.14993512710316,0.0195,-0.0994436161758712));
#7337=CARTESIAN_POINT('',(0.149943725776992,0.0195,-0.0997902344935932));
#7338=CARTESIAN_POINT('',(0.149952324450825,0.0195,-0.100136852811315));
#7339=CARTESIAN_POINT('',(0.149952324450825,0.0195,-0.100136852811315));
#7340=CARTESIAN_POINT('',(0.149604501857783,0.0195,-0.0997842911945521));
#7341=CARTESIAN_POINT('',(0.14946808375582,0.0195,-0.099673928102958));
#7342=CARTESIAN_POINT('',(0.14946808375582,0.0195,-0.099673928102958));
#7343=CARTESIAN_POINT('',(0.149087144336927,0.0195,-0.0993634592238003));
#7344=CARTESIAN_POINT('',(0.148706204918034,0.0195,-0.0990529903446426));
#7345=CARTESIAN_POINT('',(0.148363358652877,0.0195,-0.0994745683038534));
#7346=CARTESIAN_POINT('',(0.148020512387719,0.0195,-0.0998961462630643));
#7347=CARTESIAN_POINT('',(0.149088649284627,0.0195,-0.100758465155574));
#7348=CARTESIAN_POINT('',(0.150156786181534,0.0195,-0.101620784048083));
#7349=CARTESIAN_POINT('',(0.150736062288393,0.0195,-0.10162470361562));
#7350=CARTESIAN_POINT('',(0.1035,0.,-0.0545));
#7351=CARTESIAN_POINT('',(0.1985,0.,-0.009625));
#7352=CARTESIAN_POINT('',(0.2015,0.,-0.009625));
#7353=CARTESIAN_POINT('',(0.0085,0.,-0.099375));
#7354=CARTESIAN_POINT('',(0.0115,0.,-0.099375));
#7355=CARTESIAN_POINT('',(0.0085,0.,-0.009625));
#7356=CARTESIAN_POINT('',(0.0115,0.,-0.009625));
#7357=CARTESIAN_POINT('',(0.1985,0.,-0.099375));
#7358=CARTESIAN_POINT('',(0.2015,0.,-0.099375));
#7359=CARTESIAN_POINT('',(0.1035,0.,-0.119));
#7360=CARTESIAN_POINT('',(0.13797224362268,0.,-0.119));
#7361=CARTESIAN_POINT('',(0.06902775637732,0.,-0.119));
#7362=CARTESIAN_POINT('',(0.13797224362268,0.,-0.109));
#7363=CARTESIAN_POINT('',(0.143519245584932,0.,-0.117320502943378));
#7364=CARTESIAN_POINT('',(0.1485,0.,-0.114));
#7365=CARTESIAN_POINT('',(0.153480754415068,0.,-0.110679497056622));
#7366=CARTESIAN_POINT('',(0.15902775637732,0.,-0.119));
#7367=CARTESIAN_POINT('',(0.197,0.,-0.099));
#7368=CARTESIAN_POINT('',(0.207,0.,-0.099));
#7369=CARTESIAN_POINT('',(0.207,0.,-0.0545));
#7370=CARTESIAN_POINT('',(0.207,0.,-0.01));
#7371=CARTESIAN_POINT('',(0.197,0.,-0.01));
#7372=CARTESIAN_POINT('',(0.197,0.,0.));
#7373=CARTESIAN_POINT('',(0.18725,0.,0.));
#7374=CARTESIAN_POINT('',(0.1725,0.,0.));
#7375=CARTESIAN_POINT('',(0.1725,0.,0.));
#7376=CARTESIAN_POINT('',(0.1675,0.,-0.005));
#7377=CARTESIAN_POINT('',(0.1675,0.,-0.049));
#7378=CARTESIAN_POINT('',(0.1675,0.,-0.096));
#7379=CARTESIAN_POINT('',(0.1655,0.,-0.096));
#7380=CARTESIAN_POINT('',(0.1655,0.,-0.098));
#7381=CARTESIAN_POINT('',(0.0535,0.,-0.098));
#7382=CARTESIAN_POINT('',(0.0415,0.,-0.098));
#7383=CARTESIAN_POINT('',(0.0415,0.,-0.096));
#7384=CARTESIAN_POINT('',(0.0395,0.,-0.096));
#7385=CARTESIAN_POINT('',(0.0395,0.,-0.049));
#7386=CARTESIAN_POINT('',(0.0395,0.,-0.005));
#7387=CARTESIAN_POINT('',(0.0395,0.,-0.005));
#7388=CARTESIAN_POINT('',(0.0345,0.,0.));
#7389=CARTESIAN_POINT('',(0.01975,0.,0.));
#7390=CARTESIAN_POINT('',(0.01,0.,0.));
#7391=CARTESIAN_POINT('',(0.01,0.,-0.01));
#7392=CARTESIAN_POINT('',(0.,0.,-0.01));
#7393=CARTESIAN_POINT('',(0.,0.,-0.0545));
#7394=CARTESIAN_POINT('',(0.,0.,-0.099));
#7395=CARTESIAN_POINT('',(0.01,0.,-0.099));
#7396=CARTESIAN_POINT('',(0.01,0.,-0.109));
#7397=CARTESIAN_POINT('',(0.034,0.,-0.109));
#7398=CARTESIAN_POINT('',(0.0479722436226801,0.,-0.109));
#7399=CARTESIAN_POINT('',(0.0479722436226801,0.,-0.119));
#7400=CARTESIAN_POINT('',(0.0535192455849324,0.,-0.110679497056622));
#7401=CARTESIAN_POINT('',(0.0585,0.,-0.114));
#7402=CARTESIAN_POINT('',(0.0634807544150677,0.,-0.117320502943378));
#7403=CARTESIAN_POINT('',(0.06902775637732,0.,-0.109));
#7404=CARTESIAN_POINT('',(0.0465,0.003,-0.098));
#7405=CARTESIAN_POINT('',(0.0395,0.003,-0.091));
#7406=CARTESIAN_POINT('',(0.0395,0.005,-0.091));
#7407=CARTESIAN_POINT('',(0.0395,0.0135,-0.091));
#7408=CARTESIAN_POINT('',(0.0465,0.005,-0.098));
#7409=CARTESIAN_POINT('',(0.0465,0.005,-0.098));
#7410=CARTESIAN_POINT('',(0.0465,0.003,-0.098));
#7411=CARTESIAN_POINT('',(0.0465,0.0135,-0.098));
#7412=CARTESIAN_POINT('',(0.0395,0.0135,-0.091));
#7413=CARTESIAN_POINT('',(0.1035,0.003,-0.0545));
#7414=CARTESIAN_POINT('',(0.1485,0.003,-0.114));
#7415=CARTESIAN_POINT('',(0.153480754415068,0.003,-0.110679497056622));
#7416=CARTESIAN_POINT('',(0.143519245584932,0.003,-0.117320502943378));
#7417=CARTESIAN_POINT('',(0.13797224362268,0.003,-0.109));
#7418=CARTESIAN_POINT('',(0.13797224362268,0.003,-0.119));
#7419=CARTESIAN_POINT('',(0.1035,0.003,-0.119));
#7420=CARTESIAN_POINT('',(0.06902775637732,0.003,-0.119));
#7421=CARTESIAN_POINT('',(0.06902775637732,0.003,-0.109));
#7422=CARTESIAN_POINT('',(0.0634807544150677,0.003,-0.117320502943378));
#7423=CARTESIAN_POINT('',(0.0585,0.003,-0.114));
#7424=CARTESIAN_POINT('',(0.0535192455849324,0.003,-0.110679497056622));
#7425=CARTESIAN_POINT('',(0.0479722436226801,0.003,-0.119));
#7426=CARTESIAN_POINT('',(0.0479722436226801,0.003,-0.109));
#7427=CARTESIAN_POINT('',(0.034,0.003,-0.109));
#7428=CARTESIAN_POINT('',(0.01,0.003,-0.109));
#7429=CARTESIAN_POINT('',(0.01,0.003,-0.099));
#7430=CARTESIAN_POINT('',(0.,0.003,-0.099));
#7431=CARTESIAN_POINT('',(0.,0.003,-0.0545));
#7432=CARTESIAN_POINT('',(0.,0.003,-0.01));
#7433=CARTESIAN_POINT('',(0.01,0.003,-0.01));
#7434=CARTESIAN_POINT('',(0.01,0.003,0.));
#7435=CARTESIAN_POINT('',(0.01975,0.003,0.));
#7436=CARTESIAN_POINT('',(0.0345,0.003,0.));
#7437=CARTESIAN_POINT('',(0.09625,0.003,-0.06175));
#7438=CARTESIAN_POINT('',(0.0395,0.003,-0.005));
#7439=CARTESIAN_POINT('',(0.0365,0.003,-0.005));
#7440=CARTESIAN_POINT('',(0.0365,0.003,-0.005));
#7441=CARTESIAN_POINT('',(0.0365,0.003,-0.009));
#7442=CARTESIAN_POINT('',(0.0325,0.003,-0.009));
#7443=CARTESIAN_POINT('',(0.0325,0.003,-0.101));
#7444=CARTESIAN_POINT('',(0.0325,0.003,-0.101));
#7445=CARTESIAN_POINT('',(0.0365,0.003,-0.101));
#7446=CARTESIAN_POINT('',(0.0365,0.003,-0.105));
#7447=CARTESIAN_POINT('',(0.066,0.003,-0.105));
#7448=CARTESIAN_POINT('',(0.066,0.003,-0.105));
#7449=CARTESIAN_POINT('',(0.066,0.003,-0.101));
#7450=CARTESIAN_POINT('',(0.07,0.003,-0.101));
#7451=CARTESIAN_POINT('',(0.07,0.003,-0.0545));
#7452=CARTESIAN_POINT('',(0.07,0.003,-0.098));
#7453=CARTESIAN_POINT('',(0.0535,0.003,-0.098));
#7454=CARTESIAN_POINT('',(0.137,0.003,-0.098));
#7455=CARTESIAN_POINT('',(0.137,0.003,-0.0545));
#7456=CARTESIAN_POINT('',(0.137,0.003,-0.101));
#7457=CARTESIAN_POINT('',(0.141,0.003,-0.101));
#7458=CARTESIAN_POINT('',(0.141,0.003,-0.105));
#7459=CARTESIAN_POINT('',(0.1035,0.003,-0.105));
#7460=CARTESIAN_POINT('',(0.1705,0.003,-0.105));
#7461=CARTESIAN_POINT('',(0.1705,0.003,-0.101));
#7462=CARTESIAN_POINT('',(0.1745,0.003,-0.101));
#7463=CARTESIAN_POINT('',(0.1745,0.003,-0.009));
#7464=CARTESIAN_POINT('',(0.1745,0.003,-0.009));
#7465=CARTESIAN_POINT('',(0.1705,0.003,-0.009));
#7466=CARTESIAN_POINT('',(0.1705,0.003,-0.005));
#7467=CARTESIAN_POINT('',(0.1675,0.003,-0.005));
#7468=CARTESIAN_POINT('',(0.1675,0.003,-0.005));
#7469=CARTESIAN_POINT('',(0.11075,0.003,-0.06175));
#7470=CARTESIAN_POINT('',(0.1725,0.003,0.));
#7471=CARTESIAN_POINT('',(0.18725,0.003,0.));
#7472=CARTESIAN_POINT('',(0.197,0.003,0.));
#7473=CARTESIAN_POINT('',(0.197,0.003,-0.01));
#7474=CARTESIAN_POINT('',(0.207,0.003,-0.01));
#7475=CARTESIAN_POINT('',(0.207,0.003,-0.0545));
#7476=CARTESIAN_POINT('',(0.207,0.003,-0.099));
#7477=CARTESIAN_POINT('',(0.197,0.003,-0.099));
#7478=CARTESIAN_POINT('',(0.15902775637732,0.003,-0.119));
#7479=CARTESIAN_POINT('',(0.0085,0.003,-0.099375));
#7480=CARTESIAN_POINT('',(0.0115,0.003,-0.099375));
#7481=CARTESIAN_POINT('',(0.0085,0.003,-0.009625));
#7482=CARTESIAN_POINT('',(0.0115,0.003,-0.009625));
#7483=CARTESIAN_POINT('',(0.1985,0.003,-0.099375));
#7484=CARTESIAN_POINT('',(0.2015,0.003,-0.099375));
#7485=CARTESIAN_POINT('',(0.1985,0.003,-0.009625));
#7486=CARTESIAN_POINT('',(0.2015,0.003,-0.009625));
#7487=CARTESIAN_POINT('',(0.034,0.003,-0.109));
#7488=CARTESIAN_POINT('',(0.0479722436226801,0.003,-0.109));
#7489=CARTESIAN_POINT('',(0.01,0.003,-0.109));
#7490=CARTESIAN_POINT('',(0.,0.003,-0.0545));
#7491=CARTESIAN_POINT('',(0.,0.003,-0.01));
#7492=CARTESIAN_POINT('',(0.,0.003,-0.099));
#7493=CARTESIAN_POINT('',(0.01975,0.003,0.));
#7494=CARTESIAN_POINT('',(0.0345,0.003,0.));
#7495=CARTESIAN_POINT('',(0.01,0.,0.));
#7496=CARTESIAN_POINT('',(0.0395,0.003,-0.049));
#7497=CARTESIAN_POINT('',(0.0395,0.003,-0.096));
#7498=CARTESIAN_POINT('',(0.0395,0.003,-0.096));
#7499=CARTESIAN_POINT('',(0.0395,0.003,-0.0945));
#7500=CARTESIAN_POINT('',(0.0395,0.003,-0.0938284271247461));
#7501=CARTESIAN_POINT('',(0.0395,0.005,-0.0938284271247462));
#7502=CARTESIAN_POINT('',(0.0395,0.0135,-0.007));
#7503=CARTESIAN_POINT('',(0.0395,0.0135,-0.007));
#7504=CARTESIAN_POINT('',(0.0395,0.0155,-0.007));
#7505=CARTESIAN_POINT('',(0.0395,0.005,-0.007));
#7506=CARTESIAN_POINT('',(0.0395,0.005,-0.005));
#7507=CARTESIAN_POINT('',(0.0395,0.003,-0.005));
#7508=CARTESIAN_POINT('',(0.0535,0.003,-0.098));
#7509=CARTESIAN_POINT('',(0.043,0.003,-0.098));
#7510=CARTESIAN_POINT('',(0.0415,0.003,-0.098));
#7511=CARTESIAN_POINT('',(0.0436715728752539,0.003,-0.098));
#7512=CARTESIAN_POINT('',(0.0415,0.003,-0.098));
#7513=CARTESIAN_POINT('',(0.1655,0.0155,-0.098));
#7514=CARTESIAN_POINT('',(0.1655,0.0135,-0.098));
#7515=CARTESIAN_POINT('',(0.0535,0.0135,-0.098));
#7516=CARTESIAN_POINT('',(0.139,0.0135,-0.098));
#7517=CARTESIAN_POINT('',(0.139,0.0155,-0.098));
#7518=CARTESIAN_POINT('',(0.139,0.005,-0.098));
#7519=CARTESIAN_POINT('',(0.137,0.005,-0.098));
#7520=CARTESIAN_POINT('',(0.07,0.005,-0.098));
#7521=CARTESIAN_POINT('',(0.068,0.005,-0.098));
#7522=CARTESIAN_POINT('',(0.068,0.0155,-0.098));
#7523=CARTESIAN_POINT('',(0.068,0.0135,-0.098));
#7524=CARTESIAN_POINT('',(0.0535,0.0135,-0.098));
#7525=CARTESIAN_POINT('',(0.0436715728752539,0.005,-0.098));
#7526=CARTESIAN_POINT('',(0.1675,0.003,-0.049));
#7527=CARTESIAN_POINT('',(0.1675,0.0155,-0.007));
#7528=CARTESIAN_POINT('',(0.1675,0.0135,-0.007));
#7529=CARTESIAN_POINT('',(0.1675,0.005,-0.007));
#7530=CARTESIAN_POINT('',(0.1675,0.0135,-0.049));
#7531=CARTESIAN_POINT('',(0.1675,0.0135,-0.096));
#7532=CARTESIAN_POINT('',(0.1675,0.,-0.096));
#7533=CARTESIAN_POINT('',(0.1675,0.003,-0.005));
#7534=CARTESIAN_POINT('',(0.1675,0.005,-0.005));
#7535=CARTESIAN_POINT('',(0.18725,0.003,0.));
#7536=CARTESIAN_POINT('',(0.1725,0.003,0.));
#7537=CARTESIAN_POINT('',(0.197,0.003,0.));
#7538=CARTESIAN_POINT('',(0.207,0.003,-0.0545));
#7539=CARTESIAN_POINT('',(0.207,0.,-0.01));
#7540=CARTESIAN_POINT('',(0.207,0.003,-0.099));
#7541=CARTESIAN_POINT('',(0.197,0.003,-0.01));
#7542=CARTESIAN_POINT('',(0.197,0.003,-0.099));
#7543=CARTESIAN_POINT('',(0.01,0.003,-0.01));
#7544=CARTESIAN_POINT('',(0.01,0.003,-0.099));
#7545=CARTESIAN_POINT('',(0.1725,0.003,0.));
#7546=CARTESIAN_POINT('',(0.0395,0.003,-0.005));
#7547=CARTESIAN_POINT('',(0.17,0.0155,-0.007));
#7548=CARTESIAN_POINT('',(0.1705,0.005,-0.007));
#7549=CARTESIAN_POINT('',(0.1705,0.005,-0.007));
#7550=CARTESIAN_POINT('',(0.1705,0.0155,-0.007));
#7551=CARTESIAN_POINT('',(0.1615,0.0155,-0.007));
#7552=CARTESIAN_POINT('',(0.1615,0.0155,-0.007));
#7553=CARTESIAN_POINT('',(0.166,0.0155,-0.007));
#7554=CARTESIAN_POINT('',(0.1655,0.0155,-0.007));
#7555=CARTESIAN_POINT('',(0.1655,0.0135,-0.007));
#7556=CARTESIAN_POINT('',(0.1725,0.0155,-0.07725));
#7557=CARTESIAN_POINT('',(0.1725,0.0155,-0.009));
#7558=CARTESIAN_POINT('',(0.1725,0.005,-0.009));
#7559=CARTESIAN_POINT('',(0.1725,0.005,-0.101));
#7560=CARTESIAN_POINT('',(0.1725,0.005,-0.101));
#7561=CARTESIAN_POINT('',(0.1725,0.0195,-0.101));
#7562=CARTESIAN_POINT('',(0.15575,0.0155,-0.103));
#7563=CARTESIAN_POINT('',(0.1705,0.003,-0.103));
#7564=CARTESIAN_POINT('',(0.1705,0.005,-0.103));
#7565=CARTESIAN_POINT('',(0.15575,0.005,-0.103));
#7566=CARTESIAN_POINT('',(0.141,0.005,-0.103));
#7567=CARTESIAN_POINT('',(0.141,0.0155,-0.103));
#7568=CARTESIAN_POINT('',(0.139,0.0155,-0.1005));
#7569=CARTESIAN_POINT('',(0.139,0.0155,-0.101));
#7570=CARTESIAN_POINT('',(0.139,0.005,-0.101));
#7571=CARTESIAN_POINT('',(0.139,0.005,-0.1005));
#7572=CARTESIAN_POINT('',(0.139,0.0135,-0.096));
#7573=CARTESIAN_POINT('',(0.139,0.0155,-0.096));
#7574=CARTESIAN_POINT('',(0.139,0.0155,-0.098));
#7575=CARTESIAN_POINT('',(0.139,0.0155,-0.095));
#7576=CARTESIAN_POINT('',(0.139,0.0155,-0.095));
#7577=CARTESIAN_POINT('',(0.05125,0.0155,-0.103));
#7578=CARTESIAN_POINT('',(0.066,0.003,-0.103));
#7579=CARTESIAN_POINT('',(0.066,0.005,-0.103));
#7580=CARTESIAN_POINT('',(0.0365,0.005,-0.103));
#7581=CARTESIAN_POINT('',(0.0365,0.005,-0.103));
#7582=CARTESIAN_POINT('',(0.0365,0.0155,-0.103));
#7583=CARTESIAN_POINT('',(0.0345,0.0155,-0.02925));
#7584=CARTESIAN_POINT('',(0.0345,0.0155,-0.101));
#7585=CARTESIAN_POINT('',(0.0345,0.005,-0.101));
#7586=CARTESIAN_POINT('',(0.0345,0.005,-0.009));
#7587=CARTESIAN_POINT('',(0.0345,0.005,-0.009));
#7588=CARTESIAN_POINT('',(0.0345,0.0155,-0.009));
#7589=CARTESIAN_POINT('',(0.037,0.0155,-0.007));
#7590=CARTESIAN_POINT('',(0.0365,0.0155,-0.007));
#7591=CARTESIAN_POINT('',(0.0365,0.005,-0.007));
#7592=CARTESIAN_POINT('',(0.0395,0.005,-0.007));
#7593=CARTESIAN_POINT('',(0.0415,0.0135,-0.007));
#7594=CARTESIAN_POINT('',(0.0415,0.0155,-0.007));
#7595=CARTESIAN_POINT('',(0.037,0.0155,-0.007));
#7596=CARTESIAN_POINT('',(0.0455,0.0155,-0.007));
#7597=CARTESIAN_POINT('',(0.0455,0.0155,-0.007));
#7598=CARTESIAN_POINT('',(0.068,0.0155,-0.1005));
#7599=CARTESIAN_POINT('',(0.068,0.005,-0.1005));
#7600=CARTESIAN_POINT('',(0.068,0.005,-0.101));
#7601=CARTESIAN_POINT('',(0.068,0.0195,-0.101));
#7602=CARTESIAN_POINT('',(0.068,0.0155,-0.095));
#7603=CARTESIAN_POINT('',(0.068,0.0155,-0.095));
#7604=CARTESIAN_POINT('',(0.068,0.0155,-0.1005));
#7605=CARTESIAN_POINT('',(0.068,0.0155,-0.096));
#7606=CARTESIAN_POINT('',(0.068,0.0135,-0.096));
#7607=CARTESIAN_POINT('',(0.1035,0.0155,-0.055));
#7608=CARTESIAN_POINT('',(0.066,0.0155,-0.095));
#7609=CARTESIAN_POINT('',(0.066,0.0155,-0.093));
#7610=CARTESIAN_POINT('',(0.05775,0.0155,-0.093));
#7611=CARTESIAN_POINT('',(0.0495,0.0155,-0.093));
#7612=CARTESIAN_POINT('',(0.0495,0.0155,-0.091));
#7613=CARTESIAN_POINT('',(0.0475,0.0155,-0.091));
#7614=CARTESIAN_POINT('',(0.0475,0.0155,-0.05));
#7615=CARTESIAN_POINT('',(0.0475,0.0155,-0.009));
#7616=CARTESIAN_POINT('',(0.0455,0.0155,-0.009));
#7617=CARTESIAN_POINT('',(0.0415,0.0155,-0.091));
#7618=CARTESIAN_POINT('',(0.0415,0.0155,-0.0901715728752538));
#7619=CARTESIAN_POINT('',(0.0479142135623731,0.0155,-0.0965857864376269));
#7620=CARTESIAN_POINT('',(0.0473284271247462,0.0155,-0.096));
#7621=CARTESIAN_POINT('',(0.1035,0.0155,-0.096));
#7622=CARTESIAN_POINT('',(0.0475,0.0195,-0.05));
#7623=CARTESIAN_POINT('',(0.0475,0.0195,-0.091));
#7624=CARTESIAN_POINT('',(0.0475,0.0195,-0.009));
#7625=CARTESIAN_POINT('',(0.05775,0.0195,-0.093));
#7626=CARTESIAN_POINT('',(0.066,0.0195,-0.093));
#7627=CARTESIAN_POINT('',(0.0495,0.0155,-0.093));
#7628=CARTESIAN_POINT('',(0.14925,0.0195,-0.093));
#7629=CARTESIAN_POINT('',(0.141,0.0195,-0.093));
#7630=CARTESIAN_POINT('',(0.141,0.0155,-0.093));
#7631=CARTESIAN_POINT('',(0.14925,0.0155,-0.093));
#7632=CARTESIAN_POINT('',(0.1575,0.0155,-0.093));
#7633=CARTESIAN_POINT('',(0.1575,0.0195,-0.093));
#7634=CARTESIAN_POINT('',(0.1595,0.0195,-0.05));
#7635=CARTESIAN_POINT('',(0.1595,0.0195,-0.091));
#7636=CARTESIAN_POINT('',(0.1595,0.0155,-0.091));
#7637=CARTESIAN_POINT('',(0.1595,0.0155,-0.05));
#7638=CARTESIAN_POINT('',(0.1595,0.0155,-0.009));
#7639=CARTESIAN_POINT('',(0.1595,0.0195,-0.009));
#7640=CARTESIAN_POINT('',(0.1035,0.0155,-0.055));
#7641=CARTESIAN_POINT('',(0.1035,0.0155,-0.096));
#7642=CARTESIAN_POINT('',(0.1655,0.0155,-0.096));
#7643=CARTESIAN_POINT('',(0.1655,0.0155,-0.055));
#7644=CARTESIAN_POINT('',(0.1615,0.0155,-0.009));
#7645=CARTESIAN_POINT('',(0.1575,0.0155,-0.091));
#7646=CARTESIAN_POINT('',(0.141,0.0155,-0.095));
#7647=CARTESIAN_POINT('',(0.0085,-0.022,-0.009625));
#7648=CARTESIAN_POINT('',(0.0085,-0.022,-0.099375));
#7649=CARTESIAN_POINT('',(0.1985,-0.022,-0.099375));
#7650=CARTESIAN_POINT('',(0.1985,-0.022,-0.009625));
#7651=CARTESIAN_POINT('',(0.1035,0.003,-0.0545));
#7652=CARTESIAN_POINT('',(0.0380857864376269,0.003,-0.0924142135623731));
#7653=CARTESIAN_POINT('',(0.0415,0.003,-0.096));
#7654=CARTESIAN_POINT('',(0.155536488828263,0.019,-0.0949900974150154));
#7655=CARTESIAN_POINT('',(0.157866725459633,0.019,-0.0950058645418553));
#7656=CARTESIAN_POINT('',(0.157866725459633,0.019,-0.0950058645418553));
#7657=CARTESIAN_POINT('',(0.155536488828263,0.019,-0.0949900974150154));
#7658=CARTESIAN_POINT('',(0.153206252196891,0.019,-0.0949743302881756));
#7659=CARTESIAN_POINT('',(0.153206252196891,0.019,-0.0949743302881756));
#7660=CARTESIAN_POINT('',(0.157862712098919,0.019,-0.0955990024195337));
#7661=CARTESIAN_POINT('',(0.157858698738205,0.019,-0.0961921402972122));
#7662=CARTESIAN_POINT('',(0.157858698738205,0.019,-0.0961921402972122));
#7663=CARTESIAN_POINT('',(0.157862712098919,0.019,-0.0955990024195337));
#7664=CARTESIAN_POINT('',(0.156406131069746,0.019,-0.0961823117594732));
#7665=CARTESIAN_POINT('',(0.154953563401286,0.019,-0.0961724832217343));
#7666=CARTESIAN_POINT('',(0.154953563401286,0.019,-0.0961724832217343));
#7667=CARTESIAN_POINT('',(0.156406131069746,0.019,-0.0961823117594732));
#7668=CARTESIAN_POINT('',(0.154953351132515,0.019,-0.0962038545977985));
#7669=CARTESIAN_POINT('',(0.154953138863745,0.019,-0.0962352259738627));
#7670=CARTESIAN_POINT('',(0.154953138863745,0.019,-0.0962352259738627));
#7671=CARTESIAN_POINT('',(0.154953351132515,0.019,-0.0962038545977985));
#7672=CARTESIAN_POINT('',(0.155379394317127,0.019,-0.096641579113415));
#7673=CARTESIAN_POINT('',(0.155805649770509,0.019,-0.0970479322529674));
#7674=CARTESIAN_POINT('',(0.155805649770509,0.019,-0.0970479322529674));
#7675=CARTESIAN_POINT('',(0.155379394317127,0.019,-0.096641579113415));
#7676=CARTESIAN_POINT('',(0.156993959709857,0.019,-0.0982649204139566));
#7677=CARTESIAN_POINT('',(0.156993959709857,0.0195,-0.0982649204139566));
#7678=CARTESIAN_POINT('',(0.156769219661949,0.019,-0.0979808012396853));
#7679=CARTESIAN_POINT('',(0.156769219661949,0.0195,-0.0979808012396853));
#7680=CARTESIAN_POINT('',(0.156373116348833,0.019,-0.0975751385193556));
#7681=CARTESIAN_POINT('',(0.156373116348833,0.0195,-0.0975751385193556));
#7682=CARTESIAN_POINT('',(0.155805649770509,0.019,-0.0970479322529674));
#7683=CARTESIAN_POINT('',(0.155805649770509,0.0195,-0.0970479322529674));
#7684=CARTESIAN_POINT('',(0.156993959709857,0.019,-0.0982649204139566));
#7685=CARTESIAN_POINT('',(0.156993959709857,0.019,-0.0982649204139566));
#7686=CARTESIAN_POINT('',(0.156993959709857,0.019,-0.0982649204139566));
#7687=CARTESIAN_POINT('',(0.156656849637996,0.019,-0.0978387416525496));
#7688=CARTESIAN_POINT('',(0.155805649770509,0.019,-0.0970479322529674));
#7689=CARTESIAN_POINT('',(0.157490303755112,0.019,-0.0990956455621222));
#7690=CARTESIAN_POINT('',(0.157490303755112,0.0195,-0.0990956455621222));
#7691=CARTESIAN_POINT('',(0.157384147772849,0.019,-0.0988259479709499));
#7692=CARTESIAN_POINT('',(0.157384147772849,0.0195,-0.0988259479709499));
#7693=CARTESIAN_POINT('',(0.157218699757764,0.019,-0.098549039588228));
#7694=CARTESIAN_POINT('',(0.157218699757764,0.0195,-0.098549039588228));
#7695=CARTESIAN_POINT('',(0.156993959709857,0.019,-0.0982649204139566));
#7696=CARTESIAN_POINT('',(0.156993959709857,0.0195,-0.0982649204139566));
#7697=CARTESIAN_POINT('',(0.157490303755112,0.019,-0.0990956455621222));
#7698=CARTESIAN_POINT('',(0.157490303755112,0.019,-0.0990956455621222));
#7699=CARTESIAN_POINT('',(0.157490303755112,0.019,-0.0990956455621222));
#7700=CARTESIAN_POINT('',(0.157331069781718,0.019,-0.0986910991753637));
#7701=CARTESIAN_POINT('',(0.156993959709857,0.019,-0.0982649204139566));
#7702=CARTESIAN_POINT('',(0.155347800317163,0.019,-0.0999266219619327));
#7703=CARTESIAN_POINT('',(0.157646417871224,0.019,-0.0999612782203356));
#7704=CARTESIAN_POINT('',(0.157646417871224,0.019,-0.0999612782203356));
#7705=CARTESIAN_POINT('',(0.155347800317163,0.019,-0.0999266219619327));
#7706=CARTESIAN_POINT('',(0.157375231838215,0.019,-0.10089843885826));
#7707=CARTESIAN_POINT('',(0.157375231838215,0.0195,-0.10089843885826));
#7708=CARTESIAN_POINT('',(0.157553639851072,0.019,-0.10062580271624));
#7709=CARTESIAN_POINT('',(0.157553639851072,0.0195,-0.10062580271624));
#7710=CARTESIAN_POINT('',(0.157644035195408,0.019,-0.100313415836932));
#7711=CARTESIAN_POINT('',(0.157644035195408,0.0195,-0.100313415836932));
#7712=CARTESIAN_POINT('',(0.157646417871224,0.019,-0.0999612782203356));
#7713=CARTESIAN_POINT('',(0.157646417871224,0.0195,-0.0999612782203356));
#7714=CARTESIAN_POINT('',(0.157375231838215,0.019,-0.10089843885826));
#7715=CARTESIAN_POINT('',(0.157375231838215,0.019,-0.10089843885826));
#7716=CARTESIAN_POINT('',(0.157375231838215,0.019,-0.10089843885826));
#7717=CARTESIAN_POINT('',(0.1576428438575,0.019,-0.10048948464523));
#7718=CARTESIAN_POINT('',(0.157646417871224,0.019,-0.0999612782203356));
#7719=CARTESIAN_POINT('',(0.156627483759519,0.019,-0.101531779606601));
#7720=CARTESIAN_POINT('',(0.156627483759519,0.0195,-0.101531779606601));
#7721=CARTESIAN_POINT('',(0.156947574465792,0.019,-0.101382188583061));
#7722=CARTESIAN_POINT('',(0.156947574465792,0.0195,-0.101382188583061));
#7723=CARTESIAN_POINT('',(0.157196823825358,0.019,-0.101171075000281));
#7724=CARTESIAN_POINT('',(0.157196823825358,0.0195,-0.101171075000281));
#7725=CARTESIAN_POINT('',(0.157375231838215,0.019,-0.10089843885826));
#7726=CARTESIAN_POINT('',(0.157375231838215,0.0195,-0.10089843885826));
#7727=CARTESIAN_POINT('',(0.156627483759519,0.019,-0.101531779606601));
#7728=CARTESIAN_POINT('',(0.156627483759519,0.019,-0.101531779606601));
#7729=CARTESIAN_POINT('',(0.156627483759519,0.019,-0.101531779606601));
#7730=CARTESIAN_POINT('',(0.157107619818929,0.019,-0.101307393071291));
#7731=CARTESIAN_POINT('',(0.157375231838215,0.019,-0.10089843885826));
#7732=CARTESIAN_POINT('',(0.155522838446368,0.019,-0.101751940512426));
#7733=CARTESIAN_POINT('',(0.155522838446368,0.0195,-0.101751940512426));
#7734=CARTESIAN_POINT('',(0.155939177948863,0.019,-0.10175475759875));
#7735=CARTESIAN_POINT('',(0.155939177948863,0.0195,-0.10175475759875));
#7736=CARTESIAN_POINT('',(0.156307393053247,0.019,-0.101681370630141));
#7737=CARTESIAN_POINT('',(0.156307393053247,0.0195,-0.101681370630141));
#7738=CARTESIAN_POINT('',(0.156627483759519,0.019,-0.101531779606601));
#7739=CARTESIAN_POINT('',(0.156627483759519,0.0195,-0.101531779606601));
#7740=CARTESIAN_POINT('',(0.155522838446368,0.019,-0.101751940512426));
#7741=CARTESIAN_POINT('',(0.155522838446368,0.019,-0.101751940512426));
#7742=CARTESIAN_POINT('',(0.155522838446368,0.019,-0.101751940512426));
#7743=CARTESIAN_POINT('',(0.15614734770011,0.019,-0.101756166141911));
#7744=CARTESIAN_POINT('',(0.156627483759519,0.019,-0.101531779606601));
#7745=CARTESIAN_POINT('',(0.155503190211275,0.019,-0.0981135708013144));
#7746=CARTESIAN_POINT('',(0.154666229226072,0.019,-0.101652755583543));
#7747=CARTESIAN_POINT('',(0.154666170151258,0.019,-0.101653010700076));
#7748=CARTESIAN_POINT('',(0.155503190211275,0.019,-0.0981135708013144));
#7749=CARTESIAN_POINT('',(0.155382195639993,0.019,-0.0987311793218369));
#7750=CARTESIAN_POINT('',(0.15396108073061,0.019,-0.101381680218372));
#7751=CARTESIAN_POINT('',(0.15396108073061,0.019,-0.101381680218372));
#7752=CARTESIAN_POINT('',(0.155382195639993,0.019,-0.0987311793218369));
#7753=CARTESIAN_POINT('',(0.153149438313656,0.019,-0.100783023352651));
#7754=CARTESIAN_POINT('',(0.153149438313656,0.0195,-0.100783023352651));
#7755=CARTESIAN_POINT('',(0.15347536142459,0.019,-0.101065395162954));
#7756=CARTESIAN_POINT('',(0.15347536142459,0.0195,-0.101065395162954));
#7757=CARTESIAN_POINT('',(0.153745908896908,0.019,-0.101264947451527));
#7758=CARTESIAN_POINT('',(0.153745908896908,0.0195,-0.101264947451527));
#7759=CARTESIAN_POINT('',(0.15396108073061,0.019,-0.101381680218372));
#7760=CARTESIAN_POINT('',(0.15396108073061,0.0195,-0.101381680218372));
#7761=CARTESIAN_POINT('',(0.153149438313656,0.019,-0.100783023352651));
#7762=CARTESIAN_POINT('',(0.153149438313656,0.019,-0.100783023352651));
#7763=CARTESIAN_POINT('',(0.153149438313656,0.019,-0.100783023352651));
#7764=CARTESIAN_POINT('',(0.153638322980057,0.019,-0.101206581068105));
#7765=CARTESIAN_POINT('',(0.15396108073061,0.019,-0.101381680218372));
#7766=CARTESIAN_POINT('',(0.153535531420846,0.019,-0.100331824403646));
#7767=CARTESIAN_POINT('',(0.153921624528036,0.019,-0.0998806254546411));
#7768=CARTESIAN_POINT('',(0.153921624528036,0.019,-0.0998806254546411));
#7769=CARTESIAN_POINT('',(0.153535531420846,0.019,-0.100331824403646));
#7770=CARTESIAN_POINT('',(0.154679866436967,0.019,-0.100392098561276));
#7771=CARTESIAN_POINT('',(0.154679866436967,0.0195,-0.100392098561276));
#7772=CARTESIAN_POINT('',(0.154437480476471,0.019,-0.1002717768536));
#7773=CARTESIAN_POINT('',(0.154437480476471,0.0195,-0.1002717768536));
#7774=CARTESIAN_POINT('',(0.154184733173494,0.019,-0.100101285818055));
#7775=CARTESIAN_POINT('',(0.154184733173494,0.0195,-0.100101285818055));
#7776=CARTESIAN_POINT('',(0.153921624528036,0.019,-0.0998806254546411));
#7777=CARTESIAN_POINT('',(0.153921624528036,0.0195,-0.0998806254546411));
#7778=CARTESIAN_POINT('',(0.154679866436967,0.019,-0.100392098561276));
#7779=CARTESIAN_POINT('',(0.154679866436967,0.019,-0.100392098561276));
#7780=CARTESIAN_POINT('',(0.154679866436967,0.019,-0.100392098561276));
#7781=CARTESIAN_POINT('',(0.154316287496223,0.019,-0.100211615999762));
#7782=CARTESIAN_POINT('',(0.153921624528036,0.019,-0.0998806254546411));
#7783=CARTESIAN_POINT('',(0.155447658998177,0.019,-0.0988817454341435));
#7784=CARTESIAN_POINT('',(0.155430115826874,0.019,-0.100575197458803));
#7785=CARTESIAN_POINT('',(0.155430115826874,0.019,-0.100575197458803));
#7786=CARTESIAN_POINT('',(0.155447658998177,0.019,-0.0988817454341435));
#7787=CARTESIAN_POINT('',(0.156022392917836,0.019,-0.100382942517945));
#7788=CARTESIAN_POINT('',(0.156022392917836,0.0195,-0.100382942517945));
#7789=CARTESIAN_POINT('',(0.15587364875314,0.019,-0.100512777718797));
#7790=CARTESIAN_POINT('',(0.15587364875314,0.0195,-0.100512777718797));
#7791=CARTESIAN_POINT('',(0.155676223056153,0.019,-0.100576862699082));
#7792=CARTESIAN_POINT('',(0.155676223056153,0.0195,-0.100576862699082));
#7793=CARTESIAN_POINT('',(0.155430115826874,0.019,-0.100575197458803));
#7794=CARTESIAN_POINT('',(0.155430115826874,0.0195,-0.100575197458803));
#7795=CARTESIAN_POINT('',(0.156022392917836,0.019,-0.100382942517945));
#7796=CARTESIAN_POINT('',(0.156022392917836,0.019,-0.100382942517945));
#7797=CARTESIAN_POINT('',(0.156022392917836,0.019,-0.100382942517945));
#7798=CARTESIAN_POINT('',(0.155799276670792,0.019,-0.100577695319222));
#7799=CARTESIAN_POINT('',(0.155430115826874,0.019,-0.100575197458803));
#7800=CARTESIAN_POINT('',(0.156248224230553,0.019,-0.0997869279298006));
#7801=CARTESIAN_POINT('',(0.156248224230553,0.0195,-0.0997869279298006));
#7802=CARTESIAN_POINT('',(0.15624641418677,0.019,-0.100054435787712));
#7803=CARTESIAN_POINT('',(0.15624641418677,0.0195,-0.100054435787712));
#7804=CARTESIAN_POINT('',(0.156171137082531,0.019,-0.100253107317094));
#7805=CARTESIAN_POINT('',(0.156171137082531,0.0195,-0.100253107317094));
#7806=CARTESIAN_POINT('',(0.156022392917836,0.019,-0.100382942517945));
#7807=CARTESIAN_POINT('',(0.156022392917836,0.0195,-0.100382942517945));
#7808=CARTESIAN_POINT('',(0.156248224230553,0.019,-0.0997869279298006));
#7809=CARTESIAN_POINT('',(0.156248221012883,0.019,-0.0997869279046719));
#7810=CARTESIAN_POINT('',(0.156248224230553,0.019,-0.0997869279298006));
#7811=CARTESIAN_POINT('',(0.156245509164879,0.019,-0.100188189716668));
#7812=CARTESIAN_POINT('',(0.156022392917836,0.019,-0.100382942517945));
#7813=CARTESIAN_POINT('',(0.154866174627073,0.019,-0.0997761346823751));
#7814=CARTESIAN_POINT('',(0.15615105877632,0.019,-0.0992667950728688));
#7815=CARTESIAN_POINT('',(0.15615105877632,0.019,-0.0992667950728688));
#7816=CARTESIAN_POINT('',(0.154866174627073,0.019,-0.0997761346823751));
#7817=CARTESIAN_POINT('',(0.155826441230807,0.019,-0.098719587192245));
#7818=CARTESIAN_POINT('',(0.155826441230807,0.0195,-0.098719587192245));
#7819=CARTESIAN_POINT('',(0.155976864874487,0.019,-0.0989166242838787));
#7820=CARTESIAN_POINT('',(0.155976864874487,0.0195,-0.0989166242838787));
#7821=CARTESIAN_POINT('',(0.156085070722991,0.019,-0.0990990269107533));
#7822=CARTESIAN_POINT('',(0.156085070722991,0.0195,-0.0990990269107533));
#7823=CARTESIAN_POINT('',(0.15615105877632,0.019,-0.0992667950728688));
#7824=CARTESIAN_POINT('',(0.15615105877632,0.0195,-0.0992667950728688));
#7825=CARTESIAN_POINT('',(0.155826441230807,0.019,-0.098719587192245));
#7826=CARTESIAN_POINT('',(0.155826441230807,0.019,-0.098719587192245));
#7827=CARTESIAN_POINT('',(0.155826441230807,0.019,-0.098719587192245));
#7828=CARTESIAN_POINT('',(0.156052076696327,0.019,-0.0990151428296955));
#7829=CARTESIAN_POINT('',(0.15615105877632,0.019,-0.0992667950728688));
#7830=CARTESIAN_POINT('',(0.154861801230667,0.019,-0.0976573285139278));
#7831=CARTESIAN_POINT('',(0.154861801230667,0.0195,-0.0976573285139278));
#7832=CARTESIAN_POINT('',(0.155354470920414,0.019,-0.0981684638745057));
#7833=CARTESIAN_POINT('',(0.155354470920414,0.0195,-0.0981684638745057));
#7834=CARTESIAN_POINT('',(0.155676017587127,0.019,-0.0985225501006114));
#7835=CARTESIAN_POINT('',(0.155676017587127,0.0195,-0.0985225501006114));
#7836=CARTESIAN_POINT('',(0.155826441230807,0.019,-0.098719587192245));
#7837=CARTESIAN_POINT('',(0.155826441230807,0.0195,-0.098719587192245));
#7838=CARTESIAN_POINT('',(0.154861801230667,0.019,-0.0976573285139278));
#7839=CARTESIAN_POINT('',(0.154861801230667,0.019,-0.0976573285139278));
#7840=CARTESIAN_POINT('',(0.154861801230667,0.019,-0.0976573285139278));
#7841=CARTESIAN_POINT('',(0.155600805765287,0.019,-0.0984240315547946));
#7842=CARTESIAN_POINT('',(0.155826441230807,0.019,-0.098719587192245));
#7843=CARTESIAN_POINT('',(0.154030709397174,0.019,-0.0968060983479151));
#7844=CARTESIAN_POINT('',(0.153199617563681,0.019,-0.0959548681819024));
#7845=CARTESIAN_POINT('',(0.153199617563681,0.019,-0.0959548681819024));
#7846=CARTESIAN_POINT('',(0.154030709397174,0.019,-0.0968060983479151));
#7847=CARTESIAN_POINT('',(0.153202934880286,0.019,-0.095464599235039));
#7848=CARTESIAN_POINT('',(0.153202934880286,0.019,-0.095464599235039));
#7849=CARTESIAN_POINT('',(0.0964861329871804,0.019,-0.055));
#7850=CARTESIAN_POINT('',(0.150655686366185,0.019,-0.0949570723434568));
#7851=CARTESIAN_POINT('',(0.151360447977301,0.019,-0.0949618409860765));
#7852=CARTESIAN_POINT('',(0.151360447977301,0.019,-0.0949618409860765));
#7853=CARTESIAN_POINT('',(0.150655686366185,0.019,-0.0949570723434568));
#7854=CARTESIAN_POINT('',(0.149950924755069,0.019,-0.0949523037008371));
#7855=CARTESIAN_POINT('',(0.149950924755069,0.019,-0.0949523037008371));
#7856=CARTESIAN_POINT('',(0.151337893186277,0.019,-0.0982952320846162));
#7857=CARTESIAN_POINT('',(0.151315338395253,0.019,-0.101628623183156));
#7858=CARTESIAN_POINT('',(0.151315338395253,0.019,-0.101628623183156));
#7859=CARTESIAN_POINT('',(0.151337893186277,0.019,-0.0982952320846162));
#7860=CARTESIAN_POINT('',(0.150736062288393,0.019,-0.10162470361562));
#7861=CARTESIAN_POINT('',(0.150156786181534,0.019,-0.101620784048083));
#7862=CARTESIAN_POINT('',(0.150156786181534,0.019,-0.101620784048083));
#7863=CARTESIAN_POINT('',(0.150736062288393,0.019,-0.10162470361562));
#7864=CARTESIAN_POINT('',(0.149088649284627,0.019,-0.100758465155574));
#7865=CARTESIAN_POINT('',(0.148020512387719,0.019,-0.0998961462630643));
#7866=CARTESIAN_POINT('',(0.148020512387719,0.019,-0.0998961462630643));
#7867=CARTESIAN_POINT('',(0.149088649284627,0.019,-0.100758465155574));
#7868=CARTESIAN_POINT('',(0.148363358652877,0.019,-0.0994745683038534));
#7869=CARTESIAN_POINT('',(0.148706204918034,0.019,-0.0990529903446426));
#7870=CARTESIAN_POINT('',(0.148706204918034,0.019,-0.0990529903446426));
#7871=CARTESIAN_POINT('',(0.148363358652877,0.019,-0.0994745683038534));
#7872=CARTESIAN_POINT('',(0.149087144336927,0.019,-0.0993634592238003));
#7873=CARTESIAN_POINT('',(0.14946808375582,0.019,-0.099673928102958));
#7874=CARTESIAN_POINT('',(0.14946808375582,0.019,-0.099673928102958));
#7875=CARTESIAN_POINT('',(0.149087144336927,0.019,-0.0993634592238003));
#7876=CARTESIAN_POINT('',(0.149952324450825,0.019,-0.100136852811315));
#7877=CARTESIAN_POINT('',(0.149952324450825,0.0195,-0.100136852811315));
#7878=CARTESIAN_POINT('',(0.149720442722131,0.019,-0.0999018117334731));
#7879=CARTESIAN_POINT('',(0.149720442722131,0.0195,-0.0999018117334731));
#7880=CARTESIAN_POINT('',(0.149559029157129,0.019,-0.0997475034973541));
#7881=CARTESIAN_POINT('',(0.149559029157129,0.0195,-0.0997475034973541));
#7882=CARTESIAN_POINT('',(0.14946808375582,0.019,-0.099673928102958));
#7883=CARTESIAN_POINT('',(0.14946808375582,0.0195,-0.099673928102958));
#7884=CARTESIAN_POINT('',(0.149952324450825,0.019,-0.100136852811315));
#7885=CARTESIAN_POINT('',(0.149952324450825,0.019,-0.100136852811315));
#7886=CARTESIAN_POINT('',(0.149952324450825,0.019,-0.100136852811315));
#7887=CARTESIAN_POINT('',(0.149604501857783,0.019,-0.0997842911945521));
#7888=CARTESIAN_POINT('',(0.14946808375582,0.019,-0.099673928102958));
#7889=CARTESIAN_POINT('',(0.149943725776992,0.019,-0.0997902344935932));
#7890=CARTESIAN_POINT('',(0.14993512710316,0.019,-0.0994436161758712));
#7891=CARTESIAN_POINT('',(0.14993512710316,0.019,-0.0994436161758712));
#7892=CARTESIAN_POINT('',(0.149943725776992,0.019,-0.0997902344935932));
#7893=CARTESIAN_POINT('',(0.149929973867948,0.019,-0.0991269347828582));
#7894=CARTESIAN_POINT('',(0.149924820632737,0.019,-0.0988102533898452));
#7895=CARTESIAN_POINT('',(0.149924820632737,0.019,-0.0988102533898452));
#7896=CARTESIAN_POINT('',(0.149929973867948,0.019,-0.0991269347828582));
#7897=CARTESIAN_POINT('',(0.149937872693903,0.019,-0.0968812785453411));
#7898=CARTESIAN_POINT('',(0.149937872693903,0.019,-0.0968812785453411));
#7899=CARTESIAN_POINT('',(0.0964861329871804,0.019,-0.055));
#7900=CARTESIAN_POINT('',(0.0411754340277778,0.019,-0.0716594618055554));
#7901=CARTESIAN_POINT('',(0.0411754340277778,0.0195,-0.0716594618055554));
#7902=CARTESIAN_POINT('',(0.0407876591435185,0.019,-0.0716594618055554));
#7903=CARTESIAN_POINT('',(0.0407876591435185,0.0195,-0.0716594618055554));
#7904=CARTESIAN_POINT('',(0.0404874348958334,0.019,-0.0715137803819443));
#7905=CARTESIAN_POINT('',(0.0404874348958334,0.0195,-0.0715137803819443));
#7906=CARTESIAN_POINT('',(0.0402747612847223,0.019,-0.0712224175347221));
#7907=CARTESIAN_POINT('',(0.0402747612847223,0.0195,-0.0712224175347221));
#7908=CARTESIAN_POINT('',(0.0411754340277778,0.019,-0.0716594618055554));
#7909=CARTESIAN_POINT('',(0.0411754340277778,0.019,-0.0716594618055554));
#7910=CARTESIAN_POINT('',(0.0411754340277778,0.019,-0.0716594618055554));
#7911=CARTESIAN_POINT('',(0.0405937717013889,0.019,-0.0716594618055554));
#7912=CARTESIAN_POINT('',(0.0402747612847223,0.019,-0.0712224175347221));
#7913=CARTESIAN_POINT('',(0.0402747612847223,0.019,-0.0712224175347221));
#7914=CARTESIAN_POINT('',(0.0402747612847223,0.019,-0.0712224175347221));
#7915=CARTESIAN_POINT('',(0.0411617033120127,0.019,-0.0700247511894662));
#7916=CARTESIAN_POINT('',(0.0417166883680556,0.019,-0.0715632269965276));
#7917=CARTESIAN_POINT('',(0.0417166286328436,0.019,-0.0715630646363583));
#7918=CARTESIAN_POINT('',(0.0411617033120127,0.019,-0.0700247511894662));
#7919=CARTESIAN_POINT('',(0.0398821750748284,0.019,-0.0663318320252235));
#7920=CARTESIAN_POINT('',(0.0422653680132588,0.019,-0.0713372151374236));
#7921=CARTESIAN_POINT('',(0.0422653680132258,0.019,-0.0713372151374106));
#7922=CARTESIAN_POINT('',(0.0398821750748284,0.019,-0.0663318320252235));
#7923=CARTESIAN_POINT('',(0.042431271701389,0.019,-0.071756228298611));
#7924=CARTESIAN_POINT('',(0.0425971571180556,0.019,-0.0721751953124999));
#7925=CARTESIAN_POINT('',(0.0425971571180556,0.019,-0.0721751953124999));
#7926=CARTESIAN_POINT('',(0.042431271701389,0.019,-0.071756228298611));
#7927=CARTESIAN_POINT('',(0.0411754340277778,0.019,-0.0725165364583332));
#7928=CARTESIAN_POINT('',(0.0411754340277778,0.0195,-0.0725165364583332));
#7929=CARTESIAN_POINT('',(0.0416468605324074,0.019,-0.0725165364583332));
#7930=CARTESIAN_POINT('',(0.0416468605324074,0.0195,-0.0725165364583332));
#7931=CARTESIAN_POINT('',(0.0421207682291667,0.019,-0.0724027560763888));
#7932=CARTESIAN_POINT('',(0.0421207682291667,0.0195,-0.0724027560763888));
#7933=CARTESIAN_POINT('',(0.0425971571180556,0.019,-0.0721751953124999));
#7934=CARTESIAN_POINT('',(0.0425971571180556,0.0195,-0.0721751953124999));
#7935=CARTESIAN_POINT('',(0.0411754340277778,0.019,-0.0725165364583332));
#7936=CARTESIAN_POINT('',(0.0411754340277778,0.019,-0.0725165364583332));
#7937=CARTESIAN_POINT('',(0.0411754340277778,0.019,-0.0725165364583332));
#7938=CARTESIAN_POINT('',(0.0418825737847223,0.019,-0.0725165364583332));
#7939=CARTESIAN_POINT('',(0.0425971571180556,0.019,-0.0721751953124999));
#7940=CARTESIAN_POINT('',(0.0399642578125,0.019,-0.0722129448784721));
#7941=CARTESIAN_POINT('',(0.0399642578125,0.0195,-0.0722129448784721));
#7942=CARTESIAN_POINT('',(0.0403087890625,0.019,-0.0724153392650462));
#7943=CARTESIAN_POINT('',(0.0403087890625,0.0195,-0.0724153392650462));
#7944=CARTESIAN_POINT('',(0.0407125144675926,0.019,-0.0725165364583332));
#7945=CARTESIAN_POINT('',(0.0407125144675926,0.0195,-0.0725165364583332));
#7946=CARTESIAN_POINT('',(0.0411754340277778,0.019,-0.0725165364583332));
#7947=CARTESIAN_POINT('',(0.0411754340277778,0.0195,-0.0725165364583332));
#7948=CARTESIAN_POINT('',(0.0399642578125,0.019,-0.0722129448784721));
#7949=CARTESIAN_POINT('',(0.0399642578125,0.019,-0.0722129448784721));
#7950=CARTESIAN_POINT('',(0.0399642578125,0.019,-0.0722129448784721));
#7951=CARTESIAN_POINT('',(0.0404810546875,0.019,-0.0725165364583332));
#7952=CARTESIAN_POINT('',(0.0411754340277778,0.019,-0.0725165364583332));
#7953=CARTESIAN_POINT('',(0.0391715169270834,0.019,-0.0713393880208332));
#7954=CARTESIAN_POINT('',(0.0391715169270834,0.0195,-0.0713393880208332));
#7955=CARTESIAN_POINT('',(0.0393554796006945,0.019,-0.0717193648726851));
#7956=CARTESIAN_POINT('',(0.0393554796006945,0.0195,-0.0717193648726851));
#7957=CARTESIAN_POINT('',(0.0396197265625,0.019,-0.072010550491898));
#7958=CARTESIAN_POINT('',(0.0396197265625,0.0195,-0.072010550491898));
#7959=CARTESIAN_POINT('',(0.0399642578125,0.019,-0.0722129448784721));
#7960=CARTESIAN_POINT('',(0.0399642578125,0.0195,-0.0722129448784721));
#7961=CARTESIAN_POINT('',(0.0391715169270834,0.019,-0.0713393880208332));
#7962=CARTESIAN_POINT('',(0.0391715169270834,0.019,-0.0713393880208332));
#7963=CARTESIAN_POINT('',(0.0391715169270834,0.019,-0.0713393880208332));
#7964=CARTESIAN_POINT('',(0.0394474609375,0.019,-0.071909353298611));
#7965=CARTESIAN_POINT('',(0.0399642578125,0.019,-0.0722129448784721));
#7966=CARTESIAN_POINT('',(0.0388955729166666,0.019,-0.0700112413194443));
#7967=CARTESIAN_POINT('',(0.0388955729166666,0.0195,-0.0700112413194443));
#7968=CARTESIAN_POINT('',(0.0388955729166666,0.019,-0.0705166956018517));
#7969=CARTESIAN_POINT('',(0.0388955729166666,0.0195,-0.0705166956018517));
#7970=CARTESIAN_POINT('',(0.0389875542534722,0.019,-0.0709594111689813));
#7971=CARTESIAN_POINT('',(0.0389875542534722,0.0195,-0.0709594111689813));
#7972=CARTESIAN_POINT('',(0.0391715169270834,0.019,-0.0713393880208332));
#7973=CARTESIAN_POINT('',(0.0391715169270834,0.0195,-0.0713393880208332));
#7974=CARTESIAN_POINT('',(0.0388955729166666,0.019,-0.0700112413194443));
#7975=CARTESIAN_POINT('',(0.0388955729166666,0.019,-0.0700112413194443));
#7976=CARTESIAN_POINT('',(0.0388955729166666,0.019,-0.0700112413194443));
#7977=CARTESIAN_POINT('',(0.0388955729166666,0.019,-0.0707694227430554));
#7978=CARTESIAN_POINT('',(0.0391715169270834,0.019,-0.0713393880208332));
#7979=CARTESIAN_POINT('',(0.03945703125,0.019,-0.0681652343749998));
#7980=CARTESIAN_POINT('',(0.03945703125,0.0195,-0.0681652343749998));
#7981=CARTESIAN_POINT('',(0.0390827256944444,0.019,-0.0685941261574073));
#7982=CARTESIAN_POINT('',(0.0390827256944444,0.0195,-0.0685941261574073));
#7983=CARTESIAN_POINT('',(0.0388955729166666,0.019,-0.0692094618055554));
#7984=CARTESIAN_POINT('',(0.0388955729166666,0.0195,-0.0692094618055554));
#7985=CARTESIAN_POINT('',(0.0388955729166666,0.019,-0.0700112413194443));
#7986=CARTESIAN_POINT('',(0.0388955729166666,0.0195,-0.0700112413194443));
#7987=CARTESIAN_POINT('',(0.03945703125,0.019,-0.0681652343749998));
#7988=CARTESIAN_POINT('',(0.03945703125,0.019,-0.0681652343749998));
#7989=CARTESIAN_POINT('',(0.03945703125,0.019,-0.0681652343749998));
#7990=CARTESIAN_POINT('',(0.0388955729166666,0.019,-0.068808572048611));
#7991=CARTESIAN_POINT('',(0.0388955729166666,0.019,-0.0700112413194443));
#7992=CARTESIAN_POINT('',(0.0410786675347223,0.019,-0.0675218967013887));
#7993=CARTESIAN_POINT('',(0.0410786675347223,0.0195,-0.0675218967013887));
#7994=CARTESIAN_POINT('',(0.0403718822337963,0.019,-0.0675218967013887));
#7995=CARTESIAN_POINT('',(0.0403718822337963,0.0195,-0.0675218967013887));
#7996=CARTESIAN_POINT('',(0.0398313368055556,0.019,-0.0677363425925924));
#7997=CARTESIAN_POINT('',(0.0398313368055556,0.0195,-0.0677363425925924));
#7998=CARTESIAN_POINT('',(0.03945703125,0.019,-0.0681652343749998));
#7999=CARTESIAN_POINT('',(0.03945703125,0.0195,-0.0681652343749998));
#8000=CARTESIAN_POINT('',(0.0410786675347223,0.019,-0.0675218967013887));
#8001=CARTESIAN_POINT('',(0.0410786675347223,0.019,-0.0675218967013887));
#8002=CARTESIAN_POINT('',(0.0410786675347223,0.019,-0.0675218967013887));
#8003=CARTESIAN_POINT('',(0.0400184895833333,0.019,-0.0675218967013887));
#8004=CARTESIAN_POINT('',(0.03945703125,0.019,-0.0681652343749998));
#8005=CARTESIAN_POINT('',(0.0424142578125001,0.019,-0.0677717881944443));
#8006=CARTESIAN_POINT('',(0.0424142578125001,0.0195,-0.0677717881944443));
#8007=CARTESIAN_POINT('',(0.0420158492476852,0.019,-0.0676051938657406));
#8008=CARTESIAN_POINT('',(0.0420158492476852,0.0195,-0.0676051938657406));
#8009=CARTESIAN_POINT('',(0.0415706524884259,0.019,-0.0675218967013887));
#8010=CARTESIAN_POINT('',(0.0415706524884259,0.0195,-0.0675218967013887));
#8011=CARTESIAN_POINT('',(0.0410786675347223,0.019,-0.0675218967013887));
#8012=CARTESIAN_POINT('',(0.0410786675347223,0.0195,-0.0675218967013887));
#8013=CARTESIAN_POINT('',(0.0424142578125001,0.019,-0.0677717881944443));
#8014=CARTESIAN_POINT('',(0.0424142578125001,0.019,-0.0677717881944443));
#8015=CARTESIAN_POINT('',(0.0424142578125001,0.019,-0.0677717881944443));
#8016=CARTESIAN_POINT('',(0.0418166449652778,0.019,-0.0675218967013887));
#8017=CARTESIAN_POINT('',(0.0410786675347223,0.019,-0.0675218967013887));
#8018=CARTESIAN_POINT('',(0.0424142578125001,0.019,-0.0682035156249998));
#8019=CARTESIAN_POINT('',(0.0424142578125001,0.019,-0.0686352430555554));
#8020=CARTESIAN_POINT('',(0.0424142578125001,0.019,-0.0686352430555554));
#8021=CARTESIAN_POINT('',(0.0424142578125001,0.019,-0.0682035156249998));
#8022=CARTESIAN_POINT('',(0.0411754340277778,0.019,-0.0683800347222221));
#8023=CARTESIAN_POINT('',(0.0411754340277778,0.0195,-0.0683800347222221));
#8024=CARTESIAN_POINT('',(0.0415164207175926,0.019,-0.0683800347222221));
#8025=CARTESIAN_POINT('',(0.0415164207175926,0.0195,-0.0683800347222221));
#8026=CARTESIAN_POINT('',(0.0419293619791667,0.019,-0.0684651041666665));
#8027=CARTESIAN_POINT('',(0.0419293619791667,0.0195,-0.0684651041666665));
#8028=CARTESIAN_POINT('',(0.0424142578125001,0.019,-0.0686352430555554));
#8029=CARTESIAN_POINT('',(0.0424142578125001,0.0195,-0.0686352430555554));
#8030=CARTESIAN_POINT('',(0.0411754340277778,0.019,-0.0683800347222221));
#8031=CARTESIAN_POINT('',(0.0411754340277778,0.019,-0.0683800347222221));
#8032=CARTESIAN_POINT('',(0.0411754340277778,0.019,-0.0683800347222221));
#8033=CARTESIAN_POINT('',(0.0416869140625,0.019,-0.0683800347222221));
#8034=CARTESIAN_POINT('',(0.0424142578125001,0.019,-0.0686352430555554));
#8035=CARTESIAN_POINT('',(0.0399557508680555,0.019,-0.070004861111111));
#8036=CARTESIAN_POINT('',(0.0399557508680555,0.0195,-0.070004861111111));
#8037=CARTESIAN_POINT('',(0.0399557508680555,0.019,-0.0689216435185184));
#8038=CARTESIAN_POINT('',(0.0399557508680555,0.0195,-0.0689216435185184));
#8039=CARTESIAN_POINT('',(0.0403623119212963,0.019,-0.0683800347222221));
#8040=CARTESIAN_POINT('',(0.0403623119212963,0.0195,-0.0683800347222221));
#8041=CARTESIAN_POINT('',(0.0411754340277778,0.019,-0.0683800347222221));
#8042=CARTESIAN_POINT('',(0.0411754340277778,0.0195,-0.0683800347222221));
#8043=CARTESIAN_POINT('',(0.0399557508680555,0.019,-0.070004861111111));
#8044=CARTESIAN_POINT('',(0.0399557508680555,0.019,-0.070004861111111));
#8045=CARTESIAN_POINT('',(0.0399557508680555,0.019,-0.070004861111111));
#8046=CARTESIAN_POINT('',(0.0399557508680555,0.019,-0.0683800347222221));
#8047=CARTESIAN_POINT('',(0.0411754340277778,0.019,-0.0683800347222221));
#8048=CARTESIAN_POINT('',(0.0402747612847223,0.019,-0.0712224175347221));
#8049=CARTESIAN_POINT('',(0.0402747612847223,0.0195,-0.0712224175347221));
#8050=CARTESIAN_POINT('',(0.0400620876736111,0.019,-0.0709310546874998));
#8051=CARTESIAN_POINT('',(0.0400620876736111,0.0195,-0.0709310546874998));
#8052=CARTESIAN_POINT('',(0.0399557508680555,0.019,-0.0705252025462961));
#8053=CARTESIAN_POINT('',(0.0399557508680555,0.0195,-0.0705252025462961));
#8054=CARTESIAN_POINT('',(0.0399557508680555,0.019,-0.070004861111111));
#8055=CARTESIAN_POINT('',(0.0399557508680555,0.0195,-0.070004861111111));
#8056=CARTESIAN_POINT('',(0.0402747612847223,0.019,-0.0712224175347221));
#8057=CARTESIAN_POINT('',(0.0399557508680555,0.019,-0.0707853732638887));
#8058=CARTESIAN_POINT('',(0.0399557508680555,0.019,-0.070004861111111));
#8059=CARTESIAN_POINT('',(0.0462620146721602,0.019,-0.055));
#8060=CARTESIAN_POINT('',(0.0531986827056177,0.019,-0.0942976470655864));
#8061=CARTESIAN_POINT('',(0.0539034443167338,0.019,-0.0943024157082061));
#8062=CARTESIAN_POINT('',(0.0539034443167338,0.019,-0.0943024157082061));
#8063=CARTESIAN_POINT('',(0.0531986827056177,0.019,-0.0942976470655864));
#8064=CARTESIAN_POINT('',(0.0524939210945016,0.019,-0.0942928784229668));
#8065=CARTESIAN_POINT('',(0.0524939210945016,0.019,-0.0942928784229668));
#8066=CARTESIAN_POINT('',(0.0538808895257096,0.019,-0.0976358068067458));
#8067=CARTESIAN_POINT('',(0.0538583347346855,0.019,-0.100969197905286));
#8068=CARTESIAN_POINT('',(0.0538583347346855,0.019,-0.100969197905286));
#8069=CARTESIAN_POINT('',(0.0538808895257096,0.019,-0.0976358068067458));
#8070=CARTESIAN_POINT('',(0.0532790586278261,0.019,-0.100965278337749));
#8071=CARTESIAN_POINT('',(0.0526997825209667,0.019,-0.100961358770213));
#8072=CARTESIAN_POINT('',(0.0526997825209667,0.019,-0.100961358770213));
#8073=CARTESIAN_POINT('',(0.0532790586278261,0.019,-0.100965278337749));
#8074=CARTESIAN_POINT('',(0.0516316456240593,0.019,-0.100099039877703));
#8075=CARTESIAN_POINT('',(0.0505635087271518,0.019,-0.0992367209851939));
#8076=CARTESIAN_POINT('',(0.0505635087271518,0.019,-0.0992367209851939));
#8077=CARTESIAN_POINT('',(0.0516316456240593,0.019,-0.100099039877703));
#8078=CARTESIAN_POINT('',(0.0509063549923093,0.019,-0.0988151430259831));
#8079=CARTESIAN_POINT('',(0.0512492012574668,0.019,-0.0983935650667723));
#8080=CARTESIAN_POINT('',(0.0512492012574668,0.019,-0.0983935650667723));
#8081=CARTESIAN_POINT('',(0.0509063549923093,0.019,-0.0988151430259831));
#8082=CARTESIAN_POINT('',(0.0516301406763596,0.019,-0.0987040339459299));
#8083=CARTESIAN_POINT('',(0.0520110800952523,0.019,-0.0990145028250876));
#8084=CARTESIAN_POINT('',(0.0520110800952523,0.019,-0.0990145028250876));
#8085=CARTESIAN_POINT('',(0.0516301406763596,0.019,-0.0987040339459299));
#8086=CARTESIAN_POINT('',(0.0524953207902577,0.019,-0.0994774275334449));
#8087=CARTESIAN_POINT('',(0.0524953207902577,0.0195,-0.0994774275334449));
#8088=CARTESIAN_POINT('',(0.0522634390615632,0.019,-0.0992423864556028));
#8089=CARTESIAN_POINT('',(0.0522634390615632,0.0195,-0.0992423864556028));
#8090=CARTESIAN_POINT('',(0.0521020254965614,0.019,-0.0990880782194837));
#8091=CARTESIAN_POINT('',(0.0521020254965614,0.0195,-0.0990880782194837));
#8092=CARTESIAN_POINT('',(0.0520110800952523,0.019,-0.0990145028250876));
#8093=CARTESIAN_POINT('',(0.0520110800952523,0.0195,-0.0990145028250876));
#8094=CARTESIAN_POINT('',(0.0524953207902577,0.019,-0.0994774275334449));
#8095=CARTESIAN_POINT('',(0.0524953207902577,0.019,-0.0994774275334449));
#8096=CARTESIAN_POINT('',(0.0524953207902577,0.019,-0.0994774275334449));
#8097=CARTESIAN_POINT('',(0.052147498197216,0.019,-0.0991248659166817));
#8098=CARTESIAN_POINT('',(0.0520110800952523,0.019,-0.0990145028250876));
#8099=CARTESIAN_POINT('',(0.052486722116425,0.019,-0.0991308092157229));
#8100=CARTESIAN_POINT('',(0.0524781234425923,0.019,-0.0987841908980009));
#8101=CARTESIAN_POINT('',(0.0524781234425923,0.019,-0.0987841908980009));
#8102=CARTESIAN_POINT('',(0.052486722116425,0.019,-0.0991308092157229));
#8103=CARTESIAN_POINT('',(0.0524729702073809,0.019,-0.0984675095049879));
#8104=CARTESIAN_POINT('',(0.0524678169721694,0.019,-0.0981508281119748));
#8105=CARTESIAN_POINT('',(0.0524678169721694,0.019,-0.0981508281119748));
#8106=CARTESIAN_POINT('',(0.0524729702073809,0.019,-0.0984675095049879));
#8107=CARTESIAN_POINT('',(0.0524808690333355,0.019,-0.0962218532674708));
#8108=CARTESIAN_POINT('',(0.0524808690333355,0.019,-0.0962218532674708));
#8109=CARTESIAN_POINT('',(0.0964861329871804,0.019,-0.055));
#8110=CARTESIAN_POINT('',(0.062932564088134,0.019,-0.0943635096223482));
#8111=CARTESIAN_POINT('',(0.0652628007195054,0.019,-0.094379276749188));
#8112=CARTESIAN_POINT('',(0.0652628007195054,0.019,-0.094379276749188));
#8113=CARTESIAN_POINT('',(0.062932564088134,0.019,-0.0943635096223482));
#8114=CARTESIAN_POINT('',(0.0606023274567626,0.019,-0.0943477424955084));
#8115=CARTESIAN_POINT('',(0.0606023274567626,0.019,-0.0943477424955084));
#8116=CARTESIAN_POINT('',(0.0652587873587913,0.019,-0.0949724146268664));
#8117=CARTESIAN_POINT('',(0.0652547739980772,0.019,-0.0955655525045449));
#8118=CARTESIAN_POINT('',(0.0652547739980772,0.019,-0.0955655525045449));
#8119=CARTESIAN_POINT('',(0.0652587873587913,0.019,-0.0949724146268664));
#8120=CARTESIAN_POINT('',(0.0638022063296175,0.019,-0.095555723966806));
#8121=CARTESIAN_POINT('',(0.0623496386611577,0.019,-0.0955458954290671));
#8122=CARTESIAN_POINT('',(0.0623496386611577,0.019,-0.0955458954290671));
#8123=CARTESIAN_POINT('',(0.0638022063296175,0.019,-0.095555723966806));
#8124=CARTESIAN_POINT('',(0.0623494263923869,0.019,-0.0955772668051312));
#8125=CARTESIAN_POINT('',(0.062349214123616,0.019,-0.0956086381811954));
#8126=CARTESIAN_POINT('',(0.062349214123616,0.019,-0.0956086381811954));
#8127=CARTESIAN_POINT('',(0.0623494263923869,0.019,-0.0955772668051312));
#8128=CARTESIAN_POINT('',(0.0627754695769986,0.019,-0.0960149913207477));
#8129=CARTESIAN_POINT('',(0.0632017250303812,0.019,-0.0964213444603001));
#8130=CARTESIAN_POINT('',(0.0632017250303812,0.019,-0.0964213444603001));
#8131=CARTESIAN_POINT('',(0.0627754695769986,0.019,-0.0960149913207477));
#8132=CARTESIAN_POINT('',(0.0643900349697285,0.019,-0.0976383326212893));
#8133=CARTESIAN_POINT('',(0.0643900349697285,0.0195,-0.0976383326212893));
#8134=CARTESIAN_POINT('',(0.064165294921821,0.019,-0.097354213447018));
#8135=CARTESIAN_POINT('',(0.064165294921821,0.0195,-0.097354213447018));
#8136=CARTESIAN_POINT('',(0.0637691916087052,0.019,-0.0969485507266882));
#8137=CARTESIAN_POINT('',(0.0637691916087052,0.0195,-0.0969485507266882));
#8138=CARTESIAN_POINT('',(0.0632017250303812,0.019,-0.0964213444603001));
#8139=CARTESIAN_POINT('',(0.0632017250303812,0.0195,-0.0964213444603001));
#8140=CARTESIAN_POINT('',(0.0643900349697285,0.019,-0.0976383326212893));
#8141=CARTESIAN_POINT('',(0.0643900349697285,0.019,-0.0976383326212893));
#8142=CARTESIAN_POINT('',(0.0643900349697285,0.019,-0.0976383326212893));
#8143=CARTESIAN_POINT('',(0.0640529248978672,0.019,-0.0972121538598823));
#8144=CARTESIAN_POINT('',(0.0632017250303812,0.019,-0.0964213444603001));
#8145=CARTESIAN_POINT('',(0.0648863790149844,0.019,-0.098469057769455));
#8146=CARTESIAN_POINT('',(0.0648863790149844,0.0195,-0.098469057769455));
#8147=CARTESIAN_POINT('',(0.0647802230327214,0.019,-0.0981993601782826));
#8148=CARTESIAN_POINT('',(0.0647802230327214,0.0195,-0.0981993601782826));
#8149=CARTESIAN_POINT('',(0.0646147750176361,0.019,-0.0979224517955607));
#8150=CARTESIAN_POINT('',(0.0646147750176361,0.0195,-0.0979224517955607));
#8151=CARTESIAN_POINT('',(0.0643900349697285,0.019,-0.0976383326212893));
#8152=CARTESIAN_POINT('',(0.0643900349697285,0.0195,-0.0976383326212893));
#8153=CARTESIAN_POINT('',(0.0648863790149844,0.019,-0.098469057769455));
#8154=CARTESIAN_POINT('',(0.0648863790149844,0.019,-0.098469057769455));
#8155=CARTESIAN_POINT('',(0.0648863790149844,0.019,-0.098469057769455));
#8156=CARTESIAN_POINT('',(0.0647271450415899,0.019,-0.0980645113826964));
#8157=CARTESIAN_POINT('',(0.0643900349697285,0.019,-0.0976383326212893));
#8158=CARTESIAN_POINT('',(0.0627438755770386,0.019,-0.099300034169264));
#8159=CARTESIAN_POINT('',(0.0650424931310956,0.019,-0.0993346904276683));
#8160=CARTESIAN_POINT('',(0.0650424931310956,0.019,-0.0993346904276683));
#8161=CARTESIAN_POINT('',(0.0627438755770386,0.019,-0.099300034169264));
#8162=CARTESIAN_POINT('',(0.0647713070980866,0.019,-0.100271851065593));
#8163=CARTESIAN_POINT('',(0.0647713070980866,0.0195,-0.100271851065593));
#8164=CARTESIAN_POINT('',(0.0649497151109438,0.019,-0.0999992149235729));
#8165=CARTESIAN_POINT('',(0.0649497151109438,0.0195,-0.0999992149235729));
#8166=CARTESIAN_POINT('',(0.0650401104552801,0.019,-0.0996868280442646));
#8167=CARTESIAN_POINT('',(0.0650401104552801,0.0195,-0.0996868280442646));
#8168=CARTESIAN_POINT('',(0.0650424931310956,0.019,-0.0993346904276683));
#8169=CARTESIAN_POINT('',(0.0650424931310956,0.0195,-0.0993346904276683));
#8170=CARTESIAN_POINT('',(0.0647713070980866,0.019,-0.100271851065593));
#8171=CARTESIAN_POINT('',(0.0647713070980866,0.019,-0.100271851065593));
#8172=CARTESIAN_POINT('',(0.0647713070980866,0.019,-0.100271851065593));
#8173=CARTESIAN_POINT('',(0.0650389191173724,0.019,-0.0998628968525628));
#8174=CARTESIAN_POINT('',(0.0650424931310956,0.019,-0.0993346904276683));
#8175=CARTESIAN_POINT('',(0.0640235590193915,0.019,-0.100905191813934));
#8176=CARTESIAN_POINT('',(0.0640235590193915,0.0195,-0.100905191813934));
#8177=CARTESIAN_POINT('',(0.0643436497256644,0.019,-0.100755600790394));
#8178=CARTESIAN_POINT('',(0.0643436497256644,0.0195,-0.100755600790394));
#8179=CARTESIAN_POINT('',(0.0645928990852295,0.019,-0.100544487207613));
#8180=CARTESIAN_POINT('',(0.0645928990852295,0.0195,-0.100544487207613));
#8181=CARTESIAN_POINT('',(0.0647713070980866,0.019,-0.100271851065593));
#8182=CARTESIAN_POINT('',(0.0647713070980866,0.0195,-0.100271851065593));
#8183=CARTESIAN_POINT('',(0.0640235590193915,0.019,-0.100905191813934));
#8184=CARTESIAN_POINT('',(0.0640235590193915,0.019,-0.100905191813934));
#8185=CARTESIAN_POINT('',(0.0640235590193915,0.019,-0.100905191813934));
#8186=CARTESIAN_POINT('',(0.0645036950788009,0.019,-0.100680805278624));
#8187=CARTESIAN_POINT('',(0.0647713070980866,0.019,-0.100271851065593));
#8188=CARTESIAN_POINT('',(0.0629189137062395,0.019,-0.101125352719759));
#8189=CARTESIAN_POINT('',(0.0629189137062395,0.0195,-0.101125352719759));
#8190=CARTESIAN_POINT('',(0.0633352532087346,0.019,-0.101128169806083));
#8191=CARTESIAN_POINT('',(0.0633352532087346,0.0195,-0.101128169806083));
#8192=CARTESIAN_POINT('',(0.0637034683131186,0.019,-0.101054782837474));
#8193=CARTESIAN_POINT('',(0.0637034683131186,0.0195,-0.101054782837474));
#8194=CARTESIAN_POINT('',(0.0640235590193915,0.019,-0.100905191813934));
#8195=CARTESIAN_POINT('',(0.0640235590193915,0.0195,-0.100905191813934));
#8196=CARTESIAN_POINT('',(0.0629189137062395,0.019,-0.101125352719759));
#8197=CARTESIAN_POINT('',(0.0629189137062395,0.019,-0.101125352719759));
#8198=CARTESIAN_POINT('',(0.0629189137062395,0.019,-0.101125352719759));
#8199=CARTESIAN_POINT('',(0.0635434229599821,0.019,-0.101129578349244));
#8200=CARTESIAN_POINT('',(0.0640235590193915,0.019,-0.100905191813934));
#8201=CARTESIAN_POINT('',(0.062899265471147,0.019,-0.0974869830086482));
#8202=CARTESIAN_POINT('',(0.0620623044859433,0.019,-0.101026167790876));
#8203=CARTESIAN_POINT('',(0.0620622454111296,0.019,-0.101026422907409));
#8204=CARTESIAN_POINT('',(0.062899265471147,0.019,-0.0974869830086482));
#8205=CARTESIAN_POINT('',(0.0627782708998692,0.019,-0.0981045915291597));
#8206=CARTESIAN_POINT('',(0.0613571559904823,0.019,-0.100755092425705));
#8207=CARTESIAN_POINT('',(0.0613571559904823,0.019,-0.100755092425705));
#8208=CARTESIAN_POINT('',(0.0627782708998692,0.019,-0.0981045915291597));
#8209=CARTESIAN_POINT('',(0.0605455135735279,0.019,-0.100156435559984));
#8210=CARTESIAN_POINT('',(0.0605455135735279,0.0195,-0.100156435559984));
#8211=CARTESIAN_POINT('',(0.0608714366844618,0.019,-0.100438807370287));
#8212=CARTESIAN_POINT('',(0.0608714366844618,0.0195,-0.100438807370287));
#8213=CARTESIAN_POINT('',(0.06114198415678,0.019,-0.10063835965886));
#8214=CARTESIAN_POINT('',(0.06114198415678,0.0195,-0.10063835965886));
#8215=CARTESIAN_POINT('',(0.0613571559904823,0.019,-0.100755092425705));
#8216=CARTESIAN_POINT('',(0.0613571559904823,0.0195,-0.100755092425705));
#8217=CARTESIAN_POINT('',(0.0605455135735279,0.019,-0.100156435559984));
#8218=CARTESIAN_POINT('',(0.0605455135735279,0.019,-0.100156435559984));
#8219=CARTESIAN_POINT('',(0.0605455135735279,0.019,-0.100156435559984));
#8220=CARTESIAN_POINT('',(0.0610343982399288,0.019,-0.100579993275438));
#8221=CARTESIAN_POINT('',(0.0613571559904823,0.019,-0.100755092425705));
#8222=CARTESIAN_POINT('',(0.0609316066807178,0.019,-0.0997052366109788));
#8223=CARTESIAN_POINT('',(0.0613176997879076,0.019,-0.0992540376619738));
#8224=CARTESIAN_POINT('',(0.0613176997879076,0.019,-0.0992540376619738));
#8225=CARTESIAN_POINT('',(0.0609316066807178,0.019,-0.0997052366109788));
#8226=CARTESIAN_POINT('',(0.0620759416968384,0.019,-0.0997655107686089));
#8227=CARTESIAN_POINT('',(0.0620759416968384,0.0195,-0.0997655107686089));
#8228=CARTESIAN_POINT('',(0.0618335557363423,0.019,-0.0996451890609332));
#8229=CARTESIAN_POINT('',(0.0618335557363423,0.0195,-0.0996451890609332));
#8230=CARTESIAN_POINT('',(0.0615808084333653,0.019,-0.0994746980253881));
#8231=CARTESIAN_POINT('',(0.0615808084333653,0.0195,-0.0994746980253881));
#8232=CARTESIAN_POINT('',(0.0613176997879076,0.019,-0.0992540376619738));
#8233=CARTESIAN_POINT('',(0.0613176997879076,0.0195,-0.0992540376619738));
#8234=CARTESIAN_POINT('',(0.0620759416968384,0.019,-0.0997655107686089));
#8235=CARTESIAN_POINT('',(0.0620759416968384,0.019,-0.0997655107686089));
#8236=CARTESIAN_POINT('',(0.0620759416968384,0.019,-0.0997655107686089));
#8237=CARTESIAN_POINT('',(0.0617123627560942,0.019,-0.0995850282070953));
#8238=CARTESIAN_POINT('',(0.0613176997879076,0.019,-0.0992540376619738));
#8239=CARTESIAN_POINT('',(0.0628437342580495,0.019,-0.0982551576414749));
#8240=CARTESIAN_POINT('',(0.0628261910867456,0.019,-0.0999486096661354));
#8241=CARTESIAN_POINT('',(0.0628261910867456,0.019,-0.0999486096661354));
#8242=CARTESIAN_POINT('',(0.0628437342580495,0.019,-0.0982551576414749));
#8243=CARTESIAN_POINT('',(0.063418468177707,0.019,-0.099756354725278));
#8244=CARTESIAN_POINT('',(0.063418468177707,0.0195,-0.099756354725278));
#8245=CARTESIAN_POINT('',(0.0632697240130113,0.019,-0.0998861899261295));
#8246=CARTESIAN_POINT('',(0.0632697240130113,0.0195,-0.0998861899261295));
#8247=CARTESIAN_POINT('',(0.0630722983160242,0.019,-0.0999502749064153));
#8248=CARTESIAN_POINT('',(0.0630722983160242,0.0195,-0.0999502749064153));
#8249=CARTESIAN_POINT('',(0.0628261910867456,0.019,-0.0999486096661354));
#8250=CARTESIAN_POINT('',(0.0628261910867456,0.0195,-0.0999486096661354));
#8251=CARTESIAN_POINT('',(0.063418468177707,0.019,-0.099756354725278));
#8252=CARTESIAN_POINT('',(0.063418468177707,0.019,-0.099756354725278));
#8253=CARTESIAN_POINT('',(0.063418468177707,0.019,-0.099756354725278));
#8254=CARTESIAN_POINT('',(0.0631953519306635,0.019,-0.0999511075265552));
#8255=CARTESIAN_POINT('',(0.0628261910867456,0.019,-0.0999486096661354));
#8256=CARTESIAN_POINT('',(0.0636442994904242,0.019,-0.0991603401371334));
#8257=CARTESIAN_POINT('',(0.0636442994904242,0.0195,-0.0991603401371334));
#8258=CARTESIAN_POINT('',(0.0636424894466417,0.019,-0.0994278479950449));
#8259=CARTESIAN_POINT('',(0.0636424894466417,0.0195,-0.0994278479950449));
#8260=CARTESIAN_POINT('',(0.0635672123424026,0.019,-0.0996265195244265));
#8261=CARTESIAN_POINT('',(0.0635672123424026,0.0195,-0.0996265195244265));
#8262=CARTESIAN_POINT('',(0.063418468177707,0.019,-0.099756354725278));
#8263=CARTESIAN_POINT('',(0.063418468177707,0.0195,-0.099756354725278));
#8264=CARTESIAN_POINT('',(0.0636442994904242,0.019,-0.0991603401371334));
#8265=CARTESIAN_POINT('',(0.0636442962727545,0.019,-0.0991603401120047));
#8266=CARTESIAN_POINT('',(0.0636442994904242,0.019,-0.0991603401371334));
#8267=CARTESIAN_POINT('',(0.0636415844247504,0.019,-0.0995616019240007));
#8268=CARTESIAN_POINT('',(0.063418468177707,0.019,-0.099756354725278));
#8269=CARTESIAN_POINT('',(0.0622622498869456,0.019,-0.0991495468897082));
#8270=CARTESIAN_POINT('',(0.0635471340361915,0.019,-0.0986402072802015));
#8271=CARTESIAN_POINT('',(0.0635471340361915,0.019,-0.0986402072802015));
#8272=CARTESIAN_POINT('',(0.0622622498869456,0.019,-0.0991495468897082));
#8273=CARTESIAN_POINT('',(0.0632225164906787,0.019,-0.0980929993995777));
#8274=CARTESIAN_POINT('',(0.0632225164906787,0.0195,-0.0980929993995777));
#8275=CARTESIAN_POINT('',(0.0633729401343588,0.019,-0.0982900364912114));
#8276=CARTESIAN_POINT('',(0.0633729401343588,0.0195,-0.0982900364912114));
#8277=CARTESIAN_POINT('',(0.0634811459828631,0.019,-0.098472439118086));
#8278=CARTESIAN_POINT('',(0.0634811459828631,0.0195,-0.098472439118086));
#8279=CARTESIAN_POINT('',(0.0635471340361915,0.019,-0.0986402072802015));
#8280=CARTESIAN_POINT('',(0.0635471340361915,0.0195,-0.0986402072802015));
#8281=CARTESIAN_POINT('',(0.0632225164906787,0.019,-0.0980929993995777));
#8282=CARTESIAN_POINT('',(0.0632225164906787,0.019,-0.0980929993995777));
#8283=CARTESIAN_POINT('',(0.0632225164906787,0.019,-0.0980929993995777));
#8284=CARTESIAN_POINT('',(0.0634481519561989,0.019,-0.0983885550370282));
#8285=CARTESIAN_POINT('',(0.0635471340361915,0.019,-0.0986402072802015));
#8286=CARTESIAN_POINT('',(0.062257876490538,0.019,-0.0970307407212606));
#8287=CARTESIAN_POINT('',(0.062257876490538,0.0195,-0.0970307407212606));
#8288=CARTESIAN_POINT('',(0.062750546180285,0.019,-0.0975418760818384));
#8289=CARTESIAN_POINT('',(0.062750546180285,0.0195,-0.0975418760818384));
#8290=CARTESIAN_POINT('',(0.0630720928469986,0.019,-0.0978959623079441));
#8291=CARTESIAN_POINT('',(0.0630720928469986,0.0195,-0.0978959623079441));
#8292=CARTESIAN_POINT('',(0.0632225164906787,0.019,-0.0980929993995777));
#8293=CARTESIAN_POINT('',(0.0632225164906787,0.0195,-0.0980929993995777));
#8294=CARTESIAN_POINT('',(0.062257876490538,0.019,-0.0970307407212606));
#8295=CARTESIAN_POINT('',(0.062257876490538,0.019,-0.0970307407212606));
#8296=CARTESIAN_POINT('',(0.062257876490538,0.019,-0.0970307407212606));
#8297=CARTESIAN_POINT('',(0.0629968810251585,0.019,-0.0977974437621273));
#8298=CARTESIAN_POINT('',(0.0632225164906787,0.019,-0.0980929993995777));
#8299=CARTESIAN_POINT('',(0.0614267846570453,0.019,-0.0961795105552478));
#8300=CARTESIAN_POINT('',(0.0605956928235526,0.019,-0.0953282803892351));
#8301=CARTESIAN_POINT('',(0.0605956928235526,0.019,-0.0953282803892351));
#8302=CARTESIAN_POINT('',(0.0614267846570453,0.019,-0.0961795105552478));
#8303=CARTESIAN_POINT('',(0.0605990101401576,0.019,-0.0948380114423717));
#8304=CARTESIAN_POINT('',(0.0605990101401576,0.019,-0.0948380114423717));
#8305=CARTESIAN_POINT('',(0.0964861329871804,0.019,-0.055));
#8306=CARTESIAN_POINT('',(0.503139163574652,0.019,-0.231978631995818));
#8307=CARTESIAN_POINT('',(0.503139163574652,0.0195,-0.231978631995818));
#8308=CARTESIAN_POINT('',(0.0414870008680556,0.0195,-0.0881203993055556));
#8309=CARTESIAN_POINT('',(0.0409371919246442,0.0195,-0.0898983361369777));
#8310=CARTESIAN_POINT('',(0.0414871821038273,0.019,-0.0881203993055556));
#8311=CARTESIAN_POINT('',(0.0414870008680556,0.019,-0.0881203993055556));
#8312=CARTESIAN_POINT('',(0.503139163574652,0.019,-0.231978631995818));
#8313=CARTESIAN_POINT('',(0.0409371919137484,0.01900000025,-0.0898983361723661));
#8314=CARTESIAN_POINT('',(0.0409372395833333,0.019,-0.0898983506944445));
#8315=CARTESIAN_POINT('',(0.040854296875,0.019,-0.0881203993055556));
#8316=CARTESIAN_POINT('',(0.040854296875,0.0195,-0.0881203993055556));
#8317=CARTESIAN_POINT('',(0.0402215928819444,0.0195,-0.0881203993055556));
#8318=CARTESIAN_POINT('',(0.0402215928819444,0.019,-0.0881203993055556));
#8319=CARTESIAN_POINT('',(0.0402215928819444,0.019,-0.0881203993055556));
#8320=CARTESIAN_POINT('',(0.040854296875,0.019,-0.0881203993055556));
#8321=CARTESIAN_POINT('',(0.0408489800347223,0.019,-0.0902237413194445));
#8322=CARTESIAN_POINT('',(0.0408489800347223,0.0195,-0.0902237413194445));
#8323=CARTESIAN_POINT('',(0.0407759620949074,0.019,-0.0899401765046296));
#8324=CARTESIAN_POINT('',(0.0407759620949074,0.0195,-0.0899401765046296));
#8325=CARTESIAN_POINT('',(0.0405668330439815,0.019,-0.0892390625));
#8326=CARTESIAN_POINT('',(0.0405668330439815,0.0195,-0.0892390625));
#8327=CARTESIAN_POINT('',(0.0402215928819444,0.019,-0.0881203993055556));
#8328=CARTESIAN_POINT('',(0.0402215928819444,0.0195,-0.0881203993055556));
#8329=CARTESIAN_POINT('',(0.0408489800347223,0.0195,-0.0902237413194445));
#8330=CARTESIAN_POINT('',(0.040739453125,0.0195,-0.0897983940972222));
#8331=CARTESIAN_POINT('',(0.0402215928819444,0.0195,-0.0881203993055556));
#8332=CARTESIAN_POINT('',(0.0408489800347223,0.0195,-0.0902237413194445));
#8333=CARTESIAN_POINT('',(0.0408489800347223,0.019,-0.0902237413194445));
#8334=CARTESIAN_POINT('',(0.0408489800347223,0.019,-0.0902237413194445));
#8335=CARTESIAN_POINT('',(0.0408489800347223,0.019,-0.0902237413194445));
#8336=CARTESIAN_POINT('',(0.040739453125,0.019,-0.0897983940972222));
#8337=CARTESIAN_POINT('',(0.0402215928819444,0.019,-0.0881203993055556));
#8338=CARTESIAN_POINT('',(0.0419096896701389,0.019,-0.0866784722222222));
#8339=CARTESIAN_POINT('',(0.0420856770833333,0.019,-0.0861));
#8340=CARTESIAN_POINT('',(0.0420856770833333,0.019,-0.0861));
#8341=CARTESIAN_POINT('',(0.0419096896701389,0.019,-0.0866784722222222));
#8342=CARTESIAN_POINT('',(0.0417337022569444,0.019,-0.0872569444444444));
#8343=CARTESIAN_POINT('',(0.0417337022569444,0.019,-0.0872569444444444));
#8344=CARTESIAN_POINT('',(0.0426407552083333,0.019,-0.0861));
#8345=CARTESIAN_POINT('',(0.0431958333333333,0.019,-0.0861));
#8346=CARTESIAN_POINT('',(0.0431958333333333,0.019,-0.0861));
#8347=CARTESIAN_POINT('',(0.0426407552083333,0.019,-0.0861));
#8348=CARTESIAN_POINT('',(0.0423350368923612,0.019,-0.0885393663194445));
#8349=CARTESIAN_POINT('',(0.0414742404513889,0.019,-0.0909787326388889));
#8350=CARTESIAN_POINT('',(0.0414742404513889,0.019,-0.0909787326388889));
#8351=CARTESIAN_POINT('',(0.0423350368923612,0.019,-0.0885393663194445));
#8352=CARTESIAN_POINT('',(0.0408447265625,0.019,-0.0909787326388889));
#8353=CARTESIAN_POINT('',(0.0402152126736112,0.019,-0.0909787326388889));
#8354=CARTESIAN_POINT('',(0.0402152126736112,0.019,-0.0909787326388889));
#8355=CARTESIAN_POINT('',(0.0408447265625,0.019,-0.0909787326388889));
#8356=CARTESIAN_POINT('',(0.0393576063368056,0.019,-0.0885393663194445));
#8357=CARTESIAN_POINT('',(0.0385,0.019,-0.0861));
#8358=CARTESIAN_POINT('',(0.0385,0.019,-0.0861));
#8359=CARTESIAN_POINT('',(0.0393576063368056,0.019,-0.0885393663194445));
#8360=CARTESIAN_POINT('',(0.039055078125,0.019,-0.0861));
#8361=CARTESIAN_POINT('',(0.03961015625,0.019,-0.0861));
#8362=CARTESIAN_POINT('',(0.03961015625,0.019,-0.0861));
#8363=CARTESIAN_POINT('',(0.039055078125,0.019,-0.0861));
#8364=CARTESIAN_POINT('',(0.0397861436631944,0.019,-0.0866784722222222));
#8365=CARTESIAN_POINT('',(0.0399621310763889,0.019,-0.0872569444444444));
#8366=CARTESIAN_POINT('',(0.0399621310763889,0.019,-0.0872569444444444));
#8367=CARTESIAN_POINT('',(0.0397861436631944,0.019,-0.0866784722222222));
#8368=CARTESIAN_POINT('',(0.0408479166666667,0.019,-0.0872569444444444));
#8369=CARTESIAN_POINT('',(0.0408479166666667,0.019,-0.0872569444444444));
#8370=CARTESIAN_POINT('',(0.0459288062044633,0.019,-0.0914352115180127));
#8371=CARTESIAN_POINT('',(0.0459288062044633,0.0195,-0.0914352115180127));
#8372=CARTESIAN_POINT('',(0.0459288062044633,0.019,-0.0914352115180127));
#8373=CARTESIAN_POINT('',(0.0462620146721602,0.019,-0.055));
#8374=CARTESIAN_POINT('',(0.0420718532986111,0.019,-0.0607822699652775));
#8375=CARTESIAN_POINT('',(0.0420718532986111,0.0195,-0.0607822699652775));
#8376=CARTESIAN_POINT('',(0.0420718532986111,0.019,-0.061825788483796));
#8377=CARTESIAN_POINT('',(0.0420718532986111,0.0195,-0.061825788483796));
#8378=CARTESIAN_POINT('',(0.0416110604745371,0.019,-0.0623475477430553));
#8379=CARTESIAN_POINT('',(0.0416110604745371,0.0195,-0.0623475477430553));
#8380=CARTESIAN_POINT('',(0.0406894748263889,0.019,-0.0623475477430553));
#8381=CARTESIAN_POINT('',(0.0406894748263889,0.0195,-0.0623475477430553));
#8382=CARTESIAN_POINT('',(0.0420718532986111,0.0195,-0.0607822699652775));
#8383=CARTESIAN_POINT('',(0.0420718532986111,0.0195,-0.0623475477430553));
#8384=CARTESIAN_POINT('',(0.0406894748263889,0.0195,-0.0623475477430553));
#8385=CARTESIAN_POINT('',(0.0420718532986111,0.0195,-0.0607822699652775));
#8386=CARTESIAN_POINT('',(0.0406894748263889,0.0195,-0.0623475477430553));
#8387=CARTESIAN_POINT('',(0.0420718532986111,0.019,-0.0607822699652775));
#8388=CARTESIAN_POINT('',(0.0420718532986111,0.019,-0.0607822699652775));
#8389=CARTESIAN_POINT('',(0.0420718532986111,0.019,-0.0607822699652775));
#8390=CARTESIAN_POINT('',(0.0420718532986111,0.019,-0.0623475477430553));
#8391=CARTESIAN_POINT('',(0.0406894748263889,0.019,-0.0623475477430553));
#8392=CARTESIAN_POINT('',(0.0406894748263889,0.019,-0.0623475477430553));
#8393=CARTESIAN_POINT('',(0.0406894748263889,0.019,-0.0623475477430553));
#8394=CARTESIAN_POINT('',(0.0405831380208333,0.019,-0.0591840277777775));
#8395=CARTESIAN_POINT('',(0.0405831380208333,0.0195,-0.0591840277777775));
#8396=CARTESIAN_POINT('',(0.0415756148726852,0.019,-0.0591840277777775));
#8397=CARTESIAN_POINT('',(0.0415756148726852,0.0195,-0.0591840277777775));
#8398=CARTESIAN_POINT('',(0.0420718532986111,0.019,-0.0597167751736108));
#8399=CARTESIAN_POINT('',(0.0420718532986111,0.0195,-0.0597167751736108));
#8400=CARTESIAN_POINT('',(0.0420718532986111,0.019,-0.0607822699652775));
#8401=CARTESIAN_POINT('',(0.0420718532986111,0.0195,-0.0607822699652775));
#8402=CARTESIAN_POINT('',(0.0405831380208333,0.0195,-0.0591840277777775));
#8403=CARTESIAN_POINT('',(0.0420718532986111,0.0195,-0.0591840277777775));
#8404=CARTESIAN_POINT('',(0.0420718532986111,0.0195,-0.0607822699652775));
#8405=CARTESIAN_POINT('',(0.0405831380208333,0.0195,-0.0591840277777775));
#8406=CARTESIAN_POINT('',(0.0405831380208333,0.019,-0.0591840277777775));
#8407=CARTESIAN_POINT('',(0.0405831380208333,0.019,-0.0591840277777775));
#8408=CARTESIAN_POINT('',(0.0405831380208333,0.019,-0.0591840277777775));
#8409=CARTESIAN_POINT('',(0.0420718532986111,0.019,-0.0591840277777775));
#8410=CARTESIAN_POINT('',(0.0420718532986111,0.019,-0.0607822699652775));
#8411=CARTESIAN_POINT('',(0.0403624891493056,0.019,-0.0591840277777775));
#8412=CARTESIAN_POINT('',(0.0403624891493056,0.0195,-0.0591840277777775));
#8413=CARTESIAN_POINT('',(0.0401418402777778,0.0195,-0.0591840277777775));
#8414=CARTESIAN_POINT('',(0.0401418402777778,0.019,-0.0591840277777775));
#8415=CARTESIAN_POINT('',(0.0401418402777778,0.019,-0.0591840277777775));
#8416=CARTESIAN_POINT('',(0.0403624891493056,0.019,-0.0591840277777775));
#8417=CARTESIAN_POINT('',(0.0401418402777778,0.019,-0.0607657877604164));
#8418=CARTESIAN_POINT('',(0.0401418402777778,0.0195,-0.0607657877604164));
#8419=CARTESIAN_POINT('',(0.0401418402777778,0.0195,-0.0623475477430553));
#8420=CARTESIAN_POINT('',(0.0401418402777778,0.019,-0.0623475477430553));
#8421=CARTESIAN_POINT('',(0.0401418402777778,0.019,-0.0623475477430553));
#8422=CARTESIAN_POINT('',(0.0401418402777778,0.019,-0.0607657877604164));
#8423=CARTESIAN_POINT('',(0.0431426649305556,0.019,-0.0608088541666664));
#8424=CARTESIAN_POINT('',(0.0431426649305556,0.0195,-0.0608088541666664));
#8425=CARTESIAN_POINT('',(0.0431426649305556,0.019,-0.0600092013888887));
#8426=CARTESIAN_POINT('',(0.0431426649305556,0.0195,-0.0600092013888887));
#8427=CARTESIAN_POINT('',(0.0429149269386574,0.019,-0.0593967013888887));
#8428=CARTESIAN_POINT('',(0.0429149269386574,0.0195,-0.0593967013888887));
#8429=CARTESIAN_POINT('',(0.0424594509548612,0.019,-0.0589713541666664));
#8430=CARTESIAN_POINT('',(0.0424594509548612,0.0195,-0.0589713541666664));
#8431=CARTESIAN_POINT('',(0.0431426649305556,0.019,-0.0608088541666664));
#8432=CARTESIAN_POINT('',(0.0431426649305556,0.019,-0.0608088541666664));
#8433=CARTESIAN_POINT('',(0.0431426649305556,0.019,-0.0608088541666664));
#8434=CARTESIAN_POINT('',(0.0431426649305556,0.019,-0.0596093749999998));
#8435=CARTESIAN_POINT('',(0.0424594509548612,0.019,-0.0589713541666664));
#8436=CARTESIAN_POINT('',(0.0424594509548612,0.019,-0.0589713541666664));
#8437=CARTESIAN_POINT('',(0.0424594509548612,0.019,-0.0589713541666664));
#8438=CARTESIAN_POINT('',(0.0424844401041667,0.019,-0.0625639431423609));
#8439=CARTESIAN_POINT('',(0.0424844401041667,0.0195,-0.0625639431423609));
#8440=CARTESIAN_POINT('',(0.0429232566550926,0.019,-0.0621453305844905));
#8441=CARTESIAN_POINT('',(0.0429232566550926,0.0195,-0.0621453305844905));
#8442=CARTESIAN_POINT('',(0.0431426649305556,0.019,-0.0615603009259257));
#8443=CARTESIAN_POINT('',(0.0431426649305556,0.0195,-0.0615603009259257));
#8444=CARTESIAN_POINT('',(0.0431426649305556,0.019,-0.0608088541666664));
#8445=CARTESIAN_POINT('',(0.0431426649305556,0.0195,-0.0608088541666664));
#8446=CARTESIAN_POINT('',(0.0424844401041667,0.019,-0.0625639431423609));
#8447=CARTESIAN_POINT('',(0.0424844401041667,0.019,-0.0625639431423609));
#8448=CARTESIAN_POINT('',(0.0424844401041667,0.019,-0.0625639431423609));
#8449=CARTESIAN_POINT('',(0.0431426649305556,0.019,-0.0619360243055553));
#8450=CARTESIAN_POINT('',(0.0431426649305556,0.019,-0.0608088541666664));
#8451=CARTESIAN_POINT('',(0.0406363064236112,0.019,-0.0631918619791665));
#8452=CARTESIAN_POINT('',(0.0406363064236112,0.0195,-0.0631918619791665));
#8453=CARTESIAN_POINT('',(0.0414295789930556,0.019,-0.0631918619791665));
#8454=CARTESIAN_POINT('',(0.0414295789930556,0.0195,-0.0631918619791665));
#8455=CARTESIAN_POINT('',(0.0420456235532408,0.019,-0.0629825557002313));
#8456=CARTESIAN_POINT('',(0.0420456235532408,0.0195,-0.0629825557002313));
#8457=CARTESIAN_POINT('',(0.0424844401041667,0.019,-0.0625639431423609));
#8458=CARTESIAN_POINT('',(0.0424844401041667,0.0195,-0.0625639431423609));
#8459=CARTESIAN_POINT('',(0.0406363064236112,0.019,-0.0631918619791665));
#8460=CARTESIAN_POINT('',(0.0406363064236112,0.019,-0.0631918619791665));
#8461=CARTESIAN_POINT('',(0.0406363064236112,0.019,-0.0631918619791665));
#8462=CARTESIAN_POINT('',(0.0418262152777778,0.019,-0.0631918619791665));
#8463=CARTESIAN_POINT('',(0.0424844401041667,0.019,-0.0625639431423609));
#8464=CARTESIAN_POINT('',(0.0398738715277778,0.019,-0.0631918619791665));
#8465=CARTESIAN_POINT('',(0.0391114366319444,0.019,-0.0631918619791665));
#8466=CARTESIAN_POINT('',(0.0391114366319444,0.019,-0.0631918619791665));
#8467=CARTESIAN_POINT('',(0.0398738715277778,0.019,-0.0631918619791665));
#8468=CARTESIAN_POINT('',(0.0391114366319444,0.019,-0.0607625976562498));
#8469=CARTESIAN_POINT('',(0.0391114366319444,0.019,-0.0583333333333331));
#8470=CARTESIAN_POINT('',(0.0391114366319444,0.019,-0.0583333333333331));
#8471=CARTESIAN_POINT('',(0.0391114366319444,0.019,-0.0607625976562498));
#8472=CARTESIAN_POINT('',(0.0397994357638889,0.019,-0.0583333333333331));
#8473=CARTESIAN_POINT('',(0.0404874348958333,0.019,-0.0583333333333331));
#8474=CARTESIAN_POINT('',(0.0404874348958333,0.019,-0.0583333333333331));
#8475=CARTESIAN_POINT('',(0.0397994357638889,0.019,-0.0583333333333331));
#8476=CARTESIAN_POINT('',(0.0424594509548612,0.019,-0.0589713541666664));
#8477=CARTESIAN_POINT('',(0.0424594509548612,0.0195,-0.0589713541666664));
#8478=CARTESIAN_POINT('',(0.0420039749710649,0.019,-0.0585460069444442));
#8479=CARTESIAN_POINT('',(0.0420039749710649,0.0195,-0.0585460069444442));
#8480=CARTESIAN_POINT('',(0.0413466362847223,0.019,-0.0583333333333331));
#8481=CARTESIAN_POINT('',(0.0413466362847223,0.0195,-0.0583333333333331));
#8482=CARTESIAN_POINT('',(0.0404874348958333,0.019,-0.0583333333333331));
#8483=CARTESIAN_POINT('',(0.0404874348958333,0.0195,-0.0583333333333331));
#8484=CARTESIAN_POINT('',(0.0424594509548612,0.019,-0.0589713541666664));
#8485=CARTESIAN_POINT('',(0.0417762369791667,0.019,-0.0583333333333331));
#8486=CARTESIAN_POINT('',(0.0404874348958333,0.019,-0.0583333333333331));
#8487=CARTESIAN_POINT('',(0.0404156575520834,0.019,-0.0623475477430553));
#8488=CARTESIAN_POINT('',(0.0404156575520834,0.0195,-0.0623475477430553));
#8489=CARTESIAN_POINT('',(0.0404156575520834,0.019,-0.0623475477430553));
#8490=CARTESIAN_POINT('',(0.0462620146721602,0.019,-0.055));
#8491=CARTESIAN_POINT('',(0.0401418402777778,0.019,-0.0783283745659721));
#8492=CARTESIAN_POINT('',(0.0401418402777778,0.0195,-0.0783283745659721));
#8493=CARTESIAN_POINT('',(0.0401418402777778,0.0195,-0.0789616102430555));
#8494=CARTESIAN_POINT('',(0.0401418402777778,0.0195,-0.0776951388888888));
#8495=CARTESIAN_POINT('',(0.0401418402777778,0.019,-0.0789616102430555));
#8496=CARTESIAN_POINT('',(0.0401418402777778,0.019,-0.0789616102430555));
#8497=CARTESIAN_POINT('',(0.0401418402777778,0.019,-0.0783283745659721));
#8498=CARTESIAN_POINT('',(0.0401418402777778,0.019,-0.0776951388888888));
#8499=CARTESIAN_POINT('',(0.0401418402777778,0.019,-0.0776951388888888));
#8500=CARTESIAN_POINT('',(0.0404608506944445,0.019,-0.0789616102430555));
#8501=CARTESIAN_POINT('',(0.0404608506944445,0.0195,-0.0789616102430555));
#8502=CARTESIAN_POINT('',(0.0407798611111111,0.0195,-0.0789616102430555));
#8503=CARTESIAN_POINT('',(0.0407798611111111,0.019,-0.0789616102430555));
#8504=CARTESIAN_POINT('',(0.0407798611111111,0.019,-0.0789616102430555));
#8505=CARTESIAN_POINT('',(0.0404608506944445,0.019,-0.0789616102430555));
#8506=CARTESIAN_POINT('',(0.0416433159722222,0.019,-0.0783565538194444));
#8507=CARTESIAN_POINT('',(0.0416433159722222,0.0195,-0.0783565538194444));
#8508=CARTESIAN_POINT('',(0.0416433159722222,0.019,-0.0787599247685185));
#8509=CARTESIAN_POINT('',(0.0416433159722222,0.0195,-0.0787599247685185));
#8510=CARTESIAN_POINT('',(0.0413554976851852,0.019,-0.0789616102430555));
#8511=CARTESIAN_POINT('',(0.0413554976851852,0.0195,-0.0789616102430555));
#8512=CARTESIAN_POINT('',(0.0407798611111111,0.019,-0.0789616102430555));
#8513=CARTESIAN_POINT('',(0.0407798611111111,0.0195,-0.0789616102430555));
#8514=CARTESIAN_POINT('',(0.0416433159722222,0.0195,-0.0783565538194444));
#8515=CARTESIAN_POINT('',(0.0416433159722222,0.0195,-0.0789616102430555));
#8516=CARTESIAN_POINT('',(0.0407798611111111,0.0195,-0.0789616102430555));
#8517=CARTESIAN_POINT('',(0.0416433159722222,0.0195,-0.0783565538194444));
#8518=CARTESIAN_POINT('',(0.0416433159722222,0.019,-0.0783565538194444));
#8519=CARTESIAN_POINT('',(0.0416433159722222,0.019,-0.0783565538194444));
#8520=CARTESIAN_POINT('',(0.0416433159722222,0.019,-0.0783565538194444));
#8521=CARTESIAN_POINT('',(0.0416433159722222,0.019,-0.0789616102430555));
#8522=CARTESIAN_POINT('',(0.0407798611111111,0.019,-0.0789616102430555));
#8523=CARTESIAN_POINT('',(0.0414407443576389,0.019,-0.0778578342013888));
#8524=CARTESIAN_POINT('',(0.0414407443576389,0.0195,-0.0778578342013888));
#8525=CARTESIAN_POINT('',(0.0415757921006945,0.019,-0.0779662977430555));
#8526=CARTESIAN_POINT('',(0.0415757921006945,0.0195,-0.0779662977430555));
#8527=CARTESIAN_POINT('',(0.0416433159722222,0.019,-0.0781325376157407));
#8528=CARTESIAN_POINT('',(0.0416433159722222,0.0195,-0.0781325376157407));
#8529=CARTESIAN_POINT('',(0.0416433159722222,0.019,-0.0783565538194444));
#8530=CARTESIAN_POINT('',(0.0416433159722222,0.0195,-0.0783565538194444));
#8531=CARTESIAN_POINT('',(0.0414407443576389,0.0195,-0.0778578342013888));
#8532=CARTESIAN_POINT('',(0.0416433159722222,0.0195,-0.0780205295138888));
#8533=CARTESIAN_POINT('',(0.0416433159722222,0.0195,-0.0783565538194444));
#8534=CARTESIAN_POINT('',(0.0414407443576389,0.0195,-0.0778578342013888));
#8535=CARTESIAN_POINT('',(0.0414407443576389,0.019,-0.0778578342013888));
#8536=CARTESIAN_POINT('',(0.0414407443576389,0.019,-0.0778578342013888));
#8537=CARTESIAN_POINT('',(0.0414407443576389,0.019,-0.0778578342013888));
#8538=CARTESIAN_POINT('',(0.0416433159722222,0.019,-0.0780205295138888));
#8539=CARTESIAN_POINT('',(0.0416433159722222,0.019,-0.0783565538194444));
#8540=CARTESIAN_POINT('',(0.0408128255208333,0.019,-0.0776951388888888));
#8541=CARTESIAN_POINT('',(0.0408128255208333,0.0195,-0.0776951388888888));
#8542=CARTESIAN_POINT('',(0.0410963903356482,0.019,-0.0776951388888888));
#8543=CARTESIAN_POINT('',(0.0410963903356482,0.0195,-0.0776951388888888));
#8544=CARTESIAN_POINT('',(0.0413056966145834,0.019,-0.0777493706597221));
#8545=CARTESIAN_POINT('',(0.0413056966145834,0.0195,-0.0777493706597221));
#8546=CARTESIAN_POINT('',(0.0414407443576389,0.019,-0.0778578342013888));
#8547=CARTESIAN_POINT('',(0.0414407443576389,0.0195,-0.0778578342013888));
#8548=CARTESIAN_POINT('',(0.0408128255208333,0.0195,-0.0776951388888888));
#8549=CARTESIAN_POINT('',(0.0412381727430556,0.0195,-0.0776951388888888));
#8550=CARTESIAN_POINT('',(0.0414407443576389,0.0195,-0.0778578342013888));
#8551=CARTESIAN_POINT('',(0.0408128255208333,0.0195,-0.0776951388888888));
#8552=CARTESIAN_POINT('',(0.0408128255208333,0.019,-0.0776951388888888));
#8553=CARTESIAN_POINT('',(0.0408128255208333,0.019,-0.0776951388888888));
#8554=CARTESIAN_POINT('',(0.0408128255208333,0.019,-0.0776951388888888));
#8555=CARTESIAN_POINT('',(0.0412381727430556,0.019,-0.0776951388888888));
#8556=CARTESIAN_POINT('',(0.0414407443576389,0.019,-0.0778578342013888));
#8557=CARTESIAN_POINT('',(0.0404406467013889,0.019,-0.0797782769097222));
#8558=CARTESIAN_POINT('',(0.0404406467013889,0.0195,-0.0797782769097222));
#8559=CARTESIAN_POINT('',(0.0401418402777778,0.0195,-0.0797782769097222));
#8560=CARTESIAN_POINT('',(0.040739453125,0.0195,-0.0797782769097222));
#8561=CARTESIAN_POINT('',(0.0401418402777778,0.019,-0.0797782769097222));
#8562=CARTESIAN_POINT('',(0.0401418402777778,0.019,-0.0797782769097222));
#8563=CARTESIAN_POINT('',(0.0404406467013889,0.019,-0.0797782769097222));
#8564=CARTESIAN_POINT('',(0.040739453125,0.019,-0.0797782769097222));
#8565=CARTESIAN_POINT('',(0.040739453125,0.019,-0.0797782769097222));
#8566=CARTESIAN_POINT('',(0.0401418402777778,0.019,-0.0803184678819444));
#8567=CARTESIAN_POINT('',(0.0401418402777778,0.0195,-0.0803184678819444));
#8568=CARTESIAN_POINT('',(0.0401418402777778,0.0195,-0.0808586588541666));
#8569=CARTESIAN_POINT('',(0.0401418402777778,0.019,-0.0808586588541666));
#8570=CARTESIAN_POINT('',(0.0401418402777778,0.019,-0.0808586588541666));
#8571=CARTESIAN_POINT('',(0.0401418402777778,0.019,-0.0803184678819444));
#8572=CARTESIAN_POINT('',(0.0404124674479167,0.019,-0.0808586588541666));
#8573=CARTESIAN_POINT('',(0.0404124674479167,0.0195,-0.0808586588541666));
#8574=CARTESIAN_POINT('',(0.0406830946180556,0.0195,-0.0808586588541666));
#8575=CARTESIAN_POINT('',(0.0406830946180556,0.019,-0.0808586588541666));
#8576=CARTESIAN_POINT('',(0.0406830946180556,0.019,-0.0808586588541666));
#8577=CARTESIAN_POINT('',(0.0404124674479167,0.019,-0.0808586588541666));
#8578=CARTESIAN_POINT('',(0.0413296223958333,0.019,-0.0807374348958333));
#8579=CARTESIAN_POINT('',(0.0413296223958333,0.0195,-0.0807374348958333));
#8580=CARTESIAN_POINT('',(0.0411935112847222,0.019,-0.0808182508680555));
#8581=CARTESIAN_POINT('',(0.0411935112847222,0.0195,-0.0808182508680555));
#8582=CARTESIAN_POINT('',(0.040978002025463,0.019,-0.0808586588541666));
#8583=CARTESIAN_POINT('',(0.040978002025463,0.0195,-0.0808586588541666));
#8584=CARTESIAN_POINT('',(0.0406830946180556,0.019,-0.0808586588541666));
#8585=CARTESIAN_POINT('',(0.0406830946180556,0.0195,-0.0808586588541666));
#8586=CARTESIAN_POINT('',(0.0413296223958333,0.0195,-0.0807374348958333));
#8587=CARTESIAN_POINT('',(0.0411254557291667,0.0195,-0.0808586588541666));
#8588=CARTESIAN_POINT('',(0.0406830946180556,0.0195,-0.0808586588541666));
#8589=CARTESIAN_POINT('',(0.0413296223958333,0.0195,-0.0807374348958333));
#8590=CARTESIAN_POINT('',(0.0413296223958333,0.019,-0.0807374348958333));
#8591=CARTESIAN_POINT('',(0.0413296223958333,0.019,-0.0807374348958333));
#8592=CARTESIAN_POINT('',(0.0413296223958333,0.019,-0.0807374348958333));
#8593=CARTESIAN_POINT('',(0.0411254557291667,0.019,-0.0808586588541666));
#8594=CARTESIAN_POINT('',(0.0406830946180556,0.019,-0.0808586588541666));
#8595=CARTESIAN_POINT('',(0.0415337890625,0.019,-0.0803365451388888));
#8596=CARTESIAN_POINT('',(0.0415337890625,0.0195,-0.0803365451388888));
#8597=CARTESIAN_POINT('',(0.0415337890625,0.019,-0.0805229890046295));
#8598=CARTESIAN_POINT('',(0.0415337890625,0.0195,-0.0805229890046295));
#8599=CARTESIAN_POINT('',(0.0414657335069445,0.019,-0.080656618923611));
#8600=CARTESIAN_POINT('',(0.0414657335069445,0.0195,-0.080656618923611));
#8601=CARTESIAN_POINT('',(0.0413296223958333,0.019,-0.0807374348958333));
#8602=CARTESIAN_POINT('',(0.0413296223958333,0.0195,-0.0807374348958333));
#8603=CARTESIAN_POINT('',(0.0415337890625,0.0195,-0.0803365451388888));
#8604=CARTESIAN_POINT('',(0.0415337890625,0.0195,-0.0806162109374999));
#8605=CARTESIAN_POINT('',(0.0413296223958333,0.0195,-0.0807374348958333));
#8606=CARTESIAN_POINT('',(0.0415337890625,0.0195,-0.0803365451388888));
#8607=CARTESIAN_POINT('',(0.0415337890625,0.019,-0.0803365451388888));
#8608=CARTESIAN_POINT('',(0.0415337890625,0.019,-0.0803365451388888));
#8609=CARTESIAN_POINT('',(0.0415337890625,0.019,-0.0803365451388888));
#8610=CARTESIAN_POINT('',(0.0415337890625,0.019,-0.0806162109374999));
#8611=CARTESIAN_POINT('',(0.0413296223958333,0.019,-0.0807374348958333));
#8612=CARTESIAN_POINT('',(0.0413461046006945,0.019,-0.0799080078124999));
#8613=CARTESIAN_POINT('',(0.0413461046006945,0.0195,-0.0799080078124999));
#8614=CARTESIAN_POINT('',(0.0414712275752315,0.019,-0.0799944950810184));
#8615=CARTESIAN_POINT('',(0.0414712275752315,0.0195,-0.0799944950810184));
#8616=CARTESIAN_POINT('',(0.0415337890625,0.019,-0.0801373408564814));
#8617=CARTESIAN_POINT('',(0.0415337890625,0.0195,-0.0801373408564814));
#8618=CARTESIAN_POINT('',(0.0415337890625,0.019,-0.0803365451388888));
#8619=CARTESIAN_POINT('',(0.0415337890625,0.0195,-0.0803365451388888));
#8620=CARTESIAN_POINT('',(0.0413461046006945,0.0195,-0.0799080078124999));
#8621=CARTESIAN_POINT('',(0.0415337890625,0.0195,-0.0800377387152777));
#8622=CARTESIAN_POINT('',(0.0415337890625,0.0195,-0.0803365451388888));
#8623=CARTESIAN_POINT('',(0.0413461046006945,0.0195,-0.0799080078124999));
#8624=CARTESIAN_POINT('',(0.0413461046006945,0.019,-0.0799080078124999));
#8625=CARTESIAN_POINT('',(0.0413461046006945,0.019,-0.0799080078124999));
#8626=CARTESIAN_POINT('',(0.0413461046006945,0.019,-0.0799080078124999));
#8627=CARTESIAN_POINT('',(0.0415337890625,0.019,-0.0800377387152777));
#8628=CARTESIAN_POINT('',(0.0415337890625,0.019,-0.0803365451388888));
#8629=CARTESIAN_POINT('',(0.0398674913194445,0.019,-0.0817029730902777));
#8630=CARTESIAN_POINT('',(0.0391114366319444,0.019,-0.0817029730902777));
#8631=CARTESIAN_POINT('',(0.0391114366319444,0.019,-0.0817029730902777));
#8632=CARTESIAN_POINT('',(0.0398674913194445,0.019,-0.0817029730902777));
#8633=CARTESIAN_POINT('',(0.0406235460069445,0.019,-0.0817029730902777));
#8634=CARTESIAN_POINT('',(0.0406235460069445,0.019,-0.0817029730902777));
#8635=CARTESIAN_POINT('',(0.0391114366319444,0.019,-0.079273708767361));
#8636=CARTESIAN_POINT('',(0.0391114366319444,0.019,-0.0768444444444443));
#8637=CARTESIAN_POINT('',(0.0391114366319444,0.019,-0.0768444444444443));
#8638=CARTESIAN_POINT('',(0.0391114366319444,0.019,-0.079273708767361));
#8639=CARTESIAN_POINT('',(0.0400200846354167,0.019,-0.0768444444444443));
#8640=CARTESIAN_POINT('',(0.0409287326388889,0.019,-0.0768444444444443));
#8641=CARTESIAN_POINT('',(0.0409287326388889,0.019,-0.0768444444444443));
#8642=CARTESIAN_POINT('',(0.0400200846354167,0.019,-0.0768444444444443));
#8643=CARTESIAN_POINT('',(0.0422334852430556,0.019,-0.0772166232638888));
#8644=CARTESIAN_POINT('',(0.0422334852430556,0.0195,-0.0772166232638888));
#8645=CARTESIAN_POINT('',(0.0419130570023149,0.019,-0.0769685040509258));
#8646=CARTESIAN_POINT('',(0.0419130570023149,0.0195,-0.0769685040509258));
#8647=CARTESIAN_POINT('',(0.0414781394675926,0.019,-0.0768444444444443));
#8648=CARTESIAN_POINT('',(0.0414781394675926,0.0195,-0.0768444444444443));
#8649=CARTESIAN_POINT('',(0.0409287326388889,0.019,-0.0768444444444443));
#8650=CARTESIAN_POINT('',(0.0409287326388889,0.0195,-0.0768444444444443));
#8651=CARTESIAN_POINT('',(0.0422334852430556,0.019,-0.0772166232638888));
#8652=CARTESIAN_POINT('',(0.0422334852430556,0.019,-0.0772166232638888));
#8653=CARTESIAN_POINT('',(0.0422334852430556,0.019,-0.0772166232638888));
#8654=CARTESIAN_POINT('',(0.0417528428819445,0.019,-0.0768444444444443));
#8655=CARTESIAN_POINT('',(0.0409287326388889,0.019,-0.0768444444444443));
#8656=CARTESIAN_POINT('',(0.0427141276041667,0.019,-0.0782534071180555));
#8657=CARTESIAN_POINT('',(0.0427141276041667,0.0195,-0.0782534071180555));
#8658=CARTESIAN_POINT('',(0.0427141276041667,0.019,-0.0778103370949073));
#8659=CARTESIAN_POINT('',(0.0427141276041667,0.0195,-0.0778103370949073));
#8660=CARTESIAN_POINT('',(0.0425539134837963,0.019,-0.0774647424768517));
#8661=CARTESIAN_POINT('',(0.0425539134837963,0.0195,-0.0774647424768517));
#8662=CARTESIAN_POINT('',(0.0422334852430556,0.019,-0.0772166232638888));
#8663=CARTESIAN_POINT('',(0.0422334852430556,0.0195,-0.0772166232638888));
#8664=CARTESIAN_POINT('',(0.0427141276041667,0.019,-0.0782534071180555));
#8665=CARTESIAN_POINT('',(0.0427141276041667,0.019,-0.0782534071180555));
#8666=CARTESIAN_POINT('',(0.0427141276041667,0.019,-0.0782534071180555));
#8667=CARTESIAN_POINT('',(0.0427141276041667,0.019,-0.0775888020833332));
#8668=CARTESIAN_POINT('',(0.0422334852430556,0.019,-0.0772166232638888));
#8669=CARTESIAN_POINT('',(0.0425094292534722,0.019,-0.0790046766493055));
#8670=CARTESIAN_POINT('',(0.0425094292534722,0.0195,-0.0790046766493055));
#8671=CARTESIAN_POINT('',(0.0426458948206019,0.019,-0.0788164605034722));
#8672=CARTESIAN_POINT('',(0.0426458948206019,0.0195,-0.0788164605034722));
#8673=CARTESIAN_POINT('',(0.0427141276041667,0.019,-0.0785660373263888));
#8674=CARTESIAN_POINT('',(0.0427141276041667,0.0195,-0.0785660373263888));
#8675=CARTESIAN_POINT('',(0.0427141276041667,0.019,-0.0782534071180555));
#8676=CARTESIAN_POINT('',(0.0427141276041667,0.0195,-0.0782534071180555));
#8677=CARTESIAN_POINT('',(0.0425094292534722,0.019,-0.0790046766493055));
#8678=CARTESIAN_POINT('',(0.0425094292534722,0.019,-0.0790046766493055));
#8679=CARTESIAN_POINT('',(0.0425094292534722,0.019,-0.0790046766493055));
#8680=CARTESIAN_POINT('',(0.0427141276041667,0.019,-0.0787223524305555));
#8681=CARTESIAN_POINT('',(0.0427141276041667,0.019,-0.0782534071180555));
#8682=CARTESIAN_POINT('',(0.0418432291666667,0.019,-0.0793901475694444));
#8683=CARTESIAN_POINT('',(0.0418432291666667,0.0195,-0.0793901475694444));
#8684=CARTESIAN_POINT('',(0.0421508969907408,0.019,-0.0793213831018518));
#8685=CARTESIAN_POINT('',(0.0421508969907408,0.0195,-0.0793213831018518));
#8686=CARTESIAN_POINT('',(0.0423729636863426,0.019,-0.0791928927951388));
#8687=CARTESIAN_POINT('',(0.0423729636863426,0.0195,-0.0791928927951388));
#8688=CARTESIAN_POINT('',(0.0425094292534722,0.019,-0.0790046766493055));
#8689=CARTESIAN_POINT('',(0.0425094292534722,0.0195,-0.0790046766493055));
#8690=CARTESIAN_POINT('',(0.0418432291666667,0.019,-0.0793901475694444));
#8691=CARTESIAN_POINT('',(0.0418432291666667,0.019,-0.0793901475694444));
#8692=CARTESIAN_POINT('',(0.0418432291666667,0.019,-0.0793901475694444));
#8693=CARTESIAN_POINT('',(0.0423047309027778,0.019,-0.0792870008680555));
#8694=CARTESIAN_POINT('',(0.0425094292534722,0.019,-0.0790046766493055));
#8695=CARTESIAN_POINT('',(0.0418432291666667,0.019,-0.0794066297743055));
#8696=CARTESIAN_POINT('',(0.0418432291666667,0.019,-0.0794234658269368));
#8697=CARTESIAN_POINT('',(0.0418432291666667,0.019,-0.0794234658269368));
#8698=CARTESIAN_POINT('',(0.0418432291666667,0.019,-0.0794066297743055));
#8699=CARTESIAN_POINT('',(0.0417216415198585,0.019,-0.0802274887002028));
#8700=CARTESIAN_POINT('',(0.0423866102430556,0.019,-0.0797586046006944));
#8701=CARTESIAN_POINT('',(0.0423866102430556,0.019,-0.0797586046006944));
#8702=CARTESIAN_POINT('',(0.0417216415198585,0.019,-0.0802274887002028));
#8703=CARTESIAN_POINT('',(0.0425907769097223,0.019,-0.0804737196180555));
#8704=CARTESIAN_POINT('',(0.0425907769097223,0.0195,-0.0804737196180555));
#8705=CARTESIAN_POINT('',(0.0425907769097223,0.019,-0.0801830656828703));
#8706=CARTESIAN_POINT('',(0.0425907769097223,0.0195,-0.0801830656828703));
#8707=CARTESIAN_POINT('',(0.0425227213541667,0.019,-0.0799446940104166));
#8708=CARTESIAN_POINT('',(0.0425227213541667,0.0195,-0.0799446940104166));
#8709=CARTESIAN_POINT('',(0.0423866102430556,0.019,-0.0797586046006944));
#8710=CARTESIAN_POINT('',(0.0423866102430556,0.0195,-0.0797586046006944));
#8711=CARTESIAN_POINT('',(0.0425907769097223,0.019,-0.0804737196180555));
#8712=CARTESIAN_POINT('',(0.0425907769097223,0.019,-0.0804737196180555));
#8713=CARTESIAN_POINT('',(0.0425907769097223,0.019,-0.0804737196180555));
#8714=CARTESIAN_POINT('',(0.0425907769097223,0.019,-0.0800377387152777));
#8715=CARTESIAN_POINT('',(0.0423866102430556,0.019,-0.0797586046006944));
#8716=CARTESIAN_POINT('',(0.0421239583333334,0.019,-0.0814089518229166));
#8717=CARTESIAN_POINT('',(0.0421239583333334,0.0195,-0.0814089518229166));
#8718=CARTESIAN_POINT('',(0.0424351707175926,0.019,-0.0812129376446759));
#8719=CARTESIAN_POINT('',(0.0424351707175926,0.0195,-0.0812129376446759));
#8720=CARTESIAN_POINT('',(0.0425907769097223,0.019,-0.0809011935763888));
#8721=CARTESIAN_POINT('',(0.0425907769097223,0.0195,-0.0809011935763888));
#8722=CARTESIAN_POINT('',(0.0425907769097223,0.019,-0.0804737196180555));
#8723=CARTESIAN_POINT('',(0.0425907769097223,0.0195,-0.0804737196180555));
#8724=CARTESIAN_POINT('',(0.0421239583333334,0.019,-0.0814089518229166));
#8725=CARTESIAN_POINT('',(0.0421239583333334,0.019,-0.0814089518229166));
#8726=CARTESIAN_POINT('',(0.0421239583333334,0.019,-0.0814089518229166));
#8727=CARTESIAN_POINT('',(0.0425907769097223,0.019,-0.0811149305555555));
#8728=CARTESIAN_POINT('',(0.0425907769097223,0.019,-0.0804737196180555));
#8729=CARTESIAN_POINT('',(0.040739453125,0.019,-0.0797782769097222));
#8730=CARTESIAN_POINT('',(0.040739453125,0.0195,-0.0797782769097222));
#8731=CARTESIAN_POINT('',(0.0410187644675926,0.019,-0.0797782769097222));
#8732=CARTESIAN_POINT('',(0.0410187644675926,0.0195,-0.0797782769097222));
#8733=CARTESIAN_POINT('',(0.0412209816261574,0.019,-0.0798215205439814));
#8734=CARTESIAN_POINT('',(0.0412209816261574,0.0195,-0.0798215205439814));
#8735=CARTESIAN_POINT('',(0.0413461046006945,0.019,-0.0799080078124999));
#8736=CARTESIAN_POINT('',(0.0413461046006945,0.0195,-0.0799080078124999));
#8737=CARTESIAN_POINT('',(0.040739453125,0.0195,-0.0797782769097222));
#8738=CARTESIAN_POINT('',(0.0411584201388889,0.0195,-0.0797782769097222));
#8739=CARTESIAN_POINT('',(0.0413461046006945,0.0195,-0.0799080078124999));
#8740=CARTESIAN_POINT('',(0.040739453125,0.019,-0.0797782769097222));
#8741=CARTESIAN_POINT('',(0.0411584201388889,0.019,-0.0797782769097222));
#8742=CARTESIAN_POINT('',(0.0413461046006945,0.019,-0.0799080078124999));
#8743=CARTESIAN_POINT('',(0.0406235460069445,0.019,-0.0817029730902777));
#8744=CARTESIAN_POINT('',(0.0406235460069445,0.0195,-0.0817029730902777));
#8745=CARTESIAN_POINT('',(0.0413126085069445,0.019,-0.0817029730902777));
#8746=CARTESIAN_POINT('',(0.0413126085069445,0.0195,-0.0817029730902777));
#8747=CARTESIAN_POINT('',(0.0418127459490741,0.019,-0.0816049660011573));
#8748=CARTESIAN_POINT('',(0.0418127459490741,0.0195,-0.0816049660011573));
#8749=CARTESIAN_POINT('',(0.0421239583333334,0.019,-0.0814089518229166));
#8750=CARTESIAN_POINT('',(0.0421239583333334,0.0195,-0.0814089518229166));
#8751=CARTESIAN_POINT('',(0.0406235460069445,0.019,-0.0817029730902777));
#8752=CARTESIAN_POINT('',(0.0416571397569444,0.019,-0.0817029730902777));
#8753=CARTESIAN_POINT('',(0.0421239583333334,0.019,-0.0814089518229166));
#8754=CARTESIAN_POINT('',(0.0404773328993056,0.019,-0.0776951388888888));
#8755=CARTESIAN_POINT('',(0.0404773328993056,0.0195,-0.0776951388888888));
#8756=CARTESIAN_POINT('',(0.0404773328993056,0.019,-0.0776951388888888));
#8757=CARTESIAN_POINT('',(0.0462620146721602,0.019,-0.055));
#8758=CARTESIAN_POINT('',(0.1035,0.0195,-0.055));
#8759=CARTESIAN_POINT('',(0.0425790798611112,0.019,-0.0213111111111105));
#8760=CARTESIAN_POINT('',(0.0430926866319445,0.019,-0.0213111111111105));
#8761=CARTESIAN_POINT('',(0.0430926866319445,0.019,-0.0213111111111105));
#8762=CARTESIAN_POINT('',(0.0425790798611112,0.019,-0.0213111111111105));
#8763=CARTESIAN_POINT('',(0.0420654730902778,0.019,-0.0213111111111105));
#8764=CARTESIAN_POINT('',(0.0420654730902778,0.019,-0.0213111111111105));
#8765=CARTESIAN_POINT('',(0.0430926866319445,0.019,-0.0237403754340272));
#8766=CARTESIAN_POINT('',(0.0430926866319445,0.019,-0.0261696397569439));
#8767=CARTESIAN_POINT('',(0.0430926866319445,0.019,-0.0261696397569439));
#8768=CARTESIAN_POINT('',(0.0430926866319445,0.019,-0.0237403754340272));
#8769=CARTESIAN_POINT('',(0.0425790798611112,0.019,-0.0261696397569439));
#8770=CARTESIAN_POINT('',(0.0420654730902778,0.019,-0.0261696397569439));
#8771=CARTESIAN_POINT('',(0.0420654730902778,0.019,-0.0261696397569439));
#8772=CARTESIAN_POINT('',(0.0425790798611112,0.019,-0.0261696397569439));
#8773=CARTESIAN_POINT('',(0.0420654730902778,0.019,-0.0252173936631939));
#8774=CARTESIAN_POINT('',(0.0420654730902778,0.019,-0.0242651475694439));
#8775=CARTESIAN_POINT('',(0.0420654730902778,0.019,-0.0242651475694439));
#8776=CARTESIAN_POINT('',(0.0420654730902778,0.019,-0.0252173936631939));
#8777=CARTESIAN_POINT('',(0.0411036566840278,0.019,-0.0242651475694439));
#8778=CARTESIAN_POINT('',(0.0401418402777778,0.019,-0.0242651475694439));
#8779=CARTESIAN_POINT('',(0.0401418402777778,0.019,-0.0242651475694439));
#8780=CARTESIAN_POINT('',(0.0411036566840278,0.019,-0.0242651475694439));
#8781=CARTESIAN_POINT('',(0.0401418402777778,0.019,-0.0252173936631939));
#8782=CARTESIAN_POINT('',(0.0401418402777778,0.019,-0.0261696397569439));
#8783=CARTESIAN_POINT('',(0.0401418402777778,0.019,-0.0261696397569439));
#8784=CARTESIAN_POINT('',(0.0401418402777778,0.019,-0.0252173936631939));
#8785=CARTESIAN_POINT('',(0.0396266384548611,0.019,-0.0261696397569439));
#8786=CARTESIAN_POINT('',(0.0391114366319444,0.019,-0.0261696397569439));
#8787=CARTESIAN_POINT('',(0.0391114366319444,0.019,-0.0261696397569439));
#8788=CARTESIAN_POINT('',(0.0396266384548611,0.019,-0.0261696397569439));
#8789=CARTESIAN_POINT('',(0.0391114366319444,0.019,-0.0237403754340272));
#8790=CARTESIAN_POINT('',(0.0391114366319444,0.019,-0.0213111111111105));
#8791=CARTESIAN_POINT('',(0.0391114366319444,0.019,-0.0213111111111105));
#8792=CARTESIAN_POINT('',(0.0391114366319444,0.019,-0.0237403754340272));
#8793=CARTESIAN_POINT('',(0.0396266384548611,0.019,-0.0213111111111105));
#8794=CARTESIAN_POINT('',(0.0401418402777778,0.019,-0.0213111111111105));
#8795=CARTESIAN_POINT('',(0.0401418402777778,0.019,-0.0213111111111105));
#8796=CARTESIAN_POINT('',(0.0396266384548611,0.019,-0.0213111111111105));
#8797=CARTESIAN_POINT('',(0.0401418402777778,0.019,-0.0223595920138883));
#8798=CARTESIAN_POINT('',(0.0401418402777778,0.019,-0.0234080729166661));
#8799=CARTESIAN_POINT('',(0.0401418402777778,0.019,-0.0234080729166661));
#8800=CARTESIAN_POINT('',(0.0401418402777778,0.019,-0.0223595920138883));
#8801=CARTESIAN_POINT('',(0.0411036566840278,0.019,-0.0234080729166661));
#8802=CARTESIAN_POINT('',(0.0420654730902778,0.019,-0.0234080729166661));
#8803=CARTESIAN_POINT('',(0.0420654730902778,0.019,-0.0234080729166661));
#8804=CARTESIAN_POINT('',(0.0411036566840278,0.019,-0.0234080729166661));
#8805=CARTESIAN_POINT('',(0.0420654730902778,0.019,-0.0223595920138883));
#8806=CARTESIAN_POINT('',(0.0420654730902778,0.019,-0.0223595920138883));
#8807=CARTESIAN_POINT('',(0.0462620146721602,0.019,-0.055));
#8808=CARTESIAN_POINT('',(0.0419192599826389,0.019,-0.0332952690972218));
#8809=CARTESIAN_POINT('',(0.0409553168402778,0.019,-0.0332952690972218));
#8810=CARTESIAN_POINT('',(0.0409553168402778,0.019,-0.0332952690972218));
#8811=CARTESIAN_POINT('',(0.0419192599826389,0.019,-0.0332952690972218));
#8812=CARTESIAN_POINT('',(0.0428832031250001,0.019,-0.0332952690972218));
#8813=CARTESIAN_POINT('',(0.0428832031250001,0.019,-0.0332952690972218));
#8814=CARTESIAN_POINT('',(0.0409553168402778,0.019,-0.0328662000868051));
#8815=CARTESIAN_POINT('',(0.0409553168402778,0.019,-0.0324371310763884));
#8816=CARTESIAN_POINT('',(0.0409553168402778,0.019,-0.0324371310763884));
#8817=CARTESIAN_POINT('',(0.0409553168402778,0.019,-0.0328662000868051));
#8818=CARTESIAN_POINT('',(0.0414157552083333,0.019,-0.0324371310763884));
#8819=CARTESIAN_POINT('',(0.0418761935763889,0.019,-0.0324371310763884));
#8820=CARTESIAN_POINT('',(0.0418761935763889,0.019,-0.0324371310763884));
#8821=CARTESIAN_POINT('',(0.0414157552083333,0.019,-0.0324371310763884));
#8822=CARTESIAN_POINT('',(0.0418761935763889,0.019,-0.0319304361979162));
#8823=CARTESIAN_POINT('',(0.0418761935763889,0.019,-0.0314238744853283));
#8824=CARTESIAN_POINT('',(0.0418761935763889,0.019,-0.0314238744853283));
#8825=CARTESIAN_POINT('',(0.0418761935763889,0.019,-0.0319304361979162));
#8826=CARTESIAN_POINT('',(0.0412130446789554,0.019,-0.0347126850235609));
#8827=CARTESIAN_POINT('',(0.0412211588541667,0.019,-0.0313578124999995));
#8828=CARTESIAN_POINT('',(0.0412211588541667,0.019,-0.0313578124999995));
#8829=CARTESIAN_POINT('',(0.0412130446789554,0.019,-0.0347126850235609));
#8830=CARTESIAN_POINT('',(0.0402795464409723,0.019,-0.0317746527777773));
#8831=CARTESIAN_POINT('',(0.0402795464409723,0.0195,-0.0317746527777773));
#8832=CARTESIAN_POINT('',(0.04049541015625,0.019,-0.0314967592592588));
#8833=CARTESIAN_POINT('',(0.04049541015625,0.0195,-0.0314967592592588));
#8834=CARTESIAN_POINT('',(0.0408092809606482,0.019,-0.0313578124999995));
#8835=CARTESIAN_POINT('',(0.0408092809606482,0.0195,-0.0313578124999995));
#8836=CARTESIAN_POINT('',(0.0412211588541667,0.019,-0.0313578124999995));
#8837=CARTESIAN_POINT('',(0.0412211588541667,0.0195,-0.0313578124999995));
#8838=CARTESIAN_POINT('',(0.0402795464409723,0.019,-0.0317746527777773));
#8839=CARTESIAN_POINT('',(0.0402795464409723,0.019,-0.0317746527777773));
#8840=CARTESIAN_POINT('',(0.0402795464409723,0.019,-0.0317746527777773));
#8841=CARTESIAN_POINT('',(0.0406033420138889,0.019,-0.0313578124999995));
#8842=CARTESIAN_POINT('',(0.0412211588541667,0.019,-0.0313578124999995));
#8843=CARTESIAN_POINT('',(0.0399557508680555,0.019,-0.0329826388888884));
#8844=CARTESIAN_POINT('',(0.0399557508680555,0.0195,-0.0329826388888884));
#8845=CARTESIAN_POINT('',(0.0399557508680555,0.019,-0.0324552083333328));
#8846=CARTESIAN_POINT('',(0.0399557508680555,0.0195,-0.0324552083333328));
#8847=CARTESIAN_POINT('',(0.0400636827256944,0.019,-0.0320525462962958));
#8848=CARTESIAN_POINT('',(0.0400636827256944,0.0195,-0.0320525462962958));
#8849=CARTESIAN_POINT('',(0.0402795464409723,0.019,-0.0317746527777773));
#8850=CARTESIAN_POINT('',(0.0402795464409723,0.0195,-0.0317746527777773));
#8851=CARTESIAN_POINT('',(0.0399557508680555,0.019,-0.0329826388888884));
#8852=CARTESIAN_POINT('',(0.0399557508680555,0.019,-0.0329826388888884));
#8853=CARTESIAN_POINT('',(0.0399557508680555,0.019,-0.0329826388888884));
#8854=CARTESIAN_POINT('',(0.0399557508680555,0.019,-0.032191493055555));
#8855=CARTESIAN_POINT('',(0.0402795464409723,0.019,-0.0317746527777773));
#8856=CARTESIAN_POINT('',(0.0403577039930555,0.019,-0.0341884982638885));
#8857=CARTESIAN_POINT('',(0.0403577039930555,0.0195,-0.0341884982638885));
#8858=CARTESIAN_POINT('',(0.0400897352430555,0.019,-0.0338893373842588));
#8859=CARTESIAN_POINT('',(0.0400897352430555,0.0195,-0.0338893373842588));
#8860=CARTESIAN_POINT('',(0.0399557508680555,0.019,-0.0334873842592588));
#8861=CARTESIAN_POINT('',(0.0399557508680555,0.0195,-0.0334873842592588));
#8862=CARTESIAN_POINT('',(0.0399557508680555,0.019,-0.0329826388888884));
#8863=CARTESIAN_POINT('',(0.0399557508680555,0.0195,-0.0329826388888884));
#8864=CARTESIAN_POINT('',(0.0403577039930555,0.019,-0.0341884982638885));
#8865=CARTESIAN_POINT('',(0.0403577039930555,0.019,-0.0341884982638885));
#8866=CARTESIAN_POINT('',(0.0403577039930555,0.019,-0.0341884982638885));
#8867=CARTESIAN_POINT('',(0.0399557508680555,0.019,-0.0337397569444439));
#8868=CARTESIAN_POINT('',(0.0399557508680555,0.019,-0.0329826388888884));
#8869=CARTESIAN_POINT('',(0.0414274522569444,0.019,-0.0346372395833328));
#8870=CARTESIAN_POINT('',(0.0414274522569444,0.0195,-0.0346372395833328));
#8871=CARTESIAN_POINT('',(0.0409822554976852,0.019,-0.0346372395833328));
#8872=CARTESIAN_POINT('',(0.0409822554976852,0.0195,-0.0346372395833328));
#8873=CARTESIAN_POINT('',(0.0406256727430556,0.019,-0.034487659143518));
#8874=CARTESIAN_POINT('',(0.0406256727430556,0.0195,-0.034487659143518));
#8875=CARTESIAN_POINT('',(0.0403577039930555,0.019,-0.0341884982638885));
#8876=CARTESIAN_POINT('',(0.0403577039930555,0.0195,-0.0341884982638885));
#8877=CARTESIAN_POINT('',(0.0414274522569444,0.019,-0.0346372395833328));
#8878=CARTESIAN_POINT('',(0.0414274522569444,0.019,-0.0346372395833328));
#8879=CARTESIAN_POINT('',(0.0414274522569444,0.019,-0.0346372395833328));
#8880=CARTESIAN_POINT('',(0.0407596571180556,0.019,-0.0346372395833328));
#8881=CARTESIAN_POINT('',(0.0403577039930555,0.019,-0.0341884982638885));
#8882=CARTESIAN_POINT('',(0.041424370494332,0.019,-0.0321939290233654));
#8883=CARTESIAN_POINT('',(0.0425342120728158,0.019,-0.0343709009678274));
#8884=CARTESIAN_POINT('',(0.0425344184027778,0.019,-0.034371397569444));
#8885=CARTESIAN_POINT('',(0.041424370494332,0.019,-0.0321939290233654));
#8886=CARTESIAN_POINT('',(0.0427056206597222,0.019,-0.0347834526909718));
#8887=CARTESIAN_POINT('',(0.0428767235768076,0.019,-0.0351952687181182));
#8888=CARTESIAN_POINT('',(0.0428767235768076,0.019,-0.0351952687181182));
#8889=CARTESIAN_POINT('',(0.0427056206597222,0.019,-0.0347834526909718));
#8890=CARTESIAN_POINT('',(0.0414376796206536,0.019,-0.0318823871724809));
#8891=CARTESIAN_POINT('',(0.0414338324652778,0.019,-0.0354943142361107));
#8892=CARTESIAN_POINT('',(0.0414338324652977,0.019,-0.0354943142173937));
#8893=CARTESIAN_POINT('',(0.0414376796206536,0.019,-0.0318823871724809));
#8894=CARTESIAN_POINT('',(0.0395686848958333,0.019,-0.0348366210937495));
#8895=CARTESIAN_POINT('',(0.0395686848958333,0.0195,-0.0348366210937495));
#8896=CARTESIAN_POINT('',(0.0400174262152778,0.019,-0.0352750831886569));
#8897=CARTESIAN_POINT('',(0.0400174262152778,0.0195,-0.0352750831886569));
#8898=CARTESIAN_POINT('',(0.0406391420717593,0.019,-0.0354943142361107));
#8899=CARTESIAN_POINT('',(0.0406391420717593,0.0195,-0.0354943142361107));
#8900=CARTESIAN_POINT('',(0.0414338324652778,0.019,-0.0354943142361107));
#8901=CARTESIAN_POINT('',(0.0414338324652778,0.0195,-0.0354943142361107));
#8902=CARTESIAN_POINT('',(0.0395686848958333,0.019,-0.0348366210937495));
#8903=CARTESIAN_POINT('',(0.0395686848958333,0.019,-0.0348366210937495));
#8904=CARTESIAN_POINT('',(0.0395686848958333,0.019,-0.0348366210937495));
#8905=CARTESIAN_POINT('',(0.040241796875,0.019,-0.0354943142361107));
#8906=CARTESIAN_POINT('',(0.0414338324652778,0.019,-0.0354943142361107));
#8907=CARTESIAN_POINT('',(0.0388955729166666,0.019,-0.033002842881944));
#8908=CARTESIAN_POINT('',(0.0388955729166666,0.0195,-0.033002842881944));
#8909=CARTESIAN_POINT('',(0.0388955729166666,0.019,-0.0337868995949069));
#8910=CARTESIAN_POINT('',(0.0388955729166666,0.0195,-0.0337868995949069));
#8911=CARTESIAN_POINT('',(0.0391199435763889,0.019,-0.0343981589988421));
#8912=CARTESIAN_POINT('',(0.0391199435763889,0.0195,-0.0343981589988421));
#8913=CARTESIAN_POINT('',(0.0395686848958333,0.019,-0.0348366210937495));
#8914=CARTESIAN_POINT('',(0.0395686848958333,0.0195,-0.0348366210937495));
#8915=CARTESIAN_POINT('',(0.0388955729166666,0.019,-0.033002842881944));
#8916=CARTESIAN_POINT('',(0.0388955729166666,0.019,-0.033002842881944));
#8917=CARTESIAN_POINT('',(0.0388955729166666,0.019,-0.033002842881944));
#8918=CARTESIAN_POINT('',(0.0388955729166666,0.019,-0.0341789279513884));
#8919=CARTESIAN_POINT('',(0.0395686848958333,0.019,-0.0348366210937495));
#8920=CARTESIAN_POINT('',(0.0394756401909723,0.019,-0.031146202256944));
#8921=CARTESIAN_POINT('',(0.0394756401909723,0.0195,-0.031146202256944));
#8922=CARTESIAN_POINT('',(0.0390889286747685,0.019,-0.0315772207754625));
#8923=CARTESIAN_POINT('',(0.0390889286747685,0.0195,-0.0315772207754625));
#8924=CARTESIAN_POINT('',(0.0388955729166666,0.019,-0.0321961009837958));
#8925=CARTESIAN_POINT('',(0.0388955729166666,0.0195,-0.0321961009837958));
#8926=CARTESIAN_POINT('',(0.0388955729166666,0.019,-0.033002842881944));
#8927=CARTESIAN_POINT('',(0.0388955729166666,0.0195,-0.033002842881944));
#8928=CARTESIAN_POINT('',(0.0394756401909723,0.019,-0.031146202256944));
#8929=CARTESIAN_POINT('',(0.0394756401909723,0.019,-0.031146202256944));
#8930=CARTESIAN_POINT('',(0.0394756401909723,0.019,-0.031146202256944));
#8931=CARTESIAN_POINT('',(0.0388955729166666,0.019,-0.0317927300347218));
#8932=CARTESIAN_POINT('',(0.0388955729166666,0.019,-0.033002842881944));
#8933=CARTESIAN_POINT('',(0.0411552300347223,0.019,-0.0304996744791661));
#8934=CARTESIAN_POINT('',(0.0411552300347223,0.0195,-0.0304996744791661));
#8935=CARTESIAN_POINT('',(0.040422214988426,0.019,-0.0304996744791661));
#8936=CARTESIAN_POINT('',(0.040422214988426,0.0195,-0.0304996744791661));
#8937=CARTESIAN_POINT('',(0.039862351707176,0.019,-0.0307151837384254));
#8938=CARTESIAN_POINT('',(0.039862351707176,0.0195,-0.0307151837384254));
#8939=CARTESIAN_POINT('',(0.0394756401909723,0.019,-0.031146202256944));
#8940=CARTESIAN_POINT('',(0.0394756401909723,0.0195,-0.031146202256944));
#8941=CARTESIAN_POINT('',(0.0411552300347223,0.019,-0.0304996744791661));
#8942=CARTESIAN_POINT('',(0.0411552300347223,0.019,-0.0304996744791661));
#8943=CARTESIAN_POINT('',(0.0411552300347223,0.019,-0.0304996744791661));
#8944=CARTESIAN_POINT('',(0.0400557074652778,0.019,-0.0304996744791661));
#8945=CARTESIAN_POINT('',(0.0394756401909723,0.019,-0.031146202256944));
#8946=CARTESIAN_POINT('',(0.0411636082211777,0.019,-0.0362252007324855));
#8947=CARTESIAN_POINT('',(0.0420006076388889,0.019,-0.0305613498263884));
#8948=CARTESIAN_POINT('',(0.0420006495357653,0.019,-0.0305610811141234));
#8949=CARTESIAN_POINT('',(0.0411636082211777,0.019,-0.0362252007324855));
#8950=CARTESIAN_POINT('',(0.0411490784087362,0.019,-0.0359538281987698));
#8951=CARTESIAN_POINT('',(0.0428832031250001,0.019,-0.030776698145094));
#8952=CARTESIAN_POINT('',(0.0428832031250001,0.019,-0.030776698145094));
#8953=CARTESIAN_POINT('',(0.0411490784087362,0.019,-0.0359538281987698));
#8954=CARTESIAN_POINT('',(0.0428832031250001,0.019,-0.0320357096354162));
#8955=CARTESIAN_POINT('',(0.0428832031250001,0.019,-0.0320357096354162));
#8956=CARTESIAN_POINT('',(0.0462620146721602,0.019,-0.055));
#8957=CARTESIAN_POINT('',(0.0396181315104167,0.019,-0.0398222222222218));
#8958=CARTESIAN_POINT('',(0.0401248263888889,0.019,-0.0398222222222218));
#8959=CARTESIAN_POINT('',(0.0401248263888889,0.019,-0.0398222222222218));
#8960=CARTESIAN_POINT('',(0.0396181315104167,0.019,-0.0398222222222218));
#8961=CARTESIAN_POINT('',(0.0391114366319444,0.019,-0.0398222222222218));
#8962=CARTESIAN_POINT('',(0.0391114366319444,0.019,-0.0398222222222218));
#8963=CARTESIAN_POINT('',(0.0401248263888889,0.019,-0.0407824435763885));
#8964=CARTESIAN_POINT('',(0.0401248263888889,0.019,-0.0417426649305551));
#8965=CARTESIAN_POINT('',(0.0401248263888889,0.019,-0.0417426649305551));
#8966=CARTESIAN_POINT('',(0.0401248263888889,0.019,-0.0407824435763885));
#8967=CARTESIAN_POINT('',(0.0409489366319444,0.019,-0.0417426649305551));
#8968=CARTESIAN_POINT('',(0.041773046875,0.019,-0.0417426649305551));
#8969=CARTESIAN_POINT('',(0.041773046875,0.019,-0.0417426649305551));
#8970=CARTESIAN_POINT('',(0.0409489366319444,0.019,-0.0417426649305551));
#8971=CARTESIAN_POINT('',(0.041773046875,0.019,-0.0421632269965274));
#8972=CARTESIAN_POINT('',(0.041773046875,0.019,-0.0425837890624996));
#8973=CARTESIAN_POINT('',(0.041773046875,0.019,-0.0425837890624996));
#8974=CARTESIAN_POINT('',(0.041773046875,0.019,-0.0421632269965274));
#8975=CARTESIAN_POINT('',(0.0409489366319444,0.019,-0.0425837890624996));
#8976=CARTESIAN_POINT('',(0.0401248263888889,0.019,-0.0425837890624996));
#8977=CARTESIAN_POINT('',(0.0401248263888889,0.019,-0.0425837890624996));
#8978=CARTESIAN_POINT('',(0.0409489366319444,0.019,-0.0425837890624996));
#8979=CARTESIAN_POINT('',(0.0401248263888889,0.019,-0.0432101128472219));
#8980=CARTESIAN_POINT('',(0.0401248263888889,0.019,-0.0438364366319441));
#8981=CARTESIAN_POINT('',(0.0401248263888889,0.019,-0.0438364366319441));
#8982=CARTESIAN_POINT('',(0.0401248263888889,0.019,-0.0432101128472219));
#8983=CARTESIAN_POINT('',(0.0410106119791667,0.019,-0.0438364366319441));
#8984=CARTESIAN_POINT('',(0.0418963975694445,0.019,-0.0438364366319441));
#8985=CARTESIAN_POINT('',(0.0418963975694445,0.019,-0.0438364366319441));
#8986=CARTESIAN_POINT('',(0.0410106119791667,0.019,-0.0438364366319441));
#8987=CARTESIAN_POINT('',(0.0418963975694445,0.019,-0.0442585937499996));
#8988=CARTESIAN_POINT('',(0.0418963975694445,0.019,-0.0446807508680552));
#8989=CARTESIAN_POINT('',(0.0418963975694445,0.019,-0.0446807508680552));
#8990=CARTESIAN_POINT('',(0.0418963975694445,0.019,-0.0442585937499996));
#8991=CARTESIAN_POINT('',(0.0405039171006945,0.019,-0.0446807508680552));
#8992=CARTESIAN_POINT('',(0.0391114366319444,0.019,-0.0446807508680552));
#8993=CARTESIAN_POINT('',(0.0391114366319444,0.019,-0.0446807508680552));
#8994=CARTESIAN_POINT('',(0.0405039171006945,0.019,-0.0446807508680552));
#8995=CARTESIAN_POINT('',(0.0391114366319444,0.019,-0.0422514865451385));
#8996=CARTESIAN_POINT('',(0.0391114366319444,0.019,-0.0422514865451385));
#8997=CARTESIAN_POINT('',(0.0462620146721602,0.019,-0.055));
#8998=CARTESIAN_POINT('',(0.0405102973090278,0.019,-0.0490777777777774));
#8999=CARTESIAN_POINT('',(0.0419091579861112,0.019,-0.0490777777777774));
#9000=CARTESIAN_POINT('',(0.0419091579861112,0.019,-0.0490777777777774));
#9001=CARTESIAN_POINT('',(0.0405102973090278,0.019,-0.0490777777777774));
#9002=CARTESIAN_POINT('',(0.0391114366319444,0.019,-0.0490777777777774));
#9003=CARTESIAN_POINT('',(0.0391114366319444,0.019,-0.0490777777777774));
#9004=CARTESIAN_POINT('',(0.0419091579861112,0.019,-0.0495031249999997));
#9005=CARTESIAN_POINT('',(0.0419091579861112,0.019,-0.0499284722222219));
#9006=CARTESIAN_POINT('',(0.0419091579861112,0.019,-0.0499284722222219));
#9007=CARTESIAN_POINT('',(0.0419091579861112,0.019,-0.0495031249999997));
#9008=CARTESIAN_POINT('',(0.0410254991319444,0.019,-0.0499284722222219));
#9009=CARTESIAN_POINT('',(0.0401418402777778,0.019,-0.0499284722222219));
#9010=CARTESIAN_POINT('',(0.0401418402777778,0.019,-0.0499284722222219));
#9011=CARTESIAN_POINT('',(0.0410254991319444,0.019,-0.0499284722222219));
#9012=CARTESIAN_POINT('',(0.0401418402777778,0.019,-0.0505547960069441));
#9013=CARTESIAN_POINT('',(0.0401418402777778,0.019,-0.0511811197916664));
#9014=CARTESIAN_POINT('',(0.0401418402777778,0.019,-0.0511811197916664));
#9015=CARTESIAN_POINT('',(0.0401418402777778,0.019,-0.0505547960069441));
#9016=CARTESIAN_POINT('',(0.04096435546875,0.019,-0.0511811197916664));
#9017=CARTESIAN_POINT('',(0.0417868706597222,0.019,-0.0511811197916664));
#9018=CARTESIAN_POINT('',(0.0417868706597222,0.019,-0.0511811197916664));
#9019=CARTESIAN_POINT('',(0.04096435546875,0.019,-0.0511811197916664));
#9020=CARTESIAN_POINT('',(0.0417868706597222,0.019,-0.0516032769097219));
#9021=CARTESIAN_POINT('',(0.0417868706597222,0.019,-0.0520254340277775));
#9022=CARTESIAN_POINT('',(0.0417868706597222,0.019,-0.0520254340277775));
#9023=CARTESIAN_POINT('',(0.0417868706597222,0.019,-0.0516032769097219));
#9024=CARTESIAN_POINT('',(0.04096435546875,0.019,-0.0520254340277775));
#9025=CARTESIAN_POINT('',(0.0401418402777778,0.019,-0.0520254340277775));
#9026=CARTESIAN_POINT('',(0.0401418402777778,0.019,-0.0520254340277775));
#9027=CARTESIAN_POINT('',(0.04096435546875,0.019,-0.0520254340277775));
#9028=CARTESIAN_POINT('',(0.0401418402777778,0.019,-0.0525587131076386));
#9029=CARTESIAN_POINT('',(0.0401418402777778,0.019,-0.0530919921874997));
#9030=CARTESIAN_POINT('',(0.0401418402777778,0.019,-0.0530919921874997));
#9031=CARTESIAN_POINT('',(0.0401418402777778,0.019,-0.0525587131076386));
#9032=CARTESIAN_POINT('',(0.0410254991319444,0.019,-0.0530919921874997));
#9033=CARTESIAN_POINT('',(0.0419091579861112,0.019,-0.0530919921874997));
#9034=CARTESIAN_POINT('',(0.0419091579861112,0.019,-0.0530919921874997));
#9035=CARTESIAN_POINT('',(0.0410254991319444,0.019,-0.0530919921874997));
#9036=CARTESIAN_POINT('',(0.0419091579861112,0.019,-0.0535141493055553));
#9037=CARTESIAN_POINT('',(0.0419091579861112,0.019,-0.0539363064236108));
#9038=CARTESIAN_POINT('',(0.0419091579861112,0.019,-0.0539363064236108));
#9039=CARTESIAN_POINT('',(0.0419091579861112,0.019,-0.0535141493055553));
#9040=CARTESIAN_POINT('',(0.0405102973090278,0.019,-0.0539363064236108));
#9041=CARTESIAN_POINT('',(0.0391114366319444,0.019,-0.0539363064236108));
#9042=CARTESIAN_POINT('',(0.0391114366319444,0.019,-0.0539363064236108));
#9043=CARTESIAN_POINT('',(0.0405102973090278,0.019,-0.0539363064236108));
#9044=CARTESIAN_POINT('',(0.0391114366319444,0.019,-0.0515070421006941));
#9045=CARTESIAN_POINT('',(0.0391114366319444,0.019,-0.0515070421006941));
#9046=CARTESIAN_POINT('',(0.0462620146721602,0.019,-0.055));
#9047=CARTESIAN_POINT('',(0.1035,0.0195,-0.055));
#9048=CARTESIAN_POINT('',(0.1035,0.0195,-0.055));
#9049=CARTESIAN_POINT('',(0.1035,0.0195,-0.055));
#9050=CARTESIAN_POINT('',(0.1035,-1.99999999999983E-6,-0.119));
#9051=CARTESIAN_POINT('',(0.13797224362268,0.,-0.119));
#9052=CARTESIAN_POINT('',(0.06902775637732,-1.99999999999983E-6,-0.119));
#9053=CARTESIAN_POINT('',(0.1485,-1.99999999999983E-6,-0.114));
#9054=CARTESIAN_POINT('',(0.153480754415068,0.,-0.110679497056622));
#9055=CARTESIAN_POINT('',(0.143519245584932,0.003,-0.117320502943378));
#9056=CARTESIAN_POINT('',(0.0585,-1.99999999999983E-6,-0.114));
#9057=CARTESIAN_POINT('',(0.0634807544150677,-1.99999999999983E-6,-0.117320502943378));
#9058=CARTESIAN_POINT('',(0.0535192455849324,-1.99999999999983E-6,-0.110679497056622));
#9059=CARTESIAN_POINT('',(0.0415,0.003,-0.096));
#9060=CARTESIAN_POINT('',(0.0415,0.0135,-0.055));
#9061=CARTESIAN_POINT('',(0.0415,0.0135,-0.0901715728752538));
#9062=CARTESIAN_POINT('',(0.0535,0.0135,-0.096));
#9063=CARTESIAN_POINT('',(0.0473284271247462,0.0135,-0.096));
#9064=CARTESIAN_POINT('',(0.0549142135623731,0.0135,-0.103585786437627));
#9065=CARTESIAN_POINT('',(0.1655,0.0135,-0.049));
#9066=CARTESIAN_POINT('',(0.1655,0.0135,-0.096));
#9067=CARTESIAN_POINT('',(0.1655,0.003,-0.096));
#9068=CARTESIAN_POINT('',(0.1655,0.0135,-0.096));
#9069=CARTESIAN_POINT('',(0.1655,0.0135,-0.096));
#9070=CARTESIAN_POINT('',(0.1655,0.0135,-0.096));
#9071=CARTESIAN_POINT('',(0.0535,0.0135,-0.096));
#9072=CARTESIAN_POINT('',(0.141,0.0155,-0.101));
#9073=CARTESIAN_POINT('',(0.141,0.005,-0.101));
#9074=CARTESIAN_POINT('',(0.141,0.0195,-0.095));
#9075=CARTESIAN_POINT('',(0.066,0.0155,-0.095));
#9076=CARTESIAN_POINT('',(0.1575,0.0195,-0.091));
#9077=CARTESIAN_POINT('',(0.1615,0.0155,-0.009));
#9078=CARTESIAN_POINT('',(0.0495,0.0195,-0.091));
#9079=CARTESIAN_POINT('',(0.0455,0.0195,-0.009));
#9080=CARTESIAN_POINT('',(0.1705,0.0155,-0.101));
#9081=CARTESIAN_POINT('',(0.1705,0.005,-0.101));
#9082=CARTESIAN_POINT('',(0.066,0.0155,-0.101));
#9083=CARTESIAN_POINT('',(0.066,0.005,-0.101));
#9084=CARTESIAN_POINT('',(0.1705,0.0155,-0.009));
#9085=CARTESIAN_POINT('',(0.1705,0.005,-0.009));
#9086=CARTESIAN_POINT('',(0.0365,0.0155,-0.101));
#9087=CARTESIAN_POINT('',(0.0365,0.005,-0.101));
#9088=CARTESIAN_POINT('',(0.0365,0.0155,-0.009));
#9089=CARTESIAN_POINT('',(0.0365,0.005,-0.009));
#9090=CARTESIAN_POINT('',(0.0518357864376269,0.005,-0.106164213562373));
#9091=CARTESIAN_POINT('',(0.1035,0.005,-0.005));
#9092=CARTESIAN_POINT('',(0.1705,0.005,-0.005));
#9093=CARTESIAN_POINT('',(0.1705,0.005,-0.009));
#9094=CARTESIAN_POINT('',(0.1745,0.005,-0.009));
#9095=CARTESIAN_POINT('',(0.1745,0.005,-0.0545));
#9096=CARTESIAN_POINT('',(0.1745,0.005,-0.101));
#9097=CARTESIAN_POINT('',(0.1705,0.005,-0.101));
#9098=CARTESIAN_POINT('',(0.1705,0.005,-0.105));
#9099=CARTESIAN_POINT('',(0.15575,0.005,-0.105));
#9100=CARTESIAN_POINT('',(0.141,0.005,-0.105));
#9101=CARTESIAN_POINT('',(0.141,0.005,-0.101));
#9102=CARTESIAN_POINT('',(0.137,0.005,-0.101));
#9103=CARTESIAN_POINT('',(0.137,0.005,-0.1005));
#9104=CARTESIAN_POINT('',(0.07,0.005,-0.1005));
#9105=CARTESIAN_POINT('',(0.07,0.005,-0.101));
#9106=CARTESIAN_POINT('',(0.066,0.005,-0.101));
#9107=CARTESIAN_POINT('',(0.066,0.005,-0.105));
#9108=CARTESIAN_POINT('',(0.1035,0.005,-0.105));
#9109=CARTESIAN_POINT('',(0.0365,0.005,-0.105));
#9110=CARTESIAN_POINT('',(0.0365,0.005,-0.101));
#9111=CARTESIAN_POINT('',(0.0325,0.005,-0.101));
#9112=CARTESIAN_POINT('',(0.0325,0.005,-0.0545));
#9113=CARTESIAN_POINT('',(0.0325,0.005,-0.009));
#9114=CARTESIAN_POINT('',(0.0365,0.005,-0.009));
#9115=CARTESIAN_POINT('',(0.0365,0.005,-0.005));
#9116=CARTESIAN_POINT('',(0.1035,0.005,-0.005));
#9117=CARTESIAN_POINT('',(0.15902775637732,0.003,-0.119));
#9118=CARTESIAN_POINT('',(0.13797224362268,-1.99999999999983E-6,-0.109));
#9119=CARTESIAN_POINT('',(0.06902775637732,-1.99999999999983E-6,-0.109));
#9120=CARTESIAN_POINT('',(0.0479722436226801,-1.99999999999983E-6,-0.119));
#9121=MECHANICAL_DESIGN_GEOMETRIC_PRESENTATION_REPRESENTATION('',(#5299),
#9122);
#9122=(
GEOMETRIC_REPRESENTATION_CONTEXT(3)
GLOBAL_UNCERTAINTY_ASSIGNED_CONTEXT((#9123))
GLOBAL_UNIT_ASSIGNED_CONTEXT((#9126,#9125,#9124))
REPRESENTATION_CONTEXT('Part 1','TOP_LEVEL_ASSEMBLY_PART')
);
#9123=UNCERTAINTY_MEASURE_WITH_UNIT(LENGTH_MEASURE(2.E-5),#9126,
'DISTANCE_ACCURACY_VALUE','Maximum Tolerance applied to model');
#9124=(
NAMED_UNIT(*)
SI_UNIT($,.STERADIAN.)
SOLID_ANGLE_UNIT()
);
#9125=(
NAMED_UNIT(*)
PLANE_ANGLE_UNIT()
SI_UNIT($,.RADIAN.)
);
#9126=(
LENGTH_UNIT()
NAMED_UNIT(*)
SI_UNIT($,.METRE.)
);
#9127=PRODUCT_DEFINITION_SHAPE('','',#9128);
#9128=PRODUCT_DEFINITION('','',#9130,#9129);
#9129=PRODUCT_DEFINITION_CONTEXT('',#9136,'design');
#9130=PRODUCT_DEFINITION_FORMATION_WITH_SPECIFIED_SOURCE('','',#9132,
 .NOT_KNOWN.);
#9131=PRODUCT_RELATED_PRODUCT_CATEGORY('','',(#9132));
#9132=PRODUCT('Part 1','Part 1','Part 1',(#9134));
#9133=PRODUCT_CATEGORY('','');
#9134=PRODUCT_CONTEXT('',#9136,'mechanical');
#9135=APPLICATION_PROTOCOL_DEFINITION('international standard',
'ap242_managed_model_based_3d_engineering',2020,#9136);
#9136=APPLICATION_CONTEXT('managed model based 3d engineering');
ENDSEC;
END-ISO-10303-21;
