ISO-10303-21;
HEADER;
/* Generated by software containing ST-Developer
 * from STEP Tools, Inc. (www.steptools.com) 
 */
/* OPTION: using custom renumber hook */

FILE_DESCRIPTION(
/* description */ ('STEP AP242 Edition 2',
'CAx-IF Rec.Pracs.---Representation and Presentation of Product Manufa
cturing Information (PMI)---4.0---2014-10-13',
'CAx-IF Rec.Pracs.---3D Tessellated Geometry---0.4---2014-09-14','2;1',
'CAx-IF Rec.Pracs.---User Defined Attributes---1.5---2016-08-15'),
/* implementation_level */ '2;1');

FILE_NAME(
/* name */ '2.0 Megapixel USB X Camera Mount_REV. 0',
/* time_stamp */ '2026-09-10T16:34:04Z',
/* author */ (''),
/* organization */ (''),
/* preprocessor_version */ 'ST-DEVELOPER v20',
/* originating_system */ 'ONSHAPE BY PTC INC, 1.220',
/* authorisation */ '  ');

FILE_SCHEMA (('AP242_MANAGED_MODEL_BASED_3D_ENGINEERING_MIM_LF { 1 0 10303 442 3 1 4 }'));
ENDSEC;

DATA;
#10=SHAPE_REPRESENTATION_RELATIONSHIP('','',#1661,#11);
#11=ADVANCED_BREP_SHAPE_REPRESENTATION('',(#1659),#3077);
#12=B_SPLINE_SURFACE_WITH_KNOTS('',3,1,((#2965,#2966),(#2967,#2968),(#2969,
#2970),(#2971,#2972),(#2973,#2974),(#2975,#2976),(#2977,#2978),(#2979,#2980)),
 .SURF_OF_LINEAR_EXTRUSION.,.F.,.F.,.F.,(4,1,1,1,1,4),(2,2),(0.000376238933511162,
0.00136858972667634,0.00236094051984152,0.00434564210617189,0.00633034369250225,
0.00831504527883261),(0.,1.),.UNSPECIFIED.);
#13=B_SPLINE_SURFACE_WITH_KNOTS('',1,3,((#2985,#2986,#2987,#2988),(#2989,
#2990,#2991,#2992)),.RULED_SURF.,.F.,.F.,.F.,(2,2),(4,4),(0.,1.),(0.00866206816321181,
0.010525443162486),.PIECEWISE_BEZIER_KNOTS.);
#14=B_SPLINE_SURFACE_WITH_KNOTS('',1,3,((#3014,#3015,#3016,#3017),(#3018,
#3019,#3020,#3021)),.RULED_SURF.,.F.,.F.,.F.,(2,2),(4,4),(0.,1.),(0.98949896179706,
0.991321367091872),.PIECEWISE_BEZIER_KNOTS.);
#15=B_SPLINE_SURFACE_WITH_KNOTS('',3,1,((#3026,#3027),(#3028,#3029),(#3030,
#3031),(#3032,#3033),(#3034,#3035),(#3036,#3037),(#3038,#3039)),
 .SURF_OF_LINEAR_EXTRUSION.,.F.,.F.,.F.,(4,1,1,1,4),(2,2),(0.991669781065793,
0.993658393737234,0.995647006408674,0.997635619080115,0.999624231751555),
(0.,1.),.UNSPECIFIED.);
#16=ELLIPSE('',#1774,0.00707106781186547,0.005);
#17=ELLIPSE('',#1777,0.00707106781186547,0.005);
#18=CONICAL_SURFACE('',#1742,0.0125,0.785398163397448);
#19=CONICAL_SURFACE('',#1743,0.0145,0.785398163397448);
#20=CONICAL_SURFACE('',#1823,0.245,0.785398163397453);
#21=CONICAL_SURFACE('',#1824,0.245,0.785398163397444);
#22=CONICAL_SURFACE('',#1825,0.254064440371331,0.785398163397448);
#23=CONICAL_SURFACE('',#1826,0.037,0.785398163397448);
#24=CONICAL_SURFACE('',#1827,0.037,0.785398163397449);
#25=CONICAL_SURFACE('',#1828,0.254064440371331,0.785398163397449);
#26=CONICAL_SURFACE('',#1829,0.008,0.785398163397445);
#27=CONICAL_SURFACE('',#1831,0.002,0.785398163397449);
#28=CONICAL_SURFACE('',#1833,0.002,0.785398163397448);
#29=CONICAL_SURFACE('',#1835,0.00799999999992751,0.785398163385362);
#30=CONICAL_SURFACE('',#1836,0.254064440371323,0.785398163398753);
#31=CONICAL_SURFACE('',#1837,0.037,0.785398163397448);
#32=CONICAL_SURFACE('',#1839,0.027,0.785398163397448);
#33=CONICAL_SURFACE('',#1841,0.037,0.785398163397448);
#34=CONICAL_SURFACE('',#1842,0.254064440370401,0.785398163552409);
#35=CONICAL_SURFACE('',#1843,0.00799999999991146,0.785398163382693);
#36=CONICAL_SURFACE('',#1845,0.002,0.785398163397448);
#37=CONICAL_SURFACE('',#1847,0.002,0.785398163397448);
#38=CONICAL_SURFACE('',#1849,0.008,0.785398163397449);
#39=CONICAL_SURFACE('',#1850,0.245,0.785398163397448);
#40=CONICAL_SURFACE('',#1851,0.245,0.785398163397448);
#41=CONICAL_SURFACE('',#1852,0.007,0.785398163397448);
#42=CONICAL_SURFACE('',#1853,0.025,0.785398163397448);
#43=CONICAL_SURFACE('',#1854,0.007,0.785398163397448);
#44=B_SPLINE_CURVE_WITH_KNOTS('',3,(#2391,#2392,#2393,#2394),
 .UNSPECIFIED.,.F.,.F.,(4,4),(0.,1.),.UNSPECIFIED.);
#45=B_SPLINE_CURVE_WITH_KNOTS('',3,(#2398,#2399,#2400,#2401,#2402,#2403,
#2404),.UNSPECIFIED.,.F.,.F.,(4,1,1,1,4),(0.,0.25,0.5,0.75,1.),
 .UNSPECIFIED.);
#46=B_SPLINE_CURVE_WITH_KNOTS('',3,(#2443,#2444,#2445,#2446),
 .UNSPECIFIED.,.F.,.F.,(4,4),(0.,0.00104197862697093),.UNSPECIFIED.);
#47=B_SPLINE_CURVE_WITH_KNOTS('',3,(#2454,#2455,#2456,#2457),
 .UNSPECIFIED.,.F.,.F.,(4,4),(0.,0.00104197862697093),.UNSPECIFIED.);
#48=B_SPLINE_CURVE_WITH_KNOTS('',3,(#2487,#2488,#2489,#2490,#2491),
 .UNSPECIFIED.,.F.,.F.,(4,1,4),(0.,0.0022651399020851,0.0045302798041702),
 .UNSPECIFIED.);
#49=B_SPLINE_CURVE_WITH_KNOTS('',3,(#2509,#2510,#2511,#2512,#2513),
 .UNSPECIFIED.,.F.,.F.,(4,1,4),(0.00251514760455442,0.00476831996809852,
0.00702149233164262),.UNSPECIFIED.);
#50=B_SPLINE_CURVE_WITH_KNOTS('',3,(#2586,#2587,#2588,#2589,#2590,#2591),
 .UNSPECIFIED.,.F.,.F.,(4,1,1,4),(0.,0.00164987275673486,0.00329974551346971,
0.00659949102693943),.UNSPECIFIED.);
#51=B_SPLINE_CURVE_WITH_KNOTS('',3,(#2596,#2597,#2598,#2599,#2600,#2601),
 .UNSPECIFIED.,.F.,.F.,(4,1,1,4),(0.,0.00329709930099832,0.00494564895149749,
0.00659419860199665),.UNSPECIFIED.);
#52=B_SPLINE_CURVE_WITH_KNOTS('',3,(#2607,#2608,#2609,#2610),
 .UNSPECIFIED.,.F.,.F.,(4,4),(0.00660147433813971,0.00760493687631971),
 .UNSPECIFIED.);
#53=B_SPLINE_CURVE_WITH_KNOTS('',3,(#2611,#2612,#2613,#2614),
 .UNSPECIFIED.,.F.,.F.,(4,4),(0.,0.00101581702307917),.UNSPECIFIED.);
#54=B_SPLINE_CURVE_WITH_KNOTS('',3,(#2628,#2629,#2630,#2631),
 .UNSPECIFIED.,.F.,.F.,(4,4),(0.,0.00850052963375148),.UNSPECIFIED.);
#55=B_SPLINE_CURVE_WITH_KNOTS('',3,(#2646,#2647,#2648,#2649),
 .UNSPECIFIED.,.F.,.F.,(4,4),(0.,0.00850052963375148),.UNSPECIFIED.);
#56=B_SPLINE_CURVE_WITH_KNOTS('',3,(#2685,#2686,#2687,#2688,#2689,#2690,
#2691,#2692,#2693,#2694,#2695,#2696,#2697,#2698,#2699,#2700,#2701,#2702),
 .UNSPECIFIED.,.T.,.F.,(1,1,1,1,1,1,1,1,1,1,1,1,1,1,1,1,1,1,1,1,1,1),(-0.00599272131546943,
-0.00399514754364629,-0.00199757377182314,9.75781955236954E-19,0.00199757377182314,
0.00399514754364629,0.00599272131546943,0.00799029508729257,0.00998786885911572,
0.0119854426309389,0.0159805901745851,0.0179781639464083,0.0199757377182314,
0.0219733114900546,0.0239708852618777,0.0259684590337009,0.027966032805524,
0.0299636065773471,0.0319611803491703,0.0339587541209934,0.0359563278928166,
0.0379539016646397),.UNSPECIFIED.);
#57=B_SPLINE_CURVE_WITH_KNOTS('',3,(#2709,#2710,#2711,#2712,#2713,#2714,
#2715),.UNSPECIFIED.,.F.,.F.,(4,1,1,1,4),(0.,0.0026267307122584,0.00525346142451681,
0.00788019213677521,0.0105069228490336),.UNSPECIFIED.);
#58=B_SPLINE_CURVE_WITH_KNOTS('',3,(#2720,#2721,#2722,#2723,#2724,#2725,
#2726),.UNSPECIFIED.,.F.,.F.,(4,1,1,1,4),(0.,0.00262673071225827,0.00525346142451654,
0.0078801921367748,0.0105069228490331),.UNSPECIFIED.);
#59=B_SPLINE_CURVE_WITH_KNOTS('',3,(#2762,#2763,#2764,#2765),
 .UNSPECIFIED.,.F.,.F.,(4,4),(0.,0.0143215795159079),.UNSPECIFIED.);
#60=B_SPLINE_CURVE_WITH_KNOTS('',3,(#2769,#2770,#2771,#2772),
 .UNSPECIFIED.,.F.,.F.,(4,4),(0.00170369279822506,0.016025272314133),
 .UNSPECIFIED.);
#61=B_SPLINE_CURVE_WITH_KNOTS('',3,(#2782,#2783,#2784,#2785,#2786,#2787,
#2788,#2789),.UNSPECIFIED.,.F.,.F.,(4,1,1,1,1,4),(0.,0.00154405108731572,
0.00231607663097358,0.00308810217463144,0.00463215326194716,0.00617620434926288),
 .UNSPECIFIED.);
#62=B_SPLINE_CURVE_WITH_KNOTS('',3,(#2790,#2791,#2792,#2793),
 .UNSPECIFIED.,.F.,.F.,(4,4),(0.,0.000345473387758456),.UNSPECIFIED.);
#63=B_SPLINE_CURVE_WITH_KNOTS('',3,(#2797,#2798,#2799,#2800,#2801,#2802,
#2803,#2804),.UNSPECIFIED.,.F.,.F.,(4,1,1,1,1,4),(1.57209315010398E-18,
0.00153932467644625,0.00307864935289251,0.00384831169111563,0.00461797402933876,
0.00615729870578501),.UNSPECIFIED.);
#64=B_SPLINE_CURVE_WITH_KNOTS('',3,(#2805,#2806,#2807,#2808),
 .UNSPECIFIED.,.F.,.F.,(4,4),(0.,0.000345473387758456),.UNSPECIFIED.);
#65=B_SPLINE_CURVE_WITH_KNOTS('',3,(#2815,#2816,#2817,#2818,#2819,#2820,
#2821,#2822,#2823,#2824,#2825),.UNSPECIFIED.,.F.,.F.,(4,1,1,1,1,1,1,1,4),
(0.,0.25,0.375,0.4375,0.5,0.5625,0.625,0.75,1.),.UNSPECIFIED.);
#66=B_SPLINE_CURVE_WITH_KNOTS('',3,(#2827,#2828,#2829,#2830),
 .UNSPECIFIED.,.F.,.F.,(4,4),(0.,1.),.UNSPECIFIED.);
#67=B_SPLINE_CURVE_WITH_KNOTS('',3,(#2832,#2833,#2834,#2835,#2836),
 .UNSPECIFIED.,.F.,.F.,(4,1,4),(0.,0.5,1.),.UNSPECIFIED.);
#68=B_SPLINE_CURVE_WITH_KNOTS('',3,(#2838,#2839,#2840,#2841),
 .UNSPECIFIED.,.F.,.F.,(4,4),(1.60084057052858E-16,7.35577877381483E-5),
 .UNSPECIFIED.);
#69=B_SPLINE_CURVE_WITH_KNOTS('',3,(#2842,#2843,#2844,#2845),
 .UNSPECIFIED.,.F.,.F.,(4,4),(1.95741560386216E-14,7.35202416710683E-5),
 .UNSPECIFIED.);
#70=B_SPLINE_CURVE_WITH_KNOTS('',3,(#2847,#2848,#2849,#2850,#2851),
 .UNSPECIFIED.,.F.,.F.,(4,1,4),(0.,0.5,1.),.UNSPECIFIED.);
#71=B_SPLINE_CURVE_WITH_KNOTS('',3,(#2853,#2854,#2855,#2856),
 .UNSPECIFIED.,.F.,.F.,(4,4),(0.,1.),.UNSPECIFIED.);
#72=B_SPLINE_CURVE_WITH_KNOTS('',3,(#2858,#2859,#2860,#2861,#2862,#2863,
#2864,#2865,#2866,#2867,#2868),.UNSPECIFIED.,.F.,.F.,(4,1,1,1,1,1,1,1,4),
(0.,0.25,0.375,0.4375,0.5,0.5625,0.625,0.75,1.),.UNSPECIFIED.);
#73=B_SPLINE_CURVE_WITH_KNOTS('',3,(#2881,#2882,#2883,#2884,#2885,#2886,
#2887),.UNSPECIFIED.,.F.,.F.,(4,1,1,1,4),(0.,0.00172814652902237,0.00345629305804473,
0.0051844395870671,0.00691258611608946),.UNSPECIFIED.);
#74=B_SPLINE_CURVE_WITH_KNOTS('',3,(#2888,#2889,#2890,#2891,#2892,#2893,
#2894),.UNSPECIFIED.,.F.,.F.,(4,1,1,1,4),(0.,0.00173555790530891,0.00347111581061783,
0.00520667371592674,0.00694223162123565),.UNSPECIFIED.);
#75=B_SPLINE_CURVE_WITH_KNOTS('',3,(#2896,#2897,#2898,#2899,#2900,#2901,
#2902),.UNSPECIFIED.,.F.,.F.,(4,1,1,1,4),(1.85674172465952E-17,0.00164647705800946,
0.00329295411601891,0.00493943117402835,0.00658590823203779),
 .UNSPECIFIED.);
#76=B_SPLINE_CURVE_WITH_KNOTS('',3,(#2903,#2904,#2905,#2906,#2907,#2908),
 .UNSPECIFIED.,.F.,.F.,(4,1,1,4),(0.,0.00165109547697585,0.0033021909539517,
0.0066043819079034),.UNSPECIFIED.);
#77=B_SPLINE_CURVE_WITH_KNOTS('',3,(#2910,#2911,#2912,#2913),
 .UNSPECIFIED.,.F.,.F.,(4,4),(0.,0.00134602122656269),.UNSPECIFIED.);
#78=B_SPLINE_CURVE_WITH_KNOTS('',3,(#2915,#2916,#2917,#2918),
 .UNSPECIFIED.,.F.,.F.,(4,4),(0.,0.00134602122656218),.UNSPECIFIED.);
#79=B_SPLINE_CURVE_WITH_KNOTS('',3,(#2920,#2921,#2922,#2923,#2924,#2925),
 .UNSPECIFIED.,.F.,.F.,(4,1,1,4),(0.,0.00218258614282764,0.00436517228565528,
0.00873034457131057),.UNSPECIFIED.);
#80=B_SPLINE_CURVE_WITH_KNOTS('',3,(#2931,#2932,#2933,#2934,#2935,#2936),
 .UNSPECIFIED.,.F.,.F.,(4,1,1,4),(0.,0.00436127092231478,0.00654190638347218,
0.00872254184462957),.UNSPECIFIED.);
#81=B_SPLINE_CURVE_WITH_KNOTS('',3,(#2939,#2940,#2941,#2942),
 .UNSPECIFIED.,.F.,.F.,(4,4),(0.,0.00216127595490175),.UNSPECIFIED.);
#82=B_SPLINE_CURVE_WITH_KNOTS('',3,(#2954,#2955,#2956,#2957,#2958,#2959,
#2960,#2961,#2962,#2963,#2964),.UNSPECIFIED.,.F.,.F.,(4,1,1,1,1,1,1,1,4),
(0.,0.25,0.375,0.4375,0.5,0.5625,0.625,0.75,1.),.UNSPECIFIED.);
#83=B_SPLINE_CURVE_WITH_KNOTS('',3,(#2981,#2982,#2983,#2984),
 .UNSPECIFIED.,.F.,.F.,(4,4),(0.,1.),.UNSPECIFIED.);
#84=B_SPLINE_CURVE_WITH_KNOTS('',3,(#2993,#2994,#2995,#2996),
 .UNSPECIFIED.,.F.,.F.,(4,4),(0.,1.),.UNSPECIFIED.);
#85=B_SPLINE_CURVE_WITH_KNOTS('',3,(#3010,#3011,#3012,#3013),
 .UNSPECIFIED.,.F.,.F.,(4,4),(0.,1.),.UNSPECIFIED.);
#86=B_SPLINE_CURVE_WITH_KNOTS('',3,(#3022,#3023,#3024,#3025),
 .UNSPECIFIED.,.F.,.F.,(4,4),(0.,1.),.UNSPECIFIED.);
#87=B_SPLINE_CURVE_WITH_KNOTS('',3,(#3040,#3041,#3042,#3043,#3044,#3045,
#3046,#3047,#3048,#3049,#3050),.UNSPECIFIED.,.F.,.F.,(4,1,1,1,1,1,1,1,4),
(0.,0.25,0.375,0.4375,0.5,0.5625,0.625,0.75,1.),.UNSPECIFIED.);
#88=B_SPLINE_CURVE_WITH_KNOTS('',3,(#3064,#3065,#3066,#3067),
 .UNSPECIFIED.,.F.,.F.,(4,4),(9.97149715994833E-15,0.00216127595490081),
 .UNSPECIFIED.);
#89=CYLINDRICAL_SURFACE('',#1672,0.0025);
#90=CYLINDRICAL_SURFACE('',#1675,0.0025);
#91=CYLINDRICAL_SURFACE('',#1678,0.0025);
#92=CYLINDRICAL_SURFACE('',#1681,0.257064440371331);
#93=CYLINDRICAL_SURFACE('',#1695,0.025);
#94=CYLINDRICAL_SURFACE('',#1719,0.0017);
#95=CYLINDRICAL_SURFACE('',#1721,0.0017);
#96=CYLINDRICAL_SURFACE('',#1723,0.0125);
#97=CYLINDRICAL_SURFACE('',#1726,0.0017);
#98=CYLINDRICAL_SURFACE('',#1728,0.0017);
#99=CYLINDRICAL_SURFACE('',#1730,0.00265);
#100=CYLINDRICAL_SURFACE('',#1733,0.00265);
#101=CYLINDRICAL_SURFACE('',#1736,0.00265);
#102=CYLINDRICAL_SURFACE('',#1739,0.00265);
#103=CYLINDRICAL_SURFACE('',#1751,0.245);
#104=CYLINDRICAL_SURFACE('',#1770,0.005);
#105=CYLINDRICAL_SURFACE('',#1773,0.005);
#106=CYLINDRICAL_SURFACE('',#1775,0.005);
#107=CYLINDRICAL_SURFACE('',#1795,0.04);
#108=CYLINDRICAL_SURFACE('',#1800,0.004);
#109=CYLINDRICAL_SURFACE('',#1801,0.004);
#110=CYLINDRICAL_SURFACE('',#1803,0.004);
#111=CYLINDRICAL_SURFACE('',#1804,0.004);
#112=CYLINDRICAL_SURFACE('',#1806,0.005);
#113=CYLINDRICAL_SURFACE('',#1809,0.005);
#114=CYLINDRICAL_SURFACE('',#1810,0.005);
#115=CYLINDRICAL_SURFACE('',#1813,0.005);
#116=CYLINDRICAL_SURFACE('',#1815,0.005);
#117=CYLINDRICAL_SURFACE('',#1817,0.005);
#118=CYLINDRICAL_SURFACE('',#1819,0.005);
#119=CYLINDRICAL_SURFACE('',#1821,0.005);
#120=CYLINDRICAL_SURFACE('',#1822,0.005);
#121=CYLINDRICAL_SURFACE('',#1855,0.01);
#122=CIRCLE('',#1664,0.002);
#123=CIRCLE('',#1665,0.005);
#124=CIRCLE('',#1667,0.002);
#125=CIRCLE('',#1668,0.005);
#126=CIRCLE('',#1670,0.005);
#127=CIRCLE('',#1671,0.002);
#128=CIRCLE('',#1673,0.0025);
#129=CIRCLE('',#1674,0.0025);
#130=CIRCLE('',#1676,0.0025);
#131=CIRCLE('',#1677,0.0025);
#132=CIRCLE('',#1679,0.0025);
#133=CIRCLE('',#1680,0.0025);
#134=CIRCLE('',#1682,0.257064440371331);
#135=CIRCLE('',#1683,0.257064440371331);
#136=CIRCLE('',#1684,0.257064440371331);
#137=CIRCLE('',#1685,0.257064440371331);
#138=CIRCLE('',#1687,0.0017);
#139=CIRCLE('',#1688,0.0017);
#140=CIRCLE('',#1689,0.0017);
#141=CIRCLE('',#1690,0.0017);
#142=CIRCLE('',#1691,0.0145);
#143=CIRCLE('',#1692,0.022);
#144=CIRCLE('',#1693,0.007);
#145=CIRCLE('',#1694,0.007);
#146=CIRCLE('',#1696,0.025);
#147=CIRCLE('',#1697,0.025);
#148=CIRCLE('',#1699,0.004);
#149=CIRCLE('',#1700,0.03);
#150=CIRCLE('',#1701,0.004);
#151=CIRCLE('',#1702,0.004);
#152=CIRCLE('',#1703,0.004);
#153=CIRCLE('',#1705,0.027);
#154=CIRCLE('',#1706,0.0145);
#155=CIRCLE('',#1707,0.00265);
#156=CIRCLE('',#1708,0.00265);
#157=CIRCLE('',#1709,0.00265);
#158=CIRCLE('',#1710,0.00265);
#159=CIRCLE('',#1712,0.248);
#160=CIRCLE('',#1713,0.037);
#161=CIRCLE('',#1714,0.254064440371323);
#162=CIRCLE('',#1716,0.248);
#163=CIRCLE('',#1717,0.254064440370401);
#164=CIRCLE('',#1718,0.037);
#165=CIRCLE('',#1720,0.0017);
#166=CIRCLE('',#1722,0.0017);
#167=CIRCLE('',#1724,0.0125);
#168=CIRCLE('',#1725,0.0125);
#169=CIRCLE('',#1727,0.0017);
#170=CIRCLE('',#1729,0.0017);
#171=CIRCLE('',#1731,0.00265);
#172=CIRCLE('',#1734,0.00265);
#173=CIRCLE('',#1737,0.00265);
#174=CIRCLE('',#1740,0.00265);
#175=CIRCLE('',#1745,0.005);
#176=CIRCLE('',#1746,0.005);
#177=CIRCLE('',#1747,0.005);
#178=CIRCLE('',#1748,0.005);
#179=CIRCLE('',#1752,0.245);
#180=CIRCLE('',#1753,0.245);
#181=CIRCLE('',#1754,0.245);
#182=CIRCLE('',#1755,0.245);
#183=CIRCLE('',#1757,0.008);
#184=CIRCLE('',#1760,0.008);
#185=CIRCLE('',#1763,0.00799999999991149);
#186=CIRCLE('',#1764,0.00799999999992749);
#187=CIRCLE('',#1766,0.005);
#188=CIRCLE('',#1767,0.002);
#189=CIRCLE('',#1769,0.005);
#190=CIRCLE('',#1772,0.005);
#191=CIRCLE('',#1776,0.005);
#192=CIRCLE('',#1780,0.254064440371331);
#193=CIRCLE('',#1781,0.01);
#194=CIRCLE('',#1782,0.248);
#195=CIRCLE('',#1783,0.005);
#196=CIRCLE('',#1784,0.005);
#197=CIRCLE('',#1785,0.037);
#198=CIRCLE('',#1788,0.005);
#199=CIRCLE('',#1789,0.248);
#200=CIRCLE('',#1790,0.01);
#201=CIRCLE('',#1791,0.254064440371331);
#202=CIRCLE('',#1792,0.037);
#203=CIRCLE('',#1793,0.005);
#204=CIRCLE('',#1796,0.04);
#205=CIRCLE('',#1797,0.04);
#206=CIRCLE('',#1798,0.04);
#207=CIRCLE('',#1799,0.04);
#208=CIRCLE('',#1802,0.004);
#209=CIRCLE('',#1805,0.004);
#210=CIRCLE('',#1807,0.005);
#211=CIRCLE('',#1808,0.005);
#212=CIRCLE('',#1811,0.005);
#213=CIRCLE('',#1812,0.005);
#214=CIRCLE('',#1814,0.005);
#215=CIRCLE('',#1816,0.005);
#216=CIRCLE('',#1818,0.005);
#217=CIRCLE('',#1820,0.005);
#218=ORIENTED_EDGE('',*,*,#680,.T.);
#219=ORIENTED_EDGE('',*,*,#681,.T.);
#220=ORIENTED_EDGE('',*,*,#682,.T.);
#221=ORIENTED_EDGE('',*,*,#683,.T.);
#222=ORIENTED_EDGE('',*,*,#684,.T.);
#223=ORIENTED_EDGE('',*,*,#685,.T.);
#224=ORIENTED_EDGE('',*,*,#686,.T.);
#225=ORIENTED_EDGE('',*,*,#687,.T.);
#226=ORIENTED_EDGE('',*,*,#688,.T.);
#227=ORIENTED_EDGE('',*,*,#689,.T.);
#228=ORIENTED_EDGE('',*,*,#690,.T.);
#229=ORIENTED_EDGE('',*,*,#691,.T.);
#230=ORIENTED_EDGE('',*,*,#692,.T.);
#231=ORIENTED_EDGE('',*,*,#693,.T.);
#232=ORIENTED_EDGE('',*,*,#694,.T.);
#233=ORIENTED_EDGE('',*,*,#695,.F.);
#234=ORIENTED_EDGE('',*,*,#696,.T.);
#235=ORIENTED_EDGE('',*,*,#697,.T.);
#236=ORIENTED_EDGE('',*,*,#698,.F.);
#237=ORIENTED_EDGE('',*,*,#699,.T.);
#238=ORIENTED_EDGE('',*,*,#700,.F.);
#239=ORIENTED_EDGE('',*,*,#701,.T.);
#240=ORIENTED_EDGE('',*,*,#702,.T.);
#241=ORIENTED_EDGE('',*,*,#703,.T.);
#242=ORIENTED_EDGE('',*,*,#704,.T.);
#243=ORIENTED_EDGE('',*,*,#705,.T.);
#244=ORIENTED_EDGE('',*,*,#706,.T.);
#245=ORIENTED_EDGE('',*,*,#707,.T.);
#246=ORIENTED_EDGE('',*,*,#708,.T.);
#247=ORIENTED_EDGE('',*,*,#709,.T.);
#248=ORIENTED_EDGE('',*,*,#710,.T.);
#249=ORIENTED_EDGE('',*,*,#711,.F.);
#250=ORIENTED_EDGE('',*,*,#712,.F.);
#251=ORIENTED_EDGE('',*,*,#713,.T.);
#252=ORIENTED_EDGE('',*,*,#714,.T.);
#253=ORIENTED_EDGE('',*,*,#715,.T.);
#254=ORIENTED_EDGE('',*,*,#716,.T.);
#255=ORIENTED_EDGE('',*,*,#717,.T.);
#256=ORIENTED_EDGE('',*,*,#718,.F.);
#257=ORIENTED_EDGE('',*,*,#719,.T.);
#258=ORIENTED_EDGE('',*,*,#720,.T.);
#259=ORIENTED_EDGE('',*,*,#721,.T.);
#260=ORIENTED_EDGE('',*,*,#722,.T.);
#261=ORIENTED_EDGE('',*,*,#723,.F.);
#262=ORIENTED_EDGE('',*,*,#724,.T.);
#263=ORIENTED_EDGE('',*,*,#725,.T.);
#264=ORIENTED_EDGE('',*,*,#726,.F.);
#265=ORIENTED_EDGE('',*,*,#727,.F.);
#266=ORIENTED_EDGE('',*,*,#728,.T.);
#267=ORIENTED_EDGE('',*,*,#729,.T.);
#268=ORIENTED_EDGE('',*,*,#730,.T.);
#269=ORIENTED_EDGE('',*,*,#731,.F.);
#270=ORIENTED_EDGE('',*,*,#732,.T.);
#271=ORIENTED_EDGE('',*,*,#723,.T.);
#272=ORIENTED_EDGE('',*,*,#733,.T.);
#273=ORIENTED_EDGE('',*,*,#734,.F.);
#274=ORIENTED_EDGE('',*,*,#735,.T.);
#275=ORIENTED_EDGE('',*,*,#736,.T.);
#276=ORIENTED_EDGE('',*,*,#737,.T.);
#277=ORIENTED_EDGE('',*,*,#738,.T.);
#278=ORIENTED_EDGE('',*,*,#739,.T.);
#279=ORIENTED_EDGE('',*,*,#740,.T.);
#280=ORIENTED_EDGE('',*,*,#741,.F.);
#281=ORIENTED_EDGE('',*,*,#742,.F.);
#282=ORIENTED_EDGE('',*,*,#743,.T.);
#283=ORIENTED_EDGE('',*,*,#744,.T.);
#284=ORIENTED_EDGE('',*,*,#745,.T.);
#285=ORIENTED_EDGE('',*,*,#746,.T.);
#286=ORIENTED_EDGE('',*,*,#747,.T.);
#287=ORIENTED_EDGE('',*,*,#748,.T.);
#288=ORIENTED_EDGE('',*,*,#749,.T.);
#289=ORIENTED_EDGE('',*,*,#750,.T.);
#290=ORIENTED_EDGE('',*,*,#751,.T.);
#291=ORIENTED_EDGE('',*,*,#752,.T.);
#292=ORIENTED_EDGE('',*,*,#753,.T.);
#293=ORIENTED_EDGE('',*,*,#754,.T.);
#294=ORIENTED_EDGE('',*,*,#755,.T.);
#295=ORIENTED_EDGE('',*,*,#713,.F.);
#296=ORIENTED_EDGE('',*,*,#756,.T.);
#297=ORIENTED_EDGE('',*,*,#714,.F.);
#298=ORIENTED_EDGE('',*,*,#757,.T.);
#299=ORIENTED_EDGE('',*,*,#758,.T.);
#300=ORIENTED_EDGE('',*,*,#759,.T.);
#301=ORIENTED_EDGE('',*,*,#712,.T.);
#302=ORIENTED_EDGE('',*,*,#760,.F.);
#303=ORIENTED_EDGE('',*,*,#711,.T.);
#304=ORIENTED_EDGE('',*,*,#761,.F.);
#305=ORIENTED_EDGE('',*,*,#762,.F.);
#306=ORIENTED_EDGE('',*,*,#742,.T.);
#307=ORIENTED_EDGE('',*,*,#756,.F.);
#308=ORIENTED_EDGE('',*,*,#762,.T.);
#309=ORIENTED_EDGE('',*,*,#763,.F.);
#310=ORIENTED_EDGE('',*,*,#741,.T.);
#311=ORIENTED_EDGE('',*,*,#757,.F.);
#312=ORIENTED_EDGE('',*,*,#763,.T.);
#313=ORIENTED_EDGE('',*,*,#764,.T.);
#314=ORIENTED_EDGE('',*,*,#740,.F.);
#315=ORIENTED_EDGE('',*,*,#764,.F.);
#316=ORIENTED_EDGE('',*,*,#761,.T.);
#317=ORIENTED_EDGE('',*,*,#765,.T.);
#318=ORIENTED_EDGE('',*,*,#743,.F.);
#319=ORIENTED_EDGE('',*,*,#765,.F.);
#320=ORIENTED_EDGE('',*,*,#760,.T.);
#321=ORIENTED_EDGE('',*,*,#739,.F.);
#322=ORIENTED_EDGE('',*,*,#758,.F.);
#323=ORIENTED_EDGE('',*,*,#759,.F.);
#324=ORIENTED_EDGE('',*,*,#715,.F.);
#325=ORIENTED_EDGE('',*,*,#699,.F.);
#326=ORIENTED_EDGE('',*,*,#766,.F.);
#327=ORIENTED_EDGE('',*,*,#767,.T.);
#328=ORIENTED_EDGE('',*,*,#768,.T.);
#329=ORIENTED_EDGE('',*,*,#769,.T.);
#330=ORIENTED_EDGE('',*,*,#770,.T.);
#331=ORIENTED_EDGE('',*,*,#771,.T.);
#332=ORIENTED_EDGE('',*,*,#772,.T.);
#333=ORIENTED_EDGE('',*,*,#773,.T.);
#334=ORIENTED_EDGE('',*,*,#774,.T.);
#335=ORIENTED_EDGE('',*,*,#775,.T.);
#336=ORIENTED_EDGE('',*,*,#776,.F.);
#337=ORIENTED_EDGE('',*,*,#777,.T.);
#338=ORIENTED_EDGE('',*,*,#695,.T.);
#339=ORIENTED_EDGE('',*,*,#697,.F.);
#340=ORIENTED_EDGE('',*,*,#778,.F.);
#341=ORIENTED_EDGE('',*,*,#779,.T.);
#342=ORIENTED_EDGE('',*,*,#734,.T.);
#343=ORIENTED_EDGE('',*,*,#780,.T.);
#344=ORIENTED_EDGE('',*,*,#781,.T.);
#345=ORIENTED_EDGE('',*,*,#731,.T.);
#346=ORIENTED_EDGE('',*,*,#782,.T.);
#347=ORIENTED_EDGE('',*,*,#783,.F.);
#348=ORIENTED_EDGE('',*,*,#784,.T.);
#349=ORIENTED_EDGE('',*,*,#785,.T.);
#350=ORIENTED_EDGE('',*,*,#771,.F.);
#351=ORIENTED_EDGE('',*,*,#786,.T.);
#352=ORIENTED_EDGE('',*,*,#787,.T.);
#353=ORIENTED_EDGE('',*,*,#778,.T.);
#354=ORIENTED_EDGE('',*,*,#718,.T.);
#355=ORIENTED_EDGE('',*,*,#783,.T.);
#356=ORIENTED_EDGE('',*,*,#788,.T.);
#357=ORIENTED_EDGE('',*,*,#789,.T.);
#358=ORIENTED_EDGE('',*,*,#773,.F.);
#359=ORIENTED_EDGE('',*,*,#790,.T.);
#360=ORIENTED_EDGE('',*,*,#791,.T.);
#361=ORIENTED_EDGE('',*,*,#792,.T.);
#362=ORIENTED_EDGE('',*,*,#793,.T.);
#363=ORIENTED_EDGE('',*,*,#794,.T.);
#364=ORIENTED_EDGE('',*,*,#795,.T.);
#365=ORIENTED_EDGE('',*,*,#770,.F.);
#366=ORIENTED_EDGE('',*,*,#796,.T.);
#367=ORIENTED_EDGE('',*,*,#797,.T.);
#368=ORIENTED_EDGE('',*,*,#798,.T.);
#369=ORIENTED_EDGE('',*,*,#799,.T.);
#370=ORIENTED_EDGE('',*,*,#768,.F.);
#371=ORIENTED_EDGE('',*,*,#800,.T.);
#372=ORIENTED_EDGE('',*,*,#801,.T.);
#373=ORIENTED_EDGE('',*,*,#802,.T.);
#374=ORIENTED_EDGE('',*,*,#774,.F.);
#375=ORIENTED_EDGE('',*,*,#803,.T.);
#376=ORIENTED_EDGE('',*,*,#804,.T.);
#377=ORIENTED_EDGE('',*,*,#805,.T.);
#378=ORIENTED_EDGE('',*,*,#806,.T.);
#379=ORIENTED_EDGE('',*,*,#776,.T.);
#380=ORIENTED_EDGE('',*,*,#807,.T.);
#381=ORIENTED_EDGE('',*,*,#808,.T.);
#382=ORIENTED_EDGE('',*,*,#809,.T.);
#383=ORIENTED_EDGE('',*,*,#766,.T.);
#384=ORIENTED_EDGE('',*,*,#810,.T.);
#385=ORIENTED_EDGE('',*,*,#811,.T.);
#386=ORIENTED_EDGE('',*,*,#812,.T.);
#387=ORIENTED_EDGE('',*,*,#813,.T.);
#388=ORIENTED_EDGE('',*,*,#814,.T.);
#389=ORIENTED_EDGE('',*,*,#815,.T.);
#390=ORIENTED_EDGE('',*,*,#816,.T.);
#391=ORIENTED_EDGE('',*,*,#817,.T.);
#392=ORIENTED_EDGE('',*,*,#818,.T.);
#393=ORIENTED_EDGE('',*,*,#819,.T.);
#394=ORIENTED_EDGE('',*,*,#700,.T.);
#395=ORIENTED_EDGE('',*,*,#820,.T.);
#396=ORIENTED_EDGE('',*,*,#819,.F.);
#397=ORIENTED_EDGE('',*,*,#821,.T.);
#398=ORIENTED_EDGE('',*,*,#698,.T.);
#399=ORIENTED_EDGE('',*,*,#821,.F.);
#400=ORIENTED_EDGE('',*,*,#689,.F.);
#401=ORIENTED_EDGE('',*,*,#822,.T.);
#402=ORIENTED_EDGE('',*,*,#814,.F.);
#403=ORIENTED_EDGE('',*,*,#823,.T.);
#404=ORIENTED_EDGE('',*,*,#824,.F.);
#405=ORIENTED_EDGE('',*,*,#684,.F.);
#406=ORIENTED_EDGE('',*,*,#825,.T.);
#407=ORIENTED_EDGE('',*,*,#690,.F.);
#408=ORIENTED_EDGE('',*,*,#826,.T.);
#409=ORIENTED_EDGE('',*,*,#696,.F.);
#410=ORIENTED_EDGE('',*,*,#824,.T.);
#411=ORIENTED_EDGE('',*,*,#827,.T.);
#412=ORIENTED_EDGE('',*,*,#828,.T.);
#413=ORIENTED_EDGE('',*,*,#829,.T.);
#414=ORIENTED_EDGE('',*,*,#830,.T.);
#415=ORIENTED_EDGE('',*,*,#831,.F.);
#416=ORIENTED_EDGE('',*,*,#832,.T.);
#417=ORIENTED_EDGE('',*,*,#833,.T.);
#418=ORIENTED_EDGE('',*,*,#834,.F.);
#419=ORIENTED_EDGE('',*,*,#835,.T.);
#420=ORIENTED_EDGE('',*,*,#831,.T.);
#421=ORIENTED_EDGE('',*,*,#836,.T.);
#422=ORIENTED_EDGE('',*,*,#837,.T.);
#423=ORIENTED_EDGE('',*,*,#838,.T.);
#424=ORIENTED_EDGE('',*,*,#839,.T.);
#425=ORIENTED_EDGE('',*,*,#840,.T.);
#426=ORIENTED_EDGE('',*,*,#841,.T.);
#427=ORIENTED_EDGE('',*,*,#842,.T.);
#428=ORIENTED_EDGE('',*,*,#834,.T.);
#429=ORIENTED_EDGE('',*,*,#843,.T.);
#430=ORIENTED_EDGE('',*,*,#844,.T.);
#431=ORIENTED_EDGE('',*,*,#845,.T.);
#432=ORIENTED_EDGE('',*,*,#772,.F.);
#433=ORIENTED_EDGE('',*,*,#846,.T.);
#434=ORIENTED_EDGE('',*,*,#847,.T.);
#435=ORIENTED_EDGE('',*,*,#709,.F.);
#436=ORIENTED_EDGE('',*,*,#848,.T.);
#437=ORIENTED_EDGE('',*,*,#737,.F.);
#438=ORIENTED_EDGE('',*,*,#849,.T.);
#439=ORIENTED_EDGE('',*,*,#703,.F.);
#440=ORIENTED_EDGE('',*,*,#850,.T.);
#441=ORIENTED_EDGE('',*,*,#746,.F.);
#442=ORIENTED_EDGE('',*,*,#851,.T.);
#443=ORIENTED_EDGE('',*,*,#788,.F.);
#444=ORIENTED_EDGE('',*,*,#782,.F.);
#445=ORIENTED_EDGE('',*,*,#730,.F.);
#446=ORIENTED_EDGE('',*,*,#852,.T.);
#447=ORIENTED_EDGE('',*,*,#785,.F.);
#448=ORIENTED_EDGE('',*,*,#853,.T.);
#449=ORIENTED_EDGE('',*,*,#720,.F.);
#450=ORIENTED_EDGE('',*,*,#732,.F.);
#451=ORIENTED_EDGE('',*,*,#787,.F.);
#452=ORIENTED_EDGE('',*,*,#854,.T.);
#453=ORIENTED_EDGE('',*,*,#750,.F.);
#454=ORIENTED_EDGE('',*,*,#855,.T.);
#455=ORIENTED_EDGE('',*,*,#724,.F.);
#456=ORIENTED_EDGE('',*,*,#779,.F.);
#457=ORIENTED_EDGE('',*,*,#722,.F.);
#458=ORIENTED_EDGE('',*,*,#856,.T.);
#459=ORIENTED_EDGE('',*,*,#780,.F.);
#460=ORIENTED_EDGE('',*,*,#733,.F.);
#461=ORIENTED_EDGE('',*,*,#753,.F.);
#462=ORIENTED_EDGE('',*,*,#857,.T.);
#463=ORIENTED_EDGE('',*,*,#685,.F.);
#464=ORIENTED_EDGE('',*,*,#823,.F.);
#465=ORIENTED_EDGE('',*,*,#818,.F.);
#466=ORIENTED_EDGE('',*,*,#858,.T.);
#467=ORIENTED_EDGE('',*,*,#859,.T.);
#468=ORIENTED_EDGE('',*,*,#860,.T.);
#469=ORIENTED_EDGE('',*,*,#861,.T.);
#470=ORIENTED_EDGE('',*,*,#862,.T.);
#471=ORIENTED_EDGE('',*,*,#813,.F.);
#472=ORIENTED_EDGE('',*,*,#863,.T.);
#473=ORIENTED_EDGE('',*,*,#864,.T.);
#474=ORIENTED_EDGE('',*,*,#706,.F.);
#475=ORIENTED_EDGE('',*,*,#749,.F.);
#476=ORIENTED_EDGE('',*,*,#865,.T.);
#477=ORIENTED_EDGE('',*,*,#866,.T.);
#478=ORIENTED_EDGE('',*,*,#867,.T.);
#479=ORIENTED_EDGE('',*,*,#680,.F.);
#480=ORIENTED_EDGE('',*,*,#826,.F.);
#481=ORIENTED_EDGE('',*,*,#694,.F.);
#482=ORIENTED_EDGE('',*,*,#868,.T.);
#483=ORIENTED_EDGE('',*,*,#809,.F.);
#484=ORIENTED_EDGE('',*,*,#869,.T.);
#485=ORIENTED_EDGE('',*,*,#797,.F.);
#486=ORIENTED_EDGE('',*,*,#767,.F.);
#487=ORIENTED_EDGE('',*,*,#799,.F.);
#488=ORIENTED_EDGE('',*,*,#870,.T.);
#489=ORIENTED_EDGE('',*,*,#796,.F.);
#490=ORIENTED_EDGE('',*,*,#769,.F.);
#491=ORIENTED_EDGE('',*,*,#806,.F.);
#492=ORIENTED_EDGE('',*,*,#871,.T.);
#493=ORIENTED_EDGE('',*,*,#810,.F.);
#494=ORIENTED_EDGE('',*,*,#777,.F.);
#495=ORIENTED_EDGE('',*,*,#802,.F.);
#496=ORIENTED_EDGE('',*,*,#872,.T.);
#497=ORIENTED_EDGE('',*,*,#804,.F.);
#498=ORIENTED_EDGE('',*,*,#775,.F.);
#499=ORIENTED_EDGE('',*,*,#842,.F.);
#500=ORIENTED_EDGE('',*,*,#873,.T.);
#501=ORIENTED_EDGE('',*,*,#846,.F.);
#502=ORIENTED_EDGE('',*,*,#874,.T.);
#503=ORIENTED_EDGE('',*,*,#832,.F.);
#504=ORIENTED_EDGE('',*,*,#835,.F.);
#505=ORIENTED_EDGE('',*,*,#837,.F.);
#506=ORIENTED_EDGE('',*,*,#836,.F.);
#507=ORIENTED_EDGE('',*,*,#830,.F.);
#508=ORIENTED_EDGE('',*,*,#875,.T.);
#509=ORIENTED_EDGE('',*,*,#791,.F.);
#510=ORIENTED_EDGE('',*,*,#876,.T.);
#511=ORIENTED_EDGE('',*,*,#845,.F.);
#512=ORIENTED_EDGE('',*,*,#877,.T.);
#513=ORIENTED_EDGE('',*,*,#838,.F.);
#514=ORIENTED_EDGE('',*,*,#876,.F.);
#515=ORIENTED_EDGE('',*,*,#790,.F.);
#516=ORIENTED_EDGE('',*,*,#875,.F.);
#517=ORIENTED_EDGE('',*,*,#829,.F.);
#518=ORIENTED_EDGE('',*,*,#878,.T.);
#519=ORIENTED_EDGE('',*,*,#843,.F.);
#520=ORIENTED_EDGE('',*,*,#792,.F.);
#521=ORIENTED_EDGE('',*,*,#840,.F.);
#522=ORIENTED_EDGE('',*,*,#879,.T.);
#523=ORIENTED_EDGE('',*,*,#710,.F.);
#524=ORIENTED_EDGE('',*,*,#880,.F.);
#525=ORIENTED_EDGE('',*,*,#880,.T.);
#526=ORIENTED_EDGE('',*,*,#847,.F.);
#527=ORIENTED_EDGE('',*,*,#873,.F.);
#528=ORIENTED_EDGE('',*,*,#841,.F.);
#529=ORIENTED_EDGE('',*,*,#874,.F.);
#530=ORIENTED_EDGE('',*,*,#850,.F.);
#531=ORIENTED_EDGE('',*,*,#881,.F.);
#532=ORIENTED_EDGE('',*,*,#833,.F.);
#533=ORIENTED_EDGE('',*,*,#881,.T.);
#534=ORIENTED_EDGE('',*,*,#702,.F.);
#535=ORIENTED_EDGE('',*,*,#882,.T.);
#536=ORIENTED_EDGE('',*,*,#827,.F.);
#537=ORIENTED_EDGE('',*,*,#744,.F.);
#538=ORIENTED_EDGE('',*,*,#868,.F.);
#539=ORIENTED_EDGE('',*,*,#883,.F.);
#540=ORIENTED_EDGE('',*,*,#800,.F.);
#541=ORIENTED_EDGE('',*,*,#884,.T.);
#542=ORIENTED_EDGE('',*,*,#883,.T.);
#543=ORIENTED_EDGE('',*,*,#693,.F.);
#544=ORIENTED_EDGE('',*,*,#885,.F.);
#545=ORIENTED_EDGE('',*,*,#801,.F.);
#546=ORIENTED_EDGE('',*,*,#885,.T.);
#547=ORIENTED_EDGE('',*,*,#692,.F.);
#548=ORIENTED_EDGE('',*,*,#886,.F.);
#549=ORIENTED_EDGE('',*,*,#872,.F.);
#550=ORIENTED_EDGE('',*,*,#825,.F.);
#551=ORIENTED_EDGE('',*,*,#683,.F.);
#552=ORIENTED_EDGE('',*,*,#887,.F.);
#553=ORIENTED_EDGE('',*,*,#805,.F.);
#554=ORIENTED_EDGE('',*,*,#886,.T.);
#555=ORIENTED_EDGE('',*,*,#691,.F.);
#556=ORIENTED_EDGE('',*,*,#887,.T.);
#557=ORIENTED_EDGE('',*,*,#682,.F.);
#558=ORIENTED_EDGE('',*,*,#888,.F.);
#559=ORIENTED_EDGE('',*,*,#871,.F.);
#560=ORIENTED_EDGE('',*,*,#888,.T.);
#561=ORIENTED_EDGE('',*,*,#681,.F.);
#562=ORIENTED_EDGE('',*,*,#889,.F.);
#563=ORIENTED_EDGE('',*,*,#811,.F.);
#564=ORIENTED_EDGE('',*,*,#889,.T.);
#565=ORIENTED_EDGE('',*,*,#867,.F.);
#566=ORIENTED_EDGE('',*,*,#890,.F.);
#567=ORIENTED_EDGE('',*,*,#863,.F.);
#568=ORIENTED_EDGE('',*,*,#812,.F.);
#569=ORIENTED_EDGE('',*,*,#890,.T.);
#570=ORIENTED_EDGE('',*,*,#866,.F.);
#571=ORIENTED_EDGE('',*,*,#891,.F.);
#572=ORIENTED_EDGE('',*,*,#864,.F.);
#573=ORIENTED_EDGE('',*,*,#891,.T.);
#574=ORIENTED_EDGE('',*,*,#865,.F.);
#575=ORIENTED_EDGE('',*,*,#892,.F.);
#576=ORIENTED_EDGE('',*,*,#707,.F.);
#577=ORIENTED_EDGE('',*,*,#892,.T.);
#578=ORIENTED_EDGE('',*,*,#748,.F.);
#579=ORIENTED_EDGE('',*,*,#893,.F.);
#580=ORIENTED_EDGE('',*,*,#708,.F.);
#581=ORIENTED_EDGE('',*,*,#852,.F.);
#582=ORIENTED_EDGE('',*,*,#729,.F.);
#583=ORIENTED_EDGE('',*,*,#894,.F.);
#584=ORIENTED_EDGE('',*,*,#848,.F.);
#585=ORIENTED_EDGE('',*,*,#893,.T.);
#586=ORIENTED_EDGE('',*,*,#747,.F.);
#587=ORIENTED_EDGE('',*,*,#894,.T.);
#588=ORIENTED_EDGE('',*,*,#728,.F.);
#589=ORIENTED_EDGE('',*,*,#895,.F.);
#590=ORIENTED_EDGE('',*,*,#738,.F.);
#591=ORIENTED_EDGE('',*,*,#895,.T.);
#592=ORIENTED_EDGE('',*,*,#727,.T.);
#593=ORIENTED_EDGE('',*,*,#896,.F.);
#594=ORIENTED_EDGE('',*,*,#735,.F.);
#595=ORIENTED_EDGE('',*,*,#896,.T.);
#596=ORIENTED_EDGE('',*,*,#726,.T.);
#597=ORIENTED_EDGE('',*,*,#897,.F.);
#598=ORIENTED_EDGE('',*,*,#736,.F.);
#599=ORIENTED_EDGE('',*,*,#855,.F.);
#600=ORIENTED_EDGE('',*,*,#755,.F.);
#601=ORIENTED_EDGE('',*,*,#898,.F.);
#602=ORIENTED_EDGE('',*,*,#849,.F.);
#603=ORIENTED_EDGE('',*,*,#897,.T.);
#604=ORIENTED_EDGE('',*,*,#725,.F.);
#605=ORIENTED_EDGE('',*,*,#898,.T.);
#606=ORIENTED_EDGE('',*,*,#754,.F.);
#607=ORIENTED_EDGE('',*,*,#899,.F.);
#608=ORIENTED_EDGE('',*,*,#704,.F.);
#609=ORIENTED_EDGE('',*,*,#899,.T.);
#610=ORIENTED_EDGE('',*,*,#860,.F.);
#611=ORIENTED_EDGE('',*,*,#900,.F.);
#612=ORIENTED_EDGE('',*,*,#705,.F.);
#613=ORIENTED_EDGE('',*,*,#900,.T.);
#614=ORIENTED_EDGE('',*,*,#859,.F.);
#615=ORIENTED_EDGE('',*,*,#901,.F.);
#616=ORIENTED_EDGE('',*,*,#861,.F.);
#617=ORIENTED_EDGE('',*,*,#901,.T.);
#618=ORIENTED_EDGE('',*,*,#858,.F.);
#619=ORIENTED_EDGE('',*,*,#902,.F.);
#620=ORIENTED_EDGE('',*,*,#807,.F.);
#621=ORIENTED_EDGE('',*,*,#862,.F.);
#622=ORIENTED_EDGE('',*,*,#902,.T.);
#623=ORIENTED_EDGE('',*,*,#817,.F.);
#624=ORIENTED_EDGE('',*,*,#903,.F.);
#625=ORIENTED_EDGE('',*,*,#808,.F.);
#626=ORIENTED_EDGE('',*,*,#903,.T.);
#627=ORIENTED_EDGE('',*,*,#816,.F.);
#628=ORIENTED_EDGE('',*,*,#904,.F.);
#629=ORIENTED_EDGE('',*,*,#869,.F.);
#630=ORIENTED_EDGE('',*,*,#822,.F.);
#631=ORIENTED_EDGE('',*,*,#688,.F.);
#632=ORIENTED_EDGE('',*,*,#905,.F.);
#633=ORIENTED_EDGE('',*,*,#798,.F.);
#634=ORIENTED_EDGE('',*,*,#904,.T.);
#635=ORIENTED_EDGE('',*,*,#815,.F.);
#636=ORIENTED_EDGE('',*,*,#905,.T.);
#637=ORIENTED_EDGE('',*,*,#687,.F.);
#638=ORIENTED_EDGE('',*,*,#906,.F.);
#639=ORIENTED_EDGE('',*,*,#870,.F.);
#640=ORIENTED_EDGE('',*,*,#906,.T.);
#641=ORIENTED_EDGE('',*,*,#686,.F.);
#642=ORIENTED_EDGE('',*,*,#907,.F.);
#643=ORIENTED_EDGE('',*,*,#793,.F.);
#644=ORIENTED_EDGE('',*,*,#907,.T.);
#645=ORIENTED_EDGE('',*,*,#857,.F.);
#646=ORIENTED_EDGE('',*,*,#752,.F.);
#647=ORIENTED_EDGE('',*,*,#908,.T.);
#648=ORIENTED_EDGE('',*,*,#794,.F.);
#649=ORIENTED_EDGE('',*,*,#908,.F.);
#650=ORIENTED_EDGE('',*,*,#751,.F.);
#651=ORIENTED_EDGE('',*,*,#854,.F.);
#652=ORIENTED_EDGE('',*,*,#786,.F.);
#653=ORIENTED_EDGE('',*,*,#795,.F.);
#654=ORIENTED_EDGE('',*,*,#851,.F.);
#655=ORIENTED_EDGE('',*,*,#745,.F.);
#656=ORIENTED_EDGE('',*,*,#884,.F.);
#657=ORIENTED_EDGE('',*,*,#803,.F.);
#658=ORIENTED_EDGE('',*,*,#789,.F.);
#659=ORIENTED_EDGE('',*,*,#781,.F.);
#660=ORIENTED_EDGE('',*,*,#856,.F.);
#661=ORIENTED_EDGE('',*,*,#909,.F.);
#662=ORIENTED_EDGE('',*,*,#719,.F.);
#663=ORIENTED_EDGE('',*,*,#909,.T.);
#664=ORIENTED_EDGE('',*,*,#721,.F.);
#665=ORIENTED_EDGE('',*,*,#910,.F.);
#666=ORIENTED_EDGE('',*,*,#716,.F.);
#667=ORIENTED_EDGE('',*,*,#910,.T.);
#668=ORIENTED_EDGE('',*,*,#853,.F.);
#669=ORIENTED_EDGE('',*,*,#784,.F.);
#670=ORIENTED_EDGE('',*,*,#717,.F.);
#671=ORIENTED_EDGE('',*,*,#877,.F.);
#672=ORIENTED_EDGE('',*,*,#844,.F.);
#673=ORIENTED_EDGE('',*,*,#878,.F.);
#674=ORIENTED_EDGE('',*,*,#828,.F.);
#675=ORIENTED_EDGE('',*,*,#882,.F.);
#676=ORIENTED_EDGE('',*,*,#701,.F.);
#677=ORIENTED_EDGE('',*,*,#879,.F.);
#678=ORIENTED_EDGE('',*,*,#839,.F.);
#679=ORIENTED_EDGE('',*,*,#820,.F.);
#680=EDGE_CURVE('',#911,#912,#1065,.F.);
#681=EDGE_CURVE('',#912,#913,#1066,.T.);
#682=EDGE_CURVE('',#913,#914,#122,.F.);
#683=EDGE_CURVE('',#914,#915,#1067,.T.);
#684=EDGE_CURVE('',#915,#911,#123,.T.);
#685=EDGE_CURVE('',#916,#917,#1068,.T.);
#686=EDGE_CURVE('',#917,#918,#1069,.T.);
#687=EDGE_CURVE('',#918,#919,#124,.F.);
#688=EDGE_CURVE('',#919,#920,#1070,.T.);
#689=EDGE_CURVE('',#920,#916,#125,.T.);
#690=EDGE_CURVE('',#921,#922,#126,.T.);
#691=EDGE_CURVE('',#922,#923,#1071,.T.);
#692=EDGE_CURVE('',#923,#924,#127,.F.);
#693=EDGE_CURVE('',#924,#925,#1072,.T.);
#694=EDGE_CURVE('',#925,#921,#1073,.F.);
#695=EDGE_CURVE('',#926,#926,#128,.T.);
#696=EDGE_CURVE('',#927,#927,#129,.T.);
#697=EDGE_CURVE('',#928,#928,#130,.T.);
#698=EDGE_CURVE('',#929,#929,#131,.F.);
#699=EDGE_CURVE('',#930,#930,#132,.T.);
#700=EDGE_CURVE('',#931,#931,#133,.F.);
#701=EDGE_CURVE('',#932,#933,#1074,.F.);
#702=EDGE_CURVE('',#933,#934,#134,.T.);
#703=EDGE_CURVE('',#934,#935,#1075,.F.);
#704=EDGE_CURVE('',#935,#936,#135,.T.);
#705=EDGE_CURVE('',#936,#937,#44,.T.);
#706=EDGE_CURVE('',#937,#938,#1076,.T.);
#707=EDGE_CURVE('',#938,#939,#45,.T.);
#708=EDGE_CURVE('',#939,#940,#136,.F.);
#709=EDGE_CURVE('',#940,#941,#1077,.F.);
#710=EDGE_CURVE('',#941,#932,#137,.T.);
#711=EDGE_CURVE('',#942,#942,#138,.F.);
#712=EDGE_CURVE('',#943,#943,#139,.F.);
#713=EDGE_CURVE('',#944,#944,#140,.T.);
#714=EDGE_CURVE('',#945,#945,#141,.T.);
#715=EDGE_CURVE('',#946,#946,#142,.T.);
#716=EDGE_CURVE('',#947,#948,#143,.F.);
#717=EDGE_CURVE('',#948,#949,#144,.T.);
#718=EDGE_CURVE('',#950,#949,#1078,.T.);
#719=EDGE_CURVE('',#950,#947,#145,.T.);
#720=EDGE_CURVE('',#951,#952,#1079,.T.);
#721=EDGE_CURVE('',#952,#953,#146,.T.);
#722=EDGE_CURVE('',#953,#954,#1080,.F.);
#723=EDGE_CURVE('',#951,#954,#147,.T.);
#724=EDGE_CURVE('',#955,#956,#148,.T.);
#725=EDGE_CURVE('',#956,#957,#46,.F.);
#726=EDGE_CURVE('',#958,#957,#1081,.T.);
#727=EDGE_CURVE('',#959,#958,#149,.T.);
#728=EDGE_CURVE('',#959,#960,#1082,.T.);
#729=EDGE_CURVE('',#960,#961,#47,.T.);
#730=EDGE_CURVE('',#961,#962,#150,.T.);
#731=EDGE_CURVE('',#963,#962,#1083,.T.);
#732=EDGE_CURVE('',#963,#951,#151,.F.);
#733=EDGE_CURVE('',#954,#964,#152,.F.);
#734=EDGE_CURVE('',#955,#964,#1084,.T.);
#735=EDGE_CURVE('',#965,#966,#153,.T.);
#736=EDGE_CURVE('',#966,#967,#1085,.T.);
#737=EDGE_CURVE('',#967,#968,#1086,.T.);
#738=EDGE_CURVE('',#968,#965,#1087,.T.);
#739=EDGE_CURVE('',#969,#969,#154,.F.);
#740=EDGE_CURVE('',#970,#970,#155,.T.);
#741=EDGE_CURVE('',#971,#971,#156,.T.);
#742=EDGE_CURVE('',#972,#972,#157,.T.);
#743=EDGE_CURVE('',#973,#973,#158,.T.);
#744=EDGE_CURVE('',#974,#975,#48,.T.);
#745=EDGE_CURVE('',#975,#976,#159,.F.);
#746=EDGE_CURVE('',#976,#977,#1088,.F.);
#747=EDGE_CURVE('',#977,#978,#160,.T.);
#748=EDGE_CURVE('',#978,#979,#161,.T.);
#749=EDGE_CURVE('',#979,#974,#1089,.T.);
#750=EDGE_CURVE('',#980,#981,#1090,.F.);
#751=EDGE_CURVE('',#981,#982,#162,.T.);
#752=EDGE_CURVE('',#982,#983,#49,.T.);
#753=EDGE_CURVE('',#983,#984,#1091,.F.);
#754=EDGE_CURVE('',#984,#985,#163,.F.);
#755=EDGE_CURVE('',#985,#980,#164,.F.);
#756=EDGE_CURVE('',#986,#986,#165,.T.);
#757=EDGE_CURVE('',#987,#987,#166,.T.);
#758=EDGE_CURVE('',#988,#988,#167,.T.);
#759=EDGE_CURVE('',#989,#989,#168,.F.);
#760=EDGE_CURVE('',#990,#990,#169,.T.);
#761=EDGE_CURVE('',#991,#991,#170,.T.);
#762=EDGE_CURVE('',#992,#992,#171,.T.);
#763=EDGE_CURVE('',#993,#993,#172,.T.);
#764=EDGE_CURVE('',#994,#994,#173,.T.);
#765=EDGE_CURVE('',#995,#995,#174,.T.);
#766=EDGE_CURVE('',#996,#997,#1092,.T.);
#767=EDGE_CURVE('',#996,#998,#175,.F.);
#768=EDGE_CURVE('',#998,#999,#1093,.T.);
#769=EDGE_CURVE('',#999,#1000,#176,.F.);
#770=EDGE_CURVE('',#1000,#1001,#1094,.T.);
#771=EDGE_CURVE('',#1001,#1002,#1095,.T.);
#772=EDGE_CURVE('',#1002,#1003,#1096,.T.);
#773=EDGE_CURVE('',#1003,#1004,#1097,.T.);
#774=EDGE_CURVE('',#1004,#1005,#1098,.T.);
#775=EDGE_CURVE('',#1005,#1006,#177,.F.);
#776=EDGE_CURVE('',#1007,#1006,#1099,.T.);
#777=EDGE_CURVE('',#1007,#997,#178,.F.);
#778=EDGE_CURVE('',#1008,#950,#1100,.T.);
#779=EDGE_CURVE('',#1008,#955,#1101,.T.);
#780=EDGE_CURVE('',#964,#1009,#1102,.F.);
#781=EDGE_CURVE('',#1009,#950,#50,.T.);
#782=EDGE_CURVE('',#962,#1010,#1103,.T.);
#783=EDGE_CURVE('',#949,#1010,#1104,.T.);
#784=EDGE_CURVE('',#949,#1011,#51,.T.);
#785=EDGE_CURVE('',#1011,#963,#1105,.T.);
#786=EDGE_CURVE('',#1001,#1012,#179,.F.);
#787=EDGE_CURVE('',#1012,#1008,#52,.T.);
#788=EDGE_CURVE('',#1010,#1013,#53,.T.);
#789=EDGE_CURVE('',#1013,#1004,#180,.T.);
#790=EDGE_CURVE('',#1003,#1014,#181,.F.);
#791=EDGE_CURVE('',#1014,#1015,#1106,.F.);
#792=EDGE_CURVE('',#1015,#1002,#182,.F.);
#793=EDGE_CURVE('',#1016,#1017,#1107,.T.);
#794=EDGE_CURVE('',#1017,#1018,#183,.F.);
#795=EDGE_CURVE('',#1018,#1001,#54,.T.);
#796=EDGE_CURVE('',#1000,#1016,#1108,.F.);
#797=EDGE_CURVE('',#998,#1019,#1109,.F.);
#798=EDGE_CURVE('',#1019,#1020,#1110,.T.);
#799=EDGE_CURVE('',#1020,#999,#1111,.T.);
#800=EDGE_CURVE('',#1021,#1022,#184,.F.);
#801=EDGE_CURVE('',#1022,#1023,#1112,.T.);
#802=EDGE_CURVE('',#1023,#1005,#1113,.T.);
#803=EDGE_CURVE('',#1004,#1021,#55,.T.);
#804=EDGE_CURVE('',#1006,#1024,#1114,.F.);
#805=EDGE_CURVE('',#1024,#1025,#1115,.T.);
#806=EDGE_CURVE('',#1025,#1007,#1116,.T.);
#807=EDGE_CURVE('',#1026,#1027,#185,.T.);
#808=EDGE_CURVE('',#1027,#1028,#1117,.T.);
#809=EDGE_CURVE('',#1028,#996,#1118,.T.);
#810=EDGE_CURVE('',#997,#1029,#1119,.F.);
#811=EDGE_CURVE('',#1029,#1030,#1120,.T.);
#812=EDGE_CURVE('',#1030,#1031,#186,.T.);
#813=EDGE_CURVE('',#1031,#1026,#1121,.F.);
#814=EDGE_CURVE('',#1032,#1033,#187,.T.);
#815=EDGE_CURVE('',#1033,#1034,#1122,.T.);
#816=EDGE_CURVE('',#1034,#1035,#188,.F.);
#817=EDGE_CURVE('',#1035,#1036,#1123,.T.);
#818=EDGE_CURVE('',#1036,#1032,#1124,.T.);
#819=EDGE_CURVE('',#1037,#1037,#189,.T.);
#820=EDGE_CURVE('',#1038,#1038,#56,.T.);
#821=EDGE_CURVE('',#1039,#1039,#190,.T.);
#822=EDGE_CURVE('',#920,#1033,#16,.T.);
#823=EDGE_CURVE('',#1032,#916,#57,.T.);
#824=EDGE_CURVE('',#1040,#1040,#191,.T.);
#825=EDGE_CURVE('',#915,#922,#17,.F.);
#826=EDGE_CURVE('',#921,#911,#58,.T.);
#827=EDGE_CURVE('',#1041,#1042,#192,.F.);
#828=EDGE_CURVE('',#1042,#1043,#193,.T.);
#829=EDGE_CURVE('',#1043,#1044,#194,.T.);
#830=EDGE_CURVE('',#1044,#1045,#195,.T.);
#831=EDGE_CURVE('',#1046,#1045,#1125,.T.);
#832=EDGE_CURVE('',#1046,#1047,#196,.T.);
#833=EDGE_CURVE('',#1047,#1041,#197,.F.);
#834=EDGE_CURVE('',#1048,#1049,#1126,.T.);
#835=EDGE_CURVE('',#1048,#1046,#1127,.T.);
#836=EDGE_CURVE('',#1045,#1049,#1128,.T.);
#837=EDGE_CURVE('',#1049,#1050,#198,.T.);
#838=EDGE_CURVE('',#1050,#1051,#199,.T.);
#839=EDGE_CURVE('',#1051,#1052,#200,.T.);
#840=EDGE_CURVE('',#1052,#1053,#201,.F.);
#841=EDGE_CURVE('',#1053,#1054,#202,.F.);
#842=EDGE_CURVE('',#1054,#1048,#203,.T.);
#843=EDGE_CURVE('',#1002,#1055,#59,.T.);
#844=EDGE_CURVE('',#1055,#1056,#1129,.T.);
#845=EDGE_CURVE('',#1056,#1003,#60,.T.);
#846=EDGE_CURVE('',#1057,#1058,#1130,.T.);
#847=EDGE_CURVE('',#1058,#941,#204,.T.);
#848=EDGE_CURVE('',#940,#968,#205,.F.);
#849=EDGE_CURVE('',#967,#935,#206,.T.);
#850=EDGE_CURVE('',#934,#1057,#207,.T.);
#851=EDGE_CURVE('',#976,#1013,#61,.T.);
#852=EDGE_CURVE('',#961,#977,#62,.T.);
#853=EDGE_CURVE('',#1011,#952,#208,.F.);
#854=EDGE_CURVE('',#1012,#981,#63,.T.);
#855=EDGE_CURVE('',#980,#956,#64,.F.);
#856=EDGE_CURVE('',#953,#1009,#209,.F.);
#857=EDGE_CURVE('',#983,#917,#210,.T.);
#858=EDGE_CURVE('',#1036,#1059,#211,.F.);
#859=EDGE_CURVE('',#1059,#1060,#65,.T.);
#860=EDGE_CURVE('',#1060,#984,#66,.T.);
#861=EDGE_CURVE('',#937,#1061,#67,.T.);
#862=EDGE_CURVE('',#1061,#1026,#68,.T.);
#863=EDGE_CURVE('',#1031,#1062,#69,.T.);
#864=EDGE_CURVE('',#1062,#938,#70,.T.);
#865=EDGE_CURVE('',#979,#1063,#71,.T.);
#866=EDGE_CURVE('',#1063,#1064,#72,.T.);
#867=EDGE_CURVE('',#1064,#912,#212,.F.);
#868=EDGE_CURVE('',#925,#974,#213,.T.);
#869=EDGE_CURVE('',#1028,#1019,#214,.T.);
#870=EDGE_CURVE('',#1020,#1016,#215,.T.);
#871=EDGE_CURVE('',#1025,#1029,#216,.T.);
#872=EDGE_CURVE('',#1023,#1024,#217,.T.);
#873=EDGE_CURVE('',#1054,#1058,#73,.T.);
#874=EDGE_CURVE('',#1057,#1047,#74,.T.);
#875=EDGE_CURVE('',#1044,#1015,#75,.T.);
#876=EDGE_CURVE('',#1014,#1050,#76,.T.);
#877=EDGE_CURVE('',#1056,#1051,#77,.T.);
#878=EDGE_CURVE('',#1043,#1055,#78,.T.);
#879=EDGE_CURVE('',#1052,#932,#79,.T.);
#880=EDGE_CURVE('',#1053,#941,#1131,.T.);
#881=EDGE_CURVE('',#1041,#934,#1132,.T.);
#882=EDGE_CURVE('',#933,#1042,#80,.T.);
#883=EDGE_CURVE('',#1022,#925,#1133,.T.);
#884=EDGE_CURVE('',#1021,#975,#81,.T.);
#885=EDGE_CURVE('',#1023,#924,#1134,.T.);
#886=EDGE_CURVE('',#1024,#923,#1135,.T.);
#887=EDGE_CURVE('',#1025,#914,#1136,.T.);
#888=EDGE_CURVE('',#1029,#913,#1137,.T.);
#889=EDGE_CURVE('',#1030,#912,#1138,.T.);
#890=EDGE_CURVE('',#1062,#1064,#82,.F.);
#891=EDGE_CURVE('',#938,#1063,#83,.F.);
#892=EDGE_CURVE('',#939,#979,#84,.T.);
#893=EDGE_CURVE('',#940,#978,#1139,.T.);
#894=EDGE_CURVE('',#968,#960,#1140,.F.);
#895=EDGE_CURVE('',#965,#959,#1141,.T.);
#896=EDGE_CURVE('',#966,#958,#1142,.T.);
#897=EDGE_CURVE('',#967,#957,#1143,.T.);
#898=EDGE_CURVE('',#935,#985,#1144,.T.);
#899=EDGE_CURVE('',#936,#984,#85,.F.);
#900=EDGE_CURVE('',#937,#1060,#86,.T.);
#901=EDGE_CURVE('',#1061,#1059,#87,.T.);
#902=EDGE_CURVE('',#1027,#1036,#1145,.T.);
#903=EDGE_CURVE('',#1028,#1035,#1146,.T.);
#904=EDGE_CURVE('',#1019,#1034,#1147,.T.);
#905=EDGE_CURVE('',#1020,#919,#1148,.T.);
#906=EDGE_CURVE('',#1016,#918,#1149,.T.);
#907=EDGE_CURVE('',#1017,#917,#1150,.T.);
#908=EDGE_CURVE('',#982,#1018,#88,.T.);
#909=EDGE_CURVE('',#947,#953,#1151,.T.);
#910=EDGE_CURVE('',#948,#952,#1152,.T.);
#911=VERTEX_POINT('',#2335);
#912=VERTEX_POINT('',#2336);
#913=VERTEX_POINT('',#2338);
#914=VERTEX_POINT('',#2340);
#915=VERTEX_POINT('',#2342);
#916=VERTEX_POINT('',#2346);
#917=VERTEX_POINT('',#2347);
#918=VERTEX_POINT('',#2349);
#919=VERTEX_POINT('',#2351);
#920=VERTEX_POINT('',#2353);
#921=VERTEX_POINT('',#2357);
#922=VERTEX_POINT('',#2358);
#923=VERTEX_POINT('',#2360);
#924=VERTEX_POINT('',#2362);
#925=VERTEX_POINT('',#2364);
#926=VERTEX_POINT('',#2368);
#927=VERTEX_POINT('',#2370);
#928=VERTEX_POINT('',#2373);
#929=VERTEX_POINT('',#2375);
#930=VERTEX_POINT('',#2378);
#931=VERTEX_POINT('',#2380);
#932=VERTEX_POINT('',#2383);
#933=VERTEX_POINT('',#2384);
#934=VERTEX_POINT('',#2386);
#935=VERTEX_POINT('',#2388);
#936=VERTEX_POINT('',#2390);
#937=VERTEX_POINT('',#2395);
#938=VERTEX_POINT('',#2397);
#939=VERTEX_POINT('',#2405);
#940=VERTEX_POINT('',#2407);
#941=VERTEX_POINT('',#2409);
#942=VERTEX_POINT('',#2413);
#943=VERTEX_POINT('',#2415);
#944=VERTEX_POINT('',#2417);
#945=VERTEX_POINT('',#2419);
#946=VERTEX_POINT('',#2421);
#947=VERTEX_POINT('',#2423);
#948=VERTEX_POINT('',#2424);
#949=VERTEX_POINT('',#2426);
#950=VERTEX_POINT('',#2428);
#951=VERTEX_POINT('',#2432);
#952=VERTEX_POINT('',#2433);
#953=VERTEX_POINT('',#2435);
#954=VERTEX_POINT('',#2437);
#955=VERTEX_POINT('',#2441);
#956=VERTEX_POINT('',#2442);
#957=VERTEX_POINT('',#2447);
#958=VERTEX_POINT('',#2449);
#959=VERTEX_POINT('',#2451);
#960=VERTEX_POINT('',#2453);
#961=VERTEX_POINT('',#2458);
#962=VERTEX_POINT('',#2460);
#963=VERTEX_POINT('',#2462);
#964=VERTEX_POINT('',#2465);
#965=VERTEX_POINT('',#2469);
#966=VERTEX_POINT('',#2470);
#967=VERTEX_POINT('',#2472);
#968=VERTEX_POINT('',#2474);
#969=VERTEX_POINT('',#2477);
#970=VERTEX_POINT('',#2479);
#971=VERTEX_POINT('',#2481);
#972=VERTEX_POINT('',#2483);
#973=VERTEX_POINT('',#2485);
#974=VERTEX_POINT('',#2492);
#975=VERTEX_POINT('',#2493);
#976=VERTEX_POINT('',#2495);
#977=VERTEX_POINT('',#2497);
#978=VERTEX_POINT('',#2499);
#979=VERTEX_POINT('',#2501);
#980=VERTEX_POINT('',#2505);
#981=VERTEX_POINT('',#2506);
#982=VERTEX_POINT('',#2508);
#983=VERTEX_POINT('',#2514);
#984=VERTEX_POINT('',#2516);
#985=VERTEX_POINT('',#2518);
#986=VERTEX_POINT('',#2522);
#987=VERTEX_POINT('',#2525);
#988=VERTEX_POINT('',#2528);
#989=VERTEX_POINT('',#2530);
#990=VERTEX_POINT('',#2533);
#991=VERTEX_POINT('',#2536);
#992=VERTEX_POINT('',#2539);
#993=VERTEX_POINT('',#2543);
#994=VERTEX_POINT('',#2547);
#995=VERTEX_POINT('',#2551);
#996=VERTEX_POINT('',#2557);
#997=VERTEX_POINT('',#2558);
#998=VERTEX_POINT('',#2560);
#999=VERTEX_POINT('',#2562);
#1000=VERTEX_POINT('',#2564);
#1001=VERTEX_POINT('',#2566);
#1002=VERTEX_POINT('',#2568);
#1003=VERTEX_POINT('',#2570);
#1004=VERTEX_POINT('',#2572);
#1005=VERTEX_POINT('',#2574);
#1006=VERTEX_POINT('',#2576);
#1007=VERTEX_POINT('',#2578);
#1008=VERTEX_POINT('',#2582);
#1009=VERTEX_POINT('',#2585);
#1010=VERTEX_POINT('',#2594);
#1011=VERTEX_POINT('',#2602);
#1012=VERTEX_POINT('',#2606);
#1013=VERTEX_POINT('',#2615);
#1014=VERTEX_POINT('',#2618);
#1015=VERTEX_POINT('',#2620);
#1016=VERTEX_POINT('',#2624);
#1017=VERTEX_POINT('',#2625);
#1018=VERTEX_POINT('',#2627);
#1019=VERTEX_POINT('',#2635);
#1020=VERTEX_POINT('',#2637);
#1021=VERTEX_POINT('',#2641);
#1022=VERTEX_POINT('',#2642);
#1023=VERTEX_POINT('',#2644);
#1024=VERTEX_POINT('',#2652);
#1025=VERTEX_POINT('',#2654);
#1026=VERTEX_POINT('',#2658);
#1027=VERTEX_POINT('',#2659);
#1028=VERTEX_POINT('',#2661);
#1029=VERTEX_POINT('',#2664);
#1030=VERTEX_POINT('',#2666);
#1031=VERTEX_POINT('',#2668);
#1032=VERTEX_POINT('',#2672);
#1033=VERTEX_POINT('',#2673);
#1034=VERTEX_POINT('',#2675);
#1035=VERTEX_POINT('',#2677);
#1036=VERTEX_POINT('',#2679);
#1037=VERTEX_POINT('',#2683);
#1038=VERTEX_POINT('',#2703);
#1039=VERTEX_POINT('',#2706);
#1040=VERTEX_POINT('',#2718);
#1041=VERTEX_POINT('',#2730);
#1042=VERTEX_POINT('',#2731);
#1043=VERTEX_POINT('',#2733);
#1044=VERTEX_POINT('',#2735);
#1045=VERTEX_POINT('',#2737);
#1046=VERTEX_POINT('',#2739);
#1047=VERTEX_POINT('',#2741);
#1048=VERTEX_POINT('',#2745);
#1049=VERTEX_POINT('',#2746);
#1050=VERTEX_POINT('',#2751);
#1051=VERTEX_POINT('',#2753);
#1052=VERTEX_POINT('',#2755);
#1053=VERTEX_POINT('',#2757);
#1054=VERTEX_POINT('',#2759);
#1055=VERTEX_POINT('',#2766);
#1056=VERTEX_POINT('',#2768);
#1057=VERTEX_POINT('',#2775);
#1058=VERTEX_POINT('',#2776);
#1059=VERTEX_POINT('',#2814);
#1060=VERTEX_POINT('',#2826);
#1061=VERTEX_POINT('',#2837);
#1062=VERTEX_POINT('',#2846);
#1063=VERTEX_POINT('',#2857);
#1064=VERTEX_POINT('',#2869);
#1065=LINE('',#2334,#1153);
#1066=LINE('',#2337,#1154);
#1067=LINE('',#2341,#1155);
#1068=LINE('',#2345,#1156);
#1069=LINE('',#2348,#1157);
#1070=LINE('',#2352,#1158);
#1071=LINE('',#2359,#1159);
#1072=LINE('',#2363,#1160);
#1073=LINE('',#2365,#1161);
#1074=LINE('',#2382,#1162);
#1075=LINE('',#2387,#1163);
#1076=LINE('',#2396,#1164);
#1077=LINE('',#2408,#1165);
#1078=LINE('',#2427,#1166);
#1079=LINE('',#2431,#1167);
#1080=LINE('',#2436,#1168);
#1081=LINE('',#2448,#1169);
#1082=LINE('',#2452,#1170);
#1083=LINE('',#2461,#1171);
#1084=LINE('',#2466,#1172);
#1085=LINE('',#2471,#1173);
#1086=LINE('',#2473,#1174);
#1087=LINE('',#2475,#1175);
#1088=LINE('',#2496,#1176);
#1089=LINE('',#2502,#1177);
#1090=LINE('',#2504,#1178);
#1091=LINE('',#2515,#1179);
#1092=LINE('',#2556,#1180);
#1093=LINE('',#2561,#1181);
#1094=LINE('',#2565,#1182);
#1095=LINE('',#2567,#1183);
#1096=LINE('',#2569,#1184);
#1097=LINE('',#2571,#1185);
#1098=LINE('',#2573,#1186);
#1099=LINE('',#2577,#1187);
#1100=LINE('',#2581,#1188);
#1101=LINE('',#2583,#1189);
#1102=LINE('',#2584,#1190);
#1103=LINE('',#2593,#1191);
#1104=LINE('',#2595,#1192);
#1105=LINE('',#2603,#1193);
#1106=LINE('',#2619,#1194);
#1107=LINE('',#2623,#1195);
#1108=LINE('',#2632,#1196);
#1109=LINE('',#2634,#1197);
#1110=LINE('',#2636,#1198);
#1111=LINE('',#2638,#1199);
#1112=LINE('',#2643,#1200);
#1113=LINE('',#2645,#1201);
#1114=LINE('',#2651,#1202);
#1115=LINE('',#2653,#1203);
#1116=LINE('',#2655,#1204);
#1117=LINE('',#2660,#1205);
#1118=LINE('',#2662,#1206);
#1119=LINE('',#2663,#1207);
#1120=LINE('',#2665,#1208);
#1121=LINE('',#2669,#1209);
#1122=LINE('',#2674,#1210);
#1123=LINE('',#2678,#1211);
#1124=LINE('',#2680,#1212);
#1125=LINE('',#2738,#1213);
#1126=LINE('',#2744,#1214);
#1127=LINE('',#2747,#1215);
#1128=LINE('',#2748,#1216);
#1129=LINE('',#2767,#1217);
#1130=LINE('',#2774,#1218);
#1131=LINE('',#2926,#1219);
#1132=LINE('',#2929,#1220);
#1133=LINE('',#2938,#1221);
#1134=LINE('',#2944,#1222);
#1135=LINE('',#2946,#1223);
#1136=LINE('',#2948,#1224);
#1137=LINE('',#2950,#1225);
#1138=LINE('',#2952,#1226);
#1139=LINE('',#2998,#1227);
#1140=LINE('',#3000,#1228);
#1141=LINE('',#3002,#1229);
#1142=LINE('',#3004,#1230);
#1143=LINE('',#3006,#1231);
#1144=LINE('',#3008,#1232);
#1145=LINE('',#3052,#1233);
#1146=LINE('',#3054,#1234);
#1147=LINE('',#3056,#1235);
#1148=LINE('',#3058,#1236);
#1149=LINE('',#3060,#1237);
#1150=LINE('',#3062,#1238);
#1151=LINE('',#3071,#1239);
#1152=LINE('',#3073,#1240);
#1153=VECTOR('',#1860,1.);
#1154=VECTOR('',#1861,1.);
#1155=VECTOR('',#1864,1.);
#1156=VECTOR('',#1869,1.);
#1157=VECTOR('',#1870,1.);
#1158=VECTOR('',#1873,1.);
#1159=VECTOR('',#1880,1.);
#1160=VECTOR('',#1883,1.);
#1161=VECTOR('',#1884,1.);
#1162=VECTOR('',#1905,1.);
#1163=VECTOR('',#1908,1.);
#1164=VECTOR('',#1911,1.);
#1165=VECTOR('',#1914,1.);
#1166=VECTOR('',#1933,1.);
#1167=VECTOR('',#1938,1.);
#1168=VECTOR('',#1941,1.);
#1169=VECTOR('',#1948,1.);
#1170=VECTOR('',#1951,1.);
#1171=VECTOR('',#1954,1.);
#1172=VECTOR('',#1959,1.);
#1173=VECTOR('',#1964,1.);
#1174=VECTOR('',#1965,1.);
#1175=VECTOR('',#1966,1.);
#1176=VECTOR('',#1981,1.);
#1177=VECTOR('',#1986,1.);
#1178=VECTOR('',#1989,1.);
#1179=VECTOR('',#1992,1.);
#1180=VECTOR('',#2049,1.);
#1181=VECTOR('',#2052,1.);
#1182=VECTOR('',#2055,1.);
#1183=VECTOR('',#2056,1.);
#1184=VECTOR('',#2057,1.);
#1185=VECTOR('',#2058,1.);
#1186=VECTOR('',#2059,1.);
#1187=VECTOR('',#2062,1.);
#1188=VECTOR('',#2067,1.);
#1189=VECTOR('',#2068,1.);
#1190=VECTOR('',#2069,1.);
#1191=VECTOR('',#2072,1.);
#1192=VECTOR('',#2073,1.);
#1193=VECTOR('',#2074,1.);
#1194=VECTOR('',#2083,1.);
#1195=VECTOR('',#2088,1.);
#1196=VECTOR('',#2091,1.);
#1197=VECTOR('',#2094,1.);
#1198=VECTOR('',#2095,1.);
#1199=VECTOR('',#2096,1.);
#1200=VECTOR('',#2101,1.);
#1201=VECTOR('',#2102,1.);
#1202=VECTOR('',#2105,1.);
#1203=VECTOR('',#2106,1.);
#1204=VECTOR('',#2107,1.);
#1205=VECTOR('',#2112,1.);
#1206=VECTOR('',#2113,1.);
#1207=VECTOR('',#2114,1.);
#1208=VECTOR('',#2115,1.);
#1209=VECTOR('',#2118,1.);
#1210=VECTOR('',#2123,1.);
#1211=VECTOR('',#2126,1.);
#1212=VECTOR('',#2127,1.);
#1213=VECTOR('',#2160,1.);
#1214=VECTOR('',#2167,1.);
#1215=VECTOR('',#2168,1.);
#1216=VECTOR('',#2169,1.);
#1217=VECTOR('',#2186,1.);
#1218=VECTOR('',#2189,1.);
#1219=VECTOR('',#2250,1.);
#1220=VECTOR('',#2255,1.);
#1221=VECTOR('',#2260,1.);
#1222=VECTOR('',#2263,1.);
#1223=VECTOR('',#2266,1.);
#1224=VECTOR('',#2269,1.);
#1225=VECTOR('',#2272,1.);
#1226=VECTOR('',#2275,1.);
#1227=VECTOR('',#2280,1.);
#1228=VECTOR('',#2283,1.);
#1229=VECTOR('',#2286,1.);
#1230=VECTOR('',#2289,1.);
#1231=VECTOR('',#2292,1.);
#1232=VECTOR('',#2295,1.);
#1233=VECTOR('',#2300,1.);
#1234=VECTOR('',#2303,1.);
#1235=VECTOR('',#2306,1.);
#1236=VECTOR('',#2309,1.);
#1237=VECTOR('',#2312,1.);
#1238=VECTOR('',#2315,1.);
#1239=VECTOR('',#2324,1.);
#1240=VECTOR('',#2327,1.);
#1241=EDGE_LOOP('',(#218,#219,#220,#221,#222));
#1242=EDGE_LOOP('',(#223,#224,#225,#226,#227));
#1243=EDGE_LOOP('',(#228,#229,#230,#231,#232));
#1244=EDGE_LOOP('',(#233));
#1245=EDGE_LOOP('',(#234));
#1246=EDGE_LOOP('',(#235));
#1247=EDGE_LOOP('',(#236));
#1248=EDGE_LOOP('',(#237));
#1249=EDGE_LOOP('',(#238));
#1250=EDGE_LOOP('',(#239,#240,#241,#242,#243,#244,#245,#246,#247,#248));
#1251=EDGE_LOOP('',(#249));
#1252=EDGE_LOOP('',(#250));
#1253=EDGE_LOOP('',(#251));
#1254=EDGE_LOOP('',(#252));
#1255=EDGE_LOOP('',(#253));
#1256=EDGE_LOOP('',(#254,#255,#256,#257));
#1257=EDGE_LOOP('',(#258,#259,#260,#261));
#1258=EDGE_LOOP('',(#262,#263,#264,#265,#266,#267,#268,#269,#270,#271,#272,
#273));
#1259=EDGE_LOOP('',(#274,#275,#276,#277));
#1260=EDGE_LOOP('',(#278));
#1261=EDGE_LOOP('',(#279));
#1262=EDGE_LOOP('',(#280));
#1263=EDGE_LOOP('',(#281));
#1264=EDGE_LOOP('',(#282));
#1265=EDGE_LOOP('',(#283,#284,#285,#286,#287,#288));
#1266=EDGE_LOOP('',(#289,#290,#291,#292,#293,#294));
#1267=EDGE_LOOP('',(#295));
#1268=EDGE_LOOP('',(#296));
#1269=EDGE_LOOP('',(#297));
#1270=EDGE_LOOP('',(#298));
#1271=EDGE_LOOP('',(#299));
#1272=EDGE_LOOP('',(#300));
#1273=EDGE_LOOP('',(#301));
#1274=EDGE_LOOP('',(#302));
#1275=EDGE_LOOP('',(#303));
#1276=EDGE_LOOP('',(#304));
#1277=EDGE_LOOP('',(#305));
#1278=EDGE_LOOP('',(#306));
#1279=EDGE_LOOP('',(#307));
#1280=EDGE_LOOP('',(#308));
#1281=EDGE_LOOP('',(#309));
#1282=EDGE_LOOP('',(#310));
#1283=EDGE_LOOP('',(#311));
#1284=EDGE_LOOP('',(#312));
#1285=EDGE_LOOP('',(#313));
#1286=EDGE_LOOP('',(#314));
#1287=EDGE_LOOP('',(#315));
#1288=EDGE_LOOP('',(#316));
#1289=EDGE_LOOP('',(#317));
#1290=EDGE_LOOP('',(#318));
#1291=EDGE_LOOP('',(#319));
#1292=EDGE_LOOP('',(#320));
#1293=EDGE_LOOP('',(#321));
#1294=EDGE_LOOP('',(#322));
#1295=EDGE_LOOP('',(#323));
#1296=EDGE_LOOP('',(#324));
#1297=EDGE_LOOP('',(#325));
#1298=EDGE_LOOP('',(#326,#327,#328,#329,#330,#331,#332,#333,#334,#335,#336,
#337));
#1299=EDGE_LOOP('',(#338));
#1300=EDGE_LOOP('',(#339));
#1301=EDGE_LOOP('',(#340,#341,#342,#343,#344));
#1302=EDGE_LOOP('',(#345,#346,#347,#348,#349));
#1303=EDGE_LOOP('',(#350,#351,#352,#353,#354,#355,#356,#357,#358,#359,#360,
#361));
#1304=EDGE_LOOP('',(#362,#363,#364,#365,#366));
#1305=EDGE_LOOP('',(#367,#368,#369,#370));
#1306=EDGE_LOOP('',(#371,#372,#373,#374,#375));
#1307=EDGE_LOOP('',(#376,#377,#378,#379));
#1308=EDGE_LOOP('',(#380,#381,#382,#383,#384,#385,#386,#387));
#1309=EDGE_LOOP('',(#388,#389,#390,#391,#392));
#1310=EDGE_LOOP('',(#393));
#1311=EDGE_LOOP('',(#394));
#1312=EDGE_LOOP('',(#395));
#1313=EDGE_LOOP('',(#396));
#1314=EDGE_LOOP('',(#397));
#1315=EDGE_LOOP('',(#398));
#1316=EDGE_LOOP('',(#399));
#1317=EDGE_LOOP('',(#400,#401,#402,#403));
#1318=EDGE_LOOP('',(#404));
#1319=EDGE_LOOP('',(#405,#406,#407,#408));
#1320=EDGE_LOOP('',(#409));
#1321=EDGE_LOOP('',(#410));
#1322=EDGE_LOOP('',(#411,#412,#413,#414,#415,#416,#417));
#1323=EDGE_LOOP('',(#418,#419,#420,#421));
#1324=EDGE_LOOP('',(#422,#423,#424,#425,#426,#427,#428));
#1325=EDGE_LOOP('',(#429,#430,#431,#432));
#1326=EDGE_LOOP('',(#433,#434,#435,#436,#437,#438,#439,#440));
#1327=EDGE_LOOP('',(#441,#442,#443,#444,#445,#446));
#1328=EDGE_LOOP('',(#447,#448,#449,#450));
#1329=EDGE_LOOP('',(#451,#452,#453,#454,#455,#456));
#1330=EDGE_LOOP('',(#457,#458,#459,#460));
#1331=EDGE_LOOP('',(#461,#462,#463,#464,#465,#466,#467,#468));
#1332=EDGE_LOOP('',(#469,#470,#471,#472,#473,#474));
#1333=EDGE_LOOP('',(#475,#476,#477,#478,#479,#480,#481,#482));
#1334=EDGE_LOOP('',(#483,#484,#485,#486));
#1335=EDGE_LOOP('',(#487,#488,#489,#490));
#1336=EDGE_LOOP('',(#491,#492,#493,#494));
#1337=EDGE_LOOP('',(#495,#496,#497,#498));
#1338=EDGE_LOOP('',(#499,#500,#501,#502,#503,#504));
#1339=EDGE_LOOP('',(#505,#506,#507,#508,#509,#510));
#1340=EDGE_LOOP('',(#511,#512,#513,#514,#515));
#1341=EDGE_LOOP('',(#516,#517,#518,#519,#520));
#1342=EDGE_LOOP('',(#521,#522,#523,#524));
#1343=EDGE_LOOP('',(#525,#526,#527,#528));
#1344=EDGE_LOOP('',(#529,#530,#531,#532));
#1345=EDGE_LOOP('',(#533,#534,#535,#536));
#1346=EDGE_LOOP('',(#537,#538,#539,#540,#541));
#1347=EDGE_LOOP('',(#542,#543,#544,#545));
#1348=EDGE_LOOP('',(#546,#547,#548,#549));
#1349=EDGE_LOOP('',(#550,#551,#552,#553,#554,#555));
#1350=EDGE_LOOP('',(#556,#557,#558,#559));
#1351=EDGE_LOOP('',(#560,#561,#562,#563));
#1352=EDGE_LOOP('',(#564,#565,#566,#567,#568));
#1353=EDGE_LOOP('',(#569,#570,#571,#572));
#1354=EDGE_LOOP('',(#573,#574,#575,#576));
#1355=EDGE_LOOP('',(#577,#578,#579,#580));
#1356=EDGE_LOOP('',(#581,#582,#583,#584,#585,#586));
#1357=EDGE_LOOP('',(#587,#588,#589,#590));
#1358=EDGE_LOOP('',(#591,#592,#593,#594));
#1359=EDGE_LOOP('',(#595,#596,#597,#598));
#1360=EDGE_LOOP('',(#599,#600,#601,#602,#603,#604));
#1361=EDGE_LOOP('',(#605,#606,#607,#608));
#1362=EDGE_LOOP('',(#609,#610,#611,#612));
#1363=EDGE_LOOP('',(#613,#614,#615,#616));
#1364=EDGE_LOOP('',(#617,#618,#619,#620,#621));
#1365=EDGE_LOOP('',(#622,#623,#624,#625));
#1366=EDGE_LOOP('',(#626,#627,#628,#629));
#1367=EDGE_LOOP('',(#630,#631,#632,#633,#634,#635));
#1368=EDGE_LOOP('',(#636,#637,#638,#639));
#1369=EDGE_LOOP('',(#640,#641,#642,#643));
#1370=EDGE_LOOP('',(#644,#645,#646,#647,#648));
#1371=EDGE_LOOP('',(#649,#650,#651,#652,#653));
#1372=EDGE_LOOP('',(#654,#655,#656,#657,#658));
#1373=EDGE_LOOP('',(#659,#660,#661,#662));
#1374=EDGE_LOOP('',(#663,#664,#665,#666));
#1375=EDGE_LOOP('',(#667,#668,#669,#670));
#1376=EDGE_LOOP('',(#671,#672,#673,#674,#675,#676,#677,#678));
#1377=EDGE_LOOP('',(#679));
#1378=FACE_BOUND('',#1241,.T.);
#1379=FACE_BOUND('',#1242,.T.);
#1380=FACE_BOUND('',#1243,.T.);
#1381=FACE_BOUND('',#1244,.T.);
#1382=FACE_BOUND('',#1245,.T.);
#1383=FACE_BOUND('',#1246,.T.);
#1384=FACE_BOUND('',#1247,.T.);
#1385=FACE_BOUND('',#1248,.T.);
#1386=FACE_BOUND('',#1249,.T.);
#1387=FACE_BOUND('',#1250,.T.);
#1388=FACE_BOUND('',#1251,.T.);
#1389=FACE_BOUND('',#1252,.T.);
#1390=FACE_BOUND('',#1253,.T.);
#1391=FACE_BOUND('',#1254,.T.);
#1392=FACE_BOUND('',#1255,.T.);
#1393=FACE_BOUND('',#1256,.T.);
#1394=FACE_BOUND('',#1257,.T.);
#1395=FACE_BOUND('',#1258,.T.);
#1396=FACE_BOUND('',#1259,.T.);
#1397=FACE_BOUND('',#1260,.T.);
#1398=FACE_BOUND('',#1261,.T.);
#1399=FACE_BOUND('',#1262,.T.);
#1400=FACE_BOUND('',#1263,.T.);
#1401=FACE_BOUND('',#1264,.T.);
#1402=FACE_BOUND('',#1265,.T.);
#1403=FACE_BOUND('',#1266,.T.);
#1404=FACE_BOUND('',#1267,.T.);
#1405=FACE_BOUND('',#1268,.T.);
#1406=FACE_BOUND('',#1269,.T.);
#1407=FACE_BOUND('',#1270,.T.);
#1408=FACE_BOUND('',#1271,.T.);
#1409=FACE_BOUND('',#1272,.T.);
#1410=FACE_BOUND('',#1273,.T.);
#1411=FACE_BOUND('',#1274,.T.);
#1412=FACE_BOUND('',#1275,.T.);
#1413=FACE_BOUND('',#1276,.T.);
#1414=FACE_BOUND('',#1277,.T.);
#1415=FACE_BOUND('',#1278,.T.);
#1416=FACE_BOUND('',#1279,.T.);
#1417=FACE_BOUND('',#1280,.T.);
#1418=FACE_BOUND('',#1281,.T.);
#1419=FACE_BOUND('',#1282,.T.);
#1420=FACE_BOUND('',#1283,.T.);
#1421=FACE_BOUND('',#1284,.T.);
#1422=FACE_BOUND('',#1285,.T.);
#1423=FACE_BOUND('',#1286,.T.);
#1424=FACE_BOUND('',#1287,.T.);
#1425=FACE_BOUND('',#1288,.T.);
#1426=FACE_BOUND('',#1289,.T.);
#1427=FACE_BOUND('',#1290,.T.);
#1428=FACE_BOUND('',#1291,.T.);
#1429=FACE_BOUND('',#1292,.T.);
#1430=FACE_BOUND('',#1293,.T.);
#1431=FACE_BOUND('',#1294,.T.);
#1432=FACE_BOUND('',#1295,.T.);
#1433=FACE_BOUND('',#1296,.T.);
#1434=FACE_BOUND('',#1297,.T.);
#1435=FACE_BOUND('',#1298,.T.);
#1436=FACE_BOUND('',#1299,.T.);
#1437=FACE_BOUND('',#1300,.T.);
#1438=FACE_BOUND('',#1301,.T.);
#1439=FACE_BOUND('',#1302,.T.);
#1440=FACE_BOUND('',#1303,.T.);
#1441=FACE_BOUND('',#1304,.T.);
#1442=FACE_BOUND('',#1305,.T.);
#1443=FACE_BOUND('',#1306,.T.);
#1444=FACE_BOUND('',#1307,.T.);
#1445=FACE_BOUND('',#1308,.T.);
#1446=FACE_BOUND('',#1309,.T.);
#1447=FACE_BOUND('',#1310,.T.);
#1448=FACE_BOUND('',#1311,.T.);
#1449=FACE_BOUND('',#1312,.T.);
#1450=FACE_BOUND('',#1313,.T.);
#1451=FACE_BOUND('',#1314,.T.);
#1452=FACE_BOUND('',#1315,.T.);
#1453=FACE_BOUND('',#1316,.T.);
#1454=FACE_BOUND('',#1317,.T.);
#1455=FACE_BOUND('',#1318,.T.);
#1456=FACE_BOUND('',#1319,.T.);
#1457=FACE_BOUND('',#1320,.T.);
#1458=FACE_BOUND('',#1321,.T.);
#1459=FACE_BOUND('',#1322,.T.);
#1460=FACE_BOUND('',#1323,.T.);
#1461=FACE_BOUND('',#1324,.T.);
#1462=FACE_BOUND('',#1325,.T.);
#1463=FACE_BOUND('',#1326,.T.);
#1464=FACE_BOUND('',#1327,.T.);
#1465=FACE_BOUND('',#1328,.T.);
#1466=FACE_BOUND('',#1329,.T.);
#1467=FACE_BOUND('',#1330,.T.);
#1468=FACE_BOUND('',#1331,.T.);
#1469=FACE_BOUND('',#1332,.T.);
#1470=FACE_BOUND('',#1333,.T.);
#1471=FACE_BOUND('',#1334,.T.);
#1472=FACE_BOUND('',#1335,.T.);
#1473=FACE_BOUND('',#1336,.T.);
#1474=FACE_BOUND('',#1337,.T.);
#1475=FACE_BOUND('',#1338,.T.);
#1476=FACE_BOUND('',#1339,.T.);
#1477=FACE_BOUND('',#1340,.T.);
#1478=FACE_BOUND('',#1341,.T.);
#1479=FACE_BOUND('',#1342,.T.);
#1480=FACE_BOUND('',#1343,.T.);
#1481=FACE_BOUND('',#1344,.T.);
#1482=FACE_BOUND('',#1345,.T.);
#1483=FACE_BOUND('',#1346,.T.);
#1484=FACE_BOUND('',#1347,.T.);
#1485=FACE_BOUND('',#1348,.T.);
#1486=FACE_BOUND('',#1349,.T.);
#1487=FACE_BOUND('',#1350,.T.);
#1488=FACE_BOUND('',#1351,.T.);
#1489=FACE_BOUND('',#1352,.T.);
#1490=FACE_BOUND('',#1353,.T.);
#1491=FACE_BOUND('',#1354,.T.);
#1492=FACE_BOUND('',#1355,.T.);
#1493=FACE_BOUND('',#1356,.T.);
#1494=FACE_BOUND('',#1357,.T.);
#1495=FACE_BOUND('',#1358,.T.);
#1496=FACE_BOUND('',#1359,.T.);
#1497=FACE_BOUND('',#1360,.T.);
#1498=FACE_BOUND('',#1361,.T.);
#1499=FACE_BOUND('',#1362,.T.);
#1500=FACE_BOUND('',#1363,.T.);
#1501=FACE_BOUND('',#1364,.T.);
#1502=FACE_BOUND('',#1365,.T.);
#1503=FACE_BOUND('',#1366,.T.);
#1504=FACE_BOUND('',#1367,.T.);
#1505=FACE_BOUND('',#1368,.T.);
#1506=FACE_BOUND('',#1369,.T.);
#1507=FACE_BOUND('',#1370,.T.);
#1508=FACE_BOUND('',#1371,.T.);
#1509=FACE_BOUND('',#1372,.T.);
#1510=FACE_BOUND('',#1373,.T.);
#1511=FACE_BOUND('',#1374,.T.);
#1512=FACE_BOUND('',#1375,.T.);
#1513=FACE_BOUND('',#1376,.T.);
#1514=FACE_BOUND('',#1377,.T.);
#1515=PLANE('',#1663);
#1516=PLANE('',#1666);
#1517=PLANE('',#1669);
#1518=PLANE('',#1686);
#1519=PLANE('',#1698);
#1520=PLANE('',#1704);
#1521=PLANE('',#1711);
#1522=PLANE('',#1715);
#1523=PLANE('',#1732);
#1524=PLANE('',#1735);
#1525=PLANE('',#1738);
#1526=PLANE('',#1741);
#1527=PLANE('',#1744);
#1528=PLANE('',#1749);
#1529=PLANE('',#1750);
#1530=PLANE('',#1756);
#1531=PLANE('',#1758);
#1532=PLANE('',#1759);
#1533=PLANE('',#1761);
#1534=PLANE('',#1762);
#1535=PLANE('',#1765);
#1536=PLANE('',#1768);
#1537=PLANE('',#1771);
#1538=PLANE('',#1778);
#1539=PLANE('',#1779);
#1540=PLANE('',#1786);
#1541=PLANE('',#1787);
#1542=PLANE('',#1794);
#1543=PLANE('',#1830);
#1544=PLANE('',#1832);
#1545=PLANE('',#1834);
#1546=PLANE('',#1838);
#1547=PLANE('',#1840);
#1548=PLANE('',#1844);
#1549=PLANE('',#1846);
#1550=PLANE('',#1848);
#1551=ADVANCED_FACE('',(#1378),#1515,.F.);
#1552=ADVANCED_FACE('',(#1379),#1516,.F.);
#1553=ADVANCED_FACE('',(#1380),#1517,.F.);
#1554=ADVANCED_FACE('',(#1381,#1382),#89,.F.);
#1555=ADVANCED_FACE('',(#1383,#1384),#90,.F.);
#1556=ADVANCED_FACE('',(#1385,#1386),#91,.F.);
#1557=ADVANCED_FACE('',(#1387),#92,.T.);
#1558=ADVANCED_FACE('',(#1388,#1389,#1390,#1391,#1392,#1393),#1518,.F.);
#1559=ADVANCED_FACE('',(#1394),#93,.T.);
#1560=ADVANCED_FACE('',(#1395),#1519,.F.);
#1561=ADVANCED_FACE('',(#1396,#1397,#1398,#1399,#1400,#1401),#1520,.T.);
#1562=ADVANCED_FACE('',(#1402),#1521,.T.);
#1563=ADVANCED_FACE('',(#1403),#1522,.F.);
#1564=ADVANCED_FACE('',(#1404,#1405),#94,.F.);
#1565=ADVANCED_FACE('',(#1406,#1407),#95,.F.);
#1566=ADVANCED_FACE('',(#1408,#1409),#96,.F.);
#1567=ADVANCED_FACE('',(#1410,#1411),#97,.F.);
#1568=ADVANCED_FACE('',(#1412,#1413),#98,.F.);
#1569=ADVANCED_FACE('',(#1414,#1415),#99,.T.);
#1570=ADVANCED_FACE('',(#1416,#1417),#1523,.T.);
#1571=ADVANCED_FACE('',(#1418,#1419),#100,.T.);
#1572=ADVANCED_FACE('',(#1420,#1421),#1524,.T.);
#1573=ADVANCED_FACE('',(#1422,#1423),#101,.T.);
#1574=ADVANCED_FACE('',(#1424,#1425),#1525,.T.);
#1575=ADVANCED_FACE('',(#1426,#1427),#102,.T.);
#1576=ADVANCED_FACE('',(#1428,#1429),#1526,.T.);
#1577=ADVANCED_FACE('',(#1430,#1431),#18,.F.);
#1578=ADVANCED_FACE('',(#1432,#1433),#19,.F.);
#1579=ADVANCED_FACE('',(#1434,#1435,#1436,#1437),#1527,.F.);
#1580=ADVANCED_FACE('',(#1438),#1528,.F.);
#1581=ADVANCED_FACE('',(#1439),#1529,.F.);
#1582=ADVANCED_FACE('',(#1440),#103,.F.);
#1583=ADVANCED_FACE('',(#1441),#1530,.T.);
#1584=ADVANCED_FACE('',(#1442),#1531,.T.);
#1585=ADVANCED_FACE('',(#1443),#1532,.T.);
#1586=ADVANCED_FACE('',(#1444),#1533,.F.);
#1587=ADVANCED_FACE('',(#1445),#1534,.F.);
#1588=ADVANCED_FACE('',(#1446),#1535,.F.);
#1589=ADVANCED_FACE('',(#1447,#1448),#1536,.T.);
#1590=ADVANCED_FACE('',(#1449,#1450),#104,.F.);
#1591=ADVANCED_FACE('',(#1451,#1452),#1537,.T.);
#1592=ADVANCED_FACE('',(#1453,#1454),#105,.F.);
#1593=ADVANCED_FACE('',(#1455,#1456),#106,.F.);
#1594=ADVANCED_FACE('',(#1457,#1458),#1538,.T.);
#1595=ADVANCED_FACE('',(#1459),#1539,.F.);
#1596=ADVANCED_FACE('',(#1460),#1540,.F.);
#1597=ADVANCED_FACE('',(#1461),#1541,.F.);
#1598=ADVANCED_FACE('',(#1462),#1542,.T.);
#1599=ADVANCED_FACE('',(#1463),#107,.T.);
#1600=ADVANCED_FACE('',(#1464),#108,.T.);
#1601=ADVANCED_FACE('',(#1465),#109,.F.);
#1602=ADVANCED_FACE('',(#1466),#110,.T.);
#1603=ADVANCED_FACE('',(#1467),#111,.F.);
#1604=ADVANCED_FACE('',(#1468),#112,.F.);
#1605=ADVANCED_FACE('',(#1469),#113,.F.);
#1606=ADVANCED_FACE('',(#1470),#114,.F.);
#1607=ADVANCED_FACE('',(#1471),#115,.T.);
#1608=ADVANCED_FACE('',(#1472),#116,.T.);
#1609=ADVANCED_FACE('',(#1473),#117,.T.);
#1610=ADVANCED_FACE('',(#1474),#118,.T.);
#1611=ADVANCED_FACE('',(#1475),#119,.T.);
#1612=ADVANCED_FACE('',(#1476),#120,.T.);
#1613=ADVANCED_FACE('',(#1477),#20,.F.);
#1614=ADVANCED_FACE('',(#1478),#21,.F.);
#1615=ADVANCED_FACE('',(#1479),#22,.T.);
#1616=ADVANCED_FACE('',(#1480),#23,.T.);
#1617=ADVANCED_FACE('',(#1481),#24,.T.);
#1618=ADVANCED_FACE('',(#1482),#25,.T.);
#1619=ADVANCED_FACE('',(#1483),#26,.F.);
#1620=ADVANCED_FACE('',(#1484),#1543,.T.);
#1621=ADVANCED_FACE('',(#1485),#27,.T.);
#1622=ADVANCED_FACE('',(#1486),#1544,.F.);
#1623=ADVANCED_FACE('',(#1487),#28,.T.);
#1624=ADVANCED_FACE('',(#1488),#1545,.F.);
#1625=ADVANCED_FACE('',(#1489),#29,.F.);
#1626=ADVANCED_FACE('',(#1490),#12,.T.);
#1627=ADVANCED_FACE('',(#1491),#13,.T.);
#1628=ADVANCED_FACE('',(#1492),#30,.T.);
#1629=ADVANCED_FACE('',(#1493),#31,.T.);
#1630=ADVANCED_FACE('',(#1494),#1546,.F.);
#1631=ADVANCED_FACE('',(#1495),#32,.T.);
#1632=ADVANCED_FACE('',(#1496),#1547,.T.);
#1633=ADVANCED_FACE('',(#1497),#33,.T.);
#1634=ADVANCED_FACE('',(#1498),#34,.T.);
#1635=ADVANCED_FACE('',(#1499),#14,.T.);
#1636=ADVANCED_FACE('',(#1500),#15,.T.);
#1637=ADVANCED_FACE('',(#1501),#35,.F.);
#1638=ADVANCED_FACE('',(#1502),#1548,.F.);
#1639=ADVANCED_FACE('',(#1503),#36,.T.);
#1640=ADVANCED_FACE('',(#1504),#1549,.T.);
#1641=ADVANCED_FACE('',(#1505),#37,.T.);
#1642=ADVANCED_FACE('',(#1506),#1550,.T.);
#1643=ADVANCED_FACE('',(#1507),#38,.F.);
#1644=ADVANCED_FACE('',(#1508),#39,.F.);
#1645=ADVANCED_FACE('',(#1509),#40,.F.);
#1646=ADVANCED_FACE('',(#1510),#41,.F.);
#1647=ADVANCED_FACE('',(#1511),#42,.T.);
#1648=ADVANCED_FACE('',(#1512),#43,.F.);
#1649=ADVANCED_FACE('',(#1513,#1514),#121,.T.);
#1650=CLOSED_SHELL('',(#1551,#1552,#1553,#1554,#1555,#1556,#1557,#1558,
#1559,#1560,#1561,#1562,#1563,#1564,#1565,#1566,#1567,#1568,#1569,#1570,
#1571,#1572,#1573,#1574,#1575,#1576,#1577,#1578,#1579,#1580,#1581,#1582,
#1583,#1584,#1585,#1586,#1587,#1588,#1589,#1590,#1591,#1592,#1593,#1594,
#1595,#1596,#1597,#1598,#1599,#1600,#1601,#1602,#1603,#1604,#1605,#1606,
#1607,#1608,#1609,#1610,#1611,#1612,#1613,#1614,#1615,#1616,#1617,#1618,
#1619,#1620,#1621,#1622,#1623,#1624,#1625,#1626,#1627,#1628,#1629,#1630,
#1631,#1632,#1633,#1634,#1635,#1636,#1637,#1638,#1639,#1640,#1641,#1642,
#1643,#1644,#1645,#1646,#1647,#1648,#1649));
#1651=STYLED_ITEM('',(#1652),#1659);
#1652=PRESENTATION_STYLE_ASSIGNMENT((#1653));
#1653=SURFACE_STYLE_USAGE(.BOTH.,#1654);
#1654=SURFACE_SIDE_STYLE('',(#1655));
#1655=SURFACE_STYLE_FILL_AREA(#1656);
#1656=FILL_AREA_STYLE('',(#1657));
#1657=FILL_AREA_STYLE_COLOUR('',#1658);
#1658=COLOUR_RGB('',0.615686274509804,0.811764705882353,0.929411764705882);
#1659=MANIFOLD_SOLID_BREP('Part 1',#1650);
#1660=SHAPE_DEFINITION_REPRESENTATION(#3082,#1661);
#1661=SHAPE_REPRESENTATION('Part 1',(#1662),#3077);
#1662=AXIS2_PLACEMENT_3D('',#2332,#1856,#1857);
#1663=AXIS2_PLACEMENT_3D('',#2333,#1858,#1859);
#1664=AXIS2_PLACEMENT_3D('',#2339,#1862,#1863);
#1665=AXIS2_PLACEMENT_3D('',#2343,#1865,#1866);
#1666=AXIS2_PLACEMENT_3D('',#2344,#1867,#1868);
#1667=AXIS2_PLACEMENT_3D('',#2350,#1871,#1872);
#1668=AXIS2_PLACEMENT_3D('',#2354,#1874,#1875);
#1669=AXIS2_PLACEMENT_3D('',#2355,#1876,#1877);
#1670=AXIS2_PLACEMENT_3D('',#2356,#1878,#1879);
#1671=AXIS2_PLACEMENT_3D('',#2361,#1881,#1882);
#1672=AXIS2_PLACEMENT_3D('',#2366,#1885,#1886);
#1673=AXIS2_PLACEMENT_3D('',#2367,#1887,#1888);
#1674=AXIS2_PLACEMENT_3D('',#2369,#1889,#1890);
#1675=AXIS2_PLACEMENT_3D('',#2371,#1891,#1892);
#1676=AXIS2_PLACEMENT_3D('',#2372,#1893,#1894);
#1677=AXIS2_PLACEMENT_3D('',#2374,#1895,#1896);
#1678=AXIS2_PLACEMENT_3D('',#2376,#1897,#1898);
#1679=AXIS2_PLACEMENT_3D('',#2377,#1899,#1900);
#1680=AXIS2_PLACEMENT_3D('',#2379,#1901,#1902);
#1681=AXIS2_PLACEMENT_3D('',#2381,#1903,#1904);
#1682=AXIS2_PLACEMENT_3D('',#2385,#1906,#1907);
#1683=AXIS2_PLACEMENT_3D('',#2389,#1909,#1910);
#1684=AXIS2_PLACEMENT_3D('',#2406,#1912,#1913);
#1685=AXIS2_PLACEMENT_3D('',#2410,#1915,#1916);
#1686=AXIS2_PLACEMENT_3D('',#2411,#1917,#1918);
#1687=AXIS2_PLACEMENT_3D('',#2412,#1919,#1920);
#1688=AXIS2_PLACEMENT_3D('',#2414,#1921,#1922);
#1689=AXIS2_PLACEMENT_3D('',#2416,#1923,#1924);
#1690=AXIS2_PLACEMENT_3D('',#2418,#1925,#1926);
#1691=AXIS2_PLACEMENT_3D('',#2420,#1927,#1928);
#1692=AXIS2_PLACEMENT_3D('',#2422,#1929,#1930);
#1693=AXIS2_PLACEMENT_3D('',#2425,#1931,#1932);
#1694=AXIS2_PLACEMENT_3D('',#2429,#1934,#1935);
#1695=AXIS2_PLACEMENT_3D('',#2430,#1936,#1937);
#1696=AXIS2_PLACEMENT_3D('',#2434,#1939,#1940);
#1697=AXIS2_PLACEMENT_3D('',#2438,#1942,#1943);
#1698=AXIS2_PLACEMENT_3D('',#2439,#1944,#1945);
#1699=AXIS2_PLACEMENT_3D('',#2440,#1946,#1947);
#1700=AXIS2_PLACEMENT_3D('',#2450,#1949,#1950);
#1701=AXIS2_PLACEMENT_3D('',#2459,#1952,#1953);
#1702=AXIS2_PLACEMENT_3D('',#2463,#1955,#1956);
#1703=AXIS2_PLACEMENT_3D('',#2464,#1957,#1958);
#1704=AXIS2_PLACEMENT_3D('',#2467,#1960,#1961);
#1705=AXIS2_PLACEMENT_3D('',#2468,#1962,#1963);
#1706=AXIS2_PLACEMENT_3D('',#2476,#1967,#1968);
#1707=AXIS2_PLACEMENT_3D('',#2478,#1969,#1970);
#1708=AXIS2_PLACEMENT_3D('',#2480,#1971,#1972);
#1709=AXIS2_PLACEMENT_3D('',#2482,#1973,#1974);
#1710=AXIS2_PLACEMENT_3D('',#2484,#1975,#1976);
#1711=AXIS2_PLACEMENT_3D('',#2486,#1977,#1978);
#1712=AXIS2_PLACEMENT_3D('',#2494,#1979,#1980);
#1713=AXIS2_PLACEMENT_3D('',#2498,#1982,#1983);
#1714=AXIS2_PLACEMENT_3D('',#2500,#1984,#1985);
#1715=AXIS2_PLACEMENT_3D('',#2503,#1987,#1988);
#1716=AXIS2_PLACEMENT_3D('',#2507,#1990,#1991);
#1717=AXIS2_PLACEMENT_3D('',#2517,#1993,#1994);
#1718=AXIS2_PLACEMENT_3D('',#2519,#1995,#1996);
#1719=AXIS2_PLACEMENT_3D('',#2520,#1997,#1998);
#1720=AXIS2_PLACEMENT_3D('',#2521,#1999,#2000);
#1721=AXIS2_PLACEMENT_3D('',#2523,#2001,#2002);
#1722=AXIS2_PLACEMENT_3D('',#2524,#2003,#2004);
#1723=AXIS2_PLACEMENT_3D('',#2526,#2005,#2006);
#1724=AXIS2_PLACEMENT_3D('',#2527,#2007,#2008);
#1725=AXIS2_PLACEMENT_3D('',#2529,#2009,#2010);
#1726=AXIS2_PLACEMENT_3D('',#2531,#2011,#2012);
#1727=AXIS2_PLACEMENT_3D('',#2532,#2013,#2014);
#1728=AXIS2_PLACEMENT_3D('',#2534,#2015,#2016);
#1729=AXIS2_PLACEMENT_3D('',#2535,#2017,#2018);
#1730=AXIS2_PLACEMENT_3D('',#2537,#2019,#2020);
#1731=AXIS2_PLACEMENT_3D('',#2538,#2021,#2022);
#1732=AXIS2_PLACEMENT_3D('',#2540,#2023,#2024);
#1733=AXIS2_PLACEMENT_3D('',#2541,#2025,#2026);
#1734=AXIS2_PLACEMENT_3D('',#2542,#2027,#2028);
#1735=AXIS2_PLACEMENT_3D('',#2544,#2029,#2030);
#1736=AXIS2_PLACEMENT_3D('',#2545,#2031,#2032);
#1737=AXIS2_PLACEMENT_3D('',#2546,#2033,#2034);
#1738=AXIS2_PLACEMENT_3D('',#2548,#2035,#2036);
#1739=AXIS2_PLACEMENT_3D('',#2549,#2037,#2038);
#1740=AXIS2_PLACEMENT_3D('',#2550,#2039,#2040);
#1741=AXIS2_PLACEMENT_3D('',#2552,#2041,#2042);
#1742=AXIS2_PLACEMENT_3D('',#2553,#2043,#2044);
#1743=AXIS2_PLACEMENT_3D('',#2554,#2045,#2046);
#1744=AXIS2_PLACEMENT_3D('',#2555,#2047,#2048);
#1745=AXIS2_PLACEMENT_3D('',#2559,#2050,#2051);
#1746=AXIS2_PLACEMENT_3D('',#2563,#2053,#2054);
#1747=AXIS2_PLACEMENT_3D('',#2575,#2060,#2061);
#1748=AXIS2_PLACEMENT_3D('',#2579,#2063,#2064);
#1749=AXIS2_PLACEMENT_3D('',#2580,#2065,#2066);
#1750=AXIS2_PLACEMENT_3D('',#2592,#2070,#2071);
#1751=AXIS2_PLACEMENT_3D('',#2604,#2075,#2076);
#1752=AXIS2_PLACEMENT_3D('',#2605,#2077,#2078);
#1753=AXIS2_PLACEMENT_3D('',#2616,#2079,#2080);
#1754=AXIS2_PLACEMENT_3D('',#2617,#2081,#2082);
#1755=AXIS2_PLACEMENT_3D('',#2621,#2084,#2085);
#1756=AXIS2_PLACEMENT_3D('',#2622,#2086,#2087);
#1757=AXIS2_PLACEMENT_3D('',#2626,#2089,#2090);
#1758=AXIS2_PLACEMENT_3D('',#2633,#2092,#2093);
#1759=AXIS2_PLACEMENT_3D('',#2639,#2097,#2098);
#1760=AXIS2_PLACEMENT_3D('',#2640,#2099,#2100);
#1761=AXIS2_PLACEMENT_3D('',#2650,#2103,#2104);
#1762=AXIS2_PLACEMENT_3D('',#2656,#2108,#2109);
#1763=AXIS2_PLACEMENT_3D('',#2657,#2110,#2111);
#1764=AXIS2_PLACEMENT_3D('',#2667,#2116,#2117);
#1765=AXIS2_PLACEMENT_3D('',#2670,#2119,#2120);
#1766=AXIS2_PLACEMENT_3D('',#2671,#2121,#2122);
#1767=AXIS2_PLACEMENT_3D('',#2676,#2124,#2125);
#1768=AXIS2_PLACEMENT_3D('',#2681,#2128,#2129);
#1769=AXIS2_PLACEMENT_3D('',#2682,#2130,#2131);
#1770=AXIS2_PLACEMENT_3D('',#2684,#2132,#2133);
#1771=AXIS2_PLACEMENT_3D('',#2704,#2134,#2135);
#1772=AXIS2_PLACEMENT_3D('',#2705,#2136,#2137);
#1773=AXIS2_PLACEMENT_3D('',#2707,#2138,#2139);
#1774=AXIS2_PLACEMENT_3D('',#2708,#2140,#2141);
#1775=AXIS2_PLACEMENT_3D('',#2716,#2142,#2143);
#1776=AXIS2_PLACEMENT_3D('',#2717,#2144,#2145);
#1777=AXIS2_PLACEMENT_3D('',#2719,#2146,#2147);
#1778=AXIS2_PLACEMENT_3D('',#2727,#2148,#2149);
#1779=AXIS2_PLACEMENT_3D('',#2728,#2150,#2151);
#1780=AXIS2_PLACEMENT_3D('',#2729,#2152,#2153);
#1781=AXIS2_PLACEMENT_3D('',#2732,#2154,#2155);
#1782=AXIS2_PLACEMENT_3D('',#2734,#2156,#2157);
#1783=AXIS2_PLACEMENT_3D('',#2736,#2158,#2159);
#1784=AXIS2_PLACEMENT_3D('',#2740,#2161,#2162);
#1785=AXIS2_PLACEMENT_3D('',#2742,#2163,#2164);
#1786=AXIS2_PLACEMENT_3D('',#2743,#2165,#2166);
#1787=AXIS2_PLACEMENT_3D('',#2749,#2170,#2171);
#1788=AXIS2_PLACEMENT_3D('',#2750,#2172,#2173);
#1789=AXIS2_PLACEMENT_3D('',#2752,#2174,#2175);
#1790=AXIS2_PLACEMENT_3D('',#2754,#2176,#2177);
#1791=AXIS2_PLACEMENT_3D('',#2756,#2178,#2179);
#1792=AXIS2_PLACEMENT_3D('',#2758,#2180,#2181);
#1793=AXIS2_PLACEMENT_3D('',#2760,#2182,#2183);
#1794=AXIS2_PLACEMENT_3D('',#2761,#2184,#2185);
#1795=AXIS2_PLACEMENT_3D('',#2773,#2187,#2188);
#1796=AXIS2_PLACEMENT_3D('',#2777,#2190,#2191);
#1797=AXIS2_PLACEMENT_3D('',#2778,#2192,#2193);
#1798=AXIS2_PLACEMENT_3D('',#2779,#2194,#2195);
#1799=AXIS2_PLACEMENT_3D('',#2780,#2196,#2197);
#1800=AXIS2_PLACEMENT_3D('',#2781,#2198,#2199);
#1801=AXIS2_PLACEMENT_3D('',#2794,#2200,#2201);
#1802=AXIS2_PLACEMENT_3D('',#2795,#2202,#2203);
#1803=AXIS2_PLACEMENT_3D('',#2796,#2204,#2205);
#1804=AXIS2_PLACEMENT_3D('',#2809,#2206,#2207);
#1805=AXIS2_PLACEMENT_3D('',#2810,#2208,#2209);
#1806=AXIS2_PLACEMENT_3D('',#2811,#2210,#2211);
#1807=AXIS2_PLACEMENT_3D('',#2812,#2212,#2213);
#1808=AXIS2_PLACEMENT_3D('',#2813,#2214,#2215);
#1809=AXIS2_PLACEMENT_3D('',#2831,#2216,#2217);
#1810=AXIS2_PLACEMENT_3D('',#2852,#2218,#2219);
#1811=AXIS2_PLACEMENT_3D('',#2870,#2220,#2221);
#1812=AXIS2_PLACEMENT_3D('',#2871,#2222,#2223);
#1813=AXIS2_PLACEMENT_3D('',#2872,#2224,#2225);
#1814=AXIS2_PLACEMENT_3D('',#2873,#2226,#2227);
#1815=AXIS2_PLACEMENT_3D('',#2874,#2228,#2229);
#1816=AXIS2_PLACEMENT_3D('',#2875,#2230,#2231);
#1817=AXIS2_PLACEMENT_3D('',#2876,#2232,#2233);
#1818=AXIS2_PLACEMENT_3D('',#2877,#2234,#2235);
#1819=AXIS2_PLACEMENT_3D('',#2878,#2236,#2237);
#1820=AXIS2_PLACEMENT_3D('',#2879,#2238,#2239);
#1821=AXIS2_PLACEMENT_3D('',#2880,#2240,#2241);
#1822=AXIS2_PLACEMENT_3D('',#2895,#2242,#2243);
#1823=AXIS2_PLACEMENT_3D('',#2909,#2244,#2245);
#1824=AXIS2_PLACEMENT_3D('',#2914,#2246,#2247);
#1825=AXIS2_PLACEMENT_3D('',#2919,#2248,#2249);
#1826=AXIS2_PLACEMENT_3D('',#2927,#2251,#2252);
#1827=AXIS2_PLACEMENT_3D('',#2928,#2253,#2254);
#1828=AXIS2_PLACEMENT_3D('',#2930,#2256,#2257);
#1829=AXIS2_PLACEMENT_3D('',#2937,#2258,#2259);
#1830=AXIS2_PLACEMENT_3D('',#2943,#2261,#2262);
#1831=AXIS2_PLACEMENT_3D('',#2945,#2264,#2265);
#1832=AXIS2_PLACEMENT_3D('',#2947,#2267,#2268);
#1833=AXIS2_PLACEMENT_3D('',#2949,#2270,#2271);
#1834=AXIS2_PLACEMENT_3D('',#2951,#2273,#2274);
#1835=AXIS2_PLACEMENT_3D('',#2953,#2276,#2277);
#1836=AXIS2_PLACEMENT_3D('',#2997,#2278,#2279);
#1837=AXIS2_PLACEMENT_3D('',#2999,#2281,#2282);
#1838=AXIS2_PLACEMENT_3D('',#3001,#2284,#2285);
#1839=AXIS2_PLACEMENT_3D('',#3003,#2287,#2288);
#1840=AXIS2_PLACEMENT_3D('',#3005,#2290,#2291);
#1841=AXIS2_PLACEMENT_3D('',#3007,#2293,#2294);
#1842=AXIS2_PLACEMENT_3D('',#3009,#2296,#2297);
#1843=AXIS2_PLACEMENT_3D('',#3051,#2298,#2299);
#1844=AXIS2_PLACEMENT_3D('',#3053,#2301,#2302);
#1845=AXIS2_PLACEMENT_3D('',#3055,#2304,#2305);
#1846=AXIS2_PLACEMENT_3D('',#3057,#2307,#2308);
#1847=AXIS2_PLACEMENT_3D('',#3059,#2310,#2311);
#1848=AXIS2_PLACEMENT_3D('',#3061,#2313,#2314);
#1849=AXIS2_PLACEMENT_3D('',#3063,#2316,#2317);
#1850=AXIS2_PLACEMENT_3D('',#3068,#2318,#2319);
#1851=AXIS2_PLACEMENT_3D('',#3069,#2320,#2321);
#1852=AXIS2_PLACEMENT_3D('',#3070,#2322,#2323);
#1853=AXIS2_PLACEMENT_3D('',#3072,#2325,#2326);
#1854=AXIS2_PLACEMENT_3D('',#3074,#2328,#2329);
#1855=AXIS2_PLACEMENT_3D('',#3075,#2330,#2331);
#1856=DIRECTION('',(0.,0.,1.));
#1857=DIRECTION('',(1.,0.,0.));
#1858=DIRECTION('',(0.,-0.96592582628907,0.258819045102516));
#1859=DIRECTION('',(1.,0.,0.));
#1860=DIRECTION('',(0.,0.258819045102516,0.96592582628907));
#1861=DIRECTION('',(-1.,0.,0.));
#1862=DIRECTION('',(0.,-0.96592582628907,0.258819045102516));
#1863=DIRECTION('',(0.,-0.258819045102516,-0.96592582628907));
#1864=DIRECTION('',(0.,0.258819045102516,0.96592582628907));
#1865=DIRECTION('',(0.,-0.96592582628907,0.258819045102516));
#1866=DIRECTION('',(0.,-0.258819045102516,-0.96592582628907));
#1867=DIRECTION('',(0.,-0.96592582628907,0.258819045102516));
#1868=DIRECTION('',(1.,0.,0.));
#1869=DIRECTION('',(0.,0.258819045102516,0.96592582628907));
#1870=DIRECTION('',(1.,0.,0.));
#1871=DIRECTION('',(0.,-0.96592582628907,0.258819045102516));
#1872=DIRECTION('',(0.,-0.258819045102516,-0.96592582628907));
#1873=DIRECTION('',(0.,-0.258819045102516,-0.96592582628907));
#1874=DIRECTION('',(0.,-0.96592582628907,0.258819045102516));
#1875=DIRECTION('',(0.,-0.258819045102516,-0.96592582628907));
#1876=DIRECTION('',(0.,-0.96592582628907,0.258819045102516));
#1877=DIRECTION('',(1.,0.,0.));
#1878=DIRECTION('',(0.,-0.96592582628907,0.258819045102516));
#1879=DIRECTION('',(0.,-0.258819045102516,-0.96592582628907));
#1880=DIRECTION('',(0.,0.258819045102516,0.96592582628907));
#1881=DIRECTION('',(0.,-0.96592582628907,0.258819045102516));
#1882=DIRECTION('',(0.,-0.258819045102516,-0.96592582628907));
#1883=DIRECTION('',(1.,0.,0.));
#1884=DIRECTION('',(0.,0.258819045102516,0.96592582628907));
#1885=DIRECTION('',(0.,-0.96592582628907,0.258819045102516));
#1886=DIRECTION('',(0.,-0.258819045102516,-0.96592582628907));
#1887=DIRECTION('',(0.,0.96592582628907,-0.258819045102516));
#1888=DIRECTION('',(0.,-0.258819045102516,-0.96592582628907));
#1889=DIRECTION('',(0.,0.96592582628907,-0.258819045102516));
#1890=DIRECTION('',(0.,0.258819045102516,0.96592582628907));
#1891=DIRECTION('',(0.,-0.96592582628907,0.258819045102516));
#1892=DIRECTION('',(0.,-0.258819045102516,-0.96592582628907));
#1893=DIRECTION('',(0.,-0.96592582628907,0.258819045102516));
#1894=DIRECTION('',(0.,-0.258819045102516,-0.96592582628907));
#1895=DIRECTION('',(0.,0.96592582628907,-0.258819045102516));
#1896=DIRECTION('',(0.,0.258819045102516,0.96592582628907));
#1897=DIRECTION('',(0.,-0.96592582628907,0.258819045102516));
#1898=DIRECTION('',(0.,-0.258819045102516,-0.96592582628907));
#1899=DIRECTION('',(0.,-0.96592582628907,0.258819045102516));
#1900=DIRECTION('',(0.,-0.258819045102516,-0.96592582628907));
#1901=DIRECTION('',(0.,0.96592582628907,-0.258819045102516));
#1902=DIRECTION('',(0.,0.258819045102516,0.96592582628907));
#1903=DIRECTION('',(-1.,0.,0.));
#1904=DIRECTION('',(0.,1.,0.));
#1905=DIRECTION('',(-1.,0.,0.));
#1906=DIRECTION('',(1.,0.,0.));
#1907=DIRECTION('',(0.,-1.,0.));
#1908=DIRECTION('',(-1.,0.,0.));
#1909=DIRECTION('',(-1.,0.,0.));
#1910=DIRECTION('',(0.,1.,0.));
#1911=DIRECTION('',(-1.,0.,0.));
#1912=DIRECTION('',(-1.,0.,0.));
#1913=DIRECTION('',(0.,1.,0.));
#1914=DIRECTION('',(-1.,0.,0.));
#1915=DIRECTION('',(-1.,0.,0.));
#1916=DIRECTION('',(0.,1.,0.));
#1917=DIRECTION('',(0.,1.,0.));
#1918=DIRECTION('',(1.,0.,0.));
#1919=DIRECTION('',(0.,1.,0.));
#1920=DIRECTION('',(1.,0.,0.));
#1921=DIRECTION('',(0.,1.,0.));
#1922=DIRECTION('',(1.,0.,0.));
#1923=DIRECTION('',(0.,1.,0.));
#1924=DIRECTION('',(1.,0.,0.));
#1925=DIRECTION('',(0.,1.,0.));
#1926=DIRECTION('',(1.,0.,0.));
#1927=DIRECTION('',(0.,1.,0.));
#1928=DIRECTION('',(1.,0.,0.));
#1929=DIRECTION('',(0.,1.,0.));
#1930=DIRECTION('',(1.,0.,0.));
#1931=DIRECTION('',(0.,1.,0.));
#1932=DIRECTION('',(1.,0.,0.));
#1933=DIRECTION('',(-1.,0.,0.));
#1934=DIRECTION('',(0.,1.,0.));
#1935=DIRECTION('',(1.,0.,0.));
#1936=DIRECTION('',(0.,-1.,0.));
#1937=DIRECTION('',(-1.,0.,0.));
#1938=DIRECTION('',(0.,-1.,0.));
#1939=DIRECTION('',(0.,1.,0.));
#1940=DIRECTION('',(1.,0.,0.));
#1941=DIRECTION('',(0.,-1.,0.));
#1942=DIRECTION('',(0.,1.,0.));
#1943=DIRECTION('',(1.,0.,0.));
#1944=DIRECTION('',(0.,1.,0.));
#1945=DIRECTION('',(1.,0.,0.));
#1946=DIRECTION('',(0.,1.,0.));
#1947=DIRECTION('',(1.,0.,0.));
#1948=DIRECTION('',(0.,0.,-1.));
#1949=DIRECTION('',(0.,1.,0.));
#1950=DIRECTION('',(1.,0.,0.));
#1951=DIRECTION('',(0.,0.,-1.));
#1952=DIRECTION('',(0.,1.,0.));
#1953=DIRECTION('',(1.,0.,0.));
#1954=DIRECTION('',(-1.,0.,0.));
#1955=DIRECTION('',(0.,1.,0.));
#1956=DIRECTION('',(1.,0.,0.));
#1957=DIRECTION('',(0.,1.,0.));
#1958=DIRECTION('',(1.,0.,0.));
#1959=DIRECTION('',(-1.,0.,0.));
#1960=DIRECTION('',(0.,1.,0.));
#1961=DIRECTION('',(1.,0.,0.));
#1962=DIRECTION('',(0.,1.,0.));
#1963=DIRECTION('',(1.,0.,0.));
#1964=DIRECTION('',(0.,0.,-1.));
#1965=DIRECTION('',(-1.,0.,0.));
#1966=DIRECTION('',(0.,0.,1.));
#1967=DIRECTION('',(0.,1.,0.));
#1968=DIRECTION('',(1.,0.,0.));
#1969=DIRECTION('',(0.,-1.,0.));
#1970=DIRECTION('',(1.,0.,0.));
#1971=DIRECTION('',(0.,1.,0.));
#1972=DIRECTION('',(1.,0.,0.));
#1973=DIRECTION('',(0.,1.,0.));
#1974=DIRECTION('',(1.,0.,0.));
#1975=DIRECTION('',(0.,-1.,0.));
#1976=DIRECTION('',(1.,0.,0.));
#1977=DIRECTION('',(-1.,0.,0.));
#1978=DIRECTION('',(0.,1.,0.));
#1979=DIRECTION('',(-1.,0.,0.));
#1980=DIRECTION('',(0.,1.,0.));
#1981=DIRECTION('',(0.,-1.,0.));
#1982=DIRECTION('',(-1.,0.,0.));
#1983=DIRECTION('',(0.,1.,0.));
#1984=DIRECTION('',(-1.,0.,0.));
#1985=DIRECTION('',(0.,1.,0.));
#1986=DIRECTION('',(0.,0.258819045102516,0.96592582628907));
#1987=DIRECTION('',(-1.,0.,0.));
#1988=DIRECTION('',(0.,1.,0.));
#1989=DIRECTION('',(0.,1.,0.));
#1990=DIRECTION('',(-1.,0.,0.));
#1991=DIRECTION('',(0.,1.,0.));
#1992=DIRECTION('',(0.,0.258819045102516,0.96592582628907));
#1993=DIRECTION('',(-1.,0.,0.));
#1994=DIRECTION('',(0.,1.,0.));
#1995=DIRECTION('',(-1.,0.,0.));
#1996=DIRECTION('',(0.,1.,0.));
#1997=DIRECTION('',(0.,1.,0.));
#1998=DIRECTION('',(1.,0.,0.));
#1999=DIRECTION('',(0.,1.,0.));
#2000=DIRECTION('',(1.,0.,0.));
#2001=DIRECTION('',(0.,1.,0.));
#2002=DIRECTION('',(1.,0.,0.));
#2003=DIRECTION('',(0.,1.,0.));
#2004=DIRECTION('',(1.,0.,0.));
#2005=DIRECTION('',(0.,1.,0.));
#2006=DIRECTION('',(1.,0.,0.));
#2007=DIRECTION('',(0.,1.,0.));
#2008=DIRECTION('',(1.,0.,0.));
#2009=DIRECTION('',(0.,1.,0.));
#2010=DIRECTION('',(1.,0.,0.));
#2011=DIRECTION('',(0.,1.,0.));
#2012=DIRECTION('',(1.,0.,0.));
#2013=DIRECTION('',(0.,-1.,0.));
#2014=DIRECTION('',(1.,0.,0.));
#2015=DIRECTION('',(0.,1.,0.));
#2016=DIRECTION('',(1.,0.,0.));
#2017=DIRECTION('',(0.,-1.,0.));
#2018=DIRECTION('',(1.,0.,0.));
#2019=DIRECTION('',(0.,-1.,0.));
#2020=DIRECTION('',(-1.,0.,0.));
#2021=DIRECTION('',(0.,1.,0.));
#2022=DIRECTION('',(1.,0.,0.));
#2023=DIRECTION('',(0.,1.,0.));
#2024=DIRECTION('',(1.,0.,0.));
#2025=DIRECTION('',(0.,-1.,0.));
#2026=DIRECTION('',(-1.,0.,0.));
#2027=DIRECTION('',(0.,1.,0.));
#2028=DIRECTION('',(1.,0.,0.));
#2029=DIRECTION('',(0.,1.,0.));
#2030=DIRECTION('',(1.,0.,0.));
#2031=DIRECTION('',(0.,-1.,0.));
#2032=DIRECTION('',(-1.,0.,0.));
#2033=DIRECTION('',(0.,-1.,0.));
#2034=DIRECTION('',(1.,0.,0.));
#2035=DIRECTION('',(0.,1.,0.));
#2036=DIRECTION('',(1.,0.,0.));
#2037=DIRECTION('',(0.,-1.,0.));
#2038=DIRECTION('',(-1.,0.,0.));
#2039=DIRECTION('',(0.,-1.,0.));
#2040=DIRECTION('',(1.,0.,0.));
#2041=DIRECTION('',(0.,1.,0.));
#2042=DIRECTION('',(1.,0.,0.));
#2043=DIRECTION('',(0.,1.,0.));
#2044=DIRECTION('',(1.,0.,0.));
#2045=DIRECTION('',(0.,-1.,0.));
#2046=DIRECTION('',(-1.,0.,0.));
#2047=DIRECTION('',(0.,0.96592582628907,-0.258819045102516));
#2048=DIRECTION('',(0.,0.258819045102516,0.96592582628907));
#2049=DIRECTION('',(-1.,0.,0.));
#2050=DIRECTION('',(0.,0.96592582628907,-0.258819045102516));
#2051=DIRECTION('',(0.,0.258819045102516,0.96592582628907));
#2052=DIRECTION('',(0.,0.258819045102516,0.96592582628907));
#2053=DIRECTION('',(0.,0.96592582628907,-0.258819045102516));
#2054=DIRECTION('',(0.,0.258819045102516,0.96592582628907));
#2055=DIRECTION('',(-1.,0.,0.));
#2056=DIRECTION('',(-1.,0.,0.));
#2057=DIRECTION('',(-1.,0.,0.));
#2058=DIRECTION('',(-1.,0.,0.));
#2059=DIRECTION('',(-1.,0.,0.));
#2060=DIRECTION('',(0.,0.96592582628907,-0.258819045102516));
#2061=DIRECTION('',(0.,0.258819045102516,0.96592582628907));
#2062=DIRECTION('',(0.,0.258819045102516,0.96592582628907));
#2063=DIRECTION('',(0.,0.96592582628907,-0.258819045102516));
#2064=DIRECTION('',(0.,0.258819045102516,0.96592582628907));
#2065=DIRECTION('',(0.,0.,-1.));
#2066=DIRECTION('',(0.,1.,0.));
#2067=DIRECTION('',(-1.,0.,0.));
#2068=DIRECTION('',(0.,1.,0.));
#2069=DIRECTION('',(0.,1.,0.));
#2070=DIRECTION('',(0.,0.,-1.));
#2071=DIRECTION('',(0.,1.,0.));
#2072=DIRECTION('',(0.,-1.,0.));
#2073=DIRECTION('',(-1.,0.,0.));
#2074=DIRECTION('',(0.,1.,0.));
#2075=DIRECTION('',(-1.,0.,0.));
#2076=DIRECTION('',(0.,1.,0.));
#2077=DIRECTION('',(-1.,0.,0.));
#2078=DIRECTION('',(0.,1.,0.));
#2079=DIRECTION('',(-1.,0.,0.));
#2080=DIRECTION('',(0.,1.,0.));
#2081=DIRECTION('',(-1.,0.,0.));
#2082=DIRECTION('',(0.,1.,0.));
#2083=DIRECTION('',(-1.,0.,0.));
#2084=DIRECTION('',(1.,0.,0.));
#2085=DIRECTION('',(0.,-1.,0.));
#2086=DIRECTION('',(0.,0.258819045102516,0.96592582628907));
#2087=DIRECTION('',(0.,-0.96592582628907,0.258819045102516));
#2088=DIRECTION('',(-1.,0.,0.));
#2089=DIRECTION('',(0.,0.258819045102516,0.96592582628907));
#2090=DIRECTION('',(0.,-0.96592582628907,0.258819045102516));
#2091=DIRECTION('',(0.,-0.96592582628907,0.258819045102516));
#2092=DIRECTION('',(1.,0.,0.));
#2093=DIRECTION('',(0.,-1.,0.));
#2094=DIRECTION('',(0.,-0.96592582628907,0.258819045102516));
#2095=DIRECTION('',(0.,0.258819045102516,0.96592582628907));
#2096=DIRECTION('',(0.,-0.96592582628907,0.258819045102516));
#2097=DIRECTION('',(0.,0.258819045102516,0.96592582628907));
#2098=DIRECTION('',(0.,-0.96592582628907,0.258819045102516));
#2099=DIRECTION('',(0.,0.258819045102516,0.96592582628907));
#2100=DIRECTION('',(0.,-0.96592582628907,0.258819045102516));
#2101=DIRECTION('',(-1.,0.,0.));
#2102=DIRECTION('',(0.,-0.96592582628907,0.258819045102516));
#2103=DIRECTION('',(1.,0.,0.));
#2104=DIRECTION('',(0.,-1.,0.));
#2105=DIRECTION('',(0.,-0.96592582628907,0.258819045102516));
#2106=DIRECTION('',(0.,-0.258819045102516,-0.96592582628907));
#2107=DIRECTION('',(0.,-0.96592582628907,0.258819045102516));
#2108=DIRECTION('',(0.,0.258819045102516,0.96592582628907));
#2109=DIRECTION('',(0.,-0.96592582628907,0.258819045102516));
#2110=DIRECTION('',(0.,0.258819045102516,0.96592582628907));
#2111=DIRECTION('',(0.,-0.96592582628907,0.258819045102516));
#2112=DIRECTION('',(1.,0.,0.));
#2113=DIRECTION('',(0.,-0.96592582628907,0.258819045102516));
#2114=DIRECTION('',(0.,-0.96592582628907,0.258819045102516));
#2115=DIRECTION('',(1.,0.,0.));
#2116=DIRECTION('',(0.,0.258819045102516,0.96592582628907));
#2117=DIRECTION('',(0.,-0.96592582628907,0.258819045102516));
#2118=DIRECTION('',(-1.,0.,0.));
#2119=DIRECTION('',(0.,-0.96592582628907,0.258819045102516));
#2120=DIRECTION('',(1.,0.,0.));
#2121=DIRECTION('',(0.,-0.96592582628907,0.258819045102516));
#2122=DIRECTION('',(0.,-0.258819045102516,-0.96592582628907));
#2123=DIRECTION('',(0.,-0.258819045102516,-0.96592582628907));
#2124=DIRECTION('',(0.,-0.96592582628907,0.258819045102516));
#2125=DIRECTION('',(0.,-0.258819045102516,-0.96592582628907));
#2126=DIRECTION('',(-1.,0.,0.));
#2127=DIRECTION('',(0.,0.258819045102516,0.96592582628907));
#2128=DIRECTION('',(0.,0.96592582628907,-0.258819045102516));
#2129=DIRECTION('',(1.,0.,0.));
#2130=DIRECTION('',(0.,0.96592582628907,-0.258819045102516));
#2131=DIRECTION('',(0.,0.258819045102516,0.96592582628907));
#2132=DIRECTION('',(0.,0.96592582628907,-0.258819045102516));
#2133=DIRECTION('',(0.,0.258819045102516,0.96592582628907));
#2134=DIRECTION('',(0.,0.96592582628907,-0.258819045102516));
#2135=DIRECTION('',(1.,0.,0.));
#2136=DIRECTION('',(0.,0.96592582628907,-0.258819045102516));
#2137=DIRECTION('',(0.,0.258819045102516,0.96592582628907));
#2138=DIRECTION('',(0.,0.96592582628907,-0.258819045102516));
#2139=DIRECTION('',(0.,0.258819045102516,0.96592582628907));
#2140=DIRECTION('',(0.707106781186548,0.68301270189222,-0.183012701892216));
#2141=DIRECTION('',(-0.707106781186547,0.68301270189222,-0.183012701892216));
#2142=DIRECTION('',(0.,0.96592582628907,-0.258819045102516));
#2143=DIRECTION('',(0.,0.258819045102516,0.96592582628907));
#2144=DIRECTION('',(0.,0.96592582628907,-0.258819045102516));
#2145=DIRECTION('',(0.,0.258819045102516,0.96592582628907));
#2146=DIRECTION('',(0.707106781186548,-0.68301270189222,0.183012701892216));
#2147=DIRECTION('',(0.707106781186547,0.68301270189222,-0.183012701892216));
#2148=DIRECTION('',(0.,0.96592582628907,-0.258819045102516));
#2149=DIRECTION('',(1.,0.,0.));
#2150=DIRECTION('',(1.,0.,0.));
#2151=DIRECTION('',(0.,-1.,0.));
#2152=DIRECTION('',(1.,0.,0.));
#2153=DIRECTION('',(0.,-1.,0.));
#2154=DIRECTION('',(1.,0.,0.));
#2155=DIRECTION('',(0.,-1.,0.));
#2156=DIRECTION('',(1.,0.,0.));
#2157=DIRECTION('',(0.,-1.,0.));
#2158=DIRECTION('',(1.,0.,0.));
#2159=DIRECTION('',(0.,-1.,0.));
#2160=DIRECTION('',(0.,-0.96592582628907,0.258819045102516));
#2161=DIRECTION('',(1.,0.,0.));
#2162=DIRECTION('',(0.,-1.,0.));
#2163=DIRECTION('',(1.,0.,0.));
#2164=DIRECTION('',(0.,-1.,0.));
#2165=DIRECTION('',(0.,0.258819045102516,0.96592582628907));
#2166=DIRECTION('',(0.,-0.96592582628907,0.258819045102516));
#2167=DIRECTION('',(0.,-0.96592582628907,0.258819045102516));
#2168=DIRECTION('',(1.,0.,0.));
#2169=DIRECTION('',(-1.,0.,0.));
#2170=DIRECTION('',(-1.,0.,0.));
#2171=DIRECTION('',(0.,1.,0.));
#2172=DIRECTION('',(-1.,0.,0.));
#2173=DIRECTION('',(0.,1.,0.));
#2174=DIRECTION('',(-1.,0.,0.));
#2175=DIRECTION('',(0.,1.,0.));
#2176=DIRECTION('',(-1.,0.,0.));
#2177=DIRECTION('',(0.,1.,0.));
#2178=DIRECTION('',(-1.,0.,0.));
#2179=DIRECTION('',(0.,1.,0.));
#2180=DIRECTION('',(-1.,0.,0.));
#2181=DIRECTION('',(0.,1.,0.));
#2182=DIRECTION('',(-1.,0.,0.));
#2183=DIRECTION('',(0.,1.,0.));
#2184=DIRECTION('',(0.,0.258819045102516,0.96592582628907));
#2185=DIRECTION('',(0.,-0.96592582628907,0.258819045102516));
#2186=DIRECTION('',(-1.,0.,0.));
#2187=DIRECTION('',(-1.,0.,0.));
#2188=DIRECTION('',(0.,1.,0.));
#2189=DIRECTION('',(-1.,0.,0.));
#2190=DIRECTION('',(-1.,0.,0.));
#2191=DIRECTION('',(0.,1.,0.));
#2192=DIRECTION('',(-1.,0.,0.));
#2193=DIRECTION('',(0.,1.,0.));
#2194=DIRECTION('',(-1.,0.,0.));
#2195=DIRECTION('',(0.,1.,0.));
#2196=DIRECTION('',(1.,0.,0.));
#2197=DIRECTION('',(0.,-1.,0.));
#2198=DIRECTION('',(0.,1.,0.));
#2199=DIRECTION('',(1.,0.,0.));
#2200=DIRECTION('',(0.,-1.,0.));
#2201=DIRECTION('',(-1.,0.,0.));
#2202=DIRECTION('',(0.,1.,0.));
#2203=DIRECTION('',(1.,0.,0.));
#2204=DIRECTION('',(0.,1.,0.));
#2205=DIRECTION('',(1.,0.,0.));
#2206=DIRECTION('',(0.,-1.,0.));
#2207=DIRECTION('',(-1.,0.,0.));
#2208=DIRECTION('',(0.,1.,0.));
#2209=DIRECTION('',(1.,0.,0.));
#2210=DIRECTION('',(0.,-0.258819045102516,-0.96592582628907));
#2211=DIRECTION('',(0.,0.96592582628907,-0.258819045102516));
#2212=DIRECTION('',(0.,0.258819045102517,0.965925826289069));
#2213=DIRECTION('',(0.,-0.96592582628907,0.258819045102517));
#2214=DIRECTION('',(0.,0.258819045102518,0.965925826289069));
#2215=DIRECTION('',(0.,-0.965925826289069,0.258819045102518));
#2216=DIRECTION('',(-1.,0.,0.));
#2217=DIRECTION('',(0.,1.,0.));
#2218=DIRECTION('',(0.,0.258819045102516,0.96592582628907));
#2219=DIRECTION('',(0.,-0.96592582628907,0.258819045102516));
#2220=DIRECTION('',(0.,0.258819045102515,0.96592582628907));
#2221=DIRECTION('',(0.,-0.96592582628907,0.258819045102515));
#2222=DIRECTION('',(0.,0.258819045102517,0.965925826289069));
#2223=DIRECTION('',(0.,-0.96592582628907,0.258819045102517));
#2224=DIRECTION('',(0.,0.96592582628907,-0.258819045102516));
#2225=DIRECTION('',(0.,0.258819045102516,0.96592582628907));
#2226=DIRECTION('',(0.,-0.965925826289069,0.258819045102517));
#2227=DIRECTION('',(0.,-0.258819045102517,-0.96592582628907));
#2228=DIRECTION('',(0.,-0.96592582628907,0.258819045102516));
#2229=DIRECTION('',(0.,-0.258819045102516,-0.96592582628907));
#2230=DIRECTION('',(0.,-0.965925826289069,0.258819045102517));
#2231=DIRECTION('',(0.,-0.258819045102517,-0.96592582628907));
#2232=DIRECTION('',(0.,-0.96592582628907,0.258819045102516));
#2233=DIRECTION('',(0.,-0.258819045102516,-0.96592582628907));
#2234=DIRECTION('',(0.,-0.965925826289069,0.258819045102517));
#2235=DIRECTION('',(0.,-0.258819045102517,-0.96592582628907));
#2236=DIRECTION('',(0.,0.96592582628907,-0.258819045102516));
#2237=DIRECTION('',(0.,0.258819045102516,0.96592582628907));
#2238=DIRECTION('',(0.,-0.965925826289069,0.258819045102517));
#2239=DIRECTION('',(0.,-0.258819045102517,-0.96592582628907));
#2240=DIRECTION('',(-1.,0.,0.));
#2241=DIRECTION('',(0.,1.,0.));
#2242=DIRECTION('',(-1.,0.,0.));
#2243=DIRECTION('',(0.,1.,0.));
#2244=DIRECTION('',(1.,0.,0.));
#2245=DIRECTION('',(0.,-1.,0.));
#2246=DIRECTION('',(-1.,0.,0.));
#2247=DIRECTION('',(0.,1.,0.));
#2248=DIRECTION('',(-1.,0.,0.));
#2249=DIRECTION('',(0.,1.,0.));
#2250=DIRECTION('',(-0.707106781186548,0.461834968301164,-0.5354516430587));
#2251=DIRECTION('',(-1.,0.,0.));
#2252=DIRECTION('',(0.,1.,0.));
#2253=DIRECTION('',(1.,0.,0.));
#2254=DIRECTION('',(0.,-1.,0.));
#2255=DIRECTION('',(0.707106781186547,0.461834968301165,-0.5354516430587));
#2256=DIRECTION('',(1.,0.,0.));
#2257=DIRECTION('',(0.,-1.,0.));
#2258=DIRECTION('',(0.,0.258819045102517,0.965925826289069));
#2259=DIRECTION('',(0.,-0.96592582628907,0.258819045102517));
#2260=DIRECTION('',(0.,0.5,-0.866025403784436));
#2261=DIRECTION('',(0.,0.866025403784436,0.5));
#2262=DIRECTION('',(1.,0.,0.));
#2263=DIRECTION('',(0.,0.5,-0.866025403784436));
#2264=DIRECTION('',(0.,-0.965925826289069,0.258819045102517));
#2265=DIRECTION('',(0.,-0.258819045102517,-0.96592582628907));
#2266=DIRECTION('',(0.707106781186546,0.683012701892221,-0.183012701892217));
#2267=DIRECTION('',(0.707106781186548,-0.68301270189222,0.183012701892216));
#2268=DIRECTION('',(0.,0.258819045102516,0.96592582628907));
#2269=DIRECTION('',(0.707106781186547,0.683012701892221,-0.183012701892217));
#2270=DIRECTION('',(0.,-0.965925826289069,0.258819045102517));
#2271=DIRECTION('',(0.,-0.258819045102517,-0.96592582628907));
#2272=DIRECTION('',(0.,0.866025403784435,0.500000000000006));
#2273=DIRECTION('',(0.,-0.5,0.866025403784436));
#2274=DIRECTION('',(-1.,0.,0.));
#2275=DIRECTION('',(0.,0.866025403784436,0.5));
#2276=DIRECTION('',(0.,-0.258819045102515,-0.96592582628907));
#2277=DIRECTION('',(0.,0.96592582628907,-0.258819045102515));
#2278=DIRECTION('',(1.,0.,0.));
#2279=DIRECTION('',(0.,-1.,0.));
#2280=DIRECTION('',(-0.707106781185626,-0.461834968301767,0.535451643059399));
#2281=DIRECTION('',(1.,0.,0.));
#2282=DIRECTION('',(0.,-1.,0.));
#2283=DIRECTION('',(0.707106781186548,0.707106781186547,-8.65956056235492E-17));
#2284=DIRECTION('',(0.707106781186547,-0.707106781186548,0.));
#2285=DIRECTION('',(0.,0.,-1.));
#2286=DIRECTION('',(-0.707106781186548,-0.707106781186547,-2.40997836688468E-18));
#2287=DIRECTION('',(0.,-1.,0.));
#2288=DIRECTION('',(-1.,0.,0.));
#2289=DIRECTION('',(0.707106781186548,-0.707106781186548,0.));
#2290=DIRECTION('',(0.707106781186548,0.707106781186548,0.));
#2291=DIRECTION('',(0.,0.,1.));
#2292=DIRECTION('',(0.707106781186548,-0.707106781186548,0.));
#2293=DIRECTION('',(-1.,0.,0.));
#2294=DIRECTION('',(0.,1.,0.));
#2295=DIRECTION('',(0.707106781186549,-0.461834968301164,0.5354516430587));
#2296=DIRECTION('',(-1.,0.,0.));
#2297=DIRECTION('',(0.,1.,0.));
#2298=DIRECTION('',(0.,-0.258819045102518,-0.965925826289069));
#2299=DIRECTION('',(0.,0.965925826289069,-0.258819045102518));
#2300=DIRECTION('',(0.,0.866025403777061,0.500000000012779));
#2301=DIRECTION('',(0.,-0.5,0.866025403784436));
#2302=DIRECTION('',(-1.,0.,0.));
#2303=DIRECTION('',(0.,0.866025403784436,0.5));
#2304=DIRECTION('',(0.,-0.965925826289069,0.258819045102517));
#2305=DIRECTION('',(0.,-0.258819045102517,-0.96592582628907));
#2306=DIRECTION('',(-0.707106781186548,0.68301270189222,-0.183012701892216));
#2307=DIRECTION('',(0.707106781186548,0.68301270189222,-0.183012701892216));
#2308=DIRECTION('',(0.,-0.258819045102516,-0.96592582628907));
#2309=DIRECTION('',(-0.707106781186547,0.683012701892221,-0.183012701892217));
#2310=DIRECTION('',(0.,-0.965925826289069,0.258819045102517));
#2311=DIRECTION('',(0.,-0.258819045102517,-0.96592582628907));
#2312=DIRECTION('',(0.,0.5,-0.866025403784436));
#2313=DIRECTION('',(0.,0.866025403784436,0.5));
#2314=DIRECTION('',(1.,0.,0.));
#2315=DIRECTION('',(0.,0.5,-0.866025403784436));
#2316=DIRECTION('',(0.,0.258819045102517,0.965925826289069));
#2317=DIRECTION('',(0.,-0.96592582628907,0.258819045102517));
#2318=DIRECTION('',(1.,0.,0.));
#2319=DIRECTION('',(0.,-1.,0.));
#2320=DIRECTION('',(-1.,0.,0.));
#2321=DIRECTION('',(0.,1.,0.));
#2322=DIRECTION('',(0.,-1.,0.));
#2323=DIRECTION('',(-1.,0.,0.));
#2324=DIRECTION('',(0.589745909534037,0.707106781186548,-0.390127879275336));
#2325=DIRECTION('',(0.,1.,0.));
#2326=DIRECTION('',(1.,0.,0.));
#2327=DIRECTION('',(-0.589745909534038,0.707106781186548,-0.390127879275335));
#2328=DIRECTION('',(0.,-1.,0.));
#2329=DIRECTION('',(-1.,0.,0.));
#2330=DIRECTION('',(-1.,0.,0.));
#2331=DIRECTION('',(0.,1.,0.));
#2332=CARTESIAN_POINT('',(0.,0.,0.));
#2333=CARTESIAN_POINT('',(0.,-0.194128010548949,-0.104284779431994));
#2334=CARTESIAN_POINT('',(-0.035,-0.194128010548949,-0.104284779431994));
#2335=CARTESIAN_POINT('',(-0.035,-0.195248729889159,-0.108467360950683));
#2336=CARTESIAN_POINT('',(-0.035,-0.196251317118988,-0.112209067431428));
#2337=CARTESIAN_POINT('',(0.,-0.196251317118988,-0.112209067431428));
#2338=CARTESIAN_POINT('',(-0.04,-0.196251317118988,-0.112209067431428));
#2339=CARTESIAN_POINT('',(-0.04,-0.195733679028783,-0.11027721577885));
#2340=CARTESIAN_POINT('',(-0.042,-0.195733679028783,-0.11027721577885));
#2341=CARTESIAN_POINT('',(-0.042,-0.194128010548949,-0.104284779431994));
#2342=CARTESIAN_POINT('',(-0.042,-0.194692093580081,-0.106389965963869));
#2343=CARTESIAN_POINT('',(-0.0375,-0.194128010548949,-0.104284779431994));
#2344=CARTESIAN_POINT('',(0.,-0.194128010548949,-0.104284779431994));
#2345=CARTESIAN_POINT('',(0.035,-0.191228246843602,-0.0934627139536934));
#2346=CARTESIAN_POINT('',(0.035,-0.193007291208739,-0.100102197913305));
#2347=CARTESIAN_POINT('',(0.035,-0.192004703978909,-0.0963604914325606));
#2348=CARTESIAN_POINT('',(0.04,-0.192004703978909,-0.0963604914325606));
#2349=CARTESIAN_POINT('',(0.04,-0.192004703978909,-0.0963604914325606));
#2350=CARTESIAN_POINT('',(0.04,-0.192522342069114,-0.0982923430851387));
#2351=CARTESIAN_POINT('',(0.042,-0.192522342069114,-0.0982923430851387));
#2352=CARTESIAN_POINT('',(0.042,-0.195733679028783,-0.11027721577885));
#2353=CARTESIAN_POINT('',(0.042,-0.193563927517816,-0.102179592900119));
#2354=CARTESIAN_POINT('',(0.0375,-0.194128010548949,-0.104284779431994));
#2355=CARTESIAN_POINT('',(0.,-0.194128010548949,-0.104284779431994));
#2356=CARTESIAN_POINT('',(-0.0375,-0.194128010548949,-0.104284779431994));
#2357=CARTESIAN_POINT('',(-0.035,-0.193007291208739,-0.100102197913305));
#2358=CARTESIAN_POINT('',(-0.042,-0.193563927517816,-0.102179592900119));
#2359=CARTESIAN_POINT('',(-0.042,-0.194128010548949,-0.104284779431994));
#2360=CARTESIAN_POINT('',(-0.042,-0.192522342069114,-0.0982923430851387));
#2361=CARTESIAN_POINT('',(-0.04,-0.192522342069114,-0.0982923430851387));
#2362=CARTESIAN_POINT('',(-0.04,-0.192004703978909,-0.0963604914325606));
#2363=CARTESIAN_POINT('',(-0.035,-0.192004703978909,-0.0963604914325606));
#2364=CARTESIAN_POINT('',(-0.035,-0.192004703978909,-0.0963604914325606));
#2365=CARTESIAN_POINT('',(-0.035,-0.194128010548949,-0.104284779431994));
#2366=CARTESIAN_POINT('',(-0.0375,-0.194128010548949,-0.104284779431994));
#2367=CARTESIAN_POINT('',(-0.0375,-0.201855417159262,-0.102214227071174));
#2368=CARTESIAN_POINT('',(-0.0375,-0.202502464772018,-0.104629041636897));
#2369=CARTESIAN_POINT('',(-0.0375,-0.197025788027816,-0.103508322296687));
#2370=CARTESIAN_POINT('',(-0.0375,-0.19637874041506,-0.101093507730964));
#2371=CARTESIAN_POINT('',(0.0375,-0.194128010548949,-0.104284779431994));
#2372=CARTESIAN_POINT('',(0.0375,-0.201855417159262,-0.102214227071174));
#2373=CARTESIAN_POINT('',(0.0375,-0.202502464772018,-0.104629041636897));
#2374=CARTESIAN_POINT('',(0.0375,-0.197025788027816,-0.103508322296687));
#2375=CARTESIAN_POINT('',(0.0375,-0.19637874041506,-0.101093507730964));
#2376=CARTESIAN_POINT('',(0.,0.0655381602589497,-0.173862120201651));
#2377=CARTESIAN_POINT('',(0.,-0.201855417159262,-0.102214227071174));
#2378=CARTESIAN_POINT('',(0.,-0.202502464772018,-0.104629041636897));
#2379=CARTESIAN_POINT('',(0.,-0.197025788027816,-0.103508322296687));
#2380=CARTESIAN_POINT('',(0.,-0.19637874041506,-0.101093507730964));
#2381=CARTESIAN_POINT('',(0.030002,-0.170772008988493,0.141772008988493));
#2382=CARTESIAN_POINT('',(0.030002,-0.188641874724298,-0.114670566263765));
#2383=CARTESIAN_POINT('',(-0.018,-0.188641874724298,-0.114670566263765));
#2384=CARTESIAN_POINT('',(0.018,-0.188641874724298,-0.114670566263765));
#2385=CARTESIAN_POINT('',(0.018,-0.170772008988493,0.141772008988493));
#2386=CARTESIAN_POINT('',(0.018,-0.00287466897001379,-0.052888232761446));
#2387=CARTESIAN_POINT('',(0.030002,-0.00287466897001379,-0.052888232761446));
#2388=CARTESIAN_POINT('',(0.027,-0.00287466897001379,-0.052888232761446));
#2389=CARTESIAN_POINT('',(0.027,-0.170772008988493,0.141772008988493));
#2390=CARTESIAN_POINT('',(0.027,-0.191121125662519,-0.114485751779864));
#2391=CARTESIAN_POINT('',(0.0270000000000232,-0.191121125662519,-0.114485751779864));
#2392=CARTESIAN_POINT('',(0.026967601072101,-0.191603212933841,-0.114447469816805));
#2393=CARTESIAN_POINT('',(0.0269782478995652,-0.192084248686382,-0.114407902380236));
#2394=CARTESIAN_POINT('',(0.0270319404824158,-0.192564226600012,-0.114367066037161));
#2395=CARTESIAN_POINT('',(0.0270319404824158,-0.192564226600011,-0.114367066037161));
#2396=CARTESIAN_POINT('',(0.030002,-0.192564226600011,-0.114367066037161));
#2397=CARTESIAN_POINT('',(-0.0270319404824174,-0.192564226600011,-0.114367066037161));
#2398=CARTESIAN_POINT('',(-0.0270319404824202,-0.192564226600053,-0.114367066037158));
#2399=CARTESIAN_POINT('',(-0.0270153261084307,-0.19241570451004,-0.114379702241553));
#2400=CARTESIAN_POINT('',(-0.0269896054830233,-0.192138446605336,-0.114403053326512));
#2401=CARTESIAN_POINT('',(-0.0269747089229033,-0.191735148384732,-0.114436319036659));
#2402=CARTESIAN_POINT('',(-0.026980016709946,-0.191484824735898,-0.114456661789111));
#2403=CARTESIAN_POINT('',(-0.0269916870582092,-0.191244819961972,-0.114475929366198));
#2404=CARTESIAN_POINT('',(-0.027,-0.19112112566286,-0.114485751779837));
#2405=CARTESIAN_POINT('',(-0.027,-0.191121125662861,-0.114485751779837));
#2406=CARTESIAN_POINT('',(-0.027,-0.170772008988493,0.141772008988493));
#2407=CARTESIAN_POINT('',(-0.027,-0.00287466897001379,-0.052888232761446));
#2408=CARTESIAN_POINT('',(0.030002,-0.00287466897001379,-0.052888232761446));
#2409=CARTESIAN_POINT('',(-0.018,-0.00287466897001379,-0.052888232761446));
#2410=CARTESIAN_POINT('',(-0.018,-0.170772008988493,0.141772008988493));
#2411=CARTESIAN_POINT('',(0.,0.,0.));
#2412=CARTESIAN_POINT('',(-0.0139,0.,0.0139));
#2413=CARTESIAN_POINT('',(-0.0122,0.,0.0139));
#2414=CARTESIAN_POINT('',(0.0139,0.,-0.0139));
#2415=CARTESIAN_POINT('',(0.0156,0.,-0.0139));
#2416=CARTESIAN_POINT('',(-0.0139,0.,-0.0139));
#2417=CARTESIAN_POINT('',(-0.0122,0.,-0.0139));
#2418=CARTESIAN_POINT('',(0.0139,0.,0.0139));
#2419=CARTESIAN_POINT('',(0.0156,0.,0.0139));
#2420=CARTESIAN_POINT('',(0.,0.,-7.65404249467096E-19));
#2421=CARTESIAN_POINT('',(0.0145,0.,-7.65404249467096E-19));
#2422=CARTESIAN_POINT('',(0.,0.,-1.53080849893419E-18));
#2423=CARTESIAN_POINT('',(0.018348586599576,0.,-0.0121379310344827));
#2424=CARTESIAN_POINT('',(-0.018348586599576,0.,-0.0121379310344828));
#2425=CARTESIAN_POINT('',(-0.0241867732448957,0.,-0.016));
#2426=CARTESIAN_POINT('',(-0.0184422105983577,-5.55111512312578E-17,-0.02));
#2427=CARTESIAN_POINT('',(0.030002,-5.55111512312578E-17,-0.02));
#2428=CARTESIAN_POINT('',(0.0184422105983577,-5.55111512312578E-17,-0.02));
#2429=CARTESIAN_POINT('',(0.0241867732448957,0.,-0.016));
#2430=CARTESIAN_POINT('',(0.,0.008,-1.53080849893419E-18));
#2431=CARTESIAN_POINT('',(-0.0208506665904273,0.008,-0.0137931034482759));
#2432=CARTESIAN_POINT('',(-0.0208506665904273,0.008,-0.0137931034482758));
#2433=CARTESIAN_POINT('',(-0.0208506665904273,0.003,-0.0137931034482759));
#2434=CARTESIAN_POINT('',(0.,0.003,-1.53080849893419E-18));
#2435=CARTESIAN_POINT('',(0.0208506665904273,0.003,-0.0137931034482759));
#2436=CARTESIAN_POINT('',(0.0208506665904273,0.008,-0.0137931034482759));
#2437=CARTESIAN_POINT('',(0.0208506665904273,0.008,-0.0137931034482758));
#2438=CARTESIAN_POINT('',(0.,0.008,-1.53080849893419E-18));
#2439=CARTESIAN_POINT('',(0.,0.008,-0.005));
#2440=CARTESIAN_POINT('',(0.026,0.008,-0.024));
#2441=CARTESIAN_POINT('',(0.026,0.008,-0.02));
#2442=CARTESIAN_POINT('',(0.0299849629120328,0.008,-0.0236534879659767));
#2443=CARTESIAN_POINT('',(0.03,0.008,-0.0225985137371031));
#2444=CARTESIAN_POINT('',(0.03,0.008,-0.0229510426212724));
#2445=CARTESIAN_POINT('',(0.0299949609143307,0.008,-0.0233026960549205));
#2446=CARTESIAN_POINT('',(0.0299849629120328,0.008,-0.0236534879659767));
#2447=CARTESIAN_POINT('',(0.03,0.008,-0.0225985137371031));
#2448=CARTESIAN_POINT('',(0.03,0.008,-0.01));
#2449=CARTESIAN_POINT('',(0.03,0.008,0.));
#2450=CARTESIAN_POINT('',(0.,0.008,1.02246722744222E-19));
#2451=CARTESIAN_POINT('',(-0.03,0.008,0.));
#2452=CARTESIAN_POINT('',(-0.03,0.008,-0.01));
#2453=CARTESIAN_POINT('',(-0.03,0.008,-0.0225985137371031));
#2454=CARTESIAN_POINT('',(-0.03,0.008,-0.0225985137371031));
#2455=CARTESIAN_POINT('',(-0.03,0.008,-0.0229510426212724));
#2456=CARTESIAN_POINT('',(-0.0299949609143307,0.008,-0.0233026960549205));
#2457=CARTESIAN_POINT('',(-0.0299849629120328,0.008,-0.0236534879659767));
#2458=CARTESIAN_POINT('',(-0.0299849629120328,0.008,-0.0236534879659767));
#2459=CARTESIAN_POINT('',(-0.026,0.008,-0.024));
#2460=CARTESIAN_POINT('',(-0.026,0.008,-0.02));
#2461=CARTESIAN_POINT('',(0.030002,0.008,-0.02));
#2462=CARTESIAN_POINT('',(-0.0241867732448957,0.008,-0.02));
#2463=CARTESIAN_POINT('',(-0.0241867732448957,0.008,-0.016));
#2464=CARTESIAN_POINT('',(0.0241867732448957,0.008,-0.016));
#2465=CARTESIAN_POINT('',(0.0241867732448957,0.008,-0.02));
#2466=CARTESIAN_POINT('',(0.030002,0.008,-0.02));
#2467=CARTESIAN_POINT('',(0.,0.011,-0.005));
#2468=CARTESIAN_POINT('',(0.,0.011,1.02246722744222E-19));
#2469=CARTESIAN_POINT('',(-0.027,0.011,1.02246722744222E-20));
#2470=CARTESIAN_POINT('',(0.027,0.011,0.));
#2471=CARTESIAN_POINT('',(0.027,0.011,-0.0225985137371031));
#2472=CARTESIAN_POINT('',(0.027,0.011,-0.0225985137371031));
#2473=CARTESIAN_POINT('',(0.,0.011,-0.0225985137371031));
#2474=CARTESIAN_POINT('',(-0.027,0.011,-0.0225985137371031));
#2475=CARTESIAN_POINT('',(-0.027,0.011,-0.005));
#2476=CARTESIAN_POINT('',(0.,0.011,-7.65404249467096E-19));
#2477=CARTESIAN_POINT('',(0.0145,0.011,-7.65404249467096E-19));
#2478=CARTESIAN_POINT('',(-0.0139,0.011,0.0139));
#2479=CARTESIAN_POINT('',(-0.01125,0.011,0.0139));
#2480=CARTESIAN_POINT('',(0.0139,0.011,0.0139));
#2481=CARTESIAN_POINT('',(0.01655,0.011,0.0139));
#2482=CARTESIAN_POINT('',(-0.0139,0.011,-0.0139));
#2483=CARTESIAN_POINT('',(-0.01125,0.011,-0.0139));
#2484=CARTESIAN_POINT('',(0.0139,0.011,-0.0139));
#2485=CARTESIAN_POINT('',(0.01655,0.011,-0.0139));
#2486=CARTESIAN_POINT('',(-0.03,0.011,-0.01));
#2487=CARTESIAN_POINT('',(-0.03,-0.187175074847464,-0.0976545866580732));
#2488=CARTESIAN_POINT('',(-0.03,-0.187915318520646,-0.0974562389636417));
#2489=CARTESIAN_POINT('',(-0.03,-0.189260550139812,-0.096708318329162));
#2490=CARTESIAN_POINT('',(-0.03,-0.190330176867303,-0.0956465700846444));
#2491=CARTESIAN_POINT('',(-0.03,-0.190835898991104,-0.0950898447220704));
#2492=CARTESIAN_POINT('',(-0.03,-0.187175074847464,-0.0976545866580732));
#2493=CARTESIAN_POINT('',(-0.03,-0.190835898991105,-0.0950898447220705));
#2494=CARTESIAN_POINT('',(-0.03,-0.174130833970376,0.152346896289957));
#2495=CARTESIAN_POINT('',(-0.03,0.00024167581513751,-0.024));
#2496=CARTESIAN_POINT('',(-0.03,0.008,-0.024));
#2497=CARTESIAN_POINT('',(-0.03,0.00797344771934194,-0.024));
#2498=CARTESIAN_POINT('',(-0.03,-0.029,-0.0225985137371031));
#2499=CARTESIAN_POINT('',(-0.03,-0.00483406879726787,-0.0506165038346143));
#2500=CARTESIAN_POINT('',(-0.03,-0.170772008988493,0.141772008988493));
#2501=CARTESIAN_POINT('',(-0.03,-0.190883646881533,-0.11149516591275));
#2502=CARTESIAN_POINT('',(-0.03,-0.151986215366608,0.0336720247848866));
#2503=CARTESIAN_POINT('',(0.03,0.011,-0.01));
#2504=CARTESIAN_POINT('',(0.03,0.011,-0.024));
#2505=CARTESIAN_POINT('',(0.03,0.00797344771934194,-0.024));
#2506=CARTESIAN_POINT('',(0.03,0.00024167581513751,-0.024));
#2507=CARTESIAN_POINT('',(0.03,-0.174130833970376,0.152346896289957));
#2508=CARTESIAN_POINT('',(0.03,-0.190835898991118,-0.0950898447220554));
#2509=CARTESIAN_POINT('',(0.03,-0.190835898991118,-0.0950898447220554));
#2510=CARTESIAN_POINT('',(0.03,-0.190330896904697,-0.0956457774298249));
#2511=CARTESIAN_POINT('',(0.03,-0.189251361690162,-0.0967159509538696));
#2512=CARTESIAN_POINT('',(0.03,-0.18791292997587,-0.0974568789722854));
#2513=CARTESIAN_POINT('',(0.03,-0.187175074847464,-0.0976545866580732));
#2514=CARTESIAN_POINT('',(0.03,-0.187175074847464,-0.0976545866580732));
#2515=CARTESIAN_POINT('',(0.03,-0.19189591990753,-0.115273020276904));
#2516=CARTESIAN_POINT('',(0.03,-0.190883618982977,-0.111495061794332));
#2517=CARTESIAN_POINT('',(0.03,-0.170772008988493,0.141772008988493));
#2518=CARTESIAN_POINT('',(0.03,-0.00483406879726276,-0.0506165038346203));
#2519=CARTESIAN_POINT('',(0.03,-0.029,-0.0225985137371031));
#2520=CARTESIAN_POINT('',(-0.0139,-0.0818593403315285,-0.0139));
#2521=CARTESIAN_POINT('',(-0.0139,0.013,-0.0139));
#2522=CARTESIAN_POINT('',(-0.0122,0.013,-0.0139));
#2523=CARTESIAN_POINT('',(0.0139,-0.0818593403315285,0.0139));
#2524=CARTESIAN_POINT('',(0.0139,0.013,0.0139));
#2525=CARTESIAN_POINT('',(0.0156,0.013,0.0139));
#2526=CARTESIAN_POINT('',(0.,-0.0818593403315285,-7.65404249467096E-19));
#2527=CARTESIAN_POINT('',(0.,0.009,-7.65404249467096E-19));
#2528=CARTESIAN_POINT('',(0.0125,0.009,-7.65404249467096E-19));
#2529=CARTESIAN_POINT('',(0.,0.002,-7.65404249467096E-19));
#2530=CARTESIAN_POINT('',(0.0125,0.002,-7.65404249467096E-19));
#2531=CARTESIAN_POINT('',(0.0139,-0.0818593403315285,-0.0139));
#2532=CARTESIAN_POINT('',(0.0139,0.013,-0.0139));
#2533=CARTESIAN_POINT('',(0.0156,0.013,-0.0139));
#2534=CARTESIAN_POINT('',(-0.0139,-0.0818593403315285,0.0139));
#2535=CARTESIAN_POINT('',(-0.0139,0.013,0.0139));
#2536=CARTESIAN_POINT('',(-0.0122,0.013,0.0139));
#2537=CARTESIAN_POINT('',(-0.0139,0.013,-0.0139));
#2538=CARTESIAN_POINT('',(-0.0139,0.013,-0.0139));
#2539=CARTESIAN_POINT('',(-0.01125,0.013,-0.0139));
#2540=CARTESIAN_POINT('',(-0.00498490281403065,0.013,-0.005));
#2541=CARTESIAN_POINT('',(0.0139,0.013,0.0139));
#2542=CARTESIAN_POINT('',(0.0139,0.013,0.0139));
#2543=CARTESIAN_POINT('',(0.01655,0.013,0.0139));
#2544=CARTESIAN_POINT('',(-0.00498490281403065,0.013,-0.005));
#2545=CARTESIAN_POINT('',(-0.0139,0.013,0.0139));
#2546=CARTESIAN_POINT('',(-0.0139,0.013,0.0139));
#2547=CARTESIAN_POINT('',(-0.01125,0.013,0.0139));
#2548=CARTESIAN_POINT('',(-0.00498490281403065,0.013,-0.005));
#2549=CARTESIAN_POINT('',(0.0139,0.013,-0.0139));
#2550=CARTESIAN_POINT('',(0.0139,0.013,-0.0139));
#2551=CARTESIAN_POINT('',(0.01655,0.013,-0.0139));
#2552=CARTESIAN_POINT('',(-0.00498490281403065,0.013,-0.005));
#2553=CARTESIAN_POINT('',(0.,0.009,-7.65404249467096E-19));
#2554=CARTESIAN_POINT('',(0.,0.,-7.65404249467096E-19));
#2555=CARTESIAN_POINT('',(0.030002,-0.204443607610286,-0.111873485334065));
#2556=CARTESIAN_POINT('',(0.030002,-0.204755180864609,-0.113036292549475));
#2557=CARTESIAN_POINT('',(0.04,-0.204755180864609,-0.113036292549475));
#2558=CARTESIAN_POINT('',(-0.04,-0.204755180864609,-0.113036292549475));
#2559=CARTESIAN_POINT('',(0.04,-0.203461085639096,-0.10820666341803));
#2560=CARTESIAN_POINT('',(0.045,-0.203461085639096,-0.10820666341803));
#2561=CARTESIAN_POINT('',(0.045,-0.200405535306588,-0.0968031943320237));
#2562=CARTESIAN_POINT('',(0.045,-0.200249748679426,-0.0962217907243186));
#2563=CARTESIAN_POINT('',(0.04,-0.200249748679426,-0.0962217907243186));
#2564=CARTESIAN_POINT('',(0.04,-0.198955653453914,-0.0913921615928733));
#2565=CARTESIAN_POINT('',(0.0225,-0.198955653453914,-0.0913921615928733));
#2566=CARTESIAN_POINT('',(0.027,-0.198955653453914,-0.0913921615928733));
#2567=CARTESIAN_POINT('',(0.030002,-0.198955653453914,-0.0913921615928733));
#2568=CARTESIAN_POINT('',(0.018,-0.198955653453914,-0.0913921615928733));
#2569=CARTESIAN_POINT('',(0.030002,-0.198955653453914,-0.0913921615928733));
#2570=CARTESIAN_POINT('',(-0.018,-0.198955653453914,-0.0913921615928733));
#2571=CARTESIAN_POINT('',(0.030002,-0.198955653453914,-0.0913921615928733));
#2572=CARTESIAN_POINT('',(-0.027,-0.198955653453914,-0.0913921615928733));
#2573=CARTESIAN_POINT('',(0.0225,-0.198955653453914,-0.0913921615928733));
#2574=CARTESIAN_POINT('',(-0.04,-0.198955653453914,-0.0913921615928733));
#2575=CARTESIAN_POINT('',(-0.04,-0.200249748679426,-0.0962217907243186));
#2576=CARTESIAN_POINT('',(-0.045,-0.200249748679426,-0.0962217907243186));
#2577=CARTESIAN_POINT('',(-0.045,-0.200405535306588,-0.0968031943320237));
#2578=CARTESIAN_POINT('',(-0.045,-0.203461085639096,-0.10820666341803));
#2579=CARTESIAN_POINT('',(-0.04,-0.203461085639096,-0.10820666341803));
#2580=CARTESIAN_POINT('',(0.030002,0.004,-0.02));
#2581=CARTESIAN_POINT('',(0.030002,-5.55111512312578E-17,-0.02));
#2582=CARTESIAN_POINT('',(0.026,-5.55111512312578E-17,-0.02));
#2583=CARTESIAN_POINT('',(0.026,0.004,-0.02));
#2584=CARTESIAN_POINT('',(0.0241867732448957,0.,-0.02));
#2585=CARTESIAN_POINT('',(0.0241867732448957,0.003,-0.02));
#2586=CARTESIAN_POINT('',(0.0241867732448957,0.003,-0.02));
#2587=CARTESIAN_POINT('',(0.0236285777244713,0.003,-0.02));
#2588=CARTESIAN_POINT('',(0.0225375573863607,0.00275291630354168,-0.02));
#2589=CARTESIAN_POINT('',(0.020599733425793,0.00171455793112762,-0.02));
#2590=CARTESIAN_POINT('',(0.0192932040006112,0.000698369273005195,-0.02));
#2591=CARTESIAN_POINT('',(0.0184422105983577,1.19297613813051E-17,-0.02));
#2592=CARTESIAN_POINT('',(0.030002,0.004,-0.02));
#2593=CARTESIAN_POINT('',(-0.026,-5.55111512312578E-17,-0.02));
#2594=CARTESIAN_POINT('',(-0.026,-5.55111512312578E-17,-0.02));
#2595=CARTESIAN_POINT('',(0.030002,-5.55111512312578E-17,-0.02));
#2596=CARTESIAN_POINT('',(-0.0184422105983577,-5.55111512312578E-17,-0.02));
#2597=CARTESIAN_POINT('',(-0.0192930896651928,0.000698275443437334,-0.02));
#2598=CARTESIAN_POINT('',(-0.0205988132331237,0.00171459536902609,-0.02));
#2599=CARTESIAN_POINT('',(-0.0225432366682497,0.00275539400180175,-0.02));
#2600=CARTESIAN_POINT('',(-0.0236314204136541,0.003,-0.02));
#2601=CARTESIAN_POINT('',(-0.0241867732448957,0.003,-0.02));
#2602=CARTESIAN_POINT('',(-0.0241867732448957,0.003,-0.02));
#2603=CARTESIAN_POINT('',(-0.0241867732448957,0.008,-0.02));
#2604=CARTESIAN_POINT('',(0.030002,-0.174130833970376,0.152346896289957));
#2605=CARTESIAN_POINT('',(0.027,-0.174130833970376,0.152346896289957));
#2606=CARTESIAN_POINT('',(0.027,-0.000125807164045638,-0.0201270166537925));
#2607=CARTESIAN_POINT('',(0.0270000000000001,-0.000125807164045236,-0.0201270166537926));
#2608=CARTESIAN_POINT('',(0.0266816671635743,-4.43372175541847E-5,-0.0200448234688574));
#2609=CARTESIAN_POINT('',(0.0263424452327679,2.64893984318536E-17,-0.02));
#2610=CARTESIAN_POINT('',(0.026,2.64893984318536E-17,-0.02));
#2611=CARTESIAN_POINT('',(-0.026,-5.55111512312578E-17,-0.02));
#2612=CARTESIAN_POINT('',(-0.0263445170271784,-5.55111512312578E-17,-0.02));
#2613=CARTESIAN_POINT('',(-0.0266774871070415,-4.32674285061231E-5,-0.0200437441829015));
#2614=CARTESIAN_POINT('',(-0.027,-0.000125807164045256,-0.0201270166537926));
#2615=CARTESIAN_POINT('',(-0.027,-0.00012580716404564,-0.0201270166537925));
#2616=CARTESIAN_POINT('',(-0.027,-0.174130833970376,0.152346896289957));
#2617=CARTESIAN_POINT('',(-0.018,-0.174130833970376,0.152346896289957));
#2618=CARTESIAN_POINT('',(-0.018,-0.00238729542195498,-0.0223790518885172));
#2619=CARTESIAN_POINT('',(0.030002,-0.00238729542195498,-0.0223790518885172));
#2620=CARTESIAN_POINT('',(0.018,-0.00238729542195498,-0.0223790518885172));
#2621=CARTESIAN_POINT('',(0.018,-0.174130833970376,0.152346896289957));
#2622=CARTESIAN_POINT('',(0.0225,-0.191228246843602,-0.0934627139536934));
#2623=CARTESIAN_POINT('',(0.035,-0.194126024322469,-0.0926862568183858));
#2624=CARTESIAN_POINT('',(0.04,-0.194126024322469,-0.0926862568183858));
#2625=CARTESIAN_POINT('',(0.035,-0.194126024322469,-0.0926862568183858));
#2626=CARTESIAN_POINT('',(0.035,-0.186398617712156,-0.094756809179206));
#2627=CARTESIAN_POINT('',(0.0284748144873318,-0.190869294976836,-0.0935588948165149));
#2628=CARTESIAN_POINT('',(0.0284748144873318,-0.190869294976836,-0.0935588948165149));
#2629=CARTESIAN_POINT('',(0.0279387967075583,-0.193557190242794,-0.0928386754506619));
#2630=CARTESIAN_POINT('',(0.0274466718015237,-0.196252554569246,-0.0921164547560815));
#2631=CARTESIAN_POINT('',(0.027,-0.198955653453914,-0.0913921615928733));
#2632=CARTESIAN_POINT('',(0.04,-0.191228246843602,-0.0934627139536934));
#2633=CARTESIAN_POINT('',(0.045,-0.192678128696275,-0.0988737466928438));
#2634=CARTESIAN_POINT('',(0.045,-0.195733679028783,-0.11027721577885));
#2635=CARTESIAN_POINT('',(0.045,-0.198631456507651,-0.109500758643542));
#2636=CARTESIAN_POINT('',(0.045,-0.195420119547981,-0.0975158859498312));
#2637=CARTESIAN_POINT('',(0.045,-0.195420119547981,-0.0975158859498312));
#2638=CARTESIAN_POINT('',(0.045,-0.192522342069114,-0.0982923430851387));
#2639=CARTESIAN_POINT('',(0.0225,-0.191228246843602,-0.0934627139536934));
#2640=CARTESIAN_POINT('',(-0.035,-0.186398617712156,-0.094756809179206));
#2641=CARTESIAN_POINT('',(-0.0284748144873318,-0.190869294976836,-0.0935588948165149));
#2642=CARTESIAN_POINT('',(-0.035,-0.194126024322469,-0.0926862568183858));
#2643=CARTESIAN_POINT('',(-0.04,-0.194126024322469,-0.0926862568183858));
#2644=CARTESIAN_POINT('',(-0.04,-0.194126024322469,-0.0926862568183858));
#2645=CARTESIAN_POINT('',(-0.04,-0.198955653453914,-0.0913921615928733));
#2646=CARTESIAN_POINT('',(-0.027,-0.198955653453914,-0.0913921615928733));
#2647=CARTESIAN_POINT('',(-0.0274466718015237,-0.196252554569246,-0.0921164547560815));
#2648=CARTESIAN_POINT('',(-0.0279387967075583,-0.193557190242794,-0.0928386754506619));
#2649=CARTESIAN_POINT('',(-0.0284748144873318,-0.190869294976836,-0.0935588948165149));
#2650=CARTESIAN_POINT('',(-0.045,-0.192678128696275,-0.0988737466928438));
#2651=CARTESIAN_POINT('',(-0.045,-0.192522342069114,-0.0982923430851387));
#2652=CARTESIAN_POINT('',(-0.045,-0.195420119547981,-0.0975158859498312));
#2653=CARTESIAN_POINT('',(-0.045,-0.195575906175143,-0.0980972895575363));
#2654=CARTESIAN_POINT('',(-0.045,-0.198631456507651,-0.109500758643542));
#2655=CARTESIAN_POINT('',(-0.045,-0.195733679028783,-0.11027721577885));
#2656=CARTESIAN_POINT('',(0.0225,-0.197027774254296,-0.115106844910295));
#2657=CARTESIAN_POINT('',(0.035,-0.192198145122851,-0.116400940135808));
#2658=CARTESIAN_POINT('',(0.0280490668043458,-0.196023568442504,-0.115375921046599));
#2659=CARTESIAN_POINT('',(0.035,-0.199925551733078,-0.11433038777501));
#2660=CARTESIAN_POINT('',(0.0225,-0.199925551733164,-0.114330387774987));
#2661=CARTESIAN_POINT('',(0.04,-0.199925551733164,-0.114330387774987));
#2662=CARTESIAN_POINT('',(0.04,-0.204755180864609,-0.113036292549475));
#2663=CARTESIAN_POINT('',(-0.04,-0.197027774254296,-0.115106844910295));
#2664=CARTESIAN_POINT('',(-0.04,-0.199925551733164,-0.114330387774987));
#2665=CARTESIAN_POINT('',(0.0225,-0.199925551733164,-0.114330387774987));
#2666=CARTESIAN_POINT('',(-0.035,-0.199925551733164,-0.114330387774987));
#2667=CARTESIAN_POINT('',(-0.035,-0.192198145122851,-0.116400940135808));
#2668=CARTESIAN_POINT('',(-0.0280490668043229,-0.196023568442504,-0.115375921046599));
#2669=CARTESIAN_POINT('',(-3.46944695195361E-18,-0.196023568442504,-0.115375921046599));
#2670=CARTESIAN_POINT('',(0.,-0.194128010548949,-0.104284779431994));
#2671=CARTESIAN_POINT('',(0.0375,-0.194128010548949,-0.104284779431994));
#2672=CARTESIAN_POINT('',(0.035,-0.195248729889159,-0.108467360950683));
#2673=CARTESIAN_POINT('',(0.042,-0.194692093580081,-0.106389965963869));
#2674=CARTESIAN_POINT('',(0.042,-0.195733679028783,-0.11027721577885));
#2675=CARTESIAN_POINT('',(0.042,-0.195733679028783,-0.11027721577885));
#2676=CARTESIAN_POINT('',(0.04,-0.195733679028783,-0.11027721577885));
#2677=CARTESIAN_POINT('',(0.04,-0.196251317118988,-0.112209067431428));
#2678=CARTESIAN_POINT('',(0.,-0.196251317118988,-0.112209067431428));
#2679=CARTESIAN_POINT('',(0.035,-0.196251317118988,-0.112209067431428));
#2680=CARTESIAN_POINT('',(0.035,-0.191228246843602,-0.0934627139536934));
#2681=CARTESIAN_POINT('',(0.,-0.197025788027816,-0.103508322296687));
#2682=CARTESIAN_POINT('',(0.,-0.197025788027816,-0.103508322296687));
#2683=CARTESIAN_POINT('',(0.,-0.195731692802303,-0.0986786931652412));
#2684=CARTESIAN_POINT('',(0.,-0.197025788027816,-0.103508322296687));
#2685=CARTESIAN_POINT('',(0.00260566511993917,-0.181377896288176,-0.112265617921319));
#2686=CARTESIAN_POINT('',(0.000722097987109436,-0.182066324617264,-0.112783338930024));
#2687=CARTESIAN_POINT('',(-0.00134420137192509,-0.181923039230105,-0.11268377745162));
#2688=CARTESIAN_POINT('',(-0.00308888459912518,-0.181078471219883,-0.112005820468758));
#2689=CARTESIAN_POINT('',(-0.00436324606278731,-0.179994232833824,-0.110843106468917));
#2690=CARTESIAN_POINT('',(-0.00506037024774119,-0.178957462273862,-0.109229448129133));
#2691=CARTESIAN_POINT('',(-0.00499588876655658,-0.178224007856,-0.107307117242113));
#2692=CARTESIAN_POINT('',(-0.0038419414148596,-0.177834778049175,-0.104850802938596));
#2693=CARTESIAN_POINT('',(-0.00141504817064838,-0.178049662400323,-0.10328445135167));
#2694=CARTESIAN_POINT('',(0.00133065742568122,-0.178018408715731,-0.103465857202745));
#2695=CARTESIAN_POINT('',(0.00313963108619179,-0.177923442534623,-0.104425376727915));
#2696=CARTESIAN_POINT('',(0.00446285386494513,-0.17797677619883,-0.105984516662834));
#2697=CARTESIAN_POINT('',(0.00510381132075121,-0.178397062123064,-0.107890439097421));
#2698=CARTESIAN_POINT('',(0.0049226302644586,-0.179250329254577,-0.109763149398522));
#2699=CARTESIAN_POINT('',(0.00402454402054625,-0.180335366174742,-0.11125134904098));
#2700=CARTESIAN_POINT('',(0.00260566511993917,-0.181377896288176,-0.112265617921319));
#2701=CARTESIAN_POINT('',(0.000722097987109436,-0.182066324617264,-0.112783338930024));
#2702=CARTESIAN_POINT('',(-0.00134420137192509,-0.181923039230105,-0.11268377745162));
#2703=CARTESIAN_POINT('',(0.000691642616075305,-0.181927705664556,-0.112680458515506));
#2704=CARTESIAN_POINT('',(0.,-0.197025788027816,-0.103508322296687));
#2705=CARTESIAN_POINT('',(0.0375,-0.197025788027816,-0.103508322296687));
#2706=CARTESIAN_POINT('',(0.0375,-0.195731692802303,-0.0986786931652412));
#2707=CARTESIAN_POINT('',(0.0375,-0.197025788027816,-0.103508322296687));
#2708=CARTESIAN_POINT('',(0.0375,-0.189781344330648,-0.105449465134956));
#2709=CARTESIAN_POINT('',(0.035,-0.195248729889159,-0.108467360950683));
#2710=CARTESIAN_POINT('',(0.0342284752916714,-0.195133441534216,-0.108037098952514));
#2711=CARTESIAN_POINT('',(0.0329787189804042,-0.194461933819112,-0.106913232762747));
#2712=CARTESIAN_POINT('',(0.0322623298051196,-0.193331870913975,-0.104502197002353));
#2713=CARTESIAN_POINT('',(0.0329719722841441,-0.193102857661725,-0.101851136815769));
#2714=CARTESIAN_POINT('',(0.0342287941960736,-0.193122531910038,-0.100532282065653));
#2715=CARTESIAN_POINT('',(0.035,-0.193007291208739,-0.100102197913305));
#2716=CARTESIAN_POINT('',(-0.0375,-0.197025788027816,-0.103508322296687));
#2717=CARTESIAN_POINT('',(-0.0375,-0.197025788027816,-0.103508322296687));
#2718=CARTESIAN_POINT('',(-0.0375,-0.195731692802303,-0.0986786931652412));
#2719=CARTESIAN_POINT('',(-0.0375,-0.189781344330648,-0.105449465134956));
#2720=CARTESIAN_POINT('',(-0.035,-0.193007291208739,-0.100102197913305));
#2721=CARTESIAN_POINT('',(-0.0342284752916715,-0.193122579563682,-0.100532459911474));
#2722=CARTESIAN_POINT('',(-0.0329787189804041,-0.193102969918448,-0.101841510439819));
#2723=CARTESIAN_POINT('',(-0.0322623298051196,-0.193329824614922,-0.104494560110321));
#2724=CARTESIAN_POINT('',(-0.0329719722841442,-0.194457023413962,-0.106904952204989));
#2725=CARTESIAN_POINT('',(-0.0342287941960736,-0.19513348918786,-0.108037276798335));
#2726=CARTESIAN_POINT('',(-0.035,-0.195248729889159,-0.108467360950683));
#2727=CARTESIAN_POINT('',(0.,-0.197025788027816,-0.103508322296687));
#2728=CARTESIAN_POINT('',(0.015,0.0826729714449354,-0.109914134277451));
#2729=CARTESIAN_POINT('',(0.015,-0.170772008988493,0.141772008988493));
#2730=CARTESIAN_POINT('',(0.015,-0.00483406879726277,-0.0506165038346203));
#2731=CARTESIAN_POINT('',(0.015,-0.18120251744083,-0.112078231024439));
#2732=CARTESIAN_POINT('',(0.015,-0.187946723512019,-0.104694757284435));
#2733=CARTESIAN_POINT('',(0.015,-0.184130907224339,-0.0954514058327881));
#2734=CARTESIAN_POINT('',(0.015,-0.174130833970376,0.152346896289957));
#2735=CARTESIAN_POINT('',(0.015,-0.00356866081094139,-0.0276879478017656));
#2736=CARTESIAN_POINT('',(0.015,0.00111767475250257,-0.025944887565629));
#2737=CARTESIAN_POINT('',(0.015,-0.000176420473010003,-0.0307745166970743));
#2738=CARTESIAN_POINT('',(0.015,0.0969080189255738,-0.0567882138315526));
#2739=CARTESIAN_POINT('',(0.015,0.00440571905901883,-0.0320022972842882));
#2740=CARTESIAN_POINT('',(0.015,0.00569981428453139,-0.0271726681528429));
#2741=CARTESIAN_POINT('',(0.015,0.00677071224133578,-0.0320566396480619));
#2742=CARTESIAN_POINT('',(0.015,-0.029,-0.0225985137371031));
#2743=CARTESIAN_POINT('',(0.,0.0969080189255738,-0.0567882138315526));
#2744=CARTESIAN_POINT('',(-0.015,0.0969080189255738,-0.0567882138315527));
#2745=CARTESIAN_POINT('',(-0.015,0.00440571905901882,-0.0320022972842882));
#2746=CARTESIAN_POINT('',(-0.015,-0.000176420473010003,-0.0307745166970744));
#2747=CARTESIAN_POINT('',(0.015,0.00440571905901881,-0.0320022972842882));
#2748=CARTESIAN_POINT('',(0.,-0.00017642047301003,-0.0307745166970743));
#2749=CARTESIAN_POINT('',(-0.015,0.0826729714449354,-0.109914134277451));
#2750=CARTESIAN_POINT('',(-0.015,0.00111767475250257,-0.025944887565629));
#2751=CARTESIAN_POINT('',(-0.015,-0.00356866081094132,-0.0276879478017657));
#2752=CARTESIAN_POINT('',(-0.015,-0.174130833970376,0.152346896289957));
#2753=CARTESIAN_POINT('',(-0.015,-0.184130907224338,-0.0954514058327882));
#2754=CARTESIAN_POINT('',(-0.015,-0.187946723512019,-0.104694757284435));
#2755=CARTESIAN_POINT('',(-0.015,-0.18120251744083,-0.112078231024439));
#2756=CARTESIAN_POINT('',(-0.015,-0.170772008988493,0.141772008988493));
#2757=CARTESIAN_POINT('',(-0.015,-0.00483406879726276,-0.0506165038346203));
#2758=CARTESIAN_POINT('',(-0.015,-0.029,-0.0225985137371031));
#2759=CARTESIAN_POINT('',(-0.015,0.0067707122413358,-0.0320566396480619));
#2760=CARTESIAN_POINT('',(-0.015,0.00569981428453139,-0.0271726681528429));
#2761=CARTESIAN_POINT('',(0.030002,0.068437923964297,-0.16304005472335));
#2762=CARTESIAN_POINT('',(0.018,-0.198955653453914,-0.0913921615928733));
#2763=CARTESIAN_POINT('',(0.0172472112559287,-0.194400043702978,-0.0926128335466679));
#2764=CARTESIAN_POINT('',(0.0163655880752285,-0.189868149772228,-0.093827150865596));
#2765=CARTESIAN_POINT('',(0.0153629455494882,-0.185358533060994,-0.0950354990215451));
#2766=CARTESIAN_POINT('',(0.0153629455494883,-0.185358533060994,-0.0950354990215448));
#2767=CARTESIAN_POINT('',(0.030002,-0.185358533060994,-0.0950354990215448));
#2768=CARTESIAN_POINT('',(-0.0153629455494883,-0.185358533060994,-0.0950354990215448));
#2769=CARTESIAN_POINT('',(-0.0153629455494882,-0.185358533060994,-0.0950354990215451));
#2770=CARTESIAN_POINT('',(-0.0163655880752285,-0.189868149772228,-0.093827150865596));
#2771=CARTESIAN_POINT('',(-0.0172472112559287,-0.194400043702978,-0.0926128335466679));
#2772=CARTESIAN_POINT('',(-0.018,-0.198955653453914,-0.0913921615928733));
#2773=CARTESIAN_POINT('',(0.030002,-0.029,-0.0225985137371031));
#2774=CARTESIAN_POINT('',(0.030002,0.010656930610893,-0.0278261187836628));
#2775=CARTESIAN_POINT('',(0.018,0.010656930610893,-0.0278261187836628));
#2776=CARTESIAN_POINT('',(-0.018,0.010656930610893,-0.0278261187836628));
#2777=CARTESIAN_POINT('',(-0.018,-0.029,-0.0225985137371031));
#2778=CARTESIAN_POINT('',(-0.027,-0.029,-0.0225985137371031));
#2779=CARTESIAN_POINT('',(0.027,-0.029,-0.0225985137371031));
#2780=CARTESIAN_POINT('',(0.018,-0.029,-0.0225985137371031));
#2781=CARTESIAN_POINT('',(-0.026,0.004,-0.024));
#2782=CARTESIAN_POINT('',(-0.03,0.00024167581513751,-0.024));
#2783=CARTESIAN_POINT('',(-0.03,0.000610458241979486,-0.0236353464751231));
#2784=CARTESIAN_POINT('',(-0.02992957153095,0.00111511523467289,-0.0230336518068086));
#2785=CARTESIAN_POINT('',(-0.0295637592781863,0.00149945733596813,-0.0221292965969914));
#2786=CARTESIAN_POINT('',(-0.0289836109932829,0.00155822900951539,-0.0212456296654522));
#2787=CARTESIAN_POINT('',(-0.0280315996243908,0.000980525507513427,-0.0204753626816516));
#2788=CARTESIAN_POINT('',(-0.0273348074143822,0.000259917215242139,-0.0202134635564651));
#2789=CARTESIAN_POINT('',(-0.027,-0.000125807164045633,-0.0201270166537925));
#2790=CARTESIAN_POINT('',(-0.0299849629120328,0.008,-0.0236534879659767));
#2791=CARTESIAN_POINT('',(-0.0299950265034048,0.00798663243159674,-0.0237692214310276));
#2792=CARTESIAN_POINT('',(-0.03,0.00797781729251186,-0.0238847236755498));
#2793=CARTESIAN_POINT('',(-0.03,0.00797344771934193,-0.024));
#2794=CARTESIAN_POINT('',(-0.0241867732448957,0.008,-0.016));
#2795=CARTESIAN_POINT('',(-0.0241867732448957,0.003,-0.016));
#2796=CARTESIAN_POINT('',(0.026,0.004,-0.024));
#2797=CARTESIAN_POINT('',(0.027,-0.000125807164045634,-0.0201270166537925));
#2798=CARTESIAN_POINT('',(0.0273345765389558,0.000259651228657902,-0.0202134039446864));
#2799=CARTESIAN_POINT('',(0.02802993541465,0.000979196972803088,-0.0204743412319214));
#2800=CARTESIAN_POINT('',(0.0289829228253323,0.00155767718684156,-0.0212452047337965));
#2801=CARTESIAN_POINT('',(0.0295624820410491,0.00150020274216503,-0.0221267350032244));
#2802=CARTESIAN_POINT('',(0.029930227267638,0.00111481496539078,-0.023034884566288));
#2803=CARTESIAN_POINT('',(0.03,0.000610696767962922,-0.0236351106196856));
#2804=CARTESIAN_POINT('',(0.03,0.000241675815137517,-0.024));
#2805=CARTESIAN_POINT('',(0.0299849629120328,0.008,-0.0236534879659767));
#2806=CARTESIAN_POINT('',(0.0299950265034048,0.00798663243159674,-0.0237692214310276));
#2807=CARTESIAN_POINT('',(0.03,0.00797781729251186,-0.0238847236755498));
#2808=CARTESIAN_POINT('',(0.03,0.00797344771934193,-0.024));
#2809=CARTESIAN_POINT('',(0.0241867732448957,0.008,-0.016));
#2810=CARTESIAN_POINT('',(0.0241867732448957,0.003,-0.016));
#2811=CARTESIAN_POINT('',(0.035,-0.189298381417503,-0.105578874657507));
#2812=CARTESIAN_POINT('',(0.035,-0.187175074847464,-0.0976545866580732));
#2813=CARTESIAN_POINT('',(0.035,-0.191421687987543,-0.11350316265694));
#2814=CARTESIAN_POINT('',(0.0330209596386517,-0.19585691696874,-0.112314762379231));
#2815=CARTESIAN_POINT('',(0.0330209592125536,-0.195856896858355,-0.112314752023404));
#2816=CARTESIAN_POINT('',(0.0326989593279683,-0.195654079516647,-0.112094048539169));
#2817=CARTESIAN_POINT('',(0.0322393309108051,-0.195311318729749,-0.111818011303518));
#2818=CARTESIAN_POINT('',(0.0317674065695303,-0.19486609326035,-0.111591225011552));
#2819=CARTESIAN_POINT('',(0.0315091649140136,-0.194589634708942,-0.111485688574075));
#2820=CARTESIAN_POINT('',(0.0313457865395946,-0.194402493282293,-0.11142558747535));
#2821=CARTESIAN_POINT('',(0.0311142642974593,-0.194110537390542,-0.111355076950196));
#2822=CARTESIAN_POINT('',(0.0308484707930346,-0.193730756099509,-0.111296146451944));
#2823=CARTESIAN_POINT('',(0.0304198097551937,-0.192996034160517,-0.11125349585085));
#2824=CARTESIAN_POINT('',(0.0301696350808462,-0.192280527477904,-0.11132917830876));
#2825=CARTESIAN_POINT('',(0.0300780514746338,-0.191775835061729,-0.111424748760035));
#2826=CARTESIAN_POINT('',(0.0300780514746339,-0.19177583506173,-0.111424748760035));
#2827=CARTESIAN_POINT('',(0.0300780514746339,-0.19177583506173,-0.111424748760035));
#2828=CARTESIAN_POINT('',(0.0300261529612577,-0.191481401598894,-0.111447427318724));
#2829=CARTESIAN_POINT('',(0.0299999999999874,-0.191182526562305,-0.111471295993514));
#2830=CARTESIAN_POINT('',(0.03,-0.190883646881317,-0.111495165912767));
#2831=CARTESIAN_POINT('',(0.030002,-0.192988093424611,-0.119349067333328));
#2832=CARTESIAN_POINT('',(0.0270319404824156,-0.192564226600011,-0.114367066037162));
#2833=CARTESIAN_POINT('',(0.0270831110000203,-0.193256758393563,-0.114308145688728));
#2834=CARTESIAN_POINT('',(0.0273134469755661,-0.194557038511082,-0.114492222839355));
#2835=CARTESIAN_POINT('',(0.0277800755763917,-0.195531135892301,-0.115009116219553));
#2836=CARTESIAN_POINT('',(0.0280848468678677,-0.195972248511907,-0.115337232539252));
#2837=CARTESIAN_POINT('',(0.0280848468678677,-0.195972248511908,-0.115337232539252));
#2838=CARTESIAN_POINT('',(0.028084846120031,-0.195972248182132,-0.115337232293952));
#2839=CARTESIAN_POINT('',(0.0280730362387565,-0.195989489886259,-0.115350057326112));
#2840=CARTESIAN_POINT('',(0.0280611094410479,-0.196006595978759,-0.115362954121656));
#2841=CARTESIAN_POINT('',(0.028049066804315,-0.196023568442512,-0.115375921046606));
#2842=CARTESIAN_POINT('',(-0.0280490668043229,-0.196023568442539,-0.11537592104659));
#2843=CARTESIAN_POINT('',(-0.0280611032937604,-0.196006604642565,-0.115362960740749));
#2844=CARTESIAN_POINT('',(-0.0280730240623634,-0.195989507350241,-0.11535007049278));
#2845=CARTESIAN_POINT('',(-0.0280848280351871,-0.195972274584632,-0.115337251933266));
#2846=CARTESIAN_POINT('',(-0.0280849498609809,-0.195972369183995,-0.115337236939382));
#2847=CARTESIAN_POINT('',(-0.0280849498609809,-0.195972328305161,-0.115337291893737));
#2848=CARTESIAN_POINT('',(-0.0277827750073934,-0.195535012587391,-0.115011986343006));
#2849=CARTESIAN_POINT('',(-0.0273169877760051,-0.194567731872068,-0.11449561150124));
#2850=CARTESIAN_POINT('',(-0.0270834370493397,-0.19326117120041,-0.11430777024876));
#2851=CARTESIAN_POINT('',(-0.0270319404824174,-0.192564226600035,-0.11436706603716));
#2852=CARTESIAN_POINT('',(-0.035,-0.151986215366608,0.0336720247848866));
#2853=CARTESIAN_POINT('',(-0.03,-0.190883646881531,-0.11149516591275));
#2854=CARTESIAN_POINT('',(-0.0299999999999998,-0.191182526562455,-0.111471295993502));
#2855=CARTESIAN_POINT('',(-0.0300261529612715,-0.191481401598981,-0.111447427318718));
#2856=CARTESIAN_POINT('',(-0.0300780514746382,-0.191775835061754,-0.111424748760033));
#2857=CARTESIAN_POINT('',(-0.030078051474638,-0.191775835061752,-0.11142474876003));
#2858=CARTESIAN_POINT('',(-0.030078051474638,-0.191775835061752,-0.11142474876003));
#2859=CARTESIAN_POINT('',(-0.0301694810171645,-0.192279678473031,-0.111329339072878));
#2860=CARTESIAN_POINT('',(-0.0304191275568125,-0.192994606381915,-0.111253747008484));
#2861=CARTESIAN_POINT('',(-0.0308478000385804,-0.193729789573142,-0.111296320182877));
#2862=CARTESIAN_POINT('',(-0.0311137503873543,-0.194109930015113,-0.111355147369644));
#2863=CARTESIAN_POINT('',(-0.0313458470103278,-0.194402580981706,-0.111425637192171));
#2864=CARTESIAN_POINT('',(-0.0315087984267902,-0.194589187131441,-0.111485450742084));
#2865=CARTESIAN_POINT('',(-0.031766893679731,-0.194865527184627,-0.111590792444565));
#2866=CARTESIAN_POINT('',(-0.0322385886674021,-0.195310637124063,-0.111817393480492));
#2867=CARTESIAN_POINT('',(-0.0326985283530639,-0.195653789807529,-0.11209367789408));
#2868=CARTESIAN_POINT('',(-0.0330209813787812,-0.195856906086815,-0.112314749551678));
#2869=CARTESIAN_POINT('',(-0.0330209768708831,-0.195856945094219,-0.112314771391892));
#2870=CARTESIAN_POINT('',(-0.035,-0.191421687987543,-0.11350316265694));
#2871=CARTESIAN_POINT('',(-0.035,-0.187175074847464,-0.0976545866580732));
#2872=CARTESIAN_POINT('',(0.04,-0.195733679028783,-0.11027721577885));
#2873=CARTESIAN_POINT('',(0.04,-0.198631456507651,-0.109500758643542));
#2874=CARTESIAN_POINT('',(0.04,-0.192522342069114,-0.0982923430851387));
#2875=CARTESIAN_POINT('',(0.04,-0.195420119547981,-0.0975158859498312));
#2876=CARTESIAN_POINT('',(-0.04,-0.195733679028783,-0.11027721577885));
#2877=CARTESIAN_POINT('',(-0.04,-0.198631456507651,-0.109500758643542));
#2878=CARTESIAN_POINT('',(-0.04,-0.192522342069114,-0.0982923430851387));
#2879=CARTESIAN_POINT('',(-0.04,-0.195420119547981,-0.0975158859498312));
#2880=CARTESIAN_POINT('',(0.030002,0.00569981428453139,-0.0271726681528429));
#2881=CARTESIAN_POINT('',(-0.015,0.0067707122413358,-0.0320566396480619));
#2882=CARTESIAN_POINT('',(-0.0153880559186785,0.00719680753833854,-0.0319632106459863));
#2883=CARTESIAN_POINT('',(-0.0161236603868924,0.00803319003599107,-0.0316664512747625));
#2884=CARTESIAN_POINT('',(-0.0171006796079304,0.00923362601680173,-0.0308199731614728));
#2885=CARTESIAN_POINT('',(-0.0178141424060746,0.0102178192924649,-0.029527049591203));
#2886=CARTESIAN_POINT('',(-0.018,0.0105800457051286,-0.0284093723664732));
#2887=CARTESIAN_POINT('',(-0.018,0.010656930610893,-0.0278261187836628));
#2888=CARTESIAN_POINT('',(0.018,0.010656930610893,-0.0278261187836628));
#2889=CARTESIAN_POINT('',(0.018,0.0105800614683028,-0.0284092527860725));
#2890=CARTESIAN_POINT('',(0.0178152778210885,0.0102196128545431,-0.0295233096405334));
#2891=CARTESIAN_POINT('',(0.0171013971341875,0.0092345465473649,-0.0308192199869929));
#2892=CARTESIAN_POINT('',(0.0161261421194869,0.00803609866031561,-0.0316649926966585));
#2893=CARTESIAN_POINT('',(0.0153881089907787,0.00719686581285822,-0.0319631978682573));
#2894=CARTESIAN_POINT('',(0.015,0.00677071224133578,-0.0320566396480619));
#2895=CARTESIAN_POINT('',(0.030002,0.00111767475250257,-0.025944887565629));
#2896=CARTESIAN_POINT('',(0.015,-0.00356866081094125,-0.0276879478017655));
#2897=CARTESIAN_POINT('',(0.0153762879081024,-0.00371122066272378,-0.0273046659796705));
#2898=CARTESIAN_POINT('',(0.0160956486672911,-0.00390703274033966,-0.026498884916071));
#2899=CARTESIAN_POINT('',(0.0170682815397869,-0.00388488489378797,-0.0251331146838522));
#2900=CARTESIAN_POINT('',(0.017801668671964,-0.00343507571468833,-0.0236813484948732));
#2901=CARTESIAN_POINT('',(0.018,-0.002786851109934,-0.0227717875320553));
#2902=CARTESIAN_POINT('',(0.018,-0.002387295421955,-0.0223790518885172));
#2903=CARTESIAN_POINT('',(-0.018,-0.00238729542195498,-0.0223790518885172));
#2904=CARTESIAN_POINT('',(-0.018,-0.0027867598915041,-0.0227716978706392));
#2905=CARTESIAN_POINT('',(-0.0178042644543107,-0.00343236983811105,-0.0236751222117082));
#2906=CARTESIAN_POINT('',(-0.0168219984573017,-0.00403319255139488,-0.0256179187927588));
#2907=CARTESIAN_POINT('',(-0.0157528119843696,-0.00385386998881017,-0.0269211435998468));
#2908=CARTESIAN_POINT('',(-0.015,-0.00356866081094132,-0.0276879478017657));
#2909=CARTESIAN_POINT('',(-0.018,-0.174130833970376,0.152346896289957));
#2910=CARTESIAN_POINT('',(-0.0153629455494883,-0.185358533060994,-0.0950354990215448));
#2911=CARTESIAN_POINT('',(-0.0152683712344741,-0.184933163200358,-0.0951494765321866));
#2912=CARTESIAN_POINT('',(-0.015146478634979,-0.184524499002291,-0.0952889242994541));
#2913=CARTESIAN_POINT('',(-0.015,-0.184130907224338,-0.0954514058327882));
#2914=CARTESIAN_POINT('',(0.018,-0.174130833970376,0.152346896289957));
#2915=CARTESIAN_POINT('',(0.015,-0.184130907224339,-0.0954514058327881));
#2916=CARTESIAN_POINT('',(0.0151464786349789,-0.184524499002291,-0.0952889242994541));
#2917=CARTESIAN_POINT('',(0.0152683712344742,-0.184933163200359,-0.0951494765321865));
#2918=CARTESIAN_POINT('',(0.0153629455494884,-0.185358533060994,-0.0950354990215447));
#2919=CARTESIAN_POINT('',(-0.015,-0.170772008988493,0.141772008988493));
#2920=CARTESIAN_POINT('',(-0.015,-0.18120251744083,-0.112078231024439));
#2921=CARTESIAN_POINT('',(-0.0154235304538255,-0.18164660767487,-0.112483871534318));
#2922=CARTESIAN_POINT('',(-0.0162091056023104,-0.18261887864719,-0.113228065212333));
#2923=CARTESIAN_POINT('',(-0.0175139775088715,-0.18499099377836,-0.11441738059898));
#2924=CARTESIAN_POINT('',(-0.018,-0.187166596007856,-0.114773369133217));
#2925=CARTESIAN_POINT('',(-0.018,-0.188641874724298,-0.114670566263765));
#2926=CARTESIAN_POINT('',(-0.015,-0.00483406879726276,-0.0506165038346203));
#2927=CARTESIAN_POINT('',(-0.015,-0.029,-0.0225985137371031));
#2928=CARTESIAN_POINT('',(0.015,-0.029,-0.0225985137371031));
#2929=CARTESIAN_POINT('',(0.015,-0.00483406879726277,-0.0506165038346203));
#2930=CARTESIAN_POINT('',(0.015,-0.170772008988493,0.141772008988493));
#2931=CARTESIAN_POINT('',(0.018,-0.188641874724298,-0.114670566263765));
#2932=CARTESIAN_POINT('',(0.018,-0.187166567407567,-0.114773371126191));
#2933=CARTESIAN_POINT('',(0.0175153581725832,-0.184994955083242,-0.114418542979332));
#2934=CARTESIAN_POINT('',(0.0162101066303648,-0.182620021572429,-0.113229020716975));
#2935=CARTESIAN_POINT('',(0.0154236381136475,-0.181646720560909,-0.112483974646584));
#2936=CARTESIAN_POINT('',(0.015,-0.18120251744083,-0.112078231024439));
#2937=CARTESIAN_POINT('',(-0.035,-0.186398617712156,-0.094756809179206));
#2938=CARTESIAN_POINT('',(-0.035,-0.194126024322469,-0.0926862568183858));
#2939=CARTESIAN_POINT('',(-0.0284748144873318,-0.190869294976836,-0.0935588948165149));
#2940=CARTESIAN_POINT('',(-0.0289836310795528,-0.190867674589776,-0.0940689991023755));
#2941=CARTESIAN_POINT('',(-0.029492078303847,-0.190857765352677,-0.0945792905532713));
#2942=CARTESIAN_POINT('',(-0.03,-0.190835898991105,-0.0950898447220705));
#2943=CARTESIAN_POINT('',(0.0225,-0.194126024322469,-0.0926862568183858));
#2944=CARTESIAN_POINT('',(-0.04,-0.194126024322469,-0.0926862568183858));
#2945=CARTESIAN_POINT('',(-0.04,-0.192522342069114,-0.0982923430851387));
#2946=CARTESIAN_POINT('',(-0.045,-0.195420119547981,-0.0975158859498312));
#2947=CARTESIAN_POINT('',(-0.042,-0.194128010548949,-0.104284779431994));
#2948=CARTESIAN_POINT('',(-0.045,-0.198631456507651,-0.109500758643542));
#2949=CARTESIAN_POINT('',(-0.04,-0.195733679028783,-0.11027721577885));
#2950=CARTESIAN_POINT('',(-0.04,-0.199925551733164,-0.114330387774988));
#2951=CARTESIAN_POINT('',(0.,-0.196251317118988,-0.112209067431428));
#2952=CARTESIAN_POINT('',(-0.035,-0.199925551733164,-0.114330387774987));
#2953=CARTESIAN_POINT('',(-0.035,-0.192198145122851,-0.116400940135808));
#2954=CARTESIAN_POINT('',(-0.0330209723629852,-0.195856984102298,-0.112314793234618));
#2955=CARTESIAN_POINT('',(-0.0325910968799673,-0.195806910897424,-0.112430019781916));
#2956=CARTESIAN_POINT('',(-0.0319636145853889,-0.195752490617876,-0.112673622859799));
#2957=CARTESIAN_POINT('',(-0.0311968612662298,-0.195735707095305,-0.113088900511988));
#2958=CARTESIAN_POINT('',(-0.0307608141988598,-0.195739110790317,-0.113352257837866));
#2959=CARTESIAN_POINT('',(-0.0303883897579686,-0.195750743476066,-0.113593703254552));
#2960=CARTESIAN_POINT('',(-0.0301557036026391,-0.195762503172782,-0.113752236777779));
#2961=CARTESIAN_POINT('',(-0.029784610976945,-0.195785565818723,-0.114012304745851));
#2962=CARTESIAN_POINT('',(-0.0291326318605674,-0.19584018249883,-0.114493188879253));
#2963=CARTESIAN_POINT('',(-0.0285168792541321,-0.195912093874433,-0.114981602694365));
#2964=CARTESIAN_POINT('',(-0.0280849498609809,-0.195972410062829,-0.115337181985027));
#2965=CARTESIAN_POINT('',(-0.0266251648712087,-0.192669507875305,-0.11475998110553));
#2966=CARTESIAN_POINT('',(-0.0306152076184664,-0.191636808821541,-0.110905895767957));
#2967=CARTESIAN_POINT('',(-0.0266510977165008,-0.192873781062868,-0.114732093926911));
#2968=CARTESIAN_POINT('',(-0.0306411404637585,-0.191841082009104,-0.110878008589337));
#2969=CARTESIAN_POINT('',(-0.0267347773825105,-0.193367852596127,-0.114686339423573));
#2970=CARTESIAN_POINT('',(-0.0307248201297682,-0.192335153542363,-0.110832254085999));
#2971=CARTESIAN_POINT('',(-0.0270333508084779,-0.194372525675123,-0.114726244039407));
#2972=CARTESIAN_POINT('',(-0.0310233935557356,-0.193339826621359,-0.110872158701833));
#2973=CARTESIAN_POINT('',(-0.0275826432559289,-0.195429160449799,-0.115011788991761));
#2974=CARTESIAN_POINT('',(-0.0315726860031866,-0.194396461396036,-0.111157703654187));
#2975=CARTESIAN_POINT('',(-0.0283398731917784,-0.196322985814381,-0.115556231322842));
#2976=CARTESIAN_POINT('',(-0.0323299159390361,-0.195290286760618,-0.111702145985269));
#2977=CARTESIAN_POINT('',(-0.0288338490570428,-0.196727085609086,-0.11595935455615));
#2978=CARTESIAN_POINT('',(-0.0328238918043005,-0.195694386555322,-0.112105269218576));
#2979=CARTESIAN_POINT('',(-0.0290716615915503,-0.19689567642109,-0.116160382436618));
#2980=CARTESIAN_POINT('',(-0.033061704338808,-0.195862977367326,-0.112306297099044));
#2981=CARTESIAN_POINT('',(-0.0300780514746375,-0.19177583506176,-0.111424748760031));
#2982=CARTESIAN_POINT('',(-0.0290626811438984,-0.192038632241193,-0.112405521185739));
#2983=CARTESIAN_POINT('',(-0.0280473108131593,-0.192301429420625,-0.113386293611448));
#2984=CARTESIAN_POINT('',(-0.0270319404824202,-0.192564226600058,-0.114367066037156));
#2985=CARTESIAN_POINT('',(-0.0270319404824203,-0.192564226600053,-0.114367066037158));
#2986=CARTESIAN_POINT('',(-0.0269596318461518,-0.19191783271297,-0.114422060989602));
#2987=CARTESIAN_POINT('',(-0.026971258163967,-0.191548796318172,-0.114451790973978));
#2988=CARTESIAN_POINT('',(-0.027,-0.191121125662861,-0.114485751779837));
#2989=CARTESIAN_POINT('',(-0.0300780514746383,-0.191775835061754,-0.111424748760033));
#2990=CARTESIAN_POINT('',(-0.0300083209342522,-0.191380389917714,-0.111455794059682));
#2991=CARTESIAN_POINT('',(-0.03,-0.191151059019747,-0.111473931040569));
#2992=CARTESIAN_POINT('',(-0.03,-0.190883646881531,-0.11149516591275));
#2993=CARTESIAN_POINT('',(-0.027,-0.191121125662862,-0.114485751779837));
#2994=CARTESIAN_POINT('',(-0.028,-0.191041966069084,-0.113488889824139));
#2995=CARTESIAN_POINT('',(-0.029,-0.190962806475307,-0.11249202786844));
#2996=CARTESIAN_POINT('',(-0.03,-0.190883646881529,-0.111495165912742));
#2997=CARTESIAN_POINT('',(-0.03,-0.170772008988493,0.141772008988493));
#2998=CARTESIAN_POINT('',(-0.027,-0.0028746689700138,-0.052888232761446));
#2999=CARTESIAN_POINT('',(-0.03,-0.029,-0.0225985137371031));
#3000=CARTESIAN_POINT('',(-0.03,0.008,-0.0225985137371031));
#3001=CARTESIAN_POINT('',(-0.03,0.008,-0.01));
#3002=CARTESIAN_POINT('',(-0.027,0.011,1.02246722744222E-20));
#3003=CARTESIAN_POINT('',(0.,0.011,1.02246722744222E-19));
#3004=CARTESIAN_POINT('',(0.027,0.011,0.));
#3005=CARTESIAN_POINT('',(0.027,0.011,-0.005));
#3006=CARTESIAN_POINT('',(0.027,0.011,-0.0225985137371031));
#3007=CARTESIAN_POINT('',(0.03,-0.029,-0.0225985137371031));
#3008=CARTESIAN_POINT('',(0.027,-0.0028746689700138,-0.052888232761446));
#3009=CARTESIAN_POINT('',(0.03,-0.170772008988493,0.141772008988493));
#3010=CARTESIAN_POINT('',(0.0299999999990702,-0.190883646881254,-0.111495165912773));
#3011=CARTESIAN_POINT('',(0.0289999999993801,-0.19096280647503,-0.112492027868468));
#3012=CARTESIAN_POINT('',(0.0279999999996901,-0.191041966068806,-0.113488889824164));
#3013=CARTESIAN_POINT('',(0.027,-0.191121125662582,-0.114485751779859));
#3014=CARTESIAN_POINT('',(0.0270000000000232,-0.191121125662519,-0.114485751779864));
#3015=CARTESIAN_POINT('',(0.02697227933249,-0.191533601686492,-0.114452997561174));
#3016=CARTESIAN_POINT('',(0.0269613912949634,-0.191933561245433,-0.114420722811887));
#3017=CARTESIAN_POINT('',(0.0270319404824158,-0.192564226600012,-0.114367066037161));
#3018=CARTESIAN_POINT('',(0.03,-0.190883646881317,-0.111495165912767));
#3019=CARTESIAN_POINT('',(0.0299999999999891,-0.191141569898279,-0.111474684560149));
#3020=CARTESIAN_POINT('',(0.0300100313732871,-0.191390089897246,-0.111455032541495));
#3021=CARTESIAN_POINT('',(0.0300780514746339,-0.19177583506173,-0.111424748760035));
#3022=CARTESIAN_POINT('',(0.0270319404824158,-0.192564226600013,-0.114367066037161));
#3023=CARTESIAN_POINT('',(0.0280473108131552,-0.192301429420585,-0.113386293611452));
#3024=CARTESIAN_POINT('',(0.0290626811438945,-0.192038632241157,-0.112405521185744));
#3025=CARTESIAN_POINT('',(0.0300780514746339,-0.19177583506173,-0.111424748760035));
#3026=CARTESIAN_POINT('',(0.0290716532395598,-0.196895659282298,-0.116160404284653));
#3027=CARTESIAN_POINT('',(0.0330616967248003,-0.195862960037531,-0.112306318234242));
#3028=CARTESIAN_POINT('',(0.0288334808423551,-0.196726740652547,-0.115959091685404));
#3029=CARTESIAN_POINT('',(0.0328235243275955,-0.195694041407779,-0.112105005634994));
#3030=CARTESIAN_POINT('',(0.0283361149309838,-0.196317923641585,-0.115553722792404));
#3031=CARTESIAN_POINT('',(0.0323261584162243,-0.195285224396818,-0.111699636741994));
#3032=CARTESIAN_POINT('',(0.0275880146956886,-0.195439156740246,-0.11501469731977));
#3033=CARTESIAN_POINT('',(0.0315780581809291,-0.194406457495478,-0.11116061126936));
#3034=CARTESIAN_POINT('',(0.026906065807471,-0.194127367561287,-0.11466018473068));
#3035=CARTESIAN_POINT('',(0.0308961092927115,-0.193094668316519,-0.11080609868027));
#3036=CARTESIAN_POINT('',(0.0266787913157382,-0.193092025477937,-0.114702311938104));
#3037=CARTESIAN_POINT('',(0.0306688348009787,-0.19205932623317,-0.110848225887694));
#3038=CARTESIAN_POINT('',(0.0266251523613457,-0.192669511113066,-0.114759993189131));
#3039=CARTESIAN_POINT('',(0.0306151958465861,-0.191636811868298,-0.11090590713872));
#3040=CARTESIAN_POINT('',(0.0280848468678677,-0.195972249013772,-0.115337231864555));
#3041=CARTESIAN_POINT('',(0.0285166745909992,-0.19591195660237,-0.114981732676242));
#3042=CARTESIAN_POINT('',(0.0291323620277191,-0.195840111289564,-0.114493369299844));
#3043=CARTESIAN_POINT('',(0.0297844028908615,-0.195785552829745,-0.114012445375182));
#3044=CARTESIAN_POINT('',(0.0301555744249697,-0.195762507649337,-0.113752324639439));
#3045=CARTESIAN_POINT('',(0.0303883219711357,-0.195750752321469,-0.113593749505132));
#3046=CARTESIAN_POINT('',(0.0307608860851175,-0.195739106532295,-0.113352210594561));
#3047=CARTESIAN_POINT('',(0.0311970341452045,-0.19573567246779,-0.113088786294112));
#3048=CARTESIAN_POINT('',(0.0319638658240612,-0.195752388067347,-0.112673454553619));
#3049=CARTESIAN_POINT('',(0.032591222324709,-0.195806795601039,-0.112429920272571));
#3050=CARTESIAN_POINT('',(0.0330209600647498,-0.195856937079125,-0.112314772735058));
#3051=CARTESIAN_POINT('',(0.035,-0.192198145122851,-0.116400940135808));
#3052=CARTESIAN_POINT('',(0.035,-0.199925551733078,-0.11433038777501));
#3053=CARTESIAN_POINT('',(0.,-0.196251317118988,-0.112209067431428));
#3054=CARTESIAN_POINT('',(0.04,-0.199925551733164,-0.114330387774987));
#3055=CARTESIAN_POINT('',(0.04,-0.195733679028783,-0.11027721577885));
#3056=CARTESIAN_POINT('',(0.045,-0.198631456507651,-0.109500758643542));
#3057=CARTESIAN_POINT('',(0.045,-0.195575906175143,-0.0980972895575363));
#3058=CARTESIAN_POINT('',(0.045,-0.195420119547981,-0.0975158859498312));
#3059=CARTESIAN_POINT('',(0.04,-0.192522342069114,-0.0982923430851387));
#3060=CARTESIAN_POINT('',(0.04,-0.194126024322469,-0.0926862568183858));
#3061=CARTESIAN_POINT('',(0.0225,-0.194126024322469,-0.0926862568183858));
#3062=CARTESIAN_POINT('',(0.035,-0.194126024322469,-0.0926862568183858));
#3063=CARTESIAN_POINT('',(0.035,-0.186398617712156,-0.094756809179206));
#3064=CARTESIAN_POINT('',(0.03,-0.190835898991119,-0.0950898447220695));
#3065=CARTESIAN_POINT('',(0.0294920783038496,-0.190857765352692,-0.0945792905532728));
#3066=CARTESIAN_POINT('',(0.0289836310795501,-0.190867674589776,-0.0940689991023729));
#3067=CARTESIAN_POINT('',(0.0284748144873318,-0.190869294976836,-0.0935588948165149));
#3068=CARTESIAN_POINT('',(0.027,-0.174130833970376,0.152346896289957));
#3069=CARTESIAN_POINT('',(-0.027,-0.174130833970376,0.152346896289957));
#3070=CARTESIAN_POINT('',(0.0241867732448957,0.,-0.016));
#3071=CARTESIAN_POINT('',(0.018348586599576,0.,-0.0121379310344827));
#3072=CARTESIAN_POINT('',(0.,0.003,-1.53080849893419E-18));
#3073=CARTESIAN_POINT('',(-0.018348586599576,0.,-0.0121379310344828));
#3074=CARTESIAN_POINT('',(-0.0241867732448957,0.,-0.016));
#3075=CARTESIAN_POINT('',(0.030002,-0.187946723512019,-0.104694757284435));
#3076=MECHANICAL_DESIGN_GEOMETRIC_PRESENTATION_REPRESENTATION('',(#1651),
#3077);
#3077=(
GEOMETRIC_REPRESENTATION_CONTEXT(3)
GLOBAL_UNCERTAINTY_ASSIGNED_CONTEXT((#3078))
GLOBAL_UNIT_ASSIGNED_CONTEXT((#3081,#3080,#3079))
REPRESENTATION_CONTEXT('Part 1','TOP_LEVEL_ASSEMBLY_PART')
);
#3078=UNCERTAINTY_MEASURE_WITH_UNIT(LENGTH_MEASURE(2.E-5),#3081,
'DISTANCE_ACCURACY_VALUE','Maximum Tolerance applied to model');
#3079=(
NAMED_UNIT(*)
SI_UNIT($,.STERADIAN.)
SOLID_ANGLE_UNIT()
);
#3080=(
NAMED_UNIT(*)
PLANE_ANGLE_UNIT()
SI_UNIT($,.RADIAN.)
);
#3081=(
LENGTH_UNIT()
NAMED_UNIT(*)
SI_UNIT($,.METRE.)
);
#3082=PRODUCT_DEFINITION_SHAPE('','',#3083);
#3083=PRODUCT_DEFINITION('','',#3085,#3084);
#3084=PRODUCT_DEFINITION_CONTEXT('',#3091,'design');
#3085=PRODUCT_DEFINITION_FORMATION_WITH_SPECIFIED_SOURCE('','',#3087,
 .NOT_KNOWN.);
#3086=PRODUCT_RELATED_PRODUCT_CATEGORY('','',(#3087));
#3087=PRODUCT('Part 1','Part 1','Part 1',(#3089));
#3088=PRODUCT_CATEGORY('','');
#3089=PRODUCT_CONTEXT('',#3091,'mechanical');
#3090=APPLICATION_PROTOCOL_DEFINITION('international standard',
'ap242_managed_model_based_3d_engineering',2020,#3091);
#3091=APPLICATION_CONTEXT('managed model based 3d engineering');
ENDSEC;
END-ISO-10303-21;
