ISO-10303-21;
HEADER;
/* Generated by software containing ST-Developer
 * from STEP Tools, Inc. (www.steptools.com) 
 */
/* OPTION: using custom renumber hook */

FILE_DESCRIPTION(
/* description */ ('STEP AP242 Edition 2',
'CAx-IF Rec.Pracs.---Representation and Presentation of Product Manufa
cturing Information (PMI)---4.0---2014-10-13',
'CAx-IF Rec.Pracs.---3D Tessellated Geometry---0.4---2014-09-14','2;1',
'CAx-IF Rec.Pracs.---User Defined Attributes---1.5---2016-08-15'),
/* implementation_level */ '2;1');

FILE_NAME(
/* name */ '2.0 Megapixel USB Z Camera Mount_REV. 0',
/* time_stamp */ '2026-09-10T16:11:01Z',
/* author */ (''),
/* organization */ (''),
/* preprocessor_version */ 'ST-DEVELOPER v20',
/* originating_system */ 'ONSHAPE BY PTC INC, 1.220',
/* authorisation */ '  ');

FILE_SCHEMA (('AP242_MANAGED_MODEL_BASED_3D_ENGINEERING_MIM_LF { 1 0 10303 442 3 1 4 }'));
ENDSEC;

DATA;
#10=SHAPE_REPRESENTATION_RELATIONSHIP('','',#2532,#11);
#11=ADVANCED_BREP_SHAPE_REPRESENTATION('',(#2530),#4643);
#12=B_SPLINE_SURFACE_WITH_KNOTS('',1,3,((#4266,#4267,#4268,#4269,#4270,
#4271,#4272,#4273,#4274,#4275,#4276,#4277,#4278,#4279,#4280,#4281),(#4282,
#4283,#4284,#4285,#4286,#4287,#4288,#4289,#4290,#4291,#4292,#4293,#4294,
#4295,#4296,#4297)),.RULED_SURF.,.F.,.F.,.F.,(2,2),(4,2,2,2,2,2,2,4),(0.,
1.),(0.500564174251683,0.502706428396431,0.504848682541179,0.509133190830676,
0.513417699120172,0.514488826192546,0.51555995326492,0.517702207409668),
 .UNSPECIFIED.);
#13=B_SPLINE_SURFACE_WITH_KNOTS('',1,3,((#4311,#4312,#4313,#4314,#4315,
#4316,#4317,#4318,#4319,#4320,#4321,#4322,#4323,#4324,#4325,#4326),(#4327,
#4328,#4329,#4330,#4331,#4332,#4333,#4334,#4335,#4336,#4337,#4338,#4339,
#4340,#4341,#4342)),.RULED_SURF.,.F.,.F.,.F.,(2,2),(4,2,2,2,2,2,2,4),(0.,
1.),(0.562260519809667,0.564393249468339,0.56652597912701,0.570791438444353,
0.575056897761696,0.577189627420368,0.578255992249704,0.579322357079039),
 .UNSPECIFIED.);
#14=B_SPLINE_SURFACE_WITH_KNOTS('',1,3,((#4367,#4368,#4369,#4370,#4371,
#4372,#4373,#4374,#4375,#4376,#4377,#4378,#4379,#4380,#4381,#4382,#4383,
#4384),(#4385,#4386,#4387,#4388,#4389,#4390,#4391,#4392,#4393,#4394,#4395,
#4396,#4397,#4398,#4399,#4400,#4401,#4402)),.RULED_SURF.,.F.,.F.,.F.,(2,
2),(4,2,2,2,2,2,2,2,4),(0.,1.),(0.307535249533354,0.307749696014303,0.307964142495251,
0.308393035457147,0.308607481938096,0.308821928419044,0.309250821380941,
0.310108607304734,0.310966393228528),.UNSPECIFIED.);
#15=B_SPLINE_SURFACE_WITH_KNOTS('',1,3,((#4416,#4417,#4418,#4419,#4420,
#4421,#4422,#4423),(#4424,#4425,#4426,#4427,#4428,#4429,#4430,#4431)),
 .RULED_SURF.,.F.,.F.,.F.,(2,2),(4,2,2,4),(0.,1.),(0.30310980450544,0.304509990046917,
0.305273914843768,0.30603783964062),.UNSPECIFIED.);
#16=B_SPLINE_SURFACE_WITH_KNOTS('',1,3,((#4474,#4475,#4476,#4477,#4478,
#4479,#4480,#4481,#4482,#4483,#4484,#4485,#4486,#4487,#4488,#4489,#4490,
#4491,#4492,#4493),(#4494,#4495,#4496,#4497,#4498,#4499,#4500,#4501,#4502,
#4503,#4504,#4505,#4506,#4507,#4508,#4509,#4510,#4511,#4512,#4513)),
 .RULED_SURF.,.F.,.F.,.F.,(2,2),(4,2,2,2,2,2,2,2,2,4),(0.,1.),(0.207380306191389,
0.208137310743311,0.208894315295233,0.209272817571194,0.209462068709173,
0.209651319847154,0.209840570985135,0.210029822123115,0.210219073261095,
0.210281516555585),.UNSPECIFIED.);
#17=B_SPLINE_SURFACE_WITH_KNOTS('',1,3,((#4527,#4528,#4529,#4530,#4531,
#4532,#4533,#4534,#4535,#4536,#4537,#4538,#4539,#4540,#4541,#4542,#4543,
#4544,#4545,#4546,#4547,#4548),(#4549,#4550,#4551,#4552,#4553,#4554,#4555,
#4556,#4557,#4558,#4559,#4560,#4561,#4562,#4563,#4564,#4565,#4566,#4567,
#4568,#4569,#4570)),.RULED_SURF.,.F.,.F.,.F.,(2,2),(4,2,2,2,2,2,2,2,2,2,
4),(0.,1.),(0.202438743339399,0.202869235916135,0.20329972849287,0.204160713646341,
0.204591206223077,0.204806452511445,0.205021698799812,0.20523694508818,
0.205452191376548,0.205667437664916,0.205882683953284),.UNSPECIFIED.);
#18=ELLIPSE('',#2638,0.00707106781186547,0.005);
#19=ELLIPSE('',#2643,0.00707106781186547,0.005);
#20=ELLIPSE('',#2710,0.00424264068711926,0.003);
#21=ELLIPSE('',#2718,0.00424264068711927,0.003);
#22=ELLIPSE('',#2722,0.00430809025837015,0.003);
#23=ELLIPSE('',#2727,0.00430809025837014,0.003);
#24=ELLIPSE('',#2779,0.00324717660087718,0.003);
#25=ELLIPSE('',#2781,0.00324717660087718,0.003);
#26=ELLIPSE('',#2784,0.00324717660087718,0.003);
#27=ELLIPSE('',#2786,0.00324717660087718,0.003);
#28=CONICAL_SURFACE('',#2618,0.0125,0.785398163397448);
#29=CONICAL_SURFACE('',#2619,0.0145,0.785398163397448);
#30=CONICAL_SURFACE('',#2711,0.008,0.785398163397448);
#31=CONICAL_SURFACE('',#2712,0.0169999999999988,0.785398163397643);
#32=CONICAL_SURFACE('',#2715,0.008,0.785398163397449);
#33=CONICAL_SURFACE('',#2716,0.0169999999999988,0.785398163397643);
#34=CONICAL_SURFACE('',#2719,0.017,0.785398163397448);
#35=CONICAL_SURFACE('',#2723,0.008,0.78539816339745);
#36=CONICAL_SURFACE('',#2728,0.008,0.785398163397449);
#37=CONICAL_SURFACE('',#2729,0.017,0.785398163397448);
#38=CONICAL_SURFACE('',#2732,0.023,0.78539816339745);
#39=CONICAL_SURFACE('',#2735,0.008,0.785398163397448);
#40=CONICAL_SURFACE('',#2738,0.008,0.785398163397449);
#41=CONICAL_SURFACE('',#2739,0.023,0.785398163397451);
#42=CONICAL_SURFACE('',#2743,0.023,0.785398163397449);
#43=CONICAL_SURFACE('',#2746,0.008,0.785398163397448);
#44=CONICAL_SURFACE('',#2748,0.00699999999946746,0.785398163308691);
#45=CONICAL_SURFACE('',#2749,0.002,0.785398163397448);
#46=CONICAL_SURFACE('',#2750,0.025,0.785398163397448);
#47=CONICAL_SURFACE('',#2752,0.00699999999941339,0.78539816329968);
#48=CONICAL_SURFACE('',#2753,0.002,0.785398163397449);
#49=CONICAL_SURFACE('',#2756,0.008,0.785398163397448);
#50=CONICAL_SURFACE('',#2759,0.017,0.785398163397448);
#51=CONICAL_SURFACE('',#2760,0.023,0.785398163397448);
#52=CONICAL_SURFACE('',#2763,0.017,0.785398163397448);
#53=CONICAL_SURFACE('',#2764,0.008,0.785398163397449);
#54=CONICAL_SURFACE('',#2767,0.027,0.785398163397448);
#55=CONICAL_SURFACE('',#2768,0.002,0.785398163397449);
#56=CONICAL_SURFACE('',#2771,0.017,0.785398163397448);
#57=CONICAL_SURFACE('',#2772,0.002,0.785398163397448);
#58=CONICAL_SURFACE('',#2775,0.017,0.785398163397448);
#59=CONICAL_SURFACE('',#2776,0.008,0.785398163397449);
#60=CONICAL_SURFACE('',#2789,0.004,0.785398163397446);
#61=CONICAL_SURFACE('',#2790,0.004,0.78539816339745);
#62=CONICAL_SURFACE('',#2793,0.004,0.78539816339745);
#63=CONICAL_SURFACE('',#2794,0.004,0.785398163397446);
#64=CYLINDRICAL_SURFACE('',#2563,0.0025);
#65=CYLINDRICAL_SURFACE('',#2566,0.0025);
#66=CYLINDRICAL_SURFACE('',#2593,0.025);
#67=CYLINDRICAL_SURFACE('',#2595,0.0017);
#68=CYLINDRICAL_SURFACE('',#2597,0.0017);
#69=CYLINDRICAL_SURFACE('',#2599,0.0125);
#70=CYLINDRICAL_SURFACE('',#2602,0.0017);
#71=CYLINDRICAL_SURFACE('',#2604,0.0017);
#72=CYLINDRICAL_SURFACE('',#2606,0.00265);
#73=CYLINDRICAL_SURFACE('',#2609,0.00265);
#74=CYLINDRICAL_SURFACE('',#2612,0.00265);
#75=CYLINDRICAL_SURFACE('',#2615,0.00265);
#76=CYLINDRICAL_SURFACE('',#2636,0.005);
#77=CYLINDRICAL_SURFACE('',#2642,0.005);
#78=CYLINDRICAL_SURFACE('',#2650,0.005);
#79=CYLINDRICAL_SURFACE('',#2654,0.0025);
#80=CYLINDRICAL_SURFACE('',#2657,0.02);
#81=CYLINDRICAL_SURFACE('',#2660,0.02);
#82=CYLINDRICAL_SURFACE('',#2664,0.004);
#83=CYLINDRICAL_SURFACE('',#2665,0.004);
#84=CYLINDRICAL_SURFACE('',#2666,0.004);
#85=CYLINDRICAL_SURFACE('',#2668,0.004);
#86=CYLINDRICAL_SURFACE('',#2670,0.005);
#87=CYLINDRICAL_SURFACE('',#2673,0.005);
#88=CYLINDRICAL_SURFACE('',#2676,0.005);
#89=CYLINDRICAL_SURFACE('',#2678,0.005);
#90=CYLINDRICAL_SURFACE('',#2680,0.005);
#91=CYLINDRICAL_SURFACE('',#2683,0.005);
#92=CYLINDRICAL_SURFACE('',#2686,0.005);
#93=CYLINDRICAL_SURFACE('',#2689,0.005);
#94=CYLINDRICAL_SURFACE('',#2692,0.005);
#95=CYLINDRICAL_SURFACE('',#2695,0.005);
#96=CYLINDRICAL_SURFACE('',#2698,0.02);
#97=CYLINDRICAL_SURFACE('',#2701,0.02);
#98=CYLINDRICAL_SURFACE('',#2704,0.02);
#99=CYLINDRICAL_SURFACE('',#2778,0.003);
#100=CYLINDRICAL_SURFACE('',#2780,0.003);
#101=CYLINDRICAL_SURFACE('',#2782,0.003);
#102=CYLINDRICAL_SURFACE('',#2783,0.003);
#103=CYLINDRICAL_SURFACE('',#2785,0.003);
#104=CYLINDRICAL_SURFACE('',#2787,0.003);
#105=B_SPLINE_CURVE_WITH_KNOTS('',3,(#3677,#3678,#3679,#3680,#3681,#3682,
#3683,#3684),.UNSPECIFIED.,.F.,.F.,(4,1,1,1,1,4),(0.,0.25,0.5,0.625,0.75,
1.),.UNSPECIFIED.);
#106=B_SPLINE_CURVE_WITH_KNOTS('',3,(#3688,#3689,#3690,#3691,#3692,#3693,
#3694,#3695,#3696),.UNSPECIFIED.,.F.,.F.,(4,1,1,1,1,1,4),(0.,0.25,0.375,
0.5,0.625,0.75,1.),.UNSPECIFIED.);
#107=B_SPLINE_CURVE_WITH_KNOTS('',3,(#3704,#3705,#3706,#3707,#3708,#3709,
#3710,#3711,#3712),.UNSPECIFIED.,.F.,.F.,(4,1,1,1,1,1,4),(0.,0.25,0.5,0.625,
0.75,0.875,1.),.UNSPECIFIED.);
#108=B_SPLINE_CURVE_WITH_KNOTS('',3,(#3716,#3717,#3718,#3719,#3720,#3721,
#3722,#3723),.UNSPECIFIED.,.F.,.F.,(4,1,1,1,1,4),(0.,0.25,0.5,0.625,0.75,
1.),.UNSPECIFIED.);
#109=B_SPLINE_CURVE_WITH_KNOTS('',3,(#3727,#3728,#3729,#3730,#3731,#3732),
 .UNSPECIFIED.,.F.,.F.,(4,1,1,4),(0.,0.25,0.5,1.),.UNSPECIFIED.);
#110=B_SPLINE_CURVE_WITH_KNOTS('',3,(#3736,#3737,#3738,#3739,#3740,#3741,
#3742,#3743,#3744),.UNSPECIFIED.,.F.,.F.,(4,1,1,1,1,1,4),(0.,0.125,0.25,
0.375,0.5,0.75,1.),.UNSPECIFIED.);
#111=B_SPLINE_CURVE_WITH_KNOTS('',3,(#3950,#3951,#3952,#3953,#3954,#3955,
#3956),.UNSPECIFIED.,.F.,.F.,(4,1,1,1,4),(0.,0.00262673071225836,0.00525346142451672,
0.00788019213677508,0.0105069228490334),.UNSPECIFIED.);
#112=B_SPLINE_CURVE_WITH_KNOTS('',3,(#3963,#3964,#3965,#3966,#3967,#3968,
#3969),.UNSPECIFIED.,.F.,.F.,(4,1,1,1,4),(0.,0.00262673071225835,0.0052534614245167,
0.00788019213677505,0.0105069228490334),.UNSPECIFIED.);
#113=B_SPLINE_CURVE_WITH_KNOTS('',3,(#4023,#4024,#4025,#4026),
 .UNSPECIFIED.,.F.,.F.,(4,4),(0.,0.00465112415934977),.UNSPECIFIED.);
#114=B_SPLINE_CURVE_WITH_KNOTS('',3,(#4035,#4036,#4037,#4038),
 .UNSPECIFIED.,.F.,.F.,(4,4),(-0.00428101058201411,0.000370113577335618),
 .UNSPECIFIED.);
#115=B_SPLINE_CURVE_WITH_KNOTS('',3,(#4078,#4079,#4080,#4081,#4082,#4083,
#4084,#4085,#4086,#4087,#4088,#4089,#4090,#4091,#4092,#4093,#4094,#4095,
#4096),.UNSPECIFIED.,.F.,.F.,(4,1,1,1,1,1,1,1,1,1,1,1,1,1,1,1,4),(0.,0.125,
0.25,0.3125,0.375,0.4375,0.46875,0.484375,0.5,0.515625,0.53125,0.5625,0.625,
0.6875,0.75,0.875,1.),.UNSPECIFIED.);
#116=B_SPLINE_CURVE_WITH_KNOTS('',3,(#4098,#4099,#4100,#4101,#4102,#4103,
#4104,#4105,#4106,#4107,#4108,#4109,#4110,#4111,#4112,#4113,#4114,#4115,
#4116),.UNSPECIFIED.,.F.,.F.,(4,1,1,1,1,1,1,1,1,1,1,1,1,1,1,1,4),(0.,0.125,
0.25,0.3125,0.375,0.4375,0.46875,0.484375,0.5,0.515625,0.53125,0.5625,0.625,
0.6875,0.75,0.875,1.),.UNSPECIFIED.);
#117=B_SPLINE_CURVE_WITH_KNOTS('',3,(#4120,#4121,#4122,#4123),
 .UNSPECIFIED.,.F.,.F.,(4,4),(0.,1.),.UNSPECIFIED.);
#118=B_SPLINE_CURVE_WITH_KNOTS('',3,(#4134,#4135,#4136,#4137,#4138,#4139,
#4140,#4141,#4142,#4143,#4144,#4145,#4146,#4147),.UNSPECIFIED.,.F.,.F.,
(4,1,1,1,1,1,1,1,1,1,1,4),(0.,0.25,0.375,0.4375,0.46875,0.5,0.53125,0.5625,
0.625,0.75,0.875,1.),.UNSPECIFIED.);
#119=B_SPLINE_CURVE_WITH_KNOTS('',3,(#4150,#4151,#4152,#4153,#4154,#4155,
#4156,#4157,#4158,#4159,#4160,#4161,#4162,#4163),.UNSPECIFIED.,.F.,.F.,
(4,1,1,1,1,1,1,1,1,1,1,4),(0.,0.125,0.25,0.375,0.4375,0.46875,0.5,0.53125,
0.5625,0.625,0.75,1.),.UNSPECIFIED.);
#120=B_SPLINE_CURVE_WITH_KNOTS('',3,(#4204,#4205,#4206,#4207,#4208,#4209,
#4210),.UNSPECIFIED.,.F.,.F.,(4,1,1,1,4),(0.,0.00144182976149224,0.00288365952298448,
0.00432548928447672,0.00576731904596896),.UNSPECIFIED.);
#121=B_SPLINE_CURVE_WITH_KNOTS('',3,(#4211,#4212,#4213,#4214),
 .UNSPECIFIED.,.F.,.F.,(4,4),(0.,0.0045081825622554),.UNSPECIFIED.);
#122=B_SPLINE_CURVE_WITH_KNOTS('',3,(#4218,#4219,#4220,#4221),
 .UNSPECIFIED.,.F.,.F.,(4,4),(0.,0.00450818256225543),.UNSPECIFIED.);
#123=B_SPLINE_CURVE_WITH_KNOTS('',3,(#4225,#4226,#4227,#4228,#4229,#4230,
#4231),.UNSPECIFIED.,.F.,.F.,(4,1,1,1,4),(0.,0.00143515907983631,0.00287031815967262,
0.00430547723950893,0.00574063631934524),.UNSPECIFIED.);
#124=B_SPLINE_CURVE_WITH_KNOTS('',3,(#4259,#4260,#4261,#4262),
 .UNSPECIFIED.,.F.,.F.,(4,4),(0.,1.),.UNSPECIFIED.);
#125=B_SPLINE_CURVE_WITH_KNOTS('',3,(#4298,#4299,#4300,#4301),
 .UNSPECIFIED.,.F.,.F.,(4,4),(0.,1.),.UNSPECIFIED.);
#126=B_SPLINE_CURVE_WITH_KNOTS('',3,(#4305,#4306,#4307,#4308),
 .UNSPECIFIED.,.F.,.F.,(4,4),(0.,1.),.UNSPECIFIED.);
#127=B_SPLINE_CURVE_WITH_KNOTS('',3,(#4343,#4344,#4345,#4346),
 .UNSPECIFIED.,.F.,.F.,(4,4),(0.,1.),.UNSPECIFIED.);
#128=B_SPLINE_CURVE_WITH_KNOTS('',3,(#4360,#4361,#4362,#4363),
 .UNSPECIFIED.,.F.,.F.,(4,4),(0.,1.),.UNSPECIFIED.);
#129=B_SPLINE_CURVE_WITH_KNOTS('',3,(#4403,#4404,#4405,#4406),
 .UNSPECIFIED.,.F.,.F.,(4,4),(0.,1.),.UNSPECIFIED.);
#130=B_SPLINE_CURVE_WITH_KNOTS('',3,(#4410,#4411,#4412,#4413),
 .UNSPECIFIED.,.F.,.F.,(4,4),(0.,1.),.UNSPECIFIED.);
#131=B_SPLINE_CURVE_WITH_KNOTS('',3,(#4432,#4433,#4434,#4435,#4436,#4437,
#4438,#4439,#4440,#4441,#4442,#4443,#4444,#4445),.UNSPECIFIED.,.F.,.F.,
(4,1,1,1,1,1,1,1,1,1,1,4),(0.,0.0625,0.125,0.25,0.3125,0.375,0.4375,0.5,
0.5625,0.625,0.75,1.),.UNSPECIFIED.);
#132=B_SPLINE_CURVE_WITH_KNOTS('',3,(#4457,#4458,#4459,#4460,#4461,#4462,
#4463,#4464,#4465,#4466,#4467,#4468,#4469,#4470,#4471),.UNSPECIFIED.,.F.,
 .F.,(4,1,1,1,1,1,1,1,1,1,1,1,4),(0.,0.0625,0.125,0.1875,0.25,0.375,0.4375,
0.5,0.5625,0.625,0.6875,0.75,1.),.UNSPECIFIED.);
#133=B_SPLINE_CURVE_WITH_KNOTS('',3,(#4514,#4515,#4516,#4517),
 .UNSPECIFIED.,.F.,.F.,(4,4),(0.,1.),.UNSPECIFIED.);
#134=B_SPLINE_CURVE_WITH_KNOTS('',3,(#4521,#4522,#4523,#4524),
 .UNSPECIFIED.,.F.,.F.,(4,4),(0.,1.),.UNSPECIFIED.);
#135=B_SPLINE_CURVE_WITH_KNOTS('',3,(#4571,#4572,#4573,#4574),
 .UNSPECIFIED.,.F.,.F.,(4,4),(0.,1.),.UNSPECIFIED.);
#136=CIRCLE('',#2535,0.002);
#137=CIRCLE('',#2536,0.005);
#138=CIRCLE('',#2538,0.002);
#139=CIRCLE('',#2539,0.005);
#140=CIRCLE('',#2541,0.023);
#141=CIRCLE('',#2542,0.017);
#142=CIRCLE('',#2544,0.008);
#143=CIRCLE('',#2545,0.027);
#144=CIRCLE('',#2546,0.008);
#145=CIRCLE('',#2547,0.0145);
#146=CIRCLE('',#2548,0.00265);
#147=CIRCLE('',#2549,0.00265);
#148=CIRCLE('',#2550,0.00265);
#149=CIRCLE('',#2551,0.00265);
#150=CIRCLE('',#2553,0.008);
#151=CIRCLE('',#2554,0.008);
#152=CIRCLE('',#2555,0.008);
#153=CIRCLE('',#2556,0.008);
#154=CIRCLE('',#2558,0.008);
#155=CIRCLE('',#2559,0.008);
#156=CIRCLE('',#2560,0.008);
#157=CIRCLE('',#2561,0.008);
#158=CIRCLE('',#2564,0.0025);
#159=CIRCLE('',#2565,0.0025);
#160=CIRCLE('',#2567,0.0025);
#161=CIRCLE('',#2568,0.0025);
#162=CIRCLE('',#2570,0.017);
#163=CIRCLE('',#2571,0.017);
#164=CIRCLE('',#2572,0.023);
#165=CIRCLE('',#2574,0.017);
#166=CIRCLE('',#2575,0.017);
#167=CIRCLE('',#2576,0.023);
#168=CIRCLE('',#2578,0.0017);
#169=CIRCLE('',#2579,0.0017);
#170=CIRCLE('',#2580,0.0017);
#171=CIRCLE('',#2581,0.0017);
#172=CIRCLE('',#2582,0.0145);
#173=CIRCLE('',#2583,0.022);
#174=CIRCLE('',#2584,0.00699999999946746);
#175=CIRCLE('',#2585,0.00699999999941339);
#176=CIRCLE('',#2587,0.025);
#177=CIRCLE('',#2588,0.004);
#178=CIRCLE('',#2589,0.004);
#179=CIRCLE('',#2590,0.03);
#180=CIRCLE('',#2591,0.004);
#181=CIRCLE('',#2592,0.004);
#182=CIRCLE('',#2594,0.025);
#183=CIRCLE('',#2596,0.0017);
#184=CIRCLE('',#2598,0.0017);
#185=CIRCLE('',#2600,0.0125);
#186=CIRCLE('',#2601,0.0125);
#187=CIRCLE('',#2603,0.0017);
#188=CIRCLE('',#2605,0.0017);
#189=CIRCLE('',#2607,0.00265);
#190=CIRCLE('',#2610,0.00265);
#191=CIRCLE('',#2613,0.00265);
#192=CIRCLE('',#2616,0.00265);
#193=CIRCLE('',#2621,0.004);
#194=CIRCLE('',#2622,0.004);
#195=CIRCLE('',#2623,0.004);
#196=CIRCLE('',#2624,0.004);
#197=CIRCLE('',#2625,0.0025);
#198=CIRCLE('',#2630,0.005);
#199=CIRCLE('',#2631,0.002);
#200=CIRCLE('',#2634,0.005);
#201=CIRCLE('',#2635,0.002);
#202=CIRCLE('',#2637,0.005);
#203=CIRCLE('',#2641,0.005);
#204=CIRCLE('',#2645,0.005);
#205=CIRCLE('',#2648,0.017);
#206=CIRCLE('',#2649,0.023);
#207=CIRCLE('',#2651,0.005);
#208=CIRCLE('',#2653,0.0025);
#209=CIRCLE('',#2658,0.02);
#210=CIRCLE('',#2659,0.02);
#211=CIRCLE('',#2661,0.02);
#212=CIRCLE('',#2662,0.02);
#213=CIRCLE('',#2667,0.004);
#214=CIRCLE('',#2669,0.004);
#215=CIRCLE('',#2671,0.005);
#216=CIRCLE('',#2672,0.005);
#217=CIRCLE('',#2674,0.005);
#218=CIRCLE('',#2675,0.005);
#219=CIRCLE('',#2677,0.005);
#220=CIRCLE('',#2679,0.005);
#221=CIRCLE('',#2681,0.005);
#222=CIRCLE('',#2682,0.005);
#223=CIRCLE('',#2684,0.005);
#224=CIRCLE('',#2685,0.005);
#225=CIRCLE('',#2687,0.005);
#226=CIRCLE('',#2688,0.005);
#227=CIRCLE('',#2690,0.005);
#228=CIRCLE('',#2691,0.005);
#229=CIRCLE('',#2693,0.005);
#230=CIRCLE('',#2694,0.005);
#231=CIRCLE('',#2696,0.005);
#232=CIRCLE('',#2697,0.005);
#233=CIRCLE('',#2699,0.02);
#234=CIRCLE('',#2700,0.02);
#235=CIRCLE('',#2702,0.02);
#236=CIRCLE('',#2703,0.02);
#237=CIRCLE('',#2705,0.02);
#238=CIRCLE('',#2706,0.02);
#239=CIRCLE('',#2707,0.02);
#240=CIRCLE('',#2708,0.02);
#241=ORIENTED_EDGE('',*,*,#941,.T.);
#242=ORIENTED_EDGE('',*,*,#942,.T.);
#243=ORIENTED_EDGE('',*,*,#943,.T.);
#244=ORIENTED_EDGE('',*,*,#944,.T.);
#245=ORIENTED_EDGE('',*,*,#945,.F.);
#246=ORIENTED_EDGE('',*,*,#946,.T.);
#247=ORIENTED_EDGE('',*,*,#947,.T.);
#248=ORIENTED_EDGE('',*,*,#948,.T.);
#249=ORIENTED_EDGE('',*,*,#949,.T.);
#250=ORIENTED_EDGE('',*,*,#950,.F.);
#251=ORIENTED_EDGE('',*,*,#951,.T.);
#252=ORIENTED_EDGE('',*,*,#952,.T.);
#253=ORIENTED_EDGE('',*,*,#953,.T.);
#254=ORIENTED_EDGE('',*,*,#954,.T.);
#255=ORIENTED_EDGE('',*,*,#955,.T.);
#256=ORIENTED_EDGE('',*,*,#956,.T.);
#257=ORIENTED_EDGE('',*,*,#957,.T.);
#258=ORIENTED_EDGE('',*,*,#958,.T.);
#259=ORIENTED_EDGE('',*,*,#959,.T.);
#260=ORIENTED_EDGE('',*,*,#960,.T.);
#261=ORIENTED_EDGE('',*,*,#961,.T.);
#262=ORIENTED_EDGE('',*,*,#962,.T.);
#263=ORIENTED_EDGE('',*,*,#963,.T.);
#264=ORIENTED_EDGE('',*,*,#964,.T.);
#265=ORIENTED_EDGE('',*,*,#965,.T.);
#266=ORIENTED_EDGE('',*,*,#966,.T.);
#267=ORIENTED_EDGE('',*,*,#967,.T.);
#268=ORIENTED_EDGE('',*,*,#968,.T.);
#269=ORIENTED_EDGE('',*,*,#969,.T.);
#270=ORIENTED_EDGE('',*,*,#970,.T.);
#271=ORIENTED_EDGE('',*,*,#971,.T.);
#272=ORIENTED_EDGE('',*,*,#972,.T.);
#273=ORIENTED_EDGE('',*,*,#973,.T.);
#274=ORIENTED_EDGE('',*,*,#974,.T.);
#275=ORIENTED_EDGE('',*,*,#975,.F.);
#276=ORIENTED_EDGE('',*,*,#976,.F.);
#277=ORIENTED_EDGE('',*,*,#977,.T.);
#278=ORIENTED_EDGE('',*,*,#978,.T.);
#279=ORIENTED_EDGE('',*,*,#979,.T.);
#280=ORIENTED_EDGE('',*,*,#980,.T.);
#281=ORIENTED_EDGE('',*,*,#981,.T.);
#282=ORIENTED_EDGE('',*,*,#982,.T.);
#283=ORIENTED_EDGE('',*,*,#983,.T.);
#284=ORIENTED_EDGE('',*,*,#984,.T.);
#285=ORIENTED_EDGE('',*,*,#985,.T.);
#286=ORIENTED_EDGE('',*,*,#986,.T.);
#287=ORIENTED_EDGE('',*,*,#987,.T.);
#288=ORIENTED_EDGE('',*,*,#988,.T.);
#289=ORIENTED_EDGE('',*,*,#989,.T.);
#290=ORIENTED_EDGE('',*,*,#990,.T.);
#291=ORIENTED_EDGE('',*,*,#991,.T.);
#292=ORIENTED_EDGE('',*,*,#992,.T.);
#293=ORIENTED_EDGE('',*,*,#993,.T.);
#294=ORIENTED_EDGE('',*,*,#994,.T.);
#295=ORIENTED_EDGE('',*,*,#995,.T.);
#296=ORIENTED_EDGE('',*,*,#996,.T.);
#297=ORIENTED_EDGE('',*,*,#997,.T.);
#298=ORIENTED_EDGE('',*,*,#998,.T.);
#299=ORIENTED_EDGE('',*,*,#999,.T.);
#300=ORIENTED_EDGE('',*,*,#1000,.T.);
#301=ORIENTED_EDGE('',*,*,#1001,.T.);
#302=ORIENTED_EDGE('',*,*,#1002,.T.);
#303=ORIENTED_EDGE('',*,*,#1003,.T.);
#304=ORIENTED_EDGE('',*,*,#1004,.T.);
#305=ORIENTED_EDGE('',*,*,#1005,.T.);
#306=ORIENTED_EDGE('',*,*,#1006,.T.);
#307=ORIENTED_EDGE('',*,*,#1007,.T.);
#308=ORIENTED_EDGE('',*,*,#1008,.T.);
#309=ORIENTED_EDGE('',*,*,#1009,.T.);
#310=ORIENTED_EDGE('',*,*,#1010,.T.);
#311=ORIENTED_EDGE('',*,*,#1011,.T.);
#312=ORIENTED_EDGE('',*,*,#1012,.T.);
#313=ORIENTED_EDGE('',*,*,#1013,.T.);
#314=ORIENTED_EDGE('',*,*,#1014,.T.);
#315=ORIENTED_EDGE('',*,*,#1015,.T.);
#316=ORIENTED_EDGE('',*,*,#1016,.T.);
#317=ORIENTED_EDGE('',*,*,#1017,.T.);
#318=ORIENTED_EDGE('',*,*,#1018,.T.);
#319=ORIENTED_EDGE('',*,*,#1019,.T.);
#320=ORIENTED_EDGE('',*,*,#1020,.T.);
#321=ORIENTED_EDGE('',*,*,#1021,.T.);
#322=ORIENTED_EDGE('',*,*,#1022,.T.);
#323=ORIENTED_EDGE('',*,*,#1023,.T.);
#324=ORIENTED_EDGE('',*,*,#1024,.T.);
#325=ORIENTED_EDGE('',*,*,#1025,.T.);
#326=ORIENTED_EDGE('',*,*,#1026,.T.);
#327=ORIENTED_EDGE('',*,*,#1027,.F.);
#328=ORIENTED_EDGE('',*,*,#1028,.F.);
#329=ORIENTED_EDGE('',*,*,#1029,.T.);
#330=ORIENTED_EDGE('',*,*,#1030,.T.);
#331=ORIENTED_EDGE('',*,*,#1031,.T.);
#332=ORIENTED_EDGE('',*,*,#1032,.T.);
#333=ORIENTED_EDGE('',*,*,#1033,.T.);
#334=ORIENTED_EDGE('',*,*,#1034,.T.);
#335=ORIENTED_EDGE('',*,*,#1035,.T.);
#336=ORIENTED_EDGE('',*,*,#1036,.T.);
#337=ORIENTED_EDGE('',*,*,#1037,.T.);
#338=ORIENTED_EDGE('',*,*,#1038,.T.);
#339=ORIENTED_EDGE('',*,*,#1039,.T.);
#340=ORIENTED_EDGE('',*,*,#1040,.T.);
#341=ORIENTED_EDGE('',*,*,#1041,.T.);
#342=ORIENTED_EDGE('',*,*,#1042,.T.);
#343=ORIENTED_EDGE('',*,*,#1043,.T.);
#344=ORIENTED_EDGE('',*,*,#1044,.T.);
#345=ORIENTED_EDGE('',*,*,#1045,.T.);
#346=ORIENTED_EDGE('',*,*,#1046,.T.);
#347=ORIENTED_EDGE('',*,*,#1047,.T.);
#348=ORIENTED_EDGE('',*,*,#1048,.T.);
#349=ORIENTED_EDGE('',*,*,#1049,.T.);
#350=ORIENTED_EDGE('',*,*,#1050,.F.);
#351=ORIENTED_EDGE('',*,*,#1051,.F.);
#352=ORIENTED_EDGE('',*,*,#1052,.T.);
#353=ORIENTED_EDGE('',*,*,#1053,.T.);
#354=ORIENTED_EDGE('',*,*,#1054,.T.);
#355=ORIENTED_EDGE('',*,*,#1055,.T.);
#356=ORIENTED_EDGE('',*,*,#1056,.T.);
#357=ORIENTED_EDGE('',*,*,#1021,.F.);
#358=ORIENTED_EDGE('',*,*,#1057,.T.);
#359=ORIENTED_EDGE('',*,*,#1058,.T.);
#360=ORIENTED_EDGE('',*,*,#1059,.T.);
#361=ORIENTED_EDGE('',*,*,#1060,.T.);
#362=ORIENTED_EDGE('',*,*,#1061,.T.);
#363=ORIENTED_EDGE('',*,*,#1062,.F.);
#364=ORIENTED_EDGE('',*,*,#1063,.F.);
#365=ORIENTED_EDGE('',*,*,#1064,.T.);
#366=ORIENTED_EDGE('',*,*,#1065,.T.);
#367=ORIENTED_EDGE('',*,*,#1066,.T.);
#368=ORIENTED_EDGE('',*,*,#1067,.T.);
#369=ORIENTED_EDGE('',*,*,#1068,.T.);
#370=ORIENTED_EDGE('',*,*,#1069,.T.);
#371=ORIENTED_EDGE('',*,*,#1070,.T.);
#372=ORIENTED_EDGE('',*,*,#1058,.F.);
#373=ORIENTED_EDGE('',*,*,#1052,.F.);
#374=ORIENTED_EDGE('',*,*,#1071,.T.);
#375=ORIENTED_EDGE('',*,*,#1053,.F.);
#376=ORIENTED_EDGE('',*,*,#1072,.T.);
#377=ORIENTED_EDGE('',*,*,#1073,.T.);
#378=ORIENTED_EDGE('',*,*,#1074,.T.);
#379=ORIENTED_EDGE('',*,*,#1051,.T.);
#380=ORIENTED_EDGE('',*,*,#1075,.F.);
#381=ORIENTED_EDGE('',*,*,#1050,.T.);
#382=ORIENTED_EDGE('',*,*,#1076,.F.);
#383=ORIENTED_EDGE('',*,*,#1077,.F.);
#384=ORIENTED_EDGE('',*,*,#976,.T.);
#385=ORIENTED_EDGE('',*,*,#1071,.F.);
#386=ORIENTED_EDGE('',*,*,#1077,.T.);
#387=ORIENTED_EDGE('',*,*,#1078,.F.);
#388=ORIENTED_EDGE('',*,*,#975,.T.);
#389=ORIENTED_EDGE('',*,*,#1072,.F.);
#390=ORIENTED_EDGE('',*,*,#1078,.T.);
#391=ORIENTED_EDGE('',*,*,#1079,.T.);
#392=ORIENTED_EDGE('',*,*,#974,.F.);
#393=ORIENTED_EDGE('',*,*,#1079,.F.);
#394=ORIENTED_EDGE('',*,*,#1076,.T.);
#395=ORIENTED_EDGE('',*,*,#1080,.T.);
#396=ORIENTED_EDGE('',*,*,#977,.F.);
#397=ORIENTED_EDGE('',*,*,#1080,.F.);
#398=ORIENTED_EDGE('',*,*,#1075,.T.);
#399=ORIENTED_EDGE('',*,*,#973,.F.);
#400=ORIENTED_EDGE('',*,*,#1073,.F.);
#401=ORIENTED_EDGE('',*,*,#1074,.F.);
#402=ORIENTED_EDGE('',*,*,#1054,.F.);
#403=ORIENTED_EDGE('',*,*,#1081,.T.);
#404=ORIENTED_EDGE('',*,*,#1082,.T.);
#405=ORIENTED_EDGE('',*,*,#1083,.T.);
#406=ORIENTED_EDGE('',*,*,#1084,.T.);
#407=ORIENTED_EDGE('',*,*,#1085,.T.);
#408=ORIENTED_EDGE('',*,*,#1086,.T.);
#409=ORIENTED_EDGE('',*,*,#1087,.T.);
#410=ORIENTED_EDGE('',*,*,#1088,.T.);
#411=ORIENTED_EDGE('',*,*,#1089,.F.);
#412=ORIENTED_EDGE('',*,*,#1028,.T.);
#413=ORIENTED_EDGE('',*,*,#1026,.F.);
#414=ORIENTED_EDGE('',*,*,#1090,.T.);
#415=ORIENTED_EDGE('',*,*,#1091,.T.);
#416=ORIENTED_EDGE('',*,*,#1092,.T.);
#417=ORIENTED_EDGE('',*,*,#1066,.F.);
#418=ORIENTED_EDGE('',*,*,#1093,.T.);
#419=ORIENTED_EDGE('',*,*,#1094,.T.);
#420=ORIENTED_EDGE('',*,*,#1095,.T.);
#421=ORIENTED_EDGE('',*,*,#1060,.F.);
#422=ORIENTED_EDGE('',*,*,#1096,.T.);
#423=ORIENTED_EDGE('',*,*,#1097,.T.);
#424=ORIENTED_EDGE('',*,*,#1098,.T.);
#425=ORIENTED_EDGE('',*,*,#1099,.T.);
#426=ORIENTED_EDGE('',*,*,#1100,.F.);
#427=ORIENTED_EDGE('',*,*,#1101,.T.);
#428=ORIENTED_EDGE('',*,*,#1102,.T.);
#429=ORIENTED_EDGE('',*,*,#1103,.T.);
#430=ORIENTED_EDGE('',*,*,#1104,.T.);
#431=ORIENTED_EDGE('',*,*,#1105,.T.);
#432=ORIENTED_EDGE('',*,*,#1106,.T.);
#433=ORIENTED_EDGE('',*,*,#1107,.T.);
#434=ORIENTED_EDGE('',*,*,#1108,.T.);
#435=ORIENTED_EDGE('',*,*,#1109,.F.);
#436=ORIENTED_EDGE('',*,*,#1110,.T.);
#437=ORIENTED_EDGE('',*,*,#1111,.T.);
#438=ORIENTED_EDGE('',*,*,#1112,.T.);
#439=ORIENTED_EDGE('',*,*,#1113,.T.);
#440=ORIENTED_EDGE('',*,*,#1114,.F.);
#441=ORIENTED_EDGE('',*,*,#950,.T.);
#442=ORIENTED_EDGE('',*,*,#1115,.T.);
#443=ORIENTED_EDGE('',*,*,#1109,.T.);
#444=ORIENTED_EDGE('',*,*,#1116,.T.);
#445=ORIENTED_EDGE('',*,*,#1029,.F.);
#446=ORIENTED_EDGE('',*,*,#1114,.T.);
#447=ORIENTED_EDGE('',*,*,#1117,.T.);
#448=ORIENTED_EDGE('',*,*,#1027,.T.);
#449=ORIENTED_EDGE('',*,*,#1117,.F.);
#450=ORIENTED_EDGE('',*,*,#945,.T.);
#451=ORIENTED_EDGE('',*,*,#1118,.T.);
#452=ORIENTED_EDGE('',*,*,#1100,.T.);
#453=ORIENTED_EDGE('',*,*,#1119,.T.);
#454=ORIENTED_EDGE('',*,*,#1120,.T.);
#455=ORIENTED_EDGE('',*,*,#1121,.T.);
#456=ORIENTED_EDGE('',*,*,#1122,.T.);
#457=ORIENTED_EDGE('',*,*,#1123,.T.);
#458=ORIENTED_EDGE('',*,*,#1124,.F.);
#459=ORIENTED_EDGE('',*,*,#1125,.T.);
#460=ORIENTED_EDGE('',*,*,#1126,.T.);
#461=ORIENTED_EDGE('',*,*,#1127,.T.);
#462=ORIENTED_EDGE('',*,*,#1128,.T.);
#463=ORIENTED_EDGE('',*,*,#1129,.T.);
#464=ORIENTED_EDGE('',*,*,#1130,.T.);
#465=ORIENTED_EDGE('',*,*,#1131,.T.);
#466=ORIENTED_EDGE('',*,*,#1132,.T.);
#467=ORIENTED_EDGE('',*,*,#1133,.T.);
#468=ORIENTED_EDGE('',*,*,#1134,.T.);
#469=ORIENTED_EDGE('',*,*,#1135,.T.);
#470=ORIENTED_EDGE('',*,*,#1136,.T.);
#471=ORIENTED_EDGE('',*,*,#1137,.T.);
#472=ORIENTED_EDGE('',*,*,#1138,.T.);
#473=ORIENTED_EDGE('',*,*,#1139,.T.);
#474=ORIENTED_EDGE('',*,*,#1140,.T.);
#475=ORIENTED_EDGE('',*,*,#1141,.F.);
#476=ORIENTED_EDGE('',*,*,#1124,.T.);
#477=ORIENTED_EDGE('',*,*,#1142,.F.);
#478=ORIENTED_EDGE('',*,*,#1141,.T.);
#479=ORIENTED_EDGE('',*,*,#1089,.T.);
#480=ORIENTED_EDGE('',*,*,#1142,.T.);
#481=ORIENTED_EDGE('',*,*,#1143,.T.);
#482=ORIENTED_EDGE('',*,*,#1144,.T.);
#483=ORIENTED_EDGE('',*,*,#1145,.T.);
#484=ORIENTED_EDGE('',*,*,#1146,.T.);
#485=ORIENTED_EDGE('',*,*,#1147,.T.);
#486=ORIENTED_EDGE('',*,*,#1148,.T.);
#487=ORIENTED_EDGE('',*,*,#1149,.T.);
#488=ORIENTED_EDGE('',*,*,#1150,.T.);
#489=ORIENTED_EDGE('',*,*,#1151,.T.);
#490=ORIENTED_EDGE('',*,*,#1152,.T.);
#491=ORIENTED_EDGE('',*,*,#1153,.T.);
#492=ORIENTED_EDGE('',*,*,#1154,.T.);
#493=ORIENTED_EDGE('',*,*,#1016,.F.);
#494=ORIENTED_EDGE('',*,*,#1155,.T.);
#495=ORIENTED_EDGE('',*,*,#1000,.F.);
#496=ORIENTED_EDGE('',*,*,#1156,.T.);
#497=ORIENTED_EDGE('',*,*,#1006,.F.);
#498=ORIENTED_EDGE('',*,*,#1157,.T.);
#499=ORIENTED_EDGE('',*,*,#1010,.F.);
#500=ORIENTED_EDGE('',*,*,#1158,.T.);
#501=ORIENTED_EDGE('',*,*,#1159,.T.);
#502=ORIENTED_EDGE('',*,*,#1160,.T.);
#503=ORIENTED_EDGE('',*,*,#1161,.T.);
#504=ORIENTED_EDGE('',*,*,#1162,.T.);
#505=ORIENTED_EDGE('',*,*,#1163,.T.);
#506=ORIENTED_EDGE('',*,*,#1164,.T.);
#507=ORIENTED_EDGE('',*,*,#1165,.T.);
#508=ORIENTED_EDGE('',*,*,#1166,.T.);
#509=ORIENTED_EDGE('',*,*,#1095,.F.);
#510=ORIENTED_EDGE('',*,*,#1167,.T.);
#511=ORIENTED_EDGE('',*,*,#1046,.F.);
#512=ORIENTED_EDGE('',*,*,#1061,.F.);
#513=ORIENTED_EDGE('',*,*,#1030,.F.);
#514=ORIENTED_EDGE('',*,*,#1168,.T.);
#515=ORIENTED_EDGE('',*,*,#1090,.F.);
#516=ORIENTED_EDGE('',*,*,#1065,.F.);
#517=ORIENTED_EDGE('',*,*,#1070,.F.);
#518=ORIENTED_EDGE('',*,*,#1169,.T.);
#519=ORIENTED_EDGE('',*,*,#1170,.T.);
#520=ORIENTED_EDGE('',*,*,#1093,.F.);
#521=ORIENTED_EDGE('',*,*,#1059,.F.);
#522=ORIENTED_EDGE('',*,*,#1092,.F.);
#523=ORIENTED_EDGE('',*,*,#1171,.T.);
#524=ORIENTED_EDGE('',*,*,#1068,.F.);
#525=ORIENTED_EDGE('',*,*,#1067,.F.);
#526=ORIENTED_EDGE('',*,*,#1122,.F.);
#527=ORIENTED_EDGE('',*,*,#1172,.T.);
#528=ORIENTED_EDGE('',*,*,#1140,.F.);
#529=ORIENTED_EDGE('',*,*,#1173,.T.);
#530=ORIENTED_EDGE('',*,*,#954,.F.);
#531=ORIENTED_EDGE('',*,*,#1174,.T.);
#532=ORIENTED_EDGE('',*,*,#1120,.F.);
#533=ORIENTED_EDGE('',*,*,#1175,.T.);
#534=ORIENTED_EDGE('',*,*,#1136,.F.);
#535=ORIENTED_EDGE('',*,*,#1176,.T.);
#536=ORIENTED_EDGE('',*,*,#1125,.F.);
#537=ORIENTED_EDGE('',*,*,#1177,.T.);
#538=ORIENTED_EDGE('',*,*,#1127,.F.);
#539=ORIENTED_EDGE('',*,*,#1178,.T.);
#540=ORIENTED_EDGE('',*,*,#958,.F.);
#541=ORIENTED_EDGE('',*,*,#1179,.T.);
#542=ORIENTED_EDGE('',*,*,#1107,.F.);
#543=ORIENTED_EDGE('',*,*,#1180,.T.);
#544=ORIENTED_EDGE('',*,*,#994,.F.);
#545=ORIENTED_EDGE('',*,*,#1181,.T.);
#546=ORIENTED_EDGE('',*,*,#980,.F.);
#547=ORIENTED_EDGE('',*,*,#1182,.T.);
#548=ORIENTED_EDGE('',*,*,#1105,.F.);
#549=ORIENTED_EDGE('',*,*,#1183,.T.);
#550=ORIENTED_EDGE('',*,*,#996,.F.);
#551=ORIENTED_EDGE('',*,*,#1184,.T.);
#552=ORIENTED_EDGE('',*,*,#1096,.F.);
#553=ORIENTED_EDGE('',*,*,#1185,.T.);
#554=ORIENTED_EDGE('',*,*,#1098,.F.);
#555=ORIENTED_EDGE('',*,*,#1186,.T.);
#556=ORIENTED_EDGE('',*,*,#978,.F.);
#557=ORIENTED_EDGE('',*,*,#1187,.T.);
#558=ORIENTED_EDGE('',*,*,#1040,.F.);
#559=ORIENTED_EDGE('',*,*,#1188,.T.);
#560=ORIENTED_EDGE('',*,*,#941,.F.);
#561=ORIENTED_EDGE('',*,*,#1119,.F.);
#562=ORIENTED_EDGE('',*,*,#1104,.F.);
#563=ORIENTED_EDGE('',*,*,#1189,.T.);
#564=ORIENTED_EDGE('',*,*,#1036,.F.);
#565=ORIENTED_EDGE('',*,*,#1190,.T.);
#566=ORIENTED_EDGE('',*,*,#946,.F.);
#567=ORIENTED_EDGE('',*,*,#1116,.F.);
#568=ORIENTED_EDGE('',*,*,#1113,.F.);
#569=ORIENTED_EDGE('',*,*,#1191,.T.);
#570=ORIENTED_EDGE('',*,*,#965,.F.);
#571=ORIENTED_EDGE('',*,*,#1192,.T.);
#572=ORIENTED_EDGE('',*,*,#1159,.F.);
#573=ORIENTED_EDGE('',*,*,#1193,.T.);
#574=ORIENTED_EDGE('',*,*,#1163,.F.);
#575=ORIENTED_EDGE('',*,*,#1194,.T.);
#576=ORIENTED_EDGE('',*,*,#969,.F.);
#577=ORIENTED_EDGE('',*,*,#1195,.T.);
#578=ORIENTED_EDGE('',*,*,#1196,.T.);
#579=ORIENTED_EDGE('',*,*,#1197,.T.);
#580=ORIENTED_EDGE('',*,*,#984,.F.);
#581=ORIENTED_EDGE('',*,*,#1198,.T.);
#582=ORIENTED_EDGE('',*,*,#1165,.F.);
#583=ORIENTED_EDGE('',*,*,#1199,.T.);
#584=ORIENTED_EDGE('',*,*,#990,.F.);
#585=ORIENTED_EDGE('',*,*,#1200,.T.);
#586=ORIENTED_EDGE('',*,*,#1201,.F.);
#587=ORIENTED_EDGE('',*,*,#989,.F.);
#588=ORIENTED_EDGE('',*,*,#1202,.F.);
#589=ORIENTED_EDGE('',*,*,#953,.F.);
#590=ORIENTED_EDGE('',*,*,#1203,.T.);
#591=ORIENTED_EDGE('',*,*,#1202,.T.);
#592=ORIENTED_EDGE('',*,*,#988,.F.);
#593=ORIENTED_EDGE('',*,*,#1204,.F.);
#594=ORIENTED_EDGE('',*,*,#1174,.F.);
#595=ORIENTED_EDGE('',*,*,#1201,.T.);
#596=ORIENTED_EDGE('',*,*,#1205,.T.);
#597=ORIENTED_EDGE('',*,*,#1143,.F.);
#598=ORIENTED_EDGE('',*,*,#1206,.F.);
#599=ORIENTED_EDGE('',*,*,#1200,.F.);
#600=ORIENTED_EDGE('',*,*,#1204,.T.);
#601=ORIENTED_EDGE('',*,*,#987,.F.);
#602=ORIENTED_EDGE('',*,*,#1207,.F.);
#603=ORIENTED_EDGE('',*,*,#1121,.F.);
#604=ORIENTED_EDGE('',*,*,#1148,.F.);
#605=ORIENTED_EDGE('',*,*,#1208,.F.);
#606=ORIENTED_EDGE('',*,*,#1196,.F.);
#607=ORIENTED_EDGE('',*,*,#1206,.T.);
#608=ORIENTED_EDGE('',*,*,#1207,.T.);
#609=ORIENTED_EDGE('',*,*,#986,.F.);
#610=ORIENTED_EDGE('',*,*,#1209,.F.);
#611=ORIENTED_EDGE('',*,*,#1172,.F.);
#612=ORIENTED_EDGE('',*,*,#1147,.F.);
#613=ORIENTED_EDGE('',*,*,#1210,.T.);
#614=ORIENTED_EDGE('',*,*,#1211,.F.);
#615=ORIENTED_EDGE('',*,*,#1197,.F.);
#616=ORIENTED_EDGE('',*,*,#1208,.T.);
#617=ORIENTED_EDGE('',*,*,#1209,.T.);
#618=ORIENTED_EDGE('',*,*,#985,.F.);
#619=ORIENTED_EDGE('',*,*,#1211,.T.);
#620=ORIENTED_EDGE('',*,*,#1212,.T.);
#621=ORIENTED_EDGE('',*,*,#1129,.F.);
#622=ORIENTED_EDGE('',*,*,#1213,.F.);
#623=ORIENTED_EDGE('',*,*,#960,.F.);
#624=ORIENTED_EDGE('',*,*,#1214,.F.);
#625=ORIENTED_EDGE('',*,*,#1194,.F.);
#626=ORIENTED_EDGE('',*,*,#1214,.T.);
#627=ORIENTED_EDGE('',*,*,#959,.F.);
#628=ORIENTED_EDGE('',*,*,#1215,.F.);
#629=ORIENTED_EDGE('',*,*,#970,.F.);
#630=ORIENTED_EDGE('',*,*,#1213,.T.);
#631=ORIENTED_EDGE('',*,*,#1162,.F.);
#632=ORIENTED_EDGE('',*,*,#1216,.F.);
#633=ORIENTED_EDGE('',*,*,#1151,.F.);
#634=ORIENTED_EDGE('',*,*,#1217,.T.);
#635=ORIENTED_EDGE('',*,*,#961,.F.);
#636=ORIENTED_EDGE('',*,*,#1215,.T.);
#637=ORIENTED_EDGE('',*,*,#1178,.F.);
#638=ORIENTED_EDGE('',*,*,#1218,.F.);
#639=ORIENTED_EDGE('',*,*,#971,.F.);
#640=ORIENTED_EDGE('',*,*,#1216,.T.);
#641=ORIENTED_EDGE('',*,*,#1161,.F.);
#642=ORIENTED_EDGE('',*,*,#1219,.F.);
#643=ORIENTED_EDGE('',*,*,#1152,.F.);
#644=ORIENTED_EDGE('',*,*,#1218,.T.);
#645=ORIENTED_EDGE('',*,*,#1126,.F.);
#646=ORIENTED_EDGE('',*,*,#1220,.F.);
#647=ORIENTED_EDGE('',*,*,#972,.F.);
#648=ORIENTED_EDGE('',*,*,#1219,.T.);
#649=ORIENTED_EDGE('',*,*,#1160,.F.);
#650=ORIENTED_EDGE('',*,*,#1221,.F.);
#651=ORIENTED_EDGE('',*,*,#1133,.F.);
#652=ORIENTED_EDGE('',*,*,#1222,.T.);
#653=ORIENTED_EDGE('',*,*,#1153,.F.);
#654=ORIENTED_EDGE('',*,*,#1220,.T.);
#655=ORIENTED_EDGE('',*,*,#1176,.F.);
#656=ORIENTED_EDGE('',*,*,#1223,.F.);
#657=ORIENTED_EDGE('',*,*,#963,.F.);
#658=ORIENTED_EDGE('',*,*,#1221,.T.);
#659=ORIENTED_EDGE('',*,*,#1192,.F.);
#660=ORIENTED_EDGE('',*,*,#1224,.F.);
#661=ORIENTED_EDGE('',*,*,#1134,.F.);
#662=ORIENTED_EDGE('',*,*,#1223,.T.);
#663=ORIENTED_EDGE('',*,*,#1135,.F.);
#664=ORIENTED_EDGE('',*,*,#1224,.T.);
#665=ORIENTED_EDGE('',*,*,#964,.F.);
#666=ORIENTED_EDGE('',*,*,#1225,.F.);
#667=ORIENTED_EDGE('',*,*,#957,.F.);
#668=ORIENTED_EDGE('',*,*,#1226,.F.);
#669=ORIENTED_EDGE('',*,*,#1015,.F.);
#670=ORIENTED_EDGE('',*,*,#1226,.T.);
#671=ORIENTED_EDGE('',*,*,#956,.F.);
#672=ORIENTED_EDGE('',*,*,#1227,.F.);
#673=ORIENTED_EDGE('',*,*,#1155,.F.);
#674=ORIENTED_EDGE('',*,*,#1225,.T.);
#675=ORIENTED_EDGE('',*,*,#1014,.F.);
#676=ORIENTED_EDGE('',*,*,#1228,.F.);
#677=ORIENTED_EDGE('',*,*,#1179,.F.);
#678=ORIENTED_EDGE('',*,*,#1227,.T.);
#679=ORIENTED_EDGE('',*,*,#955,.F.);
#680=ORIENTED_EDGE('',*,*,#1229,.F.);
#681=ORIENTED_EDGE('',*,*,#1001,.F.);
#682=ORIENTED_EDGE('',*,*,#1228,.T.);
#683=ORIENTED_EDGE('',*,*,#1013,.F.);
#684=ORIENTED_EDGE('',*,*,#1230,.F.);
#685=ORIENTED_EDGE('',*,*,#1128,.F.);
#686=ORIENTED_EDGE('',*,*,#1229,.T.);
#687=ORIENTED_EDGE('',*,*,#1175,.F.);
#688=ORIENTED_EDGE('',*,*,#1231,.F.);
#689=ORIENTED_EDGE('',*,*,#1002,.F.);
#690=ORIENTED_EDGE('',*,*,#1230,.T.);
#691=ORIENTED_EDGE('',*,*,#1012,.F.);
#692=ORIENTED_EDGE('',*,*,#1232,.F.);
#693=ORIENTED_EDGE('',*,*,#1177,.F.);
#694=ORIENTED_EDGE('',*,*,#1231,.T.);
#695=ORIENTED_EDGE('',*,*,#1123,.F.);
#696=ORIENTED_EDGE('',*,*,#1233,.F.);
#697=ORIENTED_EDGE('',*,*,#1003,.F.);
#698=ORIENTED_EDGE('',*,*,#1232,.T.);
#699=ORIENTED_EDGE('',*,*,#1011,.F.);
#700=ORIENTED_EDGE('',*,*,#1234,.F.);
#701=ORIENTED_EDGE('',*,*,#1137,.F.);
#702=ORIENTED_EDGE('',*,*,#1233,.T.);
#703=ORIENTED_EDGE('',*,*,#1173,.F.);
#704=ORIENTED_EDGE('',*,*,#1235,.F.);
#705=ORIENTED_EDGE('',*,*,#1004,.F.);
#706=ORIENTED_EDGE('',*,*,#1234,.T.);
#707=ORIENTED_EDGE('',*,*,#1157,.F.);
#708=ORIENTED_EDGE('',*,*,#1236,.F.);
#709=ORIENTED_EDGE('',*,*,#1138,.F.);
#710=ORIENTED_EDGE('',*,*,#1235,.T.);
#711=ORIENTED_EDGE('',*,*,#1139,.F.);
#712=ORIENTED_EDGE('',*,*,#1236,.T.);
#713=ORIENTED_EDGE('',*,*,#1005,.F.);
#714=ORIENTED_EDGE('',*,*,#1145,.F.);
#715=ORIENTED_EDGE('',*,*,#1237,.T.);
#716=ORIENTED_EDGE('',*,*,#1149,.F.);
#717=ORIENTED_EDGE('',*,*,#1238,.T.);
#718=ORIENTED_EDGE('',*,*,#1239,.F.);
#719=ORIENTED_EDGE('',*,*,#1039,.F.);
#720=ORIENTED_EDGE('',*,*,#1240,.F.);
#721=ORIENTED_EDGE('',*,*,#1025,.F.);
#722=ORIENTED_EDGE('',*,*,#1240,.T.);
#723=ORIENTED_EDGE('',*,*,#1038,.F.);
#724=ORIENTED_EDGE('',*,*,#1241,.F.);
#725=ORIENTED_EDGE('',*,*,#1158,.F.);
#726=ORIENTED_EDGE('',*,*,#1239,.T.);
#727=ORIENTED_EDGE('',*,*,#1024,.F.);
#728=ORIENTED_EDGE('',*,*,#1242,.F.);
#729=ORIENTED_EDGE('',*,*,#1168,.F.);
#730=ORIENTED_EDGE('',*,*,#1241,.T.);
#731=ORIENTED_EDGE('',*,*,#1037,.F.);
#732=ORIENTED_EDGE('',*,*,#1243,.F.);
#733=ORIENTED_EDGE('',*,*,#1007,.F.);
#734=ORIENTED_EDGE('',*,*,#1242,.T.);
#735=ORIENTED_EDGE('',*,*,#1023,.F.);
#736=ORIENTED_EDGE('',*,*,#1244,.F.);
#737=ORIENTED_EDGE('',*,*,#1091,.F.);
#738=ORIENTED_EDGE('',*,*,#1243,.T.);
#739=ORIENTED_EDGE('',*,*,#1191,.F.);
#740=ORIENTED_EDGE('',*,*,#1245,.F.);
#741=ORIENTED_EDGE('',*,*,#1008,.F.);
#742=ORIENTED_EDGE('',*,*,#1244,.T.);
#743=ORIENTED_EDGE('',*,*,#1022,.F.);
#744=ORIENTED_EDGE('',*,*,#1246,.F.);
#745=ORIENTED_EDGE('',*,*,#1245,.T.);
#746=ORIENTED_EDGE('',*,*,#1112,.F.);
#747=ORIENTED_EDGE('',*,*,#1247,.F.);
#748=ORIENTED_EDGE('',*,*,#1009,.F.);
#749=ORIENTED_EDGE('',*,*,#1246,.T.);
#750=ORIENTED_EDGE('',*,*,#1056,.F.);
#751=ORIENTED_EDGE('',*,*,#1248,.F.);
#752=ORIENTED_EDGE('',*,*,#1171,.F.);
#753=ORIENTED_EDGE('',*,*,#1247,.T.);
#754=ORIENTED_EDGE('',*,*,#1111,.F.);
#755=ORIENTED_EDGE('',*,*,#1249,.F.);
#756=ORIENTED_EDGE('',*,*,#1181,.F.);
#757=ORIENTED_EDGE('',*,*,#1248,.T.);
#758=ORIENTED_EDGE('',*,*,#1055,.F.);
#759=ORIENTED_EDGE('',*,*,#1250,.F.);
#760=ORIENTED_EDGE('',*,*,#1069,.F.);
#761=ORIENTED_EDGE('',*,*,#1115,.F.);
#762=ORIENTED_EDGE('',*,*,#949,.F.);
#763=ORIENTED_EDGE('',*,*,#1251,.F.);
#764=ORIENTED_EDGE('',*,*,#1108,.F.);
#765=ORIENTED_EDGE('',*,*,#1249,.T.);
#766=ORIENTED_EDGE('',*,*,#1110,.F.);
#767=ORIENTED_EDGE('',*,*,#1250,.T.);
#768=ORIENTED_EDGE('',*,*,#1057,.F.);
#769=ORIENTED_EDGE('',*,*,#1252,.F.);
#770=ORIENTED_EDGE('',*,*,#1169,.F.);
#771=ORIENTED_EDGE('',*,*,#1251,.T.);
#772=ORIENTED_EDGE('',*,*,#948,.F.);
#773=ORIENTED_EDGE('',*,*,#1253,.F.);
#774=ORIENTED_EDGE('',*,*,#1183,.F.);
#775=ORIENTED_EDGE('',*,*,#1252,.T.);
#776=ORIENTED_EDGE('',*,*,#1020,.F.);
#777=ORIENTED_EDGE('',*,*,#1254,.F.);
#778=ORIENTED_EDGE('',*,*,#1170,.F.);
#779=ORIENTED_EDGE('',*,*,#1253,.T.);
#780=ORIENTED_EDGE('',*,*,#947,.F.);
#781=ORIENTED_EDGE('',*,*,#1255,.F.);
#782=ORIENTED_EDGE('',*,*,#981,.F.);
#783=ORIENTED_EDGE('',*,*,#1254,.T.);
#784=ORIENTED_EDGE('',*,*,#1019,.F.);
#785=ORIENTED_EDGE('',*,*,#1256,.F.);
#786=ORIENTED_EDGE('',*,*,#1094,.F.);
#787=ORIENTED_EDGE('',*,*,#1255,.T.);
#788=ORIENTED_EDGE('',*,*,#1190,.F.);
#789=ORIENTED_EDGE('',*,*,#1257,.F.);
#790=ORIENTED_EDGE('',*,*,#982,.F.);
#791=ORIENTED_EDGE('',*,*,#1256,.T.);
#792=ORIENTED_EDGE('',*,*,#1018,.F.);
#793=ORIENTED_EDGE('',*,*,#1258,.F.);
#794=ORIENTED_EDGE('',*,*,#1167,.F.);
#795=ORIENTED_EDGE('',*,*,#1257,.T.);
#796=ORIENTED_EDGE('',*,*,#1035,.F.);
#797=ORIENTED_EDGE('',*,*,#1259,.F.);
#798=ORIENTED_EDGE('',*,*,#983,.F.);
#799=ORIENTED_EDGE('',*,*,#1258,.T.);
#800=ORIENTED_EDGE('',*,*,#1017,.F.);
#801=ORIENTED_EDGE('',*,*,#1260,.F.);
#802=ORIENTED_EDGE('',*,*,#1047,.F.);
#803=ORIENTED_EDGE('',*,*,#1259,.T.);
#804=ORIENTED_EDGE('',*,*,#1034,.F.);
#805=ORIENTED_EDGE('',*,*,#1261,.F.);
#806=ORIENTED_EDGE('',*,*,#1198,.F.);
#807=ORIENTED_EDGE('',*,*,#1260,.T.);
#808=ORIENTED_EDGE('',*,*,#1156,.F.);
#809=ORIENTED_EDGE('',*,*,#1262,.F.);
#810=ORIENTED_EDGE('',*,*,#1048,.F.);
#811=ORIENTED_EDGE('',*,*,#1261,.T.);
#812=ORIENTED_EDGE('',*,*,#1033,.F.);
#813=ORIENTED_EDGE('',*,*,#1263,.F.);
#814=ORIENTED_EDGE('',*,*,#1166,.F.);
#815=ORIENTED_EDGE('',*,*,#1262,.T.);
#816=ORIENTED_EDGE('',*,*,#999,.F.);
#817=ORIENTED_EDGE('',*,*,#1264,.F.);
#818=ORIENTED_EDGE('',*,*,#1049,.F.);
#819=ORIENTED_EDGE('',*,*,#1263,.T.);
#820=ORIENTED_EDGE('',*,*,#1032,.F.);
#821=ORIENTED_EDGE('',*,*,#1265,.F.);
#822=ORIENTED_EDGE('',*,*,#1193,.F.);
#823=ORIENTED_EDGE('',*,*,#1264,.T.);
#824=ORIENTED_EDGE('',*,*,#998,.F.);
#825=ORIENTED_EDGE('',*,*,#1266,.F.);
#826=ORIENTED_EDGE('',*,*,#1188,.F.);
#827=ORIENTED_EDGE('',*,*,#1031,.F.);
#828=ORIENTED_EDGE('',*,*,#1064,.F.);
#829=ORIENTED_EDGE('',*,*,#1267,.F.);
#830=ORIENTED_EDGE('',*,*,#966,.F.);
#831=ORIENTED_EDGE('',*,*,#1265,.T.);
#832=ORIENTED_EDGE('',*,*,#1266,.T.);
#833=ORIENTED_EDGE('',*,*,#997,.F.);
#834=ORIENTED_EDGE('',*,*,#1268,.F.);
#835=ORIENTED_EDGE('',*,*,#942,.F.);
#836=ORIENTED_EDGE('',*,*,#1267,.T.);
#837=ORIENTED_EDGE('',*,*,#1063,.T.);
#838=ORIENTED_EDGE('',*,*,#1269,.F.);
#839=ORIENTED_EDGE('',*,*,#967,.F.);
#840=ORIENTED_EDGE('',*,*,#1268,.T.);
#841=ORIENTED_EDGE('',*,*,#1185,.F.);
#842=ORIENTED_EDGE('',*,*,#1270,.F.);
#843=ORIENTED_EDGE('',*,*,#943,.F.);
#844=ORIENTED_EDGE('',*,*,#1062,.T.);
#845=ORIENTED_EDGE('',*,*,#1045,.F.);
#846=ORIENTED_EDGE('',*,*,#1271,.F.);
#847=ORIENTED_EDGE('',*,*,#968,.F.);
#848=ORIENTED_EDGE('',*,*,#1269,.T.);
#849=ORIENTED_EDGE('',*,*,#1270,.T.);
#850=ORIENTED_EDGE('',*,*,#1099,.F.);
#851=ORIENTED_EDGE('',*,*,#1272,.F.);
#852=ORIENTED_EDGE('',*,*,#1101,.F.);
#853=ORIENTED_EDGE('',*,*,#1118,.F.);
#854=ORIENTED_EDGE('',*,*,#944,.F.);
#855=ORIENTED_EDGE('',*,*,#1271,.T.);
#856=ORIENTED_EDGE('',*,*,#1044,.F.);
#857=ORIENTED_EDGE('',*,*,#1273,.F.);
#858=ORIENTED_EDGE('',*,*,#1195,.F.);
#859=ORIENTED_EDGE('',*,*,#1272,.T.);
#860=ORIENTED_EDGE('',*,*,#1187,.F.);
#861=ORIENTED_EDGE('',*,*,#1274,.F.);
#862=ORIENTED_EDGE('',*,*,#1102,.F.);
#863=ORIENTED_EDGE('',*,*,#1273,.T.);
#864=ORIENTED_EDGE('',*,*,#1043,.F.);
#865=ORIENTED_EDGE('',*,*,#1275,.F.);
#866=ORIENTED_EDGE('',*,*,#1164,.F.);
#867=ORIENTED_EDGE('',*,*,#1274,.T.);
#868=ORIENTED_EDGE('',*,*,#993,.F.);
#869=ORIENTED_EDGE('',*,*,#1276,.F.);
#870=ORIENTED_EDGE('',*,*,#1103,.F.);
#871=ORIENTED_EDGE('',*,*,#1275,.T.);
#872=ORIENTED_EDGE('',*,*,#1042,.F.);
#873=ORIENTED_EDGE('',*,*,#1277,.F.);
#874=ORIENTED_EDGE('',*,*,#1199,.F.);
#875=ORIENTED_EDGE('',*,*,#1276,.T.);
#876=ORIENTED_EDGE('',*,*,#992,.F.);
#877=ORIENTED_EDGE('',*,*,#1278,.F.);
#878=ORIENTED_EDGE('',*,*,#1189,.F.);
#879=ORIENTED_EDGE('',*,*,#1277,.T.);
#880=ORIENTED_EDGE('',*,*,#1041,.F.);
#881=ORIENTED_EDGE('',*,*,#1278,.T.);
#882=ORIENTED_EDGE('',*,*,#991,.F.);
#883=ORIENTED_EDGE('',*,*,#1217,.F.);
#884=ORIENTED_EDGE('',*,*,#1150,.F.);
#885=ORIENTED_EDGE('',*,*,#1279,.F.);
#886=ORIENTED_EDGE('',*,*,#962,.F.);
#887=ORIENTED_EDGE('',*,*,#1279,.T.);
#888=ORIENTED_EDGE('',*,*,#1237,.F.);
#889=ORIENTED_EDGE('',*,*,#1280,.F.);
#890=ORIENTED_EDGE('',*,*,#951,.F.);
#891=ORIENTED_EDGE('',*,*,#1280,.T.);
#892=ORIENTED_EDGE('',*,*,#1144,.F.);
#893=ORIENTED_EDGE('',*,*,#1205,.F.);
#894=ORIENTED_EDGE('',*,*,#1203,.F.);
#895=ORIENTED_EDGE('',*,*,#952,.F.);
#896=ORIENTED_EDGE('',*,*,#1222,.F.);
#897=ORIENTED_EDGE('',*,*,#1132,.F.);
#898=ORIENTED_EDGE('',*,*,#1281,.F.);
#899=ORIENTED_EDGE('',*,*,#1154,.F.);
#900=ORIENTED_EDGE('',*,*,#1281,.T.);
#901=ORIENTED_EDGE('',*,*,#1131,.F.);
#902=ORIENTED_EDGE('',*,*,#1282,.F.);
#903=ORIENTED_EDGE('',*,*,#1238,.F.);
#904=ORIENTED_EDGE('',*,*,#1282,.T.);
#905=ORIENTED_EDGE('',*,*,#1130,.F.);
#906=ORIENTED_EDGE('',*,*,#1212,.F.);
#907=ORIENTED_EDGE('',*,*,#1210,.F.);
#908=ORIENTED_EDGE('',*,*,#1146,.F.);
#909=ORIENTED_EDGE('',*,*,#1283,.F.);
#910=ORIENTED_EDGE('',*,*,#979,.F.);
#911=ORIENTED_EDGE('',*,*,#1284,.F.);
#912=ORIENTED_EDGE('',*,*,#1086,.F.);
#913=ORIENTED_EDGE('',*,*,#1284,.T.);
#914=ORIENTED_EDGE('',*,*,#1186,.F.);
#915=ORIENTED_EDGE('',*,*,#1285,.F.);
#916=ORIENTED_EDGE('',*,*,#1087,.F.);
#917=ORIENTED_EDGE('',*,*,#1283,.T.);
#918=ORIENTED_EDGE('',*,*,#1085,.F.);
#919=ORIENTED_EDGE('',*,*,#1286,.F.);
#920=ORIENTED_EDGE('',*,*,#1182,.F.);
#921=ORIENTED_EDGE('',*,*,#1285,.T.);
#922=ORIENTED_EDGE('',*,*,#1097,.F.);
#923=ORIENTED_EDGE('',*,*,#1287,.F.);
#924=ORIENTED_EDGE('',*,*,#1088,.F.);
#925=ORIENTED_EDGE('',*,*,#1286,.T.);
#926=ORIENTED_EDGE('',*,*,#1084,.F.);
#927=ORIENTED_EDGE('',*,*,#1288,.F.);
#928=ORIENTED_EDGE('',*,*,#1106,.F.);
#929=ORIENTED_EDGE('',*,*,#1287,.T.);
#930=ORIENTED_EDGE('',*,*,#1184,.F.);
#931=ORIENTED_EDGE('',*,*,#1289,.F.);
#932=ORIENTED_EDGE('',*,*,#1081,.F.);
#933=ORIENTED_EDGE('',*,*,#1288,.T.);
#934=ORIENTED_EDGE('',*,*,#1083,.F.);
#935=ORIENTED_EDGE('',*,*,#1290,.F.);
#936=ORIENTED_EDGE('',*,*,#1180,.F.);
#937=ORIENTED_EDGE('',*,*,#1289,.T.);
#938=ORIENTED_EDGE('',*,*,#995,.F.);
#939=ORIENTED_EDGE('',*,*,#1290,.T.);
#940=ORIENTED_EDGE('',*,*,#1082,.F.);
#941=EDGE_CURVE('',#1291,#1292,#1508,.T.);
#942=EDGE_CURVE('',#1292,#1293,#1509,.T.);
#943=EDGE_CURVE('',#1293,#1294,#136,.F.);
#944=EDGE_CURVE('',#1294,#1295,#1510,.T.);
#945=EDGE_CURVE('',#1291,#1295,#137,.T.);
#946=EDGE_CURVE('',#1296,#1297,#1511,.F.);
#947=EDGE_CURVE('',#1297,#1298,#1512,.T.);
#948=EDGE_CURVE('',#1298,#1299,#138,.F.);
#949=EDGE_CURVE('',#1299,#1300,#1513,.T.);
#950=EDGE_CURVE('',#1296,#1300,#139,.T.);
#951=EDGE_CURVE('',#1301,#1302,#1514,.T.);
#952=EDGE_CURVE('',#1302,#1303,#1515,.T.);
#953=EDGE_CURVE('',#1303,#1304,#1516,.T.);
#954=EDGE_CURVE('',#1304,#1305,#1517,.F.);
#955=EDGE_CURVE('',#1305,#1306,#1518,.T.);
#956=EDGE_CURVE('',#1306,#1307,#140,.F.);
#957=EDGE_CURVE('',#1307,#1308,#1519,.T.);
#958=EDGE_CURVE('',#1308,#1309,#1520,.T.);
#959=EDGE_CURVE('',#1309,#1310,#1521,.T.);
#960=EDGE_CURVE('',#1310,#1311,#141,.T.);
#961=EDGE_CURVE('',#1311,#1312,#1522,.T.);
#962=EDGE_CURVE('',#1312,#1301,#1523,.F.);
#963=EDGE_CURVE('',#1313,#1314,#142,.F.);
#964=EDGE_CURVE('',#1314,#1315,#1524,.T.);
#965=EDGE_CURVE('',#1315,#1316,#1525,.F.);
#966=EDGE_CURVE('',#1316,#1317,#1526,.T.);
#967=EDGE_CURVE('',#1317,#1318,#143,.T.);
#968=EDGE_CURVE('',#1318,#1319,#1527,.T.);
#969=EDGE_CURVE('',#1319,#1320,#1528,.F.);
#970=EDGE_CURVE('',#1320,#1321,#1529,.T.);
#971=EDGE_CURVE('',#1321,#1322,#144,.F.);
#972=EDGE_CURVE('',#1322,#1313,#1530,.T.);
#973=EDGE_CURVE('',#1323,#1323,#145,.F.);
#974=EDGE_CURVE('',#1324,#1324,#146,.T.);
#975=EDGE_CURVE('',#1325,#1325,#147,.T.);
#976=EDGE_CURVE('',#1326,#1326,#148,.T.);
#977=EDGE_CURVE('',#1327,#1327,#149,.T.);
#978=EDGE_CURVE('',#1328,#1329,#1531,.T.);
#979=EDGE_CURVE('',#1329,#1330,#1532,.T.);
#980=EDGE_CURVE('',#1330,#1331,#1533,.F.);
#981=EDGE_CURVE('',#1331,#1332,#1534,.T.);
#982=EDGE_CURVE('',#1332,#1333,#150,.F.);
#983=EDGE_CURVE('',#1333,#1334,#1535,.T.);
#984=EDGE_CURVE('',#1334,#1335,#1536,.F.);
#985=EDGE_CURVE('',#1335,#1336,#1537,.T.);
#986=EDGE_CURVE('',#1336,#1337,#151,.F.);
#987=EDGE_CURVE('',#1337,#1338,#1538,.T.);
#988=EDGE_CURVE('',#1338,#1339,#152,.F.);
#989=EDGE_CURVE('',#1339,#1340,#1539,.T.);
#990=EDGE_CURVE('',#1340,#1341,#1540,.F.);
#991=EDGE_CURVE('',#1341,#1342,#1541,.T.);
#992=EDGE_CURVE('',#1342,#1343,#153,.F.);
#993=EDGE_CURVE('',#1343,#1328,#1542,.T.);
#994=EDGE_CURVE('',#1344,#1345,#1543,.T.);
#995=EDGE_CURVE('',#1345,#1346,#1544,.T.);
#996=EDGE_CURVE('',#1346,#1347,#1545,.F.);
#997=EDGE_CURVE('',#1347,#1348,#1546,.T.);
#998=EDGE_CURVE('',#1348,#1349,#154,.T.);
#999=EDGE_CURVE('',#1349,#1350,#1547,.T.);
#1000=EDGE_CURVE('',#1350,#1351,#1548,.T.);
#1001=EDGE_CURVE('',#1351,#1352,#1549,.T.);
#1002=EDGE_CURVE('',#1352,#1353,#155,.T.);
#1003=EDGE_CURVE('',#1353,#1354,#1550,.T.);
#1004=EDGE_CURVE('',#1354,#1355,#156,.T.);
#1005=EDGE_CURVE('',#1355,#1356,#1551,.T.);
#1006=EDGE_CURVE('',#1356,#1357,#1552,.T.);
#1007=EDGE_CURVE('',#1357,#1358,#1553,.T.);
#1008=EDGE_CURVE('',#1358,#1359,#157,.T.);
#1009=EDGE_CURVE('',#1359,#1344,#1554,.T.);
#1010=EDGE_CURVE('',#1360,#1361,#1555,.F.);
#1011=EDGE_CURVE('',#1361,#1362,#1556,.T.);
#1012=EDGE_CURVE('',#1362,#1363,#105,.T.);
#1013=EDGE_CURVE('',#1363,#1364,#1557,.T.);
#1014=EDGE_CURVE('',#1364,#1365,#106,.T.);
#1015=EDGE_CURVE('',#1365,#1366,#1558,.T.);
#1016=EDGE_CURVE('',#1366,#1367,#1559,.F.);
#1017=EDGE_CURVE('',#1367,#1368,#1560,.T.);
#1018=EDGE_CURVE('',#1368,#1369,#107,.T.);
#1019=EDGE_CURVE('',#1369,#1370,#1561,.T.);
#1020=EDGE_CURVE('',#1370,#1371,#108,.T.);
#1021=EDGE_CURVE('',#1371,#1372,#1562,.T.);
#1022=EDGE_CURVE('',#1372,#1373,#109,.T.);
#1023=EDGE_CURVE('',#1373,#1374,#1563,.T.);
#1024=EDGE_CURVE('',#1374,#1375,#110,.T.);
#1025=EDGE_CURVE('',#1375,#1360,#1564,.T.);
#1026=EDGE_CURVE('',#1376,#1376,#158,.T.);
#1027=EDGE_CURVE('',#1377,#1377,#159,.F.);
#1028=EDGE_CURVE('',#1378,#1378,#160,.T.);
#1029=EDGE_CURVE('',#1379,#1379,#161,.T.);
#1030=EDGE_CURVE('',#1380,#1381,#1565,.T.);
#1031=EDGE_CURVE('',#1381,#1382,#1566,.T.);
#1032=EDGE_CURVE('',#1382,#1383,#162,.T.);
#1033=EDGE_CURVE('',#1383,#1384,#1567,.T.);
#1034=EDGE_CURVE('',#1384,#1385,#163,.T.);
#1035=EDGE_CURVE('',#1385,#1386,#1568,.T.);
#1036=EDGE_CURVE('',#1386,#1387,#1569,.T.);
#1037=EDGE_CURVE('',#1387,#1388,#1570,.T.);
#1038=EDGE_CURVE('',#1388,#1389,#164,.F.);
#1039=EDGE_CURVE('',#1389,#1380,#1571,.T.);
#1040=EDGE_CURVE('',#1390,#1391,#1572,.F.);
#1041=EDGE_CURVE('',#1391,#1392,#1573,.T.);
#1042=EDGE_CURVE('',#1392,#1393,#165,.F.);
#1043=EDGE_CURVE('',#1393,#1394,#1574,.T.);
#1044=EDGE_CURVE('',#1394,#1395,#166,.F.);
#1045=EDGE_CURVE('',#1395,#1396,#1575,.T.);
#1046=EDGE_CURVE('',#1396,#1397,#1576,.T.);
#1047=EDGE_CURVE('',#1397,#1398,#1577,.T.);
#1048=EDGE_CURVE('',#1398,#1399,#167,.T.);
#1049=EDGE_CURVE('',#1399,#1390,#1578,.T.);
#1050=EDGE_CURVE('',#1400,#1400,#168,.F.);
#1051=EDGE_CURVE('',#1401,#1401,#169,.F.);
#1052=EDGE_CURVE('',#1402,#1402,#170,.T.);
#1053=EDGE_CURVE('',#1403,#1403,#171,.T.);
#1054=EDGE_CURVE('',#1404,#1404,#172,.T.);
#1055=EDGE_CURVE('',#1405,#1406,#173,.F.);
#1056=EDGE_CURVE('',#1406,#1372,#174,.T.);
#1057=EDGE_CURVE('',#1371,#1405,#175,.T.);
#1058=EDGE_CURVE('',#1407,#1408,#176,.T.);
#1059=EDGE_CURVE('',#1408,#1409,#177,.F.);
#1060=EDGE_CURVE('',#1409,#1410,#1579,.T.);
#1061=EDGE_CURVE('',#1410,#1396,#178,.T.);
#1062=EDGE_CURVE('',#1411,#1396,#1580,.T.);
#1063=EDGE_CURVE('',#1412,#1411,#179,.T.);
#1064=EDGE_CURVE('',#1412,#1381,#1581,.T.);
#1065=EDGE_CURVE('',#1381,#1413,#180,.T.);
#1066=EDGE_CURVE('',#1413,#1414,#1582,.T.);
#1067=EDGE_CURVE('',#1414,#1407,#181,.F.);
#1068=EDGE_CURVE('',#1407,#1415,#1583,.T.);
#1069=EDGE_CURVE('',#1415,#1416,#182,.T.);
#1070=EDGE_CURVE('',#1416,#1408,#1584,.F.);
#1071=EDGE_CURVE('',#1417,#1417,#183,.T.);
#1072=EDGE_CURVE('',#1418,#1418,#184,.T.);
#1073=EDGE_CURVE('',#1419,#1419,#185,.T.);
#1074=EDGE_CURVE('',#1420,#1420,#186,.F.);
#1075=EDGE_CURVE('',#1421,#1421,#187,.T.);
#1076=EDGE_CURVE('',#1422,#1422,#188,.T.);
#1077=EDGE_CURVE('',#1423,#1423,#189,.T.);
#1078=EDGE_CURVE('',#1424,#1424,#190,.T.);
#1079=EDGE_CURVE('',#1425,#1425,#191,.T.);
#1080=EDGE_CURVE('',#1426,#1426,#192,.T.);
#1081=EDGE_CURVE('',#1427,#1428,#193,.T.);
#1082=EDGE_CURVE('',#1428,#1429,#1585,.T.);
#1083=EDGE_CURVE('',#1429,#1430,#194,.T.);
#1084=EDGE_CURVE('',#1430,#1431,#1586,.T.);
#1085=EDGE_CURVE('',#1431,#1432,#195,.T.);
#1086=EDGE_CURVE('',#1432,#1433,#1587,.T.);
#1087=EDGE_CURVE('',#1433,#1434,#196,.T.);
#1088=EDGE_CURVE('',#1434,#1427,#1588,.T.);
#1089=EDGE_CURVE('',#1435,#1435,#197,.T.);
#1090=EDGE_CURVE('',#1413,#1436,#1589,.F.);
#1091=EDGE_CURVE('',#1436,#1437,#1590,.T.);
#1092=EDGE_CURVE('',#1437,#1414,#1591,.F.);
#1093=EDGE_CURVE('',#1409,#1438,#1592,.T.);
#1094=EDGE_CURVE('',#1438,#1439,#1593,.T.);
#1095=EDGE_CURVE('',#1439,#1410,#1594,.F.);
#1096=EDGE_CURVE('',#1440,#1441,#1595,.T.);
#1097=EDGE_CURVE('',#1441,#1442,#1596,.T.);
#1098=EDGE_CURVE('',#1442,#1443,#1597,.F.);
#1099=EDGE_CURVE('',#1443,#1440,#1598,.T.);
#1100=EDGE_CURVE('',#1444,#1445,#198,.T.);
#1101=EDGE_CURVE('',#1444,#1446,#1599,.T.);
#1102=EDGE_CURVE('',#1446,#1447,#199,.F.);
#1103=EDGE_CURVE('',#1447,#1448,#1600,.T.);
#1104=EDGE_CURVE('',#1448,#1445,#1601,.T.);
#1105=EDGE_CURVE('',#1449,#1450,#1602,.T.);
#1106=EDGE_CURVE('',#1450,#1451,#1603,.T.);
#1107=EDGE_CURVE('',#1451,#1452,#1604,.F.);
#1108=EDGE_CURVE('',#1452,#1449,#1605,.T.);
#1109=EDGE_CURVE('',#1453,#1454,#200,.T.);
#1110=EDGE_CURVE('',#1453,#1455,#1606,.T.);
#1111=EDGE_CURVE('',#1455,#1456,#201,.F.);
#1112=EDGE_CURVE('',#1456,#1457,#1607,.T.);
#1113=EDGE_CURVE('',#1457,#1454,#1608,.F.);
#1114=EDGE_CURVE('',#1458,#1458,#202,.T.);
#1115=EDGE_CURVE('',#1300,#1453,#18,.T.);
#1116=EDGE_CURVE('',#1454,#1296,#111,.T.);
#1117=EDGE_CURVE('',#1459,#1459,#203,.T.);
#1118=EDGE_CURVE('',#1295,#1444,#19,.F.);
#1119=EDGE_CURVE('',#1445,#1291,#112,.T.);
#1120=EDGE_CURVE('',#1460,#1461,#1609,.T.);
#1121=EDGE_CURVE('',#1461,#1462,#1610,.T.);
#1122=EDGE_CURVE('',#1462,#1463,#1611,.F.);
#1123=EDGE_CURVE('',#1463,#1460,#1612,.T.);
#1124=EDGE_CURVE('',#1464,#1464,#204,.T.);
#1125=EDGE_CURVE('',#1465,#1466,#1613,.T.);
#1126=EDGE_CURVE('',#1466,#1467,#1614,.T.);
#1127=EDGE_CURVE('',#1467,#1468,#1615,.F.);
#1128=EDGE_CURVE('',#1468,#1465,#1616,.T.);
#1129=EDGE_CURVE('',#1469,#1470,#1617,.T.);
#1130=EDGE_CURVE('',#1470,#1471,#1618,.F.);
#1131=EDGE_CURVE('',#1471,#1472,#1619,.T.);
#1132=EDGE_CURVE('',#1472,#1473,#1620,.T.);
#1133=EDGE_CURVE('',#1473,#1474,#1621,.T.);
#1134=EDGE_CURVE('',#1474,#1475,#205,.F.);
#1135=EDGE_CURVE('',#1475,#1476,#1622,.T.);
#1136=EDGE_CURVE('',#1476,#1477,#1623,.F.);
#1137=EDGE_CURVE('',#1477,#1478,#1624,.T.);
#1138=EDGE_CURVE('',#1478,#1479,#206,.T.);
#1139=EDGE_CURVE('',#1479,#1480,#1625,.T.);
#1140=EDGE_CURVE('',#1480,#1469,#1626,.T.);
#1141=EDGE_CURVE('',#1481,#1481,#207,.T.);
#1142=EDGE_CURVE('',#1482,#1482,#208,.T.);
#1143=EDGE_CURVE('',#1483,#1484,#113,.T.);
#1144=EDGE_CURVE('',#1484,#1485,#1627,.F.);
#1145=EDGE_CURVE('',#1485,#1486,#1628,.T.);
#1146=EDGE_CURVE('',#1486,#1487,#1629,.T.);
#1147=EDGE_CURVE('',#1487,#1488,#114,.T.);
#1148=EDGE_CURVE('',#1488,#1483,#1630,.T.);
#1149=EDGE_CURVE('',#1489,#1490,#1631,.T.);
#1150=EDGE_CURVE('',#1490,#1491,#1632,.T.);
#1151=EDGE_CURVE('',#1491,#1492,#1633,.T.);
#1152=EDGE_CURVE('',#1492,#1493,#1634,.T.);
#1153=EDGE_CURVE('',#1493,#1494,#1635,.F.);
#1154=EDGE_CURVE('',#1494,#1489,#1636,.F.);
#1155=EDGE_CURVE('',#1366,#1351,#209,.T.);
#1156=EDGE_CURVE('',#1350,#1367,#210,.F.);
#1157=EDGE_CURVE('',#1356,#1361,#211,.F.);
#1158=EDGE_CURVE('',#1360,#1357,#212,.T.);
#1159=EDGE_CURVE('',#1495,#1496,#1637,.F.);
#1160=EDGE_CURVE('',#1496,#1497,#1638,.F.);
#1161=EDGE_CURVE('',#1497,#1498,#1639,.F.);
#1162=EDGE_CURVE('',#1498,#1499,#1640,.F.);
#1163=EDGE_CURVE('',#1499,#1500,#1641,.F.);
#1164=EDGE_CURVE('',#1500,#1501,#1642,.F.);
#1165=EDGE_CURVE('',#1501,#1502,#1643,.F.);
#1166=EDGE_CURVE('',#1502,#1495,#1644,.F.);
#1167=EDGE_CURVE('',#1439,#1397,#115,.T.);
#1168=EDGE_CURVE('',#1380,#1436,#116,.T.);
#1169=EDGE_CURVE('',#1416,#1503,#213,.F.);
#1170=EDGE_CURVE('',#1503,#1438,#117,.T.);
#1171=EDGE_CURVE('',#1437,#1415,#214,.F.);
#1172=EDGE_CURVE('',#1462,#1469,#215,.T.);
#1173=EDGE_CURVE('',#1480,#1463,#216,.F.);
#1174=EDGE_CURVE('',#1304,#1461,#217,.T.);
#1175=EDGE_CURVE('',#1460,#1305,#218,.F.);
#1176=EDGE_CURVE('',#1476,#1466,#219,.T.);
#1177=EDGE_CURVE('',#1465,#1477,#118,.T.);
#1178=EDGE_CURVE('',#1467,#1309,#220,.T.);
#1179=EDGE_CURVE('',#1308,#1468,#119,.T.);
#1180=EDGE_CURVE('',#1451,#1345,#221,.F.);
#1181=EDGE_CURVE('',#1344,#1452,#222,.T.);
#1182=EDGE_CURVE('',#1330,#1450,#223,.F.);
#1183=EDGE_CURVE('',#1449,#1331,#224,.T.);
#1184=EDGE_CURVE('',#1346,#1441,#225,.F.);
#1185=EDGE_CURVE('',#1440,#1347,#226,.T.);
#1186=EDGE_CURVE('',#1442,#1329,#227,.F.);
#1187=EDGE_CURVE('',#1328,#1443,#228,.T.);
#1188=EDGE_CURVE('',#1390,#1292,#229,.F.);
#1189=EDGE_CURVE('',#1448,#1391,#230,.T.);
#1190=EDGE_CURVE('',#1386,#1297,#231,.T.);
#1191=EDGE_CURVE('',#1457,#1387,#232,.F.);
#1192=EDGE_CURVE('',#1315,#1496,#233,.T.);
#1193=EDGE_CURVE('',#1495,#1316,#234,.F.);
#1194=EDGE_CURVE('',#1499,#1320,#235,.F.);
#1195=EDGE_CURVE('',#1319,#1500,#236,.T.);
#1196=EDGE_CURVE('',#1504,#1505,#1645,.T.);
#1197=EDGE_CURVE('',#1505,#1335,#237,.T.);
#1198=EDGE_CURVE('',#1334,#1502,#238,.F.);
#1199=EDGE_CURVE('',#1501,#1341,#239,.T.);
#1200=EDGE_CURVE('',#1340,#1504,#240,.F.);
#1201=EDGE_CURVE('',#1340,#1506,#1646,.T.);
#1202=EDGE_CURVE('',#1304,#1339,#1647,.T.);
#1203=EDGE_CURVE('',#1303,#1506,#20,.T.);
#1204=EDGE_CURVE('',#1461,#1338,#1648,.T.);
#1205=EDGE_CURVE('',#1506,#1484,#120,.T.);
#1206=EDGE_CURVE('',#1504,#1483,#121,.F.);
#1207=EDGE_CURVE('',#1462,#1337,#1649,.T.);
#1208=EDGE_CURVE('',#1505,#1488,#122,.F.);
#1209=EDGE_CURVE('',#1469,#1336,#1650,.T.);
#1210=EDGE_CURVE('',#1487,#1507,#123,.T.);
#1211=EDGE_CURVE('',#1335,#1507,#1651,.T.);
#1212=EDGE_CURVE('',#1507,#1470,#21,.F.);
#1213=EDGE_CURVE('',#1311,#1499,#1652,.T.);
#1214=EDGE_CURVE('',#1320,#1310,#1653,.T.);
#1215=EDGE_CURVE('',#1321,#1309,#1654,.T.);
#1216=EDGE_CURVE('',#1492,#1498,#1655,.F.);
#1217=EDGE_CURVE('',#1491,#1312,#22,.F.);
#1218=EDGE_CURVE('',#1322,#1467,#1656,.T.);
#1219=EDGE_CURVE('',#1493,#1497,#1657,.T.);
#1220=EDGE_CURVE('',#1313,#1466,#1658,.T.);
#1221=EDGE_CURVE('',#1474,#1496,#1659,.T.);
#1222=EDGE_CURVE('',#1473,#1494,#23,.T.);
#1223=EDGE_CURVE('',#1314,#1476,#1660,.T.);
#1224=EDGE_CURVE('',#1475,#1315,#1661,.T.);
#1225=EDGE_CURVE('',#1308,#1365,#124,.F.);
#1226=EDGE_CURVE('',#1366,#1307,#1662,.T.);
#1227=EDGE_CURVE('',#1351,#1306,#1663,.T.);
#1228=EDGE_CURVE('',#1468,#1364,#125,.T.);
#1229=EDGE_CURVE('',#1352,#1305,#1664,.T.);
#1230=EDGE_CURVE('',#1465,#1363,#126,.F.);
#1231=EDGE_CURVE('',#1353,#1460,#1665,.T.);
#1232=EDGE_CURVE('',#1477,#1362,#127,.T.);
#1233=EDGE_CURVE('',#1354,#1463,#1666,.T.);
#1234=EDGE_CURVE('',#1478,#1361,#1667,.T.);
#1235=EDGE_CURVE('',#1355,#1480,#1668,.T.);
#1236=EDGE_CURVE('',#1479,#1356,#1669,.T.);
#1237=EDGE_CURVE('',#1485,#1490,#1670,.F.);
#1238=EDGE_CURVE('',#1489,#1486,#1671,.F.);
#1239=EDGE_CURVE('',#1380,#1375,#128,.F.);
#1240=EDGE_CURVE('',#1360,#1389,#1672,.T.);
#1241=EDGE_CURVE('',#1357,#1388,#1673,.T.);
#1242=EDGE_CURVE('',#1436,#1374,#129,.T.);
#1243=EDGE_CURVE('',#1358,#1387,#1674,.T.);
#1244=EDGE_CURVE('',#1437,#1373,#130,.F.);
#1245=EDGE_CURVE('',#1359,#1457,#1675,.T.);
#1246=EDGE_CURVE('',#1437,#1372,#131,.T.);
#1247=EDGE_CURVE('',#1344,#1456,#1676,.T.);
#1248=EDGE_CURVE('',#1415,#1406,#1677,.T.);
#1249=EDGE_CURVE('',#1452,#1455,#1678,.T.);
#1250=EDGE_CURVE('',#1416,#1405,#1679,.T.);
#1251=EDGE_CURVE('',#1449,#1299,#1680,.T.);
#1252=EDGE_CURVE('',#1503,#1371,#132,.T.);
#1253=EDGE_CURVE('',#1331,#1298,#1681,.T.);
#1254=EDGE_CURVE('',#1438,#1370,#133,.T.);
#1255=EDGE_CURVE('',#1332,#1297,#1682,.T.);
#1256=EDGE_CURVE('',#1439,#1369,#134,.F.);
#1257=EDGE_CURVE('',#1333,#1386,#1683,.T.);
#1258=EDGE_CURVE('',#1397,#1368,#135,.T.);
#1259=EDGE_CURVE('',#1334,#1385,#1684,.T.);
#1260=EDGE_CURVE('',#1398,#1367,#1685,.T.);
#1261=EDGE_CURVE('',#1502,#1384,#1686,.T.);
#1262=EDGE_CURVE('',#1399,#1350,#1687,.T.);
#1263=EDGE_CURVE('',#1495,#1383,#1688,.T.);
#1264=EDGE_CURVE('',#1390,#1349,#1689,.T.);
#1265=EDGE_CURVE('',#1316,#1382,#1690,.T.);
#1266=EDGE_CURVE('',#1292,#1348,#1691,.T.);
#1267=EDGE_CURVE('',#1317,#1412,#1692,.T.);
#1268=EDGE_CURVE('',#1293,#1347,#1693,.T.);
#1269=EDGE_CURVE('',#1318,#1411,#1694,.T.);
#1270=EDGE_CURVE('',#1294,#1440,#1695,.T.);
#1271=EDGE_CURVE('',#1319,#1395,#1696,.T.);
#1272=EDGE_CURVE('',#1446,#1443,#1697,.T.);
#1273=EDGE_CURVE('',#1500,#1394,#1698,.T.);
#1274=EDGE_CURVE('',#1447,#1328,#1699,.T.);
#1275=EDGE_CURVE('',#1501,#1393,#1700,.T.);
#1276=EDGE_CURVE('',#1448,#1343,#1701,.T.);
#1277=EDGE_CURVE('',#1341,#1392,#1702,.T.);
#1278=EDGE_CURVE('',#1391,#1342,#1703,.T.);
#1279=EDGE_CURVE('',#1301,#1490,#24,.F.);
#1280=EDGE_CURVE('',#1302,#1485,#25,.T.);
#1281=EDGE_CURVE('',#1489,#1472,#26,.T.);
#1282=EDGE_CURVE('',#1486,#1471,#27,.T.);
#1283=EDGE_CURVE('',#1330,#1432,#1704,.T.);
#1284=EDGE_CURVE('',#1433,#1329,#1705,.T.);
#1285=EDGE_CURVE('',#1434,#1442,#1706,.T.);
#1286=EDGE_CURVE('',#1450,#1431,#1707,.T.);
#1287=EDGE_CURVE('',#1427,#1441,#1708,.T.);
#1288=EDGE_CURVE('',#1451,#1430,#1709,.T.);
#1289=EDGE_CURVE('',#1428,#1346,#1710,.T.);
#1290=EDGE_CURVE('',#1345,#1429,#1711,.T.);
#1291=VERTEX_POINT('',#3529);
#1292=VERTEX_POINT('',#3530);
#1293=VERTEX_POINT('',#3532);
#1294=VERTEX_POINT('',#3534);
#1295=VERTEX_POINT('',#3536);
#1296=VERTEX_POINT('',#3540);
#1297=VERTEX_POINT('',#3541);
#1298=VERTEX_POINT('',#3543);
#1299=VERTEX_POINT('',#3545);
#1300=VERTEX_POINT('',#3547);
#1301=VERTEX_POINT('',#3551);
#1302=VERTEX_POINT('',#3552);
#1303=VERTEX_POINT('',#3554);
#1304=VERTEX_POINT('',#3556);
#1305=VERTEX_POINT('',#3558);
#1306=VERTEX_POINT('',#3560);
#1307=VERTEX_POINT('',#3562);
#1308=VERTEX_POINT('',#3564);
#1309=VERTEX_POINT('',#3566);
#1310=VERTEX_POINT('',#3568);
#1311=VERTEX_POINT('',#3570);
#1312=VERTEX_POINT('',#3572);
#1313=VERTEX_POINT('',#3576);
#1314=VERTEX_POINT('',#3577);
#1315=VERTEX_POINT('',#3579);
#1316=VERTEX_POINT('',#3581);
#1317=VERTEX_POINT('',#3583);
#1318=VERTEX_POINT('',#3585);
#1319=VERTEX_POINT('',#3587);
#1320=VERTEX_POINT('',#3589);
#1321=VERTEX_POINT('',#3591);
#1322=VERTEX_POINT('',#3593);
#1323=VERTEX_POINT('',#3596);
#1324=VERTEX_POINT('',#3598);
#1325=VERTEX_POINT('',#3600);
#1326=VERTEX_POINT('',#3602);
#1327=VERTEX_POINT('',#3604);
#1328=VERTEX_POINT('',#3607);
#1329=VERTEX_POINT('',#3608);
#1330=VERTEX_POINT('',#3610);
#1331=VERTEX_POINT('',#3612);
#1332=VERTEX_POINT('',#3614);
#1333=VERTEX_POINT('',#3616);
#1334=VERTEX_POINT('',#3618);
#1335=VERTEX_POINT('',#3620);
#1336=VERTEX_POINT('',#3622);
#1337=VERTEX_POINT('',#3624);
#1338=VERTEX_POINT('',#3626);
#1339=VERTEX_POINT('',#3628);
#1340=VERTEX_POINT('',#3630);
#1341=VERTEX_POINT('',#3632);
#1342=VERTEX_POINT('',#3634);
#1343=VERTEX_POINT('',#3636);
#1344=VERTEX_POINT('',#3640);
#1345=VERTEX_POINT('',#3641);
#1346=VERTEX_POINT('',#3643);
#1347=VERTEX_POINT('',#3645);
#1348=VERTEX_POINT('',#3647);
#1349=VERTEX_POINT('',#3649);
#1350=VERTEX_POINT('',#3651);
#1351=VERTEX_POINT('',#3653);
#1352=VERTEX_POINT('',#3655);
#1353=VERTEX_POINT('',#3657);
#1354=VERTEX_POINT('',#3659);
#1355=VERTEX_POINT('',#3661);
#1356=VERTEX_POINT('',#3663);
#1357=VERTEX_POINT('',#3665);
#1358=VERTEX_POINT('',#3667);
#1359=VERTEX_POINT('',#3669);
#1360=VERTEX_POINT('',#3673);
#1361=VERTEX_POINT('',#3674);
#1362=VERTEX_POINT('',#3676);
#1363=VERTEX_POINT('',#3685);
#1364=VERTEX_POINT('',#3687);
#1365=VERTEX_POINT('',#3697);
#1366=VERTEX_POINT('',#3699);
#1367=VERTEX_POINT('',#3701);
#1368=VERTEX_POINT('',#3703);
#1369=VERTEX_POINT('',#3713);
#1370=VERTEX_POINT('',#3715);
#1371=VERTEX_POINT('',#3724);
#1372=VERTEX_POINT('',#3726);
#1373=VERTEX_POINT('',#3733);
#1374=VERTEX_POINT('',#3735);
#1375=VERTEX_POINT('',#3745);
#1376=VERTEX_POINT('',#3749);
#1377=VERTEX_POINT('',#3751);
#1378=VERTEX_POINT('',#3754);
#1379=VERTEX_POINT('',#3756);
#1380=VERTEX_POINT('',#3759);
#1381=VERTEX_POINT('',#3760);
#1382=VERTEX_POINT('',#3762);
#1383=VERTEX_POINT('',#3764);
#1384=VERTEX_POINT('',#3766);
#1385=VERTEX_POINT('',#3768);
#1386=VERTEX_POINT('',#3770);
#1387=VERTEX_POINT('',#3772);
#1388=VERTEX_POINT('',#3774);
#1389=VERTEX_POINT('',#3776);
#1390=VERTEX_POINT('',#3780);
#1391=VERTEX_POINT('',#3781);
#1392=VERTEX_POINT('',#3783);
#1393=VERTEX_POINT('',#3785);
#1394=VERTEX_POINT('',#3787);
#1395=VERTEX_POINT('',#3789);
#1396=VERTEX_POINT('',#3791);
#1397=VERTEX_POINT('',#3793);
#1398=VERTEX_POINT('',#3795);
#1399=VERTEX_POINT('',#3797);
#1400=VERTEX_POINT('',#3801);
#1401=VERTEX_POINT('',#3803);
#1402=VERTEX_POINT('',#3805);
#1403=VERTEX_POINT('',#3807);
#1404=VERTEX_POINT('',#3809);
#1405=VERTEX_POINT('',#3811);
#1406=VERTEX_POINT('',#3812);
#1407=VERTEX_POINT('',#3817);
#1408=VERTEX_POINT('',#3818);
#1409=VERTEX_POINT('',#3820);
#1410=VERTEX_POINT('',#3822);
#1411=VERTEX_POINT('',#3825);
#1412=VERTEX_POINT('',#3827);
#1413=VERTEX_POINT('',#3830);
#1414=VERTEX_POINT('',#3832);
#1415=VERTEX_POINT('',#3836);
#1416=VERTEX_POINT('',#3838);
#1417=VERTEX_POINT('',#3842);
#1418=VERTEX_POINT('',#3845);
#1419=VERTEX_POINT('',#3848);
#1420=VERTEX_POINT('',#3850);
#1421=VERTEX_POINT('',#3853);
#1422=VERTEX_POINT('',#3856);
#1423=VERTEX_POINT('',#3859);
#1424=VERTEX_POINT('',#3863);
#1425=VERTEX_POINT('',#3867);
#1426=VERTEX_POINT('',#3871);
#1427=VERTEX_POINT('',#3877);
#1428=VERTEX_POINT('',#3878);
#1429=VERTEX_POINT('',#3880);
#1430=VERTEX_POINT('',#3882);
#1431=VERTEX_POINT('',#3884);
#1432=VERTEX_POINT('',#3886);
#1433=VERTEX_POINT('',#3888);
#1434=VERTEX_POINT('',#3890);
#1435=VERTEX_POINT('',#3893);
#1436=VERTEX_POINT('',#3896);
#1437=VERTEX_POINT('',#3898);
#1438=VERTEX_POINT('',#3902);
#1439=VERTEX_POINT('',#3904);
#1440=VERTEX_POINT('',#3908);
#1441=VERTEX_POINT('',#3909);
#1442=VERTEX_POINT('',#3911);
#1443=VERTEX_POINT('',#3913);
#1444=VERTEX_POINT('',#3917);
#1445=VERTEX_POINT('',#3918);
#1446=VERTEX_POINT('',#3920);
#1447=VERTEX_POINT('',#3922);
#1448=VERTEX_POINT('',#3924);
#1449=VERTEX_POINT('',#3928);
#1450=VERTEX_POINT('',#3929);
#1451=VERTEX_POINT('',#3931);
#1452=VERTEX_POINT('',#3933);
#1453=VERTEX_POINT('',#3937);
#1454=VERTEX_POINT('',#3938);
#1455=VERTEX_POINT('',#3940);
#1456=VERTEX_POINT('',#3942);
#1457=VERTEX_POINT('',#3944);
#1458=VERTEX_POINT('',#3948);
#1459=VERTEX_POINT('',#3960);
#1460=VERTEX_POINT('',#3972);
#1461=VERTEX_POINT('',#3973);
#1462=VERTEX_POINT('',#3975);
#1463=VERTEX_POINT('',#3977);
#1464=VERTEX_POINT('',#3980);
#1465=VERTEX_POINT('',#3983);
#1466=VERTEX_POINT('',#3984);
#1467=VERTEX_POINT('',#3986);
#1468=VERTEX_POINT('',#3988);
#1469=VERTEX_POINT('',#3992);
#1470=VERTEX_POINT('',#3993);
#1471=VERTEX_POINT('',#3995);
#1472=VERTEX_POINT('',#3997);
#1473=VERTEX_POINT('',#3999);
#1474=VERTEX_POINT('',#4001);
#1475=VERTEX_POINT('',#4003);
#1476=VERTEX_POINT('',#4005);
#1477=VERTEX_POINT('',#4007);
#1478=VERTEX_POINT('',#4009);
#1479=VERTEX_POINT('',#4011);
#1480=VERTEX_POINT('',#4013);
#1481=VERTEX_POINT('',#4017);
#1482=VERTEX_POINT('',#4020);
#1483=VERTEX_POINT('',#4027);
#1484=VERTEX_POINT('',#4028);
#1485=VERTEX_POINT('',#4030);
#1486=VERTEX_POINT('',#4032);
#1487=VERTEX_POINT('',#4034);
#1488=VERTEX_POINT('',#4039);
#1489=VERTEX_POINT('',#4043);
#1490=VERTEX_POINT('',#4044);
#1491=VERTEX_POINT('',#4046);
#1492=VERTEX_POINT('',#4048);
#1493=VERTEX_POINT('',#4050);
#1494=VERTEX_POINT('',#4052);
#1495=VERTEX_POINT('',#4062);
#1496=VERTEX_POINT('',#4063);
#1497=VERTEX_POINT('',#4065);
#1498=VERTEX_POINT('',#4067);
#1499=VERTEX_POINT('',#4069);
#1500=VERTEX_POINT('',#4071);
#1501=VERTEX_POINT('',#4073);
#1502=VERTEX_POINT('',#4075);
#1503=VERTEX_POINT('',#4119);
#1504=VERTEX_POINT('',#4190);
#1505=VERTEX_POINT('',#4191);
#1506=VERTEX_POINT('',#4198);
#1507=VERTEX_POINT('',#4232);
#1508=LINE('',#3528,#1712);
#1509=LINE('',#3531,#1713);
#1510=LINE('',#3535,#1714);
#1511=LINE('',#3539,#1715);
#1512=LINE('',#3542,#1716);
#1513=LINE('',#3546,#1717);
#1514=LINE('',#3550,#1718);
#1515=LINE('',#3553,#1719);
#1516=LINE('',#3555,#1720);
#1517=LINE('',#3557,#1721);
#1518=LINE('',#3559,#1722);
#1519=LINE('',#3563,#1723);
#1520=LINE('',#3565,#1724);
#1521=LINE('',#3567,#1725);
#1522=LINE('',#3571,#1726);
#1523=LINE('',#3573,#1727);
#1524=LINE('',#3578,#1728);
#1525=LINE('',#3580,#1729);
#1526=LINE('',#3582,#1730);
#1527=LINE('',#3586,#1731);
#1528=LINE('',#3588,#1732);
#1529=LINE('',#3590,#1733);
#1530=LINE('',#3594,#1734);
#1531=LINE('',#3606,#1735);
#1532=LINE('',#3609,#1736);
#1533=LINE('',#3611,#1737);
#1534=LINE('',#3613,#1738);
#1535=LINE('',#3617,#1739);
#1536=LINE('',#3619,#1740);
#1537=LINE('',#3621,#1741);
#1538=LINE('',#3625,#1742);
#1539=LINE('',#3629,#1743);
#1540=LINE('',#3631,#1744);
#1541=LINE('',#3633,#1745);
#1542=LINE('',#3637,#1746);
#1543=LINE('',#3639,#1747);
#1544=LINE('',#3642,#1748);
#1545=LINE('',#3644,#1749);
#1546=LINE('',#3646,#1750);
#1547=LINE('',#3650,#1751);
#1548=LINE('',#3652,#1752);
#1549=LINE('',#3654,#1753);
#1550=LINE('',#3658,#1754);
#1551=LINE('',#3662,#1755);
#1552=LINE('',#3664,#1756);
#1553=LINE('',#3666,#1757);
#1554=LINE('',#3670,#1758);
#1555=LINE('',#3672,#1759);
#1556=LINE('',#3675,#1760);
#1557=LINE('',#3686,#1761);
#1558=LINE('',#3698,#1762);
#1559=LINE('',#3700,#1763);
#1560=LINE('',#3702,#1764);
#1561=LINE('',#3714,#1765);
#1562=LINE('',#3725,#1766);
#1563=LINE('',#3734,#1767);
#1564=LINE('',#3746,#1768);
#1565=LINE('',#3758,#1769);
#1566=LINE('',#3761,#1770);
#1567=LINE('',#3765,#1771);
#1568=LINE('',#3769,#1772);
#1569=LINE('',#3771,#1773);
#1570=LINE('',#3773,#1774);
#1571=LINE('',#3777,#1775);
#1572=LINE('',#3779,#1776);
#1573=LINE('',#3782,#1777);
#1574=LINE('',#3786,#1778);
#1575=LINE('',#3790,#1779);
#1576=LINE('',#3792,#1780);
#1577=LINE('',#3794,#1781);
#1578=LINE('',#3798,#1782);
#1579=LINE('',#3821,#1783);
#1580=LINE('',#3824,#1784);
#1581=LINE('',#3828,#1785);
#1582=LINE('',#3831,#1786);
#1583=LINE('',#3835,#1787);
#1584=LINE('',#3839,#1788);
#1585=LINE('',#3879,#1789);
#1586=LINE('',#3883,#1790);
#1587=LINE('',#3887,#1791);
#1588=LINE('',#3891,#1792);
#1589=LINE('',#3895,#1793);
#1590=LINE('',#3897,#1794);
#1591=LINE('',#3899,#1795);
#1592=LINE('',#3901,#1796);
#1593=LINE('',#3903,#1797);
#1594=LINE('',#3905,#1798);
#1595=LINE('',#3907,#1799);
#1596=LINE('',#3910,#1800);
#1597=LINE('',#3912,#1801);
#1598=LINE('',#3914,#1802);
#1599=LINE('',#3919,#1803);
#1600=LINE('',#3923,#1804);
#1601=LINE('',#3925,#1805);
#1602=LINE('',#3927,#1806);
#1603=LINE('',#3930,#1807);
#1604=LINE('',#3932,#1808);
#1605=LINE('',#3934,#1809);
#1606=LINE('',#3939,#1810);
#1607=LINE('',#3943,#1811);
#1608=LINE('',#3945,#1812);
#1609=LINE('',#3971,#1813);
#1610=LINE('',#3974,#1814);
#1611=LINE('',#3976,#1815);
#1612=LINE('',#3978,#1816);
#1613=LINE('',#3982,#1817);
#1614=LINE('',#3985,#1818);
#1615=LINE('',#3987,#1819);
#1616=LINE('',#3989,#1820);
#1617=LINE('',#3991,#1821);
#1618=LINE('',#3994,#1822);
#1619=LINE('',#3996,#1823);
#1620=LINE('',#3998,#1824);
#1621=LINE('',#4000,#1825);
#1622=LINE('',#4004,#1826);
#1623=LINE('',#4006,#1827);
#1624=LINE('',#4008,#1828);
#1625=LINE('',#4012,#1829);
#1626=LINE('',#4014,#1830);
#1627=LINE('',#4029,#1831);
#1628=LINE('',#4031,#1832);
#1629=LINE('',#4033,#1833);
#1630=LINE('',#4040,#1834);
#1631=LINE('',#4042,#1835);
#1632=LINE('',#4045,#1836);
#1633=LINE('',#4047,#1837);
#1634=LINE('',#4049,#1838);
#1635=LINE('',#4051,#1839);
#1636=LINE('',#4053,#1840);
#1637=LINE('',#4061,#1841);
#1638=LINE('',#4064,#1842);
#1639=LINE('',#4066,#1843);
#1640=LINE('',#4068,#1844);
#1641=LINE('',#4070,#1845);
#1642=LINE('',#4072,#1846);
#1643=LINE('',#4074,#1847);
#1644=LINE('',#4076,#1848);
#1645=LINE('',#4189,#1849);
#1646=LINE('',#4197,#1850);
#1647=LINE('',#4199,#1851);
#1648=LINE('',#4202,#1852);
#1649=LINE('',#4216,#1853);
#1650=LINE('',#4223,#1854);
#1651=LINE('',#4233,#1855);
#1652=LINE('',#4237,#1856);
#1653=LINE('',#4238,#1857);
#1654=LINE('',#4240,#1858);
#1655=LINE('',#4242,#1859);
#1656=LINE('',#4245,#1860);
#1657=LINE('',#4247,#1861);
#1658=LINE('',#4249,#1862);
#1659=LINE('',#4251,#1863);
#1660=LINE('',#4254,#1864);
#1661=LINE('',#4256,#1865);
#1662=LINE('',#4263,#1866);
#1663=LINE('',#4265,#1867);
#1664=LINE('',#4303,#1868);
#1665=LINE('',#4310,#1869);
#1666=LINE('',#4348,#1870);
#1667=LINE('',#4350,#1871);
#1668=LINE('',#4352,#1872);
#1669=LINE('',#4354,#1873);
#1670=LINE('',#4357,#1874);
#1671=LINE('',#4358,#1875);
#1672=LINE('',#4364,#1876);
#1673=LINE('',#4366,#1877);
#1674=LINE('',#4408,#1878);
#1675=LINE('',#4415,#1879);
#1676=LINE('',#4447,#1880);
#1677=LINE('',#4449,#1881);
#1678=LINE('',#4451,#1882);
#1679=LINE('',#4453,#1883);
#1680=LINE('',#4455,#1884);
#1681=LINE('',#4473,#1885);
#1682=LINE('',#4519,#1886);
#1683=LINE('',#4526,#1887);
#1684=LINE('',#4576,#1888);
#1685=LINE('',#4578,#1889);
#1686=LINE('',#4580,#1890);
#1687=LINE('',#4582,#1891);
#1688=LINE('',#4584,#1892);
#1689=LINE('',#4586,#1893);
#1690=LINE('',#4588,#1894);
#1691=LINE('',#4590,#1895);
#1692=LINE('',#4592,#1896);
#1693=LINE('',#4594,#1897);
#1694=LINE('',#4596,#1898);
#1695=LINE('',#4598,#1899);
#1696=LINE('',#4600,#1900);
#1697=LINE('',#4602,#1901);
#1698=LINE('',#4604,#1902);
#1699=LINE('',#4606,#1903);
#1700=LINE('',#4608,#1904);
#1701=LINE('',#4610,#1905);
#1702=LINE('',#4612,#1906);
#1703=LINE('',#4614,#1907);
#1704=LINE('',#4627,#1908);
#1705=LINE('',#4628,#1909);
#1706=LINE('',#4630,#1910);
#1707=LINE('',#4632,#1911);
#1708=LINE('',#4634,#1912);
#1709=LINE('',#4636,#1913);
#1710=LINE('',#4638,#1914);
#1711=LINE('',#4640,#1915);
#1712=VECTOR('',#2800,1.);
#1713=VECTOR('',#2801,1.);
#1714=VECTOR('',#2804,1.);
#1715=VECTOR('',#2809,1.);
#1716=VECTOR('',#2810,1.);
#1717=VECTOR('',#2813,1.);
#1718=VECTOR('',#2818,1.);
#1719=VECTOR('',#2819,1.);
#1720=VECTOR('',#2820,1.);
#1721=VECTOR('',#2821,1.);
#1722=VECTOR('',#2822,1.);
#1723=VECTOR('',#2825,1.);
#1724=VECTOR('',#2826,1.);
#1725=VECTOR('',#2827,1.);
#1726=VECTOR('',#2830,1.);
#1727=VECTOR('',#2831,1.);
#1728=VECTOR('',#2836,1.);
#1729=VECTOR('',#2837,1.);
#1730=VECTOR('',#2838,1.);
#1731=VECTOR('',#2841,1.);
#1732=VECTOR('',#2842,1.);
#1733=VECTOR('',#2843,1.);
#1734=VECTOR('',#2846,1.);
#1735=VECTOR('',#2859,1.);
#1736=VECTOR('',#2860,1.);
#1737=VECTOR('',#2861,1.);
#1738=VECTOR('',#2862,1.);
#1739=VECTOR('',#2865,1.);
#1740=VECTOR('',#2866,1.);
#1741=VECTOR('',#2867,1.);
#1742=VECTOR('',#2870,1.);
#1743=VECTOR('',#2873,1.);
#1744=VECTOR('',#2874,1.);
#1745=VECTOR('',#2875,1.);
#1746=VECTOR('',#2878,1.);
#1747=VECTOR('',#2881,1.);
#1748=VECTOR('',#2882,1.);
#1749=VECTOR('',#2883,1.);
#1750=VECTOR('',#2884,1.);
#1751=VECTOR('',#2887,1.);
#1752=VECTOR('',#2888,1.);
#1753=VECTOR('',#2889,1.);
#1754=VECTOR('',#2892,1.);
#1755=VECTOR('',#2895,1.);
#1756=VECTOR('',#2896,1.);
#1757=VECTOR('',#2897,1.);
#1758=VECTOR('',#2900,1.);
#1759=VECTOR('',#2903,1.);
#1760=VECTOR('',#2904,1.);
#1761=VECTOR('',#2905,1.);
#1762=VECTOR('',#2906,1.);
#1763=VECTOR('',#2907,1.);
#1764=VECTOR('',#2908,1.);
#1765=VECTOR('',#2909,1.);
#1766=VECTOR('',#2910,1.);
#1767=VECTOR('',#2911,1.);
#1768=VECTOR('',#2912,1.);
#1769=VECTOR('',#2927,1.);
#1770=VECTOR('',#2928,1.);
#1771=VECTOR('',#2931,1.);
#1772=VECTOR('',#2934,1.);
#1773=VECTOR('',#2935,1.);
#1774=VECTOR('',#2936,1.);
#1775=VECTOR('',#2939,1.);
#1776=VECTOR('',#2942,1.);
#1777=VECTOR('',#2943,1.);
#1778=VECTOR('',#2946,1.);
#1779=VECTOR('',#2949,1.);
#1780=VECTOR('',#2950,1.);
#1781=VECTOR('',#2951,1.);
#1782=VECTOR('',#2954,1.);
#1783=VECTOR('',#2979,1.);
#1784=VECTOR('',#2982,1.);
#1785=VECTOR('',#2985,1.);
#1786=VECTOR('',#2988,1.);
#1787=VECTOR('',#2993,1.);
#1788=VECTOR('',#2996,1.);
#1789=VECTOR('',#3051,1.);
#1790=VECTOR('',#3054,1.);
#1791=VECTOR('',#3057,1.);
#1792=VECTOR('',#3060,1.);
#1793=VECTOR('',#3065,1.);
#1794=VECTOR('',#3066,1.);
#1795=VECTOR('',#3067,1.);
#1796=VECTOR('',#3070,1.);
#1797=VECTOR('',#3071,1.);
#1798=VECTOR('',#3072,1.);
#1799=VECTOR('',#3075,1.);
#1800=VECTOR('',#3076,1.);
#1801=VECTOR('',#3077,1.);
#1802=VECTOR('',#3078,1.);
#1803=VECTOR('',#3083,1.);
#1804=VECTOR('',#3086,1.);
#1805=VECTOR('',#3087,1.);
#1806=VECTOR('',#3090,1.);
#1807=VECTOR('',#3091,1.);
#1808=VECTOR('',#3092,1.);
#1809=VECTOR('',#3093,1.);
#1810=VECTOR('',#3098,1.);
#1811=VECTOR('',#3101,1.);
#1812=VECTOR('',#3102,1.);
#1813=VECTOR('',#3121,1.);
#1814=VECTOR('',#3122,1.);
#1815=VECTOR('',#3123,1.);
#1816=VECTOR('',#3124,1.);
#1817=VECTOR('',#3129,1.);
#1818=VECTOR('',#3130,1.);
#1819=VECTOR('',#3131,1.);
#1820=VECTOR('',#3132,1.);
#1821=VECTOR('',#3135,1.);
#1822=VECTOR('',#3136,1.);
#1823=VECTOR('',#3137,1.);
#1824=VECTOR('',#3138,1.);
#1825=VECTOR('',#3139,1.);
#1826=VECTOR('',#3142,1.);
#1827=VECTOR('',#3143,1.);
#1828=VECTOR('',#3144,1.);
#1829=VECTOR('',#3147,1.);
#1830=VECTOR('',#3148,1.);
#1831=VECTOR('',#3161,1.);
#1832=VECTOR('',#3162,1.);
#1833=VECTOR('',#3163,1.);
#1834=VECTOR('',#3164,1.);
#1835=VECTOR('',#3167,1.);
#1836=VECTOR('',#3168,1.);
#1837=VECTOR('',#3169,1.);
#1838=VECTOR('',#3170,1.);
#1839=VECTOR('',#3171,1.);
#1840=VECTOR('',#3172,1.);
#1841=VECTOR('',#3187,1.);
#1842=VECTOR('',#3188,1.);
#1843=VECTOR('',#3189,1.);
#1844=VECTOR('',#3190,1.);
#1845=VECTOR('',#3191,1.);
#1846=VECTOR('',#3192,1.);
#1847=VECTOR('',#3193,1.);
#1848=VECTOR('',#3194,1.);
#1849=VECTOR('',#3277,1.);
#1850=VECTOR('',#3288,1.);
#1851=VECTOR('',#3289,1.);
#1852=VECTOR('',#3294,1.);
#1853=VECTOR('',#3299,1.);
#1854=VECTOR('',#3304,1.);
#1855=VECTOR('',#3307,1.);
#1856=VECTOR('',#3314,1.);
#1857=VECTOR('',#3315,1.);
#1858=VECTOR('',#3318,1.);
#1859=VECTOR('',#3321,1.);
#1860=VECTOR('',#3326,1.);
#1861=VECTOR('',#3329,1.);
#1862=VECTOR('',#3332,1.);
#1863=VECTOR('',#3335,1.);
#1864=VECTOR('',#3340,1.);
#1865=VECTOR('',#3343,1.);
#1866=VECTOR('',#3348,1.);
#1867=VECTOR('',#3351,1.);
#1868=VECTOR('',#3354,1.);
#1869=VECTOR('',#3359,1.);
#1870=VECTOR('',#3362,1.);
#1871=VECTOR('',#3365,1.);
#1872=VECTOR('',#3368,1.);
#1873=VECTOR('',#3371,1.);
#1874=VECTOR('',#3376,1.);
#1875=VECTOR('',#3377,1.);
#1876=VECTOR('',#3380,1.);
#1877=VECTOR('',#3383,1.);
#1878=VECTOR('',#3386,1.);
#1879=VECTOR('',#3391,1.);
#1880=VECTOR('',#3394,1.);
#1881=VECTOR('',#3397,1.);
#1882=VECTOR('',#3400,1.);
#1883=VECTOR('',#3403,1.);
#1884=VECTOR('',#3406,1.);
#1885=VECTOR('',#3411,1.);
#1886=VECTOR('',#3414,1.);
#1887=VECTOR('',#3419,1.);
#1888=VECTOR('',#3422,1.);
#1889=VECTOR('',#3425,1.);
#1890=VECTOR('',#3428,1.);
#1891=VECTOR('',#3431,1.);
#1892=VECTOR('',#3434,1.);
#1893=VECTOR('',#3437,1.);
#1894=VECTOR('',#3440,1.);
#1895=VECTOR('',#3443,1.);
#1896=VECTOR('',#3446,1.);
#1897=VECTOR('',#3449,1.);
#1898=VECTOR('',#3452,1.);
#1899=VECTOR('',#3455,1.);
#1900=VECTOR('',#3458,1.);
#1901=VECTOR('',#3461,1.);
#1902=VECTOR('',#3464,1.);
#1903=VECTOR('',#3467,1.);
#1904=VECTOR('',#3470,1.);
#1905=VECTOR('',#3473,1.);
#1906=VECTOR('',#3476,1.);
#1907=VECTOR('',#3479,1.);
#1908=VECTOR('',#3504,1.);
#1909=VECTOR('',#3505,1.);
#1910=VECTOR('',#3508,1.);
#1911=VECTOR('',#3511,1.);
#1912=VECTOR('',#3514,1.);
#1913=VECTOR('',#3517,1.);
#1914=VECTOR('',#3520,1.);
#1915=VECTOR('',#3523,1.);
#1916=EDGE_LOOP('',(#241,#242,#243,#244,#245));
#1917=EDGE_LOOP('',(#246,#247,#248,#249,#250));
#1918=EDGE_LOOP('',(#251,#252,#253,#254,#255,#256,#257,#258,#259,#260,#261,
#262));
#1919=EDGE_LOOP('',(#263,#264,#265,#266,#267,#268,#269,#270,#271,#272));
#1920=EDGE_LOOP('',(#273));
#1921=EDGE_LOOP('',(#274));
#1922=EDGE_LOOP('',(#275));
#1923=EDGE_LOOP('',(#276));
#1924=EDGE_LOOP('',(#277));
#1925=EDGE_LOOP('',(#278,#279,#280,#281,#282,#283,#284,#285,#286,#287,#288,
#289,#290,#291,#292,#293));
#1926=EDGE_LOOP('',(#294,#295,#296,#297,#298,#299,#300,#301,#302,#303,#304,
#305,#306,#307,#308,#309));
#1927=EDGE_LOOP('',(#310,#311,#312,#313,#314,#315,#316,#317,#318,#319,#320,
#321,#322,#323,#324,#325));
#1928=EDGE_LOOP('',(#326));
#1929=EDGE_LOOP('',(#327));
#1930=EDGE_LOOP('',(#328));
#1931=EDGE_LOOP('',(#329));
#1932=EDGE_LOOP('',(#330,#331,#332,#333,#334,#335,#336,#337,#338,#339));
#1933=EDGE_LOOP('',(#340,#341,#342,#343,#344,#345,#346,#347,#348,#349));
#1934=EDGE_LOOP('',(#350));
#1935=EDGE_LOOP('',(#351));
#1936=EDGE_LOOP('',(#352));
#1937=EDGE_LOOP('',(#353));
#1938=EDGE_LOOP('',(#354));
#1939=EDGE_LOOP('',(#355,#356,#357,#358));
#1940=EDGE_LOOP('',(#359,#360,#361,#362,#363,#364,#365,#366,#367,#368));
#1941=EDGE_LOOP('',(#369,#370,#371,#372));
#1942=EDGE_LOOP('',(#373));
#1943=EDGE_LOOP('',(#374));
#1944=EDGE_LOOP('',(#375));
#1945=EDGE_LOOP('',(#376));
#1946=EDGE_LOOP('',(#377));
#1947=EDGE_LOOP('',(#378));
#1948=EDGE_LOOP('',(#379));
#1949=EDGE_LOOP('',(#380));
#1950=EDGE_LOOP('',(#381));
#1951=EDGE_LOOP('',(#382));
#1952=EDGE_LOOP('',(#383));
#1953=EDGE_LOOP('',(#384));
#1954=EDGE_LOOP('',(#385));
#1955=EDGE_LOOP('',(#386));
#1956=EDGE_LOOP('',(#387));
#1957=EDGE_LOOP('',(#388));
#1958=EDGE_LOOP('',(#389));
#1959=EDGE_LOOP('',(#390));
#1960=EDGE_LOOP('',(#391));
#1961=EDGE_LOOP('',(#392));
#1962=EDGE_LOOP('',(#393));
#1963=EDGE_LOOP('',(#394));
#1964=EDGE_LOOP('',(#395));
#1965=EDGE_LOOP('',(#396));
#1966=EDGE_LOOP('',(#397));
#1967=EDGE_LOOP('',(#398));
#1968=EDGE_LOOP('',(#399));
#1969=EDGE_LOOP('',(#400));
#1970=EDGE_LOOP('',(#401));
#1971=EDGE_LOOP('',(#402));
#1972=EDGE_LOOP('',(#403,#404,#405,#406,#407,#408,#409,#410));
#1973=EDGE_LOOP('',(#411));
#1974=EDGE_LOOP('',(#412));
#1975=EDGE_LOOP('',(#413));
#1976=EDGE_LOOP('',(#414,#415,#416,#417));
#1977=EDGE_LOOP('',(#418,#419,#420,#421));
#1978=EDGE_LOOP('',(#422,#423,#424,#425));
#1979=EDGE_LOOP('',(#426,#427,#428,#429,#430));
#1980=EDGE_LOOP('',(#431,#432,#433,#434));
#1981=EDGE_LOOP('',(#435,#436,#437,#438,#439));
#1982=EDGE_LOOP('',(#440));
#1983=EDGE_LOOP('',(#441,#442,#443,#444));
#1984=EDGE_LOOP('',(#445));
#1985=EDGE_LOOP('',(#446));
#1986=EDGE_LOOP('',(#447));
#1987=EDGE_LOOP('',(#448));
#1988=EDGE_LOOP('',(#449));
#1989=EDGE_LOOP('',(#450,#451,#452,#453));
#1990=EDGE_LOOP('',(#454,#455,#456,#457));
#1991=EDGE_LOOP('',(#458));
#1992=EDGE_LOOP('',(#459,#460,#461,#462));
#1993=EDGE_LOOP('',(#463,#464,#465,#466,#467,#468,#469,#470,#471,#472,#473,
#474));
#1994=EDGE_LOOP('',(#475));
#1995=EDGE_LOOP('',(#476));
#1996=EDGE_LOOP('',(#477));
#1997=EDGE_LOOP('',(#478));
#1998=EDGE_LOOP('',(#479));
#1999=EDGE_LOOP('',(#480));
#2000=EDGE_LOOP('',(#481,#482,#483,#484,#485,#486));
#2001=EDGE_LOOP('',(#487,#488,#489,#490,#491,#492));
#2002=EDGE_LOOP('',(#493,#494,#495,#496));
#2003=EDGE_LOOP('',(#497,#498,#499,#500));
#2004=EDGE_LOOP('',(#501,#502,#503,#504,#505,#506,#507,#508));
#2005=EDGE_LOOP('',(#509,#510,#511,#512));
#2006=EDGE_LOOP('',(#513,#514,#515,#516));
#2007=EDGE_LOOP('',(#517,#518,#519,#520,#521));
#2008=EDGE_LOOP('',(#522,#523,#524,#525));
#2009=EDGE_LOOP('',(#526,#527,#528,#529));
#2010=EDGE_LOOP('',(#530,#531,#532,#533));
#2011=EDGE_LOOP('',(#534,#535,#536,#537));
#2012=EDGE_LOOP('',(#538,#539,#540,#541));
#2013=EDGE_LOOP('',(#542,#543,#544,#545));
#2014=EDGE_LOOP('',(#546,#547,#548,#549));
#2015=EDGE_LOOP('',(#550,#551,#552,#553));
#2016=EDGE_LOOP('',(#554,#555,#556,#557));
#2017=EDGE_LOOP('',(#558,#559,#560,#561,#562,#563));
#2018=EDGE_LOOP('',(#564,#565,#566,#567,#568,#569));
#2019=EDGE_LOOP('',(#570,#571,#572,#573));
#2020=EDGE_LOOP('',(#574,#575,#576,#577));
#2021=EDGE_LOOP('',(#578,#579,#580,#581,#582,#583,#584,#585));
#2022=EDGE_LOOP('',(#586,#587,#588,#589,#590));
#2023=EDGE_LOOP('',(#591,#592,#593,#594));
#2024=EDGE_LOOP('',(#595,#596,#597,#598,#599));
#2025=EDGE_LOOP('',(#600,#601,#602,#603));
#2026=EDGE_LOOP('',(#604,#605,#606,#607));
#2027=EDGE_LOOP('',(#608,#609,#610,#611));
#2028=EDGE_LOOP('',(#612,#613,#614,#615,#616));
#2029=EDGE_LOOP('',(#617,#618,#619,#620,#621));
#2030=EDGE_LOOP('',(#622,#623,#624,#625));
#2031=EDGE_LOOP('',(#626,#627,#628,#629));
#2032=EDGE_LOOP('',(#630,#631,#632,#633,#634,#635));
#2033=EDGE_LOOP('',(#636,#637,#638,#639));
#2034=EDGE_LOOP('',(#640,#641,#642,#643));
#2035=EDGE_LOOP('',(#644,#645,#646,#647));
#2036=EDGE_LOOP('',(#648,#649,#650,#651,#652,#653));
#2037=EDGE_LOOP('',(#654,#655,#656,#657));
#2038=EDGE_LOOP('',(#658,#659,#660,#661));
#2039=EDGE_LOOP('',(#662,#663,#664,#665));
#2040=EDGE_LOOP('',(#666,#667,#668,#669));
#2041=EDGE_LOOP('',(#670,#671,#672,#673));
#2042=EDGE_LOOP('',(#674,#675,#676,#677));
#2043=EDGE_LOOP('',(#678,#679,#680,#681));
#2044=EDGE_LOOP('',(#682,#683,#684,#685));
#2045=EDGE_LOOP('',(#686,#687,#688,#689));
#2046=EDGE_LOOP('',(#690,#691,#692,#693));
#2047=EDGE_LOOP('',(#694,#695,#696,#697));
#2048=EDGE_LOOP('',(#698,#699,#700,#701));
#2049=EDGE_LOOP('',(#702,#703,#704,#705));
#2050=EDGE_LOOP('',(#706,#707,#708,#709));
#2051=EDGE_LOOP('',(#710,#711,#712,#713));
#2052=EDGE_LOOP('',(#714,#715,#716,#717));
#2053=EDGE_LOOP('',(#718,#719,#720,#721));
#2054=EDGE_LOOP('',(#722,#723,#724,#725));
#2055=EDGE_LOOP('',(#726,#727,#728,#729));
#2056=EDGE_LOOP('',(#730,#731,#732,#733));
#2057=EDGE_LOOP('',(#734,#735,#736,#737));
#2058=EDGE_LOOP('',(#738,#739,#740,#741));
#2059=EDGE_LOOP('',(#742,#743,#744));
#2060=EDGE_LOOP('',(#745,#746,#747,#748));
#2061=EDGE_LOOP('',(#749,#750,#751,#752));
#2062=EDGE_LOOP('',(#753,#754,#755,#756));
#2063=EDGE_LOOP('',(#757,#758,#759,#760));
#2064=EDGE_LOOP('',(#761,#762,#763,#764,#765,#766));
#2065=EDGE_LOOP('',(#767,#768,#769,#770));
#2066=EDGE_LOOP('',(#771,#772,#773,#774));
#2067=EDGE_LOOP('',(#775,#776,#777,#778));
#2068=EDGE_LOOP('',(#779,#780,#781,#782));
#2069=EDGE_LOOP('',(#783,#784,#785,#786));
#2070=EDGE_LOOP('',(#787,#788,#789,#790));
#2071=EDGE_LOOP('',(#791,#792,#793,#794));
#2072=EDGE_LOOP('',(#795,#796,#797,#798));
#2073=EDGE_LOOP('',(#799,#800,#801,#802));
#2074=EDGE_LOOP('',(#803,#804,#805,#806));
#2075=EDGE_LOOP('',(#807,#808,#809,#810));
#2076=EDGE_LOOP('',(#811,#812,#813,#814));
#2077=EDGE_LOOP('',(#815,#816,#817,#818));
#2078=EDGE_LOOP('',(#819,#820,#821,#822));
#2079=EDGE_LOOP('',(#823,#824,#825,#826));
#2080=EDGE_LOOP('',(#827,#828,#829,#830,#831));
#2081=EDGE_LOOP('',(#832,#833,#834,#835));
#2082=EDGE_LOOP('',(#836,#837,#838,#839));
#2083=EDGE_LOOP('',(#840,#841,#842,#843));
#2084=EDGE_LOOP('',(#844,#845,#846,#847,#848));
#2085=EDGE_LOOP('',(#849,#850,#851,#852,#853,#854));
#2086=EDGE_LOOP('',(#855,#856,#857,#858));
#2087=EDGE_LOOP('',(#859,#860,#861,#862));
#2088=EDGE_LOOP('',(#863,#864,#865,#866));
#2089=EDGE_LOOP('',(#867,#868,#869,#870));
#2090=EDGE_LOOP('',(#871,#872,#873,#874));
#2091=EDGE_LOOP('',(#875,#876,#877,#878));
#2092=EDGE_LOOP('',(#879,#880,#881,#882));
#2093=EDGE_LOOP('',(#883,#884,#885,#886));
#2094=EDGE_LOOP('',(#887,#888,#889,#890));
#2095=EDGE_LOOP('',(#891,#892,#893,#894,#895));
#2096=EDGE_LOOP('',(#896,#897,#898,#899));
#2097=EDGE_LOOP('',(#900,#901,#902,#903));
#2098=EDGE_LOOP('',(#904,#905,#906,#907,#908));
#2099=EDGE_LOOP('',(#909,#910,#911,#912));
#2100=EDGE_LOOP('',(#913,#914,#915,#916));
#2101=EDGE_LOOP('',(#917,#918,#919,#920));
#2102=EDGE_LOOP('',(#921,#922,#923,#924));
#2103=EDGE_LOOP('',(#925,#926,#927,#928));
#2104=EDGE_LOOP('',(#929,#930,#931,#932));
#2105=EDGE_LOOP('',(#933,#934,#935,#936));
#2106=EDGE_LOOP('',(#937,#938,#939,#940));
#2107=FACE_BOUND('',#1916,.T.);
#2108=FACE_BOUND('',#1917,.T.);
#2109=FACE_BOUND('',#1918,.T.);
#2110=FACE_BOUND('',#1919,.T.);
#2111=FACE_BOUND('',#1920,.T.);
#2112=FACE_BOUND('',#1921,.T.);
#2113=FACE_BOUND('',#1922,.T.);
#2114=FACE_BOUND('',#1923,.T.);
#2115=FACE_BOUND('',#1924,.T.);
#2116=FACE_BOUND('',#1925,.T.);
#2117=FACE_BOUND('',#1926,.T.);
#2118=FACE_BOUND('',#1927,.T.);
#2119=FACE_BOUND('',#1928,.T.);
#2120=FACE_BOUND('',#1929,.T.);
#2121=FACE_BOUND('',#1930,.T.);
#2122=FACE_BOUND('',#1931,.T.);
#2123=FACE_BOUND('',#1932,.T.);
#2124=FACE_BOUND('',#1933,.T.);
#2125=FACE_BOUND('',#1934,.T.);
#2126=FACE_BOUND('',#1935,.T.);
#2127=FACE_BOUND('',#1936,.T.);
#2128=FACE_BOUND('',#1937,.T.);
#2129=FACE_BOUND('',#1938,.T.);
#2130=FACE_BOUND('',#1939,.T.);
#2131=FACE_BOUND('',#1940,.T.);
#2132=FACE_BOUND('',#1941,.T.);
#2133=FACE_BOUND('',#1942,.T.);
#2134=FACE_BOUND('',#1943,.T.);
#2135=FACE_BOUND('',#1944,.T.);
#2136=FACE_BOUND('',#1945,.T.);
#2137=FACE_BOUND('',#1946,.T.);
#2138=FACE_BOUND('',#1947,.T.);
#2139=FACE_BOUND('',#1948,.T.);
#2140=FACE_BOUND('',#1949,.T.);
#2141=FACE_BOUND('',#1950,.T.);
#2142=FACE_BOUND('',#1951,.T.);
#2143=FACE_BOUND('',#1952,.T.);
#2144=FACE_BOUND('',#1953,.T.);
#2145=FACE_BOUND('',#1954,.T.);
#2146=FACE_BOUND('',#1955,.T.);
#2147=FACE_BOUND('',#1956,.T.);
#2148=FACE_BOUND('',#1957,.T.);
#2149=FACE_BOUND('',#1958,.T.);
#2150=FACE_BOUND('',#1959,.T.);
#2151=FACE_BOUND('',#1960,.T.);
#2152=FACE_BOUND('',#1961,.T.);
#2153=FACE_BOUND('',#1962,.T.);
#2154=FACE_BOUND('',#1963,.T.);
#2155=FACE_BOUND('',#1964,.T.);
#2156=FACE_BOUND('',#1965,.T.);
#2157=FACE_BOUND('',#1966,.T.);
#2158=FACE_BOUND('',#1967,.T.);
#2159=FACE_BOUND('',#1968,.T.);
#2160=FACE_BOUND('',#1969,.T.);
#2161=FACE_BOUND('',#1970,.T.);
#2162=FACE_BOUND('',#1971,.T.);
#2163=FACE_BOUND('',#1972,.T.);
#2164=FACE_BOUND('',#1973,.T.);
#2165=FACE_BOUND('',#1974,.T.);
#2166=FACE_BOUND('',#1975,.T.);
#2167=FACE_BOUND('',#1976,.T.);
#2168=FACE_BOUND('',#1977,.T.);
#2169=FACE_BOUND('',#1978,.T.);
#2170=FACE_BOUND('',#1979,.T.);
#2171=FACE_BOUND('',#1980,.T.);
#2172=FACE_BOUND('',#1981,.T.);
#2173=FACE_BOUND('',#1982,.T.);
#2174=FACE_BOUND('',#1983,.T.);
#2175=FACE_BOUND('',#1984,.T.);
#2176=FACE_BOUND('',#1985,.T.);
#2177=FACE_BOUND('',#1986,.T.);
#2178=FACE_BOUND('',#1987,.T.);
#2179=FACE_BOUND('',#1988,.T.);
#2180=FACE_BOUND('',#1989,.T.);
#2181=FACE_BOUND('',#1990,.T.);
#2182=FACE_BOUND('',#1991,.T.);
#2183=FACE_BOUND('',#1992,.T.);
#2184=FACE_BOUND('',#1993,.T.);
#2185=FACE_BOUND('',#1994,.T.);
#2186=FACE_BOUND('',#1995,.T.);
#2187=FACE_BOUND('',#1996,.T.);
#2188=FACE_BOUND('',#1997,.T.);
#2189=FACE_BOUND('',#1998,.T.);
#2190=FACE_BOUND('',#1999,.T.);
#2191=FACE_BOUND('',#2000,.T.);
#2192=FACE_BOUND('',#2001,.T.);
#2193=FACE_BOUND('',#2002,.T.);
#2194=FACE_BOUND('',#2003,.T.);
#2195=FACE_BOUND('',#2004,.T.);
#2196=FACE_BOUND('',#2005,.T.);
#2197=FACE_BOUND('',#2006,.T.);
#2198=FACE_BOUND('',#2007,.T.);
#2199=FACE_BOUND('',#2008,.T.);
#2200=FACE_BOUND('',#2009,.T.);
#2201=FACE_BOUND('',#2010,.T.);
#2202=FACE_BOUND('',#2011,.T.);
#2203=FACE_BOUND('',#2012,.T.);
#2204=FACE_BOUND('',#2013,.T.);
#2205=FACE_BOUND('',#2014,.T.);
#2206=FACE_BOUND('',#2015,.T.);
#2207=FACE_BOUND('',#2016,.T.);
#2208=FACE_BOUND('',#2017,.T.);
#2209=FACE_BOUND('',#2018,.T.);
#2210=FACE_BOUND('',#2019,.T.);
#2211=FACE_BOUND('',#2020,.T.);
#2212=FACE_BOUND('',#2021,.T.);
#2213=FACE_BOUND('',#2022,.T.);
#2214=FACE_BOUND('',#2023,.T.);
#2215=FACE_BOUND('',#2024,.T.);
#2216=FACE_BOUND('',#2025,.T.);
#2217=FACE_BOUND('',#2026,.T.);
#2218=FACE_BOUND('',#2027,.T.);
#2219=FACE_BOUND('',#2028,.T.);
#2220=FACE_BOUND('',#2029,.T.);
#2221=FACE_BOUND('',#2030,.T.);
#2222=FACE_BOUND('',#2031,.T.);
#2223=FACE_BOUND('',#2032,.T.);
#2224=FACE_BOUND('',#2033,.T.);
#2225=FACE_BOUND('',#2034,.T.);
#2226=FACE_BOUND('',#2035,.T.);
#2227=FACE_BOUND('',#2036,.T.);
#2228=FACE_BOUND('',#2037,.T.);
#2229=FACE_BOUND('',#2038,.T.);
#2230=FACE_BOUND('',#2039,.T.);
#2231=FACE_BOUND('',#2040,.T.);
#2232=FACE_BOUND('',#2041,.T.);
#2233=FACE_BOUND('',#2042,.T.);
#2234=FACE_BOUND('',#2043,.T.);
#2235=FACE_BOUND('',#2044,.T.);
#2236=FACE_BOUND('',#2045,.T.);
#2237=FACE_BOUND('',#2046,.T.);
#2238=FACE_BOUND('',#2047,.T.);
#2239=FACE_BOUND('',#2048,.T.);
#2240=FACE_BOUND('',#2049,.T.);
#2241=FACE_BOUND('',#2050,.T.);
#2242=FACE_BOUND('',#2051,.T.);
#2243=FACE_BOUND('',#2052,.T.);
#2244=FACE_BOUND('',#2053,.T.);
#2245=FACE_BOUND('',#2054,.T.);
#2246=FACE_BOUND('',#2055,.T.);
#2247=FACE_BOUND('',#2056,.T.);
#2248=FACE_BOUND('',#2057,.T.);
#2249=FACE_BOUND('',#2058,.T.);
#2250=FACE_BOUND('',#2059,.T.);
#2251=FACE_BOUND('',#2060,.T.);
#2252=FACE_BOUND('',#2061,.T.);
#2253=FACE_BOUND('',#2062,.T.);
#2254=FACE_BOUND('',#2063,.T.);
#2255=FACE_BOUND('',#2064,.T.);
#2256=FACE_BOUND('',#2065,.T.);
#2257=FACE_BOUND('',#2066,.T.);
#2258=FACE_BOUND('',#2067,.T.);
#2259=FACE_BOUND('',#2068,.T.);
#2260=FACE_BOUND('',#2069,.T.);
#2261=FACE_BOUND('',#2070,.T.);
#2262=FACE_BOUND('',#2071,.T.);
#2263=FACE_BOUND('',#2072,.T.);
#2264=FACE_BOUND('',#2073,.T.);
#2265=FACE_BOUND('',#2074,.T.);
#2266=FACE_BOUND('',#2075,.T.);
#2267=FACE_BOUND('',#2076,.T.);
#2268=FACE_BOUND('',#2077,.T.);
#2269=FACE_BOUND('',#2078,.T.);
#2270=FACE_BOUND('',#2079,.T.);
#2271=FACE_BOUND('',#2080,.T.);
#2272=FACE_BOUND('',#2081,.T.);
#2273=FACE_BOUND('',#2082,.T.);
#2274=FACE_BOUND('',#2083,.T.);
#2275=FACE_BOUND('',#2084,.T.);
#2276=FACE_BOUND('',#2085,.T.);
#2277=FACE_BOUND('',#2086,.T.);
#2278=FACE_BOUND('',#2087,.T.);
#2279=FACE_BOUND('',#2088,.T.);
#2280=FACE_BOUND('',#2089,.T.);
#2281=FACE_BOUND('',#2090,.T.);
#2282=FACE_BOUND('',#2091,.T.);
#2283=FACE_BOUND('',#2092,.T.);
#2284=FACE_BOUND('',#2093,.T.);
#2285=FACE_BOUND('',#2094,.T.);
#2286=FACE_BOUND('',#2095,.T.);
#2287=FACE_BOUND('',#2096,.T.);
#2288=FACE_BOUND('',#2097,.T.);
#2289=FACE_BOUND('',#2098,.T.);
#2290=FACE_BOUND('',#2099,.T.);
#2291=FACE_BOUND('',#2100,.T.);
#2292=FACE_BOUND('',#2101,.T.);
#2293=FACE_BOUND('',#2102,.T.);
#2294=FACE_BOUND('',#2103,.T.);
#2295=FACE_BOUND('',#2104,.T.);
#2296=FACE_BOUND('',#2105,.T.);
#2297=FACE_BOUND('',#2106,.T.);
#2298=PLANE('',#2534);
#2299=PLANE('',#2537);
#2300=PLANE('',#2540);
#2301=PLANE('',#2543);
#2302=PLANE('',#2552);
#2303=PLANE('',#2557);
#2304=PLANE('',#2562);
#2305=PLANE('',#2569);
#2306=PLANE('',#2573);
#2307=PLANE('',#2577);
#2308=PLANE('',#2586);
#2309=PLANE('',#2608);
#2310=PLANE('',#2611);
#2311=PLANE('',#2614);
#2312=PLANE('',#2617);
#2313=PLANE('',#2620);
#2314=PLANE('',#2626);
#2315=PLANE('',#2627);
#2316=PLANE('',#2628);
#2317=PLANE('',#2629);
#2318=PLANE('',#2632);
#2319=PLANE('',#2633);
#2320=PLANE('',#2639);
#2321=PLANE('',#2640);
#2322=PLANE('',#2644);
#2323=PLANE('',#2646);
#2324=PLANE('',#2647);
#2325=PLANE('',#2652);
#2326=PLANE('',#2655);
#2327=PLANE('',#2656);
#2328=PLANE('',#2663);
#2329=PLANE('',#2709);
#2330=PLANE('',#2713);
#2331=PLANE('',#2714);
#2332=PLANE('',#2717);
#2333=PLANE('',#2720);
#2334=PLANE('',#2721);
#2335=PLANE('',#2724);
#2336=PLANE('',#2725);
#2337=PLANE('',#2726);
#2338=PLANE('',#2730);
#2339=PLANE('',#2731);
#2340=PLANE('',#2733);
#2341=PLANE('',#2734);
#2342=PLANE('',#2736);
#2343=PLANE('',#2737);
#2344=PLANE('',#2740);
#2345=PLANE('',#2741);
#2346=PLANE('',#2742);
#2347=PLANE('',#2744);
#2348=PLANE('',#2745);
#2349=PLANE('',#2747);
#2350=PLANE('',#2751);
#2351=PLANE('',#2754);
#2352=PLANE('',#2755);
#2353=PLANE('',#2757);
#2354=PLANE('',#2758);
#2355=PLANE('',#2761);
#2356=PLANE('',#2762);
#2357=PLANE('',#2765);
#2358=PLANE('',#2766);
#2359=PLANE('',#2769);
#2360=PLANE('',#2770);
#2361=PLANE('',#2773);
#2362=PLANE('',#2774);
#2363=PLANE('',#2777);
#2364=PLANE('',#2788);
#2365=PLANE('',#2791);
#2366=PLANE('',#2792);
#2367=PLANE('',#2795);
#2368=ADVANCED_FACE('',(#2107),#2298,.F.);
#2369=ADVANCED_FACE('',(#2108),#2299,.F.);
#2370=ADVANCED_FACE('',(#2109),#2300,.T.);
#2371=ADVANCED_FACE('',(#2110,#2111,#2112,#2113,#2114,#2115),#2301,.T.);
#2372=ADVANCED_FACE('',(#2116),#2302,.T.);
#2373=ADVANCED_FACE('',(#2117),#2303,.F.);
#2374=ADVANCED_FACE('',(#2118),#2304,.F.);
#2375=ADVANCED_FACE('',(#2119,#2120),#64,.F.);
#2376=ADVANCED_FACE('',(#2121,#2122),#65,.F.);
#2377=ADVANCED_FACE('',(#2123),#2305,.T.);
#2378=ADVANCED_FACE('',(#2124),#2306,.F.);
#2379=ADVANCED_FACE('',(#2125,#2126,#2127,#2128,#2129,#2130),#2307,.F.);
#2380=ADVANCED_FACE('',(#2131),#2308,.F.);
#2381=ADVANCED_FACE('',(#2132),#66,.T.);
#2382=ADVANCED_FACE('',(#2133,#2134),#67,.F.);
#2383=ADVANCED_FACE('',(#2135,#2136),#68,.F.);
#2384=ADVANCED_FACE('',(#2137,#2138),#69,.F.);
#2385=ADVANCED_FACE('',(#2139,#2140),#70,.F.);
#2386=ADVANCED_FACE('',(#2141,#2142),#71,.F.);
#2387=ADVANCED_FACE('',(#2143,#2144),#72,.T.);
#2388=ADVANCED_FACE('',(#2145,#2146),#2309,.T.);
#2389=ADVANCED_FACE('',(#2147,#2148),#73,.T.);
#2390=ADVANCED_FACE('',(#2149,#2150),#2310,.T.);
#2391=ADVANCED_FACE('',(#2151,#2152),#74,.T.);
#2392=ADVANCED_FACE('',(#2153,#2154),#2311,.T.);
#2393=ADVANCED_FACE('',(#2155,#2156),#75,.T.);
#2394=ADVANCED_FACE('',(#2157,#2158),#2312,.T.);
#2395=ADVANCED_FACE('',(#2159,#2160),#28,.F.);
#2396=ADVANCED_FACE('',(#2161,#2162),#29,.F.);
#2397=ADVANCED_FACE('',(#2163,#2164,#2165,#2166),#2313,.T.);
#2398=ADVANCED_FACE('',(#2167),#2314,.T.);
#2399=ADVANCED_FACE('',(#2168),#2315,.T.);
#2400=ADVANCED_FACE('',(#2169),#2316,.F.);
#2401=ADVANCED_FACE('',(#2170),#2317,.F.);
#2402=ADVANCED_FACE('',(#2171),#2318,.T.);
#2403=ADVANCED_FACE('',(#2172),#2319,.F.);
#2404=ADVANCED_FACE('',(#2173,#2174),#76,.F.);
#2405=ADVANCED_FACE('',(#2175,#2176),#2320,.T.);
#2406=ADVANCED_FACE('',(#2177,#2178),#2321,.T.);
#2407=ADVANCED_FACE('',(#2179,#2180),#77,.F.);
#2408=ADVANCED_FACE('',(#2181,#2182),#2322,.F.);
#2409=ADVANCED_FACE('',(#2183),#2323,.F.);
#2410=ADVANCED_FACE('',(#2184),#2324,.F.);
#2411=ADVANCED_FACE('',(#2185,#2186),#78,.F.);
#2412=ADVANCED_FACE('',(#2187,#2188),#2325,.T.);
#2413=ADVANCED_FACE('',(#2189,#2190),#79,.F.);
#2414=ADVANCED_FACE('',(#2191),#2326,.F.);
#2415=ADVANCED_FACE('',(#2192),#2327,.T.);
#2416=ADVANCED_FACE('',(#2193),#80,.F.);
#2417=ADVANCED_FACE('',(#2194),#81,.F.);
#2418=ADVANCED_FACE('',(#2195),#2328,.F.);
#2419=ADVANCED_FACE('',(#2196),#82,.T.);
#2420=ADVANCED_FACE('',(#2197),#83,.T.);
#2421=ADVANCED_FACE('',(#2198),#84,.F.);
#2422=ADVANCED_FACE('',(#2199),#85,.F.);
#2423=ADVANCED_FACE('',(#2200),#86,.F.);
#2424=ADVANCED_FACE('',(#2201),#87,.F.);
#2425=ADVANCED_FACE('',(#2202),#88,.F.);
#2426=ADVANCED_FACE('',(#2203),#89,.F.);
#2427=ADVANCED_FACE('',(#2204),#90,.T.);
#2428=ADVANCED_FACE('',(#2205),#91,.T.);
#2429=ADVANCED_FACE('',(#2206),#92,.T.);
#2430=ADVANCED_FACE('',(#2207),#93,.T.);
#2431=ADVANCED_FACE('',(#2208),#94,.F.);
#2432=ADVANCED_FACE('',(#2209),#95,.F.);
#2433=ADVANCED_FACE('',(#2210),#96,.T.);
#2434=ADVANCED_FACE('',(#2211),#97,.T.);
#2435=ADVANCED_FACE('',(#2212),#98,.T.);
#2436=ADVANCED_FACE('',(#2213),#2329,.F.);
#2437=ADVANCED_FACE('',(#2214),#30,.F.);
#2438=ADVANCED_FACE('',(#2215),#31,.T.);
#2439=ADVANCED_FACE('',(#2216),#2330,.T.);
#2440=ADVANCED_FACE('',(#2217),#2331,.T.);
#2441=ADVANCED_FACE('',(#2218),#32,.F.);
#2442=ADVANCED_FACE('',(#2219),#33,.T.);
#2443=ADVANCED_FACE('',(#2220),#2332,.T.);
#2444=ADVANCED_FACE('',(#2221),#34,.T.);
#2445=ADVANCED_FACE('',(#2222),#2333,.F.);
#2446=ADVANCED_FACE('',(#2223),#2334,.T.);
#2447=ADVANCED_FACE('',(#2224),#35,.F.);
#2448=ADVANCED_FACE('',(#2225),#2335,.T.);
#2449=ADVANCED_FACE('',(#2226),#2336,.T.);
#2450=ADVANCED_FACE('',(#2227),#2337,.F.);
#2451=ADVANCED_FACE('',(#2228),#36,.F.);
#2452=ADVANCED_FACE('',(#2229),#37,.T.);
#2453=ADVANCED_FACE('',(#2230),#2338,.T.);
#2454=ADVANCED_FACE('',(#2231),#2339,.T.);
#2455=ADVANCED_FACE('',(#2232),#38,.F.);
#2456=ADVANCED_FACE('',(#2233),#12,.T.);
#2457=ADVANCED_FACE('',(#2234),#2340,.T.);
#2458=ADVANCED_FACE('',(#2235),#2341,.F.);
#2459=ADVANCED_FACE('',(#2236),#39,.F.);
#2460=ADVANCED_FACE('',(#2237),#13,.T.);
#2461=ADVANCED_FACE('',(#2238),#2342,.F.);
#2462=ADVANCED_FACE('',(#2239),#2343,.F.);
#2463=ADVANCED_FACE('',(#2240),#40,.F.);
#2464=ADVANCED_FACE('',(#2241),#41,.F.);
#2465=ADVANCED_FACE('',(#2242),#2344,.F.);
#2466=ADVANCED_FACE('',(#2243),#2345,.T.);
#2467=ADVANCED_FACE('',(#2244),#2346,.T.);
#2468=ADVANCED_FACE('',(#2245),#42,.F.);
#2469=ADVANCED_FACE('',(#2246),#14,.T.);
#2470=ADVANCED_FACE('',(#2247),#2347,.T.);
#2471=ADVANCED_FACE('',(#2248),#2348,.T.);
#2472=ADVANCED_FACE('',(#2249),#43,.F.);
#2473=ADVANCED_FACE('',(#2250),#15,.T.);
#2474=ADVANCED_FACE('',(#2251),#2349,.F.);
#2475=ADVANCED_FACE('',(#2252),#44,.F.);
#2476=ADVANCED_FACE('',(#2253),#45,.T.);
#2477=ADVANCED_FACE('',(#2254),#46,.T.);
#2478=ADVANCED_FACE('',(#2255),#2350,.T.);
#2479=ADVANCED_FACE('',(#2256),#47,.F.);
#2480=ADVANCED_FACE('',(#2257),#48,.T.);
#2481=ADVANCED_FACE('',(#2258),#16,.T.);
#2482=ADVANCED_FACE('',(#2259),#2351,.T.);
#2483=ADVANCED_FACE('',(#2260),#2352,.T.);
#2484=ADVANCED_FACE('',(#2261),#49,.F.);
#2485=ADVANCED_FACE('',(#2262),#17,.T.);
#2486=ADVANCED_FACE('',(#2263),#2353,.F.);
#2487=ADVANCED_FACE('',(#2264),#2354,.F.);
#2488=ADVANCED_FACE('',(#2265),#50,.T.);
#2489=ADVANCED_FACE('',(#2266),#51,.F.);
#2490=ADVANCED_FACE('',(#2267),#2355,.T.);
#2491=ADVANCED_FACE('',(#2268),#2356,.F.);
#2492=ADVANCED_FACE('',(#2269),#52,.T.);
#2493=ADVANCED_FACE('',(#2270),#53,.F.);
#2494=ADVANCED_FACE('',(#2271),#2357,.F.);
#2495=ADVANCED_FACE('',(#2272),#2358,.F.);
#2496=ADVANCED_FACE('',(#2273),#54,.T.);
#2497=ADVANCED_FACE('',(#2274),#55,.T.);
#2498=ADVANCED_FACE('',(#2275),#2359,.T.);
#2499=ADVANCED_FACE('',(#2276),#2360,.F.);
#2500=ADVANCED_FACE('',(#2277),#56,.T.);
#2501=ADVANCED_FACE('',(#2278),#57,.T.);
#2502=ADVANCED_FACE('',(#2279),#2361,.F.);
#2503=ADVANCED_FACE('',(#2280),#2362,.T.);
#2504=ADVANCED_FACE('',(#2281),#58,.T.);
#2505=ADVANCED_FACE('',(#2282),#59,.F.);
#2506=ADVANCED_FACE('',(#2283),#2363,.T.);
#2507=ADVANCED_FACE('',(#2284),#99,.F.);
#2508=ADVANCED_FACE('',(#2285),#100,.F.);
#2509=ADVANCED_FACE('',(#2286),#101,.F.);
#2510=ADVANCED_FACE('',(#2287),#102,.F.);
#2511=ADVANCED_FACE('',(#2288),#103,.F.);
#2512=ADVANCED_FACE('',(#2289),#104,.F.);
#2513=ADVANCED_FACE('',(#2290),#2364,.F.);
#2514=ADVANCED_FACE('',(#2291),#60,.T.);
#2515=ADVANCED_FACE('',(#2292),#61,.T.);
#2516=ADVANCED_FACE('',(#2293),#2365,.T.);
#2517=ADVANCED_FACE('',(#2294),#2366,.F.);
#2518=ADVANCED_FACE('',(#2295),#62,.T.);
#2519=ADVANCED_FACE('',(#2296),#63,.T.);
#2520=ADVANCED_FACE('',(#2297),#2367,.T.);
#2521=CLOSED_SHELL('',(#2368,#2369,#2370,#2371,#2372,#2373,#2374,#2375,
#2376,#2377,#2378,#2379,#2380,#2381,#2382,#2383,#2384,#2385,#2386,#2387,
#2388,#2389,#2390,#2391,#2392,#2393,#2394,#2395,#2396,#2397,#2398,#2399,
#2400,#2401,#2402,#2403,#2404,#2405,#2406,#2407,#2408,#2409,#2410,#2411,
#2412,#2413,#2414,#2415,#2416,#2417,#2418,#2419,#2420,#2421,#2422,#2423,
#2424,#2425,#2426,#2427,#2428,#2429,#2430,#2431,#2432,#2433,#2434,#2435,
#2436,#2437,#2438,#2439,#2440,#2441,#2442,#2443,#2444,#2445,#2446,#2447,
#2448,#2449,#2450,#2451,#2452,#2453,#2454,#2455,#2456,#2457,#2458,#2459,
#2460,#2461,#2462,#2463,#2464,#2465,#2466,#2467,#2468,#2469,#2470,#2471,
#2472,#2473,#2474,#2475,#2476,#2477,#2478,#2479,#2480,#2481,#2482,#2483,
#2484,#2485,#2486,#2487,#2488,#2489,#2490,#2491,#2492,#2493,#2494,#2495,
#2496,#2497,#2498,#2499,#2500,#2501,#2502,#2503,#2504,#2505,#2506,#2507,
#2508,#2509,#2510,#2511,#2512,#2513,#2514,#2515,#2516,#2517,#2518,#2519,
#2520));
#2522=STYLED_ITEM('',(#2523),#2530);
#2523=PRESENTATION_STYLE_ASSIGNMENT((#2524));
#2524=SURFACE_STYLE_USAGE(.BOTH.,#2525);
#2525=SURFACE_SIDE_STYLE('',(#2526));
#2526=SURFACE_STYLE_FILL_AREA(#2527);
#2527=FILL_AREA_STYLE('',(#2528));
#2528=FILL_AREA_STYLE_COLOUR('',#2529);
#2529=COLOUR_RGB('',0.615686274509804,0.811764705882353,0.929411764705882);
#2530=MANIFOLD_SOLID_BREP('Part 1',#2521);
#2531=SHAPE_DEFINITION_REPRESENTATION(#4648,#2532);
#2532=SHAPE_REPRESENTATION('Part 1',(#2533),#4643);
#2533=AXIS2_PLACEMENT_3D('',#3526,#2796,#2797);
#2534=AXIS2_PLACEMENT_3D('',#3527,#2798,#2799);
#2535=AXIS2_PLACEMENT_3D('',#3533,#2802,#2803);
#2536=AXIS2_PLACEMENT_3D('',#3537,#2805,#2806);
#2537=AXIS2_PLACEMENT_3D('',#3538,#2807,#2808);
#2538=AXIS2_PLACEMENT_3D('',#3544,#2811,#2812);
#2539=AXIS2_PLACEMENT_3D('',#3548,#2814,#2815);
#2540=AXIS2_PLACEMENT_3D('',#3549,#2816,#2817);
#2541=AXIS2_PLACEMENT_3D('',#3561,#2823,#2824);
#2542=AXIS2_PLACEMENT_3D('',#3569,#2828,#2829);
#2543=AXIS2_PLACEMENT_3D('',#3574,#2832,#2833);
#2544=AXIS2_PLACEMENT_3D('',#3575,#2834,#2835);
#2545=AXIS2_PLACEMENT_3D('',#3584,#2839,#2840);
#2546=AXIS2_PLACEMENT_3D('',#3592,#2844,#2845);
#2547=AXIS2_PLACEMENT_3D('',#3595,#2847,#2848);
#2548=AXIS2_PLACEMENT_3D('',#3597,#2849,#2850);
#2549=AXIS2_PLACEMENT_3D('',#3599,#2851,#2852);
#2550=AXIS2_PLACEMENT_3D('',#3601,#2853,#2854);
#2551=AXIS2_PLACEMENT_3D('',#3603,#2855,#2856);
#2552=AXIS2_PLACEMENT_3D('',#3605,#2857,#2858);
#2553=AXIS2_PLACEMENT_3D('',#3615,#2863,#2864);
#2554=AXIS2_PLACEMENT_3D('',#3623,#2868,#2869);
#2555=AXIS2_PLACEMENT_3D('',#3627,#2871,#2872);
#2556=AXIS2_PLACEMENT_3D('',#3635,#2876,#2877);
#2557=AXIS2_PLACEMENT_3D('',#3638,#2879,#2880);
#2558=AXIS2_PLACEMENT_3D('',#3648,#2885,#2886);
#2559=AXIS2_PLACEMENT_3D('',#3656,#2890,#2891);
#2560=AXIS2_PLACEMENT_3D('',#3660,#2893,#2894);
#2561=AXIS2_PLACEMENT_3D('',#3668,#2898,#2899);
#2562=AXIS2_PLACEMENT_3D('',#3671,#2901,#2902);
#2563=AXIS2_PLACEMENT_3D('',#3747,#2913,#2914);
#2564=AXIS2_PLACEMENT_3D('',#3748,#2915,#2916);
#2565=AXIS2_PLACEMENT_3D('',#3750,#2917,#2918);
#2566=AXIS2_PLACEMENT_3D('',#3752,#2919,#2920);
#2567=AXIS2_PLACEMENT_3D('',#3753,#2921,#2922);
#2568=AXIS2_PLACEMENT_3D('',#3755,#2923,#2924);
#2569=AXIS2_PLACEMENT_3D('',#3757,#2925,#2926);
#2570=AXIS2_PLACEMENT_3D('',#3763,#2929,#2930);
#2571=AXIS2_PLACEMENT_3D('',#3767,#2932,#2933);
#2572=AXIS2_PLACEMENT_3D('',#3775,#2937,#2938);
#2573=AXIS2_PLACEMENT_3D('',#3778,#2940,#2941);
#2574=AXIS2_PLACEMENT_3D('',#3784,#2944,#2945);
#2575=AXIS2_PLACEMENT_3D('',#3788,#2947,#2948);
#2576=AXIS2_PLACEMENT_3D('',#3796,#2952,#2953);
#2577=AXIS2_PLACEMENT_3D('',#3799,#2955,#2956);
#2578=AXIS2_PLACEMENT_3D('',#3800,#2957,#2958);
#2579=AXIS2_PLACEMENT_3D('',#3802,#2959,#2960);
#2580=AXIS2_PLACEMENT_3D('',#3804,#2961,#2962);
#2581=AXIS2_PLACEMENT_3D('',#3806,#2963,#2964);
#2582=AXIS2_PLACEMENT_3D('',#3808,#2965,#2966);
#2583=AXIS2_PLACEMENT_3D('',#3810,#2967,#2968);
#2584=AXIS2_PLACEMENT_3D('',#3813,#2969,#2970);
#2585=AXIS2_PLACEMENT_3D('',#3814,#2971,#2972);
#2586=AXIS2_PLACEMENT_3D('',#3815,#2973,#2974);
#2587=AXIS2_PLACEMENT_3D('',#3816,#2975,#2976);
#2588=AXIS2_PLACEMENT_3D('',#3819,#2977,#2978);
#2589=AXIS2_PLACEMENT_3D('',#3823,#2980,#2981);
#2590=AXIS2_PLACEMENT_3D('',#3826,#2983,#2984);
#2591=AXIS2_PLACEMENT_3D('',#3829,#2986,#2987);
#2592=AXIS2_PLACEMENT_3D('',#3833,#2989,#2990);
#2593=AXIS2_PLACEMENT_3D('',#3834,#2991,#2992);
#2594=AXIS2_PLACEMENT_3D('',#3837,#2994,#2995);
#2595=AXIS2_PLACEMENT_3D('',#3840,#2997,#2998);
#2596=AXIS2_PLACEMENT_3D('',#3841,#2999,#3000);
#2597=AXIS2_PLACEMENT_3D('',#3843,#3001,#3002);
#2598=AXIS2_PLACEMENT_3D('',#3844,#3003,#3004);
#2599=AXIS2_PLACEMENT_3D('',#3846,#3005,#3006);
#2600=AXIS2_PLACEMENT_3D('',#3847,#3007,#3008);
#2601=AXIS2_PLACEMENT_3D('',#3849,#3009,#3010);
#2602=AXIS2_PLACEMENT_3D('',#3851,#3011,#3012);
#2603=AXIS2_PLACEMENT_3D('',#3852,#3013,#3014);
#2604=AXIS2_PLACEMENT_3D('',#3854,#3015,#3016);
#2605=AXIS2_PLACEMENT_3D('',#3855,#3017,#3018);
#2606=AXIS2_PLACEMENT_3D('',#3857,#3019,#3020);
#2607=AXIS2_PLACEMENT_3D('',#3858,#3021,#3022);
#2608=AXIS2_PLACEMENT_3D('',#3860,#3023,#3024);
#2609=AXIS2_PLACEMENT_3D('',#3861,#3025,#3026);
#2610=AXIS2_PLACEMENT_3D('',#3862,#3027,#3028);
#2611=AXIS2_PLACEMENT_3D('',#3864,#3029,#3030);
#2612=AXIS2_PLACEMENT_3D('',#3865,#3031,#3032);
#2613=AXIS2_PLACEMENT_3D('',#3866,#3033,#3034);
#2614=AXIS2_PLACEMENT_3D('',#3868,#3035,#3036);
#2615=AXIS2_PLACEMENT_3D('',#3869,#3037,#3038);
#2616=AXIS2_PLACEMENT_3D('',#3870,#3039,#3040);
#2617=AXIS2_PLACEMENT_3D('',#3872,#3041,#3042);
#2618=AXIS2_PLACEMENT_3D('',#3873,#3043,#3044);
#2619=AXIS2_PLACEMENT_3D('',#3874,#3045,#3046);
#2620=AXIS2_PLACEMENT_3D('',#3875,#3047,#3048);
#2621=AXIS2_PLACEMENT_3D('',#3876,#3049,#3050);
#2622=AXIS2_PLACEMENT_3D('',#3881,#3052,#3053);
#2623=AXIS2_PLACEMENT_3D('',#3885,#3055,#3056);
#2624=AXIS2_PLACEMENT_3D('',#3889,#3058,#3059);
#2625=AXIS2_PLACEMENT_3D('',#3892,#3061,#3062);
#2626=AXIS2_PLACEMENT_3D('',#3894,#3063,#3064);
#2627=AXIS2_PLACEMENT_3D('',#3900,#3068,#3069);
#2628=AXIS2_PLACEMENT_3D('',#3906,#3073,#3074);
#2629=AXIS2_PLACEMENT_3D('',#3915,#3079,#3080);
#2630=AXIS2_PLACEMENT_3D('',#3916,#3081,#3082);
#2631=AXIS2_PLACEMENT_3D('',#3921,#3084,#3085);
#2632=AXIS2_PLACEMENT_3D('',#3926,#3088,#3089);
#2633=AXIS2_PLACEMENT_3D('',#3935,#3094,#3095);
#2634=AXIS2_PLACEMENT_3D('',#3936,#3096,#3097);
#2635=AXIS2_PLACEMENT_3D('',#3941,#3099,#3100);
#2636=AXIS2_PLACEMENT_3D('',#3946,#3103,#3104);
#2637=AXIS2_PLACEMENT_3D('',#3947,#3105,#3106);
#2638=AXIS2_PLACEMENT_3D('',#3949,#3107,#3108);
#2639=AXIS2_PLACEMENT_3D('',#3957,#3109,#3110);
#2640=AXIS2_PLACEMENT_3D('',#3958,#3111,#3112);
#2641=AXIS2_PLACEMENT_3D('',#3959,#3113,#3114);
#2642=AXIS2_PLACEMENT_3D('',#3961,#3115,#3116);
#2643=AXIS2_PLACEMENT_3D('',#3962,#3117,#3118);
#2644=AXIS2_PLACEMENT_3D('',#3970,#3119,#3120);
#2645=AXIS2_PLACEMENT_3D('',#3979,#3125,#3126);
#2646=AXIS2_PLACEMENT_3D('',#3981,#3127,#3128);
#2647=AXIS2_PLACEMENT_3D('',#3990,#3133,#3134);
#2648=AXIS2_PLACEMENT_3D('',#4002,#3140,#3141);
#2649=AXIS2_PLACEMENT_3D('',#4010,#3145,#3146);
#2650=AXIS2_PLACEMENT_3D('',#4015,#3149,#3150);
#2651=AXIS2_PLACEMENT_3D('',#4016,#3151,#3152);
#2652=AXIS2_PLACEMENT_3D('',#4018,#3153,#3154);
#2653=AXIS2_PLACEMENT_3D('',#4019,#3155,#3156);
#2654=AXIS2_PLACEMENT_3D('',#4021,#3157,#3158);
#2655=AXIS2_PLACEMENT_3D('',#4022,#3159,#3160);
#2656=AXIS2_PLACEMENT_3D('',#4041,#3165,#3166);
#2657=AXIS2_PLACEMENT_3D('',#4054,#3173,#3174);
#2658=AXIS2_PLACEMENT_3D('',#4055,#3175,#3176);
#2659=AXIS2_PLACEMENT_3D('',#4056,#3177,#3178);
#2660=AXIS2_PLACEMENT_3D('',#4057,#3179,#3180);
#2661=AXIS2_PLACEMENT_3D('',#4058,#3181,#3182);
#2662=AXIS2_PLACEMENT_3D('',#4059,#3183,#3184);
#2663=AXIS2_PLACEMENT_3D('',#4060,#3185,#3186);
#2664=AXIS2_PLACEMENT_3D('',#4077,#3195,#3196);
#2665=AXIS2_PLACEMENT_3D('',#4097,#3197,#3198);
#2666=AXIS2_PLACEMENT_3D('',#4117,#3199,#3200);
#2667=AXIS2_PLACEMENT_3D('',#4118,#3201,#3202);
#2668=AXIS2_PLACEMENT_3D('',#4124,#3203,#3204);
#2669=AXIS2_PLACEMENT_3D('',#4125,#3205,#3206);
#2670=AXIS2_PLACEMENT_3D('',#4126,#3207,#3208);
#2671=AXIS2_PLACEMENT_3D('',#4127,#3209,#3210);
#2672=AXIS2_PLACEMENT_3D('',#4128,#3211,#3212);
#2673=AXIS2_PLACEMENT_3D('',#4129,#3213,#3214);
#2674=AXIS2_PLACEMENT_3D('',#4130,#3215,#3216);
#2675=AXIS2_PLACEMENT_3D('',#4131,#3217,#3218);
#2676=AXIS2_PLACEMENT_3D('',#4132,#3219,#3220);
#2677=AXIS2_PLACEMENT_3D('',#4133,#3221,#3222);
#2678=AXIS2_PLACEMENT_3D('',#4148,#3223,#3224);
#2679=AXIS2_PLACEMENT_3D('',#4149,#3225,#3226);
#2680=AXIS2_PLACEMENT_3D('',#4164,#3227,#3228);
#2681=AXIS2_PLACEMENT_3D('',#4165,#3229,#3230);
#2682=AXIS2_PLACEMENT_3D('',#4166,#3231,#3232);
#2683=AXIS2_PLACEMENT_3D('',#4167,#3233,#3234);
#2684=AXIS2_PLACEMENT_3D('',#4168,#3235,#3236);
#2685=AXIS2_PLACEMENT_3D('',#4169,#3237,#3238);
#2686=AXIS2_PLACEMENT_3D('',#4170,#3239,#3240);
#2687=AXIS2_PLACEMENT_3D('',#4171,#3241,#3242);
#2688=AXIS2_PLACEMENT_3D('',#4172,#3243,#3244);
#2689=AXIS2_PLACEMENT_3D('',#4173,#3245,#3246);
#2690=AXIS2_PLACEMENT_3D('',#4174,#3247,#3248);
#2691=AXIS2_PLACEMENT_3D('',#4175,#3249,#3250);
#2692=AXIS2_PLACEMENT_3D('',#4176,#3251,#3252);
#2693=AXIS2_PLACEMENT_3D('',#4177,#3253,#3254);
#2694=AXIS2_PLACEMENT_3D('',#4178,#3255,#3256);
#2695=AXIS2_PLACEMENT_3D('',#4179,#3257,#3258);
#2696=AXIS2_PLACEMENT_3D('',#4180,#3259,#3260);
#2697=AXIS2_PLACEMENT_3D('',#4181,#3261,#3262);
#2698=AXIS2_PLACEMENT_3D('',#4182,#3263,#3264);
#2699=AXIS2_PLACEMENT_3D('',#4183,#3265,#3266);
#2700=AXIS2_PLACEMENT_3D('',#4184,#3267,#3268);
#2701=AXIS2_PLACEMENT_3D('',#4185,#3269,#3270);
#2702=AXIS2_PLACEMENT_3D('',#4186,#3271,#3272);
#2703=AXIS2_PLACEMENT_3D('',#4187,#3273,#3274);
#2704=AXIS2_PLACEMENT_3D('',#4188,#3275,#3276);
#2705=AXIS2_PLACEMENT_3D('',#4192,#3278,#3279);
#2706=AXIS2_PLACEMENT_3D('',#4193,#3280,#3281);
#2707=AXIS2_PLACEMENT_3D('',#4194,#3282,#3283);
#2708=AXIS2_PLACEMENT_3D('',#4195,#3284,#3285);
#2709=AXIS2_PLACEMENT_3D('',#4196,#3286,#3287);
#2710=AXIS2_PLACEMENT_3D('',#4200,#3290,#3291);
#2711=AXIS2_PLACEMENT_3D('',#4201,#3292,#3293);
#2712=AXIS2_PLACEMENT_3D('',#4203,#3295,#3296);
#2713=AXIS2_PLACEMENT_3D('',#4215,#3297,#3298);
#2714=AXIS2_PLACEMENT_3D('',#4217,#3300,#3301);
#2715=AXIS2_PLACEMENT_3D('',#4222,#3302,#3303);
#2716=AXIS2_PLACEMENT_3D('',#4224,#3305,#3306);
#2717=AXIS2_PLACEMENT_3D('',#4234,#3308,#3309);
#2718=AXIS2_PLACEMENT_3D('',#4235,#3310,#3311);
#2719=AXIS2_PLACEMENT_3D('',#4236,#3312,#3313);
#2720=AXIS2_PLACEMENT_3D('',#4239,#3316,#3317);
#2721=AXIS2_PLACEMENT_3D('',#4241,#3319,#3320);
#2722=AXIS2_PLACEMENT_3D('',#4243,#3322,#3323);
#2723=AXIS2_PLACEMENT_3D('',#4244,#3324,#3325);
#2724=AXIS2_PLACEMENT_3D('',#4246,#3327,#3328);
#2725=AXIS2_PLACEMENT_3D('',#4248,#3330,#3331);
#2726=AXIS2_PLACEMENT_3D('',#4250,#3333,#3334);
#2727=AXIS2_PLACEMENT_3D('',#4252,#3336,#3337);
#2728=AXIS2_PLACEMENT_3D('',#4253,#3338,#3339);
#2729=AXIS2_PLACEMENT_3D('',#4255,#3341,#3342);
#2730=AXIS2_PLACEMENT_3D('',#4257,#3344,#3345);
#2731=AXIS2_PLACEMENT_3D('',#4258,#3346,#3347);
#2732=AXIS2_PLACEMENT_3D('',#4264,#3349,#3350);
#2733=AXIS2_PLACEMENT_3D('',#4302,#3352,#3353);
#2734=AXIS2_PLACEMENT_3D('',#4304,#3355,#3356);
#2735=AXIS2_PLACEMENT_3D('',#4309,#3357,#3358);
#2736=AXIS2_PLACEMENT_3D('',#4347,#3360,#3361);
#2737=AXIS2_PLACEMENT_3D('',#4349,#3363,#3364);
#2738=AXIS2_PLACEMENT_3D('',#4351,#3366,#3367);
#2739=AXIS2_PLACEMENT_3D('',#4353,#3369,#3370);
#2740=AXIS2_PLACEMENT_3D('',#4355,#3372,#3373);
#2741=AXIS2_PLACEMENT_3D('',#4356,#3374,#3375);
#2742=AXIS2_PLACEMENT_3D('',#4359,#3378,#3379);
#2743=AXIS2_PLACEMENT_3D('',#4365,#3381,#3382);
#2744=AXIS2_PLACEMENT_3D('',#4407,#3384,#3385);
#2745=AXIS2_PLACEMENT_3D('',#4409,#3387,#3388);
#2746=AXIS2_PLACEMENT_3D('',#4414,#3389,#3390);
#2747=AXIS2_PLACEMENT_3D('',#4446,#3392,#3393);
#2748=AXIS2_PLACEMENT_3D('',#4448,#3395,#3396);
#2749=AXIS2_PLACEMENT_3D('',#4450,#3398,#3399);
#2750=AXIS2_PLACEMENT_3D('',#4452,#3401,#3402);
#2751=AXIS2_PLACEMENT_3D('',#4454,#3404,#3405);
#2752=AXIS2_PLACEMENT_3D('',#4456,#3407,#3408);
#2753=AXIS2_PLACEMENT_3D('',#4472,#3409,#3410);
#2754=AXIS2_PLACEMENT_3D('',#4518,#3412,#3413);
#2755=AXIS2_PLACEMENT_3D('',#4520,#3415,#3416);
#2756=AXIS2_PLACEMENT_3D('',#4525,#3417,#3418);
#2757=AXIS2_PLACEMENT_3D('',#4575,#3420,#3421);
#2758=AXIS2_PLACEMENT_3D('',#4577,#3423,#3424);
#2759=AXIS2_PLACEMENT_3D('',#4579,#3426,#3427);
#2760=AXIS2_PLACEMENT_3D('',#4581,#3429,#3430);
#2761=AXIS2_PLACEMENT_3D('',#4583,#3432,#3433);
#2762=AXIS2_PLACEMENT_3D('',#4585,#3435,#3436);
#2763=AXIS2_PLACEMENT_3D('',#4587,#3438,#3439);
#2764=AXIS2_PLACEMENT_3D('',#4589,#3441,#3442);
#2765=AXIS2_PLACEMENT_3D('',#4591,#3444,#3445);
#2766=AXIS2_PLACEMENT_3D('',#4593,#3447,#3448);
#2767=AXIS2_PLACEMENT_3D('',#4595,#3450,#3451);
#2768=AXIS2_PLACEMENT_3D('',#4597,#3453,#3454);
#2769=AXIS2_PLACEMENT_3D('',#4599,#3456,#3457);
#2770=AXIS2_PLACEMENT_3D('',#4601,#3459,#3460);
#2771=AXIS2_PLACEMENT_3D('',#4603,#3462,#3463);
#2772=AXIS2_PLACEMENT_3D('',#4605,#3465,#3466);
#2773=AXIS2_PLACEMENT_3D('',#4607,#3468,#3469);
#2774=AXIS2_PLACEMENT_3D('',#4609,#3471,#3472);
#2775=AXIS2_PLACEMENT_3D('',#4611,#3474,#3475);
#2776=AXIS2_PLACEMENT_3D('',#4613,#3477,#3478);
#2777=AXIS2_PLACEMENT_3D('',#4615,#3480,#3481);
#2778=AXIS2_PLACEMENT_3D('',#4616,#3482,#3483);
#2779=AXIS2_PLACEMENT_3D('',#4617,#3484,#3485);
#2780=AXIS2_PLACEMENT_3D('',#4618,#3486,#3487);
#2781=AXIS2_PLACEMENT_3D('',#4619,#3488,#3489);
#2782=AXIS2_PLACEMENT_3D('',#4620,#3490,#3491);
#2783=AXIS2_PLACEMENT_3D('',#4621,#3492,#3493);
#2784=AXIS2_PLACEMENT_3D('',#4622,#3494,#3495);
#2785=AXIS2_PLACEMENT_3D('',#4623,#3496,#3497);
#2786=AXIS2_PLACEMENT_3D('',#4624,#3498,#3499);
#2787=AXIS2_PLACEMENT_3D('',#4625,#3500,#3501);
#2788=AXIS2_PLACEMENT_3D('',#4626,#3502,#3503);
#2789=AXIS2_PLACEMENT_3D('',#4629,#3506,#3507);
#2790=AXIS2_PLACEMENT_3D('',#4631,#3509,#3510);
#2791=AXIS2_PLACEMENT_3D('',#4633,#3512,#3513);
#2792=AXIS2_PLACEMENT_3D('',#4635,#3515,#3516);
#2793=AXIS2_PLACEMENT_3D('',#4637,#3518,#3519);
#2794=AXIS2_PLACEMENT_3D('',#4639,#3521,#3522);
#2795=AXIS2_PLACEMENT_3D('',#4641,#3524,#3525);
#2796=DIRECTION('',(0.,0.,1.));
#2797=DIRECTION('',(1.,0.,0.));
#2798=DIRECTION('',(0.,-1.,0.));
#2799=DIRECTION('',(1.,0.,0.));
#2800=DIRECTION('',(0.,0.,1.));
#2801=DIRECTION('',(1.,0.,0.));
#2802=DIRECTION('',(0.,-1.,0.));
#2803=DIRECTION('',(-1.,0.,0.));
#2804=DIRECTION('',(0.,0.,-1.));
#2805=DIRECTION('',(0.,1.,0.));
#2806=DIRECTION('',(1.,0.,0.));
#2807=DIRECTION('',(0.,-1.,0.));
#2808=DIRECTION('',(1.,0.,0.));
#2809=DIRECTION('',(0.,0.,1.));
#2810=DIRECTION('',(-1.,0.,0.));
#2811=DIRECTION('',(0.,-1.,0.));
#2812=DIRECTION('',(-1.,0.,0.));
#2813=DIRECTION('',(0.,0.,1.));
#2814=DIRECTION('',(0.,1.,0.));
#2815=DIRECTION('',(1.,0.,0.));
#2816=DIRECTION('',(-1.,1.91417762866406E-16,0.));
#2817=DIRECTION('',(1.91417762866406E-16,1.,0.));
#2818=DIRECTION('',(-1.35352798162394E-16,-0.707106781186547,-0.707106781186548));
#2819=DIRECTION('',(0.,0.,-1.));
#2820=DIRECTION('',(-1.91417762866406E-16,-1.,0.));
#2821=DIRECTION('',(0.,0.,-1.));
#2822=DIRECTION('',(1.91417762866406E-16,1.,0.));
#2823=DIRECTION('',(-1.,1.91417762866406E-16,0.));
#2824=DIRECTION('',(1.91417762866406E-16,1.,0.));
#2825=DIRECTION('',(3.20807545153116E-17,0.167595493933869,0.985855846669818));
#2826=DIRECTION('',(1.91417762866406E-16,1.,0.));
#2827=DIRECTION('',(0.,0.,-1.));
#2828=DIRECTION('',(-1.,1.91417762866406E-16,0.));
#2829=DIRECTION('',(1.91417762866406E-16,1.,0.));
#2830=DIRECTION('',(-3.32393456948321E-17,-0.17364817766693,-0.984807753012208));
#2831=DIRECTION('',(1.91417762866406E-16,1.,0.));
#2832=DIRECTION('',(0.,1.,0.));
#2833=DIRECTION('',(1.,0.,0.));
#2834=DIRECTION('',(0.,1.,0.));
#2835=DIRECTION('',(1.,0.,0.));
#2836=DIRECTION('',(0.,0.,-1.));
#2837=DIRECTION('',(1.,0.,0.));
#2838=DIRECTION('',(0.,0.,1.));
#2839=DIRECTION('',(0.,1.,0.));
#2840=DIRECTION('',(1.,0.,0.));
#2841=DIRECTION('',(0.,0.,-1.));
#2842=DIRECTION('',(1.,0.,0.));
#2843=DIRECTION('',(0.,0.,1.));
#2844=DIRECTION('',(0.,1.,0.));
#2845=DIRECTION('',(1.,0.,0.));
#2846=DIRECTION('',(-1.,0.,0.));
#2847=DIRECTION('',(0.,1.,0.));
#2848=DIRECTION('',(1.,0.,0.));
#2849=DIRECTION('',(0.,-1.,0.));
#2850=DIRECTION('',(1.,0.,0.));
#2851=DIRECTION('',(0.,1.,0.));
#2852=DIRECTION('',(1.,0.,0.));
#2853=DIRECTION('',(0.,1.,0.));
#2854=DIRECTION('',(1.,0.,0.));
#2855=DIRECTION('',(0.,-1.,0.));
#2856=DIRECTION('',(1.,0.,0.));
#2857=DIRECTION('',(0.,0.,-1.));
#2858=DIRECTION('',(0.,1.,0.));
#2859=DIRECTION('',(0.,-1.,0.));
#2860=DIRECTION('',(-1.,0.,0.));
#2861=DIRECTION('',(0.,-1.,0.));
#2862=DIRECTION('',(1.,0.,0.));
#2863=DIRECTION('',(0.,0.,-1.));
#2864=DIRECTION('',(0.,1.,0.));
#2865=DIRECTION('',(0.,1.,0.));
#2866=DIRECTION('',(-1.,0.,0.));
#2867=DIRECTION('',(-1.91417762866406E-16,-1.,0.));
#2868=DIRECTION('',(0.,0.,-1.));
#2869=DIRECTION('',(0.,1.,0.));
#2870=DIRECTION('',(1.,0.,0.));
#2871=DIRECTION('',(0.,0.,-1.));
#2872=DIRECTION('',(0.,1.,0.));
#2873=DIRECTION('',(1.91417762866406E-16,1.,0.));
#2874=DIRECTION('',(-1.,0.,0.));
#2875=DIRECTION('',(0.,-1.,0.));
#2876=DIRECTION('',(0.,0.,-1.));
#2877=DIRECTION('',(0.,1.,0.));
#2878=DIRECTION('',(1.,0.,0.));
#2879=DIRECTION('',(0.,0.,-1.));
#2880=DIRECTION('',(0.,1.,0.));
#2881=DIRECTION('',(0.,-1.,0.));
#2882=DIRECTION('',(1.,0.,0.));
#2883=DIRECTION('',(0.,-1.,0.));
#2884=DIRECTION('',(-1.,0.,0.));
#2885=DIRECTION('',(0.,0.,-1.));
#2886=DIRECTION('',(0.,1.,0.));
#2887=DIRECTION('',(0.,1.,0.));
#2888=DIRECTION('',(-1.,0.,0.));
#2889=DIRECTION('',(-1.91417762866406E-16,-1.,0.));
#2890=DIRECTION('',(0.,0.,-1.));
#2891=DIRECTION('',(0.,1.,0.));
#2892=DIRECTION('',(-1.,0.,0.));
#2893=DIRECTION('',(0.,0.,-1.));
#2894=DIRECTION('',(0.,1.,0.));
#2895=DIRECTION('',(1.91417762866406E-16,1.,0.));
#2896=DIRECTION('',(-1.,0.,0.));
#2897=DIRECTION('',(0.,-1.,0.));
#2898=DIRECTION('',(0.,0.,-1.));
#2899=DIRECTION('',(0.,1.,0.));
#2900=DIRECTION('',(-1.,0.,0.));
#2901=DIRECTION('',(0.,0.985855846669817,-0.167595493933869));
#2902=DIRECTION('',(0.,0.167595493933869,0.985855846669818));
#2903=DIRECTION('',(-1.,0.,0.));
#2904=DIRECTION('',(3.20807545153116E-17,0.167595493933869,0.985855846669818));
#2905=DIRECTION('',(1.,0.,0.));
#2906=DIRECTION('',(-3.20807545153116E-17,-0.167595493933869,-0.985855846669818));
#2907=DIRECTION('',(-1.,0.,0.));
#2908=DIRECTION('',(0.,0.167595493933869,0.985855846669818));
#2909=DIRECTION('',(-1.,0.,0.));
#2910=DIRECTION('',(-1.,0.,0.));
#2911=DIRECTION('',(-1.,0.,0.));
#2912=DIRECTION('',(0.,-0.167595493933869,-0.985855846669818));
#2913=DIRECTION('',(0.,-1.,0.));
#2914=DIRECTION('',(-1.,0.,0.));
#2915=DIRECTION('',(0.,-1.,0.));
#2916=DIRECTION('',(-1.,0.,0.));
#2917=DIRECTION('',(0.,1.,0.));
#2918=DIRECTION('',(1.,0.,0.));
#2919=DIRECTION('',(0.,-1.,0.));
#2920=DIRECTION('',(-1.,0.,0.));
#2921=DIRECTION('',(0.,1.,0.));
#2922=DIRECTION('',(-1.,0.,0.));
#2923=DIRECTION('',(0.,1.,0.));
#2924=DIRECTION('',(1.,0.,0.));
#2925=DIRECTION('',(-1.,0.,0.));
#2926=DIRECTION('',(0.,1.,0.));
#2927=DIRECTION('',(0.,1.,0.));
#2928=DIRECTION('',(0.,0.,-1.));
#2929=DIRECTION('',(-1.,0.,0.));
#2930=DIRECTION('',(0.,1.,0.));
#2931=DIRECTION('',(0.,-0.17364817766693,-0.984807753012208));
#2932=DIRECTION('',(-1.,0.,0.));
#2933=DIRECTION('',(0.,1.,0.));
#2934=DIRECTION('',(0.,-1.,0.));
#2935=DIRECTION('',(0.,0.,1.));
#2936=DIRECTION('',(0.,1.,0.));
#2937=DIRECTION('',(-1.,0.,0.));
#2938=DIRECTION('',(0.,1.,0.));
#2939=DIRECTION('',(0.,0.167595493933869,0.985855846669818));
#2940=DIRECTION('',(-1.,0.,0.));
#2941=DIRECTION('',(0.,1.,0.));
#2942=DIRECTION('',(0.,0.,1.));
#2943=DIRECTION('',(0.,1.,0.));
#2944=DIRECTION('',(-1.,0.,0.));
#2945=DIRECTION('',(0.,1.,0.));
#2946=DIRECTION('',(0.,0.17364817766693,0.984807753012208));
#2947=DIRECTION('',(-1.,0.,0.));
#2948=DIRECTION('',(0.,1.,0.));
#2949=DIRECTION('',(0.,0.,1.));
#2950=DIRECTION('',(0.,-1.,0.));
#2951=DIRECTION('',(0.,-0.167595493933869,-0.985855846669818));
#2952=DIRECTION('',(-1.,0.,0.));
#2953=DIRECTION('',(0.,1.,0.));
#2954=DIRECTION('',(0.,-1.,0.));
#2955=DIRECTION('',(0.,1.,0.));
#2956=DIRECTION('',(1.,0.,0.));
#2957=DIRECTION('',(0.,1.,0.));
#2958=DIRECTION('',(1.,0.,0.));
#2959=DIRECTION('',(0.,1.,0.));
#2960=DIRECTION('',(1.,0.,0.));
#2961=DIRECTION('',(0.,1.,0.));
#2962=DIRECTION('',(1.,0.,0.));
#2963=DIRECTION('',(0.,1.,0.));
#2964=DIRECTION('',(1.,0.,0.));
#2965=DIRECTION('',(0.,1.,0.));
#2966=DIRECTION('',(1.,0.,0.));
#2967=DIRECTION('',(0.,1.,0.));
#2968=DIRECTION('',(1.,0.,0.));
#2969=DIRECTION('',(0.,1.,0.));
#2970=DIRECTION('',(1.,0.,0.));
#2971=DIRECTION('',(0.,1.,0.));
#2972=DIRECTION('',(1.,0.,0.));
#2973=DIRECTION('',(0.,1.,0.));
#2974=DIRECTION('',(1.,0.,0.));
#2975=DIRECTION('',(0.,1.,0.));
#2976=DIRECTION('',(1.,0.,0.));
#2977=DIRECTION('',(0.,1.,0.));
#2978=DIRECTION('',(1.,0.,0.));
#2979=DIRECTION('',(1.,0.,0.));
#2980=DIRECTION('',(0.,1.,0.));
#2981=DIRECTION('',(1.,0.,0.));
#2982=DIRECTION('',(0.,0.,-1.));
#2983=DIRECTION('',(0.,1.,0.));
#2984=DIRECTION('',(1.,0.,0.));
#2985=DIRECTION('',(0.,0.,-1.));
#2986=DIRECTION('',(0.,1.,0.));
#2987=DIRECTION('',(1.,0.,0.));
#2988=DIRECTION('',(1.,0.,0.));
#2989=DIRECTION('',(0.,1.,0.));
#2990=DIRECTION('',(1.,0.,0.));
#2991=DIRECTION('',(0.,-1.,0.));
#2992=DIRECTION('',(-1.,0.,0.));
#2993=DIRECTION('',(0.,-1.,0.));
#2994=DIRECTION('',(0.,1.,0.));
#2995=DIRECTION('',(1.,0.,0.));
#2996=DIRECTION('',(0.,-1.,0.));
#2997=DIRECTION('',(0.,1.,0.));
#2998=DIRECTION('',(1.,0.,0.));
#2999=DIRECTION('',(0.,1.,0.));
#3000=DIRECTION('',(1.,0.,0.));
#3001=DIRECTION('',(0.,1.,0.));
#3002=DIRECTION('',(1.,0.,0.));
#3003=DIRECTION('',(0.,1.,0.));
#3004=DIRECTION('',(1.,0.,0.));
#3005=DIRECTION('',(0.,1.,0.));
#3006=DIRECTION('',(1.,0.,0.));
#3007=DIRECTION('',(0.,1.,0.));
#3008=DIRECTION('',(1.,0.,0.));
#3009=DIRECTION('',(0.,1.,0.));
#3010=DIRECTION('',(1.,0.,0.));
#3011=DIRECTION('',(0.,1.,0.));
#3012=DIRECTION('',(1.,0.,0.));
#3013=DIRECTION('',(0.,-1.,0.));
#3014=DIRECTION('',(1.,0.,0.));
#3015=DIRECTION('',(0.,1.,0.));
#3016=DIRECTION('',(1.,0.,0.));
#3017=DIRECTION('',(0.,-1.,0.));
#3018=DIRECTION('',(1.,0.,0.));
#3019=DIRECTION('',(0.,-1.,0.));
#3020=DIRECTION('',(-1.,0.,0.));
#3021=DIRECTION('',(0.,1.,0.));
#3022=DIRECTION('',(1.,0.,0.));
#3023=DIRECTION('',(0.,1.,0.));
#3024=DIRECTION('',(1.,0.,0.));
#3025=DIRECTION('',(0.,-1.,0.));
#3026=DIRECTION('',(-1.,0.,0.));
#3027=DIRECTION('',(0.,1.,0.));
#3028=DIRECTION('',(1.,0.,0.));
#3029=DIRECTION('',(0.,1.,0.));
#3030=DIRECTION('',(1.,0.,0.));
#3031=DIRECTION('',(0.,-1.,0.));
#3032=DIRECTION('',(-1.,0.,0.));
#3033=DIRECTION('',(0.,-1.,0.));
#3034=DIRECTION('',(1.,0.,0.));
#3035=DIRECTION('',(0.,1.,0.));
#3036=DIRECTION('',(1.,0.,0.));
#3037=DIRECTION('',(0.,-1.,0.));
#3038=DIRECTION('',(-1.,0.,0.));
#3039=DIRECTION('',(0.,-1.,0.));
#3040=DIRECTION('',(1.,0.,0.));
#3041=DIRECTION('',(0.,1.,0.));
#3042=DIRECTION('',(1.,0.,0.));
#3043=DIRECTION('',(0.,1.,0.));
#3044=DIRECTION('',(1.,0.,0.));
#3045=DIRECTION('',(0.,-1.,0.));
#3046=DIRECTION('',(-1.,0.,0.));
#3047=DIRECTION('',(0.,-1.,0.));
#3048=DIRECTION('',(1.,0.,0.));
#3049=DIRECTION('',(0.,-1.,0.));
#3050=DIRECTION('',(-1.,0.,0.));
#3051=DIRECTION('',(-1.,0.,0.));
#3052=DIRECTION('',(0.,-1.,0.));
#3053=DIRECTION('',(-1.,0.,0.));
#3054=DIRECTION('',(0.,0.,-1.));
#3055=DIRECTION('',(0.,-1.,0.));
#3056=DIRECTION('',(-1.,0.,0.));
#3057=DIRECTION('',(1.,0.,0.));
#3058=DIRECTION('',(0.,-1.,0.));
#3059=DIRECTION('',(-1.,0.,0.));
#3060=DIRECTION('',(0.,0.,1.));
#3061=DIRECTION('',(0.,-1.,0.));
#3062=DIRECTION('',(-1.,0.,0.));
#3063=DIRECTION('',(0.,0.,1.));
#3064=DIRECTION('',(0.,-1.,0.));
#3065=DIRECTION('',(0.,1.,0.));
#3066=DIRECTION('',(1.,0.,0.));
#3067=DIRECTION('',(0.,-1.,0.));
#3068=DIRECTION('',(0.,0.,1.));
#3069=DIRECTION('',(0.,-1.,0.));
#3070=DIRECTION('',(0.,-1.,0.));
#3071=DIRECTION('',(1.,0.,0.));
#3072=DIRECTION('',(0.,-1.,0.));
#3073=DIRECTION('',(-1.,0.,0.));
#3074=DIRECTION('',(0.,1.,0.));
#3075=DIRECTION('',(0.,-1.,0.));
#3076=DIRECTION('',(0.,0.,-1.));
#3077=DIRECTION('',(0.,-1.,0.));
#3078=DIRECTION('',(0.,0.,1.));
#3079=DIRECTION('',(0.,-1.,0.));
#3080=DIRECTION('',(1.,0.,0.));
#3081=DIRECTION('',(0.,1.,0.));
#3082=DIRECTION('',(1.,0.,0.));
#3083=DIRECTION('',(0.,0.,-1.));
#3084=DIRECTION('',(0.,-1.,0.));
#3085=DIRECTION('',(-1.,0.,0.));
#3086=DIRECTION('',(-1.,0.,0.));
#3087=DIRECTION('',(0.,0.,1.));
#3088=DIRECTION('',(-1.,0.,0.));
#3089=DIRECTION('',(0.,1.,0.));
#3090=DIRECTION('',(0.,-1.,0.));
#3091=DIRECTION('',(0.,0.,1.));
#3092=DIRECTION('',(0.,-1.,0.));
#3093=DIRECTION('',(0.,0.,-1.));
#3094=DIRECTION('',(0.,-1.,0.));
#3095=DIRECTION('',(1.,0.,0.));
#3096=DIRECTION('',(0.,1.,0.));
#3097=DIRECTION('',(1.,0.,0.));
#3098=DIRECTION('',(0.,0.,1.));
#3099=DIRECTION('',(0.,-1.,0.));
#3100=DIRECTION('',(-1.,0.,0.));
#3101=DIRECTION('',(1.,0.,0.));
#3102=DIRECTION('',(0.,0.,1.));
#3103=DIRECTION('',(0.,1.,0.));
#3104=DIRECTION('',(1.,0.,0.));
#3105=DIRECTION('',(0.,1.,0.));
#3106=DIRECTION('',(1.,0.,0.));
#3107=DIRECTION('',(-0.707106781186548,0.707106781186548,0.));
#3108=DIRECTION('',(0.707106781186548,0.707106781186548,0.));
#3109=DIRECTION('',(0.,1.,0.));
#3110=DIRECTION('',(1.,0.,0.));
#3111=DIRECTION('',(0.,1.,0.));
#3112=DIRECTION('',(1.,0.,0.));
#3113=DIRECTION('',(0.,1.,0.));
#3114=DIRECTION('',(1.,0.,0.));
#3115=DIRECTION('',(0.,1.,0.));
#3116=DIRECTION('',(1.,0.,0.));
#3117=DIRECTION('',(-0.707106781186548,-0.707106781186548,0.));
#3118=DIRECTION('',(-0.707106781186548,0.707106781186548,0.));
#3119=DIRECTION('',(0.,-1.,0.));
#3120=DIRECTION('',(-1.,0.,0.));
#3121=DIRECTION('',(0.,0.,-1.));
#3122=DIRECTION('',(-1.,0.,0.));
#3123=DIRECTION('',(0.,0.,-1.));
#3124=DIRECTION('',(1.,0.,0.));
#3125=DIRECTION('',(0.,1.,0.));
#3126=DIRECTION('',(1.,0.,0.));
#3127=DIRECTION('',(0.,0.,1.));
#3128=DIRECTION('',(0.,-1.,0.));
#3129=DIRECTION('',(1.91417762866406E-16,1.,0.));
#3130=DIRECTION('',(1.,0.,0.));
#3131=DIRECTION('',(1.91417762866406E-16,1.,0.));
#3132=DIRECTION('',(-1.,0.,0.));
#3133=DIRECTION('',(-1.,1.91417762866406E-16,0.));
#3134=DIRECTION('',(1.91417762866406E-16,1.,0.));
#3135=DIRECTION('',(1.91417762866406E-16,1.,0.));
#3136=DIRECTION('',(0.,0.,-1.));
#3137=DIRECTION('',(1.35352798162394E-16,0.707106781186547,0.707106781186548));
#3138=DIRECTION('',(1.91417762866406E-16,1.,0.));
#3139=DIRECTION('',(3.32393456948321E-17,0.17364817766693,0.984807753012208));
#3140=DIRECTION('',(-1.,1.91417762866406E-16,0.));
#3141=DIRECTION('',(1.91417762866406E-16,1.,0.));
#3142=DIRECTION('',(0.,0.,1.));
#3143=DIRECTION('',(1.91417762866406E-16,1.,0.));
#3144=DIRECTION('',(-3.20807545153116E-17,-0.167595493933869,-0.985855846669818));
#3145=DIRECTION('',(-1.,1.91417762866406E-16,0.));
#3146=DIRECTION('',(1.91417762866406E-16,1.,0.));
#3147=DIRECTION('',(-1.91417762866406E-16,-1.,0.));
#3148=DIRECTION('',(0.,0.,-1.));
#3149=DIRECTION('',(0.,1.,0.));
#3150=DIRECTION('',(1.,0.,0.));
#3151=DIRECTION('',(0.,1.,0.));
#3152=DIRECTION('',(1.,0.,0.));
#3153=DIRECTION('',(0.,1.,0.));
#3154=DIRECTION('',(1.,0.,0.));
#3155=DIRECTION('',(0.,1.,0.));
#3156=DIRECTION('',(1.,0.,0.));
#3157=DIRECTION('',(0.,1.,0.));
#3158=DIRECTION('',(1.,0.,0.));
#3159=DIRECTION('',(0.,1.,0.));
#3160=DIRECTION('',(1.,0.,0.));
#3161=DIRECTION('',(0.,0.,-1.));
#3162=DIRECTION('',(-1.,0.,0.));
#3163=DIRECTION('',(0.,0.,-1.));
#3164=DIRECTION('',(1.,0.,0.));
#3165=DIRECTION('',(0.,0.,1.));
#3166=DIRECTION('',(0.,-1.,0.));
#3167=DIRECTION('',(1.,0.,0.));
#3168=DIRECTION('',(1.91417762866406E-16,1.,0.));
#3169=DIRECTION('',(0.701673843159864,0.712498293208669,0.));
#3170=DIRECTION('',(-1.,0.,0.));
#3171=DIRECTION('',(-0.701673843159864,0.712498293208669,0.));
#3172=DIRECTION('',(1.91417762866406E-16,1.,0.));
#3173=DIRECTION('',(1.,0.,0.));
#3174=DIRECTION('',(0.,-1.,0.));
#3175=DIRECTION('',(-1.,0.,0.));
#3176=DIRECTION('',(0.,1.,0.));
#3177=DIRECTION('',(-1.,0.,0.));
#3178=DIRECTION('',(0.,1.,0.));
#3179=DIRECTION('',(1.,0.,0.));
#3180=DIRECTION('',(0.,-1.,0.));
#3181=DIRECTION('',(-1.,0.,0.));
#3182=DIRECTION('',(0.,1.,0.));
#3183=DIRECTION('',(-1.,0.,0.));
#3184=DIRECTION('',(0.,1.,0.));
#3185=DIRECTION('',(0.,-0.984807753012208,0.17364817766693));
#3186=DIRECTION('',(1.,0.,0.));
#3187=DIRECTION('',(-1.,0.,0.));
#3188=DIRECTION('',(3.32393456948321E-17,0.17364817766693,0.984807753012208));
#3189=DIRECTION('',(-1.,0.,0.));
#3190=DIRECTION('',(-3.32393456948321E-17,-0.17364817766693,-0.984807753012208));
#3191=DIRECTION('',(-1.,0.,0.));
#3192=DIRECTION('',(0.,0.17364817766693,0.984807753012208));
#3193=DIRECTION('',(1.,0.,0.));
#3194=DIRECTION('',(0.,-0.17364817766693,-0.984807753012208));
#3195=DIRECTION('',(0.,1.,0.));
#3196=DIRECTION('',(1.,0.,0.));
#3197=DIRECTION('',(0.,1.,0.));
#3198=DIRECTION('',(1.,0.,0.));
#3199=DIRECTION('',(0.,-1.,0.));
#3200=DIRECTION('',(-1.,0.,0.));
#3201=DIRECTION('',(0.,1.,0.));
#3202=DIRECTION('',(1.,0.,0.));
#3203=DIRECTION('',(0.,-1.,0.));
#3204=DIRECTION('',(-1.,0.,0.));
#3205=DIRECTION('',(0.,1.,0.));
#3206=DIRECTION('',(1.,0.,0.));
#3207=DIRECTION('',(0.,0.,1.));
#3208=DIRECTION('',(0.,-1.,0.));
#3209=DIRECTION('',(0.,0.,-1.));
#3210=DIRECTION('',(0.,1.,0.));
#3211=DIRECTION('',(0.,0.,-1.));
#3212=DIRECTION('',(0.,1.,0.));
#3213=DIRECTION('',(0.,0.,-1.));
#3214=DIRECTION('',(0.,1.,0.));
#3215=DIRECTION('',(0.,0.,-1.));
#3216=DIRECTION('',(0.,1.,0.));
#3217=DIRECTION('',(0.,0.,-1.));
#3218=DIRECTION('',(0.,1.,0.));
#3219=DIRECTION('',(-1.91417762866406E-16,-1.,0.));
#3220=DIRECTION('',(-1.,1.91417762866406E-16,0.));
#3221=DIRECTION('',(5.78241158658936E-16,1.,0.));
#3222=DIRECTION('',(1.,-5.78241158658936E-16,0.));
#3223=DIRECTION('',(1.91417762866406E-16,1.,0.));
#3224=DIRECTION('',(1.,-1.91417762866406E-16,0.));
#3225=DIRECTION('',(0.,1.,0.));
#3226=DIRECTION('',(1.,0.,0.));
#3227=DIRECTION('',(0.,1.,0.));
#3228=DIRECTION('',(1.,0.,0.));
#3229=DIRECTION('',(0.,-1.,0.));
#3230=DIRECTION('',(-1.,0.,0.));
#3231=DIRECTION('',(0.,-1.,0.));
#3232=DIRECTION('',(-1.,0.,0.));
#3233=DIRECTION('',(0.,-1.,0.));
#3234=DIRECTION('',(-1.,0.,0.));
#3235=DIRECTION('',(0.,-1.,0.));
#3236=DIRECTION('',(-1.,0.,0.));
#3237=DIRECTION('',(0.,-1.,0.));
#3238=DIRECTION('',(-1.,0.,0.));
#3239=DIRECTION('',(0.,-1.,0.));
#3240=DIRECTION('',(-1.,0.,0.));
#3241=DIRECTION('',(0.,-1.,0.));
#3242=DIRECTION('',(-1.,0.,0.));
#3243=DIRECTION('',(0.,-1.,0.));
#3244=DIRECTION('',(-1.,0.,0.));
#3245=DIRECTION('',(0.,1.,0.));
#3246=DIRECTION('',(1.,0.,0.));
#3247=DIRECTION('',(0.,-1.,0.));
#3248=DIRECTION('',(-1.,0.,0.));
#3249=DIRECTION('',(0.,-1.,0.));
#3250=DIRECTION('',(-1.,0.,0.));
#3251=DIRECTION('',(0.,0.,-1.));
#3252=DIRECTION('',(0.,1.,0.));
#3253=DIRECTION('',(0.,0.,-1.));
#3254=DIRECTION('',(0.,1.,0.));
#3255=DIRECTION('',(0.,0.,-1.));
#3256=DIRECTION('',(0.,1.,0.));
#3257=DIRECTION('',(0.,0.,1.));
#3258=DIRECTION('',(0.,-1.,0.));
#3259=DIRECTION('',(0.,0.,-1.));
#3260=DIRECTION('',(0.,1.,0.));
#3261=DIRECTION('',(0.,0.,-1.));
#3262=DIRECTION('',(0.,1.,0.));
#3263=DIRECTION('',(1.,0.,0.));
#3264=DIRECTION('',(0.,-1.,0.));
#3265=DIRECTION('',(-1.,0.,0.));
#3266=DIRECTION('',(0.,1.,0.));
#3267=DIRECTION('',(-1.,0.,0.));
#3268=DIRECTION('',(0.,1.,0.));
#3269=DIRECTION('',(1.,0.,0.));
#3270=DIRECTION('',(0.,-1.,0.));
#3271=DIRECTION('',(-1.,0.,0.));
#3272=DIRECTION('',(0.,1.,0.));
#3273=DIRECTION('',(-1.,0.,0.));
#3274=DIRECTION('',(0.,1.,0.));
#3275=DIRECTION('',(-1.,0.,0.));
#3276=DIRECTION('',(0.,1.,0.));
#3277=DIRECTION('',(-1.,0.,0.));
#3278=DIRECTION('',(-1.,0.,0.));
#3279=DIRECTION('',(0.,1.,0.));
#3280=DIRECTION('',(-1.,0.,0.));
#3281=DIRECTION('',(0.,1.,0.));
#3282=DIRECTION('',(-1.,0.,0.));
#3283=DIRECTION('',(0.,1.,0.));
#3284=DIRECTION('',(-1.,0.,0.));
#3285=DIRECTION('',(0.,1.,0.));
#3286=DIRECTION('',(0.707106781186544,-1.35352798162394E-16,0.707106781186551));
#3287=DIRECTION('',(1.91417762866406E-16,1.,0.));
#3288=DIRECTION('',(-0.707106781186551,0.,0.707106781186544));
#3289=DIRECTION('',(0.707106781186551,0.,-0.707106781186544));
#3290=DIRECTION('',(0.707106781186544,-1.35352798162394E-16,0.707106781186551));
#3291=DIRECTION('',(0.707106781186551,-1.35352798162395E-16,-0.707106781186544));
#3292=DIRECTION('',(0.,0.,-1.));
#3293=DIRECTION('',(0.,1.,0.));
#3294=DIRECTION('',(0.,-0.707106781186548,-0.707106781186548));
#3295=DIRECTION('',(1.,0.,0.));
#3296=DIRECTION('',(0.,-1.,0.));
#3297=DIRECTION('',(0.,0.707106781186544,-0.707106781186551));
#3298=DIRECTION('',(1.,0.,0.));
#3299=DIRECTION('',(0.,-0.707106781186551,-0.707106781186544));
#3300=DIRECTION('',(0.,-0.596636461497176,-0.802511640296967));
#3301=DIRECTION('',(-1.,0.,0.));
#3302=DIRECTION('',(0.,0.,-1.));
#3303=DIRECTION('',(0.,1.,0.));
#3304=DIRECTION('',(-0.707106781186548,0.,-0.707106781186547));
#3305=DIRECTION('',(-1.,0.,0.));
#3306=DIRECTION('',(0.,1.,0.));
#3307=DIRECTION('',(0.70710678118641,0.,0.707106781186685));
#3308=DIRECTION('',(0.707106781186545,-1.35352798162394E-16,-0.70710678118655));
#3309=DIRECTION('',(-1.91417762866406E-16,-1.,0.));
#3310=DIRECTION('',(0.707106781186545,-1.35352798162394E-16,-0.70710678118655));
#3311=DIRECTION('',(0.70710678118655,-1.35352798162395E-16,0.707106781186545));
#3312=DIRECTION('',(1.,0.,0.));
#3313=DIRECTION('',(0.,-1.,0.));
#3314=DIRECTION('',(0.707106781186547,0.696364240320019,-0.122787803968973));
#3315=DIRECTION('',(-0.707106781186547,-0.707106781186548,0.));
#3316=DIRECTION('',(0.707106781186547,-0.707106781186548,0.));
#3317=DIRECTION('',(0.,0.,-1.));
#3318=DIRECTION('',(-0.707106781186548,-0.707106781186547,0.));
#3319=DIRECTION('',(-0.707106781186547,0.696364240320019,-0.122787803968973));
#3320=DIRECTION('',(3.32393456948321E-17,0.17364817766693,0.984807753012208));
#3321=DIRECTION('',(-0.608120402411343,-0.510273605374737,0.608120402411343));
#3322=DIRECTION('',(-0.707106781186547,0.696364240320019,-0.122787803968973));
#3323=DIRECTION('',(-0.686096888803443,-0.717688543034876,-0.119139474443669));
#3324=DIRECTION('',(0.,1.,0.));
#3325=DIRECTION('',(1.,0.,0.));
#3326=DIRECTION('',(4.088782444489E-16,-0.707106781186546,-0.70710678118655));
#3327=DIRECTION('',(0.,0.766044443118978,0.642787609686539));
#3328=DIRECTION('',(1.,0.,0.));
#3329=DIRECTION('',(-0.608120402411344,0.510273605374736,-0.608120402411343));
#3330=DIRECTION('',(0.,0.707106781186548,-0.707106781186547));
#3331=DIRECTION('',(-1.,0.,0.));
#3332=DIRECTION('',(0.,-0.707106781186547,-0.707106781186548));
#3333=DIRECTION('',(-0.707106781186547,-0.69636424032002,0.122787803968973));
#3334=DIRECTION('',(3.32393456948321E-17,0.17364817766693,0.984807753012208));
#3335=DIRECTION('',(-0.707106781186548,0.696364240320019,-0.122787803968973));
#3336=DIRECTION('',(-0.707106781186547,-0.69636424032002,0.122787803968973));
#3337=DIRECTION('',(-0.686096888803443,0.717688543034875,0.119139474443669));
#3338=DIRECTION('',(5.78241158658936E-16,1.,0.));
#3339=DIRECTION('',(1.,-5.78241158658936E-16,0.));
#3340=DIRECTION('',(0.707106781186548,-0.707106781186547,0.));
#3341=DIRECTION('',(-1.,0.,0.));
#3342=DIRECTION('',(0.,1.,0.));
#3343=DIRECTION('',(-0.707106781186548,0.707106781186547,0.));
#3344=DIRECTION('',(0.707106781186547,0.707106781186548,0.));
#3345=DIRECTION('',(0.,0.,1.));
#3346=DIRECTION('',(-0.707106781186548,-0.697105354452633,0.118507910256948));
#3347=DIRECTION('',(-3.20807545153116E-17,-0.167595493933869,-0.985855846669818));
#3348=DIRECTION('',(-0.707106781186546,0.697105354452635,-0.118507910256947));
#3349=DIRECTION('',(-1.,0.,0.));
#3350=DIRECTION('',(0.,1.,0.));
#3351=DIRECTION('',(-0.707106781186547,0.,-0.707106781186548));
#3352=DIRECTION('',(-0.707106781186551,1.35352798162395E-16,0.707106781186545));
#3353=DIRECTION('',(-1.91417762866406E-16,-1.,0.));
#3354=DIRECTION('',(-0.707106781186545,0.,-0.707106781186551));
#3355=DIRECTION('',(0.,0.764066585427563,0.645137390819246));
#3356=DIRECTION('',(1.,0.,0.));
#3357=DIRECTION('',(0.,0.,1.));
#3358=DIRECTION('',(0.,-1.,0.));
#3359=DIRECTION('',(0.,0.707106781186548,-0.707106781186548));
#3360=DIRECTION('',(0.,-0.707106781186551,-0.707106781186544));
#3361=DIRECTION('',(-1.,0.,0.));
#3362=DIRECTION('',(0.,0.707106781186544,-0.707106781186551));
#3363=DIRECTION('',(-0.707106781186547,0.697105354452634,-0.118507910256948));
#3364=DIRECTION('',(3.20807545153116E-17,0.167595493933869,0.985855846669818));
#3365=DIRECTION('',(-0.707106781186548,-0.697105354452632,0.118507910256947));
#3366=DIRECTION('',(0.,0.,1.));
#3367=DIRECTION('',(0.,-1.,0.));
#3368=DIRECTION('',(0.707106781186548,0.,-0.707106781186547));
#3369=DIRECTION('',(1.,0.,0.));
#3370=DIRECTION('',(0.,-1.,0.));
#3371=DIRECTION('',(-0.707106781186546,0.,0.70710678118655));
#3372=DIRECTION('',(-0.707106781186552,1.35352798162395E-16,-0.707106781186543));
#3373=DIRECTION('',(1.91417762866406E-16,1.,0.));
#3374=DIRECTION('',(0.,-0.707106781186548,0.707106781186547));
#3375=DIRECTION('',(1.,0.,0.));
#3376=DIRECTION('',(-1.35352798162394E-16,-0.707106781186547,-0.707106781186548));
#3377=DIRECTION('',(1.35352798162394E-16,0.707106781186547,0.707106781186548));
#3378=DIRECTION('',(-0.707106781186547,-0.697105354452634,0.118507910256948));
#3379=DIRECTION('',(0.,0.167595493933869,0.985855846669818));
#3380=DIRECTION('',(-0.707106781186549,0.697105354452632,-0.118507910256947));
#3381=DIRECTION('',(-1.,0.,0.));
#3382=DIRECTION('',(0.,1.,0.));
#3383=DIRECTION('',(-0.707106781186547,0.,-0.707106781186548));
#3384=DIRECTION('',(-0.707106781186548,0.,0.707106781186547));
#3385=DIRECTION('',(0.,-1.,0.));
#3386=DIRECTION('',(-0.707106781186547,0.,-0.707106781186548));
#3387=DIRECTION('',(0.,-0.645137390819247,0.764066585427562));
#3388=DIRECTION('',(1.,0.,0.));
#3389=DIRECTION('',(0.,0.,1.));
#3390=DIRECTION('',(0.,-1.,0.));
#3391=DIRECTION('',(0.,0.707106781186548,-0.707106781186548));
#3392=DIRECTION('',(0.,-0.707106781186548,-0.707106781186548));
#3393=DIRECTION('',(-1.,0.,0.));
#3394=DIRECTION('',(0.,0.707106781186548,-0.707106781186548));
#3395=DIRECTION('',(0.,-1.,0.));
#3396=DIRECTION('',(-1.,0.,0.));
#3397=DIRECTION('',(0.589745909481693,-0.707106781249308,0.39012787924071));
#3398=DIRECTION('',(0.,-1.,0.));
#3399=DIRECTION('',(-1.,0.,0.));
#3400=DIRECTION('',(0.707106781186547,0.707106781186548,0.));
#3401=DIRECTION('',(0.,1.,0.));
#3402=DIRECTION('',(1.,0.,0.));
#3403=DIRECTION('',(-0.589745909534037,-0.707106781186548,0.390127879275336));
#3404=DIRECTION('',(-0.707106781186548,0.707106781186548,0.));
#3405=DIRECTION('',(0.,0.,1.));
#3406=DIRECTION('',(0.707106781186548,0.707106781186548,0.));
#3407=DIRECTION('',(0.,-1.,0.));
#3408=DIRECTION('',(-1.,0.,0.));
#3409=DIRECTION('',(0.,-1.,0.));
#3410=DIRECTION('',(-1.,0.,0.));
#3411=DIRECTION('',(0.,0.707106781186548,0.707106781186548));
#3412=DIRECTION('',(0.,0.707106781186548,-0.707106781186548));
#3413=DIRECTION('',(1.,0.,0.));
#3414=DIRECTION('',(0.,0.707106781186548,0.707106781186548));
#3415=DIRECTION('',(0.,-0.645137390819247,0.764066585427562));
#3416=DIRECTION('',(1.,0.,0.));
#3417=DIRECTION('',(0.,0.,-1.));
#3418=DIRECTION('',(0.,1.,0.));
#3419=DIRECTION('',(-0.707106781186547,0.,0.707106781186548));
#3420=DIRECTION('',(0.707106781186548,0.,0.707106781186547));
#3421=DIRECTION('',(0.,-1.,0.));
#3422=DIRECTION('',(-0.707106781186547,0.,0.707106781186548));
#3423=DIRECTION('',(-0.707106781186547,0.697105354452634,-0.118507910256948));
#3424=DIRECTION('',(0.,0.167595493933869,0.985855846669818));
#3425=DIRECTION('',(-0.707106781186548,-0.697105354452632,0.118507910256947));
#3426=DIRECTION('',(1.,0.,0.));
#3427=DIRECTION('',(0.,-1.,0.));
#3428=DIRECTION('',(-0.707106781186548,-0.696364240320018,0.122787803968973));
#3429=DIRECTION('',(1.,0.,0.));
#3430=DIRECTION('',(0.,-1.,0.));
#3431=DIRECTION('',(-0.707106781186548,0.,0.707106781186548));
#3432=DIRECTION('',(-0.707106781186548,0.696364240320018,-0.122787803968973));
#3433=DIRECTION('',(0.,0.17364817766693,0.984807753012208));
#3434=DIRECTION('',(-0.707106781186547,-0.696364240320019,0.122787803968973));
#3435=DIRECTION('',(-0.707106781186548,0.,-0.707106781186548));
#3436=DIRECTION('',(0.,1.,0.));
#3437=DIRECTION('',(-0.707106781186548,0.,0.707106781186548));
#3438=DIRECTION('',(1.,0.,0.));
#3439=DIRECTION('',(0.,-1.,0.));
#3440=DIRECTION('',(-0.707106781186548,-0.707106781186547,0.));
#3441=DIRECTION('',(0.,0.,1.));
#3442=DIRECTION('',(0.,-1.,0.));
#3443=DIRECTION('',(0.,-0.707106781186548,0.707106781186548));
#3444=DIRECTION('',(0.707106781186547,-0.707106781186548,0.));
#3445=DIRECTION('',(0.,0.,-1.));
#3446=DIRECTION('',(-0.707106781186548,-0.707106781186547,-2.40997836688468E-18));
#3447=DIRECTION('',(0.,-0.707106781186548,-0.707106781186548));
#3448=DIRECTION('',(-1.,0.,0.));
#3449=DIRECTION('',(0.,-0.707106781186548,0.707106781186548));
#3450=DIRECTION('',(0.,-1.,0.));
#3451=DIRECTION('',(-1.,0.,0.));
#3452=DIRECTION('',(0.707106781186548,-0.707106781186548,0.));
#3453=DIRECTION('',(0.,-1.,0.));
#3454=DIRECTION('',(-1.,0.,0.));
#3455=DIRECTION('',(0.707106781186548,-0.707106781186548,0.));
#3456=DIRECTION('',(0.707106781186548,0.707106781186548,0.));
#3457=DIRECTION('',(0.,0.,1.));
#3458=DIRECTION('',(0.707106781186548,-0.707106781186548,0.));
#3459=DIRECTION('',(-0.707106781186548,-0.707106781186548,0.));
#3460=DIRECTION('',(0.,0.,-1.));
#3461=DIRECTION('',(0.707106781186548,-0.707106781186548,0.));
#3462=DIRECTION('',(-1.,0.,0.));
#3463=DIRECTION('',(0.,1.,0.));
#3464=DIRECTION('',(0.707106781186548,-0.696364240320019,0.122787803968973));
#3465=DIRECTION('',(0.,-1.,0.));
#3466=DIRECTION('',(-1.,0.,0.));
#3467=DIRECTION('',(0.,-0.707106781186548,-0.707106781186548));
#3468=DIRECTION('',(-0.707106781186548,-0.696364240320018,0.122787803968973));
#3469=DIRECTION('',(0.,0.17364817766693,0.984807753012208));
#3470=DIRECTION('',(0.707106781186547,-0.69636424032002,0.122787803968973));
#3471=DIRECTION('',(0.,0.707106781186548,-0.707106781186548));
#3472=DIRECTION('',(1.,0.,0.));
#3473=DIRECTION('',(0.,-0.707106781186548,-0.707106781186548));
#3474=DIRECTION('',(-1.,0.,0.));
#3475=DIRECTION('',(0.,1.,0.));
#3476=DIRECTION('',(0.707106781186548,0.,0.707106781186548));
#3477=DIRECTION('',(0.,0.,-1.));
#3478=DIRECTION('',(0.,1.,0.));
#3479=DIRECTION('',(-0.707106781186548,0.,-0.707106781186547));
#3480=DIRECTION('',(0.707106781186548,0.,-0.707106781186548));
#3481=DIRECTION('',(0.,1.,0.));
#3482=DIRECTION('',(-1.91417762866406E-16,-1.,0.));
#3483=DIRECTION('',(-1.,1.91417762866406E-16,0.));
#3484=DIRECTION('',(-1.76846953271372E-16,-0.923879532511287,-0.38268343236509));
#3485=DIRECTION('',(-7.32524065093633E-17,-0.38268343236509,0.923879532511287));
#3486=DIRECTION('',(1.35352798162394E-16,0.707106781186547,0.707106781186548));
#3487=DIRECTION('',(0.,-0.707106781186548,0.707106781186547));
#3488=DIRECTION('',(7.32524065093632E-17,0.38268343236509,0.923879532511287));
#3489=DIRECTION('',(1.76846953271372E-16,0.923879532511287,-0.38268343236509));
#3490=DIRECTION('',(0.,0.,-1.));
#3491=DIRECTION('',(0.,1.,0.));
#3492=DIRECTION('',(1.91417762866406E-16,1.,0.));
#3493=DIRECTION('',(1.,-1.91417762866406E-16,0.));
#3494=DIRECTION('',(1.76846953271372E-16,0.923879532511287,0.38268343236509));
#3495=DIRECTION('',(7.32524065093633E-17,0.38268343236509,-0.923879532511287));
#3496=DIRECTION('',(1.35352798162394E-16,0.707106781186547,0.707106781186548));
#3497=DIRECTION('',(0.,-0.707106781186548,0.707106781186547));
#3498=DIRECTION('',(7.32524065093632E-17,0.38268343236509,0.923879532511287));
#3499=DIRECTION('',(1.76846953271372E-16,0.923879532511287,-0.38268343236509));
#3500=DIRECTION('',(0.,0.,1.));
#3501=DIRECTION('',(0.,-1.,0.));
#3502=DIRECTION('',(0.,0.707106781186548,0.707106781186548));
#3503=DIRECTION('',(1.,0.,0.));
#3504=DIRECTION('',(0.,-0.707106781186548,0.707106781186548));
#3505=DIRECTION('',(0.,0.707106781186548,-0.707106781186548));
#3506=DIRECTION('',(0.,1.,0.));
#3507=DIRECTION('',(1.,0.,0.));
#3508=DIRECTION('',(0.707106781186545,0.70710678118655,0.));
#3509=DIRECTION('',(0.,1.,0.));
#3510=DIRECTION('',(1.,0.,0.));
#3511=DIRECTION('',(0.707106781186545,-0.70710678118655,0.));
#3512=DIRECTION('',(0.707106781186548,-0.707106781186548,0.));
#3513=DIRECTION('',(0.,0.,1.));
#3514=DIRECTION('',(0.707106781186548,0.707106781186548,0.));
#3515=DIRECTION('',(0.707106781186548,0.707106781186548,0.));
#3516=DIRECTION('',(0.,0.,-1.));
#3517=DIRECTION('',(0.707106781186548,-0.707106781186548,0.));
#3518=DIRECTION('',(0.,1.,0.));
#3519=DIRECTION('',(1.,0.,0.));
#3520=DIRECTION('',(0.,0.707106781186543,0.707106781186552));
#3521=DIRECTION('',(0.,1.,0.));
#3522=DIRECTION('',(1.,0.,0.));
#3523=DIRECTION('',(0.,-0.707106781186548,-0.707106781186548));
#3524=DIRECTION('',(0.,-0.707106781186548,0.707106781186548));
#3525=DIRECTION('',(1.,0.,0.));
#3526=CARTESIAN_POINT('',(0.,0.,0.));
#3527=CARTESIAN_POINT('',(0.,-0.134,-0.13));
#3528=CARTESIAN_POINT('',(0.035,-0.134,-0.12));
#3529=CARTESIAN_POINT('',(0.035,-0.134,-0.125669872981078));
#3530=CARTESIAN_POINT('',(0.035,-0.134,-0.123));
#3531=CARTESIAN_POINT('',(0.,-0.134,-0.123));
#3532=CARTESIAN_POINT('',(0.04,-0.134,-0.123));
#3533=CARTESIAN_POINT('',(0.04,-0.134,-0.125));
#3534=CARTESIAN_POINT('',(0.042,-0.134,-0.125));
#3535=CARTESIAN_POINT('',(0.042,-0.134,-0.13));
#3536=CARTESIAN_POINT('',(0.042,-0.134,-0.12782055052823));
#3537=CARTESIAN_POINT('',(0.0375,-0.134,-0.13));
#3538=CARTESIAN_POINT('',(0.,-0.134,-0.13));
#3539=CARTESIAN_POINT('',(-0.035,-0.134,-0.13));
#3540=CARTESIAN_POINT('',(-0.035,-0.134,-0.134330127018922));
#3541=CARTESIAN_POINT('',(-0.035,-0.134,-0.137));
#3542=CARTESIAN_POINT('',(-0.04,-0.134,-0.137));
#3543=CARTESIAN_POINT('',(-0.04,-0.134,-0.137));
#3544=CARTESIAN_POINT('',(-0.04,-0.134,-0.135));
#3545=CARTESIAN_POINT('',(-0.042,-0.134,-0.135));
#3546=CARTESIAN_POINT('',(-0.042,-0.134,-0.125));
#3547=CARTESIAN_POINT('',(-0.042,-0.134,-0.13217944947177));
#3548=CARTESIAN_POINT('',(-0.0375,-0.134,-0.13));
#3549=CARTESIAN_POINT('',(0.015,-0.0615,0.185324560370255));
#3550=CARTESIAN_POINT('',(0.015,-0.0191213203435597,-0.12087867965644));
#3551=CARTESIAN_POINT('',(0.015,-0.0152426406871193,-0.117));
#3552=CARTESIAN_POINT('',(0.015,-0.02,-0.121757359312881));
#3553=CARTESIAN_POINT('',(0.015,-0.02,0.185324560370255));
#3554=CARTESIAN_POINT('',(0.015,-0.02,-0.137));
#3555=CARTESIAN_POINT('',(0.015,-0.0615,-0.137));
#3556=CARTESIAN_POINT('',(0.015,-0.129,-0.137));
#3557=CARTESIAN_POINT('',(0.015,-0.129,0.185324560370255));
#3558=CARTESIAN_POINT('',(0.015,-0.129,-0.123));
#3559=CARTESIAN_POINT('',(0.015,-0.0338869416127715,-0.123));
#3560=CARTESIAN_POINT('',(0.015,-0.0338869416127715,-0.123));
#3561=CARTESIAN_POINT('',(0.015,-0.0338869416127715,-0.1));
#3562=CARTESIAN_POINT('',(0.015,-0.0112122571393657,-0.103854696360479));
#3563=CARTESIAN_POINT('',(0.015,-0.000442432459990554,-0.0405027864818016));
#3564=CARTESIAN_POINT('',(0.015,-0.000356958758084288,-0.04));
#3565=CARTESIAN_POINT('',(0.015,-0.0615,-0.04));
#3566=CARTESIAN_POINT('',(0.015,0.008,-0.04));
#3567=CARTESIAN_POINT('',(0.015,0.008,0.185324560370255));
#3568=CARTESIAN_POINT('',(0.015,0.008,-0.0582502267294815));
#3569=CARTESIAN_POINT('',(0.015,-0.009,-0.0582502267294815));
#3570=CARTESIAN_POINT('',(0.015,0.00774173180120754,-0.0612022457498193));
#3571=CARTESIAN_POINT('',(0.015,0.0478124048940233,0.166049834061311));
#3572=CARTESIAN_POINT('',(0.015,-0.00209691773603975,-0.117));
#3573=CARTESIAN_POINT('',(0.015,-0.014,-0.117));
#3574=CARTESIAN_POINT('',(0.,0.011,-0.055));
#3575=CARTESIAN_POINT('',(-0.01,0.011,-0.04));
#3576=CARTESIAN_POINT('',(-0.01,0.011,-0.032));
#3577=CARTESIAN_POINT('',(-0.018,0.011,-0.04));
#3578=CARTESIAN_POINT('',(-0.018,0.011,-0.0582502267294815));
#3579=CARTESIAN_POINT('',(-0.018,0.011,-0.0582502267294815));
#3580=CARTESIAN_POINT('',(0.,0.011,-0.0582502267294815));
#3581=CARTESIAN_POINT('',(-0.027,0.011,-0.0582502267294815));
#3582=CARTESIAN_POINT('',(-0.027,0.011,-0.055));
#3583=CARTESIAN_POINT('',(-0.027,0.011,1.02246722744222E-20));
#3584=CARTESIAN_POINT('',(0.,0.011,1.02246722744222E-19));
#3585=CARTESIAN_POINT('',(0.027,0.011,0.));
#3586=CARTESIAN_POINT('',(0.027,0.011,-0.0582502267294815));
#3587=CARTESIAN_POINT('',(0.027,0.011,-0.0582502267294815));
#3588=CARTESIAN_POINT('',(0.,0.011,-0.0582502267294815));
#3589=CARTESIAN_POINT('',(0.018,0.011,-0.0582502267294815));
#3590=CARTESIAN_POINT('',(0.018,0.011,-0.055));
#3591=CARTESIAN_POINT('',(0.018,0.011,-0.04));
#3592=CARTESIAN_POINT('',(0.01,0.011,-0.04));
#3593=CARTESIAN_POINT('',(0.01,0.011,-0.032));
#3594=CARTESIAN_POINT('',(-0.01,0.011,-0.032));
#3595=CARTESIAN_POINT('',(0.,0.011,-7.65404249467096E-19));
#3596=CARTESIAN_POINT('',(0.0145,0.011,-7.65404249467096E-19));
#3597=CARTESIAN_POINT('',(-0.0139,0.011,0.0139));
#3598=CARTESIAN_POINT('',(-0.01125,0.011,0.0139));
#3599=CARTESIAN_POINT('',(0.0139,0.011,0.0139));
#3600=CARTESIAN_POINT('',(0.01655,0.011,0.0139));
#3601=CARTESIAN_POINT('',(-0.0139,0.011,-0.0139));
#3602=CARTESIAN_POINT('',(-0.01125,0.011,-0.0139));
#3603=CARTESIAN_POINT('',(0.0139,0.011,-0.0139));
#3604=CARTESIAN_POINT('',(0.01655,0.011,-0.0139));
#3605=CARTESIAN_POINT('',(0.,0.011,-0.14));
#3606=CARTESIAN_POINT('',(0.04,-0.142,-0.14));
#3607=CARTESIAN_POINT('',(0.04,-0.137,-0.14));
#3608=CARTESIAN_POINT('',(0.04,-0.141,-0.14));
#3609=CARTESIAN_POINT('',(0.,-0.141,-0.14));
#3610=CARTESIAN_POINT('',(-0.04,-0.141,-0.14));
#3611=CARTESIAN_POINT('',(-0.04,0.011,-0.14));
#3612=CARTESIAN_POINT('',(-0.04,-0.137,-0.14));
#3613=CARTESIAN_POINT('',(-0.035,-0.137,-0.14));
#3614=CARTESIAN_POINT('',(-0.035,-0.137,-0.14));
#3615=CARTESIAN_POINT('',(-0.035,-0.129,-0.14));
#3616=CARTESIAN_POINT('',(-0.027,-0.129,-0.14));
#3617=CARTESIAN_POINT('',(-0.027,0.011,-0.14));
#3618=CARTESIAN_POINT('',(-0.027,-0.0198881510802228,-0.14));
#3619=CARTESIAN_POINT('',(0.,-0.0198881510802228,-0.14));
#3620=CARTESIAN_POINT('',(-0.018,-0.0198881510802228,-0.14));
#3621=CARTESIAN_POINT('',(-0.018,-0.129,-0.14));
#3622=CARTESIAN_POINT('',(-0.018,-0.129,-0.14));
#3623=CARTESIAN_POINT('',(-0.01,-0.129,-0.14));
#3624=CARTESIAN_POINT('',(-0.01,-0.137,-0.14));
#3625=CARTESIAN_POINT('',(0.01,-0.137,-0.14));
#3626=CARTESIAN_POINT('',(0.01,-0.137,-0.14));
#3627=CARTESIAN_POINT('',(0.01,-0.129,-0.14));
#3628=CARTESIAN_POINT('',(0.018,-0.129,-0.14));
#3629=CARTESIAN_POINT('',(0.018,0.011,-0.14));
#3630=CARTESIAN_POINT('',(0.018,-0.0198881510802228,-0.14));
#3631=CARTESIAN_POINT('',(0.,-0.0198881510802228,-0.14));
#3632=CARTESIAN_POINT('',(0.027,-0.0198881510802228,-0.14));
#3633=CARTESIAN_POINT('',(0.027,-0.129,-0.14));
#3634=CARTESIAN_POINT('',(0.027,-0.129,-0.14));
#3635=CARTESIAN_POINT('',(0.035,-0.129,-0.14));
#3636=CARTESIAN_POINT('',(0.035,-0.137,-0.14));
#3637=CARTESIAN_POINT('',(0.04,-0.137,-0.14));
#3638=CARTESIAN_POINT('',(0.,-0.142,-0.12));
#3639=CARTESIAN_POINT('',(-0.04,-0.142,-0.12));
#3640=CARTESIAN_POINT('',(-0.04,-0.137,-0.12));
#3641=CARTESIAN_POINT('',(-0.04,-0.141,-0.12));
#3642=CARTESIAN_POINT('',(0.04,-0.141,-0.12));
#3643=CARTESIAN_POINT('',(0.04,-0.141,-0.12));
#3644=CARTESIAN_POINT('',(0.04,-0.142,-0.12));
#3645=CARTESIAN_POINT('',(0.04,-0.137,-0.12));
#3646=CARTESIAN_POINT('',(0.,-0.137,-0.12));
#3647=CARTESIAN_POINT('',(0.035,-0.137,-0.12));
#3648=CARTESIAN_POINT('',(0.035,-0.129,-0.12));
#3649=CARTESIAN_POINT('',(0.027,-0.129,-0.12));
#3650=CARTESIAN_POINT('',(0.027,-0.142,-0.12));
#3651=CARTESIAN_POINT('',(0.027,-0.0338869416127715,-0.12));
#3652=CARTESIAN_POINT('',(0.015,-0.0338869416127715,-0.12));
#3653=CARTESIAN_POINT('',(0.018,-0.0338869416127715,-0.12));
#3654=CARTESIAN_POINT('',(0.018,-0.129,-0.12));
#3655=CARTESIAN_POINT('',(0.018,-0.129,-0.12));
#3656=CARTESIAN_POINT('',(0.01,-0.129,-0.12));
#3657=CARTESIAN_POINT('',(0.01,-0.137,-0.12));
#3658=CARTESIAN_POINT('',(0.,-0.137,-0.12));
#3659=CARTESIAN_POINT('',(-0.01,-0.137,-0.12));
#3660=CARTESIAN_POINT('',(-0.01,-0.129,-0.12));
#3661=CARTESIAN_POINT('',(-0.018,-0.129,-0.12));
#3662=CARTESIAN_POINT('',(-0.018,-0.142,-0.12));
#3663=CARTESIAN_POINT('',(-0.018,-0.0338869416127715,-0.12));
#3664=CARTESIAN_POINT('',(-0.03,-0.0338869416127715,-0.12));
#3665=CARTESIAN_POINT('',(-0.027,-0.0338869416127715,-0.12));
#3666=CARTESIAN_POINT('',(-0.027,-0.129,-0.12));
#3667=CARTESIAN_POINT('',(-0.027,-0.129,-0.12));
#3668=CARTESIAN_POINT('',(-0.035,-0.129,-0.12));
#3669=CARTESIAN_POINT('',(-0.035,-0.137,-0.12));
#3670=CARTESIAN_POINT('',(0.,-0.137,-0.12));
#3671=CARTESIAN_POINT('',(0.030002,-0.0085,-0.07));
#3672=CARTESIAN_POINT('',(-0.015,-0.0141698246793751,-0.103351909878677));
#3673=CARTESIAN_POINT('',(-0.027,-0.0141698246793751,-0.103351909878677));
#3674=CARTESIAN_POINT('',(-0.018,-0.0141698246793751,-0.103351909878677));
#3675=CARTESIAN_POINT('',(-0.018,-0.0085,-0.07));
#3676=CARTESIAN_POINT('',(-0.018,-0.0033145262980937,-0.0394972135181982));
#3677=CARTESIAN_POINT('',(-0.018,-0.00331452629809369,-0.0394972135181982));
#3678=CARTESIAN_POINT('',(-0.0179356145613298,-0.00314220256478693,-0.0384835444987466));
#3679=CARTESIAN_POINT('',(-0.0174211088409755,-0.00280826404482161,-0.0365192002636565));
#3680=CARTESIAN_POINT('',(-0.0159108174358527,-0.00245850830963886,-0.034461813586111));
#3681=CARTESIAN_POINT('',(-0.0142973055484646,-0.00224758552119515,-0.0332210913011479));
#3682=CARTESIAN_POINT('',(-0.0124544309121464,-0.00209271352655493,-0.0323100795679702));
#3683=CARTESIAN_POINT('',(-0.0110036153567188,-0.00204721350378116,-0.0320424323751833));
#3684=CARTESIAN_POINT('',(-0.01,-0.00204721351819839,-0.0320424324599905));
#3685=CARTESIAN_POINT('',(-0.00999999999999984,-0.0020472135181984,-0.0320424324599905));
#3686=CARTESIAN_POINT('',(0.030002,-0.0020472135181984,-0.0320424324599905));
#3687=CARTESIAN_POINT('',(0.01,-0.0020472135181984,-0.0320424324599905));
#3688=CARTESIAN_POINT('',(0.01,-0.00204721351819839,-0.0320424324599905));
#3689=CARTESIAN_POINT('',(0.0110048162907089,-0.00204721350993018,-0.032042432411354));
#3690=CARTESIAN_POINT('',(0.0124569230409237,-0.0020927898739573,-0.032310528670337));
#3691=CARTESIAN_POINT('',(0.0143064360104778,-0.00224835742928992,-0.0332256319369995));
#3692=CARTESIAN_POINT('',(0.0155206613362113,-0.00240813930992017,-0.0341655253524716));
#3693=CARTESIAN_POINT('',(0.0165306255692814,-0.00260047228402348,-0.0352968957883734));
#3694=CARTESIAN_POINT('',(0.0175655190045627,-0.0028992400148244,-0.0370543530283788));
#3695=CARTESIAN_POINT('',(0.0179363034501524,-0.00314404660474534,-0.0384943917926196));
#3696=CARTESIAN_POINT('',(0.0180000000000002,-0.00331452629809372,-0.0394972135181983));
#3697=CARTESIAN_POINT('',(0.018,-0.00331452629809372,-0.0394972135181984));
#3698=CARTESIAN_POINT('',(0.018,-0.0141698246793751,-0.103351909878677));
#3699=CARTESIAN_POINT('',(0.018,-0.0141698246793751,-0.103351909878677));
#3700=CARTESIAN_POINT('',(0.03,-0.0141698246793751,-0.103351909878677));
#3701=CARTESIAN_POINT('',(0.027,-0.0141698246793751,-0.103351909878677));
#3702=CARTESIAN_POINT('',(0.027,-0.0085,-0.07));
#3703=CARTESIAN_POINT('',(0.027,-0.000594526298093733,-0.0234972135181984));
#3704=CARTESIAN_POINT('',(0.027,-0.000594526298093718,-0.0234972135181983));
#3705=CARTESIAN_POINT('',(0.0269544854062078,-0.000577840334206722,-0.0233990607894513));
#3706=CARTESIAN_POINT('',(0.0268448191292604,-0.000548996709467771,-0.0232293924086339));
#3707=CARTESIAN_POINT('',(0.0266289624296455,-0.000521822803463094,-0.0230695459027241));
#3708=CARTESIAN_POINT('',(0.0264669387919369,-0.000509804292414227,-0.0229988487789072));
#3709=CARTESIAN_POINT('',(0.0263046172215736,-0.00050350491150074,-0.0229617935970632));
#3710=CARTESIAN_POINT('',(0.0262316678817371,-0.000503326308404233,-0.0229607429906131));
#3711=CARTESIAN_POINT('',(0.0260848247890186,-0.00050278647964232,-0.0229575675273078));
#3712=CARTESIAN_POINT('',(0.0259999999999952,-0.000502786481801598,-0.0229575675400094));
#3713=CARTESIAN_POINT('',(0.0259999999999953,-0.000502786481801609,-0.0229575675400095));
#3714=CARTESIAN_POINT('',(0.0241867732448957,-0.000502786481801611,-0.0229575675400095));
#3715=CARTESIAN_POINT('',(0.0241867732448957,-0.000502786481801611,-0.0229575675400095));
#3716=CARTESIAN_POINT('',(0.0241867732448956,-0.000502786481801598,-0.0229575675400094));
#3717=CARTESIAN_POINT('',(0.0236340400302222,-0.000502786488716242,-0.0229575675806838));
#3718=CARTESIAN_POINT('',(0.0225500856978819,-0.000481131353619227,-0.0228301844330543));
#3719=CARTESIAN_POINT('',(0.0213035688512323,-0.000405631099461189,-0.0223860652909482));
#3720=CARTESIAN_POINT('',(0.0202730485279104,-0.000305900328310521,-0.0217994136959442));
#3721=CARTESIAN_POINT('',(0.0193664781506852,-0.000189737032772337,-0.0211161001927784));
#3722=CARTESIAN_POINT('',(0.01878488810116,-8.1375137199692E-5,-0.0204786772776452));
#3723=CARTESIAN_POINT('',(0.0184454343892031,3.68472613532234E-14,-0.0199999999997832));
#3724=CARTESIAN_POINT('',(0.0184448917574711,6.61341676263405E-7,-0.020000378052399));
#3725=CARTESIAN_POINT('',(0.030002,0.,-0.02));
#3726=CARTESIAN_POINT('',(-0.0184455550021938,0.,-0.02));
#3727=CARTESIAN_POINT('',(-0.0184455550021938,1.63372960992891E-12,-0.0199999999903898));
#3728=CARTESIAN_POINT('',(-0.0187818794216593,-8.05839292151432E-5,-0.0204740231130302));
#3729=CARTESIAN_POINT('',(-0.0195367629510159,-0.000223033333544374,-0.0213119607855551));
#3730=CARTESIAN_POINT('',(-0.0214853312331697,-0.000440173299234275,-0.0225892547013781));
#3731=CARTESIAN_POINT('',(-0.0230696230127921,-0.000502786495705979,-0.0229575676217999));
#3732=CARTESIAN_POINT('',(-0.0241867732448894,-0.000502786481801598,-0.0229575675400094));
#3733=CARTESIAN_POINT('',(-0.0241867732448957,-0.000502786481801611,-0.0229575675400095));
#3734=CARTESIAN_POINT('',(-0.026,-0.000502786481801611,-0.0229575675400095));
#3735=CARTESIAN_POINT('',(-0.0259999999999938,-0.000502786481801611,-0.0229575675400095));
#3736=CARTESIAN_POINT('',(-0.0259999999999938,-0.000502786481801598,-0.0229575675400094));
#3737=CARTESIAN_POINT('',(-0.0260834383321782,-0.000502786479520909,-0.0229575675265936));
#3738=CARTESIAN_POINT('',(-0.0262278762061589,-0.000503294231604191,-0.0229605543035541));
#3739=CARTESIAN_POINT('',(-0.0263038686889268,-0.000503523692486922,-0.0229619040734525));
#3740=CARTESIAN_POINT('',(-0.0264592407146094,-0.00050938729765598,-0.0229963958685646));
#3741=CARTESIAN_POINT('',(-0.0266294907200484,-0.000521772266822398,-0.023069248628367));
#3742=CARTESIAN_POINT('',(-0.0268416655880691,-0.000548239306143218,-0.0232249370949601));
#3743=CARTESIAN_POINT('',(-0.0269536742320708,-0.000577542953639855,-0.0233973114919991));
#3744=CARTESIAN_POINT('',(-0.027,-0.000594526298093753,-0.0234972135181985));
#3745=CARTESIAN_POINT('',(-0.027,-0.000594526298093753,-0.0234972135181985));
#3746=CARTESIAN_POINT('',(-0.027,-0.0141698246793751,-0.103351909878677));
#3747=CARTESIAN_POINT('',(0.0375,-0.134,-0.13));
#3748=CARTESIAN_POINT('',(0.0375,-0.142,-0.13));
#3749=CARTESIAN_POINT('',(0.035,-0.142,-0.13));
#3750=CARTESIAN_POINT('',(0.0375,-0.137,-0.13));
#3751=CARTESIAN_POINT('',(0.04,-0.137,-0.13));
#3752=CARTESIAN_POINT('',(-0.0375,-0.134,-0.13));
#3753=CARTESIAN_POINT('',(-0.0375,-0.142,-0.13));
#3754=CARTESIAN_POINT('',(-0.04,-0.142,-0.13));
#3755=CARTESIAN_POINT('',(-0.0375,-0.137,-0.13));
#3756=CARTESIAN_POINT('',(-0.035,-0.137,-0.13));
#3757=CARTESIAN_POINT('',(-0.03,0.011,-0.06));
#3758=CARTESIAN_POINT('',(-0.03,0.011,-0.024));
#3759=CARTESIAN_POINT('',(-0.03,0.00236304124191563,-0.024));
#3760=CARTESIAN_POINT('',(-0.03,0.008,-0.024));
#3761=CARTESIAN_POINT('',(-0.03,0.008,-0.06));
#3762=CARTESIAN_POINT('',(-0.03,0.008,-0.0582502267294815));
#3763=CARTESIAN_POINT('',(-0.03,-0.009,-0.0582502267294815));
#3764=CARTESIAN_POINT('',(-0.03,0.00774173180120753,-0.0612022457498193));
#3765=CARTESIAN_POINT('',(-0.03,0.00804557674096337,-0.0594790554669992));
#3766=CARTESIAN_POINT('',(-0.03,-0.00314641927901528,-0.122952019020338));
#3767=CARTESIAN_POINT('',(-0.03,-0.0198881510802228,-0.12));
#3768=CARTESIAN_POINT('',(-0.03,-0.0198881510802228,-0.137));
#3769=CARTESIAN_POINT('',(-0.03,0.011,-0.137));
#3770=CARTESIAN_POINT('',(-0.03,-0.129,-0.137));
#3771=CARTESIAN_POINT('',(-0.03,-0.129,-0.06));
#3772=CARTESIAN_POINT('',(-0.03,-0.129,-0.123));
#3773=CARTESIAN_POINT('',(-0.03,-0.0338869416127715,-0.123));
#3774=CARTESIAN_POINT('',(-0.03,-0.0338869416127715,-0.123));
#3775=CARTESIAN_POINT('',(-0.03,-0.0338869416127715,-0.1));
#3776=CARTESIAN_POINT('',(-0.03,-0.0112122571393657,-0.103854696360479));
#3777=CARTESIAN_POINT('',(-0.03,0.00227756754000945,-0.0245027864818016));
#3778=CARTESIAN_POINT('',(0.03,0.011,-0.06));
#3779=CARTESIAN_POINT('',(0.03,-0.129,-0.14));
#3780=CARTESIAN_POINT('',(0.03,-0.129,-0.123));
#3781=CARTESIAN_POINT('',(0.03,-0.129,-0.137));
#3782=CARTESIAN_POINT('',(0.03,-0.0198881510802228,-0.137));
#3783=CARTESIAN_POINT('',(0.03,-0.0198881510802228,-0.137));
#3784=CARTESIAN_POINT('',(0.03,-0.0198881510802228,-0.12));
#3785=CARTESIAN_POINT('',(0.03,-0.00314641927901528,-0.122952019020338));
#3786=CARTESIAN_POINT('',(0.03,0.00774173180120753,-0.0612022457498193));
#3787=CARTESIAN_POINT('',(0.03,0.00774173180120754,-0.0612022457498193));
#3788=CARTESIAN_POINT('',(0.03,-0.009,-0.0582502267294815));
#3789=CARTESIAN_POINT('',(0.03,0.008,-0.0582502267294815));
#3790=CARTESIAN_POINT('',(0.03,0.008,0.));
#3791=CARTESIAN_POINT('',(0.03,0.008,-0.024));
#3792=CARTESIAN_POINT('',(0.03,0.,-0.024));
#3793=CARTESIAN_POINT('',(0.03,0.00236304124191572,-0.024));
#3794=CARTESIAN_POINT('',(0.03,-0.00334246161734307,-0.0575617815250517));
#3795=CARTESIAN_POINT('',(0.03,-0.0112122571393657,-0.103854696360479));
#3796=CARTESIAN_POINT('',(0.03,-0.0338869416127715,-0.1));
#3797=CARTESIAN_POINT('',(0.03,-0.0338869416127715,-0.123));
#3798=CARTESIAN_POINT('',(0.03,0.011,-0.123));
#3799=CARTESIAN_POINT('',(0.,0.,0.));
#3800=CARTESIAN_POINT('',(-0.0139,0.,0.0139));
#3801=CARTESIAN_POINT('',(-0.0122,0.,0.0139));
#3802=CARTESIAN_POINT('',(0.0139,0.,-0.0139));
#3803=CARTESIAN_POINT('',(0.0156,0.,-0.0139));
#3804=CARTESIAN_POINT('',(-0.0139,0.,-0.0139));
#3805=CARTESIAN_POINT('',(-0.0122,0.,-0.0139));
#3806=CARTESIAN_POINT('',(0.0139,0.,0.0139));
#3807=CARTESIAN_POINT('',(0.0156,0.,0.0139));
#3808=CARTESIAN_POINT('',(0.,0.,-7.65404249467096E-19));
#3809=CARTESIAN_POINT('',(0.0145,0.,-7.65404249467096E-19));
#3810=CARTESIAN_POINT('',(0.,0.,-1.53080849893419E-18));
#3811=CARTESIAN_POINT('',(0.0183485866000653,0.,-0.0121379310348064));
#3812=CARTESIAN_POINT('',(-0.018348586599576,0.,-0.0121379310344828));
#3813=CARTESIAN_POINT('',(-0.0241867732448957,0.,-0.016));
#3814=CARTESIAN_POINT('',(0.0241867732448957,0.,-0.016));
#3815=CARTESIAN_POINT('',(0.,0.008,-0.055));
#3816=CARTESIAN_POINT('',(0.,0.008,-1.53080849893419E-18));
#3817=CARTESIAN_POINT('',(-0.0208506665904273,0.008,-0.0137931034482759));
#3818=CARTESIAN_POINT('',(0.0208506665904273,0.008,-0.0137931034482759));
#3819=CARTESIAN_POINT('',(0.0241867732448957,0.008,-0.016));
#3820=CARTESIAN_POINT('',(0.0241867732448957,0.008,-0.02));
#3821=CARTESIAN_POINT('',(0.,0.008,-0.02));
#3822=CARTESIAN_POINT('',(0.026,0.008,-0.02));
#3823=CARTESIAN_POINT('',(0.026,0.008,-0.024));
#3824=CARTESIAN_POINT('',(0.03,0.008,-0.06));
#3825=CARTESIAN_POINT('',(0.03,0.008,0.));
#3826=CARTESIAN_POINT('',(0.,0.008,1.02246722744222E-19));
#3827=CARTESIAN_POINT('',(-0.03,0.008,0.));
#3828=CARTESIAN_POINT('',(-0.03,0.008,-0.06));
#3829=CARTESIAN_POINT('',(-0.026,0.008,-0.024));
#3830=CARTESIAN_POINT('',(-0.026,0.008,-0.02));
#3831=CARTESIAN_POINT('',(0.,0.008,-0.02));
#3832=CARTESIAN_POINT('',(-0.0241867732448957,0.008,-0.02));
#3833=CARTESIAN_POINT('',(-0.0241867732448957,0.008,-0.016));
#3834=CARTESIAN_POINT('',(0.,0.008,-1.53080849893419E-18));
#3835=CARTESIAN_POINT('',(-0.0208506665904273,0.008,-0.0137931034482759));
#3836=CARTESIAN_POINT('',(-0.0208506665904273,0.003,-0.0137931034482759));
#3837=CARTESIAN_POINT('',(0.,0.003,-1.53080849893419E-18));
#3838=CARTESIAN_POINT('',(0.0208506665904273,0.003,-0.0137931034482759));
#3839=CARTESIAN_POINT('',(0.0208506665904273,0.008,-0.0137931034482759));
#3840=CARTESIAN_POINT('',(-0.0139,-0.169622845611822,-0.0139));
#3841=CARTESIAN_POINT('',(-0.0139,0.013,-0.0139));
#3842=CARTESIAN_POINT('',(-0.0122,0.013,-0.0139));
#3843=CARTESIAN_POINT('',(0.0139,-0.169622845611822,0.0139));
#3844=CARTESIAN_POINT('',(0.0139,0.013,0.0139));
#3845=CARTESIAN_POINT('',(0.0156,0.013,0.0139));
#3846=CARTESIAN_POINT('',(0.,-0.169622845611822,-7.65404249467096E-19));
#3847=CARTESIAN_POINT('',(0.,0.009,-7.65404249467096E-19));
#3848=CARTESIAN_POINT('',(0.0125,0.009,-7.65404249467096E-19));
#3849=CARTESIAN_POINT('',(0.,0.002,-7.65404249467096E-19));
#3850=CARTESIAN_POINT('',(0.0125,0.002,-7.65404249467096E-19));
#3851=CARTESIAN_POINT('',(0.0139,-0.169622845611822,-0.0139));
#3852=CARTESIAN_POINT('',(0.0139,0.013,-0.0139));
#3853=CARTESIAN_POINT('',(0.0156,0.013,-0.0139));
#3854=CARTESIAN_POINT('',(-0.0139,-0.169622845611822,0.0139));
#3855=CARTESIAN_POINT('',(-0.0139,0.013,0.0139));
#3856=CARTESIAN_POINT('',(-0.0122,0.013,0.0139));
#3857=CARTESIAN_POINT('',(-0.0139,0.013,-0.0139));
#3858=CARTESIAN_POINT('',(-0.0139,0.013,-0.0139));
#3859=CARTESIAN_POINT('',(-0.01125,0.013,-0.0139));
#3860=CARTESIAN_POINT('',(-0.00498490281403065,0.013,-0.055));
#3861=CARTESIAN_POINT('',(0.0139,0.013,0.0139));
#3862=CARTESIAN_POINT('',(0.0139,0.013,0.0139));
#3863=CARTESIAN_POINT('',(0.01655,0.013,0.0139));
#3864=CARTESIAN_POINT('',(-0.00498490281403065,0.013,-0.055));
#3865=CARTESIAN_POINT('',(-0.0139,0.013,0.0139));
#3866=CARTESIAN_POINT('',(-0.0139,0.013,0.0139));
#3867=CARTESIAN_POINT('',(-0.01125,0.013,0.0139));
#3868=CARTESIAN_POINT('',(-0.00498490281403065,0.013,-0.055));
#3869=CARTESIAN_POINT('',(0.0139,0.013,-0.0139));
#3870=CARTESIAN_POINT('',(0.0139,0.013,-0.0139));
#3871=CARTESIAN_POINT('',(0.01655,0.013,-0.0139));
#3872=CARTESIAN_POINT('',(-0.00498490281403065,0.013,-0.055));
#3873=CARTESIAN_POINT('',(0.,0.009,-7.65404249467096E-19));
#3874=CARTESIAN_POINT('',(0.,0.,-7.65404249467096E-19));
#3875=CARTESIAN_POINT('',(0.,-0.142,-0.055));
#3876=CARTESIAN_POINT('',(0.04,-0.142,-0.125));
#3877=CARTESIAN_POINT('',(0.044,-0.142,-0.125));
#3878=CARTESIAN_POINT('',(0.04,-0.142,-0.121));
#3879=CARTESIAN_POINT('',(-0.04,-0.142,-0.121));
#3880=CARTESIAN_POINT('',(-0.04,-0.142,-0.121));
#3881=CARTESIAN_POINT('',(-0.04,-0.142,-0.125));
#3882=CARTESIAN_POINT('',(-0.044,-0.142,-0.125));
#3883=CARTESIAN_POINT('',(-0.044,-0.142,-0.055));
#3884=CARTESIAN_POINT('',(-0.044,-0.142,-0.135));
#3885=CARTESIAN_POINT('',(-0.04,-0.142,-0.135));
#3886=CARTESIAN_POINT('',(-0.04,-0.142,-0.139));
#3887=CARTESIAN_POINT('',(0.,-0.142,-0.139));
#3888=CARTESIAN_POINT('',(0.04,-0.142,-0.139));
#3889=CARTESIAN_POINT('',(0.04,-0.142,-0.135));
#3890=CARTESIAN_POINT('',(0.044,-0.142,-0.135));
#3891=CARTESIAN_POINT('',(0.044,-0.142,-0.125));
#3892=CARTESIAN_POINT('',(0.,-0.142,-0.13));
#3893=CARTESIAN_POINT('',(-0.0025,-0.142,-0.13));
#3894=CARTESIAN_POINT('',(0.030002,0.0051875,-0.02));
#3895=CARTESIAN_POINT('',(-0.026,0.0051875,-0.02));
#3896=CARTESIAN_POINT('',(-0.026,0.003,-0.02));
#3897=CARTESIAN_POINT('',(-0.0241867732448957,0.003,-0.02));
#3898=CARTESIAN_POINT('',(-0.0241867732448957,0.003,-0.02));
#3899=CARTESIAN_POINT('',(-0.0241867732448957,0.0051875,-0.02));
#3900=CARTESIAN_POINT('',(0.030002,0.0051875,-0.02));
#3901=CARTESIAN_POINT('',(0.0241867732448957,0.0051875,-0.02));
#3902=CARTESIAN_POINT('',(0.0241867732448957,0.00299998520062772,-0.02));
#3903=CARTESIAN_POINT('',(0.026,0.003,-0.02));
#3904=CARTESIAN_POINT('',(0.026,0.003,-0.02));
#3905=CARTESIAN_POINT('',(0.026,0.008,-0.02));
#3906=CARTESIAN_POINT('',(0.045,-0.134,-0.13));
#3907=CARTESIAN_POINT('',(0.045,-0.134,-0.125));
#3908=CARTESIAN_POINT('',(0.045,-0.137,-0.125));
#3909=CARTESIAN_POINT('',(0.045,-0.141,-0.125));
#3910=CARTESIAN_POINT('',(0.045,-0.141,-0.135));
#3911=CARTESIAN_POINT('',(0.045,-0.141,-0.135));
#3912=CARTESIAN_POINT('',(0.045,-0.134,-0.135));
#3913=CARTESIAN_POINT('',(0.045,-0.137,-0.135));
#3914=CARTESIAN_POINT('',(0.045,-0.137,-0.13));
#3915=CARTESIAN_POINT('',(0.,-0.134,-0.13));
#3916=CARTESIAN_POINT('',(0.0375,-0.134,-0.13));
#3917=CARTESIAN_POINT('',(0.042,-0.134,-0.13217944947177));
#3918=CARTESIAN_POINT('',(0.035,-0.134,-0.134330127018922));
#3919=CARTESIAN_POINT('',(0.042,-0.134,-0.13));
#3920=CARTESIAN_POINT('',(0.042,-0.134,-0.135));
#3921=CARTESIAN_POINT('',(0.04,-0.134,-0.135));
#3922=CARTESIAN_POINT('',(0.04,-0.134,-0.137));
#3923=CARTESIAN_POINT('',(0.035,-0.134,-0.137));
#3924=CARTESIAN_POINT('',(0.035,-0.134,-0.137));
#3925=CARTESIAN_POINT('',(0.035,-0.134,-0.12));
#3926=CARTESIAN_POINT('',(-0.045,-0.134,-0.13));
#3927=CARTESIAN_POINT('',(-0.045,-0.134,-0.135));
#3928=CARTESIAN_POINT('',(-0.045,-0.137,-0.135));
#3929=CARTESIAN_POINT('',(-0.045,-0.141,-0.135));
#3930=CARTESIAN_POINT('',(-0.045,-0.141,-0.13));
#3931=CARTESIAN_POINT('',(-0.045,-0.141,-0.125));
#3932=CARTESIAN_POINT('',(-0.045,-0.134,-0.125));
#3933=CARTESIAN_POINT('',(-0.045,-0.137,-0.125));
#3934=CARTESIAN_POINT('',(-0.045,-0.137,-0.135));
#3935=CARTESIAN_POINT('',(0.,-0.134,-0.13));
#3936=CARTESIAN_POINT('',(-0.0375,-0.134,-0.13));
#3937=CARTESIAN_POINT('',(-0.042,-0.134,-0.12782055052823));
#3938=CARTESIAN_POINT('',(-0.035,-0.134,-0.125669872981078));
#3939=CARTESIAN_POINT('',(-0.042,-0.134,-0.125));
#3940=CARTESIAN_POINT('',(-0.042,-0.134,-0.125));
#3941=CARTESIAN_POINT('',(-0.04,-0.134,-0.125));
#3942=CARTESIAN_POINT('',(-0.04,-0.134,-0.123));
#3943=CARTESIAN_POINT('',(0.,-0.134,-0.123));
#3944=CARTESIAN_POINT('',(-0.035,-0.134,-0.123));
#3945=CARTESIAN_POINT('',(-0.035,-0.134,-0.13));
#3946=CARTESIAN_POINT('',(-0.0375,-0.137,-0.13));
#3947=CARTESIAN_POINT('',(-0.0375,-0.137,-0.13));
#3948=CARTESIAN_POINT('',(-0.0325,-0.137,-0.13));
#3949=CARTESIAN_POINT('',(-0.0375,-0.1295,-0.13));
#3950=CARTESIAN_POINT('',(-0.035,-0.134,-0.125669872981078));
#3951=CARTESIAN_POINT('',(-0.0342284752916714,-0.134,-0.126115312979118));
#3952=CARTESIAN_POINT('',(-0.0329787189804041,-0.133642251329488,-0.127374683342709));
#3953=CARTESIAN_POINT('',(-0.0322623298051196,-0.133174716357297,-0.129996046853793));
#3954=CARTESIAN_POINT('',(-0.0329719722841441,-0.133639651408387,-0.132616047346325));
#3955=CARTESIAN_POINT('',(-0.0342287941960736,-0.134,-0.133884871140425));
#3956=CARTESIAN_POINT('',(-0.035,-0.134,-0.134330127018922));
#3957=CARTESIAN_POINT('',(-0.00125,-0.137,-0.13));
#3958=CARTESIAN_POINT('',(-0.00125,-0.137,-0.13));
#3959=CARTESIAN_POINT('',(0.0375,-0.137,-0.13));
#3960=CARTESIAN_POINT('',(0.0425,-0.137,-0.13));
#3961=CARTESIAN_POINT('',(0.0375,-0.137,-0.13));
#3962=CARTESIAN_POINT('',(0.0375,-0.1295,-0.13));
#3963=CARTESIAN_POINT('',(0.035,-0.134,-0.134330127018922));
#3964=CARTESIAN_POINT('',(0.0342284752916714,-0.134,-0.133884687020882));
#3965=CARTESIAN_POINT('',(0.0329787189804042,-0.133642251329488,-0.132625316657291));
#3966=CARTESIAN_POINT('',(0.0322623298051196,-0.133174716357297,-0.130003953146207));
#3967=CARTESIAN_POINT('',(0.0329719722841442,-0.133639651408387,-0.127383952653675));
#3968=CARTESIAN_POINT('',(0.0342287941960736,-0.134,-0.126115128859575));
#3969=CARTESIAN_POINT('',(0.035,-0.134,-0.125669872981078));
#3970=CARTESIAN_POINT('',(0.,-0.134,0.185324560370255));
#3971=CARTESIAN_POINT('',(0.01,-0.134,0.185324560370255));
#3972=CARTESIAN_POINT('',(0.01,-0.134,-0.123));
#3973=CARTESIAN_POINT('',(0.01,-0.134,-0.137));
#3974=CARTESIAN_POINT('',(-0.01,-0.134,-0.137));
#3975=CARTESIAN_POINT('',(-0.01,-0.134,-0.137));
#3976=CARTESIAN_POINT('',(-0.01,-0.134,-0.12));
#3977=CARTESIAN_POINT('',(-0.01,-0.134,-0.123));
#3978=CARTESIAN_POINT('',(0.,-0.134,-0.123));
#3979=CARTESIAN_POINT('',(0.,-0.134,-0.13));
#3980=CARTESIAN_POINT('',(0.005,-0.134,-0.13));
#3981=CARTESIAN_POINT('',(0.030002,0.0051875,-0.035));
#3982=CARTESIAN_POINT('',(-0.01,0.011,-0.035));
#3983=CARTESIAN_POINT('',(-0.01,0.000449999999999995,-0.035));
#3984=CARTESIAN_POINT('',(-0.01,0.008,-0.035));
#3985=CARTESIAN_POINT('',(0.01,0.008,-0.035));
#3986=CARTESIAN_POINT('',(0.01,0.008,-0.035));
#3987=CARTESIAN_POINT('',(0.01,0.0051875,-0.035));
#3988=CARTESIAN_POINT('',(0.01,0.00045,-0.035));
#3989=CARTESIAN_POINT('',(0.030002,0.00045,-0.035));
#3990=CARTESIAN_POINT('',(-0.015,-0.0615,0.185324560370255));
#3991=CARTESIAN_POINT('',(-0.015,-0.0198881510802228,-0.137));
#3992=CARTESIAN_POINT('',(-0.015,-0.129,-0.137));
#3993=CARTESIAN_POINT('',(-0.015,-0.02,-0.137));
#3994=CARTESIAN_POINT('',(-0.015,-0.02,-0.123));
#3995=CARTESIAN_POINT('',(-0.015,-0.02,-0.121757359312881));
#3996=CARTESIAN_POINT('',(-0.015,0.112790959841568,0.0110336005286873));
#3997=CARTESIAN_POINT('',(-0.015,-0.0152426406871194,-0.117));
#3998=CARTESIAN_POINT('',(-0.015,-0.0615,-0.117));
#3999=CARTESIAN_POINT('',(-0.015,-0.00209691773603975,-0.117));
#4000=CARTESIAN_POINT('',(-0.015,0.00774173180120754,-0.0612022457498193));
#4001=CARTESIAN_POINT('',(-0.015,0.00774173180120754,-0.0612022457498193));
#4002=CARTESIAN_POINT('',(-0.015,-0.009,-0.0582502267294815));
#4003=CARTESIAN_POINT('',(-0.015,0.008,-0.0582502267294815));
#4004=CARTESIAN_POINT('',(-0.015,0.008,-0.04));
#4005=CARTESIAN_POINT('',(-0.015,0.008,-0.04));
#4006=CARTESIAN_POINT('',(-0.015,-0.00255,-0.04));
#4007=CARTESIAN_POINT('',(-0.015,-0.000356958758084256,-0.04));
#4008=CARTESIAN_POINT('',(-0.015,0.0351548901786948,0.168893229039877));
#4009=CARTESIAN_POINT('',(-0.015,-0.0112122571393657,-0.103854696360479));
#4010=CARTESIAN_POINT('',(-0.015,-0.0338869416127715,-0.1));
#4011=CARTESIAN_POINT('',(-0.015,-0.0338869416127715,-0.123));
#4012=CARTESIAN_POINT('',(-0.015,-0.0615,-0.123));
#4013=CARTESIAN_POINT('',(-0.015,-0.129,-0.123));
#4014=CARTESIAN_POINT('',(-0.015,-0.129,-0.14));
#4015=CARTESIAN_POINT('',(0.,-0.137,-0.13));
#4016=CARTESIAN_POINT('',(0.,-0.137,-0.13));
#4017=CARTESIAN_POINT('',(0.005,-0.137,-0.13));
#4018=CARTESIAN_POINT('',(-0.00125,-0.137,-0.13));
#4019=CARTESIAN_POINT('',(0.,-0.137,-0.13));
#4020=CARTESIAN_POINT('',(0.0025,-0.137,-0.13));
#4021=CARTESIAN_POINT('',(0.,-0.162,-0.13));
#4022=CARTESIAN_POINT('',(0.030002,-0.017,-0.13));
#4023=CARTESIAN_POINT('',(0.015259816138311,-0.017,-0.137016457811956));
#4024=CARTESIAN_POINT('',(0.0141713465762261,-0.017,-0.135912421665224));
#4025=CARTESIAN_POINT('',(0.0130842981275604,-0.017,-0.134806987987626));
#4026=CARTESIAN_POINT('',(0.012,-0.017,-0.133698853358502));
#4027=CARTESIAN_POINT('',(0.015259816138311,-0.017,-0.137016457811956));
#4028=CARTESIAN_POINT('',(0.012,-0.017,-0.133698853358502));
#4029=CARTESIAN_POINT('',(0.012,-0.017,-0.13));
#4030=CARTESIAN_POINT('',(0.012,-0.017,-0.123));
#4031=CARTESIAN_POINT('',(-0.015,-0.017,-0.123));
#4032=CARTESIAN_POINT('',(-0.012,-0.017,-0.123));
#4033=CARTESIAN_POINT('',(-0.012,-0.017,-0.136752867913816));
#4034=CARTESIAN_POINT('',(-0.012,-0.017,-0.133698853358502));
#4035=CARTESIAN_POINT('',(-0.012,-0.017,-0.133698853358502));
#4036=CARTESIAN_POINT('',(-0.0130842981275604,-0.017,-0.134806987987626));
#4037=CARTESIAN_POINT('',(-0.0141713465762261,-0.017,-0.135912421665224));
#4038=CARTESIAN_POINT('',(-0.015259816138311,-0.017,-0.137016457811956));
#4039=CARTESIAN_POINT('',(-0.015259816138311,-0.017,-0.137016457811956));
#4040=CARTESIAN_POINT('',(0.015,-0.017,-0.137016457811956));
#4041=CARTESIAN_POINT('',(0.030002,-0.003,-0.12));
#4042=CARTESIAN_POINT('',(0.015,-0.014,-0.12));
#4043=CARTESIAN_POINT('',(-0.012,-0.014,-0.12));
#4044=CARTESIAN_POINT('',(0.012,-0.014,-0.12));
#4045=CARTESIAN_POINT('',(0.012,-0.00262589867816517,-0.12));
#4046=CARTESIAN_POINT('',(0.012,-0.00567217851382239,-0.12));
#4047=CARTESIAN_POINT('',(0.0402161968903888,0.0229792986948861,-0.12));
#4048=CARTESIAN_POINT('',(0.0150455767409634,-0.00257961884250791,-0.12));
#4049=CARTESIAN_POINT('',(0.030002,-0.00257961884250791,-0.12));
#4050=CARTESIAN_POINT('',(-0.0150455767409633,-0.00257961884250791,-0.12));
#4051=CARTESIAN_POINT('',(-0.0402161968903887,0.0229792986948861,-0.12));
#4052=CARTESIAN_POINT('',(-0.012,-0.00567217851382237,-0.12));
#4053=CARTESIAN_POINT('',(-0.012,-0.003,-0.12));
#4054=CARTESIAN_POINT('',(0.,-0.0338869416127715,-0.1));
#4055=CARTESIAN_POINT('',(0.018,-0.0338869416127715,-0.1));
#4056=CARTESIAN_POINT('',(0.027,-0.0338869416127715,-0.1));
#4057=CARTESIAN_POINT('',(0.,-0.0338869416127715,-0.1));
#4058=CARTESIAN_POINT('',(-0.018,-0.0338869416127715,-0.1));
#4059=CARTESIAN_POINT('',(-0.027,-0.0338869416127715,-0.1));
#4060=CARTESIAN_POINT('',(0.,-0.00310615845667722,-0.14));
#4061=CARTESIAN_POINT('',(0.,0.0106961550602442,-0.0617231902828201));
#4062=CARTESIAN_POINT('',(-0.027,0.0106961550602442,-0.0617231902828201));
#4063=CARTESIAN_POINT('',(-0.018,0.0106961550602442,-0.0617231902828201));
#4064=CARTESIAN_POINT('',(-0.018,0.000420381157492086,-0.12));
#4065=CARTESIAN_POINT('',(-0.018,-0.000100563375508703,-0.122954423259037));
#4066=CARTESIAN_POINT('',(0.,-0.000100563375508704,-0.122954423259037));
#4067=CARTESIAN_POINT('',(0.018,-0.000100563375508704,-0.122954423259037));
#4068=CARTESIAN_POINT('',(0.018,-0.00310615845667722,-0.14));
#4069=CARTESIAN_POINT('',(0.018,0.0106961550602442,-0.0617231902828201));
#4070=CARTESIAN_POINT('',(0.,0.0106961550602442,-0.0617231902828201));
#4071=CARTESIAN_POINT('',(0.027,0.0106961550602442,-0.0617231902828201));
#4072=CARTESIAN_POINT('',(0.027,-0.000191996019978653,-0.123472963553339));
#4073=CARTESIAN_POINT('',(0.027,-0.000191996019978653,-0.123472963553339));
#4074=CARTESIAN_POINT('',(0.,-0.000191996019978653,-0.123472963553339));
#4075=CARTESIAN_POINT('',(-0.027,-0.000191996019978653,-0.123472963553339));
#4076=CARTESIAN_POINT('',(-0.027,-0.00310615845667722,-0.14));
#4077=CARTESIAN_POINT('',(0.026,0.011,-0.024));
#4078=CARTESIAN_POINT('',(0.0259999999999575,0.003,-0.02));
#4079=CARTESIAN_POINT('',(0.0263097944017736,0.00299999995231729,-0.0199999999999967));
#4080=CARTESIAN_POINT('',(0.0269387586562908,0.00298859853952103,-0.0200722569216366));
#4081=CARTESIAN_POINT('',(0.0277032336111026,0.0029458021418305,-0.0203546529307188));
#4082=CARTESIAN_POINT('',(0.0282711161848132,0.00289451265327359,-0.0206945765721962));
#4083=CARTESIAN_POINT('',(0.0286680439043513,0.00284733333012205,-0.0210057557679976));
#4084=CARTESIAN_POINT('',(0.0289655690500577,0.00280138746151912,-0.0213056362848152));
#4085=CARTESIAN_POINT('',(0.0291580804688976,0.00276450225754614,-0.0215429051970081));
#4086=CARTESIAN_POINT('',(0.0292557556486069,0.00274388615172133,-0.0216745617295509));
#4087=CARTESIAN_POINT('',(0.0293433910062165,0.00272357781151346,-0.0218032901155684));
#4088=CARTESIAN_POINT('',(0.0293606860817518,0.0027192157671616,-0.0218307240622436));
#4089=CARTESIAN_POINT('',(0.0294079311810168,0.00270744827478113,-0.0219047707464381));
#4090=CARTESIAN_POINT('',(0.0294782969218744,0.00268867454631697,-0.022022178192483));
#4091=CARTESIAN_POINT('',(0.029581299496093,0.00265816674493993,-0.0222116677894823));
#4092=CARTESIAN_POINT('',(0.0296937316948445,0.00261844394040897,-0.0224566943948794));
#4093=CARTESIAN_POINT('',(0.0298285915391208,0.00256033885793192,-0.0228133741792402));
#4094=CARTESIAN_POINT('',(0.0299581545072584,0.00247852398105643,-0.0233122672902333));
#4095=CARTESIAN_POINT('',(0.03,0.00240317893535685,-0.0237638959204642));
#4096=CARTESIAN_POINT('',(0.03,0.00236304124191571,-0.024));
#4097=CARTESIAN_POINT('',(-0.026,0.011,-0.024));
#4098=CARTESIAN_POINT('',(-0.03,0.00236304124191563,-0.0240000000000005));
#4099=CARTESIAN_POINT('',(-0.03,0.00240339945814157,-0.0237625987268718));
#4100=CARTESIAN_POINT('',(-0.0299576929422882,0.00247914456136048,-0.0233085027704338));
#4101=CARTESIAN_POINT('',(-0.0298267243604059,0.00256135757606479,-0.0228070680188534));
#4102=CARTESIAN_POINT('',(-0.0296904357728853,0.00261971904346304,-0.022448739577734));
#4103=CARTESIAN_POINT('',(-0.0295768179238117,0.00265960548626313,-0.0222026540029858));
#4104=CARTESIAN_POINT('',(-0.0294727822563409,0.00269021760266857,-0.022012477240707));
#4105=CARTESIAN_POINT('',(-0.0294016523345852,0.00270906363711402,-0.021894587341301));
#4106=CARTESIAN_POINT('',(-0.0293540087665203,0.00272084876381895,-0.0218204091517806));
#4107=CARTESIAN_POINT('',(-0.0293363000228065,0.00272527802652487,-0.0217925407923494));
#4108=CARTESIAN_POINT('',(-0.0292486870924256,0.0027454379485464,-0.02166471160237));
#4109=CARTESIAN_POINT('',(-0.0291509409879398,0.00276593684790823,-0.0215337689951883));
#4110=CARTESIAN_POINT('',(-0.0289584732342801,0.00280259274471376,-0.0212979218527577));
#4111=CARTESIAN_POINT('',(-0.0286612444655529,0.00284826213586986,-0.0209998052062599));
#4112=CARTESIAN_POINT('',(-0.02826503798686,0.00289515373520815,-0.0206904934827421));
#4113=CARTESIAN_POINT('',(-0.0276984719233852,0.00294613172025057,-0.0203525997130116));
#4114=CARTESIAN_POINT('',(-0.0269361158498969,0.00298866780252356,-0.0200718620610274));
#4115=CARTESIAN_POINT('',(-0.0263089497134568,0.00299999994887286,-0.0199999999999957));
#4116=CARTESIAN_POINT('',(-0.0259999999999441,0.003,-0.02));
#4117=CARTESIAN_POINT('',(0.0241867732448957,0.008,-0.016));
#4118=CARTESIAN_POINT('',(0.0241867732448957,0.003,-0.016));
#4119=CARTESIAN_POINT('',(0.0235912449626622,0.00300854728766647,-0.0199554036820279));
#4120=CARTESIAN_POINT('',(0.0235912425846801,0.00300854728766646,-0.0199554194762052));
#4121=CARTESIAN_POINT('',(0.0237882729039037,0.00300569819177764,-0.0199850844957551));
#4122=CARTESIAN_POINT('',(0.0239875222472112,0.00300284909588882,-0.02));
#4123=CARTESIAN_POINT('',(0.0241867732448956,0.003,-0.02));
#4124=CARTESIAN_POINT('',(-0.0241867732448957,0.008,-0.016));
#4125=CARTESIAN_POINT('',(-0.0241867732448957,0.003,-0.016));
#4126=CARTESIAN_POINT('',(-0.01,-0.129,0.185324560370255));
#4127=CARTESIAN_POINT('',(-0.01,-0.129,-0.137));
#4128=CARTESIAN_POINT('',(-0.01,-0.129,-0.123));
#4129=CARTESIAN_POINT('',(0.01,-0.129,0.185324560370255));
#4130=CARTESIAN_POINT('',(0.01,-0.129,-0.137));
#4131=CARTESIAN_POINT('',(0.01,-0.129,-0.123));
#4132=CARTESIAN_POINT('',(-0.01,0.0051875,-0.04));
#4133=CARTESIAN_POINT('',(-0.01,0.008,-0.04));
#4134=CARTESIAN_POINT('',(-0.0099999999999999,0.00045,-0.035));
#4135=CARTESIAN_POINT('',(-0.0106370056590576,0.00045,-0.035));
#4136=CARTESIAN_POINT('',(-0.0116140533404122,0.00042070907251617,-0.0351865800887545));
#4137=CARTESIAN_POINT('',(-0.0126508229374457,0.000336251279591405,-0.0357362667760581));
#4138=CARTESIAN_POINT('',(-0.0131308897967079,0.000280477043177539,-0.0360956313288282));
#4139=CARTESIAN_POINT('',(-0.0133826972442435,0.000246266649231171,-0.0363144171413007));
#4140=CARTESIAN_POINT('',(-0.0135851537347267,0.000215125374917106,-0.0365123148227919));
#4141=CARTESIAN_POINT('',(-0.0136961590393949,0.000196173196133212,-0.036631413366663));
#4142=CARTESIAN_POINT('',(-0.0138750372440333,0.000163517466994746,-0.0368347875592625));
#4143=CARTESIAN_POINT('',(-0.0141676102633588,0.000102132021339649,-0.0372131768928841));
#4144=CARTESIAN_POINT('',(-0.0145596777656115,-5.38993846525187E-6,-0.0378724224768566));
#4145=CARTESIAN_POINT('',(-0.0149044990262567,-0.00016371551112731,-0.038843434371784));
#4146=CARTESIAN_POINT('',(-0.015,-0.00028923985678241,-0.0396016535267629));
#4147=CARTESIAN_POINT('',(-0.015,-0.000356958758084259,-0.04));
#4148=CARTESIAN_POINT('',(0.01,-0.0615,-0.04));
#4149=CARTESIAN_POINT('',(0.01,0.008,-0.04));
#4150=CARTESIAN_POINT('',(0.015,-0.000356958758084302,-0.04));
#4151=CARTESIAN_POINT('',(0.015,-0.000289452016326418,-0.0396029015200462));
#4152=CARTESIAN_POINT('',(0.0149050948788061,-0.000164299892380532,-0.0388470231478736));
#4153=CARTESIAN_POINT('',(0.0145623689656587,-6.38074665584381E-6,-0.0378786340240969));
#4154=CARTESIAN_POINT('',(0.0141724964066102,0.000100940078330786,-0.0372206558981502));
#4155=CARTESIAN_POINT('',(0.0138815898853211,0.000162235835540876,-0.0368428451174125));
#4156=CARTESIAN_POINT('',(0.0137035255272443,0.000194885621400586,-0.036639532560236));
#4157=CARTESIAN_POINT('',(0.0135934850407099,0.000213769911104004,-0.0365208920670746));
#4158=CARTESIAN_POINT('',(0.0133905871040766,0.000245132430429978,-0.0363216442403717));
#4159=CARTESIAN_POINT('',(0.0131385599195761,0.000279519792213709,-0.0361017666414668));
#4160=CARTESIAN_POINT('',(0.0126576615386416,0.00033561654612272,-0.0357403704374919));
#4161=CARTESIAN_POINT('',(0.0116186060993363,0.000420541698303196,-0.0351876452410971));
#4162=CARTESIAN_POINT('',(0.010638761958162,0.000449999999999999,-0.035));
#4163=CARTESIAN_POINT('',(0.00999999999999996,0.000449999999999999,-0.035));
#4164=CARTESIAN_POINT('',(-0.04,-0.142,-0.125));
#4165=CARTESIAN_POINT('',(-0.04,-0.141,-0.125));
#4166=CARTESIAN_POINT('',(-0.04,-0.137,-0.125));
#4167=CARTESIAN_POINT('',(-0.04,-0.134,-0.135));
#4168=CARTESIAN_POINT('',(-0.04,-0.141,-0.135));
#4169=CARTESIAN_POINT('',(-0.04,-0.137,-0.135));
#4170=CARTESIAN_POINT('',(0.04,-0.134,-0.125));
#4171=CARTESIAN_POINT('',(0.04,-0.141,-0.125));
#4172=CARTESIAN_POINT('',(0.04,-0.137,-0.125));
#4173=CARTESIAN_POINT('',(0.04,0.011,-0.135));
#4174=CARTESIAN_POINT('',(0.04,-0.141,-0.135));
#4175=CARTESIAN_POINT('',(0.04,-0.137,-0.135));
#4176=CARTESIAN_POINT('',(0.035,-0.129,-0.13));
#4177=CARTESIAN_POINT('',(0.035,-0.129,-0.123));
#4178=CARTESIAN_POINT('',(0.035,-0.129,-0.137));
#4179=CARTESIAN_POINT('',(-0.035,-0.129,-0.06));
#4180=CARTESIAN_POINT('',(-0.035,-0.129,-0.137));
#4181=CARTESIAN_POINT('',(-0.035,-0.129,-0.123));
#4182=CARTESIAN_POINT('',(0.,-0.009,-0.0582502267294815));
#4183=CARTESIAN_POINT('',(-0.018,-0.009,-0.0582502267294815));
#4184=CARTESIAN_POINT('',(-0.027,-0.009,-0.0582502267294815));
#4185=CARTESIAN_POINT('',(0.,-0.009,-0.0582502267294815));
#4186=CARTESIAN_POINT('',(0.018,-0.009,-0.0582502267294815));
#4187=CARTESIAN_POINT('',(0.027,-0.009,-0.0582502267294815));
#4188=CARTESIAN_POINT('',(0.,-0.0198881510802228,-0.12));
#4189=CARTESIAN_POINT('',(0.,-0.0141271537677376,-0.139152308215083));
#4190=CARTESIAN_POINT('',(0.018,-0.0141271537677376,-0.139152308215083));
#4191=CARTESIAN_POINT('',(-0.018,-0.0141271537677376,-0.139152308215083));
#4192=CARTESIAN_POINT('',(-0.018,-0.0198881510802228,-0.12));
#4193=CARTESIAN_POINT('',(-0.027,-0.0198881510802228,-0.12));
#4194=CARTESIAN_POINT('',(0.027,-0.0198881510802228,-0.12));
#4195=CARTESIAN_POINT('',(0.018,-0.0198881510802228,-0.12));
#4196=CARTESIAN_POINT('',(0.018,0.011,-0.14));
#4197=CARTESIAN_POINT('',(0.018,-0.0198881510802228,-0.14));
#4198=CARTESIAN_POINT('',(0.014997914244795,-0.0198881510802228,-0.136997914244795));
#4199=CARTESIAN_POINT('',(0.015,-0.129,-0.137));
#4200=CARTESIAN_POINT('',(0.012,-0.02,-0.134));
#4201=CARTESIAN_POINT('',(0.01,-0.129,-0.14));
#4202=CARTESIAN_POINT('',(0.01,-0.134,-0.137));
#4203=CARTESIAN_POINT('',(0.015,-0.0198881510802228,-0.12));
#4204=CARTESIAN_POINT('',(0.014997914244795,-0.0198881510802228,-0.136997914244795));
#4205=CARTESIAN_POINT('',(0.0149796605400062,-0.0193988925186226,-0.136979660540006));
#4206=CARTESIAN_POINT('',(0.0146973708220699,-0.0184902414819015,-0.136652808092591));
#4207=CARTESIAN_POINT('',(0.0139145439120715,-0.0176082480115852,-0.135756910706486));
#4208=CARTESIAN_POINT('',(0.0130042314591267,-0.0171141218299704,-0.134748474287147));
#4209=CARTESIAN_POINT('',(0.0123391549863255,-0.017,-0.134045464106445));
#4210=CARTESIAN_POINT('',(0.012,-0.017,-0.133698853358502));
#4211=CARTESIAN_POINT('',(0.015259816138311,-0.017,-0.137016457811956));
#4212=CARTESIAN_POINT('',(0.0161402167371067,-0.0160221168522245,-0.137743476227328));
#4213=CARTESIAN_POINT('',(0.0170592119597057,-0.0150679418080322,-0.138452868581818));
#4214=CARTESIAN_POINT('',(0.018,-0.0141271537677376,-0.139152308215083));
#4215=CARTESIAN_POINT('',(0.,-0.134,-0.137));
#4216=CARTESIAN_POINT('',(-0.01,-0.134,-0.137));
#4217=CARTESIAN_POINT('',(0.,-0.017,-0.137016457811956));
#4218=CARTESIAN_POINT('',(-0.015259816138311,-0.017,-0.137016457811956));
#4219=CARTESIAN_POINT('',(-0.0161402167371066,-0.0160221168522245,-0.137743476227328));
#4220=CARTESIAN_POINT('',(-0.0170592119597057,-0.0150679418080322,-0.138452868581818));
#4221=CARTESIAN_POINT('',(-0.018,-0.0141271537677376,-0.139152308215083));
#4222=CARTESIAN_POINT('',(-0.01,-0.129,-0.14));
#4223=CARTESIAN_POINT('',(-0.015,-0.129,-0.137));
#4224=CARTESIAN_POINT('',(-0.015,-0.0198881510802228,-0.12));
#4225=CARTESIAN_POINT('',(-0.012,-0.017,-0.133698853358502));
#4226=CARTESIAN_POINT('',(-0.0123394174499857,-0.017,-0.134045732339935));
#4227=CARTESIAN_POINT('',(-0.0129932466156745,-0.01711051534465,-0.134736643807988));
#4228=CARTESIAN_POINT('',(-0.0139139677702577,-0.0176074206300243,-0.135756148937625));
#4229=CARTESIAN_POINT('',(-0.014693720553518,-0.0184833927097503,-0.136648640084616));
#4230=CARTESIAN_POINT('',(-0.0149796661569208,-0.0193990430701744,-0.13697966615692));
#4231=CARTESIAN_POINT('',(-0.014997914244795,-0.0198881510802228,-0.136997914244794));
#4232=CARTESIAN_POINT('',(-0.014997914244795,-0.0198881510802228,-0.136997914244794));
#4233=CARTESIAN_POINT('',(-0.018,-0.0198881510802228,-0.14));
#4234=CARTESIAN_POINT('',(-0.015,-0.0615,-0.137));
#4235=CARTESIAN_POINT('',(-0.012,-0.02,-0.134));
#4236=CARTESIAN_POINT('',(0.015,-0.009,-0.0582502267294815));
#4237=CARTESIAN_POINT('',(0.015,0.00774173180120754,-0.0612022457498193));
#4238=CARTESIAN_POINT('',(0.018,0.011,-0.0582502267294815));
#4239=CARTESIAN_POINT('',(0.015,0.008,0.185324560370255));
#4240=CARTESIAN_POINT('',(0.018,0.011,-0.04));
#4241=CARTESIAN_POINT('',(0.015,0.0478124048940233,0.166049834061311));
#4242=CARTESIAN_POINT('',(0.0205766179653527,0.00206147580890344,-0.125531041224389));
#4243=CARTESIAN_POINT('',(0.012,-0.00514319757169698,-0.117));
#4244=CARTESIAN_POINT('',(0.01,0.011,-0.04));
#4245=CARTESIAN_POINT('',(0.01,0.011,-0.032));
#4246=CARTESIAN_POINT('',(0.030002,-0.00257961884250791,-0.12));
#4247=CARTESIAN_POINT('',(0.0751184508519152,-0.0782362211411502,-0.0298359724071216));
#4248=CARTESIAN_POINT('',(0.030002,0.008,-0.035));
#4249=CARTESIAN_POINT('',(-0.01,0.011,-0.032));
#4250=CARTESIAN_POINT('',(-0.015,0.0478124048940233,0.166049834061311));
#4251=CARTESIAN_POINT('',(-0.015,0.00774173180120754,-0.0612022457498193));
#4252=CARTESIAN_POINT('',(-0.012,-0.00514319757169698,-0.117));
#4253=CARTESIAN_POINT('',(-0.01,0.011,-0.04));
#4254=CARTESIAN_POINT('',(-0.018,0.011,-0.04));
#4255=CARTESIAN_POINT('',(-0.015,-0.009,-0.0582502267294815));
#4256=CARTESIAN_POINT('',(-0.015,0.008,-0.0582502267294815));
#4257=CARTESIAN_POINT('',(-0.018,0.011,-0.055));
#4258=CARTESIAN_POINT('',(0.015,0.0351548901786948,0.168893229039877));
#4259=CARTESIAN_POINT('',(0.0180000000000001,-0.00331452629809386,-0.0394972135181985));
#4260=CARTESIAN_POINT('',(0.0170000000000001,-0.00232867045142401,-0.0396648090121324));
#4261=CARTESIAN_POINT('',(0.016,-0.00134281460475416,-0.0398324045060663));
#4262=CARTESIAN_POINT('',(0.015,-0.000356958758084303,-0.0400000000000002));
#4263=CARTESIAN_POINT('',(0.018,-0.0141698246793751,-0.103351909878677));
#4264=CARTESIAN_POINT('',(0.015,-0.0338869416127715,-0.1));
#4265=CARTESIAN_POINT('',(0.018,-0.0338869416127715,-0.12));
#4266=CARTESIAN_POINT('',(0.015,-0.000356958758084274,-0.04));
#4267=CARTESIAN_POINT('',(0.015,-0.000309689714136282,-0.0397219468009885));
#4268=CARTESIAN_POINT('',(0.0149742100566617,-0.000254952315589596,-0.0393973399381565));
#4269=CARTESIAN_POINT('',(0.0148540801875954,-0.000148194432123524,-0.0387574741973186));
#4270=CARTESIAN_POINT('',(0.0147635575735972,-9.68492891415292E-5,-0.0384465741087646));
#4271=CARTESIAN_POINT('',(0.0144038004477315,5.06252447053411E-5,-0.037545413956957));
#4272=CARTESIAN_POINT('',(0.0140449923914597,0.000140271888226498,-0.0369858686999582));
#4273=CARTESIAN_POINT('',(0.0131110252065938,0.000291427343855667,-0.0360290463230105));
#4274=CARTESIAN_POINT('',(0.0125493225402873,0.000350800904685675,-0.0356457362610935));
#4275=CARTESIAN_POINT('',(0.0117679704132418,0.000400982951577631,-0.0353199415868442));
#4276=CARTESIAN_POINT('',(0.011608937661911,0.000409743170074946,-0.0352629237154451));
#4277=CARTESIAN_POINT('',(0.0112853411130372,0.000424754869651084,-0.0351650780410906));
#4278=CARTESIAN_POINT('',(0.0111117659717042,0.000431351444526924,-0.0351219963587985));
#4279=CARTESIAN_POINT('',(0.0105934357924641,0.000446512187927972,-0.0350228917675142));
#4280=CARTESIAN_POINT('',(0.0102671617945163,0.000450000002114286,-0.035));
#4281=CARTESIAN_POINT('',(0.01,0.00045,-0.035));
#4282=CARTESIAN_POINT('',(0.0180000000000002,-0.00331452629809372,-0.0394972135181984));
#4283=CARTESIAN_POINT('',(0.0179720315935245,-0.00323967066822348,-0.0390568862836675));
#4284=CARTESIAN_POINT('',(0.0178985104776791,-0.00315320992266389,-0.0385482936627287));
#4285=CARTESIAN_POINT('',(0.0176471275040861,-0.00298489229989433,-0.0375581899993784));
#4286=CARTESIAN_POINT('',(0.0174757461568774,-0.0029041006549505,-0.0370829450291206));
#4287=CARTESIAN_POINT('',(0.0168337660798484,-0.00267235320041163,-0.0357197247083036));
#4288=CARTESIAN_POINT('',(0.0162337349623772,-0.00253189315983565,-0.0348934891755038));
#4289=CARTESIAN_POINT('',(0.0147395006791576,-0.00229523582449572,-0.033501387202916));
#4290=CARTESIAN_POINT('',(0.0138669016717743,-0.00220237667072433,-0.0329551568866137));
#4291=CARTESIAN_POINT('',(0.0126733772941065,-0.00212388293892814,-0.0324934290525185));
#4292=CARTESIAN_POINT('',(0.0124313125321019,-0.00211018073401865,-0.0324128278471685));
#4293=CARTESIAN_POINT('',(0.011940080159869,-0.00208670038675196,-0.0322747081573645));
#4294=CARTESIAN_POINT('',(0.0116772686643258,-0.00207638248725033,-0.0322140146308842));
#4295=CARTESIAN_POINT('',(0.0108939124410669,-0.00205266902222924,-0.032074523660172));
#4296=CARTESIAN_POINT('',(0.0104025625872742,-0.00204721351488588,-0.0320424324405051));
#4297=CARTESIAN_POINT('',(0.01,-0.0020472135181984,-0.0320424324599905));
#4298=CARTESIAN_POINT('',(0.01,0.000449999999999995,-0.035));
#4299=CARTESIAN_POINT('',(0.01,-0.000382404506066135,-0.0340141441533302));
#4300=CARTESIAN_POINT('',(0.01,-0.00121480901213227,-0.0330282883066604));
#4301=CARTESIAN_POINT('',(0.01,-0.0020472135181984,-0.0320424324599905));
#4302=CARTESIAN_POINT('',(0.015,-0.0615,-0.123));
#4303=CARTESIAN_POINT('',(0.018,-0.129,-0.12));
#4304=CARTESIAN_POINT('',(0.030002,-0.0020472135181984,-0.0320424324599905));
#4305=CARTESIAN_POINT('',(-0.01,-0.0020472135181984,-0.0320424324599905));
#4306=CARTESIAN_POINT('',(-0.01,-0.00121480901213227,-0.0330282883066604));
#4307=CARTESIAN_POINT('',(-0.01,-0.000382404506066135,-0.0340141441533302));
#4308=CARTESIAN_POINT('',(-0.01,0.000449999999999995,-0.035));
#4309=CARTESIAN_POINT('',(0.01,-0.129,-0.12));
#4310=CARTESIAN_POINT('',(0.01,-0.137,-0.12));
#4311=CARTESIAN_POINT('',(-0.00999999999999988,0.00045,-0.035));
#4312=CARTESIAN_POINT('',(-0.0102748104851765,0.000450000003803548,-0.035));
#4313=CARTESIAN_POINT('',(-0.0106046134783757,0.000446176714820624,-0.0350250845039512));
#4314=CARTESIAN_POINT('',(-0.0112717884334425,0.000426679430020709,-0.0351525371758391));
#4315=CARTESIAN_POINT('',(-0.0116076330459839,0.000411243126612543,-0.0352533261511843));
#4316=CARTESIAN_POINT('',(-0.0125484976470194,0.000350928215277881,-0.0356449171886843));
#4317=CARTESIAN_POINT('',(-0.0131081370177194,0.000291532626431377,-0.0360282930136126));
#4318=CARTESIAN_POINT('',(-0.0140316867231289,0.000142781155246238,-0.0369700702527645));
#4319=CARTESIAN_POINT('',(-0.0143949208389451,5.30025837992554E-5,-0.0375306367325037));
#4320=CARTESIAN_POINT('',(-0.014756153675122,-9.32136003563146E-5,-0.0384244768327675));
#4321=CARTESIAN_POINT('',(-0.0148466097594206,-0.000143974855821438,-0.038731923805537));
#4322=CARTESIAN_POINT('',(-0.0149367376961023,-0.000220657412880169,-0.039191896189434));
#4323=CARTESIAN_POINT('',(-0.0149597576947973,-0.0002465541882116,-0.039346528041582));
#4324=CARTESIAN_POINT('',(-0.0149916470924466,-0.000300800972293011,-0.0396688183338282));
#4325=CARTESIAN_POINT('',(-0.015,-0.000329559274841024,-0.0398388265711841));
#4326=CARTESIAN_POINT('',(-0.015,-0.000356958758084256,-0.04));
#4327=CARTESIAN_POINT('',(-0.00999999999999984,-0.0020472135181984,-0.0320424324599905));
#4328=CARTESIAN_POINT('',(-0.0104140647471663,-0.00204721351225024,-0.0320424324250013));
#4329=CARTESIAN_POINT('',(-0.0109108080385835,-0.00205319374765453,-0.0320776102803207));
#4330=CARTESIAN_POINT('',(-0.0119191091191011,-0.00208369015362939,-0.0322570009037023));
#4331=CARTESIAN_POINT('',(-0.0124284821803788,-0.00210783419278373,-0.0323990246634336));
#4332=CARTESIAN_POINT('',(-0.0138655978268574,-0.00220217751447966,-0.0329539853792921));
#4333=CARTESIAN_POINT('',(-0.0147351692128487,-0.00229507236559587,-0.0335004256799757));
#4334=CARTESIAN_POINT('',(-0.0162121632546143,-0.00252796315941042,-0.0348703715259436));
#4335=CARTESIAN_POINT('',(-0.0168187910751349,-0.00266862673252705,-0.0356978043089826));
#4336=CARTESIAN_POINT('',(-0.0174621199474917,-0.00289838292540106,-0.0370493113258886));
#4337=CARTESIAN_POINT('',(-0.0176329946101093,-0.00297825286230664,-0.0375191344841568));
#4338=CARTESIAN_POINT('',(-0.0178194800178419,-0.00309913412140447,-0.0382302007141439));
#4339=CARTESIAN_POINT('',(-0.0178710363697004,-0.00313999314223401,-0.0384705478954941));
#4340=CARTESIAN_POINT('',(-0.0179534781040637,-0.00322567576027685,-0.0389745632957462));
#4341=CARTESIAN_POINT('',(-0.0179837917297947,-0.0032711458429797,-0.0392420343704687));
#4342=CARTESIAN_POINT('',(-0.018,-0.0033145262980937,-0.0394972135181982));
#4343=CARTESIAN_POINT('',(-0.015,-0.000356958758084273,-0.04));
#4344=CARTESIAN_POINT('',(-0.016,-0.00134281460475409,-0.0398324045060661));
#4345=CARTESIAN_POINT('',(-0.017,-0.00232867045142391,-0.0396648090121323));
#4346=CARTESIAN_POINT('',(-0.018,-0.00331452629809373,-0.0394972135181984));
#4347=CARTESIAN_POINT('',(0.,-0.137,-0.12));
#4348=CARTESIAN_POINT('',(-0.01,-0.137,-0.12));
#4349=CARTESIAN_POINT('',(-0.018,-0.0085,-0.07));
#4350=CARTESIAN_POINT('',(-0.015,-0.0112122571393657,-0.103854696360479));
#4351=CARTESIAN_POINT('',(-0.01,-0.129,-0.12));
#4352=CARTESIAN_POINT('',(-0.018,-0.129,-0.12));
#4353=CARTESIAN_POINT('',(-0.015,-0.0338869416127715,-0.1));
#4354=CARTESIAN_POINT('',(-0.015,-0.0338869416127715,-0.123));
#4355=CARTESIAN_POINT('',(-0.018,-0.142,-0.12));
#4356=CARTESIAN_POINT('',(0.030002,-0.017,-0.123));
#4357=CARTESIAN_POINT('',(0.012,-0.014,-0.12));
#4358=CARTESIAN_POINT('',(-0.012,-0.017,-0.123));
#4359=CARTESIAN_POINT('',(-0.027,-0.0085,-0.07));
#4360=CARTESIAN_POINT('',(-0.027,-0.000594526298093786,-0.0234972135181989));
#4361=CARTESIAN_POINT('',(-0.028,0.000391329548576021,-0.0236648090121328));
#4362=CARTESIAN_POINT('',(-0.029,0.00137718539524583,-0.0238324045060667));
#4363=CARTESIAN_POINT('',(-0.03,0.00236304124191563,-0.0240000000000005));
#4364=CARTESIAN_POINT('',(-0.027,-0.0141698246793751,-0.103351909878677));
#4365=CARTESIAN_POINT('',(-0.03,-0.0338869416127715,-0.1));
#4366=CARTESIAN_POINT('',(-0.027,-0.0338869416127715,-0.12));
#4367=CARTESIAN_POINT('',(-0.0259999999999938,-0.000502786481801609,-0.0229575675400095));
#4368=CARTESIAN_POINT('',(-0.0260463725423089,-0.000502786480534068,-0.0229575675325534));
#4369=CARTESIAN_POINT('',(-0.0260872968948664,-0.000502606724060979,-0.0229565101415352));
#4370=CARTESIAN_POINT('',(-0.0261543200088886,-0.000502500650528351,-0.0229558861795785));
#4371=CARTESIAN_POINT('',(-0.0261805369414753,-0.000502569832725419,-0.0229562931336789));
#4372=CARTESIAN_POINT('',(-0.0262378845982523,-0.000502909087633566,-0.0229582887507856));
#4373=CARTESIAN_POINT('',(-0.0262723647622566,-0.000503318261162697,-0.0229606956538982));
#4374=CARTESIAN_POINT('',(-0.0263394655379905,-0.000505034944220637,-0.0229707937895332));
#4375=CARTESIAN_POINT('',(-0.0263651844501074,-0.000505858503408902,-0.0229756382553464));
#4376=CARTESIAN_POINT('',(-0.0264144513152931,-0.000507854882283392,-0.0229873816604905));
#4377=CARTESIAN_POINT('',(-0.0264372683030076,-0.000508977002223043,-0.0229939823660179));
#4378=CARTESIAN_POINT('',(-0.026499708988139,-0.000512467902344492,-0.0230145170726147));
#4379=CARTESIAN_POINT('',(-0.0265442445919634,-0.00051561200015376,-0.0230330117656104));
#4380=CARTESIAN_POINT('',(-0.0266721679443836,-0.000527001238857429,-0.0231000072873967));
#4381=CARTESIAN_POINT('',(-0.0267522508340851,-0.000537165573618747,-0.0231597974918749));
#4382=CARTESIAN_POINT('',(-0.0268969412641003,-0.000563303756130873,-0.0233135515066522));
#4383=CARTESIAN_POINT('',(-0.0269572437174604,-0.000578851551480825,-0.0234050091263577));
#4384=CARTESIAN_POINT('',(-0.027,-0.000594526298093754,-0.0234972135181985));
#4385=CARTESIAN_POINT('',(-0.0259999999999441,0.003,-0.02));
#4386=CARTESIAN_POINT('',(-0.0264188705948302,0.0029999999306824,-0.0199999999999942));
#4387=CARTESIAN_POINT('',(-0.0267702650022183,0.00299029632784667,-0.0200654337818088));
#4388=CARTESIAN_POINT('',(-0.0272962825756981,0.00296932759768972,-0.0202060876416402));
#4389=CARTESIAN_POINT('',(-0.0274772800425516,0.0029582267299996,-0.0202802179014312));
#4390=CARTESIAN_POINT('',(-0.0278574431852527,0.00293323348486679,-0.020446628987373));
#4391=CARTESIAN_POINT('',(-0.0280597630482251,0.00291613916883126,-0.0205599780554859));
#4392=CARTESIAN_POINT('',(-0.0283998977986945,0.00288004992856754,-0.020796941421982));
#4393=CARTESIAN_POINT('',(-0.0285206003706224,0.00286568175914416,-0.0208908987156356));
#4394=CARTESIAN_POINT('',(-0.02873355362339,0.00283716468456278,-0.0210763684204624));
#4395=CARTESIAN_POINT('',(-0.0288238778176607,0.00282350080631597,-0.0211647717995769));
#4396=CARTESIAN_POINT('',(-0.0290575338553174,0.00278528133304337,-0.0214110414770049));
#4397=CARTESIAN_POINT('',(-0.0292026421663487,0.00275672771251197,-0.0215935023933022));
#4398=CARTESIAN_POINT('',(-0.0295686636423886,0.00267024398420846,-0.0221406371751696));
#4399=CARTESIAN_POINT('',(-0.0297344585076932,0.00261043950895926,-0.0225122308147344));
#4400=CARTESIAN_POINT('',(-0.0299549551549919,0.00248440123903112,-0.0232803006069819));
#4401=CARTESIAN_POINT('',(-0.03,0.00242079925022773,-0.0236602470081956));
#4402=CARTESIAN_POINT('',(-0.03,0.00236304124191563,-0.0240000000000006));
#4403=CARTESIAN_POINT('',(-0.0259999999999441,0.00299999999999999,-0.02));
#4404=CARTESIAN_POINT('',(-0.0259999999999607,0.00183240450606612,-0.0209858558466698));
#4405=CARTESIAN_POINT('',(-0.0259999999999772,0.000664809012132256,-0.0219717116933396));
#4406=CARTESIAN_POINT('',(-0.0259999999999938,-0.000502786481801612,-0.0229575675400095));
#4407=CARTESIAN_POINT('',(-0.03,0.011,-0.123));
#4408=CARTESIAN_POINT('',(-0.027,-0.129,-0.12));
#4409=CARTESIAN_POINT('',(0.030002,-0.000502786481801609,-0.0229575675400095));
#4410=CARTESIAN_POINT('',(-0.0241867732448923,-0.000502786481801606,-0.0229575675400094));
#4411=CARTESIAN_POINT('',(-0.0241867732448923,0.000664809012132261,-0.0219717116933396));
#4412=CARTESIAN_POINT('',(-0.0241867732448923,0.00183240450606613,-0.0209858558466698));
#4413=CARTESIAN_POINT('',(-0.0241867732448923,0.00299999999999999,-0.02));
#4414=CARTESIAN_POINT('',(-0.035,-0.129,-0.12));
#4415=CARTESIAN_POINT('',(-0.035,-0.137,-0.12));
#4416=CARTESIAN_POINT('',(-0.0184222346222911,5.62236831170914E-6,-0.0199669272452252));
#4417=CARTESIAN_POINT('',(-0.0190428436177354,-0.000144934818993333,-0.0208525577587843));
#4418=CARTESIAN_POINT('',(-0.019876417424301,-0.000272019435703769,-0.0216001143276692));
#4419=CARTESIAN_POINT('',(-0.0213933121533603,-0.000409833724070794,-0.0224107866121811));
#4420=CARTESIAN_POINT('',(-0.0219821058888956,-0.000447563704748905,-0.0226327276749935));
#4421=CARTESIAN_POINT('',(-0.0231679060798532,-0.000494746180367875,-0.0229102716492228));
#4422=CARTESIAN_POINT('',(-0.0237381960231987,-0.000502786487384731,-0.0229575675728514));
#4423=CARTESIAN_POINT('',(-0.0241867732448894,-0.000502786481801609,-0.0229575675400095));
#4424=CARTESIAN_POINT('',(-0.0210403347326771,0.00328684117326494,-0.0184697845995422));
#4425=CARTESIAN_POINT('',(-0.0214072961596384,0.00320118817122606,-0.018937163068682));
#4426=CARTESIAN_POINT('',(-0.0218754337422623,0.00312953127504141,-0.0193184997107763));
#4427=CARTESIAN_POINT('',(-0.0227000571062215,0.00305205677061425,-0.0197276355194254));
#4428=CARTESIAN_POINT('',(-0.0230158253975833,0.00303091383395822,-0.0198384073986971));
#4429=CARTESIAN_POINT('',(-0.0236473766170113,0.00300449229289094,-0.019976624384742));
#4430=CARTESIAN_POINT('',(-0.0239491558168336,0.00299999999687741,-0.02));
#4431=CARTESIAN_POINT('',(-0.0241867732448924,0.003,-0.02));
#4432=CARTESIAN_POINT('',(-0.0241867732448923,0.003,-0.02));
#4433=CARTESIAN_POINT('',(-0.0240326079803046,0.00300000001098971,-0.0199999999890102));
#4434=CARTESIAN_POINT('',(-0.0237748818077521,0.00298861582955733,-0.0199964319510172));
#4435=CARTESIAN_POINT('',(-0.0232223633970615,0.00289621362587662,-0.0200054557967432));
#4436=CARTESIAN_POINT('',(-0.0226915591511881,0.002734958369577,-0.0200047315710675));
#4437=CARTESIAN_POINT('',(-0.0222207336608949,0.00253924860180178,-0.0200089773896157));
#4438=CARTESIAN_POINT('',(-0.0218188168153048,0.00234656737872792,-0.0200101804854231));
#4439=CARTESIAN_POINT('',(-0.0214801706830358,0.00216607324529969,-0.0200088397245879));
#4440=CARTESIAN_POINT('',(-0.0210960616000848,0.00194253965964204,-0.0200065123878029));
#4441=CARTESIAN_POINT('',(-0.0207869618746079,0.00174876905026638,-0.0200043616371936));
#4442=CARTESIAN_POINT('',(-0.0203351804107153,0.00145133792781366,-0.0200008833814801));
#4443=CARTESIAN_POINT('',(-0.0194856249265384,0.000845541259335782,-0.0199947627743934));
#4444=CARTESIAN_POINT('',(-0.0188565811411292,0.00034966359452455,-0.0199830769934068));
#4445=CARTESIAN_POINT('',(-0.0184444291493216,1.37216782972508E-6,-0.020000784399815));
#4446=CARTESIAN_POINT('',(0.,-0.137,-0.12));
#4447=CARTESIAN_POINT('',(-0.04,-0.137,-0.12));
#4448=CARTESIAN_POINT('',(-0.0241867732448957,0.,-0.016));
#4449=CARTESIAN_POINT('',(-0.0208506665904273,0.003,-0.0137931034482759));
#4450=CARTESIAN_POINT('',(-0.04,-0.134,-0.125));
#4451=CARTESIAN_POINT('',(-0.045,-0.137,-0.125));
#4452=CARTESIAN_POINT('',(0.,0.003,-1.53080849893419E-18));
#4453=CARTESIAN_POINT('',(0.0208506665904273,0.003,-0.0137931034482759));
#4454=CARTESIAN_POINT('',(-0.045,-0.137,-0.13));
#4455=CARTESIAN_POINT('',(-0.045,-0.137,-0.135));
#4456=CARTESIAN_POINT('',(0.0241867732448957,0.,-0.016));
#4457=CARTESIAN_POINT('',(0.0235910544009598,0.00299967597678718,-0.0199557188157998));
#4458=CARTESIAN_POINT('',(0.0234441011739725,0.00295862271228465,-0.0199751043073542));
#4459=CARTESIAN_POINT('',(0.0231640569949495,0.00287756751375329,-0.019998100759579));
#4460=CARTESIAN_POINT('',(0.0228596646323039,0.00278151288995283,-0.0200083408793261));
#4461=CARTESIAN_POINT('',(0.0224825377058621,0.00264386389242258,-0.0200139653913722));
#4462=CARTESIAN_POINT('',(0.0220284711685934,0.00245243379622717,-0.0200104299475539));
#4463=CARTESIAN_POINT('',(0.0216263851706082,0.00224788958251501,-0.0200115677348335));
#4464=CARTESIAN_POINT('',(0.021139788021169,0.00196496934224474,-0.020011480275689));
#4465=CARTESIAN_POINT('',(0.0208575216714637,0.00179348872037521,-0.0200046447047432));
#4466=CARTESIAN_POINT('',(0.0205686681962922,0.00160504453586716,-0.0200044016988762));
#4467=CARTESIAN_POINT('',(0.0202203867754597,0.00136665027349256,-0.0200024748746193));
#4468=CARTESIAN_POINT('',(0.0199381211960006,0.00116617195770199,-0.0199995022626294));
#4469=CARTESIAN_POINT('',(0.0193034145871279,0.000699879416166005,-0.0199940326750218));
#4470=CARTESIAN_POINT('',(0.018822679905159,0.00031986443254681,-0.019986550009845));
#4471=CARTESIAN_POINT('',(0.0184443491257392,1.32268335252681E-6,-0.020000756104798));
#4472=CARTESIAN_POINT('',(-0.04,-0.134,-0.135));
#4473=CARTESIAN_POINT('',(-0.04,-0.137,-0.14));
#4474=CARTESIAN_POINT('',(0.0241867732448956,-0.000502786481801611,-0.0229575675400095));
#4475=CARTESIAN_POINT('',(0.0237441566678984,-0.000502786487338703,-0.0229575675725806));
#4476=CARTESIAN_POINT('',(0.0231978363914955,-0.000495600642699732,-0.0229152978982337));
#4477=CARTESIAN_POINT('',(0.0219943923094066,-0.000448377424557273,-0.0226375142621016));
#4478=CARTESIAN_POINT('',(0.0214175243113713,-0.000411392587651775,-0.0224199563979516));
#4479=CARTESIAN_POINT('',(0.0206285272817614,-0.000340641380770581,-0.0220037728280623));
#4480=CARTESIAN_POINT('',(0.0203781976471371,-0.000314613338348989,-0.0218506666961705));
#4481=CARTESIAN_POINT('',(0.0200170133289765,-0.00027158995167257,-0.0215975879510151));
#4482=CARTESIAN_POINT('',(0.0198897285944148,-0.000255475420226493,-0.0215027965895676));
#4483=CARTESIAN_POINT('',(0.0196246868446588,-0.000219110554837991,-0.0212888856166941));
#4484=CARTESIAN_POINT('',(0.0194797905691571,-0.000197525841657748,-0.0211619167156338));
#4485=CARTESIAN_POINT('',(0.0192614549767963,-0.0001627934989634,-0.0209576088174317));
#4486=CARTESIAN_POINT('',(0.0191786601431146,-0.000148559439196285,-0.0208738790540958));
#4487=CARTESIAN_POINT('',(0.0190581650098267,-0.000127347697731625,-0.0207491041043036));
#4488=CARTESIAN_POINT('',(0.018978865190853,-0.000113123748133906,-0.0206654338125524));
#4489=CARTESIAN_POINT('',(0.0187683816693713,-7.2001096061139E-5,-0.0204235358591832));
#4490=CARTESIAN_POINT('',(0.0186287685194657,-4.26405752559909E-5,-0.0202508269132705));
#4491=CARTESIAN_POINT('',(0.0184835753594738,-9.12825659539271E-6,-0.0200536956270317));
#4492=CARTESIAN_POINT('',(0.0184500471714718,-1.16733218415351E-6,-0.0200068666599068));
#4493=CARTESIAN_POINT('',(0.0184188468583344,6.41887478255516E-6,-0.0199622419130438));
#4494=CARTESIAN_POINT('',(0.0241867732448957,0.003,-0.02));
#4495=CARTESIAN_POINT('',(0.0239522867327389,0.00299999999690193,-0.02));
#4496=CARTESIAN_POINT('',(0.0236632682712067,0.00300401421140358,-0.0199791203258354));
#4497=CARTESIAN_POINT('',(0.0230224164666026,0.00303045777034611,-0.0198407980053364));
#4498=CARTESIAN_POINT('',(0.0227130466023981,0.00305118330247759,-0.0197322101675973));
#4499=CARTESIAN_POINT('',(0.0222843785589293,0.00309095305054396,-0.0195222450506442));
#4500=CARTESIAN_POINT('',(0.0221474054189728,0.00310559956945785,-0.0194447084900294));
#4501=CARTESIAN_POINT('',(0.0219481041997748,0.00312984769180722,-0.0193158136760214));
#4502=CARTESIAN_POINT('',(0.0218775794632356,0.00313893552512976,-0.0192674276134891));
#4503=CARTESIAN_POINT('',(0.0217298408638586,0.0031594637906856,-0.0191578382488121));
#4504=CARTESIAN_POINT('',(0.0216485328651766,0.00317166029710652,-0.0190925570909974));
#4505=CARTESIAN_POINT('',(0.0215253005227481,0.0031913030577216,-0.0189871619533563));
#4506=CARTESIAN_POINT('',(0.0214782255613756,0.00319936100622178,-0.0189438061770628));
#4507=CARTESIAN_POINT('',(0.0214095533722446,0.00321137314133629,-0.0188791101300518));
#4508=CARTESIAN_POINT('',(0.0213642730505913,0.00321942986559828,-0.0188356914624248));
#4509=CARTESIAN_POINT('',(0.0212429927391955,0.00324274995802335,-0.018709577411918));
#4510=CARTESIAN_POINT('',(0.0211618710113251,0.00325941589119988,-0.0186191912816193));
#4511=CARTESIAN_POINT('',(0.0210765529343435,0.00327846277708861,-0.0185154800092977));
#4512=CARTESIAN_POINT('',(0.0210567803406454,0.00328298911677653,-0.0184908045443834));
#4513=CARTESIAN_POINT('',(0.0210383240917127,0.00328730375373665,-0.0184672596849914));
#4514=CARTESIAN_POINT('',(0.0241867732448957,0.00299999999999999,-0.02));
#4515=CARTESIAN_POINT('',(0.0241867732448957,0.00183240450606612,-0.0209858558466698));
#4516=CARTESIAN_POINT('',(0.0241867732448957,0.000664809012132256,-0.0219717116933396));
#4517=CARTESIAN_POINT('',(0.0241867732448957,-0.000502786481801612,-0.0229575675400095));
#4518=CARTESIAN_POINT('',(0.,-0.134,-0.137));
#4519=CARTESIAN_POINT('',(-0.035,-0.137,-0.14));
#4520=CARTESIAN_POINT('',(0.030002,-0.000502786481801609,-0.0229575675400095));
#4521=CARTESIAN_POINT('',(0.0259999999999575,-0.00050278648180161,-0.0229575675400095));
#4522=CARTESIAN_POINT('',(0.0259999999999575,0.000664809012132258,-0.0219717116933396));
#4523=CARTESIAN_POINT('',(0.0259999999999575,0.00183240450606613,-0.0209858558466698));
#4524=CARTESIAN_POINT('',(0.0259999999999575,0.00299999999999999,-0.02));
#4525=CARTESIAN_POINT('',(-0.035,-0.129,-0.14));
#4526=CARTESIAN_POINT('',(-0.027,-0.129,-0.14));
#4527=CARTESIAN_POINT('',(0.027,-0.000594526298093734,-0.0234972135181984));
#4528=CARTESIAN_POINT('',(0.0269820262638001,-0.000587937002481967,-0.0234584529557763));
#4529=CARTESIAN_POINT('',(0.0269559660416629,-0.000579632167877117,-0.0234096009875124));
#4530=CARTESIAN_POINT('',(0.0268923717617045,-0.000563448051730727,-0.0233144003042984));
#4531=CARTESIAN_POINT('',(0.0268615482936752,-0.000556969661126376,-0.0232762921242728));
#4532=CARTESIAN_POINT('',(0.0267596415673656,-0.000538388988650767,-0.0231669940508869));
#4533=CARTESIAN_POINT('',(0.0266785621333147,-0.000527633764059407,-0.0231037280238789));
#4534=CARTESIAN_POINT('',(0.0265447364289182,-0.000515625458240975,-0.0230330909308292));
#4535=CARTESIAN_POINT('',(0.0264995131621258,-0.000512463760870406,-0.0230144927110023));
#4536=CARTESIAN_POINT('',(0.0264384232598169,-0.000509038257174175,-0.0229943426892598));
#4537=CARTESIAN_POINT('',(0.0264158777100105,-0.000507921135311124,-0.0229877713841831));
#4538=CARTESIAN_POINT('',(0.02636685095611,-0.000505918096921671,-0.0229759888054216));
#4539=CARTESIAN_POINT('',(0.0263407393026385,-0.000505078062808043,-0.0229710474282826));
#4540=CARTESIAN_POINT('',(0.0262982858840176,-0.000503972019465777,-0.0229645412909752));
#4541=CARTESIAN_POINT('',(0.026282154055437,-0.000503657797503544,-0.0229626929264914));
#4542=CARTESIAN_POINT('',(0.0262471918874572,-0.000503100569810215,-0.0229594151165307));
#4543=CARTESIAN_POINT('',(0.0262283854356369,-0.000502880956289879,-0.0229581232722934));
#4544=CARTESIAN_POINT('',(0.0261878481628119,-0.000502594651930129,-0.0229564391290007));
#4545=CARTESIAN_POINT('',(0.0261569356086788,-0.000502498921249709,-0.0229558760073512));
#4546=CARTESIAN_POINT('',(0.0260872449498627,-0.000502604482605608,-0.0229564969565035));
#4547=CARTESIAN_POINT('',(0.0260464821667343,-0.000502786480618371,-0.0229575675330492));
#4548=CARTESIAN_POINT('',(0.0259999999999953,-0.000502786481801611,-0.0229575675400095));
#4549=CARTESIAN_POINT('',(0.03,0.00236304124191571,-0.024));
#4550=CARTESIAN_POINT('',(0.03,0.00238731891982776,-0.0238571901296447));
#4551=CARTESIAN_POINT('',(0.0299913949746324,0.00241914377044766,-0.0236688936101315));
#4552=CARTESIAN_POINT('',(0.0299376766393517,0.00248612796950225,-0.0232681749055704));
#4553=CARTESIAN_POINT('',(0.0299003928359657,0.00251509184296585,-0.0230931759432527));
#4554=CARTESIAN_POINT('',(0.0297468949555832,0.00260426358153398,-0.0225500500798932));
#4555=CARTESIAN_POINT('',(0.029585610056015,0.00266579950267997,-0.0221686152983631));
#4556=CARTESIAN_POINT('',(0.0292046964107987,0.0027564535398942,-0.0215953039143355));
#4557=CARTESIAN_POINT('',(0.0290565753618552,0.00278538745897084,-0.0214103418231333));
#4558=CARTESIAN_POINT('',(0.0288283096680063,0.00282280055800312,-0.0211692916035398));
#4559=CARTESIAN_POINT('',(0.0287393571958675,0.00283631911940513,-0.0210818480587361));
#4560=CARTESIAN_POINT('',(0.028528143536396,0.00286473584523644,-0.0208970693114037));
#4561=CARTESIAN_POINT('',(0.0284057422440044,0.00287933057371989,-0.0208016402604248));
#4562=CARTESIAN_POINT('',(0.0281917039013689,0.00290222842972045,-0.0206513383603226));
#4563=CARTESIAN_POINT('',(0.0281041982174791,0.0029105864734868,-0.0205962301124958));
#4564=CARTESIAN_POINT('',(0.0279045981212323,0.00292807453416648,-0.0204806526766855));
#4565=CARTESIAN_POINT('',(0.0277913611413949,0.00293713071420992,-0.02042061383866));
#4566=CARTESIAN_POINT('',(0.0275277810819485,0.00295519858649706,-0.0203004236733739));
#4567=CARTESIAN_POINT('',(0.0273161267620269,0.00296841989469821,-0.0202121687259702));
#4568=CARTESIAN_POINT('',(0.0267705164583848,0.002990398735486,-0.0200647541624951));
#4569=CARTESIAN_POINT('',(0.0264195317133984,0.00299999993542681,-0.0199999999999955));
#4570=CARTESIAN_POINT('',(0.0259999999999575,0.003,-0.02));
#4571=CARTESIAN_POINT('',(0.03,0.00236304124191572,-0.024));
#4572=CARTESIAN_POINT('',(0.029,0.0013771853952459,-0.0238324045060662));
#4573=CARTESIAN_POINT('',(0.028,0.000391329548576082,-0.0236648090121323));
#4574=CARTESIAN_POINT('',(0.027,-0.000594526298093735,-0.0234972135181984));
#4575=CARTESIAN_POINT('',(-0.03,0.011,-0.137));
#4576=CARTESIAN_POINT('',(-0.027,-0.0198881510802228,-0.14));
#4577=CARTESIAN_POINT('',(0.027,-0.0085,-0.07));
#4578=CARTESIAN_POINT('',(0.03,-0.0112122571393657,-0.103854696360479));
#4579=CARTESIAN_POINT('',(-0.03,-0.0198881510802228,-0.12));
#4580=CARTESIAN_POINT('',(-0.027,-0.00019199601997866,-0.123472963553339));
#4581=CARTESIAN_POINT('',(0.03,-0.0338869416127715,-0.1));
#4582=CARTESIAN_POINT('',(0.03,-0.0338869416127715,-0.123));
#4583=CARTESIAN_POINT('',(-0.03,0.00804557674096337,-0.0594790554669992));
#4584=CARTESIAN_POINT('',(-0.027,0.0106961550602442,-0.0617231902828201));
#4585=CARTESIAN_POINT('',(0.027,-0.142,-0.12));
#4586=CARTESIAN_POINT('',(0.03,-0.129,-0.123));
#4587=CARTESIAN_POINT('',(-0.03,-0.009,-0.0582502267294815));
#4588=CARTESIAN_POINT('',(-0.027,0.011,-0.0582502267294815));
#4589=CARTESIAN_POINT('',(0.035,-0.129,-0.12));
#4590=CARTESIAN_POINT('',(0.035,-0.134,-0.123));
#4591=CARTESIAN_POINT('',(-0.03,0.008,-0.06));
#4592=CARTESIAN_POINT('',(-0.027,0.011,1.02246722744222E-20));
#4593=CARTESIAN_POINT('',(0.,-0.137,-0.12));
#4594=CARTESIAN_POINT('',(0.04,-0.134,-0.123));
#4595=CARTESIAN_POINT('',(0.,0.011,1.02246722744222E-19));
#4596=CARTESIAN_POINT('',(0.027,0.011,0.));
#4597=CARTESIAN_POINT('',(0.04,-0.134,-0.125));
#4598=CARTESIAN_POINT('',(0.042,-0.134,-0.125));
#4599=CARTESIAN_POINT('',(0.027,0.011,-0.055));
#4600=CARTESIAN_POINT('',(0.027,0.011,-0.0582502267294815));
#4601=CARTESIAN_POINT('',(0.042,-0.134,-0.13));
#4602=CARTESIAN_POINT('',(0.042,-0.134,-0.135));
#4603=CARTESIAN_POINT('',(0.03,-0.009,-0.0582502267294815));
#4604=CARTESIAN_POINT('',(0.027,0.0106961550602442,-0.0617231902828201));
#4605=CARTESIAN_POINT('',(0.04,-0.134,-0.135));
#4606=CARTESIAN_POINT('',(0.04,-0.134,-0.137));
#4607=CARTESIAN_POINT('',(0.03,0.00804557674096337,-0.0594790554669992));
#4608=CARTESIAN_POINT('',(0.027,-0.000191996019978653,-0.123472963553339));
#4609=CARTESIAN_POINT('',(0.,-0.134,-0.137));
#4610=CARTESIAN_POINT('',(0.035,-0.134,-0.137));
#4611=CARTESIAN_POINT('',(0.03,-0.0198881510802228,-0.12));
#4612=CARTESIAN_POINT('',(0.027,-0.0198881510802228,-0.14));
#4613=CARTESIAN_POINT('',(0.035,-0.129,-0.14));
#4614=CARTESIAN_POINT('',(0.03,-0.129,-0.137));
#4615=CARTESIAN_POINT('',(0.027,0.011,-0.14));
#4616=CARTESIAN_POINT('',(0.012,-0.003,-0.117));
#4617=CARTESIAN_POINT('',(0.012,-0.0152426406871193,-0.117));
#4618=CARTESIAN_POINT('',(0.012,0.112790959841568,0.0110336005286873));
#4619=CARTESIAN_POINT('',(0.012,-0.02,-0.121757359312881));
#4620=CARTESIAN_POINT('',(0.012,-0.02,0.185324560370255));
#4621=CARTESIAN_POINT('',(-0.012,-0.0615,-0.117));
#4622=CARTESIAN_POINT('',(-0.012,-0.0152426406871194,-0.117));
#4623=CARTESIAN_POINT('',(-0.012,0.112790959841568,0.0110336005286873));
#4624=CARTESIAN_POINT('',(-0.012,-0.02,-0.121757359312881));
#4625=CARTESIAN_POINT('',(-0.012,-0.02,-0.13));
#4626=CARTESIAN_POINT('',(0.,-0.142,-0.139));
#4627=CARTESIAN_POINT('',(-0.04,-0.141,-0.14));
#4628=CARTESIAN_POINT('',(0.04,-0.142,-0.139));
#4629=CARTESIAN_POINT('',(0.04,-0.142,-0.135));
#4630=CARTESIAN_POINT('',(0.044,-0.142,-0.135));
#4631=CARTESIAN_POINT('',(-0.04,-0.142,-0.135));
#4632=CARTESIAN_POINT('',(-0.045,-0.141,-0.135));
#4633=CARTESIAN_POINT('',(0.045,-0.141,-0.13));
#4634=CARTESIAN_POINT('',(0.044,-0.142,-0.125));
#4635=CARTESIAN_POINT('',(-0.044,-0.142,-0.055));
#4636=CARTESIAN_POINT('',(-0.045,-0.141,-0.125));
#4637=CARTESIAN_POINT('',(0.04,-0.142,-0.125));
#4638=CARTESIAN_POINT('',(0.04,-0.142,-0.121));
#4639=CARTESIAN_POINT('',(-0.04,-0.142,-0.125));
#4640=CARTESIAN_POINT('',(-0.04,-0.141,-0.12));
#4641=CARTESIAN_POINT('',(0.,-0.142,-0.121));
#4642=MECHANICAL_DESIGN_GEOMETRIC_PRESENTATION_REPRESENTATION('',(#2522),
#4643);
#4643=(
GEOMETRIC_REPRESENTATION_CONTEXT(3)
GLOBAL_UNCERTAINTY_ASSIGNED_CONTEXT((#4644))
GLOBAL_UNIT_ASSIGNED_CONTEXT((#4647,#4646,#4645))
REPRESENTATION_CONTEXT('Part 1','TOP_LEVEL_ASSEMBLY_PART')
);
#4644=UNCERTAINTY_MEASURE_WITH_UNIT(LENGTH_MEASURE(2.E-5),#4647,
'DISTANCE_ACCURACY_VALUE','Maximum Tolerance applied to model');
#4645=(
NAMED_UNIT(*)
SI_UNIT($,.STERADIAN.)
SOLID_ANGLE_UNIT()
);
#4646=(
NAMED_UNIT(*)
PLANE_ANGLE_UNIT()
SI_UNIT($,.RADIAN.)
);
#4647=(
LENGTH_UNIT()
NAMED_UNIT(*)
SI_UNIT($,.METRE.)
);
#4648=PRODUCT_DEFINITION_SHAPE('','',#4649);
#4649=PRODUCT_DEFINITION('','',#4651,#4650);
#4650=PRODUCT_DEFINITION_CONTEXT('',#4657,'design');
#4651=PRODUCT_DEFINITION_FORMATION_WITH_SPECIFIED_SOURCE('','',#4653,
 .NOT_KNOWN.);
#4652=PRODUCT_RELATED_PRODUCT_CATEGORY('','',(#4653));
#4653=PRODUCT('Part 1','Part 1','Part 1',(#4655));
#4654=PRODUCT_CATEGORY('','');
#4655=PRODUCT_CONTEXT('',#4657,'mechanical');
#4656=APPLICATION_PROTOCOL_DEFINITION('international standard',
'ap242_managed_model_based_3d_engineering',2020,#4657);
#4657=APPLICATION_CONTEXT('managed model based 3d engineering');
ENDSEC;
END-ISO-10303-21;
