ISO-10303-21;
HEADER;
/* Generated by software containing ST-Developer
 * from STEP Tools, Inc. (www.steptools.com) 
 */
/* OPTION: using custom renumber hook */

FILE_DESCRIPTION(
/* description */ ('STEP AP242 Edition 2',
'CAx-IF Rec.Pracs.---Representation and Presentation of Product Manufa
cturing Information (PMI)---4.0---2014-10-13',
'CAx-IF Rec.Pracs.---3D Tessellated Geometry---0.4---2014-09-14','2;1',
'CAx-IF Rec.Pracs.---User Defined Attributes---1.5---2016-08-15'),
/* implementation_level */ '2;1');

FILE_NAME(
/* name */ 'Vernier Go Direct Mount (Base)_REV. 0',
/* time_stamp */ '2026-07-28T14:03:39Z',
/* author */ (''),
/* organization */ (''),
/* preprocessor_version */ 'ST-DEVELOPER v20',
/* originating_system */ 'ONSHAPE BY PTC INC, 1.218',
/* authorisation */ '  ');

FILE_SCHEMA (('AP242_MANAGED_MODEL_BASED_3D_ENGINEERING_MIM_LF { 1 0 10303 442 3 1 4 }'));
ENDSEC;

DATA;
#10=SHAPE_REPRESENTATION_RELATIONSHIP('','',#1916,#11);
#11=ADVANCED_BREP_SHAPE_REPRESENTATION('',(#1914),#3310);
#12=SPHERICAL_SURFACE('',#2078,0.007);
#13=SPHERICAL_SURFACE('',#2084,0.007);
#14=(
BOUNDED_SURFACE()
B_SPLINE_SURFACE(3,2,((#3224,#3225,#3226),(#3227,#3228,#3229),(#3230,#3231,
#3232),(#3233,#3234,#3235),(#3236,#3237,#3238),(#3239,#3240,#3241),(#3242,
#3243,#3244),(#3245,#3246,#3247),(#3248,#3249,#3250)),.UNSPECIFIED.,.F.,
 .F.,.F.)
B_SPLINE_SURFACE_WITH_KNOTS((4,1,1,1,1,1,4),(3,3),(6.28318530717959,6.47953484802895,
6.67588438887831,6.87223392972767,7.06858347057703,7.46128255227576,7.85398163397448),
(0.,1.),.UNSPECIFIED.)
GEOMETRIC_REPRESENTATION_ITEM()
RATIONAL_B_SPLINE_SURFACE(((1.,0.707106781186548,1.),(1.,0.707106781187783,
1.),(1.,0.71640017760113,1.),(1.,0.754563896244319,1.),(1.,0.808034956513203,
1.),(1.,0.886299164406121,1.),(1.,0.973513794545463,1.),(1.,0.999999999999712,
1.),(1.,1.,1.)))
REPRESENTATION_ITEM('')
SURFACE()
);
#15=(
BOUNDED_SURFACE()
B_SPLINE_SURFACE(3,2,((#3259,#3260,#3261),(#3262,#3263,#3264),(#3265,#3266,
#3267),(#3268,#3269,#3270),(#3271,#3272,#3273),(#3274,#3275,#3276),(#3277,
#3278,#3279),(#3280,#3281,#3282),(#3283,#3284,#3285)),.UNSPECIFIED.,.F.,
 .F.,.F.)
B_SPLINE_SURFACE_WITH_KNOTS((4,1,1,1,1,1,4),(3,3),(6.28318530717959,6.47953484802895,
6.67588438887831,6.87223392972767,7.06858347057703,7.46128255227576,7.85398163397448),
(0.,1.),.UNSPECIFIED.)
GEOMETRIC_REPRESENTATION_ITEM()
RATIONAL_B_SPLINE_SURFACE(((1.,0.707106781186548,1.),(1.,0.707106781187565,
1.),(1.,0.716400177601231,1.),(1.,0.754563896244292,1.),(1.,0.80803495651321,
1.),(1.,0.886299164406117,1.),(1.,0.973513794545463,1.),(1.,0.999999999999712,
1.),(1.,1.,1.)))
REPRESENTATION_ITEM('')
SURFACE()
);
#16=B_SPLINE_SURFACE_WITH_KNOTS('',1,3,((#3194,#3195,#3196,#3197,#3198,
#3199,#3200,#3201,#3202,#3203,#3204,#3205),(#3206,#3207,#3208,#3209,#3210,
#3211,#3212,#3213,#3214,#3215,#3216,#3217)),.RULED_SURF.,.F.,.F.,.F.,(2,
2),(4,3,2,3,4),(0.,1.),(2.08003527031033E-6,0.00104218365501962,0.00617282421678722,
0.0113034647785548,0.011652245818409),.UNSPECIFIED.);
#17=CONICAL_SURFACE('',#2033,0.003,0.785398163397449);
#18=CONICAL_SURFACE('',#2036,0.003,0.785398163397449);
#19=CONICAL_SURFACE('',#2037,0.002,0.785398163397448);
#20=CONICAL_SURFACE('',#2040,0.002,0.785398163397446);
#21=CONICAL_SURFACE('',#2041,0.02115,0.785398163397448);
#22=CONICAL_SURFACE('',#2065,0.002,0.523598775598299);
#23=CONICAL_SURFACE('',#2067,0.002,0.523598775598299);
#24=CYLINDRICAL_SURFACE('',#1924,0.007);
#25=CYLINDRICAL_SURFACE('',#1978,0.006);
#26=CYLINDRICAL_SURFACE('',#1979,0.006);
#27=CYLINDRICAL_SURFACE('',#2004,0.02215);
#28=CYLINDRICAL_SURFACE('',#2010,0.0026);
#29=CYLINDRICAL_SURFACE('',#2011,0.0026);
#30=CYLINDRICAL_SURFACE('',#2012,0.002);
#31=CYLINDRICAL_SURFACE('',#2014,0.002);
#32=CYLINDRICAL_SURFACE('',#2016,0.002);
#33=CYLINDRICAL_SURFACE('',#2018,0.002);
#34=CYLINDRICAL_SURFACE('',#2020,0.002);
#35=CYLINDRICAL_SURFACE('',#2021,0.002);
#36=CYLINDRICAL_SURFACE('',#2022,0.003);
#37=CYLINDRICAL_SURFACE('',#2024,0.003);
#38=CYLINDRICAL_SURFACE('',#2026,0.003);
#39=CYLINDRICAL_SURFACE('',#2027,0.003);
#40=CYLINDRICAL_SURFACE('',#2028,0.003);
#41=CYLINDRICAL_SURFACE('',#2029,0.003);
#42=CYLINDRICAL_SURFACE('',#2031,0.003);
#43=CYLINDRICAL_SURFACE('',#2069,0.001);
#44=CYLINDRICAL_SURFACE('',#2072,0.007);
#45=CYLINDRICAL_SURFACE('',#2074,0.007);
#46=CYLINDRICAL_SURFACE('',#2076,0.007);
#47=CYLINDRICAL_SURFACE('',#2080,0.007);
#48=CYLINDRICAL_SURFACE('',#2082,0.007);
#49=CYLINDRICAL_SURFACE('',#2086,0.007);
#50=CYLINDRICAL_SURFACE('',#2090,0.003);
#51=CYLINDRICAL_SURFACE('',#2091,0.003);
#52=CYLINDRICAL_SURFACE('',#2092,0.003);
#53=CYLINDRICAL_SURFACE('',#2093,0.003);
#54=CYLINDRICAL_SURFACE('',#2094,0.003);
#55=B_SPLINE_CURVE_WITH_KNOTS('',3,(#2676,#2677,#2678,#2679),
 .UNSPECIFIED.,.F.,.F.,(4,4),(0.,1.),.UNSPECIFIED.);
#56=B_SPLINE_CURVE_WITH_KNOTS('',3,(#2736,#2737,#2738,#2739,#2740,#2741),
 .UNSPECIFIED.,.F.,.F.,(4,1,1,4),(-0.00157380711819827,0.000450327284865694,
0.00146239448639768,0.00247446168792966),.UNSPECIFIED.);
#57=B_SPLINE_CURVE_WITH_KNOTS('',3,(#2749,#2750,#2751,#2752,#2753,#2754),
 .UNSPECIFIED.,.F.,.F.,(4,1,1,4),(0.,0.00102031675267677,0.00204063350535354,
0.00408126701070709),.UNSPECIFIED.);
#58=B_SPLINE_CURVE_WITH_KNOTS('',3,(#3082,#3083,#3084,#3085,#3086,#3087),
 .UNSPECIFIED.,.F.,.F.,(4,2,4),(0.00104218365501962,0.00617282421678722,
0.0113034647785548),.UNSPECIFIED.);
#59=B_SPLINE_CURVE_WITH_KNOTS('',3,(#3089,#3090,#3091,#3092,#3093),
 .UNSPECIFIED.,.F.,.F.,(4,1,4),(0.,0.00213433154090906,0.00426866308181811),
 .UNSPECIFIED.);
#60=B_SPLINE_CURVE_WITH_KNOTS('',3,(#3107,#3108,#3109,#3110,#3111,#3112,
#3113),.UNSPECIFIED.,.F.,.F.,(4,1,1,1,4),(0.,0.000456572018790602,0.000913144037581204,
0.00136971605637181,0.00182628807516241),.UNSPECIFIED.);
#61=B_SPLINE_CURVE_WITH_KNOTS('',3,(#3118,#3119,#3120,#3121,#3122,#3123,
#3124),.UNSPECIFIED.,.F.,.F.,(4,1,1,1,4),(0.,0.00045545044907134,0.00091090089814268,
0.00136635134721402,0.00182180179628536),.UNSPECIFIED.);
#62=B_SPLINE_CURVE_WITH_KNOTS('',3,(#3131,#3132,#3133,#3134),
 .UNSPECIFIED.,.F.,.F.,(4,4),(0.,0.00144947527098337),.UNSPECIFIED.);
#63=B_SPLINE_CURVE_WITH_KNOTS('',3,(#3138,#3139,#3140,#3141),
 .UNSPECIFIED.,.F.,.F.,(4,4),(0.,0.00144947527098337),.UNSPECIFIED.);
#64=B_SPLINE_CURVE_WITH_KNOTS('',3,(#3218,#3219,#3220,#3221),
 .UNSPECIFIED.,.F.,.F.,(4,4),(0.,1.),.UNSPECIFIED.);
#65=ELLIPSE('',#1923,0.006,0.003);
#66=ELLIPSE('',#1926,0.00806225774829855,0.007);
#67=ELLIPSE('',#2044,0.0197989898732236,0.007);
#68=ELLIPSE('',#2045,0.0114309521329882,0.007);
#69=ELLIPSE('',#2048,0.0197989898732231,0.007);
#70=ELLIPSE('',#2050,0.0114309521329881,0.007);
#71=ELLIPSE('',#2056,0.0114309521329882,0.007);
#72=ELLIPSE('',#2058,0.0197989898732231,0.007);
#73=ELLIPSE('',#2061,0.0197989898732236,0.007);
#74=ELLIPSE('',#2062,0.0114309521329882,0.007);
#75=ELLIPSE('',#2064,0.00346410161513775,0.003);
#76=ELLIPSE('',#2070,0.00806225774829856,0.007);
#77=ELLIPSE('',#2071,0.00806225774829855,0.007);
#78=ELLIPSE('',#2073,0.00806225774829855,0.007);
#79=CIRCLE('',#1919,0.003);
#80=CIRCLE('',#1920,0.003);
#81=CIRCLE('',#1925,0.007);
#82=CIRCLE('',#1928,0.003);
#83=CIRCLE('',#1929,0.003);
#84=CIRCLE('',#1930,0.003);
#85=CIRCLE('',#1931,0.003);
#86=CIRCLE('',#1932,0.003);
#87=CIRCLE('',#1933,0.003);
#88=CIRCLE('',#1936,0.003);
#89=CIRCLE('',#1937,0.003);
#90=CIRCLE('',#1938,0.02215);
#91=CIRCLE('',#1941,0.003);
#92=CIRCLE('',#1942,0.002);
#93=CIRCLE('',#1943,0.002);
#94=CIRCLE('',#1944,0.003);
#95=CIRCLE('',#1946,0.003);
#96=CIRCLE('',#1947,0.003);
#97=CIRCLE('',#1948,0.003);
#98=CIRCLE('',#1949,0.003);
#99=CIRCLE('',#1950,0.003);
#100=CIRCLE('',#1951,0.003);
#101=CIRCLE('',#1953,0.0026);
#102=CIRCLE('',#1954,0.007);
#103=CIRCLE('',#1955,0.003);
#104=CIRCLE('',#1956,0.002);
#105=CIRCLE('',#1957,0.002);
#106=CIRCLE('',#1959,0.006);
#107=CIRCLE('',#1961,0.0026);
#108=CIRCLE('',#1962,0.007);
#109=CIRCLE('',#1963,0.002);
#110=CIRCLE('',#1964,0.002);
#111=CIRCLE('',#1965,0.003);
#112=CIRCLE('',#1968,0.006);
#113=CIRCLE('',#1970,0.006);
#114=CIRCLE('',#1973,0.007);
#115=CIRCLE('',#1974,0.006);
#116=CIRCLE('',#1976,0.003);
#117=CIRCLE('',#1977,0.003);
#118=CIRCLE('',#1995,0.0026);
#119=CIRCLE('',#2003,0.0026);
#120=CIRCLE('',#2005,0.02215);
#121=CIRCLE('',#2007,0.02115);
#122=CIRCLE('',#2008,0.002);
#123=CIRCLE('',#2009,0.002);
#124=CIRCLE('',#2013,0.002);
#125=CIRCLE('',#2015,0.002);
#126=CIRCLE('',#2017,0.002);
#127=CIRCLE('',#2019,0.002);
#128=CIRCLE('',#2023,0.003);
#129=CIRCLE('',#2025,0.003);
#130=CIRCLE('',#2030,0.003);
#131=CIRCLE('',#2032,0.003);
#132=CIRCLE('',#2075,0.007);
#133=CIRCLE('',#2077,0.007);
#134=CIRCLE('',#2079,0.007);
#135=CIRCLE('',#2081,0.007);
#136=CIRCLE('',#2083,0.007);
#137=CIRCLE('',#2085,0.007);
#138=ORIENTED_EDGE('',*,*,#684,.F.);
#139=ORIENTED_EDGE('',*,*,#685,.T.);
#140=ORIENTED_EDGE('',*,*,#686,.T.);
#141=ORIENTED_EDGE('',*,*,#687,.T.);
#142=ORIENTED_EDGE('',*,*,#688,.F.);
#143=ORIENTED_EDGE('',*,*,#689,.T.);
#144=ORIENTED_EDGE('',*,*,#690,.T.);
#145=ORIENTED_EDGE('',*,*,#691,.T.);
#146=ORIENTED_EDGE('',*,*,#692,.F.);
#147=ORIENTED_EDGE('',*,*,#693,.T.);
#148=ORIENTED_EDGE('',*,*,#694,.T.);
#149=ORIENTED_EDGE('',*,*,#695,.T.);
#150=ORIENTED_EDGE('',*,*,#696,.F.);
#151=ORIENTED_EDGE('',*,*,#697,.T.);
#152=ORIENTED_EDGE('',*,*,#698,.F.);
#153=ORIENTED_EDGE('',*,*,#699,.F.);
#154=ORIENTED_EDGE('',*,*,#700,.F.);
#155=ORIENTED_EDGE('',*,*,#701,.F.);
#156=ORIENTED_EDGE('',*,*,#702,.T.);
#157=ORIENTED_EDGE('',*,*,#686,.F.);
#158=ORIENTED_EDGE('',*,*,#694,.F.);
#159=ORIENTED_EDGE('',*,*,#703,.T.);
#160=ORIENTED_EDGE('',*,*,#704,.T.);
#161=ORIENTED_EDGE('',*,*,#705,.T.);
#162=ORIENTED_EDGE('',*,*,#706,.T.);
#163=ORIENTED_EDGE('',*,*,#707,.T.);
#164=ORIENTED_EDGE('',*,*,#708,.T.);
#165=ORIENTED_EDGE('',*,*,#709,.T.);
#166=ORIENTED_EDGE('',*,*,#710,.T.);
#167=ORIENTED_EDGE('',*,*,#711,.T.);
#168=ORIENTED_EDGE('',*,*,#712,.T.);
#169=ORIENTED_EDGE('',*,*,#713,.T.);
#170=ORIENTED_EDGE('',*,*,#714,.T.);
#171=ORIENTED_EDGE('',*,*,#715,.T.);
#172=ORIENTED_EDGE('',*,*,#716,.T.);
#173=ORIENTED_EDGE('',*,*,#717,.T.);
#174=ORIENTED_EDGE('',*,*,#718,.T.);
#175=ORIENTED_EDGE('',*,*,#701,.T.);
#176=ORIENTED_EDGE('',*,*,#719,.F.);
#177=ORIENTED_EDGE('',*,*,#720,.T.);
#178=ORIENTED_EDGE('',*,*,#721,.T.);
#179=ORIENTED_EDGE('',*,*,#722,.T.);
#180=ORIENTED_EDGE('',*,*,#723,.T.);
#181=ORIENTED_EDGE('',*,*,#724,.T.);
#182=ORIENTED_EDGE('',*,*,#725,.F.);
#183=ORIENTED_EDGE('',*,*,#726,.T.);
#184=ORIENTED_EDGE('',*,*,#727,.T.);
#185=ORIENTED_EDGE('',*,*,#728,.T.);
#186=ORIENTED_EDGE('',*,*,#729,.T.);
#187=ORIENTED_EDGE('',*,*,#730,.T.);
#188=ORIENTED_EDGE('',*,*,#731,.T.);
#189=ORIENTED_EDGE('',*,*,#732,.T.);
#190=ORIENTED_EDGE('',*,*,#733,.T.);
#191=ORIENTED_EDGE('',*,*,#734,.T.);
#192=ORIENTED_EDGE('',*,*,#735,.T.);
#193=ORIENTED_EDGE('',*,*,#736,.T.);
#194=ORIENTED_EDGE('',*,*,#737,.T.);
#195=ORIENTED_EDGE('',*,*,#738,.T.);
#196=ORIENTED_EDGE('',*,*,#739,.T.);
#197=ORIENTED_EDGE('',*,*,#740,.F.);
#198=ORIENTED_EDGE('',*,*,#741,.F.);
#199=ORIENTED_EDGE('',*,*,#742,.T.);
#200=ORIENTED_EDGE('',*,*,#743,.T.);
#201=ORIENTED_EDGE('',*,*,#744,.T.);
#202=ORIENTED_EDGE('',*,*,#745,.T.);
#203=ORIENTED_EDGE('',*,*,#746,.T.);
#204=ORIENTED_EDGE('',*,*,#747,.T.);
#205=ORIENTED_EDGE('',*,*,#748,.T.);
#206=ORIENTED_EDGE('',*,*,#749,.F.);
#207=ORIENTED_EDGE('',*,*,#750,.T.);
#208=ORIENTED_EDGE('',*,*,#751,.T.);
#209=ORIENTED_EDGE('',*,*,#730,.F.);
#210=ORIENTED_EDGE('',*,*,#752,.T.);
#211=ORIENTED_EDGE('',*,*,#753,.F.);
#212=ORIENTED_EDGE('',*,*,#754,.T.);
#213=ORIENTED_EDGE('',*,*,#755,.T.);
#214=ORIENTED_EDGE('',*,*,#756,.T.);
#215=ORIENTED_EDGE('',*,*,#757,.T.);
#216=ORIENTED_EDGE('',*,*,#692,.T.);
#217=ORIENTED_EDGE('',*,*,#758,.T.);
#218=ORIENTED_EDGE('',*,*,#759,.T.);
#219=ORIENTED_EDGE('',*,*,#760,.T.);
#220=ORIENTED_EDGE('',*,*,#761,.F.);
#221=ORIENTED_EDGE('',*,*,#762,.T.);
#222=ORIENTED_EDGE('',*,*,#763,.F.);
#223=ORIENTED_EDGE('',*,*,#764,.T.);
#224=ORIENTED_EDGE('',*,*,#765,.F.);
#225=ORIENTED_EDGE('',*,*,#766,.T.);
#226=ORIENTED_EDGE('',*,*,#767,.T.);
#227=ORIENTED_EDGE('',*,*,#768,.T.);
#228=ORIENTED_EDGE('',*,*,#698,.T.);
#229=ORIENTED_EDGE('',*,*,#769,.T.);
#230=ORIENTED_EDGE('',*,*,#770,.F.);
#231=ORIENTED_EDGE('',*,*,#771,.F.);
#232=ORIENTED_EDGE('',*,*,#772,.T.);
#233=ORIENTED_EDGE('',*,*,#688,.T.);
#234=ORIENTED_EDGE('',*,*,#773,.T.);
#235=ORIENTED_EDGE('',*,*,#774,.T.);
#236=ORIENTED_EDGE('',*,*,#775,.F.);
#237=ORIENTED_EDGE('',*,*,#776,.T.);
#238=ORIENTED_EDGE('',*,*,#777,.T.);
#239=ORIENTED_EDGE('',*,*,#778,.T.);
#240=ORIENTED_EDGE('',*,*,#779,.T.);
#241=ORIENTED_EDGE('',*,*,#780,.F.);
#242=ORIENTED_EDGE('',*,*,#781,.F.);
#243=ORIENTED_EDGE('',*,*,#782,.T.);
#244=ORIENTED_EDGE('',*,*,#783,.T.);
#245=ORIENTED_EDGE('',*,*,#784,.T.);
#246=ORIENTED_EDGE('',*,*,#785,.F.);
#247=ORIENTED_EDGE('',*,*,#786,.F.);
#248=ORIENTED_EDGE('',*,*,#774,.F.);
#249=ORIENTED_EDGE('',*,*,#787,.T.);
#250=ORIENTED_EDGE('',*,*,#788,.F.);
#251=ORIENTED_EDGE('',*,*,#789,.T.);
#252=ORIENTED_EDGE('',*,*,#790,.F.);
#253=ORIENTED_EDGE('',*,*,#791,.F.);
#254=ORIENTED_EDGE('',*,*,#792,.F.);
#255=ORIENTED_EDGE('',*,*,#793,.T.);
#256=ORIENTED_EDGE('',*,*,#794,.F.);
#257=ORIENTED_EDGE('',*,*,#795,.T.);
#258=ORIENTED_EDGE('',*,*,#796,.T.);
#259=ORIENTED_EDGE('',*,*,#797,.F.);
#260=ORIENTED_EDGE('',*,*,#785,.T.);
#261=ORIENTED_EDGE('',*,*,#798,.T.);
#262=ORIENTED_EDGE('',*,*,#799,.T.);
#263=ORIENTED_EDGE('',*,*,#800,.T.);
#264=ORIENTED_EDGE('',*,*,#788,.T.);
#265=ORIENTED_EDGE('',*,*,#801,.T.);
#266=ORIENTED_EDGE('',*,*,#802,.T.);
#267=ORIENTED_EDGE('',*,*,#803,.T.);
#268=ORIENTED_EDGE('',*,*,#771,.T.);
#269=ORIENTED_EDGE('',*,*,#804,.F.);
#270=ORIENTED_EDGE('',*,*,#790,.T.);
#271=ORIENTED_EDGE('',*,*,#805,.T.);
#272=ORIENTED_EDGE('',*,*,#806,.T.);
#273=ORIENTED_EDGE('',*,*,#807,.T.);
#274=ORIENTED_EDGE('',*,*,#808,.T.);
#275=ORIENTED_EDGE('',*,*,#776,.F.);
#276=ORIENTED_EDGE('',*,*,#809,.F.);
#277=ORIENTED_EDGE('',*,*,#796,.F.);
#278=ORIENTED_EDGE('',*,*,#810,.T.);
#279=ORIENTED_EDGE('',*,*,#811,.T.);
#280=ORIENTED_EDGE('',*,*,#812,.T.);
#281=ORIENTED_EDGE('',*,*,#794,.T.);
#282=ORIENTED_EDGE('',*,*,#813,.T.);
#283=ORIENTED_EDGE('',*,*,#814,.T.);
#284=ORIENTED_EDGE('',*,*,#815,.T.);
#285=ORIENTED_EDGE('',*,*,#706,.F.);
#286=ORIENTED_EDGE('',*,*,#816,.T.);
#287=ORIENTED_EDGE('',*,*,#696,.T.);
#288=ORIENTED_EDGE('',*,*,#817,.T.);
#289=ORIENTED_EDGE('',*,*,#792,.T.);
#290=ORIENTED_EDGE('',*,*,#818,.T.);
#291=ORIENTED_EDGE('',*,*,#780,.T.);
#292=ORIENTED_EDGE('',*,*,#819,.T.);
#293=ORIENTED_EDGE('',*,*,#820,.T.);
#294=ORIENTED_EDGE('',*,*,#821,.F.);
#295=ORIENTED_EDGE('',*,*,#822,.T.);
#296=ORIENTED_EDGE('',*,*,#823,.T.);
#297=ORIENTED_EDGE('',*,*,#778,.F.);
#298=ORIENTED_EDGE('',*,*,#824,.T.);
#299=ORIENTED_EDGE('',*,*,#804,.T.);
#300=ORIENTED_EDGE('',*,*,#781,.T.);
#301=ORIENTED_EDGE('',*,*,#818,.F.);
#302=ORIENTED_EDGE('',*,*,#791,.T.);
#303=ORIENTED_EDGE('',*,*,#775,.T.);
#304=ORIENTED_EDGE('',*,*,#786,.T.);
#305=ORIENTED_EDGE('',*,*,#797,.T.);
#306=ORIENTED_EDGE('',*,*,#809,.T.);
#307=ORIENTED_EDGE('',*,*,#721,.F.);
#308=ORIENTED_EDGE('',*,*,#825,.T.);
#309=ORIENTED_EDGE('',*,*,#763,.T.);
#310=ORIENTED_EDGE('',*,*,#826,.T.);
#311=ORIENTED_EDGE('',*,*,#761,.T.);
#312=ORIENTED_EDGE('',*,*,#827,.T.);
#313=ORIENTED_EDGE('',*,*,#723,.F.);
#314=ORIENTED_EDGE('',*,*,#828,.T.);
#315=ORIENTED_EDGE('',*,*,#725,.T.);
#316=ORIENTED_EDGE('',*,*,#829,.T.);
#317=ORIENTED_EDGE('',*,*,#759,.F.);
#318=ORIENTED_EDGE('',*,*,#830,.T.);
#319=ORIENTED_EDGE('',*,*,#831,.T.);
#320=ORIENTED_EDGE('',*,*,#832,.T.);
#321=ORIENTED_EDGE('',*,*,#833,.T.);
#322=ORIENTED_EDGE('',*,*,#747,.F.);
#323=ORIENTED_EDGE('',*,*,#834,.F.);
#324=ORIENTED_EDGE('',*,*,#835,.T.);
#325=ORIENTED_EDGE('',*,*,#836,.T.);
#326=ORIENTED_EDGE('',*,*,#750,.F.);
#327=ORIENTED_EDGE('',*,*,#837,.T.);
#328=ORIENTED_EDGE('',*,*,#838,.T.);
#329=ORIENTED_EDGE('',*,*,#839,.T.);
#330=ORIENTED_EDGE('',*,*,#740,.T.);
#331=ORIENTED_EDGE('',*,*,#840,.T.);
#332=ORIENTED_EDGE('',*,*,#834,.T.);
#333=ORIENTED_EDGE('',*,*,#749,.T.);
#334=ORIENTED_EDGE('',*,*,#841,.F.);
#335=ORIENTED_EDGE('',*,*,#842,.T.);
#336=ORIENTED_EDGE('',*,*,#843,.T.);
#337=ORIENTED_EDGE('',*,*,#754,.F.);
#338=ORIENTED_EDGE('',*,*,#844,.F.);
#339=ORIENTED_EDGE('',*,*,#845,.T.);
#340=ORIENTED_EDGE('',*,*,#742,.F.);
#341=ORIENTED_EDGE('',*,*,#846,.T.);
#342=ORIENTED_EDGE('',*,*,#847,.T.);
#343=ORIENTED_EDGE('',*,*,#844,.T.);
#344=ORIENTED_EDGE('',*,*,#753,.T.);
#345=ORIENTED_EDGE('',*,*,#848,.T.);
#346=ORIENTED_EDGE('',*,*,#849,.T.);
#347=ORIENTED_EDGE('',*,*,#850,.F.);
#348=ORIENTED_EDGE('',*,*,#851,.T.);
#349=ORIENTED_EDGE('',*,*,#850,.T.);
#350=ORIENTED_EDGE('',*,*,#852,.T.);
#351=ORIENTED_EDGE('',*,*,#853,.F.);
#352=ORIENTED_EDGE('',*,*,#854,.T.);
#353=ORIENTED_EDGE('',*,*,#853,.T.);
#354=ORIENTED_EDGE('',*,*,#855,.T.);
#355=ORIENTED_EDGE('',*,*,#856,.F.);
#356=ORIENTED_EDGE('',*,*,#857,.T.);
#357=ORIENTED_EDGE('',*,*,#856,.T.);
#358=ORIENTED_EDGE('',*,*,#858,.T.);
#359=ORIENTED_EDGE('',*,*,#859,.F.);
#360=ORIENTED_EDGE('',*,*,#860,.T.);
#361=ORIENTED_EDGE('',*,*,#859,.T.);
#362=ORIENTED_EDGE('',*,*,#861,.T.);
#363=ORIENTED_EDGE('',*,*,#862,.F.);
#364=ORIENTED_EDGE('',*,*,#863,.T.);
#365=ORIENTED_EDGE('',*,*,#862,.T.);
#366=ORIENTED_EDGE('',*,*,#864,.T.);
#367=ORIENTED_EDGE('',*,*,#848,.F.);
#368=ORIENTED_EDGE('',*,*,#865,.T.);
#369=ORIENTED_EDGE('',*,*,#866,.T.);
#370=ORIENTED_EDGE('',*,*,#851,.F.);
#371=ORIENTED_EDGE('',*,*,#854,.F.);
#372=ORIENTED_EDGE('',*,*,#857,.F.);
#373=ORIENTED_EDGE('',*,*,#860,.F.);
#374=ORIENTED_EDGE('',*,*,#863,.F.);
#375=ORIENTED_EDGE('',*,*,#865,.F.);
#376=ORIENTED_EDGE('',*,*,#867,.T.);
#377=ORIENTED_EDGE('',*,*,#868,.T.);
#378=ORIENTED_EDGE('',*,*,#869,.F.);
#379=ORIENTED_EDGE('',*,*,#870,.F.);
#380=ORIENTED_EDGE('',*,*,#869,.T.);
#381=ORIENTED_EDGE('',*,*,#871,.T.);
#382=ORIENTED_EDGE('',*,*,#872,.F.);
#383=ORIENTED_EDGE('',*,*,#873,.F.);
#384=ORIENTED_EDGE('',*,*,#872,.T.);
#385=ORIENTED_EDGE('',*,*,#874,.T.);
#386=ORIENTED_EDGE('',*,*,#875,.F.);
#387=ORIENTED_EDGE('',*,*,#876,.F.);
#388=ORIENTED_EDGE('',*,*,#875,.T.);
#389=ORIENTED_EDGE('',*,*,#877,.T.);
#390=ORIENTED_EDGE('',*,*,#878,.F.);
#391=ORIENTED_EDGE('',*,*,#879,.F.);
#392=ORIENTED_EDGE('',*,*,#878,.T.);
#393=ORIENTED_EDGE('',*,*,#880,.T.);
#394=ORIENTED_EDGE('',*,*,#881,.F.);
#395=ORIENTED_EDGE('',*,*,#882,.F.);
#396=ORIENTED_EDGE('',*,*,#881,.T.);
#397=ORIENTED_EDGE('',*,*,#883,.T.);
#398=ORIENTED_EDGE('',*,*,#867,.F.);
#399=ORIENTED_EDGE('',*,*,#884,.F.);
#400=ORIENTED_EDGE('',*,*,#885,.F.);
#401=ORIENTED_EDGE('',*,*,#870,.T.);
#402=ORIENTED_EDGE('',*,*,#873,.T.);
#403=ORIENTED_EDGE('',*,*,#876,.T.);
#404=ORIENTED_EDGE('',*,*,#879,.T.);
#405=ORIENTED_EDGE('',*,*,#882,.T.);
#406=ORIENTED_EDGE('',*,*,#884,.T.);
#407=ORIENTED_EDGE('',*,*,#839,.F.);
#408=ORIENTED_EDGE('',*,*,#886,.T.);
#409=ORIENTED_EDGE('',*,*,#841,.T.);
#410=ORIENTED_EDGE('',*,*,#741,.T.);
#411=ORIENTED_EDGE('',*,*,#887,.T.);
#412=ORIENTED_EDGE('',*,*,#888,.T.);
#413=ORIENTED_EDGE('',*,*,#889,.T.);
#414=ORIENTED_EDGE('',*,*,#890,.T.);
#415=ORIENTED_EDGE('',*,*,#891,.T.);
#416=ORIENTED_EDGE('',*,*,#892,.T.);
#417=ORIENTED_EDGE('',*,*,#787,.F.);
#418=ORIENTED_EDGE('',*,*,#866,.F.);
#419=ORIENTED_EDGE('',*,*,#770,.T.);
#420=ORIENTED_EDGE('',*,*,#885,.T.);
#421=ORIENTED_EDGE('',*,*,#836,.F.);
#422=ORIENTED_EDGE('',*,*,#893,.T.);
#423=ORIENTED_EDGE('',*,*,#731,.F.);
#424=ORIENTED_EDGE('',*,*,#751,.F.);
#425=ORIENTED_EDGE('',*,*,#729,.F.);
#426=ORIENTED_EDGE('',*,*,#894,.T.);
#427=ORIENTED_EDGE('',*,*,#846,.F.);
#428=ORIENTED_EDGE('',*,*,#752,.F.);
#429=ORIENTED_EDGE('',*,*,#812,.F.);
#430=ORIENTED_EDGE('',*,*,#895,.T.);
#431=ORIENTED_EDGE('',*,*,#806,.F.);
#432=ORIENTED_EDGE('',*,*,#795,.F.);
#433=ORIENTED_EDGE('',*,*,#808,.F.);
#434=ORIENTED_EDGE('',*,*,#896,.T.);
#435=ORIENTED_EDGE('',*,*,#824,.F.);
#436=ORIENTED_EDGE('',*,*,#777,.F.);
#437=ORIENTED_EDGE('',*,*,#897,.T.);
#438=ORIENTED_EDGE('',*,*,#810,.F.);
#439=ORIENTED_EDGE('',*,*,#793,.F.);
#440=ORIENTED_EDGE('',*,*,#817,.F.);
#441=ORIENTED_EDGE('',*,*,#823,.F.);
#442=ORIENTED_EDGE('',*,*,#898,.T.);
#443=ORIENTED_EDGE('',*,*,#813,.F.);
#444=ORIENTED_EDGE('',*,*,#779,.F.);
#445=ORIENTED_EDGE('',*,*,#784,.F.);
#446=ORIENTED_EDGE('',*,*,#899,.T.);
#447=ORIENTED_EDGE('',*,*,#801,.F.);
#448=ORIENTED_EDGE('',*,*,#798,.F.);
#449=ORIENTED_EDGE('',*,*,#687,.F.);
#450=ORIENTED_EDGE('',*,*,#900,.T.);
#451=ORIENTED_EDGE('',*,*,#782,.F.);
#452=ORIENTED_EDGE('',*,*,#773,.F.);
#453=ORIENTED_EDGE('',*,*,#724,.F.);
#454=ORIENTED_EDGE('',*,*,#827,.F.);
#455=ORIENTED_EDGE('',*,*,#760,.F.);
#456=ORIENTED_EDGE('',*,*,#829,.F.);
#457=ORIENTED_EDGE('',*,*,#722,.F.);
#458=ORIENTED_EDGE('',*,*,#826,.F.);
#459=ORIENTED_EDGE('',*,*,#762,.F.);
#460=ORIENTED_EDGE('',*,*,#828,.F.);
#461=ORIENTED_EDGE('',*,*,#726,.F.);
#462=ORIENTED_EDGE('',*,*,#830,.F.);
#463=ORIENTED_EDGE('',*,*,#758,.F.);
#464=ORIENTED_EDGE('',*,*,#695,.F.);
#465=ORIENTED_EDGE('',*,*,#833,.F.);
#466=ORIENTED_EDGE('',*,*,#901,.T.);
#467=ORIENTED_EDGE('',*,*,#837,.F.);
#468=ORIENTED_EDGE('',*,*,#748,.F.);
#469=ORIENTED_EDGE('',*,*,#843,.F.);
#470=ORIENTED_EDGE('',*,*,#902,.T.);
#471=ORIENTED_EDGE('',*,*,#831,.F.);
#472=ORIENTED_EDGE('',*,*,#755,.F.);
#473=ORIENTED_EDGE('',*,*,#732,.F.);
#474=ORIENTED_EDGE('',*,*,#893,.F.);
#475=ORIENTED_EDGE('',*,*,#903,.F.);
#476=ORIENTED_EDGE('',*,*,#738,.F.);
#477=ORIENTED_EDGE('',*,*,#904,.T.);
#478=ORIENTED_EDGE('',*,*,#903,.T.);
#479=ORIENTED_EDGE('',*,*,#835,.F.);
#480=ORIENTED_EDGE('',*,*,#840,.F.);
#481=ORIENTED_EDGE('',*,*,#739,.F.);
#482=ORIENTED_EDGE('',*,*,#845,.F.);
#483=ORIENTED_EDGE('',*,*,#847,.F.);
#484=ORIENTED_EDGE('',*,*,#905,.F.);
#485=ORIENTED_EDGE('',*,*,#743,.F.);
#486=ORIENTED_EDGE('',*,*,#905,.T.);
#487=ORIENTED_EDGE('',*,*,#894,.F.);
#488=ORIENTED_EDGE('',*,*,#728,.F.);
#489=ORIENTED_EDGE('',*,*,#906,.T.);
#490=ORIENTED_EDGE('',*,*,#736,.F.);
#491=ORIENTED_EDGE('',*,*,#907,.F.);
#492=ORIENTED_EDGE('',*,*,#891,.F.);
#493=ORIENTED_EDGE('',*,*,#908,.F.);
#494=ORIENTED_EDGE('',*,*,#902,.F.);
#495=ORIENTED_EDGE('',*,*,#908,.T.);
#496=ORIENTED_EDGE('',*,*,#890,.F.);
#497=ORIENTED_EDGE('',*,*,#909,.F.);
#498=ORIENTED_EDGE('',*,*,#832,.F.);
#499=ORIENTED_EDGE('',*,*,#907,.T.);
#500=ORIENTED_EDGE('',*,*,#842,.F.);
#501=ORIENTED_EDGE('',*,*,#910,.F.);
#502=ORIENTED_EDGE('',*,*,#892,.F.);
#503=ORIENTED_EDGE('',*,*,#909,.T.);
#504=ORIENTED_EDGE('',*,*,#889,.F.);
#505=ORIENTED_EDGE('',*,*,#911,.F.);
#506=ORIENTED_EDGE('',*,*,#901,.F.);
#507=ORIENTED_EDGE('',*,*,#910,.T.);
#508=ORIENTED_EDGE('',*,*,#886,.F.);
#509=ORIENTED_EDGE('',*,*,#912,.F.);
#510=ORIENTED_EDGE('',*,*,#887,.F.);
#511=ORIENTED_EDGE('',*,*,#911,.T.);
#512=ORIENTED_EDGE('',*,*,#888,.F.);
#513=ORIENTED_EDGE('',*,*,#912,.T.);
#514=ORIENTED_EDGE('',*,*,#838,.F.);
#515=ORIENTED_EDGE('',*,*,#746,.F.);
#516=ORIENTED_EDGE('',*,*,#913,.T.);
#517=ORIENTED_EDGE('',*,*,#914,.F.);
#518=ORIENTED_EDGE('',*,*,#855,.F.);
#519=ORIENTED_EDGE('',*,*,#915,.F.);
#520=ORIENTED_EDGE('',*,*,#916,.T.);
#521=ORIENTED_EDGE('',*,*,#917,.F.);
#522=ORIENTED_EDGE('',*,*,#918,.T.);
#523=ORIENTED_EDGE('',*,*,#915,.T.);
#524=ORIENTED_EDGE('',*,*,#852,.F.);
#525=ORIENTED_EDGE('',*,*,#914,.T.);
#526=ORIENTED_EDGE('',*,*,#919,.T.);
#527=ORIENTED_EDGE('',*,*,#716,.F.);
#528=ORIENTED_EDGE('',*,*,#920,.F.);
#529=ORIENTED_EDGE('',*,*,#858,.F.);
#530=ORIENTED_EDGE('',*,*,#713,.F.);
#531=ORIENTED_EDGE('',*,*,#921,.T.);
#532=ORIENTED_EDGE('',*,*,#917,.T.);
#533=ORIENTED_EDGE('',*,*,#849,.F.);
#534=ORIENTED_EDGE('',*,*,#922,.F.);
#535=ORIENTED_EDGE('',*,*,#920,.T.);
#536=ORIENTED_EDGE('',*,*,#715,.F.);
#537=ORIENTED_EDGE('',*,*,#923,.F.);
#538=ORIENTED_EDGE('',*,*,#861,.F.);
#539=ORIENTED_EDGE('',*,*,#922,.T.);
#540=ORIENTED_EDGE('',*,*,#864,.F.);
#541=ORIENTED_EDGE('',*,*,#923,.T.);
#542=ORIENTED_EDGE('',*,*,#714,.F.);
#543=ORIENTED_EDGE('',*,*,#924,.F.);
#544=ORIENTED_EDGE('',*,*,#710,.F.);
#545=ORIENTED_EDGE('',*,*,#925,.F.);
#546=ORIENTED_EDGE('',*,*,#877,.F.);
#547=ORIENTED_EDGE('',*,*,#925,.T.);
#548=ORIENTED_EDGE('',*,*,#709,.F.);
#549=ORIENTED_EDGE('',*,*,#926,.F.);
#550=ORIENTED_EDGE('',*,*,#880,.F.);
#551=ORIENTED_EDGE('',*,*,#927,.F.);
#552=ORIENTED_EDGE('',*,*,#928,.T.);
#553=ORIENTED_EDGE('',*,*,#711,.F.);
#554=ORIENTED_EDGE('',*,*,#924,.T.);
#555=ORIENTED_EDGE('',*,*,#874,.F.);
#556=ORIENTED_EDGE('',*,*,#708,.F.);
#557=ORIENTED_EDGE('',*,*,#929,.T.);
#558=ORIENTED_EDGE('',*,*,#930,.F.);
#559=ORIENTED_EDGE('',*,*,#883,.F.);
#560=ORIENTED_EDGE('',*,*,#926,.T.);
#561=ORIENTED_EDGE('',*,*,#931,.F.);
#562=ORIENTED_EDGE('',*,*,#932,.T.);
#563=ORIENTED_EDGE('',*,*,#927,.T.);
#564=ORIENTED_EDGE('',*,*,#871,.F.);
#565=ORIENTED_EDGE('',*,*,#930,.T.);
#566=ORIENTED_EDGE('',*,*,#933,.T.);
#567=ORIENTED_EDGE('',*,*,#733,.F.);
#568=ORIENTED_EDGE('',*,*,#934,.T.);
#569=ORIENTED_EDGE('',*,*,#931,.T.);
#570=ORIENTED_EDGE('',*,*,#868,.F.);
#571=ORIENTED_EDGE('',*,*,#766,.F.);
#572=ORIENTED_EDGE('',*,*,#935,.T.);
#573=ORIENTED_EDGE('',*,*,#936,.T.);
#574=ORIENTED_EDGE('',*,*,#819,.F.);
#575=ORIENTED_EDGE('',*,*,#937,.F.);
#576=ORIENTED_EDGE('',*,*,#937,.T.);
#577=ORIENTED_EDGE('',*,*,#896,.F.);
#578=ORIENTED_EDGE('',*,*,#938,.F.);
#579=ORIENTED_EDGE('',*,*,#938,.T.);
#580=ORIENTED_EDGE('',*,*,#807,.F.);
#581=ORIENTED_EDGE('',*,*,#939,.F.);
#582=ORIENTED_EDGE('',*,*,#767,.F.);
#583=ORIENTED_EDGE('',*,*,#939,.T.);
#584=ORIENTED_EDGE('',*,*,#895,.F.);
#585=ORIENTED_EDGE('',*,*,#940,.F.);
#586=ORIENTED_EDGE('',*,*,#897,.F.);
#587=ORIENTED_EDGE('',*,*,#699,.T.);
#588=ORIENTED_EDGE('',*,*,#941,.F.);
#589=ORIENTED_EDGE('',*,*,#940,.T.);
#590=ORIENTED_EDGE('',*,*,#811,.F.);
#591=ORIENTED_EDGE('',*,*,#941,.T.);
#592=ORIENTED_EDGE('',*,*,#768,.F.);
#593=ORIENTED_EDGE('',*,*,#904,.F.);
#594=ORIENTED_EDGE('',*,*,#737,.F.);
#595=ORIENTED_EDGE('',*,*,#906,.F.);
#596=ORIENTED_EDGE('',*,*,#727,.F.);
#597=ORIENTED_EDGE('',*,*,#942,.F.);
#598=ORIENTED_EDGE('',*,*,#899,.F.);
#599=ORIENTED_EDGE('',*,*,#943,.F.);
#600=ORIENTED_EDGE('',*,*,#943,.T.);
#601=ORIENTED_EDGE('',*,*,#783,.F.);
#602=ORIENTED_EDGE('',*,*,#944,.F.);
#603=ORIENTED_EDGE('',*,*,#718,.F.);
#604=ORIENTED_EDGE('',*,*,#913,.F.);
#605=ORIENTED_EDGE('',*,*,#745,.F.);
#606=ORIENTED_EDGE('',*,*,#945,.F.);
#607=ORIENTED_EDGE('',*,*,#799,.F.);
#608=ORIENTED_EDGE('',*,*,#942,.T.);
#609=ORIENTED_EDGE('',*,*,#717,.F.);
#610=ORIENTED_EDGE('',*,*,#919,.F.);
#611=ORIENTED_EDGE('',*,*,#789,.F.);
#612=ORIENTED_EDGE('',*,*,#800,.F.);
#613=ORIENTED_EDGE('',*,*,#946,.F.);
#614=ORIENTED_EDGE('',*,*,#805,.F.);
#615=ORIENTED_EDGE('',*,*,#944,.T.);
#616=ORIENTED_EDGE('',*,*,#900,.F.);
#617=ORIENTED_EDGE('',*,*,#702,.F.);
#618=ORIENTED_EDGE('',*,*,#946,.T.);
#619=ORIENTED_EDGE('',*,*,#945,.T.);
#620=ORIENTED_EDGE('',*,*,#947,.F.);
#621=ORIENTED_EDGE('',*,*,#815,.F.);
#622=ORIENTED_EDGE('',*,*,#690,.F.);
#623=ORIENTED_EDGE('',*,*,#948,.F.);
#624=ORIENTED_EDGE('',*,*,#734,.F.);
#625=ORIENTED_EDGE('',*,*,#933,.F.);
#626=ORIENTED_EDGE('',*,*,#929,.F.);
#627=ORIENTED_EDGE('',*,*,#707,.F.);
#628=ORIENTED_EDGE('',*,*,#934,.F.);
#629=ORIENTED_EDGE('',*,*,#735,.F.);
#630=ORIENTED_EDGE('',*,*,#949,.F.);
#631=ORIENTED_EDGE('',*,*,#802,.F.);
#632=ORIENTED_EDGE('',*,*,#947,.T.);
#633=ORIENTED_EDGE('',*,*,#744,.F.);
#634=ORIENTED_EDGE('',*,*,#916,.F.);
#635=ORIENTED_EDGE('',*,*,#918,.F.);
#636=ORIENTED_EDGE('',*,*,#921,.F.);
#637=ORIENTED_EDGE('',*,*,#712,.F.);
#638=ORIENTED_EDGE('',*,*,#928,.F.);
#639=ORIENTED_EDGE('',*,*,#932,.F.);
#640=ORIENTED_EDGE('',*,*,#949,.T.);
#641=ORIENTED_EDGE('',*,*,#948,.T.);
#642=ORIENTED_EDGE('',*,*,#950,.F.);
#643=ORIENTED_EDGE('',*,*,#772,.F.);
#644=ORIENTED_EDGE('',*,*,#803,.F.);
#645=ORIENTED_EDGE('',*,*,#950,.T.);
#646=ORIENTED_EDGE('',*,*,#689,.F.);
#647=ORIENTED_EDGE('',*,*,#700,.T.);
#648=ORIENTED_EDGE('',*,*,#951,.T.);
#649=ORIENTED_EDGE('',*,*,#935,.F.);
#650=ORIENTED_EDGE('',*,*,#765,.T.);
#651=ORIENTED_EDGE('',*,*,#952,.T.);
#652=ORIENTED_EDGE('',*,*,#719,.T.);
#653=ORIENTED_EDGE('',*,*,#821,.T.);
#654=ORIENTED_EDGE('',*,*,#953,.T.);
#655=ORIENTED_EDGE('',*,*,#684,.T.);
#656=ORIENTED_EDGE('',*,*,#954,.T.);
#657=ORIENTED_EDGE('',*,*,#756,.F.);
#658=ORIENTED_EDGE('',*,*,#955,.T.);
#659=ORIENTED_EDGE('',*,*,#704,.F.);
#660=ORIENTED_EDGE('',*,*,#956,.T.);
#661=ORIENTED_EDGE('',*,*,#936,.F.);
#662=ORIENTED_EDGE('',*,*,#951,.F.);
#663=ORIENTED_EDGE('',*,*,#685,.F.);
#664=ORIENTED_EDGE('',*,*,#953,.F.);
#665=ORIENTED_EDGE('',*,*,#820,.F.);
#666=ORIENTED_EDGE('',*,*,#822,.F.);
#667=ORIENTED_EDGE('',*,*,#954,.F.);
#668=ORIENTED_EDGE('',*,*,#691,.F.);
#669=ORIENTED_EDGE('',*,*,#814,.F.);
#670=ORIENTED_EDGE('',*,*,#898,.F.);
#671=ORIENTED_EDGE('',*,*,#697,.F.);
#672=ORIENTED_EDGE('',*,*,#816,.F.);
#673=ORIENTED_EDGE('',*,*,#705,.F.);
#674=ORIENTED_EDGE('',*,*,#955,.F.);
#675=ORIENTED_EDGE('',*,*,#769,.F.);
#676=ORIENTED_EDGE('',*,*,#757,.F.);
#677=ORIENTED_EDGE('',*,*,#956,.F.);
#678=ORIENTED_EDGE('',*,*,#703,.F.);
#679=ORIENTED_EDGE('',*,*,#693,.F.);
#680=ORIENTED_EDGE('',*,*,#720,.F.);
#681=ORIENTED_EDGE('',*,*,#952,.F.);
#682=ORIENTED_EDGE('',*,*,#764,.F.);
#683=ORIENTED_EDGE('',*,*,#825,.F.);
#684=EDGE_CURVE('',#957,#958,#1126,.T.);
#685=EDGE_CURVE('',#957,#959,#79,.T.);
#686=EDGE_CURVE('',#959,#960,#1127,.T.);
#687=EDGE_CURVE('',#960,#961,#1128,.F.);
#688=EDGE_CURVE('',#962,#961,#1129,.T.);
#689=EDGE_CURVE('',#962,#963,#1130,.T.);
#690=EDGE_CURVE('',#963,#964,#1131,.T.);
#691=EDGE_CURVE('',#964,#958,#80,.T.);
#692=EDGE_CURVE('',#965,#966,#1132,.T.);
#693=EDGE_CURVE('',#965,#967,#1133,.T.);
#694=EDGE_CURVE('',#967,#968,#1134,.T.);
#695=EDGE_CURVE('',#968,#966,#1135,.T.);
#696=EDGE_CURVE('',#969,#970,#1136,.T.);
#697=EDGE_CURVE('',#969,#971,#65,.T.);
#698=EDGE_CURVE('',#972,#971,#1137,.T.);
#699=EDGE_CURVE('',#970,#972,#55,.F.);
#700=EDGE_CURVE('',#973,#959,#81,.F.);
#701=EDGE_CURVE('',#974,#973,#1138,.F.);
#702=EDGE_CURVE('',#974,#960,#66,.T.);
#703=EDGE_CURVE('',#967,#975,#82,.F.);
#704=EDGE_CURVE('',#975,#976,#1139,.T.);
#705=EDGE_CURVE('',#976,#977,#83,.T.);
#706=EDGE_CURVE('',#977,#978,#1140,.T.);
#707=EDGE_CURVE('',#978,#979,#1141,.F.);
#708=EDGE_CURVE('',#979,#980,#1142,.T.);
#709=EDGE_CURVE('',#980,#981,#1143,.T.);
#710=EDGE_CURVE('',#981,#982,#1144,.T.);
#711=EDGE_CURVE('',#982,#983,#1145,.T.);
#712=EDGE_CURVE('',#983,#984,#1146,.T.);
#713=EDGE_CURVE('',#984,#985,#1147,.T.);
#714=EDGE_CURVE('',#985,#986,#1148,.T.);
#715=EDGE_CURVE('',#986,#987,#1149,.T.);
#716=EDGE_CURVE('',#987,#988,#1150,.T.);
#717=EDGE_CURVE('',#988,#989,#1151,.T.);
#718=EDGE_CURVE('',#989,#974,#1152,.F.);
#719=EDGE_CURVE('',#990,#973,#1153,.T.);
#720=EDGE_CURVE('',#990,#991,#84,.F.);
#721=EDGE_CURVE('',#991,#992,#1154,.T.);
#722=EDGE_CURVE('',#992,#993,#85,.T.);
#723=EDGE_CURVE('',#993,#994,#1155,.T.);
#724=EDGE_CURVE('',#994,#995,#86,.T.);
#725=EDGE_CURVE('',#996,#995,#1156,.T.);
#726=EDGE_CURVE('',#996,#968,#87,.T.);
#727=EDGE_CURVE('',#997,#998,#1157,.T.);
#728=EDGE_CURVE('',#998,#999,#56,.T.);
#729=EDGE_CURVE('',#999,#1000,#1158,.T.);
#730=EDGE_CURVE('',#1000,#1001,#1159,.T.);
#731=EDGE_CURVE('',#1001,#1002,#1160,.F.);
#732=EDGE_CURVE('',#1002,#997,#57,.T.);
#733=EDGE_CURVE('',#1003,#1004,#1161,.T.);
#734=EDGE_CURVE('',#1004,#1005,#1162,.F.);
#735=EDGE_CURVE('',#1005,#1003,#1163,.T.);
#736=EDGE_CURVE('',#1006,#1007,#88,.F.);
#737=EDGE_CURVE('',#1007,#1008,#1164,.F.);
#738=EDGE_CURVE('',#1008,#1009,#89,.F.);
#739=EDGE_CURVE('',#1009,#1010,#1165,.T.);
#740=EDGE_CURVE('',#1011,#1010,#1166,.T.);
#741=EDGE_CURVE('',#1012,#1011,#90,.T.);
#742=EDGE_CURVE('',#1012,#1013,#1167,.T.);
#743=EDGE_CURVE('',#1013,#1006,#1168,.T.);
#744=EDGE_CURVE('',#1014,#1015,#1169,.T.);
#745=EDGE_CURVE('',#1015,#1016,#1170,.T.);
#746=EDGE_CURVE('',#1016,#1014,#1171,.T.);
#747=EDGE_CURVE('',#1017,#1018,#1172,.T.);
#748=EDGE_CURVE('',#1018,#1019,#91,.T.);
#749=EDGE_CURVE('',#1020,#1019,#1173,.T.);
#750=EDGE_CURVE('',#1020,#1021,#1174,.T.);
#751=EDGE_CURVE('',#1021,#1001,#92,.F.);
#752=EDGE_CURVE('',#1000,#1022,#93,.F.);
#753=EDGE_CURVE('',#1023,#1022,#1175,.T.);
#754=EDGE_CURVE('',#1023,#1024,#1176,.T.);
#755=EDGE_CURVE('',#1024,#1017,#94,.T.);
#756=EDGE_CURVE('',#1025,#1026,#1177,.T.);
#757=EDGE_CURVE('',#1026,#965,#95,.T.);
#758=EDGE_CURVE('',#966,#1027,#96,.F.);
#759=EDGE_CURVE('',#1027,#1028,#1178,.T.);
#760=EDGE_CURVE('',#1028,#1029,#97,.F.);
#761=EDGE_CURVE('',#1030,#1029,#1179,.T.);
#762=EDGE_CURVE('',#1030,#1031,#98,.F.);
#763=EDGE_CURVE('',#1032,#1031,#1180,.T.);
#764=EDGE_CURVE('',#1032,#1033,#99,.T.);
#765=EDGE_CURVE('',#1034,#1033,#1181,.T.);
#766=EDGE_CURVE('',#1034,#1035,#1182,.T.);
#767=EDGE_CURVE('',#1035,#1036,#1183,.T.);
#768=EDGE_CURVE('',#1036,#972,#1184,.T.);
#769=EDGE_CURVE('',#971,#1025,#100,.F.);
#770=EDGE_CURVE('',#1037,#1037,#101,.T.);
#771=EDGE_CURVE('',#1038,#1039,#1185,.T.);
#772=EDGE_CURVE('',#1038,#962,#102,.T.);
#773=EDGE_CURVE('',#961,#1040,#103,.T.);
#774=EDGE_CURVE('',#1040,#1041,#1186,.T.);
#775=EDGE_CURVE('',#1042,#1041,#1187,.T.);
#776=EDGE_CURVE('',#1042,#1043,#1188,.T.);
#777=EDGE_CURVE('',#1043,#1044,#104,.F.);
#778=EDGE_CURVE('',#1044,#1045,#1189,.T.);
#779=EDGE_CURVE('',#1045,#1046,#105,.F.);
#780=EDGE_CURVE('',#1047,#1046,#1190,.T.);
#781=EDGE_CURVE('',#1039,#1047,#1191,.T.);
#782=EDGE_CURVE('',#1040,#1048,#1192,.T.);
#783=EDGE_CURVE('',#1048,#1049,#1193,.T.);
#784=EDGE_CURVE('',#1049,#1050,#1194,.F.);
#785=EDGE_CURVE('',#1051,#1050,#1195,.T.);
#786=EDGE_CURVE('',#1041,#1051,#106,.T.);
#787=EDGE_CURVE('',#1052,#1052,#107,.F.);
#788=EDGE_CURVE('',#1053,#1054,#1196,.T.);
#789=EDGE_CURVE('',#1053,#1055,#108,.T.);
#790=EDGE_CURVE('',#1056,#1055,#1197,.T.);
#791=EDGE_CURVE('',#1057,#1056,#1198,.F.);
#792=EDGE_CURVE('',#1058,#1057,#1199,.T.);
#793=EDGE_CURVE('',#1058,#1059,#109,.F.);
#794=EDGE_CURVE('',#1060,#1059,#1200,.T.);
#795=EDGE_CURVE('',#1060,#1061,#110,.F.);
#796=EDGE_CURVE('',#1061,#1062,#1201,.T.);
#797=EDGE_CURVE('',#1051,#1062,#1202,.F.);
#798=EDGE_CURVE('',#1050,#1054,#111,.T.);
#799=EDGE_CURVE('',#1063,#1064,#1203,.F.);
#800=EDGE_CURVE('',#1064,#1053,#1204,.F.);
#801=EDGE_CURVE('',#1054,#1063,#1205,.T.);
#802=EDGE_CURVE('',#1065,#1066,#1206,.F.);
#803=EDGE_CURVE('',#1066,#1038,#1207,.F.);
#804=EDGE_CURVE('',#1056,#1039,#112,.T.);
#805=EDGE_CURVE('',#1055,#1065,#1208,.T.);
#806=EDGE_CURVE('',#1061,#1067,#1209,.F.);
#807=EDGE_CURVE('',#1067,#1068,#1210,.T.);
#808=EDGE_CURVE('',#1068,#1043,#1211,.T.);
#809=EDGE_CURVE('',#1062,#1042,#113,.T.);
#810=EDGE_CURVE('',#1059,#1069,#1212,.F.);
#811=EDGE_CURVE('',#1069,#1070,#1213,.T.);
#812=EDGE_CURVE('',#1070,#1060,#1214,.T.);
#813=EDGE_CURVE('',#1046,#1071,#1215,.F.);
#814=EDGE_CURVE('',#1071,#964,#1216,.T.);
#815=EDGE_CURVE('',#964,#978,#114,.F.);
#816=EDGE_CURVE('',#977,#969,#1217,.F.);
#817=EDGE_CURVE('',#970,#1058,#1218,.T.);
#818=EDGE_CURVE('',#1057,#1047,#115,.T.);
#819=EDGE_CURVE('',#1072,#1073,#1219,.T.);
#820=EDGE_CURVE('',#1073,#1074,#116,.F.);
#821=EDGE_CURVE('',#1075,#1074,#1220,.T.);
#822=EDGE_CURVE('',#1075,#1076,#117,.F.);
#823=EDGE_CURVE('',#1076,#1045,#1221,.T.);
#824=EDGE_CURVE('',#1044,#1072,#1222,.F.);
#825=EDGE_CURVE('',#991,#1032,#1223,.T.);
#826=EDGE_CURVE('',#1031,#992,#1224,.F.);
#827=EDGE_CURVE('',#1029,#994,#1225,.F.);
#828=EDGE_CURVE('',#993,#1030,#1226,.T.);
#829=EDGE_CURVE('',#995,#1028,#1227,.T.);
#830=EDGE_CURVE('',#1027,#996,#1228,.F.);
#831=EDGE_CURVE('',#1017,#1077,#1229,.F.);
#832=EDGE_CURVE('',#1077,#1078,#1230,.T.);
#833=EDGE_CURVE('',#1078,#1018,#1231,.F.);
#834=EDGE_CURVE('',#1079,#1020,#1232,.T.);
#835=EDGE_CURVE('',#1079,#1080,#1233,.T.);
#836=EDGE_CURVE('',#1080,#1021,#1234,.T.);
#837=EDGE_CURVE('',#1019,#1081,#1235,.T.);
#838=EDGE_CURVE('',#1081,#1082,#1236,.T.);
#839=EDGE_CURVE('',#1082,#1011,#1237,.T.);
#840=EDGE_CURVE('',#1010,#1079,#1238,.F.);
#841=EDGE_CURVE('',#1083,#1012,#1239,.T.);
#842=EDGE_CURVE('',#1083,#1084,#1240,.T.);
#843=EDGE_CURVE('',#1084,#1024,#1241,.T.);
#844=EDGE_CURVE('',#1085,#1023,#1242,.T.);
#845=EDGE_CURVE('',#1085,#1013,#1243,.T.);
#846=EDGE_CURVE('',#1022,#1086,#1244,.F.);
#847=EDGE_CURVE('',#1086,#1085,#1245,.T.);
#848=EDGE_CURVE('',#1087,#1088,#1246,.T.);
#849=EDGE_CURVE('',#1088,#1089,#1247,.T.);
#850=EDGE_CURVE('',#1090,#1089,#1248,.T.);
#851=EDGE_CURVE('',#1090,#1087,#1249,.T.);
#852=EDGE_CURVE('',#1089,#1091,#1250,.T.);
#853=EDGE_CURVE('',#1092,#1091,#1251,.T.);
#854=EDGE_CURVE('',#1092,#1090,#1252,.T.);
#855=EDGE_CURVE('',#1091,#1093,#1253,.T.);
#856=EDGE_CURVE('',#1094,#1093,#1254,.T.);
#857=EDGE_CURVE('',#1094,#1092,#1255,.T.);
#858=EDGE_CURVE('',#1093,#1095,#1256,.T.);
#859=EDGE_CURVE('',#1096,#1095,#1257,.T.);
#860=EDGE_CURVE('',#1096,#1094,#1258,.T.);
#861=EDGE_CURVE('',#1095,#1097,#1259,.T.);
#862=EDGE_CURVE('',#1098,#1097,#1260,.T.);
#863=EDGE_CURVE('',#1098,#1096,#1261,.T.);
#864=EDGE_CURVE('',#1097,#1088,#1262,.T.);
#865=EDGE_CURVE('',#1087,#1098,#1263,.T.);
#866=EDGE_CURVE('',#1099,#1099,#118,.T.);
#867=EDGE_CURVE('',#1100,#1101,#1264,.T.);
#868=EDGE_CURVE('',#1101,#1102,#1265,.T.);
#869=EDGE_CURVE('',#1103,#1102,#1266,.T.);
#870=EDGE_CURVE('',#1100,#1103,#1267,.T.);
#871=EDGE_CURVE('',#1102,#1104,#1268,.T.);
#872=EDGE_CURVE('',#1105,#1104,#1269,.T.);
#873=EDGE_CURVE('',#1103,#1105,#1270,.T.);
#874=EDGE_CURVE('',#1104,#1106,#1271,.T.);
#875=EDGE_CURVE('',#1107,#1106,#1272,.T.);
#876=EDGE_CURVE('',#1105,#1107,#1273,.T.);
#877=EDGE_CURVE('',#1106,#1108,#1274,.T.);
#878=EDGE_CURVE('',#1109,#1108,#1275,.T.);
#879=EDGE_CURVE('',#1107,#1109,#1276,.T.);
#880=EDGE_CURVE('',#1108,#1110,#1277,.T.);
#881=EDGE_CURVE('',#1111,#1110,#1278,.T.);
#882=EDGE_CURVE('',#1109,#1111,#1279,.T.);
#883=EDGE_CURVE('',#1110,#1101,#1280,.T.);
#884=EDGE_CURVE('',#1111,#1100,#1281,.T.);
#885=EDGE_CURVE('',#1112,#1112,#119,.T.);
#886=EDGE_CURVE('',#1082,#1083,#120,.F.);
#887=EDGE_CURVE('',#1113,#1114,#121,.T.);
#888=EDGE_CURVE('',#1114,#1115,#1282,.T.);
#889=EDGE_CURVE('',#1115,#1116,#122,.T.);
#890=EDGE_CURVE('',#1116,#1117,#1283,.T.);
#891=EDGE_CURVE('',#1117,#1118,#123,.T.);
#892=EDGE_CURVE('',#1118,#1113,#1284,.T.);
#893=EDGE_CURVE('',#1080,#1002,#124,.T.);
#894=EDGE_CURVE('',#999,#1086,#125,.T.);
#895=EDGE_CURVE('',#1070,#1067,#126,.F.);
#896=EDGE_CURVE('',#1068,#1072,#127,.F.);
#897=EDGE_CURVE('',#970,#1069,#58,.F.);
#898=EDGE_CURVE('',#1076,#1071,#59,.T.);
#899=EDGE_CURVE('',#1049,#1063,#128,.T.);
#900=EDGE_CURVE('',#960,#1048,#129,.T.);
#901=EDGE_CURVE('',#1078,#1081,#130,.F.);
#902=EDGE_CURVE('',#1084,#1077,#131,.F.);
#903=EDGE_CURVE('',#1009,#1080,#1285,.T.);
#904=EDGE_CURVE('',#1008,#997,#60,.T.);
#905=EDGE_CURVE('',#1006,#1086,#1286,.T.);
#906=EDGE_CURVE('',#998,#1007,#61,.T.);
#907=EDGE_CURVE('',#1118,#1084,#1287,.T.);
#908=EDGE_CURVE('',#1077,#1117,#1288,.T.);
#909=EDGE_CURVE('',#1078,#1116,#1289,.T.);
#910=EDGE_CURVE('',#1113,#1083,#62,.F.);
#911=EDGE_CURVE('',#1081,#1115,#1290,.T.);
#912=EDGE_CURVE('',#1114,#1082,#63,.F.);
#913=EDGE_CURVE('',#1016,#1119,#67,.T.);
#914=EDGE_CURVE('',#1093,#1119,#1291,.T.);
#915=EDGE_CURVE('',#1120,#1091,#1292,.F.);
#916=EDGE_CURVE('',#1120,#1014,#68,.T.);
#917=EDGE_CURVE('',#1121,#1089,#1293,.F.);
#918=EDGE_CURVE('',#1121,#1120,#1294,.F.);
#919=EDGE_CURVE('',#1119,#988,#69,.T.);
#920=EDGE_CURVE('',#1095,#987,#1295,.T.);
#921=EDGE_CURVE('',#984,#1121,#70,.T.);
#922=EDGE_CURVE('',#985,#1088,#1296,.F.);
#923=EDGE_CURVE('',#1097,#986,#1297,.F.);
#924=EDGE_CURVE('',#982,#1106,#1298,.T.);
#925=EDGE_CURVE('',#1108,#981,#1299,.F.);
#926=EDGE_CURVE('',#1110,#980,#1300,.F.);
#927=EDGE_CURVE('',#1122,#1104,#1301,.T.);
#928=EDGE_CURVE('',#1122,#983,#71,.F.);
#929=EDGE_CURVE('',#979,#1123,#72,.F.);
#930=EDGE_CURVE('',#1101,#1123,#1302,.F.);
#931=EDGE_CURVE('',#1124,#1102,#1303,.F.);
#932=EDGE_CURVE('',#1124,#1122,#1304,.F.);
#933=EDGE_CURVE('',#1123,#1004,#73,.F.);
#934=EDGE_CURVE('',#1003,#1124,#74,.F.);
#935=EDGE_CURVE('',#1034,#1125,#1305,.F.);
#936=EDGE_CURVE('',#1125,#1073,#75,.F.);
#937=EDGE_CURVE('',#1035,#1072,#1306,.T.);
#938=EDGE_CURVE('',#1035,#1068,#1307,.T.);
#939=EDGE_CURVE('',#1036,#1067,#1308,.T.);
#940=EDGE_CURVE('',#1036,#1070,#1309,.T.);
#941=EDGE_CURVE('',#1069,#972,#64,.T.);
#942=EDGE_CURVE('',#1063,#989,#76,.F.);
#943=EDGE_CURVE('',#989,#1049,#77,.T.);
#944=EDGE_CURVE('',#974,#1048,#78,.T.);
#945=EDGE_CURVE('',#1064,#1015,#132,.T.);
#946=EDGE_CURVE('',#1065,#1064,#133,.T.);
#947=EDGE_CURVE('',#1065,#1015,#134,.F.);
#948=EDGE_CURVE('',#1005,#963,#135,.T.);
#949=EDGE_CURVE('',#1066,#1005,#136,.T.);
#950=EDGE_CURVE('',#1066,#963,#137,.F.);
#951=EDGE_CURVE('',#959,#1125,#1310,.F.);
#952=EDGE_CURVE('',#1033,#990,#1311,.F.);
#953=EDGE_CURVE('',#1074,#957,#1312,.T.);
#954=EDGE_CURVE('',#958,#1075,#1313,.F.);
#955=EDGE_CURVE('',#1025,#976,#1314,.T.);
#956=EDGE_CURVE('',#975,#1026,#1315,.F.);
#957=VERTEX_POINT('',#2644);
#958=VERTEX_POINT('',#2645);
#959=VERTEX_POINT('',#2647);
#960=VERTEX_POINT('',#2649);
#961=VERTEX_POINT('',#2651);
#962=VERTEX_POINT('',#2653);
#963=VERTEX_POINT('',#2655);
#964=VERTEX_POINT('',#2657);
#965=VERTEX_POINT('',#2661);
#966=VERTEX_POINT('',#2662);
#967=VERTEX_POINT('',#2664);
#968=VERTEX_POINT('',#2666);
#969=VERTEX_POINT('',#2670);
#970=VERTEX_POINT('',#2671);
#971=VERTEX_POINT('',#2673);
#972=VERTEX_POINT('',#2675);
#973=VERTEX_POINT('',#2682);
#974=VERTEX_POINT('',#2684);
#975=VERTEX_POINT('',#2688);
#976=VERTEX_POINT('',#2690);
#977=VERTEX_POINT('',#2692);
#978=VERTEX_POINT('',#2694);
#979=VERTEX_POINT('',#2696);
#980=VERTEX_POINT('',#2698);
#981=VERTEX_POINT('',#2700);
#982=VERTEX_POINT('',#2702);
#983=VERTEX_POINT('',#2704);
#984=VERTEX_POINT('',#2706);
#985=VERTEX_POINT('',#2708);
#986=VERTEX_POINT('',#2710);
#987=VERTEX_POINT('',#2712);
#988=VERTEX_POINT('',#2714);
#989=VERTEX_POINT('',#2716);
#990=VERTEX_POINT('',#2719);
#991=VERTEX_POINT('',#2721);
#992=VERTEX_POINT('',#2723);
#993=VERTEX_POINT('',#2725);
#994=VERTEX_POINT('',#2727);
#995=VERTEX_POINT('',#2729);
#996=VERTEX_POINT('',#2731);
#997=VERTEX_POINT('',#2734);
#998=VERTEX_POINT('',#2735);
#999=VERTEX_POINT('',#2742);
#1000=VERTEX_POINT('',#2744);
#1001=VERTEX_POINT('',#2746);
#1002=VERTEX_POINT('',#2748);
#1003=VERTEX_POINT('',#2757);
#1004=VERTEX_POINT('',#2758);
#1005=VERTEX_POINT('',#2760);
#1006=VERTEX_POINT('',#2764);
#1007=VERTEX_POINT('',#2765);
#1008=VERTEX_POINT('',#2767);
#1009=VERTEX_POINT('',#2769);
#1010=VERTEX_POINT('',#2771);
#1011=VERTEX_POINT('',#2773);
#1012=VERTEX_POINT('',#2775);
#1013=VERTEX_POINT('',#2777);
#1014=VERTEX_POINT('',#2781);
#1015=VERTEX_POINT('',#2782);
#1016=VERTEX_POINT('',#2784);
#1017=VERTEX_POINT('',#2788);
#1018=VERTEX_POINT('',#2789);
#1019=VERTEX_POINT('',#2791);
#1020=VERTEX_POINT('',#2793);
#1021=VERTEX_POINT('',#2795);
#1022=VERTEX_POINT('',#2798);
#1023=VERTEX_POINT('',#2800);
#1024=VERTEX_POINT('',#2802);
#1025=VERTEX_POINT('',#2806);
#1026=VERTEX_POINT('',#2807);
#1027=VERTEX_POINT('',#2810);
#1028=VERTEX_POINT('',#2812);
#1029=VERTEX_POINT('',#2814);
#1030=VERTEX_POINT('',#2816);
#1031=VERTEX_POINT('',#2818);
#1032=VERTEX_POINT('',#2820);
#1033=VERTEX_POINT('',#2822);
#1034=VERTEX_POINT('',#2824);
#1035=VERTEX_POINT('',#2826);
#1036=VERTEX_POINT('',#2828);
#1037=VERTEX_POINT('',#2833);
#1038=VERTEX_POINT('',#2835);
#1039=VERTEX_POINT('',#2836);
#1040=VERTEX_POINT('',#2839);
#1041=VERTEX_POINT('',#2841);
#1042=VERTEX_POINT('',#2843);
#1043=VERTEX_POINT('',#2845);
#1044=VERTEX_POINT('',#2847);
#1045=VERTEX_POINT('',#2849);
#1046=VERTEX_POINT('',#2851);
#1047=VERTEX_POINT('',#2853);
#1048=VERTEX_POINT('',#2857);
#1049=VERTEX_POINT('',#2859);
#1050=VERTEX_POINT('',#2861);
#1051=VERTEX_POINT('',#2863);
#1052=VERTEX_POINT('',#2867);
#1053=VERTEX_POINT('',#2869);
#1054=VERTEX_POINT('',#2870);
#1055=VERTEX_POINT('',#2872);
#1056=VERTEX_POINT('',#2874);
#1057=VERTEX_POINT('',#2876);
#1058=VERTEX_POINT('',#2878);
#1059=VERTEX_POINT('',#2880);
#1060=VERTEX_POINT('',#2882);
#1061=VERTEX_POINT('',#2884);
#1062=VERTEX_POINT('',#2886);
#1063=VERTEX_POINT('',#2891);
#1064=VERTEX_POINT('',#2892);
#1065=VERTEX_POINT('',#2897);
#1066=VERTEX_POINT('',#2898);
#1067=VERTEX_POINT('',#2904);
#1068=VERTEX_POINT('',#2906);
#1069=VERTEX_POINT('',#2911);
#1070=VERTEX_POINT('',#2913);
#1071=VERTEX_POINT('',#2917);
#1072=VERTEX_POINT('',#2925);
#1073=VERTEX_POINT('',#2926);
#1074=VERTEX_POINT('',#2928);
#1075=VERTEX_POINT('',#2930);
#1076=VERTEX_POINT('',#2932);
#1077=VERTEX_POINT('',#2948);
#1078=VERTEX_POINT('',#2950);
#1079=VERTEX_POINT('',#2954);
#1080=VERTEX_POINT('',#2956);
#1081=VERTEX_POINT('',#2960);
#1082=VERTEX_POINT('',#2962);
#1083=VERTEX_POINT('',#2967);
#1084=VERTEX_POINT('',#2969);
#1085=VERTEX_POINT('',#2972);
#1086=VERTEX_POINT('',#2976);
#1087=VERTEX_POINT('',#2980);
#1088=VERTEX_POINT('',#2981);
#1089=VERTEX_POINT('',#2983);
#1090=VERTEX_POINT('',#2985);
#1091=VERTEX_POINT('',#2989);
#1092=VERTEX_POINT('',#2991);
#1093=VERTEX_POINT('',#2995);
#1094=VERTEX_POINT('',#2997);
#1095=VERTEX_POINT('',#3001);
#1096=VERTEX_POINT('',#3003);
#1097=VERTEX_POINT('',#3007);
#1098=VERTEX_POINT('',#3009);
#1099=VERTEX_POINT('',#3016);
#1100=VERTEX_POINT('',#3019);
#1101=VERTEX_POINT('',#3020);
#1102=VERTEX_POINT('',#3022);
#1103=VERTEX_POINT('',#3024);
#1104=VERTEX_POINT('',#3028);
#1105=VERTEX_POINT('',#3030);
#1106=VERTEX_POINT('',#3034);
#1107=VERTEX_POINT('',#3036);
#1108=VERTEX_POINT('',#3040);
#1109=VERTEX_POINT('',#3042);
#1110=VERTEX_POINT('',#3046);
#1111=VERTEX_POINT('',#3048);
#1112=VERTEX_POINT('',#3055);
#1113=VERTEX_POINT('',#3060);
#1114=VERTEX_POINT('',#3061);
#1115=VERTEX_POINT('',#3063);
#1116=VERTEX_POINT('',#3065);
#1117=VERTEX_POINT('',#3067);
#1118=VERTEX_POINT('',#3069);
#1119=VERTEX_POINT('',#3145);
#1120=VERTEX_POINT('',#3148);
#1121=VERTEX_POINT('',#3152);
#1122=VERTEX_POINT('',#3170);
#1123=VERTEX_POINT('',#3174);
#1124=VERTEX_POINT('',#3178);
#1125=VERTEX_POINT('',#3185);
#1126=LINE('',#2643,#1316);
#1127=LINE('',#2648,#1317);
#1128=LINE('',#2650,#1318);
#1129=LINE('',#2652,#1319);
#1130=LINE('',#2654,#1320);
#1131=LINE('',#2656,#1321);
#1132=LINE('',#2660,#1322);
#1133=LINE('',#2663,#1323);
#1134=LINE('',#2665,#1324);
#1135=LINE('',#2667,#1325);
#1136=LINE('',#2669,#1326);
#1137=LINE('',#2674,#1327);
#1138=LINE('',#2683,#1328);
#1139=LINE('',#2689,#1329);
#1140=LINE('',#2693,#1330);
#1141=LINE('',#2695,#1331);
#1142=LINE('',#2697,#1332);
#1143=LINE('',#2699,#1333);
#1144=LINE('',#2701,#1334);
#1145=LINE('',#2703,#1335);
#1146=LINE('',#2705,#1336);
#1147=LINE('',#2707,#1337);
#1148=LINE('',#2709,#1338);
#1149=LINE('',#2711,#1339);
#1150=LINE('',#2713,#1340);
#1151=LINE('',#2715,#1341);
#1152=LINE('',#2717,#1342);
#1153=LINE('',#2718,#1343);
#1154=LINE('',#2722,#1344);
#1155=LINE('',#2726,#1345);
#1156=LINE('',#2730,#1346);
#1157=LINE('',#2733,#1347);
#1158=LINE('',#2743,#1348);
#1159=LINE('',#2745,#1349);
#1160=LINE('',#2747,#1350);
#1161=LINE('',#2756,#1351);
#1162=LINE('',#2759,#1352);
#1163=LINE('',#2761,#1353);
#1164=LINE('',#2766,#1354);
#1165=LINE('',#2770,#1355);
#1166=LINE('',#2772,#1356);
#1167=LINE('',#2776,#1357);
#1168=LINE('',#2778,#1358);
#1169=LINE('',#2780,#1359);
#1170=LINE('',#2783,#1360);
#1171=LINE('',#2785,#1361);
#1172=LINE('',#2787,#1362);
#1173=LINE('',#2792,#1363);
#1174=LINE('',#2794,#1364);
#1175=LINE('',#2799,#1365);
#1176=LINE('',#2801,#1366);
#1177=LINE('',#2805,#1367);
#1178=LINE('',#2811,#1368);
#1179=LINE('',#2815,#1369);
#1180=LINE('',#2819,#1370);
#1181=LINE('',#2823,#1371);
#1182=LINE('',#2825,#1372);
#1183=LINE('',#2827,#1373);
#1184=LINE('',#2829,#1374);
#1185=LINE('',#2834,#1375);
#1186=LINE('',#2840,#1376);
#1187=LINE('',#2842,#1377);
#1188=LINE('',#2844,#1378);
#1189=LINE('',#2848,#1379);
#1190=LINE('',#2852,#1380);
#1191=LINE('',#2854,#1381);
#1192=LINE('',#2856,#1382);
#1193=LINE('',#2858,#1383);
#1194=LINE('',#2860,#1384);
#1195=LINE('',#2862,#1385);
#1196=LINE('',#2868,#1386);
#1197=LINE('',#2873,#1387);
#1198=LINE('',#2875,#1388);
#1199=LINE('',#2877,#1389);
#1200=LINE('',#2881,#1390);
#1201=LINE('',#2885,#1391);
#1202=LINE('',#2887,#1392);
#1203=LINE('',#2890,#1393);
#1204=LINE('',#2893,#1394);
#1205=LINE('',#2894,#1395);
#1206=LINE('',#2896,#1396);
#1207=LINE('',#2899,#1397);
#1208=LINE('',#2901,#1398);
#1209=LINE('',#2903,#1399);
#1210=LINE('',#2905,#1400);
#1211=LINE('',#2907,#1401);
#1212=LINE('',#2910,#1402);
#1213=LINE('',#2912,#1403);
#1214=LINE('',#2914,#1404);
#1215=LINE('',#2916,#1405);
#1216=LINE('',#2918,#1406);
#1217=LINE('',#2920,#1407);
#1218=LINE('',#2921,#1408);
#1219=LINE('',#2924,#1409);
#1220=LINE('',#2929,#1410);
#1221=LINE('',#2933,#1411);
#1222=LINE('',#2934,#1412);
#1223=LINE('',#2938,#1413);
#1224=LINE('',#2939,#1414);
#1225=LINE('',#2941,#1415);
#1226=LINE('',#2942,#1416);
#1227=LINE('',#2944,#1417);
#1228=LINE('',#2945,#1418);
#1229=LINE('',#2947,#1419);
#1230=LINE('',#2949,#1420);
#1231=LINE('',#2951,#1421);
#1232=LINE('',#2953,#1422);
#1233=LINE('',#2955,#1423);
#1234=LINE('',#2957,#1424);
#1235=LINE('',#2959,#1425);
#1236=LINE('',#2961,#1426);
#1237=LINE('',#2963,#1427);
#1238=LINE('',#2964,#1428);
#1239=LINE('',#2966,#1429);
#1240=LINE('',#2968,#1430);
#1241=LINE('',#2970,#1431);
#1242=LINE('',#2971,#1432);
#1243=LINE('',#2973,#1433);
#1244=LINE('',#2975,#1434);
#1245=LINE('',#2977,#1435);
#1246=LINE('',#2979,#1436);
#1247=LINE('',#2982,#1437);
#1248=LINE('',#2984,#1438);
#1249=LINE('',#2986,#1439);
#1250=LINE('',#2988,#1440);
#1251=LINE('',#2990,#1441);
#1252=LINE('',#2992,#1442);
#1253=LINE('',#2994,#1443);
#1254=LINE('',#2996,#1444);
#1255=LINE('',#2998,#1445);
#1256=LINE('',#3000,#1446);
#1257=LINE('',#3002,#1447);
#1258=LINE('',#3004,#1448);
#1259=LINE('',#3006,#1449);
#1260=LINE('',#3008,#1450);
#1261=LINE('',#3010,#1451);
#1262=LINE('',#3012,#1452);
#1263=LINE('',#3013,#1453);
#1264=LINE('',#3018,#1454);
#1265=LINE('',#3021,#1455);
#1266=LINE('',#3023,#1456);
#1267=LINE('',#3025,#1457);
#1268=LINE('',#3027,#1458);
#1269=LINE('',#3029,#1459);
#1270=LINE('',#3031,#1460);
#1271=LINE('',#3033,#1461);
#1272=LINE('',#3035,#1462);
#1273=LINE('',#3037,#1463);
#1274=LINE('',#3039,#1464);
#1275=LINE('',#3041,#1465);
#1276=LINE('',#3043,#1466);
#1277=LINE('',#3045,#1467);
#1278=LINE('',#3047,#1468);
#1279=LINE('',#3049,#1469);
#1280=LINE('',#3051,#1470);
#1281=LINE('',#3052,#1471);
#1282=LINE('',#3062,#1472);
#1283=LINE('',#3066,#1473);
#1284=LINE('',#3070,#1474);
#1285=LINE('',#3106,#1475);
#1286=LINE('',#3116,#1476);
#1287=LINE('',#3126,#1477);
#1288=LINE('',#3127,#1478);
#1289=LINE('',#3129,#1479);
#1290=LINE('',#3136,#1480);
#1291=LINE('',#3146,#1481);
#1292=LINE('',#3147,#1482);
#1293=LINE('',#3151,#1483);
#1294=LINE('',#3153,#1484);
#1295=LINE('',#3156,#1485);
#1296=LINE('',#3159,#1486);
#1297=LINE('',#3161,#1487);
#1298=LINE('',#3164,#1488);
#1299=LINE('',#3165,#1489);
#1300=LINE('',#3167,#1490);
#1301=LINE('',#3169,#1491);
#1302=LINE('',#3175,#1492);
#1303=LINE('',#3177,#1493);
#1304=LINE('',#3179,#1494);
#1305=LINE('',#3184,#1495);
#1306=LINE('',#3187,#1496);
#1307=LINE('',#3189,#1497);
#1308=LINE('',#3191,#1498);
#1309=LINE('',#3193,#1499);
#1310=LINE('',#3296,#1500);
#1311=LINE('',#3297,#1501);
#1312=LINE('',#3299,#1502);
#1313=LINE('',#3300,#1503);
#1314=LINE('',#3302,#1504);
#1315=LINE('',#3303,#1505);
#1316=VECTOR('',#2099,1.);
#1317=VECTOR('',#2102,1.);
#1318=VECTOR('',#2103,1.);
#1319=VECTOR('',#2104,1.);
#1320=VECTOR('',#2105,1.);
#1321=VECTOR('',#2106,1.);
#1322=VECTOR('',#2111,1.);
#1323=VECTOR('',#2112,1.);
#1324=VECTOR('',#2113,1.);
#1325=VECTOR('',#2114,1.);
#1326=VECTOR('',#2117,1.);
#1327=VECTOR('',#2120,1.);
#1328=VECTOR('',#2125,1.);
#1329=VECTOR('',#2132,1.);
#1330=VECTOR('',#2135,1.);
#1331=VECTOR('',#2136,1.);
#1332=VECTOR('',#2137,1.);
#1333=VECTOR('',#2138,1.);
#1334=VECTOR('',#2139,1.);
#1335=VECTOR('',#2140,1.);
#1336=VECTOR('',#2141,1.);
#1337=VECTOR('',#2142,1.);
#1338=VECTOR('',#2143,1.);
#1339=VECTOR('',#2144,1.);
#1340=VECTOR('',#2145,1.);
#1341=VECTOR('',#2146,1.);
#1342=VECTOR('',#2147,1.);
#1343=VECTOR('',#2148,1.);
#1344=VECTOR('',#2151,1.);
#1345=VECTOR('',#2154,1.);
#1346=VECTOR('',#2157,1.);
#1347=VECTOR('',#2160,1.);
#1348=VECTOR('',#2161,1.);
#1349=VECTOR('',#2162,1.);
#1350=VECTOR('',#2163,1.);
#1351=VECTOR('',#2166,1.);
#1352=VECTOR('',#2167,1.);
#1353=VECTOR('',#2168,1.);
#1354=VECTOR('',#2173,1.);
#1355=VECTOR('',#2176,1.);
#1356=VECTOR('',#2177,1.);
#1357=VECTOR('',#2180,1.);
#1358=VECTOR('',#2181,1.);
#1359=VECTOR('',#2184,1.);
#1360=VECTOR('',#2185,1.);
#1361=VECTOR('',#2186,1.);
#1362=VECTOR('',#2189,1.);
#1363=VECTOR('',#2192,1.);
#1364=VECTOR('',#2193,1.);
#1365=VECTOR('',#2198,1.);
#1366=VECTOR('',#2199,1.);
#1367=VECTOR('',#2204,1.);
#1368=VECTOR('',#2209,1.);
#1369=VECTOR('',#2212,1.);
#1370=VECTOR('',#2215,1.);
#1371=VECTOR('',#2218,1.);
#1372=VECTOR('',#2219,1.);
#1373=VECTOR('',#2220,1.);
#1374=VECTOR('',#2221,1.);
#1375=VECTOR('',#2228,1.);
#1376=VECTOR('',#2233,1.);
#1377=VECTOR('',#2234,1.);
#1378=VECTOR('',#2235,1.);
#1379=VECTOR('',#2238,1.);
#1380=VECTOR('',#2241,1.);
#1381=VECTOR('',#2242,1.);
#1382=VECTOR('',#2245,1.);
#1383=VECTOR('',#2246,1.);
#1384=VECTOR('',#2247,1.);
#1385=VECTOR('',#2248,1.);
#1386=VECTOR('',#2255,1.);
#1387=VECTOR('',#2258,1.);
#1388=VECTOR('',#2259,1.);
#1389=VECTOR('',#2260,1.);
#1390=VECTOR('',#2263,1.);
#1391=VECTOR('',#2266,1.);
#1392=VECTOR('',#2267,1.);
#1393=VECTOR('',#2272,1.);
#1394=VECTOR('',#2273,1.);
#1395=VECTOR('',#2274,1.);
#1396=VECTOR('',#2277,1.);
#1397=VECTOR('',#2278,1.);
#1398=VECTOR('',#2281,1.);
#1399=VECTOR('',#2284,1.);
#1400=VECTOR('',#2285,1.);
#1401=VECTOR('',#2286,1.);
#1402=VECTOR('',#2291,1.);
#1403=VECTOR('',#2292,1.);
#1404=VECTOR('',#2293,1.);
#1405=VECTOR('',#2296,1.);
#1406=VECTOR('',#2297,1.);
#1407=VECTOR('',#2300,1.);
#1408=VECTOR('',#2301,1.);
#1409=VECTOR('',#2306,1.);
#1410=VECTOR('',#2309,1.);
#1411=VECTOR('',#2312,1.);
#1412=VECTOR('',#2313,1.);
#1413=VECTOR('',#2320,1.);
#1414=VECTOR('',#2321,1.);
#1415=VECTOR('',#2324,1.);
#1416=VECTOR('',#2325,1.);
#1417=VECTOR('',#2328,1.);
#1418=VECTOR('',#2329,1.);
#1419=VECTOR('',#2332,1.);
#1420=VECTOR('',#2333,1.);
#1421=VECTOR('',#2334,1.);
#1422=VECTOR('',#2337,1.);
#1423=VECTOR('',#2338,1.);
#1424=VECTOR('',#2339,1.);
#1425=VECTOR('',#2342,1.);
#1426=VECTOR('',#2343,1.);
#1427=VECTOR('',#2344,1.);
#1428=VECTOR('',#2345,1.);
#1429=VECTOR('',#2348,1.);
#1430=VECTOR('',#2349,1.);
#1431=VECTOR('',#2350,1.);
#1432=VECTOR('',#2351,1.);
#1433=VECTOR('',#2352,1.);
#1434=VECTOR('',#2355,1.);
#1435=VECTOR('',#2356,1.);
#1436=VECTOR('',#2359,1.);
#1437=VECTOR('',#2360,1.);
#1438=VECTOR('',#2361,1.);
#1439=VECTOR('',#2362,1.);
#1440=VECTOR('',#2365,1.);
#1441=VECTOR('',#2366,1.);
#1442=VECTOR('',#2367,1.);
#1443=VECTOR('',#2370,1.);
#1444=VECTOR('',#2371,1.);
#1445=VECTOR('',#2372,1.);
#1446=VECTOR('',#2375,1.);
#1447=VECTOR('',#2376,1.);
#1448=VECTOR('',#2377,1.);
#1449=VECTOR('',#2380,1.);
#1450=VECTOR('',#2381,1.);
#1451=VECTOR('',#2382,1.);
#1452=VECTOR('',#2385,1.);
#1453=VECTOR('',#2386,1.);
#1454=VECTOR('',#2393,1.);
#1455=VECTOR('',#2394,1.);
#1456=VECTOR('',#2395,1.);
#1457=VECTOR('',#2396,1.);
#1458=VECTOR('',#2399,1.);
#1459=VECTOR('',#2400,1.);
#1460=VECTOR('',#2401,1.);
#1461=VECTOR('',#2404,1.);
#1462=VECTOR('',#2405,1.);
#1463=VECTOR('',#2406,1.);
#1464=VECTOR('',#2409,1.);
#1465=VECTOR('',#2410,1.);
#1466=VECTOR('',#2411,1.);
#1467=VECTOR('',#2414,1.);
#1468=VECTOR('',#2415,1.);
#1469=VECTOR('',#2416,1.);
#1470=VECTOR('',#2419,1.);
#1471=VECTOR('',#2420,1.);
#1472=VECTOR('',#2433,1.);
#1473=VECTOR('',#2436,1.);
#1474=VECTOR('',#2439,1.);
#1475=VECTOR('',#2488,1.);
#1476=VECTOR('',#2493,1.);
#1477=VECTOR('',#2498,1.);
#1478=VECTOR('',#2499,1.);
#1479=VECTOR('',#2502,1.);
#1480=VECTOR('',#2507,1.);
#1481=VECTOR('',#2516,1.);
#1482=VECTOR('',#2517,1.);
#1483=VECTOR('',#2522,1.);
#1484=VECTOR('',#2523,1.);
#1485=VECTOR('',#2528,1.);
#1486=VECTOR('',#2533,1.);
#1487=VECTOR('',#2536,1.);
#1488=VECTOR('',#2541,1.);
#1489=VECTOR('',#2542,1.);
#1490=VECTOR('',#2545,1.);
#1491=VECTOR('',#2548,1.);
#1492=VECTOR('',#2555,1.);
#1493=VECTOR('',#2558,1.);
#1494=VECTOR('',#2559,1.);
#1495=VECTOR('',#2568,1.);
#1496=VECTOR('',#2571,1.);
#1497=VECTOR('',#2574,1.);
#1498=VECTOR('',#2577,1.);
#1499=VECTOR('',#2580,1.);
#1500=VECTOR('',#2621,1.);
#1501=VECTOR('',#2622,1.);
#1502=VECTOR('',#2625,1.);
#1503=VECTOR('',#2626,1.);
#1504=VECTOR('',#2629,1.);
#1505=VECTOR('',#2630,1.);
#1506=EDGE_LOOP('',(#138,#139,#140,#141,#142,#143,#144,#145));
#1507=EDGE_LOOP('',(#146,#147,#148,#149));
#1508=EDGE_LOOP('',(#150,#151,#152,#153));
#1509=EDGE_LOOP('',(#154,#155,#156,#157));
#1510=EDGE_LOOP('',(#158,#159,#160,#161,#162,#163,#164,#165,#166,#167,#168,
#169,#170,#171,#172,#173,#174,#175,#176,#177,#178,#179,#180,#181,#182,#183));
#1511=EDGE_LOOP('',(#184,#185,#186,#187,#188,#189));
#1512=EDGE_LOOP('',(#190,#191,#192));
#1513=EDGE_LOOP('',(#193,#194,#195,#196,#197,#198,#199,#200));
#1514=EDGE_LOOP('',(#201,#202,#203));
#1515=EDGE_LOOP('',(#204,#205,#206,#207,#208,#209,#210,#211,#212,#213));
#1516=EDGE_LOOP('',(#214,#215,#216,#217,#218,#219,#220,#221,#222,#223,#224,
#225,#226,#227,#228,#229));
#1517=EDGE_LOOP('',(#230));
#1518=EDGE_LOOP('',(#231,#232,#233,#234,#235,#236,#237,#238,#239,#240,#241,
#242));
#1519=EDGE_LOOP('',(#243,#244,#245,#246,#247,#248));
#1520=EDGE_LOOP('',(#249));
#1521=EDGE_LOOP('',(#250,#251,#252,#253,#254,#255,#256,#257,#258,#259,#260,
#261));
#1522=EDGE_LOOP('',(#262,#263,#264,#265));
#1523=EDGE_LOOP('',(#266,#267,#268,#269,#270,#271));
#1524=EDGE_LOOP('',(#272,#273,#274,#275,#276,#277));
#1525=EDGE_LOOP('',(#278,#279,#280,#281));
#1526=EDGE_LOOP('',(#282,#283,#284,#285,#286,#287,#288,#289,#290,#291));
#1527=EDGE_LOOP('',(#292,#293,#294,#295,#296,#297,#298));
#1528=EDGE_LOOP('',(#299,#300,#301,#302));
#1529=EDGE_LOOP('',(#303,#304,#305,#306));
#1530=EDGE_LOOP('',(#307,#308,#309,#310));
#1531=EDGE_LOOP('',(#311,#312,#313,#314));
#1532=EDGE_LOOP('',(#315,#316,#317,#318));
#1533=EDGE_LOOP('',(#319,#320,#321,#322));
#1534=EDGE_LOOP('',(#323,#324,#325,#326));
#1535=EDGE_LOOP('',(#327,#328,#329,#330,#331,#332,#333));
#1536=EDGE_LOOP('',(#334,#335,#336,#337,#338,#339,#340));
#1537=EDGE_LOOP('',(#341,#342,#343,#344));
#1538=EDGE_LOOP('',(#345,#346,#347,#348));
#1539=EDGE_LOOP('',(#349,#350,#351,#352));
#1540=EDGE_LOOP('',(#353,#354,#355,#356));
#1541=EDGE_LOOP('',(#357,#358,#359,#360));
#1542=EDGE_LOOP('',(#361,#362,#363,#364));
#1543=EDGE_LOOP('',(#365,#366,#367,#368));
#1544=EDGE_LOOP('',(#369));
#1545=EDGE_LOOP('',(#370,#371,#372,#373,#374,#375));
#1546=EDGE_LOOP('',(#376,#377,#378,#379));
#1547=EDGE_LOOP('',(#380,#381,#382,#383));
#1548=EDGE_LOOP('',(#384,#385,#386,#387));
#1549=EDGE_LOOP('',(#388,#389,#390,#391));
#1550=EDGE_LOOP('',(#392,#393,#394,#395));
#1551=EDGE_LOOP('',(#396,#397,#398,#399));
#1552=EDGE_LOOP('',(#400));
#1553=EDGE_LOOP('',(#401,#402,#403,#404,#405,#406));
#1554=EDGE_LOOP('',(#407,#408,#409,#410));
#1555=EDGE_LOOP('',(#411,#412,#413,#414,#415,#416));
#1556=EDGE_LOOP('',(#417));
#1557=EDGE_LOOP('',(#418));
#1558=EDGE_LOOP('',(#419));
#1559=EDGE_LOOP('',(#420));
#1560=EDGE_LOOP('',(#421,#422,#423,#424));
#1561=EDGE_LOOP('',(#425,#426,#427,#428));
#1562=EDGE_LOOP('',(#429,#430,#431,#432));
#1563=EDGE_LOOP('',(#433,#434,#435,#436));
#1564=EDGE_LOOP('',(#437,#438,#439,#440));
#1565=EDGE_LOOP('',(#441,#442,#443,#444));
#1566=EDGE_LOOP('',(#445,#446,#447,#448));
#1567=EDGE_LOOP('',(#449,#450,#451,#452));
#1568=EDGE_LOOP('',(#453,#454,#455,#456));
#1569=EDGE_LOOP('',(#457,#458,#459,#460));
#1570=EDGE_LOOP('',(#461,#462,#463,#464));
#1571=EDGE_LOOP('',(#465,#466,#467,#468));
#1572=EDGE_LOOP('',(#469,#470,#471,#472));
#1573=EDGE_LOOP('',(#473,#474,#475,#476,#477));
#1574=EDGE_LOOP('',(#478,#479,#480,#481));
#1575=EDGE_LOOP('',(#482,#483,#484,#485));
#1576=EDGE_LOOP('',(#486,#487,#488,#489,#490));
#1577=EDGE_LOOP('',(#491,#492,#493,#494));
#1578=EDGE_LOOP('',(#495,#496,#497,#498));
#1579=EDGE_LOOP('',(#499,#500,#501,#502));
#1580=EDGE_LOOP('',(#503,#504,#505,#506));
#1581=EDGE_LOOP('',(#507,#508,#509,#510));
#1582=EDGE_LOOP('',(#511,#512,#513,#514));
#1583=EDGE_LOOP('',(#515,#516,#517,#518,#519,#520));
#1584=EDGE_LOOP('',(#521,#522,#523,#524));
#1585=EDGE_LOOP('',(#525,#526,#527,#528,#529));
#1586=EDGE_LOOP('',(#530,#531,#532,#533,#534));
#1587=EDGE_LOOP('',(#535,#536,#537,#538));
#1588=EDGE_LOOP('',(#539,#540,#541,#542));
#1589=EDGE_LOOP('',(#543,#544,#545,#546));
#1590=EDGE_LOOP('',(#547,#548,#549,#550));
#1591=EDGE_LOOP('',(#551,#552,#553,#554,#555));
#1592=EDGE_LOOP('',(#556,#557,#558,#559,#560));
#1593=EDGE_LOOP('',(#561,#562,#563,#564));
#1594=EDGE_LOOP('',(#565,#566,#567,#568,#569,#570));
#1595=EDGE_LOOP('',(#571,#572,#573,#574,#575));
#1596=EDGE_LOOP('',(#576,#577,#578));
#1597=EDGE_LOOP('',(#579,#580,#581,#582));
#1598=EDGE_LOOP('',(#583,#584,#585));
#1599=EDGE_LOOP('',(#586,#587,#588));
#1600=EDGE_LOOP('',(#589,#590,#591,#592));
#1601=EDGE_LOOP('',(#593,#594,#595,#596));
#1602=EDGE_LOOP('',(#597,#598,#599));
#1603=EDGE_LOOP('',(#600,#601,#602,#603));
#1604=EDGE_LOOP('',(#604,#605,#606,#607,#608,#609,#610));
#1605=EDGE_LOOP('',(#611,#612,#613,#614));
#1606=EDGE_LOOP('',(#615,#616,#617));
#1607=EDGE_LOOP('',(#618,#619,#620));
#1608=EDGE_LOOP('',(#621,#622,#623,#624,#625,#626,#627));
#1609=EDGE_LOOP('',(#628,#629,#630,#631,#632,#633,#634,#635,#636,#637,#638,
#639));
#1610=EDGE_LOOP('',(#640,#641,#642));
#1611=EDGE_LOOP('',(#643,#644,#645,#646));
#1612=EDGE_LOOP('',(#647,#648,#649,#650,#651,#652));
#1613=EDGE_LOOP('',(#653,#654,#655,#656));
#1614=EDGE_LOOP('',(#657,#658,#659,#660));
#1615=EDGE_LOOP('',(#661,#662,#663,#664,#665));
#1616=EDGE_LOOP('',(#666,#667,#668,#669,#670));
#1617=EDGE_LOOP('',(#671,#672,#673,#674,#675));
#1618=EDGE_LOOP('',(#676,#677,#678,#679));
#1619=EDGE_LOOP('',(#680,#681,#682,#683));
#1620=FACE_BOUND('',#1506,.T.);
#1621=FACE_BOUND('',#1507,.T.);
#1622=FACE_BOUND('',#1508,.T.);
#1623=FACE_BOUND('',#1509,.T.);
#1624=FACE_BOUND('',#1510,.T.);
#1625=FACE_BOUND('',#1511,.T.);
#1626=FACE_BOUND('',#1512,.T.);
#1627=FACE_BOUND('',#1513,.T.);
#1628=FACE_BOUND('',#1514,.T.);
#1629=FACE_BOUND('',#1515,.T.);
#1630=FACE_BOUND('',#1516,.T.);
#1631=FACE_BOUND('',#1517,.T.);
#1632=FACE_BOUND('',#1518,.T.);
#1633=FACE_BOUND('',#1519,.T.);
#1634=FACE_BOUND('',#1520,.T.);
#1635=FACE_BOUND('',#1521,.T.);
#1636=FACE_BOUND('',#1522,.T.);
#1637=FACE_BOUND('',#1523,.T.);
#1638=FACE_BOUND('',#1524,.T.);
#1639=FACE_BOUND('',#1525,.T.);
#1640=FACE_BOUND('',#1526,.T.);
#1641=FACE_BOUND('',#1527,.T.);
#1642=FACE_BOUND('',#1528,.T.);
#1643=FACE_BOUND('',#1529,.T.);
#1644=FACE_BOUND('',#1530,.T.);
#1645=FACE_BOUND('',#1531,.T.);
#1646=FACE_BOUND('',#1532,.T.);
#1647=FACE_BOUND('',#1533,.T.);
#1648=FACE_BOUND('',#1534,.T.);
#1649=FACE_BOUND('',#1535,.T.);
#1650=FACE_BOUND('',#1536,.T.);
#1651=FACE_BOUND('',#1537,.T.);
#1652=FACE_BOUND('',#1538,.T.);
#1653=FACE_BOUND('',#1539,.T.);
#1654=FACE_BOUND('',#1540,.T.);
#1655=FACE_BOUND('',#1541,.T.);
#1656=FACE_BOUND('',#1542,.T.);
#1657=FACE_BOUND('',#1543,.T.);
#1658=FACE_BOUND('',#1544,.T.);
#1659=FACE_BOUND('',#1545,.T.);
#1660=FACE_BOUND('',#1546,.T.);
#1661=FACE_BOUND('',#1547,.T.);
#1662=FACE_BOUND('',#1548,.T.);
#1663=FACE_BOUND('',#1549,.T.);
#1664=FACE_BOUND('',#1550,.T.);
#1665=FACE_BOUND('',#1551,.T.);
#1666=FACE_BOUND('',#1552,.T.);
#1667=FACE_BOUND('',#1553,.T.);
#1668=FACE_BOUND('',#1554,.T.);
#1669=FACE_BOUND('',#1555,.T.);
#1670=FACE_BOUND('',#1556,.T.);
#1671=FACE_BOUND('',#1557,.T.);
#1672=FACE_BOUND('',#1558,.T.);
#1673=FACE_BOUND('',#1559,.T.);
#1674=FACE_BOUND('',#1560,.T.);
#1675=FACE_BOUND('',#1561,.T.);
#1676=FACE_BOUND('',#1562,.T.);
#1677=FACE_BOUND('',#1563,.T.);
#1678=FACE_BOUND('',#1564,.T.);
#1679=FACE_BOUND('',#1565,.T.);
#1680=FACE_BOUND('',#1566,.T.);
#1681=FACE_BOUND('',#1567,.T.);
#1682=FACE_BOUND('',#1568,.T.);
#1683=FACE_BOUND('',#1569,.T.);
#1684=FACE_BOUND('',#1570,.T.);
#1685=FACE_BOUND('',#1571,.T.);
#1686=FACE_BOUND('',#1572,.T.);
#1687=FACE_BOUND('',#1573,.T.);
#1688=FACE_BOUND('',#1574,.T.);
#1689=FACE_BOUND('',#1575,.T.);
#1690=FACE_BOUND('',#1576,.T.);
#1691=FACE_BOUND('',#1577,.T.);
#1692=FACE_BOUND('',#1578,.T.);
#1693=FACE_BOUND('',#1579,.T.);
#1694=FACE_BOUND('',#1580,.T.);
#1695=FACE_BOUND('',#1581,.T.);
#1696=FACE_BOUND('',#1582,.T.);
#1697=FACE_BOUND('',#1583,.T.);
#1698=FACE_BOUND('',#1584,.T.);
#1699=FACE_BOUND('',#1585,.T.);
#1700=FACE_BOUND('',#1586,.T.);
#1701=FACE_BOUND('',#1587,.T.);
#1702=FACE_BOUND('',#1588,.T.);
#1703=FACE_BOUND('',#1589,.T.);
#1704=FACE_BOUND('',#1590,.T.);
#1705=FACE_BOUND('',#1591,.T.);
#1706=FACE_BOUND('',#1592,.T.);
#1707=FACE_BOUND('',#1593,.T.);
#1708=FACE_BOUND('',#1594,.T.);
#1709=FACE_BOUND('',#1595,.T.);
#1710=FACE_BOUND('',#1596,.T.);
#1711=FACE_BOUND('',#1597,.T.);
#1712=FACE_BOUND('',#1598,.T.);
#1713=FACE_BOUND('',#1599,.T.);
#1714=FACE_BOUND('',#1600,.T.);
#1715=FACE_BOUND('',#1601,.T.);
#1716=FACE_BOUND('',#1602,.T.);
#1717=FACE_BOUND('',#1603,.T.);
#1718=FACE_BOUND('',#1604,.T.);
#1719=FACE_BOUND('',#1605,.T.);
#1720=FACE_BOUND('',#1606,.T.);
#1721=FACE_BOUND('',#1607,.T.);
#1722=FACE_BOUND('',#1608,.T.);
#1723=FACE_BOUND('',#1609,.T.);
#1724=FACE_BOUND('',#1610,.T.);
#1725=FACE_BOUND('',#1611,.T.);
#1726=FACE_BOUND('',#1612,.T.);
#1727=FACE_BOUND('',#1613,.T.);
#1728=FACE_BOUND('',#1614,.T.);
#1729=FACE_BOUND('',#1615,.T.);
#1730=FACE_BOUND('',#1616,.T.);
#1731=FACE_BOUND('',#1617,.T.);
#1732=FACE_BOUND('',#1618,.T.);
#1733=FACE_BOUND('',#1619,.T.);
#1734=PLANE('',#1918);
#1735=PLANE('',#1921);
#1736=PLANE('',#1922);
#1737=PLANE('',#1927);
#1738=PLANE('',#1934);
#1739=PLANE('',#1935);
#1740=PLANE('',#1939);
#1741=PLANE('',#1940);
#1742=PLANE('',#1945);
#1743=PLANE('',#1952);
#1744=PLANE('',#1958);
#1745=PLANE('',#1960);
#1746=PLANE('',#1966);
#1747=PLANE('',#1967);
#1748=PLANE('',#1969);
#1749=PLANE('',#1971);
#1750=PLANE('',#1972);
#1751=PLANE('',#1975);
#1752=PLANE('',#1980);
#1753=PLANE('',#1981);
#1754=PLANE('',#1982);
#1755=PLANE('',#1983);
#1756=PLANE('',#1984);
#1757=PLANE('',#1985);
#1758=PLANE('',#1986);
#1759=PLANE('',#1987);
#1760=PLANE('',#1988);
#1761=PLANE('',#1989);
#1762=PLANE('',#1990);
#1763=PLANE('',#1991);
#1764=PLANE('',#1992);
#1765=PLANE('',#1993);
#1766=PLANE('',#1994);
#1767=PLANE('',#1996);
#1768=PLANE('',#1997);
#1769=PLANE('',#1998);
#1770=PLANE('',#1999);
#1771=PLANE('',#2000);
#1772=PLANE('',#2001);
#1773=PLANE('',#2002);
#1774=PLANE('',#2006);
#1775=PLANE('',#2034);
#1776=PLANE('',#2035);
#1777=PLANE('',#2038);
#1778=PLANE('',#2039);
#1779=PLANE('',#2042);
#1780=PLANE('',#2043);
#1781=PLANE('',#2046);
#1782=PLANE('',#2047);
#1783=PLANE('',#2049);
#1784=PLANE('',#2051);
#1785=PLANE('',#2052);
#1786=PLANE('',#2053);
#1787=PLANE('',#2054);
#1788=PLANE('',#2055);
#1789=PLANE('',#2057);
#1790=PLANE('',#2059);
#1791=PLANE('',#2060);
#1792=PLANE('',#2063);
#1793=PLANE('',#2066);
#1794=PLANE('',#2068);
#1795=PLANE('',#2087);
#1796=PLANE('',#2088);
#1797=PLANE('',#2089);
#1798=ADVANCED_FACE('',(#1620),#1734,.F.);
#1799=ADVANCED_FACE('',(#1621),#1735,.T.);
#1800=ADVANCED_FACE('',(#1622),#1736,.F.);
#1801=ADVANCED_FACE('',(#1623),#24,.T.);
#1802=ADVANCED_FACE('',(#1624,#1625),#1737,.F.);
#1803=ADVANCED_FACE('',(#1626),#1738,.F.);
#1804=ADVANCED_FACE('',(#1627),#1739,.T.);
#1805=ADVANCED_FACE('',(#1628),#1740,.F.);
#1806=ADVANCED_FACE('',(#1629),#1741,.T.);
#1807=ADVANCED_FACE('',(#1630),#1742,.T.);
#1808=ADVANCED_FACE('',(#1631,#1632),#1743,.T.);
#1809=ADVANCED_FACE('',(#1633),#1744,.F.);
#1810=ADVANCED_FACE('',(#1634,#1635),#1745,.T.);
#1811=ADVANCED_FACE('',(#1636),#1746,.T.);
#1812=ADVANCED_FACE('',(#1637),#1747,.T.);
#1813=ADVANCED_FACE('',(#1638),#1748,.T.);
#1814=ADVANCED_FACE('',(#1639),#1749,.F.);
#1815=ADVANCED_FACE('',(#1640),#1750,.F.);
#1816=ADVANCED_FACE('',(#1641),#1751,.T.);
#1817=ADVANCED_FACE('',(#1642),#25,.F.);
#1818=ADVANCED_FACE('',(#1643),#26,.F.);
#1819=ADVANCED_FACE('',(#1644),#1752,.F.);
#1820=ADVANCED_FACE('',(#1645),#1753,.F.);
#1821=ADVANCED_FACE('',(#1646),#1754,.T.);
#1822=ADVANCED_FACE('',(#1647),#1755,.T.);
#1823=ADVANCED_FACE('',(#1648),#1756,.T.);
#1824=ADVANCED_FACE('',(#1649),#1757,.F.);
#1825=ADVANCED_FACE('',(#1650),#1758,.T.);
#1826=ADVANCED_FACE('',(#1651),#1759,.F.);
#1827=ADVANCED_FACE('',(#1652),#1760,.T.);
#1828=ADVANCED_FACE('',(#1653),#1761,.T.);
#1829=ADVANCED_FACE('',(#1654),#1762,.T.);
#1830=ADVANCED_FACE('',(#1655),#1763,.T.);
#1831=ADVANCED_FACE('',(#1656),#1764,.T.);
#1832=ADVANCED_FACE('',(#1657),#1765,.T.);
#1833=ADVANCED_FACE('',(#1658,#1659),#1766,.T.);
#1834=ADVANCED_FACE('',(#1660),#1767,.F.);
#1835=ADVANCED_FACE('',(#1661),#1768,.F.);
#1836=ADVANCED_FACE('',(#1662),#1769,.F.);
#1837=ADVANCED_FACE('',(#1663),#1770,.F.);
#1838=ADVANCED_FACE('',(#1664),#1771,.F.);
#1839=ADVANCED_FACE('',(#1665),#1772,.F.);
#1840=ADVANCED_FACE('',(#1666,#1667),#1773,.T.);
#1841=ADVANCED_FACE('',(#1668),#27,.T.);
#1842=ADVANCED_FACE('',(#1669),#1774,.T.);
#1843=ADVANCED_FACE('',(#1670,#1671),#28,.F.);
#1844=ADVANCED_FACE('',(#1672,#1673),#29,.F.);
#1845=ADVANCED_FACE('',(#1674),#30,.F.);
#1846=ADVANCED_FACE('',(#1675),#31,.F.);
#1847=ADVANCED_FACE('',(#1676),#32,.F.);
#1848=ADVANCED_FACE('',(#1677),#33,.F.);
#1849=ADVANCED_FACE('',(#1678),#34,.F.);
#1850=ADVANCED_FACE('',(#1679),#35,.F.);
#1851=ADVANCED_FACE('',(#1680),#36,.T.);
#1852=ADVANCED_FACE('',(#1681),#37,.T.);
#1853=ADVANCED_FACE('',(#1682),#38,.F.);
#1854=ADVANCED_FACE('',(#1683),#39,.F.);
#1855=ADVANCED_FACE('',(#1684),#40,.F.);
#1856=ADVANCED_FACE('',(#1685),#41,.T.);
#1857=ADVANCED_FACE('',(#1686),#42,.T.);
#1858=ADVANCED_FACE('',(#1687),#17,.F.);
#1859=ADVANCED_FACE('',(#1688),#1775,.F.);
#1860=ADVANCED_FACE('',(#1689),#1776,.T.);
#1861=ADVANCED_FACE('',(#1690),#18,.F.);
#1862=ADVANCED_FACE('',(#1691),#19,.T.);
#1863=ADVANCED_FACE('',(#1692),#1777,.F.);
#1864=ADVANCED_FACE('',(#1693),#1778,.F.);
#1865=ADVANCED_FACE('',(#1694),#20,.T.);
#1866=ADVANCED_FACE('',(#1695),#21,.T.);
#1867=ADVANCED_FACE('',(#1696),#1779,.T.);
#1868=ADVANCED_FACE('',(#1697),#1780,.T.);
#1869=ADVANCED_FACE('',(#1698),#1781,.T.);
#1870=ADVANCED_FACE('',(#1699),#1782,.T.);
#1871=ADVANCED_FACE('',(#1700),#1783,.T.);
#1872=ADVANCED_FACE('',(#1701),#1784,.T.);
#1873=ADVANCED_FACE('',(#1702),#1785,.T.);
#1874=ADVANCED_FACE('',(#1703),#1786,.F.);
#1875=ADVANCED_FACE('',(#1704),#1787,.F.);
#1876=ADVANCED_FACE('',(#1705),#1788,.F.);
#1877=ADVANCED_FACE('',(#1706),#1789,.F.);
#1878=ADVANCED_FACE('',(#1707),#1790,.F.);
#1879=ADVANCED_FACE('',(#1708),#1791,.F.);
#1880=ADVANCED_FACE('',(#1709),#1792,.T.);
#1881=ADVANCED_FACE('',(#1710),#22,.F.);
#1882=ADVANCED_FACE('',(#1711),#1793,.T.);
#1883=ADVANCED_FACE('',(#1712),#23,.F.);
#1884=ADVANCED_FACE('',(#1713),#16,.T.);
#1885=ADVANCED_FACE('',(#1714),#1794,.F.);
#1886=ADVANCED_FACE('',(#1715),#43,.F.);
#1887=ADVANCED_FACE('',(#1716),#14,.T.);
#1888=ADVANCED_FACE('',(#1717),#44,.T.);
#1889=ADVANCED_FACE('',(#1718),#45,.T.);
#1890=ADVANCED_FACE('',(#1719),#46,.T.);
#1891=ADVANCED_FACE('',(#1720),#15,.T.);
#1892=ADVANCED_FACE('',(#1721),#12,.T.);
#1893=ADVANCED_FACE('',(#1722),#47,.T.);
#1894=ADVANCED_FACE('',(#1723),#48,.T.);
#1895=ADVANCED_FACE('',(#1724),#13,.T.);
#1896=ADVANCED_FACE('',(#1725),#49,.T.);
#1897=ADVANCED_FACE('',(#1726),#1795,.F.);
#1898=ADVANCED_FACE('',(#1727),#1796,.F.);
#1899=ADVANCED_FACE('',(#1728),#1797,.T.);
#1900=ADVANCED_FACE('',(#1729),#50,.F.);
#1901=ADVANCED_FACE('',(#1730),#51,.F.);
#1902=ADVANCED_FACE('',(#1731),#52,.F.);
#1903=ADVANCED_FACE('',(#1732),#53,.T.);
#1904=ADVANCED_FACE('',(#1733),#54,.T.);
#1905=CLOSED_SHELL('',(#1798,#1799,#1800,#1801,#1802,#1803,#1804,#1805,
#1806,#1807,#1808,#1809,#1810,#1811,#1812,#1813,#1814,#1815,#1816,#1817,
#1818,#1819,#1820,#1821,#1822,#1823,#1824,#1825,#1826,#1827,#1828,#1829,
#1830,#1831,#1832,#1833,#1834,#1835,#1836,#1837,#1838,#1839,#1840,#1841,
#1842,#1843,#1844,#1845,#1846,#1847,#1848,#1849,#1850,#1851,#1852,#1853,
#1854,#1855,#1856,#1857,#1858,#1859,#1860,#1861,#1862,#1863,#1864,#1865,
#1866,#1867,#1868,#1869,#1870,#1871,#1872,#1873,#1874,#1875,#1876,#1877,
#1878,#1879,#1880,#1881,#1882,#1883,#1884,#1885,#1886,#1887,#1888,#1889,
#1890,#1891,#1892,#1893,#1894,#1895,#1896,#1897,#1898,#1899,#1900,#1901,
#1902,#1903,#1904));
#1906=STYLED_ITEM('',(#1907),#1914);
#1907=PRESENTATION_STYLE_ASSIGNMENT((#1908));
#1908=SURFACE_STYLE_USAGE(.BOTH.,#1909);
#1909=SURFACE_SIDE_STYLE('',(#1910));
#1910=SURFACE_STYLE_FILL_AREA(#1911);
#1911=FILL_AREA_STYLE('',(#1912));
#1912=FILL_AREA_STYLE_COLOUR('',#1913);
#1913=COLOUR_RGB('',0.615686274509804,0.811764705882353,0.929411764705882);
#1914=MANIFOLD_SOLID_BREP('Part 1',#1905);
#1915=SHAPE_DEFINITION_REPRESENTATION(#3315,#1916);
#1916=SHAPE_REPRESENTATION('Part 1',(#1917),#3310);
#1917=AXIS2_PLACEMENT_3D('',#2641,#2095,#2096);
#1918=AXIS2_PLACEMENT_3D('',#2642,#2097,#2098);
#1919=AXIS2_PLACEMENT_3D('',#2646,#2100,#2101);
#1920=AXIS2_PLACEMENT_3D('',#2658,#2107,#2108);
#1921=AXIS2_PLACEMENT_3D('',#2659,#2109,#2110);
#1922=AXIS2_PLACEMENT_3D('',#2668,#2115,#2116);
#1923=AXIS2_PLACEMENT_3D('',#2672,#2118,#2119);
#1924=AXIS2_PLACEMENT_3D('',#2680,#2121,#2122);
#1925=AXIS2_PLACEMENT_3D('',#2681,#2123,#2124);
#1926=AXIS2_PLACEMENT_3D('',#2685,#2126,#2127);
#1927=AXIS2_PLACEMENT_3D('',#2686,#2128,#2129);
#1928=AXIS2_PLACEMENT_3D('',#2687,#2130,#2131);
#1929=AXIS2_PLACEMENT_3D('',#2691,#2133,#2134);
#1930=AXIS2_PLACEMENT_3D('',#2720,#2149,#2150);
#1931=AXIS2_PLACEMENT_3D('',#2724,#2152,#2153);
#1932=AXIS2_PLACEMENT_3D('',#2728,#2155,#2156);
#1933=AXIS2_PLACEMENT_3D('',#2732,#2158,#2159);
#1934=AXIS2_PLACEMENT_3D('',#2755,#2164,#2165);
#1935=AXIS2_PLACEMENT_3D('',#2762,#2169,#2170);
#1936=AXIS2_PLACEMENT_3D('',#2763,#2171,#2172);
#1937=AXIS2_PLACEMENT_3D('',#2768,#2174,#2175);
#1938=AXIS2_PLACEMENT_3D('',#2774,#2178,#2179);
#1939=AXIS2_PLACEMENT_3D('',#2779,#2182,#2183);
#1940=AXIS2_PLACEMENT_3D('',#2786,#2187,#2188);
#1941=AXIS2_PLACEMENT_3D('',#2790,#2190,#2191);
#1942=AXIS2_PLACEMENT_3D('',#2796,#2194,#2195);
#1943=AXIS2_PLACEMENT_3D('',#2797,#2196,#2197);
#1944=AXIS2_PLACEMENT_3D('',#2803,#2200,#2201);
#1945=AXIS2_PLACEMENT_3D('',#2804,#2202,#2203);
#1946=AXIS2_PLACEMENT_3D('',#2808,#2205,#2206);
#1947=AXIS2_PLACEMENT_3D('',#2809,#2207,#2208);
#1948=AXIS2_PLACEMENT_3D('',#2813,#2210,#2211);
#1949=AXIS2_PLACEMENT_3D('',#2817,#2213,#2214);
#1950=AXIS2_PLACEMENT_3D('',#2821,#2216,#2217);
#1951=AXIS2_PLACEMENT_3D('',#2830,#2222,#2223);
#1952=AXIS2_PLACEMENT_3D('',#2831,#2224,#2225);
#1953=AXIS2_PLACEMENT_3D('',#2832,#2226,#2227);
#1954=AXIS2_PLACEMENT_3D('',#2837,#2229,#2230);
#1955=AXIS2_PLACEMENT_3D('',#2838,#2231,#2232);
#1956=AXIS2_PLACEMENT_3D('',#2846,#2236,#2237);
#1957=AXIS2_PLACEMENT_3D('',#2850,#2239,#2240);
#1958=AXIS2_PLACEMENT_3D('',#2855,#2243,#2244);
#1959=AXIS2_PLACEMENT_3D('',#2864,#2249,#2250);
#1960=AXIS2_PLACEMENT_3D('',#2865,#2251,#2252);
#1961=AXIS2_PLACEMENT_3D('',#2866,#2253,#2254);
#1962=AXIS2_PLACEMENT_3D('',#2871,#2256,#2257);
#1963=AXIS2_PLACEMENT_3D('',#2879,#2261,#2262);
#1964=AXIS2_PLACEMENT_3D('',#2883,#2264,#2265);
#1965=AXIS2_PLACEMENT_3D('',#2888,#2268,#2269);
#1966=AXIS2_PLACEMENT_3D('',#2889,#2270,#2271);
#1967=AXIS2_PLACEMENT_3D('',#2895,#2275,#2276);
#1968=AXIS2_PLACEMENT_3D('',#2900,#2279,#2280);
#1969=AXIS2_PLACEMENT_3D('',#2902,#2282,#2283);
#1970=AXIS2_PLACEMENT_3D('',#2908,#2287,#2288);
#1971=AXIS2_PLACEMENT_3D('',#2909,#2289,#2290);
#1972=AXIS2_PLACEMENT_3D('',#2915,#2294,#2295);
#1973=AXIS2_PLACEMENT_3D('',#2919,#2298,#2299);
#1974=AXIS2_PLACEMENT_3D('',#2922,#2302,#2303);
#1975=AXIS2_PLACEMENT_3D('',#2923,#2304,#2305);
#1976=AXIS2_PLACEMENT_3D('',#2927,#2307,#2308);
#1977=AXIS2_PLACEMENT_3D('',#2931,#2310,#2311);
#1978=AXIS2_PLACEMENT_3D('',#2935,#2314,#2315);
#1979=AXIS2_PLACEMENT_3D('',#2936,#2316,#2317);
#1980=AXIS2_PLACEMENT_3D('',#2937,#2318,#2319);
#1981=AXIS2_PLACEMENT_3D('',#2940,#2322,#2323);
#1982=AXIS2_PLACEMENT_3D('',#2943,#2326,#2327);
#1983=AXIS2_PLACEMENT_3D('',#2946,#2330,#2331);
#1984=AXIS2_PLACEMENT_3D('',#2952,#2335,#2336);
#1985=AXIS2_PLACEMENT_3D('',#2958,#2340,#2341);
#1986=AXIS2_PLACEMENT_3D('',#2965,#2346,#2347);
#1987=AXIS2_PLACEMENT_3D('',#2974,#2353,#2354);
#1988=AXIS2_PLACEMENT_3D('',#2978,#2357,#2358);
#1989=AXIS2_PLACEMENT_3D('',#2987,#2363,#2364);
#1990=AXIS2_PLACEMENT_3D('',#2993,#2368,#2369);
#1991=AXIS2_PLACEMENT_3D('',#2999,#2373,#2374);
#1992=AXIS2_PLACEMENT_3D('',#3005,#2378,#2379);
#1993=AXIS2_PLACEMENT_3D('',#3011,#2383,#2384);
#1994=AXIS2_PLACEMENT_3D('',#3014,#2387,#2388);
#1995=AXIS2_PLACEMENT_3D('',#3015,#2389,#2390);
#1996=AXIS2_PLACEMENT_3D('',#3017,#2391,#2392);
#1997=AXIS2_PLACEMENT_3D('',#3026,#2397,#2398);
#1998=AXIS2_PLACEMENT_3D('',#3032,#2402,#2403);
#1999=AXIS2_PLACEMENT_3D('',#3038,#2407,#2408);
#2000=AXIS2_PLACEMENT_3D('',#3044,#2412,#2413);
#2001=AXIS2_PLACEMENT_3D('',#3050,#2417,#2418);
#2002=AXIS2_PLACEMENT_3D('',#3053,#2421,#2422);
#2003=AXIS2_PLACEMENT_3D('',#3054,#2423,#2424);
#2004=AXIS2_PLACEMENT_3D('',#3056,#2425,#2426);
#2005=AXIS2_PLACEMENT_3D('',#3057,#2427,#2428);
#2006=AXIS2_PLACEMENT_3D('',#3058,#2429,#2430);
#2007=AXIS2_PLACEMENT_3D('',#3059,#2431,#2432);
#2008=AXIS2_PLACEMENT_3D('',#3064,#2434,#2435);
#2009=AXIS2_PLACEMENT_3D('',#3068,#2437,#2438);
#2010=AXIS2_PLACEMENT_3D('',#3071,#2440,#2441);
#2011=AXIS2_PLACEMENT_3D('',#3072,#2442,#2443);
#2012=AXIS2_PLACEMENT_3D('',#3073,#2444,#2445);
#2013=AXIS2_PLACEMENT_3D('',#3074,#2446,#2447);
#2014=AXIS2_PLACEMENT_3D('',#3075,#2448,#2449);
#2015=AXIS2_PLACEMENT_3D('',#3076,#2450,#2451);
#2016=AXIS2_PLACEMENT_3D('',#3077,#2452,#2453);
#2017=AXIS2_PLACEMENT_3D('',#3078,#2454,#2455);
#2018=AXIS2_PLACEMENT_3D('',#3079,#2456,#2457);
#2019=AXIS2_PLACEMENT_3D('',#3080,#2458,#2459);
#2020=AXIS2_PLACEMENT_3D('',#3081,#2460,#2461);
#2021=AXIS2_PLACEMENT_3D('',#3088,#2462,#2463);
#2022=AXIS2_PLACEMENT_3D('',#3094,#2464,#2465);
#2023=AXIS2_PLACEMENT_3D('',#3095,#2466,#2467);
#2024=AXIS2_PLACEMENT_3D('',#3096,#2468,#2469);
#2025=AXIS2_PLACEMENT_3D('',#3097,#2470,#2471);
#2026=AXIS2_PLACEMENT_3D('',#3098,#2472,#2473);
#2027=AXIS2_PLACEMENT_3D('',#3099,#2474,#2475);
#2028=AXIS2_PLACEMENT_3D('',#3100,#2476,#2477);
#2029=AXIS2_PLACEMENT_3D('',#3101,#2478,#2479);
#2030=AXIS2_PLACEMENT_3D('',#3102,#2480,#2481);
#2031=AXIS2_PLACEMENT_3D('',#3103,#2482,#2483);
#2032=AXIS2_PLACEMENT_3D('',#3104,#2484,#2485);
#2033=AXIS2_PLACEMENT_3D('',#3105,#2486,#2487);
#2034=AXIS2_PLACEMENT_3D('',#3114,#2489,#2490);
#2035=AXIS2_PLACEMENT_3D('',#3115,#2491,#2492);
#2036=AXIS2_PLACEMENT_3D('',#3117,#2494,#2495);
#2037=AXIS2_PLACEMENT_3D('',#3125,#2496,#2497);
#2038=AXIS2_PLACEMENT_3D('',#3128,#2500,#2501);
#2039=AXIS2_PLACEMENT_3D('',#3130,#2503,#2504);
#2040=AXIS2_PLACEMENT_3D('',#3135,#2505,#2506);
#2041=AXIS2_PLACEMENT_3D('',#3137,#2508,#2509);
#2042=AXIS2_PLACEMENT_3D('',#3142,#2510,#2511);
#2043=AXIS2_PLACEMENT_3D('',#3143,#2512,#2513);
#2044=AXIS2_PLACEMENT_3D('',#3144,#2514,#2515);
#2045=AXIS2_PLACEMENT_3D('',#3149,#2518,#2519);
#2046=AXIS2_PLACEMENT_3D('',#3150,#2520,#2521);
#2047=AXIS2_PLACEMENT_3D('',#3154,#2524,#2525);
#2048=AXIS2_PLACEMENT_3D('',#3155,#2526,#2527);
#2049=AXIS2_PLACEMENT_3D('',#3157,#2529,#2530);
#2050=AXIS2_PLACEMENT_3D('',#3158,#2531,#2532);
#2051=AXIS2_PLACEMENT_3D('',#3160,#2534,#2535);
#2052=AXIS2_PLACEMENT_3D('',#3162,#2537,#2538);
#2053=AXIS2_PLACEMENT_3D('',#3163,#2539,#2540);
#2054=AXIS2_PLACEMENT_3D('',#3166,#2543,#2544);
#2055=AXIS2_PLACEMENT_3D('',#3168,#2546,#2547);
#2056=AXIS2_PLACEMENT_3D('',#3171,#2549,#2550);
#2057=AXIS2_PLACEMENT_3D('',#3172,#2551,#2552);
#2058=AXIS2_PLACEMENT_3D('',#3173,#2553,#2554);
#2059=AXIS2_PLACEMENT_3D('',#3176,#2556,#2557);
#2060=AXIS2_PLACEMENT_3D('',#3180,#2560,#2561);
#2061=AXIS2_PLACEMENT_3D('',#3181,#2562,#2563);
#2062=AXIS2_PLACEMENT_3D('',#3182,#2564,#2565);
#2063=AXIS2_PLACEMENT_3D('',#3183,#2566,#2567);
#2064=AXIS2_PLACEMENT_3D('',#3186,#2569,#2570);
#2065=AXIS2_PLACEMENT_3D('',#3188,#2572,#2573);
#2066=AXIS2_PLACEMENT_3D('',#3190,#2575,#2576);
#2067=AXIS2_PLACEMENT_3D('',#3192,#2578,#2579);
#2068=AXIS2_PLACEMENT_3D('',#3222,#2581,#2582);
#2069=AXIS2_PLACEMENT_3D('',#3223,#2583,#2584);
#2070=AXIS2_PLACEMENT_3D('',#3251,#2585,#2586);
#2071=AXIS2_PLACEMENT_3D('',#3252,#2587,#2588);
#2072=AXIS2_PLACEMENT_3D('',#3253,#2589,#2590);
#2073=AXIS2_PLACEMENT_3D('',#3254,#2591,#2592);
#2074=AXIS2_PLACEMENT_3D('',#3255,#2593,#2594);
#2075=AXIS2_PLACEMENT_3D('',#3256,#2595,#2596);
#2076=AXIS2_PLACEMENT_3D('',#3257,#2597,#2598);
#2077=AXIS2_PLACEMENT_3D('',#3258,#2599,#2600);
#2078=AXIS2_PLACEMENT_3D('',#3286,#2601,#2602);
#2079=AXIS2_PLACEMENT_3D('',#3287,#2603,#2604);
#2080=AXIS2_PLACEMENT_3D('',#3288,#2605,#2606);
#2081=AXIS2_PLACEMENT_3D('',#3289,#2607,#2608);
#2082=AXIS2_PLACEMENT_3D('',#3290,#2609,#2610);
#2083=AXIS2_PLACEMENT_3D('',#3291,#2611,#2612);
#2084=AXIS2_PLACEMENT_3D('',#3292,#2613,#2614);
#2085=AXIS2_PLACEMENT_3D('',#3293,#2615,#2616);
#2086=AXIS2_PLACEMENT_3D('',#3294,#2617,#2618);
#2087=AXIS2_PLACEMENT_3D('',#3295,#2619,#2620);
#2088=AXIS2_PLACEMENT_3D('',#3298,#2623,#2624);
#2089=AXIS2_PLACEMENT_3D('',#3301,#2627,#2628);
#2090=AXIS2_PLACEMENT_3D('',#3304,#2631,#2632);
#2091=AXIS2_PLACEMENT_3D('',#3305,#2633,#2634);
#2092=AXIS2_PLACEMENT_3D('',#3306,#2635,#2636);
#2093=AXIS2_PLACEMENT_3D('',#3307,#2637,#2638);
#2094=AXIS2_PLACEMENT_3D('',#3308,#2639,#2640);
#2095=DIRECTION('',(0.,0.,1.));
#2096=DIRECTION('',(1.,0.,0.));
#2097=DIRECTION('',(1.,0.,0.));
#2098=DIRECTION('',(0.,-1.,0.));
#2099=DIRECTION('',(0.,0.,-1.));
#2100=DIRECTION('',(1.,0.,0.));
#2101=DIRECTION('',(0.,-1.,0.));
#2102=DIRECTION('',(0.,0.,1.));
#2103=DIRECTION('',(0.,-1.,0.));
#2104=DIRECTION('',(0.,0.,1.));
#2105=DIRECTION('',(0.,-1.,0.));
#2106=DIRECTION('',(0.,0.,1.));
#2107=DIRECTION('',(1.,0.,0.));
#2108=DIRECTION('',(0.,-1.,0.));
#2109=DIRECTION('',(0.,0.,1.));
#2110=DIRECTION('',(0.,-1.,0.));
#2111=DIRECTION('',(1.,0.,0.));
#2112=DIRECTION('',(0.,-1.,0.));
#2113=DIRECTION('',(1.,0.,0.));
#2114=DIRECTION('',(0.,1.,0.));
#2115=DIRECTION('',(0.,-0.5,-0.866025403784439));
#2116=DIRECTION('',(-1.,0.,0.));
#2117=DIRECTION('',(1.,0.,0.));
#2118=DIRECTION('',(0.,-0.5,-0.866025403784439));
#2119=DIRECTION('',(0.,-0.866025403784439,0.5));
#2120=DIRECTION('',(-1.,0.,0.));
#2121=DIRECTION('',(0.,0.,1.));
#2122=DIRECTION('',(0.,-1.,0.));
#2123=DIRECTION('',(0.,0.,1.));
#2124=DIRECTION('',(0.,-1.,0.));
#2125=DIRECTION('',(0.,0.,1.));
#2126=DIRECTION('',(-0.496138938356834,0.,-0.868243142124459));
#2127=DIRECTION('',(-0.868243142124459,0.,0.496138938356834));
#2128=DIRECTION('',(0.,1.,0.));
#2129=DIRECTION('',(1.,0.,0.));
#2130=DIRECTION('',(0.,1.,0.));
#2131=DIRECTION('',(1.,0.,0.));
#2132=DIRECTION('',(0.,0.,-1.));
#2133=DIRECTION('',(0.,1.,0.));
#2134=DIRECTION('',(1.,0.,0.));
#2135=DIRECTION('',(-1.,0.,0.));
#2136=DIRECTION('',(0.,0.,1.));
#2137=DIRECTION('',(0.5,0.,0.866025403784436));
#2138=DIRECTION('',(1.,0.,-5.65577260701048E-15));
#2139=DIRECTION('',(0.5,0.,-0.866025403784441));
#2140=DIRECTION('',(-0.5,0.,-0.866025403784436));
#2141=DIRECTION('',(1.,0.,0.));
#2142=DIRECTION('',(-0.500000000000006,0.,0.866025403784435));
#2143=DIRECTION('',(0.5,0.,0.866025403784441));
#2144=DIRECTION('',(1.,0.,5.6557726070105E-15));
#2145=DIRECTION('',(0.5,0.,-0.866025403784436));
#2146=DIRECTION('',(0.,0.,1.));
#2147=DIRECTION('',(1.,0.,0.));
#2148=DIRECTION('',(-1.,0.,0.));
#2149=DIRECTION('',(0.,1.,0.));
#2150=DIRECTION('',(1.,0.,0.));
#2151=DIRECTION('',(0.,0.,1.));
#2152=DIRECTION('',(0.,1.,0.));
#2153=DIRECTION('',(1.,0.,0.));
#2154=DIRECTION('',(1.,0.,0.));
#2155=DIRECTION('',(0.,1.,0.));
#2156=DIRECTION('',(1.,0.,0.));
#2157=DIRECTION('',(0.,0.,1.));
#2158=DIRECTION('',(0.,1.,0.));
#2159=DIRECTION('',(1.,0.,0.));
#2160=DIRECTION('',(1.,0.,0.));
#2161=DIRECTION('',(0.,0.,-1.));
#2162=DIRECTION('',(-1.,0.,0.));
#2163=DIRECTION('',(0.,0.,-1.));
#2164=DIRECTION('',(0.,1.,0.));
#2165=DIRECTION('',(1.,0.,0.));
#2166=DIRECTION('',(-0.5,0.,0.866025403784441));
#2167=DIRECTION('',(0.,0.,1.));
#2168=DIRECTION('',(1.,0.,0.));
#2169=DIRECTION('',(0.,0.,1.));
#2170=DIRECTION('',(0.,-1.,0.));
#2171=DIRECTION('',(0.,0.,1.));
#2172=DIRECTION('',(0.,-1.,0.));
#2173=DIRECTION('',(1.,0.,0.));
#2174=DIRECTION('',(0.,0.,1.));
#2175=DIRECTION('',(0.,-1.,0.));
#2176=DIRECTION('',(0.,-1.,0.));
#2177=DIRECTION('',(0.447213595499958,0.894427190999916,0.));
#2178=DIRECTION('',(0.,0.,1.));
#2179=DIRECTION('',(0.,-1.,0.));
#2180=DIRECTION('',(-0.447213595499958,0.894427190999916,0.));
#2181=DIRECTION('',(0.,1.,0.));
#2182=DIRECTION('',(0.,1.,0.));
#2183=DIRECTION('',(1.,0.,0.));
#2184=DIRECTION('',(1.,0.,0.));
#2185=DIRECTION('',(0.,0.,1.));
#2186=DIRECTION('',(-0.5,0.,-0.866025403784441));
#2187=DIRECTION('',(0.,0.,-1.));
#2188=DIRECTION('',(0.,1.,0.));
#2189=DIRECTION('',(-1.,0.,0.));
#2190=DIRECTION('',(0.,0.,-1.));
#2191=DIRECTION('',(0.,1.,0.));
#2192=DIRECTION('',(-0.447213595499958,-0.894427190999916,0.));
#2193=DIRECTION('',(0.,1.,0.));
#2194=DIRECTION('',(0.,0.,-1.));
#2195=DIRECTION('',(0.,1.,0.));
#2196=DIRECTION('',(0.,0.,-1.));
#2197=DIRECTION('',(0.,1.,0.));
#2198=DIRECTION('',(0.,1.,0.));
#2199=DIRECTION('',(0.447213595499958,-0.894427190999916,0.));
#2200=DIRECTION('',(0.,0.,-1.));
#2201=DIRECTION('',(0.,1.,0.));
#2202=DIRECTION('',(0.,1.,0.));
#2203=DIRECTION('',(1.,0.,0.));
#2204=DIRECTION('',(0.,0.,1.));
#2205=DIRECTION('',(0.,1.,0.));
#2206=DIRECTION('',(1.,0.,0.));
#2207=DIRECTION('',(0.,1.,0.));
#2208=DIRECTION('',(1.,0.,0.));
#2209=DIRECTION('',(0.,0.,1.));
#2210=DIRECTION('',(0.,1.,0.));
#2211=DIRECTION('',(1.,0.,0.));
#2212=DIRECTION('',(1.,0.,0.));
#2213=DIRECTION('',(0.,1.,0.));
#2214=DIRECTION('',(1.,0.,0.));
#2215=DIRECTION('',(0.,0.,1.));
#2216=DIRECTION('',(0.,1.,0.));
#2217=DIRECTION('',(1.,0.,0.));
#2218=DIRECTION('',(1.,0.,0.));
#2219=DIRECTION('',(0.,0.,1.));
#2220=DIRECTION('',(1.,0.,0.));
#2221=DIRECTION('',(0.,0.,-1.));
#2222=DIRECTION('',(0.,1.,0.));
#2223=DIRECTION('',(1.,0.,0.));
#2224=DIRECTION('',(0.,1.,0.));
#2225=DIRECTION('',(1.,0.,0.));
#2226=DIRECTION('',(0.,1.,0.));
#2227=DIRECTION('',(1.,0.,0.));
#2228=DIRECTION('',(1.,0.,0.));
#2229=DIRECTION('',(0.,1.,0.));
#2230=DIRECTION('',(1.,0.,0.));
#2231=DIRECTION('',(0.,1.,0.));
#2232=DIRECTION('',(1.,0.,0.));
#2233=DIRECTION('',(1.,0.,0.));
#2234=DIRECTION('',(0.,0.,1.));
#2235=DIRECTION('',(-1.,0.,0.));
#2236=DIRECTION('',(0.,1.,0.));
#2237=DIRECTION('',(1.,0.,0.));
#2238=DIRECTION('',(0.,0.,-1.));
#2239=DIRECTION('',(0.,1.,0.));
#2240=DIRECTION('',(1.,0.,0.));
#2241=DIRECTION('',(-1.,0.,0.));
#2242=DIRECTION('',(0.,0.,1.));
#2243=DIRECTION('',(0.,0.,-1.));
#2244=DIRECTION('',(0.,1.,0.));
#2245=DIRECTION('',(0.,-1.,0.));
#2246=DIRECTION('',(1.,0.,0.));
#2247=DIRECTION('',(0.,-1.,0.));
#2248=DIRECTION('',(1.,0.,0.));
#2249=DIRECTION('',(0.,0.,1.));
#2250=DIRECTION('',(0.,-1.,0.));
#2251=DIRECTION('',(0.,1.,0.));
#2252=DIRECTION('',(1.,0.,0.));
#2253=DIRECTION('',(0.,1.,0.));
#2254=DIRECTION('',(1.,0.,0.));
#2255=DIRECTION('',(0.,0.,1.));
#2256=DIRECTION('',(0.,1.,0.));
#2257=DIRECTION('',(1.,0.,0.));
#2258=DIRECTION('',(1.,0.,0.));
#2259=DIRECTION('',(0.,0.,1.));
#2260=DIRECTION('',(-1.,0.,0.));
#2261=DIRECTION('',(0.,1.,0.));
#2262=DIRECTION('',(1.,0.,0.));
#2263=DIRECTION('',(0.,0.,-1.));
#2264=DIRECTION('',(0.,1.,0.));
#2265=DIRECTION('',(1.,0.,0.));
#2266=DIRECTION('',(-1.,0.,0.));
#2267=DIRECTION('',(0.,0.,1.));
#2268=DIRECTION('',(0.,1.,0.));
#2269=DIRECTION('',(1.,0.,0.));
#2270=DIRECTION('',(1.,0.,0.));
#2271=DIRECTION('',(0.,-1.,0.));
#2272=DIRECTION('',(0.,0.,1.));
#2273=DIRECTION('',(0.,-1.,0.));
#2274=DIRECTION('',(0.,-1.,0.));
#2275=DIRECTION('',(0.,0.,-1.));
#2276=DIRECTION('',(0.,1.,0.));
#2277=DIRECTION('',(1.,0.,0.));
#2278=DIRECTION('',(0.,-1.,0.));
#2279=DIRECTION('',(0.,0.,-1.));
#2280=DIRECTION('',(0.,1.,0.));
#2281=DIRECTION('',(0.,-1.,0.));
#2282=DIRECTION('',(0.,0.,-1.));
#2283=DIRECTION('',(0.,1.,0.));
#2284=DIRECTION('',(0.,1.,0.));
#2285=DIRECTION('',(-1.,0.,0.));
#2286=DIRECTION('',(0.,1.,0.));
#2287=DIRECTION('',(0.,0.,-1.));
#2288=DIRECTION('',(0.,1.,0.));
#2289=DIRECTION('',(1.,0.,0.));
#2290=DIRECTION('',(0.,-1.,0.));
#2291=DIRECTION('',(0.,1.,0.));
#2292=DIRECTION('',(0.,0.,1.));
#2293=DIRECTION('',(0.,1.,0.));
#2294=DIRECTION('',(0.,0.,-1.));
#2295=DIRECTION('',(0.,1.,0.));
#2296=DIRECTION('',(0.,1.,0.));
#2297=DIRECTION('',(-1.,0.,0.));
#2298=DIRECTION('',(0.,0.,-1.));
#2299=DIRECTION('',(0.,1.,0.));
#2300=DIRECTION('',(0.,-1.,0.));
#2301=DIRECTION('',(0.,1.,0.));
#2302=DIRECTION('',(0.,0.,-1.));
#2303=DIRECTION('',(0.,1.,0.));
#2304=DIRECTION('',(1.,0.,0.));
#2305=DIRECTION('',(0.,-1.,0.));
#2306=DIRECTION('',(0.,0.,-1.));
#2307=DIRECTION('',(1.,0.,0.));
#2308=DIRECTION('',(0.,-1.,0.));
#2309=DIRECTION('',(0.,0.,1.));
#2310=DIRECTION('',(1.,0.,0.));
#2311=DIRECTION('',(0.,-1.,0.));
#2312=DIRECTION('',(0.,1.,0.));
#2313=DIRECTION('',(0.,1.,0.));
#2314=DIRECTION('',(0.,0.,1.));
#2315=DIRECTION('',(0.,-1.,0.));
#2316=DIRECTION('',(0.,0.,1.));
#2317=DIRECTION('',(0.,-1.,0.));
#2318=DIRECTION('',(-1.,0.,0.));
#2319=DIRECTION('',(0.,1.,0.));
#2320=DIRECTION('',(0.,1.,0.));
#2321=DIRECTION('',(0.,1.,0.));
#2322=DIRECTION('',(0.,0.,1.));
#2323=DIRECTION('',(0.,-1.,0.));
#2324=DIRECTION('',(0.,1.,0.));
#2325=DIRECTION('',(0.,1.,0.));
#2326=DIRECTION('',(-1.,0.,0.));
#2327=DIRECTION('',(0.,1.,0.));
#2328=DIRECTION('',(0.,1.,0.));
#2329=DIRECTION('',(0.,1.,0.));
#2330=DIRECTION('',(0.,-1.,0.));
#2331=DIRECTION('',(1.,0.,0.));
#2332=DIRECTION('',(0.,0.,-1.));
#2333=DIRECTION('',(-1.,0.,0.));
#2334=DIRECTION('',(0.,0.,1.));
#2335=DIRECTION('',(-1.,0.,0.));
#2336=DIRECTION('',(0.,1.,0.));
#2337=DIRECTION('',(0.,0.,-1.));
#2338=DIRECTION('',(0.,1.,0.));
#2339=DIRECTION('',(0.,0.,-1.));
#2340=DIRECTION('',(0.894427190999916,-0.447213595499958,0.));
#2341=DIRECTION('',(-0.447213595499958,-0.894427190999916,0.));
#2342=DIRECTION('',(0.,0.,1.));
#2343=DIRECTION('',(0.447213595499958,0.894427190999916,0.));
#2344=DIRECTION('',(0.,0.,-1.));
#2345=DIRECTION('',(0.408248290463863,0.816496580927726,0.408248290463863));
#2346=DIRECTION('',(0.894427190999916,0.447213595499958,0.));
#2347=DIRECTION('',(0.447213595499958,-0.894427190999916,0.));
#2348=DIRECTION('',(0.,0.,-1.));
#2349=DIRECTION('',(0.447213595499958,-0.894427190999916,0.));
#2350=DIRECTION('',(0.,0.,-1.));
#2351=DIRECTION('',(0.,0.,-1.));
#2352=DIRECTION('',(-0.408248290463863,0.816496580927726,0.408248290463864));
#2353=DIRECTION('',(-1.,0.,0.));
#2354=DIRECTION('',(0.,1.,0.));
#2355=DIRECTION('',(0.,0.,-1.));
#2356=DIRECTION('',(0.,-1.,0.));
#2357=DIRECTION('',(0.866025403784435,0.,0.500000000000006));
#2358=DIRECTION('',(0.500000000000006,0.,-0.866025403784435));
#2359=DIRECTION('',(0.,-1.,0.));
#2360=DIRECTION('',(0.500000000000006,0.,-0.866025403784435));
#2361=DIRECTION('',(0.,-1.,0.));
#2362=DIRECTION('',(-0.500000000000006,0.,0.866025403784435));
#2363=DIRECTION('',(-5.65577260701048E-15,0.,1.));
#2364=DIRECTION('',(1.,0.,5.65577260701048E-15));
#2365=DIRECTION('',(1.,0.,5.65577260701048E-15));
#2366=DIRECTION('',(0.,-1.,0.));
#2367=DIRECTION('',(-1.,0.,-5.65577260701048E-15));
#2368=DIRECTION('',(-0.866025403784441,0.,0.5));
#2369=DIRECTION('',(0.5,0.,0.866025403784441));
#2370=DIRECTION('',(0.5,0.,0.866025403784441));
#2371=DIRECTION('',(0.,-1.,0.));
#2372=DIRECTION('',(-0.5,0.,-0.866025403784441));
#2373=DIRECTION('',(-0.866025403784436,0.,-0.5));
#2374=DIRECTION('',(-0.5,0.,0.866025403784436));
#2375=DIRECTION('',(-0.5,0.,0.866025403784436));
#2376=DIRECTION('',(0.,-1.,0.));
#2377=DIRECTION('',(0.5,0.,-0.866025403784436));
#2378=DIRECTION('',(5.6557726070105E-15,0.,-1.));
#2379=DIRECTION('',(-1.,0.,-5.6557726070105E-15));
#2380=DIRECTION('',(-1.,0.,-5.6557726070105E-15));
#2381=DIRECTION('',(0.,-1.,0.));
#2382=DIRECTION('',(1.,0.,5.6557726070105E-15));
#2383=DIRECTION('',(0.866025403784441,0.,-0.5));
#2384=DIRECTION('',(-0.5,0.,-0.866025403784441));
#2385=DIRECTION('',(-0.5,0.,-0.866025403784441));
#2386=DIRECTION('',(0.5,0.,0.866025403784441));
#2387=DIRECTION('',(0.,-1.,0.));
#2388=DIRECTION('',(1.,0.,0.));
#2389=DIRECTION('',(0.,1.,0.));
#2390=DIRECTION('',(-1.,0.,0.));
#2391=DIRECTION('',(-0.866025403784441,0.,-0.5));
#2392=DIRECTION('',(-0.5,0.,0.866025403784441));
#2393=DIRECTION('',(0.,-1.,0.));
#2394=DIRECTION('',(0.5,0.,-0.866025403784441));
#2395=DIRECTION('',(0.,-1.,0.));
#2396=DIRECTION('',(0.5,0.,-0.866025403784441));
#2397=DIRECTION('',(-5.65577260701048E-15,0.,-1.));
#2398=DIRECTION('',(-1.,0.,5.65577260701048E-15));
#2399=DIRECTION('',(1.,0.,-5.65577260701048E-15));
#2400=DIRECTION('',(0.,-1.,0.));
#2401=DIRECTION('',(1.,0.,-5.65577260701048E-15));
#2402=DIRECTION('',(0.866025403784436,0.,-0.5));
#2403=DIRECTION('',(-0.5,0.,-0.866025403784436));
#2404=DIRECTION('',(0.5,0.,0.866025403784436));
#2405=DIRECTION('',(0.,-1.,0.));
#2406=DIRECTION('',(0.5,0.,0.866025403784436));
#2407=DIRECTION('',(0.866025403784441,0.,0.5));
#2408=DIRECTION('',(0.5,0.,-0.866025403784441));
#2409=DIRECTION('',(-0.5,0.,0.866025403784441));
#2410=DIRECTION('',(0.,-1.,0.));
#2411=DIRECTION('',(-0.5,0.,0.866025403784441));
#2412=DIRECTION('',(5.65577260701048E-15,0.,1.));
#2413=DIRECTION('',(1.,0.,-5.65577260701048E-15));
#2414=DIRECTION('',(-1.,0.,5.65577260701048E-15));
#2415=DIRECTION('',(0.,-1.,0.));
#2416=DIRECTION('',(-1.,0.,5.65577260701048E-15));
#2417=DIRECTION('',(-0.866025403784436,0.,0.5));
#2418=DIRECTION('',(0.5,0.,0.866025403784436));
#2419=DIRECTION('',(-0.5,0.,-0.866025403784436));
#2420=DIRECTION('',(-0.5,0.,-0.866025403784436));
#2421=DIRECTION('',(0.,-1.,0.));
#2422=DIRECTION('',(1.,0.,0.));
#2423=DIRECTION('',(0.,-1.,0.));
#2424=DIRECTION('',(-1.,0.,0.));
#2425=DIRECTION('',(0.,0.,-1.));
#2426=DIRECTION('',(0.,1.,0.));
#2427=DIRECTION('',(0.,0.,1.));
#2428=DIRECTION('',(0.,-1.,0.));
#2429=DIRECTION('',(0.,0.,1.));
#2430=DIRECTION('',(1.,0.,0.));
#2431=DIRECTION('',(0.,0.,1.));
#2432=DIRECTION('',(0.,-1.,0.));
#2433=DIRECTION('',(-0.447213595499958,-0.894427190999916,0.));
#2434=DIRECTION('',(0.,0.,1.));
#2435=DIRECTION('',(0.,-1.,0.));
#2436=DIRECTION('',(1.,0.,0.));
#2437=DIRECTION('',(0.,0.,1.));
#2438=DIRECTION('',(0.,-1.,0.));
#2439=DIRECTION('',(-0.447213595499958,0.894427190999916,0.));
#2440=DIRECTION('',(0.,-1.,0.));
#2441=DIRECTION('',(-1.,0.,0.));
#2442=DIRECTION('',(0.,-1.,0.));
#2443=DIRECTION('',(-1.,0.,0.));
#2444=DIRECTION('',(0.,0.,-1.));
#2445=DIRECTION('',(0.,1.,0.));
#2446=DIRECTION('',(0.,0.,1.));
#2447=DIRECTION('',(0.,-1.,0.));
#2448=DIRECTION('',(0.,0.,1.));
#2449=DIRECTION('',(0.,-1.,0.));
#2450=DIRECTION('',(0.,0.,1.));
#2451=DIRECTION('',(0.,-1.,0.));
#2452=DIRECTION('',(0.,1.,0.));
#2453=DIRECTION('',(1.,0.,0.));
#2454=DIRECTION('',(0.,1.,0.));
#2455=DIRECTION('',(1.,0.,0.));
#2456=DIRECTION('',(0.,-1.,0.));
#2457=DIRECTION('',(-1.,0.,0.));
#2458=DIRECTION('',(0.,1.,0.));
#2459=DIRECTION('',(1.,0.,0.));
#2460=DIRECTION('',(0.,-1.,0.));
#2461=DIRECTION('',(-1.,0.,0.));
#2462=DIRECTION('',(0.,1.,0.));
#2463=DIRECTION('',(1.,0.,0.));
#2464=DIRECTION('',(0.,1.,0.));
#2465=DIRECTION('',(1.,0.,0.));
#2466=DIRECTION('',(-2.89120579329468E-16,1.,0.));
#2467=DIRECTION('',(1.,2.89120579329468E-16,0.));
#2468=DIRECTION('',(0.,-1.,0.));
#2469=DIRECTION('',(-1.,0.,0.));
#2470=DIRECTION('',(0.,1.,0.));
#2471=DIRECTION('',(1.,0.,0.));
#2472=DIRECTION('',(0.,1.,0.));
#2473=DIRECTION('',(1.,0.,0.));
#2474=DIRECTION('',(0.,-1.,0.));
#2475=DIRECTION('',(-1.,0.,0.));
#2476=DIRECTION('',(0.,-1.,0.));
#2477=DIRECTION('',(-1.,0.,0.));
#2478=DIRECTION('',(0.,0.,-1.));
#2479=DIRECTION('',(0.,1.,0.));
#2480=DIRECTION('',(0.,0.,1.));
#2481=DIRECTION('',(0.,-1.,0.));
#2482=DIRECTION('',(0.,0.,-1.));
#2483=DIRECTION('',(0.,1.,0.));
#2484=DIRECTION('',(0.,0.,1.));
#2485=DIRECTION('',(0.,-1.,0.));
#2486=DIRECTION('',(0.,0.,1.));
#2487=DIRECTION('',(0.,-1.,0.));
#2488=DIRECTION('',(-0.707106781186548,0.,-0.707106781186548));
#2489=DIRECTION('',(0.707106781186548,0.,-0.707106781186548));
#2490=DIRECTION('',(0.,-1.,0.));
#2491=DIRECTION('',(0.707106781186548,0.,0.707106781186548));
#2492=DIRECTION('',(0.,1.,0.));
#2493=DIRECTION('',(0.707106781186548,0.,-0.707106781186548));
#2494=DIRECTION('',(0.,0.,1.));
#2495=DIRECTION('',(0.,-1.,0.));
#2496=DIRECTION('',(0.,0.,-1.));
#2497=DIRECTION('',(0.,1.,0.));
#2498=DIRECTION('',(0.632455532033681,0.316227766016835,-0.707106781186544));
#2499=DIRECTION('',(0.,0.707106781186548,0.707106781186548));
#2500=DIRECTION('',(0.,0.707106781186548,-0.707106781186548));
#2501=DIRECTION('',(1.,0.,0.));
#2502=DIRECTION('',(0.,0.707106781186548,0.707106781186548));
#2503=DIRECTION('',(-0.632455532033678,-0.316227766016839,-0.707106781186545));
#2504=DIRECTION('',(-0.447213595499958,0.894427190999916,0.));
#2505=DIRECTION('',(0.,0.,-1.));
#2506=DIRECTION('',(0.,1.,0.));
#2507=DIRECTION('',(0.632455532033675,-0.316227766016837,0.707106781186549));
#2508=DIRECTION('',(0.,0.,-1.));
#2509=DIRECTION('',(0.,1.,0.));
#2510=DIRECTION('',(-0.632455532033678,0.316227766016839,0.707106781186545));
#2511=DIRECTION('',(-0.447213595499958,-0.894427190999916,0.));
#2512=DIRECTION('',(-0.612372435695792,-0.707106781186553,0.353553390593268));
#2513=DIRECTION('',(0.5,0.,0.866025403784441));
#2514=DIRECTION('',(-0.612372435695792,-0.707106781186553,0.353553390593268));
#2515=DIRECTION('',(-0.231455024943132,-0.267261241912422,-0.935414346693488));
#2516=DIRECTION('',(0.755928946018457,-0.654653670707975,-8.30857223641813E-15));
#2517=DIRECTION('',(0.377964473009242,-0.654653670707975,-0.654653670707971));
#2518=DIRECTION('',(-0.612372435695792,-0.707106781186553,0.353553390593268));
#2519=DIRECTION('',(-0.790569415042097,0.547722557505166,-0.273861278752576));
#2520=DIRECTION('',(-3.99923516326624E-15,-0.707106781186547,0.707106781186549));
#2521=DIRECTION('',(1.,0.,5.65577260701048E-15));
#2522=DIRECTION('',(-0.377964473009218,-0.65465367070798,-0.65465367070798));
#2523=DIRECTION('',(-1.,0.,0.));
#2524=DIRECTION('',(-0.612372435695794,-0.707106781186546,-0.353553390593279));
#2525=DIRECTION('',(-0.5,0.,0.866025403784436));
#2526=DIRECTION('',(-0.612372435695794,-0.707106781186546,-0.353553390593279));
#2527=DIRECTION('',(0.231455024943141,0.267261241912428,-0.935414346693484));
#2528=DIRECTION('',(0.37796447300922,-0.654653670707977,0.654653670707981));
#2529=DIRECTION('',(0.612372435695795,-0.707106781186544,0.35355339059328));
#2530=DIRECTION('',(0.500000000000006,0.,-0.866025403784435));
#2531=DIRECTION('',(0.612372435695795,-0.707106781186544,0.35355339059328));
#2532=DIRECTION('',(-0.790569415042095,-0.547722557505164,0.273861278752588));
#2533=DIRECTION('',(-0.755928946018454,-0.654653670707978,4.17166754903875E-15));
#2534=DIRECTION('',(3.99923516326624E-15,-0.707106781186548,-0.707106781186547));
#2535=DIRECTION('',(-1.,0.,-5.6557726070105E-15));
#2536=DIRECTION('',(0.377964473009232,0.654653670707976,-0.654653670707975));
#2537=DIRECTION('',(0.612372435695796,-0.707106781186549,-0.35355339059327));
#2538=DIRECTION('',(-0.5,0.,-0.866025403784441));
#2539=DIRECTION('',(0.612372435695796,0.707106781186549,0.35355339059327));
#2540=DIRECTION('',(-0.5,0.,0.866025403784441));
#2541=DIRECTION('',(-0.755928946018455,0.654653670707977,-3.65371846776235E-16));
#2542=DIRECTION('',(-0.377964473009232,0.654653670707976,-0.654653670707976));
#2543=DIRECTION('',(3.99923516326622E-15,0.707106781186548,0.707106781186547));
#2544=DIRECTION('',(-1.,0.,5.65577260701048E-15));
#2545=DIRECTION('',(0.37796447300922,0.654653670707977,-0.654653670707981));
#2546=DIRECTION('',(0.612372435695794,0.707106781186546,-0.353553390593278));
#2547=DIRECTION('',(0.5,0.,0.866025403784436));
#2548=DIRECTION('',(-0.377964473009223,0.654653670707978,0.654653670707979));
#2549=DIRECTION('',(0.612372435695794,0.707106781186546,-0.353553390593278));
#2550=DIRECTION('',(-0.790569415042096,0.547722557505164,-0.273861278752585));
#2551=DIRECTION('',(-0.612372435695794,0.707106781186546,0.353553390593279));
#2552=DIRECTION('',(-0.5,0.,-0.866025403784436));
#2553=DIRECTION('',(-0.612372435695794,0.707106781186546,0.353553390593279));
#2554=DIRECTION('',(0.231455024943141,-0.267261241912428,0.935414346693484));
#2555=DIRECTION('',(0.755928946018457,0.654653670707975,8.30857223641813E-15));
#2556=DIRECTION('',(-3.99923516326624E-15,0.707106781186547,-0.707106781186549));
#2557=DIRECTION('',(1.,0.,-5.65577260701048E-15));
#2558=DIRECTION('',(-0.377964473009242,-0.654653670707975,-0.654653670707971));
#2559=DIRECTION('',(-1.,0.,0.));
#2560=DIRECTION('',(-0.612372435695792,0.707106781186553,-0.353553390593268));
#2561=DIRECTION('',(0.5,0.,-0.866025403784441));
#2562=DIRECTION('',(-0.612372435695792,0.707106781186553,-0.353553390593268));
#2563=DIRECTION('',(-0.231455024943132,0.267261241912422,0.935414346693488));
#2564=DIRECTION('',(-0.612372435695792,0.707106781186553,-0.353553390593268));
#2565=DIRECTION('',(-0.790569415042097,-0.547722557505166,0.273861278752576));
#2566=DIRECTION('',(0.866025403784439,0.5,0.));
#2567=DIRECTION('',(0.,0.,1.));
#2568=DIRECTION('',(0.5,-0.866025403784439,0.));
#2569=DIRECTION('',(0.866025403784439,0.5,0.));
#2570=DIRECTION('',(0.5,-0.866025403784439,0.));
#2571=DIRECTION('',(-0.5,0.866025403784439,0.));
#2572=DIRECTION('',(0.,1.,0.));
#2573=DIRECTION('',(1.,0.,0.));
#2574=DIRECTION('',(0.,0.866025403784439,0.5));
#2575=DIRECTION('',(0.,0.5,-0.866025403784439));
#2576=DIRECTION('',(1.,0.,0.));
#2577=DIRECTION('',(0.,0.866025403784439,0.5));
#2578=DIRECTION('',(0.,1.,0.));
#2579=DIRECTION('',(1.,0.,0.));
#2580=DIRECTION('',(0.5,0.866025403784439,0.));
#2581=DIRECTION('',(0.866025403784439,-0.5,0.));
#2582=DIRECTION('',(0.,0.,-1.));
#2583=DIRECTION('',(1.,0.,0.));
#2584=DIRECTION('',(0.,-1.,0.));
#2585=DIRECTION('',(-0.496138938356834,0.,0.868243142124459));
#2586=DIRECTION('',(0.868243142124459,0.,0.496138938356834));
#2587=DIRECTION('',(-0.868243142124459,0.,0.496138938356834));
#2588=DIRECTION('',(0.496138938356834,0.,0.868243142124459));
#2589=DIRECTION('',(1.,0.,0.));
#2590=DIRECTION('',(0.,-1.,0.));
#2591=DIRECTION('',(-0.868243142124459,0.,-0.496138938356834));
#2592=DIRECTION('',(-0.496138938356834,0.,0.868243142124459));
#2593=DIRECTION('',(0.,0.,-1.));
#2594=DIRECTION('',(0.,1.,0.));
#2595=DIRECTION('',(0.,0.,-1.));
#2596=DIRECTION('',(0.,1.,0.));
#2597=DIRECTION('',(0.,-1.,0.));
#2598=DIRECTION('',(-1.,0.,0.));
#2599=DIRECTION('',(0.,-1.,0.));
#2600=DIRECTION('',(-1.,0.,0.));
#2601=DIRECTION('',(1.,0.,0.));
#2602=DIRECTION('',(0.,-1.,0.));
#2603=DIRECTION('',(1.,0.,0.));
#2604=DIRECTION('',(0.,-1.,0.));
#2605=DIRECTION('',(0.,0.,1.));
#2606=DIRECTION('',(0.,-1.,0.));
#2607=DIRECTION('',(0.,0.,-1.));
#2608=DIRECTION('',(0.,1.,0.));
#2609=DIRECTION('',(-1.,0.,0.));
#2610=DIRECTION('',(0.,1.,0.));
#2611=DIRECTION('',(-1.,0.,0.));
#2612=DIRECTION('',(0.,1.,0.));
#2613=DIRECTION('',(0.,-1.,0.));
#2614=DIRECTION('',(-1.,0.,0.));
#2615=DIRECTION('',(0.,-1.,-1.23908819712629E-16));
#2616=DIRECTION('',(0.,1.23908819712629E-16,-1.));
#2617=DIRECTION('',(0.,1.,0.));
#2618=DIRECTION('',(1.,0.,0.));
#2619=DIRECTION('',(0.,0.,1.));
#2620=DIRECTION('',(0.,-1.,0.));
#2621=DIRECTION('',(-1.,0.,0.));
#2622=DIRECTION('',(0.,1.,0.));
#2623=DIRECTION('',(0.,1.,0.));
#2624=DIRECTION('',(1.,0.,0.));
#2625=DIRECTION('',(-1.,0.,0.));
#2626=DIRECTION('',(-1.,0.,0.));
#2627=DIRECTION('',(-1.,0.,0.));
#2628=DIRECTION('',(0.,0.,1.));
#2629=DIRECTION('',(0.,-1.,0.));
#2630=DIRECTION('',(0.,-1.,0.));
#2631=DIRECTION('',(1.,0.,0.));
#2632=DIRECTION('',(0.,-1.,0.));
#2633=DIRECTION('',(1.,0.,0.));
#2634=DIRECTION('',(0.,-1.,0.));
#2635=DIRECTION('',(0.,-1.,0.));
#2636=DIRECTION('',(-1.,0.,0.));
#2637=DIRECTION('',(0.,-1.,0.));
#2638=DIRECTION('',(-1.,0.,0.));
#2639=DIRECTION('',(0.,1.,0.));
#2640=DIRECTION('',(1.,0.,0.));
#2641=CARTESIAN_POINT('',(0.,0.,0.));
#2642=CARTESIAN_POINT('',(0.02,0.022,-0.0539));
#2643=CARTESIAN_POINT('',(0.02,0.01,-0.0625));
#2644=CARTESIAN_POINT('',(0.02,0.01,-0.048));
#2645=CARTESIAN_POINT('',(0.02,0.01,-0.077));
#2646=CARTESIAN_POINT('',(0.02,0.007,-0.048));
#2647=CARTESIAN_POINT('',(0.02,0.007,-0.045));
#2648=CARTESIAN_POINT('',(0.02,0.007,-0.0539));
#2649=CARTESIAN_POINT('',(0.02,0.007,-0.003));
#2650=CARTESIAN_POINT('',(0.02,0.022,-0.003));
#2651=CARTESIAN_POINT('',(0.02,0.022,-0.003));
#2652=CARTESIAN_POINT('',(0.02,0.022,-0.0539));
#2653=CARTESIAN_POINT('',(0.02,0.022,-0.1008));
#2654=CARTESIAN_POINT('',(0.02,0.,-0.1008));
#2655=CARTESIAN_POINT('',(0.02,0.007,-0.1008));
#2656=CARTESIAN_POINT('',(0.02,0.007,-0.0539));
#2657=CARTESIAN_POINT('',(0.02,0.007,-0.08));
#2658=CARTESIAN_POINT('',(0.02,0.007,-0.077));
#2659=CARTESIAN_POINT('',(0.0545,-0.107878548925442,-0.0705));
#2660=CARTESIAN_POINT('',(0.0545,0.006,-0.0705));
#2661=CARTESIAN_POINT('',(0.038,0.006,-0.0705));
#2662=CARTESIAN_POINT('',(0.0715,0.006,-0.0705));
#2663=CARTESIAN_POINT('',(0.038,-0.107878548925442,-0.0705));
#2664=CARTESIAN_POINT('',(0.038,0.,-0.0705));
#2665=CARTESIAN_POINT('',(0.0545,0.,-0.0705));
#2666=CARTESIAN_POINT('',(0.0715,0.,-0.0705));
#2667=CARTESIAN_POINT('',(0.0715,0.006,-0.0705));
#2668=CARTESIAN_POINT('',(0.0545,0.006,-0.078));
#2669=CARTESIAN_POINT('',(0.06925,0.00946410161513775,-0.08));
#2670=CARTESIAN_POINT('',(0.032,0.00946410161513775,-0.08));
#2671=CARTESIAN_POINT('',(0.082,0.00946410160454564,-0.08));
#2672=CARTESIAN_POINT('',(0.032,0.00426794919243112,-0.077));
#2673=CARTESIAN_POINT('',(0.0348284271247462,0.006,-0.078));
#2674=CARTESIAN_POINT('',(0.0545,0.006,-0.078));
#2675=CARTESIAN_POINT('',(0.082,0.006,-0.078));
#2676=CARTESIAN_POINT('',(0.082000000003235,0.00599999999999868,-0.0779999999999992));
#2677=CARTESIAN_POINT('',(0.0820000337070684,0.0071550135249703,-0.0786668473695593));
#2678=CARTESIAN_POINT('',(0.0820000674109017,0.00831002704994192,-0.0793336947391193));
#2679=CARTESIAN_POINT('',(0.082000101114735,0.00946504057491354,-0.0800005421086793));
#2680=CARTESIAN_POINT('',(0.027,0.007,-0.0539));
#2681=CARTESIAN_POINT('',(0.027,0.007,-0.045));
#2682=CARTESIAN_POINT('',(0.027,0.,-0.045));
#2683=CARTESIAN_POINT('',(0.027,0.,-0.0539));
#2684=CARTESIAN_POINT('',(0.027,0.,-0.007));
#2685=CARTESIAN_POINT('',(0.027,0.007,-0.007));
#2686=CARTESIAN_POINT('',(0.0545,0.,-0.0539));
#2687=CARTESIAN_POINT('',(0.038,0.,-0.0735));
#2688=CARTESIAN_POINT('',(0.035,0.,-0.0735));
#2689=CARTESIAN_POINT('',(0.035,0.,-0.0625));
#2690=CARTESIAN_POINT('',(0.035,0.,-0.077));
#2691=CARTESIAN_POINT('',(0.032,0.,-0.077));
#2692=CARTESIAN_POINT('',(0.032,0.,-0.08));
#2693=CARTESIAN_POINT('',(0.035,0.,-0.08));
#2694=CARTESIAN_POINT('',(0.027,0.,-0.08));
#2695=CARTESIAN_POINT('',(0.027,0.,-0.0539));
#2696=CARTESIAN_POINT('',(0.027,0.,-0.0959602540378444));
#2697=CARTESIAN_POINT('',(0.0520876242432004,0.,-0.0525072142074252));
#2698=CARTESIAN_POINT('',(0.0289689110867545,0.,-0.09255));
#2699=CARTESIAN_POINT('',(0.0545,0.,-0.09255));
#2700=CARTESIAN_POINT('',(0.0350310889132456,0.,-0.09255));
#2701=CARTESIAN_POINT('',(0.0231623757567999,0.,-0.0719927857925747));
#2702=CARTESIAN_POINT('',(0.0380621778264911,0.,-0.0978));
#2703=CARTESIAN_POINT('',(0.0611808909829369,0.,-0.0577572142074252));
#2704=CARTESIAN_POINT('',(0.0363301270189222,0.,-0.1008));
#2705=CARTESIAN_POINT('',(0.089,0.,-0.1008));
#2706=CARTESIAN_POINT('',(0.0726698729810778,0.,-0.1008));
#2707=CARTESIAN_POINT('',(0.0712264973081037,0.,-0.0983));
#2708=CARTESIAN_POINT('',(0.0709378221735089,0.,-0.0978));
#2709=CARTESIAN_POINT('',(0.0736802359521596,0.,-0.09305));
#2710=CARTESIAN_POINT('',(0.0739689110867544,0.,-0.09255));
#2711=CARTESIAN_POINT('',(0.0794537386440559,0.,-0.09255));
#2712=CARTESIAN_POINT('',(0.0800310889132455,0.,-0.09255));
#2713=CARTESIAN_POINT('',(0.0827735026918962,0.,-0.0973));
#2714=CARTESIAN_POINT('',(0.082,0.,-0.0959602540378444));
#2715=CARTESIAN_POINT('',(0.082,0.,-0.003));
#2716=CARTESIAN_POINT('',(0.082,0.,-0.007));
#2717=CARTESIAN_POINT('',(0.0545,0.,-0.007));
#2718=CARTESIAN_POINT('',(0.035,0.,-0.045));
#2719=CARTESIAN_POINT('',(0.0315,0.,-0.045));
#2720=CARTESIAN_POINT('',(0.0315,0.,-0.042));
#2721=CARTESIAN_POINT('',(0.0345,0.,-0.042));
#2722=CARTESIAN_POINT('',(0.0345,0.,-0.0539));
#2723=CARTESIAN_POINT('',(0.0345,0.,-0.0155));
#2724=CARTESIAN_POINT('',(0.0375,0.,-0.0155));
#2725=CARTESIAN_POINT('',(0.0375,0.,-0.0125));
#2726=CARTESIAN_POINT('',(0.0545,0.,-0.0125));
#2727=CARTESIAN_POINT('',(0.0715,0.,-0.0125));
#2728=CARTESIAN_POINT('',(0.0715,0.,-0.0155));
#2729=CARTESIAN_POINT('',(0.0745,0.,-0.0155));
#2730=CARTESIAN_POINT('',(0.0745,0.,-0.0539));
#2731=CARTESIAN_POINT('',(0.0745,0.,-0.0675));
#2732=CARTESIAN_POINT('',(0.0715,0.,-0.0675));
#2733=CARTESIAN_POINT('',(0.0545,0.,-0.079));
#2734=CARTESIAN_POINT('',(0.0459641016151377,0.,-0.079));
#2735=CARTESIAN_POINT('',(0.0630358983848622,0.,-0.079));
#2736=CARTESIAN_POINT('',(0.0630358983848622,0.,-0.079));
#2737=CARTESIAN_POINT('',(0.0635493703437597,0.,-0.0794446797605362));
#2738=CARTESIAN_POINT('',(0.0643363783875761,0.,-0.0800997005792047));
#2739=CARTESIAN_POINT('',(0.0654856649278022,0.,-0.0808089539980303));
#2740=CARTESIAN_POINT('',(0.0661546972111839,0.,-0.081));
#2741=CARTESIAN_POINT('',(0.0665,0.,-0.081));
#2742=CARTESIAN_POINT('',(0.0665,0.,-0.081));
#2743=CARTESIAN_POINT('',(0.0665,0.,-0.09));
#2744=CARTESIAN_POINT('',(0.0665,0.,-0.09));
#2745=CARTESIAN_POINT('',(0.0545,0.,-0.09));
#2746=CARTESIAN_POINT('',(0.0425,0.,-0.09));
#2747=CARTESIAN_POINT('',(0.0425,0.,-0.0539));
#2748=CARTESIAN_POINT('',(0.0425,0.,-0.081));
#2749=CARTESIAN_POINT('',(0.0425,0.,-0.081));
#2750=CARTESIAN_POINT('',(0.0428452001000885,0.,-0.081));
#2751=CARTESIAN_POINT('',(0.0435136538649596,0.,-0.0808092642251945));
#2752=CARTESIAN_POINT('',(0.0446637882396235,0.,-0.0800996782850336));
#2753=CARTESIAN_POINT('',(0.0454505914046625,0.,-0.0794447128873742));
#2754=CARTESIAN_POINT('',(0.0459641016151377,0.,-0.079));
#2755=CARTESIAN_POINT('',(0.0545,0.,-0.0539));
#2756=CARTESIAN_POINT('',(0.0140691090170632,0.,-0.0772427857925747));
#2757=CARTESIAN_POINT('',(0.0276698729810778,0.,-0.1008));
#2758=CARTESIAN_POINT('',(0.027,0.,-0.0996397459621556));
#2759=CARTESIAN_POINT('',(0.027,0.,-0.0539));
#2760=CARTESIAN_POINT('',(0.027,0.,-0.1008));
#2761=CARTESIAN_POINT('',(0.089,0.,-0.1008));
#2762=CARTESIAN_POINT('',(0.0645,-0.025,-0.08));
#2763=CARTESIAN_POINT('',(0.0665,-0.002,-0.08));
#2764=CARTESIAN_POINT('',(0.0635,-0.002,-0.08));
#2765=CARTESIAN_POINT('',(0.0636715728752538,-0.001,-0.08));
#2766=CARTESIAN_POINT('',(0.0645,-0.001,-0.08));
#2767=CARTESIAN_POINT('',(0.0453284271247462,-0.001,-0.08));
#2768=CARTESIAN_POINT('',(0.0425,-0.002,-0.08));
#2769=CARTESIAN_POINT('',(0.0455,-0.002,-0.08));
#2770=CARTESIAN_POINT('',(0.0455,-0.025,-0.08));
#2771=CARTESIAN_POINT('',(0.0455,-0.003,-0.08));
#2772=CARTESIAN_POINT('',(0.0405,-0.013,-0.08));
#2773=CARTESIAN_POINT('',(0.0438992932420931,-0.0062014135158139,-0.08));
#2774=CARTESIAN_POINT('',(0.0545,-0.02565,-0.08));
#2775=CARTESIAN_POINT('',(0.0651007067579069,-0.00620141351581391,-0.08));
#2776=CARTESIAN_POINT('',(0.0725,-0.021,-0.08));
#2777=CARTESIAN_POINT('',(0.0635,-0.003,-0.08));
#2778=CARTESIAN_POINT('',(0.0635,-0.002,-0.08));
#2779=CARTESIAN_POINT('',(0.0545,0.,-0.0539));
#2780=CARTESIAN_POINT('',(0.089,0.,-0.1008));
#2781=CARTESIAN_POINT('',(0.0813301270189222,0.,-0.1008));
#2782=CARTESIAN_POINT('',(0.082,0.,-0.1008));
#2783=CARTESIAN_POINT('',(0.082,0.,-0.003));
#2784=CARTESIAN_POINT('',(0.082,0.,-0.0996397459621556));
#2785=CARTESIAN_POINT('',(0.0803197640478404,0.,-0.10255));
#2786=CARTESIAN_POINT('',(0.0545,-0.025,-0.09));
#2787=CARTESIAN_POINT('',(0.0545,-0.025,-0.09));
#2788=CARTESIAN_POINT('',(0.0696458980337503,-0.025,-0.09));
#2789=CARTESIAN_POINT('',(0.0393541019662497,-0.025,-0.09));
#2790=CARTESIAN_POINT('',(0.0393541019662497,-0.022,-0.09));
#2791=CARTESIAN_POINT('',(0.0366708203932499,-0.0206583592135002,-0.09));
#2792=CARTESIAN_POINT('',(0.0395,-0.015,-0.09));
#2793=CARTESIAN_POINT('',(0.0445,-0.005,-0.09));
#2794=CARTESIAN_POINT('',(0.0445,-0.0025,-0.09));
#2795=CARTESIAN_POINT('',(0.0445,-0.002,-0.09));
#2796=CARTESIAN_POINT('',(0.0425,-0.002,-0.09));
#2797=CARTESIAN_POINT('',(0.0665,-0.002,-0.09));
#2798=CARTESIAN_POINT('',(0.0645,-0.002,-0.09));
#2799=CARTESIAN_POINT('',(0.0645,-0.0025,-0.09));
#2800=CARTESIAN_POINT('',(0.0645,-0.005,-0.09));
#2801=CARTESIAN_POINT('',(0.0695,-0.015,-0.09));
#2802=CARTESIAN_POINT('',(0.0723291796067501,-0.0206583592135002,-0.09));
#2803=CARTESIAN_POINT('',(0.0696458980337503,-0.022,-0.09));
#2804=CARTESIAN_POINT('',(0.0545,0.006,-0.0539));
#2805=CARTESIAN_POINT('',(0.035,0.006,-0.0539));
#2806=CARTESIAN_POINT('',(0.035,0.006,-0.077));
#2807=CARTESIAN_POINT('',(0.035,0.006,-0.0735));
#2808=CARTESIAN_POINT('',(0.038,0.006,-0.0735));
#2809=CARTESIAN_POINT('',(0.0715,0.006,-0.0675));
#2810=CARTESIAN_POINT('',(0.0745,0.006,-0.0675));
#2811=CARTESIAN_POINT('',(0.0745,0.006,-0.0539));
#2812=CARTESIAN_POINT('',(0.0745,0.006,-0.0155));
#2813=CARTESIAN_POINT('',(0.0715,0.006,-0.0155));
#2814=CARTESIAN_POINT('',(0.0715,0.006,-0.0125));
#2815=CARTESIAN_POINT('',(0.0545,0.006,-0.0125));
#2816=CARTESIAN_POINT('',(0.0375,0.006,-0.0125));
#2817=CARTESIAN_POINT('',(0.0375,0.006,-0.0155));
#2818=CARTESIAN_POINT('',(0.0345,0.006,-0.0155));
#2819=CARTESIAN_POINT('',(0.0345,0.006,-0.0539));
#2820=CARTESIAN_POINT('',(0.0345,0.006,-0.042));
#2821=CARTESIAN_POINT('',(0.0315,0.006,-0.042));
#2822=CARTESIAN_POINT('',(0.0315,0.006,-0.045));
#2823=CARTESIAN_POINT('',(0.0545,0.006,-0.045));
#2824=CARTESIAN_POINT('',(0.027,0.006,-0.045));
#2825=CARTESIAN_POINT('',(0.027,0.006,-0.005));
#2826=CARTESIAN_POINT('',(0.027,0.006,-0.005));
#2827=CARTESIAN_POINT('',(0.082,0.006,-0.005));
#2828=CARTESIAN_POINT('',(0.082,0.006,-0.005));
#2829=CARTESIAN_POINT('',(0.082,0.006,-0.0539));
#2830=CARTESIAN_POINT('',(0.032,0.006,-0.077));
#2831=CARTESIAN_POINT('',(0.0545,0.022,-0.0539));
#2832=CARTESIAN_POINT('',(0.032,0.022,-0.0978));
#2833=CARTESIAN_POINT('',(0.0346,0.022,-0.0978));
#2834=CARTESIAN_POINT('',(0.0545,0.022,-0.1078));
#2835=CARTESIAN_POINT('',(0.027,0.022,-0.1078));
#2836=CARTESIAN_POINT('',(0.0485,0.022,-0.1078));
#2837=CARTESIAN_POINT('',(0.027,0.022,-0.1008));
#2838=CARTESIAN_POINT('',(0.023,0.022,-0.003));
#2839=CARTESIAN_POINT('',(0.023,0.022,0.));
#2840=CARTESIAN_POINT('',(0.0545,0.022,0.));
#2841=CARTESIAN_POINT('',(0.0485,0.022,0.));
#2842=CARTESIAN_POINT('',(0.0485,0.022,-0.131028471980099));
#2843=CARTESIAN_POINT('',(0.0485,0.022,-0.003));
#2844=CARTESIAN_POINT('',(0.03975,0.022,-0.003));
#2845=CARTESIAN_POINT('',(0.027,0.022,-0.003));
#2846=CARTESIAN_POINT('',(0.027,0.022,-0.005));
#2847=CARTESIAN_POINT('',(0.025,0.022,-0.005));
#2848=CARTESIAN_POINT('',(0.025,0.022,-0.0415));
#2849=CARTESIAN_POINT('',(0.025,0.022,-0.078));
#2850=CARTESIAN_POINT('',(0.027,0.022,-0.078));
#2851=CARTESIAN_POINT('',(0.027,0.022,-0.08));
#2852=CARTESIAN_POINT('',(0.06925,0.022,-0.08));
#2853=CARTESIAN_POINT('',(0.0485,0.022,-0.08));
#2854=CARTESIAN_POINT('',(0.0485,0.022,-0.131028471980099));
#2855=CARTESIAN_POINT('',(0.0545,0.022,0.));
#2856=CARTESIAN_POINT('',(0.023,0.022,0.));
#2857=CARTESIAN_POINT('',(0.023,0.007,0.));
#2858=CARTESIAN_POINT('',(0.0545,0.007,0.));
#2859=CARTESIAN_POINT('',(0.086,0.007,0.));
#2860=CARTESIAN_POINT('',(0.086,0.022,0.));
#2861=CARTESIAN_POINT('',(0.086,0.022,0.));
#2862=CARTESIAN_POINT('',(0.0545,0.022,0.));
#2863=CARTESIAN_POINT('',(0.0605,0.022,0.));
#2864=CARTESIAN_POINT('',(0.0545,0.022,0.));
#2865=CARTESIAN_POINT('',(0.0545,0.022,-0.0539));
#2866=CARTESIAN_POINT('',(0.077,0.022,-0.0978));
#2867=CARTESIAN_POINT('',(0.0796,0.022,-0.0978));
#2868=CARTESIAN_POINT('',(0.089,0.022,-0.0539));
#2869=CARTESIAN_POINT('',(0.089,0.022,-0.1008));
#2870=CARTESIAN_POINT('',(0.089,0.022,-0.003));
#2871=CARTESIAN_POINT('',(0.082,0.022,-0.1008));
#2872=CARTESIAN_POINT('',(0.082,0.022,-0.1078));
#2873=CARTESIAN_POINT('',(0.0545,0.022,-0.1078));
#2874=CARTESIAN_POINT('',(0.0605,0.022,-0.1078));
#2875=CARTESIAN_POINT('',(0.0605,0.022,-0.131028471980099));
#2876=CARTESIAN_POINT('',(0.0605,0.022,-0.08));
#2877=CARTESIAN_POINT('',(0.06925,0.022,-0.08));
#2878=CARTESIAN_POINT('',(0.082,0.022,-0.08));
#2879=CARTESIAN_POINT('',(0.082,0.022,-0.078));
#2880=CARTESIAN_POINT('',(0.084,0.022,-0.078));
#2881=CARTESIAN_POINT('',(0.084,0.022,-0.0415));
#2882=CARTESIAN_POINT('',(0.084,0.022,-0.005));
#2883=CARTESIAN_POINT('',(0.082,0.022,-0.005));
#2884=CARTESIAN_POINT('',(0.082,0.022,-0.003));
#2885=CARTESIAN_POINT('',(0.03975,0.022,-0.003));
#2886=CARTESIAN_POINT('',(0.0605,0.022,-0.003));
#2887=CARTESIAN_POINT('',(0.0605,0.022,-0.131028471980099));
#2888=CARTESIAN_POINT('',(0.086,0.022,-0.003));
#2889=CARTESIAN_POINT('',(0.089,0.022,-0.0539));
#2890=CARTESIAN_POINT('',(0.089,0.007,-0.1078));
#2891=CARTESIAN_POINT('',(0.089,0.007,-0.003));
#2892=CARTESIAN_POINT('',(0.089,0.007,-0.1008));
#2893=CARTESIAN_POINT('',(0.089,0.022,-0.1008));
#2894=CARTESIAN_POINT('',(0.089,0.,-0.003));
#2895=CARTESIAN_POINT('',(0.0545,0.022,-0.1078));
#2896=CARTESIAN_POINT('',(0.02,0.007,-0.1078));
#2897=CARTESIAN_POINT('',(0.082,0.007,-0.1078));
#2898=CARTESIAN_POINT('',(0.027,0.007,-0.1078));
#2899=CARTESIAN_POINT('',(0.027,0.022,-0.1078));
#2900=CARTESIAN_POINT('',(0.0545,0.022,-0.1078));
#2901=CARTESIAN_POINT('',(0.082,0.022,-0.1078));
#2902=CARTESIAN_POINT('',(0.03975,0.006,-0.003));
#2903=CARTESIAN_POINT('',(0.082,0.006,-0.003));
#2904=CARTESIAN_POINT('',(0.082,0.00946410161513775,-0.003));
#2905=CARTESIAN_POINT('',(0.027,0.00946410161513775,-0.003));
#2906=CARTESIAN_POINT('',(0.027,0.00946410161513775,-0.003));
#2907=CARTESIAN_POINT('',(0.027,0.022,-0.003));
#2908=CARTESIAN_POINT('',(0.0545,0.022,-0.003));
#2909=CARTESIAN_POINT('',(0.084,0.006,-0.0415));
#2910=CARTESIAN_POINT('',(0.084,0.006,-0.078));
#2911=CARTESIAN_POINT('',(0.084008675829839,0.00946410160564362,-0.0780012282038632));
#2912=CARTESIAN_POINT('',(0.084,0.00946410161513775,-0.0415));
#2913=CARTESIAN_POINT('',(0.084,0.00946410161513775,-0.005));
#2914=CARTESIAN_POINT('',(0.084,0.006,-0.005));
#2915=CARTESIAN_POINT('',(0.06925,0.006,-0.08));
#2916=CARTESIAN_POINT('',(0.027,0.006,-0.08));
#2917=CARTESIAN_POINT('',(0.027,0.007,-0.08));
#2918=CARTESIAN_POINT('',(0.02,0.007,-0.08));
#2919=CARTESIAN_POINT('',(0.027,0.007,-0.08));
#2920=CARTESIAN_POINT('',(0.032,0.006,-0.08));
#2921=CARTESIAN_POINT('',(0.082,0.022,-0.08));
#2922=CARTESIAN_POINT('',(0.0545,0.022,-0.08));
#2923=CARTESIAN_POINT('',(0.025,0.006,-0.0415));
#2924=CARTESIAN_POINT('',(0.025,0.00946410161513775,-0.078));
#2925=CARTESIAN_POINT('',(0.025,0.00946410161513775,-0.005));
#2926=CARTESIAN_POINT('',(0.025,0.00946410161513775,-0.0462888006456652));
#2927=CARTESIAN_POINT('',(0.025,0.007,-0.048));
#2928=CARTESIAN_POINT('',(0.025,0.01,-0.048));
#2929=CARTESIAN_POINT('',(0.025,0.01,-0.0415));
#2930=CARTESIAN_POINT('',(0.025,0.01,-0.077));
#2931=CARTESIAN_POINT('',(0.025,0.007,-0.077));
#2932=CARTESIAN_POINT('',(0.025,0.00982842712474625,-0.078));
#2933=CARTESIAN_POINT('',(0.025,0.006,-0.078));
#2934=CARTESIAN_POINT('',(0.025,0.006,-0.005));
#2935=CARTESIAN_POINT('',(0.0545,0.022,-0.131028471980099));
#2936=CARTESIAN_POINT('',(0.0545,0.022,-0.131028471980099));
#2937=CARTESIAN_POINT('',(0.0345,-0.107878548925442,-0.0415));
#2938=CARTESIAN_POINT('',(0.0345,-0.107878548925442,-0.042));
#2939=CARTESIAN_POINT('',(0.0345,0.,-0.0155));
#2940=CARTESIAN_POINT('',(0.0545,-0.107878548925442,-0.0125));
#2941=CARTESIAN_POINT('',(0.0715,-0.107878548925442,-0.0125));
#2942=CARTESIAN_POINT('',(0.0375,0.006,-0.0125));
#2943=CARTESIAN_POINT('',(0.0745,-0.107878548925442,-0.0415));
#2944=CARTESIAN_POINT('',(0.0745,-0.107878548925442,-0.0155));
#2945=CARTESIAN_POINT('',(0.0745,0.,-0.0675));
#2946=CARTESIAN_POINT('',(0.0545,-0.025,-0.0539));
#2947=CARTESIAN_POINT('',(0.0696458980337503,-0.025,-0.0539));
#2948=CARTESIAN_POINT('',(0.0696458980337503,-0.025,-0.066));
#2949=CARTESIAN_POINT('',(0.0545,-0.025,-0.066));
#2950=CARTESIAN_POINT('',(0.0393541019662497,-0.025,-0.066));
#2951=CARTESIAN_POINT('',(0.0393541019662497,-0.025,-0.09));
#2952=CARTESIAN_POINT('',(0.0445,-0.0025,-0.065));
#2953=CARTESIAN_POINT('',(0.0445,-0.005,-0.065));
#2954=CARTESIAN_POINT('',(0.0445,-0.005,-0.081));
#2955=CARTESIAN_POINT('',(0.0445,-0.0025,-0.081));
#2956=CARTESIAN_POINT('',(0.0445,-0.002,-0.081));
#2957=CARTESIAN_POINT('',(0.0445,-0.002,-0.065));
#2958=CARTESIAN_POINT('',(0.0395,-0.015,-0.065));
#2959=CARTESIAN_POINT('',(0.0366708203932499,-0.0206583592135002,-0.065));
#2960=CARTESIAN_POINT('',(0.0366708203932499,-0.0206583592135002,-0.066));
#2961=CARTESIAN_POINT('',(0.0438992932420931,-0.0062014135158139,-0.066));
#2962=CARTESIAN_POINT('',(0.0438992932420931,-0.0062014135158139,-0.066));
#2963=CARTESIAN_POINT('',(0.0438992932420931,-0.0062014135158139,-0.065));
#2964=CARTESIAN_POINT('',(0.043,-0.008,-0.0825));
#2965=CARTESIAN_POINT('',(0.0695,-0.015,-0.065));
#2966=CARTESIAN_POINT('',(0.0651007067579069,-0.00620141351581391,-0.065));
#2967=CARTESIAN_POINT('',(0.0651007067579069,-0.00620141351581391,-0.066));
#2968=CARTESIAN_POINT('',(0.0695,-0.015,-0.066));
#2969=CARTESIAN_POINT('',(0.0723291796067501,-0.0206583592135002,-0.066));
#2970=CARTESIAN_POINT('',(0.0723291796067501,-0.0206583592135002,-0.065));
#2971=CARTESIAN_POINT('',(0.0645,-0.005,-0.065));
#2972=CARTESIAN_POINT('',(0.0645,-0.005,-0.081));
#2973=CARTESIAN_POINT('',(0.0636666666666666,-0.00333333333333333,-0.0801666666666667));
#2974=CARTESIAN_POINT('',(0.0645,-0.0025,-0.065));
#2975=CARTESIAN_POINT('',(0.0645,-0.002,-0.08));
#2976=CARTESIAN_POINT('',(0.0645,-0.002,-0.081));
#2977=CARTESIAN_POINT('',(0.0645,-0.005,-0.081));
#2978=CARTESIAN_POINT('',(0.0733193920339161,0.017,-0.099925));
#2979=CARTESIAN_POINT('',(0.0720925227118882,0.017,-0.0978));
#2980=CARTESIAN_POINT('',(0.0720925227118882,0.017,-0.0978));
#2981=CARTESIAN_POINT('',(0.0720925227118882,0.001,-0.0978));
#2982=CARTESIAN_POINT('',(0.0745462613559441,0.001,-0.10205));
#2983=CARTESIAN_POINT('',(0.0745462613559441,0.001,-0.10205));
#2984=CARTESIAN_POINT('',(0.0745462613559441,0.017,-0.10205));
#2985=CARTESIAN_POINT('',(0.0745462613559441,0.017,-0.10205));
#2986=CARTESIAN_POINT('',(0.0733193920339161,0.017,-0.099925));
#2987=CARTESIAN_POINT('',(0.077,0.017,-0.10205));
#2988=CARTESIAN_POINT('',(0.0794537386440559,0.001,-0.10205));
#2989=CARTESIAN_POINT('',(0.0794537386440559,0.001,-0.10205));
#2990=CARTESIAN_POINT('',(0.0794537386440559,0.017,-0.10205));
#2991=CARTESIAN_POINT('',(0.0794537386440559,0.017,-0.10205));
#2992=CARTESIAN_POINT('',(0.077,0.017,-0.10205));
#2993=CARTESIAN_POINT('',(0.0806806079660838,0.017,-0.099925));
#2994=CARTESIAN_POINT('',(0.0819074772881118,0.001,-0.0978));
#2995=CARTESIAN_POINT('',(0.0819074772881118,0.001,-0.0978));
#2996=CARTESIAN_POINT('',(0.0819074772881118,0.017,-0.0978));
#2997=CARTESIAN_POINT('',(0.0819074772881118,0.017,-0.0978));
#2998=CARTESIAN_POINT('',(0.0806806079660838,0.017,-0.099925));
#2999=CARTESIAN_POINT('',(0.0806806079660838,0.017,-0.095675));
#3000=CARTESIAN_POINT('',(0.0794537386440559,0.001,-0.09355));
#3001=CARTESIAN_POINT('',(0.0794537386440559,0.001,-0.09355));
#3002=CARTESIAN_POINT('',(0.0794537386440559,0.017,-0.09355));
#3003=CARTESIAN_POINT('',(0.0794537386440559,0.017,-0.09355));
#3004=CARTESIAN_POINT('',(0.0806806079660838,0.017,-0.095675));
#3005=CARTESIAN_POINT('',(0.077,0.017,-0.09355));
#3006=CARTESIAN_POINT('',(0.0745462613559441,0.001,-0.09355));
#3007=CARTESIAN_POINT('',(0.0745462613559441,0.001,-0.09355));
#3008=CARTESIAN_POINT('',(0.0745462613559441,0.017,-0.09355));
#3009=CARTESIAN_POINT('',(0.0745462613559441,0.017,-0.09355));
#3010=CARTESIAN_POINT('',(0.077,0.017,-0.09355));
#3011=CARTESIAN_POINT('',(0.0733193920339161,0.017,-0.095675));
#3012=CARTESIAN_POINT('',(0.0720925227118882,0.001,-0.0978));
#3013=CARTESIAN_POINT('',(0.0733193920339161,0.017,-0.095675));
#3014=CARTESIAN_POINT('',(0.0545,0.017,-0.0539));
#3015=CARTESIAN_POINT('',(0.077,0.017,-0.0978));
#3016=CARTESIAN_POINT('',(0.0744,0.017,-0.0978));
#3017=CARTESIAN_POINT('',(0.0283193920339161,0.017,-0.099925));
#3018=CARTESIAN_POINT('',(0.0270925227118882,0.017,-0.0978));
#3019=CARTESIAN_POINT('',(0.0270925227118882,0.017,-0.0978));
#3020=CARTESIAN_POINT('',(0.0270925227118882,0.001,-0.0978));
#3021=CARTESIAN_POINT('',(0.0283193920339161,0.001,-0.099925));
#3022=CARTESIAN_POINT('',(0.0295462613559441,0.001,-0.10205));
#3023=CARTESIAN_POINT('',(0.0295462613559441,0.017,-0.10205));
#3024=CARTESIAN_POINT('',(0.0295462613559441,0.017,-0.10205));
#3025=CARTESIAN_POINT('',(0.0283193920339161,0.017,-0.099925));
#3026=CARTESIAN_POINT('',(0.032,0.017,-0.10205));
#3027=CARTESIAN_POINT('',(0.032,0.001,-0.10205));
#3028=CARTESIAN_POINT('',(0.0344537386440558,0.001,-0.10205));
#3029=CARTESIAN_POINT('',(0.0344537386440558,0.017,-0.10205));
#3030=CARTESIAN_POINT('',(0.0344537386440558,0.017,-0.10205));
#3031=CARTESIAN_POINT('',(0.032,0.017,-0.10205));
#3032=CARTESIAN_POINT('',(0.0356806079660838,0.017,-0.099925));
#3033=CARTESIAN_POINT('',(0.0356806079660838,0.001,-0.099925));
#3034=CARTESIAN_POINT('',(0.0369074772881118,0.001,-0.0978));
#3035=CARTESIAN_POINT('',(0.0369074772881118,0.017,-0.0978));
#3036=CARTESIAN_POINT('',(0.0369074772881118,0.017,-0.0978));
#3037=CARTESIAN_POINT('',(0.0356806079660838,0.017,-0.099925));
#3038=CARTESIAN_POINT('',(0.0356806079660838,0.017,-0.095675));
#3039=CARTESIAN_POINT('',(0.0356806079660838,0.001,-0.095675));
#3040=CARTESIAN_POINT('',(0.0344537386440559,0.001,-0.09355));
#3041=CARTESIAN_POINT('',(0.0344537386440559,0.017,-0.09355));
#3042=CARTESIAN_POINT('',(0.0344537386440559,0.017,-0.09355));
#3043=CARTESIAN_POINT('',(0.0356806079660838,0.017,-0.095675));
#3044=CARTESIAN_POINT('',(0.032,0.017,-0.09355));
#3045=CARTESIAN_POINT('',(0.032,0.001,-0.09355));
#3046=CARTESIAN_POINT('',(0.0295462613559441,0.001,-0.09355));
#3047=CARTESIAN_POINT('',(0.0295462613559441,0.017,-0.09355));
#3048=CARTESIAN_POINT('',(0.0295462613559441,0.017,-0.09355));
#3049=CARTESIAN_POINT('',(0.032,0.017,-0.09355));
#3050=CARTESIAN_POINT('',(0.0283193920339161,0.017,-0.095675));
#3051=CARTESIAN_POINT('',(0.0283193920339161,0.001,-0.095675));
#3052=CARTESIAN_POINT('',(0.0283193920339161,0.017,-0.095675));
#3053=CARTESIAN_POINT('',(0.0545,0.017,-0.0539));
#3054=CARTESIAN_POINT('',(0.032,0.017,-0.0978));
#3055=CARTESIAN_POINT('',(0.0294,0.017,-0.0978));
#3056=CARTESIAN_POINT('',(0.0545,-0.02565,-0.065));
#3057=CARTESIAN_POINT('',(0.0545,-0.02565,-0.066));
#3058=CARTESIAN_POINT('',(0.0545,-0.012825,-0.065));
#3059=CARTESIAN_POINT('',(0.0545,-0.02565,-0.065));
#3060=CARTESIAN_POINT('',(0.0643483911858496,-0.00693285034919901,-0.065));
#3061=CARTESIAN_POINT('',(0.0446516088141503,-0.00693285034919901,-0.065));
#3062=CARTESIAN_POINT('',(0.0375652475842499,-0.0211055728090001,-0.065));
#3063=CARTESIAN_POINT('',(0.0375652475842499,-0.0211055728090001,-0.065));
#3064=CARTESIAN_POINT('',(0.0393541019662497,-0.022,-0.065));
#3065=CARTESIAN_POINT('',(0.0393541019662497,-0.024,-0.065));
#3066=CARTESIAN_POINT('',(0.0545,-0.024,-0.065));
#3067=CARTESIAN_POINT('',(0.0696458980337503,-0.024,-0.065));
#3068=CARTESIAN_POINT('',(0.0696458980337503,-0.022,-0.065));
#3069=CARTESIAN_POINT('',(0.0714347524157501,-0.0211055728090001,-0.065));
#3070=CARTESIAN_POINT('',(0.0647355728090001,-0.00770721359549995,-0.065));
#3071=CARTESIAN_POINT('',(0.077,0.153358230644919,-0.0978));
#3072=CARTESIAN_POINT('',(0.032,0.153358230644919,-0.0978));
#3073=CARTESIAN_POINT('',(0.0425,-0.002,-0.065));
#3074=CARTESIAN_POINT('',(0.0425,-0.002,-0.081));
#3075=CARTESIAN_POINT('',(0.0665,-0.002,-0.0539));
#3076=CARTESIAN_POINT('',(0.0665,-0.002,-0.081));
#3077=CARTESIAN_POINT('',(0.082,0.006,-0.005));
#3078=CARTESIAN_POINT('',(0.082,0.00946410161513775,-0.005));
#3079=CARTESIAN_POINT('',(0.027,0.006,-0.005));
#3080=CARTESIAN_POINT('',(0.027,0.00946410161513775,-0.005));
#3081=CARTESIAN_POINT('',(0.082,0.006,-0.078));
#3082=CARTESIAN_POINT('',(0.0839802553104366,0.00946410161513775,-0.0782803371282719));
#3083=CARTESIAN_POINT('',(0.0839154846730883,0.00946410165040183,-0.0787378662445895));
#3084=CARTESIAN_POINT('',(0.083688621800157,0.00946410161512806,-0.0791671434520612));
#3085=CARTESIAN_POINT('',(0.083005222684442,0.00946410161514131,-0.0797897471263667));
#3086=CARTESIAN_POINT('',(0.0825494567488434,0.00946410166543203,-0.0799765520509975));
#3087=CARTESIAN_POINT('',(0.0820931585870544,0.00946410161513775,-0.0799978291913119));
#3088=CARTESIAN_POINT('',(0.027,0.006,-0.078));
#3089=CARTESIAN_POINT('',(0.025,0.00982842712474625,-0.078));
#3090=CARTESIAN_POINT('',(0.025,0.00958714353201061,-0.0786824530584497));
#3091=CARTESIAN_POINT('',(0.0256490154794704,0.0086550228478318,-0.0797189066717774));
#3092=CARTESIAN_POINT('',(0.026550043268254,0.00755108247507356,-0.08));
#3093=CARTESIAN_POINT('',(0.027,0.007,-0.08));
#3094=CARTESIAN_POINT('',(0.086,0.022,-0.003));
#3095=CARTESIAN_POINT('',(0.086,0.007,-0.003));
#3096=CARTESIAN_POINT('',(0.023,0.022,-0.003));
#3097=CARTESIAN_POINT('',(0.023,0.007,-0.003));
#3098=CARTESIAN_POINT('',(0.0715,-0.107878548925442,-0.0155));
#3099=CARTESIAN_POINT('',(0.0375,-0.107878548925442,-0.0155));
#3100=CARTESIAN_POINT('',(0.0715,-0.107878548925442,-0.0675));
#3101=CARTESIAN_POINT('',(0.0393541019662497,-0.022,-0.065));
#3102=CARTESIAN_POINT('',(0.0393541019662497,-0.022,-0.066));
#3103=CARTESIAN_POINT('',(0.0696458980337503,-0.022,-0.065));
#3104=CARTESIAN_POINT('',(0.0696458980337503,-0.022,-0.066));
#3105=CARTESIAN_POINT('',(0.0425,-0.002,-0.08));
#3106=CARTESIAN_POINT('',(0.0455,-0.002,-0.08));
#3107=CARTESIAN_POINT('',(0.0453284271247462,-0.001,-0.08));
#3108=CARTESIAN_POINT('',(0.0452771271559227,-0.000854901776681121,-0.08));
#3109=CARTESIAN_POINT('',(0.0452092938926865,-0.000550605325581885,-0.0799346586793572));
#3110=CARTESIAN_POINT('',(0.0453358325982681,-0.000191592741356269,-0.0796366084442854));
#3111=CARTESIAN_POINT('',(0.0456242048236201,-2.97282958114046E-5,-0.0793066300515085));
#3112=CARTESIAN_POINT('',(0.0458483438087221,-9.94128229918489E-20,-0.0791002492010422));
#3113=CARTESIAN_POINT('',(0.0459641016151377,-9.94128229918489E-20,-0.079));
#3114=CARTESIAN_POINT('',(0.0455,-0.025,-0.08));
#3115=CARTESIAN_POINT('',(0.0645,-0.0025,-0.081));
#3116=CARTESIAN_POINT('',(0.0635,-0.002,-0.08));
#3117=CARTESIAN_POINT('',(0.0665,-0.002,-0.08));
#3118=CARTESIAN_POINT('',(0.0630358983848622,0.,-0.079));
#3119=CARTESIAN_POINT('',(0.0631516095618991,0.,-0.0791002088188158));
#3120=CARTESIAN_POINT('',(0.0633741497887664,-2.9022306778387E-5,-0.079304873893783));
#3121=CARTESIAN_POINT('',(0.0636643846799878,-0.00019219070751276,-0.0796370620943772));
#3122=CARTESIAN_POINT('',(0.0637905656746406,-0.000547809414551387,-0.0799332361269404));
#3123=CARTESIAN_POINT('',(0.0637229217872539,-0.000854763344472832,-0.08));
#3124=CARTESIAN_POINT('',(0.0636715728752538,-0.001,-0.08));
#3125=CARTESIAN_POINT('',(0.0696458980337503,-0.022,-0.065));
#3126=CARTESIAN_POINT('',(0.0714347524157501,-0.0211055728090001,-0.065));
#3127=CARTESIAN_POINT('',(0.0696458980337503,-0.025,-0.066));
#3128=CARTESIAN_POINT('',(0.0545,-0.024,-0.065));
#3129=CARTESIAN_POINT('',(0.0393541019662497,-0.025,-0.066));
#3130=CARTESIAN_POINT('',(0.0647355728090001,-0.00770721359549996,-0.065));
#3131=CARTESIAN_POINT('',(0.0651007067579069,-0.00620141351581391,-0.066));
#3132=CARTESIAN_POINT('',(0.0648491883550546,-0.00644418276306396,-0.0656664653935125));
#3133=CARTESIAN_POINT('',(0.0645983982037214,-0.00668796948155856,-0.065333127128012));
#3134=CARTESIAN_POINT('',(0.0643483911858496,-0.00693285034919901,-0.065));
#3135=CARTESIAN_POINT('',(0.0393541019662497,-0.022,-0.065));
#3136=CARTESIAN_POINT('',(0.0366708203932499,-0.0206583592135002,-0.066));
#3137=CARTESIAN_POINT('',(0.0545,-0.02565,-0.065));
#3138=CARTESIAN_POINT('',(0.0438992932420931,-0.0062014135158139,-0.066));
#3139=CARTESIAN_POINT('',(0.0441508116449453,-0.00644418276306395,-0.0656664653935125));
#3140=CARTESIAN_POINT('',(0.0444016017962785,-0.00668796948155855,-0.065333127128012));
#3141=CARTESIAN_POINT('',(0.0446516088141503,-0.006932850349199,-0.065));
#3142=CARTESIAN_POINT('',(0.0395,-0.015,-0.066));
#3143=CARTESIAN_POINT('',(0.0949308909829367,0.,-0.0772427857925747));
#3144=CARTESIAN_POINT('',(0.082,0.007,-0.0856397459621553));
#3145=CARTESIAN_POINT('',(0.0829822118430408,6.92525731065402E-5,-0.0978));
#3146=CARTESIAN_POINT('',(0.0898442996301742,-0.0058734897735499,-0.0978));
#3147=CARTESIAN_POINT('',(0.0763837904970674,0.00631730616718578,-0.0967326938328142));
#3148=CARTESIAN_POINT('',(0.0798681249821319,0.000282261808489943,-0.10276773819151));
#3149=CARTESIAN_POINT('',(0.0732472232502673,0.007,-0.1008));
#3150=CARTESIAN_POINT('',(0.0545,0.,-0.10305));
#3151=CARTESIAN_POINT('',(0.0814402831066661,0.0129407959407358,-0.0901092040592641));
#3152=CARTESIAN_POINT('',(0.0741318750178681,0.000282261808489944,-0.10276773819151));
#3153=CARTESIAN_POINT('',(0.0741318750178681,0.000282261808489949,-0.10276773819151));
#3154=CARTESIAN_POINT('',(0.0569123757567996,0.,-0.0525072142074252));
#3155=CARTESIAN_POINT('',(0.082,0.007,-0.109960254037844));
#3156=CARTESIAN_POINT('',(0.0866364355293727,-0.0114407959407358,-0.0811092040592641));
#3157=CARTESIAN_POINT('',(0.047819109017063,0.,-0.0577572142074253));
#3158=CARTESIAN_POINT('',(0.0807527767497325,0.007,-0.1008));
#3159=CARTESIAN_POINT('',(0.0794519947847609,0.00737348977354993,-0.0978));
#3160=CARTESIAN_POINT('',(0.0545,0.,-0.09255));
#3161=CARTESIAN_POINT('',(0.0705778501849127,-0.00587348977355006,-0.0866765102264499));
#3162=CARTESIAN_POINT('',(0.0858376242432001,0.,-0.0719927857925747));
#3163=CARTESIAN_POINT('',(0.0356806079660838,0.001,-0.095675));
#3164=CARTESIAN_POINT('',(0.0362064091040959,0.00160714285714285,-0.0978));
#3165=CARTESIAN_POINT('',(0.0341032045520479,0.00160714285714287,-0.0941571428571429));
#3166=CARTESIAN_POINT('',(0.032,0.001,-0.09355));
#3167=CARTESIAN_POINT('',(0.0298967954479521,0.00160714285714288,-0.0941571428571428));
#3168=CARTESIAN_POINT('',(0.0356806079660838,0.001,-0.099925));
#3169=CARTESIAN_POINT('',(0.0341032045520479,0.00160714285714286,-0.101442857142857));
#3170=CARTESIAN_POINT('',(0.0348681249821318,0.000282261808489949,-0.10276773819151));
#3171=CARTESIAN_POINT('',(0.0282472232502674,0.007,-0.1008));
#3172=CARTESIAN_POINT('',(0.0283193920339161,0.001,-0.095675));
#3173=CARTESIAN_POINT('',(0.027,0.007,-0.109960254037844));
#3174=CARTESIAN_POINT('',(0.0260177881569592,6.92525731065322E-5,-0.0978));
#3175=CARTESIAN_POINT('',(0.0277935908959041,0.00160714285714284,-0.0978));
#3176=CARTESIAN_POINT('',(0.032,0.001,-0.10205));
#3177=CARTESIAN_POINT('',(0.029896795447952,0.00160714285714284,-0.101442857142857));
#3178=CARTESIAN_POINT('',(0.0291318750178681,0.000282261808489944,-0.10276773819151));
#3179=CARTESIAN_POINT('',(0.0291318750178681,0.000282261808489945,-0.10276773819151));
#3180=CARTESIAN_POINT('',(0.0283193920339161,0.001,-0.099925));
#3181=CARTESIAN_POINT('',(0.027,0.007,-0.0856397459621552));
#3182=CARTESIAN_POINT('',(0.0357527767497327,0.007,-0.1008));
#3183=CARTESIAN_POINT('',(0.025,0.00946410161513775,-0.0415));
#3184=CARTESIAN_POINT('',(0.025,0.00946410161513775,-0.045));
#3185=CARTESIAN_POINT('',(0.0264226497308103,0.007,-0.045));
#3186=CARTESIAN_POINT('',(0.0264226497308103,0.007,-0.048));
#3187=CARTESIAN_POINT('',(0.027,0.006,-0.005));
#3188=CARTESIAN_POINT('',(0.027,0.00946410161513775,-0.005));
#3189=CARTESIAN_POINT('',(0.027,0.006,-0.005));
#3190=CARTESIAN_POINT('',(0.03975,0.00946410161513775,-0.003));
#3191=CARTESIAN_POINT('',(0.082,0.006,-0.005));
#3192=CARTESIAN_POINT('',(0.082,0.00946410161513775,-0.005));
#3193=CARTESIAN_POINT('',(0.082,0.006,-0.005));
#3194=CARTESIAN_POINT('',(0.082,0.006,-0.078));
#3195=CARTESIAN_POINT('',(0.082,0.006,-0.078));
#3196=CARTESIAN_POINT('',(0.082,0.006,-0.078));
#3197=CARTESIAN_POINT('',(0.082,0.006,-0.078));
#3198=CARTESIAN_POINT('',(0.082,0.006,-0.078));
#3199=CARTESIAN_POINT('',(0.0820000000032351,0.006,-0.0780000000035617));
#3200=CARTESIAN_POINT('',(0.0820000000032351,0.006,-0.0780000000035617));
#3201=CARTESIAN_POINT('',(0.082,0.006,-0.078));
#3202=CARTESIAN_POINT('',(0.082,0.006,-0.078));
#3203=CARTESIAN_POINT('',(0.082,0.006,-0.078));
#3204=CARTESIAN_POINT('',(0.082,0.006,-0.078));
#3205=CARTESIAN_POINT('',(0.082,0.006,-0.078));
#3206=CARTESIAN_POINT('',(0.0840196469849546,0.00946410159369114,-0.0780020808261823));
#3207=CARTESIAN_POINT('',(0.0840065164267819,0.00946410160084001,-0.0780948329268788));
#3208=CARTESIAN_POINT('',(0.0839933858686092,0.00946410160798888,-0.0781875850275753));
#3209=CARTESIAN_POINT('',(0.0839802553104366,0.00946410161513775,-0.0782803371282719));
#3210=CARTESIAN_POINT('',(0.0839154846730883,0.00946410165040183,-0.0787378662445895));
#3211=CARTESIAN_POINT('',(0.083688621800157,0.00946410161512806,-0.0791671434520612));
#3212=CARTESIAN_POINT('',(0.083005222684442,0.00946410161514131,-0.0797897471263667));
#3213=CARTESIAN_POINT('',(0.0825494567488434,0.00946410166543203,-0.0799765520509975));
#3214=CARTESIAN_POINT('',(0.0820931585870544,0.00946410161513775,-0.0799978291913119));
#3215=CARTESIAN_POINT('',(0.0820621394296146,0.00946410161171875,-0.0799992756117022));
#3216=CARTESIAN_POINT('',(0.0820311202721748,0.00946410160829974,-0.0800007220320926));
#3217=CARTESIAN_POINT('',(0.0820001011147351,0.00946410160488073,-0.0800021684524829));
#3218=CARTESIAN_POINT('',(0.084,0.00946410161513776,-0.078));
#3219=CARTESIAN_POINT('',(0.0833333333333333,0.0083094010767585,-0.078));
#3220=CARTESIAN_POINT('',(0.0826666666666667,0.00715470053837925,-0.078));
#3221=CARTESIAN_POINT('',(0.082,0.006,-0.078));
#3222=CARTESIAN_POINT('',(0.082,0.006,-0.0539));
#3223=CARTESIAN_POINT('',(0.0545,-0.001,-0.079));
#3224=CARTESIAN_POINT('',(0.086,0.007,2.60208521396521E-18));
#3225=CARTESIAN_POINT('',(0.089,0.007,2.60208521396521E-18));
#3226=CARTESIAN_POINT('',(0.089,0.007,-0.003));
#3227=CARTESIAN_POINT('',(0.086,0.00654185106180662,2.60208521396521E-18));
#3228=CARTESIAN_POINT('',(0.0889999999999858,0.00634550150868592,-1.53657839443565E-14));
#3229=CARTESIAN_POINT('',(0.089,0.00654185106180662,-0.00300000000000091));
#3230=CARTESIAN_POINT('',(0.0859484282547353,0.0056255710998264,-9.02505542133565E-5));
#3231=CARTESIAN_POINT('',(0.088832562252481,0.00506263662380534,-0.000167437747518476));
#3232=CARTESIAN_POINT('',(0.0889097494457867,0.0056255710998264,-0.00305157174526435));
#3233=CARTESIAN_POINT('',(0.0857193478381042,0.0043039310332203,-0.000491141283317553));
#3234=CARTESIAN_POINT('',(0.0881678626853987,0.00342765979594582,-0.00083213731460135));
#3235=CARTESIAN_POINT('',(0.0885088587166823,0.0043039310332203,-0.00328065216189586));
#3236=CARTESIAN_POINT('',(0.0853472891731188,0.00308600060795866,-0.00114224394704235));
#3237=CARTESIAN_POINT('',(0.087270722080418,0.00219627584417873,-0.00172927791958238));
#3238=CARTESIAN_POINT('',(0.0878577560529581,0.00308600060795867,-0.00365271082688131));
#3239=CARTESIAN_POINT('',(0.0846799251618692,0.0016621554615094,-0.00231013096672741));
#3240=CARTESIAN_POINT('',(0.0859693084668672,0.0010484518651251,-0.0030306915331309));
#3241=CARTESIAN_POINT('',(0.0866898690332704,0.00166215546150939,-0.00432007483812997));
#3242=CARTESIAN_POINT('',(0.0835706345487762,0.000364385782034751,-0.00425138953965382));
#3243=CARTESIAN_POINT('',(0.084215610905975,0.000217211842320105,-0.00478438909403891));
#3244=CARTESIAN_POINT('',(0.0847486104603638,0.000364385782034749,-0.00542936545123072));
#3245=CARTESIAN_POINT('',(0.0825235987810386,-6.79369384853027E-18,-0.00608370213315713));
#3246=CARTESIAN_POINT('',(0.0827199483351677,6.6813944048836E-15,-0.00628005166480364));
#3247=CARTESIAN_POINT('',(0.082916297866806,-5.20417042793042E-18,-0.00647640121894698));
#3248=CARTESIAN_POINT('',(0.082,-5.20417042793042E-18,-0.00700000000000001));
#3249=CARTESIAN_POINT('',(0.082,-5.20417042793042E-18,-0.00700000000000001));
#3250=CARTESIAN_POINT('',(0.082,-5.20417042793042E-18,-0.00700000000000001));
#3251=CARTESIAN_POINT('',(0.082,0.007,-0.007));
#3252=CARTESIAN_POINT('',(0.082,0.007,-0.007));
#3253=CARTESIAN_POINT('',(0.0545,0.007,-0.007));
#3254=CARTESIAN_POINT('',(0.027,0.007,-0.007));
#3255=CARTESIAN_POINT('',(0.082,0.007,-0.0539));
#3256=CARTESIAN_POINT('',(0.082,0.007,-0.1008));
#3257=CARTESIAN_POINT('',(0.082,0.022,-0.1008));
#3258=CARTESIAN_POINT('',(0.082,0.007,-0.1008));
#3259=CARTESIAN_POINT('',(0.02,0.007,-0.003));
#3260=CARTESIAN_POINT('',(0.02,0.007,2.60208521396521E-18));
#3261=CARTESIAN_POINT('',(0.023,0.007,2.60208521396521E-18));
#3262=CARTESIAN_POINT('',(0.02,0.00654185106180662,-0.00300000000000091));
#3263=CARTESIAN_POINT('',(0.0200000000000149,0.00634550150868563,-1.30950358524803E-14));
#3264=CARTESIAN_POINT('',(0.0230000000000014,0.00654185106180662,2.60208521396521E-18));
#3265=CARTESIAN_POINT('',(0.0200902505542134,0.0056255710998264,-0.00305157174526435));
#3266=CARTESIAN_POINT('',(0.0201674377475187,0.00506263662380566,-0.000167437747519491));
#3267=CARTESIAN_POINT('',(0.0230515717452641,0.0056255710998264,-9.02505542133565E-5));
#3268=CARTESIAN_POINT('',(0.0204911412833176,0.0043039310332203,-0.00328065216189586));
#3269=CARTESIAN_POINT('',(0.0208321373146013,0.00342765979594568,-0.000832137314601116));
#3270=CARTESIAN_POINT('',(0.0232806521618959,0.0043039310332203,-0.000491141283317553));
#3271=CARTESIAN_POINT('',(0.0211422439470423,0.00308600060795866,-0.00365271082688131));
#3272=CARTESIAN_POINT('',(0.0217292779195824,0.00219627584417877,-0.00172927791958243));
#3273=CARTESIAN_POINT('',(0.0236527108268813,0.00308600060795866,-0.00114224394704235));
#3274=CARTESIAN_POINT('',(0.0223101309667275,0.0016621554615094,-0.00432007483812997));
#3275=CARTESIAN_POINT('',(0.0230306915331307,0.00104845186512508,-0.00303069153313088));
#3276=CARTESIAN_POINT('',(0.02432007483813,0.0016621554615094,-0.00231013096672741));
#3277=CARTESIAN_POINT('',(0.0242513895396534,0.000364385782034751,-0.00542936545123072));
#3278=CARTESIAN_POINT('',(0.0247843890940403,0.000217211842320111,-0.00478438909403892));
#3279=CARTESIAN_POINT('',(0.0254293654512306,0.000364385782034751,-0.00425138953965382));
#3280=CARTESIAN_POINT('',(0.0260837021331581,-6.79369384852862E-18,-0.00647640121894698));
#3281=CARTESIAN_POINT('',(0.0262800516648007,6.6813944048836E-15,-0.00628005166480364));
#3282=CARTESIAN_POINT('',(0.0264764012189473,-6.79369384853027E-18,-0.00608370213315713));
#3283=CARTESIAN_POINT('',(0.027,-5.20417042793042E-18,-0.00700000000000001));
#3284=CARTESIAN_POINT('',(0.027,-5.20417042793042E-18,-0.00700000000000001));
#3285=CARTESIAN_POINT('',(0.027,-5.20417042793042E-18,-0.00700000000000001));
#3286=CARTESIAN_POINT('',(0.082,0.007,-0.1008));
#3287=CARTESIAN_POINT('',(0.082,0.007,-0.1008));
#3288=CARTESIAN_POINT('',(0.027,0.007,-0.0539));
#3289=CARTESIAN_POINT('',(0.027,0.007,-0.1008));
#3290=CARTESIAN_POINT('',(0.0545,0.007,-0.1008));
#3291=CARTESIAN_POINT('',(0.027,0.007,-0.1008));
#3292=CARTESIAN_POINT('',(0.027,0.007,-0.1008));
#3293=CARTESIAN_POINT('',(0.027,0.007,-0.1008));
#3294=CARTESIAN_POINT('',(0.027,0.022,-0.1008));
#3295=CARTESIAN_POINT('',(0.035,0.005,-0.045));
#3296=CARTESIAN_POINT('',(0.025,0.007,-0.045));
#3297=CARTESIAN_POINT('',(0.0315,0.005,-0.045));
#3298=CARTESIAN_POINT('',(0.035,0.01,-0.0625));
#3299=CARTESIAN_POINT('',(0.02,0.01,-0.048));
#3300=CARTESIAN_POINT('',(0.027,0.01,-0.077));
#3301=CARTESIAN_POINT('',(0.035,0.011,-0.054));
#3302=CARTESIAN_POINT('',(0.035,0.011,-0.077));
#3303=CARTESIAN_POINT('',(0.035,0.011,-0.0735));
#3304=CARTESIAN_POINT('',(0.035,0.007,-0.048));
#3305=CARTESIAN_POINT('',(0.06925,0.007,-0.077));
#3306=CARTESIAN_POINT('',(0.032,0.011,-0.077));
#3307=CARTESIAN_POINT('',(0.038,-0.107878548925442,-0.0735));
#3308=CARTESIAN_POINT('',(0.0315,-0.107878548925442,-0.042));
#3309=MECHANICAL_DESIGN_GEOMETRIC_PRESENTATION_REPRESENTATION('',(#1906),
#3310);
#3310=(
GEOMETRIC_REPRESENTATION_CONTEXT(3)
GLOBAL_UNCERTAINTY_ASSIGNED_CONTEXT((#3311))
GLOBAL_UNIT_ASSIGNED_CONTEXT((#3314,#3313,#3312))
REPRESENTATION_CONTEXT('Part 1','TOP_LEVEL_ASSEMBLY_PART')
);
#3311=UNCERTAINTY_MEASURE_WITH_UNIT(LENGTH_MEASURE(4.78783576560393E-5),
#3314,'DISTANCE_ACCURACY_VALUE','Maximum Tolerance applied to model');
#3312=(
NAMED_UNIT(*)
SI_UNIT($,.STERADIAN.)
SOLID_ANGLE_UNIT()
);
#3313=(
NAMED_UNIT(*)
PLANE_ANGLE_UNIT()
SI_UNIT($,.RADIAN.)
);
#3314=(
LENGTH_UNIT()
NAMED_UNIT(*)
SI_UNIT($,.METRE.)
);
#3315=PRODUCT_DEFINITION_SHAPE('','',#3316);
#3316=PRODUCT_DEFINITION('','',#3318,#3317);
#3317=PRODUCT_DEFINITION_CONTEXT('',#3324,'design');
#3318=PRODUCT_DEFINITION_FORMATION_WITH_SPECIFIED_SOURCE('','',#3320,
 .NOT_KNOWN.);
#3319=PRODUCT_RELATED_PRODUCT_CATEGORY('','',(#3320));
#3320=PRODUCT('Part 1','Part 1','Part 1',(#3322));
#3321=PRODUCT_CATEGORY('','');
#3322=PRODUCT_CONTEXT('',#3324,'mechanical');
#3323=APPLICATION_PROTOCOL_DEFINITION('international standard',
'ap242_managed_model_based_3d_engineering',2020,#3324);
#3324=APPLICATION_CONTEXT('managed model based 3d engineering');
ENDSEC;
END-ISO-10303-21;
