ISO-10303-21;
HEADER;
/* Generated by software containing ST-Developer
 * from STEP Tools, Inc. (www.steptools.com) 
 */
/* OPTION: using custom renumber hook */

FILE_DESCRIPTION(
/* description */ ('STEP AP242 Edition 2',
'CAx-IF Rec.Pracs.---Representation and Presentation of Product Manufa
cturing Information (PMI)---4.0---2014-10-13',
'CAx-IF Rec.Pracs.---3D Tessellated Geometry---0.4---2014-09-14','2;1',
'CAx-IF Rec.Pracs.---User Defined Attributes---1.5---2016-08-15'),
/* implementation_level */ '2;1');

FILE_NAME(
/* name */ 'CubXL - Vernier Go Direct Mount (Base)_REV. 4',
/* time_stamp */ '2026-09-14T19:27:18Z',
/* author */ (''),
/* organization */ (''),
/* preprocessor_version */ 'ST-DEVELOPER v20',
/* originating_system */ 'ONSHAPE BY PTC INC, 1.220',
/* authorisation */ '  ');

FILE_SCHEMA (('AP242_MANAGED_MODEL_BASED_3D_ENGINEERING_MIM_LF { 1 0 10303 442 3 1 4 }'));
ENDSEC;

DATA;
#10=SHAPE_REPRESENTATION_RELATIONSHIP('','',#1707,#11);
#11=ADVANCED_BREP_SHAPE_REPRESENTATION('',(#1705),#2883);
#12=B_SPLINE_SURFACE_WITH_KNOTS('',1,3,((#2850,#2851,#2852,#2853,#2854,
#2855,#2856,#2857,#2858,#2859,#2860,#2861),(#2862,#2863,#2864,#2865,#2866,
#2867,#2868,#2869,#2870,#2871,#2872,#2873)),.RULED_SURF.,.F.,.F.,.F.,(2,
2),(4,3,2,3,4),(0.,1.),(2.08003527100921E-6,0.00104218365502297,0.00617282421678744,
0.0113034647785519,0.0116522458184087),.UNSPECIFIED.);
#13=CONICAL_SURFACE('',#1860,0.002,0.523598775598299);
#14=CONICAL_SURFACE('',#1861,0.002,0.523598775598299);
#15=CONICAL_SURFACE('',#1864,0.002,0.523598775598299);
#16=B_SPLINE_CURVE_WITH_KNOTS('',3,(#2783,#2784,#2785,#2786,#2787),
 .UNSPECIFIED.,.F.,.F.,(4,1,4),(0.,0.00468721879736981,0.00937443759473962),
 .UNSPECIFIED.);
#17=B_SPLINE_CURVE_WITH_KNOTS('',3,(#2791,#2792,#2793,#2794,#2795),
 .UNSPECIFIED.,.F.,.F.,(4,1,4),(0.,0.00468721879736988,0.00937443759473977),
 .UNSPECIFIED.);
#18=B_SPLINE_CURVE_WITH_KNOTS('',3,(#2826,#2827,#2828,#2829,#2830,#2831),
 .UNSPECIFIED.,.F.,.F.,(4,2,4),(0.00104218365502297,0.00617282421678744,
0.0113034647785519),.UNSPECIFIED.);
#19=B_SPLINE_CURVE_WITH_KNOTS('',3,(#2844,#2845,#2846,#2847),
 .UNSPECIFIED.,.F.,.F.,(4,4),(0.,1.),.UNSPECIFIED.);
#20=B_SPLINE_CURVE_WITH_KNOTS('',3,(#2874,#2875,#2876,#2877),
 .UNSPECIFIED.,.F.,.F.,(4,4),(0.,1.),.UNSPECIFIED.);
#21=ELLIPSE('',#1784,0.0175428264009785,0.006);
#22=ELLIPSE('',#1808,0.006,0.003);
#23=ELLIPSE('',#1810,0.006,0.003);
#24=ELLIPSE('',#1814,0.006,0.003);
#25=ELLIPSE('',#1820,0.006,0.003);
#26=ELLIPSE('',#1823,0.0141421356237309,0.01);
#27=ELLIPSE('',#1825,0.0292380440016309,0.01);
#28=ELLIPSE('',#1827,0.0141421356237309,0.01);
#29=ELLIPSE('',#1829,0.0292380440016309,0.01);
#30=ELLIPSE('',#1831,0.00707106781186547,0.005);
#31=ELLIPSE('',#1833,0.00707106781186547,0.005);
#32=ELLIPSE('',#1839,0.00424264068711928,0.003);
#33=ELLIPSE('',#1844,0.00424264068711928,0.003);
#34=LINE('',#2365,#196);
#35=LINE('',#2368,#197);
#36=LINE('',#2370,#198);
#37=LINE('',#2372,#199);
#38=LINE('',#2374,#200);
#39=LINE('',#2376,#201);
#40=LINE('',#2378,#202);
#41=LINE('',#2380,#203);
#42=LINE('',#2382,#204);
#43=LINE('',#2384,#205);
#44=LINE('',#2388,#206);
#45=LINE('',#2392,#207);
#46=LINE('',#2395,#208);
#47=LINE('',#2397,#209);
#48=LINE('',#2399,#210);
#49=LINE('',#2401,#211);
#50=LINE('',#2403,#212);
#51=LINE('',#2405,#213);
#52=LINE('',#2407,#214);
#53=LINE('',#2409,#215);
#54=LINE('',#2411,#216);
#55=LINE('',#2414,#217);
#56=LINE('',#2416,#218);
#57=LINE('',#2418,#219);
#58=LINE('',#2419,#220);
#59=LINE('',#2424,#221);
#60=LINE('',#2428,#222);
#61=LINE('',#2432,#223);
#62=LINE('',#2442,#224);
#63=LINE('',#2445,#225);
#64=LINE('',#2449,#226);
#65=LINE('',#2453,#227);
#66=LINE('',#2457,#228);
#67=LINE('',#2461,#229);
#68=LINE('',#2465,#230);
#69=LINE('',#2469,#231);
#70=LINE('',#2477,#232);
#71=LINE('',#2479,#233);
#72=LINE('',#2483,#234);
#73=LINE('',#2485,#235);
#74=LINE('',#2487,#236);
#75=LINE('',#2491,#237);
#76=LINE('',#2493,#238);
#77=LINE('',#2496,#239);
#78=LINE('',#2499,#240);
#79=LINE('',#2502,#241);
#80=LINE('',#2506,#242);
#81=LINE('',#2509,#243);
#82=LINE('',#2511,#244);
#83=LINE('',#2515,#245);
#84=LINE('',#2519,#246);
#85=LINE('',#2523,#247);
#86=LINE('',#2528,#248);
#87=LINE('',#2530,#249);
#88=LINE('',#2532,#250);
#89=LINE('',#2544,#251);
#90=LINE('',#2549,#252);
#91=LINE('',#2553,#253);
#92=LINE('',#2555,#254);
#93=LINE('',#2559,#255);
#94=LINE('',#2560,#256);
#95=LINE('',#2562,#257);
#96=LINE('',#2563,#258);
#97=LINE('',#2565,#259);
#98=LINE('',#2567,#260);
#99=LINE('',#2569,#261);
#100=LINE('',#2571,#262);
#101=LINE('',#2573,#263);
#102=LINE('',#2575,#264);
#103=LINE('',#2577,#265);
#104=LINE('',#2579,#266);
#105=LINE('',#2581,#267);
#106=LINE('',#2582,#268);
#107=LINE('',#2584,#269);
#108=LINE('',#2585,#270);
#109=LINE('',#2587,#271);
#110=LINE('',#2588,#272);
#111=LINE('',#2589,#273);
#112=LINE('',#2591,#274);
#113=LINE('',#2594,#275);
#114=LINE('',#2596,#276);
#115=LINE('',#2599,#277);
#116=LINE('',#2601,#278);
#117=LINE('',#2603,#279);
#118=LINE('',#2605,#280);
#119=LINE('',#2607,#281);
#120=LINE('',#2609,#282);
#121=LINE('',#2611,#283);
#122=LINE('',#2613,#284);
#123=LINE('',#2617,#285);
#124=LINE('',#2620,#286);
#125=LINE('',#2622,#287);
#126=LINE('',#2624,#288);
#127=LINE('',#2626,#289);
#128=LINE('',#2628,#290);
#129=LINE('',#2631,#291);
#130=LINE('',#2634,#292);
#131=LINE('',#2638,#293);
#132=LINE('',#2651,#294);
#133=LINE('',#2653,#295);
#134=LINE('',#2655,#296);
#135=LINE('',#2657,#297);
#136=LINE('',#2659,#298);
#137=LINE('',#2661,#299);
#138=LINE('',#2663,#300);
#139=LINE('',#2666,#301);
#140=LINE('',#2667,#302);
#141=LINE('',#2669,#303);
#142=LINE('',#2672,#304);
#143=LINE('',#2673,#305);
#144=LINE('',#2675,#306);
#145=LINE('',#2678,#307);
#146=LINE('',#2680,#308);
#147=LINE('',#2683,#309);
#148=LINE('',#2690,#310);
#149=LINE('',#2693,#311);
#150=LINE('',#2694,#312);
#151=LINE('',#2696,#313);
#152=LINE('',#2699,#314);
#153=LINE('',#2700,#315);
#154=LINE('',#2702,#316);
#155=LINE('',#2704,#317);
#156=LINE('',#2706,#318);
#157=LINE('',#2708,#319);
#158=LINE('',#2710,#320);
#159=LINE('',#2712,#321);
#160=LINE('',#2714,#322);
#161=LINE('',#2716,#323);
#162=LINE('',#2720,#324);
#163=LINE('',#2721,#325);
#164=LINE('',#2723,#326);
#165=LINE('',#2724,#327);
#166=LINE('',#2726,#328);
#167=LINE('',#2729,#329);
#168=LINE('',#2731,#330);
#169=LINE('',#2733,#331);
#170=LINE('',#2735,#332);
#171=LINE('',#2737,#333);
#172=LINE('',#2739,#334);
#173=LINE('',#2740,#335);
#174=LINE('',#2742,#336);
#175=LINE('',#2746,#337);
#176=LINE('',#2748,#338);
#177=LINE('',#2751,#339);
#178=LINE('',#2754,#340);
#179=LINE('',#2758,#341);
#180=LINE('',#2760,#342);
#181=LINE('',#2762,#343);
#182=LINE('',#2764,#344);
#183=LINE('',#2766,#345);
#184=LINE('',#2768,#346);
#185=LINE('',#2770,#347);
#186=LINE('',#2772,#348);
#187=LINE('',#2774,#349);
#188=LINE('',#2776,#350);
#189=LINE('',#2779,#351);
#190=LINE('',#2835,#352);
#191=LINE('',#2836,#353);
#192=LINE('',#2838,#354);
#193=LINE('',#2840,#355);
#194=LINE('',#2842,#356);
#195=LINE('',#2849,#357);
#196=VECTOR('',#1885,1.);
#197=VECTOR('',#1886,1.);
#198=VECTOR('',#1887,1.);
#199=VECTOR('',#1888,1.);
#200=VECTOR('',#1889,1.);
#201=VECTOR('',#1890,1.);
#202=VECTOR('',#1891,1.);
#203=VECTOR('',#1892,1.);
#204=VECTOR('',#1893,1.);
#205=VECTOR('',#1894,1.);
#206=VECTOR('',#1897,1.);
#207=VECTOR('',#1902,1.);
#208=VECTOR('',#1903,1.);
#209=VECTOR('',#1904,1.);
#210=VECTOR('',#1905,1.);
#211=VECTOR('',#1906,1.);
#212=VECTOR('',#1907,1.);
#213=VECTOR('',#1908,1.);
#214=VECTOR('',#1909,1.);
#215=VECTOR('',#1910,1.);
#216=VECTOR('',#1913,1.);
#217=VECTOR('',#1914,1.);
#218=VECTOR('',#1915,1.);
#219=VECTOR('',#1916,1.);
#220=VECTOR('',#1917,1.);
#221=VECTOR('',#1920,1.);
#222=VECTOR('',#1923,1.);
#223=VECTOR('',#1926,1.);
#224=VECTOR('',#1937,1.);
#225=VECTOR('',#1938,1.);
#226=VECTOR('',#1941,1.);
#227=VECTOR('',#1944,1.);
#228=VECTOR('',#1947,1.);
#229=VECTOR('',#1950,1.);
#230=VECTOR('',#1953,1.);
#231=VECTOR('',#1956,1.);
#232=VECTOR('',#1965,1.);
#233=VECTOR('',#1966,1.);
#234=VECTOR('',#1969,1.);
#235=VECTOR('',#1970,1.);
#236=VECTOR('',#1971,1.);
#237=VECTOR('',#1974,1.);
#238=VECTOR('',#1975,1.);
#239=VECTOR('',#1980,1.);
#240=VECTOR('',#1981,1.);
#241=VECTOR('',#1984,1.);
#242=VECTOR('',#1987,1.);
#243=VECTOR('',#1990,1.);
#244=VECTOR('',#1991,1.);
#245=VECTOR('',#1994,1.);
#246=VECTOR('',#1997,1.);
#247=VECTOR('',#2002,1.);
#248=VECTOR('',#2005,1.);
#249=VECTOR('',#2006,1.);
#250=VECTOR('',#2007,1.);
#251=VECTOR('',#2020,1.);
#252=VECTOR('',#2023,1.);
#253=VECTOR('',#2026,1.);
#254=VECTOR('',#2027,1.);
#255=VECTOR('',#2032,1.);
#256=VECTOR('',#2033,1.);
#257=VECTOR('',#2036,1.);
#258=VECTOR('',#2037,1.);
#259=VECTOR('',#2040,1.);
#260=VECTOR('',#2041,1.);
#261=VECTOR('',#2042,1.);
#262=VECTOR('',#2043,1.);
#263=VECTOR('',#2044,1.);
#264=VECTOR('',#2045,1.);
#265=VECTOR('',#2046,1.);
#266=VECTOR('',#2047,1.);
#267=VECTOR('',#2050,1.);
#268=VECTOR('',#2051,1.);
#269=VECTOR('',#2054,1.);
#270=VECTOR('',#2055,1.);
#271=VECTOR('',#2058,1.);
#272=VECTOR('',#2059,1.);
#273=VECTOR('',#2060,1.);
#274=VECTOR('',#2063,1.);
#275=VECTOR('',#2064,1.);
#276=VECTOR('',#2065,1.);
#277=VECTOR('',#2068,1.);
#278=VECTOR('',#2071,1.);
#279=VECTOR('',#2072,1.);
#280=VECTOR('',#2073,1.);
#281=VECTOR('',#2076,1.);
#282=VECTOR('',#2077,1.);
#283=VECTOR('',#2078,1.);
#284=VECTOR('',#2079,1.);
#285=VECTOR('',#2084,1.);
#286=VECTOR('',#2085,1.);
#287=VECTOR('',#2086,1.);
#288=VECTOR('',#2087,1.);
#289=VECTOR('',#2090,1.);
#290=VECTOR('',#2091,1.);
#291=VECTOR('',#2096,1.);
#292=VECTOR('',#2099,1.);
#293=VECTOR('',#2102,1.);
#294=VECTOR('',#2125,1.);
#295=VECTOR('',#2126,1.);
#296=VECTOR('',#2127,1.);
#297=VECTOR('',#2130,1.);
#298=VECTOR('',#2131,1.);
#299=VECTOR('',#2132,1.);
#300=VECTOR('',#2135,1.);
#301=VECTOR('',#2136,1.);
#302=VECTOR('',#2137,1.);
#303=VECTOR('',#2140,1.);
#304=VECTOR('',#2141,1.);
#305=VECTOR('',#2142,1.);
#306=VECTOR('',#2145,1.);
#307=VECTOR('',#2146,1.);
#308=VECTOR('',#2147,1.);
#309=VECTOR('',#2150,1.);
#310=VECTOR('',#2163,1.);
#311=VECTOR('',#2164,1.);
#312=VECTOR('',#2165,1.);
#313=VECTOR('',#2168,1.);
#314=VECTOR('',#2169,1.);
#315=VECTOR('',#2170,1.);
#316=VECTOR('',#2173,1.);
#317=VECTOR('',#2174,1.);
#318=VECTOR('',#2175,1.);
#319=VECTOR('',#2176,1.);
#320=VECTOR('',#2177,1.);
#321=VECTOR('',#2178,1.);
#322=VECTOR('',#2179,1.);
#323=VECTOR('',#2180,1.);
#324=VECTOR('',#2187,1.);
#325=VECTOR('',#2188,1.);
#326=VECTOR('',#2191,1.);
#327=VECTOR('',#2192,1.);
#328=VECTOR('',#2195,1.);
#329=VECTOR('',#2196,1.);
#330=VECTOR('',#2197,1.);
#331=VECTOR('',#2198,1.);
#332=VECTOR('',#2199,1.);
#333=VECTOR('',#2200,1.);
#334=VECTOR('',#2203,1.);
#335=VECTOR('',#2204,1.);
#336=VECTOR('',#2207,1.);
#337=VECTOR('',#2212,1.);
#338=VECTOR('',#2215,1.);
#339=VECTOR('',#2220,1.);
#340=VECTOR('',#2225,1.);
#341=VECTOR('',#2228,1.);
#342=VECTOR('',#2229,1.);
#343=VECTOR('',#2232,1.);
#344=VECTOR('',#2233,1.);
#345=VECTOR('',#2236,1.);
#346=VECTOR('',#2237,1.);
#347=VECTOR('',#2240,1.);
#348=VECTOR('',#2241,1.);
#349=VECTOR('',#2244,1.);
#350=VECTOR('',#2245,1.);
#351=VECTOR('',#2250,1.);
#352=VECTOR('',#2329,1.);
#353=VECTOR('',#2330,1.);
#354=VECTOR('',#2333,1.);
#355=VECTOR('',#2336,1.);
#356=VECTOR('',#2339,1.);
#357=VECTOR('',#2344,1.);
#358=PLANE('',#1715);
#359=PLANE('',#1718);
#360=PLANE('',#1719);
#361=PLANE('',#1724);
#362=PLANE('',#1737);
#363=PLANE('',#1741);
#364=PLANE('',#1747);
#365=PLANE('',#1753);
#366=PLANE('',#1759);
#367=PLANE('',#1760);
#368=PLANE('',#1761);
#369=PLANE('',#1762);
#370=PLANE('',#1763);
#371=PLANE('',#1764);
#372=PLANE('',#1765);
#373=PLANE('',#1767);
#374=PLANE('',#1768);
#375=PLANE('',#1770);
#376=PLANE('',#1771);
#377=PLANE('',#1786);
#378=PLANE('',#1787);
#379=PLANE('',#1788);
#380=PLANE('',#1789);
#381=PLANE('',#1790);
#382=PLANE('',#1797);
#383=PLANE('',#1798);
#384=PLANE('',#1799);
#385=PLANE('',#1802);
#386=PLANE('',#1803);
#387=PLANE('',#1804);
#388=PLANE('',#1805);
#389=PLANE('',#1806);
#390=PLANE('',#1807);
#391=PLANE('',#1809);
#392=PLANE('',#1811);
#393=PLANE('',#1812);
#394=PLANE('',#1813);
#395=PLANE('',#1815);
#396=PLANE('',#1816);
#397=PLANE('',#1817);
#398=PLANE('',#1818);
#399=PLANE('',#1819);
#400=PLANE('',#1821);
#401=PLANE('',#1859);
#402=PLANE('',#1862);
#403=PLANE('',#1863);
#404=PLANE('',#1865);
#405=PLANE('',#1866);
#406=PLANE('',#1867);
#407=PLANE('',#1868);
#408=ORIENTED_EDGE('',*,*,#884,.F.);
#409=ORIENTED_EDGE('',*,*,#885,.T.);
#410=ORIENTED_EDGE('',*,*,#886,.T.);
#411=ORIENTED_EDGE('',*,*,#887,.F.);
#412=ORIENTED_EDGE('',*,*,#888,.F.);
#413=ORIENTED_EDGE('',*,*,#889,.T.);
#414=ORIENTED_EDGE('',*,*,#890,.T.);
#415=ORIENTED_EDGE('',*,*,#891,.T.);
#416=ORIENTED_EDGE('',*,*,#892,.T.);
#417=ORIENTED_EDGE('',*,*,#893,.T.);
#418=ORIENTED_EDGE('',*,*,#894,.T.);
#419=ORIENTED_EDGE('',*,*,#895,.T.);
#420=ORIENTED_EDGE('',*,*,#896,.T.);
#421=ORIENTED_EDGE('',*,*,#897,.T.);
#422=ORIENTED_EDGE('',*,*,#898,.T.);
#423=ORIENTED_EDGE('',*,*,#899,.T.);
#424=ORIENTED_EDGE('',*,*,#900,.T.);
#425=ORIENTED_EDGE('',*,*,#901,.T.);
#426=ORIENTED_EDGE('',*,*,#902,.T.);
#427=ORIENTED_EDGE('',*,*,#903,.F.);
#428=ORIENTED_EDGE('',*,*,#904,.T.);
#429=ORIENTED_EDGE('',*,*,#905,.T.);
#430=ORIENTED_EDGE('',*,*,#906,.F.);
#431=ORIENTED_EDGE('',*,*,#907,.T.);
#432=ORIENTED_EDGE('',*,*,#908,.T.);
#433=ORIENTED_EDGE('',*,*,#909,.T.);
#434=ORIENTED_EDGE('',*,*,#910,.T.);
#435=ORIENTED_EDGE('',*,*,#911,.T.);
#436=ORIENTED_EDGE('',*,*,#912,.T.);
#437=ORIENTED_EDGE('',*,*,#913,.T.);
#438=ORIENTED_EDGE('',*,*,#914,.F.);
#439=ORIENTED_EDGE('',*,*,#915,.T.);
#440=ORIENTED_EDGE('',*,*,#916,.T.);
#441=ORIENTED_EDGE('',*,*,#917,.T.);
#442=ORIENTED_EDGE('',*,*,#918,.T.);
#443=ORIENTED_EDGE('',*,*,#919,.T.);
#444=ORIENTED_EDGE('',*,*,#920,.F.);
#445=ORIENTED_EDGE('',*,*,#921,.T.);
#446=ORIENTED_EDGE('',*,*,#922,.T.);
#447=ORIENTED_EDGE('',*,*,#923,.T.);
#448=ORIENTED_EDGE('',*,*,#924,.T.);
#449=ORIENTED_EDGE('',*,*,#925,.T.);
#450=ORIENTED_EDGE('',*,*,#926,.T.);
#451=ORIENTED_EDGE('',*,*,#927,.T.);
#452=ORIENTED_EDGE('',*,*,#928,.F.);
#453=ORIENTED_EDGE('',*,*,#929,.T.);
#454=ORIENTED_EDGE('',*,*,#930,.T.);
#455=ORIENTED_EDGE('',*,*,#931,.T.);
#456=ORIENTED_EDGE('',*,*,#932,.T.);
#457=ORIENTED_EDGE('',*,*,#933,.T.);
#458=ORIENTED_EDGE('',*,*,#934,.F.);
#459=ORIENTED_EDGE('',*,*,#935,.T.);
#460=ORIENTED_EDGE('',*,*,#936,.T.);
#461=ORIENTED_EDGE('',*,*,#937,.T.);
#462=ORIENTED_EDGE('',*,*,#938,.T.);
#463=ORIENTED_EDGE('',*,*,#939,.F.);
#464=ORIENTED_EDGE('',*,*,#940,.F.);
#465=ORIENTED_EDGE('',*,*,#941,.F.);
#466=ORIENTED_EDGE('',*,*,#903,.T.);
#467=ORIENTED_EDGE('',*,*,#942,.T.);
#468=ORIENTED_EDGE('',*,*,#943,.F.);
#469=ORIENTED_EDGE('',*,*,#944,.T.);
#470=ORIENTED_EDGE('',*,*,#945,.T.);
#471=ORIENTED_EDGE('',*,*,#946,.T.);
#472=ORIENTED_EDGE('',*,*,#947,.F.);
#473=ORIENTED_EDGE('',*,*,#948,.F.);
#474=ORIENTED_EDGE('',*,*,#949,.F.);
#475=ORIENTED_EDGE('',*,*,#950,.T.);
#476=ORIENTED_EDGE('',*,*,#897,.F.);
#477=ORIENTED_EDGE('',*,*,#951,.T.);
#478=ORIENTED_EDGE('',*,*,#952,.F.);
#479=ORIENTED_EDGE('',*,*,#953,.T.);
#480=ORIENTED_EDGE('',*,*,#906,.T.);
#481=ORIENTED_EDGE('',*,*,#954,.T.);
#482=ORIENTED_EDGE('',*,*,#955,.T.);
#483=ORIENTED_EDGE('',*,*,#956,.T.);
#484=ORIENTED_EDGE('',*,*,#957,.F.);
#485=ORIENTED_EDGE('',*,*,#958,.T.);
#486=ORIENTED_EDGE('',*,*,#949,.T.);
#487=ORIENTED_EDGE('',*,*,#959,.F.);
#488=ORIENTED_EDGE('',*,*,#960,.F.);
#489=ORIENTED_EDGE('',*,*,#961,.T.);
#490=ORIENTED_EDGE('',*,*,#962,.T.);
#491=ORIENTED_EDGE('',*,*,#963,.T.);
#492=ORIENTED_EDGE('',*,*,#964,.T.);
#493=ORIENTED_EDGE('',*,*,#886,.F.);
#494=ORIENTED_EDGE('',*,*,#965,.F.);
#495=ORIENTED_EDGE('',*,*,#966,.T.);
#496=ORIENTED_EDGE('',*,*,#967,.T.);
#497=ORIENTED_EDGE('',*,*,#968,.F.);
#498=ORIENTED_EDGE('',*,*,#969,.T.);
#499=ORIENTED_EDGE('',*,*,#970,.F.);
#500=ORIENTED_EDGE('',*,*,#971,.T.);
#501=ORIENTED_EDGE('',*,*,#972,.F.);
#502=ORIENTED_EDGE('',*,*,#973,.T.);
#503=ORIENTED_EDGE('',*,*,#974,.T.);
#504=ORIENTED_EDGE('',*,*,#975,.T.);
#505=ORIENTED_EDGE('',*,*,#976,.F.);
#506=ORIENTED_EDGE('',*,*,#977,.T.);
#507=ORIENTED_EDGE('',*,*,#978,.F.);
#508=ORIENTED_EDGE('',*,*,#979,.T.);
#509=ORIENTED_EDGE('',*,*,#980,.T.);
#510=ORIENTED_EDGE('',*,*,#981,.T.);
#511=ORIENTED_EDGE('',*,*,#982,.F.);
#512=ORIENTED_EDGE('',*,*,#978,.T.);
#513=ORIENTED_EDGE('',*,*,#983,.T.);
#514=ORIENTED_EDGE('',*,*,#930,.F.);
#515=ORIENTED_EDGE('',*,*,#984,.T.);
#516=ORIENTED_EDGE('',*,*,#980,.F.);
#517=ORIENTED_EDGE('',*,*,#985,.T.);
#518=ORIENTED_EDGE('',*,*,#928,.T.);
#519=ORIENTED_EDGE('',*,*,#986,.T.);
#520=ORIENTED_EDGE('',*,*,#943,.T.);
#521=ORIENTED_EDGE('',*,*,#987,.T.);
#522=ORIENTED_EDGE('',*,*,#988,.F.);
#523=ORIENTED_EDGE('',*,*,#989,.T.);
#524=ORIENTED_EDGE('',*,*,#990,.T.);
#525=ORIENTED_EDGE('',*,*,#991,.T.);
#526=ORIENTED_EDGE('',*,*,#992,.T.);
#527=ORIENTED_EDGE('',*,*,#993,.T.);
#528=ORIENTED_EDGE('',*,*,#994,.T.);
#529=ORIENTED_EDGE('',*,*,#936,.F.);
#530=ORIENTED_EDGE('',*,*,#995,.T.);
#531=ORIENTED_EDGE('',*,*,#970,.T.);
#532=ORIENTED_EDGE('',*,*,#996,.T.);
#533=ORIENTED_EDGE('',*,*,#934,.T.);
#534=ORIENTED_EDGE('',*,*,#997,.T.);
#535=ORIENTED_EDGE('',*,*,#966,.F.);
#536=ORIENTED_EDGE('',*,*,#998,.T.);
#537=ORIENTED_EDGE('',*,*,#999,.T.);
#538=ORIENTED_EDGE('',*,*,#968,.T.);
#539=ORIENTED_EDGE('',*,*,#1000,.T.);
#540=ORIENTED_EDGE('',*,*,#932,.F.);
#541=ORIENTED_EDGE('',*,*,#1001,.T.);
#542=ORIENTED_EDGE('',*,*,#976,.T.);
#543=ORIENTED_EDGE('',*,*,#1002,.T.);
#544=ORIENTED_EDGE('',*,*,#1003,.T.);
#545=ORIENTED_EDGE('',*,*,#1004,.T.);
#546=ORIENTED_EDGE('',*,*,#960,.T.);
#547=ORIENTED_EDGE('',*,*,#1005,.F.);
#548=ORIENTED_EDGE('',*,*,#1006,.T.);
#549=ORIENTED_EDGE('',*,*,#1007,.T.);
#550=ORIENTED_EDGE('',*,*,#1008,.T.);
#551=ORIENTED_EDGE('',*,*,#1009,.T.);
#552=ORIENTED_EDGE('',*,*,#962,.F.);
#553=ORIENTED_EDGE('',*,*,#1010,.T.);
#554=ORIENTED_EDGE('',*,*,#1011,.T.);
#555=ORIENTED_EDGE('',*,*,#1012,.T.);
#556=ORIENTED_EDGE('',*,*,#1013,.F.);
#557=ORIENTED_EDGE('',*,*,#1014,.T.);
#558=ORIENTED_EDGE('',*,*,#964,.F.);
#559=ORIENTED_EDGE('',*,*,#1015,.T.);
#560=ORIENTED_EDGE('',*,*,#1016,.T.);
#561=ORIENTED_EDGE('',*,*,#1017,.T.);
#562=ORIENTED_EDGE('',*,*,#1018,.T.);
#563=ORIENTED_EDGE('',*,*,#992,.F.);
#564=ORIENTED_EDGE('',*,*,#1019,.T.);
#565=ORIENTED_EDGE('',*,*,#1020,.F.);
#566=ORIENTED_EDGE('',*,*,#1013,.T.);
#567=ORIENTED_EDGE('',*,*,#1021,.T.);
#568=ORIENTED_EDGE('',*,*,#1018,.F.);
#569=ORIENTED_EDGE('',*,*,#1022,.T.);
#570=ORIENTED_EDGE('',*,*,#1006,.F.);
#571=ORIENTED_EDGE('',*,*,#1023,.F.);
#572=ORIENTED_EDGE('',*,*,#947,.T.);
#573=ORIENTED_EDGE('',*,*,#1024,.T.);
#574=ORIENTED_EDGE('',*,*,#1025,.T.);
#575=ORIENTED_EDGE('',*,*,#1026,.T.);
#576=ORIENTED_EDGE('',*,*,#1027,.F.);
#577=ORIENTED_EDGE('',*,*,#1028,.T.);
#578=ORIENTED_EDGE('',*,*,#884,.T.);
#579=ORIENTED_EDGE('',*,*,#972,.T.);
#580=ORIENTED_EDGE('',*,*,#939,.T.);
#581=ORIENTED_EDGE('',*,*,#975,.F.);
#582=ORIENTED_EDGE('',*,*,#924,.F.);
#583=ORIENTED_EDGE('',*,*,#974,.F.);
#584=ORIENTED_EDGE('',*,*,#923,.F.);
#585=ORIENTED_EDGE('',*,*,#982,.T.);
#586=ORIENTED_EDGE('',*,*,#940,.T.);
#587=ORIENTED_EDGE('',*,*,#973,.F.);
#588=ORIENTED_EDGE('',*,*,#922,.F.);
#589=ORIENTED_EDGE('',*,*,#965,.T.);
#590=ORIENTED_EDGE('',*,*,#941,.T.);
#591=ORIENTED_EDGE('',*,*,#1020,.T.);
#592=ORIENTED_EDGE('',*,*,#1029,.T.);
#593=ORIENTED_EDGE('',*,*,#952,.T.);
#594=ORIENTED_EDGE('',*,*,#1014,.F.);
#595=ORIENTED_EDGE('',*,*,#959,.T.);
#596=ORIENTED_EDGE('',*,*,#948,.T.);
#597=ORIENTED_EDGE('',*,*,#1023,.T.);
#598=ORIENTED_EDGE('',*,*,#1005,.T.);
#599=ORIENTED_EDGE('',*,*,#916,.F.);
#600=ORIENTED_EDGE('',*,*,#1030,.T.);
#601=ORIENTED_EDGE('',*,*,#1031,.T.);
#602=ORIENTED_EDGE('',*,*,#1032,.T.);
#603=ORIENTED_EDGE('',*,*,#914,.T.);
#604=ORIENTED_EDGE('',*,*,#1033,.T.);
#605=ORIENTED_EDGE('',*,*,#1034,.F.);
#606=ORIENTED_EDGE('',*,*,#1035,.T.);
#607=ORIENTED_EDGE('',*,*,#1036,.F.);
#608=ORIENTED_EDGE('',*,*,#1037,.T.);
#609=ORIENTED_EDGE('',*,*,#920,.T.);
#610=ORIENTED_EDGE('',*,*,#1038,.T.);
#611=ORIENTED_EDGE('',*,*,#1039,.T.);
#612=ORIENTED_EDGE('',*,*,#1040,.T.);
#613=ORIENTED_EDGE('',*,*,#918,.F.);
#614=ORIENTED_EDGE('',*,*,#1041,.T.);
#615=ORIENTED_EDGE('',*,*,#1042,.T.);
#616=ORIENTED_EDGE('',*,*,#1043,.T.);
#617=ORIENTED_EDGE('',*,*,#1044,.T.);
#618=ORIENTED_EDGE('',*,*,#1045,.F.);
#619=ORIENTED_EDGE('',*,*,#988,.T.);
#620=ORIENTED_EDGE('',*,*,#1046,.T.);
#621=ORIENTED_EDGE('',*,*,#901,.F.);
#622=ORIENTED_EDGE('',*,*,#1047,.T.);
#623=ORIENTED_EDGE('',*,*,#1031,.F.);
#624=ORIENTED_EDGE('',*,*,#1048,.T.);
#625=ORIENTED_EDGE('',*,*,#1034,.T.);
#626=ORIENTED_EDGE('',*,*,#1049,.T.);
#627=ORIENTED_EDGE('',*,*,#1036,.T.);
#628=ORIENTED_EDGE('',*,*,#1050,.T.);
#629=ORIENTED_EDGE('',*,*,#1039,.F.);
#630=ORIENTED_EDGE('',*,*,#1051,.T.);
#631=ORIENTED_EDGE('',*,*,#1052,.T.);
#632=ORIENTED_EDGE('',*,*,#1053,.T.);
#633=ORIENTED_EDGE('',*,*,#1025,.F.);
#634=ORIENTED_EDGE('',*,*,#1054,.T.);
#635=ORIENTED_EDGE('',*,*,#1055,.F.);
#636=ORIENTED_EDGE('',*,*,#1056,.T.);
#637=ORIENTED_EDGE('',*,*,#1027,.T.);
#638=ORIENTED_EDGE('',*,*,#1057,.T.);
#639=ORIENTED_EDGE('',*,*,#945,.F.);
#640=ORIENTED_EDGE('',*,*,#1058,.T.);
#641=ORIENTED_EDGE('',*,*,#1059,.F.);
#642=ORIENTED_EDGE('',*,*,#1060,.F.);
#643=ORIENTED_EDGE('',*,*,#1061,.F.);
#644=ORIENTED_EDGE('',*,*,#1062,.F.);
#645=ORIENTED_EDGE('',*,*,#1063,.F.);
#646=ORIENTED_EDGE('',*,*,#1064,.F.);
#647=ORIENTED_EDGE('',*,*,#1065,.T.);
#648=ORIENTED_EDGE('',*,*,#1055,.T.);
#649=ORIENTED_EDGE('',*,*,#1066,.T.);
#650=ORIENTED_EDGE('',*,*,#1052,.F.);
#651=ORIENTED_EDGE('',*,*,#1067,.T.);
#652=ORIENTED_EDGE('',*,*,#955,.F.);
#653=ORIENTED_EDGE('',*,*,#1068,.T.);
#654=ORIENTED_EDGE('',*,*,#888,.T.);
#655=ORIENTED_EDGE('',*,*,#1069,.T.);
#656=ORIENTED_EDGE('',*,*,#957,.T.);
#657=ORIENTED_EDGE('',*,*,#1070,.T.);
#658=ORIENTED_EDGE('',*,*,#899,.F.);
#659=ORIENTED_EDGE('',*,*,#1071,.T.);
#660=ORIENTED_EDGE('',*,*,#1072,.F.);
#661=ORIENTED_EDGE('',*,*,#1073,.F.);
#662=ORIENTED_EDGE('',*,*,#1074,.F.);
#663=ORIENTED_EDGE('',*,*,#1075,.F.);
#664=ORIENTED_EDGE('',*,*,#1076,.F.);
#665=ORIENTED_EDGE('',*,*,#1077,.F.);
#666=ORIENTED_EDGE('',*,*,#887,.T.);
#667=ORIENTED_EDGE('',*,*,#892,.F.);
#668=ORIENTED_EDGE('',*,*,#1078,.F.);
#669=ORIENTED_EDGE('',*,*,#1072,.T.);
#670=ORIENTED_EDGE('',*,*,#1079,.T.);
#671=ORIENTED_EDGE('',*,*,#891,.F.);
#672=ORIENTED_EDGE('',*,*,#1080,.F.);
#673=ORIENTED_EDGE('',*,*,#1073,.T.);
#674=ORIENTED_EDGE('',*,*,#1078,.T.);
#675=ORIENTED_EDGE('',*,*,#890,.F.);
#676=ORIENTED_EDGE('',*,*,#1081,.T.);
#677=ORIENTED_EDGE('',*,*,#1082,.F.);
#678=ORIENTED_EDGE('',*,*,#1074,.T.);
#679=ORIENTED_EDGE('',*,*,#1080,.T.);
#680=ORIENTED_EDGE('',*,*,#895,.F.);
#681=ORIENTED_EDGE('',*,*,#1083,.F.);
#682=ORIENTED_EDGE('',*,*,#1075,.T.);
#683=ORIENTED_EDGE('',*,*,#1082,.T.);
#684=ORIENTED_EDGE('',*,*,#1084,.T.);
#685=ORIENTED_EDGE('',*,*,#894,.F.);
#686=ORIENTED_EDGE('',*,*,#1085,.F.);
#687=ORIENTED_EDGE('',*,*,#1076,.T.);
#688=ORIENTED_EDGE('',*,*,#1083,.T.);
#689=ORIENTED_EDGE('',*,*,#893,.F.);
#690=ORIENTED_EDGE('',*,*,#1079,.F.);
#691=ORIENTED_EDGE('',*,*,#1077,.T.);
#692=ORIENTED_EDGE('',*,*,#1085,.T.);
#693=ORIENTED_EDGE('',*,*,#1086,.T.);
#694=ORIENTED_EDGE('',*,*,#1087,.T.);
#695=ORIENTED_EDGE('',*,*,#1064,.T.);
#696=ORIENTED_EDGE('',*,*,#1088,.F.);
#697=ORIENTED_EDGE('',*,*,#1089,.F.);
#698=ORIENTED_EDGE('',*,*,#1063,.T.);
#699=ORIENTED_EDGE('',*,*,#1090,.F.);
#700=ORIENTED_EDGE('',*,*,#1091,.F.);
#701=ORIENTED_EDGE('',*,*,#1088,.T.);
#702=ORIENTED_EDGE('',*,*,#1062,.T.);
#703=ORIENTED_EDGE('',*,*,#1092,.F.);
#704=ORIENTED_EDGE('',*,*,#1093,.F.);
#705=ORIENTED_EDGE('',*,*,#1090,.T.);
#706=ORIENTED_EDGE('',*,*,#1061,.T.);
#707=ORIENTED_EDGE('',*,*,#1094,.F.);
#708=ORIENTED_EDGE('',*,*,#1095,.F.);
#709=ORIENTED_EDGE('',*,*,#1092,.T.);
#710=ORIENTED_EDGE('',*,*,#1060,.T.);
#711=ORIENTED_EDGE('',*,*,#1096,.F.);
#712=ORIENTED_EDGE('',*,*,#1097,.F.);
#713=ORIENTED_EDGE('',*,*,#1094,.T.);
#714=ORIENTED_EDGE('',*,*,#1059,.T.);
#715=ORIENTED_EDGE('',*,*,#1098,.T.);
#716=ORIENTED_EDGE('',*,*,#1086,.F.);
#717=ORIENTED_EDGE('',*,*,#1099,.F.);
#718=ORIENTED_EDGE('',*,*,#1096,.T.);
#719=ORIENTED_EDGE('',*,*,#885,.F.);
#720=ORIENTED_EDGE('',*,*,#1089,.T.);
#721=ORIENTED_EDGE('',*,*,#1091,.T.);
#722=ORIENTED_EDGE('',*,*,#1093,.T.);
#723=ORIENTED_EDGE('',*,*,#1095,.T.);
#724=ORIENTED_EDGE('',*,*,#1097,.T.);
#725=ORIENTED_EDGE('',*,*,#1099,.T.);
#726=ORIENTED_EDGE('',*,*,#937,.F.);
#727=ORIENTED_EDGE('',*,*,#996,.F.);
#728=ORIENTED_EDGE('',*,*,#1100,.F.);
#729=ORIENTED_EDGE('',*,*,#989,.F.);
#730=ORIENTED_EDGE('',*,*,#1045,.T.);
#731=ORIENTED_EDGE('',*,*,#1101,.T.);
#732=ORIENTED_EDGE('',*,*,#969,.F.);
#733=ORIENTED_EDGE('',*,*,#1102,.T.);
#734=ORIENTED_EDGE('',*,*,#990,.F.);
#735=ORIENTED_EDGE('',*,*,#1100,.T.);
#736=ORIENTED_EDGE('',*,*,#927,.F.);
#737=ORIENTED_EDGE('',*,*,#1103,.T.);
#738=ORIENTED_EDGE('',*,*,#1047,.F.);
#739=ORIENTED_EDGE('',*,*,#909,.F.);
#740=ORIENTED_EDGE('',*,*,#1104,.F.);
#741=ORIENTED_EDGE('',*,*,#986,.F.);
#742=ORIENTED_EDGE('',*,*,#908,.F.);
#743=ORIENTED_EDGE('',*,*,#1105,.T.);
#744=ORIENTED_EDGE('',*,*,#981,.F.);
#745=ORIENTED_EDGE('',*,*,#1104,.T.);
#746=ORIENTED_EDGE('',*,*,#926,.F.);
#747=ORIENTED_EDGE('',*,*,#1106,.T.);
#748=ORIENTED_EDGE('',*,*,#1042,.F.);
#749=ORIENTED_EDGE('',*,*,#1103,.F.);
#750=ORIENTED_EDGE('',*,*,#1044,.F.);
#751=ORIENTED_EDGE('',*,*,#1107,.T.);
#752=ORIENTED_EDGE('',*,*,#938,.F.);
#753=ORIENTED_EDGE('',*,*,#1101,.F.);
#754=ORIENTED_EDGE('',*,*,#977,.F.);
#755=ORIENTED_EDGE('',*,*,#1001,.F.);
#756=ORIENTED_EDGE('',*,*,#931,.F.);
#757=ORIENTED_EDGE('',*,*,#983,.F.);
#758=ORIENTED_EDGE('',*,*,#979,.F.);
#759=ORIENTED_EDGE('',*,*,#984,.F.);
#760=ORIENTED_EDGE('',*,*,#929,.F.);
#761=ORIENTED_EDGE('',*,*,#985,.F.);
#762=ORIENTED_EDGE('',*,*,#967,.F.);
#763=ORIENTED_EDGE('',*,*,#997,.F.);
#764=ORIENTED_EDGE('',*,*,#933,.F.);
#765=ORIENTED_EDGE('',*,*,#1000,.F.);
#766=ORIENTED_EDGE('',*,*,#971,.F.);
#767=ORIENTED_EDGE('',*,*,#995,.F.);
#768=ORIENTED_EDGE('',*,*,#935,.F.);
#769=ORIENTED_EDGE('',*,*,#998,.F.);
#770=ORIENTED_EDGE('',*,*,#1028,.F.);
#771=ORIENTED_EDGE('',*,*,#1056,.F.);
#772=ORIENTED_EDGE('',*,*,#1108,.F.);
#773=ORIENTED_EDGE('',*,*,#993,.F.);
#774=ORIENTED_EDGE('',*,*,#944,.F.);
#775=ORIENTED_EDGE('',*,*,#994,.F.);
#776=ORIENTED_EDGE('',*,*,#1108,.T.);
#777=ORIENTED_EDGE('',*,*,#1065,.F.);
#778=ORIENTED_EDGE('',*,*,#1087,.F.);
#779=ORIENTED_EDGE('',*,*,#1098,.F.);
#780=ORIENTED_EDGE('',*,*,#1058,.F.);
#781=ORIENTED_EDGE('',*,*,#1066,.F.);
#782=ORIENTED_EDGE('',*,*,#1057,.F.);
#783=ORIENTED_EDGE('',*,*,#1026,.F.);
#784=ORIENTED_EDGE('',*,*,#1053,.F.);
#785=ORIENTED_EDGE('',*,*,#1067,.F.);
#786=ORIENTED_EDGE('',*,*,#1054,.F.);
#787=ORIENTED_EDGE('',*,*,#1024,.F.);
#788=ORIENTED_EDGE('',*,*,#946,.F.);
#789=ORIENTED_EDGE('',*,*,#954,.F.);
#790=ORIENTED_EDGE('',*,*,#905,.F.);
#791=ORIENTED_EDGE('',*,*,#1109,.F.);
#792=ORIENTED_EDGE('',*,*,#1068,.F.);
#793=ORIENTED_EDGE('',*,*,#1109,.T.);
#794=ORIENTED_EDGE('',*,*,#904,.F.);
#795=ORIENTED_EDGE('',*,*,#951,.F.);
#796=ORIENTED_EDGE('',*,*,#896,.F.);
#797=ORIENTED_EDGE('',*,*,#1084,.F.);
#798=ORIENTED_EDGE('',*,*,#1081,.F.);
#799=ORIENTED_EDGE('',*,*,#889,.F.);
#800=ORIENTED_EDGE('',*,*,#900,.F.);
#801=ORIENTED_EDGE('',*,*,#1070,.F.);
#802=ORIENTED_EDGE('',*,*,#956,.F.);
#803=ORIENTED_EDGE('',*,*,#1069,.F.);
#804=ORIENTED_EDGE('',*,*,#898,.F.);
#805=ORIENTED_EDGE('',*,*,#950,.F.);
#806=ORIENTED_EDGE('',*,*,#958,.F.);
#807=ORIENTED_EDGE('',*,*,#1071,.F.);
#808=ORIENTED_EDGE('',*,*,#1049,.F.);
#809=ORIENTED_EDGE('',*,*,#1033,.F.);
#810=ORIENTED_EDGE('',*,*,#921,.F.);
#811=ORIENTED_EDGE('',*,*,#1037,.F.);
#812=ORIENTED_EDGE('',*,*,#1050,.F.);
#813=ORIENTED_EDGE('',*,*,#1038,.F.);
#814=ORIENTED_EDGE('',*,*,#919,.F.);
#815=ORIENTED_EDGE('',*,*,#1040,.F.);
#816=ORIENTED_EDGE('',*,*,#1048,.F.);
#817=ORIENTED_EDGE('',*,*,#1030,.F.);
#818=ORIENTED_EDGE('',*,*,#915,.F.);
#819=ORIENTED_EDGE('',*,*,#1035,.F.);
#820=ORIENTED_EDGE('',*,*,#1051,.F.);
#821=ORIENTED_EDGE('',*,*,#1041,.F.);
#822=ORIENTED_EDGE('',*,*,#917,.F.);
#823=ORIENTED_EDGE('',*,*,#1032,.F.);
#824=ORIENTED_EDGE('',*,*,#1017,.F.);
#825=ORIENTED_EDGE('',*,*,#1110,.T.);
#826=ORIENTED_EDGE('',*,*,#1002,.F.);
#827=ORIENTED_EDGE('',*,*,#1022,.F.);
#828=ORIENTED_EDGE('',*,*,#1004,.F.);
#829=ORIENTED_EDGE('',*,*,#1111,.T.);
#830=ORIENTED_EDGE('',*,*,#1007,.F.);
#831=ORIENTED_EDGE('',*,*,#961,.F.);
#832=ORIENTED_EDGE('',*,*,#1112,.T.);
#833=ORIENTED_EDGE('',*,*,#1015,.F.);
#834=ORIENTED_EDGE('',*,*,#1021,.F.);
#835=ORIENTED_EDGE('',*,*,#1012,.F.);
#836=ORIENTED_EDGE('',*,*,#1009,.F.);
#837=ORIENTED_EDGE('',*,*,#1113,.T.);
#838=ORIENTED_EDGE('',*,*,#1010,.F.);
#839=ORIENTED_EDGE('',*,*,#963,.F.);
#840=ORIENTED_EDGE('',*,*,#1114,.F.);
#841=ORIENTED_EDGE('',*,*,#1008,.F.);
#842=ORIENTED_EDGE('',*,*,#1115,.F.);
#843=ORIENTED_EDGE('',*,*,#913,.F.);
#844=ORIENTED_EDGE('',*,*,#1115,.T.);
#845=ORIENTED_EDGE('',*,*,#1111,.F.);
#846=ORIENTED_EDGE('',*,*,#1116,.F.);
#847=ORIENTED_EDGE('',*,*,#1113,.F.);
#848=ORIENTED_EDGE('',*,*,#1114,.T.);
#849=ORIENTED_EDGE('',*,*,#1117,.F.);
#850=ORIENTED_EDGE('',*,*,#1116,.T.);
#851=ORIENTED_EDGE('',*,*,#1003,.F.);
#852=ORIENTED_EDGE('',*,*,#1118,.F.);
#853=ORIENTED_EDGE('',*,*,#910,.F.);
#854=ORIENTED_EDGE('',*,*,#1117,.T.);
#855=ORIENTED_EDGE('',*,*,#912,.F.);
#856=ORIENTED_EDGE('',*,*,#1119,.F.);
#857=ORIENTED_EDGE('',*,*,#1011,.F.);
#858=ORIENTED_EDGE('',*,*,#1118,.T.);
#859=ORIENTED_EDGE('',*,*,#1110,.F.);
#860=ORIENTED_EDGE('',*,*,#1120,.F.);
#861=ORIENTED_EDGE('',*,*,#1112,.F.);
#862=ORIENTED_EDGE('',*,*,#1119,.T.);
#863=ORIENTED_EDGE('',*,*,#1121,.F.);
#864=ORIENTED_EDGE('',*,*,#1120,.T.);
#865=ORIENTED_EDGE('',*,*,#1016,.F.);
#866=ORIENTED_EDGE('',*,*,#1121,.T.);
#867=ORIENTED_EDGE('',*,*,#911,.F.);
#868=ORIENTED_EDGE('',*,*,#953,.F.);
#869=ORIENTED_EDGE('',*,*,#1029,.F.);
#870=ORIENTED_EDGE('',*,*,#1019,.F.);
#871=ORIENTED_EDGE('',*,*,#991,.F.);
#872=ORIENTED_EDGE('',*,*,#1102,.F.);
#873=ORIENTED_EDGE('',*,*,#999,.F.);
#874=ORIENTED_EDGE('',*,*,#1105,.F.);
#875=ORIENTED_EDGE('',*,*,#907,.F.);
#876=ORIENTED_EDGE('',*,*,#1107,.F.);
#877=ORIENTED_EDGE('',*,*,#1043,.F.);
#878=ORIENTED_EDGE('',*,*,#1106,.F.);
#879=ORIENTED_EDGE('',*,*,#925,.F.);
#880=ORIENTED_EDGE('',*,*,#902,.F.);
#881=ORIENTED_EDGE('',*,*,#1046,.F.);
#882=ORIENTED_EDGE('',*,*,#987,.F.);
#883=ORIENTED_EDGE('',*,*,#942,.F.);
#884=EDGE_CURVE('',#1122,#1122,#1280,.T.);
#885=EDGE_CURVE('',#1123,#1123,#1281,.T.);
#886=EDGE_CURVE('',#1124,#1124,#1282,.T.);
#887=EDGE_CURVE('',#1125,#1125,#1283,.F.);
#888=EDGE_CURVE('',#1126,#1127,#34,.T.);
#889=EDGE_CURVE('',#1126,#1128,#35,.T.);
#890=EDGE_CURVE('',#1128,#1129,#36,.T.);
#891=EDGE_CURVE('',#1129,#1130,#37,.T.);
#892=EDGE_CURVE('',#1130,#1131,#38,.T.);
#893=EDGE_CURVE('',#1131,#1132,#39,.T.);
#894=EDGE_CURVE('',#1132,#1133,#40,.T.);
#895=EDGE_CURVE('',#1133,#1134,#41,.T.);
#896=EDGE_CURVE('',#1134,#1135,#42,.T.);
#897=EDGE_CURVE('',#1135,#1136,#43,.T.);
#898=EDGE_CURVE('',#1136,#1137,#1284,.F.);
#899=EDGE_CURVE('',#1137,#1138,#44,.T.);
#900=EDGE_CURVE('',#1138,#1127,#1285,.F.);
#901=EDGE_CURVE('',#1139,#1140,#45,.T.);
#902=EDGE_CURVE('',#1140,#1141,#46,.T.);
#903=EDGE_CURVE('',#1142,#1141,#47,.T.);
#904=EDGE_CURVE('',#1142,#1143,#48,.F.);
#905=EDGE_CURVE('',#1143,#1144,#49,.T.);
#906=EDGE_CURVE('',#1145,#1144,#50,.T.);
#907=EDGE_CURVE('',#1145,#1146,#51,.F.);
#908=EDGE_CURVE('',#1146,#1147,#52,.T.);
#909=EDGE_CURVE('',#1147,#1139,#53,.T.);
#910=EDGE_CURVE('',#1148,#1149,#54,.T.);
#911=EDGE_CURVE('',#1149,#1150,#55,.T.);
#912=EDGE_CURVE('',#1150,#1151,#56,.T.);
#913=EDGE_CURVE('',#1151,#1148,#57,.T.);
#914=EDGE_CURVE('',#1152,#1153,#58,.T.);
#915=EDGE_CURVE('',#1152,#1154,#1286,.F.);
#916=EDGE_CURVE('',#1154,#1155,#59,.T.);
#917=EDGE_CURVE('',#1155,#1156,#1287,.F.);
#918=EDGE_CURVE('',#1156,#1157,#60,.T.);
#919=EDGE_CURVE('',#1157,#1158,#1288,.F.);
#920=EDGE_CURVE('',#1159,#1158,#61,.T.);
#921=EDGE_CURVE('',#1159,#1153,#1289,.F.);
#922=EDGE_CURVE('',#1160,#1160,#1290,.T.);
#923=EDGE_CURVE('',#1161,#1161,#1291,.T.);
#924=EDGE_CURVE('',#1162,#1162,#1292,.T.);
#925=EDGE_CURVE('',#1163,#1164,#62,.T.);
#926=EDGE_CURVE('',#1164,#1165,#63,.F.);
#927=EDGE_CURVE('',#1165,#1166,#1293,.T.);
#928=EDGE_CURVE('',#1167,#1166,#64,.T.);
#929=EDGE_CURVE('',#1167,#1168,#1294,.F.);
#930=EDGE_CURVE('',#1168,#1169,#65,.T.);
#931=EDGE_CURVE('',#1169,#1170,#1295,.F.);
#932=EDGE_CURVE('',#1170,#1171,#66,.T.);
#933=EDGE_CURVE('',#1171,#1172,#1296,.F.);
#934=EDGE_CURVE('',#1173,#1172,#67,.T.);
#935=EDGE_CURVE('',#1173,#1174,#1297,.F.);
#936=EDGE_CURVE('',#1174,#1175,#68,.T.);
#937=EDGE_CURVE('',#1175,#1176,#1298,.T.);
#938=EDGE_CURVE('',#1176,#1163,#69,.F.);
#939=EDGE_CURVE('',#1177,#1177,#1299,.T.);
#940=EDGE_CURVE('',#1178,#1178,#1300,.T.);
#941=EDGE_CURVE('',#1179,#1179,#1301,.T.);
#942=EDGE_CURVE('',#1141,#1180,#70,.T.);
#943=EDGE_CURVE('',#1181,#1180,#71,.T.);
#944=EDGE_CURVE('',#1181,#1182,#1302,.T.);
#945=EDGE_CURVE('',#1182,#1183,#72,.T.);
#946=EDGE_CURVE('',#1183,#1184,#73,.T.);
#947=EDGE_CURVE('',#1185,#1184,#74,.T.);
#948=EDGE_CURVE('',#1186,#1185,#1303,.T.);
#949=EDGE_CURVE('',#1187,#1186,#75,.T.);
#950=EDGE_CURVE('',#1187,#1136,#76,.F.);
#951=EDGE_CURVE('',#1135,#1142,#1304,.T.);
#952=EDGE_CURVE('',#1188,#1189,#77,.T.);
#953=EDGE_CURVE('',#1188,#1145,#78,.T.);
#954=EDGE_CURVE('',#1144,#1190,#1305,.F.);
#955=EDGE_CURVE('',#1190,#1191,#79,.T.);
#956=EDGE_CURVE('',#1191,#1192,#1306,.T.);
#957=EDGE_CURVE('',#1193,#1192,#80,.T.);
#958=EDGE_CURVE('',#1193,#1187,#1307,.T.);
#959=EDGE_CURVE('',#1194,#1186,#81,.T.);
#960=EDGE_CURVE('',#1195,#1194,#82,.T.);
#961=EDGE_CURVE('',#1195,#1196,#1308,.F.);
#962=EDGE_CURVE('',#1196,#1197,#83,.T.);
#963=EDGE_CURVE('',#1197,#1198,#1309,.F.);
#964=EDGE_CURVE('',#1198,#1189,#84,.T.);
#965=EDGE_CURVE('',#1199,#1199,#1310,.T.);
#966=EDGE_CURVE('',#1200,#1201,#85,.T.);
#967=EDGE_CURVE('',#1201,#1202,#1311,.T.);
#968=EDGE_CURVE('',#1203,#1202,#86,.T.);
#969=EDGE_CURVE('',#1203,#1204,#87,.T.);
#970=EDGE_CURVE('',#1205,#1204,#88,.T.);
#971=EDGE_CURVE('',#1205,#1200,#1312,.T.);
#972=EDGE_CURVE('',#1206,#1206,#1313,.T.);
#973=EDGE_CURVE('',#1207,#1207,#1314,.F.);
#974=EDGE_CURVE('',#1208,#1208,#1315,.F.);
#975=EDGE_CURVE('',#1209,#1209,#1316,.F.);
#976=EDGE_CURVE('',#1210,#1211,#89,.T.);
#977=EDGE_CURVE('',#1210,#1212,#1317,.T.);
#978=EDGE_CURVE('',#1213,#1212,#90,.T.);
#979=EDGE_CURVE('',#1213,#1214,#1318,.T.);
#980=EDGE_CURVE('',#1214,#1215,#91,.T.);
#981=EDGE_CURVE('',#1215,#1211,#92,.F.);
#982=EDGE_CURVE('',#1216,#1216,#1319,.T.);
#983=EDGE_CURVE('',#1212,#1169,#93,.T.);
#984=EDGE_CURVE('',#1168,#1213,#94,.F.);
#985=EDGE_CURVE('',#1214,#1167,#95,.T.);
#986=EDGE_CURVE('',#1166,#1215,#96,.F.);
#987=EDGE_CURVE('',#1180,#1217,#97,.T.);
#988=EDGE_CURVE('',#1218,#1217,#98,.T.);
#989=EDGE_CURVE('',#1218,#1219,#99,.F.);
#990=EDGE_CURVE('',#1219,#1220,#100,.F.);
#991=EDGE_CURVE('',#1220,#1221,#101,.F.);
#992=EDGE_CURVE('',#1221,#1222,#102,.T.);
#993=EDGE_CURVE('',#1222,#1223,#103,.F.);
#994=EDGE_CURVE('',#1223,#1181,#104,.F.);
#995=EDGE_CURVE('',#1174,#1205,#105,.F.);
#996=EDGE_CURVE('',#1204,#1175,#106,.T.);
#997=EDGE_CURVE('',#1172,#1201,#107,.F.);
#998=EDGE_CURVE('',#1200,#1173,#108,.T.);
#999=EDGE_CURVE('',#1211,#1203,#109,.T.);
#1000=EDGE_CURVE('',#1202,#1171,#110,.T.);
#1001=EDGE_CURVE('',#1170,#1210,#111,.F.);
#1002=EDGE_CURVE('',#1224,#1225,#112,.T.);
#1003=EDGE_CURVE('',#1225,#1226,#113,.T.);
#1004=EDGE_CURVE('',#1226,#1195,#114,.F.);
#1005=EDGE_CURVE('',#1227,#1194,#1320,.T.);
#1006=EDGE_CURVE('',#1227,#1224,#115,.T.);
#1007=EDGE_CURVE('',#1196,#1228,#116,.T.);
#1008=EDGE_CURVE('',#1228,#1229,#117,.T.);
#1009=EDGE_CURVE('',#1229,#1197,#118,.F.);
#1010=EDGE_CURVE('',#1198,#1230,#119,.T.);
#1011=EDGE_CURVE('',#1230,#1231,#120,.T.);
#1012=EDGE_CURVE('',#1231,#1232,#121,.F.);
#1013=EDGE_CURVE('',#1233,#1232,#122,.T.);
#1014=EDGE_CURVE('',#1233,#1189,#1321,.T.);
#1015=EDGE_CURVE('',#1234,#1235,#123,.T.);
#1016=EDGE_CURVE('',#1235,#1236,#124,.T.);
#1017=EDGE_CURVE('',#1236,#1237,#125,.F.);
#1018=EDGE_CURVE('',#1237,#1234,#126,.T.);
#1019=EDGE_CURVE('',#1221,#1238,#127,.T.);
#1020=EDGE_CURVE('',#1233,#1238,#128,.F.);
#1021=EDGE_CURVE('',#1232,#1234,#1322,.F.);
#1022=EDGE_CURVE('',#1237,#1224,#1323,.F.);
#1023=EDGE_CURVE('',#1185,#1227,#129,.F.);
#1024=EDGE_CURVE('',#1184,#1239,#1324,.T.);
#1025=EDGE_CURVE('',#1239,#1240,#130,.T.);
#1026=EDGE_CURVE('',#1240,#1241,#1325,.T.);
#1027=EDGE_CURVE('',#1242,#1241,#131,.T.);
#1028=EDGE_CURVE('',#1242,#1222,#1326,.F.);
#1029=EDGE_CURVE('',#1238,#1188,#21,.F.);
#1030=EDGE_CURVE('',#1154,#1243,#132,.F.);
#1031=EDGE_CURVE('',#1243,#1244,#133,.T.);
#1032=EDGE_CURVE('',#1244,#1155,#134,.T.);
#1033=EDGE_CURVE('',#1153,#1245,#135,.F.);
#1034=EDGE_CURVE('',#1246,#1245,#136,.T.);
#1035=EDGE_CURVE('',#1246,#1152,#137,.T.);
#1036=EDGE_CURVE('',#1247,#1248,#138,.T.);
#1037=EDGE_CURVE('',#1247,#1159,#139,.T.);
#1038=EDGE_CURVE('',#1158,#1248,#140,.F.);
#1039=EDGE_CURVE('',#1249,#1250,#141,.T.);
#1040=EDGE_CURVE('',#1250,#1157,#142,.T.);
#1041=EDGE_CURVE('',#1156,#1249,#143,.F.);
#1042=EDGE_CURVE('',#1251,#1252,#144,.F.);
#1043=EDGE_CURVE('',#1252,#1253,#145,.T.);
#1044=EDGE_CURVE('',#1253,#1254,#146,.T.);
#1045=EDGE_CURVE('',#1218,#1254,#1327,.T.);
#1046=EDGE_CURVE('',#1217,#1140,#147,.T.);
#1047=EDGE_CURVE('',#1139,#1251,#1328,.F.);
#1048=EDGE_CURVE('',#1243,#1246,#1329,.F.);
#1049=EDGE_CURVE('',#1245,#1247,#1330,.F.);
#1050=EDGE_CURVE('',#1248,#1250,#1331,.F.);
#1051=EDGE_CURVE('',#1249,#1244,#1332,.F.);
#1052=EDGE_CURVE('',#1255,#1256,#148,.T.);
#1053=EDGE_CURVE('',#1256,#1240,#149,.T.);
#1054=EDGE_CURVE('',#1239,#1255,#150,.F.);
#1055=EDGE_CURVE('',#1257,#1258,#151,.T.);
#1056=EDGE_CURVE('',#1257,#1242,#152,.T.);
#1057=EDGE_CURVE('',#1241,#1258,#153,.F.);
#1058=EDGE_CURVE('',#1182,#1259,#154,.T.);
#1059=EDGE_CURVE('',#1260,#1259,#155,.T.);
#1060=EDGE_CURVE('',#1261,#1260,#156,.T.);
#1061=EDGE_CURVE('',#1262,#1261,#157,.T.);
#1062=EDGE_CURVE('',#1263,#1262,#158,.T.);
#1063=EDGE_CURVE('',#1264,#1263,#159,.T.);
#1064=EDGE_CURVE('',#1265,#1264,#160,.T.);
#1065=EDGE_CURVE('',#1265,#1257,#161,.T.);
#1066=EDGE_CURVE('',#1258,#1256,#1333,.F.);
#1067=EDGE_CURVE('',#1255,#1183,#1334,.F.);
#1068=EDGE_CURVE('',#1190,#1126,#162,.F.);
#1069=EDGE_CURVE('',#1127,#1191,#163,.T.);
#1070=EDGE_CURVE('',#1192,#1138,#164,.F.);
#1071=EDGE_CURVE('',#1137,#1193,#165,.T.);
#1072=EDGE_CURVE('',#1266,#1267,#166,.T.);
#1073=EDGE_CURVE('',#1268,#1266,#167,.T.);
#1074=EDGE_CURVE('',#1269,#1268,#168,.T.);
#1075=EDGE_CURVE('',#1270,#1269,#169,.T.);
#1076=EDGE_CURVE('',#1271,#1270,#170,.T.);
#1077=EDGE_CURVE('',#1267,#1271,#171,.T.);
#1078=EDGE_CURVE('',#1266,#1130,#172,.T.);
#1079=EDGE_CURVE('',#1267,#1131,#173,.T.);
#1080=EDGE_CURVE('',#1268,#1129,#174,.T.);
#1081=EDGE_CURVE('',#1128,#1272,#22,.F.);
#1082=EDGE_CURVE('',#1269,#1272,#175,.T.);
#1083=EDGE_CURVE('',#1270,#1133,#176,.T.);
#1084=EDGE_CURVE('',#1272,#1134,#23,.F.);
#1085=EDGE_CURVE('',#1271,#1132,#177,.T.);
#1086=EDGE_CURVE('',#1273,#1274,#178,.T.);
#1087=EDGE_CURVE('',#1274,#1265,#24,.T.);
#1088=EDGE_CURVE('',#1275,#1264,#179,.T.);
#1089=EDGE_CURVE('',#1273,#1275,#180,.T.);
#1090=EDGE_CURVE('',#1276,#1263,#181,.T.);
#1091=EDGE_CURVE('',#1275,#1276,#182,.T.);
#1092=EDGE_CURVE('',#1277,#1262,#183,.T.);
#1093=EDGE_CURVE('',#1276,#1277,#184,.T.);
#1094=EDGE_CURVE('',#1278,#1261,#185,.T.);
#1095=EDGE_CURVE('',#1277,#1278,#186,.T.);
#1096=EDGE_CURVE('',#1279,#1260,#187,.T.);
#1097=EDGE_CURVE('',#1278,#1279,#188,.T.);
#1098=EDGE_CURVE('',#1259,#1274,#25,.T.);
#1099=EDGE_CURVE('',#1279,#1273,#189,.T.);
#1100=EDGE_CURVE('',#1219,#1204,#26,.F.);
#1101=EDGE_CURVE('',#1254,#1176,#16,.F.);
#1102=EDGE_CURVE('',#1203,#1220,#27,.F.);
#1103=EDGE_CURVE('',#1165,#1251,#17,.T.);
#1104=EDGE_CURVE('',#1215,#1147,#28,.F.);
#1105=EDGE_CURVE('',#1146,#1211,#29,.F.);
#1106=EDGE_CURVE('',#1164,#1252,#30,.F.);
#1107=EDGE_CURVE('',#1253,#1163,#31,.F.);
#1108=EDGE_CURVE('',#1223,#1257,#32,.T.);
#1109=EDGE_CURVE('',#1126,#1143,#33,.T.);
#1110=EDGE_CURVE('',#1236,#1225,#1335,.F.);
#1111=EDGE_CURVE('',#1226,#1228,#1336,.F.);
#1112=EDGE_CURVE('',#1231,#1235,#18,.F.);
#1113=EDGE_CURVE('',#1229,#1230,#1337,.F.);
#1114=EDGE_CURVE('',#1229,#1151,#190,.T.);
#1115=EDGE_CURVE('',#1148,#1228,#191,.T.);
#1116=EDGE_CURVE('',#1148,#1226,#192,.T.);
#1117=EDGE_CURVE('',#1230,#1151,#193,.T.);
#1118=EDGE_CURVE('',#1149,#1225,#194,.T.);
#1119=EDGE_CURVE('',#1231,#1150,#19,.F.);
#1120=EDGE_CURVE('',#1149,#1236,#195,.T.);
#1121=EDGE_CURVE('',#1235,#1150,#20,.T.);
#1122=VERTEX_POINT('',#2356);
#1123=VERTEX_POINT('',#2358);
#1124=VERTEX_POINT('',#2361);
#1125=VERTEX_POINT('',#2363);
#1126=VERTEX_POINT('',#2366);
#1127=VERTEX_POINT('',#2367);
#1128=VERTEX_POINT('',#2369);
#1129=VERTEX_POINT('',#2371);
#1130=VERTEX_POINT('',#2373);
#1131=VERTEX_POINT('',#2375);
#1132=VERTEX_POINT('',#2377);
#1133=VERTEX_POINT('',#2379);
#1134=VERTEX_POINT('',#2381);
#1135=VERTEX_POINT('',#2383);
#1136=VERTEX_POINT('',#2385);
#1137=VERTEX_POINT('',#2387);
#1138=VERTEX_POINT('',#2389);
#1139=VERTEX_POINT('',#2393);
#1140=VERTEX_POINT('',#2394);
#1141=VERTEX_POINT('',#2396);
#1142=VERTEX_POINT('',#2398);
#1143=VERTEX_POINT('',#2400);
#1144=VERTEX_POINT('',#2402);
#1145=VERTEX_POINT('',#2404);
#1146=VERTEX_POINT('',#2406);
#1147=VERTEX_POINT('',#2408);
#1148=VERTEX_POINT('',#2412);
#1149=VERTEX_POINT('',#2413);
#1150=VERTEX_POINT('',#2415);
#1151=VERTEX_POINT('',#2417);
#1152=VERTEX_POINT('',#2420);
#1153=VERTEX_POINT('',#2421);
#1154=VERTEX_POINT('',#2423);
#1155=VERTEX_POINT('',#2425);
#1156=VERTEX_POINT('',#2427);
#1157=VERTEX_POINT('',#2429);
#1158=VERTEX_POINT('',#2431);
#1159=VERTEX_POINT('',#2433);
#1160=VERTEX_POINT('',#2437);
#1161=VERTEX_POINT('',#2439);
#1162=VERTEX_POINT('',#2441);
#1163=VERTEX_POINT('',#2443);
#1164=VERTEX_POINT('',#2444);
#1165=VERTEX_POINT('',#2446);
#1166=VERTEX_POINT('',#2448);
#1167=VERTEX_POINT('',#2450);
#1168=VERTEX_POINT('',#2452);
#1169=VERTEX_POINT('',#2454);
#1170=VERTEX_POINT('',#2456);
#1171=VERTEX_POINT('',#2458);
#1172=VERTEX_POINT('',#2460);
#1173=VERTEX_POINT('',#2462);
#1174=VERTEX_POINT('',#2464);
#1175=VERTEX_POINT('',#2466);
#1176=VERTEX_POINT('',#2468);
#1177=VERTEX_POINT('',#2471);
#1178=VERTEX_POINT('',#2473);
#1179=VERTEX_POINT('',#2475);
#1180=VERTEX_POINT('',#2478);
#1181=VERTEX_POINT('',#2480);
#1182=VERTEX_POINT('',#2482);
#1183=VERTEX_POINT('',#2484);
#1184=VERTEX_POINT('',#2486);
#1185=VERTEX_POINT('',#2488);
#1186=VERTEX_POINT('',#2490);
#1187=VERTEX_POINT('',#2492);
#1188=VERTEX_POINT('',#2497);
#1189=VERTEX_POINT('',#2498);
#1190=VERTEX_POINT('',#2501);
#1191=VERTEX_POINT('',#2503);
#1192=VERTEX_POINT('',#2505);
#1193=VERTEX_POINT('',#2507);
#1194=VERTEX_POINT('',#2510);
#1195=VERTEX_POINT('',#2512);
#1196=VERTEX_POINT('',#2514);
#1197=VERTEX_POINT('',#2516);
#1198=VERTEX_POINT('',#2518);
#1199=VERTEX_POINT('',#2522);
#1200=VERTEX_POINT('',#2524);
#1201=VERTEX_POINT('',#2525);
#1202=VERTEX_POINT('',#2527);
#1203=VERTEX_POINT('',#2529);
#1204=VERTEX_POINT('',#2531);
#1205=VERTEX_POINT('',#2533);
#1206=VERTEX_POINT('',#2536);
#1207=VERTEX_POINT('',#2538);
#1208=VERTEX_POINT('',#2541);
#1209=VERTEX_POINT('',#2543);
#1210=VERTEX_POINT('',#2545);
#1211=VERTEX_POINT('',#2546);
#1212=VERTEX_POINT('',#2548);
#1213=VERTEX_POINT('',#2550);
#1214=VERTEX_POINT('',#2552);
#1215=VERTEX_POINT('',#2554);
#1216=VERTEX_POINT('',#2557);
#1217=VERTEX_POINT('',#2566);
#1218=VERTEX_POINT('',#2568);
#1219=VERTEX_POINT('',#2570);
#1220=VERTEX_POINT('',#2572);
#1221=VERTEX_POINT('',#2574);
#1222=VERTEX_POINT('',#2576);
#1223=VERTEX_POINT('',#2578);
#1224=VERTEX_POINT('',#2592);
#1225=VERTEX_POINT('',#2593);
#1226=VERTEX_POINT('',#2595);
#1227=VERTEX_POINT('',#2598);
#1228=VERTEX_POINT('',#2602);
#1229=VERTEX_POINT('',#2604);
#1230=VERTEX_POINT('',#2608);
#1231=VERTEX_POINT('',#2610);
#1232=VERTEX_POINT('',#2612);
#1233=VERTEX_POINT('',#2614);
#1234=VERTEX_POINT('',#2618);
#1235=VERTEX_POINT('',#2619);
#1236=VERTEX_POINT('',#2621);
#1237=VERTEX_POINT('',#2623);
#1238=VERTEX_POINT('',#2627);
#1239=VERTEX_POINT('',#2633);
#1240=VERTEX_POINT('',#2635);
#1241=VERTEX_POINT('',#2637);
#1242=VERTEX_POINT('',#2639);
#1243=VERTEX_POINT('',#2652);
#1244=VERTEX_POINT('',#2654);
#1245=VERTEX_POINT('',#2658);
#1246=VERTEX_POINT('',#2660);
#1247=VERTEX_POINT('',#2664);
#1248=VERTEX_POINT('',#2665);
#1249=VERTEX_POINT('',#2670);
#1250=VERTEX_POINT('',#2671);
#1251=VERTEX_POINT('',#2676);
#1252=VERTEX_POINT('',#2677);
#1253=VERTEX_POINT('',#2679);
#1254=VERTEX_POINT('',#2681);
#1255=VERTEX_POINT('',#2691);
#1256=VERTEX_POINT('',#2692);
#1257=VERTEX_POINT('',#2697);
#1258=VERTEX_POINT('',#2698);
#1259=VERTEX_POINT('',#2703);
#1260=VERTEX_POINT('',#2705);
#1261=VERTEX_POINT('',#2707);
#1262=VERTEX_POINT('',#2709);
#1263=VERTEX_POINT('',#2711);
#1264=VERTEX_POINT('',#2713);
#1265=VERTEX_POINT('',#2715);
#1266=VERTEX_POINT('',#2727);
#1267=VERTEX_POINT('',#2728);
#1268=VERTEX_POINT('',#2730);
#1269=VERTEX_POINT('',#2732);
#1270=VERTEX_POINT('',#2734);
#1271=VERTEX_POINT('',#2736);
#1272=VERTEX_POINT('',#2745);
#1273=VERTEX_POINT('',#2755);
#1274=VERTEX_POINT('',#2756);
#1275=VERTEX_POINT('',#2759);
#1276=VERTEX_POINT('',#2763);
#1277=VERTEX_POINT('',#2767);
#1278=VERTEX_POINT('',#2771);
#1279=VERTEX_POINT('',#2775);
#1280=CIRCLE('',#1710,0.00255);
#1281=CIRCLE('',#1711,0.00255);
#1282=CIRCLE('',#1713,0.00255);
#1283=CIRCLE('',#1714,0.00255);
#1284=CIRCLE('',#1716,0.003);
#1285=CIRCLE('',#1717,0.003);
#1286=CIRCLE('',#1720,0.003);
#1287=CIRCLE('',#1721,0.003);
#1288=CIRCLE('',#1722,0.003);
#1289=CIRCLE('',#1723,0.003);
#1290=CIRCLE('',#1725,0.0021);
#1291=CIRCLE('',#1726,0.0021);
#1292=CIRCLE('',#1727,0.0021);
#1293=CIRCLE('',#1728,0.01);
#1294=CIRCLE('',#1729,0.005);
#1295=CIRCLE('',#1730,0.005);
#1296=CIRCLE('',#1731,0.005);
#1297=CIRCLE('',#1732,0.005);
#1298=CIRCLE('',#1733,0.01);
#1299=CIRCLE('',#1734,0.0021);
#1300=CIRCLE('',#1735,0.0021);
#1301=CIRCLE('',#1736,0.0021);
#1302=CIRCLE('',#1738,0.003);
#1303=CIRCLE('',#1739,0.006);
#1304=CIRCLE('',#1740,0.003);
#1305=CIRCLE('',#1742,0.003);
#1306=CIRCLE('',#1743,0.003);
#1307=CIRCLE('',#1744,0.003);
#1308=CIRCLE('',#1745,0.002);
#1309=CIRCLE('',#1746,0.002);
#1310=CIRCLE('',#1748,0.0021);
#1311=CIRCLE('',#1749,0.005);
#1312=CIRCLE('',#1750,0.005);
#1313=CIRCLE('',#1751,0.0021);
#1314=CIRCLE('',#1752,0.0021);
#1315=CIRCLE('',#1754,0.0021);
#1316=CIRCLE('',#1755,0.0021);
#1317=CIRCLE('',#1756,0.005);
#1318=CIRCLE('',#1757,0.005);
#1319=CIRCLE('',#1758,0.0021);
#1320=CIRCLE('',#1766,0.006);
#1321=CIRCLE('',#1769,0.006);
#1322=CIRCLE('',#1772,0.002);
#1323=CIRCLE('',#1773,0.002);
#1324=CIRCLE('',#1774,0.003);
#1325=CIRCLE('',#1775,0.003);
#1326=CIRCLE('',#1776,0.003);
#1327=CIRCLE('',#1791,0.01);
#1328=CIRCLE('',#1792,0.01);
#1329=CIRCLE('',#1793,0.003);
#1330=CIRCLE('',#1794,0.003);
#1331=CIRCLE('',#1795,0.003);
#1332=CIRCLE('',#1796,0.003);
#1333=CIRCLE('',#1800,0.003);
#1334=CIRCLE('',#1801,0.003);
#1335=CIRCLE('',#1853,0.002);
#1336=CIRCLE('',#1855,0.002);
#1337=CIRCLE('',#1858,0.002);
#1338=EDGE_LOOP('',(#408));
#1339=EDGE_LOOP('',(#409));
#1340=EDGE_LOOP('',(#410));
#1341=EDGE_LOOP('',(#411));
#1342=EDGE_LOOP('',(#412,#413,#414,#415,#416,#417,#418,#419,#420,#421,#422,
#423,#424));
#1343=EDGE_LOOP('',(#425,#426,#427,#428,#429,#430,#431,#432,#433));
#1344=EDGE_LOOP('',(#434,#435,#436,#437));
#1345=EDGE_LOOP('',(#438,#439,#440,#441,#442,#443,#444,#445));
#1346=EDGE_LOOP('',(#446));
#1347=EDGE_LOOP('',(#447));
#1348=EDGE_LOOP('',(#448));
#1349=EDGE_LOOP('',(#449,#450,#451,#452,#453,#454,#455,#456,#457,#458,#459,
#460,#461,#462));
#1350=EDGE_LOOP('',(#463));
#1351=EDGE_LOOP('',(#464));
#1352=EDGE_LOOP('',(#465));
#1353=EDGE_LOOP('',(#466,#467,#468,#469,#470,#471,#472,#473,#474,#475,#476,
#477));
#1354=EDGE_LOOP('',(#478,#479,#480,#481,#482,#483,#484,#485,#486,#487,#488,
#489,#490,#491,#492));
#1355=EDGE_LOOP('',(#493));
#1356=EDGE_LOOP('',(#494));
#1357=EDGE_LOOP('',(#495,#496,#497,#498,#499,#500));
#1358=EDGE_LOOP('',(#501));
#1359=EDGE_LOOP('',(#502));
#1360=EDGE_LOOP('',(#503));
#1361=EDGE_LOOP('',(#504));
#1362=EDGE_LOOP('',(#505,#506,#507,#508,#509,#510));
#1363=EDGE_LOOP('',(#511));
#1364=EDGE_LOOP('',(#512,#513,#514,#515));
#1365=EDGE_LOOP('',(#516,#517,#518,#519));
#1366=EDGE_LOOP('',(#520,#521,#522,#523,#524,#525,#526,#527,#528));
#1367=EDGE_LOOP('',(#529,#530,#531,#532));
#1368=EDGE_LOOP('',(#533,#534,#535,#536));
#1369=EDGE_LOOP('',(#537,#538,#539,#540,#541,#542));
#1370=EDGE_LOOP('',(#543,#544,#545,#546,#547,#548));
#1371=EDGE_LOOP('',(#549,#550,#551,#552));
#1372=EDGE_LOOP('',(#553,#554,#555,#556,#557,#558));
#1373=EDGE_LOOP('',(#559,#560,#561,#562));
#1374=EDGE_LOOP('',(#563,#564,#565,#566,#567,#568,#569,#570,#571,#572,#573,
#574,#575,#576,#577));
#1375=EDGE_LOOP('',(#578));
#1376=EDGE_LOOP('',(#579));
#1377=EDGE_LOOP('',(#580));
#1378=EDGE_LOOP('',(#581));
#1379=EDGE_LOOP('',(#582));
#1380=EDGE_LOOP('',(#583));
#1381=EDGE_LOOP('',(#584));
#1382=EDGE_LOOP('',(#585));
#1383=EDGE_LOOP('',(#586));
#1384=EDGE_LOOP('',(#587));
#1385=EDGE_LOOP('',(#588));
#1386=EDGE_LOOP('',(#589));
#1387=EDGE_LOOP('',(#590));
#1388=EDGE_LOOP('',(#591,#592,#593,#594));
#1389=EDGE_LOOP('',(#595,#596,#597,#598));
#1390=EDGE_LOOP('',(#599,#600,#601,#602));
#1391=EDGE_LOOP('',(#603,#604,#605,#606));
#1392=EDGE_LOOP('',(#607,#608,#609,#610));
#1393=EDGE_LOOP('',(#611,#612,#613,#614));
#1394=EDGE_LOOP('',(#615,#616,#617,#618,#619,#620,#621,#622));
#1395=EDGE_LOOP('',(#623,#624,#625,#626,#627,#628,#629,#630));
#1396=EDGE_LOOP('',(#631,#632,#633,#634));
#1397=EDGE_LOOP('',(#635,#636,#637,#638));
#1398=EDGE_LOOP('',(#639,#640,#641,#642,#643,#644,#645,#646,#647,#648,#649,
#650,#651));
#1399=EDGE_LOOP('',(#652,#653,#654,#655));
#1400=EDGE_LOOP('',(#656,#657,#658,#659));
#1401=EDGE_LOOP('',(#660,#661,#662,#663,#664,#665));
#1402=EDGE_LOOP('',(#666));
#1403=EDGE_LOOP('',(#667,#668,#669,#670));
#1404=EDGE_LOOP('',(#671,#672,#673,#674));
#1405=EDGE_LOOP('',(#675,#676,#677,#678,#679));
#1406=EDGE_LOOP('',(#680,#681,#682,#683,#684));
#1407=EDGE_LOOP('',(#685,#686,#687,#688));
#1408=EDGE_LOOP('',(#689,#690,#691,#692));
#1409=EDGE_LOOP('',(#693,#694,#695,#696,#697));
#1410=EDGE_LOOP('',(#698,#699,#700,#701));
#1411=EDGE_LOOP('',(#702,#703,#704,#705));
#1412=EDGE_LOOP('',(#706,#707,#708,#709));
#1413=EDGE_LOOP('',(#710,#711,#712,#713));
#1414=EDGE_LOOP('',(#714,#715,#716,#717,#718));
#1415=EDGE_LOOP('',(#719));
#1416=EDGE_LOOP('',(#720,#721,#722,#723,#724,#725));
#1417=EDGE_LOOP('',(#726,#727,#728,#729,#730,#731));
#1418=EDGE_LOOP('',(#732,#733,#734,#735));
#1419=EDGE_LOOP('',(#736,#737,#738,#739,#740,#741));
#1420=EDGE_LOOP('',(#742,#743,#744,#745));
#1421=EDGE_LOOP('',(#746,#747,#748,#749));
#1422=EDGE_LOOP('',(#750,#751,#752,#753));
#1423=EDGE_LOOP('',(#754,#755,#756,#757));
#1424=EDGE_LOOP('',(#758,#759,#760,#761));
#1425=EDGE_LOOP('',(#762,#763,#764,#765));
#1426=EDGE_LOOP('',(#766,#767,#768,#769));
#1427=EDGE_LOOP('',(#770,#771,#772,#773));
#1428=EDGE_LOOP('',(#774,#775,#776,#777,#778,#779,#780));
#1429=EDGE_LOOP('',(#781,#782,#783,#784));
#1430=EDGE_LOOP('',(#785,#786,#787,#788));
#1431=EDGE_LOOP('',(#789,#790,#791,#792));
#1432=EDGE_LOOP('',(#793,#794,#795,#796,#797,#798,#799));
#1433=EDGE_LOOP('',(#800,#801,#802,#803));
#1434=EDGE_LOOP('',(#804,#805,#806,#807));
#1435=EDGE_LOOP('',(#808,#809,#810,#811));
#1436=EDGE_LOOP('',(#812,#813,#814,#815));
#1437=EDGE_LOOP('',(#816,#817,#818,#819));
#1438=EDGE_LOOP('',(#820,#821,#822,#823));
#1439=EDGE_LOOP('',(#824,#825,#826,#827));
#1440=EDGE_LOOP('',(#828,#829,#830,#831));
#1441=EDGE_LOOP('',(#832,#833,#834,#835));
#1442=EDGE_LOOP('',(#836,#837,#838,#839));
#1443=EDGE_LOOP('',(#840,#841,#842,#843));
#1444=EDGE_LOOP('',(#844,#845,#846));
#1445=EDGE_LOOP('',(#847,#848,#849));
#1446=EDGE_LOOP('',(#850,#851,#852,#853));
#1447=EDGE_LOOP('',(#854,#855,#856,#857));
#1448=EDGE_LOOP('',(#858,#859,#860));
#1449=EDGE_LOOP('',(#861,#862,#863));
#1450=EDGE_LOOP('',(#864,#865,#866,#867));
#1451=EDGE_LOOP('',(#868,#869,#870,#871,#872,#873,#874,#875));
#1452=EDGE_LOOP('',(#876,#877,#878,#879));
#1453=EDGE_LOOP('',(#880,#881,#882,#883));
#1454=FACE_BOUND('',#1338,.T.);
#1455=FACE_BOUND('',#1339,.T.);
#1456=FACE_BOUND('',#1340,.T.);
#1457=FACE_BOUND('',#1341,.T.);
#1458=FACE_BOUND('',#1342,.T.);
#1459=FACE_BOUND('',#1343,.T.);
#1460=FACE_BOUND('',#1344,.T.);
#1461=FACE_BOUND('',#1345,.T.);
#1462=FACE_BOUND('',#1346,.T.);
#1463=FACE_BOUND('',#1347,.T.);
#1464=FACE_BOUND('',#1348,.T.);
#1465=FACE_BOUND('',#1349,.T.);
#1466=FACE_BOUND('',#1350,.T.);
#1467=FACE_BOUND('',#1351,.T.);
#1468=FACE_BOUND('',#1352,.T.);
#1469=FACE_BOUND('',#1353,.T.);
#1470=FACE_BOUND('',#1354,.T.);
#1471=FACE_BOUND('',#1355,.T.);
#1472=FACE_BOUND('',#1356,.T.);
#1473=FACE_BOUND('',#1357,.T.);
#1474=FACE_BOUND('',#1358,.T.);
#1475=FACE_BOUND('',#1359,.T.);
#1476=FACE_BOUND('',#1360,.T.);
#1477=FACE_BOUND('',#1361,.T.);
#1478=FACE_BOUND('',#1362,.T.);
#1479=FACE_BOUND('',#1363,.T.);
#1480=FACE_BOUND('',#1364,.T.);
#1481=FACE_BOUND('',#1365,.T.);
#1482=FACE_BOUND('',#1366,.T.);
#1483=FACE_BOUND('',#1367,.T.);
#1484=FACE_BOUND('',#1368,.T.);
#1485=FACE_BOUND('',#1369,.T.);
#1486=FACE_BOUND('',#1370,.T.);
#1487=FACE_BOUND('',#1371,.T.);
#1488=FACE_BOUND('',#1372,.T.);
#1489=FACE_BOUND('',#1373,.T.);
#1490=FACE_BOUND('',#1374,.T.);
#1491=FACE_BOUND('',#1375,.T.);
#1492=FACE_BOUND('',#1376,.T.);
#1493=FACE_BOUND('',#1377,.T.);
#1494=FACE_BOUND('',#1378,.T.);
#1495=FACE_BOUND('',#1379,.T.);
#1496=FACE_BOUND('',#1380,.T.);
#1497=FACE_BOUND('',#1381,.T.);
#1498=FACE_BOUND('',#1382,.T.);
#1499=FACE_BOUND('',#1383,.T.);
#1500=FACE_BOUND('',#1384,.T.);
#1501=FACE_BOUND('',#1385,.T.);
#1502=FACE_BOUND('',#1386,.T.);
#1503=FACE_BOUND('',#1387,.T.);
#1504=FACE_BOUND('',#1388,.T.);
#1505=FACE_BOUND('',#1389,.T.);
#1506=FACE_BOUND('',#1390,.T.);
#1507=FACE_BOUND('',#1391,.T.);
#1508=FACE_BOUND('',#1392,.T.);
#1509=FACE_BOUND('',#1393,.T.);
#1510=FACE_BOUND('',#1394,.T.);
#1511=FACE_BOUND('',#1395,.T.);
#1512=FACE_BOUND('',#1396,.T.);
#1513=FACE_BOUND('',#1397,.T.);
#1514=FACE_BOUND('',#1398,.T.);
#1515=FACE_BOUND('',#1399,.T.);
#1516=FACE_BOUND('',#1400,.T.);
#1517=FACE_BOUND('',#1401,.T.);
#1518=FACE_BOUND('',#1402,.T.);
#1519=FACE_BOUND('',#1403,.T.);
#1520=FACE_BOUND('',#1404,.T.);
#1521=FACE_BOUND('',#1405,.T.);
#1522=FACE_BOUND('',#1406,.T.);
#1523=FACE_BOUND('',#1407,.T.);
#1524=FACE_BOUND('',#1408,.T.);
#1525=FACE_BOUND('',#1409,.T.);
#1526=FACE_BOUND('',#1410,.T.);
#1527=FACE_BOUND('',#1411,.T.);
#1528=FACE_BOUND('',#1412,.T.);
#1529=FACE_BOUND('',#1413,.T.);
#1530=FACE_BOUND('',#1414,.T.);
#1531=FACE_BOUND('',#1415,.T.);
#1532=FACE_BOUND('',#1416,.T.);
#1533=FACE_BOUND('',#1417,.T.);
#1534=FACE_BOUND('',#1418,.T.);
#1535=FACE_BOUND('',#1419,.T.);
#1536=FACE_BOUND('',#1420,.T.);
#1537=FACE_BOUND('',#1421,.T.);
#1538=FACE_BOUND('',#1422,.T.);
#1539=FACE_BOUND('',#1423,.T.);
#1540=FACE_BOUND('',#1424,.T.);
#1541=FACE_BOUND('',#1425,.T.);
#1542=FACE_BOUND('',#1426,.T.);
#1543=FACE_BOUND('',#1427,.T.);
#1544=FACE_BOUND('',#1428,.T.);
#1545=FACE_BOUND('',#1429,.T.);
#1546=FACE_BOUND('',#1430,.T.);
#1547=FACE_BOUND('',#1431,.T.);
#1548=FACE_BOUND('',#1432,.T.);
#1549=FACE_BOUND('',#1433,.T.);
#1550=FACE_BOUND('',#1434,.T.);
#1551=FACE_BOUND('',#1435,.T.);
#1552=FACE_BOUND('',#1436,.T.);
#1553=FACE_BOUND('',#1437,.T.);
#1554=FACE_BOUND('',#1438,.T.);
#1555=FACE_BOUND('',#1439,.T.);
#1556=FACE_BOUND('',#1440,.T.);
#1557=FACE_BOUND('',#1441,.T.);
#1558=FACE_BOUND('',#1442,.T.);
#1559=FACE_BOUND('',#1443,.T.);
#1560=FACE_BOUND('',#1444,.T.);
#1561=FACE_BOUND('',#1445,.T.);
#1562=FACE_BOUND('',#1446,.T.);
#1563=FACE_BOUND('',#1447,.T.);
#1564=FACE_BOUND('',#1448,.T.);
#1565=FACE_BOUND('',#1449,.T.);
#1566=FACE_BOUND('',#1450,.T.);
#1567=FACE_BOUND('',#1451,.T.);
#1568=FACE_BOUND('',#1452,.T.);
#1569=FACE_BOUND('',#1453,.T.);
#1570=CYLINDRICAL_SURFACE('',#1709,0.00255);
#1571=CYLINDRICAL_SURFACE('',#1712,0.00255);
#1572=CYLINDRICAL_SURFACE('',#1777,0.0021);
#1573=CYLINDRICAL_SURFACE('',#1778,0.0021);
#1574=CYLINDRICAL_SURFACE('',#1779,0.0021);
#1575=CYLINDRICAL_SURFACE('',#1780,0.0021);
#1576=CYLINDRICAL_SURFACE('',#1781,0.0021);
#1577=CYLINDRICAL_SURFACE('',#1782,0.0021);
#1578=CYLINDRICAL_SURFACE('',#1783,0.006);
#1579=CYLINDRICAL_SURFACE('',#1785,0.006);
#1580=CYLINDRICAL_SURFACE('',#1822,0.01);
#1581=CYLINDRICAL_SURFACE('',#1824,0.01);
#1582=CYLINDRICAL_SURFACE('',#1826,0.01);
#1583=CYLINDRICAL_SURFACE('',#1828,0.01);
#1584=CYLINDRICAL_SURFACE('',#1830,0.005);
#1585=CYLINDRICAL_SURFACE('',#1832,0.005);
#1586=CYLINDRICAL_SURFACE('',#1834,0.005);
#1587=CYLINDRICAL_SURFACE('',#1835,0.005);
#1588=CYLINDRICAL_SURFACE('',#1836,0.005);
#1589=CYLINDRICAL_SURFACE('',#1837,0.005);
#1590=CYLINDRICAL_SURFACE('',#1838,0.003);
#1591=CYLINDRICAL_SURFACE('',#1840,0.003);
#1592=CYLINDRICAL_SURFACE('',#1841,0.003);
#1593=CYLINDRICAL_SURFACE('',#1842,0.003);
#1594=CYLINDRICAL_SURFACE('',#1843,0.003);
#1595=CYLINDRICAL_SURFACE('',#1845,0.003);
#1596=CYLINDRICAL_SURFACE('',#1846,0.003);
#1597=CYLINDRICAL_SURFACE('',#1847,0.003);
#1598=CYLINDRICAL_SURFACE('',#1848,0.003);
#1599=CYLINDRICAL_SURFACE('',#1849,0.003);
#1600=CYLINDRICAL_SURFACE('',#1850,0.003);
#1601=CYLINDRICAL_SURFACE('',#1851,0.003);
#1602=CYLINDRICAL_SURFACE('',#1852,0.002);
#1603=CYLINDRICAL_SURFACE('',#1854,0.002);
#1604=CYLINDRICAL_SURFACE('',#1856,0.002);
#1605=CYLINDRICAL_SURFACE('',#1857,0.002);
#1606=ADVANCED_FACE('',(#1454,#1455),#1570,.F.);
#1607=ADVANCED_FACE('',(#1456,#1457),#1571,.F.);
#1608=ADVANCED_FACE('',(#1458),#358,.F.);
#1609=ADVANCED_FACE('',(#1459),#359,.F.);
#1610=ADVANCED_FACE('',(#1460,#1461),#360,.T.);
#1611=ADVANCED_FACE('',(#1462,#1463,#1464,#1465,#1466,#1467,#1468),#361,
 .F.);
#1612=ADVANCED_FACE('',(#1469),#362,.F.);
#1613=ADVANCED_FACE('',(#1470,#1471),#363,.T.);
#1614=ADVANCED_FACE('',(#1472,#1473,#1474,#1475),#364,.T.);
#1615=ADVANCED_FACE('',(#1476,#1477,#1478,#1479),#365,.T.);
#1616=ADVANCED_FACE('',(#1480),#366,.T.);
#1617=ADVANCED_FACE('',(#1481),#367,.F.);
#1618=ADVANCED_FACE('',(#1482),#368,.T.);
#1619=ADVANCED_FACE('',(#1483),#369,.T.);
#1620=ADVANCED_FACE('',(#1484),#370,.F.);
#1621=ADVANCED_FACE('',(#1485),#371,.T.);
#1622=ADVANCED_FACE('',(#1486),#372,.T.);
#1623=ADVANCED_FACE('',(#1487),#373,.F.);
#1624=ADVANCED_FACE('',(#1488),#374,.F.);
#1625=ADVANCED_FACE('',(#1489),#375,.T.);
#1626=ADVANCED_FACE('',(#1490,#1491),#376,.T.);
#1627=ADVANCED_FACE('',(#1492,#1493),#1572,.F.);
#1628=ADVANCED_FACE('',(#1494,#1495),#1573,.F.);
#1629=ADVANCED_FACE('',(#1496,#1497),#1574,.F.);
#1630=ADVANCED_FACE('',(#1498,#1499),#1575,.F.);
#1631=ADVANCED_FACE('',(#1500,#1501),#1576,.F.);
#1632=ADVANCED_FACE('',(#1502,#1503),#1577,.F.);
#1633=ADVANCED_FACE('',(#1504),#1578,.F.);
#1634=ADVANCED_FACE('',(#1505),#1579,.F.);
#1635=ADVANCED_FACE('',(#1506),#377,.T.);
#1636=ADVANCED_FACE('',(#1507),#378,.F.);
#1637=ADVANCED_FACE('',(#1508),#379,.F.);
#1638=ADVANCED_FACE('',(#1509),#380,.T.);
#1639=ADVANCED_FACE('',(#1510,#1511),#381,.T.);
#1640=ADVANCED_FACE('',(#1512),#382,.T.);
#1641=ADVANCED_FACE('',(#1513),#383,.F.);
#1642=ADVANCED_FACE('',(#1514),#384,.F.);
#1643=ADVANCED_FACE('',(#1515),#385,.T.);
#1644=ADVANCED_FACE('',(#1516),#386,.F.);
#1645=ADVANCED_FACE('',(#1517,#1518),#387,.T.);
#1646=ADVANCED_FACE('',(#1519),#388,.T.);
#1647=ADVANCED_FACE('',(#1520),#389,.T.);
#1648=ADVANCED_FACE('',(#1521),#390,.T.);
#1649=ADVANCED_FACE('',(#1522),#391,.T.);
#1650=ADVANCED_FACE('',(#1523),#392,.T.);
#1651=ADVANCED_FACE('',(#1524),#393,.T.);
#1652=ADVANCED_FACE('',(#1525),#394,.F.);
#1653=ADVANCED_FACE('',(#1526),#395,.F.);
#1654=ADVANCED_FACE('',(#1527),#396,.F.);
#1655=ADVANCED_FACE('',(#1528),#397,.F.);
#1656=ADVANCED_FACE('',(#1529),#398,.F.);
#1657=ADVANCED_FACE('',(#1530),#399,.F.);
#1658=ADVANCED_FACE('',(#1531,#1532),#400,.T.);
#1659=ADVANCED_FACE('',(#1533),#1580,.F.);
#1660=ADVANCED_FACE('',(#1534),#1581,.F.);
#1661=ADVANCED_FACE('',(#1535),#1582,.F.);
#1662=ADVANCED_FACE('',(#1536),#1583,.F.);
#1663=ADVANCED_FACE('',(#1537),#1584,.F.);
#1664=ADVANCED_FACE('',(#1538),#1585,.F.);
#1665=ADVANCED_FACE('',(#1539),#1586,.T.);
#1666=ADVANCED_FACE('',(#1540),#1587,.T.);
#1667=ADVANCED_FACE('',(#1541),#1588,.T.);
#1668=ADVANCED_FACE('',(#1542),#1589,.T.);
#1669=ADVANCED_FACE('',(#1543),#1590,.F.);
#1670=ADVANCED_FACE('',(#1544),#1591,.F.);
#1671=ADVANCED_FACE('',(#1545),#1592,.T.);
#1672=ADVANCED_FACE('',(#1546),#1593,.T.);
#1673=ADVANCED_FACE('',(#1547),#1594,.F.);
#1674=ADVANCED_FACE('',(#1548),#1595,.F.);
#1675=ADVANCED_FACE('',(#1549),#1596,.T.);
#1676=ADVANCED_FACE('',(#1550),#1597,.T.);
#1677=ADVANCED_FACE('',(#1551),#1598,.F.);
#1678=ADVANCED_FACE('',(#1552),#1599,.F.);
#1679=ADVANCED_FACE('',(#1553),#1600,.F.);
#1680=ADVANCED_FACE('',(#1554),#1601,.F.);
#1681=ADVANCED_FACE('',(#1555),#1602,.F.);
#1682=ADVANCED_FACE('',(#1556),#1603,.F.);
#1683=ADVANCED_FACE('',(#1557),#1604,.F.);
#1684=ADVANCED_FACE('',(#1558),#1605,.F.);
#1685=ADVANCED_FACE('',(#1559),#401,.F.);
#1686=ADVANCED_FACE('',(#1560),#13,.F.);
#1687=ADVANCED_FACE('',(#1561),#14,.F.);
#1688=ADVANCED_FACE('',(#1562),#402,.T.);
#1689=ADVANCED_FACE('',(#1563),#403,.F.);
#1690=ADVANCED_FACE('',(#1564),#15,.F.);
#1691=ADVANCED_FACE('',(#1565),#12,.T.);
#1692=ADVANCED_FACE('',(#1566),#404,.T.);
#1693=ADVANCED_FACE('',(#1567),#405,.F.);
#1694=ADVANCED_FACE('',(#1568),#406,.F.);
#1695=ADVANCED_FACE('',(#1569),#407,.T.);
#1696=CLOSED_SHELL('',(#1606,#1607,#1608,#1609,#1610,#1611,#1612,#1613,
#1614,#1615,#1616,#1617,#1618,#1619,#1620,#1621,#1622,#1623,#1624,#1625,
#1626,#1627,#1628,#1629,#1630,#1631,#1632,#1633,#1634,#1635,#1636,#1637,
#1638,#1639,#1640,#1641,#1642,#1643,#1644,#1645,#1646,#1647,#1648,#1649,
#1650,#1651,#1652,#1653,#1654,#1655,#1656,#1657,#1658,#1659,#1660,#1661,
#1662,#1663,#1664,#1665,#1666,#1667,#1668,#1669,#1670,#1671,#1672,#1673,
#1674,#1675,#1676,#1677,#1678,#1679,#1680,#1681,#1682,#1683,#1684,#1685,
#1686,#1687,#1688,#1689,#1690,#1691,#1692,#1693,#1694,#1695));
#1697=STYLED_ITEM('',(#1698),#1705);
#1698=PRESENTATION_STYLE_ASSIGNMENT((#1699));
#1699=SURFACE_STYLE_USAGE(.BOTH.,#1700);
#1700=SURFACE_SIDE_STYLE('',(#1701));
#1701=SURFACE_STYLE_FILL_AREA(#1702);
#1702=FILL_AREA_STYLE('',(#1703));
#1703=FILL_AREA_STYLE_COLOUR('',#1704);
#1704=COLOUR_RGB('',0.615686274509804,0.811764705882353,0.929411764705882);
#1705=MANIFOLD_SOLID_BREP('Part 1',#1696);
#1706=SHAPE_DEFINITION_REPRESENTATION(#2888,#1707);
#1707=SHAPE_REPRESENTATION('Part 1',(#1708),#2883);
#1708=AXIS2_PLACEMENT_3D('',#2353,#1869,#1870);
#1709=AXIS2_PLACEMENT_3D('',#2354,#1871,#1872);
#1710=AXIS2_PLACEMENT_3D('',#2355,#1873,#1874);
#1711=AXIS2_PLACEMENT_3D('',#2357,#1875,#1876);
#1712=AXIS2_PLACEMENT_3D('',#2359,#1877,#1878);
#1713=AXIS2_PLACEMENT_3D('',#2360,#1879,#1880);
#1714=AXIS2_PLACEMENT_3D('',#2362,#1881,#1882);
#1715=AXIS2_PLACEMENT_3D('',#2364,#1883,#1884);
#1716=AXIS2_PLACEMENT_3D('',#2386,#1895,#1896);
#1717=AXIS2_PLACEMENT_3D('',#2390,#1898,#1899);
#1718=AXIS2_PLACEMENT_3D('',#2391,#1900,#1901);
#1719=AXIS2_PLACEMENT_3D('',#2410,#1911,#1912);
#1720=AXIS2_PLACEMENT_3D('',#2422,#1918,#1919);
#1721=AXIS2_PLACEMENT_3D('',#2426,#1921,#1922);
#1722=AXIS2_PLACEMENT_3D('',#2430,#1924,#1925);
#1723=AXIS2_PLACEMENT_3D('',#2434,#1927,#1928);
#1724=AXIS2_PLACEMENT_3D('',#2435,#1929,#1930);
#1725=AXIS2_PLACEMENT_3D('',#2436,#1931,#1932);
#1726=AXIS2_PLACEMENT_3D('',#2438,#1933,#1934);
#1727=AXIS2_PLACEMENT_3D('',#2440,#1935,#1936);
#1728=AXIS2_PLACEMENT_3D('',#2447,#1939,#1940);
#1729=AXIS2_PLACEMENT_3D('',#2451,#1942,#1943);
#1730=AXIS2_PLACEMENT_3D('',#2455,#1945,#1946);
#1731=AXIS2_PLACEMENT_3D('',#2459,#1948,#1949);
#1732=AXIS2_PLACEMENT_3D('',#2463,#1951,#1952);
#1733=AXIS2_PLACEMENT_3D('',#2467,#1954,#1955);
#1734=AXIS2_PLACEMENT_3D('',#2470,#1957,#1958);
#1735=AXIS2_PLACEMENT_3D('',#2472,#1959,#1960);
#1736=AXIS2_PLACEMENT_3D('',#2474,#1961,#1962);
#1737=AXIS2_PLACEMENT_3D('',#2476,#1963,#1964);
#1738=AXIS2_PLACEMENT_3D('',#2481,#1967,#1968);
#1739=AXIS2_PLACEMENT_3D('',#2489,#1972,#1973);
#1740=AXIS2_PLACEMENT_3D('',#2494,#1976,#1977);
#1741=AXIS2_PLACEMENT_3D('',#2495,#1978,#1979);
#1742=AXIS2_PLACEMENT_3D('',#2500,#1982,#1983);
#1743=AXIS2_PLACEMENT_3D('',#2504,#1985,#1986);
#1744=AXIS2_PLACEMENT_3D('',#2508,#1988,#1989);
#1745=AXIS2_PLACEMENT_3D('',#2513,#1992,#1993);
#1746=AXIS2_PLACEMENT_3D('',#2517,#1995,#1996);
#1747=AXIS2_PLACEMENT_3D('',#2520,#1998,#1999);
#1748=AXIS2_PLACEMENT_3D('',#2521,#2000,#2001);
#1749=AXIS2_PLACEMENT_3D('',#2526,#2003,#2004);
#1750=AXIS2_PLACEMENT_3D('',#2534,#2008,#2009);
#1751=AXIS2_PLACEMENT_3D('',#2535,#2010,#2011);
#1752=AXIS2_PLACEMENT_3D('',#2537,#2012,#2013);
#1753=AXIS2_PLACEMENT_3D('',#2539,#2014,#2015);
#1754=AXIS2_PLACEMENT_3D('',#2540,#2016,#2017);
#1755=AXIS2_PLACEMENT_3D('',#2542,#2018,#2019);
#1756=AXIS2_PLACEMENT_3D('',#2547,#2021,#2022);
#1757=AXIS2_PLACEMENT_3D('',#2551,#2024,#2025);
#1758=AXIS2_PLACEMENT_3D('',#2556,#2028,#2029);
#1759=AXIS2_PLACEMENT_3D('',#2558,#2030,#2031);
#1760=AXIS2_PLACEMENT_3D('',#2561,#2034,#2035);
#1761=AXIS2_PLACEMENT_3D('',#2564,#2038,#2039);
#1762=AXIS2_PLACEMENT_3D('',#2580,#2048,#2049);
#1763=AXIS2_PLACEMENT_3D('',#2583,#2052,#2053);
#1764=AXIS2_PLACEMENT_3D('',#2586,#2056,#2057);
#1765=AXIS2_PLACEMENT_3D('',#2590,#2061,#2062);
#1766=AXIS2_PLACEMENT_3D('',#2597,#2066,#2067);
#1767=AXIS2_PLACEMENT_3D('',#2600,#2069,#2070);
#1768=AXIS2_PLACEMENT_3D('',#2606,#2074,#2075);
#1769=AXIS2_PLACEMENT_3D('',#2615,#2080,#2081);
#1770=AXIS2_PLACEMENT_3D('',#2616,#2082,#2083);
#1771=AXIS2_PLACEMENT_3D('',#2625,#2088,#2089);
#1772=AXIS2_PLACEMENT_3D('',#2629,#2092,#2093);
#1773=AXIS2_PLACEMENT_3D('',#2630,#2094,#2095);
#1774=AXIS2_PLACEMENT_3D('',#2632,#2097,#2098);
#1775=AXIS2_PLACEMENT_3D('',#2636,#2100,#2101);
#1776=AXIS2_PLACEMENT_3D('',#2640,#2103,#2104);
#1777=AXIS2_PLACEMENT_3D('',#2641,#2105,#2106);
#1778=AXIS2_PLACEMENT_3D('',#2642,#2107,#2108);
#1779=AXIS2_PLACEMENT_3D('',#2643,#2109,#2110);
#1780=AXIS2_PLACEMENT_3D('',#2644,#2111,#2112);
#1781=AXIS2_PLACEMENT_3D('',#2645,#2113,#2114);
#1782=AXIS2_PLACEMENT_3D('',#2646,#2115,#2116);
#1783=AXIS2_PLACEMENT_3D('',#2647,#2117,#2118);
#1784=AXIS2_PLACEMENT_3D('',#2648,#2119,#2120);
#1785=AXIS2_PLACEMENT_3D('',#2649,#2121,#2122);
#1786=AXIS2_PLACEMENT_3D('',#2650,#2123,#2124);
#1787=AXIS2_PLACEMENT_3D('',#2656,#2128,#2129);
#1788=AXIS2_PLACEMENT_3D('',#2662,#2133,#2134);
#1789=AXIS2_PLACEMENT_3D('',#2668,#2138,#2139);
#1790=AXIS2_PLACEMENT_3D('',#2674,#2143,#2144);
#1791=AXIS2_PLACEMENT_3D('',#2682,#2148,#2149);
#1792=AXIS2_PLACEMENT_3D('',#2684,#2151,#2152);
#1793=AXIS2_PLACEMENT_3D('',#2685,#2153,#2154);
#1794=AXIS2_PLACEMENT_3D('',#2686,#2155,#2156);
#1795=AXIS2_PLACEMENT_3D('',#2687,#2157,#2158);
#1796=AXIS2_PLACEMENT_3D('',#2688,#2159,#2160);
#1797=AXIS2_PLACEMENT_3D('',#2689,#2161,#2162);
#1798=AXIS2_PLACEMENT_3D('',#2695,#2166,#2167);
#1799=AXIS2_PLACEMENT_3D('',#2701,#2171,#2172);
#1800=AXIS2_PLACEMENT_3D('',#2717,#2181,#2182);
#1801=AXIS2_PLACEMENT_3D('',#2718,#2183,#2184);
#1802=AXIS2_PLACEMENT_3D('',#2719,#2185,#2186);
#1803=AXIS2_PLACEMENT_3D('',#2722,#2189,#2190);
#1804=AXIS2_PLACEMENT_3D('',#2725,#2193,#2194);
#1805=AXIS2_PLACEMENT_3D('',#2738,#2201,#2202);
#1806=AXIS2_PLACEMENT_3D('',#2741,#2205,#2206);
#1807=AXIS2_PLACEMENT_3D('',#2743,#2208,#2209);
#1808=AXIS2_PLACEMENT_3D('',#2744,#2210,#2211);
#1809=AXIS2_PLACEMENT_3D('',#2747,#2213,#2214);
#1810=AXIS2_PLACEMENT_3D('',#2749,#2216,#2217);
#1811=AXIS2_PLACEMENT_3D('',#2750,#2218,#2219);
#1812=AXIS2_PLACEMENT_3D('',#2752,#2221,#2222);
#1813=AXIS2_PLACEMENT_3D('',#2753,#2223,#2224);
#1814=AXIS2_PLACEMENT_3D('',#2757,#2226,#2227);
#1815=AXIS2_PLACEMENT_3D('',#2761,#2230,#2231);
#1816=AXIS2_PLACEMENT_3D('',#2765,#2234,#2235);
#1817=AXIS2_PLACEMENT_3D('',#2769,#2238,#2239);
#1818=AXIS2_PLACEMENT_3D('',#2773,#2242,#2243);
#1819=AXIS2_PLACEMENT_3D('',#2777,#2246,#2247);
#1820=AXIS2_PLACEMENT_3D('',#2778,#2248,#2249);
#1821=AXIS2_PLACEMENT_3D('',#2780,#2251,#2252);
#1822=AXIS2_PLACEMENT_3D('',#2781,#2253,#2254);
#1823=AXIS2_PLACEMENT_3D('',#2782,#2255,#2256);
#1824=AXIS2_PLACEMENT_3D('',#2788,#2257,#2258);
#1825=AXIS2_PLACEMENT_3D('',#2789,#2259,#2260);
#1826=AXIS2_PLACEMENT_3D('',#2790,#2261,#2262);
#1827=AXIS2_PLACEMENT_3D('',#2796,#2263,#2264);
#1828=AXIS2_PLACEMENT_3D('',#2797,#2265,#2266);
#1829=AXIS2_PLACEMENT_3D('',#2798,#2267,#2268);
#1830=AXIS2_PLACEMENT_3D('',#2799,#2269,#2270);
#1831=AXIS2_PLACEMENT_3D('',#2800,#2271,#2272);
#1832=AXIS2_PLACEMENT_3D('',#2801,#2273,#2274);
#1833=AXIS2_PLACEMENT_3D('',#2802,#2275,#2276);
#1834=AXIS2_PLACEMENT_3D('',#2803,#2277,#2278);
#1835=AXIS2_PLACEMENT_3D('',#2804,#2279,#2280);
#1836=AXIS2_PLACEMENT_3D('',#2805,#2281,#2282);
#1837=AXIS2_PLACEMENT_3D('',#2806,#2283,#2284);
#1838=AXIS2_PLACEMENT_3D('',#2807,#2285,#2286);
#1839=AXIS2_PLACEMENT_3D('',#2808,#2287,#2288);
#1840=AXIS2_PLACEMENT_3D('',#2809,#2289,#2290);
#1841=AXIS2_PLACEMENT_3D('',#2810,#2291,#2292);
#1842=AXIS2_PLACEMENT_3D('',#2811,#2293,#2294);
#1843=AXIS2_PLACEMENT_3D('',#2812,#2295,#2296);
#1844=AXIS2_PLACEMENT_3D('',#2813,#2297,#2298);
#1845=AXIS2_PLACEMENT_3D('',#2814,#2299,#2300);
#1846=AXIS2_PLACEMENT_3D('',#2815,#2301,#2302);
#1847=AXIS2_PLACEMENT_3D('',#2816,#2303,#2304);
#1848=AXIS2_PLACEMENT_3D('',#2817,#2305,#2306);
#1849=AXIS2_PLACEMENT_3D('',#2818,#2307,#2308);
#1850=AXIS2_PLACEMENT_3D('',#2819,#2309,#2310);
#1851=AXIS2_PLACEMENT_3D('',#2820,#2311,#2312);
#1852=AXIS2_PLACEMENT_3D('',#2821,#2313,#2314);
#1853=AXIS2_PLACEMENT_3D('',#2822,#2315,#2316);
#1854=AXIS2_PLACEMENT_3D('',#2823,#2317,#2318);
#1855=AXIS2_PLACEMENT_3D('',#2824,#2319,#2320);
#1856=AXIS2_PLACEMENT_3D('',#2825,#2321,#2322);
#1857=AXIS2_PLACEMENT_3D('',#2832,#2323,#2324);
#1858=AXIS2_PLACEMENT_3D('',#2833,#2325,#2326);
#1859=AXIS2_PLACEMENT_3D('',#2834,#2327,#2328);
#1860=AXIS2_PLACEMENT_3D('',#2837,#2331,#2332);
#1861=AXIS2_PLACEMENT_3D('',#2839,#2334,#2335);
#1862=AXIS2_PLACEMENT_3D('',#2841,#2337,#2338);
#1863=AXIS2_PLACEMENT_3D('',#2843,#2340,#2341);
#1864=AXIS2_PLACEMENT_3D('',#2848,#2342,#2343);
#1865=AXIS2_PLACEMENT_3D('',#2878,#2345,#2346);
#1866=AXIS2_PLACEMENT_3D('',#2879,#2347,#2348);
#1867=AXIS2_PLACEMENT_3D('',#2880,#2349,#2350);
#1868=AXIS2_PLACEMENT_3D('',#2881,#2351,#2352);
#1869=DIRECTION('',(0.,0.,1.));
#1870=DIRECTION('',(1.,0.,0.));
#1871=DIRECTION('',(0.,1.,0.));
#1872=DIRECTION('',(1.,0.,0.));
#1873=DIRECTION('',(0.,-1.,0.));
#1874=DIRECTION('',(1.,0.,0.));
#1875=DIRECTION('',(0.,-1.,0.));
#1876=DIRECTION('',(-1.,0.,0.));
#1877=DIRECTION('',(0.,1.,0.));
#1878=DIRECTION('',(1.,0.,0.));
#1879=DIRECTION('',(0.,1.,0.));
#1880=DIRECTION('',(1.,0.,0.));
#1881=DIRECTION('',(0.,-1.,0.));
#1882=DIRECTION('',(-1.,0.,0.));
#1883=DIRECTION('',(0.,1.,0.));
#1884=DIRECTION('',(1.,0.,0.));
#1885=DIRECTION('',(-1.,0.,1.33440267382831E-16));
#1886=DIRECTION('',(0.,0.,1.));
#1887=DIRECTION('',(-0.5,0.,-0.866025403784439));
#1888=DIRECTION('',(-1.,0.,-3.7557864968429E-16));
#1889=DIRECTION('',(-0.5,0.,0.866025403784438));
#1890=DIRECTION('',(0.5,0.,0.866025403784439));
#1891=DIRECTION('',(1.,0.,7.51157299368581E-16));
#1892=DIRECTION('',(0.5,0.,-0.866025403784438));
#1893=DIRECTION('',(0.,0.,1.));
#1894=DIRECTION('',(-1.,0.,0.));
#1895=DIRECTION('',(0.,1.,0.));
#1896=DIRECTION('',(1.,0.,0.));
#1897=DIRECTION('',(-2.00160401074247E-16,0.,-1.));
#1898=DIRECTION('',(0.,1.,0.));
#1899=DIRECTION('',(1.,0.,0.));
#1900=DIRECTION('',(1.,0.,0.));
#1901=DIRECTION('',(0.,-1.,0.));
#1902=DIRECTION('',(0.,0.,1.));
#1903=DIRECTION('',(0.,0.707106781186548,0.707106781186548));
#1904=DIRECTION('',(0.,-1.,0.));
#1905=DIRECTION('',(0.,0.,1.));
#1906=DIRECTION('',(0.,1.,0.));
#1907=DIRECTION('',(0.,0.,1.));
#1908=DIRECTION('',(0.,0.342020143325669,0.939692620785909));
#1909=DIRECTION('',(0.,0.,1.));
#1910=DIRECTION('',(0.,-1.,0.));
#1911=DIRECTION('',(0.,1.,0.));
#1912=DIRECTION('',(1.,0.,0.));
#1913=DIRECTION('',(1.,0.,0.));
#1914=DIRECTION('',(0.,0.,-1.));
#1915=DIRECTION('',(-1.,0.,0.));
#1916=DIRECTION('',(0.,0.,1.));
#1917=DIRECTION('',(0.,0.,1.));
#1918=DIRECTION('',(0.,1.,0.));
#1919=DIRECTION('',(1.,0.,0.));
#1920=DIRECTION('',(1.,0.,0.));
#1921=DIRECTION('',(0.,1.,0.));
#1922=DIRECTION('',(1.,0.,0.));
#1923=DIRECTION('',(0.,0.,1.));
#1924=DIRECTION('',(0.,1.,0.));
#1925=DIRECTION('',(1.,0.,0.));
#1926=DIRECTION('',(1.,0.,0.));
#1927=DIRECTION('',(0.,1.,0.));
#1928=DIRECTION('',(1.,0.,0.));
#1929=DIRECTION('',(0.,1.,0.));
#1930=DIRECTION('',(1.,0.,0.));
#1931=DIRECTION('',(0.,1.,0.));
#1932=DIRECTION('',(-1.,0.,0.));
#1933=DIRECTION('',(0.,1.,0.));
#1934=DIRECTION('',(-1.,0.,0.));
#1935=DIRECTION('',(0.,1.,0.));
#1936=DIRECTION('',(-1.,0.,0.));
#1937=DIRECTION('',(-1.,0.,0.));
#1938=DIRECTION('',(0.,0.,-1.));
#1939=DIRECTION('',(0.,1.,0.));
#1940=DIRECTION('',(1.,0.,0.));
#1941=DIRECTION('',(1.,0.,0.));
#1942=DIRECTION('',(0.,1.,0.));
#1943=DIRECTION('',(1.,0.,0.));
#1944=DIRECTION('',(0.,0.,-1.));
#1945=DIRECTION('',(0.,1.,0.));
#1946=DIRECTION('',(1.,0.,0.));
#1947=DIRECTION('',(1.,0.,0.));
#1948=DIRECTION('',(0.,1.,0.));
#1949=DIRECTION('',(1.,0.,0.));
#1950=DIRECTION('',(0.,0.,-1.));
#1951=DIRECTION('',(0.,1.,0.));
#1952=DIRECTION('',(1.,0.,0.));
#1953=DIRECTION('',(-1.,0.,0.));
#1954=DIRECTION('',(0.,1.,0.));
#1955=DIRECTION('',(1.,0.,0.));
#1956=DIRECTION('',(0.,0.,1.));
#1957=DIRECTION('',(0.,-1.,0.));
#1958=DIRECTION('',(-1.,0.,0.));
#1959=DIRECTION('',(0.,-1.,0.));
#1960=DIRECTION('',(-1.,0.,0.));
#1961=DIRECTION('',(0.,-1.,0.));
#1962=DIRECTION('',(-1.,0.,0.));
#1963=DIRECTION('',(0.,0.,-1.));
#1964=DIRECTION('',(0.,1.,0.));
#1965=DIRECTION('',(1.,0.,0.));
#1966=DIRECTION('',(0.,-1.,0.));
#1967=DIRECTION('',(0.,0.,-1.));
#1968=DIRECTION('',(0.,1.,0.));
#1969=DIRECTION('',(1.,0.,0.));
#1970=DIRECTION('',(0.,1.,0.));
#1971=DIRECTION('',(1.,0.,0.));
#1972=DIRECTION('',(0.,0.,1.));
#1973=DIRECTION('',(0.,-1.,0.));
#1974=DIRECTION('',(1.,0.,0.));
#1975=DIRECTION('',(0.,1.,0.));
#1976=DIRECTION('',(0.,0.,-1.));
#1977=DIRECTION('',(0.,1.,0.));
#1978=DIRECTION('',(0.,1.,0.));
#1979=DIRECTION('',(1.,0.,0.));
#1980=DIRECTION('',(0.,0.,1.));
#1981=DIRECTION('',(-1.,0.,0.));
#1982=DIRECTION('',(0.,1.,0.));
#1983=DIRECTION('',(1.,0.,0.));
#1984=DIRECTION('',(-1.,0.,1.33440267382831E-16));
#1985=DIRECTION('',(0.,1.,0.));
#1986=DIRECTION('',(1.,0.,0.));
#1987=DIRECTION('',(-2.00160401074247E-16,0.,-1.));
#1988=DIRECTION('',(0.,1.,0.));
#1989=DIRECTION('',(1.,0.,0.));
#1990=DIRECTION('',(0.,0.,1.));
#1991=DIRECTION('',(1.,0.,0.));
#1992=DIRECTION('',(0.,1.,0.));
#1993=DIRECTION('',(1.,0.,0.));
#1994=DIRECTION('',(0.,0.,-1.));
#1995=DIRECTION('',(0.,1.,0.));
#1996=DIRECTION('',(1.,0.,0.));
#1997=DIRECTION('',(1.,0.,0.));
#1998=DIRECTION('',(0.,1.,0.));
#1999=DIRECTION('',(1.,0.,0.));
#2000=DIRECTION('',(0.,1.,0.));
#2001=DIRECTION('',(1.,0.,0.));
#2002=DIRECTION('',(0.,0.,-1.));
#2003=DIRECTION('',(0.,1.,0.));
#2004=DIRECTION('',(1.,0.,0.));
#2005=DIRECTION('',(1.,0.,0.));
#2006=DIRECTION('',(0.,0.,1.));
#2007=DIRECTION('',(-1.,0.,0.));
#2008=DIRECTION('',(0.,1.,0.));
#2009=DIRECTION('',(1.,0.,0.));
#2010=DIRECTION('',(0.,1.,0.));
#2011=DIRECTION('',(1.,0.,0.));
#2012=DIRECTION('',(0.,1.,0.));
#2013=DIRECTION('',(1.,0.,0.));
#2014=DIRECTION('',(0.,1.,0.));
#2015=DIRECTION('',(1.,0.,0.));
#2016=DIRECTION('',(0.,1.,0.));
#2017=DIRECTION('',(1.,0.,0.));
#2018=DIRECTION('',(0.,1.,0.));
#2019=DIRECTION('',(1.,0.,0.));
#2020=DIRECTION('',(1.,0.,0.));
#2021=DIRECTION('',(0.,1.,0.));
#2022=DIRECTION('',(1.,0.,0.));
#2023=DIRECTION('',(0.,0.,-1.));
#2024=DIRECTION('',(0.,1.,0.));
#2025=DIRECTION('',(1.,0.,0.));
#2026=DIRECTION('',(1.,0.,0.));
#2027=DIRECTION('',(0.,0.,1.));
#2028=DIRECTION('',(0.,1.,0.));
#2029=DIRECTION('',(1.,0.,0.));
#2030=DIRECTION('',(-1.,0.,0.));
#2031=DIRECTION('',(0.,1.,0.));
#2032=DIRECTION('',(0.,-1.,0.));
#2033=DIRECTION('',(0.,-1.,0.));
#2034=DIRECTION('',(0.,0.,-1.));
#2035=DIRECTION('',(0.,1.,0.));
#2036=DIRECTION('',(0.,-1.,0.));
#2037=DIRECTION('',(0.,-1.,0.));
#2038=DIRECTION('',(1.,0.,0.));
#2039=DIRECTION('',(0.,-1.,0.));
#2040=DIRECTION('',(0.,-0.707106781186548,-0.707106781186548));
#2041=DIRECTION('',(0.,0.,1.));
#2042=DIRECTION('',(0.,-1.,0.));
#2043=DIRECTION('',(0.,0.,1.));
#2044=DIRECTION('',(0.,-0.342020143325669,-0.939692620785909));
#2045=DIRECTION('',(0.,0.,1.));
#2046=DIRECTION('',(0.,1.,0.));
#2047=DIRECTION('',(0.,0.,-1.));
#2048=DIRECTION('',(0.,0.,1.));
#2049=DIRECTION('',(0.,-1.,0.));
#2050=DIRECTION('',(0.,-1.,0.));
#2051=DIRECTION('',(0.,-1.,0.));
#2052=DIRECTION('',(-1.,0.,0.));
#2053=DIRECTION('',(0.,1.,0.));
#2054=DIRECTION('',(0.,-1.,0.));
#2055=DIRECTION('',(0.,-1.,0.));
#2056=DIRECTION('',(0.,0.,-1.));
#2057=DIRECTION('',(0.,1.,0.));
#2058=DIRECTION('',(1.,0.,0.));
#2059=DIRECTION('',(0.,-1.,0.));
#2060=DIRECTION('',(0.,-1.,0.));
#2061=DIRECTION('',(0.,0.,-1.));
#2062=DIRECTION('',(0.,1.,0.));
#2063=DIRECTION('',(0.,-1.,0.));
#2064=DIRECTION('',(-1.,0.,0.));
#2065=DIRECTION('',(0.,-1.,0.));
#2066=DIRECTION('',(0.,0.,-1.));
#2067=DIRECTION('',(0.,1.,0.));
#2068=DIRECTION('',(1.,0.,0.));
#2069=DIRECTION('',(-1.,0.,0.));
#2070=DIRECTION('',(0.,1.,0.));
#2071=DIRECTION('',(0.,-1.,0.));
#2072=DIRECTION('',(0.,0.,-1.));
#2073=DIRECTION('',(0.,-1.,0.));
#2074=DIRECTION('',(0.,0.,-1.));
#2075=DIRECTION('',(0.,1.,0.));
#2076=DIRECTION('',(0.,-1.,0.));
#2077=DIRECTION('',(1.,0.,0.));
#2078=DIRECTION('',(0.,-1.,0.));
#2079=DIRECTION('',(1.,0.,0.));
#2080=DIRECTION('',(0.,0.,-1.));
#2081=DIRECTION('',(0.,1.,0.));
#2082=DIRECTION('',(-1.,0.,0.));
#2083=DIRECTION('',(0.,1.,0.));
#2084=DIRECTION('',(0.,-1.,0.));
#2085=DIRECTION('',(0.,0.,1.));
#2086=DIRECTION('',(0.,-1.,0.));
#2087=DIRECTION('',(0.,0.,-1.));
#2088=DIRECTION('',(0.,1.,0.));
#2089=DIRECTION('',(1.,0.,0.));
#2090=DIRECTION('',(-1.,0.,0.));
#2091=DIRECTION('',(0.,0.,1.));
#2092=DIRECTION('',(0.,1.,0.));
#2093=DIRECTION('',(1.,0.,0.));
#2094=DIRECTION('',(0.,1.,0.));
#2095=DIRECTION('',(1.,0.,0.));
#2096=DIRECTION('',(0.,0.,1.));
#2097=DIRECTION('',(0.,1.,0.));
#2098=DIRECTION('',(1.,0.,0.));
#2099=DIRECTION('',(0.,0.,-1.));
#2100=DIRECTION('',(0.,1.,0.));
#2101=DIRECTION('',(1.,0.,0.));
#2102=DIRECTION('',(1.,0.,1.33440267382831E-16));
#2103=DIRECTION('',(0.,1.,0.));
#2104=DIRECTION('',(1.,0.,0.));
#2105=DIRECTION('',(0.,-1.,0.));
#2106=DIRECTION('',(-1.,0.,0.));
#2107=DIRECTION('',(0.,-1.,0.));
#2108=DIRECTION('',(-1.,0.,0.));
#2109=DIRECTION('',(0.,-1.,0.));
#2110=DIRECTION('',(-1.,0.,0.));
#2111=DIRECTION('',(0.,-1.,0.));
#2112=DIRECTION('',(-1.,0.,0.));
#2113=DIRECTION('',(0.,-1.,0.));
#2114=DIRECTION('',(-1.,0.,0.));
#2115=DIRECTION('',(0.,-1.,0.));
#2116=DIRECTION('',(-1.,0.,0.));
#2117=DIRECTION('',(0.,0.,1.));
#2118=DIRECTION('',(0.,-1.,0.));
#2119=DIRECTION('',(0.,-0.939692620785908,0.342020143325669));
#2120=DIRECTION('',(0.,0.342020143325669,0.939692620785908));
#2121=DIRECTION('',(0.,0.,1.));
#2122=DIRECTION('',(0.,-1.,0.));
#2123=DIRECTION('',(0.,0.,1.));
#2124=DIRECTION('',(0.,-1.,0.));
#2125=DIRECTION('',(0.,1.,0.));
#2126=DIRECTION('',(1.,0.,0.));
#2127=DIRECTION('',(0.,1.,0.));
#2128=DIRECTION('',(-1.,0.,0.));
#2129=DIRECTION('',(0.,1.,0.));
#2130=DIRECTION('',(0.,1.,0.));
#2131=DIRECTION('',(0.,0.,1.));
#2132=DIRECTION('',(0.,1.,0.));
#2133=DIRECTION('',(0.,0.,1.));
#2134=DIRECTION('',(0.,-1.,0.));
#2135=DIRECTION('',(1.,0.,0.));
#2136=DIRECTION('',(0.,1.,0.));
#2137=DIRECTION('',(0.,1.,0.));
#2138=DIRECTION('',(-1.,0.,0.));
#2139=DIRECTION('',(0.,1.,0.));
#2140=DIRECTION('',(0.,0.,1.));
#2141=DIRECTION('',(0.,1.,0.));
#2142=DIRECTION('',(0.,1.,0.));
#2143=DIRECTION('',(0.,-1.,0.));
#2144=DIRECTION('',(1.,0.,0.));
#2145=DIRECTION('',(0.,0.,1.));
#2146=DIRECTION('',(1.,0.,0.));
#2147=DIRECTION('',(0.,0.,1.));
#2148=DIRECTION('',(0.,-1.,0.));
#2149=DIRECTION('',(-1.,0.,0.));
#2150=DIRECTION('',(-1.,0.,0.));
#2151=DIRECTION('',(0.,-1.,0.));
#2152=DIRECTION('',(-1.,0.,0.));
#2153=DIRECTION('',(0.,-1.,0.));
#2154=DIRECTION('',(-1.,0.,0.));
#2155=DIRECTION('',(0.,-1.,0.));
#2156=DIRECTION('',(-1.,0.,0.));
#2157=DIRECTION('',(0.,-1.,0.));
#2158=DIRECTION('',(-1.,0.,0.));
#2159=DIRECTION('',(0.,-1.,0.));
#2160=DIRECTION('',(-1.,0.,0.));
#2161=DIRECTION('',(1.,0.,0.));
#2162=DIRECTION('',(0.,-1.,0.));
#2163=DIRECTION('',(0.,0.,-1.));
#2164=DIRECTION('',(0.,1.,0.));
#2165=DIRECTION('',(0.,1.,0.));
#2166=DIRECTION('',(-1.33440267382831E-16,0.,1.));
#2167=DIRECTION('',(1.,0.,1.33440267382831E-16));
#2168=DIRECTION('',(1.,0.,1.33440267382831E-16));
#2169=DIRECTION('',(0.,1.,0.));
#2170=DIRECTION('',(0.,1.,0.));
#2171=DIRECTION('',(0.,1.,0.));
#2172=DIRECTION('',(1.,0.,0.));
#2173=DIRECTION('',(0.,0.,-1.));
#2174=DIRECTION('',(-0.5,0.,-0.866025403784439));
#2175=DIRECTION('',(-1.,0.,5.63367974526436E-16));
#2176=DIRECTION('',(-0.5,0.,0.866025403784439));
#2177=DIRECTION('',(0.5,0.,0.866025403784439));
#2178=DIRECTION('',(1.,0.,-7.51157299368581E-16));
#2179=DIRECTION('',(0.5,0.,-0.866025403784439));
#2180=DIRECTION('',(0.,0.,-1.));
#2181=DIRECTION('',(0.,1.,0.));
#2182=DIRECTION('',(1.,0.,0.));
#2183=DIRECTION('',(0.,1.,0.));
#2184=DIRECTION('',(1.,0.,0.));
#2185=DIRECTION('',(-1.33440267382831E-16,0.,-1.));
#2186=DIRECTION('',(-1.,0.,1.33440267382831E-16));
#2187=DIRECTION('',(0.,1.,0.));
#2188=DIRECTION('',(0.,1.,0.));
#2189=DIRECTION('',(1.,0.,-2.00160401074247E-16));
#2190=DIRECTION('',(-2.00160401074247E-16,0.,-1.));
#2191=DIRECTION('',(0.,1.,0.));
#2192=DIRECTION('',(0.,1.,0.));
#2193=DIRECTION('',(0.,-1.,0.));
#2194=DIRECTION('',(1.,0.,0.));
#2195=DIRECTION('',(-0.5,0.,0.866025403784438));
#2196=DIRECTION('',(-1.,0.,-3.7557864968429E-16));
#2197=DIRECTION('',(-0.5,0.,-0.866025403784439));
#2198=DIRECTION('',(0.5,0.,-0.866025403784438));
#2199=DIRECTION('',(1.,0.,7.51157299368581E-16));
#2200=DIRECTION('',(0.5,0.,0.866025403784439));
#2201=DIRECTION('',(0.866025403784438,0.,0.5));
#2202=DIRECTION('',(0.5,0.,-0.866025403784438));
#2203=DIRECTION('',(0.,-1.,0.));
#2204=DIRECTION('',(0.,-1.,0.));
#2205=DIRECTION('',(-3.7557864968429E-16,0.,1.));
#2206=DIRECTION('',(1.,0.,3.7557864968429E-16));
#2207=DIRECTION('',(0.,-1.,0.));
#2208=DIRECTION('',(-0.866025403784439,0.,0.5));
#2209=DIRECTION('',(0.5,0.,0.866025403784439));
#2210=DIRECTION('',(-0.866025403784439,0.,0.5));
#2211=DIRECTION('',(-0.5,0.,-0.866025403784439));
#2212=DIRECTION('',(0.,-1.,0.));
#2213=DIRECTION('',(-0.866025403784438,0.,-0.5));
#2214=DIRECTION('',(-0.5,0.,0.866025403784438));
#2215=DIRECTION('',(0.,-1.,0.));
#2216=DIRECTION('',(-0.866025403784438,0.,-0.5));
#2217=DIRECTION('',(0.5,0.,-0.866025403784438));
#2218=DIRECTION('',(7.51157299368581E-16,0.,-1.));
#2219=DIRECTION('',(-1.,0.,-7.51157299368581E-16));
#2220=DIRECTION('',(0.,-1.,0.));
#2221=DIRECTION('',(0.866025403784439,0.,-0.5));
#2222=DIRECTION('',(-0.5,0.,-0.866025403784439));
#2223=DIRECTION('',(-0.866025403784439,0.,-0.5));
#2224=DIRECTION('',(-0.5,0.,0.866025403784439));
#2225=DIRECTION('',(0.,-1.,0.));
#2226=DIRECTION('',(-0.866025403784439,0.,-0.5));
#2227=DIRECTION('',(0.5,0.,-0.866025403784439));
#2228=DIRECTION('',(0.,-1.,0.));
#2229=DIRECTION('',(0.5,0.,-0.866025403784439));
#2230=DIRECTION('',(-7.51157299368581E-16,0.,-1.));
#2231=DIRECTION('',(-1.,0.,7.51157299368581E-16));
#2232=DIRECTION('',(0.,-1.,0.));
#2233=DIRECTION('',(1.,0.,-7.51157299368581E-16));
#2234=DIRECTION('',(0.866025403784439,0.,-0.5));
#2235=DIRECTION('',(-0.5,0.,-0.866025403784439));
#2236=DIRECTION('',(0.,-1.,0.));
#2237=DIRECTION('',(0.5,0.,0.866025403784439));
#2238=DIRECTION('',(0.866025403784439,0.,0.5));
#2239=DIRECTION('',(0.5,0.,-0.866025403784439));
#2240=DIRECTION('',(0.,-1.,0.));
#2241=DIRECTION('',(-0.5,0.,0.866025403784439));
#2242=DIRECTION('',(5.63367974526436E-16,0.,1.));
#2243=DIRECTION('',(1.,0.,-5.63367974526436E-16));
#2244=DIRECTION('',(0.,-1.,0.));
#2245=DIRECTION('',(-1.,0.,5.63367974526436E-16));
#2246=DIRECTION('',(-0.866025403784439,0.,0.5));
#2247=DIRECTION('',(0.5,0.,0.866025403784439));
#2248=DIRECTION('',(-0.866025403784439,0.,0.5));
#2249=DIRECTION('',(-0.5,0.,-0.866025403784439));
#2250=DIRECTION('',(-0.5,0.,-0.866025403784439));
#2251=DIRECTION('',(0.,-1.,0.));
#2252=DIRECTION('',(1.,0.,0.));
#2253=DIRECTION('',(0.,1.,0.));
#2254=DIRECTION('',(1.,0.,0.));
#2255=DIRECTION('',(0.,0.707106781186548,-0.707106781186548));
#2256=DIRECTION('',(0.,0.707106781186548,0.707106781186548));
#2257=DIRECTION('',(0.,0.,-1.));
#2258=DIRECTION('',(0.,1.,0.));
#2259=DIRECTION('',(0.,-0.939692620785908,0.342020143325669));
#2260=DIRECTION('',(0.,-0.342020143325669,-0.939692620785909));
#2261=DIRECTION('',(0.,1.,0.));
#2262=DIRECTION('',(1.,0.,0.));
#2263=DIRECTION('',(0.,0.707106781186548,-0.707106781186548));
#2264=DIRECTION('',(0.,0.707106781186548,0.707106781186548));
#2265=DIRECTION('',(0.,0.,1.));
#2266=DIRECTION('',(0.,-1.,0.));
#2267=DIRECTION('',(0.,-0.939692620785908,0.342020143325669));
#2268=DIRECTION('',(0.,0.342020143325669,0.939692620785909));
#2269=DIRECTION('',(0.,0.,1.));
#2270=DIRECTION('',(0.,-1.,0.));
#2271=DIRECTION('',(0.,0.707106781186548,0.707106781186548));
#2272=DIRECTION('',(0.,-0.707106781186548,0.707106781186548));
#2273=DIRECTION('',(0.,0.,1.));
#2274=DIRECTION('',(0.,-1.,0.));
#2275=DIRECTION('',(0.,0.707106781186548,0.707106781186548));
#2276=DIRECTION('',(0.,-0.707106781186548,0.707106781186548));
#2277=DIRECTION('',(0.,-1.,0.));
#2278=DIRECTION('',(-1.,0.,0.));
#2279=DIRECTION('',(0.,1.,0.));
#2280=DIRECTION('',(1.,0.,0.));
#2281=DIRECTION('',(0.,1.,0.));
#2282=DIRECTION('',(1.,0.,0.));
#2283=DIRECTION('',(0.,1.,0.));
#2284=DIRECTION('',(1.,0.,0.));
#2285=DIRECTION('',(0.,1.,0.));
#2286=DIRECTION('',(1.,0.,0.));
#2287=DIRECTION('',(0.,0.707106781186548,-0.707106781186548));
#2288=DIRECTION('',(0.,0.707106781186548,0.707106781186548));
#2289=DIRECTION('',(0.,0.,-1.));
#2290=DIRECTION('',(0.,1.,0.));
#2291=DIRECTION('',(0.,-1.,0.));
#2292=DIRECTION('',(-1.,0.,0.));
#2293=DIRECTION('',(0.,-1.,0.));
#2294=DIRECTION('',(-1.,0.,0.));
#2295=DIRECTION('',(0.,1.,0.));
#2296=DIRECTION('',(1.,0.,0.));
#2297=DIRECTION('',(0.,0.707106781186548,-0.707106781186548));
#2298=DIRECTION('',(0.,0.707106781186548,0.707106781186548));
#2299=DIRECTION('',(0.,0.,-1.));
#2300=DIRECTION('',(0.,1.,0.));
#2301=DIRECTION('',(0.,-1.,0.));
#2302=DIRECTION('',(-1.,0.,0.));
#2303=DIRECTION('',(0.,1.,0.));
#2304=DIRECTION('',(1.,0.,0.));
#2305=DIRECTION('',(0.,-1.,0.));
#2306=DIRECTION('',(-1.,0.,0.));
#2307=DIRECTION('',(0.,1.,0.));
#2308=DIRECTION('',(1.,0.,0.));
#2309=DIRECTION('',(0.,1.,0.));
#2310=DIRECTION('',(1.,0.,0.));
#2311=DIRECTION('',(0.,-1.,0.));
#2312=DIRECTION('',(-1.,0.,0.));
#2313=DIRECTION('',(0.,1.,0.));
#2314=DIRECTION('',(1.,0.,0.));
#2315=DIRECTION('',(0.,1.,0.));
#2316=DIRECTION('',(1.,0.,0.));
#2317=DIRECTION('',(0.,-1.,0.));
#2318=DIRECTION('',(-1.,0.,0.));
#2319=DIRECTION('',(0.,1.,0.));
#2320=DIRECTION('',(1.,0.,0.));
#2321=DIRECTION('',(0.,-1.,0.));
#2322=DIRECTION('',(-1.,0.,0.));
#2323=DIRECTION('',(0.,1.,0.));
#2324=DIRECTION('',(1.,0.,0.));
#2325=DIRECTION('',(0.,1.,0.));
#2326=DIRECTION('',(1.,0.,0.));
#2327=DIRECTION('',(-0.866025403784439,-0.5,0.));
#2328=DIRECTION('',(0.,0.,-1.));
#2329=DIRECTION('',(0.5,-0.866025403784439,0.));
#2330=DIRECTION('',(-0.5,0.866025403784439,0.));
#2331=DIRECTION('',(0.,1.,0.));
#2332=DIRECTION('',(1.,0.,0.));
#2333=DIRECTION('',(0.,0.866025403784438,0.5));
#2334=DIRECTION('',(0.,1.,0.));
#2335=DIRECTION('',(1.,0.,0.));
#2336=DIRECTION('',(0.,-0.866025403784439,0.5));
#2337=DIRECTION('',(0.,0.5,-0.866025403784438));
#2338=DIRECTION('',(-1.,0.,0.));
#2339=DIRECTION('',(0.,0.866025403784438,0.5));
#2340=DIRECTION('',(0.,-0.5,-0.866025403784439));
#2341=DIRECTION('',(1.,0.,0.));
#2342=DIRECTION('',(0.,1.,0.));
#2343=DIRECTION('',(1.,0.,0.));
#2344=DIRECTION('',(0.5,0.866025403784439,0.));
#2345=DIRECTION('',(-0.866025403784439,0.5,0.));
#2346=DIRECTION('',(0.,0.,1.));
#2347=DIRECTION('',(0.,-0.939692620785908,0.342020143325669));
#2348=DIRECTION('',(1.,0.,0.));
#2349=DIRECTION('',(0.,0.707106781186548,0.707106781186548));
#2350=DIRECTION('',(-1.,0.,0.));
#2351=DIRECTION('',(0.,-0.707106781186548,0.707106781186548));
#2352=DIRECTION('',(-1.,0.,0.));
#2353=CARTESIAN_POINT('',(0.,0.,0.));
#2354=CARTESIAN_POINT('',(0.0955,0.012,-0.0065));
#2355=CARTESIAN_POINT('',(0.0955,0.022,-0.0065));
#2356=CARTESIAN_POINT('',(0.09805,0.022,-0.0065));
#2357=CARTESIAN_POINT('',(0.0955,0.017,-0.0065));
#2358=CARTESIAN_POINT('',(0.09295,0.017,-0.0065));
#2359=CARTESIAN_POINT('',(0.0135,0.012,-0.0065));
#2360=CARTESIAN_POINT('',(0.0135,0.022,-0.0065));
#2361=CARTESIAN_POINT('',(0.01605,0.022,-0.0065));
#2362=CARTESIAN_POINT('',(0.0135,0.017,-0.0065));
#2363=CARTESIAN_POINT('',(0.01095,0.017,-0.0065));
#2364=CARTESIAN_POINT('',(0.0545,0.012,-0.074));
#2365=CARTESIAN_POINT('',(0.0135,0.012,-0.013));
#2366=CARTESIAN_POINT('',(0.017,0.012,-0.013));
#2367=CARTESIAN_POINT('',(0.01,0.012,-0.013));
#2368=CARTESIAN_POINT('',(0.017,0.012,0.));
#2369=CARTESIAN_POINT('',(0.017,0.012,-0.00843782217350891));
#2370=CARTESIAN_POINT('',(0.0169641016151377,0.012,-0.0085));
#2371=CARTESIAN_POINT('',(0.0158094010767585,0.012,-0.0105));
#2372=CARTESIAN_POINT('',(0.0135,0.012,-0.0105));
#2373=CARTESIAN_POINT('',(0.0111905989232415,0.012,-0.0105));
#2374=CARTESIAN_POINT('',(0.0100358983848622,0.012,-0.0085));
#2375=CARTESIAN_POINT('',(0.00888119784648298,0.012,-0.0065));
#2376=CARTESIAN_POINT('',(0.0100358983848622,0.012,-0.0045));
#2377=CARTESIAN_POINT('',(0.0111905989232415,0.012,-0.0025));
#2378=CARTESIAN_POINT('',(0.0135,0.012,-0.0025));
#2379=CARTESIAN_POINT('',(0.0158094010767585,0.012,-0.0025));
#2380=CARTESIAN_POINT('',(0.0169641016151378,0.012,-0.0045));
#2381=CARTESIAN_POINT('',(0.017,0.012,-0.00456217782649106));
#2382=CARTESIAN_POINT('',(0.017,0.012,0.));
#2383=CARTESIAN_POINT('',(0.017,0.012,0.));
#2384=CARTESIAN_POINT('',(0.0135,0.012,0.));
#2385=CARTESIAN_POINT('',(0.01,0.012,0.));
#2386=CARTESIAN_POINT('',(0.01,0.012,-0.003));
#2387=CARTESIAN_POINT('',(0.007,0.012,-0.003));
#2388=CARTESIAN_POINT('',(0.007,0.012,-0.0065));
#2389=CARTESIAN_POINT('',(0.007,0.012,-0.01));
#2390=CARTESIAN_POINT('',(0.01,0.012,-0.01));
#2391=CARTESIAN_POINT('',(0.02,0.006,-0.0539));
#2392=CARTESIAN_POINT('',(0.02,-0.00365,-0.0539));
#2393=CARTESIAN_POINT('',(0.02,-0.00365,-0.0978));
#2394=CARTESIAN_POINT('',(0.02,-0.00365,-0.00365));
#2395=CARTESIAN_POINT('',(0.02,0.,0.));
#2396=CARTESIAN_POINT('',(0.02,0.,0.));
#2397=CARTESIAN_POINT('',(0.02,0.006,0.));
#2398=CARTESIAN_POINT('',(0.02,0.009,0.));
#2399=CARTESIAN_POINT('',(0.02,0.009,-0.013));
#2400=CARTESIAN_POINT('',(0.02,0.009,-0.016));
#2401=CARTESIAN_POINT('',(0.02,0.006,-0.016));
#2402=CARTESIAN_POINT('',(0.02,0.022,-0.016));
#2403=CARTESIAN_POINT('',(0.02,0.022,-0.074));
#2404=CARTESIAN_POINT('',(0.02,0.022,-0.104040361288726));
#2405=CARTESIAN_POINT('',(0.02,0.006,-0.148));
#2406=CARTESIAN_POINT('',(0.02,0.016,-0.120525225805454));
#2407=CARTESIAN_POINT('',(0.02,0.016,-0.0539));
#2408=CARTESIAN_POINT('',(0.02,0.016,-0.0978));
#2409=CARTESIAN_POINT('',(0.02,0.,-0.0978));
#2410=CARTESIAN_POINT('',(0.0545,0.006,-0.074));
#2411=CARTESIAN_POINT('',(0.082,0.006,-0.005));
#2412=CARTESIAN_POINT('',(0.027,0.006,-0.005));
#2413=CARTESIAN_POINT('',(0.082,0.006,-0.005));
#2414=CARTESIAN_POINT('',(0.082,0.006,-0.078));
#2415=CARTESIAN_POINT('',(0.082,0.006,-0.078));
#2416=CARTESIAN_POINT('',(0.0545,0.006,-0.078));
#2417=CARTESIAN_POINT('',(0.027,0.006,-0.078));
#2418=CARTESIAN_POINT('',(0.027,0.006,-0.074));
#2419=CARTESIAN_POINT('',(0.0345,0.006,-0.0415));
#2420=CARTESIAN_POINT('',(0.0345,0.006,-0.0675));
#2421=CARTESIAN_POINT('',(0.0345,0.006,-0.0155));
#2422=CARTESIAN_POINT('',(0.0375,0.006,-0.0675));
#2423=CARTESIAN_POINT('',(0.0375,0.006,-0.0705));
#2424=CARTESIAN_POINT('',(0.0545,0.006,-0.0705));
#2425=CARTESIAN_POINT('',(0.0715,0.006,-0.0705));
#2426=CARTESIAN_POINT('',(0.0715,0.006,-0.0675));
#2427=CARTESIAN_POINT('',(0.0745,0.006,-0.0675));
#2428=CARTESIAN_POINT('',(0.0745,0.006,-0.0415));
#2429=CARTESIAN_POINT('',(0.0745,0.006,-0.0155));
#2430=CARTESIAN_POINT('',(0.0715,0.006,-0.0155));
#2431=CARTESIAN_POINT('',(0.0715,0.006,-0.0125));
#2432=CARTESIAN_POINT('',(0.0545,0.006,-0.0125));
#2433=CARTESIAN_POINT('',(0.0375,0.006,-0.0125));
#2434=CARTESIAN_POINT('',(0.0375,0.006,-0.0155));
#2435=CARTESIAN_POINT('',(0.0545,0.,-0.074));
#2436=CARTESIAN_POINT('',(0.10475,0.,-0.1128));
#2437=CARTESIAN_POINT('',(0.10265,0.,-0.1128));
#2438=CARTESIAN_POINT('',(0.00425,0.,-0.1279));
#2439=CARTESIAN_POINT('',(0.00215,0.,-0.1279));
#2440=CARTESIAN_POINT('',(0.00425,0.,-0.143));
#2441=CARTESIAN_POINT('',(0.00215,0.,-0.143));
#2442=CARTESIAN_POINT('',(0.0545,0.,-0.1078));
#2443=CARTESIAN_POINT('',(0.094,0.,-0.1078));
#2444=CARTESIAN_POINT('',(0.015,0.,-0.1078));
#2445=CARTESIAN_POINT('',(0.015,0.,-0.0978));
#2446=CARTESIAN_POINT('',(0.015,0.,-0.106460254037844));
#2447=CARTESIAN_POINT('',(0.01,0.,-0.0978));
#2448=CARTESIAN_POINT('',(0.01,0.,-0.1078));
#2449=CARTESIAN_POINT('',(0.01,0.,-0.1078));
#2450=CARTESIAN_POINT('',(0.005,0.,-0.1078));
#2451=CARTESIAN_POINT('',(0.005,0.,-0.1128));
#2452=CARTESIAN_POINT('',(0.,0.,-0.1128));
#2453=CARTESIAN_POINT('',(0.,0.,-0.1279));
#2454=CARTESIAN_POINT('',(0.,0.,-0.143));
#2455=CARTESIAN_POINT('',(0.005,0.,-0.143));
#2456=CARTESIAN_POINT('',(0.005,0.,-0.148));
#2457=CARTESIAN_POINT('',(0.0545,0.,-0.148));
#2458=CARTESIAN_POINT('',(0.104,0.,-0.148));
#2459=CARTESIAN_POINT('',(0.104,0.,-0.143));
#2460=CARTESIAN_POINT('',(0.109,0.,-0.143));
#2461=CARTESIAN_POINT('',(0.109,0.,-0.1279));
#2462=CARTESIAN_POINT('',(0.109,0.,-0.1128));
#2463=CARTESIAN_POINT('',(0.104,0.,-0.1128));
#2464=CARTESIAN_POINT('',(0.104,0.,-0.1078));
#2465=CARTESIAN_POINT('',(0.099,0.,-0.1078));
#2466=CARTESIAN_POINT('',(0.099,0.,-0.1078));
#2467=CARTESIAN_POINT('',(0.099,0.,-0.0978));
#2468=CARTESIAN_POINT('',(0.094,0.,-0.106460254037844));
#2469=CARTESIAN_POINT('',(0.094,0.,-0.074));
#2470=CARTESIAN_POINT('',(0.10475,0.,-0.1279));
#2471=CARTESIAN_POINT('',(0.10265,0.,-0.1279));
#2472=CARTESIAN_POINT('',(0.00425,0.,-0.1128));
#2473=CARTESIAN_POINT('',(0.00215,0.,-0.1128));
#2474=CARTESIAN_POINT('',(0.10475,0.,-0.143));
#2475=CARTESIAN_POINT('',(0.10265,0.,-0.143));
#2476=CARTESIAN_POINT('',(0.0545,0.006,0.));
#2477=CARTESIAN_POINT('',(0.089,0.,0.));
#2478=CARTESIAN_POINT('',(0.089,0.,0.));
#2479=CARTESIAN_POINT('',(0.089,0.006,0.));
#2480=CARTESIAN_POINT('',(0.089,0.009,0.));
#2481=CARTESIAN_POINT('',(0.092,0.009,0.));
#2482=CARTESIAN_POINT('',(0.092,0.012,0.));
#2483=CARTESIAN_POINT('',(0.0955,0.012,0.));
#2484=CARTESIAN_POINT('',(0.099,0.012,0.));
#2485=CARTESIAN_POINT('',(0.099,0.022,0.));
#2486=CARTESIAN_POINT('',(0.099,0.022,0.));
#2487=CARTESIAN_POINT('',(0.0545,0.022,0.));
#2488=CARTESIAN_POINT('',(0.0605,0.022,0.));
#2489=CARTESIAN_POINT('',(0.0545,0.022,0.));
#2490=CARTESIAN_POINT('',(0.0485,0.022,0.));
#2491=CARTESIAN_POINT('',(0.0545,0.022,0.));
#2492=CARTESIAN_POINT('',(0.01,0.022,0.));
#2493=CARTESIAN_POINT('',(0.01,0.006,0.));
#2494=CARTESIAN_POINT('',(0.017,0.009,0.));
#2495=CARTESIAN_POINT('',(0.0545,0.022,-0.074));
#2496=CARTESIAN_POINT('',(0.0485,0.022,-0.185937405188154));
#2497=CARTESIAN_POINT('',(0.0485,0.022,-0.104040361288726));
#2498=CARTESIAN_POINT('',(0.0485,0.022,-0.08));
#2499=CARTESIAN_POINT('',(0.0545,0.022,-0.104040361288726));
#2500=CARTESIAN_POINT('',(0.017,0.022,-0.016));
#2501=CARTESIAN_POINT('',(0.017,0.022,-0.013));
#2502=CARTESIAN_POINT('',(0.0135,0.022,-0.013));
#2503=CARTESIAN_POINT('',(0.01,0.022,-0.013));
#2504=CARTESIAN_POINT('',(0.01,0.022,-0.01));
#2505=CARTESIAN_POINT('',(0.007,0.022,-0.01));
#2506=CARTESIAN_POINT('',(0.007,0.022,-0.0065));
#2507=CARTESIAN_POINT('',(0.007,0.022,-0.003));
#2508=CARTESIAN_POINT('',(0.01,0.022,-0.003));
#2509=CARTESIAN_POINT('',(0.0485,0.022,-0.185937405188154));
#2510=CARTESIAN_POINT('',(0.0485,0.022,-0.003));
#2511=CARTESIAN_POINT('',(0.06925,0.022,-0.003));
#2512=CARTESIAN_POINT('',(0.027,0.022,-0.003));
#2513=CARTESIAN_POINT('',(0.027,0.022,-0.005));
#2514=CARTESIAN_POINT('',(0.025,0.022,-0.005));
#2515=CARTESIAN_POINT('',(0.025,0.022,-0.0415));
#2516=CARTESIAN_POINT('',(0.025,0.022,-0.078));
#2517=CARTESIAN_POINT('',(0.027,0.022,-0.078));
#2518=CARTESIAN_POINT('',(0.027,0.022,-0.08));
#2519=CARTESIAN_POINT('',(0.03975,0.022,-0.08));
#2520=CARTESIAN_POINT('',(0.0545,0.006,-0.074));
#2521=CARTESIAN_POINT('',(0.10475,0.006,-0.143));
#2522=CARTESIAN_POINT('',(0.10685,0.006,-0.143));
#2523=CARTESIAN_POINT('',(0.109,0.006,-0.1279));
#2524=CARTESIAN_POINT('',(0.109,0.006,-0.1128));
#2525=CARTESIAN_POINT('',(0.109,0.006,-0.143));
#2526=CARTESIAN_POINT('',(0.104,0.006,-0.143));
#2527=CARTESIAN_POINT('',(0.104,0.006,-0.148));
#2528=CARTESIAN_POINT('',(0.0545,0.006,-0.148));
#2529=CARTESIAN_POINT('',(0.099,0.006,-0.148));
#2530=CARTESIAN_POINT('',(0.099,0.006,-0.1078));
#2531=CARTESIAN_POINT('',(0.099,0.006,-0.1078));
#2532=CARTESIAN_POINT('',(0.099,0.006,-0.1078));
#2533=CARTESIAN_POINT('',(0.104,0.006,-0.1078));
#2534=CARTESIAN_POINT('',(0.104,0.006,-0.1128));
#2535=CARTESIAN_POINT('',(0.10475,0.006,-0.1279));
#2536=CARTESIAN_POINT('',(0.10685,0.006,-0.1279));
#2537=CARTESIAN_POINT('',(0.10475,0.006,-0.1128));
#2538=CARTESIAN_POINT('',(0.10685,0.006,-0.1128));
#2539=CARTESIAN_POINT('',(0.0545,0.006,-0.074));
#2540=CARTESIAN_POINT('',(0.00425,0.006,-0.1279));
#2541=CARTESIAN_POINT('',(0.00635,0.006,-0.1279));
#2542=CARTESIAN_POINT('',(0.00425,0.006,-0.143));
#2543=CARTESIAN_POINT('',(0.00635,0.006,-0.143));
#2544=CARTESIAN_POINT('',(0.0545,0.006,-0.148));
#2545=CARTESIAN_POINT('',(0.005,0.006,-0.148));
#2546=CARTESIAN_POINT('',(0.01,0.006,-0.148));
#2547=CARTESIAN_POINT('',(0.005,0.006,-0.143));
#2548=CARTESIAN_POINT('',(0.,0.006,-0.143));
#2549=CARTESIAN_POINT('',(0.,0.006,-0.1279));
#2550=CARTESIAN_POINT('',(0.,0.006,-0.1128));
#2551=CARTESIAN_POINT('',(0.005,0.006,-0.1128));
#2552=CARTESIAN_POINT('',(0.005,0.006,-0.1078));
#2553=CARTESIAN_POINT('',(0.01,0.006,-0.1078));
#2554=CARTESIAN_POINT('',(0.01,0.006,-0.1078));
#2555=CARTESIAN_POINT('',(0.01,0.006,-0.074));
#2556=CARTESIAN_POINT('',(0.00425,0.006,-0.1128));
#2557=CARTESIAN_POINT('',(0.00635,0.006,-0.1128));
#2558=CARTESIAN_POINT('',(0.,0.006,-0.1279));
#2559=CARTESIAN_POINT('',(0.,0.006,-0.143));
#2560=CARTESIAN_POINT('',(0.,0.006,-0.1128));
#2561=CARTESIAN_POINT('',(0.01,0.006,-0.1078));
#2562=CARTESIAN_POINT('',(0.005,0.,-0.1078));
#2563=CARTESIAN_POINT('',(0.01,0.006,-0.1078));
#2564=CARTESIAN_POINT('',(0.089,0.006,-0.0539));
#2565=CARTESIAN_POINT('',(0.089,-0.02395,-0.02395));
#2566=CARTESIAN_POINT('',(0.089,-0.00365,-0.00365));
#2567=CARTESIAN_POINT('',(0.089,-0.00365,-0.0539));
#2568=CARTESIAN_POINT('',(0.089,-0.00365,-0.0978));
#2569=CARTESIAN_POINT('',(0.089,0.006,-0.0978));
#2570=CARTESIAN_POINT('',(0.089,0.016,-0.0978));
#2571=CARTESIAN_POINT('',(0.089,0.016,-0.148));
#2572=CARTESIAN_POINT('',(0.089,0.016,-0.120525225805454));
#2573=CARTESIAN_POINT('',(0.089,0.0362431570357517,-0.0649076089512521));
#2574=CARTESIAN_POINT('',(0.089,0.022,-0.104040361288726));
#2575=CARTESIAN_POINT('',(0.089,0.022,-0.0539));
#2576=CARTESIAN_POINT('',(0.089,0.022,-0.016));
#2577=CARTESIAN_POINT('',(0.089,0.006,-0.016));
#2578=CARTESIAN_POINT('',(0.089,0.009,-0.016));
#2579=CARTESIAN_POINT('',(0.089,0.009,-0.0539));
#2580=CARTESIAN_POINT('',(0.099,0.006,-0.1078));
#2581=CARTESIAN_POINT('',(0.104,0.006,-0.1078));
#2582=CARTESIAN_POINT('',(0.099,0.,-0.1078));
#2583=CARTESIAN_POINT('',(0.109,0.006,-0.1279));
#2584=CARTESIAN_POINT('',(0.109,0.006,-0.143));
#2585=CARTESIAN_POINT('',(0.109,0.,-0.1128));
#2586=CARTESIAN_POINT('',(0.0545,0.006,-0.148));
#2587=CARTESIAN_POINT('',(0.0545,0.006,-0.148));
#2588=CARTESIAN_POINT('',(0.104,0.,-0.148));
#2589=CARTESIAN_POINT('',(0.005,0.006,-0.148));
#2590=CARTESIAN_POINT('',(0.06925,0.022,-0.003));
#2591=CARTESIAN_POINT('',(0.082,0.006,-0.003));
#2592=CARTESIAN_POINT('',(0.082,0.022,-0.003));
#2593=CARTESIAN_POINT('',(0.082,0.00946410161513775,-0.003));
#2594=CARTESIAN_POINT('',(0.027,0.00946410161513775,-0.003));
#2595=CARTESIAN_POINT('',(0.027,0.00946410161513775,-0.003));
#2596=CARTESIAN_POINT('',(0.027,0.022,-0.003));
#2597=CARTESIAN_POINT('',(0.0545,0.022,-0.003));
#2598=CARTESIAN_POINT('',(0.0605,0.022,-0.00300000000000006));
#2599=CARTESIAN_POINT('',(0.06925,0.022,-0.003));
#2600=CARTESIAN_POINT('',(0.025,0.022,-0.0415));
#2601=CARTESIAN_POINT('',(0.025,0.022,-0.005));
#2602=CARTESIAN_POINT('',(0.025,0.00946410161513776,-0.005));
#2603=CARTESIAN_POINT('',(0.025,0.00946410161513776,-0.0415));
#2604=CARTESIAN_POINT('',(0.025,0.00946410161513775,-0.078));
#2605=CARTESIAN_POINT('',(0.025,0.022,-0.078));
#2606=CARTESIAN_POINT('',(0.03975,0.022,-0.08));
#2607=CARTESIAN_POINT('',(0.027,0.006,-0.08));
#2608=CARTESIAN_POINT('',(0.027,0.00946410161513775,-0.08));
#2609=CARTESIAN_POINT('',(0.03975,0.00946410161513775,-0.08));
#2610=CARTESIAN_POINT('',(0.082,0.0094641016045456,-0.08));
#2611=CARTESIAN_POINT('',(0.082,0.022,-0.08));
#2612=CARTESIAN_POINT('',(0.082,0.022,-0.08));
#2613=CARTESIAN_POINT('',(0.03975,0.022,-0.08));
#2614=CARTESIAN_POINT('',(0.0605,0.022,-0.08));
#2615=CARTESIAN_POINT('',(0.0545,0.022,-0.08));
#2616=CARTESIAN_POINT('',(0.084,0.022,-0.0415));
#2617=CARTESIAN_POINT('',(0.084,0.022,-0.078));
#2618=CARTESIAN_POINT('',(0.084,0.022,-0.078));
#2619=CARTESIAN_POINT('',(0.0840086758298391,0.00946410160564363,-0.0780012282038632));
#2620=CARTESIAN_POINT('',(0.084,0.00946410161513776,-0.005));
#2621=CARTESIAN_POINT('',(0.084,0.00946410161513775,-0.005));
#2622=CARTESIAN_POINT('',(0.084,0.022,-0.005));
#2623=CARTESIAN_POINT('',(0.084,0.022,-0.005));
#2624=CARTESIAN_POINT('',(0.084,0.022,-0.0415));
#2625=CARTESIAN_POINT('',(0.0545,0.022,-0.074));
#2626=CARTESIAN_POINT('',(0.0545,0.022,-0.104040361288726));
#2627=CARTESIAN_POINT('',(0.0605,0.022,-0.104040361288726));
#2628=CARTESIAN_POINT('',(0.0605,0.022,-0.185937405188154));
#2629=CARTESIAN_POINT('',(0.082,0.022,-0.078));
#2630=CARTESIAN_POINT('',(0.082,0.022,-0.005));
#2631=CARTESIAN_POINT('',(0.0605,0.022,-0.185937405188154));
#2632=CARTESIAN_POINT('',(0.099,0.022,-0.003));
#2633=CARTESIAN_POINT('',(0.102,0.022,-0.003));
#2634=CARTESIAN_POINT('',(0.102,0.022,-0.0065));
#2635=CARTESIAN_POINT('',(0.102,0.022,-0.01));
#2636=CARTESIAN_POINT('',(0.099,0.022,-0.01));
#2637=CARTESIAN_POINT('',(0.099,0.022,-0.013));
#2638=CARTESIAN_POINT('',(0.0955,0.022,-0.013));
#2639=CARTESIAN_POINT('',(0.092,0.022,-0.013));
#2640=CARTESIAN_POINT('',(0.092,0.022,-0.016));
#2641=CARTESIAN_POINT('',(0.10475,0.185128880722632,-0.1279));
#2642=CARTESIAN_POINT('',(0.00425,0.185128880722632,-0.143));
#2643=CARTESIAN_POINT('',(0.00425,0.185128880722632,-0.1279));
#2644=CARTESIAN_POINT('',(0.00425,0.185128880722632,-0.1128));
#2645=CARTESIAN_POINT('',(0.10475,0.185128880722632,-0.1128));
#2646=CARTESIAN_POINT('',(0.10475,0.185128880722632,-0.143));
#2647=CARTESIAN_POINT('',(0.0545,0.022,-0.185937405188154));
#2648=CARTESIAN_POINT('',(0.0545,0.022,-0.104040361288726));
#2649=CARTESIAN_POINT('',(0.0545,0.022,-0.185937405188154));
#2650=CARTESIAN_POINT('',(0.0545,-0.179128880722632,-0.0705));
#2651=CARTESIAN_POINT('',(0.0375,-0.179128880722632,-0.0705));
#2652=CARTESIAN_POINT('',(0.0375,-0.00365,-0.0705));
#2653=CARTESIAN_POINT('',(0.0545,-0.00365,-0.0705));
#2654=CARTESIAN_POINT('',(0.0715,-0.00365,-0.0705));
#2655=CARTESIAN_POINT('',(0.0715,0.006,-0.0705));
#2656=CARTESIAN_POINT('',(0.0345,-0.179128880722632,-0.0415));
#2657=CARTESIAN_POINT('',(0.0345,-0.00365,-0.0155));
#2658=CARTESIAN_POINT('',(0.0345,-0.00365,-0.0155));
#2659=CARTESIAN_POINT('',(0.0345,-0.00365,-0.074));
#2660=CARTESIAN_POINT('',(0.0345,-0.00365,-0.0675));
#2661=CARTESIAN_POINT('',(0.0345,-0.179128880722632,-0.0675));
#2662=CARTESIAN_POINT('',(0.0545,-0.179128880722632,-0.0125));
#2663=CARTESIAN_POINT('',(0.0545,-0.00365,-0.0125));
#2664=CARTESIAN_POINT('',(0.0375,-0.00365,-0.0125));
#2665=CARTESIAN_POINT('',(0.0715,-0.00365,-0.0125));
#2666=CARTESIAN_POINT('',(0.0375,0.006,-0.0125));
#2667=CARTESIAN_POINT('',(0.0715,-0.179128880722632,-0.0125));
#2668=CARTESIAN_POINT('',(0.0745,-0.179128880722632,-0.0415));
#2669=CARTESIAN_POINT('',(0.0745,-0.00365,-0.074));
#2670=CARTESIAN_POINT('',(0.0745,-0.00365,-0.0675));
#2671=CARTESIAN_POINT('',(0.0745,-0.00365,-0.0155));
#2672=CARTESIAN_POINT('',(0.0745,-0.179128880722632,-0.0155));
#2673=CARTESIAN_POINT('',(0.0745,-0.00365,-0.0675));
#2674=CARTESIAN_POINT('',(0.0545,-0.00365,-0.074));
#2675=CARTESIAN_POINT('',(0.0198143016108258,-0.00365,-0.103759099042297));
#2676=CARTESIAN_POINT('',(0.0198143016108258,-0.00365,-0.0997181980845943));
#2677=CARTESIAN_POINT('',(0.0198143016108258,-0.00365,-0.10415));
#2678=CARTESIAN_POINT('',(0.0545,-0.00365,-0.10415));
#2679=CARTESIAN_POINT('',(0.0891856983891742,-0.00365,-0.10415));
#2680=CARTESIAN_POINT('',(0.0891856983891742,-0.00365,-0.103759099042297));
#2681=CARTESIAN_POINT('',(0.0891856983891742,-0.00365,-0.0997181980845945));
#2682=CARTESIAN_POINT('',(0.099,-0.00365,-0.0978));
#2683=CARTESIAN_POINT('',(0.02,-0.00365,-0.00365));
#2684=CARTESIAN_POINT('',(0.01,-0.00365,-0.0978));
#2685=CARTESIAN_POINT('',(0.0375,-0.00365,-0.0675));
#2686=CARTESIAN_POINT('',(0.0375,-0.00365,-0.0155));
#2687=CARTESIAN_POINT('',(0.0715,-0.00365,-0.0155));
#2688=CARTESIAN_POINT('',(0.0715,-0.00365,-0.0675));
#2689=CARTESIAN_POINT('',(0.102,0.012,-0.0065));
#2690=CARTESIAN_POINT('',(0.102,0.012,-0.0065));
#2691=CARTESIAN_POINT('',(0.102,0.012,-0.003));
#2692=CARTESIAN_POINT('',(0.102,0.012,-0.01));
#2693=CARTESIAN_POINT('',(0.102,0.022,-0.01));
#2694=CARTESIAN_POINT('',(0.102,0.012,-0.003));
#2695=CARTESIAN_POINT('',(0.0955,0.012,-0.013));
#2696=CARTESIAN_POINT('',(0.0955,0.012,-0.013));
#2697=CARTESIAN_POINT('',(0.092,0.012,-0.013));
#2698=CARTESIAN_POINT('',(0.099,0.012,-0.013));
#2699=CARTESIAN_POINT('',(0.092,0.012,-0.013));
#2700=CARTESIAN_POINT('',(0.099,0.012,-0.013));
#2701=CARTESIAN_POINT('',(0.0545,0.012,-0.074));
#2702=CARTESIAN_POINT('',(0.092,0.012,-0.074));
#2703=CARTESIAN_POINT('',(0.092,0.012,-0.00456217782649105));
#2704=CARTESIAN_POINT('',(0.0920358983848622,0.012,-0.0045));
#2705=CARTESIAN_POINT('',(0.0931905989232415,0.012,-0.00249999999999996));
#2706=CARTESIAN_POINT('',(0.0955,0.012,-0.0025));
#2707=CARTESIAN_POINT('',(0.0978094010767585,0.012,-0.0025));
#2708=CARTESIAN_POINT('',(0.0989641016151377,0.012,-0.0045));
#2709=CARTESIAN_POINT('',(0.100118802153517,0.012,-0.0065));
#2710=CARTESIAN_POINT('',(0.0989641016151377,0.012,-0.0085));
#2711=CARTESIAN_POINT('',(0.0978094010767585,0.012,-0.0105));
#2712=CARTESIAN_POINT('',(0.0955,0.012,-0.0105));
#2713=CARTESIAN_POINT('',(0.0931905989232415,0.012,-0.0105));
#2714=CARTESIAN_POINT('',(0.0920358983848622,0.012,-0.0085));
#2715=CARTESIAN_POINT('',(0.092,0.012,-0.00843782217350891));
#2716=CARTESIAN_POINT('',(0.092,0.012,-0.074));
#2717=CARTESIAN_POINT('',(0.099,0.012,-0.01));
#2718=CARTESIAN_POINT('',(0.099,0.012,-0.003));
#2719=CARTESIAN_POINT('',(0.0135,0.012,-0.013));
#2720=CARTESIAN_POINT('',(0.017,0.012,-0.013));
#2721=CARTESIAN_POINT('',(0.01,0.022,-0.013));
#2722=CARTESIAN_POINT('',(0.007,0.012,-0.0065));
#2723=CARTESIAN_POINT('',(0.007,0.012,-0.01));
#2724=CARTESIAN_POINT('',(0.007,0.012,-0.003));
#2725=CARTESIAN_POINT('',(0.0554405989232415,0.017,-0.0133748985826969));
#2726=CARTESIAN_POINT('',(0.0100358983848622,0.017,-0.0085));
#2727=CARTESIAN_POINT('',(0.0111905989232415,0.017,-0.0105));
#2728=CARTESIAN_POINT('',(0.00888119784648298,0.017,-0.0065));
#2729=CARTESIAN_POINT('',(0.0135,0.017,-0.0105));
#2730=CARTESIAN_POINT('',(0.0158094010767585,0.017,-0.0105));
#2731=CARTESIAN_POINT('',(0.0169641016151377,0.017,-0.0085));
#2732=CARTESIAN_POINT('',(0.018118802153517,0.017,-0.0065));
#2733=CARTESIAN_POINT('',(0.0169641016151378,0.017,-0.0045));
#2734=CARTESIAN_POINT('',(0.0158094010767585,0.017,-0.0025));
#2735=CARTESIAN_POINT('',(0.0135,0.017,-0.0025));
#2736=CARTESIAN_POINT('',(0.0111905989232415,0.017,-0.0025));
#2737=CARTESIAN_POINT('',(0.0100358983848622,0.017,-0.0045));
#2738=CARTESIAN_POINT('',(0.0100358983848622,0.017,-0.0085));
#2739=CARTESIAN_POINT('',(0.0111905989232415,0.017,-0.0105));
#2740=CARTESIAN_POINT('',(0.00888119784648298,0.017,-0.0065));
#2741=CARTESIAN_POINT('',(0.0135,0.017,-0.0105));
#2742=CARTESIAN_POINT('',(0.0158094010767585,0.017,-0.0105));
#2743=CARTESIAN_POINT('',(0.0169641016151377,0.017,-0.0085));
#2744=CARTESIAN_POINT('',(0.017,0.009,-0.00843782217350891));
#2745=CARTESIAN_POINT('',(0.018118802153517,0.0117835735559323,-0.0065));
#2746=CARTESIAN_POINT('',(0.018118802153517,0.017,-0.0065));
#2747=CARTESIAN_POINT('',(0.0169641016151378,0.017,-0.0045));
#2748=CARTESIAN_POINT('',(0.0158094010767585,0.017,-0.0025));
#2749=CARTESIAN_POINT('',(0.017,0.009,-0.00456217782649106));
#2750=CARTESIAN_POINT('',(0.0135,0.017,-0.0025));
#2751=CARTESIAN_POINT('',(0.0111905989232415,0.017,-0.0025));
#2752=CARTESIAN_POINT('',(0.0100358983848622,0.017,-0.0045));
#2753=CARTESIAN_POINT('',(0.0920358983848622,0.017,-0.0085));
#2754=CARTESIAN_POINT('',(0.090881197846483,0.017,-0.0065));
#2755=CARTESIAN_POINT('',(0.090881197846483,0.017,-0.0065));
#2756=CARTESIAN_POINT('',(0.090881197846483,0.0117835735559323,-0.0065));
#2757=CARTESIAN_POINT('',(0.092,0.009,-0.00843782217350891));
#2758=CARTESIAN_POINT('',(0.0931905989232415,0.017,-0.0105));
#2759=CARTESIAN_POINT('',(0.0931905989232415,0.017,-0.0105));
#2760=CARTESIAN_POINT('',(0.0920358983848622,0.017,-0.0085));
#2761=CARTESIAN_POINT('',(0.0955,0.017,-0.0105));
#2762=CARTESIAN_POINT('',(0.0978094010767585,0.017,-0.0105));
#2763=CARTESIAN_POINT('',(0.0978094010767585,0.017,-0.0105));
#2764=CARTESIAN_POINT('',(0.0955,0.017,-0.0105));
#2765=CARTESIAN_POINT('',(0.0989641016151377,0.017,-0.0085));
#2766=CARTESIAN_POINT('',(0.100118802153517,0.017,-0.0065));
#2767=CARTESIAN_POINT('',(0.100118802153517,0.017,-0.0065));
#2768=CARTESIAN_POINT('',(0.0989641016151377,0.017,-0.0085));
#2769=CARTESIAN_POINT('',(0.0989641016151377,0.017,-0.0045));
#2770=CARTESIAN_POINT('',(0.0978094010767585,0.017,-0.0025));
#2771=CARTESIAN_POINT('',(0.0978094010767585,0.017,-0.0025));
#2772=CARTESIAN_POINT('',(0.0989641016151377,0.017,-0.0045));
#2773=CARTESIAN_POINT('',(0.0955,0.017,-0.0025));
#2774=CARTESIAN_POINT('',(0.0931905989232415,0.017,-0.0025));
#2775=CARTESIAN_POINT('',(0.0931905989232415,0.017,-0.0025));
#2776=CARTESIAN_POINT('',(0.0955,0.017,-0.0025));
#2777=CARTESIAN_POINT('',(0.0920358983848622,0.017,-0.0045));
#2778=CARTESIAN_POINT('',(0.092,0.009,-0.00456217782649104));
#2779=CARTESIAN_POINT('',(0.0920358983848622,0.017,-0.0045));
#2780=CARTESIAN_POINT('',(0.0554405989232415,0.017,-0.0133748985826969));
#2781=CARTESIAN_POINT('',(0.099,0.006,-0.0978));
#2782=CARTESIAN_POINT('',(0.099,0.016,-0.0978));
#2783=CARTESIAN_POINT('',(0.094,0.,-0.106460254037844));
#2784=CARTESIAN_POINT('',(0.0926172169210012,0.,-0.105661903854954));
#2785=CARTESIAN_POINT('',(0.0904203984158943,-0.00106595490539203,-0.103496764936495));
#2786=CARTESIAN_POINT('',(0.0894347709382523,-0.00276177009315611,-0.100992557150669));
#2787=CARTESIAN_POINT('',(0.0891856983891742,-0.00364999999999992,-0.0997181980845944));
#2788=CARTESIAN_POINT('',(0.099,0.016,-0.074));
#2789=CARTESIAN_POINT('',(0.099,0.016,-0.120525225805454));
#2790=CARTESIAN_POINT('',(0.01,0.006,-0.0978));
#2791=CARTESIAN_POINT('',(0.015,0.,-0.106460254037844));
#2792=CARTESIAN_POINT('',(0.0163827830789989,0.,-0.105661903854954));
#2793=CARTESIAN_POINT('',(0.0185796015841057,-0.00106595490539206,-0.103496764936495));
#2794=CARTESIAN_POINT('',(0.0195652290617478,-0.00276177009315619,-0.100992557150669));
#2795=CARTESIAN_POINT('',(0.0198143016108258,-0.00365000000000002,-0.0997181980845943));
#2796=CARTESIAN_POINT('',(0.01,0.016,-0.0978));
#2797=CARTESIAN_POINT('',(0.01,0.016,-0.0539));
#2798=CARTESIAN_POINT('',(0.01,0.016,-0.120525225805454));
#2799=CARTESIAN_POINT('',(0.015,-0.005,-0.0539));
#2800=CARTESIAN_POINT('',(0.015,-0.005,-0.1028));
#2801=CARTESIAN_POINT('',(0.094,-0.005,-0.0539));
#2802=CARTESIAN_POINT('',(0.094,-0.005,-0.1028));
#2803=CARTESIAN_POINT('',(0.005,0.006,-0.143));
#2804=CARTESIAN_POINT('',(0.005,0.006,-0.1128));
#2805=CARTESIAN_POINT('',(0.104,0.006,-0.143));
#2806=CARTESIAN_POINT('',(0.104,0.006,-0.1128));
#2807=CARTESIAN_POINT('',(0.092,0.012,-0.016));
#2808=CARTESIAN_POINT('',(0.092,0.009,-0.016));
#2809=CARTESIAN_POINT('',(0.092,0.009,-0.074));
#2810=CARTESIAN_POINT('',(0.099,0.012,-0.01));
#2811=CARTESIAN_POINT('',(0.099,0.006,-0.003));
#2812=CARTESIAN_POINT('',(0.017,0.006,-0.016));
#2813=CARTESIAN_POINT('',(0.017,0.009,-0.016));
#2814=CARTESIAN_POINT('',(0.017,0.009,-0.074));
#2815=CARTESIAN_POINT('',(0.01,0.012,-0.01));
#2816=CARTESIAN_POINT('',(0.01,0.012,-0.003));
#2817=CARTESIAN_POINT('',(0.0375,-0.179128880722632,-0.0155));
#2818=CARTESIAN_POINT('',(0.0715,-0.179128880722632,-0.0155));
#2819=CARTESIAN_POINT('',(0.0375,-0.179128880722632,-0.0675));
#2820=CARTESIAN_POINT('',(0.0715,-0.179128880722632,-0.0675));
#2821=CARTESIAN_POINT('',(0.082,0.022,-0.005));
#2822=CARTESIAN_POINT('',(0.082,0.00946410161513775,-0.005));
#2823=CARTESIAN_POINT('',(0.027,0.022,-0.005));
#2824=CARTESIAN_POINT('',(0.027,0.00946410161513775,-0.005));
#2825=CARTESIAN_POINT('',(0.082,0.022,-0.078));
#2826=CARTESIAN_POINT('',(0.0839802553104364,0.00946410161513775,-0.0782803371282728));
#2827=CARTESIAN_POINT('',(0.083915484673088,0.00946410165040183,-0.0787378662445905));
#2828=CARTESIAN_POINT('',(0.0836886218001572,0.00946410161512802,-0.079167143452061));
#2829=CARTESIAN_POINT('',(0.0830052226844417,0.00946410161514136,-0.079789747126367));
#2830=CARTESIAN_POINT('',(0.0825494567488444,0.0094641016654322,-0.0799765520509973));
#2831=CARTESIAN_POINT('',(0.0820931585870552,0.00946410161513775,-0.0799978291913119));
#2832=CARTESIAN_POINT('',(0.027,0.022,-0.078));
#2833=CARTESIAN_POINT('',(0.027,0.00946410161513775,-0.078));
#2834=CARTESIAN_POINT('',(0.025,0.00946410161513776,-0.0415));
#2835=CARTESIAN_POINT('',(0.025,0.00946410161513776,-0.078));
#2836=CARTESIAN_POINT('',(0.027,0.006,-0.005));
#2837=CARTESIAN_POINT('',(0.027,0.00946410161513775,-0.005));
#2838=CARTESIAN_POINT('',(0.027,0.006,-0.005));
#2839=CARTESIAN_POINT('',(0.027,0.00946410161513775,-0.078));
#2840=CARTESIAN_POINT('',(0.027,0.00946410161513775,-0.08));
#2841=CARTESIAN_POINT('',(0.0545,0.006,-0.005));
#2842=CARTESIAN_POINT('',(0.082,0.006,-0.005));
#2843=CARTESIAN_POINT('',(0.03975,0.00946410161513775,-0.08));
#2844=CARTESIAN_POINT('',(0.0820000000032351,0.00599999999999867,-0.0779999999999992));
#2845=CARTESIAN_POINT('',(0.0820000337070684,0.00715501352497029,-0.0786668473695593));
#2846=CARTESIAN_POINT('',(0.0820000674109017,0.0083100270499419,-0.0793336947391193));
#2847=CARTESIAN_POINT('',(0.082000101114735,0.00946504057491352,-0.0800005421086793));
#2848=CARTESIAN_POINT('',(0.082,0.00946410161513775,-0.005));
#2849=CARTESIAN_POINT('',(0.082,0.006,-0.005));
#2850=CARTESIAN_POINT('',(0.082,0.006,-0.078));
#2851=CARTESIAN_POINT('',(0.082,0.006,-0.078));
#2852=CARTESIAN_POINT('',(0.082,0.006,-0.078));
#2853=CARTESIAN_POINT('',(0.082,0.006,-0.078));
#2854=CARTESIAN_POINT('',(0.082,0.006,-0.078));
#2855=CARTESIAN_POINT('',(0.0820000000032351,0.006,-0.0780000000035617));
#2856=CARTESIAN_POINT('',(0.0820000000032351,0.006,-0.0780000000035617));
#2857=CARTESIAN_POINT('',(0.082,0.006,-0.078));
#2858=CARTESIAN_POINT('',(0.082,0.006,-0.078));
#2859=CARTESIAN_POINT('',(0.082,0.006,-0.078));
#2860=CARTESIAN_POINT('',(0.082,0.006,-0.078));
#2861=CARTESIAN_POINT('',(0.082,0.006,-0.078));
#2862=CARTESIAN_POINT('',(0.0840196469849547,0.00946410159369114,-0.0780020808261823));
#2863=CARTESIAN_POINT('',(0.084006516426782,0.00946410160084001,-0.0780948329268791));
#2864=CARTESIAN_POINT('',(0.0839933858686092,0.00946410160798888,-0.078187585027576));
#2865=CARTESIAN_POINT('',(0.0839802553104364,0.00946410161513775,-0.0782803371282728));
#2866=CARTESIAN_POINT('',(0.083915484673088,0.00946410165040183,-0.0787378662445905));
#2867=CARTESIAN_POINT('',(0.0836886218001572,0.00946410161512802,-0.079167143452061));
#2868=CARTESIAN_POINT('',(0.0830052226844417,0.00946410161514136,-0.079789747126367));
#2869=CARTESIAN_POINT('',(0.0825494567488444,0.0094641016654322,-0.0799765520509973));
#2870=CARTESIAN_POINT('',(0.0820931585870552,0.00946410161513775,-0.0799978291913119));
#2871=CARTESIAN_POINT('',(0.0820621394296151,0.00946410161171874,-0.0799992756117022));
#2872=CARTESIAN_POINT('',(0.0820311202721751,0.00946410160829972,-0.0800007220320926));
#2873=CARTESIAN_POINT('',(0.082000101114735,0.0094641016048807,-0.0800021684524829));
#2874=CARTESIAN_POINT('',(0.084,0.00946410161513776,-0.078));
#2875=CARTESIAN_POINT('',(0.0833333333333333,0.0083094010767585,-0.078));
#2876=CARTESIAN_POINT('',(0.0826666666666667,0.00715470053837925,-0.078));
#2877=CARTESIAN_POINT('',(0.082,0.006,-0.078));
#2878=CARTESIAN_POINT('',(0.082,0.006,-0.074));
#2879=CARTESIAN_POINT('',(0.0545,0.006,-0.148));
#2880=CARTESIAN_POINT('',(0.0545,4.33680868994202E-19,-0.1078));
#2881=CARTESIAN_POINT('',(0.0545,0.,0.));
#2882=MECHANICAL_DESIGN_GEOMETRIC_PRESENTATION_REPRESENTATION('',(#1697),
#2883);
#2883=(
GEOMETRIC_REPRESENTATION_CONTEXT(3)
GLOBAL_UNCERTAINTY_ASSIGNED_CONTEXT((#2884))
GLOBAL_UNIT_ASSIGNED_CONTEXT((#2887,#2886,#2885))
REPRESENTATION_CONTEXT('Part 1','TOP_LEVEL_ASSEMBLY_PART')
);
#2884=UNCERTAINTY_MEASURE_WITH_UNIT(LENGTH_MEASURE(4.78783576563598E-5),
#2887,'DISTANCE_ACCURACY_VALUE','Maximum Tolerance applied to model');
#2885=(
NAMED_UNIT(*)
SI_UNIT($,.STERADIAN.)
SOLID_ANGLE_UNIT()
);
#2886=(
NAMED_UNIT(*)
PLANE_ANGLE_UNIT()
SI_UNIT($,.RADIAN.)
);
#2887=(
LENGTH_UNIT()
NAMED_UNIT(*)
SI_UNIT($,.METRE.)
);
#2888=PRODUCT_DEFINITION_SHAPE('','',#2889);
#2889=PRODUCT_DEFINITION('','',#2891,#2890);
#2890=PRODUCT_DEFINITION_CONTEXT('',#2897,'design');
#2891=PRODUCT_DEFINITION_FORMATION_WITH_SPECIFIED_SOURCE('','',#2893,
 .NOT_KNOWN.);
#2892=PRODUCT_RELATED_PRODUCT_CATEGORY('','',(#2893));
#2893=PRODUCT('Part 1','Part 1','Part 1',(#2895));
#2894=PRODUCT_CATEGORY('','');
#2895=PRODUCT_CONTEXT('',#2897,'mechanical');
#2896=APPLICATION_PROTOCOL_DEFINITION('international standard',
'ap242_managed_model_based_3d_engineering',2020,#2897);
#2897=APPLICATION_CONTEXT('managed model based 3d engineering');
ENDSEC;
END-ISO-10303-21;
