ISO-10303-21;
HEADER;
/* Generated by software containing ST-Developer
 * from STEP Tools, Inc. (www.steptools.com) 
 */
/* OPTION: using custom renumber hook */

FILE_DESCRIPTION(
/* description */ ('STEP AP242 Edition 2',
'CAx-IF Rec.Pracs.---Representation and Presentation of Product Manufa
cturing Information (PMI)---4.0---2014-10-13',
'CAx-IF Rec.Pracs.---3D Tessellated Geometry---0.4---2014-09-14','2;1',
'CAx-IF Rec.Pracs.---User Defined Attributes---1.5---2016-08-15'),
/* implementation_level */ '2;1');

FILE_NAME(
/* name */ 'CubXL - Vernier Go Direct Mount (Cover)_REV. 4',
/* time_stamp */ '2026-09-14T19:27:23Z',
/* author */ (''),
/* organization */ (''),
/* preprocessor_version */ 'ST-DEVELOPER v20',
/* originating_system */ 'ONSHAPE BY PTC INC, 1.220',
/* authorisation */ '  ');

FILE_SCHEMA (('AP242_MANAGED_MODEL_BASED_3D_ENGINEERING_MIM_LF { 1 0 10303 442 3 1 4 }'));
ENDSEC;

DATA;
#10=SHAPE_REPRESENTATION_RELATIONSHIP('','',#2274,#11);
#11=ADVANCED_BREP_SHAPE_REPRESENTATION('',(#2272),#4227);
#12=SPHERICAL_SURFACE('',#2497,0.01);
#13=SPHERICAL_SURFACE('',#2502,0.01);
#14=SPHERICAL_SURFACE('',#2506,0.005);
#15=SPHERICAL_SURFACE('',#2512,0.005);
#16=SPHERICAL_SURFACE('',#2525,0.005);
#17=SPHERICAL_SURFACE('',#2532,0.005);
#18=(
BOUNDED_SURFACE()
B_SPLINE_SURFACE(3,2,((#4023,#4024,#4025),(#4026,#4027,#4028),(#4029,#4030,
#4031),(#4032,#4033,#4034),(#4035,#4036,#4037)),.UNSPECIFIED.,.F.,.F.,.F.)
B_SPLINE_SURFACE_WITH_KNOTS((4,1,4),(3,3),(0.462417132080775,0.886028462827555,
1.30963979357433),(0.,1.),.UNSPECIFIED.)
GEOMETRIC_REPRESENTATION_ITEM()
RATIONAL_B_SPLINE_SURFACE(((1.,0.589024577872103,1.),(1.,0.598168850446362,
1.),(1.,0.623910152705753,1.),(1.,0.657887162025336,1.),(1.,0.675163339025647,
1.)))
REPRESENTATION_ITEM('')
SURFACE()
);
#19=(
BOUNDED_SURFACE()
B_SPLINE_SURFACE(3,2,((#4051,#4052,#4053),(#4054,#4055,#4056),(#4057,#4058,
#4059),(#4060,#4061,#4062),(#4063,#4064,#4065)),.UNSPECIFIED.,.F.,.F.,.F.)
B_SPLINE_SURFACE_WITH_KNOTS((4,1,4),(3,3),(4.97354551360525,5.39715684435203,
5.82076817509881),(0.,1.),.UNSPECIFIED.)
GEOMETRIC_REPRESENTATION_ITEM()
RATIONAL_B_SPLINE_SURFACE(((1.,0.675163339025647,1.),(1.,0.657887162026584,
1.),(1.,0.623910152706066,1.),(1.,0.598168850444488,1.),(1.,0.589024577872104,
1.)))
REPRESENTATION_ITEM('')
SURFACE()
);
#20=(
BOUNDED_SURFACE()
B_SPLINE_SURFACE(3,2,((#4081,#4082,#4083),(#4084,#4085,#4086),(#4087,#4088,
#4089),(#4090,#4091,#4092)),.UNSPECIFIED.,.F.,.F.,.F.)
B_SPLINE_SURFACE_WITH_KNOTS((4,4),(3,3),(4.24491883044212,4.71238898038469),
(0.,1.),.PIECEWISE_BEZIER_KNOTS.)
GEOMETRIC_REPRESENTATION_ITEM()
RATIONAL_B_SPLINE_SURFACE(((1.,0.831304061668722,1.),(1.,0.795829365230339,
1.),(1.,0.753824606672415,1.),(1.,0.707106781186547,1.)))
REPRESENTATION_ITEM('')
SURFACE()
);
#21=(
BOUNDED_SURFACE()
B_SPLINE_SURFACE(3,2,((#4096,#4097,#4098),(#4099,#4100,#4101),(#4102,#4103,
#4104),(#4105,#4106,#4107),(#4108,#4109,#4110),(#4111,#4112,#4113),(#4114,
#4115,#4116),(#4117,#4118,#4119),(#4120,#4121,#4122),(#4123,#4124,#4125),
(#4126,#4127,#4128)),.UNSPECIFIED.,.F.,.F.,.F.)
B_SPLINE_SURFACE_WITH_KNOTS((4,1,1,1,1,1,1,1,4),(3,3),(1.34441069388203E-17,
0.00137393831943116,0.00274787663886231,0.00412181495829345,0.0054957532777246,
0.00686969159715574,0.00824362991658689,0.00961756823601804,0.0109915065554492),
(0.,1.),.UNSPECIFIED.)
GEOMETRIC_REPRESENTATION_ITEM()
RATIONAL_B_SPLINE_SURFACE(((1.,0.831304061668721,1.),(1.,0.848361636511347,
1.),(1.,0.880122800145026,1.),(1.,0.919668263660214,1.),(1.,0.949899392157703,
1.),(1.,0.96288524110009,1.),(1.,0.953005536720333,1.),(1.,0.929441496011369,
1.),(1.,0.899662030695559,1.),(1.,0.877172130002037,1.),(1.,0.865458286962849,
1.)))
REPRESENTATION_ITEM('')
SURFACE()
);
#22=(
BOUNDED_SURFACE()
B_SPLINE_SURFACE(3,2,((#4136,#4137,#4138),(#4139,#4140,#4141),(#4142,#4143,
#4144),(#4145,#4146,#4147),(#4148,#4149,#4150)),.UNSPECIFIED.,.F.,.F.,.F.)
B_SPLINE_SURFACE_WITH_KNOTS((4,1,4),(3,3),(3.49065850398865,4.10152374218667,
4.71238898038469),(0.,1.),.UNSPECIFIED.)
GEOMETRIC_REPRESENTATION_ITEM()
RATIONAL_B_SPLINE_SURFACE(((1.,0.865458286962851,1.),(1.,0.854796138793649,
1.),(1.,0.814898104009963,1.),(1.,0.745262019286369,1.),(1.,0.707106781186548,
1.)))
REPRESENTATION_ITEM('')
SURFACE()
);
#23=(
BOUNDED_SURFACE()
B_SPLINE_SURFACE(3,2,((#4151,#4152,#4153),(#4154,#4155,#4156),(#4157,#4158,
#4159),(#4160,#4161,#4162)),.UNSPECIFIED.,.F.,.F.,.F.)
B_SPLINE_SURFACE_WITH_KNOTS((4,4),(3,3),(4.24491883044212,4.71238898038469),
(0.,1.),.PIECEWISE_BEZIER_KNOTS.)
GEOMETRIC_REPRESENTATION_ITEM()
RATIONAL_B_SPLINE_SURFACE(((1.,0.831304061668722,1.),(1.,0.795829365229208,
1.),(1.,0.753824606668253,1.),(1.,0.707106781186547,1.)))
REPRESENTATION_ITEM('')
SURFACE()
);
#24=(
BOUNDED_SURFACE()
B_SPLINE_SURFACE(3,2,((#4165,#4166,#4167),(#4168,#4169,#4170),(#4171,#4172,
#4173),(#4174,#4175,#4176),(#4177,#4178,#4179),(#4180,#4181,#4182),(#4183,
#4184,#4185),(#4186,#4187,#4188),(#4189,#4190,#4191),(#4192,#4193,#4194),
(#4195,#4196,#4197)),.UNSPECIFIED.,.F.,.F.,.F.)
B_SPLINE_SURFACE_WITH_KNOTS((4,1,1,1,1,1,1,1,4),(3,3),(5.74627151417317E-18,
0.00137393831943115,0.0027478766388623,0.00412181495829345,0.0054957532777246,
0.00686969159715575,0.00824362991658689,0.00961756823601804,0.0109915065554492),
(0.,1.),.UNSPECIFIED.)
GEOMETRIC_REPRESENTATION_ITEM()
RATIONAL_B_SPLINE_SURFACE(((1.,0.831304061668721,1.),(1.,0.848361636511296,
1.),(1.,0.880122800145049,1.),(1.,0.919668263660206,1.),(1.,0.94989939215771,
1.),(1.,0.962885241100074,1.),(1.,0.953005536720397,1.),(1.,0.929441496011131,
1.),(1.,0.89966203069645,1.),(1.,0.877172130000113,1.),(1.,0.865458286962851,
1.)))
REPRESENTATION_ITEM('')
SURFACE()
);
#25=(
BOUNDED_SURFACE()
B_SPLINE_SURFACE(3,2,((#4205,#4206,#4207),(#4208,#4209,#4210),(#4211,#4212,
#4213),(#4214,#4215,#4216),(#4217,#4218,#4219)),.UNSPECIFIED.,.F.,.F.,.F.)
B_SPLINE_SURFACE_WITH_KNOTS((4,1,4),(3,3),(0.349065850398858,0.959931088596877,
1.5707963267949),(0.,1.),.UNSPECIFIED.)
GEOMETRIC_REPRESENTATION_ITEM()
RATIONAL_B_SPLINE_SURFACE(((1.,0.865458286962851,1.),(1.,0.854796138793476,
1.),(1.,0.814898104009932,1.),(1.,0.745262019286602,1.),(1.,0.707106781186547,
1.)))
REPRESENTATION_ITEM('')
SURFACE()
);
#26=B_SPLINE_SURFACE_WITH_KNOTS('',1,3,((#3961,#3962,#3963,#3964,#3965,
#3966,#3967,#3968,#3969,#3970,#3971,#3972),(#3973,#3974,#3975,#3976,#3977,
#3978,#3979,#3980,#3981,#3982,#3983,#3984)),.RULED_SURF.,.F.,.F.,.F.,(2,
2),(4,3,2,3,4),(0.,1.),(2.07955471505763E-6,0.00104216624412386,0.0061728334528911,
0.0113035006616583,0.0116522462153655),.UNSPECIFIED.);
#27=CONICAL_SURFACE('',#2480,0.002,0.523598775598299);
#28=CONICAL_SURFACE('',#2481,0.002,0.523598775598299);
#29=CONICAL_SURFACE('',#2484,0.002,0.523598775598299);
#30=TOROIDAL_SURFACE('',#2427,0.02,0.01);
#31=TOROIDAL_SURFACE('',#2438,0.02,0.01);
#32=TOROIDAL_SURFACE('',#2455,0.013,0.003);
#33=TOROIDAL_SURFACE('',#2460,0.013,0.003);
#34=B_SPLINE_CURVE_WITH_KNOTS('',3,(#3441,#3442,#3443,#3444,#3445,#3446,
#3447,#3448,#3449,#3450,#3451),.UNSPECIFIED.,.F.,.F.,(4,1,1,1,1,1,1,1,4),
(0.,0.00137393831943116,0.00274787663886232,0.00412181495829348,0.00549575327772464,
0.0068696915971558,0.00824362991658695,0.00961756823601811,0.0109915065554493),
 .UNSPECIFIED.);
#35=B_SPLINE_CURVE_WITH_KNOTS('',3,(#3472,#3473,#3474,#3475,#3476,#3477,
#3478,#3479,#3480,#3481,#3482),.UNSPECIFIED.,.F.,.F.,(4,1,1,1,1,1,1,1,4),
(0.,0.0013998887984401,0.00279977759688019,0.00419966639532029,0.00559955519376038,
0.00699944399220048,0.00839933279064057,0.00979922158908067,0.0111991103875208),
 .UNSPECIFIED.);
#36=B_SPLINE_CURVE_WITH_KNOTS('',3,(#3563,#3564,#3565,#3566,#3567,#3568,
#3569,#3570,#3571,#3572,#3573),.UNSPECIFIED.,.F.,.F.,(4,1,1,1,1,1,1,1,4),
(0.,0.00110828042880357,0.00221656085760714,0.00443312171521428,0.00664968257282142,
0.00886624343042856,0.0110828042880357,0.0132993651456428,0.0177324868608571),
 .UNSPECIFIED.);
#37=B_SPLINE_CURVE_WITH_KNOTS('',3,(#3597,#3598,#3599,#3600,#3601,#3602,
#3603,#3604,#3605,#3606,#3607),.UNSPECIFIED.,.F.,.F.,(4,1,1,1,1,1,1,1,4),
(0.,0.00440619198359542,0.00660928797539313,0.00881238396719084,0.0110154799589886,
0.0132185759507863,0.015421671942584,0.0165232199384828,0.0176247679343817),
 .UNSPECIFIED.);
#38=B_SPLINE_CURVE_WITH_KNOTS('',3,(#3621,#3622,#3623,#3624,#3625),
 .UNSPECIFIED.,.F.,.F.,(4,1,4),(0.,0.0008251875266073,0.0016503750532146),
 .UNSPECIFIED.);
#39=B_SPLINE_CURVE_WITH_KNOTS('',3,(#3627,#3628,#3629,#3630,#3631,#3632,
#3633,#3634,#3635,#3636,#3637),.UNSPECIFIED.,.F.,.F.,(4,1,1,1,1,1,1,1,4),
(0.,0.00178750129297089,0.00357500258594178,0.00536250387891267,0.00715000517188357,
0.00893750646485446,0.0107250077578253,0.0125125090507962,0.0143000103437671),
 .UNSPECIFIED.);
#40=B_SPLINE_CURVE_WITH_KNOTS('',3,(#3639,#3640,#3641,#3642),
 .UNSPECIFIED.,.F.,.F.,(4,4),(0.,0.0014097352107359),.UNSPECIFIED.);
#41=B_SPLINE_CURVE_WITH_KNOTS('',3,(#3644,#3645,#3646,#3647),
 .UNSPECIFIED.,.F.,.F.,(4,4),(0.,0.00091115108618691),.UNSPECIFIED.);
#42=B_SPLINE_CURVE_WITH_KNOTS('',3,(#3652,#3653,#3654,#3655,#3656),
 .UNSPECIFIED.,.F.,.F.,(4,1,4),(0.,0.000912363738731572,0.00182472747746314),
 .UNSPECIFIED.);
#43=B_SPLINE_CURVE_WITH_KNOTS('',3,(#3658,#3659,#3660,#3661),
 .UNSPECIFIED.,.F.,.F.,(4,4),(1.4304896245382E-17,0.000911945090070961),
 .UNSPECIFIED.);
#44=B_SPLINE_CURVE_WITH_KNOTS('',3,(#3663,#3664,#3665,#3666),
 .UNSPECIFIED.,.F.,.F.,(4,4),(0.,0.0014095071477518),.UNSPECIFIED.);
#45=B_SPLINE_CURVE_WITH_KNOTS('',3,(#3668,#3669,#3670,#3671,#3672,#3673,
#3674,#3675,#3676),.UNSPECIFIED.,.F.,.F.,(4,1,1,1,1,1,4),(0.,0.0013424033961954,
0.00268480679239079,0.00402721018858619,0.00536961358478159,0.00805442037717238,
0.0107392271695632),.UNSPECIFIED.);
#46=B_SPLINE_CURVE_WITH_KNOTS('',3,(#3678,#3679,#3680,#3681,#3682,#3683,
#3684),.UNSPECIFIED.,.F.,.F.,(4,1,1,1,4),(0.,0.00125995933768863,0.00251991867537726,
0.00377987801306589,0.00503983735075452),.UNSPECIFIED.);
#47=B_SPLINE_CURVE_WITH_KNOTS('',3,(#3691,#3692,#3693,#3694,#3695),
 .UNSPECIFIED.,.F.,.F.,(4,1,4),(0.,0.000912363738731461,0.00182472747746292),
 .UNSPECIFIED.);
#48=B_SPLINE_CURVE_WITH_KNOTS('',3,(#3700,#3701,#3702,#3703),
 .UNSPECIFIED.,.F.,.F.,(4,4),(0.,0.00140973521073595),.UNSPECIFIED.);
#49=B_SPLINE_CURVE_WITH_KNOTS('',3,(#3706,#3707,#3708,#3709),
 .UNSPECIFIED.,.F.,.F.,(4,4),(0.,0.000911151086186887),.UNSPECIFIED.);
#50=B_SPLINE_CURVE_WITH_KNOTS('',3,(#3710,#3711,#3712,#3713,#3714,#3715,
#3716),.UNSPECIFIED.,.F.,.F.,(4,1,1,1,4),(0.,0.00127273377370711,0.00254546754741422,
0.00381820132112133,0.00509093509482844),.UNSPECIFIED.);
#51=B_SPLINE_CURVE_WITH_KNOTS('',3,(#3718,#3719,#3720,#3721,#3722,#3723,
#3724,#3725,#3726),.UNSPECIFIED.,.F.,.F.,(4,1,1,1,1,1,4),(0.,0.00266671447729045,
0.0053334289545809,0.00666678619322612,0.00800014343187135,0.00933350067051657,
0.0106668579091618),.UNSPECIFIED.);
#52=B_SPLINE_CURVE_WITH_KNOTS('',3,(#3731,#3732,#3733,#3734,#3735,#3736,
#3737,#3738,#3739,#3740,#3741),.UNSPECIFIED.,.F.,.F.,(4,1,1,1,1,1,1,1,4),
(3.46944695195361E-18,0.00179167386667574,0.00358334773335148,0.00537502160002722,
0.00716669546670296,0.0089583693333787,0.0107500432000544,0.0125417170667302,
0.0143333909334059),.UNSPECIFIED.);
#53=B_SPLINE_CURVE_WITH_KNOTS('',3,(#3744,#3745,#3746,#3747,#3748),
 .UNSPECIFIED.,.F.,.F.,(4,1,4),(0.,0.000820518869907548,0.0016410377398151),
 .UNSPECIFIED.);
#54=B_SPLINE_CURVE_WITH_KNOTS('',3,(#3749,#3750,#3751,#3752),
 .UNSPECIFIED.,.F.,.F.,(4,4),(0.,0.000911945090070761),.UNSPECIFIED.);
#55=B_SPLINE_CURVE_WITH_KNOTS('',3,(#3754,#3755,#3756,#3757),
 .UNSPECIFIED.,.F.,.F.,(4,4),(0.,0.00140950714775178),.UNSPECIFIED.);
#56=B_SPLINE_CURVE_WITH_KNOTS('',3,(#3828,#3829,#3830,#3831,#3832,#3833,
#3834),.UNSPECIFIED.,.F.,.F.,(4,1,1,1,4),(0.,0.00173061283567331,0.00346122567134661,
0.00519183850701992,0.00692245134269323),.UNSPECIFIED.);
#57=B_SPLINE_CURVE_WITH_KNOTS('',3,(#3840,#3841,#3842,#3843,#3844,#3845,
#3846),.UNSPECIFIED.,.F.,.F.,(4,1,1,1,4),(0.,0.00173061283567332,0.00346122567134663,
0.00519183850701995,0.00692245134269327),.UNSPECIFIED.);
#58=B_SPLINE_CURVE_WITH_KNOTS('',3,(#3863,#3864,#3865,#3866),
 .UNSPECIFIED.,.F.,.F.,(4,4),(0.,0.000786803640183003),.UNSPECIFIED.);
#59=B_SPLINE_CURVE_WITH_KNOTS('',3,(#3869,#3870,#3871,#3872),
 .UNSPECIFIED.,.F.,.F.,(4,4),(4.77048955893622E-18,0.000786803640182989),
 .UNSPECIFIED.);
#60=B_SPLINE_CURVE_WITH_KNOTS('',3,(#3895,#3896,#3897,#3898,#3899),
 .UNSPECIFIED.,.F.,.F.,(4,1,4),(0.00993589420190526,0.0121162116867598,
0.0142965291716144),.UNSPECIFIED.);
#61=B_SPLINE_CURVE_WITH_KNOTS('',3,(#3901,#3902,#3903,#3904),
 .UNSPECIFIED.,.F.,.F.,(4,4),(0.,0.00118275186776769),.UNSPECIFIED.);
#62=B_SPLINE_CURVE_WITH_KNOTS('',3,(#3913,#3914,#3915,#3916,#3917),
 .UNSPECIFIED.,.F.,.F.,(4,1,4),(0.00993589420190564,0.0121162116867603,
0.0142965291716149),.UNSPECIFIED.);
#63=B_SPLINE_CURVE_WITH_KNOTS('',3,(#3919,#3920,#3921,#3922),
 .UNSPECIFIED.,.F.,.F.,(4,4),(0.,0.00118275186776768),.UNSPECIFIED.);
#64=B_SPLINE_CURVE_WITH_KNOTS('',3,(#3935,#3936,#3937,#3938,#3939,#3940),
 .UNSPECIFIED.,.F.,.F.,(4,2,4),(0.00104216624412386,0.0061728334528911,
0.0113035006616583),.UNSPECIFIED.);
#65=B_SPLINE_CURVE_WITH_KNOTS('',3,(#3955,#3956,#3957,#3958),
 .UNSPECIFIED.,.F.,.F.,(4,4),(0.,1.),.UNSPECIFIED.);
#66=B_SPLINE_CURVE_WITH_KNOTS('',3,(#3985,#3986,#3987,#3988),
 .UNSPECIFIED.,.F.,.F.,(4,4),(0.,1.),.UNSPECIFIED.);
#67=B_SPLINE_CURVE_WITH_KNOTS('',3,(#3995,#3996,#3997,#3998,#3999,#4000,
#4001,#4002,#4003,#4004,#4005),.UNSPECIFIED.,.F.,.F.,(4,1,1,1,1,1,1,1,4),
(0.,0.00263238190741962,0.00526476381483925,0.00789714572225887,0.0105295276296785,
0.0131619095370981,0.0157942914445177,0.0184266733519374,0.021059055259357),
 .UNSPECIFIED.);
#68=B_SPLINE_CURVE_WITH_KNOTS('',3,(#4038,#4039,#4040,#4041,#4042,#4043,
#4044,#4045),.UNSPECIFIED.,.F.,.F.,(4,1,1,1,1,4),(1.87945782068003E-16,
0.0048515309501545,0.00727729642523165,0.00970306190030881,0.0145545928504631,
0.0194061238006174),.UNSPECIFIED.);
#69=B_SPLINE_CURVE_WITH_KNOTS('',3,(#4066,#4067,#4068,#4069,#4070,#4071,
#4072,#4073),.UNSPECIFIED.,.F.,.F.,(4,1,1,1,1,4),(0.,0.00485390856210309,
0.00970781712420618,0.0121347714052577,0.0145617256863093,0.0194156342484124),
 .UNSPECIFIED.);
#70=ELLIPSE('',#2328,0.00679246641508077,0.0036);
#71=ELLIPSE('',#2329,0.00679246641508077,0.0036);
#72=ELLIPSE('',#2330,0.00679246641508077,0.0036);
#73=ELLIPSE('',#2331,0.0283019433961698,0.015);
#74=ELLIPSE('',#2332,0.00589623820753538,0.005);
#75=ELLIPSE('',#2334,0.00679246641508076,0.0036);
#76=ELLIPSE('',#2335,0.00679246641508076,0.0036);
#77=ELLIPSE('',#2336,0.00679246641508076,0.0036);
#78=ELLIPSE('',#2337,0.00589623820753538,0.005);
#79=ELLIPSE('',#2338,0.0283019433961698,0.015);
#80=ELLIPSE('',#2370,0.0286532831215983,0.0098);
#81=ELLIPSE('',#2375,0.0286532831215983,0.0098);
#82=ELLIPSE('',#2424,0.026,0.01);
#83=ELLIPSE('',#2425,0.0123689018337408,0.01);
#84=ELLIPSE('',#2432,0.0141421356237309,0.01);
#85=ELLIPSE('',#2434,0.0141421356237309,0.01);
#86=ELLIPSE('',#2442,0.0123689018337408,0.01);
#87=ELLIPSE('',#2443,0.026,0.01);
#88=ELLIPSE('',#2487,0.0175428264009785,0.006);
#89=ELLIPSE('',#2491,0.0212835554495183,0.02);
#90=ELLIPSE('',#2492,0.0212835554495183,0.02);
#91=ELLIPSE('',#2494,0.0104769091339001,0.01);
#92=ELLIPSE('',#2495,0.0104769091339001,0.01);
#93=CYLINDRICAL_SURFACE('',#2299,0.00255);
#94=CYLINDRICAL_SURFACE('',#2301,0.00255);
#95=CYLINDRICAL_SURFACE('',#2339,0.0021);
#96=CYLINDRICAL_SURFACE('',#2342,0.0021);
#97=CYLINDRICAL_SURFACE('',#2345,0.0021);
#98=CYLINDRICAL_SURFACE('',#2348,0.0021);
#99=CYLINDRICAL_SURFACE('',#2351,0.0021);
#100=CYLINDRICAL_SURFACE('',#2354,0.0021);
#101=CYLINDRICAL_SURFACE('',#2369,0.0098);
#102=CYLINDRICAL_SURFACE('',#2374,0.0098);
#103=CYLINDRICAL_SURFACE('',#2380,0.0036);
#104=CYLINDRICAL_SURFACE('',#2383,0.0036);
#105=CYLINDRICAL_SURFACE('',#2384,0.0036);
#106=CYLINDRICAL_SURFACE('',#2387,0.0036);
#107=CYLINDRICAL_SURFACE('',#2390,0.0036);
#108=CYLINDRICAL_SURFACE('',#2393,0.0036);
#109=CYLINDRICAL_SURFACE('',#2417,0.00475);
#110=CYLINDRICAL_SURFACE('',#2422,0.00475);
#111=CYLINDRICAL_SURFACE('',#2423,0.01);
#112=CYLINDRICAL_SURFACE('',#2430,0.01);
#113=CYLINDRICAL_SURFACE('',#2433,0.01);
#114=CYLINDRICAL_SURFACE('',#2435,0.01);
#115=CYLINDRICAL_SURFACE('',#2441,0.01);
#116=CYLINDRICAL_SURFACE('',#2444,0.005);
#117=CYLINDRICAL_SURFACE('',#2446,0.005);
#118=CYLINDRICAL_SURFACE('',#2448,0.005);
#119=CYLINDRICAL_SURFACE('',#2450,0.005);
#120=CYLINDRICAL_SURFACE('',#2452,0.003);
#121=CYLINDRICAL_SURFACE('',#2453,0.003);
#122=CYLINDRICAL_SURFACE('',#2456,0.003);
#123=CYLINDRICAL_SURFACE('',#2457,0.003);
#124=CYLINDRICAL_SURFACE('',#2458,0.003);
#125=CYLINDRICAL_SURFACE('',#2461,0.003);
#126=CYLINDRICAL_SURFACE('',#2462,0.003);
#127=CYLINDRICAL_SURFACE('',#2463,0.003);
#128=CYLINDRICAL_SURFACE('',#2464,0.003);
#129=CYLINDRICAL_SURFACE('',#2465,0.003);
#130=CYLINDRICAL_SURFACE('',#2466,0.003);
#131=CYLINDRICAL_SURFACE('',#2467,0.003);
#132=CYLINDRICAL_SURFACE('',#2468,0.002);
#133=CYLINDRICAL_SURFACE('',#2469,0.002);
#134=CYLINDRICAL_SURFACE('',#2470,0.002);
#135=CYLINDRICAL_SURFACE('',#2471,0.002);
#136=CYLINDRICAL_SURFACE('',#2472,0.002);
#137=CYLINDRICAL_SURFACE('',#2473,0.002);
#138=CYLINDRICAL_SURFACE('',#2475,0.002);
#139=CYLINDRICAL_SURFACE('',#2477,0.002);
#140=CYLINDRICAL_SURFACE('',#2488,0.006);
#141=CYLINDRICAL_SURFACE('',#2489,0.006);
#142=CYLINDRICAL_SURFACE('',#2493,0.01);
#143=CYLINDRICAL_SURFACE('',#2499,0.01);
#144=CYLINDRICAL_SURFACE('',#2503,0.005);
#145=CYLINDRICAL_SURFACE('',#2509,0.005);
#146=CYLINDRICAL_SURFACE('',#2514,0.005);
#147=CYLINDRICAL_SURFACE('',#2516,0.005);
#148=CYLINDRICAL_SURFACE('',#2521,0.005);
#149=CYLINDRICAL_SURFACE('',#2523,0.005);
#150=CYLINDRICAL_SURFACE('',#2528,0.005);
#151=CYLINDRICAL_SURFACE('',#2530,0.005);
#152=CIRCLE('',#2277,0.006);
#153=CIRCLE('',#2279,0.01);
#154=CIRCLE('',#2280,0.003);
#155=CIRCLE('',#2281,0.003);
#156=CIRCLE('',#2282,0.003);
#157=CIRCLE('',#2283,0.002);
#158=CIRCLE('',#2284,0.002);
#159=CIRCLE('',#2285,0.00255);
#160=CIRCLE('',#2287,0.003);
#161=CIRCLE('',#2288,0.003);
#162=CIRCLE('',#2289,0.003);
#163=CIRCLE('',#2290,0.002);
#164=CIRCLE('',#2291,0.00255);
#165=CIRCLE('',#2293,0.006);
#166=CIRCLE('',#2294,0.003);
#167=CIRCLE('',#2295,0.003);
#168=CIRCLE('',#2297,0.002);
#169=CIRCLE('',#2298,0.002);
#170=CIRCLE('',#2300,0.00255);
#171=CIRCLE('',#2302,0.00255);
#172=CIRCLE('',#2304,0.002);
#173=CIRCLE('',#2305,0.002);
#174=CIRCLE('',#2308,0.003);
#175=CIRCLE('',#2309,0.003);
#176=CIRCLE('',#2310,0.003);
#177=CIRCLE('',#2311,0.003);
#178=CIRCLE('',#2313,0.02);
#179=CIRCLE('',#2314,0.02);
#180=CIRCLE('',#2315,0.003);
#181=CIRCLE('',#2316,0.003);
#182=CIRCLE('',#2317,0.003);
#183=CIRCLE('',#2318,0.003);
#184=CIRCLE('',#2320,0.002);
#185=CIRCLE('',#2321,0.002);
#186=CIRCLE('',#2322,0.002);
#187=CIRCLE('',#2323,0.002);
#188=CIRCLE('',#2325,0.002);
#189=CIRCLE('',#2326,0.01);
#190=CIRCLE('',#2340,0.0021);
#191=CIRCLE('',#2341,0.0021);
#192=CIRCLE('',#2343,0.0021);
#193=CIRCLE('',#2344,0.0021);
#194=CIRCLE('',#2346,0.0021);
#195=CIRCLE('',#2347,0.0021);
#196=CIRCLE('',#2349,0.0021);
#197=CIRCLE('',#2350,0.0021);
#198=CIRCLE('',#2352,0.0021);
#199=CIRCLE('',#2353,0.0021);
#200=CIRCLE('',#2355,0.0021);
#201=CIRCLE('',#2356,0.0021);
#202=CIRCLE('',#2358,0.005);
#203=CIRCLE('',#2359,0.005);
#204=CIRCLE('',#2361,0.005);
#205=CIRCLE('',#2362,0.005);
#206=CIRCLE('',#2365,0.006);
#207=CIRCLE('',#2367,0.006);
#208=CIRCLE('',#2379,0.0036);
#209=CIRCLE('',#2382,0.0036);
#210=CIRCLE('',#2385,0.0036);
#211=CIRCLE('',#2388,0.0036);
#212=CIRCLE('',#2391,0.0036);
#213=CIRCLE('',#2394,0.0036);
#214=CIRCLE('',#2406,0.003);
#215=CIRCLE('',#2407,0.003);
#216=CIRCLE('',#2408,0.003);
#217=CIRCLE('',#2409,0.00475);
#218=CIRCLE('',#2413,0.00475);
#219=CIRCLE('',#2414,0.003);
#220=CIRCLE('',#2415,0.003);
#221=CIRCLE('',#2416,0.003);
#222=CIRCLE('',#2418,0.00475);
#223=CIRCLE('',#2421,0.00475);
#224=CIRCLE('',#2426,0.01);
#225=CIRCLE('',#2428,0.01);
#226=CIRCLE('',#2429,0.01);
#227=CIRCLE('',#2431,0.01);
#228=CIRCLE('',#2436,0.01);
#229=CIRCLE('',#2437,0.01);
#230=CIRCLE('',#2439,0.01);
#231=CIRCLE('',#2440,0.01);
#232=CIRCLE('',#2445,0.005);
#233=CIRCLE('',#2447,0.005);
#234=CIRCLE('',#2449,0.005);
#235=CIRCLE('',#2451,0.005);
#236=CIRCLE('',#2454,0.003);
#237=CIRCLE('',#2459,0.003);
#238=CIRCLE('',#2474,0.002);
#239=CIRCLE('',#2476,0.002);
#240=CIRCLE('',#2478,0.002);
#241=CIRCLE('',#2496,0.01);
#242=CIRCLE('',#2498,0.01);
#243=CIRCLE('',#2500,0.01);
#244=CIRCLE('',#2501,0.01);
#245=CIRCLE('',#2504,0.005);
#246=CIRCLE('',#2505,0.005);
#247=CIRCLE('',#2507,0.005);
#248=CIRCLE('',#2508,0.005);
#249=CIRCLE('',#2510,0.005);
#250=CIRCLE('',#2511,0.005);
#251=CIRCLE('',#2513,0.005);
#252=CIRCLE('',#2515,0.005);
#253=CIRCLE('',#2517,0.005);
#254=CIRCLE('',#2518,0.005);
#255=CIRCLE('',#2519,0.005);
#256=CIRCLE('',#2520,0.005);
#257=CIRCLE('',#2522,0.005);
#258=CIRCLE('',#2524,0.005);
#259=CIRCLE('',#2526,0.005);
#260=CIRCLE('',#2527,0.005);
#261=CIRCLE('',#2529,0.005);
#262=CIRCLE('',#2531,0.005);
#263=ORIENTED_EDGE('',*,*,#909,.T.);
#264=ORIENTED_EDGE('',*,*,#910,.T.);
#265=ORIENTED_EDGE('',*,*,#911,.T.);
#266=ORIENTED_EDGE('',*,*,#912,.T.);
#267=ORIENTED_EDGE('',*,*,#913,.T.);
#268=ORIENTED_EDGE('',*,*,#914,.T.);
#269=ORIENTED_EDGE('',*,*,#915,.T.);
#270=ORIENTED_EDGE('',*,*,#916,.F.);
#271=ORIENTED_EDGE('',*,*,#917,.T.);
#272=ORIENTED_EDGE('',*,*,#918,.T.);
#273=ORIENTED_EDGE('',*,*,#919,.F.);
#274=ORIENTED_EDGE('',*,*,#920,.F.);
#275=ORIENTED_EDGE('',*,*,#921,.F.);
#276=ORIENTED_EDGE('',*,*,#922,.T.);
#277=ORIENTED_EDGE('',*,*,#923,.T.);
#278=ORIENTED_EDGE('',*,*,#924,.T.);
#279=ORIENTED_EDGE('',*,*,#925,.T.);
#280=ORIENTED_EDGE('',*,*,#926,.T.);
#281=ORIENTED_EDGE('',*,*,#927,.F.);
#282=ORIENTED_EDGE('',*,*,#928,.T.);
#283=ORIENTED_EDGE('',*,*,#929,.T.);
#284=ORIENTED_EDGE('',*,*,#930,.F.);
#285=ORIENTED_EDGE('',*,*,#931,.T.);
#286=ORIENTED_EDGE('',*,*,#932,.T.);
#287=ORIENTED_EDGE('',*,*,#933,.T.);
#288=ORIENTED_EDGE('',*,*,#934,.T.);
#289=ORIENTED_EDGE('',*,*,#935,.T.);
#290=ORIENTED_EDGE('',*,*,#936,.F.);
#291=ORIENTED_EDGE('',*,*,#937,.F.);
#292=ORIENTED_EDGE('',*,*,#938,.T.);
#293=ORIENTED_EDGE('',*,*,#939,.T.);
#294=ORIENTED_EDGE('',*,*,#940,.T.);
#295=ORIENTED_EDGE('',*,*,#941,.T.);
#296=ORIENTED_EDGE('',*,*,#942,.F.);
#297=ORIENTED_EDGE('',*,*,#943,.T.);
#298=ORIENTED_EDGE('',*,*,#944,.T.);
#299=ORIENTED_EDGE('',*,*,#945,.T.);
#300=ORIENTED_EDGE('',*,*,#946,.F.);
#301=ORIENTED_EDGE('',*,*,#947,.T.);
#302=ORIENTED_EDGE('',*,*,#948,.T.);
#303=ORIENTED_EDGE('',*,*,#949,.T.);
#304=ORIENTED_EDGE('',*,*,#950,.F.);
#305=ORIENTED_EDGE('',*,*,#929,.F.);
#306=ORIENTED_EDGE('',*,*,#951,.T.);
#307=ORIENTED_EDGE('',*,*,#952,.F.);
#308=ORIENTED_EDGE('',*,*,#953,.T.);
#309=ORIENTED_EDGE('',*,*,#954,.T.);
#310=ORIENTED_EDGE('',*,*,#955,.T.);
#311=ORIENTED_EDGE('',*,*,#956,.T.);
#312=ORIENTED_EDGE('',*,*,#957,.T.);
#313=ORIENTED_EDGE('',*,*,#938,.F.);
#314=ORIENTED_EDGE('',*,*,#958,.F.);
#315=ORIENTED_EDGE('',*,*,#959,.T.);
#316=ORIENTED_EDGE('',*,*,#944,.F.);
#317=ORIENTED_EDGE('',*,*,#960,.T.);
#318=ORIENTED_EDGE('',*,*,#961,.T.);
#319=ORIENTED_EDGE('',*,*,#962,.T.);
#320=ORIENTED_EDGE('',*,*,#936,.T.);
#321=ORIENTED_EDGE('',*,*,#963,.F.);
#322=ORIENTED_EDGE('',*,*,#949,.F.);
#323=ORIENTED_EDGE('',*,*,#964,.T.);
#324=ORIENTED_EDGE('',*,*,#965,.F.);
#325=ORIENTED_EDGE('',*,*,#966,.T.);
#326=ORIENTED_EDGE('',*,*,#967,.T.);
#327=ORIENTED_EDGE('',*,*,#968,.T.);
#328=ORIENTED_EDGE('',*,*,#969,.T.);
#329=ORIENTED_EDGE('',*,*,#970,.T.);
#330=ORIENTED_EDGE('',*,*,#971,.T.);
#331=ORIENTED_EDGE('',*,*,#972,.T.);
#332=ORIENTED_EDGE('',*,*,#923,.F.);
#333=ORIENTED_EDGE('',*,*,#973,.T.);
#334=ORIENTED_EDGE('',*,*,#974,.T.);
#335=ORIENTED_EDGE('',*,*,#975,.T.);
#336=ORIENTED_EDGE('',*,*,#976,.T.);
#337=ORIENTED_EDGE('',*,*,#977,.T.);
#338=ORIENTED_EDGE('',*,*,#978,.F.);
#339=ORIENTED_EDGE('',*,*,#979,.T.);
#340=ORIENTED_EDGE('',*,*,#980,.T.);
#341=ORIENTED_EDGE('',*,*,#981,.T.);
#342=ORIENTED_EDGE('',*,*,#982,.T.);
#343=ORIENTED_EDGE('',*,*,#983,.T.);
#344=ORIENTED_EDGE('',*,*,#984,.F.);
#345=ORIENTED_EDGE('',*,*,#985,.T.);
#346=ORIENTED_EDGE('',*,*,#986,.T.);
#347=ORIENTED_EDGE('',*,*,#987,.T.);
#348=ORIENTED_EDGE('',*,*,#988,.T.);
#349=ORIENTED_EDGE('',*,*,#989,.T.);
#350=ORIENTED_EDGE('',*,*,#990,.T.);
#351=ORIENTED_EDGE('',*,*,#991,.T.);
#352=ORIENTED_EDGE('',*,*,#992,.F.);
#353=ORIENTED_EDGE('',*,*,#993,.T.);
#354=ORIENTED_EDGE('',*,*,#994,.T.);
#355=ORIENTED_EDGE('',*,*,#995,.T.);
#356=ORIENTED_EDGE('',*,*,#996,.T.);
#357=ORIENTED_EDGE('',*,*,#997,.T.);
#358=ORIENTED_EDGE('',*,*,#998,.F.);
#359=ORIENTED_EDGE('',*,*,#999,.T.);
#360=ORIENTED_EDGE('',*,*,#1000,.T.);
#361=ORIENTED_EDGE('',*,*,#1001,.T.);
#362=ORIENTED_EDGE('',*,*,#1002,.T.);
#363=ORIENTED_EDGE('',*,*,#946,.T.);
#364=ORIENTED_EDGE('',*,*,#1003,.T.);
#365=ORIENTED_EDGE('',*,*,#1004,.F.);
#366=ORIENTED_EDGE('',*,*,#1005,.T.);
#367=ORIENTED_EDGE('',*,*,#1006,.T.);
#368=ORIENTED_EDGE('',*,*,#1007,.T.);
#369=ORIENTED_EDGE('',*,*,#1008,.T.);
#370=ORIENTED_EDGE('',*,*,#1009,.T.);
#371=ORIENTED_EDGE('',*,*,#1010,.T.);
#372=ORIENTED_EDGE('',*,*,#1011,.F.);
#373=ORIENTED_EDGE('',*,*,#1012,.T.);
#374=ORIENTED_EDGE('',*,*,#1013,.T.);
#375=ORIENTED_EDGE('',*,*,#1010,.F.);
#376=ORIENTED_EDGE('',*,*,#1014,.T.);
#377=ORIENTED_EDGE('',*,*,#965,.T.);
#378=ORIENTED_EDGE('',*,*,#1015,.T.);
#379=ORIENTED_EDGE('',*,*,#1016,.T.);
#380=ORIENTED_EDGE('',*,*,#1017,.F.);
#381=ORIENTED_EDGE('',*,*,#1018,.F.);
#382=ORIENTED_EDGE('',*,*,#1019,.T.);
#383=ORIENTED_EDGE('',*,*,#1020,.F.);
#384=ORIENTED_EDGE('',*,*,#1021,.T.);
#385=ORIENTED_EDGE('',*,*,#1022,.T.);
#386=ORIENTED_EDGE('',*,*,#1023,.T.);
#387=ORIENTED_EDGE('',*,*,#1024,.T.);
#388=ORIENTED_EDGE('',*,*,#1025,.T.);
#389=ORIENTED_EDGE('',*,*,#1026,.T.);
#390=ORIENTED_EDGE('',*,*,#1027,.T.);
#391=ORIENTED_EDGE('',*,*,#1028,.T.);
#392=ORIENTED_EDGE('',*,*,#1029,.F.);
#393=ORIENTED_EDGE('',*,*,#1030,.T.);
#394=ORIENTED_EDGE('',*,*,#1031,.F.);
#395=ORIENTED_EDGE('',*,*,#1032,.T.);
#396=ORIENTED_EDGE('',*,*,#1033,.T.);
#397=ORIENTED_EDGE('',*,*,#1034,.T.);
#398=ORIENTED_EDGE('',*,*,#1035,.T.);
#399=ORIENTED_EDGE('',*,*,#1036,.F.);
#400=ORIENTED_EDGE('',*,*,#1037,.T.);
#401=ORIENTED_EDGE('',*,*,#1038,.T.);
#402=ORIENTED_EDGE('',*,*,#1039,.F.);
#403=ORIENTED_EDGE('',*,*,#1040,.F.);
#404=ORIENTED_EDGE('',*,*,#1041,.T.);
#405=ORIENTED_EDGE('',*,*,#1042,.F.);
#406=ORIENTED_EDGE('',*,*,#1043,.T.);
#407=ORIENTED_EDGE('',*,*,#1044,.T.);
#408=ORIENTED_EDGE('',*,*,#1045,.F.);
#409=ORIENTED_EDGE('',*,*,#1046,.T.);
#410=ORIENTED_EDGE('',*,*,#1047,.F.);
#411=ORIENTED_EDGE('',*,*,#1042,.T.);
#412=ORIENTED_EDGE('',*,*,#1048,.T.);
#413=ORIENTED_EDGE('',*,*,#1049,.T.);
#414=ORIENTED_EDGE('',*,*,#1050,.T.);
#415=ORIENTED_EDGE('',*,*,#1051,.T.);
#416=ORIENTED_EDGE('',*,*,#918,.F.);
#417=ORIENTED_EDGE('',*,*,#1052,.F.);
#418=ORIENTED_EDGE('',*,*,#1044,.F.);
#419=ORIENTED_EDGE('',*,*,#1046,.F.);
#420=ORIENTED_EDGE('',*,*,#1040,.T.);
#421=ORIENTED_EDGE('',*,*,#916,.T.);
#422=ORIENTED_EDGE('',*,*,#1053,.T.);
#423=ORIENTED_EDGE('',*,*,#1054,.F.);
#424=ORIENTED_EDGE('',*,*,#1055,.T.);
#425=ORIENTED_EDGE('',*,*,#1056,.F.);
#426=ORIENTED_EDGE('',*,*,#1057,.T.);
#427=ORIENTED_EDGE('',*,*,#1036,.T.);
#428=ORIENTED_EDGE('',*,*,#1038,.F.);
#429=ORIENTED_EDGE('',*,*,#1058,.T.);
#430=ORIENTED_EDGE('',*,*,#1059,.T.);
#431=ORIENTED_EDGE('',*,*,#1060,.T.);
#432=ORIENTED_EDGE('',*,*,#933,.F.);
#433=ORIENTED_EDGE('',*,*,#1012,.F.);
#434=ORIENTED_EDGE('',*,*,#1061,.T.);
#435=ORIENTED_EDGE('',*,*,#935,.F.);
#436=ORIENTED_EDGE('',*,*,#1062,.T.);
#437=ORIENTED_EDGE('',*,*,#1063,.T.);
#438=ORIENTED_EDGE('',*,*,#1064,.T.);
#439=ORIENTED_EDGE('',*,*,#931,.F.);
#440=ORIENTED_EDGE('',*,*,#1065,.T.);
#441=ORIENTED_EDGE('',*,*,#948,.F.);
#442=ORIENTED_EDGE('',*,*,#1066,.T.);
#443=ORIENTED_EDGE('',*,*,#1067,.T.);
#444=ORIENTED_EDGE('',*,*,#1068,.T.);
#445=ORIENTED_EDGE('',*,*,#1069,.F.);
#446=ORIENTED_EDGE('',*,*,#1016,.F.);
#447=ORIENTED_EDGE('',*,*,#1070,.T.);
#448=ORIENTED_EDGE('',*,*,#1071,.T.);
#449=ORIENTED_EDGE('',*,*,#1072,.F.);
#450=ORIENTED_EDGE('',*,*,#1071,.F.);
#451=ORIENTED_EDGE('',*,*,#1073,.T.);
#452=ORIENTED_EDGE('',*,*,#1052,.T.);
#453=ORIENTED_EDGE('',*,*,#1074,.T.);
#454=ORIENTED_EDGE('',*,*,#1075,.T.);
#455=ORIENTED_EDGE('',*,*,#1076,.T.);
#456=ORIENTED_EDGE('',*,*,#1050,.F.);
#457=ORIENTED_EDGE('',*,*,#1077,.T.);
#458=ORIENTED_EDGE('',*,*,#1078,.T.);
#459=ORIENTED_EDGE('',*,*,#1079,.T.);
#460=ORIENTED_EDGE('',*,*,#1048,.F.);
#461=ORIENTED_EDGE('',*,*,#1080,.T.);
#462=ORIENTED_EDGE('',*,*,#1081,.T.);
#463=ORIENTED_EDGE('',*,*,#1082,.T.);
#464=ORIENTED_EDGE('',*,*,#1054,.T.);
#465=ORIENTED_EDGE('',*,*,#1083,.T.);
#466=ORIENTED_EDGE('',*,*,#1084,.T.);
#467=ORIENTED_EDGE('',*,*,#1057,.F.);
#468=ORIENTED_EDGE('',*,*,#1085,.T.);
#469=ORIENTED_EDGE('',*,*,#921,.T.);
#470=ORIENTED_EDGE('',*,*,#1086,.T.);
#471=ORIENTED_EDGE('',*,*,#1083,.F.);
#472=ORIENTED_EDGE('',*,*,#1087,.T.);
#473=ORIENTED_EDGE('',*,*,#1088,.T.);
#474=ORIENTED_EDGE('',*,*,#1089,.T.);
#475=ORIENTED_EDGE('',*,*,#1090,.T.);
#476=ORIENTED_EDGE('',*,*,#1056,.T.);
#477=ORIENTED_EDGE('',*,*,#1091,.T.);
#478=ORIENTED_EDGE('',*,*,#1047,.T.);
#479=ORIENTED_EDGE('',*,*,#1018,.T.);
#480=ORIENTED_EDGE('',*,*,#1092,.T.);
#481=ORIENTED_EDGE('',*,*,#1093,.T.);
#482=ORIENTED_EDGE('',*,*,#1094,.T.);
#483=ORIENTED_EDGE('',*,*,#1095,.T.);
#484=ORIENTED_EDGE('',*,*,#1091,.F.);
#485=ORIENTED_EDGE('',*,*,#1096,.T.);
#486=ORIENTED_EDGE('',*,*,#1045,.T.);
#487=ORIENTED_EDGE('',*,*,#1020,.T.);
#488=ORIENTED_EDGE('',*,*,#1097,.T.);
#489=ORIENTED_EDGE('',*,*,#1096,.F.);
#490=ORIENTED_EDGE('',*,*,#1022,.F.);
#491=ORIENTED_EDGE('',*,*,#1098,.T.);
#492=ORIENTED_EDGE('',*,*,#1099,.T.);
#493=ORIENTED_EDGE('',*,*,#1100,.T.);
#494=ORIENTED_EDGE('',*,*,#1101,.T.);
#495=ORIENTED_EDGE('',*,*,#1102,.T.);
#496=ORIENTED_EDGE('',*,*,#1043,.F.);
#497=ORIENTED_EDGE('',*,*,#1102,.F.);
#498=ORIENTED_EDGE('',*,*,#1103,.T.);
#499=ORIENTED_EDGE('',*,*,#1029,.T.);
#500=ORIENTED_EDGE('',*,*,#1104,.T.);
#501=ORIENTED_EDGE('',*,*,#1041,.F.);
#502=ORIENTED_EDGE('',*,*,#1103,.F.);
#503=ORIENTED_EDGE('',*,*,#1105,.F.);
#504=ORIENTED_EDGE('',*,*,#1106,.T.);
#505=ORIENTED_EDGE('',*,*,#1107,.T.);
#506=ORIENTED_EDGE('',*,*,#1027,.F.);
#507=ORIENTED_EDGE('',*,*,#1108,.T.);
#508=ORIENTED_EDGE('',*,*,#1109,.T.);
#509=ORIENTED_EDGE('',*,*,#1105,.T.);
#510=ORIENTED_EDGE('',*,*,#1039,.T.);
#511=ORIENTED_EDGE('',*,*,#1110,.T.);
#512=ORIENTED_EDGE('',*,*,#1111,.T.);
#513=ORIENTED_EDGE('',*,*,#1112,.T.);
#514=ORIENTED_EDGE('',*,*,#1031,.T.);
#515=ORIENTED_EDGE('',*,*,#1113,.T.);
#516=ORIENTED_EDGE('',*,*,#1114,.T.);
#517=ORIENTED_EDGE('',*,*,#1037,.F.);
#518=ORIENTED_EDGE('',*,*,#1110,.F.);
#519=ORIENTED_EDGE('',*,*,#1008,.F.);
#520=ORIENTED_EDGE('',*,*,#1115,.T.);
#521=ORIENTED_EDGE('',*,*,#967,.F.);
#522=ORIENTED_EDGE('',*,*,#1116,.T.);
#523=ORIENTED_EDGE('',*,*,#958,.T.);
#524=ORIENTED_EDGE('',*,*,#1117,.T.);
#525=ORIENTED_EDGE('',*,*,#1004,.T.);
#526=ORIENTED_EDGE('',*,*,#1118,.T.);
#527=ORIENTED_EDGE('',*,*,#1006,.F.);
#528=ORIENTED_EDGE('',*,*,#1119,.T.);
#529=ORIENTED_EDGE('',*,*,#1120,.F.);
#530=ORIENTED_EDGE('',*,*,#1121,.T.);
#531=ORIENTED_EDGE('',*,*,#980,.F.);
#532=ORIENTED_EDGE('',*,*,#1122,.T.);
#533=ORIENTED_EDGE('',*,*,#992,.T.);
#534=ORIENTED_EDGE('',*,*,#1123,.T.);
#535=ORIENTED_EDGE('',*,*,#978,.T.);
#536=ORIENTED_EDGE('',*,*,#1124,.T.);
#537=ORIENTED_EDGE('',*,*,#994,.F.);
#538=ORIENTED_EDGE('',*,*,#1125,.T.);
#539=ORIENTED_EDGE('',*,*,#996,.F.);
#540=ORIENTED_EDGE('',*,*,#1126,.T.);
#541=ORIENTED_EDGE('',*,*,#984,.T.);
#542=ORIENTED_EDGE('',*,*,#1127,.T.);
#543=ORIENTED_EDGE('',*,*,#998,.T.);
#544=ORIENTED_EDGE('',*,*,#1128,.T.);
#545=ORIENTED_EDGE('',*,*,#982,.F.);
#546=ORIENTED_EDGE('',*,*,#1129,.T.);
#547=ORIENTED_EDGE('',*,*,#925,.F.);
#548=ORIENTED_EDGE('',*,*,#1130,.T.);
#549=ORIENTED_EDGE('',*,*,#1131,.T.);
#550=ORIENTED_EDGE('',*,*,#1132,.T.);
#551=ORIENTED_EDGE('',*,*,#1133,.F.);
#552=ORIENTED_EDGE('',*,*,#1134,.T.);
#553=ORIENTED_EDGE('',*,*,#927,.T.);
#554=ORIENTED_EDGE('',*,*,#1135,.T.);
#555=ORIENTED_EDGE('',*,*,#952,.T.);
#556=ORIENTED_EDGE('',*,*,#1136,.T.);
#557=ORIENTED_EDGE('',*,*,#1133,.T.);
#558=ORIENTED_EDGE('',*,*,#1137,.T.);
#559=ORIENTED_EDGE('',*,*,#1131,.F.);
#560=ORIENTED_EDGE('',*,*,#1138,.T.);
#561=ORIENTED_EDGE('',*,*,#1139,.T.);
#562=ORIENTED_EDGE('',*,*,#1140,.F.);
#563=ORIENTED_EDGE('',*,*,#1141,.T.);
#564=ORIENTED_EDGE('',*,*,#942,.T.);
#565=ORIENTED_EDGE('',*,*,#1142,.T.);
#566=ORIENTED_EDGE('',*,*,#1143,.F.);
#567=ORIENTED_EDGE('',*,*,#1144,.T.);
#568=ORIENTED_EDGE('',*,*,#940,.F.);
#569=ORIENTED_EDGE('',*,*,#1145,.T.);
#570=ORIENTED_EDGE('',*,*,#1146,.T.);
#571=ORIENTED_EDGE('',*,*,#1147,.T.);
#572=ORIENTED_EDGE('',*,*,#956,.F.);
#573=ORIENTED_EDGE('',*,*,#1148,.T.);
#574=ORIENTED_EDGE('',*,*,#1149,.T.);
#575=ORIENTED_EDGE('',*,*,#1150,.T.);
#576=ORIENTED_EDGE('',*,*,#1151,.T.);
#577=ORIENTED_EDGE('',*,*,#1143,.T.);
#578=ORIENTED_EDGE('',*,*,#1152,.T.);
#579=ORIENTED_EDGE('',*,*,#1146,.F.);
#580=ORIENTED_EDGE('',*,*,#1153,.T.);
#581=ORIENTED_EDGE('',*,*,#1154,.T.);
#582=ORIENTED_EDGE('',*,*,#1149,.F.);
#583=ORIENTED_EDGE('',*,*,#1155,.T.);
#584=ORIENTED_EDGE('',*,*,#964,.F.);
#585=ORIENTED_EDGE('',*,*,#1154,.F.);
#586=ORIENTED_EDGE('',*,*,#1156,.T.);
#587=ORIENTED_EDGE('',*,*,#963,.T.);
#588=ORIENTED_EDGE('',*,*,#1156,.F.);
#589=ORIENTED_EDGE('',*,*,#1140,.T.);
#590=ORIENTED_EDGE('',*,*,#1157,.T.);
#591=ORIENTED_EDGE('',*,*,#1090,.F.);
#592=ORIENTED_EDGE('',*,*,#1158,.T.);
#593=ORIENTED_EDGE('',*,*,#1159,.T.);
#594=ORIENTED_EDGE('',*,*,#1160,.F.);
#595=ORIENTED_EDGE('',*,*,#973,.F.);
#596=ORIENTED_EDGE('',*,*,#922,.F.);
#597=ORIENTED_EDGE('',*,*,#1087,.F.);
#598=ORIENTED_EDGE('',*,*,#1085,.F.);
#599=ORIENTED_EDGE('',*,*,#1160,.T.);
#600=ORIENTED_EDGE('',*,*,#1161,.T.);
#601=ORIENTED_EDGE('',*,*,#986,.F.);
#602=ORIENTED_EDGE('',*,*,#1162,.F.);
#603=ORIENTED_EDGE('',*,*,#1163,.T.);
#604=ORIENTED_EDGE('',*,*,#1164,.T.);
#605=ORIENTED_EDGE('',*,*,#971,.F.);
#606=ORIENTED_EDGE('',*,*,#1162,.T.);
#607=ORIENTED_EDGE('',*,*,#991,.F.);
#608=ORIENTED_EDGE('',*,*,#1165,.F.);
#609=ORIENTED_EDGE('',*,*,#954,.F.);
#610=ORIENTED_EDGE('',*,*,#1166,.T.);
#611=ORIENTED_EDGE('',*,*,#1165,.T.);
#612=ORIENTED_EDGE('',*,*,#990,.F.);
#613=ORIENTED_EDGE('',*,*,#1167,.F.);
#614=ORIENTED_EDGE('',*,*,#1168,.T.);
#615=ORIENTED_EDGE('',*,*,#1169,.T.);
#616=ORIENTED_EDGE('',*,*,#1170,.T.);
#617=ORIENTED_EDGE('',*,*,#1167,.T.);
#618=ORIENTED_EDGE('',*,*,#989,.F.);
#619=ORIENTED_EDGE('',*,*,#1171,.F.);
#620=ORIENTED_EDGE('',*,*,#969,.F.);
#621=ORIENTED_EDGE('',*,*,#1120,.T.);
#622=ORIENTED_EDGE('',*,*,#961,.F.);
#623=ORIENTED_EDGE('',*,*,#988,.F.);
#624=ORIENTED_EDGE('',*,*,#1172,.T.);
#625=ORIENTED_EDGE('',*,*,#1173,.F.);
#626=ORIENTED_EDGE('',*,*,#1171,.T.);
#627=ORIENTED_EDGE('',*,*,#1174,.T.);
#628=ORIENTED_EDGE('',*,*,#1175,.T.);
#629=ORIENTED_EDGE('',*,*,#1077,.F.);
#630=ORIENTED_EDGE('',*,*,#1073,.F.);
#631=ORIENTED_EDGE('',*,*,#1070,.F.);
#632=ORIENTED_EDGE('',*,*,#1015,.F.);
#633=ORIENTED_EDGE('',*,*,#970,.F.);
#634=ORIENTED_EDGE('',*,*,#1173,.T.);
#635=ORIENTED_EDGE('',*,*,#1079,.F.);
#636=ORIENTED_EDGE('',*,*,#1176,.T.);
#637=ORIENTED_EDGE('',*,*,#1074,.F.);
#638=ORIENTED_EDGE('',*,*,#1049,.F.);
#639=ORIENTED_EDGE('',*,*,#1076,.F.);
#640=ORIENTED_EDGE('',*,*,#1177,.T.);
#641=ORIENTED_EDGE('',*,*,#909,.F.);
#642=ORIENTED_EDGE('',*,*,#1051,.F.);
#643=ORIENTED_EDGE('',*,*,#915,.F.);
#644=ORIENTED_EDGE('',*,*,#1178,.T.);
#645=ORIENTED_EDGE('',*,*,#1080,.F.);
#646=ORIENTED_EDGE('',*,*,#1053,.F.);
#647=ORIENTED_EDGE('',*,*,#1082,.F.);
#648=ORIENTED_EDGE('',*,*,#1179,.T.);
#649=ORIENTED_EDGE('',*,*,#1088,.F.);
#650=ORIENTED_EDGE('',*,*,#1055,.F.);
#651=ORIENTED_EDGE('',*,*,#1139,.F.);
#652=ORIENTED_EDGE('',*,*,#1180,.F.);
#653=ORIENTED_EDGE('',*,*,#1181,.F.);
#654=ORIENTED_EDGE('',*,*,#1163,.F.);
#655=ORIENTED_EDGE('',*,*,#1166,.F.);
#656=ORIENTED_EDGE('',*,*,#953,.F.);
#657=ORIENTED_EDGE('',*,*,#1141,.F.);
#658=ORIENTED_EDGE('',*,*,#1157,.F.);
#659=ORIENTED_EDGE('',*,*,#924,.F.);
#660=ORIENTED_EDGE('',*,*,#972,.F.);
#661=ORIENTED_EDGE('',*,*,#1182,.F.);
#662=ORIENTED_EDGE('',*,*,#1180,.T.);
#663=ORIENTED_EDGE('',*,*,#1138,.F.);
#664=ORIENTED_EDGE('',*,*,#1130,.F.);
#665=ORIENTED_EDGE('',*,*,#1164,.F.);
#666=ORIENTED_EDGE('',*,*,#1181,.T.);
#667=ORIENTED_EDGE('',*,*,#1182,.T.);
#668=ORIENTED_EDGE('',*,*,#1136,.F.);
#669=ORIENTED_EDGE('',*,*,#951,.F.);
#670=ORIENTED_EDGE('',*,*,#928,.F.);
#671=ORIENTED_EDGE('',*,*,#1134,.F.);
#672=ORIENTED_EDGE('',*,*,#1137,.F.);
#673=ORIENTED_EDGE('',*,*,#1135,.F.);
#674=ORIENTED_EDGE('',*,*,#926,.F.);
#675=ORIENTED_EDGE('',*,*,#1132,.F.);
#676=ORIENTED_EDGE('',*,*,#1183,.F.);
#677=ORIENTED_EDGE('',*,*,#960,.F.);
#678=ORIENTED_EDGE('',*,*,#943,.F.);
#679=ORIENTED_EDGE('',*,*,#1144,.F.);
#680=ORIENTED_EDGE('',*,*,#1151,.F.);
#681=ORIENTED_EDGE('',*,*,#1184,.F.);
#682=ORIENTED_EDGE('',*,*,#1169,.F.);
#683=ORIENTED_EDGE('',*,*,#1183,.T.);
#684=ORIENTED_EDGE('',*,*,#1185,.F.);
#685=ORIENTED_EDGE('',*,*,#1168,.F.);
#686=ORIENTED_EDGE('',*,*,#1170,.F.);
#687=ORIENTED_EDGE('',*,*,#1185,.T.);
#688=ORIENTED_EDGE('',*,*,#1184,.T.);
#689=ORIENTED_EDGE('',*,*,#1150,.F.);
#690=ORIENTED_EDGE('',*,*,#1155,.F.);
#691=ORIENTED_EDGE('',*,*,#1148,.F.);
#692=ORIENTED_EDGE('',*,*,#955,.F.);
#693=ORIENTED_EDGE('',*,*,#1153,.F.);
#694=ORIENTED_EDGE('',*,*,#1145,.F.);
#695=ORIENTED_EDGE('',*,*,#939,.F.);
#696=ORIENTED_EDGE('',*,*,#957,.F.);
#697=ORIENTED_EDGE('',*,*,#1152,.F.);
#698=ORIENTED_EDGE('',*,*,#1142,.F.);
#699=ORIENTED_EDGE('',*,*,#941,.F.);
#700=ORIENTED_EDGE('',*,*,#1147,.F.);
#701=ORIENTED_EDGE('',*,*,#995,.F.);
#702=ORIENTED_EDGE('',*,*,#1124,.F.);
#703=ORIENTED_EDGE('',*,*,#985,.F.);
#704=ORIENTED_EDGE('',*,*,#1126,.F.);
#705=ORIENTED_EDGE('',*,*,#997,.F.);
#706=ORIENTED_EDGE('',*,*,#1127,.F.);
#707=ORIENTED_EDGE('',*,*,#983,.F.);
#708=ORIENTED_EDGE('',*,*,#1128,.F.);
#709=ORIENTED_EDGE('',*,*,#993,.F.);
#710=ORIENTED_EDGE('',*,*,#1122,.F.);
#711=ORIENTED_EDGE('',*,*,#979,.F.);
#712=ORIENTED_EDGE('',*,*,#1125,.F.);
#713=ORIENTED_EDGE('',*,*,#999,.F.);
#714=ORIENTED_EDGE('',*,*,#1129,.F.);
#715=ORIENTED_EDGE('',*,*,#981,.F.);
#716=ORIENTED_EDGE('',*,*,#1123,.F.);
#717=ORIENTED_EDGE('',*,*,#1005,.F.);
#718=ORIENTED_EDGE('',*,*,#1117,.F.);
#719=ORIENTED_EDGE('',*,*,#962,.F.);
#720=ORIENTED_EDGE('',*,*,#1119,.F.);
#721=ORIENTED_EDGE('',*,*,#1007,.F.);
#722=ORIENTED_EDGE('',*,*,#1121,.F.);
#723=ORIENTED_EDGE('',*,*,#968,.F.);
#724=ORIENTED_EDGE('',*,*,#1115,.F.);
#725=ORIENTED_EDGE('',*,*,#1003,.F.);
#726=ORIENTED_EDGE('',*,*,#945,.F.);
#727=ORIENTED_EDGE('',*,*,#959,.F.);
#728=ORIENTED_EDGE('',*,*,#1118,.F.);
#729=ORIENTED_EDGE('',*,*,#1009,.F.);
#730=ORIENTED_EDGE('',*,*,#1116,.F.);
#731=ORIENTED_EDGE('',*,*,#966,.F.);
#732=ORIENTED_EDGE('',*,*,#1014,.F.);
#733=ORIENTED_EDGE('',*,*,#1186,.T.);
#734=ORIENTED_EDGE('',*,*,#1066,.F.);
#735=ORIENTED_EDGE('',*,*,#947,.F.);
#736=ORIENTED_EDGE('',*,*,#1002,.F.);
#737=ORIENTED_EDGE('',*,*,#1064,.F.);
#738=ORIENTED_EDGE('',*,*,#1187,.T.);
#739=ORIENTED_EDGE('',*,*,#1000,.F.);
#740=ORIENTED_EDGE('',*,*,#1013,.F.);
#741=ORIENTED_EDGE('',*,*,#1068,.F.);
#742=ORIENTED_EDGE('',*,*,#1188,.T.);
#743=ORIENTED_EDGE('',*,*,#1058,.F.);
#744=ORIENTED_EDGE('',*,*,#932,.F.);
#745=ORIENTED_EDGE('',*,*,#1060,.F.);
#746=ORIENTED_EDGE('',*,*,#1189,.T.);
#747=ORIENTED_EDGE('',*,*,#1062,.F.);
#748=ORIENTED_EDGE('',*,*,#934,.F.);
#749=ORIENTED_EDGE('',*,*,#1190,.F.);
#750=ORIENTED_EDGE('',*,*,#1063,.F.);
#751=ORIENTED_EDGE('',*,*,#1191,.F.);
#752=ORIENTED_EDGE('',*,*,#977,.F.);
#753=ORIENTED_EDGE('',*,*,#1187,.F.);
#754=ORIENTED_EDGE('',*,*,#1190,.T.);
#755=ORIENTED_EDGE('',*,*,#1192,.F.);
#756=ORIENTED_EDGE('',*,*,#1191,.T.);
#757=ORIENTED_EDGE('',*,*,#1189,.F.);
#758=ORIENTED_EDGE('',*,*,#1193,.F.);
#759=ORIENTED_EDGE('',*,*,#1192,.T.);
#760=ORIENTED_EDGE('',*,*,#976,.F.);
#761=ORIENTED_EDGE('',*,*,#1194,.F.);
#762=ORIENTED_EDGE('',*,*,#1001,.F.);
#763=ORIENTED_EDGE('',*,*,#1193,.T.);
#764=ORIENTED_EDGE('',*,*,#1059,.F.);
#765=ORIENTED_EDGE('',*,*,#1195,.F.);
#766=ORIENTED_EDGE('',*,*,#974,.F.);
#767=ORIENTED_EDGE('',*,*,#1186,.F.);
#768=ORIENTED_EDGE('',*,*,#1194,.T.);
#769=ORIENTED_EDGE('',*,*,#1196,.F.);
#770=ORIENTED_EDGE('',*,*,#1195,.T.);
#771=ORIENTED_EDGE('',*,*,#1188,.F.);
#772=ORIENTED_EDGE('',*,*,#1197,.F.);
#773=ORIENTED_EDGE('',*,*,#1196,.T.);
#774=ORIENTED_EDGE('',*,*,#975,.F.);
#775=ORIENTED_EDGE('',*,*,#1197,.T.);
#776=ORIENTED_EDGE('',*,*,#1067,.F.);
#777=ORIENTED_EDGE('',*,*,#1198,.F.);
#778=ORIENTED_EDGE('',*,*,#1017,.T.);
#779=ORIENTED_EDGE('',*,*,#1069,.T.);
#780=ORIENTED_EDGE('',*,*,#1072,.T.);
#781=ORIENTED_EDGE('',*,*,#917,.F.);
#782=ORIENTED_EDGE('',*,*,#1084,.F.);
#783=ORIENTED_EDGE('',*,*,#1086,.F.);
#784=ORIENTED_EDGE('',*,*,#920,.T.);
#785=ORIENTED_EDGE('',*,*,#1011,.T.);
#786=ORIENTED_EDGE('',*,*,#1198,.T.);
#787=ORIENTED_EDGE('',*,*,#919,.T.);
#788=ORIENTED_EDGE('',*,*,#1061,.F.);
#789=ORIENTED_EDGE('',*,*,#912,.F.);
#790=ORIENTED_EDGE('',*,*,#1199,.T.);
#791=ORIENTED_EDGE('',*,*,#930,.T.);
#792=ORIENTED_EDGE('',*,*,#950,.T.);
#793=ORIENTED_EDGE('',*,*,#937,.T.);
#794=ORIENTED_EDGE('',*,*,#1065,.F.);
#795=ORIENTED_EDGE('',*,*,#1200,.T.);
#796=ORIENTED_EDGE('',*,*,#1201,.T.);
#797=ORIENTED_EDGE('',*,*,#1202,.T.);
#798=ORIENTED_EDGE('',*,*,#1203,.T.);
#799=ORIENTED_EDGE('',*,*,#1204,.T.);
#800=ORIENTED_EDGE('',*,*,#1205,.T.);
#801=ORIENTED_EDGE('',*,*,#911,.F.);
#802=ORIENTED_EDGE('',*,*,#1206,.T.);
#803=ORIENTED_EDGE('',*,*,#1200,.F.);
#804=ORIENTED_EDGE('',*,*,#1207,.T.);
#805=ORIENTED_EDGE('',*,*,#913,.F.);
#806=ORIENTED_EDGE('',*,*,#1199,.F.);
#807=ORIENTED_EDGE('',*,*,#1202,.F.);
#808=ORIENTED_EDGE('',*,*,#1208,.T.);
#809=ORIENTED_EDGE('',*,*,#1174,.F.);
#810=ORIENTED_EDGE('',*,*,#1209,.F.);
#811=ORIENTED_EDGE('',*,*,#1209,.T.);
#812=ORIENTED_EDGE('',*,*,#1172,.F.);
#813=ORIENTED_EDGE('',*,*,#1210,.F.);
#814=ORIENTED_EDGE('',*,*,#1210,.T.);
#815=ORIENTED_EDGE('',*,*,#987,.F.);
#816=ORIENTED_EDGE('',*,*,#1211,.F.);
#817=ORIENTED_EDGE('',*,*,#1203,.F.);
#818=ORIENTED_EDGE('',*,*,#1159,.F.);
#819=ORIENTED_EDGE('',*,*,#1212,.T.);
#820=ORIENTED_EDGE('',*,*,#1204,.F.);
#821=ORIENTED_EDGE('',*,*,#1213,.F.);
#822=ORIENTED_EDGE('',*,*,#1211,.T.);
#823=ORIENTED_EDGE('',*,*,#1161,.F.);
#824=ORIENTED_EDGE('',*,*,#1213,.T.);
#825=ORIENTED_EDGE('',*,*,#1214,.F.);
#826=ORIENTED_EDGE('',*,*,#1100,.F.);
#827=ORIENTED_EDGE('',*,*,#1215,.F.);
#828=ORIENTED_EDGE('',*,*,#1078,.F.);
#829=ORIENTED_EDGE('',*,*,#1215,.T.);
#830=ORIENTED_EDGE('',*,*,#1099,.F.);
#831=ORIENTED_EDGE('',*,*,#1216,.F.);
#832=ORIENTED_EDGE('',*,*,#1176,.F.);
#833=ORIENTED_EDGE('',*,*,#1214,.T.);
#834=ORIENTED_EDGE('',*,*,#1175,.F.);
#835=ORIENTED_EDGE('',*,*,#1217,.F.);
#836=ORIENTED_EDGE('',*,*,#1023,.F.);
#837=ORIENTED_EDGE('',*,*,#1101,.F.);
#838=ORIENTED_EDGE('',*,*,#1019,.F.);
#839=ORIENTED_EDGE('',*,*,#1095,.F.);
#840=ORIENTED_EDGE('',*,*,#1218,.F.);
#841=ORIENTED_EDGE('',*,*,#1075,.F.);
#842=ORIENTED_EDGE('',*,*,#1216,.T.);
#843=ORIENTED_EDGE('',*,*,#1098,.F.);
#844=ORIENTED_EDGE('',*,*,#1021,.F.);
#845=ORIENTED_EDGE('',*,*,#1097,.F.);
#846=ORIENTED_EDGE('',*,*,#1217,.T.);
#847=ORIENTED_EDGE('',*,*,#1208,.F.);
#848=ORIENTED_EDGE('',*,*,#1219,.F.);
#849=ORIENTED_EDGE('',*,*,#1024,.F.);
#850=ORIENTED_EDGE('',*,*,#1218,.T.);
#851=ORIENTED_EDGE('',*,*,#1094,.F.);
#852=ORIENTED_EDGE('',*,*,#1220,.F.);
#853=ORIENTED_EDGE('',*,*,#1177,.F.);
#854=ORIENTED_EDGE('',*,*,#1219,.T.);
#855=ORIENTED_EDGE('',*,*,#1201,.F.);
#856=ORIENTED_EDGE('',*,*,#1221,.F.);
#857=ORIENTED_EDGE('',*,*,#1025,.F.);
#858=ORIENTED_EDGE('',*,*,#1220,.T.);
#859=ORIENTED_EDGE('',*,*,#1093,.F.);
#860=ORIENTED_EDGE('',*,*,#1222,.F.);
#861=ORIENTED_EDGE('',*,*,#910,.F.);
#862=ORIENTED_EDGE('',*,*,#1221,.T.);
#863=ORIENTED_EDGE('',*,*,#1206,.F.);
#864=ORIENTED_EDGE('',*,*,#1222,.T.);
#865=ORIENTED_EDGE('',*,*,#1092,.F.);
#866=ORIENTED_EDGE('',*,*,#1026,.F.);
#867=ORIENTED_EDGE('',*,*,#1108,.F.);
#868=ORIENTED_EDGE('',*,*,#1035,.F.);
#869=ORIENTED_EDGE('',*,*,#1223,.F.);
#870=ORIENTED_EDGE('',*,*,#1158,.F.);
#871=ORIENTED_EDGE('',*,*,#1224,.F.);
#872=ORIENTED_EDGE('',*,*,#1223,.T.);
#873=ORIENTED_EDGE('',*,*,#1034,.F.);
#874=ORIENTED_EDGE('',*,*,#1225,.F.);
#875=ORIENTED_EDGE('',*,*,#1212,.F.);
#876=ORIENTED_EDGE('',*,*,#1224,.T.);
#877=ORIENTED_EDGE('',*,*,#1089,.F.);
#878=ORIENTED_EDGE('',*,*,#1226,.F.);
#879=ORIENTED_EDGE('',*,*,#1109,.F.);
#880=ORIENTED_EDGE('',*,*,#1225,.T.);
#881=ORIENTED_EDGE('',*,*,#1033,.F.);
#882=ORIENTED_EDGE('',*,*,#1227,.F.);
#883=ORIENTED_EDGE('',*,*,#1205,.F.);
#884=ORIENTED_EDGE('',*,*,#1226,.T.);
#885=ORIENTED_EDGE('',*,*,#1179,.F.);
#886=ORIENTED_EDGE('',*,*,#1228,.F.);
#887=ORIENTED_EDGE('',*,*,#1106,.F.);
#888=ORIENTED_EDGE('',*,*,#1032,.F.);
#889=ORIENTED_EDGE('',*,*,#1112,.F.);
#890=ORIENTED_EDGE('',*,*,#1229,.F.);
#891=ORIENTED_EDGE('',*,*,#1207,.F.);
#892=ORIENTED_EDGE('',*,*,#1227,.T.);
#893=ORIENTED_EDGE('',*,*,#1228,.T.);
#894=ORIENTED_EDGE('',*,*,#1081,.F.);
#895=ORIENTED_EDGE('',*,*,#1230,.F.);
#896=ORIENTED_EDGE('',*,*,#1113,.F.);
#897=ORIENTED_EDGE('',*,*,#1030,.F.);
#898=ORIENTED_EDGE('',*,*,#1104,.F.);
#899=ORIENTED_EDGE('',*,*,#1028,.F.);
#900=ORIENTED_EDGE('',*,*,#1107,.F.);
#901=ORIENTED_EDGE('',*,*,#1229,.T.);
#902=ORIENTED_EDGE('',*,*,#1111,.F.);
#903=ORIENTED_EDGE('',*,*,#1231,.F.);
#904=ORIENTED_EDGE('',*,*,#914,.F.);
#905=ORIENTED_EDGE('',*,*,#1230,.T.);
#906=ORIENTED_EDGE('',*,*,#1178,.F.);
#907=ORIENTED_EDGE('',*,*,#1231,.T.);
#908=ORIENTED_EDGE('',*,*,#1114,.F.);
#909=EDGE_CURVE('',#1232,#1233,#1440,.T.);
#910=EDGE_CURVE('',#1233,#1234,#1441,.T.);
#911=EDGE_CURVE('',#1234,#1235,#1442,.F.);
#912=EDGE_CURVE('',#1235,#1236,#152,.T.);
#913=EDGE_CURVE('',#1236,#1237,#1443,.F.);
#914=EDGE_CURVE('',#1237,#1238,#1444,.T.);
#915=EDGE_CURVE('',#1238,#1239,#1445,.F.);
#916=EDGE_CURVE('',#1240,#1239,#1446,.T.);
#917=EDGE_CURVE('',#1240,#1241,#1447,.T.);
#918=EDGE_CURVE('',#1241,#1232,#1448,.T.);
#919=EDGE_CURVE('',#1242,#1243,#1449,.T.);
#920=EDGE_CURVE('',#1244,#1242,#1450,.T.);
#921=EDGE_CURVE('',#1245,#1244,#1451,.T.);
#922=EDGE_CURVE('',#1245,#1246,#153,.F.);
#923=EDGE_CURVE('',#1246,#1247,#1452,.T.);
#924=EDGE_CURVE('',#1247,#1248,#154,.F.);
#925=EDGE_CURVE('',#1248,#1249,#1453,.T.);
#926=EDGE_CURVE('',#1249,#1250,#155,.T.);
#927=EDGE_CURVE('',#1251,#1250,#1454,.T.);
#928=EDGE_CURVE('',#1251,#1252,#156,.T.);
#929=EDGE_CURVE('',#1252,#1253,#1455,.T.);
#930=EDGE_CURVE('',#1254,#1253,#1456,.T.);
#931=EDGE_CURVE('',#1254,#1255,#1457,.T.);
#932=EDGE_CURVE('',#1255,#1256,#157,.F.);
#933=EDGE_CURVE('',#1256,#1257,#1458,.T.);
#934=EDGE_CURVE('',#1257,#1258,#158,.F.);
#935=EDGE_CURVE('',#1258,#1243,#1459,.T.);
#936=EDGE_CURVE('',#1259,#1259,#159,.T.);
#937=EDGE_CURVE('',#1260,#1261,#1460,.F.);
#938=EDGE_CURVE('',#1260,#1262,#1461,.T.);
#939=EDGE_CURVE('',#1262,#1263,#160,.T.);
#940=EDGE_CURVE('',#1263,#1264,#1462,.T.);
#941=EDGE_CURVE('',#1264,#1265,#161,.T.);
#942=EDGE_CURVE('',#1266,#1265,#1463,.T.);
#943=EDGE_CURVE('',#1266,#1267,#162,.F.);
#944=EDGE_CURVE('',#1267,#1268,#1464,.T.);
#945=EDGE_CURVE('',#1268,#1269,#1465,.F.);
#946=EDGE_CURVE('',#1270,#1269,#1466,.T.);
#947=EDGE_CURVE('',#1270,#1271,#163,.F.);
#948=EDGE_CURVE('',#1271,#1261,#1467,.T.);
#949=EDGE_CURVE('',#1272,#1272,#164,.T.);
#950=EDGE_CURVE('',#1253,#1260,#165,.T.);
#951=EDGE_CURVE('',#1252,#1273,#1468,.F.);
#952=EDGE_CURVE('',#1274,#1273,#1469,.T.);
#953=EDGE_CURVE('',#1274,#1275,#166,.T.);
#954=EDGE_CURVE('',#1275,#1276,#1470,.T.);
#955=EDGE_CURVE('',#1276,#1277,#167,.T.);
#956=EDGE_CURVE('',#1277,#1278,#1471,.T.);
#957=EDGE_CURVE('',#1278,#1262,#1472,.T.);
#958=EDGE_CURVE('',#1279,#1280,#1473,.T.);
#959=EDGE_CURVE('',#1279,#1268,#168,.F.);
#960=EDGE_CURVE('',#1267,#1281,#1474,.F.);
#961=EDGE_CURVE('',#1281,#1282,#1475,.T.);
#962=EDGE_CURVE('',#1282,#1280,#169,.T.);
#963=EDGE_CURVE('',#1283,#1283,#170,.F.);
#964=EDGE_CURVE('',#1284,#1284,#171,.T.);
#965=EDGE_CURVE('',#1285,#1286,#1476,.T.);
#966=EDGE_CURVE('',#1285,#1287,#172,.F.);
#967=EDGE_CURVE('',#1287,#1288,#1477,.T.);
#968=EDGE_CURVE('',#1288,#1289,#173,.T.);
#969=EDGE_CURVE('',#1289,#1290,#1478,.T.);
#970=EDGE_CURVE('',#1290,#1286,#1479,.F.);
#971=EDGE_CURVE('',#1291,#1292,#1480,.T.);
#972=EDGE_CURVE('',#1292,#1247,#1481,.T.);
#973=EDGE_CURVE('',#1246,#1291,#1482,.T.);
#974=EDGE_CURVE('',#1293,#1294,#1483,.T.);
#975=EDGE_CURVE('',#1294,#1295,#1484,.T.);
#976=EDGE_CURVE('',#1295,#1296,#1485,.T.);
#977=EDGE_CURVE('',#1296,#1293,#1486,.T.);
#978=EDGE_CURVE('',#1297,#1298,#1487,.T.);
#979=EDGE_CURVE('',#1297,#1299,#174,.F.);
#980=EDGE_CURVE('',#1299,#1300,#1488,.T.);
#981=EDGE_CURVE('',#1300,#1301,#175,.F.);
#982=EDGE_CURVE('',#1301,#1302,#1489,.T.);
#983=EDGE_CURVE('',#1302,#1303,#176,.F.);
#984=EDGE_CURVE('',#1304,#1303,#1490,.T.);
#985=EDGE_CURVE('',#1304,#1298,#177,.F.);
#986=EDGE_CURVE('',#1305,#1306,#178,.T.);
#987=EDGE_CURVE('',#1306,#1307,#1491,.T.);
#988=EDGE_CURVE('',#1307,#1308,#179,.T.);
#989=EDGE_CURVE('',#1308,#1309,#1492,.F.);
#990=EDGE_CURVE('',#1309,#1310,#1493,.F.);
#991=EDGE_CURVE('',#1310,#1305,#1494,.F.);
#992=EDGE_CURVE('',#1311,#1312,#1495,.T.);
#993=EDGE_CURVE('',#1311,#1313,#180,.T.);
#994=EDGE_CURVE('',#1313,#1314,#1496,.T.);
#995=EDGE_CURVE('',#1314,#1315,#181,.T.);
#996=EDGE_CURVE('',#1315,#1316,#1497,.T.);
#997=EDGE_CURVE('',#1316,#1317,#182,.T.);
#998=EDGE_CURVE('',#1318,#1317,#1498,.T.);
#999=EDGE_CURVE('',#1318,#1312,#183,.T.);
#1000=EDGE_CURVE('',#1319,#1320,#1499,.T.);
#1001=EDGE_CURVE('',#1320,#1321,#1500,.T.);
#1002=EDGE_CURVE('',#1321,#1270,#1501,.F.);
#1003=EDGE_CURVE('',#1269,#1322,#184,.T.);
#1004=EDGE_CURVE('',#1323,#1322,#1502,.T.);
#1005=EDGE_CURVE('',#1323,#1324,#185,.F.);
#1006=EDGE_CURVE('',#1324,#1325,#1503,.T.);
#1007=EDGE_CURVE('',#1325,#1326,#186,.F.);
#1008=EDGE_CURVE('',#1326,#1327,#1504,.T.);
#1009=EDGE_CURVE('',#1327,#1328,#187,.T.);
#1010=EDGE_CURVE('',#1328,#1319,#1505,.T.);
#1011=EDGE_CURVE('',#1329,#1330,#1506,.F.);
#1012=EDGE_CURVE('',#1329,#1331,#1507,.T.);
#1013=EDGE_CURVE('',#1331,#1319,#188,.F.);
#1014=EDGE_CURVE('',#1328,#1285,#1508,.T.);
#1015=EDGE_CURVE('',#1286,#1332,#189,.F.);
#1016=EDGE_CURVE('',#1332,#1333,#1509,.T.);
#1017=EDGE_CURVE('',#1330,#1333,#1510,.T.);
#1018=EDGE_CURVE('',#1334,#1335,#70,.T.);
#1019=EDGE_CURVE('',#1334,#1336,#1511,.F.);
#1020=EDGE_CURVE('',#1337,#1336,#71,.T.);
#1021=EDGE_CURVE('',#1337,#1338,#1512,.F.);
#1022=EDGE_CURVE('',#1338,#1339,#72,.F.);
#1023=EDGE_CURVE('',#1339,#1340,#73,.F.);
#1024=EDGE_CURVE('',#1340,#1341,#34,.T.);
#1025=EDGE_CURVE('',#1341,#1342,#1513,.F.);
#1026=EDGE_CURVE('',#1342,#1335,#74,.T.);
#1027=EDGE_CURVE('',#1343,#1344,#75,.T.);
#1028=EDGE_CURVE('',#1344,#1345,#1514,.T.);
#1029=EDGE_CURVE('',#1346,#1345,#76,.F.);
#1030=EDGE_CURVE('',#1346,#1347,#1515,.T.);
#1031=EDGE_CURVE('',#1348,#1347,#77,.F.);
#1032=EDGE_CURVE('',#1348,#1349,#78,.F.);
#1033=EDGE_CURVE('',#1349,#1350,#1516,.T.);
#1034=EDGE_CURVE('',#1350,#1351,#35,.T.);
#1035=EDGE_CURVE('',#1351,#1343,#79,.T.);
#1036=EDGE_CURVE('',#1352,#1352,#190,.T.);
#1037=EDGE_CURVE('',#1353,#1353,#191,.T.);
#1038=EDGE_CURVE('',#1354,#1354,#192,.T.);
#1039=EDGE_CURVE('',#1355,#1355,#193,.F.);
#1040=EDGE_CURVE('',#1356,#1356,#194,.T.);
#1041=EDGE_CURVE('',#1357,#1357,#195,.T.);
#1042=EDGE_CURVE('',#1358,#1358,#196,.T.);
#1043=EDGE_CURVE('',#1359,#1359,#197,.T.);
#1044=EDGE_CURVE('',#1360,#1360,#198,.T.);
#1045=EDGE_CURVE('',#1361,#1361,#199,.F.);
#1046=EDGE_CURVE('',#1362,#1362,#200,.T.);
#1047=EDGE_CURVE('',#1363,#1363,#201,.F.);
#1048=EDGE_CURVE('',#1364,#1365,#1517,.T.);
#1049=EDGE_CURVE('',#1365,#1366,#202,.T.);
#1050=EDGE_CURVE('',#1366,#1367,#1518,.T.);
#1051=EDGE_CURVE('',#1367,#1232,#203,.T.);
#1052=EDGE_CURVE('',#1364,#1241,#1519,.T.);
#1053=EDGE_CURVE('',#1239,#1368,#204,.F.);
#1054=EDGE_CURVE('',#1369,#1368,#1520,.T.);
#1055=EDGE_CURVE('',#1369,#1370,#205,.F.);
#1056=EDGE_CURVE('',#1371,#1370,#1521,.T.);
#1057=EDGE_CURVE('',#1371,#1240,#1522,.T.);
#1058=EDGE_CURVE('',#1256,#1372,#1523,.T.);
#1059=EDGE_CURVE('',#1372,#1373,#1524,.T.);
#1060=EDGE_CURVE('',#1373,#1257,#1525,.F.);
#1061=EDGE_CURVE('',#1329,#1243,#206,.T.);
#1062=EDGE_CURVE('',#1258,#1374,#1526,.T.);
#1063=EDGE_CURVE('',#1374,#1375,#1527,.T.);
#1064=EDGE_CURVE('',#1375,#1331,#1528,.F.);
#1065=EDGE_CURVE('',#1254,#1261,#207,.T.);
#1066=EDGE_CURVE('',#1271,#1376,#1529,.T.);
#1067=EDGE_CURVE('',#1376,#1377,#1530,.T.);
#1068=EDGE_CURVE('',#1377,#1255,#1531,.F.);
#1069=EDGE_CURVE('',#1333,#1378,#1532,.T.);
#1070=EDGE_CURVE('',#1332,#1379,#1533,.T.);
#1071=EDGE_CURVE('',#1379,#1378,#1534,.T.);
#1072=EDGE_CURVE('',#1378,#1241,#80,.F.);
#1073=EDGE_CURVE('',#1379,#1364,#36,.T.);
#1074=EDGE_CURVE('',#1366,#1380,#1535,.T.);
#1075=EDGE_CURVE('',#1380,#1381,#1536,.T.);
#1076=EDGE_CURVE('',#1381,#1367,#1537,.F.);
#1077=EDGE_CURVE('',#1364,#1382,#1538,.T.);
#1078=EDGE_CURVE('',#1382,#1383,#1539,.T.);
#1079=EDGE_CURVE('',#1383,#1365,#1540,.F.);
#1080=EDGE_CURVE('',#1368,#1384,#1541,.T.);
#1081=EDGE_CURVE('',#1384,#1385,#1542,.F.);
#1082=EDGE_CURVE('',#1385,#1369,#1543,.F.);
#1083=EDGE_CURVE('',#1386,#1387,#1544,.T.);
#1084=EDGE_CURVE('',#1387,#1240,#81,.T.);
#1085=EDGE_CURVE('',#1371,#1386,#37,.T.);
#1086=EDGE_CURVE('',#1244,#1387,#1545,.T.);
#1087=EDGE_CURVE('',#1386,#1245,#1546,.F.);
#1088=EDGE_CURVE('',#1370,#1388,#1547,.T.);
#1089=EDGE_CURVE('',#1388,#1389,#1548,.T.);
#1090=EDGE_CURVE('',#1389,#1371,#1549,.F.);
#1091=EDGE_CURVE('',#1390,#1390,#208,.T.);
#1092=EDGE_CURVE('',#1335,#1391,#38,.T.);
#1093=EDGE_CURVE('',#1391,#1392,#39,.T.);
#1094=EDGE_CURVE('',#1392,#1393,#40,.T.);
#1095=EDGE_CURVE('',#1393,#1334,#41,.T.);
#1096=EDGE_CURVE('',#1394,#1394,#209,.T.);
#1097=EDGE_CURVE('',#1336,#1337,#42,.T.);
#1098=EDGE_CURVE('',#1338,#1395,#43,.T.);
#1099=EDGE_CURVE('',#1395,#1396,#44,.T.);
#1100=EDGE_CURVE('',#1396,#1397,#45,.T.);
#1101=EDGE_CURVE('',#1397,#1339,#46,.T.);
#1102=EDGE_CURVE('',#1398,#1398,#210,.T.);
#1103=EDGE_CURVE('',#1399,#1399,#211,.T.);
#1104=EDGE_CURVE('',#1345,#1346,#47,.T.);
#1105=EDGE_CURVE('',#1400,#1400,#212,.T.);
#1106=EDGE_CURVE('',#1401,#1402,#48,.T.);
#1107=EDGE_CURVE('',#1402,#1344,#49,.T.);
#1108=EDGE_CURVE('',#1343,#1403,#50,.T.);
#1109=EDGE_CURVE('',#1403,#1401,#51,.T.);
#1110=EDGE_CURVE('',#1404,#1404,#213,.T.);
#1111=EDGE_CURVE('',#1405,#1406,#52,.T.);
#1112=EDGE_CURVE('',#1406,#1348,#53,.T.);
#1113=EDGE_CURVE('',#1347,#1407,#54,.T.);
#1114=EDGE_CURVE('',#1407,#1405,#55,.T.);
#1115=EDGE_CURVE('',#1326,#1288,#1550,.T.);
#1116=EDGE_CURVE('',#1287,#1327,#1551,.F.);
#1117=EDGE_CURVE('',#1280,#1323,#1552,.F.);
#1118=EDGE_CURVE('',#1322,#1279,#1553,.T.);
#1119=EDGE_CURVE('',#1324,#1282,#1554,.T.);
#1120=EDGE_CURVE('',#1289,#1282,#1555,.T.);
#1121=EDGE_CURVE('',#1289,#1325,#1556,.F.);
#1122=EDGE_CURVE('',#1299,#1311,#1557,.F.);
#1123=EDGE_CURVE('',#1312,#1300,#1558,.T.);
#1124=EDGE_CURVE('',#1298,#1314,#1559,.F.);
#1125=EDGE_CURVE('',#1313,#1297,#1560,.T.);
#1126=EDGE_CURVE('',#1315,#1304,#1561,.T.);
#1127=EDGE_CURVE('',#1303,#1316,#1562,.F.);
#1128=EDGE_CURVE('',#1317,#1302,#1563,.T.);
#1129=EDGE_CURVE('',#1301,#1318,#1564,.F.);
#1130=EDGE_CURVE('',#1248,#1408,#1565,.F.);
#1131=EDGE_CURVE('',#1408,#1409,#1566,.T.);
#1132=EDGE_CURVE('',#1409,#1249,#1567,.T.);
#1133=EDGE_CURVE('',#1410,#1411,#1568,.T.);
#1134=EDGE_CURVE('',#1410,#1251,#1569,.T.);
#1135=EDGE_CURVE('',#1250,#1411,#1570,.F.);
#1136=EDGE_CURVE('',#1273,#1410,#214,.F.);
#1137=EDGE_CURVE('',#1411,#1409,#215,.F.);
#1138=EDGE_CURVE('',#1408,#1412,#216,.T.);
#1139=EDGE_CURVE('',#1412,#1413,#1571,.T.);
#1140=EDGE_CURVE('',#1414,#1413,#217,.T.);
#1141=EDGE_CURVE('',#1414,#1274,#1572,.T.);
#1142=EDGE_CURVE('',#1265,#1415,#1573,.F.);
#1143=EDGE_CURVE('',#1416,#1415,#1574,.T.);
#1144=EDGE_CURVE('',#1416,#1266,#1575,.T.);
#1145=EDGE_CURVE('',#1263,#1417,#1576,.F.);
#1146=EDGE_CURVE('',#1417,#1418,#1577,.T.);
#1147=EDGE_CURVE('',#1418,#1264,#1578,.T.);
#1148=EDGE_CURVE('',#1277,#1419,#1579,.T.);
#1149=EDGE_CURVE('',#1419,#1420,#218,.T.);
#1150=EDGE_CURVE('',#1420,#1421,#1580,.T.);
#1151=EDGE_CURVE('',#1421,#1416,#219,.T.);
#1152=EDGE_CURVE('',#1415,#1418,#220,.F.);
#1153=EDGE_CURVE('',#1417,#1278,#221,.F.);
#1154=EDGE_CURVE('',#1422,#1422,#222,.T.);
#1155=EDGE_CURVE('',#1419,#1420,#56,.T.);
#1156=EDGE_CURVE('',#1423,#1423,#223,.T.);
#1157=EDGE_CURVE('',#1413,#1414,#57,.T.);
#1158=EDGE_CURVE('',#1389,#1424,#82,.T.);
#1159=EDGE_CURVE('',#1424,#1425,#83,.T.);
#1160=EDGE_CURVE('',#1291,#1425,#224,.T.);
#1161=EDGE_CURVE('',#1425,#1306,#225,.F.);
#1162=EDGE_CURVE('',#1291,#1305,#226,.F.);
#1163=EDGE_CURVE('',#1426,#1427,#1581,.F.);
#1164=EDGE_CURVE('',#1427,#1292,#227,.T.);
#1165=EDGE_CURVE('',#1426,#1310,#84,.T.);
#1166=EDGE_CURVE('',#1275,#1426,#58,.T.);
#1167=EDGE_CURVE('',#1428,#1309,#85,.T.);
#1168=EDGE_CURVE('',#1428,#1276,#59,.T.);
#1169=EDGE_CURVE('',#1281,#1429,#228,.F.);
#1170=EDGE_CURVE('',#1429,#1428,#1582,.F.);
#1171=EDGE_CURVE('',#1290,#1308,#229,.F.);
#1172=EDGE_CURVE('',#1307,#1430,#230,.T.);
#1173=EDGE_CURVE('',#1290,#1430,#231,.F.);
#1174=EDGE_CURVE('',#1430,#1431,#86,.T.);
#1175=EDGE_CURVE('',#1431,#1382,#87,.F.);
#1176=EDGE_CURVE('',#1383,#1380,#232,.T.);
#1177=EDGE_CURVE('',#1381,#1233,#233,.T.);
#1178=EDGE_CURVE('',#1238,#1384,#234,.F.);
#1179=EDGE_CURVE('',#1385,#1388,#235,.F.);
#1180=EDGE_CURVE('',#1432,#1412,#60,.F.);
#1181=EDGE_CURVE('',#1427,#1432,#61,.F.);
#1182=EDGE_CURVE('',#1432,#1292,#236,.T.);
#1183=EDGE_CURVE('',#1281,#1433,#237,.T.);
#1184=EDGE_CURVE('',#1433,#1421,#62,.F.);
#1185=EDGE_CURVE('',#1429,#1433,#63,.F.);
#1186=EDGE_CURVE('',#1321,#1376,#64,.F.);
#1187=EDGE_CURVE('',#1375,#1320,#238,.F.);
#1188=EDGE_CURVE('',#1377,#1372,#239,.F.);
#1189=EDGE_CURVE('',#1373,#1374,#240,.F.);
#1190=EDGE_CURVE('',#1375,#1296,#1583,.T.);
#1191=EDGE_CURVE('',#1293,#1374,#1584,.T.);
#1192=EDGE_CURVE('',#1320,#1296,#1585,.T.);
#1193=EDGE_CURVE('',#1293,#1373,#1586,.T.);
#1194=EDGE_CURVE('',#1321,#1295,#65,.F.);
#1195=EDGE_CURVE('',#1294,#1372,#1587,.T.);
#1196=EDGE_CURVE('',#1376,#1295,#66,.T.);
#1197=EDGE_CURVE('',#1294,#1377,#1588,.T.);
#1198=EDGE_CURVE('',#1330,#1242,#88,.T.);
#1199=EDGE_CURVE('',#1235,#1236,#67,.T.);
#1200=EDGE_CURVE('',#1434,#1435,#1589,.T.);
#1201=EDGE_CURVE('',#1435,#1436,#1590,.T.);
#1202=EDGE_CURVE('',#1436,#1437,#89,.T.);
#1203=EDGE_CURVE('',#1437,#1438,#1591,.F.);
#1204=EDGE_CURVE('',#1438,#1439,#90,.T.);
#1205=EDGE_CURVE('',#1439,#1434,#1592,.F.);
#1206=EDGE_CURVE('',#1234,#1435,#91,.T.);
#1207=EDGE_CURVE('',#1434,#1237,#92,.F.);
#1208=EDGE_CURVE('',#1436,#1431,#68,.T.);
#1209=EDGE_CURVE('',#1437,#1430,#241,.T.);
#1210=EDGE_CURVE('',#1437,#1307,#242,.T.);
#1211=EDGE_CURVE('',#1438,#1306,#243,.T.);
#1212=EDGE_CURVE('',#1424,#1439,#69,.T.);
#1213=EDGE_CURVE('',#1425,#1438,#244,.T.);
#1214=EDGE_CURVE('',#1397,#1382,#245,.T.);
#1215=EDGE_CURVE('',#1383,#1396,#246,.T.);
#1216=EDGE_CURVE('',#1380,#1395,#247,.T.);
#1217=EDGE_CURVE('',#1340,#1431,#248,.T.);
#1218=EDGE_CURVE('',#1381,#1393,#249,.T.);
#1219=EDGE_CURVE('',#1341,#1436,#250,.T.);
#1220=EDGE_CURVE('',#1233,#1392,#251,.T.);
#1221=EDGE_CURVE('',#1342,#1435,#252,.T.);
#1222=EDGE_CURVE('',#1234,#1391,#253,.T.);
#1223=EDGE_CURVE('',#1424,#1351,#254,.T.);
#1224=EDGE_CURVE('',#1403,#1389,#255,.T.);
#1225=EDGE_CURVE('',#1439,#1350,#256,.T.);
#1226=EDGE_CURVE('',#1401,#1388,#257,.T.);
#1227=EDGE_CURVE('',#1434,#1349,#258,.T.);
#1228=EDGE_CURVE('',#1402,#1385,#259,.T.);
#1229=EDGE_CURVE('',#1237,#1406,#260,.T.);
#1230=EDGE_CURVE('',#1407,#1384,#261,.T.);
#1231=EDGE_CURVE('',#1238,#1405,#262,.T.);
#1232=VERTEX_POINT('',#3205);
#1233=VERTEX_POINT('',#3206);
#1234=VERTEX_POINT('',#3208);
#1235=VERTEX_POINT('',#3210);
#1236=VERTEX_POINT('',#3212);
#1237=VERTEX_POINT('',#3214);
#1238=VERTEX_POINT('',#3216);
#1239=VERTEX_POINT('',#3218);
#1240=VERTEX_POINT('',#3220);
#1241=VERTEX_POINT('',#3222);
#1242=VERTEX_POINT('',#3226);
#1243=VERTEX_POINT('',#3227);
#1244=VERTEX_POINT('',#3229);
#1245=VERTEX_POINT('',#3231);
#1246=VERTEX_POINT('',#3233);
#1247=VERTEX_POINT('',#3235);
#1248=VERTEX_POINT('',#3237);
#1249=VERTEX_POINT('',#3239);
#1250=VERTEX_POINT('',#3241);
#1251=VERTEX_POINT('',#3243);
#1252=VERTEX_POINT('',#3245);
#1253=VERTEX_POINT('',#3247);
#1254=VERTEX_POINT('',#3249);
#1255=VERTEX_POINT('',#3251);
#1256=VERTEX_POINT('',#3253);
#1257=VERTEX_POINT('',#3255);
#1258=VERTEX_POINT('',#3257);
#1259=VERTEX_POINT('',#3260);
#1260=VERTEX_POINT('',#3263);
#1261=VERTEX_POINT('',#3264);
#1262=VERTEX_POINT('',#3266);
#1263=VERTEX_POINT('',#3268);
#1264=VERTEX_POINT('',#3270);
#1265=VERTEX_POINT('',#3272);
#1266=VERTEX_POINT('',#3274);
#1267=VERTEX_POINT('',#3276);
#1268=VERTEX_POINT('',#3278);
#1269=VERTEX_POINT('',#3280);
#1270=VERTEX_POINT('',#3282);
#1271=VERTEX_POINT('',#3284);
#1272=VERTEX_POINT('',#3287);
#1273=VERTEX_POINT('',#3291);
#1274=VERTEX_POINT('',#3293);
#1275=VERTEX_POINT('',#3295);
#1276=VERTEX_POINT('',#3297);
#1277=VERTEX_POINT('',#3299);
#1278=VERTEX_POINT('',#3301);
#1279=VERTEX_POINT('',#3305);
#1280=VERTEX_POINT('',#3306);
#1281=VERTEX_POINT('',#3309);
#1282=VERTEX_POINT('',#3311);
#1283=VERTEX_POINT('',#3315);
#1284=VERTEX_POINT('',#3318);
#1285=VERTEX_POINT('',#3321);
#1286=VERTEX_POINT('',#3322);
#1287=VERTEX_POINT('',#3324);
#1288=VERTEX_POINT('',#3326);
#1289=VERTEX_POINT('',#3328);
#1290=VERTEX_POINT('',#3330);
#1291=VERTEX_POINT('',#3334);
#1292=VERTEX_POINT('',#3335);
#1293=VERTEX_POINT('',#3340);
#1294=VERTEX_POINT('',#3341);
#1295=VERTEX_POINT('',#3343);
#1296=VERTEX_POINT('',#3345);
#1297=VERTEX_POINT('',#3348);
#1298=VERTEX_POINT('',#3349);
#1299=VERTEX_POINT('',#3351);
#1300=VERTEX_POINT('',#3353);
#1301=VERTEX_POINT('',#3355);
#1302=VERTEX_POINT('',#3357);
#1303=VERTEX_POINT('',#3359);
#1304=VERTEX_POINT('',#3361);
#1305=VERTEX_POINT('',#3365);
#1306=VERTEX_POINT('',#3366);
#1307=VERTEX_POINT('',#3368);
#1308=VERTEX_POINT('',#3370);
#1309=VERTEX_POINT('',#3372);
#1310=VERTEX_POINT('',#3374);
#1311=VERTEX_POINT('',#3377);
#1312=VERTEX_POINT('',#3378);
#1313=VERTEX_POINT('',#3380);
#1314=VERTEX_POINT('',#3382);
#1315=VERTEX_POINT('',#3384);
#1316=VERTEX_POINT('',#3386);
#1317=VERTEX_POINT('',#3388);
#1318=VERTEX_POINT('',#3390);
#1319=VERTEX_POINT('',#3394);
#1320=VERTEX_POINT('',#3395);
#1321=VERTEX_POINT('',#3397);
#1322=VERTEX_POINT('',#3400);
#1323=VERTEX_POINT('',#3402);
#1324=VERTEX_POINT('',#3404);
#1325=VERTEX_POINT('',#3406);
#1326=VERTEX_POINT('',#3408);
#1327=VERTEX_POINT('',#3410);
#1328=VERTEX_POINT('',#3412);
#1329=VERTEX_POINT('',#3416);
#1330=VERTEX_POINT('',#3417);
#1331=VERTEX_POINT('',#3419);
#1332=VERTEX_POINT('',#3423);
#1333=VERTEX_POINT('',#3425);
#1334=VERTEX_POINT('',#3429);
#1335=VERTEX_POINT('',#3430);
#1336=VERTEX_POINT('',#3432);
#1337=VERTEX_POINT('',#3434);
#1338=VERTEX_POINT('',#3436);
#1339=VERTEX_POINT('',#3438);
#1340=VERTEX_POINT('',#3440);
#1341=VERTEX_POINT('',#3452);
#1342=VERTEX_POINT('',#3454);
#1343=VERTEX_POINT('',#3458);
#1344=VERTEX_POINT('',#3459);
#1345=VERTEX_POINT('',#3461);
#1346=VERTEX_POINT('',#3463);
#1347=VERTEX_POINT('',#3465);
#1348=VERTEX_POINT('',#3467);
#1349=VERTEX_POINT('',#3469);
#1350=VERTEX_POINT('',#3471);
#1351=VERTEX_POINT('',#3483);
#1352=VERTEX_POINT('',#3487);
#1353=VERTEX_POINT('',#3489);
#1354=VERTEX_POINT('',#3492);
#1355=VERTEX_POINT('',#3494);
#1356=VERTEX_POINT('',#3497);
#1357=VERTEX_POINT('',#3499);
#1358=VERTEX_POINT('',#3502);
#1359=VERTEX_POINT('',#3504);
#1360=VERTEX_POINT('',#3507);
#1361=VERTEX_POINT('',#3509);
#1362=VERTEX_POINT('',#3512);
#1363=VERTEX_POINT('',#3514);
#1364=VERTEX_POINT('',#3517);
#1365=VERTEX_POINT('',#3518);
#1366=VERTEX_POINT('',#3520);
#1367=VERTEX_POINT('',#3522);
#1368=VERTEX_POINT('',#3527);
#1369=VERTEX_POINT('',#3529);
#1370=VERTEX_POINT('',#3531);
#1371=VERTEX_POINT('',#3533);
#1372=VERTEX_POINT('',#3537);
#1373=VERTEX_POINT('',#3539);
#1374=VERTEX_POINT('',#3544);
#1375=VERTEX_POINT('',#3546);
#1376=VERTEX_POINT('',#3551);
#1377=VERTEX_POINT('',#3553);
#1378=VERTEX_POINT('',#3557);
#1379=VERTEX_POINT('',#3559);
#1380=VERTEX_POINT('',#3576);
#1381=VERTEX_POINT('',#3578);
#1382=VERTEX_POINT('',#3582);
#1383=VERTEX_POINT('',#3584);
#1384=VERTEX_POINT('',#3588);
#1385=VERTEX_POINT('',#3590);
#1386=VERTEX_POINT('',#3594);
#1387=VERTEX_POINT('',#3595);
#1388=VERTEX_POINT('',#3613);
#1389=VERTEX_POINT('',#3615);
#1390=VERTEX_POINT('',#3619);
#1391=VERTEX_POINT('',#3626);
#1392=VERTEX_POINT('',#3638);
#1393=VERTEX_POINT('',#3643);
#1394=VERTEX_POINT('',#3650);
#1395=VERTEX_POINT('',#3662);
#1396=VERTEX_POINT('',#3667);
#1397=VERTEX_POINT('',#3677);
#1398=VERTEX_POINT('',#3686);
#1399=VERTEX_POINT('',#3690);
#1400=VERTEX_POINT('',#3699);
#1401=VERTEX_POINT('',#3704);
#1402=VERTEX_POINT('',#3705);
#1403=VERTEX_POINT('',#3717);
#1404=VERTEX_POINT('',#3730);
#1405=VERTEX_POINT('',#3742);
#1406=VERTEX_POINT('',#3743);
#1407=VERTEX_POINT('',#3753);
#1408=VERTEX_POINT('',#3783);
#1409=VERTEX_POINT('',#3785);
#1410=VERTEX_POINT('',#3789);
#1411=VERTEX_POINT('',#3790);
#1412=VERTEX_POINT('',#3797);
#1413=VERTEX_POINT('',#3799);
#1414=VERTEX_POINT('',#3801);
#1415=VERTEX_POINT('',#3805);
#1416=VERTEX_POINT('',#3807);
#1417=VERTEX_POINT('',#3811);
#1418=VERTEX_POINT('',#3813);
#1419=VERTEX_POINT('',#3817);
#1420=VERTEX_POINT('',#3819);
#1421=VERTEX_POINT('',#3821);
#1422=VERTEX_POINT('',#3827);
#1423=VERTEX_POINT('',#3838);
#1424=VERTEX_POINT('',#3849);
#1425=VERTEX_POINT('',#3851);
#1426=VERTEX_POINT('',#3858);
#1427=VERTEX_POINT('',#3859);
#1428=VERTEX_POINT('',#3868);
#1429=VERTEX_POINT('',#3875);
#1430=VERTEX_POINT('',#3880);
#1431=VERTEX_POINT('',#3884);
#1432=VERTEX_POINT('',#3900);
#1433=VERTEX_POINT('',#3912);
#1434=VERTEX_POINT('',#4009);
#1435=VERTEX_POINT('',#4010);
#1436=VERTEX_POINT('',#4012);
#1437=VERTEX_POINT('',#4014);
#1438=VERTEX_POINT('',#4016);
#1439=VERTEX_POINT('',#4018);
#1440=LINE('',#3204,#1593);
#1441=LINE('',#3207,#1594);
#1442=LINE('',#3209,#1595);
#1443=LINE('',#3213,#1596);
#1444=LINE('',#3215,#1597);
#1445=LINE('',#3217,#1598);
#1446=LINE('',#3219,#1599);
#1447=LINE('',#3221,#1600);
#1448=LINE('',#3223,#1601);
#1449=LINE('',#3225,#1602);
#1450=LINE('',#3228,#1603);
#1451=LINE('',#3230,#1604);
#1452=LINE('',#3234,#1605);
#1453=LINE('',#3238,#1606);
#1454=LINE('',#3242,#1607);
#1455=LINE('',#3246,#1608);
#1456=LINE('',#3248,#1609);
#1457=LINE('',#3250,#1610);
#1458=LINE('',#3254,#1611);
#1459=LINE('',#3258,#1612);
#1460=LINE('',#3262,#1613);
#1461=LINE('',#3265,#1614);
#1462=LINE('',#3269,#1615);
#1463=LINE('',#3273,#1616);
#1464=LINE('',#3277,#1617);
#1465=LINE('',#3279,#1618);
#1466=LINE('',#3281,#1619);
#1467=LINE('',#3285,#1620);
#1468=LINE('',#3290,#1621);
#1469=LINE('',#3292,#1622);
#1470=LINE('',#3296,#1623);
#1471=LINE('',#3300,#1624);
#1472=LINE('',#3302,#1625);
#1473=LINE('',#3304,#1626);
#1474=LINE('',#3308,#1627);
#1475=LINE('',#3310,#1628);
#1476=LINE('',#3320,#1629);
#1477=LINE('',#3325,#1630);
#1478=LINE('',#3329,#1631);
#1479=LINE('',#3331,#1632);
#1480=LINE('',#3333,#1633);
#1481=LINE('',#3336,#1634);
#1482=LINE('',#3337,#1635);
#1483=LINE('',#3339,#1636);
#1484=LINE('',#3342,#1637);
#1485=LINE('',#3344,#1638);
#1486=LINE('',#3346,#1639);
#1487=LINE('',#3347,#1640);
#1488=LINE('',#3352,#1641);
#1489=LINE('',#3356,#1642);
#1490=LINE('',#3360,#1643);
#1491=LINE('',#3367,#1644);
#1492=LINE('',#3371,#1645);
#1493=LINE('',#3373,#1646);
#1494=LINE('',#3375,#1647);
#1495=LINE('',#3376,#1648);
#1496=LINE('',#3381,#1649);
#1497=LINE('',#3385,#1650);
#1498=LINE('',#3389,#1651);
#1499=LINE('',#3393,#1652);
#1500=LINE('',#3396,#1653);
#1501=LINE('',#3398,#1654);
#1502=LINE('',#3401,#1655);
#1503=LINE('',#3405,#1656);
#1504=LINE('',#3409,#1657);
#1505=LINE('',#3413,#1658);
#1506=LINE('',#3415,#1659);
#1507=LINE('',#3418,#1660);
#1508=LINE('',#3421,#1661);
#1509=LINE('',#3424,#1662);
#1510=LINE('',#3426,#1663);
#1511=LINE('',#3431,#1664);
#1512=LINE('',#3435,#1665);
#1513=LINE('',#3453,#1666);
#1514=LINE('',#3460,#1667);
#1515=LINE('',#3464,#1668);
#1516=LINE('',#3470,#1669);
#1517=LINE('',#3516,#1670);
#1518=LINE('',#3521,#1671);
#1519=LINE('',#3524,#1672);
#1520=LINE('',#3528,#1673);
#1521=LINE('',#3532,#1674);
#1522=LINE('',#3534,#1675);
#1523=LINE('',#3536,#1676);
#1524=LINE('',#3538,#1677);
#1525=LINE('',#3540,#1678);
#1526=LINE('',#3543,#1679);
#1527=LINE('',#3545,#1680);
#1528=LINE('',#3547,#1681);
#1529=LINE('',#3550,#1682);
#1530=LINE('',#3552,#1683);
#1531=LINE('',#3554,#1684);
#1532=LINE('',#3556,#1685);
#1533=LINE('',#3558,#1686);
#1534=LINE('',#3560,#1687);
#1535=LINE('',#3575,#1688);
#1536=LINE('',#3577,#1689);
#1537=LINE('',#3579,#1690);
#1538=LINE('',#3581,#1691);
#1539=LINE('',#3583,#1692);
#1540=LINE('',#3585,#1693);
#1541=LINE('',#3587,#1694);
#1542=LINE('',#3589,#1695);
#1543=LINE('',#3591,#1696);
#1544=LINE('',#3593,#1697);
#1545=LINE('',#3609,#1698);
#1546=LINE('',#3610,#1699);
#1547=LINE('',#3612,#1700);
#1548=LINE('',#3614,#1701);
#1549=LINE('',#3616,#1702);
#1550=LINE('',#3760,#1703);
#1551=LINE('',#3761,#1704);
#1552=LINE('',#3763,#1705);
#1553=LINE('',#3764,#1706);
#1554=LINE('',#3766,#1707);
#1555=LINE('',#3767,#1708);
#1556=LINE('',#3768,#1709);
#1557=LINE('',#3770,#1710);
#1558=LINE('',#3771,#1711);
#1559=LINE('',#3773,#1712);
#1560=LINE('',#3774,#1713);
#1561=LINE('',#3776,#1714);
#1562=LINE('',#3777,#1715);
#1563=LINE('',#3779,#1716);
#1564=LINE('',#3780,#1717);
#1565=LINE('',#3782,#1718);
#1566=LINE('',#3784,#1719);
#1567=LINE('',#3786,#1720);
#1568=LINE('',#3788,#1721);
#1569=LINE('',#3791,#1722);
#1570=LINE('',#3792,#1723);
#1571=LINE('',#3798,#1724);
#1572=LINE('',#3802,#1725);
#1573=LINE('',#3804,#1726);
#1574=LINE('',#3806,#1727);
#1575=LINE('',#3808,#1728);
#1576=LINE('',#3810,#1729);
#1577=LINE('',#3812,#1730);
#1578=LINE('',#3814,#1731);
#1579=LINE('',#3816,#1732);
#1580=LINE('',#3820,#1733);
#1581=LINE('',#3857,#1734);
#1582=LINE('',#3876,#1735);
#1583=LINE('',#3948,#1736);
#1584=LINE('',#3949,#1737);
#1585=LINE('',#3951,#1738);
#1586=LINE('',#3953,#1739);
#1587=LINE('',#3960,#1740);
#1588=LINE('',#3990,#1741);
#1589=LINE('',#4008,#1742);
#1590=LINE('',#4011,#1743);
#1591=LINE('',#4015,#1744);
#1592=LINE('',#4019,#1745);
#1593=VECTOR('',#2537,1.);
#1594=VECTOR('',#2538,1.);
#1595=VECTOR('',#2539,1.);
#1596=VECTOR('',#2542,1.);
#1597=VECTOR('',#2543,1.);
#1598=VECTOR('',#2544,1.);
#1599=VECTOR('',#2545,1.);
#1600=VECTOR('',#2546,1.);
#1601=VECTOR('',#2547,1.);
#1602=VECTOR('',#2550,1.);
#1603=VECTOR('',#2551,1.);
#1604=VECTOR('',#2552,1.);
#1605=VECTOR('',#2555,1.);
#1606=VECTOR('',#2558,1.);
#1607=VECTOR('',#2561,1.);
#1608=VECTOR('',#2564,1.);
#1609=VECTOR('',#2565,1.);
#1610=VECTOR('',#2566,1.);
#1611=VECTOR('',#2569,1.);
#1612=VECTOR('',#2572,1.);
#1613=VECTOR('',#2577,1.);
#1614=VECTOR('',#2578,1.);
#1615=VECTOR('',#2581,1.);
#1616=VECTOR('',#2584,1.);
#1617=VECTOR('',#2587,1.);
#1618=VECTOR('',#2588,1.);
#1619=VECTOR('',#2589,1.);
#1620=VECTOR('',#2592,1.);
#1621=VECTOR('',#2599,1.);
#1622=VECTOR('',#2600,1.);
#1623=VECTOR('',#2603,1.);
#1624=VECTOR('',#2606,1.);
#1625=VECTOR('',#2607,1.);
#1626=VECTOR('',#2610,1.);
#1627=VECTOR('',#2613,1.);
#1628=VECTOR('',#2614,1.);
#1629=VECTOR('',#2627,1.);
#1630=VECTOR('',#2630,1.);
#1631=VECTOR('',#2633,1.);
#1632=VECTOR('',#2634,1.);
#1633=VECTOR('',#2637,1.);
#1634=VECTOR('',#2638,1.);
#1635=VECTOR('',#2639,1.);
#1636=VECTOR('',#2642,1.);
#1637=VECTOR('',#2643,1.);
#1638=VECTOR('',#2644,1.);
#1639=VECTOR('',#2645,1.);
#1640=VECTOR('',#2646,1.);
#1641=VECTOR('',#2649,1.);
#1642=VECTOR('',#2652,1.);
#1643=VECTOR('',#2655,1.);
#1644=VECTOR('',#2662,1.);
#1645=VECTOR('',#2665,1.);
#1646=VECTOR('',#2666,1.);
#1647=VECTOR('',#2667,1.);
#1648=VECTOR('',#2668,1.);
#1649=VECTOR('',#2671,1.);
#1650=VECTOR('',#2674,1.);
#1651=VECTOR('',#2677,1.);
#1652=VECTOR('',#2682,1.);
#1653=VECTOR('',#2683,1.);
#1654=VECTOR('',#2684,1.);
#1655=VECTOR('',#2687,1.);
#1656=VECTOR('',#2690,1.);
#1657=VECTOR('',#2693,1.);
#1658=VECTOR('',#2696,1.);
#1659=VECTOR('',#2699,1.);
#1660=VECTOR('',#2700,1.);
#1661=VECTOR('',#2703,1.);
#1662=VECTOR('',#2706,1.);
#1663=VECTOR('',#2707,1.);
#1664=VECTOR('',#2712,1.);
#1665=VECTOR('',#2715,1.);
#1666=VECTOR('',#2720,1.);
#1667=VECTOR('',#2727,1.);
#1668=VECTOR('',#2730,1.);
#1669=VECTOR('',#2735,1.);
#1670=VECTOR('',#2776,1.);
#1671=VECTOR('',#2779,1.);
#1672=VECTOR('',#2782,1.);
#1673=VECTOR('',#2787,1.);
#1674=VECTOR('',#2790,1.);
#1675=VECTOR('',#2791,1.);
#1676=VECTOR('',#2794,1.);
#1677=VECTOR('',#2795,1.);
#1678=VECTOR('',#2796,1.);
#1679=VECTOR('',#2801,1.);
#1680=VECTOR('',#2802,1.);
#1681=VECTOR('',#2803,1.);
#1682=VECTOR('',#2808,1.);
#1683=VECTOR('',#2809,1.);
#1684=VECTOR('',#2810,1.);
#1685=VECTOR('',#2813,1.);
#1686=VECTOR('',#2814,1.);
#1687=VECTOR('',#2815,1.);
#1688=VECTOR('',#2822,1.);
#1689=VECTOR('',#2823,1.);
#1690=VECTOR('',#2824,1.);
#1691=VECTOR('',#2827,1.);
#1692=VECTOR('',#2828,1.);
#1693=VECTOR('',#2829,1.);
#1694=VECTOR('',#2832,1.);
#1695=VECTOR('',#2833,1.);
#1696=VECTOR('',#2834,1.);
#1697=VECTOR('',#2837,1.);
#1698=VECTOR('',#2842,1.);
#1699=VECTOR('',#2843,1.);
#1700=VECTOR('',#2846,1.);
#1701=VECTOR('',#2847,1.);
#1702=VECTOR('',#2848,1.);
#1703=VECTOR('',#2887,1.);
#1704=VECTOR('',#2888,1.);
#1705=VECTOR('',#2891,1.);
#1706=VECTOR('',#2892,1.);
#1707=VECTOR('',#2895,1.);
#1708=VECTOR('',#2896,1.);
#1709=VECTOR('',#2897,1.);
#1710=VECTOR('',#2900,1.);
#1711=VECTOR('',#2901,1.);
#1712=VECTOR('',#2904,1.);
#1713=VECTOR('',#2905,1.);
#1714=VECTOR('',#2908,1.);
#1715=VECTOR('',#2909,1.);
#1716=VECTOR('',#2912,1.);
#1717=VECTOR('',#2913,1.);
#1718=VECTOR('',#2916,1.);
#1719=VECTOR('',#2917,1.);
#1720=VECTOR('',#2918,1.);
#1721=VECTOR('',#2921,1.);
#1722=VECTOR('',#2922,1.);
#1723=VECTOR('',#2923,1.);
#1724=VECTOR('',#2932,1.);
#1725=VECTOR('',#2935,1.);
#1726=VECTOR('',#2938,1.);
#1727=VECTOR('',#2939,1.);
#1728=VECTOR('',#2940,1.);
#1729=VECTOR('',#2943,1.);
#1730=VECTOR('',#2944,1.);
#1731=VECTOR('',#2945,1.);
#1732=VECTOR('',#2948,1.);
#1733=VECTOR('',#2951,1.);
#1734=VECTOR('',#2986,1.);
#1735=VECTOR('',#2999,1.);
#1736=VECTOR('',#3086,1.);
#1737=VECTOR('',#3087,1.);
#1738=VECTOR('',#3090,1.);
#1739=VECTOR('',#3093,1.);
#1740=VECTOR('',#3098,1.);
#1741=VECTOR('',#3101,1.);
#1742=VECTOR('',#3114,1.);
#1743=VECTOR('',#3115,1.);
#1744=VECTOR('',#3118,1.);
#1745=VECTOR('',#3121,1.);
#1746=EDGE_LOOP('',(#263,#264,#265,#266,#267,#268,#269,#270,#271,#272));
#1747=EDGE_LOOP('',(#273,#274,#275,#276,#277,#278,#279,#280,#281,#282,#283,
#284,#285,#286,#287,#288,#289));
#1748=EDGE_LOOP('',(#290));
#1749=EDGE_LOOP('',(#291,#292,#293,#294,#295,#296,#297,#298,#299,#300,#301,
#302));
#1750=EDGE_LOOP('',(#303));
#1751=EDGE_LOOP('',(#304,#305,#306,#307,#308,#309,#310,#311,#312,#313));
#1752=EDGE_LOOP('',(#314,#315,#316,#317,#318,#319));
#1753=EDGE_LOOP('',(#320));
#1754=EDGE_LOOP('',(#321));
#1755=EDGE_LOOP('',(#322));
#1756=EDGE_LOOP('',(#323));
#1757=EDGE_LOOP('',(#324,#325,#326,#327,#328,#329));
#1758=EDGE_LOOP('',(#330,#331,#332,#333));
#1759=EDGE_LOOP('',(#334,#335,#336,#337));
#1760=EDGE_LOOP('',(#338,#339,#340,#341,#342,#343,#344,#345));
#1761=EDGE_LOOP('',(#346,#347,#348,#349,#350,#351));
#1762=EDGE_LOOP('',(#352,#353,#354,#355,#356,#357,#358,#359));
#1763=EDGE_LOOP('',(#360,#361,#362,#363,#364,#365,#366,#367,#368,#369,#370,
#371));
#1764=EDGE_LOOP('',(#372,#373,#374,#375,#376,#377,#378,#379,#380));
#1765=EDGE_LOOP('',(#381,#382,#383,#384,#385,#386,#387,#388,#389));
#1766=EDGE_LOOP('',(#390,#391,#392,#393,#394,#395,#396,#397,#398));
#1767=EDGE_LOOP('',(#399));
#1768=EDGE_LOOP('',(#400));
#1769=EDGE_LOOP('',(#401));
#1770=EDGE_LOOP('',(#402));
#1771=EDGE_LOOP('',(#403));
#1772=EDGE_LOOP('',(#404));
#1773=EDGE_LOOP('',(#405));
#1774=EDGE_LOOP('',(#406));
#1775=EDGE_LOOP('',(#407));
#1776=EDGE_LOOP('',(#408));
#1777=EDGE_LOOP('',(#409));
#1778=EDGE_LOOP('',(#410));
#1779=EDGE_LOOP('',(#411));
#1780=EDGE_LOOP('',(#412,#413,#414,#415,#416,#417));
#1781=EDGE_LOOP('',(#418));
#1782=EDGE_LOOP('',(#419));
#1783=EDGE_LOOP('',(#420));
#1784=EDGE_LOOP('',(#421,#422,#423,#424,#425,#426));
#1785=EDGE_LOOP('',(#427));
#1786=EDGE_LOOP('',(#428));
#1787=EDGE_LOOP('',(#429,#430,#431,#432));
#1788=EDGE_LOOP('',(#433,#434,#435,#436,#437,#438));
#1789=EDGE_LOOP('',(#439,#440,#441,#442,#443,#444));
#1790=EDGE_LOOP('',(#445,#446,#447,#448));
#1791=EDGE_LOOP('',(#449,#450,#451,#452));
#1792=EDGE_LOOP('',(#453,#454,#455,#456));
#1793=EDGE_LOOP('',(#457,#458,#459,#460));
#1794=EDGE_LOOP('',(#461,#462,#463,#464));
#1795=EDGE_LOOP('',(#465,#466,#467,#468));
#1796=EDGE_LOOP('',(#469,#470,#471,#472));
#1797=EDGE_LOOP('',(#473,#474,#475,#476));
#1798=EDGE_LOOP('',(#477));
#1799=EDGE_LOOP('',(#478));
#1800=EDGE_LOOP('',(#479,#480,#481,#482,#483));
#1801=EDGE_LOOP('',(#484));
#1802=EDGE_LOOP('',(#485));
#1803=EDGE_LOOP('',(#486));
#1804=EDGE_LOOP('',(#487,#488));
#1805=EDGE_LOOP('',(#489));
#1806=EDGE_LOOP('',(#490,#491,#492,#493,#494));
#1807=EDGE_LOOP('',(#495));
#1808=EDGE_LOOP('',(#496));
#1809=EDGE_LOOP('',(#497));
#1810=EDGE_LOOP('',(#498));
#1811=EDGE_LOOP('',(#499,#500));
#1812=EDGE_LOOP('',(#501));
#1813=EDGE_LOOP('',(#502));
#1814=EDGE_LOOP('',(#503));
#1815=EDGE_LOOP('',(#504,#505,#506,#507,#508));
#1816=EDGE_LOOP('',(#509));
#1817=EDGE_LOOP('',(#510));
#1818=EDGE_LOOP('',(#511));
#1819=EDGE_LOOP('',(#512,#513,#514,#515,#516));
#1820=EDGE_LOOP('',(#517));
#1821=EDGE_LOOP('',(#518));
#1822=EDGE_LOOP('',(#519,#520,#521,#522));
#1823=EDGE_LOOP('',(#523,#524,#525,#526));
#1824=EDGE_LOOP('',(#527,#528,#529,#530));
#1825=EDGE_LOOP('',(#531,#532,#533,#534));
#1826=EDGE_LOOP('',(#535,#536,#537,#538));
#1827=EDGE_LOOP('',(#539,#540,#541,#542));
#1828=EDGE_LOOP('',(#543,#544,#545,#546));
#1829=EDGE_LOOP('',(#547,#548,#549,#550));
#1830=EDGE_LOOP('',(#551,#552,#553,#554));
#1831=EDGE_LOOP('',(#555,#556,#557,#558,#559,#560,#561,#562,#563));
#1832=EDGE_LOOP('',(#564,#565,#566,#567));
#1833=EDGE_LOOP('',(#568,#569,#570,#571));
#1834=EDGE_LOOP('',(#572,#573,#574,#575,#576,#577,#578,#579,#580));
#1835=EDGE_LOOP('',(#581));
#1836=EDGE_LOOP('',(#582,#583));
#1837=EDGE_LOOP('',(#584));
#1838=EDGE_LOOP('',(#585));
#1839=EDGE_LOOP('',(#586));
#1840=EDGE_LOOP('',(#587));
#1841=EDGE_LOOP('',(#588));
#1842=EDGE_LOOP('',(#589,#590));
#1843=EDGE_LOOP('',(#591,#592,#593,#594,#595,#596,#597,#598));
#1844=EDGE_LOOP('',(#599,#600,#601,#602));
#1845=EDGE_LOOP('',(#603,#604,#605,#606,#607,#608));
#1846=EDGE_LOOP('',(#609,#610,#611,#612,#613,#614));
#1847=EDGE_LOOP('',(#615,#616,#617,#618,#619,#620,#621,#622));
#1848=EDGE_LOOP('',(#623,#624,#625,#626));
#1849=EDGE_LOOP('',(#627,#628,#629,#630,#631,#632,#633,#634));
#1850=EDGE_LOOP('',(#635,#636,#637,#638));
#1851=EDGE_LOOP('',(#639,#640,#641,#642));
#1852=EDGE_LOOP('',(#643,#644,#645,#646));
#1853=EDGE_LOOP('',(#647,#648,#649,#650));
#1854=EDGE_LOOP('',(#651,#652,#653,#654,#655,#656,#657,#658));
#1855=EDGE_LOOP('',(#659,#660,#661,#662,#663,#664));
#1856=EDGE_LOOP('',(#665,#666,#667));
#1857=EDGE_LOOP('',(#668,#669,#670,#671));
#1858=EDGE_LOOP('',(#672,#673,#674,#675));
#1859=EDGE_LOOP('',(#676,#677,#678,#679,#680,#681));
#1860=EDGE_LOOP('',(#682,#683,#684));
#1861=EDGE_LOOP('',(#685,#686,#687,#688,#689,#690,#691,#692));
#1862=EDGE_LOOP('',(#693,#694,#695,#696));
#1863=EDGE_LOOP('',(#697,#698,#699,#700));
#1864=EDGE_LOOP('',(#701,#702,#703,#704));
#1865=EDGE_LOOP('',(#705,#706,#707,#708));
#1866=EDGE_LOOP('',(#709,#710,#711,#712));
#1867=EDGE_LOOP('',(#713,#714,#715,#716));
#1868=EDGE_LOOP('',(#717,#718,#719,#720));
#1869=EDGE_LOOP('',(#721,#722,#723,#724));
#1870=EDGE_LOOP('',(#725,#726,#727,#728));
#1871=EDGE_LOOP('',(#729,#730,#731,#732));
#1872=EDGE_LOOP('',(#733,#734,#735,#736));
#1873=EDGE_LOOP('',(#737,#738,#739,#740));
#1874=EDGE_LOOP('',(#741,#742,#743,#744));
#1875=EDGE_LOOP('',(#745,#746,#747,#748));
#1876=EDGE_LOOP('',(#749,#750,#751,#752));
#1877=EDGE_LOOP('',(#753,#754,#755));
#1878=EDGE_LOOP('',(#756,#757,#758));
#1879=EDGE_LOOP('',(#759,#760,#761,#762));
#1880=EDGE_LOOP('',(#763,#764,#765,#766));
#1881=EDGE_LOOP('',(#767,#768,#769));
#1882=EDGE_LOOP('',(#770,#771,#772));
#1883=EDGE_LOOP('',(#773,#774,#775,#776));
#1884=EDGE_LOOP('',(#777,#778,#779,#780,#781,#782,#783,#784));
#1885=EDGE_LOOP('',(#785,#786,#787,#788));
#1886=EDGE_LOOP('',(#789,#790));
#1887=EDGE_LOOP('',(#791,#792,#793,#794));
#1888=EDGE_LOOP('',(#795,#796,#797,#798,#799,#800));
#1889=EDGE_LOOP('',(#801,#802,#803,#804,#805,#806));
#1890=EDGE_LOOP('',(#807,#808,#809,#810));
#1891=EDGE_LOOP('',(#811,#812,#813));
#1892=EDGE_LOOP('',(#814,#815,#816,#817));
#1893=EDGE_LOOP('',(#818,#819,#820,#821));
#1894=EDGE_LOOP('',(#822,#823,#824));
#1895=EDGE_LOOP('',(#825,#826,#827,#828));
#1896=EDGE_LOOP('',(#829,#830,#831,#832));
#1897=EDGE_LOOP('',(#833,#834,#835,#836,#837));
#1898=EDGE_LOOP('',(#838,#839,#840,#841,#842,#843,#844,#845));
#1899=EDGE_LOOP('',(#846,#847,#848,#849));
#1900=EDGE_LOOP('',(#850,#851,#852,#853));
#1901=EDGE_LOOP('',(#854,#855,#856,#857));
#1902=EDGE_LOOP('',(#858,#859,#860,#861));
#1903=EDGE_LOOP('',(#862,#863,#864,#865,#866));
#1904=EDGE_LOOP('',(#867,#868,#869,#870,#871));
#1905=EDGE_LOOP('',(#872,#873,#874,#875));
#1906=EDGE_LOOP('',(#876,#877,#878,#879));
#1907=EDGE_LOOP('',(#880,#881,#882,#883));
#1908=EDGE_LOOP('',(#884,#885,#886,#887));
#1909=EDGE_LOOP('',(#888,#889,#890,#891,#892));
#1910=EDGE_LOOP('',(#893,#894,#895,#896,#897,#898,#899,#900));
#1911=EDGE_LOOP('',(#901,#902,#903,#904));
#1912=EDGE_LOOP('',(#905,#906,#907,#908));
#1913=FACE_BOUND('',#1746,.T.);
#1914=FACE_BOUND('',#1747,.T.);
#1915=FACE_BOUND('',#1748,.T.);
#1916=FACE_BOUND('',#1749,.T.);
#1917=FACE_BOUND('',#1750,.T.);
#1918=FACE_BOUND('',#1751,.T.);
#1919=FACE_BOUND('',#1752,.T.);
#1920=FACE_BOUND('',#1753,.T.);
#1921=FACE_BOUND('',#1754,.T.);
#1922=FACE_BOUND('',#1755,.T.);
#1923=FACE_BOUND('',#1756,.T.);
#1924=FACE_BOUND('',#1757,.T.);
#1925=FACE_BOUND('',#1758,.T.);
#1926=FACE_BOUND('',#1759,.T.);
#1927=FACE_BOUND('',#1760,.T.);
#1928=FACE_BOUND('',#1761,.T.);
#1929=FACE_BOUND('',#1762,.T.);
#1930=FACE_BOUND('',#1763,.T.);
#1931=FACE_BOUND('',#1764,.T.);
#1932=FACE_BOUND('',#1765,.T.);
#1933=FACE_BOUND('',#1766,.T.);
#1934=FACE_BOUND('',#1767,.T.);
#1935=FACE_BOUND('',#1768,.T.);
#1936=FACE_BOUND('',#1769,.T.);
#1937=FACE_BOUND('',#1770,.T.);
#1938=FACE_BOUND('',#1771,.T.);
#1939=FACE_BOUND('',#1772,.T.);
#1940=FACE_BOUND('',#1773,.T.);
#1941=FACE_BOUND('',#1774,.T.);
#1942=FACE_BOUND('',#1775,.T.);
#1943=FACE_BOUND('',#1776,.T.);
#1944=FACE_BOUND('',#1777,.T.);
#1945=FACE_BOUND('',#1778,.T.);
#1946=FACE_BOUND('',#1779,.T.);
#1947=FACE_BOUND('',#1780,.T.);
#1948=FACE_BOUND('',#1781,.T.);
#1949=FACE_BOUND('',#1782,.T.);
#1950=FACE_BOUND('',#1783,.T.);
#1951=FACE_BOUND('',#1784,.T.);
#1952=FACE_BOUND('',#1785,.T.);
#1953=FACE_BOUND('',#1786,.T.);
#1954=FACE_BOUND('',#1787,.T.);
#1955=FACE_BOUND('',#1788,.T.);
#1956=FACE_BOUND('',#1789,.T.);
#1957=FACE_BOUND('',#1790,.T.);
#1958=FACE_BOUND('',#1791,.T.);
#1959=FACE_BOUND('',#1792,.T.);
#1960=FACE_BOUND('',#1793,.T.);
#1961=FACE_BOUND('',#1794,.T.);
#1962=FACE_BOUND('',#1795,.T.);
#1963=FACE_BOUND('',#1796,.T.);
#1964=FACE_BOUND('',#1797,.T.);
#1965=FACE_BOUND('',#1798,.T.);
#1966=FACE_BOUND('',#1799,.T.);
#1967=FACE_BOUND('',#1800,.T.);
#1968=FACE_BOUND('',#1801,.T.);
#1969=FACE_BOUND('',#1802,.T.);
#1970=FACE_BOUND('',#1803,.T.);
#1971=FACE_BOUND('',#1804,.T.);
#1972=FACE_BOUND('',#1805,.T.);
#1973=FACE_BOUND('',#1806,.T.);
#1974=FACE_BOUND('',#1807,.T.);
#1975=FACE_BOUND('',#1808,.T.);
#1976=FACE_BOUND('',#1809,.T.);
#1977=FACE_BOUND('',#1810,.T.);
#1978=FACE_BOUND('',#1811,.T.);
#1979=FACE_BOUND('',#1812,.T.);
#1980=FACE_BOUND('',#1813,.T.);
#1981=FACE_BOUND('',#1814,.T.);
#1982=FACE_BOUND('',#1815,.T.);
#1983=FACE_BOUND('',#1816,.T.);
#1984=FACE_BOUND('',#1817,.T.);
#1985=FACE_BOUND('',#1818,.T.);
#1986=FACE_BOUND('',#1819,.T.);
#1987=FACE_BOUND('',#1820,.T.);
#1988=FACE_BOUND('',#1821,.T.);
#1989=FACE_BOUND('',#1822,.T.);
#1990=FACE_BOUND('',#1823,.T.);
#1991=FACE_BOUND('',#1824,.T.);
#1992=FACE_BOUND('',#1825,.T.);
#1993=FACE_BOUND('',#1826,.T.);
#1994=FACE_BOUND('',#1827,.T.);
#1995=FACE_BOUND('',#1828,.T.);
#1996=FACE_BOUND('',#1829,.T.);
#1997=FACE_BOUND('',#1830,.T.);
#1998=FACE_BOUND('',#1831,.T.);
#1999=FACE_BOUND('',#1832,.T.);
#2000=FACE_BOUND('',#1833,.T.);
#2001=FACE_BOUND('',#1834,.T.);
#2002=FACE_BOUND('',#1835,.T.);
#2003=FACE_BOUND('',#1836,.T.);
#2004=FACE_BOUND('',#1837,.T.);
#2005=FACE_BOUND('',#1838,.T.);
#2006=FACE_BOUND('',#1839,.T.);
#2007=FACE_BOUND('',#1840,.T.);
#2008=FACE_BOUND('',#1841,.T.);
#2009=FACE_BOUND('',#1842,.T.);
#2010=FACE_BOUND('',#1843,.T.);
#2011=FACE_BOUND('',#1844,.T.);
#2012=FACE_BOUND('',#1845,.T.);
#2013=FACE_BOUND('',#1846,.T.);
#2014=FACE_BOUND('',#1847,.T.);
#2015=FACE_BOUND('',#1848,.T.);
#2016=FACE_BOUND('',#1849,.T.);
#2017=FACE_BOUND('',#1850,.T.);
#2018=FACE_BOUND('',#1851,.T.);
#2019=FACE_BOUND('',#1852,.T.);
#2020=FACE_BOUND('',#1853,.T.);
#2021=FACE_BOUND('',#1854,.T.);
#2022=FACE_BOUND('',#1855,.T.);
#2023=FACE_BOUND('',#1856,.T.);
#2024=FACE_BOUND('',#1857,.T.);
#2025=FACE_BOUND('',#1858,.T.);
#2026=FACE_BOUND('',#1859,.T.);
#2027=FACE_BOUND('',#1860,.T.);
#2028=FACE_BOUND('',#1861,.T.);
#2029=FACE_BOUND('',#1862,.T.);
#2030=FACE_BOUND('',#1863,.T.);
#2031=FACE_BOUND('',#1864,.T.);
#2032=FACE_BOUND('',#1865,.T.);
#2033=FACE_BOUND('',#1866,.T.);
#2034=FACE_BOUND('',#1867,.T.);
#2035=FACE_BOUND('',#1868,.T.);
#2036=FACE_BOUND('',#1869,.T.);
#2037=FACE_BOUND('',#1870,.T.);
#2038=FACE_BOUND('',#1871,.T.);
#2039=FACE_BOUND('',#1872,.T.);
#2040=FACE_BOUND('',#1873,.T.);
#2041=FACE_BOUND('',#1874,.T.);
#2042=FACE_BOUND('',#1875,.T.);
#2043=FACE_BOUND('',#1876,.T.);
#2044=FACE_BOUND('',#1877,.T.);
#2045=FACE_BOUND('',#1878,.T.);
#2046=FACE_BOUND('',#1879,.T.);
#2047=FACE_BOUND('',#1880,.T.);
#2048=FACE_BOUND('',#1881,.T.);
#2049=FACE_BOUND('',#1882,.T.);
#2050=FACE_BOUND('',#1883,.T.);
#2051=FACE_BOUND('',#1884,.T.);
#2052=FACE_BOUND('',#1885,.T.);
#2053=FACE_BOUND('',#1886,.T.);
#2054=FACE_BOUND('',#1887,.T.);
#2055=FACE_BOUND('',#1888,.T.);
#2056=FACE_BOUND('',#1889,.T.);
#2057=FACE_BOUND('',#1890,.T.);
#2058=FACE_BOUND('',#1891,.T.);
#2059=FACE_BOUND('',#1892,.T.);
#2060=FACE_BOUND('',#1893,.T.);
#2061=FACE_BOUND('',#1894,.T.);
#2062=FACE_BOUND('',#1895,.T.);
#2063=FACE_BOUND('',#1896,.T.);
#2064=FACE_BOUND('',#1897,.T.);
#2065=FACE_BOUND('',#1898,.T.);
#2066=FACE_BOUND('',#1899,.T.);
#2067=FACE_BOUND('',#1900,.T.);
#2068=FACE_BOUND('',#1901,.T.);
#2069=FACE_BOUND('',#1902,.T.);
#2070=FACE_BOUND('',#1903,.T.);
#2071=FACE_BOUND('',#1904,.T.);
#2072=FACE_BOUND('',#1905,.T.);
#2073=FACE_BOUND('',#1906,.T.);
#2074=FACE_BOUND('',#1907,.T.);
#2075=FACE_BOUND('',#1908,.T.);
#2076=FACE_BOUND('',#1909,.T.);
#2077=FACE_BOUND('',#1910,.T.);
#2078=FACE_BOUND('',#1911,.T.);
#2079=FACE_BOUND('',#1912,.T.);
#2080=PLANE('',#2276);
#2081=PLANE('',#2278);
#2082=PLANE('',#2286);
#2083=PLANE('',#2292);
#2084=PLANE('',#2296);
#2085=PLANE('',#2303);
#2086=PLANE('',#2306);
#2087=PLANE('',#2307);
#2088=PLANE('',#2312);
#2089=PLANE('',#2319);
#2090=PLANE('',#2324);
#2091=PLANE('',#2327);
#2092=PLANE('',#2333);
#2093=PLANE('',#2357);
#2094=PLANE('',#2360);
#2095=PLANE('',#2363);
#2096=PLANE('',#2364);
#2097=PLANE('',#2366);
#2098=PLANE('',#2368);
#2099=PLANE('',#2371);
#2100=PLANE('',#2372);
#2101=PLANE('',#2373);
#2102=PLANE('',#2376);
#2103=PLANE('',#2377);
#2104=PLANE('',#2378);
#2105=PLANE('',#2381);
#2106=PLANE('',#2386);
#2107=PLANE('',#2389);
#2108=PLANE('',#2392);
#2109=PLANE('',#2395);
#2110=PLANE('',#2396);
#2111=PLANE('',#2397);
#2112=PLANE('',#2398);
#2113=PLANE('',#2399);
#2114=PLANE('',#2400);
#2115=PLANE('',#2401);
#2116=PLANE('',#2402);
#2117=PLANE('',#2403);
#2118=PLANE('',#2404);
#2119=PLANE('',#2405);
#2120=PLANE('',#2410);
#2121=PLANE('',#2411);
#2122=PLANE('',#2412);
#2123=PLANE('',#2419);
#2124=PLANE('',#2420);
#2125=PLANE('',#2479);
#2126=PLANE('',#2482);
#2127=PLANE('',#2483);
#2128=PLANE('',#2485);
#2129=PLANE('',#2486);
#2130=PLANE('',#2490);
#2131=ADVANCED_FACE('',(#1913),#2080,.F.);
#2132=ADVANCED_FACE('',(#1914,#1915),#2081,.T.);
#2133=ADVANCED_FACE('',(#1916,#1917),#2082,.T.);
#2134=ADVANCED_FACE('',(#1918),#2083,.F.);
#2135=ADVANCED_FACE('',(#1919),#2084,.F.);
#2136=ADVANCED_FACE('',(#1920,#1921),#93,.F.);
#2137=ADVANCED_FACE('',(#1922,#1923),#94,.F.);
#2138=ADVANCED_FACE('',(#1924),#2085,.F.);
#2139=ADVANCED_FACE('',(#1925),#2086,.F.);
#2140=ADVANCED_FACE('',(#1926,#1927),#2087,.T.);
#2141=ADVANCED_FACE('',(#1928,#1929),#2088,.F.);
#2142=ADVANCED_FACE('',(#1930),#2089,.T.);
#2143=ADVANCED_FACE('',(#1931),#2090,.T.);
#2144=ADVANCED_FACE('',(#1932),#2091,.T.);
#2145=ADVANCED_FACE('',(#1933),#2092,.F.);
#2146=ADVANCED_FACE('',(#1934,#1935),#95,.F.);
#2147=ADVANCED_FACE('',(#1936,#1937),#96,.F.);
#2148=ADVANCED_FACE('',(#1938,#1939),#97,.F.);
#2149=ADVANCED_FACE('',(#1940,#1941),#98,.F.);
#2150=ADVANCED_FACE('',(#1942,#1943),#99,.F.);
#2151=ADVANCED_FACE('',(#1944,#1945),#100,.F.);
#2152=ADVANCED_FACE('',(#1946,#1947,#1948,#1949),#2093,.T.);
#2153=ADVANCED_FACE('',(#1950,#1951,#1952,#1953),#2094,.F.);
#2154=ADVANCED_FACE('',(#1954),#2095,.F.);
#2155=ADVANCED_FACE('',(#1955),#2096,.F.);
#2156=ADVANCED_FACE('',(#1956),#2097,.F.);
#2157=ADVANCED_FACE('',(#1957),#2098,.T.);
#2158=ADVANCED_FACE('',(#1958),#101,.T.);
#2159=ADVANCED_FACE('',(#1959),#2099,.T.);
#2160=ADVANCED_FACE('',(#1960),#2100,.F.);
#2161=ADVANCED_FACE('',(#1961),#2101,.F.);
#2162=ADVANCED_FACE('',(#1962),#102,.T.);
#2163=ADVANCED_FACE('',(#1963),#2102,.F.);
#2164=ADVANCED_FACE('',(#1964),#2103,.F.);
#2165=ADVANCED_FACE('',(#1965,#1966),#2104,.T.);
#2166=ADVANCED_FACE('',(#1967,#1968),#103,.F.);
#2167=ADVANCED_FACE('',(#1969,#1970),#2105,.T.);
#2168=ADVANCED_FACE('',(#1971,#1972),#104,.F.);
#2169=ADVANCED_FACE('',(#1973,#1974),#105,.F.);
#2170=ADVANCED_FACE('',(#1975,#1976),#2106,.T.);
#2171=ADVANCED_FACE('',(#1977,#1978),#106,.F.);
#2172=ADVANCED_FACE('',(#1979,#1980),#2107,.T.);
#2173=ADVANCED_FACE('',(#1981,#1982),#107,.F.);
#2174=ADVANCED_FACE('',(#1983,#1984),#2108,.T.);
#2175=ADVANCED_FACE('',(#1985,#1986),#108,.F.);
#2176=ADVANCED_FACE('',(#1987,#1988),#2109,.T.);
#2177=ADVANCED_FACE('',(#1989),#2110,.T.);
#2178=ADVANCED_FACE('',(#1990),#2111,.F.);
#2179=ADVANCED_FACE('',(#1991),#2112,.T.);
#2180=ADVANCED_FACE('',(#1992),#2113,.T.);
#2181=ADVANCED_FACE('',(#1993),#2114,.F.);
#2182=ADVANCED_FACE('',(#1994),#2115,.F.);
#2183=ADVANCED_FACE('',(#1995),#2116,.T.);
#2184=ADVANCED_FACE('',(#1996),#2117,.T.);
#2185=ADVANCED_FACE('',(#1997),#2118,.F.);
#2186=ADVANCED_FACE('',(#1998),#2119,.F.);
#2187=ADVANCED_FACE('',(#1999),#2120,.F.);
#2188=ADVANCED_FACE('',(#2000),#2121,.T.);
#2189=ADVANCED_FACE('',(#2001),#2122,.F.);
#2190=ADVANCED_FACE('',(#2002,#2003),#109,.F.);
#2191=ADVANCED_FACE('',(#2004,#2005),#2123,.T.);
#2192=ADVANCED_FACE('',(#2006,#2007),#2124,.T.);
#2193=ADVANCED_FACE('',(#2008,#2009),#110,.F.);
#2194=ADVANCED_FACE('',(#2010),#111,.F.);
#2195=ADVANCED_FACE('',(#2011),#30,.T.);
#2196=ADVANCED_FACE('',(#2012),#112,.T.);
#2197=ADVANCED_FACE('',(#2013),#113,.T.);
#2198=ADVANCED_FACE('',(#2014),#114,.T.);
#2199=ADVANCED_FACE('',(#2015),#31,.T.);
#2200=ADVANCED_FACE('',(#2016),#115,.F.);
#2201=ADVANCED_FACE('',(#2017),#116,.T.);
#2202=ADVANCED_FACE('',(#2018),#117,.T.);
#2203=ADVANCED_FACE('',(#2019),#118,.T.);
#2204=ADVANCED_FACE('',(#2020),#119,.T.);
#2205=ADVANCED_FACE('',(#2021),#120,.F.);
#2206=ADVANCED_FACE('',(#2022),#121,.F.);
#2207=ADVANCED_FACE('',(#2023),#32,.F.);
#2208=ADVANCED_FACE('',(#2024),#122,.T.);
#2209=ADVANCED_FACE('',(#2025),#123,.T.);
#2210=ADVANCED_FACE('',(#2026),#124,.F.);
#2211=ADVANCED_FACE('',(#2027),#33,.F.);
#2212=ADVANCED_FACE('',(#2028),#125,.F.);
#2213=ADVANCED_FACE('',(#2029),#126,.T.);
#2214=ADVANCED_FACE('',(#2030),#127,.T.);
#2215=ADVANCED_FACE('',(#2031),#128,.F.);
#2216=ADVANCED_FACE('',(#2032),#129,.F.);
#2217=ADVANCED_FACE('',(#2033),#130,.F.);
#2218=ADVANCED_FACE('',(#2034),#131,.F.);
#2219=ADVANCED_FACE('',(#2035),#132,.F.);
#2220=ADVANCED_FACE('',(#2036),#133,.F.);
#2221=ADVANCED_FACE('',(#2037),#134,.T.);
#2222=ADVANCED_FACE('',(#2038),#135,.T.);
#2223=ADVANCED_FACE('',(#2039),#136,.F.);
#2224=ADVANCED_FACE('',(#2040),#137,.F.);
#2225=ADVANCED_FACE('',(#2041),#138,.F.);
#2226=ADVANCED_FACE('',(#2042),#139,.F.);
#2227=ADVANCED_FACE('',(#2043),#2125,.F.);
#2228=ADVANCED_FACE('',(#2044),#27,.F.);
#2229=ADVANCED_FACE('',(#2045),#28,.F.);
#2230=ADVANCED_FACE('',(#2046),#2126,.T.);
#2231=ADVANCED_FACE('',(#2047),#2127,.F.);
#2232=ADVANCED_FACE('',(#2048),#26,.T.);
#2233=ADVANCED_FACE('',(#2049),#29,.F.);
#2234=ADVANCED_FACE('',(#2050),#2128,.F.);
#2235=ADVANCED_FACE('',(#2051),#2129,.T.);
#2236=ADVANCED_FACE('',(#2052,#2053),#140,.F.);
#2237=ADVANCED_FACE('',(#2054),#141,.F.);
#2238=ADVANCED_FACE('',(#2055),#2130,.F.);
#2239=ADVANCED_FACE('',(#2056),#142,.T.);
#2240=ADVANCED_FACE('',(#2057),#18,.T.);
#2241=ADVANCED_FACE('',(#2058),#12,.T.);
#2242=ADVANCED_FACE('',(#2059),#143,.T.);
#2243=ADVANCED_FACE('',(#2060),#19,.T.);
#2244=ADVANCED_FACE('',(#2061),#13,.T.);
#2245=ADVANCED_FACE('',(#2062),#144,.T.);
#2246=ADVANCED_FACE('',(#2063),#14,.T.);
#2247=ADVANCED_FACE('',(#2064),#20,.T.);
#2248=ADVANCED_FACE('',(#2065),#145,.T.);
#2249=ADVANCED_FACE('',(#2066),#21,.T.);
#2250=ADVANCED_FACE('',(#2067),#15,.T.);
#2251=ADVANCED_FACE('',(#2068),#146,.T.);
#2252=ADVANCED_FACE('',(#2069),#147,.T.);
#2253=ADVANCED_FACE('',(#2070),#22,.T.);
#2254=ADVANCED_FACE('',(#2071),#23,.T.);
#2255=ADVANCED_FACE('',(#2072),#24,.T.);
#2256=ADVANCED_FACE('',(#2073),#148,.T.);
#2257=ADVANCED_FACE('',(#2074),#149,.T.);
#2258=ADVANCED_FACE('',(#2075),#16,.T.);
#2259=ADVANCED_FACE('',(#2076),#25,.T.);
#2260=ADVANCED_FACE('',(#2077),#150,.T.);
#2261=ADVANCED_FACE('',(#2078),#151,.T.);
#2262=ADVANCED_FACE('',(#2079),#17,.T.);
#2263=CLOSED_SHELL('',(#2131,#2132,#2133,#2134,#2135,#2136,#2137,#2138,
#2139,#2140,#2141,#2142,#2143,#2144,#2145,#2146,#2147,#2148,#2149,#2150,
#2151,#2152,#2153,#2154,#2155,#2156,#2157,#2158,#2159,#2160,#2161,#2162,
#2163,#2164,#2165,#2166,#2167,#2168,#2169,#2170,#2171,#2172,#2173,#2174,
#2175,#2176,#2177,#2178,#2179,#2180,#2181,#2182,#2183,#2184,#2185,#2186,
#2187,#2188,#2189,#2190,#2191,#2192,#2193,#2194,#2195,#2196,#2197,#2198,
#2199,#2200,#2201,#2202,#2203,#2204,#2205,#2206,#2207,#2208,#2209,#2210,
#2211,#2212,#2213,#2214,#2215,#2216,#2217,#2218,#2219,#2220,#2221,#2222,
#2223,#2224,#2225,#2226,#2227,#2228,#2229,#2230,#2231,#2232,#2233,#2234,
#2235,#2236,#2237,#2238,#2239,#2240,#2241,#2242,#2243,#2244,#2245,#2246,
#2247,#2248,#2249,#2250,#2251,#2252,#2253,#2254,#2255,#2256,#2257,#2258,
#2259,#2260,#2261,#2262));
#2264=STYLED_ITEM('',(#2265),#2272);
#2265=PRESENTATION_STYLE_ASSIGNMENT((#2266));
#2266=SURFACE_STYLE_USAGE(.BOTH.,#2267);
#2267=SURFACE_SIDE_STYLE('',(#2268));
#2268=SURFACE_STYLE_FILL_AREA(#2269);
#2269=FILL_AREA_STYLE('',(#2270));
#2270=FILL_AREA_STYLE_COLOUR('',#2271);
#2271=COLOUR_RGB('',0.615686274509804,0.811764705882353,0.929411764705882);
#2272=MANIFOLD_SOLID_BREP('Part 1',#2263);
#2273=SHAPE_DEFINITION_REPRESENTATION(#4232,#2274);
#2274=SHAPE_REPRESENTATION('Part 1',(#2275),#4227);
#2275=AXIS2_PLACEMENT_3D('',#3202,#2533,#2534);
#2276=AXIS2_PLACEMENT_3D('',#3203,#2535,#2536);
#2277=AXIS2_PLACEMENT_3D('',#3211,#2540,#2541);
#2278=AXIS2_PLACEMENT_3D('',#3224,#2548,#2549);
#2279=AXIS2_PLACEMENT_3D('',#3232,#2553,#2554);
#2280=AXIS2_PLACEMENT_3D('',#3236,#2556,#2557);
#2281=AXIS2_PLACEMENT_3D('',#3240,#2559,#2560);
#2282=AXIS2_PLACEMENT_3D('',#3244,#2562,#2563);
#2283=AXIS2_PLACEMENT_3D('',#3252,#2567,#2568);
#2284=AXIS2_PLACEMENT_3D('',#3256,#2570,#2571);
#2285=AXIS2_PLACEMENT_3D('',#3259,#2573,#2574);
#2286=AXIS2_PLACEMENT_3D('',#3261,#2575,#2576);
#2287=AXIS2_PLACEMENT_3D('',#3267,#2579,#2580);
#2288=AXIS2_PLACEMENT_3D('',#3271,#2582,#2583);
#2289=AXIS2_PLACEMENT_3D('',#3275,#2585,#2586);
#2290=AXIS2_PLACEMENT_3D('',#3283,#2590,#2591);
#2291=AXIS2_PLACEMENT_3D('',#3286,#2593,#2594);
#2292=AXIS2_PLACEMENT_3D('',#3288,#2595,#2596);
#2293=AXIS2_PLACEMENT_3D('',#3289,#2597,#2598);
#2294=AXIS2_PLACEMENT_3D('',#3294,#2601,#2602);
#2295=AXIS2_PLACEMENT_3D('',#3298,#2604,#2605);
#2296=AXIS2_PLACEMENT_3D('',#3303,#2608,#2609);
#2297=AXIS2_PLACEMENT_3D('',#3307,#2611,#2612);
#2298=AXIS2_PLACEMENT_3D('',#3312,#2615,#2616);
#2299=AXIS2_PLACEMENT_3D('',#3313,#2617,#2618);
#2300=AXIS2_PLACEMENT_3D('',#3314,#2619,#2620);
#2301=AXIS2_PLACEMENT_3D('',#3316,#2621,#2622);
#2302=AXIS2_PLACEMENT_3D('',#3317,#2623,#2624);
#2303=AXIS2_PLACEMENT_3D('',#3319,#2625,#2626);
#2304=AXIS2_PLACEMENT_3D('',#3323,#2628,#2629);
#2305=AXIS2_PLACEMENT_3D('',#3327,#2631,#2632);
#2306=AXIS2_PLACEMENT_3D('',#3332,#2635,#2636);
#2307=AXIS2_PLACEMENT_3D('',#3338,#2640,#2641);
#2308=AXIS2_PLACEMENT_3D('',#3350,#2647,#2648);
#2309=AXIS2_PLACEMENT_3D('',#3354,#2650,#2651);
#2310=AXIS2_PLACEMENT_3D('',#3358,#2653,#2654);
#2311=AXIS2_PLACEMENT_3D('',#3362,#2656,#2657);
#2312=AXIS2_PLACEMENT_3D('',#3363,#2658,#2659);
#2313=AXIS2_PLACEMENT_3D('',#3364,#2660,#2661);
#2314=AXIS2_PLACEMENT_3D('',#3369,#2663,#2664);
#2315=AXIS2_PLACEMENT_3D('',#3379,#2669,#2670);
#2316=AXIS2_PLACEMENT_3D('',#3383,#2672,#2673);
#2317=AXIS2_PLACEMENT_3D('',#3387,#2675,#2676);
#2318=AXIS2_PLACEMENT_3D('',#3391,#2678,#2679);
#2319=AXIS2_PLACEMENT_3D('',#3392,#2680,#2681);
#2320=AXIS2_PLACEMENT_3D('',#3399,#2685,#2686);
#2321=AXIS2_PLACEMENT_3D('',#3403,#2688,#2689);
#2322=AXIS2_PLACEMENT_3D('',#3407,#2691,#2692);
#2323=AXIS2_PLACEMENT_3D('',#3411,#2694,#2695);
#2324=AXIS2_PLACEMENT_3D('',#3414,#2697,#2698);
#2325=AXIS2_PLACEMENT_3D('',#3420,#2701,#2702);
#2326=AXIS2_PLACEMENT_3D('',#3422,#2704,#2705);
#2327=AXIS2_PLACEMENT_3D('',#3427,#2708,#2709);
#2328=AXIS2_PLACEMENT_3D('',#3428,#2710,#2711);
#2329=AXIS2_PLACEMENT_3D('',#3433,#2713,#2714);
#2330=AXIS2_PLACEMENT_3D('',#3437,#2716,#2717);
#2331=AXIS2_PLACEMENT_3D('',#3439,#2718,#2719);
#2332=AXIS2_PLACEMENT_3D('',#3455,#2721,#2722);
#2333=AXIS2_PLACEMENT_3D('',#3456,#2723,#2724);
#2334=AXIS2_PLACEMENT_3D('',#3457,#2725,#2726);
#2335=AXIS2_PLACEMENT_3D('',#3462,#2728,#2729);
#2336=AXIS2_PLACEMENT_3D('',#3466,#2731,#2732);
#2337=AXIS2_PLACEMENT_3D('',#3468,#2733,#2734);
#2338=AXIS2_PLACEMENT_3D('',#3484,#2736,#2737);
#2339=AXIS2_PLACEMENT_3D('',#3485,#2738,#2739);
#2340=AXIS2_PLACEMENT_3D('',#3486,#2740,#2741);
#2341=AXIS2_PLACEMENT_3D('',#3488,#2742,#2743);
#2342=AXIS2_PLACEMENT_3D('',#3490,#2744,#2745);
#2343=AXIS2_PLACEMENT_3D('',#3491,#2746,#2747);
#2344=AXIS2_PLACEMENT_3D('',#3493,#2748,#2749);
#2345=AXIS2_PLACEMENT_3D('',#3495,#2750,#2751);
#2346=AXIS2_PLACEMENT_3D('',#3496,#2752,#2753);
#2347=AXIS2_PLACEMENT_3D('',#3498,#2754,#2755);
#2348=AXIS2_PLACEMENT_3D('',#3500,#2756,#2757);
#2349=AXIS2_PLACEMENT_3D('',#3501,#2758,#2759);
#2350=AXIS2_PLACEMENT_3D('',#3503,#2760,#2761);
#2351=AXIS2_PLACEMENT_3D('',#3505,#2762,#2763);
#2352=AXIS2_PLACEMENT_3D('',#3506,#2764,#2765);
#2353=AXIS2_PLACEMENT_3D('',#3508,#2766,#2767);
#2354=AXIS2_PLACEMENT_3D('',#3510,#2768,#2769);
#2355=AXIS2_PLACEMENT_3D('',#3511,#2770,#2771);
#2356=AXIS2_PLACEMENT_3D('',#3513,#2772,#2773);
#2357=AXIS2_PLACEMENT_3D('',#3515,#2774,#2775);
#2358=AXIS2_PLACEMENT_3D('',#3519,#2777,#2778);
#2359=AXIS2_PLACEMENT_3D('',#3523,#2780,#2781);
#2360=AXIS2_PLACEMENT_3D('',#3525,#2783,#2784);
#2361=AXIS2_PLACEMENT_3D('',#3526,#2785,#2786);
#2362=AXIS2_PLACEMENT_3D('',#3530,#2788,#2789);
#2363=AXIS2_PLACEMENT_3D('',#3535,#2792,#2793);
#2364=AXIS2_PLACEMENT_3D('',#3541,#2797,#2798);
#2365=AXIS2_PLACEMENT_3D('',#3542,#2799,#2800);
#2366=AXIS2_PLACEMENT_3D('',#3548,#2804,#2805);
#2367=AXIS2_PLACEMENT_3D('',#3549,#2806,#2807);
#2368=AXIS2_PLACEMENT_3D('',#3555,#2811,#2812);
#2369=AXIS2_PLACEMENT_3D('',#3561,#2816,#2817);
#2370=AXIS2_PLACEMENT_3D('',#3562,#2818,#2819);
#2371=AXIS2_PLACEMENT_3D('',#3574,#2820,#2821);
#2372=AXIS2_PLACEMENT_3D('',#3580,#2825,#2826);
#2373=AXIS2_PLACEMENT_3D('',#3586,#2830,#2831);
#2374=AXIS2_PLACEMENT_3D('',#3592,#2835,#2836);
#2375=AXIS2_PLACEMENT_3D('',#3596,#2838,#2839);
#2376=AXIS2_PLACEMENT_3D('',#3608,#2840,#2841);
#2377=AXIS2_PLACEMENT_3D('',#3611,#2844,#2845);
#2378=AXIS2_PLACEMENT_3D('',#3617,#2849,#2850);
#2379=AXIS2_PLACEMENT_3D('',#3618,#2851,#2852);
#2380=AXIS2_PLACEMENT_3D('',#3620,#2853,#2854);
#2381=AXIS2_PLACEMENT_3D('',#3648,#2855,#2856);
#2382=AXIS2_PLACEMENT_3D('',#3649,#2857,#2858);
#2383=AXIS2_PLACEMENT_3D('',#3651,#2859,#2860);
#2384=AXIS2_PLACEMENT_3D('',#3657,#2861,#2862);
#2385=AXIS2_PLACEMENT_3D('',#3685,#2863,#2864);
#2386=AXIS2_PLACEMENT_3D('',#3687,#2865,#2866);
#2387=AXIS2_PLACEMENT_3D('',#3688,#2867,#2868);
#2388=AXIS2_PLACEMENT_3D('',#3689,#2869,#2870);
#2389=AXIS2_PLACEMENT_3D('',#3696,#2871,#2872);
#2390=AXIS2_PLACEMENT_3D('',#3697,#2873,#2874);
#2391=AXIS2_PLACEMENT_3D('',#3698,#2875,#2876);
#2392=AXIS2_PLACEMENT_3D('',#3727,#2877,#2878);
#2393=AXIS2_PLACEMENT_3D('',#3728,#2879,#2880);
#2394=AXIS2_PLACEMENT_3D('',#3729,#2881,#2882);
#2395=AXIS2_PLACEMENT_3D('',#3758,#2883,#2884);
#2396=AXIS2_PLACEMENT_3D('',#3759,#2885,#2886);
#2397=AXIS2_PLACEMENT_3D('',#3762,#2889,#2890);
#2398=AXIS2_PLACEMENT_3D('',#3765,#2893,#2894);
#2399=AXIS2_PLACEMENT_3D('',#3769,#2898,#2899);
#2400=AXIS2_PLACEMENT_3D('',#3772,#2902,#2903);
#2401=AXIS2_PLACEMENT_3D('',#3775,#2906,#2907);
#2402=AXIS2_PLACEMENT_3D('',#3778,#2910,#2911);
#2403=AXIS2_PLACEMENT_3D('',#3781,#2914,#2915);
#2404=AXIS2_PLACEMENT_3D('',#3787,#2919,#2920);
#2405=AXIS2_PLACEMENT_3D('',#3793,#2924,#2925);
#2406=AXIS2_PLACEMENT_3D('',#3794,#2926,#2927);
#2407=AXIS2_PLACEMENT_3D('',#3795,#2928,#2929);
#2408=AXIS2_PLACEMENT_3D('',#3796,#2930,#2931);
#2409=AXIS2_PLACEMENT_3D('',#3800,#2933,#2934);
#2410=AXIS2_PLACEMENT_3D('',#3803,#2936,#2937);
#2411=AXIS2_PLACEMENT_3D('',#3809,#2941,#2942);
#2412=AXIS2_PLACEMENT_3D('',#3815,#2946,#2947);
#2413=AXIS2_PLACEMENT_3D('',#3818,#2949,#2950);
#2414=AXIS2_PLACEMENT_3D('',#3822,#2952,#2953);
#2415=AXIS2_PLACEMENT_3D('',#3823,#2954,#2955);
#2416=AXIS2_PLACEMENT_3D('',#3824,#2956,#2957);
#2417=AXIS2_PLACEMENT_3D('',#3825,#2958,#2959);
#2418=AXIS2_PLACEMENT_3D('',#3826,#2960,#2961);
#2419=AXIS2_PLACEMENT_3D('',#3835,#2962,#2963);
#2420=AXIS2_PLACEMENT_3D('',#3836,#2964,#2965);
#2421=AXIS2_PLACEMENT_3D('',#3837,#2966,#2967);
#2422=AXIS2_PLACEMENT_3D('',#3839,#2968,#2969);
#2423=AXIS2_PLACEMENT_3D('',#3847,#2970,#2971);
#2424=AXIS2_PLACEMENT_3D('',#3848,#2972,#2973);
#2425=AXIS2_PLACEMENT_3D('',#3850,#2974,#2975);
#2426=AXIS2_PLACEMENT_3D('',#3852,#2976,#2977);
#2427=AXIS2_PLACEMENT_3D('',#3853,#2978,#2979);
#2428=AXIS2_PLACEMENT_3D('',#3854,#2980,#2981);
#2429=AXIS2_PLACEMENT_3D('',#3855,#2982,#2983);
#2430=AXIS2_PLACEMENT_3D('',#3856,#2984,#2985);
#2431=AXIS2_PLACEMENT_3D('',#3860,#2987,#2988);
#2432=AXIS2_PLACEMENT_3D('',#3861,#2989,#2990);
#2433=AXIS2_PLACEMENT_3D('',#3862,#2991,#2992);
#2434=AXIS2_PLACEMENT_3D('',#3867,#2993,#2994);
#2435=AXIS2_PLACEMENT_3D('',#3873,#2995,#2996);
#2436=AXIS2_PLACEMENT_3D('',#3874,#2997,#2998);
#2437=AXIS2_PLACEMENT_3D('',#3877,#3000,#3001);
#2438=AXIS2_PLACEMENT_3D('',#3878,#3002,#3003);
#2439=AXIS2_PLACEMENT_3D('',#3879,#3004,#3005);
#2440=AXIS2_PLACEMENT_3D('',#3881,#3006,#3007);
#2441=AXIS2_PLACEMENT_3D('',#3882,#3008,#3009);
#2442=AXIS2_PLACEMENT_3D('',#3883,#3010,#3011);
#2443=AXIS2_PLACEMENT_3D('',#3885,#3012,#3013);
#2444=AXIS2_PLACEMENT_3D('',#3886,#3014,#3015);
#2445=AXIS2_PLACEMENT_3D('',#3887,#3016,#3017);
#2446=AXIS2_PLACEMENT_3D('',#3888,#3018,#3019);
#2447=AXIS2_PLACEMENT_3D('',#3889,#3020,#3021);
#2448=AXIS2_PLACEMENT_3D('',#3890,#3022,#3023);
#2449=AXIS2_PLACEMENT_3D('',#3891,#3024,#3025);
#2450=AXIS2_PLACEMENT_3D('',#3892,#3026,#3027);
#2451=AXIS2_PLACEMENT_3D('',#3893,#3028,#3029);
#2452=AXIS2_PLACEMENT_3D('',#3894,#3030,#3031);
#2453=AXIS2_PLACEMENT_3D('',#3905,#3032,#3033);
#2454=AXIS2_PLACEMENT_3D('',#3906,#3034,#3035);
#2455=AXIS2_PLACEMENT_3D('',#3907,#3036,#3037);
#2456=AXIS2_PLACEMENT_3D('',#3908,#3038,#3039);
#2457=AXIS2_PLACEMENT_3D('',#3909,#3040,#3041);
#2458=AXIS2_PLACEMENT_3D('',#3910,#3042,#3043);
#2459=AXIS2_PLACEMENT_3D('',#3911,#3044,#3045);
#2460=AXIS2_PLACEMENT_3D('',#3918,#3046,#3047);
#2461=AXIS2_PLACEMENT_3D('',#3923,#3048,#3049);
#2462=AXIS2_PLACEMENT_3D('',#3924,#3050,#3051);
#2463=AXIS2_PLACEMENT_3D('',#3925,#3052,#3053);
#2464=AXIS2_PLACEMENT_3D('',#3926,#3054,#3055);
#2465=AXIS2_PLACEMENT_3D('',#3927,#3056,#3057);
#2466=AXIS2_PLACEMENT_3D('',#3928,#3058,#3059);
#2467=AXIS2_PLACEMENT_3D('',#3929,#3060,#3061);
#2468=AXIS2_PLACEMENT_3D('',#3930,#3062,#3063);
#2469=AXIS2_PLACEMENT_3D('',#3931,#3064,#3065);
#2470=AXIS2_PLACEMENT_3D('',#3932,#3066,#3067);
#2471=AXIS2_PLACEMENT_3D('',#3933,#3068,#3069);
#2472=AXIS2_PLACEMENT_3D('',#3934,#3070,#3071);
#2473=AXIS2_PLACEMENT_3D('',#3941,#3072,#3073);
#2474=AXIS2_PLACEMENT_3D('',#3942,#3074,#3075);
#2475=AXIS2_PLACEMENT_3D('',#3943,#3076,#3077);
#2476=AXIS2_PLACEMENT_3D('',#3944,#3078,#3079);
#2477=AXIS2_PLACEMENT_3D('',#3945,#3080,#3081);
#2478=AXIS2_PLACEMENT_3D('',#3946,#3082,#3083);
#2479=AXIS2_PLACEMENT_3D('',#3947,#3084,#3085);
#2480=AXIS2_PLACEMENT_3D('',#3950,#3088,#3089);
#2481=AXIS2_PLACEMENT_3D('',#3952,#3091,#3092);
#2482=AXIS2_PLACEMENT_3D('',#3954,#3094,#3095);
#2483=AXIS2_PLACEMENT_3D('',#3959,#3096,#3097);
#2484=AXIS2_PLACEMENT_3D('',#3989,#3099,#3100);
#2485=AXIS2_PLACEMENT_3D('',#3991,#3102,#3103);
#2486=AXIS2_PLACEMENT_3D('',#3992,#3104,#3105);
#2487=AXIS2_PLACEMENT_3D('',#3993,#3106,#3107);
#2488=AXIS2_PLACEMENT_3D('',#3994,#3108,#3109);
#2489=AXIS2_PLACEMENT_3D('',#4006,#3110,#3111);
#2490=AXIS2_PLACEMENT_3D('',#4007,#3112,#3113);
#2491=AXIS2_PLACEMENT_3D('',#4013,#3116,#3117);
#2492=AXIS2_PLACEMENT_3D('',#4017,#3119,#3120);
#2493=AXIS2_PLACEMENT_3D('',#4020,#3122,#3123);
#2494=AXIS2_PLACEMENT_3D('',#4021,#3124,#3125);
#2495=AXIS2_PLACEMENT_3D('',#4022,#3126,#3127);
#2496=AXIS2_PLACEMENT_3D('',#4046,#3128,#3129);
#2497=AXIS2_PLACEMENT_3D('',#4047,#3130,#3131);
#2498=AXIS2_PLACEMENT_3D('',#4048,#3132,#3133);
#2499=AXIS2_PLACEMENT_3D('',#4049,#3134,#3135);
#2500=AXIS2_PLACEMENT_3D('',#4050,#3136,#3137);
#2501=AXIS2_PLACEMENT_3D('',#4074,#3138,#3139);
#2502=AXIS2_PLACEMENT_3D('',#4075,#3140,#3141);
#2503=AXIS2_PLACEMENT_3D('',#4076,#3142,#3143);
#2504=AXIS2_PLACEMENT_3D('',#4077,#3144,#3145);
#2505=AXIS2_PLACEMENT_3D('',#4078,#3146,#3147);
#2506=AXIS2_PLACEMENT_3D('',#4079,#3148,#3149);
#2507=AXIS2_PLACEMENT_3D('',#4080,#3150,#3151);
#2508=AXIS2_PLACEMENT_3D('',#4093,#3152,#3153);
#2509=AXIS2_PLACEMENT_3D('',#4094,#3154,#3155);
#2510=AXIS2_PLACEMENT_3D('',#4095,#3156,#3157);
#2511=AXIS2_PLACEMENT_3D('',#4129,#3158,#3159);
#2512=AXIS2_PLACEMENT_3D('',#4130,#3160,#3161);
#2513=AXIS2_PLACEMENT_3D('',#4131,#3162,#3163);
#2514=AXIS2_PLACEMENT_3D('',#4132,#3164,#3165);
#2515=AXIS2_PLACEMENT_3D('',#4133,#3166,#3167);
#2516=AXIS2_PLACEMENT_3D('',#4134,#3168,#3169);
#2517=AXIS2_PLACEMENT_3D('',#4135,#3170,#3171);
#2518=AXIS2_PLACEMENT_3D('',#4163,#3172,#3173);
#2519=AXIS2_PLACEMENT_3D('',#4164,#3174,#3175);
#2520=AXIS2_PLACEMENT_3D('',#4198,#3176,#3177);
#2521=AXIS2_PLACEMENT_3D('',#4199,#3178,#3179);
#2522=AXIS2_PLACEMENT_3D('',#4200,#3180,#3181);
#2523=AXIS2_PLACEMENT_3D('',#4201,#3182,#3183);
#2524=AXIS2_PLACEMENT_3D('',#4202,#3184,#3185);
#2525=AXIS2_PLACEMENT_3D('',#4203,#3186,#3187);
#2526=AXIS2_PLACEMENT_3D('',#4204,#3188,#3189);
#2527=AXIS2_PLACEMENT_3D('',#4220,#3190,#3191);
#2528=AXIS2_PLACEMENT_3D('',#4221,#3192,#3193);
#2529=AXIS2_PLACEMENT_3D('',#4222,#3194,#3195);
#2530=AXIS2_PLACEMENT_3D('',#4223,#3196,#3197);
#2531=AXIS2_PLACEMENT_3D('',#4224,#3198,#3199);
#2532=AXIS2_PLACEMENT_3D('',#4225,#3200,#3201);
#2533=DIRECTION('',(0.,0.,1.));
#2534=DIRECTION('',(1.,0.,0.));
#2535=DIRECTION('',(0.,0.,1.));
#2536=DIRECTION('',(0.,-1.,0.));
#2537=DIRECTION('',(0.,-1.,0.));
#2538=DIRECTION('',(-0.52999894000318,-0.847998304005089,0.));
#2539=DIRECTION('',(1.,0.,0.));
#2540=DIRECTION('',(0.,0.,1.));
#2541=DIRECTION('',(0.,-1.,0.));
#2542=DIRECTION('',(1.,0.,0.));
#2543=DIRECTION('',(-0.52999894000318,0.847998304005088,0.));
#2544=DIRECTION('',(0.,-1.,0.));
#2545=DIRECTION('',(-1.,0.,0.));
#2546=DIRECTION('',(1.,0.,0.));
#2547=DIRECTION('',(1.,0.,0.));
#2548=DIRECTION('',(0.,1.,0.));
#2549=DIRECTION('',(1.,0.,0.));
#2550=DIRECTION('',(0.,0.,1.));
#2551=DIRECTION('',(1.,0.,0.));
#2552=DIRECTION('',(0.,0.,-1.));
#2553=DIRECTION('',(0.,1.,0.));
#2554=DIRECTION('',(1.,0.,0.));
#2555=DIRECTION('',(4.68844182696434E-17,0.,1.));
#2556=DIRECTION('',(0.,1.,0.));
#2557=DIRECTION('',(1.,0.,0.));
#2558=DIRECTION('',(-1.,0.,0.));
#2559=DIRECTION('',(0.,1.,0.));
#2560=DIRECTION('',(1.,0.,0.));
#2561=DIRECTION('',(0.,0.,-1.));
#2562=DIRECTION('',(0.,1.,0.));
#2563=DIRECTION('',(1.,0.,0.));
#2564=DIRECTION('',(1.,0.,0.));
#2565=DIRECTION('',(0.,0.,1.));
#2566=DIRECTION('',(-1.,0.,0.));
#2567=DIRECTION('',(0.,1.,0.));
#2568=DIRECTION('',(1.,0.,0.));
#2569=DIRECTION('',(0.,0.,-1.));
#2570=DIRECTION('',(0.,1.,0.));
#2571=DIRECTION('',(1.,0.,0.));
#2572=DIRECTION('',(1.,0.,0.));
#2573=DIRECTION('',(0.,1.,0.));
#2574=DIRECTION('',(1.,0.,0.));
#2575=DIRECTION('',(0.,1.,0.));
#2576=DIRECTION('',(1.,0.,0.));
#2577=DIRECTION('',(0.,0.,1.));
#2578=DIRECTION('',(1.,0.,0.));
#2579=DIRECTION('',(0.,1.,0.));
#2580=DIRECTION('',(1.,0.,0.));
#2581=DIRECTION('',(0.,0.,-1.));
#2582=DIRECTION('',(0.,1.,0.));
#2583=DIRECTION('',(1.,0.,0.));
#2584=DIRECTION('',(1.,0.,0.));
#2585=DIRECTION('',(0.,1.,0.));
#2586=DIRECTION('',(1.,0.,0.));
#2587=DIRECTION('',(0.,0.,-1.));
#2588=DIRECTION('',(1.,0.,0.));
#2589=DIRECTION('',(0.,0.,-1.));
#2590=DIRECTION('',(0.,1.,0.));
#2591=DIRECTION('',(1.,0.,0.));
#2592=DIRECTION('',(-1.,0.,0.));
#2593=DIRECTION('',(0.,-1.,0.));
#2594=DIRECTION('',(1.,0.,0.));
#2595=DIRECTION('',(0.,0.,-1.));
#2596=DIRECTION('',(0.,1.,0.));
#2597=DIRECTION('',(0.,0.,1.));
#2598=DIRECTION('',(0.,-1.,0.));
#2599=DIRECTION('',(0.,1.,0.));
#2600=DIRECTION('',(-1.,0.,0.));
#2601=DIRECTION('',(0.,0.,-1.));
#2602=DIRECTION('',(0.,1.,0.));
#2603=DIRECTION('',(1.,0.,0.));
#2604=DIRECTION('',(0.,0.,-1.));
#2605=DIRECTION('',(0.,1.,0.));
#2606=DIRECTION('',(1.,0.,0.));
#2607=DIRECTION('',(0.,1.,0.));
#2608=DIRECTION('',(-1.,0.,0.));
#2609=DIRECTION('',(0.,1.,0.));
#2610=DIRECTION('',(0.,-1.,0.));
#2611=DIRECTION('',(-1.,0.,0.));
#2612=DIRECTION('',(0.,1.,0.));
#2613=DIRECTION('',(0.,1.,0.));
#2614=DIRECTION('',(0.,0.,-1.));
#2615=DIRECTION('',(-1.,0.,0.));
#2616=DIRECTION('',(0.,1.,0.));
#2617=DIRECTION('',(0.,1.,0.));
#2618=DIRECTION('',(1.,0.,0.));
#2619=DIRECTION('',(0.,-1.,0.));
#2620=DIRECTION('',(-1.,0.,0.));
#2621=DIRECTION('',(0.,1.,0.));
#2622=DIRECTION('',(1.,0.,0.));
#2623=DIRECTION('',(0.,-1.,0.));
#2624=DIRECTION('',(-1.,0.,0.));
#2625=DIRECTION('',(-1.,0.,0.));
#2626=DIRECTION('',(0.,1.,0.));
#2627=DIRECTION('',(0.,0.,-1.));
#2628=DIRECTION('',(-1.,0.,0.));
#2629=DIRECTION('',(0.,1.,0.));
#2630=DIRECTION('',(0.,-1.,0.));
#2631=DIRECTION('',(-1.,0.,0.));
#2632=DIRECTION('',(0.,1.,0.));
#2633=DIRECTION('',(0.,0.,-1.));
#2634=DIRECTION('',(0.,-1.,0.));
#2635=DIRECTION('',(1.,0.,-4.68844182696434E-17));
#2636=DIRECTION('',(-4.68844182696434E-17,0.,-1.));
#2637=DIRECTION('',(4.68844182696434E-17,0.,1.));
#2638=DIRECTION('',(0.,1.,0.));
#2639=DIRECTION('',(0.,-1.,0.));
#2640=DIRECTION('',(0.,1.,0.));
#2641=DIRECTION('',(1.,0.,0.));
#2642=DIRECTION('',(0.,0.,1.));
#2643=DIRECTION('',(1.,0.,0.));
#2644=DIRECTION('',(0.,0.,-1.));
#2645=DIRECTION('',(-1.,0.,0.));
#2646=DIRECTION('',(0.,0.,1.));
#2647=DIRECTION('',(0.,1.,0.));
#2648=DIRECTION('',(1.,0.,0.));
#2649=DIRECTION('',(1.,0.,0.));
#2650=DIRECTION('',(0.,1.,0.));
#2651=DIRECTION('',(1.,0.,0.));
#2652=DIRECTION('',(0.,0.,1.));
#2653=DIRECTION('',(0.,1.,0.));
#2654=DIRECTION('',(1.,0.,0.));
#2655=DIRECTION('',(1.,0.,0.));
#2656=DIRECTION('',(0.,1.,0.));
#2657=DIRECTION('',(1.,0.,0.));
#2658=DIRECTION('',(0.,1.,0.));
#2659=DIRECTION('',(1.,0.,0.));
#2660=DIRECTION('',(0.,1.,0.));
#2661=DIRECTION('',(1.,0.,0.));
#2662=DIRECTION('',(1.,0.,0.));
#2663=DIRECTION('',(0.,1.,0.));
#2664=DIRECTION('',(1.,0.,0.));
#2665=DIRECTION('',(0.,0.,-1.));
#2666=DIRECTION('',(1.,0.,0.));
#2667=DIRECTION('',(4.68844182696434E-17,0.,1.));
#2668=DIRECTION('',(1.,0.,0.));
#2669=DIRECTION('',(0.,1.,0.));
#2670=DIRECTION('',(1.,0.,0.));
#2671=DIRECTION('',(0.,0.,1.));
#2672=DIRECTION('',(0.,1.,0.));
#2673=DIRECTION('',(1.,0.,0.));
#2674=DIRECTION('',(1.,0.,0.));
#2675=DIRECTION('',(0.,1.,0.));
#2676=DIRECTION('',(1.,0.,0.));
#2677=DIRECTION('',(0.,0.,1.));
#2678=DIRECTION('',(0.,1.,0.));
#2679=DIRECTION('',(1.,0.,0.));
#2680=DIRECTION('',(-1.,0.,0.));
#2681=DIRECTION('',(0.,1.,0.));
#2682=DIRECTION('',(0.,-1.,0.));
#2683=DIRECTION('',(0.,0.,1.));
#2684=DIRECTION('',(0.,-1.,0.));
#2685=DIRECTION('',(-1.,0.,0.));
#2686=DIRECTION('',(0.,1.,0.));
#2687=DIRECTION('',(0.,1.,0.));
#2688=DIRECTION('',(-1.,0.,0.));
#2689=DIRECTION('',(0.,1.,0.));
#2690=DIRECTION('',(0.,1.05134756119806E-16,-1.));
#2691=DIRECTION('',(-1.,0.,0.));
#2692=DIRECTION('',(0.,1.,0.));
#2693=DIRECTION('',(0.,1.,0.));
#2694=DIRECTION('',(-1.,0.,0.));
#2695=DIRECTION('',(0.,1.,0.));
#2696=DIRECTION('',(0.,0.,-1.));
#2697=DIRECTION('',(0.,1.,0.));
#2698=DIRECTION('',(1.,0.,0.));
#2699=DIRECTION('',(0.,0.,1.));
#2700=DIRECTION('',(1.,0.,0.));
#2701=DIRECTION('',(0.,1.,0.));
#2702=DIRECTION('',(1.,0.,0.));
#2703=DIRECTION('',(1.,0.,0.));
#2704=DIRECTION('',(0.,1.,0.));
#2705=DIRECTION('',(1.,0.,0.));
#2706=DIRECTION('',(0.,0.,-1.));
#2707=DIRECTION('',(1.,0.,0.));
#2708=DIRECTION('',(0.847998304005088,-0.52999894000318,0.));
#2709=DIRECTION('',(-0.52999894000318,-0.847998304005089,0.));
#2710=DIRECTION('',(0.847998304005088,-0.52999894000318,0.));
#2711=DIRECTION('',(-0.52999894000318,-0.847998304005089,0.));
#2712=DIRECTION('',(0.,0.,-1.));
#2713=DIRECTION('',(0.847998304005088,-0.52999894000318,0.));
#2714=DIRECTION('',(-0.52999894000318,-0.847998304005089,0.));
#2715=DIRECTION('',(0.,0.,-1.));
#2716=DIRECTION('',(0.847998304005088,-0.52999894000318,0.));
#2717=DIRECTION('',(-0.52999894000318,-0.847998304005089,0.));
#2718=DIRECTION('',(0.847998304005088,-0.52999894000318,0.));
#2719=DIRECTION('',(0.52999894000318,0.847998304005089,0.));
#2720=DIRECTION('',(-0.20903995420694,-0.334463926731105,0.918932086315834));
#2721=DIRECTION('',(0.847998304005088,-0.52999894000318,0.));
#2722=DIRECTION('',(0.52999894000318,0.847998304005089,0.));
#2723=DIRECTION('',(0.847998304005088,0.52999894000318,0.));
#2724=DIRECTION('',(0.52999894000318,-0.847998304005088,0.));
#2725=DIRECTION('',(0.847998304005088,0.52999894000318,0.));
#2726=DIRECTION('',(0.52999894000318,-0.847998304005088,0.));
#2727=DIRECTION('',(0.,0.,-1.));
#2728=DIRECTION('',(0.847998304005088,0.52999894000318,0.));
#2729=DIRECTION('',(0.52999894000318,-0.847998304005088,0.));
#2730=DIRECTION('',(0.,0.,-1.));
#2731=DIRECTION('',(0.847998304005088,0.52999894000318,0.));
#2732=DIRECTION('',(0.52999894000318,-0.847998304005088,0.));
#2733=DIRECTION('',(0.847998304005088,0.52999894000318,0.));
#2734=DIRECTION('',(0.52999894000318,-0.847998304005088,0.));
#2735=DIRECTION('',(0.20903995420694,-0.334463926731105,0.918932086315834));
#2736=DIRECTION('',(0.847998304005088,0.52999894000318,0.));
#2737=DIRECTION('',(-0.52999894000318,0.847998304005088,0.));
#2738=DIRECTION('',(0.,1.,0.));
#2739=DIRECTION('',(1.,0.,0.));
#2740=DIRECTION('',(0.,-1.,0.));
#2741=DIRECTION('',(1.,0.,0.));
#2742=DIRECTION('',(0.,-1.,0.));
#2743=DIRECTION('',(-1.,0.,0.));
#2744=DIRECTION('',(0.,1.,0.));
#2745=DIRECTION('',(1.,0.,0.));
#2746=DIRECTION('',(0.,1.,0.));
#2747=DIRECTION('',(1.,0.,0.));
#2748=DIRECTION('',(0.,-1.,0.));
#2749=DIRECTION('',(-1.,0.,0.));
#2750=DIRECTION('',(0.,1.,0.));
#2751=DIRECTION('',(1.,0.,0.));
#2752=DIRECTION('',(0.,-1.,0.));
#2753=DIRECTION('',(1.,0.,0.));
#2754=DIRECTION('',(0.,-1.,0.));
#2755=DIRECTION('',(-1.,0.,0.));
#2756=DIRECTION('',(0.,1.,0.));
#2757=DIRECTION('',(1.,0.,0.));
#2758=DIRECTION('',(0.,-1.,0.));
#2759=DIRECTION('',(1.,0.,0.));
#2760=DIRECTION('',(0.,-1.,0.));
#2761=DIRECTION('',(-1.,0.,0.));
#2762=DIRECTION('',(0.,1.,0.));
#2763=DIRECTION('',(1.,0.,0.));
#2764=DIRECTION('',(0.,1.,0.));
#2765=DIRECTION('',(1.,0.,0.));
#2766=DIRECTION('',(0.,-1.,0.));
#2767=DIRECTION('',(-1.,0.,0.));
#2768=DIRECTION('',(0.,1.,0.));
#2769=DIRECTION('',(1.,0.,0.));
#2770=DIRECTION('',(0.,1.,0.));
#2771=DIRECTION('',(1.,0.,0.));
#2772=DIRECTION('',(0.,-1.,0.));
#2773=DIRECTION('',(-1.,0.,0.));
#2774=DIRECTION('',(0.,1.,0.));
#2775=DIRECTION('',(1.,0.,0.));
#2776=DIRECTION('',(1.,0.,0.));
#2777=DIRECTION('',(0.,1.,0.));
#2778=DIRECTION('',(1.,0.,0.));
#2779=DIRECTION('',(0.,0.,-1.));
#2780=DIRECTION('',(0.,1.,0.));
#2781=DIRECTION('',(1.,0.,0.));
#2782=DIRECTION('',(0.,0.,-1.));
#2783=DIRECTION('',(0.,-1.,0.));
#2784=DIRECTION('',(-1.,0.,0.));
#2785=DIRECTION('',(0.,-1.,0.));
#2786=DIRECTION('',(-1.,0.,0.));
#2787=DIRECTION('',(0.,0.,-1.));
#2788=DIRECTION('',(0.,-1.,0.));
#2789=DIRECTION('',(-1.,0.,0.));
#2790=DIRECTION('',(-1.,0.,0.));
#2791=DIRECTION('',(0.,0.,-1.));
#2792=DIRECTION('',(-1.,0.,0.));
#2793=DIRECTION('',(0.,1.,0.));
#2794=DIRECTION('',(0.,-1.,0.));
#2795=DIRECTION('',(0.,0.,-1.));
#2796=DIRECTION('',(0.,-1.,0.));
#2797=DIRECTION('',(0.,0.,-1.));
#2798=DIRECTION('',(0.,1.,0.));
#2799=DIRECTION('',(0.,0.,-1.));
#2800=DIRECTION('',(0.,1.,0.));
#2801=DIRECTION('',(0.,-1.,0.));
#2802=DIRECTION('',(1.,0.,0.));
#2803=DIRECTION('',(0.,-1.,0.));
#2804=DIRECTION('',(0.,0.,1.));
#2805=DIRECTION('',(0.,-1.,0.));
#2806=DIRECTION('',(0.,0.,1.));
#2807=DIRECTION('',(0.,-1.,0.));
#2808=DIRECTION('',(0.,-1.,0.));
#2809=DIRECTION('',(-1.,0.,0.));
#2810=DIRECTION('',(0.,-1.,0.));
#2811=DIRECTION('',(-1.,0.,0.));
#2812=DIRECTION('',(0.,1.,0.));
#2813=DIRECTION('',(0.,0.342020143325668,-0.939692620785908));
#2814=DIRECTION('',(0.,1.,0.));
#2815=DIRECTION('',(0.,0.,-1.));
#2816=DIRECTION('',(0.,0.,-1.));
#2817=DIRECTION('',(0.,1.,0.));
#2818=DIRECTION('',(0.,0.939692620785908,0.342020143325668));
#2819=DIRECTION('',(0.,0.342020143325668,-0.939692620785908));
#2820=DIRECTION('',(1.,0.,0.));
#2821=DIRECTION('',(0.,-1.,0.));
#2822=DIRECTION('',(0.,-1.,0.));
#2823=DIRECTION('',(0.,0.,-1.));
#2824=DIRECTION('',(0.,-1.,0.));
#2825=DIRECTION('',(0.,0.,-1.));
#2826=DIRECTION('',(-1.,0.,0.));
#2827=DIRECTION('',(0.,-1.,0.));
#2828=DIRECTION('',(0.52999894000318,0.847998304005089,0.));
#2829=DIRECTION('',(0.,-1.,0.));
#2830=DIRECTION('',(1.,0.,0.));
#2831=DIRECTION('',(0.,-1.,0.));
#2832=DIRECTION('',(0.,-1.,0.));
#2833=DIRECTION('',(0.,0.,-1.));
#2834=DIRECTION('',(0.,-1.,0.));
#2835=DIRECTION('',(0.,0.,-1.));
#2836=DIRECTION('',(0.,1.,0.));
#2837=DIRECTION('',(0.,0.,-1.));
#2838=DIRECTION('',(0.,0.939692620785908,0.342020143325668));
#2839=DIRECTION('',(0.,0.342020143325668,-0.939692620785908));
#2840=DIRECTION('',(-1.,0.,0.));
#2841=DIRECTION('',(0.,1.,0.));
#2842=DIRECTION('',(0.,0.342020143325668,-0.939692620785908));
#2843=DIRECTION('',(0.,1.,0.));
#2844=DIRECTION('',(0.,0.,-1.));
#2845=DIRECTION('',(-1.,0.,0.));
#2846=DIRECTION('',(0.,-1.,0.));
#2847=DIRECTION('',(0.52999894000318,-0.847998304005088,0.));
#2848=DIRECTION('',(0.,-1.,0.));
#2849=DIRECTION('',(0.,-1.,0.));
#2850=DIRECTION('',(1.,0.,0.));
#2851=DIRECTION('',(0.,-1.,0.));
#2852=DIRECTION('',(-1.,0.,0.));
#2853=DIRECTION('',(0.,-1.,0.));
#2854=DIRECTION('',(-1.,0.,0.));
#2855=DIRECTION('',(0.,-1.,0.));
#2856=DIRECTION('',(1.,0.,0.));
#2857=DIRECTION('',(0.,-1.,0.));
#2858=DIRECTION('',(-1.,0.,0.));
#2859=DIRECTION('',(0.,-1.,0.));
#2860=DIRECTION('',(-1.,0.,0.));
#2861=DIRECTION('',(0.,-1.,0.));
#2862=DIRECTION('',(-1.,0.,0.));
#2863=DIRECTION('',(0.,1.,0.));
#2864=DIRECTION('',(-1.,0.,0.));
#2865=DIRECTION('',(0.,-1.,0.));
#2866=DIRECTION('',(1.,0.,0.));
#2867=DIRECTION('',(0.,-1.,0.));
#2868=DIRECTION('',(-1.,0.,0.));
#2869=DIRECTION('',(0.,1.,0.));
#2870=DIRECTION('',(-1.,0.,0.));
#2871=DIRECTION('',(0.,-1.,0.));
#2872=DIRECTION('',(1.,0.,0.));
#2873=DIRECTION('',(0.,-1.,0.));
#2874=DIRECTION('',(-1.,0.,0.));
#2875=DIRECTION('',(0.,-1.,0.));
#2876=DIRECTION('',(-1.,0.,0.));
#2877=DIRECTION('',(0.,-1.,0.));
#2878=DIRECTION('',(1.,0.,0.));
#2879=DIRECTION('',(0.,-1.,0.));
#2880=DIRECTION('',(-1.,0.,0.));
#2881=DIRECTION('',(0.,1.,0.));
#2882=DIRECTION('',(-1.,0.,0.));
#2883=DIRECTION('',(0.,-1.,0.));
#2884=DIRECTION('',(1.,0.,0.));
#2885=DIRECTION('',(0.,0.,1.));
#2886=DIRECTION('',(0.,-1.,0.));
#2887=DIRECTION('',(1.,0.,0.));
#2888=DIRECTION('',(1.,0.,0.));
#2889=DIRECTION('',(0.,0.,1.));
#2890=DIRECTION('',(0.,-1.,0.));
#2891=DIRECTION('',(1.,0.,0.));
#2892=DIRECTION('',(1.,0.,0.));
#2893=DIRECTION('',(0.,1.,1.05134756119806E-16));
#2894=DIRECTION('',(0.,-1.05134756119806E-16,1.));
#2895=DIRECTION('',(1.,0.,0.));
#2896=DIRECTION('',(0.,-1.05134756119806E-16,1.));
#2897=DIRECTION('',(1.,0.,0.));
#2898=DIRECTION('',(0.,0.,1.));
#2899=DIRECTION('',(0.,-1.,0.));
#2900=DIRECTION('',(0.,1.,0.));
#2901=DIRECTION('',(0.,1.,0.));
#2902=DIRECTION('',(-1.,0.,0.));
#2903=DIRECTION('',(0.,1.,0.));
#2904=DIRECTION('',(0.,1.,0.));
#2905=DIRECTION('',(0.,1.,0.));
#2906=DIRECTION('',(0.,0.,1.));
#2907=DIRECTION('',(0.,-1.,0.));
#2908=DIRECTION('',(0.,1.,0.));
#2909=DIRECTION('',(0.,1.,0.));
#2910=DIRECTION('',(-1.,0.,0.));
#2911=DIRECTION('',(0.,1.,0.));
#2912=DIRECTION('',(0.,1.,0.));
#2913=DIRECTION('',(0.,1.,0.));
#2914=DIRECTION('',(0.,0.,-1.));
#2915=DIRECTION('',(0.,1.,0.));
#2916=DIRECTION('',(0.,1.,0.));
#2917=DIRECTION('',(-1.,0.,0.));
#2918=DIRECTION('',(0.,1.,0.));
#2919=DIRECTION('',(1.,0.,0.));
#2920=DIRECTION('',(0.,-1.,0.));
#2921=DIRECTION('',(0.,0.,-1.));
#2922=DIRECTION('',(0.,1.,0.));
#2923=DIRECTION('',(0.,1.,0.));
#2924=DIRECTION('',(0.,1.,0.));
#2925=DIRECTION('',(1.,0.,0.));
#2926=DIRECTION('',(0.,1.,0.));
#2927=DIRECTION('',(1.,0.,0.));
#2928=DIRECTION('',(0.,1.,0.));
#2929=DIRECTION('',(1.,0.,0.));
#2930=DIRECTION('',(0.,1.,0.));
#2931=DIRECTION('',(1.,0.,0.));
#2932=DIRECTION('',(4.68844182696434E-17,0.,1.));
#2933=DIRECTION('',(0.,-1.,0.));
#2934=DIRECTION('',(-1.,0.,0.));
#2935=DIRECTION('',(4.68844182696434E-17,0.,1.));
#2936=DIRECTION('',(0.,0.,1.));
#2937=DIRECTION('',(0.,-1.,0.));
#2938=DIRECTION('',(0.,1.,0.));
#2939=DIRECTION('',(1.,0.,0.));
#2940=DIRECTION('',(0.,1.,0.));
#2941=DIRECTION('',(1.,0.,0.));
#2942=DIRECTION('',(0.,-1.,0.));
#2943=DIRECTION('',(0.,1.,0.));
#2944=DIRECTION('',(0.,0.,-1.));
#2945=DIRECTION('',(0.,1.,0.));
#2946=DIRECTION('',(0.,1.,0.));
#2947=DIRECTION('',(1.,0.,0.));
#2948=DIRECTION('',(0.,0.,-1.));
#2949=DIRECTION('',(0.,1.,0.));
#2950=DIRECTION('',(-1.,0.,0.));
#2951=DIRECTION('',(0.,0.,-1.));
#2952=DIRECTION('',(0.,1.,0.));
#2953=DIRECTION('',(1.,0.,0.));
#2954=DIRECTION('',(0.,1.,0.));
#2955=DIRECTION('',(1.,0.,0.));
#2956=DIRECTION('',(0.,1.,0.));
#2957=DIRECTION('',(1.,0.,0.));
#2958=DIRECTION('',(0.,-1.,0.));
#2959=DIRECTION('',(-1.,0.,0.));
#2960=DIRECTION('',(0.,1.,0.));
#2961=DIRECTION('',(-1.,0.,0.));
#2962=DIRECTION('',(0.,-1.,0.));
#2963=DIRECTION('',(1.,0.,0.));
#2964=DIRECTION('',(0.,-1.,0.));
#2965=DIRECTION('',(1.,0.,0.));
#2966=DIRECTION('',(0.,-1.,0.));
#2967=DIRECTION('',(-1.,0.,0.));
#2968=DIRECTION('',(0.,-1.,0.));
#2969=DIRECTION('',(-1.,0.,0.));
#2970=DIRECTION('',(0.,1.,0.));
#2971=DIRECTION('',(1.,0.,0.));
#2972=DIRECTION('',(-0.923076923076923,-0.384615384615385,0.));
#2973=DIRECTION('',(-0.384615384615385,0.923076923076923,0.));
#2974=DIRECTION('',(0.,-0.808479211365493,-0.588524735920107));
#2975=DIRECTION('',(0.,0.588524735920107,-0.808479211365493));
#2976=DIRECTION('',(0.,1.,0.));
#2977=DIRECTION('',(1.,0.,0.));
#2978=DIRECTION('',(0.,1.,0.));
#2979=DIRECTION('',(1.,0.,0.));
#2980=DIRECTION('',(-0.25819804182525,0.,-0.96609200969556));
#2981=DIRECTION('',(-0.96609200969556,0.,0.25819804182525));
#2982=DIRECTION('',(0.,0.,-1.));
#2983=DIRECTION('',(0.,1.,0.));
#2984=DIRECTION('',(4.68844182696434E-17,0.,1.));
#2985=DIRECTION('',(1.,0.,-4.68844182696434E-17));
#2986=DIRECTION('',(4.68844182696434E-17,0.,1.));
#2987=DIRECTION('',(0.,0.,-1.));
#2988=DIRECTION('',(0.,1.,0.));
#2989=DIRECTION('',(0.707106781186548,0.,0.707106781186548));
#2990=DIRECTION('',(-0.707106781186548,0.,0.707106781186548));
#2991=DIRECTION('',(1.,0.,0.));
#2992=DIRECTION('',(0.,-1.,0.));
#2993=DIRECTION('',(0.707106781186548,0.,-0.707106781186548));
#2994=DIRECTION('',(-0.707106781186548,0.,-0.707106781186548));
#2995=DIRECTION('',(0.,0.,-1.));
#2996=DIRECTION('',(0.,1.,0.));
#2997=DIRECTION('',(0.,0.,1.));
#2998=DIRECTION('',(0.,-1.,0.));
#2999=DIRECTION('',(0.,0.,-1.));
#3000=DIRECTION('',(0.,0.,1.));
#3001=DIRECTION('',(0.,-1.,0.));
#3002=DIRECTION('',(0.,1.,0.));
#3003=DIRECTION('',(1.,0.,0.));
#3004=DIRECTION('',(-0.25819804182525,0.,0.96609200969556));
#3005=DIRECTION('',(0.96609200969556,0.,0.25819804182525));
#3006=DIRECTION('',(0.,1.,0.));
#3007=DIRECTION('',(1.,0.,0.));
#3008=DIRECTION('',(0.,1.,0.));
#3009=DIRECTION('',(1.,0.,0.));
#3010=DIRECTION('',(0.,-0.808479211365493,-0.588524735920107));
#3011=DIRECTION('',(0.,0.588524735920107,-0.808479211365493));
#3012=DIRECTION('',(-0.923076923076924,0.384615384615384,0.));
#3013=DIRECTION('',(0.384615384615384,0.923076923076923,0.));
#3014=DIRECTION('',(0.,1.,0.));
#3015=DIRECTION('',(1.,0.,0.));
#3016=DIRECTION('',(0.,1.,0.));
#3017=DIRECTION('',(1.,0.,0.));
#3018=DIRECTION('',(0.,1.,0.));
#3019=DIRECTION('',(1.,0.,0.));
#3020=DIRECTION('',(0.,1.,0.));
#3021=DIRECTION('',(1.,0.,0.));
#3022=DIRECTION('',(0.,-1.,0.));
#3023=DIRECTION('',(-1.,0.,0.));
#3024=DIRECTION('',(0.,-1.,0.));
#3025=DIRECTION('',(-1.,0.,0.));
#3026=DIRECTION('',(0.,-1.,0.));
#3027=DIRECTION('',(-1.,0.,0.));
#3028=DIRECTION('',(0.,-1.,0.));
#3029=DIRECTION('',(-1.,0.,0.));
#3030=DIRECTION('',(4.68844182696434E-17,0.,1.));
#3031=DIRECTION('',(1.,0.,-4.68844182696434E-17));
#3032=DIRECTION('',(0.,1.,0.));
#3033=DIRECTION('',(1.,0.,0.));
#3034=DIRECTION('',(0.,1.,0.));
#3035=DIRECTION('',(1.,0.,0.));
#3036=DIRECTION('',(0.,0.,-1.));
#3037=DIRECTION('',(0.,1.,0.));
#3038=DIRECTION('',(0.,1.,0.));
#3039=DIRECTION('',(1.,0.,0.));
#3040=DIRECTION('',(0.,-1.,0.));
#3041=DIRECTION('',(-1.,0.,0.));
#3042=DIRECTION('',(0.,-1.,0.));
#3043=DIRECTION('',(-1.,0.,0.));
#3044=DIRECTION('',(0.,1.,0.));
#3045=DIRECTION('',(1.,0.,0.));
#3046=DIRECTION('',(0.,0.,1.));
#3047=DIRECTION('',(0.,-1.,0.));
#3048=DIRECTION('',(0.,0.,-1.));
#3049=DIRECTION('',(0.,1.,0.));
#3050=DIRECTION('',(0.,-1.,0.));
#3051=DIRECTION('',(-1.,0.,0.));
#3052=DIRECTION('',(0.,-1.,0.));
#3053=DIRECTION('',(-1.,0.,0.));
#3054=DIRECTION('',(0.,-1.,0.));
#3055=DIRECTION('',(-1.,0.,0.));
#3056=DIRECTION('',(0.,1.,0.));
#3057=DIRECTION('',(1.,0.,0.));
#3058=DIRECTION('',(0.,1.,0.));
#3059=DIRECTION('',(1.,0.,0.));
#3060=DIRECTION('',(0.,-1.,0.));
#3061=DIRECTION('',(-1.,0.,0.));
#3062=DIRECTION('',(1.,0.,0.));
#3063=DIRECTION('',(0.,-1.,0.));
#3064=DIRECTION('',(-1.,0.,0.));
#3065=DIRECTION('',(0.,1.,0.));
#3066=DIRECTION('',(-1.,0.,0.));
#3067=DIRECTION('',(0.,1.,0.));
#3068=DIRECTION('',(1.,0.,0.));
#3069=DIRECTION('',(0.,-1.,0.));
#3070=DIRECTION('',(0.,-1.,0.));
#3071=DIRECTION('',(-1.,0.,0.));
#3072=DIRECTION('',(0.,-1.,0.));
#3073=DIRECTION('',(-1.,0.,0.));
#3074=DIRECTION('',(0.,1.,0.));
#3075=DIRECTION('',(1.,0.,0.));
#3076=DIRECTION('',(0.,1.,0.));
#3077=DIRECTION('',(1.,0.,0.));
#3078=DIRECTION('',(0.,1.,0.));
#3079=DIRECTION('',(1.,0.,0.));
#3080=DIRECTION('',(0.,1.,0.));
#3081=DIRECTION('',(1.,0.,0.));
#3082=DIRECTION('',(0.,1.,0.));
#3083=DIRECTION('',(1.,0.,0.));
#3084=DIRECTION('',(0.,-0.5,-0.866025403784439));
#3085=DIRECTION('',(1.,0.,0.));
#3086=DIRECTION('',(0.,-0.866025403784439,0.5));
#3087=DIRECTION('',(0.,0.866025403784439,-0.5));
#3088=DIRECTION('',(0.,1.,0.));
#3089=DIRECTION('',(1.,0.,0.));
#3090=DIRECTION('',(-0.5,-0.866025403784439,0.));
#3091=DIRECTION('',(0.,1.,0.));
#3092=DIRECTION('',(1.,0.,0.));
#3093=DIRECTION('',(-0.5,0.866025403784439,0.));
#3094=DIRECTION('',(-0.866025403784439,0.5,0.));
#3095=DIRECTION('',(0.,0.,1.));
#3096=DIRECTION('',(-0.866025403784439,-0.5,0.));
#3097=DIRECTION('',(0.,0.,-1.));
#3098=DIRECTION('',(-0.5,0.866025403784439,0.));
#3099=DIRECTION('',(0.,1.,0.));
#3100=DIRECTION('',(1.,0.,0.));
#3101=DIRECTION('',(0.,0.866025403784439,0.5));
#3102=DIRECTION('',(0.,-0.5,0.866025403784439));
#3103=DIRECTION('',(-1.,0.,0.));
#3104=DIRECTION('',(0.,0.939692620785908,0.342020143325668));
#3105=DIRECTION('',(0.,-0.342020143325668,0.939692620785909));
#3106=DIRECTION('',(0.,0.939692620785908,0.342020143325668));
#3107=DIRECTION('',(0.,-0.342020143325668,0.939692620785909));
#3108=DIRECTION('',(0.,0.,1.));
#3109=DIRECTION('',(0.,-1.,0.));
#3110=DIRECTION('',(0.,0.,1.));
#3111=DIRECTION('',(0.,-1.,0.));
#3112=DIRECTION('',(0.,0.939692620785908,0.342020143325669));
#3113=DIRECTION('',(0.,-0.342020143325669,0.939692620785908));
#3114=DIRECTION('',(1.,0.,0.));
#3115=DIRECTION('',(-0.20903995420694,-0.334463926731105,0.918932086315834));
#3116=DIRECTION('',(0.,0.939692620785908,0.342020143325669));
#3117=DIRECTION('',(0.,0.342020143325669,-0.939692620785908));
#3118=DIRECTION('',(1.,0.,0.));
#3119=DIRECTION('',(0.,0.939692620785908,0.342020143325669));
#3120=DIRECTION('',(0.,0.342020143325669,-0.939692620785908));
#3121=DIRECTION('',(0.20903995420694,-0.334463926731105,0.918932086315834));
#3122=DIRECTION('',(1.,0.,0.));
#3123=DIRECTION('',(0.,-1.,0.));
#3124=DIRECTION('',(-0.954479978035029,0.298274993135948,0.));
#3125=DIRECTION('',(0.298274993135948,0.954479978035029,0.));
#3126=DIRECTION('',(-0.95447997803503,-0.298274993135946,0.));
#3127=DIRECTION('',(0.298274993135946,-0.95447997803503,0.));
#3128=DIRECTION('',(-0.243578422733588,-0.331718908772306,0.911390211458038));
#3129=DIRECTION('',(0.,-0.939692620785908,-0.342020143325669));
#3130=DIRECTION('',(0.,0.939692620785908,0.342020143325669));
#3131=DIRECTION('',(0.,-0.342020143325669,0.939692620785908));
#3132=DIRECTION('',(-1.,0.,0.));
#3133=DIRECTION('',(0.,1.,0.));
#3134=DIRECTION('',(1.,0.,0.));
#3135=DIRECTION('',(0.,-1.,0.));
#3136=DIRECTION('',(-1.,3.46944695195362E-16,-9.53222715848821E-16));
#3137=DIRECTION('',(-9.53222715848821E-16,0.,1.));
#3138=DIRECTION('',(0.243578422733588,-0.331718908772306,0.911390211458038));
#3139=DIRECTION('',(0.,-0.939692620785908,-0.342020143325669));
#3140=DIRECTION('',(0.,0.939692620785908,0.342020143325669));
#3141=DIRECTION('',(0.,-0.342020143325669,0.939692620785908));
#3142=DIRECTION('',(-0.52999894000318,-0.847998304005089,0.));
#3143=DIRECTION('',(-0.847998304005088,0.52999894000318,0.));
#3144=DIRECTION('',(-0.52999894000318,-0.847998304005088,0.));
#3145=DIRECTION('',(-0.847998304005088,0.52999894000318,0.));
#3146=DIRECTION('',(0.52999894000318,0.847998304005088,0.));
#3147=DIRECTION('',(0.847998304005088,-0.52999894000318,0.));
#3148=DIRECTION('',(0.847998304005088,-0.52999894000318,0.));
#3149=DIRECTION('',(-0.52999894000318,-0.847998304005089,0.));
#3150=DIRECTION('',(0.,0.,-1.));
#3151=DIRECTION('',(0.,1.,0.));
#3152=DIRECTION('',(-0.51199241669884,-0.819187866718145,0.258447294945519));
#3153=DIRECTION('',(-0.847998304005088,0.52999894000318,0.));
#3154=DIRECTION('',(0.,0.,-1.));
#3155=DIRECTION('',(0.,1.,0.));
#3156=DIRECTION('',(0.,0.,-1.));
#3157=DIRECTION('',(0.,1.,0.));
#3158=DIRECTION('',(0.20903995420694,0.334463926731105,-0.918932086315834));
#3159=DIRECTION('',(0.,0.939692620785908,0.342020143325669));
#3160=DIRECTION('',(0.847998304005088,-0.52999894000318,0.));
#3161=DIRECTION('',(-0.52999894000318,-0.847998304005089,0.));
#3162=DIRECTION('',(-0.52999894000318,-0.847998304005088,0.));
#3163=DIRECTION('',(-0.847998304005088,0.52999894000318,0.));
#3164=DIRECTION('',(0.20903995420694,0.334463926731105,-0.918932086315834));
#3165=DIRECTION('',(0.,0.939692620785908,0.342020143325669));
#3166=DIRECTION('',(0.209039954206939,0.334463926731102,-0.918932086315835));
#3167=DIRECTION('',(0.,0.939692620785909,0.342020143325666));
#3168=DIRECTION('',(0.52999894000318,0.847998304005089,0.));
#3169=DIRECTION('',(0.847998304005088,-0.52999894000318,0.));
#3170=DIRECTION('',(-0.529998940003179,-0.847998304005089,0.));
#3171=DIRECTION('',(-0.847998304005089,0.529998940003179,0.));
#3172=DIRECTION('',(0.51199241669884,-0.819187866718144,0.258447294945521));
#3173=DIRECTION('',(-0.847998304005088,-0.52999894000318,0.));
#3174=DIRECTION('',(-0.52999894000318,0.847998304005088,0.));
#3175=DIRECTION('',(0.847998304005088,0.52999894000318,0.));
#3176=DIRECTION('',(-0.20903995420694,0.334463926731105,-0.918932086315834));
#3177=DIRECTION('',(0.,0.939692620785908,0.342020143325669));
#3178=DIRECTION('',(0.52999894000318,-0.847998304005088,0.));
#3179=DIRECTION('',(-0.847998304005088,-0.52999894000318,0.));
#3180=DIRECTION('',(-0.52999894000318,0.847998304005088,0.));
#3181=DIRECTION('',(0.847998304005088,0.52999894000318,0.));
#3182=DIRECTION('',(0.20903995420694,-0.334463926731105,0.918932086315834));
#3183=DIRECTION('',(0.,-0.939692620785908,-0.342020143325669));
#3184=DIRECTION('',(-0.209039954206938,0.334463926731102,-0.918932086315835));
#3185=DIRECTION('',(0.,0.939692620785909,0.342020143325666));
#3186=DIRECTION('',(0.847998304005088,0.52999894000318,0.));
#3187=DIRECTION('',(0.52999894000318,-0.847998304005088,0.));
#3188=DIRECTION('',(0.,0.,-1.));
#3189=DIRECTION('',(0.,1.,0.));
#3190=DIRECTION('',(-0.52999894000318,0.847998304005088,-1.47104256554614E-15));
#3191=DIRECTION('',(0.847998304005088,0.52999894000318,0.));
#3192=DIRECTION('',(0.,0.,-1.));
#3193=DIRECTION('',(0.,1.,0.));
#3194=DIRECTION('',(0.,0.,-1.));
#3195=DIRECTION('',(0.,1.,0.));
#3196=DIRECTION('',(-0.52999894000318,0.847998304005088,0.));
#3197=DIRECTION('',(0.847998304005088,0.52999894000318,0.));
#3198=DIRECTION('',(-0.52999894000318,0.847998304005088,0.));
#3199=DIRECTION('',(0.847998304005088,0.52999894000318,0.));
#3200=DIRECTION('',(0.847998304005088,0.52999894000318,0.));
#3201=DIRECTION('',(0.52999894000318,-0.847998304005088,0.));
#3202=CARTESIAN_POINT('',(0.,0.,0.));
#3203=CARTESIAN_POINT('',(0.0295,0.016,-0.145));
#3204=CARTESIAN_POINT('',(0.079,0.026,-0.145));
#3205=CARTESIAN_POINT('',(0.079,0.0318,-0.145));
#3206=CARTESIAN_POINT('',(0.079,0.0274339811320566,-0.145));
#3207=CARTESIAN_POINT('',(0.0599566376934577,-0.00303539855841105,-0.145));
#3208=CARTESIAN_POINT('',(0.0723238089062753,0.0167520753820971,-0.145));
#3209=CARTESIAN_POINT('',(0.0295,0.0167520753820971,-0.145));
#3210=CARTESIAN_POINT('',(0.0354526786087982,0.0167520753820971,-0.145));
#3211=CARTESIAN_POINT('',(0.0295,0.016,-0.145));
#3212=CARTESIAN_POINT('',(0.0235473213912019,0.0167520753820971,-0.145));
#3213=CARTESIAN_POINT('',(0.0295,0.0167520753820971,-0.145));
#3214=CARTESIAN_POINT('',(-0.0133238089062753,0.0167520753820971,-0.145));
#3215=CARTESIAN_POINT('',(-0.000956637693457718,-0.00303539855841106,-0.145));
#3216=CARTESIAN_POINT('',(-0.02,0.0274339811320566,-0.145));
#3217=CARTESIAN_POINT('',(-0.02,0.016,-0.145));
#3218=CARTESIAN_POINT('',(-0.02,0.0318,-0.145));
#3219=CARTESIAN_POINT('',(-0.02,0.0318,-0.145));
#3220=CARTESIAN_POINT('',(-0.015,0.0318,-0.145));
#3221=CARTESIAN_POINT('',(-0.0158,0.0318,-0.145));
#3222=CARTESIAN_POINT('',(0.074,0.0318,-0.145));
#3223=CARTESIAN_POINT('',(0.079,0.0318,-0.145));
#3224=CARTESIAN_POINT('',(0.0295,0.016,-0.071));
#3225=CARTESIAN_POINT('',(0.0235,0.016,-0.184663510492077));
#3226=CARTESIAN_POINT('',(0.0235,0.016,-0.101589856772617));
#3227=CARTESIAN_POINT('',(0.0235,0.016,-0.077));
#3228=CARTESIAN_POINT('',(-0.0158,0.016,-0.101589856772617));
#3229=CARTESIAN_POINT('',(-0.0052,0.016,-0.101589856772617));
#3230=CARTESIAN_POINT('',(-0.0052,0.016,-0.1048));
#3231=CARTESIAN_POINT('',(-0.0052,0.016,-0.0967899748742133));
#3232=CARTESIAN_POINT('',(-0.015,0.016,-0.0948));
#3233=CARTESIAN_POINT('',(-0.005,0.016,-0.0948));
#3234=CARTESIAN_POINT('',(-0.005,0.016,-0.071));
#3235=CARTESIAN_POINT('',(-0.005,0.016,-0.013));
#3236=CARTESIAN_POINT('',(-0.008,0.016,-0.013));
#3237=CARTESIAN_POINT('',(-0.008,0.016,-0.01));
#3238=CARTESIAN_POINT('',(-0.0115,0.016,-0.01));
#3239=CARTESIAN_POINT('',(-0.015,0.016,-0.01));
#3240=CARTESIAN_POINT('',(-0.015,0.016,-0.007));
#3241=CARTESIAN_POINT('',(-0.018,0.016,-0.007));
#3242=CARTESIAN_POINT('',(-0.018,0.016,-0.0035));
#3243=CARTESIAN_POINT('',(-0.018,0.016,2.60208521396521E-18));
#3244=CARTESIAN_POINT('',(-0.015,0.016,2.60208521396521E-18));
#3245=CARTESIAN_POINT('',(-0.015,0.016,0.003));
#3246=CARTESIAN_POINT('',(0.0295,0.016,0.003));
#3247=CARTESIAN_POINT('',(0.0235,0.016,0.003));
#3248=CARTESIAN_POINT('',(0.0235,0.016,-0.184663510492077));
#3249=CARTESIAN_POINT('',(0.0235,0.016,0.));
#3250=CARTESIAN_POINT('',(0.04425,0.016,0.));
#3251=CARTESIAN_POINT('',(0.002,0.016,0.));
#3252=CARTESIAN_POINT('',(0.002,0.016,-0.002));
#3253=CARTESIAN_POINT('',(0.,0.016,-0.002));
#3254=CARTESIAN_POINT('',(0.,0.016,-0.0385));
#3255=CARTESIAN_POINT('',(0.,0.016,-0.075));
#3256=CARTESIAN_POINT('',(0.002,0.016,-0.075));
#3257=CARTESIAN_POINT('',(0.002,0.016,-0.077));
#3258=CARTESIAN_POINT('',(0.0295,0.016,-0.077));
#3259=CARTESIAN_POINT('',(-0.0115,0.016,-0.0035));
#3260=CARTESIAN_POINT('',(-0.00895,0.016,-0.0035));
#3261=CARTESIAN_POINT('',(0.0295,0.016,-0.071));
#3262=CARTESIAN_POINT('',(0.0355,0.016,-0.184663510492077));
#3263=CARTESIAN_POINT('',(0.0355,0.016,0.003));
#3264=CARTESIAN_POINT('',(0.0355,0.016,0.));
#3265=CARTESIAN_POINT('',(0.0295,0.016,0.003));
#3266=CARTESIAN_POINT('',(0.074,0.016,0.003));
#3267=CARTESIAN_POINT('',(0.074,0.016,2.60208521396521E-18));
#3268=CARTESIAN_POINT('',(0.077,0.016,2.60208521396521E-18));
#3269=CARTESIAN_POINT('',(0.077,0.016,-0.0035));
#3270=CARTESIAN_POINT('',(0.077,0.016,-0.007));
#3271=CARTESIAN_POINT('',(0.074,0.016,-0.007));
#3272=CARTESIAN_POINT('',(0.074,0.016,-0.01));
#3273=CARTESIAN_POINT('',(0.0705,0.016,-0.01));
#3274=CARTESIAN_POINT('',(0.067,0.016,-0.01));
#3275=CARTESIAN_POINT('',(0.067,0.016,-0.013));
#3276=CARTESIAN_POINT('',(0.064,0.016,-0.013));
#3277=CARTESIAN_POINT('',(0.064,0.016,-0.071));
#3278=CARTESIAN_POINT('',(0.064,0.016,-0.047));
#3279=CARTESIAN_POINT('',(0.059,0.016,-0.047));
#3280=CARTESIAN_POINT('',(0.059,0.016,-0.047));
#3281=CARTESIAN_POINT('',(0.059,0.016,-0.0385));
#3282=CARTESIAN_POINT('',(0.059,0.016,-0.002));
#3283=CARTESIAN_POINT('',(0.057,0.016,-0.002));
#3284=CARTESIAN_POINT('',(0.057,0.016,0.));
#3285=CARTESIAN_POINT('',(0.04425,0.016,0.));
#3286=CARTESIAN_POINT('',(0.0705,0.016,-0.0035));
#3287=CARTESIAN_POINT('',(0.07305,0.016,-0.0035));
#3288=CARTESIAN_POINT('',(0.0295,0.016,0.003));
#3289=CARTESIAN_POINT('',(0.0295,0.016,0.003));
#3290=CARTESIAN_POINT('',(-0.015,0.016,0.003));
#3291=CARTESIAN_POINT('',(-0.015,0.006,0.003));
#3292=CARTESIAN_POINT('',(-0.0115,0.006,0.003));
#3293=CARTESIAN_POINT('',(-0.00796148139681572,0.006,0.003));
#3294=CARTESIAN_POINT('',(-0.00796148139681572,0.003,0.003));
#3295=CARTESIAN_POINT('',(-0.00513305427206953,0.004,0.003));
#3296=CARTESIAN_POINT('',(0.0295,0.004,0.003));
#3297=CARTESIAN_POINT('',(0.0641330542720695,0.004,0.003));
#3298=CARTESIAN_POINT('',(0.0669614813968157,0.003,0.003));
#3299=CARTESIAN_POINT('',(0.0669614813968157,0.006,0.003));
#3300=CARTESIAN_POINT('',(0.0705,0.006,0.003));
#3301=CARTESIAN_POINT('',(0.074,0.006,0.003));
#3302=CARTESIAN_POINT('',(0.074,0.016,0.003));
#3303=CARTESIAN_POINT('',(0.064,0.016,-0.071));
#3304=CARTESIAN_POINT('',(0.064,0.01,-0.049));
#3305=CARTESIAN_POINT('',(0.064,0.014,-0.049));
#3306=CARTESIAN_POINT('',(0.064,0.006,-0.049));
#3307=CARTESIAN_POINT('',(0.064,0.014,-0.047));
#3308=CARTESIAN_POINT('',(0.064,0.006,-0.013));
#3309=CARTESIAN_POINT('',(0.064,0.004,-0.013));
#3310=CARTESIAN_POINT('',(0.064,0.004,-0.071));
#3311=CARTESIAN_POINT('',(0.064,0.004,-0.051));
#3312=CARTESIAN_POINT('',(0.064,0.006,-0.051));
#3313=CARTESIAN_POINT('',(-0.0115,0.006,-0.0035));
#3314=CARTESIAN_POINT('',(-0.0115,0.011,-0.0035));
#3315=CARTESIAN_POINT('',(-0.01405,0.011,-0.0035));
#3316=CARTESIAN_POINT('',(0.0705,0.006,-0.0035));
#3317=CARTESIAN_POINT('',(0.0705,0.011,-0.0035));
#3318=CARTESIAN_POINT('',(0.06795,0.011,-0.0035));
#3319=CARTESIAN_POINT('',(0.064,0.016,-0.071));
#3320=CARTESIAN_POINT('',(0.064,0.016,-0.071));
#3321=CARTESIAN_POINT('',(0.064,0.016,-0.0675));
#3322=CARTESIAN_POINT('',(0.064,0.016,-0.0948));
#3323=CARTESIAN_POINT('',(0.064,0.014,-0.0675));
#3324=CARTESIAN_POINT('',(0.064,0.014,-0.0655));
#3325=CARTESIAN_POINT('',(0.064,0.01,-0.0655));
#3326=CARTESIAN_POINT('',(0.064,0.006,-0.0655));
#3327=CARTESIAN_POINT('',(0.064,0.006,-0.0635));
#3328=CARTESIAN_POINT('',(0.064,0.004,-0.0635));
#3329=CARTESIAN_POINT('',(0.064,0.004,-0.071));
#3330=CARTESIAN_POINT('',(0.064,0.004,-0.0948));
#3331=CARTESIAN_POINT('',(0.064,0.016,-0.0948));
#3332=CARTESIAN_POINT('',(-0.005,0.016,-0.071));
#3333=CARTESIAN_POINT('',(-0.005,0.004,-0.071));
#3334=CARTESIAN_POINT('',(-0.005,0.004,-0.0948));
#3335=CARTESIAN_POINT('',(-0.005,0.004,-0.013));
#3336=CARTESIAN_POINT('',(-0.005,0.016,-0.013));
#3337=CARTESIAN_POINT('',(-0.005,-0.006,-0.0948));
#3338=CARTESIAN_POINT('',(0.0295,0.,-0.071));
#3339=CARTESIAN_POINT('',(0.002,0.,-0.071));
#3340=CARTESIAN_POINT('',(0.002,0.,-0.075));
#3341=CARTESIAN_POINT('',(0.002,0.,-0.002));
#3342=CARTESIAN_POINT('',(0.0295,0.,-0.002));
#3343=CARTESIAN_POINT('',(0.057,0.,-0.002));
#3344=CARTESIAN_POINT('',(0.057,0.,-0.075));
#3345=CARTESIAN_POINT('',(0.057,0.,-0.075));
#3346=CARTESIAN_POINT('',(0.0295,0.,-0.075));
#3347=CARTESIAN_POINT('',(0.0095,0.,-0.0385));
#3348=CARTESIAN_POINT('',(0.0095,0.,-0.0645));
#3349=CARTESIAN_POINT('',(0.0095,0.,-0.0125));
#3350=CARTESIAN_POINT('',(0.0125,0.,-0.0645));
#3351=CARTESIAN_POINT('',(0.0125,0.,-0.0675));
#3352=CARTESIAN_POINT('',(0.0295,0.,-0.0675));
#3353=CARTESIAN_POINT('',(0.0465,0.,-0.0675));
#3354=CARTESIAN_POINT('',(0.0465,0.,-0.0645));
#3355=CARTESIAN_POINT('',(0.0495,0.,-0.0645));
#3356=CARTESIAN_POINT('',(0.0495,0.,-0.0385));
#3357=CARTESIAN_POINT('',(0.0495,0.,-0.0125));
#3358=CARTESIAN_POINT('',(0.0465,0.,-0.0125));
#3359=CARTESIAN_POINT('',(0.0465,0.,-0.0095));
#3360=CARTESIAN_POINT('',(0.0295,0.,-0.0095));
#3361=CARTESIAN_POINT('',(0.0125,0.,-0.0095));
#3362=CARTESIAN_POINT('',(0.0125,0.,-0.0125));
#3363=CARTESIAN_POINT('',(0.0295,-0.006,-0.071));
#3364=CARTESIAN_POINT('',(-0.015,-0.006,-0.0948));
#3365=CARTESIAN_POINT('',(0.005,-0.006,-0.0948));
#3366=CARTESIAN_POINT('',(0.00432184019391119,-0.006,-0.099963960836505));
#3367=CARTESIAN_POINT('',(0.0295,-0.006,-0.099963960836505));
#3368=CARTESIAN_POINT('',(0.0546781598060888,-0.006,-0.099963960836505));
#3369=CARTESIAN_POINT('',(0.074,-0.006,-0.0948));
#3370=CARTESIAN_POINT('',(0.054,-0.006,-0.0948));
#3371=CARTESIAN_POINT('',(0.054,-0.006,-0.071));
#3372=CARTESIAN_POINT('',(0.054,-0.006,-0.007));
#3373=CARTESIAN_POINT('',(0.0295,-0.006,-0.007));
#3374=CARTESIAN_POINT('',(0.005,-0.006,-0.007));
#3375=CARTESIAN_POINT('',(0.005,-0.006,-0.071));
#3376=CARTESIAN_POINT('',(0.0295,-0.006,-0.0675));
#3377=CARTESIAN_POINT('',(0.0125,-0.006,-0.0675));
#3378=CARTESIAN_POINT('',(0.0465,-0.006,-0.0675));
#3379=CARTESIAN_POINT('',(0.0125,-0.006,-0.0645));
#3380=CARTESIAN_POINT('',(0.0095,-0.006,-0.0645));
#3381=CARTESIAN_POINT('',(0.0095,-0.006,-0.071));
#3382=CARTESIAN_POINT('',(0.0095,-0.006,-0.0125));
#3383=CARTESIAN_POINT('',(0.0125,-0.006,-0.0125));
#3384=CARTESIAN_POINT('',(0.0125,-0.006,-0.0095));
#3385=CARTESIAN_POINT('',(0.0295,-0.006,-0.0095));
#3386=CARTESIAN_POINT('',(0.0465,-0.006,-0.0095));
#3387=CARTESIAN_POINT('',(0.0465,-0.006,-0.0125));
#3388=CARTESIAN_POINT('',(0.0495,-0.006,-0.0125));
#3389=CARTESIAN_POINT('',(0.0495,-0.006,-0.071));
#3390=CARTESIAN_POINT('',(0.0495,-0.006,-0.0645));
#3391=CARTESIAN_POINT('',(0.0465,-0.006,-0.0645));
#3392=CARTESIAN_POINT('',(0.059,0.016,-0.0385));
#3393=CARTESIAN_POINT('',(0.059,0.016,-0.075));
#3394=CARTESIAN_POINT('',(0.059,0.016,-0.075));
#3395=CARTESIAN_POINT('',(0.059,0.00346410161513775,-0.075));
#3396=CARTESIAN_POINT('',(0.059,0.00346410161513775,-0.002));
#3397=CARTESIAN_POINT('',(0.059,0.00346410160454621,-0.002));
#3398=CARTESIAN_POINT('',(0.059,0.016,-0.002));
#3399=CARTESIAN_POINT('',(0.059,0.014,-0.047));
#3400=CARTESIAN_POINT('',(0.059,0.014,-0.049));
#3401=CARTESIAN_POINT('',(0.059,0.016,-0.049));
#3402=CARTESIAN_POINT('',(0.059,0.006,-0.049));
#3403=CARTESIAN_POINT('',(0.059,0.006,-0.051));
#3404=CARTESIAN_POINT('',(0.059,0.004,-0.051));
#3405=CARTESIAN_POINT('',(0.059,0.004,-0.0385));
#3406=CARTESIAN_POINT('',(0.059,0.004,-0.0635));
#3407=CARTESIAN_POINT('',(0.059,0.006,-0.0635));
#3408=CARTESIAN_POINT('',(0.059,0.006,-0.0655));
#3409=CARTESIAN_POINT('',(0.059,0.016,-0.0655));
#3410=CARTESIAN_POINT('',(0.059,0.014,-0.0655));
#3411=CARTESIAN_POINT('',(0.059,0.014,-0.0675));
#3412=CARTESIAN_POINT('',(0.059,0.016,-0.0675));
#3413=CARTESIAN_POINT('',(0.059,0.016,-0.0385));
#3414=CARTESIAN_POINT('',(0.0295,0.016,-0.071));
#3415=CARTESIAN_POINT('',(0.0355,0.016,-0.184663510492077));
#3416=CARTESIAN_POINT('',(0.0355,0.016,-0.077));
#3417=CARTESIAN_POINT('',(0.0355,0.016,-0.101589856772617));
#3418=CARTESIAN_POINT('',(0.0295,0.016,-0.077));
#3419=CARTESIAN_POINT('',(0.057,0.016,-0.077));
#3420=CARTESIAN_POINT('',(0.057,0.016,-0.075));
#3421=CARTESIAN_POINT('',(0.0295,0.016,-0.0675));
#3422=CARTESIAN_POINT('',(0.074,0.016,-0.0948));
#3423=CARTESIAN_POINT('',(0.0642,0.016,-0.0967899748742133));
#3424=CARTESIAN_POINT('',(0.0642,0.016,-0.1048));
#3425=CARTESIAN_POINT('',(0.0642,0.016,-0.101589856772617));
#3426=CARTESIAN_POINT('',(-0.0158,0.016,-0.101589856772617));
#3427=CARTESIAN_POINT('',(0.074,0.01,-0.1048));
#3428=CARTESIAN_POINT('',(0.07975,0.0192,-0.14));
#3429=CARTESIAN_POINT('',(0.0832399915200254,0.0247839864320407,-0.139116847017697));
#3430=CARTESIAN_POINT('',(0.0761502685513486,0.0134404296821577,-0.139956028445671));
#3431=CARTESIAN_POINT('',(0.0832399915200254,0.0247839864320407,-0.1048));
#3432=CARTESIAN_POINT('',(0.0832399915200254,0.0247839864320407,-0.125783152982303));
#3433=CARTESIAN_POINT('',(0.07975,0.0192,-0.1249));
#3434=CARTESIAN_POINT('',(0.0832399915200254,0.0247839864320407,-0.124016847017697));
#3435=CARTESIAN_POINT('',(0.0832399915200254,0.0247839864320407,-0.1048));
#3436=CARTESIAN_POINT('',(0.0832399915200254,0.0247839864320407,-0.110683152982303));
#3437=CARTESIAN_POINT('',(0.07975,0.0192,-0.1098));
#3438=CARTESIAN_POINT('',(0.0761529577122025,0.013444732339524,-0.109654100103507));
#3439=CARTESIAN_POINT('',(0.0782399915200254,0.0167839864320407,-0.0948));
#3440=CARTESIAN_POINT('',(0.0714805519535366,0.0059688831256586,-0.108190667524324));
#3441=CARTESIAN_POINT('',(0.0714805519535366,0.0059688831256586,-0.108190667524324));
#3442=CARTESIAN_POINT('',(0.0712427359677456,0.005588377548393,-0.108070621023208));
#3443=CARTESIAN_POINT('',(0.0707641510981125,0.00482264175697992,-0.107879871692119));
#3444=CARTESIAN_POINT('',(0.0700404841226101,0.00366477459617616,-0.107769288011996));
#3445=CARTESIAN_POINT('',(0.0692929724570803,0.00246875593132852,-0.10792922570508));
#3446=CARTESIAN_POINT('',(0.0686162028357681,0.00138592453722887,-0.108593175063002));
#3447=CARTESIAN_POINT('',(0.0682111970304993,0.000737915248798802,-0.10982979897325));
#3448=CARTESIAN_POINT('',(0.0681071719680992,0.000571475148958594,-0.111235712674239));
#3449=CARTESIAN_POINT('',(0.0681957686159903,0.00071322978558452,-0.112628325411378));
#3450=CARTESIAN_POINT('',(0.0683517583911573,0.000962813425851543,-0.113519181906145));
#3451=CARTESIAN_POINT('',(0.0684497712796509,0.00111963404744136,-0.113950043022868));
#3452=CARTESIAN_POINT('',(0.0684497712796509,0.00111963404744137,-0.113950043022868));
#3453=CARTESIAN_POINT('',(0.0737565930224464,0.00961054883591432,-0.13727863967471));
#3454=CARTESIAN_POINT('',(0.0736272609863448,0.0094036175781517,-0.136710100716628));
#3455=CARTESIAN_POINT('',(0.0765638004263008,0.0141020806820812,-0.135));
#3456=CARTESIAN_POINT('',(-0.015,0.01,-0.1048));
#3457=CARTESIAN_POINT('',(-0.02075,0.0192,-0.1098));
#3458=CARTESIAN_POINT('',(-0.0171529577122025,0.013444732339524,-0.109654100103507));
#3459=CARTESIAN_POINT('',(-0.0242399915200254,0.0247839864320407,-0.110683152982303));
#3460=CARTESIAN_POINT('',(-0.0242399915200254,0.0247839864320407,-0.1048));
#3461=CARTESIAN_POINT('',(-0.0242399915200254,0.0247839864320407,-0.124016847017697));
#3462=CARTESIAN_POINT('',(-0.02075,0.0192,-0.1249));
#3463=CARTESIAN_POINT('',(-0.0242399915200254,0.0247839864320407,-0.125783152982303));
#3464=CARTESIAN_POINT('',(-0.0242399915200254,0.0247839864320407,-0.1048));
#3465=CARTESIAN_POINT('',(-0.0242399915200254,0.0247839864320407,-0.139116847017697));
#3466=CARTESIAN_POINT('',(-0.02075,0.0192,-0.14));
#3467=CARTESIAN_POINT('',(-0.0171502685513486,0.0134404296821577,-0.139956028445671));
#3468=CARTESIAN_POINT('',(-0.0175638004263008,0.0141020806820812,-0.135));
#3469=CARTESIAN_POINT('',(-0.0146272609863448,0.00940361757815169,-0.136710100716628));
#3470=CARTESIAN_POINT('',(-0.00855552208157963,-0.000311164669472579,-0.110018955856362));
#3471=CARTESIAN_POINT('',(-0.00944977127965084,0.00111963404744135,-0.113950043022868));
#3472=CARTESIAN_POINT('',(-0.00944977127965084,0.00111963404744135,-0.113950043022868));
#3473=CARTESIAN_POINT('',(-0.0093517583911572,0.000962813425851536,-0.113519181906145));
#3474=CARTESIAN_POINT('',(-0.00919576861599028,0.000713229785584444,-0.112628325411378));
#3475=CARTESIAN_POINT('',(-0.00910717196809914,0.000571475148958611,-0.111235712674239));
#3476=CARTESIAN_POINT('',(-0.00921119703049922,0.000737915248798747,-0.10982979897325));
#3477=CARTESIAN_POINT('',(-0.00961620283576797,0.00138592453722875,-0.108593175063002));
#3478=CARTESIAN_POINT('',(-0.0102929724570804,0.00246875593132864,-0.10792922570508));
#3479=CARTESIAN_POINT('',(-0.0110404841226101,0.00366477459617614,-0.107769288011996));
#3480=CARTESIAN_POINT('',(-0.0117641510981125,0.00482264175697994,-0.107879871692119));
#3481=CARTESIAN_POINT('',(-0.0122427359677456,0.00558837754839299,-0.108070621023208));
#3482=CARTESIAN_POINT('',(-0.0124805519535366,0.00596888312565859,-0.108190667524324));
#3483=CARTESIAN_POINT('',(-0.0124805519535366,0.00596888312565859,-0.108190667524324));
#3484=CARTESIAN_POINT('',(-0.0192399915200254,0.0167839864320408,-0.0948));
#3485=CARTESIAN_POINT('',(-0.02075,0.0068,-0.14));
#3486=CARTESIAN_POINT('',(-0.02075,0.0318,-0.14));
#3487=CARTESIAN_POINT('',(-0.01865,0.0318,-0.14));
#3488=CARTESIAN_POINT('',(-0.02075,0.027,-0.14));
#3489=CARTESIAN_POINT('',(-0.02285,0.027,-0.14));
#3490=CARTESIAN_POINT('',(-0.02075,0.0068,-0.1098));
#3491=CARTESIAN_POINT('',(-0.02075,0.0318,-0.1098));
#3492=CARTESIAN_POINT('',(-0.01865,0.0318,-0.1098));
#3493=CARTESIAN_POINT('',(-0.02075,0.027,-0.1098));
#3494=CARTESIAN_POINT('',(-0.02285,0.027,-0.1098));
#3495=CARTESIAN_POINT('',(-0.02075,0.0068,-0.1249));
#3496=CARTESIAN_POINT('',(-0.02075,0.0318,-0.1249));
#3497=CARTESIAN_POINT('',(-0.01865,0.0318,-0.1249));
#3498=CARTESIAN_POINT('',(-0.02075,0.027,-0.1249));
#3499=CARTESIAN_POINT('',(-0.02285,0.027,-0.1249));
#3500=CARTESIAN_POINT('',(0.07975,0.0068,-0.1098));
#3501=CARTESIAN_POINT('',(0.07975,0.0318,-0.1098));
#3502=CARTESIAN_POINT('',(0.08185,0.0318,-0.1098));
#3503=CARTESIAN_POINT('',(0.07975,0.027,-0.1098));
#3504=CARTESIAN_POINT('',(0.07765,0.027,-0.1098));
#3505=CARTESIAN_POINT('',(0.07975,0.0068,-0.1249));
#3506=CARTESIAN_POINT('',(0.07975,0.0318,-0.1249));
#3507=CARTESIAN_POINT('',(0.08185,0.0318,-0.1249));
#3508=CARTESIAN_POINT('',(0.07975,0.027,-0.1249));
#3509=CARTESIAN_POINT('',(0.07765,0.027,-0.1249));
#3510=CARTESIAN_POINT('',(0.07975,0.0068,-0.14));
#3511=CARTESIAN_POINT('',(0.07975,0.0318,-0.14));
#3512=CARTESIAN_POINT('',(0.08185,0.0318,-0.14));
#3513=CARTESIAN_POINT('',(0.07975,0.027,-0.14));
#3514=CARTESIAN_POINT('',(0.07765,0.027,-0.14));
#3515=CARTESIAN_POINT('',(0.079,0.0318,-0.1048));
#3516=CARTESIAN_POINT('',(0.079,0.0318,-0.1048));
#3517=CARTESIAN_POINT('',(0.074,0.0318,-0.1048));
#3518=CARTESIAN_POINT('',(0.079,0.0318,-0.1048));
#3519=CARTESIAN_POINT('',(0.079,0.0318,-0.1098));
#3520=CARTESIAN_POINT('',(0.084,0.0318,-0.1098));
#3521=CARTESIAN_POINT('',(0.084,0.0318,-0.1048));
#3522=CARTESIAN_POINT('',(0.084,0.0318,-0.14));
#3523=CARTESIAN_POINT('',(0.079,0.0318,-0.14));
#3524=CARTESIAN_POINT('',(0.074,0.0318,-0.1048));
#3525=CARTESIAN_POINT('',(-0.02,0.0318,-0.1048));
#3526=CARTESIAN_POINT('',(-0.02,0.0318,-0.14));
#3527=CARTESIAN_POINT('',(-0.025,0.0318,-0.14));
#3528=CARTESIAN_POINT('',(-0.025,0.0318,-0.1048));
#3529=CARTESIAN_POINT('',(-0.025,0.0318,-0.1098));
#3530=CARTESIAN_POINT('',(-0.02,0.0318,-0.1098));
#3531=CARTESIAN_POINT('',(-0.02,0.0318,-0.1048));
#3532=CARTESIAN_POINT('',(-0.02,0.0318,-0.1048));
#3533=CARTESIAN_POINT('',(-0.015,0.0318,-0.1048));
#3534=CARTESIAN_POINT('',(-0.015,0.0318,-0.1048));
#3535=CARTESIAN_POINT('',(0.,0.016,-0.0385));
#3536=CARTESIAN_POINT('',(0.,0.,-0.002));
#3537=CARTESIAN_POINT('',(0.,0.00346410161513775,-0.002));
#3538=CARTESIAN_POINT('',(0.,0.00346410161513775,-0.0385));
#3539=CARTESIAN_POINT('',(0.,0.00346410161513775,-0.075));
#3540=CARTESIAN_POINT('',(0.,0.016,-0.075));
#3541=CARTESIAN_POINT('',(0.0295,0.016,-0.077));
#3542=CARTESIAN_POINT('',(0.0295,0.016,-0.077));
#3543=CARTESIAN_POINT('',(0.002,0.,-0.077));
#3544=CARTESIAN_POINT('',(0.002,0.00346410161513775,-0.077));
#3545=CARTESIAN_POINT('',(0.0295,0.00346410161513775,-0.077));
#3546=CARTESIAN_POINT('',(0.057,0.00346410161513775,-0.077));
#3547=CARTESIAN_POINT('',(0.057,0.016,-0.077));
#3548=CARTESIAN_POINT('',(0.04425,0.016,0.));
#3549=CARTESIAN_POINT('',(0.0295,0.016,0.));
#3550=CARTESIAN_POINT('',(0.057,0.016,0.));
#3551=CARTESIAN_POINT('',(0.0570012281435866,0.00346410160564198,8.67554834477265E-6));
#3552=CARTESIAN_POINT('',(0.04425,0.00346410161513775,0.));
#3553=CARTESIAN_POINT('',(0.002,0.00346410161513775,0.));
#3554=CARTESIAN_POINT('',(0.002,0.016,0.));
#3555=CARTESIAN_POINT('',(0.0642,0.019,-0.1048));
#3556=CARTESIAN_POINT('',(0.0642,0.017382653481262,-0.105388665991315));
#3557=CARTESIAN_POINT('',(0.0642,0.022,-0.118074721289345));
#3558=CARTESIAN_POINT('',(0.0642,0.016,-0.0967899748742133));
#3559=CARTESIAN_POINT('',(0.0642,0.022,-0.0967899748742133));
#3560=CARTESIAN_POINT('',(0.0642,0.022,-0.1048));
#3561=CARTESIAN_POINT('',(0.074,0.022,-0.1048));
#3562=CARTESIAN_POINT('',(0.074,0.022,-0.118074721289345));
#3563=CARTESIAN_POINT('',(0.0642,0.022,-0.0967899748742133));
#3564=CARTESIAN_POINT('',(0.0642,0.0223771847025537,-0.0967899748742133));
#3565=CARTESIAN_POINT('',(0.0642445034642461,0.0230974324835088,-0.0970166614778951));
#3566=CARTESIAN_POINT('',(0.0644470530310663,0.0243263229219386,-0.0978156846155411));
#3567=CARTESIAN_POINT('',(0.064874024402029,0.025701519549165,-0.0989848586798195));
#3568=CARTESIAN_POINT('',(0.0656408211413518,0.0272115064643662,-0.10037044611121));
#3569=CARTESIAN_POINT('',(0.0667105831311005,0.0286326941335158,-0.10172148856582));
#3570=CARTESIAN_POINT('',(0.0680712921991647,0.0298799812717472,-0.10292576759549));
#3571=CARTESIAN_POINT('',(0.0703364558320384,0.0312690508130868,-0.10427866772991));
#3572=CARTESIAN_POINT('',(0.0725064746648894,0.0318,-0.1048));
#3573=CARTESIAN_POINT('',(0.074,0.0318,-0.1048));
#3574=CARTESIAN_POINT('',(0.084,0.0289,-0.1048));
#3575=CARTESIAN_POINT('',(0.084,0.026,-0.1098));
#3576=CARTESIAN_POINT('',(0.084,0.0274339811320566,-0.1098));
#3577=CARTESIAN_POINT('',(0.084,0.0274339811320566,-0.1048));
#3578=CARTESIAN_POINT('',(0.084,0.0274339811320566,-0.14));
#3579=CARTESIAN_POINT('',(0.084,0.0318,-0.14));
#3580=CARTESIAN_POINT('',(0.0295,0.013,-0.1048));
#3581=CARTESIAN_POINT('',(0.074,-0.006,-0.1048));
#3582=CARTESIAN_POINT('',(0.074,0.0194339811320566,-0.1048));
#3583=CARTESIAN_POINT('',(0.0586083230867162,-0.00519270192919758,-0.1048));
#3584=CARTESIAN_POINT('',(0.079,0.0274339811320566,-0.1048));
#3585=CARTESIAN_POINT('',(0.079,0.0318,-0.1048));
#3586=CARTESIAN_POINT('',(-0.025,0.0289,-0.1048));
#3587=CARTESIAN_POINT('',(-0.025,0.0289,-0.14));
#3588=CARTESIAN_POINT('',(-0.025,0.0274339811320566,-0.14));
#3589=CARTESIAN_POINT('',(-0.025,0.0274339811320566,-0.1048));
#3590=CARTESIAN_POINT('',(-0.025,0.0274339811320566,-0.1098));
#3591=CARTESIAN_POINT('',(-0.025,0.0289,-0.1098));
#3592=CARTESIAN_POINT('',(-0.015,0.022,-0.1048));
#3593=CARTESIAN_POINT('',(-0.0052,0.022,-0.1048));
#3594=CARTESIAN_POINT('',(-0.0052,0.022,-0.0967899748742133));
#3595=CARTESIAN_POINT('',(-0.0052,0.022,-0.118074721289345));
#3596=CARTESIAN_POINT('',(-0.015,0.022,-0.118074721289345));
#3597=CARTESIAN_POINT('',(-0.015,0.0318,-0.1048));
#3598=CARTESIAN_POINT('',(-0.0135055602007891,0.0318,-0.1048));
#3599=CARTESIAN_POINT('',(-0.0113457469897114,0.0312721376714068,-0.104281706325679));
#3600=CARTESIAN_POINT('',(-0.00907574069911061,0.0298840774516523,-0.102929719912068));
#3601=CARTESIAN_POINT('',(-0.00771031282409092,0.0286321234965371,-0.101720977904342));
#3602=CARTESIAN_POINT('',(-0.00664533832657347,0.0272183363609,-0.100376812451622));
#3603=CARTESIAN_POINT('',(-0.0058750514047145,0.0257048492058451,-0.0989879952770141));
#3604=CARTESIAN_POINT('',(-0.00544655353674025,0.0243261736694671,-0.0978145964661072));
#3605=CARTESIAN_POINT('',(-0.00524362285147667,0.0230895114279388,-0.0970126499437024));
#3606=CARTESIAN_POINT('',(-0.0051999999999999,0.0223747068979755,-0.0967899748742152));
#3607=CARTESIAN_POINT('',(-0.00519999999999993,0.0219999999999992,-0.0967899748742154));
#3608=CARTESIAN_POINT('',(-0.0052,0.019,-0.1048));
#3609=CARTESIAN_POINT('',(-0.0052,0.017382653481262,-0.105388665991315));
#3610=CARTESIAN_POINT('',(-0.0052,0.022,-0.0967899748742133));
#3611=CARTESIAN_POINT('',(0.0295,0.013,-0.1048));
#3612=CARTESIAN_POINT('',(-0.02,0.013,-0.1048));
#3613=CARTESIAN_POINT('',(-0.02,0.0274339811320566,-0.1048));
#3614=CARTESIAN_POINT('',(0.000391676913283863,-0.00519270192919757,-0.1048));
#3615=CARTESIAN_POINT('',(-0.015,0.0194339811320566,-0.1048));
#3616=CARTESIAN_POINT('',(-0.015,0.016,-0.1048));
#3617=CARTESIAN_POINT('',(0.030825,0.027,-0.071));
#3618=CARTESIAN_POINT('',(0.07975,0.027,-0.14));
#3619=CARTESIAN_POINT('',(0.07615,0.027,-0.14));
#3620=CARTESIAN_POINT('',(0.07975,0.027,-0.14));
#3621=CARTESIAN_POINT('',(0.0761502685513486,0.0134404296821577,-0.139956028445671));
#3622=CARTESIAN_POINT('',(0.0761468494938266,0.0134349591901225,-0.140235929601645));
#3623=CARTESIAN_POINT('',(0.0762090986533744,0.0136240705194006,-0.140770977295739));
#3624=CARTESIAN_POINT('',(0.0763392819637673,0.0139971279197082,-0.141166950677674));
#3625=CARTESIAN_POINT('',(0.0764086917276567,0.0141990236187338,-0.141340022025629));
#3626=CARTESIAN_POINT('',(0.0764086917276567,0.0141990236187337,-0.141340022025629));
#3627=CARTESIAN_POINT('',(0.0764086917276567,0.0141990236187337,-0.141340022025629));
#3628=CARTESIAN_POINT('',(0.0765612183465295,0.0146426855275455,-0.141720342978304));
#3629=CARTESIAN_POINT('',(0.0769125208551637,0.0156498542202043,-0.142269294346283));
#3630=CARTESIAN_POINT('',(0.0774962776142617,0.0172407648032687,-0.14284275260007));
#3631=CARTESIAN_POINT('',(0.0781288463126694,0.0188432331938775,-0.143242354842705));
#3632=CARTESIAN_POINT('',(0.0788387496494847,0.0204549584666712,-0.143512565061169));
#3633=CARTESIAN_POINT('',(0.0796706189567963,0.022032166608722,-0.143635481898612));
#3634=CARTESIAN_POINT('',(0.080710958965334,0.0235068776979778,-0.143543846975635));
#3635=CARTESIAN_POINT('',(0.0820917515227678,0.0245778024889396,-0.14290806463386));
#3636=CARTESIAN_POINT('',(0.0828481027349197,0.0248196289070022,-0.141927507156345));
#3637=CARTESIAN_POINT('',(0.0830757318152166,0.0248866487475463,-0.141378226357772));
#3638=CARTESIAN_POINT('',(0.0830757318152166,0.0248866487475463,-0.141378226357772));
#3639=CARTESIAN_POINT('',(0.0830757318152166,0.0248866487475463,-0.141378226357772));
#3640=CARTESIAN_POINT('',(0.0832570326624458,0.0249400283678301,-0.140940737992848));
#3641=CARTESIAN_POINT('',(0.08335,0.0249687225249324,-0.140472097012864));
#3642=CARTESIAN_POINT('',(0.08335,0.0249687225249324,-0.14));
#3643=CARTESIAN_POINT('',(0.08335,0.0249687225249324,-0.14));
#3644=CARTESIAN_POINT('',(0.08335,0.0249687225249324,-0.14));
#3645=CARTESIAN_POINT('',(0.08335,0.0249687225249324,-0.139690936226276));
#3646=CARTESIAN_POINT('',(0.0833095717903044,0.0248953148644871,-0.139391810198596));
#3647=CARTESIAN_POINT('',(0.0832399915200254,0.0247839864320407,-0.139116847017697));
#3648=CARTESIAN_POINT('',(0.030825,0.027,-0.071));
#3649=CARTESIAN_POINT('',(0.07975,0.027,-0.1249));
#3650=CARTESIAN_POINT('',(0.07615,0.027,-0.1249));
#3651=CARTESIAN_POINT('',(0.07975,0.027,-0.1249));
#3652=CARTESIAN_POINT('',(0.0832399915200254,0.0247839864320407,-0.125783152982303));
#3653=CARTESIAN_POINT('',(0.0833102187465496,0.0248963499944794,-0.125505633198126));
#3654=CARTESIAN_POINT('',(0.0833897386094174,0.0250410268221907,-0.124900321427847));
#3655=CARTESIAN_POINT('',(0.0833103040012848,0.0248964864020557,-0.124294703706475));
#3656=CARTESIAN_POINT('',(0.0832399915200254,0.0247839864320407,-0.124016847017697));
#3657=CARTESIAN_POINT('',(0.07975,0.027,-0.1098));
#3658=CARTESIAN_POINT('',(0.0832399915200254,0.0247839864320407,-0.110683152982303));
#3659=CARTESIAN_POINT('',(0.0833102612092717,0.0248964179348347,-0.110405465396462));
#3660=CARTESIAN_POINT('',(0.08335,0.0249687225249324,-0.110103902484351));
#3661=CARTESIAN_POINT('',(0.08335,0.0249687225249324,-0.1098));
#3662=CARTESIAN_POINT('',(0.08335,0.0249687225249324,-0.1098));
#3663=CARTESIAN_POINT('',(0.08335,0.0249687225249324,-0.1098));
#3664=CARTESIAN_POINT('',(0.08335,0.0249687225249324,-0.109323235746363));
#3665=CARTESIAN_POINT('',(0.0832554543094518,0.0249395636602196,-0.108855453359365));
#3666=CARTESIAN_POINT('',(0.0830757318152166,0.0248866487475463,-0.108421773642228));
#3667=CARTESIAN_POINT('',(0.0830757318152166,0.0248866487475463,-0.108421773642228));
#3668=CARTESIAN_POINT('',(0.0830757318152166,0.0248866487475463,-0.108421773642228));
#3669=CARTESIAN_POINT('',(0.0829031869875667,0.0248358471240423,-0.108005414007521));
#3670=CARTESIAN_POINT('',(0.0824054792478477,0.024676742395119,-0.107253663933099));
#3671=CARTESIAN_POINT('',(0.0813885560288928,0.0240849996319087,-0.106529726363038));
#3672=CARTESIAN_POINT('',(0.0804489668517066,0.0231373009733214,-0.106234248112417));
#3673=CARTESIAN_POINT('',(0.0794295924144673,0.021651093312973,-0.106161546606098));
#3674=CARTESIAN_POINT('',(0.0784628294883227,0.0196694091358304,-0.106379071464699));
#3675=CARTESIAN_POINT('',(0.077808189759239,0.0180401124344565,-0.106743844699937));
#3676=CARTESIAN_POINT('',(0.0775047304506816,0.0172435246003806,-0.106985970033759));
#3677=CARTESIAN_POINT('',(0.0775047304506816,0.0172435246003807,-0.106985970033759));
#3678=CARTESIAN_POINT('',(0.0775047304506816,0.0172435246003807,-0.106985970033759));
#3679=CARTESIAN_POINT('',(0.0773601059779333,0.0168638819522489,-0.107101363589849));
#3680=CARTESIAN_POINT('',(0.0770850792750585,0.0161098871990677,-0.107355596808516));
#3681=CARTESIAN_POINT('',(0.076703971582419,0.015011712383984,-0.107846604466249));
#3682=CARTESIAN_POINT('',(0.0763526679374933,0.0139797089932701,-0.10849813623193));
#3683=CARTESIAN_POINT('',(0.0761700894079993,0.0134721430527989,-0.109231732194249));
#3684=CARTESIAN_POINT('',(0.0761529577122025,0.013444732339524,-0.109654100103507));
#3685=CARTESIAN_POINT('',(0.07975,0.027,-0.1098));
#3686=CARTESIAN_POINT('',(0.07615,0.027,-0.1098));
#3687=CARTESIAN_POINT('',(0.030825,0.027,-0.071));
#3688=CARTESIAN_POINT('',(-0.02075,0.027,-0.1249));
#3689=CARTESIAN_POINT('',(-0.02075,0.027,-0.1249));
#3690=CARTESIAN_POINT('',(-0.02435,0.027,-0.1249));
#3691=CARTESIAN_POINT('',(-0.0242399915200254,0.0247839864320407,-0.124016847017697));
#3692=CARTESIAN_POINT('',(-0.0243102187465496,0.0248963499944794,-0.124294366801875));
#3693=CARTESIAN_POINT('',(-0.0243897386094173,0.0250410268221908,-0.124899678572153));
#3694=CARTESIAN_POINT('',(-0.0243103040012848,0.0248964864020557,-0.125505296293525));
#3695=CARTESIAN_POINT('',(-0.0242399915200254,0.0247839864320407,-0.125783152982303));
#3696=CARTESIAN_POINT('',(0.030825,0.027,-0.071));
#3697=CARTESIAN_POINT('',(-0.02075,0.027,-0.1098));
#3698=CARTESIAN_POINT('',(-0.02075,0.027,-0.1098));
#3699=CARTESIAN_POINT('',(-0.02435,0.027,-0.1098));
#3700=CARTESIAN_POINT('',(-0.0240757318152166,0.0248866487475463,-0.108421773642228));
#3701=CARTESIAN_POINT('',(-0.0242570326624458,0.0249400283678301,-0.108859262007152));
#3702=CARTESIAN_POINT('',(-0.02435,0.0249687225249324,-0.109327902987136));
#3703=CARTESIAN_POINT('',(-0.02435,0.0249687225249324,-0.1098));
#3704=CARTESIAN_POINT('',(-0.0240757318152166,0.0248866487475463,-0.108421773642228));
#3705=CARTESIAN_POINT('',(-0.02435,0.0249687225249324,-0.1098));
#3706=CARTESIAN_POINT('',(-0.02435,0.0249687225249324,-0.1098));
#3707=CARTESIAN_POINT('',(-0.02435,0.0249687225249324,-0.110109063773724));
#3708=CARTESIAN_POINT('',(-0.0243095717903044,0.0248953148644871,-0.110408189801404));
#3709=CARTESIAN_POINT('',(-0.0242399915200254,0.0247839864320407,-0.110683152982303));
#3710=CARTESIAN_POINT('',(-0.0171529577122025,0.013444732339524,-0.109654100103507));
#3711=CARTESIAN_POINT('',(-0.0171704130202821,0.0134726608324513,-0.109223753798829));
#3712=CARTESIAN_POINT('',(-0.0173530927437264,0.013981099530197,-0.108499750309092));
#3713=CARTESIAN_POINT('',(-0.0177053995053252,0.0150158504360635,-0.10784355129933));
#3714=CARTESIAN_POINT('',(-0.0180862329294226,0.016113129205832,-0.107354696451103));
#3715=CARTESIAN_POINT('',(-0.0183605873130794,0.0168651454683472,-0.107100979540226));
#3716=CARTESIAN_POINT('',(-0.0185047304506816,0.0172435246003806,-0.106985970033759));
#3717=CARTESIAN_POINT('',(-0.0185047304506815,0.0172435246003807,-0.106985970033759));
#3718=CARTESIAN_POINT('',(-0.0185047304506815,0.0172435246003807,-0.106985970033759));
#3719=CARTESIAN_POINT('',(-0.0188113429344572,0.0180483895936892,-0.10674132883181));
#3720=CARTESIAN_POINT('',(-0.0194593419245804,0.019662054263753,-0.106380319467411));
#3721=CARTESIAN_POINT('',(-0.0204389502959922,0.0216692899021157,-0.10615987742326));
#3722=CARTESIAN_POINT('',(-0.0214597209178647,0.0231496528737815,-0.106236699764117));
#3723=CARTESIAN_POINT('',(-0.0223923413706515,0.0240872376884255,-0.106532308217784));
#3724=CARTESIAN_POINT('',(-0.0234083403849423,0.0246781040258922,-0.107255758031428));
#3725=CARTESIAN_POINT('',(-0.0239054615732937,0.0248365168204296,-0.108010902701069));
#3726=CARTESIAN_POINT('',(-0.0240757318152166,0.0248866487475463,-0.108421773642228));
#3727=CARTESIAN_POINT('',(0.030825,0.027,-0.071));
#3728=CARTESIAN_POINT('',(-0.02075,0.027,-0.14));
#3729=CARTESIAN_POINT('',(-0.02075,0.027,-0.14));
#3730=CARTESIAN_POINT('',(-0.02435,0.027,-0.14));
#3731=CARTESIAN_POINT('',(-0.0240757318152166,0.0248866487475463,-0.141378226357772));
#3732=CARTESIAN_POINT('',(-0.0238454403399368,0.0248188450296215,-0.141933931653779));
#3733=CARTESIAN_POINT('',(-0.0230982055852748,0.0245808981346174,-0.142900682589893));
#3734=CARTESIAN_POINT('',(-0.0217087960521842,0.0235063701393808,-0.143546379470841));
#3735=CARTESIAN_POINT('',(-0.0206658784008474,0.0220236825442679,-0.143634777483567));
#3736=CARTESIAN_POINT('',(-0.019840317647292,0.0204576188917838,-0.143512598865222));
#3737=CARTESIAN_POINT('',(-0.0191299020246907,0.0188464286922773,-0.143243584690451));
#3738=CARTESIAN_POINT('',(-0.018490207930368,0.0172246550009344,-0.142837660167937));
#3739=CARTESIAN_POINT('',(-0.0179156502852537,0.0156583389011963,-0.142272378566641));
#3740=CARTESIAN_POINT('',(-0.0175614876246881,0.0146434687905768,-0.141721014416027));
#3741=CARTESIAN_POINT('',(-0.0174086917276568,0.0141990236187338,-0.141340022025629));
#3742=CARTESIAN_POINT('',(-0.0240757318152166,0.0248866487475463,-0.141378226357772));
#3743=CARTESIAN_POINT('',(-0.0174086917276567,0.0141990236187338,-0.141340022025629));
#3744=CARTESIAN_POINT('',(-0.0174086917276567,0.0141990236187338,-0.141340022025629));
#3745=CARTESIAN_POINT('',(-0.0173387029744315,0.0139954437840747,-0.1411655069836));
#3746=CARTESIAN_POINT('',(-0.0172102787452833,0.0136275427903807,-0.140778168368211));
#3747=CARTESIAN_POINT('',(-0.017146900574494,0.0134350409191904,-0.140231747882634));
#3748=CARTESIAN_POINT('',(-0.0171502685513486,0.0134404296821578,-0.139956028445671));
#3749=CARTESIAN_POINT('',(-0.0242399915200254,0.0247839864320407,-0.139116847017697));
#3750=CARTESIAN_POINT('',(-0.0243102612092717,0.0248964179348347,-0.139394534603539));
#3751=CARTESIAN_POINT('',(-0.02435,0.0249687225249324,-0.139696097515649));
#3752=CARTESIAN_POINT('',(-0.02435,0.0249687225249324,-0.14));
#3753=CARTESIAN_POINT('',(-0.02435,0.0249687225249324,-0.14));
#3754=CARTESIAN_POINT('',(-0.02435,0.0249687225249324,-0.14));
#3755=CARTESIAN_POINT('',(-0.02435,0.0249687225249324,-0.140476764253637));
#3756=CARTESIAN_POINT('',(-0.0242554543094518,0.0249395636602197,-0.140944546640635));
#3757=CARTESIAN_POINT('',(-0.0240757318152166,0.0248866487475463,-0.141378226357772));
#3758=CARTESIAN_POINT('',(0.030825,0.027,-0.071));
#3759=CARTESIAN_POINT('',(0.039,0.01,-0.0655));
#3760=CARTESIAN_POINT('',(0.064,0.006,-0.0655));
#3761=CARTESIAN_POINT('',(0.039,0.014,-0.0655));
#3762=CARTESIAN_POINT('',(0.039,0.01,-0.049));
#3763=CARTESIAN_POINT('',(0.039,0.006,-0.049));
#3764=CARTESIAN_POINT('',(0.064,0.014,-0.049));
#3765=CARTESIAN_POINT('',(0.039,0.004,-0.05725));
#3766=CARTESIAN_POINT('',(0.039,0.004,-0.051));
#3767=CARTESIAN_POINT('',(0.064,0.004,-0.05725));
#3768=CARTESIAN_POINT('',(0.059,0.004,-0.0635));
#3769=CARTESIAN_POINT('',(0.0295,-0.187663510492077,-0.0675));
#3770=CARTESIAN_POINT('',(0.0125,-0.187663510492077,-0.0675));
#3771=CARTESIAN_POINT('',(0.0465,0.,-0.0675));
#3772=CARTESIAN_POINT('',(0.0095,-0.187663510492077,-0.0385));
#3773=CARTESIAN_POINT('',(0.0095,-0.006,-0.0125));
#3774=CARTESIAN_POINT('',(0.0095,-0.187663510492077,-0.0645));
#3775=CARTESIAN_POINT('',(0.0295,-0.187663510492077,-0.0095));
#3776=CARTESIAN_POINT('',(0.0125,0.,-0.0095));
#3777=CARTESIAN_POINT('',(0.0465,-0.187663510492077,-0.0095));
#3778=CARTESIAN_POINT('',(0.0495,-0.187663510492077,-0.0385));
#3779=CARTESIAN_POINT('',(0.0495,-0.187663510492077,-0.0125));
#3780=CARTESIAN_POINT('',(0.0495,-0.006,-0.0645));
#3781=CARTESIAN_POINT('',(-0.0115,0.006,-0.01));
#3782=CARTESIAN_POINT('',(-0.008,0.006,-0.01));
#3783=CARTESIAN_POINT('',(-0.008,0.006,-0.01));
#3784=CARTESIAN_POINT('',(-0.0115,0.006,-0.01));
#3785=CARTESIAN_POINT('',(-0.015,0.006,-0.01));
#3786=CARTESIAN_POINT('',(-0.015,0.016,-0.01));
#3787=CARTESIAN_POINT('',(-0.018,0.006,-0.0035));
#3788=CARTESIAN_POINT('',(-0.018,0.006,-0.0035));
#3789=CARTESIAN_POINT('',(-0.018,0.006,2.60208521396521E-18));
#3790=CARTESIAN_POINT('',(-0.018,0.006,-0.007));
#3791=CARTESIAN_POINT('',(-0.018,0.006,2.60208521396521E-18));
#3792=CARTESIAN_POINT('',(-0.018,0.006,-0.007));
#3793=CARTESIAN_POINT('',(0.0295,0.006,-0.071));
#3794=CARTESIAN_POINT('',(-0.015,0.006,2.60208521396521E-18));
#3795=CARTESIAN_POINT('',(-0.015,0.006,-0.007));
#3796=CARTESIAN_POINT('',(-0.008,0.006,-0.013));
#3797=CARTESIAN_POINT('',(-0.00796148139681572,0.006,-0.0100002472906573));
#3798=CARTESIAN_POINT('',(-0.00796148139681572,0.006,-0.071));
#3799=CARTESIAN_POINT('',(-0.00796148139681572,0.006,-0.00666881461984111));
#3800=CARTESIAN_POINT('',(-0.0115,0.006,-0.0035));
#3801=CARTESIAN_POINT('',(-0.00796148139681572,0.006,-0.000331185380158885));
#3802=CARTESIAN_POINT('',(-0.00796148139681572,0.006,-0.071));
#3803=CARTESIAN_POINT('',(0.0705,0.006,-0.01));
#3804=CARTESIAN_POINT('',(0.074,0.006,-0.01));
#3805=CARTESIAN_POINT('',(0.074,0.006,-0.01));
#3806=CARTESIAN_POINT('',(0.0705,0.006,-0.01));
#3807=CARTESIAN_POINT('',(0.067,0.006,-0.01));
#3808=CARTESIAN_POINT('',(0.067,0.016,-0.01));
#3809=CARTESIAN_POINT('',(0.077,0.006,-0.0035));
#3810=CARTESIAN_POINT('',(0.077,0.006,2.60208521396521E-18));
#3811=CARTESIAN_POINT('',(0.077,0.006,2.60208521396521E-18));
#3812=CARTESIAN_POINT('',(0.077,0.006,-0.0035));
#3813=CARTESIAN_POINT('',(0.077,0.006,-0.007));
#3814=CARTESIAN_POINT('',(0.077,0.016,-0.007));
#3815=CARTESIAN_POINT('',(0.0295,0.006,-0.071));
#3816=CARTESIAN_POINT('',(0.0669614813968157,0.006,-0.071));
#3817=CARTESIAN_POINT('',(0.0669614813968157,0.006,-0.000331185380158885));
#3818=CARTESIAN_POINT('',(0.0705,0.006,-0.0035));
#3819=CARTESIAN_POINT('',(0.0669614813968157,0.006,-0.00666881461984111));
#3820=CARTESIAN_POINT('',(0.0669614813968157,0.006,-0.071));
#3821=CARTESIAN_POINT('',(0.0669614813968157,0.006,-0.0100002472906573));
#3822=CARTESIAN_POINT('',(0.067,0.006,-0.013));
#3823=CARTESIAN_POINT('',(0.074,0.006,-0.007));
#3824=CARTESIAN_POINT('',(0.074,0.006,2.60208521396521E-18));
#3825=CARTESIAN_POINT('',(0.0705,0.011,-0.0035));
#3826=CARTESIAN_POINT('',(0.0705,0.011,-0.0035));
#3827=CARTESIAN_POINT('',(0.06575,0.011,-0.0035));
#3828=CARTESIAN_POINT('',(0.0669614813968157,0.006,-0.000331185380158885));
#3829=CARTESIAN_POINT('',(0.0665705221319588,0.006,-0.000767757662778766));
#3830=CARTESIAN_POINT('',(0.0659664789943289,0.00585257447802178,-0.00176171408371088));
#3831=CARTESIAN_POINT('',(0.0656424450831376,0.00569066930979958,-0.00350033255559975));
#3832=CARTESIAN_POINT('',(0.0659637412421459,0.00585178414168478,-0.00523126057125289));
#3833=CARTESIAN_POINT('',(0.0665710372035085,0.006,-0.0062328175019056));
#3834=CARTESIAN_POINT('',(0.0669614813968157,0.006,-0.00666881461984111));
#3835=CARTESIAN_POINT('',(0.028625,0.011,-0.0156783193945885));
#3836=CARTESIAN_POINT('',(0.028625,0.011,-0.0156783193945885));
#3837=CARTESIAN_POINT('',(-0.0115,0.011,-0.0035));
#3838=CARTESIAN_POINT('',(-0.01625,0.011,-0.0035));
#3839=CARTESIAN_POINT('',(-0.0115,0.011,-0.0035));
#3840=CARTESIAN_POINT('',(-0.00796148139681572,0.006,-0.00666881461984111));
#3841=CARTESIAN_POINT('',(-0.00757052213195885,0.006,-0.00623224233722123));
#3842=CARTESIAN_POINT('',(-0.00696647899432884,0.00585257447802178,-0.00523828591628914));
#3843=CARTESIAN_POINT('',(-0.00664244508313755,0.00569066930979957,-0.00349966744440025));
#3844=CARTESIAN_POINT('',(-0.00696374124214592,0.00585178414168478,-0.0017687394287471));
#3845=CARTESIAN_POINT('',(-0.00757103720350856,0.006,-0.0007671824980944));
#3846=CARTESIAN_POINT('',(-0.00796148139681572,0.006,-0.000331185380158887));
#3847=CARTESIAN_POINT('',(-0.015,0.016,-0.0948));
#3848=CARTESIAN_POINT('',(-0.015,0.0194339811320566,-0.0948));
#3849=CARTESIAN_POINT('',(-0.0104937069556741,0.00861887782567449,-0.103727111682883));
#3850=CARTESIAN_POINT('',(-0.015,0.00212047196459578,-0.0948));
#3851=CARTESIAN_POINT('',(-0.0053390799030444,0.004,-0.0973819804182525));
#3852=CARTESIAN_POINT('',(-0.015,0.004,-0.0948));
#3853=CARTESIAN_POINT('',(-0.015,0.004,-0.0948));
#3854=CARTESIAN_POINT('',(0.0043218401939112,0.004,-0.099963960836505));
#3855=CARTESIAN_POINT('',(0.005,0.004,-0.0948));
#3856=CARTESIAN_POINT('',(0.005,0.004,-0.071));
#3857=CARTESIAN_POINT('',(-0.00497037030524286,0.00323076923076923,-0.071));
#3858=CARTESIAN_POINT('',(-0.00497037030524286,0.00323076923076923,0.00297037030524287));
#3859=CARTESIAN_POINT('',(-0.00497037030524286,0.00323076923076923,-0.013));
#3860=CARTESIAN_POINT('',(0.005,0.004,-0.013));
#3861=CARTESIAN_POINT('',(0.005,0.004,-0.007));
#3862=CARTESIAN_POINT('',(0.0295,0.004,-0.007));
#3863=CARTESIAN_POINT('',(-0.00513305427206953,0.004,0.003));
#3864=CARTESIAN_POINT('',(-0.00504480864465621,0.00375040367378392,0.003));
#3865=CARTESIAN_POINT('',(-0.00499067530768204,0.00349395214214701,0.00299067530768205));
#3866=CARTESIAN_POINT('',(-0.00497037030524286,0.00323076923076923,0.00297037030524287));
#3867=CARTESIAN_POINT('',(0.054,0.004,-0.007));
#3868=CARTESIAN_POINT('',(0.0639703703052429,0.00323076923076923,0.00297037030524287));
#3869=CARTESIAN_POINT('',(0.0639703703052429,0.00323076923076923,0.00297037030524287));
#3870=CARTESIAN_POINT('',(0.0639906753076821,0.00349395214214701,0.00299067530768205));
#3871=CARTESIAN_POINT('',(0.0640448086446562,0.00375040367378393,0.003));
#3872=CARTESIAN_POINT('',(0.0641330542720695,0.004,0.003));
#3873=CARTESIAN_POINT('',(0.054,0.004,-0.071));
#3874=CARTESIAN_POINT('',(0.054,0.004,-0.013));
#3875=CARTESIAN_POINT('',(0.0639703703052429,0.00323076923076923,-0.013));
#3876=CARTESIAN_POINT('',(0.0639703703052429,0.00323076923076923,-0.071));
#3877=CARTESIAN_POINT('',(0.054,0.004,-0.0948));
#3878=CARTESIAN_POINT('',(0.074,0.004,-0.0948));
#3879=CARTESIAN_POINT('',(0.0546781598060888,0.004,-0.099963960836505));
#3880=CARTESIAN_POINT('',(0.0643390799030444,0.004,-0.0973819804182525));
#3881=CARTESIAN_POINT('',(0.074,0.004,-0.0948));
#3882=CARTESIAN_POINT('',(0.074,0.013,-0.0948));
#3883=CARTESIAN_POINT('',(0.074,0.00212047196459578,-0.0948));
#3884=CARTESIAN_POINT('',(0.0694937069556741,0.0086188778256745,-0.103727111682883));
#3885=CARTESIAN_POINT('',(0.074,0.0194339811320566,-0.0948));
#3886=CARTESIAN_POINT('',(0.079,0.0289,-0.1098));
#3887=CARTESIAN_POINT('',(0.079,0.0274339811320566,-0.1098));
#3888=CARTESIAN_POINT('',(0.079,0.016,-0.14));
#3889=CARTESIAN_POINT('',(0.079,0.0274339811320566,-0.14));
#3890=CARTESIAN_POINT('',(-0.02,0.0289,-0.14));
#3891=CARTESIAN_POINT('',(-0.02,0.0274339811320566,-0.14));
#3892=CARTESIAN_POINT('',(-0.02,0.013,-0.1098));
#3893=CARTESIAN_POINT('',(-0.02,0.0274339811320566,-0.1098));
#3894=CARTESIAN_POINT('',(-0.00796148139681572,0.003,-0.071));
#3895=CARTESIAN_POINT('',(-0.00796148139681572,0.006,-0.0100002472906573));
#3896=CARTESIAN_POINT('',(-0.00722362658879223,0.006,-0.0100097217838278));
#3897=CARTESIAN_POINT('',(-0.00588597134814565,0.0054288121008596,-0.0106060093604058));
#3898=CARTESIAN_POINT('',(-0.0052985826047517,0.00446818482607244,-0.011579351685024));
#3899=CARTESIAN_POINT('',(-0.00513305427206947,0.00400000000000002,-0.0121164717361051));
#3900=CARTESIAN_POINT('',(-0.00513305427206947,0.004,-0.012116471736105));
#3901=CARTESIAN_POINT('',(-0.00513305427206947,0.004,-0.012116471736105));
#3902=CARTESIAN_POINT('',(-0.00504348275451094,0.00374665349013277,-0.0124071208189953));
#3903=CARTESIAN_POINT('',(-0.00499036732967147,0.00348996029089234,-0.0127035986425126));
#3904=CARTESIAN_POINT('',(-0.00497037030524286,0.00323076923076923,-0.013));
#3905=CARTESIAN_POINT('',(-0.008,0.016,-0.013));
#3906=CARTESIAN_POINT('',(-0.008,0.004,-0.013));
#3907=CARTESIAN_POINT('',(0.005,0.004,-0.013));
#3908=CARTESIAN_POINT('',(-0.015,0.006,2.60208521396521E-18));
#3909=CARTESIAN_POINT('',(-0.015,0.006,-0.007));
#3910=CARTESIAN_POINT('',(0.067,0.006,-0.013));
#3911=CARTESIAN_POINT('',(0.067,0.004,-0.013));
#3912=CARTESIAN_POINT('',(0.0641330542720695,0.004,-0.0121164717361051));
#3913=CARTESIAN_POINT('',(0.0669614813968157,0.006,-0.0100002472906573));
#3914=CARTESIAN_POINT('',(0.0662236265887922,0.006,-0.0100097217838278));
#3915=CARTESIAN_POINT('',(0.0648859713481456,0.0054288121008596,-0.0106060093604058));
#3916=CARTESIAN_POINT('',(0.0642985826047517,0.00446818482607245,-0.0115793516850241));
#3917=CARTESIAN_POINT('',(0.0641330542720695,0.00400000000000006,-0.0121164717361051));
#3918=CARTESIAN_POINT('',(0.054,0.004,-0.013));
#3919=CARTESIAN_POINT('',(0.0641330542720695,0.004,-0.0121164717361051));
#3920=CARTESIAN_POINT('',(0.064043482754511,0.00374665349013278,-0.0124071208189953));
#3921=CARTESIAN_POINT('',(0.0639903673296715,0.00348996029089238,-0.0127035986425126));
#3922=CARTESIAN_POINT('',(0.0639703703052429,0.00323076923076923,-0.013));
#3923=CARTESIAN_POINT('',(0.0669614813968157,0.003,-0.071));
#3924=CARTESIAN_POINT('',(0.074,0.016,2.60208521396521E-18));
#3925=CARTESIAN_POINT('',(0.074,0.006,-0.007));
#3926=CARTESIAN_POINT('',(0.0125,-0.187663510492077,-0.0125));
#3927=CARTESIAN_POINT('',(0.0465,-0.187663510492077,-0.0125));
#3928=CARTESIAN_POINT('',(0.0125,-0.187663510492077,-0.0645));
#3929=CARTESIAN_POINT('',(0.0465,-0.187663510492077,-0.0645));
#3930=CARTESIAN_POINT('',(0.039,0.006,-0.051));
#3931=CARTESIAN_POINT('',(0.039,0.006,-0.0635));
#3932=CARTESIAN_POINT('',(0.039,0.014,-0.047));
#3933=CARTESIAN_POINT('',(0.0295,0.014,-0.0675));
#3934=CARTESIAN_POINT('',(0.057,0.016,-0.002));
#3935=CARTESIAN_POINT('',(0.0572803325573638,0.00346410161513775,-1.97440424829242E-5));
#3936=CARTESIAN_POINT('',(0.057737864149779,0.00346410165040871,-8.45139531046375E-5));
#3937=CARTESIAN_POINT('',(0.0581671438319655,0.00346410161512802,-0.000311377748757888));
#3938=CARTESIAN_POINT('',(0.0587897501535011,0.00346410161514136,-0.000994781506373947));
#3939=CARTESIAN_POINT('',(0.0589765546052577,0.0034641016654347,-0.00145055093697607));
#3940=CARTESIAN_POINT('',(0.0589978296386318,0.00346410161513775,-0.00190685100642418));
#3941=CARTESIAN_POINT('',(0.057,0.016,-0.075));
#3942=CARTESIAN_POINT('',(0.057,0.00346410161513775,-0.075));
#3943=CARTESIAN_POINT('',(0.002,0.016,-0.002));
#3944=CARTESIAN_POINT('',(0.002,0.00346410161513775,-0.002));
#3945=CARTESIAN_POINT('',(0.002,0.016,-0.075));
#3946=CARTESIAN_POINT('',(0.002,0.00346410161513775,-0.075));
#3947=CARTESIAN_POINT('',(0.0295,0.00346410161513775,-0.077));
#3948=CARTESIAN_POINT('',(0.057,0.00346410161513775,-0.077));
#3949=CARTESIAN_POINT('',(0.002,0.,-0.075));
#3950=CARTESIAN_POINT('',(0.057,0.00346410161513775,-0.075));
#3951=CARTESIAN_POINT('',(0.059,0.00346410161513775,-0.075));
#3952=CARTESIAN_POINT('',(0.002,0.00346410161513775,-0.075));
#3953=CARTESIAN_POINT('',(0.002,0.,-0.075));
#3954=CARTESIAN_POINT('',(0.057,0.,-0.071));
#3955=CARTESIAN_POINT('',(0.0569999999999992,-1.32447874282887E-15,-0.00199999999676659));
#3956=CARTESIAN_POINT('',(0.0576668473323636,0.00115501346054551,-0.00199996630334819));
#3957=CARTESIAN_POINT('',(0.0583336946647279,0.00231002692109234,-0.00199993260992979));
#3958=CARTESIAN_POINT('',(0.0590005419970923,0.00346504038163917,-0.00199989891651139));
#3959=CARTESIAN_POINT('',(0.,0.00346410161513775,-0.0385));
#3960=CARTESIAN_POINT('',(0.002,0.,-0.002));
#3961=CARTESIAN_POINT('',(0.057,0.,-0.002));
#3962=CARTESIAN_POINT('',(0.057,0.,-0.002));
#3963=CARTESIAN_POINT('',(0.057,0.,-0.002));
#3964=CARTESIAN_POINT('',(0.057,0.,-0.002));
#3965=CARTESIAN_POINT('',(0.057,0.,-0.002));
#3966=CARTESIAN_POINT('',(0.0570000000035599,0.,-0.0019999999967666));
#3967=CARTESIAN_POINT('',(0.0570000000035599,0.,-0.0019999999967666));
#3968=CARTESIAN_POINT('',(0.057,0.,-0.002));
#3969=CARTESIAN_POINT('',(0.057,0.,-0.002));
#3970=CARTESIAN_POINT('',(0.057,0.,-0.002));
#3971=CARTESIAN_POINT('',(0.057,0.,-0.002));
#3972=CARTESIAN_POINT('',(0.057,0.,-0.002));
#3973=CARTESIAN_POINT('',(0.0570020807238935,0.00346410159368741,1.96463442859119E-5));
#3974=CARTESIAN_POINT('',(0.0570948313350503,0.00346410160083752,6.51621536296649E-6));
#3975=CARTESIAN_POINT('',(0.057187581946207,0.00346410160798764,-6.61391355997887E-6));
#3976=CARTESIAN_POINT('',(0.0572803325573638,0.00346410161513775,-1.97440424829242E-5));
#3977=CARTESIAN_POINT('',(0.057737864149779,0.00346410165040871,-8.45139531046375E-5));
#3978=CARTESIAN_POINT('',(0.0581671438319655,0.00346410161512802,-0.000311377748757888));
#3979=CARTESIAN_POINT('',(0.0587897501535011,0.00346410161514136,-0.000994781506373947));
#3980=CARTESIAN_POINT('',(0.0589765546052577,0.0034641016654347,-0.00145055093697607));
#3981=CARTESIAN_POINT('',(0.0589978296386318,0.00346410161513775,-0.00190685100642418));
#3982=CARTESIAN_POINT('',(0.0589992757611325,0.00346410161171893,-0.00193786697645326));
#3983=CARTESIAN_POINT('',(0.0590007218836332,0.00346410160830011,-0.00196888294648235));
#3984=CARTESIAN_POINT('',(0.0590021680061339,0.00346410160488129,-0.00199989891651143));
#3985=CARTESIAN_POINT('',(0.057,0.00346410161513775,0.));
#3986=CARTESIAN_POINT('',(0.057,0.0023094010767585,-0.000666666666666667));
#3987=CARTESIAN_POINT('',(0.057,0.00115470053837925,-0.00133333333333333));
#3988=CARTESIAN_POINT('',(0.057,-8.67361737988404E-19,-0.002));
#3989=CARTESIAN_POINT('',(0.002,0.00346410161513775,-0.002));
#3990=CARTESIAN_POINT('',(0.002,0.,-0.002));
#3991=CARTESIAN_POINT('',(0.04425,0.00346410161513775,0.));
#3992=CARTESIAN_POINT('',(-0.0158,0.0239,-0.123294928386308));
#3993=CARTESIAN_POINT('',(0.0295,0.016,-0.101589856772617));
#3994=CARTESIAN_POINT('',(0.0295,0.016,-0.184663510492077));
#3995=CARTESIAN_POINT('',(0.0354526786087982,0.0167520753820971,-0.145));
#3996=CARTESIAN_POINT('',(0.03556438051035,0.0158679545402801,-0.145));
#3997=CARTESIAN_POINT('',(0.0353815336776048,0.0140866778263874,-0.144752393725807));
#3998=CARTESIAN_POINT('',(0.0340948194539159,0.0118899761384997,-0.143825377766141));
#3999=CARTESIAN_POINT('',(0.0321177395560261,0.0104046495199712,-0.14276615705913));
#4000=CARTESIAN_POINT('',(0.0295028203742185,0.00979681838620454,-0.142180523093305));
#4001=CARTESIAN_POINT('',(0.026870604446447,0.0104080769371586,-0.142769418935959));
#4002=CARTESIAN_POINT('',(0.0249016793359554,0.0118968055964845,-0.143828558202893));
#4003=CARTESIAN_POINT('',(0.0236204014596853,0.0140825873575512,-0.144750763915563));
#4004=CARTESIAN_POINT('',(0.0234354563515456,0.0158666633017582,-0.145));
#4005=CARTESIAN_POINT('',(0.0235473213912019,0.0167520753820971,-0.145));
#4006=CARTESIAN_POINT('',(0.0295,0.016,-0.184663510492077));
#4007=CARTESIAN_POINT('',(-0.123663510492077,0.001875,-0.123363615321795));
#4008=CARTESIAN_POINT('',(-0.123663510492077,0.00735514917423804,-0.138420201433257));
#4009=CARTESIAN_POINT('',(-0.0103872694663193,0.00735514917423804,-0.138420201433257));
#4010=CARTESIAN_POINT('',(0.0693872694663194,0.00735514917423804,-0.138420201433257));
#4011=CARTESIAN_POINT('',(0.0646749084689025,-0.000184628421629041,-0.117704832740902));
#4012=CARTESIAN_POINT('',(0.0642097797596254,-0.000928834356472282,-0.115660143739496));
#4013=CARTESIAN_POINT('',(0.074,-0.00727645424326331,-0.0982202014332567));
#4014=CARTESIAN_POINT('',(0.0546781598060888,-0.00539692620785908,-0.103384162269762));
#4015=CARTESIAN_POINT('',(-0.123663510492077,-0.00539692620785908,-0.103384162269762));
#4016=CARTESIAN_POINT('',(0.0043218401939112,-0.00539692620785908,-0.103384162269762));
#4017=CARTESIAN_POINT('',(-0.015,-0.00727645424326331,-0.0982202014332567));
#4018=CARTESIAN_POINT('',(-0.0052097797596254,-0.000928834356472287,-0.115660143739496));
#4019=CARTESIAN_POINT('',(-0.0120617564129818,0.010034328288898,-0.145781185553459));
#4020=CARTESIAN_POINT('',(-0.123663510492077,0.0167520753820971,-0.135));
#4021=CARTESIAN_POINT('',(0.0723238089062753,0.0167520753820971,-0.135));
#4022=CARTESIAN_POINT('',(-0.0133238089062753,0.0167520753820971,-0.135));
#4023=CARTESIAN_POINT('',(0.0695388731479456,0.00863537027398497,-0.103749767997545));
#4024=CARTESIAN_POINT('',(0.0715068102129512,-0.00490682236427222,-0.104730711513205));
#4025=CARTESIAN_POINT('',(0.0650777462958913,-0.000761555933874114,-0.116119737428347));
#4026=CARTESIAN_POINT('',(0.0682751321031786,0.00817682021869001,-0.103119840036239));
#4027=CARTESIAN_POINT('',(0.0706147764810436,-0.00494432055708983,-0.104627686075169));
#4028=CARTESIAN_POINT('',(0.0625502642063137,-0.00122010598918543,-0.114859881505689));
#4029=CARTESIAN_POINT('',(0.0660192834547054,0.00686436903988804,-0.101316875047287));
#4030=CARTESIAN_POINT('',(0.0684992325440865,-0.00512359364111283,-0.104135137324864));
#4031=CARTESIAN_POINT('',(0.0580385669094131,-0.00253255716796289,-0.111253951527861));
#4032=CARTESIAN_POINT('',(0.0647036652902958,0.00499302611007469,-0.0987461388254401));
#4033=CARTESIAN_POINT('',(0.0661693216051887,-0.00582936833932469,-0.102196037278403));
#4034=CARTESIAN_POINT('',(0.0554073305806304,-0.00440390009778433,-0.106112479084121));
#4035=CARTESIAN_POINT('',(0.0643390799030444,0.00399999999999997,-0.0973819804182525));
#4036=CARTESIAN_POINT('',(0.0652748634794384,-0.00630713860229475,-0.100883374269142));
#4037=CARTESIAN_POINT('',(0.0546781598060888,-0.0053969262078591,-0.103384162269762));
#4038=CARTESIAN_POINT('',(0.0642097797596254,-0.000928834356472288,-0.115660143739496));
#4039=CARTESIAN_POINT('',(0.0643776607612132,-0.00148279568973234,-0.114138147485113));
#4040=CARTESIAN_POINT('',(0.0648900492683379,-0.00183764505596766,-0.111732681047248));
#4041=CARTESIAN_POINT('',(0.0659904104965921,-0.00109832391538542,-0.108736563040229));
#4042=CARTESIAN_POINT('',(0.0672347859886906,0.000479385141742718,-0.106135603663926));
#4043=CARTESIAN_POINT('',(0.0686684984616379,0.00381198201786227,-0.104011664185797));
#4044=CARTESIAN_POINT('',(0.0692663683426405,0.00701143768496326,-0.10361235402699));
#4045=CARTESIAN_POINT('',(0.0694937069556741,0.0086188778256745,-0.103727111682883));
#4046=CARTESIAN_POINT('',(0.0546781598060888,0.004,-0.099963960836505));
#4047=CARTESIAN_POINT('',(0.0546781598060888,0.004,-0.099963960836505));
#4048=CARTESIAN_POINT('',(0.0546781598060888,0.004,-0.099963960836505));
#4049=CARTESIAN_POINT('',(0.0295,0.004,-0.099963960836505));
#4050=CARTESIAN_POINT('',(0.0043218401939112,0.004,-0.099963960836505));
#4051=CARTESIAN_POINT('',(-0.00533907990304439,0.00399999999999997,-0.0973819804182525));
#4052=CARTESIAN_POINT('',(-0.00627486347943845,-0.00630713860229476,-0.100883374269142));
#4053=CARTESIAN_POINT('',(0.00432184019391122,-0.00539692620785911,-0.103384162269762));
#4054=CARTESIAN_POINT('',(-0.00570366529029661,0.00499302611007806,-0.0987461388254433));
#4055=CARTESIAN_POINT('',(-0.00716932160508442,-0.00582936833924943,-0.102196037278581));
#4056=CARTESIAN_POINT('',(0.00359266941940249,-0.00440390009780561,-0.106112479084062));
#4057=CARTESIAN_POINT('',(-0.00701928345471705,0.00686436903988713,-0.101316875047291));
#4058=CARTESIAN_POINT('',(-0.00949923254413232,-0.00512359364112058,-0.104135137324748));
#4059=CARTESIAN_POINT('',(0.000961433090563655,-0.00253255716795409,-0.111253951527886));
#4060=CARTESIAN_POINT('',(-0.00927513210315451,0.00817682021868846,-0.103119840036227));
#4061=CARTESIAN_POINT('',(-0.0116147764810742,-0.00494432055715443,-0.10462768607522));
#4062=CARTESIAN_POINT('',(-0.00355026420630021,-0.00122010598918175,-0.114859881505699));
#4063=CARTESIAN_POINT('',(-0.0105388731479457,0.00863537027398497,-0.103749767997545));
#4064=CARTESIAN_POINT('',(-0.0125068102129512,-0.0049068223642722,-0.104730711513205));
#4065=CARTESIAN_POINT('',(-0.0060777462958913,-0.000761555933874111,-0.116119737428347));
#4066=CARTESIAN_POINT('',(-0.0104937069556741,0.00861887782567449,-0.103727111682883));
#4067=CARTESIAN_POINT('',(-0.0102664227286192,0.00701182223118706,-0.103612381480344));
#4068=CARTESIAN_POINT('',(-0.00966473194767697,0.00379708623633943,-0.104015470821445));
#4069=CARTESIAN_POINT('',(-0.00823180189733932,0.000474927895439156,-0.106141047132961));
#4070=CARTESIAN_POINT('',(-0.00698844623434674,-0.001100196136756,-0.108741317838246));
#4071=CARTESIAN_POINT('',(-0.00588934378868824,-0.00183726253839762,-0.111735689549255));
#4072=CARTESIAN_POINT('',(-0.00537753731351584,-0.00148238834613542,-0.114139266652447));
#4073=CARTESIAN_POINT('',(-0.0052097797596254,-0.000928834356472287,-0.115660143739496));
#4074=CARTESIAN_POINT('',(0.0043218401939112,0.004,-0.099963960836505));
#4075=CARTESIAN_POINT('',(0.0043218401939112,0.004,-0.099963960836505));
#4076=CARTESIAN_POINT('',(0.0586083230867162,-0.00519270192919758,-0.1098));
#4077=CARTESIAN_POINT('',(0.074,0.0194339811320566,-0.1098));
#4078=CARTESIAN_POINT('',(0.079,0.0274339811320566,-0.1098));
#4079=CARTESIAN_POINT('',(0.079,0.0274339811320566,-0.1098));
#4080=CARTESIAN_POINT('',(0.079,0.0274339811320566,-0.1098));
#4081=CARTESIAN_POINT('',(0.0714805519535366,0.00596888312565856,-0.108190667524324));
#4082=CARTESIAN_POINT('',(0.071938471979107,0.00670155516657129,-0.104961198139002));
#4083=CARTESIAN_POINT('',(0.0694937069556741,0.00861887782567446,-0.103727111682883));
#4084=CARTESIAN_POINT('',(0.0735671310730207,0.00930740971683315,-0.109243946267426));
#4085=CARTESIAN_POINT('',(0.0740112293073617,0.0100179668917805,-0.105508169700295));
#4086=CARTESIAN_POINT('',(0.0708847597019251,0.0119574044168602,-0.104429297511558));
#4087=CARTESIAN_POINT('',(0.0759026407693267,0.0130442252309228,-0.109800000000061));
#4088=CARTESIAN_POINT('',(0.0762527864517937,0.0136044583231027,-0.105419743971835));
#4089=CARTESIAN_POINT('',(0.0724417661661727,0.0156942199309613,-0.1048));
#4090=CARTESIAN_POINT('',(0.0782399915200255,0.0167839864320408,-0.1098));
#4091=CARTESIAN_POINT('',(0.0782399915200255,0.0167839864320408,-0.1048));
#4092=CARTESIAN_POINT('',(0.074,0.0194339811320567,-0.1048));
#4093=CARTESIAN_POINT('',(0.0672405604335112,0.0086188778256745,-0.108190667524324));
#4094=CARTESIAN_POINT('',(0.079,0.0274339811320566,-0.1048));
#4095=CARTESIAN_POINT('',(0.079,0.0274339811320566,-0.14));
#4096=CARTESIAN_POINT('',(0.0694937069556741,0.0086188778256745,-0.103727111682883));
#4097=CARTESIAN_POINT('',(0.0719384719791071,0.00670155516657132,-0.104961198139002));
#4098=CARTESIAN_POINT('',(0.0714805519535366,0.0059688831256586,-0.108190667524324));
#4099=CARTESIAN_POINT('',(0.0693958953664923,0.00792728269209936,-0.103677737630038));
#4100=CARTESIAN_POINT('',(0.0716157798096929,0.00618524769547653,-0.105023536724391));
#4101=CARTESIAN_POINT('',(0.0712427359677735,0.00558837754843767,-0.108070621022621));
#4102=CARTESIAN_POINT('',(0.0691734554338109,0.00654198408093229,-0.103697845907908));
#4103=CARTESIAN_POINT('',(0.0709827851616661,0.00517245625868002,-0.105190389536151));
#4104=CARTESIAN_POINT('',(0.0707641510980996,0.00482264175695935,-0.107879871692391));
#4105=CARTESIAN_POINT('',(0.0687084573011355,0.00445105687245344,-0.104094331014281));
#4106=CARTESIAN_POINT('',(0.0700348612204547,0.00365577795272375,-0.1056024998076));
#4107=CARTESIAN_POINT('',(0.0700404841226134,0.00366477459618132,-0.107769288011923));
#4108=CARTESIAN_POINT('',(0.0680123840017093,0.00226603807990429,-0.104982985156784));
#4109=CARTESIAN_POINT('',(0.0690468634976305,0.00207498159620979,-0.106297114131377));
#4110=CARTESIAN_POINT('',(0.0692929724570804,0.00246875593132859,-0.107929225705099));
#4111=CARTESIAN_POINT('',(0.0670171134854271,0.000201586222875593,-0.106588958620591));
#4112=CARTESIAN_POINT('',(0.0680867798515405,0.000538847762464362,-0.107511700847116));
#4113=CARTESIAN_POINT('',(0.0686162028357649,0.00138592453722379,-0.108593175062999));
#4114=CARTESIAN_POINT('',(0.0659342058056925,-0.00117171475260859,-0.108849874795954));
#4115=CARTESIAN_POINT('',(0.0673864389366813,-0.000581697701308987,-0.109295452650751));
#4116=CARTESIAN_POINT('',(0.0682111970305116,0.000737915248818537,-0.109829798973245));
#4117=CARTESIAN_POINT('',(0.0650974404383698,-0.00167072902796348,-0.111205252576411));
#4118=CARTESIAN_POINT('',(0.067036486857254,-0.00114162102839693,-0.111226830470818));
#4119=CARTESIAN_POINT('',(0.0681071719680528,0.000571475148884489,-0.111235712674265));
#4120=CARTESIAN_POINT('',(0.0645178749389559,-0.0015686098514784,-0.11349211285571));
#4121=CARTESIAN_POINT('',(0.0669275239857953,-0.00131596162271496,-0.113171536719713));
#4122=CARTESIAN_POINT('',(0.0681957686161633,0.000713229785861201,-0.112628325411279));
#4123=CARTESIAN_POINT('',(0.064287857767605,-0.00118647040385304,-0.11495229451688));
#4124=CARTESIAN_POINT('',(0.0669838265707782,-0.00122587748678303,-0.114453576731915));
#4125=CARTESIAN_POINT('',(0.0683517583907845,0.000962813425255206,-0.113519181906357));
#4126=CARTESIAN_POINT('',(0.0642097797596254,-0.000928834356472273,-0.115660143739496));
#4127=CARTESIAN_POINT('',(0.0670401464911032,-0.00113576561423492,-0.115091604781414));
#4128=CARTESIAN_POINT('',(0.0684497712796508,0.00111963404744136,-0.113950043022868));
#4129=CARTESIAN_POINT('',(0.0642097797596254,0.00376962874745726,-0.113950043022868));
#4130=CARTESIAN_POINT('',(0.079,0.0274339811320566,-0.14));
#4131=CARTESIAN_POINT('',(0.079,0.0274339811320566,-0.14));
#4132=CARTESIAN_POINT('',(0.0576759693961389,-0.0066844678341212,-0.0852276487241832));
#4133=CARTESIAN_POINT('',(0.0693872694663194,0.0120536122781676,-0.136710100716628));
#4134=CARTESIAN_POINT('',(0.0599566376934577,-0.00303539855841105,-0.14));
#4135=CARTESIAN_POINT('',(0.0723238089062753,0.0167520753820971,-0.14));
#4136=CARTESIAN_POINT('',(0.0693872694663193,0.00735514917423798,-0.138420201433257));
#4137=CARTESIAN_POINT('',(0.0722176361977971,0.00714821791647536,-0.137851662475174));
#4138=CARTESIAN_POINT('',(0.0736272609863448,0.00940361757815163,-0.136710100716628));
#4139=CARTESIAN_POINT('',(0.0696049030277765,0.00805157657084102,-0.140333619979713));
#4140=CARTESIAN_POINT('',(0.072508592531085,0.00761374804967707,-0.139495391560387));
#4141=CARTESIAN_POINT('',(0.0738448945477923,0.00975183127646771,-0.137666809989855));
#4142=CARTESIAN_POINT('',(0.0704165680996062,0.0106489048007943,-0.143716230895923));
#4143=CARTESIAN_POINT('',(0.0736542623197449,0.00944681971162516,-0.142644976088778));
#4144=CARTESIAN_POINT('',(0.0746565596196383,0.0110504953914213,-0.139358115447971));
#4145=CARTESIAN_POINT('',(0.0716874909437242,0.0147158579019168,-0.145));
#4146=CARTESIAN_POINT('',(0.0755259097276284,0.0124414555642004,-0.144488029217122));
#4147=CARTESIAN_POINT('',(0.0759274824637459,0.0130839719419934,-0.139999999999983));
#4148=CARTESIAN_POINT('',(0.0723238089062753,0.0167520753820971,-0.145));
#4149=CARTESIAN_POINT('',(0.0765638004263007,0.0141020806820812,-0.145));
#4150=CARTESIAN_POINT('',(0.0765638004263007,0.0141020806820812,-0.14));
#4151=CARTESIAN_POINT('',(-0.0104937069556741,0.0086188778256745,-0.103727111682883));
#4152=CARTESIAN_POINT('',(-0.012938471979107,0.00670155516657133,-0.104961198139002));
#4153=CARTESIAN_POINT('',(-0.0124805519535366,0.0059688831256586,-0.108190667524324));
#4154=CARTESIAN_POINT('',(-0.0118847597020241,0.0119574044168638,-0.104429297511608));
#4155=CARTESIAN_POINT('',(-0.0150112293074676,0.0100179668917393,-0.105508169700622));
#4156=CARTESIAN_POINT('',(-0.0145671310730342,0.0093074097168548,-0.109243946267426));
#4157=CARTESIAN_POINT('',(-0.0134417661662071,0.0156942199309613,-0.1048));
#4158=CARTESIAN_POINT('',(-0.0172527864518875,0.0136044583230357,-0.105419743971808));
#4159=CARTESIAN_POINT('',(-0.0169026407693366,0.0130442252309386,-0.109800000000061));
#4160=CARTESIAN_POINT('',(-0.015,0.0194339811320567,-0.1048));
#4161=CARTESIAN_POINT('',(-0.0192399915200255,0.0167839864320408,-0.1048));
#4162=CARTESIAN_POINT('',(-0.0192399915200255,0.0167839864320408,-0.1098));
#4163=CARTESIAN_POINT('',(-0.00824056043351117,0.00861887782567449,-0.108190667524324));
#4164=CARTESIAN_POINT('',(-0.015,0.0194339811320566,-0.1098));
#4165=CARTESIAN_POINT('',(-0.0124805519535366,0.00596888312565859,-0.108190667524324));
#4166=CARTESIAN_POINT('',(-0.0129384719791071,0.00670155516657131,-0.104961198139002));
#4167=CARTESIAN_POINT('',(-0.0104937069556741,0.00861887782567448,-0.103727111682883));
#4168=CARTESIAN_POINT('',(-0.0122427359677753,0.00558837754844049,-0.108070621022614));
#4169=CARTESIAN_POINT('',(-0.0126157798096867,0.00618524769548781,-0.105023536724375));
#4170=CARTESIAN_POINT('',(-0.0103958953664855,0.00792728269211103,-0.103677737630034));
#4171=CARTESIAN_POINT('',(-0.0117641510980988,0.00482264175695805,-0.107879871692394));
#4172=CARTESIAN_POINT('',(-0.0119827851616689,0.005172456258675,-0.105190389536158));
#4173=CARTESIAN_POINT('',(-0.010173455433814,0.00654198408092689,-0.103697845907909));
#4174=CARTESIAN_POINT('',(-0.0110404841226135,0.00366477459618168,-0.107769288011922));
#4175=CARTESIAN_POINT('',(-0.0110348612204539,0.00365577795272505,-0.105602499807598));
#4176=CARTESIAN_POINT('',(-0.00970845730113465,0.00445105687245492,-0.104094331014281));
#4177=CARTESIAN_POINT('',(-0.0102929724570803,0.00246875593132849,-0.1079292257051));
#4178=CARTESIAN_POINT('',(-0.0100468634976307,0.00207498159620947,-0.106297114131378));
#4179=CARTESIAN_POINT('',(-0.00901238400170963,0.00226603807990389,-0.104982985156784));
#4180=CARTESIAN_POINT('',(-0.00961620283576487,0.00138592453722379,-0.108593175062999));
#4181=CARTESIAN_POINT('',(-0.0090867798515403,0.000538847762464358,-0.107511700847116));
#4182=CARTESIAN_POINT('',(-0.0080171134854266,0.00020158622287575,-0.106588958620591));
#4183=CARTESIAN_POINT('',(-0.00921119703051163,0.000737915248818608,-0.109829798973244));
#4184=CARTESIAN_POINT('',(-0.00838643893668201,-0.000581697701308592,-0.109295452650751));
#4185=CARTESIAN_POINT('',(-0.00693420580569421,-0.00117171475260881,-0.108849874795953));
#4186=CARTESIAN_POINT('',(-0.00910717196805257,0.000571475148884114,-0.111235712674266));
#4187=CARTESIAN_POINT('',(-0.00803648685725118,-0.00114162102839879,-0.111226830470819));
#4188=CARTESIAN_POINT('',(-0.006097440438363,-0.00167072902796286,-0.111205252576412));
#4189=CARTESIAN_POINT('',(-0.00919576861616411,0.000713229785862568,-0.112628325411275));
#4190=CARTESIAN_POINT('',(-0.00792752398580614,-0.00131596162270764,-0.113171536719708));
#4191=CARTESIAN_POINT('',(-0.00551787493898105,-0.0015686098514807,-0.113492112855704));
#4192=CARTESIAN_POINT('',(-0.00935175839078265,0.000962813425252245,-0.113519181906367));
#4193=CARTESIAN_POINT('',(-0.00798382657075408,-0.00122587748679908,-0.114453576731929));
#4194=CARTESIAN_POINT('',(-0.00528785776755059,-0.00118647040384809,-0.114952294516894));
#4195=CARTESIAN_POINT('',(-0.00944977127965084,0.00111963404744135,-0.113950043022868));
#4196=CARTESIAN_POINT('',(-0.00804014649110319,-0.00113576561423489,-0.115091604781414));
#4197=CARTESIAN_POINT('',(-0.00520977975962543,-0.000928834356472263,-0.115660143739496));
#4198=CARTESIAN_POINT('',(-0.0052097797596254,0.00376962874745726,-0.113950043022868));
#4199=CARTESIAN_POINT('',(0.000391676913283863,-0.00519270192919757,-0.1098));
#4200=CARTESIAN_POINT('',(-0.02,0.0274339811320566,-0.1098));
#4201=CARTESIAN_POINT('',(-0.0043155305615542,0.00233883003054332,-0.110018955856362));
#4202=CARTESIAN_POINT('',(-0.0103872694663193,0.0120536122781676,-0.136710100716628));
#4203=CARTESIAN_POINT('',(-0.02,0.0274339811320566,-0.1098));
#4204=CARTESIAN_POINT('',(-0.02,0.0274339811320566,-0.1098));
#4205=CARTESIAN_POINT('',(-0.0146272609863448,0.00940361757815164,-0.136710100716628));
#4206=CARTESIAN_POINT('',(-0.0132176361977971,0.00714821791647537,-0.137851662475174));
#4207=CARTESIAN_POINT('',(-0.0103872694663193,0.00735514917423798,-0.138420201433257));
#4208=CARTESIAN_POINT('',(-0.01484489454779,0.00975183127646398,-0.137666809989855));
#4209=CARTESIAN_POINT('',(-0.0135085925310531,0.00761374804968179,-0.13949539156039));
#4210=CARTESIAN_POINT('',(-0.0106049030277638,0.00805157657084113,-0.140333619979713));
#4211=CARTESIAN_POINT('',(-0.0156565596196408,0.0110504953914252,-0.139358115447971));
#4212=CARTESIAN_POINT('',(-0.0146542623197623,0.00944681971162401,-0.142644976088764));
#4213=CARTESIAN_POINT('',(-0.0114165680996159,0.0106489048007957,-0.143716230895923));
#4214=CARTESIAN_POINT('',(-0.0169274824637433,0.0130839719419893,-0.139999999999983));
#4215=CARTESIAN_POINT('',(-0.0165259097276263,0.0124414555641961,-0.144488029217148));
#4216=CARTESIAN_POINT('',(-0.0126874909437175,0.0147158579019139,-0.145));
#4217=CARTESIAN_POINT('',(-0.0175638004263007,0.0141020806820812,-0.14));
#4218=CARTESIAN_POINT('',(-0.0175638004263007,0.0141020806820812,-0.145));
#4219=CARTESIAN_POINT('',(-0.0133238089062753,0.0167520753820971,-0.145));
#4220=CARTESIAN_POINT('',(-0.0133238089062753,0.0167520753820971,-0.14));
#4221=CARTESIAN_POINT('',(-0.02,0.0274339811320566,-0.1048));
#4222=CARTESIAN_POINT('',(-0.02,0.0274339811320566,-0.14));
#4223=CARTESIAN_POINT('',(-0.000956637693457718,-0.00303539855841106,-0.14));
#4224=CARTESIAN_POINT('',(-0.02,0.0274339811320566,-0.14));
#4225=CARTESIAN_POINT('',(-0.02,0.0274339811320566,-0.14));
#4226=MECHANICAL_DESIGN_GEOMETRIC_PRESENTATION_REPRESENTATION('',(#2264),
#4227);
#4227=(
GEOMETRIC_REPRESENTATION_CONTEXT(3)
GLOBAL_UNCERTAINTY_ASSIGNED_CONTEXT((#4228))
GLOBAL_UNIT_ASSIGNED_CONTEXT((#4231,#4230,#4229))
REPRESENTATION_CONTEXT('Part 1','TOP_LEVEL_ASSEMBLY_PART')
);
#4228=UNCERTAINTY_MEASURE_WITH_UNIT(LENGTH_MEASURE(4.78767885744807E-5),
#4231,'DISTANCE_ACCURACY_VALUE','Maximum Tolerance applied to model');
#4229=(
NAMED_UNIT(*)
SI_UNIT($,.STERADIAN.)
SOLID_ANGLE_UNIT()
);
#4230=(
NAMED_UNIT(*)
PLANE_ANGLE_UNIT()
SI_UNIT($,.RADIAN.)
);
#4231=(
LENGTH_UNIT()
NAMED_UNIT(*)
SI_UNIT($,.METRE.)
);
#4232=PRODUCT_DEFINITION_SHAPE('','',#4233);
#4233=PRODUCT_DEFINITION('','',#4235,#4234);
#4234=PRODUCT_DEFINITION_CONTEXT('',#4241,'design');
#4235=PRODUCT_DEFINITION_FORMATION_WITH_SPECIFIED_SOURCE('','',#4237,
 .NOT_KNOWN.);
#4236=PRODUCT_RELATED_PRODUCT_CATEGORY('','',(#4237));
#4237=PRODUCT('Part 1','Part 1','Part 1',(#4239));
#4238=PRODUCT_CATEGORY('','');
#4239=PRODUCT_CONTEXT('',#4241,'mechanical');
#4240=APPLICATION_PROTOCOL_DEFINITION('international standard',
'ap242_managed_model_based_3d_engineering',2020,#4241);
#4241=APPLICATION_CONTEXT('managed model based 3d engineering');
ENDSEC;
END-ISO-10303-21;
